L_DeepFemoral Dose (GY),L_DeepFemoral Value (% of 6257.420 cc),R_AnteriorTib Dose (GY),R_AnteriorTib Value (% of 1757.430 cc),Pancreas Dose (GY),Pancreas Value (% of 130.338 cc),S_int Dose (GY),S_int Value (% of 1243.680 cc),R_InterIliac Dose (GY),R_InterIliac Value (% of 2573.600 cc),L_kidney Dose (GY),L_kidney Value (% of 157.826 cc),L_InterIliac Dose (GY),L_InterIliac Value (% of 2379.790 cc),L_Arm Region Dose (GY),L_Arm Region Value (% of 1130.360 cc),Stomach Dose (GY),Stomach Value (% of 282.378 cc),Lung_L Dose (GY),Lung_L Value (% of 1465.720 cc),Spleen Dose (GY),Spleen Value (% of 154.925 cc),R_DeepFemoral Dose (GY),R_DeepFemoral Value (% of 6326.200 cc),L_PostTib Dose (GY),L_PostTib Value (% of 1849.890 cc),Liver Dose (GY),Liver Value (% of 1799.800 cc),L_int Dose (GY),L_int Value (% of 832.318 cc),R_PostTib Dose (GY),R_PostTib Value (% of 1682.120 cc),L_heart Dose (GY),L_heart Value (% of 165.893 cc),L_AnteriorTib Dose (GY),L_AnteriorTib Value (% of 1738.620 cc),Brain Dose (GY),Brain Value (% of 1283.830 cc),R_Arm Region Dose (GY),R_Arm Region Value (% of 1075.460 cc),R_Heart Dose (GY),R_Heart Value (% of 148.363 cc),Lung_R Dose (GY),Lung_R Value (% of 1467.440 cc),R_Kidney Dose (GY),R_Kidney Value (% of 154.739 cc),
0.000000,100.000000,0.000000,100.000000,0.000000,100.000000,0.000000,100.000000,0.000000,100.000000,0.000000,100.000000,0.000000,100.000000,0.000000,100.000000,0.000000,100.000000,0.000000,100.000000,0.000000,100.000000,0.000000,100.000000,0.000000,100.000000,0.000000,100.000000,0.000000,100.000000,0.000000,100.000000,0.000000,100.000000,0.000000,100.000000,0.000000,100.000000,0.000000,100.000000,0.000000,100.000000,0.000000,100.000000,0.000000,100.000000,
0.100000,0.002002,0.100000,0.000000,0.100000,100.000000,0.100000,100.000000,0.100000,60.754778,0.100000,100.000000,0.100000,64.669609,0.100000,100.000000,0.100000,100.000000,0.100000,26.787321,0.100000,100.000000,0.100000,0.000000,0.100000,0.000839,0.100000,99.869851,0.100000,100.000000,0.100000,0.000000,0.100000,63.942398,0.100000,0.000000,0.100000,0.000000,0.100000,100.000000,0.100000,68.705563,0.100000,23.197598,0.100000,100.000000,
0.300000,0.000000,0.300000,0.000000,0.300000,100.000000,0.300000,100.000000,0.300000,43.987149,0.300000,100.000000,0.300000,46.729331,0.300000,99.975297,0.300000,100.000000,0.300000,5.019844,0.300000,100.000000,0.300000,0.000000,0.300000,0.000839,0.300000,90.586187,0.300000,100.000000,0.300000,0.000000,0.300000,5.741537,0.300000,0.000000,0.300000,0.000000,0.300000,99.982691,0.300000,8.782936,0.300000,3.384921,0.300000,100.000000,
0.500000,0.000000,0.500000,0.000000,0.500000,100.000000,0.500000,100.000000,0.500000,38.110824,0.500000,100.000000,0.500000,35.875340,0.500000,99.553982,0.500000,89.056749,0.500000,1.297560,0.500000,96.275158,0.500000,0.000000,0.500000,0.000839,0.500000,81.922238,0.500000,100.000000,0.500000,0.000000,0.500000,0.000000,0.500000,0.000000,0.500000,0.000000,0.500000,99.832679,0.500000,0.690088,0.500000,1.630090,0.500000,100.000000,
0.700000,0.000000,0.700000,0.000000,0.700000,100.000000,0.700000,100.000000,0.700000,25.885005,0.700000,100.000000,0.700000,23.484932,0.700000,97.489947,0.700000,76.047904,0.700000,0.256125,0.700000,90.938220,0.700000,0.000000,0.700000,0.000839,0.700000,74.514097,0.700000,99.985556,0.700000,0.000000,0.700000,0.000000,0.700000,0.000000,0.700000,0.000000,0.700000,99.035022,0.700000,0.000000,0.700000,0.872130,0.700000,100.000000,
0.900000,0.000000,0.900000,0.000000,0.900000,100.000000,0.900000,99.956032,0.900000,16.282406,0.900000,100.000000,0.900000,15.231831,0.900000,94.904415,0.900000,14.854694,0.900000,0.000000,0.900000,58.906579,0.900000,0.000000,0.900000,0.000839,0.900000,46.705338,0.900000,97.056137,0.900000,0.000000,0.900000,0.000000,0.900000,0.000000,0.900000,0.000000,0.900000,96.404050,0.900000,0.000000,0.900000,0.000000,0.900000,100.000000,
1.100000,0.000000,1.100000,0.000000,1.100000,76.469888,1.100000,97.601236,1.100000,10.070342,1.100000,95.527816,1.100000,10.960895,1.100000,91.167469,1.100000,0.000000,1.100000,0.000000,1.100000,12.686492,1.100000,0.000000,1.100000,0.000839,1.100000,24.324907,1.100000,91.127176,1.100000,0.000000,1.100000,0.000000,1.100000,0.000000,1.100000,0.000000,1.100000,92.450381,1.100000,0.000000,1.100000,0.000000,1.100000,100.000000,
1.300000,0.000000,1.300000,0.000000,1.300000,41.811473,1.300000,81.605371,1.300000,5.546615,1.300000,66.532337,1.300000,6.714730,1.300000,87.344065,1.300000,0.000000,1.300000,0.000000,1.300000,3.995194,1.300000,0.000000,1.300000,0.000839,1.300000,8.944932,1.300000,73.548337,1.300000,0.000000,1.300000,0.000000,1.300000,0.000000,1.300000,0.000000,1.300000,87.413455,1.300000,0.000000,1.300000,0.000000,1.300000,99.548872,
1.500000,0.000000,1.500000,0.000000,1.500000,15.234468,1.500000,68.278940,1.500000,2.581629,1.500000,43.139375,1.500000,3.098906,1.500000,81.441530,1.500000,0.000000,1.500000,0.000000,1.500000,0.570742,1.500000,0.000000,1.500000,0.000839,1.500000,3.559700,1.500000,56.618798,1.500000,0.000000,1.500000,0.000000,1.500000,0.000000,1.500000,0.000000,1.500000,79.729691,1.500000,0.000000,1.500000,0.000000,1.500000,73.192982,
1.700000,0.000000,1.700000,0.000000,1.700000,3.487265,1.700000,58.416488,1.700000,0.798057,1.700000,28.405740,1.700000,0.569719,1.700000,72.805248,1.700000,0.000000,1.700000,0.000000,1.700000,0.000000,1.700000,0.000000,1.700000,0.000839,1.700000,0.928280,1.700000,44.759477,1.700000,0.000000,1.700000,0.000000,1.700000,0.000000,1.700000,0.000000,1.700000,71.235287,1.700000,0.000000,1.700000,0.000000,1.700000,50.686717,
1.900000,0.000000,1.900000,0.000000,1.900000,0.000000,1.900000,46.196435,1.900000,0.022302,1.900000,11.529389,1.900000,0.076267,1.900000,59.976395,1.900000,0.000000,1.900000,0.000000,1.900000,0.000000,1.900000,0.000000,1.900000,0.000839,1.900000,0.006895,1.900000,31.162868,1.900000,0.000000,1.900000,0.000000,1.900000,0.000000,1.900000,0.000000,1.900000,55.178283,1.900000,0.000000,1.900000,0.000000,1.900000,17.473684,
2.100000,0.000000,2.100000,0.000000,2.100000,0.000000,2.100000,2.132304,2.100000,0.004822,2.100000,0.000000,2.100000,0.043022,2.100000,30.474700,2.100000,0.000000,2.100000,0.000000,2.100000,0.000000,2.100000,0.000000,2.100000,0.000839,2.100000,0.000000,2.100000,0.256971,2.100000,0.000000,2.100000,0.000000,2.100000,0.000000,2.100000,0.000000,2.100000,20.004904,2.100000,0.000000,2.100000,0.000000,2.100000,0.000000,
2.300000,0.000000,2.300000,0.000000,2.300000,0.000000,2.300000,0.000000,2.300000,0.003014,2.300000,0.000000,2.300000,0.019556,2.300000,3.354056,2.300000,0.000000,2.300000,0.000000,2.300000,0.000000,2.300000,0.000000,2.300000,0.000839,2.300000,0.000000,2.300000,0.000000,2.300000,0.000000,2.300000,0.000000,2.300000,0.000000,2.300000,0.000000,2.300000,2.163628,2.300000,0.000000,2.300000,0.000000,2.300000,0.000000,
2.500000,0.000000,2.500000,0.000000,2.500000,0.000000,2.500000,0.000000,2.500000,0.001206,2.500000,0.000000,2.500000,0.010430,2.500000,0.623053,2.500000,0.000000,2.500000,0.000000,2.500000,0.000000,2.500000,0.000000,2.500000,0.000839,2.500000,0.000000,2.500000,0.000000,2.500000,0.000000,2.500000,0.000000,2.500000,0.000000,2.500000,0.000000,2.500000,1.373183,2.500000,0.000000,2.500000,0.000000,2.500000,0.000000,
2.700000,0.000000,2.700000,0.000000,2.700000,0.000000,2.700000,0.000000,2.700000,0.000000,2.700000,0.000000,2.700000,0.004563,2.700000,0.478955,2.700000,0.000000,2.700000,0.000000,2.700000,0.000000,2.700000,0.000000,2.700000,0.000839,2.700000,0.000000,2.700000,0.000000,2.700000,0.000000,2.700000,0.000000,2.700000,0.000000,2.700000,0.000000,2.700000,0.985172,2.700000,0.000000,2.700000,0.000000,2.700000,0.000000,
2.900000,0.000000,2.900000,0.000000,2.900000,0.000000,2.900000,0.000000,2.900000,0.000000,2.900000,0.000000,2.900000,0.000652,2.900000,0.344463,2.900000,0.000000,2.900000,0.000000,2.900000,0.000000,2.900000,0.000000,2.900000,0.000839,2.900000,0.000000,2.900000,0.000000,2.900000,0.000000,2.900000,0.000000,2.900000,0.000000,2.900000,0.000000,2.900000,0.675052,2.900000,0.000000,2.900000,0.000000,2.900000,0.000000,
3.100000,0.000000,3.100000,0.000000,3.100000,0.000000,3.100000,0.000000,3.100000,0.000000,3.100000,0.000000,3.100000,0.000000,3.100000,0.259377,3.100000,0.000000,3.100000,0.000000,3.100000,0.000000,3.100000,0.000000,3.100000,0.000839,3.100000,0.000000,3.100000,0.000000,3.100000,0.000000,3.100000,0.000000,3.100000,0.000000,3.100000,0.000000,3.100000,0.468786,3.100000,0.000000,3.100000,0.000000,3.100000,0.000000,
3.300000,0.000000,3.300000,0.000000,3.300000,0.000000,3.300000,0.000000,3.300000,0.000000,3.300000,0.000000,3.300000,0.000000,3.300000,0.189386,3.300000,0.000000,3.300000,0.000000,3.300000,0.000000,3.300000,0.000000,3.300000,0.000839,3.300000,0.000000,3.300000,0.000000,3.300000,0.000000,3.300000,0.000000,3.300000,0.000000,3.300000,0.000000,3.300000,0.308678,3.300000,0.000000,3.300000,0.000000,3.300000,0.000000,
3.500000,0.000000,3.500000,0.000000,3.500000,0.000000,3.500000,0.000000,3.500000,0.000000,3.500000,0.000000,3.500000,0.000000,3.500000,0.142726,3.500000,0.000000,3.500000,0.000000,3.500000,0.000000,3.500000,0.000000,3.500000,0.000839,3.500000,0.000000,3.500000,0.000000,3.500000,0.000000,3.500000,0.000000,3.500000,0.000000,3.500000,0.000000,3.500000,0.204823,3.500000,0.000000,3.500000,0.000000,3.500000,0.000000,
3.700000,0.000000,3.700000,0.000000,3.700000,0.000000,3.700000,0.000000,3.700000,0.000000,3.700000,0.000000,3.700000,0.000000,3.700000,0.089204,3.700000,0.000000,3.700000,0.000000,3.700000,0.000000,3.700000,0.000000,3.700000,0.000839,3.700000,0.000000,3.700000,0.000000,3.700000,0.000000,3.700000,0.000000,3.700000,0.000000,3.700000,0.000000,3.700000,0.131260,3.700000,0.000000,3.700000,0.000000,3.700000,0.000000,
3.900000,0.000000,3.900000,0.000000,3.900000,0.000000,3.900000,0.000000,3.900000,0.000000,3.900000,0.000000,3.900000,0.000000,3.900000,0.049405,3.900000,0.000000,3.900000,0.000000,3.900000,0.000000,3.900000,0.000000,3.900000,0.000839,3.900000,0.000000,3.900000,0.000000,3.900000,0.000000,3.900000,0.000000,3.900000,0.000000,3.900000,0.000000,3.900000,0.080775,3.900000,0.000000,3.900000,0.000000,3.900000,0.000000,
4.100000,0.000000,4.100000,0.000000,4.100000,0.000000,4.100000,0.000000,4.100000,0.000000,4.100000,0.000000,4.100000,0.000000,4.100000,0.030192,4.100000,0.000000,4.100000,0.000000,4.100000,0.000000,4.100000,0.000000,4.100000,0.000839,4.100000,0.000000,4.100000,0.000000,4.100000,0.000000,4.100000,0.000000,4.100000,0.000000,4.100000,0.000000,4.100000,0.041830,4.100000,0.000000,4.100000,0.000000,4.100000,0.000000,
4.300000,0.000000,4.300000,0.000000,4.300000,0.000000,4.300000,0.000000,4.300000,0.000000,4.300000,0.000000,4.300000,0.000000,4.300000,0.021958,4.300000,0.000000,4.300000,0.000000,4.300000,0.000000,4.300000,0.000000,4.300000,0.000839,4.300000,0.000000,4.300000,0.000000,4.300000,0.000000,4.300000,0.000000,4.300000,0.000000,4.300000,0.000000,4.300000,0.023079,4.300000,0.000000,4.300000,0.000000,4.300000,0.000000,
4.500000,0.000000,4.500000,0.000000,4.500000,0.000000,4.500000,0.000000,4.500000,0.000000,4.500000,0.000000,4.500000,0.000000,4.500000,0.015096,4.500000,0.000000,4.500000,0.000000,4.500000,0.000000,4.500000,0.000000,4.500000,0.000839,4.500000,0.000000,4.500000,0.000000,4.500000,0.000000,4.500000,0.000000,4.500000,0.000000,4.500000,0.000000,4.500000,0.014424,4.500000,0.000000,4.500000,0.000000,4.500000,0.000000,
4.700000,0.000000,4.700000,0.000000,4.700000,0.000000,4.700000,0.000000,4.700000,0.000000,4.700000,0.000000,4.700000,0.000000,4.700000,0.009607,4.700000,0.000000,4.700000,0.000000,4.700000,0.000000,4.700000,0.000000,4.700000,0.000839,4.700000,0.000000,4.700000,0.000000,4.700000,0.000000,4.700000,0.000000,4.700000,0.000000,4.700000,0.000000,4.700000,0.008655,4.700000,0.000000,4.700000,0.000000,4.700000,0.000000,
4.900000,0.000000,4.900000,0.000000,4.900000,0.000000,4.900000,0.000000,4.900000,0.000000,4.900000,0.000000,4.900000,0.000000,4.900000,0.004117,4.900000,0.000000,4.900000,0.000000,4.900000,0.000000,4.900000,0.000000,4.900000,0.000839,4.900000,0.000000,4.900000,0.000000,4.900000,0.000000,4.900000,0.000000,4.900000,0.000000,4.900000,0.000000,4.900000,0.001442,4.900000,0.000000,4.900000,0.000000,4.900000,0.000000,
5.100000,0.000000,5.100000,0.000000,5.100000,0.000000,5.100000,0.000000,5.100000,0.000000,5.100000,0.000000,5.100000,0.000000,5.100000,0.000000,5.100000,0.000000,5.100000,0.000000,5.100000,0.000000,5.100000,0.000000,5.100000,0.000839,5.100000,0.000000,5.100000,0.000000,5.100000,0.000000,5.100000,0.000000,5.100000,0.000000,5.100000,0.000000,5.100000,0.001442,5.100000,0.000000,5.100000,0.000000,5.100000,0.000000,
5.300000,0.000000,5.300000,0.000000,5.300000,0.000000,5.300000,0.000000,5.300000,0.000000,5.300000,0.000000,5.300000,0.000000,5.300000,0.000000,5.300000,0.000000,5.300000,0.000000,5.300000,0.000000,5.300000,0.000000,5.300000,0.000839,5.300000,0.000000,5.300000,0.000000,5.300000,0.000000,5.300000,0.000000,5.300000,0.000000,5.300000,0.000000,5.300000,0.000000,5.300000,0.000000,5.300000,0.000000,5.300000,0.000000,
5.500000,0.000000,5.500000,0.000000,5.500000,0.000000,5.500000,0.000000,5.500000,0.000000,5.500000,0.000000,5.500000,0.000000,5.500000,0.000000,5.500000,0.000000,5.500000,0.000000,5.500000,0.000000,5.500000,0.000000,5.500000,0.000839,5.500000,0.000000,5.500000,0.000000,5.500000,0.000000,5.500000,0.000000,5.500000,0.000000,5.500000,0.000000,5.500000,0.000000,5.500000,0.000000,5.500000,0.000000,5.500000,0.000000,
5.700000,0.000000,5.700000,0.000000,5.700000,0.000000,5.700000,0.000000,5.700000,0.000000,5.700000,0.000000,5.700000,0.000000,5.700000,0.000000,5.700000,0.000000,5.700000,0.000000,5.700000,0.000000,5.700000,0.000000,5.700000,0.000839,5.700000,0.000000,5.700000,0.000000,5.700000,0.000000,5.700000,0.000000,5.700000,0.000000,5.700000,0.000000,5.700000,0.000000,5.700000,0.000000,5.700000,0.000000,5.700000,0.000000,
5.900000,0.000000,5.900000,0.000000,5.900000,0.000000,5.900000,0.000000,5.900000,0.000000,5.900000,0.000000,5.900000,0.000000,5.900000,0.000000,5.900000,0.000000,5.900000,0.000000,5.900000,0.000000,5.900000,0.000000,5.900000,0.000839,5.900000,0.000000,5.900000,0.000000,5.900000,0.000000,5.900000,0.000000,5.900000,0.000000,5.900000,0.000000,5.900000,0.000000,5.900000,0.000000,5.900000,0.000000,5.900000,0.000000,
6.100000,0.000000,6.100000,0.000000,6.100000,0.000000,6.100000,0.000000,6.100000,0.000000,6.100000,0.000000,6.100000,0.000000,6.100000,0.000000,6.100000,0.000000,6.100000,0.000000,6.100000,0.000000,6.100000,0.000000,6.100000,0.000839,6.100000,0.000000,6.100000,0.000000,6.100000,0.000000,6.100000,0.000000,6.100000,0.000000,6.100000,0.000000,6.100000,0.000000,6.100000,0.000000,6.100000,0.000000,6.100000,0.000000,
6.300000,0.000000,6.300000,0.000000,6.300000,0.000000,6.300000,0.000000,6.300000,0.000000,6.300000,0.000000,6.300000,0.000000,6.300000,0.000000,6.300000,0.000000,6.300000,0.000000,6.300000,0.000000,6.300000,0.000000,6.300000,0.000839,6.300000,0.000000,6.300000,0.000000,6.300000,0.000000,6.300000,0.000000,6.300000,0.000000,6.300000,0.000000,6.300000,0.000000,6.300000,0.000000,6.300000,0.000000,6.300000,0.000000,
6.500000,0.000000,6.500000,0.000000,6.500000,0.000000,6.500000,0.000000,6.500000,0.000000,6.500000,0.000000,6.500000,0.000000,6.500000,0.000000,6.500000,0.000000,6.500000,0.000000,6.500000,0.000000,6.500000,0.000000,6.500000,0.000839,6.500000,0.000000,6.500000,0.000000,6.500000,0.000000,6.500000,0.000000,6.500000,0.000000,6.500000,0.000000,6.500000,0.000000,6.500000,0.000000,6.500000,0.000000,6.500000,0.000000,
6.700000,0.000000,6.700000,0.000000,6.700000,0.000000,6.700000,0.000000,6.700000,0.000000,6.700000,0.000000,6.700000,0.000000,6.700000,0.000000,6.700000,0.000000,6.700000,0.000000,6.700000,0.000000,6.700000,0.000000,6.700000,0.000839,6.700000,0.000000,6.700000,0.000000,6.700000,0.000000,6.700000,0.000000,6.700000,0.000000,6.700000,0.000000,6.700000,0.000000,6.700000,0.000000,6.700000,0.000000,6.700000,0.000000,
6.900000,0.000000,6.900000,0.000000,6.900000,0.000000,6.900000,0.000000,6.900000,0.000000,6.900000,0.000000,6.900000,0.000000,6.900000,0.000000,6.900000,0.000000,6.900000,0.000000,6.900000,0.000000,6.900000,0.000000,6.900000,0.000839,6.900000,0.000000,6.900000,0.000000,6.900000,0.000000,6.900000,0.000000,6.900000,0.000000,6.900000,0.000000,6.900000,0.000000,6.900000,0.000000,6.900000,0.000000,6.900000,0.000000,
7.100000,0.000000,7.100000,0.000000,7.100000,0.000000,7.100000,0.000000,7.100000,0.000000,7.100000,0.000000,7.100000,0.000000,7.100000,0.000000,7.100000,0.000000,7.100000,0.000000,7.100000,0.000000,7.100000,0.000000,7.100000,0.000839,7.100000,0.000000,7.100000,0.000000,7.100000,0.000000,7.100000,0.000000,7.100000,0.000000,7.100000,0.000000,7.100000,0.000000,7.100000,0.000000,7.100000,0.000000,7.100000,0.000000,
7.300000,0.000000,7.300000,0.000000,7.300000,0.000000,7.300000,0.000000,7.300000,0.000000,7.300000,0.000000,7.300000,0.000000,7.300000,0.000000,7.300000,0.000000,7.300000,0.000000,7.300000,0.000000,7.300000,0.000000,7.300000,0.000839,7.300000,0.000000,7.300000,0.000000,7.300000,0.000000,7.300000,0.000000,7.300000,0.000000,7.300000,0.000000,7.300000,0.000000,7.300000,0.000000,7.300000,0.000000,7.300000,0.000000,
7.500000,0.000000,7.500000,0.000000,7.500000,0.000000,7.500000,0.000000,7.500000,0.000000,7.500000,0.000000,7.500000,0.000000,7.500000,0.000000,7.500000,0.000000,7.500000,0.000000,7.500000,0.000000,7.500000,0.000000,7.500000,0.000839,7.500000,0.000000,7.500000,0.000000,7.500000,0.000000,7.500000,0.000000,7.500000,0.000000,7.500000,0.000000,7.500000,0.000000,7.500000,0.000000,7.500000,0.000000,7.500000,0.000000,
7.700000,0.000000,7.700000,0.000000,7.700000,0.000000,7.700000,0.000000,7.700000,0.000000,7.700000,0.000000,7.700000,0.000000,7.700000,0.000000,7.700000,0.000000,7.700000,0.000000,7.700000,0.000000,7.700000,0.000000,7.700000,0.000839,7.700000,0.000000,7.700000,0.000000,7.700000,0.000000,7.700000,0.000000,7.700000,0.000000,7.700000,0.000000,7.700000,0.000000,7.700000,0.000000,7.700000,0.000000,7.700000,0.000000,
7.900000,0.000000,7.900000,0.000000,7.900000,0.000000,7.900000,0.000000,7.900000,0.000000,7.900000,0.000000,7.900000,0.000000,7.900000,0.000000,7.900000,0.000000,7.900000,0.000000,7.900000,0.000000,7.900000,0.000000,7.900000,0.000839,7.900000,0.000000,7.900000,0.000000,7.900000,0.000000,7.900000,0.000000,7.900000,0.000000,7.900000,0.000000,7.900000,0.000000,7.900000,0.000000,7.900000,0.000000,7.900000,0.000000,
8.100000,0.000000,8.100000,0.000000,8.100000,0.000000,8.100000,0.000000,8.100000,0.000000,8.100000,0.000000,8.100000,0.000000,8.100000,0.000000,8.100000,0.000000,8.100000,0.000000,8.100000,0.000000,8.100000,0.000000,8.100000,0.000839,8.100000,0.000000,8.100000,0.000000,8.100000,0.000000,8.100000,0.000000,8.100000,0.000000,8.100000,0.000000,8.100000,0.000000,8.100000,0.000000,8.100000,0.000000,8.100000,0.000000,
8.300000,0.000000,8.300000,0.000000,8.300000,0.000000,8.300000,0.000000,8.300000,0.000000,8.300000,0.000000,8.300000,0.000000,8.300000,0.000000,8.300000,0.000000,8.300000,0.000000,8.300000,0.000000,8.300000,0.000000,8.300000,0.000839,8.300000,0.000000,8.300000,0.000000,8.300000,0.000000,8.300000,0.000000,8.300000,0.000000,8.300000,0.000000,8.300000,0.000000,8.300000,0.000000,8.300000,0.000000,8.300000,0.000000,
8.500000,0.000000,8.500000,0.000000,8.500000,0.000000,8.500000,0.000000,8.500000,0.000000,8.500000,0.000000,8.500000,0.000000,8.500000,0.000000,8.500000,0.000000,8.500000,0.000000,8.500000,0.000000,8.500000,0.000000,8.500000,0.000839,8.500000,0.000000,8.500000,0.000000,8.500000,0.000000,8.500000,0.000000,8.500000,0.000000,8.500000,0.000000,8.500000,0.000000,8.500000,0.000000,8.500000,0.000000,8.500000,0.000000,
8.700000,0.000000,8.700000,0.000000,8.700000,0.000000,8.700000,0.000000,8.700000,0.000000,8.700000,0.000000,8.700000,0.000000,8.700000,0.000000,8.700000,0.000000,8.700000,0.000000,8.700000,0.000000,8.700000,0.000000,8.700000,0.000839,8.700000,0.000000,8.700000,0.000000,8.700000,0.000000,8.700000,0.000000,8.700000,0.000000,8.700000,0.000000,8.700000,0.000000,8.700000,0.000000,8.700000,0.000000,8.700000,0.000000,
8.900000,0.000000,8.900000,0.000000,8.900000,0.000000,8.900000,0.000000,8.900000,0.000000,8.900000,0.000000,8.900000,0.000000,8.900000,0.000000,8.900000,0.000000,8.900000,0.000000,8.900000,0.000000,8.900000,0.000000,8.900000,0.000839,8.900000,0.000000,8.900000,0.000000,8.900000,0.000000,8.900000,0.000000,8.900000,0.000000,8.900000,0.000000,8.900000,0.000000,8.900000,0.000000,8.900000,0.000000,8.900000,0.000000,
9.100000,0.000000,9.100000,0.000000,9.100000,0.000000,9.100000,0.000000,9.100000,0.000000,9.100000,0.000000,9.100000,0.000000,9.100000,0.000000,9.100000,0.000000,9.100000,0.000000,9.100000,0.000000,9.100000,0.000000,9.100000,0.000839,9.100000,0.000000,9.100000,0.000000,9.100000,0.000000,9.100000,0.000000,9.100000,0.000000,9.100000,0.000000,9.100000,0.000000,9.100000,0.000000,9.100000,0.000000,9.100000,0.000000,
9.300000,0.000000,9.300000,0.000000,9.300000,0.000000,9.300000,0.000000,9.300000,0.000000,9.300000,0.000000,9.300000,0.000000,9.300000,0.000000,9.300000,0.000000,9.300000,0.000000,9.300000,0.000000,9.300000,0.000000,9.300000,0.000839,9.300000,0.000000,9.300000,0.000000,9.300000,0.000000,9.300000,0.000000,9.300000,0.000000,9.300000,0.000000,9.300000,0.000000,9.300000,0.000000,9.300000,0.000000,9.300000,0.000000,
9.500000,0.000000,9.500000,0.000000,9.500000,0.000000,9.500000,0.000000,9.500000,0.000000,9.500000,0.000000,9.500000,0.000000,9.500000,0.000000,9.500000,0.000000,9.500000,0.000000,9.500000,0.000000,9.500000,0.000000,9.500000,0.000839,9.500000,0.000000,9.500000,0.000000,9.500000,0.000000,9.500000,0.000000,9.500000,0.000000,9.500000,0.000000,9.500000,0.000000,9.500000,0.000000,9.500000,0.000000,9.500000,0.000000,
9.700000,0.000000,9.700000,0.000000,9.700000,0.000000,9.700000,0.000000,9.700000,0.000000,9.700000,0.000000,9.700000,0.000000,9.700000,0.000000,9.700000,0.000000,9.700000,0.000000,9.700000,0.000000,9.700000,0.000000,9.700000,0.000839,9.700000,0.000000,9.700000,0.000000,9.700000,0.000000,9.700000,0.000000,9.700000,0.000000,9.700000,0.000000,9.700000,0.000000,9.700000,0.000000,9.700000,0.000000,9.700000,0.000000,
9.900000,0.000000,9.900000,0.000000,9.900000,0.000000,9.900000,0.000000,9.900000,0.000000,9.900000,0.000000,9.900000,0.000000,9.900000,0.000000,9.900000,0.000000,9.900000,0.000000,9.900000,0.000000,9.900000,0.000000,9.900000,0.000839,9.900000,0.000000,9.900000,0.000000,9.900000,0.000000,9.900000,0.000000,9.900000,0.000000,9.900000,0.000000,9.900000,0.000000,9.900000,0.000000,9.900000,0.000000,9.900000,0.000000,
10.100000,0.000000,10.100000,0.000000,10.100000,0.000000,10.100000,0.000000,10.100000,0.000000,10.100000,0.000000,10.100000,0.000000,10.100000,0.000000,10.100000,0.000000,10.100000,0.000000,10.100000,0.000000,10.100000,0.000000,10.100000,0.000839,10.100000,0.000000,10.100000,0.000000,10.100000,0.000000,10.100000,0.000000,10.100000,0.000000,10.100000,0.000000,10.100000,0.000000,10.100000,0.000000,10.100000,0.000000,10.100000,0.000000,
10.300000,0.000000,10.300000,0.000000,10.300000,0.000000,10.300000,0.000000,10.300000,0.000000,10.300000,0.000000,10.300000,0.000000,10.300000,0.000000,10.300000,0.000000,10.300000,0.000000,10.300000,0.000000,10.300000,0.000000,10.300000,0.000839,10.300000,0.000000,10.300000,0.000000,10.300000,0.000000,10.300000,0.000000,10.300000,0.000000,10.300000,0.000000,10.300000,0.000000,10.300000,0.000000,10.300000,0.000000,10.300000,0.000000,
10.500000,0.000000,10.500000,0.000000,10.500000,0.000000,10.500000,0.000000,10.500000,0.000000,10.500000,0.000000,10.500000,0.000000,10.500000,0.000000,10.500000,0.000000,10.500000,0.000000,10.500000,0.000000,10.500000,0.000000,10.500000,0.000839,10.500000,0.000000,10.500000,0.000000,10.500000,0.000000,10.500000,0.000000,10.500000,0.000000,10.500000,0.000000,10.500000,0.000000,10.500000,0.000000,10.500000,0.000000,10.500000,0.000000,
10.700000,0.000000,10.700000,0.000000,10.700000,0.000000,10.700000,0.000000,10.700000,0.000000,10.700000,0.000000,10.700000,0.000000,10.700000,0.000000,10.700000,0.000000,10.700000,0.000000,10.700000,0.000000,10.700000,0.000000,10.700000,0.000839,10.700000,0.000000,10.700000,0.000000,10.700000,0.000000,10.700000,0.000000,10.700000,0.000000,10.700000,0.000000,10.700000,0.000000,10.700000,0.000000,10.700000,0.000000,10.700000,0.000000,
10.900000,0.000000,10.900000,0.000000,10.900000,0.000000,10.900000,0.000000,10.900000,0.000000,10.900000,0.000000,10.900000,0.000000,10.900000,0.000000,10.900000,0.000000,10.900000,0.000000,10.900000,0.000000,10.900000,0.000000,10.900000,0.000839,10.900000,0.000000,10.900000,0.000000,10.900000,0.000000,10.900000,0.000000,10.900000,0.000000,10.900000,0.000000,10.900000,0.000000,10.900000,0.000000,10.900000,0.000000,10.900000,0.000000,
11.100000,0.000000,11.100000,0.000000,11.100000,0.000000,11.100000,0.000000,11.100000,0.000000,11.100000,0.000000,11.100000,0.000000,11.100000,0.000000,11.100000,0.000000,11.100000,0.000000,11.100000,0.000000,11.100000,0.000000,11.100000,0.000839,11.100000,0.000000,11.100000,0.000000,11.100000,0.000000,11.100000,0.000000,11.100000,0.000000,11.100000,0.000000,11.100000,0.000000,11.100000,0.000000,11.100000,0.000000,11.100000,0.000000,
11.300000,0.000000,11.300000,0.000000,11.300000,0.000000,11.300000,0.000000,11.300000,0.000000,11.300000,0.000000,11.300000,0.000000,11.300000,0.000000,11.300000,0.000000,11.300000,0.000000,11.300000,0.000000,11.300000,0.000000,11.300000,0.000839,11.300000,0.000000,11.300000,0.000000,11.300000,0.000000,11.300000,0.000000,11.300000,0.000000,11.300000,0.000000,11.300000,0.000000,11.300000,0.000000,11.300000,0.000000,11.300000,0.000000,
11.500000,0.000000,11.500000,0.000000,11.500000,0.000000,11.500000,0.000000,11.500000,0.000000,11.500000,0.000000,11.500000,0.000000,11.500000,0.000000,11.500000,0.000000,11.500000,0.000000,11.500000,0.000000,11.500000,0.000000,11.500000,0.000839,11.500000,0.000000,11.500000,0.000000,11.500000,0.000000,11.500000,0.000000,11.500000,0.000000,11.500000,0.000000,11.500000,0.000000,11.500000,0.000000,11.500000,0.000000,11.500000,0.000000,
11.700000,0.000000,11.700000,0.000000,11.700000,0.000000,11.700000,0.000000,11.700000,0.000000,11.700000,0.000000,11.700000,0.000000,11.700000,0.000000,11.700000,0.000000,11.700000,0.000000,11.700000,0.000000,11.700000,0.000000,11.700000,0.000839,11.700000,0.000000,11.700000,0.000000,11.700000,0.000000,11.700000,0.000000,11.700000,0.000000,11.700000,0.000000,11.700000,0.000000,11.700000,0.000000,11.700000,0.000000,11.700000,0.000000,
11.900000,0.000000,11.900000,0.000000,11.900000,0.000000,11.900000,0.000000,11.900000,0.000000,11.900000,0.000000,11.900000,0.000000,11.900000,0.000000,11.900000,0.000000,11.900000,0.000000,11.900000,0.000000,11.900000,0.000000,11.900000,0.000839,11.900000,0.000000,11.900000,0.000000,11.900000,0.000000,11.900000,0.000000,11.900000,0.000000,11.900000,0.000000,11.900000,0.000000,11.900000,0.000000,11.900000,0.000000,11.900000,0.000000,
12.100000,0.000000,12.100000,0.000000,12.100000,0.000000,12.100000,0.000000,12.100000,0.000000,12.100000,0.000000,12.100000,0.000000,12.100000,0.000000,12.100000,0.000000,12.100000,0.000000,12.100000,0.000000,12.100000,0.000000,12.100000,0.000839,12.100000,0.000000,12.100000,0.000000,12.100000,0.000000,12.100000,0.000000,12.100000,0.000000,12.100000,0.000000,12.100000,0.000000,12.100000,0.000000,12.100000,0.000000,12.100000,0.000000,
12.300000,0.000000,12.300000,0.000000,12.300000,0.000000,12.300000,0.000000,12.300000,0.000000,12.300000,0.000000,12.300000,0.000000,12.300000,0.000000,12.300000,0.000000,12.300000,0.000000,12.300000,0.000000,12.300000,0.000000,12.300000,0.000839,12.300000,0.000000,12.300000,0.000000,12.300000,0.000000,12.300000,0.000000,12.300000,0.000000,12.300000,0.000000,12.300000,0.000000,12.300000,0.000000,12.300000,0.000000,12.300000,0.000000,
12.500000,0.000000,12.500000,0.000000,12.500000,0.000000,12.500000,0.000000,12.500000,0.000000,12.500000,0.000000,12.500000,0.000000,12.500000,0.000000,12.500000,0.000000,12.500000,0.000000,12.500000,0.000000,12.500000,0.000000,12.500000,0.000839,12.500000,0.000000,12.500000,0.000000,12.500000,0.000000,12.500000,0.000000,12.500000,0.000000,12.500000,0.000000,12.500000,0.000000,12.500000,0.000000,12.500000,0.000000,12.500000,0.000000,
12.700000,0.000000,12.700000,0.000000,12.700000,0.000000,12.700000,0.000000,12.700000,0.000000,12.700000,0.000000,12.700000,0.000000,12.700000,0.000000,12.700000,0.000000,12.700000,0.000000,12.700000,0.000000,12.700000,0.000000,12.700000,0.000839,12.700000,0.000000,12.700000,0.000000,12.700000,0.000000,12.700000,0.000000,12.700000,0.000000,12.700000,0.000000,12.700000,0.000000,12.700000,0.000000,12.700000,0.000000,12.700000,0.000000,
12.900000,0.000000,12.900000,0.000000,12.900000,0.000000,12.900000,0.000000,12.900000,0.000000,12.900000,0.000000,12.900000,0.000000,12.900000,0.000000,12.900000,0.000000,12.900000,0.000000,12.900000,0.000000,12.900000,0.000000,12.900000,0.000839,12.900000,0.000000,12.900000,0.000000,12.900000,0.000000,12.900000,0.000000,12.900000,0.000000,12.900000,0.000000,12.900000,0.000000,12.900000,0.000000,12.900000,0.000000,12.900000,0.000000,
13.100000,0.000000,13.100000,0.000000,13.100000,0.000000,13.100000,0.000000,13.100000,0.000000,13.100000,0.000000,13.100000,0.000000,13.100000,0.000000,13.100000,0.000000,13.100000,0.000000,13.100000,0.000000,13.100000,0.000000,13.100000,0.000839,13.100000,0.000000,13.100000,0.000000,13.100000,0.000000,13.100000,0.000000,13.100000,0.000000,13.100000,0.000000,13.100000,0.000000,13.100000,0.000000,13.100000,0.000000,13.100000,0.000000,
13.300000,0.000000,13.300000,0.000000,13.300000,0.000000,13.300000,0.000000,13.300000,0.000000,13.300000,0.000000,13.300000,0.000000,13.300000,0.000000,13.300000,0.000000,13.300000,0.000000,13.300000,0.000000,13.300000,0.000000,13.300000,0.000839,13.300000,0.000000,13.300000,0.000000,13.300000,0.000000,13.300000,0.000000,13.300000,0.000000,13.300000,0.000000,13.300000,0.000000,13.300000,0.000000,13.300000,0.000000,13.300000,0.000000,
13.500000,0.000000,13.500000,0.000000,13.500000,0.000000,13.500000,0.000000,13.500000,0.000000,13.500000,0.000000,13.500000,0.000000,13.500000,0.000000,13.500000,0.000000,13.500000,0.000000,13.500000,0.000000,13.500000,0.000000,13.500000,0.000839,13.500000,0.000000,13.500000,0.000000,13.500000,0.000000,13.500000,0.000000,13.500000,0.000000,13.500000,0.000000,13.500000,0.000000,13.500000,0.000000,13.500000,0.000000,13.500000,0.000000,
13.700000,0.000000,13.700000,0.000000,13.700000,0.000000,13.700000,0.000000,13.700000,0.000000,13.700000,0.000000,13.700000,0.000000,13.700000,0.000000,13.700000,0.000000,13.700000,0.000000,13.700000,0.000000,13.700000,0.000000,13.700000,0.000839,13.700000,0.000000,13.700000,0.000000,13.700000,0.000000,13.700000,0.000000,13.700000,0.000000,13.700000,0.000000,13.700000,0.000000,13.700000,0.000000,13.700000,0.000000,13.700000,0.000000,
13.900000,0.000000,13.900000,0.000000,13.900000,0.000000,13.900000,0.000000,13.900000,0.000000,13.900000,0.000000,13.900000,0.000000,13.900000,0.000000,13.900000,0.000000,13.900000,0.000000,13.900000,0.000000,13.900000,0.000000,13.900000,0.000839,13.900000,0.000000,13.900000,0.000000,13.900000,0.000000,13.900000,0.000000,13.900000,0.000000,13.900000,0.000000,13.900000,0.000000,13.900000,0.000000,13.900000,0.000000,13.900000,0.000000,
14.100000,0.000000,14.100000,0.000000,14.100000,0.000000,14.100000,0.000000,14.100000,0.000000,14.100000,0.000000,14.100000,0.000000,14.100000,0.000000,14.100000,0.000000,14.100000,0.000000,14.100000,0.000000,14.100000,0.000000,14.100000,0.000839,14.100000,0.000000,14.100000,0.000000,14.100000,0.000000,14.100000,0.000000,14.100000,0.000000,14.100000,0.000000,14.100000,0.000000,14.100000,0.000000,14.100000,0.000000,14.100000,0.000000,
14.300000,0.000000,14.300000,0.000000,14.300000,0.000000,14.300000,0.000000,14.300000,0.000000,14.300000,0.000000,14.300000,0.000000,14.300000,0.000000,14.300000,0.000000,14.300000,0.000000,14.300000,0.000000,14.300000,0.000000,14.300000,0.000839,14.300000,0.000000,14.300000,0.000000,14.300000,0.000000,14.300000,0.000000,14.300000,0.000000,14.300000,0.000000,14.300000,0.000000,14.300000,0.000000,14.300000,0.000000,14.300000,0.000000,
14.500000,0.000000,14.500000,0.000000,14.500000,0.000000,14.500000,0.000000,14.500000,0.000000,14.500000,0.000000,14.500000,0.000000,14.500000,0.000000,14.500000,0.000000,14.500000,0.000000,14.500000,0.000000,14.500000,0.000000,14.500000,0.000839,14.500000,0.000000,14.500000,0.000000,14.500000,0.000000,14.500000,0.000000,14.500000,0.000000,14.500000,0.000000,14.500000,0.000000,14.500000,0.000000,14.500000,0.000000,14.500000,0.000000,
14.700000,0.000000,14.700000,0.000000,14.700000,0.000000,14.700000,0.000000,14.700000,0.000000,14.700000,0.000000,14.700000,0.000000,14.700000,0.000000,14.700000,0.000000,14.700000,0.000000,14.700000,0.000000,14.700000,0.000000,14.700000,0.000839,14.700000,0.000000,14.700000,0.000000,14.700000,0.000000,14.700000,0.000000,14.700000,0.000000,14.700000,0.000000,14.700000,0.000000,14.700000,0.000000,14.700000,0.000000,14.700000,0.000000,
14.900000,0.000000,14.900000,0.000000,14.900000,0.000000,14.900000,0.000000,14.900000,0.000000,14.900000,0.000000,14.900000,0.000000,14.900000,0.000000,14.900000,0.000000,14.900000,0.000000,14.900000,0.000000,14.900000,0.000000,14.900000,0.000839,14.900000,0.000000,14.900000,0.000000,14.900000,0.000000,14.900000,0.000000,14.900000,0.000000,14.900000,0.000000,14.900000,0.000000,14.900000,0.000000,14.900000,0.000000,14.900000,0.000000,
15.100000,0.000000,15.100000,0.000000,15.100000,0.000000,15.100000,0.000000,15.100000,0.000000,15.100000,0.000000,15.100000,0.000000,15.100000,0.000000,15.100000,0.000000,15.100000,0.000000,15.100000,0.000000,15.100000,0.000000,15.100000,0.000839,15.100000,0.000000,15.100000,0.000000,15.100000,0.000000,15.100000,0.000000,15.100000,0.000000,15.100000,0.000000,15.100000,0.000000,15.100000,0.000000,15.100000,0.000000,15.100000,0.000000,
15.300000,0.000000,15.300000,0.000000,15.300000,0.000000,15.300000,0.000000,15.300000,0.000000,15.300000,0.000000,15.300000,0.000000,15.300000,0.000000,15.300000,0.000000,15.300000,0.000000,15.300000,0.000000,15.300000,0.000000,15.300000,0.000839,15.300000,0.000000,15.300000,0.000000,15.300000,0.000000,15.300000,0.000000,15.300000,0.000000,15.300000,0.000000,15.300000,0.000000,15.300000,0.000000,15.300000,0.000000,15.300000,0.000000,
15.500000,0.000000,15.500000,0.000000,15.500000,0.000000,15.500000,0.000000,15.500000,0.000000,15.500000,0.000000,15.500000,0.000000,15.500000,0.000000,15.500000,0.000000,15.500000,0.000000,15.500000,0.000000,15.500000,0.000000,15.500000,0.000839,15.500000,0.000000,15.500000,0.000000,15.500000,0.000000,15.500000,0.000000,15.500000,0.000000,15.500000,0.000000,15.500000,0.000000,15.500000,0.000000,15.500000,0.000000,15.500000,0.000000,
15.700000,0.000000,15.700000,0.000000,15.700000,0.000000,15.700000,0.000000,15.700000,0.000000,15.700000,0.000000,15.700000,0.000000,15.700000,0.000000,15.700000,0.000000,15.700000,0.000000,15.700000,0.000000,15.700000,0.000000,15.700000,0.000839,15.700000,0.000000,15.700000,0.000000,15.700000,0.000000,15.700000,0.000000,15.700000,0.000000,15.700000,0.000000,15.700000,0.000000,15.700000,0.000000,15.700000,0.000000,15.700000,0.000000,
15.900000,0.000000,15.900000,0.000000,15.900000,0.000000,15.900000,0.000000,15.900000,0.000000,15.900000,0.000000,15.900000,0.000000,15.900000,0.000000,15.900000,0.000000,15.900000,0.000000,15.900000,0.000000,15.900000,0.000000,15.900000,0.000839,15.900000,0.000000,15.900000,0.000000,15.900000,0.000000,15.900000,0.000000,15.900000,0.000000,15.900000,0.000000,15.900000,0.000000,15.900000,0.000000,15.900000,0.000000,15.900000,0.000000,
16.100000,0.000000,16.100000,0.000000,16.100000,0.000000,16.100000,0.000000,16.100000,0.000000,16.100000,0.000000,16.100000,0.000000,16.100000,0.000000,16.100000,0.000000,16.100000,0.000000,16.100000,0.000000,16.100000,0.000000,16.100000,0.000839,16.100000,0.000000,16.100000,0.000000,16.100000,0.000000,16.100000,0.000000,16.100000,0.000000,16.100000,0.000000,16.100000,0.000000,16.100000,0.000000,16.100000,0.000000,16.100000,0.000000,
16.300000,0.000000,16.300000,0.000000,16.300000,0.000000,16.300000,0.000000,16.300000,0.000000,16.300000,0.000000,16.300000,0.000000,16.300000,0.000000,16.300000,0.000000,16.300000,0.000000,16.300000,0.000000,16.300000,0.000000,16.300000,0.000839,16.300000,0.000000,16.300000,0.000000,16.300000,0.000000,16.300000,0.000000,16.300000,0.000000,16.300000,0.000000,16.300000,0.000000,16.300000,0.000000,16.300000,0.000000,16.300000,0.000000,
16.500000,0.000000,16.500000,0.000000,16.500000,0.000000,16.500000,0.000000,16.500000,0.000000,16.500000,0.000000,16.500000,0.000000,16.500000,0.000000,16.500000,0.000000,16.500000,0.000000,16.500000,0.000000,16.500000,0.000000,16.500000,0.000839,16.500000,0.000000,16.500000,0.000000,16.500000,0.000000,16.500000,0.000000,16.500000,0.000000,16.500000,0.000000,16.500000,0.000000,16.500000,0.000000,16.500000,0.000000,16.500000,0.000000,
16.700000,0.000000,16.700000,0.000000,16.700000,0.000000,16.700000,0.000000,16.700000,0.000000,16.700000,0.000000,16.700000,0.000000,16.700000,0.000000,16.700000,0.000000,16.700000,0.000000,16.700000,0.000000,16.700000,0.000000,16.700000,0.000839,16.700000,0.000000,16.700000,0.000000,16.700000,0.000000,16.700000,0.000000,16.700000,0.000000,16.700000,0.000000,16.700000,0.000000,16.700000,0.000000,16.700000,0.000000,16.700000,0.000000,
16.900000,0.000000,16.900000,0.000000,16.900000,0.000000,16.900000,0.000000,16.900000,0.000000,16.900000,0.000000,16.900000,0.000000,16.900000,0.000000,16.900000,0.000000,16.900000,0.000000,16.900000,0.000000,16.900000,0.000000,16.900000,0.000839,16.900000,0.000000,16.900000,0.000000,16.900000,0.000000,16.900000,0.000000,16.900000,0.000000,16.900000,0.000000,16.900000,0.000000,16.900000,0.000000,16.900000,0.000000,16.900000,0.000000,
17.100000,0.000000,17.100000,0.000000,17.100000,0.000000,17.100000,0.000000,17.100000,0.000000,17.100000,0.000000,17.100000,0.000000,17.100000,0.000000,17.100000,0.000000,17.100000,0.000000,17.100000,0.000000,17.100000,0.000000,17.100000,0.000839,17.100000,0.000000,17.100000,0.000000,17.100000,0.000000,17.100000,0.000000,17.100000,0.000000,17.100000,0.000000,17.100000,0.000000,17.100000,0.000000,17.100000,0.000000,17.100000,0.000000,
17.300000,0.000000,17.300000,0.000000,17.300000,0.000000,17.300000,0.000000,17.300000,0.000000,17.300000,0.000000,17.300000,0.000000,17.300000,0.000000,17.300000,0.000000,17.300000,0.000000,17.300000,0.000000,17.300000,0.000000,17.300000,0.000839,17.300000,0.000000,17.300000,0.000000,17.300000,0.000000,17.300000,0.000000,17.300000,0.000000,17.300000,0.000000,17.300000,0.000000,17.300000,0.000000,17.300000,0.000000,17.300000,0.000000,
17.500000,0.000000,17.500000,0.000000,17.500000,0.000000,17.500000,0.000000,17.500000,0.000000,17.500000,0.000000,17.500000,0.000000,17.500000,0.000000,17.500000,0.000000,17.500000,0.000000,17.500000,0.000000,17.500000,0.000000,17.500000,0.000839,17.500000,0.000000,17.500000,0.000000,17.500000,0.000000,17.500000,0.000000,17.500000,0.000000,17.500000,0.000000,17.500000,0.000000,17.500000,0.000000,17.500000,0.000000,17.500000,0.000000,
17.700000,0.000000,17.700000,0.000000,17.700000,0.000000,17.700000,0.000000,17.700000,0.000000,17.700000,0.000000,17.700000,0.000000,17.700000,0.000000,17.700000,0.000000,17.700000,0.000000,17.700000,0.000000,17.700000,0.000000,17.700000,0.000839,17.700000,0.000000,17.700000,0.000000,17.700000,0.000000,17.700000,0.000000,17.700000,0.000000,17.700000,0.000000,17.700000,0.000000,17.700000,0.000000,17.700000,0.000000,17.700000,0.000000,
17.900000,0.000000,17.900000,0.000000,17.900000,0.000000,17.900000,0.000000,17.900000,0.000000,17.900000,0.000000,17.900000,0.000000,17.900000,0.000000,17.900000,0.000000,17.900000,0.000000,17.900000,0.000000,17.900000,0.000000,17.900000,0.000839,17.900000,0.000000,17.900000,0.000000,17.900000,0.000000,17.900000,0.000000,17.900000,0.000000,17.900000,0.000000,17.900000,0.000000,17.900000,0.000000,17.900000,0.000000,17.900000,0.000000,
18.100000,0.000000,18.100000,0.000000,18.100000,0.000000,18.100000,0.000000,18.100000,0.000000,18.100000,0.000000,18.100000,0.000000,18.100000,0.000000,18.100000,0.000000,18.100000,0.000000,18.100000,0.000000,18.100000,0.000000,18.100000,0.000839,18.100000,0.000000,18.100000,0.000000,18.100000,0.000000,18.100000,0.000000,18.100000,0.000000,18.100000,0.000000,18.100000,0.000000,18.100000,0.000000,18.100000,0.000000,18.100000,0.000000,
18.300000,0.000000,18.300000,0.000000,18.300000,0.000000,18.300000,0.000000,18.300000,0.000000,18.300000,0.000000,18.300000,0.000000,18.300000,0.000000,18.300000,0.000000,18.300000,0.000000,18.300000,0.000000,18.300000,0.000000,18.300000,0.000839,18.300000,0.000000,18.300000,0.000000,18.300000,0.000000,18.300000,0.000000,18.300000,0.000000,18.300000,0.000000,18.300000,0.000000,18.300000,0.000000,18.300000,0.000000,18.300000,0.000000,
18.500000,0.000000,18.500000,0.000000,18.500000,0.000000,18.500000,0.000000,18.500000,0.000000,18.500000,0.000000,18.500000,0.000000,18.500000,0.000000,18.500000,0.000000,18.500000,0.000000,18.500000,0.000000,18.500000,0.000000,18.500000,0.000839,18.500000,0.000000,18.500000,0.000000,18.500000,0.000000,18.500000,0.000000,18.500000,0.000000,18.500000,0.000000,18.500000,0.000000,18.500000,0.000000,18.500000,0.000000,18.500000,0.000000,
18.700000,0.000000,18.700000,0.000000,18.700000,0.000000,18.700000,0.000000,18.700000,0.000000,18.700000,0.000000,18.700000,0.000000,18.700000,0.000000,18.700000,0.000000,18.700000,0.000000,18.700000,0.000000,18.700000,0.000000,18.700000,0.000839,18.700000,0.000000,18.700000,0.000000,18.700000,0.000000,18.700000,0.000000,18.700000,0.000000,18.700000,0.000000,18.700000,0.000000,18.700000,0.000000,18.700000,0.000000,18.700000,0.000000,
18.900000,0.000000,18.900000,0.000000,18.900000,0.000000,18.900000,0.000000,18.900000,0.000000,18.900000,0.000000,18.900000,0.000000,18.900000,0.000000,18.900000,0.000000,18.900000,0.000000,18.900000,0.000000,18.900000,0.000000,18.900000,0.000839,18.900000,0.000000,18.900000,0.000000,18.900000,0.000000,18.900000,0.000000,18.900000,0.000000,18.900000,0.000000,18.900000,0.000000,18.900000,0.000000,18.900000,0.000000,18.900000,0.000000,
19.100000,0.000000,19.100000,0.000000,19.100000,0.000000,19.100000,0.000000,19.100000,0.000000,19.100000,0.000000,19.100000,0.000000,19.100000,0.000000,19.100000,0.000000,19.100000,0.000000,19.100000,0.000000,19.100000,0.000000,19.100000,0.000839,19.100000,0.000000,19.100000,0.000000,19.100000,0.000000,19.100000,0.000000,19.100000,0.000000,19.100000,0.000000,19.100000,0.000000,19.100000,0.000000,19.100000,0.000000,19.100000,0.000000,
19.300000,0.000000,19.300000,0.000000,19.300000,0.000000,19.300000,0.000000,19.300000,0.000000,19.300000,0.000000,19.300000,0.000000,19.300000,0.000000,19.300000,0.000000,19.300000,0.000000,19.300000,0.000000,19.300000,0.000000,19.300000,0.000839,19.300000,0.000000,19.300000,0.000000,19.300000,0.000000,19.300000,0.000000,19.300000,0.000000,19.300000,0.000000,19.300000,0.000000,19.300000,0.000000,19.300000,0.000000,19.300000,0.000000,
19.500000,0.000000,19.500000,0.000000,19.500000,0.000000,19.500000,0.000000,19.500000,0.000000,19.500000,0.000000,19.500000,0.000000,19.500000,0.000000,19.500000,0.000000,19.500000,0.000000,19.500000,0.000000,19.500000,0.000000,19.500000,0.000839,19.500000,0.000000,19.500000,0.000000,19.500000,0.000000,19.500000,0.000000,19.500000,0.000000,19.500000,0.000000,19.500000,0.000000,19.500000,0.000000,19.500000,0.000000,19.500000,0.000000,
19.700000,0.000000,19.700000,0.000000,19.700000,0.000000,19.700000,0.000000,19.700000,0.000000,19.700000,0.000000,19.700000,0.000000,19.700000,0.000000,19.700000,0.000000,19.700000,0.000000,19.700000,0.000000,19.700000,0.000000,19.700000,0.000839,19.700000,0.000000,19.700000,0.000000,19.700000,0.000000,19.700000,0.000000,19.700000,0.000000,19.700000,0.000000,19.700000,0.000000,19.700000,0.000000,19.700000,0.000000,19.700000,0.000000,
19.900000,0.000000,19.900000,0.000000,19.900000,0.000000,19.900000,0.000000,19.900000,0.000000,19.900000,0.000000,19.900000,0.000000,19.900000,0.000000,19.900000,0.000000,19.900000,0.000000,19.900000,0.000000,19.900000,0.000000,19.900000,0.000839,19.900000,0.000000,19.900000,0.000000,19.900000,0.000000,19.900000,0.000000,19.900000,0.000000,19.900000,0.000000,19.900000,0.000000,19.900000,0.000000,19.900000,0.000000,19.900000,0.000000,
20.100000,0.000000,20.100000,0.000000,20.100000,0.000000,20.100000,0.000000,20.100000,0.000000,20.100000,0.000000,20.100000,0.000000,20.100000,0.000000,20.100000,0.000000,20.100000,0.000000,20.100000,0.000000,20.100000,0.000000,20.100000,0.000839,20.100000,0.000000,20.100000,0.000000,20.100000,0.000000,20.100000,0.000000,20.100000,0.000000,20.100000,0.000000,20.100000,0.000000,20.100000,0.000000,20.100000,0.000000,20.100000,0.000000,
20.300000,0.000000,20.300000,0.000000,20.300000,0.000000,20.300000,0.000000,20.300000,0.000000,20.300000,0.000000,20.300000,0.000000,20.300000,0.000000,20.300000,0.000000,20.300000,0.000000,20.300000,0.000000,20.300000,0.000000,20.300000,0.000839,20.300000,0.000000,20.300000,0.000000,20.300000,0.000000,20.300000,0.000000,20.300000,0.000000,20.300000,0.000000,20.300000,0.000000,20.300000,0.000000,20.300000,0.000000,20.300000,0.000000,
20.500000,0.000000,20.500000,0.000000,20.500000,0.000000,20.500000,0.000000,20.500000,0.000000,20.500000,0.000000,20.500000,0.000000,20.500000,0.000000,20.500000,0.000000,20.500000,0.000000,20.500000,0.000000,20.500000,0.000000,20.500000,0.000839,20.500000,0.000000,20.500000,0.000000,20.500000,0.000000,20.500000,0.000000,20.500000,0.000000,20.500000,0.000000,20.500000,0.000000,20.500000,0.000000,20.500000,0.000000,20.500000,0.000000,
20.700000,0.000000,20.700000,0.000000,20.700000,0.000000,20.700000,0.000000,20.700000,0.000000,20.700000,0.000000,20.700000,0.000000,20.700000,0.000000,20.700000,0.000000,20.700000,0.000000,20.700000,0.000000,20.700000,0.000000,20.700000,0.000839,20.700000,0.000000,20.700000,0.000000,20.700000,0.000000,20.700000,0.000000,20.700000,0.000000,20.700000,0.000000,20.700000,0.000000,20.700000,0.000000,20.700000,0.000000,20.700000,0.000000,
20.900000,0.000000,20.900000,0.000000,20.900000,0.000000,20.900000,0.000000,20.900000,0.000000,20.900000,0.000000,20.900000,0.000000,20.900000,0.000000,20.900000,0.000000,20.900000,0.000000,20.900000,0.000000,20.900000,0.000000,20.900000,0.000839,20.900000,0.000000,20.900000,0.000000,20.900000,0.000000,20.900000,0.000000,20.900000,0.000000,20.900000,0.000000,20.900000,0.000000,20.900000,0.000000,20.900000,0.000000,20.900000,0.000000,
21.100000,0.000000,21.100000,0.000000,21.100000,0.000000,21.100000,0.000000,21.100000,0.000000,21.100000,0.000000,21.100000,0.000000,21.100000,0.000000,21.100000,0.000000,21.100000,0.000000,21.100000,0.000000,21.100000,0.000000,21.100000,0.000839,21.100000,0.000000,21.100000,0.000000,21.100000,0.000000,21.100000,0.000000,21.100000,0.000000,21.100000,0.000000,21.100000,0.000000,21.100000,0.000000,21.100000,0.000000,21.100000,0.000000,
21.300000,0.000000,21.300000,0.000000,21.300000,0.000000,21.300000,0.000000,21.300000,0.000000,21.300000,0.000000,21.300000,0.000000,21.300000,0.000000,21.300000,0.000000,21.300000,0.000000,21.300000,0.000000,21.300000,0.000000,21.300000,0.000839,21.300000,0.000000,21.300000,0.000000,21.300000,0.000000,21.300000,0.000000,21.300000,0.000000,21.300000,0.000000,21.300000,0.000000,21.300000,0.000000,21.300000,0.000000,21.300000,0.000000,
21.500000,0.000000,21.500000,0.000000,21.500000,0.000000,21.500000,0.000000,21.500000,0.000000,21.500000,0.000000,21.500000,0.000000,21.500000,0.000000,21.500000,0.000000,21.500000,0.000000,21.500000,0.000000,21.500000,0.000000,21.500000,0.000839,21.500000,0.000000,21.500000,0.000000,21.500000,0.000000,21.500000,0.000000,21.500000,0.000000,21.500000,0.000000,21.500000,0.000000,21.500000,0.000000,21.500000,0.000000,21.500000,0.000000,
21.700000,0.000000,21.700000,0.000000,21.700000,0.000000,21.700000,0.000000,21.700000,0.000000,21.700000,0.000000,21.700000,0.000000,21.700000,0.000000,21.700000,0.000000,21.700000,0.000000,21.700000,0.000000,21.700000,0.000000,21.700000,0.000839,21.700000,0.000000,21.700000,0.000000,21.700000,0.000000,21.700000,0.000000,21.700000,0.000000,21.700000,0.000000,21.700000,0.000000,21.700000,0.000000,21.700000,0.000000,21.700000,0.000000,
21.900000,0.000000,21.900000,0.000000,21.900000,0.000000,21.900000,0.000000,21.900000,0.000000,21.900000,0.000000,21.900000,0.000000,21.900000,0.000000,21.900000,0.000000,21.900000,0.000000,21.900000,0.000000,21.900000,0.000000,21.900000,0.000839,21.900000,0.000000,21.900000,0.000000,21.900000,0.000000,21.900000,0.000000,21.900000,0.000000,21.900000,0.000000,21.900000,0.000000,21.900000,0.000000,21.900000,0.000000,21.900000,0.000000,
22.100000,0.000000,22.100000,0.000000,22.100000,0.000000,22.100000,0.000000,22.100000,0.000000,22.100000,0.000000,22.100000,0.000000,22.100000,0.000000,22.100000,0.000000,22.100000,0.000000,22.100000,0.000000,22.100000,0.000000,22.100000,0.000839,22.100000,0.000000,22.100000,0.000000,22.100000,0.000000,22.100000,0.000000,22.100000,0.000000,22.100000,0.000000,22.100000,0.000000,22.100000,0.000000,22.100000,0.000000,22.100000,0.000000,
22.300000,0.000000,22.300000,0.000000,22.300000,0.000000,22.300000,0.000000,22.300000,0.000000,22.300000,0.000000,22.300000,0.000000,22.300000,0.000000,22.300000,0.000000,22.300000,0.000000,22.300000,0.000000,22.300000,0.000000,22.300000,0.000839,22.300000,0.000000,22.300000,0.000000,22.300000,0.000000,22.300000,0.000000,22.300000,0.000000,22.300000,0.000000,22.300000,0.000000,22.300000,0.000000,22.300000,0.000000,22.300000,0.000000,
22.500000,0.000000,22.500000,0.000000,22.500000,0.000000,22.500000,0.000000,22.500000,0.000000,22.500000,0.000000,22.500000,0.000000,22.500000,0.000000,22.500000,0.000000,22.500000,0.000000,22.500000,0.000000,22.500000,0.000000,22.500000,0.000839,22.500000,0.000000,22.500000,0.000000,22.500000,0.000000,22.500000,0.000000,22.500000,0.000000,22.500000,0.000000,22.500000,0.000000,22.500000,0.000000,22.500000,0.000000,22.500000,0.000000,
22.700000,0.000000,22.700000,0.000000,22.700000,0.000000,22.700000,0.000000,22.700000,0.000000,22.700000,0.000000,22.700000,0.000000,22.700000,0.000000,22.700000,0.000000,22.700000,0.000000,22.700000,0.000000,22.700000,0.000000,22.700000,0.000839,22.700000,0.000000,22.700000,0.000000,22.700000,0.000000,22.700000,0.000000,22.700000,0.000000,22.700000,0.000000,22.700000,0.000000,22.700000,0.000000,22.700000,0.000000,22.700000,0.000000,
22.900000,0.000000,22.900000,0.000000,22.900000,0.000000,22.900000,0.000000,22.900000,0.000000,22.900000,0.000000,22.900000,0.000000,22.900000,0.000000,22.900000,0.000000,22.900000,0.000000,22.900000,0.000000,22.900000,0.000000,22.900000,0.000839,22.900000,0.000000,22.900000,0.000000,22.900000,0.000000,22.900000,0.000000,22.900000,0.000000,22.900000,0.000000,22.900000,0.000000,22.900000,0.000000,22.900000,0.000000,22.900000,0.000000,
23.100000,0.000000,23.100000,0.000000,23.100000,0.000000,23.100000,0.000000,23.100000,0.000000,23.100000,0.000000,23.100000,0.000000,23.100000,0.000000,23.100000,0.000000,23.100000,0.000000,23.100000,0.000000,23.100000,0.000000,23.100000,0.000839,23.100000,0.000000,23.100000,0.000000,23.100000,0.000000,23.100000,0.000000,23.100000,0.000000,23.100000,0.000000,23.100000,0.000000,23.100000,0.000000,23.100000,0.000000,23.100000,0.000000,
23.300000,0.000000,23.300000,0.000000,23.300000,0.000000,23.300000,0.000000,23.300000,0.000000,23.300000,0.000000,23.300000,0.000000,23.300000,0.000000,23.300000,0.000000,23.300000,0.000000,23.300000,0.000000,23.300000,0.000000,23.300000,0.000839,23.300000,0.000000,23.300000,0.000000,23.300000,0.000000,23.300000,0.000000,23.300000,0.000000,23.300000,0.000000,23.300000,0.000000,23.300000,0.000000,23.300000,0.000000,23.300000,0.000000,
23.500000,0.000000,23.500000,0.000000,23.500000,0.000000,23.500000,0.000000,23.500000,0.000000,23.500000,0.000000,23.500000,0.000000,23.500000,0.000000,23.500000,0.000000,23.500000,0.000000,23.500000,0.000000,23.500000,0.000000,23.500000,0.000839,23.500000,0.000000,23.500000,0.000000,23.500000,0.000000,23.500000,0.000000,23.500000,0.000000,23.500000,0.000000,23.500000,0.000000,23.500000,0.000000,23.500000,0.000000,23.500000,0.000000,
23.700000,0.000000,23.700000,0.000000,23.700000,0.000000,23.700000,0.000000,23.700000,0.000000,23.700000,0.000000,23.700000,0.000000,23.700000,0.000000,23.700000,0.000000,23.700000,0.000000,23.700000,0.000000,23.700000,0.000000,23.700000,0.000839,23.700000,0.000000,23.700000,0.000000,23.700000,0.000000,23.700000,0.000000,23.700000,0.000000,23.700000,0.000000,23.700000,0.000000,23.700000,0.000000,23.700000,0.000000,23.700000,0.000000,
23.900000,0.000000,23.900000,0.000000,23.900000,0.000000,23.900000,0.000000,23.900000,0.000000,23.900000,0.000000,23.900000,0.000000,23.900000,0.000000,23.900000,0.000000,23.900000,0.000000,23.900000,0.000000,23.900000,0.000000,23.900000,0.000839,23.900000,0.000000,23.900000,0.000000,23.900000,0.000000,23.900000,0.000000,23.900000,0.000000,23.900000,0.000000,23.900000,0.000000,23.900000,0.000000,23.900000,0.000000,23.900000,0.000000,
24.100000,0.000000,24.100000,0.000000,24.100000,0.000000,24.100000,0.000000,24.100000,0.000000,24.100000,0.000000,24.100000,0.000000,24.100000,0.000000,24.100000,0.000000,24.100000,0.000000,24.100000,0.000000,24.100000,0.000000,24.100000,0.000839,24.100000,0.000000,24.100000,0.000000,24.100000,0.000000,24.100000,0.000000,24.100000,0.000000,24.100000,0.000000,24.100000,0.000000,24.100000,0.000000,24.100000,0.000000,24.100000,0.000000,
24.300000,0.000000,24.300000,0.000000,24.300000,0.000000,24.300000,0.000000,24.300000,0.000000,24.300000,0.000000,24.300000,0.000000,24.300000,0.000000,24.300000,0.000000,24.300000,0.000000,24.300000,0.000000,24.300000,0.000000,24.300000,0.000839,24.300000,0.000000,24.300000,0.000000,24.300000,0.000000,24.300000,0.000000,24.300000,0.000000,24.300000,0.000000,24.300000,0.000000,24.300000,0.000000,24.300000,0.000000,24.300000,0.000000,
24.500000,0.000000,24.500000,0.000000,24.500000,0.000000,24.500000,0.000000,24.500000,0.000000,24.500000,0.000000,24.500000,0.000000,24.500000,0.000000,24.500000,0.000000,24.500000,0.000000,24.500000,0.000000,24.500000,0.000000,24.500000,0.000839,24.500000,0.000000,24.500000,0.000000,24.500000,0.000000,24.500000,0.000000,24.500000,0.000000,24.500000,0.000000,24.500000,0.000000,24.500000,0.000000,24.500000,0.000000,24.500000,0.000000,
24.700000,0.000000,24.700000,0.000000,24.700000,0.000000,24.700000,0.000000,24.700000,0.000000,24.700000,0.000000,24.700000,0.000000,24.700000,0.000000,24.700000,0.000000,24.700000,0.000000,24.700000,0.000000,24.700000,0.000000,24.700000,0.000839,24.700000,0.000000,24.700000,0.000000,24.700000,0.000000,24.700000,0.000000,24.700000,0.000000,24.700000,0.000000,24.700000,0.000000,24.700000,0.000000,24.700000,0.000000,24.700000,0.000000,
24.900000,0.000000,24.900000,0.000000,24.900000,0.000000,24.900000,0.000000,24.900000,0.000000,24.900000,0.000000,24.900000,0.000000,24.900000,0.000000,24.900000,0.000000,24.900000,0.000000,24.900000,0.000000,24.900000,0.000000,24.900000,0.000839,24.900000,0.000000,24.900000,0.000000,24.900000,0.000000,24.900000,0.000000,24.900000,0.000000,24.900000,0.000000,24.900000,0.000000,24.900000,0.000000,24.900000,0.000000,24.900000,0.000000,
25.100000,0.000000,25.100000,0.000000,25.100000,0.000000,25.100000,0.000000,25.100000,0.000000,25.100000,0.000000,25.100000,0.000000,25.100000,0.000000,25.100000,0.000000,25.100000,0.000000,25.100000,0.000000,25.100000,0.000000,25.100000,0.000839,25.100000,0.000000,25.100000,0.000000,25.100000,0.000000,25.100000,0.000000,25.100000,0.000000,25.100000,0.000000,25.100000,0.000000,25.100000,0.000000,25.100000,0.000000,25.100000,0.000000,
25.300000,0.000000,25.300000,0.000000,25.300000,0.000000,25.300000,0.000000,25.300000,0.000000,25.300000,0.000000,25.300000,0.000000,25.300000,0.000000,25.300000,0.000000,25.300000,0.000000,25.300000,0.000000,25.300000,0.000000,25.300000,0.000839,25.300000,0.000000,25.300000,0.000000,25.300000,0.000000,25.300000,0.000000,25.300000,0.000000,25.300000,0.000000,25.300000,0.000000,25.300000,0.000000,25.300000,0.000000,25.300000,0.000000,
25.500000,0.000000,25.500000,0.000000,25.500000,0.000000,25.500000,0.000000,25.500000,0.000000,25.500000,0.000000,25.500000,0.000000,25.500000,0.000000,25.500000,0.000000,25.500000,0.000000,25.500000,0.000000,25.500000,0.000000,25.500000,0.000839,25.500000,0.000000,25.500000,0.000000,25.500000,0.000000,25.500000,0.000000,25.500000,0.000000,25.500000,0.000000,25.500000,0.000000,25.500000,0.000000,25.500000,0.000000,25.500000,0.000000,
25.700000,0.000000,25.700000,0.000000,25.700000,0.000000,25.700000,0.000000,25.700000,0.000000,25.700000,0.000000,25.700000,0.000000,25.700000,0.000000,25.700000,0.000000,25.700000,0.000000,25.700000,0.000000,25.700000,0.000000,25.700000,0.000839,25.700000,0.000000,25.700000,0.000000,25.700000,0.000000,25.700000,0.000000,25.700000,0.000000,25.700000,0.000000,25.700000,0.000000,25.700000,0.000000,25.700000,0.000000,25.700000,0.000000,
25.900000,0.000000,25.900000,0.000000,25.900000,0.000000,25.900000,0.000000,25.900000,0.000000,25.900000,0.000000,25.900000,0.000000,25.900000,0.000000,25.900000,0.000000,25.900000,0.000000,25.900000,0.000000,25.900000,0.000000,25.900000,0.000839,25.900000,0.000000,25.900000,0.000000,25.900000,0.000000,25.900000,0.000000,25.900000,0.000000,25.900000,0.000000,25.900000,0.000000,25.900000,0.000000,25.900000,0.000000,25.900000,0.000000,
26.100000,0.000000,26.100000,0.000000,26.100000,0.000000,26.100000,0.000000,26.100000,0.000000,26.100000,0.000000,26.100000,0.000000,26.100000,0.000000,26.100000,0.000000,26.100000,0.000000,26.100000,0.000000,26.100000,0.000000,26.100000,0.000839,26.100000,0.000000,26.100000,0.000000,26.100000,0.000000,26.100000,0.000000,26.100000,0.000000,26.100000,0.000000,26.100000,0.000000,26.100000,0.000000,26.100000,0.000000,26.100000,0.000000,
26.300000,0.000000,26.300000,0.000000,26.300000,0.000000,26.300000,0.000000,26.300000,0.000000,26.300000,0.000000,26.300000,0.000000,26.300000,0.000000,26.300000,0.000000,26.300000,0.000000,26.300000,0.000000,26.300000,0.000000,26.300000,0.000839,26.300000,0.000000,26.300000,0.000000,26.300000,0.000000,26.300000,0.000000,26.300000,0.000000,26.300000,0.000000,26.300000,0.000000,26.300000,0.000000,26.300000,0.000000,26.300000,0.000000,
26.500000,0.000000,26.500000,0.000000,26.500000,0.000000,26.500000,0.000000,26.500000,0.000000,26.500000,0.000000,26.500000,0.000000,26.500000,0.000000,26.500000,0.000000,26.500000,0.000000,26.500000,0.000000,26.500000,0.000000,26.500000,0.000839,26.500000,0.000000,26.500000,0.000000,26.500000,0.000000,26.500000,0.000000,26.500000,0.000000,26.500000,0.000000,26.500000,0.000000,26.500000,0.000000,26.500000,0.000000,26.500000,0.000000,
26.700000,0.000000,26.700000,0.000000,26.700000,0.000000,26.700000,0.000000,26.700000,0.000000,26.700000,0.000000,26.700000,0.000000,26.700000,0.000000,26.700000,0.000000,26.700000,0.000000,26.700000,0.000000,26.700000,0.000000,26.700000,0.000839,26.700000,0.000000,26.700000,0.000000,26.700000,0.000000,26.700000,0.000000,26.700000,0.000000,26.700000,0.000000,26.700000,0.000000,26.700000,0.000000,26.700000,0.000000,26.700000,0.000000,
26.900000,0.000000,26.900000,0.000000,26.900000,0.000000,26.900000,0.000000,26.900000,0.000000,26.900000,0.000000,26.900000,0.000000,26.900000,0.000000,26.900000,0.000000,26.900000,0.000000,26.900000,0.000000,26.900000,0.000000,26.900000,0.000839,26.900000,0.000000,26.900000,0.000000,26.900000,0.000000,26.900000,0.000000,26.900000,0.000000,26.900000,0.000000,26.900000,0.000000,26.900000,0.000000,26.900000,0.000000,26.900000,0.000000,
27.100000,0.000000,27.100000,0.000000,27.100000,0.000000,27.100000,0.000000,27.100000,0.000000,27.100000,0.000000,27.100000,0.000000,27.100000,0.000000,27.100000,0.000000,27.100000,0.000000,27.100000,0.000000,27.100000,0.000000,27.100000,0.000839,27.100000,0.000000,27.100000,0.000000,27.100000,0.000000,27.100000,0.000000,27.100000,0.000000,27.100000,0.000000,27.100000,0.000000,27.100000,0.000000,27.100000,0.000000,27.100000,0.000000,
27.300000,0.000000,27.300000,0.000000,27.300000,0.000000,27.300000,0.000000,27.300000,0.000000,27.300000,0.000000,27.300000,0.000000,27.300000,0.000000,27.300000,0.000000,27.300000,0.000000,27.300000,0.000000,27.300000,0.000000,27.300000,0.000839,27.300000,0.000000,27.300000,0.000000,27.300000,0.000000,27.300000,0.000000,27.300000,0.000000,27.300000,0.000000,27.300000,0.000000,27.300000,0.000000,27.300000,0.000000,27.300000,0.000000,
27.500000,0.000000,27.500000,0.000000,27.500000,0.000000,27.500000,0.000000,27.500000,0.000000,27.500000,0.000000,27.500000,0.000000,27.500000,0.000000,27.500000,0.000000,27.500000,0.000000,27.500000,0.000000,27.500000,0.000000,27.500000,0.000839,27.500000,0.000000,27.500000,0.000000,27.500000,0.000000,27.500000,0.000000,27.500000,0.000000,27.500000,0.000000,27.500000,0.000000,27.500000,0.000000,27.500000,0.000000,27.500000,0.000000,
27.700000,0.000000,27.700000,0.000000,27.700000,0.000000,27.700000,0.000000,27.700000,0.000000,27.700000,0.000000,27.700000,0.000000,27.700000,0.000000,27.700000,0.000000,27.700000,0.000000,27.700000,0.000000,27.700000,0.000000,27.700000,0.000839,27.700000,0.000000,27.700000,0.000000,27.700000,0.000000,27.700000,0.000000,27.700000,0.000000,27.700000,0.000000,27.700000,0.000000,27.700000,0.000000,27.700000,0.000000,27.700000,0.000000,
27.900000,0.000000,27.900000,0.000000,27.900000,0.000000,27.900000,0.000000,27.900000,0.000000,27.900000,0.000000,27.900000,0.000000,27.900000,0.000000,27.900000,0.000000,27.900000,0.000000,27.900000,0.000000,27.900000,0.000000,27.900000,0.000839,27.900000,0.000000,27.900000,0.000000,27.900000,0.000000,27.900000,0.000000,27.900000,0.000000,27.900000,0.000000,27.900000,0.000000,27.900000,0.000000,27.900000,0.000000,27.900000,0.000000,
28.100000,0.000000,28.100000,0.000000,28.100000,0.000000,28.100000,0.000000,28.100000,0.000000,28.100000,0.000000,28.100000,0.000000,28.100000,0.000000,28.100000,0.000000,28.100000,0.000000,28.100000,0.000000,28.100000,0.000000,28.100000,0.000839,28.100000,0.000000,28.100000,0.000000,28.100000,0.000000,28.100000,0.000000,28.100000,0.000000,28.100000,0.000000,28.100000,0.000000,28.100000,0.000000,28.100000,0.000000,28.100000,0.000000,
28.300000,0.000000,28.300000,0.000000,28.300000,0.000000,28.300000,0.000000,28.300000,0.000000,28.300000,0.000000,28.300000,0.000000,28.300000,0.000000,28.300000,0.000000,28.300000,0.000000,28.300000,0.000000,28.300000,0.000000,28.300000,0.000839,28.300000,0.000000,28.300000,0.000000,28.300000,0.000000,28.300000,0.000000,28.300000,0.000000,28.300000,0.000000,28.300000,0.000000,28.300000,0.000000,28.300000,0.000000,28.300000,0.000000,
28.500000,0.000000,28.500000,0.000000,28.500000,0.000000,28.500000,0.000000,28.500000,0.000000,28.500000,0.000000,28.500000,0.000000,28.500000,0.000000,28.500000,0.000000,28.500000,0.000000,28.500000,0.000000,28.500000,0.000000,28.500000,0.000839,28.500000,0.000000,28.500000,0.000000,28.500000,0.000000,28.500000,0.000000,28.500000,0.000000,28.500000,0.000000,28.500000,0.000000,28.500000,0.000000,28.500000,0.000000,28.500000,0.000000,
28.700000,0.000000,28.700000,0.000000,28.700000,0.000000,28.700000,0.000000,28.700000,0.000000,28.700000,0.000000,28.700000,0.000000,28.700000,0.000000,28.700000,0.000000,28.700000,0.000000,28.700000,0.000000,28.700000,0.000000,28.700000,0.000839,28.700000,0.000000,28.700000,0.000000,28.700000,0.000000,28.700000,0.000000,28.700000,0.000000,28.700000,0.000000,28.700000,0.000000,28.700000,0.000000,28.700000,0.000000,28.700000,0.000000,
28.900000,0.000000,28.900000,0.000000,28.900000,0.000000,28.900000,0.000000,28.900000,0.000000,28.900000,0.000000,28.900000,0.000000,28.900000,0.000000,28.900000,0.000000,28.900000,0.000000,28.900000,0.000000,28.900000,0.000000,28.900000,0.000839,28.900000,0.000000,28.900000,0.000000,28.900000,0.000000,28.900000,0.000000,28.900000,0.000000,28.900000,0.000000,28.900000,0.000000,28.900000,0.000000,28.900000,0.000000,28.900000,0.000000,
29.100000,0.000000,29.100000,0.000000,29.100000,0.000000,29.100000,0.000000,29.100000,0.000000,29.100000,0.000000,29.100000,0.000000,29.100000,0.000000,29.100000,0.000000,29.100000,0.000000,29.100000,0.000000,29.100000,0.000000,29.100000,0.000839,29.100000,0.000000,29.100000,0.000000,29.100000,0.000000,29.100000,0.000000,29.100000,0.000000,29.100000,0.000000,29.100000,0.000000,29.100000,0.000000,29.100000,0.000000,29.100000,0.000000,
29.300000,0.000000,29.300000,0.000000,29.300000,0.000000,29.300000,0.000000,29.300000,0.000000,29.300000,0.000000,29.300000,0.000000,29.300000,0.000000,29.300000,0.000000,29.300000,0.000000,29.300000,0.000000,29.300000,0.000000,29.300000,0.000839,29.300000,0.000000,29.300000,0.000000,29.300000,0.000000,29.300000,0.000000,29.300000,0.000000,29.300000,0.000000,29.300000,0.000000,29.300000,0.000000,29.300000,0.000000,29.300000,0.000000,
29.500000,0.000000,29.500000,0.000000,29.500000,0.000000,29.500000,0.000000,29.500000,0.000000,29.500000,0.000000,29.500000,0.000000,29.500000,0.000000,29.500000,0.000000,29.500000,0.000000,29.500000,0.000000,29.500000,0.000000,29.500000,0.000839,29.500000,0.000000,29.500000,0.000000,29.500000,0.000000,29.500000,0.000000,29.500000,0.000000,29.500000,0.000000,29.500000,0.000000,29.500000,0.000000,29.500000,0.000000,29.500000,0.000000,
29.700000,0.000000,29.700000,0.000000,29.700000,0.000000,29.700000,0.000000,29.700000,0.000000,29.700000,0.000000,29.700000,0.000000,29.700000,0.000000,29.700000,0.000000,29.700000,0.000000,29.700000,0.000000,29.700000,0.000000,29.700000,0.000839,29.700000,0.000000,29.700000,0.000000,29.700000,0.000000,29.700000,0.000000,29.700000,0.000000,29.700000,0.000000,29.700000,0.000000,29.700000,0.000000,29.700000,0.000000,29.700000,0.000000,
29.900000,0.000000,29.900000,0.000000,29.900000,0.000000,29.900000,0.000000,29.900000,0.000000,29.900000,0.000000,29.900000,0.000000,29.900000,0.000000,29.900000,0.000000,29.900000,0.000000,29.900000,0.000000,29.900000,0.000000,29.900000,0.000839,29.900000,0.000000,29.900000,0.000000,29.900000,0.000000,29.900000,0.000000,29.900000,0.000000,29.900000,0.000000,29.900000,0.000000,29.900000,0.000000,29.900000,0.000000,29.900000,0.000000,
30.100000,0.000000,30.100000,0.000000,30.100000,0.000000,30.100000,0.000000,30.100000,0.000000,30.100000,0.000000,30.100000,0.000000,30.100000,0.000000,30.100000,0.000000,30.100000,0.000000,30.100000,0.000000,30.100000,0.000000,30.100000,0.000839,30.100000,0.000000,30.100000,0.000000,30.100000,0.000000,30.100000,0.000000,30.100000,0.000000,30.100000,0.000000,30.100000,0.000000,30.100000,0.000000,30.100000,0.000000,30.100000,0.000000,
30.300000,0.000000,30.300000,0.000000,30.300000,0.000000,30.300000,0.000000,30.300000,0.000000,30.300000,0.000000,30.300000,0.000000,30.300000,0.000000,30.300000,0.000000,30.300000,0.000000,30.300000,0.000000,30.300000,0.000000,30.300000,0.000839,30.300000,0.000000,30.300000,0.000000,30.300000,0.000000,30.300000,0.000000,30.300000,0.000000,30.300000,0.000000,30.300000,0.000000,30.300000,0.000000,30.300000,0.000000,30.300000,0.000000,
30.500000,0.000000,30.500000,0.000000,30.500000,0.000000,30.500000,0.000000,30.500000,0.000000,30.500000,0.000000,30.500000,0.000000,30.500000,0.000000,30.500000,0.000000,30.500000,0.000000,30.500000,0.000000,30.500000,0.000000,30.500000,0.000839,30.500000,0.000000,30.500000,0.000000,30.500000,0.000000,30.500000,0.000000,30.500000,0.000000,30.500000,0.000000,30.500000,0.000000,30.500000,0.000000,30.500000,0.000000,30.500000,0.000000,
30.700000,0.000000,30.700000,0.000000,30.700000,0.000000,30.700000,0.000000,30.700000,0.000000,30.700000,0.000000,30.700000,0.000000,30.700000,0.000000,30.700000,0.000000,30.700000,0.000000,30.700000,0.000000,30.700000,0.000000,30.700000,0.000839,30.700000,0.000000,30.700000,0.000000,30.700000,0.000000,30.700000,0.000000,30.700000,0.000000,30.700000,0.000000,30.700000,0.000000,30.700000,0.000000,30.700000,0.000000,30.700000,0.000000,
30.900000,0.000000,30.900000,0.000000,30.900000,0.000000,30.900000,0.000000,30.900000,0.000000,30.900000,0.000000,30.900000,0.000000,30.900000,0.000000,30.900000,0.000000,30.900000,0.000000,30.900000,0.000000,30.900000,0.000000,30.900000,0.000839,30.900000,0.000000,30.900000,0.000000,30.900000,0.000000,30.900000,0.000000,30.900000,0.000000,30.900000,0.000000,30.900000,0.000000,30.900000,0.000000,30.900000,0.000000,30.900000,0.000000,
31.100000,0.000000,31.100000,0.000000,31.100000,0.000000,31.100000,0.000000,31.100000,0.000000,31.100000,0.000000,31.100000,0.000000,31.100000,0.000000,31.100000,0.000000,31.100000,0.000000,31.100000,0.000000,31.100000,0.000000,31.100000,0.000839,31.100000,0.000000,31.100000,0.000000,31.100000,0.000000,31.100000,0.000000,31.100000,0.000000,31.100000,0.000000,31.100000,0.000000,31.100000,0.000000,31.100000,0.000000,31.100000,0.000000,
31.300000,0.000000,31.300000,0.000000,31.300000,0.000000,31.300000,0.000000,31.300000,0.000000,31.300000,0.000000,31.300000,0.000000,31.300000,0.000000,31.300000,0.000000,31.300000,0.000000,31.300000,0.000000,31.300000,0.000000,31.300000,0.000839,31.300000,0.000000,31.300000,0.000000,31.300000,0.000000,31.300000,0.000000,31.300000,0.000000,31.300000,0.000000,31.300000,0.000000,31.300000,0.000000,31.300000,0.000000,31.300000,0.000000,
31.500000,0.000000,31.500000,0.000000,31.500000,0.000000,31.500000,0.000000,31.500000,0.000000,31.500000,0.000000,31.500000,0.000000,31.500000,0.000000,31.500000,0.000000,31.500000,0.000000,31.500000,0.000000,31.500000,0.000000,31.500000,0.000839,31.500000,0.000000,31.500000,0.000000,31.500000,0.000000,31.500000,0.000000,31.500000,0.000000,31.500000,0.000000,31.500000,0.000000,31.500000,0.000000,31.500000,0.000000,31.500000,0.000000,
31.700000,0.000000,31.700000,0.000000,31.700000,0.000000,31.700000,0.000000,31.700000,0.000000,31.700000,0.000000,31.700000,0.000000,31.700000,0.000000,31.700000,0.000000,31.700000,0.000000,31.700000,0.000000,31.700000,0.000000,31.700000,0.000839,31.700000,0.000000,31.700000,0.000000,31.700000,0.000000,31.700000,0.000000,31.700000,0.000000,31.700000,0.000000,31.700000,0.000000,31.700000,0.000000,31.700000,0.000000,31.700000,0.000000,
31.900000,0.000000,31.900000,0.000000,31.900000,0.000000,31.900000,0.000000,31.900000,0.000000,31.900000,0.000000,31.900000,0.000000,31.900000,0.000000,31.900000,0.000000,31.900000,0.000000,31.900000,0.000000,31.900000,0.000000,31.900000,0.000839,31.900000,0.000000,31.900000,0.000000,31.900000,0.000000,31.900000,0.000000,31.900000,0.000000,31.900000,0.000000,31.900000,0.000000,31.900000,0.000000,31.900000,0.000000,31.900000,0.000000,
32.100000,0.000000,32.100000,0.000000,32.100000,0.000000,32.100000,0.000000,32.100000,0.000000,32.100000,0.000000,32.100000,0.000000,32.100000,0.000000,32.100000,0.000000,32.100000,0.000000,32.100000,0.000000,32.100000,0.000000,32.100000,0.000839,32.100000,0.000000,32.100000,0.000000,32.100000,0.000000,32.100000,0.000000,32.100000,0.000000,32.100000,0.000000,32.100000,0.000000,32.100000,0.000000,32.100000,0.000000,32.100000,0.000000,
32.300000,0.000000,32.300000,0.000000,32.300000,0.000000,32.300000,0.000000,32.300000,0.000000,32.300000,0.000000,32.300000,0.000000,32.300000,0.000000,32.300000,0.000000,32.300000,0.000000,32.300000,0.000000,32.300000,0.000000,32.300000,0.000839,32.300000,0.000000,32.300000,0.000000,32.300000,0.000000,32.300000,0.000000,32.300000,0.000000,32.300000,0.000000,32.300000,0.000000,32.300000,0.000000,32.300000,0.000000,32.300000,0.000000,
32.500000,0.000000,32.500000,0.000000,32.500000,0.000000,32.500000,0.000000,32.500000,0.000000,32.500000,0.000000,32.500000,0.000000,32.500000,0.000000,32.500000,0.000000,32.500000,0.000000,32.500000,0.000000,32.500000,0.000000,32.500000,0.000839,32.500000,0.000000,32.500000,0.000000,32.500000,0.000000,32.500000,0.000000,32.500000,0.000000,32.500000,0.000000,32.500000,0.000000,32.500000,0.000000,32.500000,0.000000,32.500000,0.000000,
32.700000,0.000000,32.700000,0.000000,32.700000,0.000000,32.700000,0.000000,32.700000,0.000000,32.700000,0.000000,32.700000,0.000000,32.700000,0.000000,32.700000,0.000000,32.700000,0.000000,32.700000,0.000000,32.700000,0.000000,32.700000,0.000839,32.700000,0.000000,32.700000,0.000000,32.700000,0.000000,32.700000,0.000000,32.700000,0.000000,32.700000,0.000000,32.700000,0.000000,32.700000,0.000000,32.700000,0.000000,32.700000,0.000000,
32.900000,0.000000,32.900000,0.000000,32.900000,0.000000,32.900000,0.000000,32.900000,0.000000,32.900000,0.000000,32.900000,0.000000,32.900000,0.000000,32.900000,0.000000,32.900000,0.000000,32.900000,0.000000,32.900000,0.000000,32.900000,0.000839,32.900000,0.000000,32.900000,0.000000,32.900000,0.000000,32.900000,0.000000,32.900000,0.000000,32.900000,0.000000,32.900000,0.000000,32.900000,0.000000,32.900000,0.000000,32.900000,0.000000,
33.100000,0.000000,33.100000,0.000000,33.100000,0.000000,33.100000,0.000000,33.100000,0.000000,33.100000,0.000000,33.100000,0.000000,33.100000,0.000000,33.100000,0.000000,33.100000,0.000000,33.100000,0.000000,33.100000,0.000000,33.100000,0.000839,33.100000,0.000000,33.100000,0.000000,33.100000,0.000000,33.100000,0.000000,33.100000,0.000000,33.100000,0.000000,33.100000,0.000000,33.100000,0.000000,33.100000,0.000000,33.100000,0.000000,
33.300000,0.000000,33.300000,0.000000,33.300000,0.000000,33.300000,0.000000,33.300000,0.000000,33.300000,0.000000,33.300000,0.000000,33.300000,0.000000,33.300000,0.000000,33.300000,0.000000,33.300000,0.000000,33.300000,0.000000,33.300000,0.000839,33.300000,0.000000,33.300000,0.000000,33.300000,0.000000,33.300000,0.000000,33.300000,0.000000,33.300000,0.000000,33.300000,0.000000,33.300000,0.000000,33.300000,0.000000,33.300000,0.000000,
33.500000,0.000000,33.500000,0.000000,33.500000,0.000000,33.500000,0.000000,33.500000,0.000000,33.500000,0.000000,33.500000,0.000000,33.500000,0.000000,33.500000,0.000000,33.500000,0.000000,33.500000,0.000000,33.500000,0.000000,33.500000,0.000839,33.500000,0.000000,33.500000,0.000000,33.500000,0.000000,33.500000,0.000000,33.500000,0.000000,33.500000,0.000000,33.500000,0.000000,33.500000,0.000000,33.500000,0.000000,33.500000,0.000000,
33.700000,0.000000,33.700000,0.000000,33.700000,0.000000,33.700000,0.000000,33.700000,0.000000,33.700000,0.000000,33.700000,0.000000,33.700000,0.000000,33.700000,0.000000,33.700000,0.000000,33.700000,0.000000,33.700000,0.000000,33.700000,0.000839,33.700000,0.000000,33.700000,0.000000,33.700000,0.000000,33.700000,0.000000,33.700000,0.000000,33.700000,0.000000,33.700000,0.000000,33.700000,0.000000,33.700000,0.000000,33.700000,0.000000,
33.900000,0.000000,33.900000,0.000000,33.900000,0.000000,33.900000,0.000000,33.900000,0.000000,33.900000,0.000000,33.900000,0.000000,33.900000,0.000000,33.900000,0.000000,33.900000,0.000000,33.900000,0.000000,33.900000,0.000000,33.900000,0.000839,33.900000,0.000000,33.900000,0.000000,33.900000,0.000000,33.900000,0.000000,33.900000,0.000000,33.900000,0.000000,33.900000,0.000000,33.900000,0.000000,33.900000,0.000000,33.900000,0.000000,
34.100000,0.000000,34.100000,0.000000,34.100000,0.000000,34.100000,0.000000,34.100000,0.000000,34.100000,0.000000,34.100000,0.000000,34.100000,0.000000,34.100000,0.000000,34.100000,0.000000,34.100000,0.000000,34.100000,0.000000,34.100000,0.000839,34.100000,0.000000,34.100000,0.000000,34.100000,0.000000,34.100000,0.000000,34.100000,0.000000,34.100000,0.000000,34.100000,0.000000,34.100000,0.000000,34.100000,0.000000,34.100000,0.000000,
34.300000,0.000000,34.300000,0.000000,34.300000,0.000000,34.300000,0.000000,34.300000,0.000000,34.300000,0.000000,34.300000,0.000000,34.300000,0.000000,34.300000,0.000000,34.300000,0.000000,34.300000,0.000000,34.300000,0.000000,34.300000,0.000839,34.300000,0.000000,34.300000,0.000000,34.300000,0.000000,34.300000,0.000000,34.300000,0.000000,34.300000,0.000000,34.300000,0.000000,34.300000,0.000000,34.300000,0.000000,34.300000,0.000000,
34.500000,0.000000,34.500000,0.000000,34.500000,0.000000,34.500000,0.000000,34.500000,0.000000,34.500000,0.000000,34.500000,0.000000,34.500000,0.000000,34.500000,0.000000,34.500000,0.000000,34.500000,0.000000,34.500000,0.000000,34.500000,0.000839,34.500000,0.000000,34.500000,0.000000,34.500000,0.000000,34.500000,0.000000,34.500000,0.000000,34.500000,0.000000,34.500000,0.000000,34.500000,0.000000,34.500000,0.000000,34.500000,0.000000,
34.700000,0.000000,34.700000,0.000000,34.700000,0.000000,34.700000,0.000000,34.700000,0.000000,34.700000,0.000000,34.700000,0.000000,34.700000,0.000000,34.700000,0.000000,34.700000,0.000000,34.700000,0.000000,34.700000,0.000000,34.700000,0.000839,34.700000,0.000000,34.700000,0.000000,34.700000,0.000000,34.700000,0.000000,34.700000,0.000000,34.700000,0.000000,34.700000,0.000000,34.700000,0.000000,34.700000,0.000000,34.700000,0.000000,
34.900000,0.000000,34.900000,0.000000,34.900000,0.000000,34.900000,0.000000,34.900000,0.000000,34.900000,0.000000,34.900000,0.000000,34.900000,0.000000,34.900000,0.000000,34.900000,0.000000,34.900000,0.000000,34.900000,0.000000,34.900000,0.000839,34.900000,0.000000,34.900000,0.000000,34.900000,0.000000,34.900000,0.000000,34.900000,0.000000,34.900000,0.000000,34.900000,0.000000,34.900000,0.000000,34.900000,0.000000,34.900000,0.000000,
35.100000,0.000000,35.100000,0.000000,35.100000,0.000000,35.100000,0.000000,35.100000,0.000000,35.100000,0.000000,35.100000,0.000000,35.100000,0.000000,35.100000,0.000000,35.100000,0.000000,35.100000,0.000000,35.100000,0.000000,35.100000,0.000839,35.100000,0.000000,35.100000,0.000000,35.100000,0.000000,35.100000,0.000000,35.100000,0.000000,35.100000,0.000000,35.100000,0.000000,35.100000,0.000000,35.100000,0.000000,35.100000,0.000000,
35.300000,0.000000,35.300000,0.000000,35.300000,0.000000,35.300000,0.000000,35.300000,0.000000,35.300000,0.000000,35.300000,0.000000,35.300000,0.000000,35.300000,0.000000,35.300000,0.000000,35.300000,0.000000,35.300000,0.000000,35.300000,0.000839,35.300000,0.000000,35.300000,0.000000,35.300000,0.000000,35.300000,0.000000,35.300000,0.000000,35.300000,0.000000,35.300000,0.000000,35.300000,0.000000,35.300000,0.000000,35.300000,0.000000,
35.500000,0.000000,35.500000,0.000000,35.500000,0.000000,35.500000,0.000000,35.500000,0.000000,35.500000,0.000000,35.500000,0.000000,35.500000,0.000000,35.500000,0.000000,35.500000,0.000000,35.500000,0.000000,35.500000,0.000000,35.500000,0.000839,35.500000,0.000000,35.500000,0.000000,35.500000,0.000000,35.500000,0.000000,35.500000,0.000000,35.500000,0.000000,35.500000,0.000000,35.500000,0.000000,35.500000,0.000000,35.500000,0.000000,
35.700000,0.000000,35.700000,0.000000,35.700000,0.000000,35.700000,0.000000,35.700000,0.000000,35.700000,0.000000,35.700000,0.000000,35.700000,0.000000,35.700000,0.000000,35.700000,0.000000,35.700000,0.000000,35.700000,0.000000,35.700000,0.000839,35.700000,0.000000,35.700000,0.000000,35.700000,0.000000,35.700000,0.000000,35.700000,0.000000,35.700000,0.000000,35.700000,0.000000,35.700000,0.000000,35.700000,0.000000,35.700000,0.000000,
35.900000,0.000000,35.900000,0.000000,35.900000,0.000000,35.900000,0.000000,35.900000,0.000000,35.900000,0.000000,35.900000,0.000000,35.900000,0.000000,35.900000,0.000000,35.900000,0.000000,35.900000,0.000000,35.900000,0.000000,35.900000,0.000839,35.900000,0.000000,35.900000,0.000000,35.900000,0.000000,35.900000,0.000000,35.900000,0.000000,35.900000,0.000000,35.900000,0.000000,35.900000,0.000000,35.900000,0.000000,35.900000,0.000000,
36.100000,0.000000,36.100000,0.000000,36.100000,0.000000,36.100000,0.000000,36.100000,0.000000,36.100000,0.000000,36.100000,0.000000,36.100000,0.000000,36.100000,0.000000,36.100000,0.000000,36.100000,0.000000,36.100000,0.000000,36.100000,0.000839,36.100000,0.000000,36.100000,0.000000,36.100000,0.000000,36.100000,0.000000,36.100000,0.000000,36.100000,0.000000,36.100000,0.000000,36.100000,0.000000,36.100000,0.000000,36.100000,0.000000,
36.300000,0.000000,36.300000,0.000000,36.300000,0.000000,36.300000,0.000000,36.300000,0.000000,36.300000,0.000000,36.300000,0.000000,36.300000,0.000000,36.300000,0.000000,36.300000,0.000000,36.300000,0.000000,36.300000,0.000000,36.300000,0.000839,36.300000,0.000000,36.300000,0.000000,36.300000,0.000000,36.300000,0.000000,36.300000,0.000000,36.300000,0.000000,36.300000,0.000000,36.300000,0.000000,36.300000,0.000000,36.300000,0.000000,
36.500000,0.000000,36.500000,0.000000,36.500000,0.000000,36.500000,0.000000,36.500000,0.000000,36.500000,0.000000,36.500000,0.000000,36.500000,0.000000,36.500000,0.000000,36.500000,0.000000,36.500000,0.000000,36.500000,0.000000,36.500000,0.000839,36.500000,0.000000,36.500000,0.000000,36.500000,0.000000,36.500000,0.000000,36.500000,0.000000,36.500000,0.000000,36.500000,0.000000,36.500000,0.000000,36.500000,0.000000,36.500000,0.000000,
36.700000,0.000000,36.700000,0.000000,36.700000,0.000000,36.700000,0.000000,36.700000,0.000000,36.700000,0.000000,36.700000,0.000000,36.700000,0.000000,36.700000,0.000000,36.700000,0.000000,36.700000,0.000000,36.700000,0.000000,36.700000,0.000839,36.700000,0.000000,36.700000,0.000000,36.700000,0.000000,36.700000,0.000000,36.700000,0.000000,36.700000,0.000000,36.700000,0.000000,36.700000,0.000000,36.700000,0.000000,36.700000,0.000000,
36.900000,0.000000,36.900000,0.000000,36.900000,0.000000,36.900000,0.000000,36.900000,0.000000,36.900000,0.000000,36.900000,0.000000,36.900000,0.000000,36.900000,0.000000,36.900000,0.000000,36.900000,0.000000,36.900000,0.000000,36.900000,0.000839,36.900000,0.000000,36.900000,0.000000,36.900000,0.000000,36.900000,0.000000,36.900000,0.000000,36.900000,0.000000,36.900000,0.000000,36.900000,0.000000,36.900000,0.000000,36.900000,0.000000,
37.100000,0.000000,37.100000,0.000000,37.100000,0.000000,37.100000,0.000000,37.100000,0.000000,37.100000,0.000000,37.100000,0.000000,37.100000,0.000000,37.100000,0.000000,37.100000,0.000000,37.100000,0.000000,37.100000,0.000000,37.100000,0.000839,37.100000,0.000000,37.100000,0.000000,37.100000,0.000000,37.100000,0.000000,37.100000,0.000000,37.100000,0.000000,37.100000,0.000000,37.100000,0.000000,37.100000,0.000000,37.100000,0.000000,
37.300000,0.000000,37.300000,0.000000,37.300000,0.000000,37.300000,0.000000,37.300000,0.000000,37.300000,0.000000,37.300000,0.000000,37.300000,0.000000,37.300000,0.000000,37.300000,0.000000,37.300000,0.000000,37.300000,0.000000,37.300000,0.000839,37.300000,0.000000,37.300000,0.000000,37.300000,0.000000,37.300000,0.000000,37.300000,0.000000,37.300000,0.000000,37.300000,0.000000,37.300000,0.000000,37.300000,0.000000,37.300000,0.000000,
37.500000,0.000000,37.500000,0.000000,37.500000,0.000000,37.500000,0.000000,37.500000,0.000000,37.500000,0.000000,37.500000,0.000000,37.500000,0.000000,37.500000,0.000000,37.500000,0.000000,37.500000,0.000000,37.500000,0.000000,37.500000,0.000839,37.500000,0.000000,37.500000,0.000000,37.500000,0.000000,37.500000,0.000000,37.500000,0.000000,37.500000,0.000000,37.500000,0.000000,37.500000,0.000000,37.500000,0.000000,37.500000,0.000000,
37.700000,0.000000,37.700000,0.000000,37.700000,0.000000,37.700000,0.000000,37.700000,0.000000,37.700000,0.000000,37.700000,0.000000,37.700000,0.000000,37.700000,0.000000,37.700000,0.000000,37.700000,0.000000,37.700000,0.000000,37.700000,0.000839,37.700000,0.000000,37.700000,0.000000,37.700000,0.000000,37.700000,0.000000,37.700000,0.000000,37.700000,0.000000,37.700000,0.000000,37.700000,0.000000,37.700000,0.000000,37.700000,0.000000,
37.900000,0.000000,37.900000,0.000000,37.900000,0.000000,37.900000,0.000000,37.900000,0.000000,37.900000,0.000000,37.900000,0.000000,37.900000,0.000000,37.900000,0.000000,37.900000,0.000000,37.900000,0.000000,37.900000,0.000000,37.900000,0.000839,37.900000,0.000000,37.900000,0.000000,37.900000,0.000000,37.900000,0.000000,37.900000,0.000000,37.900000,0.000000,37.900000,0.000000,37.900000,0.000000,37.900000,0.000000,37.900000,0.000000,
38.100000,0.000000,38.100000,0.000000,38.100000,0.000000,38.100000,0.000000,38.100000,0.000000,38.100000,0.000000,38.100000,0.000000,38.100000,0.000000,38.100000,0.000000,38.100000,0.000000,38.100000,0.000000,38.100000,0.000000,38.100000,0.000839,38.100000,0.000000,38.100000,0.000000,38.100000,0.000000,38.100000,0.000000,38.100000,0.000000,38.100000,0.000000,38.100000,0.000000,38.100000,0.000000,38.100000,0.000000,38.100000,0.000000,
38.300000,0.000000,38.300000,0.000000,38.300000,0.000000,38.300000,0.000000,38.300000,0.000000,38.300000,0.000000,38.300000,0.000000,38.300000,0.000000,38.300000,0.000000,38.300000,0.000000,38.300000,0.000000,38.300000,0.000000,38.300000,0.000839,38.300000,0.000000,38.300000,0.000000,38.300000,0.000000,38.300000,0.000000,38.300000,0.000000,38.300000,0.000000,38.300000,0.000000,38.300000,0.000000,38.300000,0.000000,38.300000,0.000000,
38.500000,0.000000,38.500000,0.000000,38.500000,0.000000,38.500000,0.000000,38.500000,0.000000,38.500000,0.000000,38.500000,0.000000,38.500000,0.000000,38.500000,0.000000,38.500000,0.000000,38.500000,0.000000,38.500000,0.000000,38.500000,0.000839,38.500000,0.000000,38.500000,0.000000,38.500000,0.000000,38.500000,0.000000,38.500000,0.000000,38.500000,0.000000,38.500000,0.000000,38.500000,0.000000,38.500000,0.000000,38.500000,0.000000,
38.700000,0.000000,38.700000,0.000000,38.700000,0.000000,38.700000,0.000000,38.700000,0.000000,38.700000,0.000000,38.700000,0.000000,38.700000,0.000000,38.700000,0.000000,38.700000,0.000000,38.700000,0.000000,38.700000,0.000000,38.700000,0.000839,38.700000,0.000000,38.700000,0.000000,38.700000,0.000000,38.700000,0.000000,38.700000,0.000000,38.700000,0.000000,38.700000,0.000000,38.700000,0.000000,38.700000,0.000000,38.700000,0.000000,
38.900000,0.000000,38.900000,0.000000,38.900000,0.000000,38.900000,0.000000,38.900000,0.000000,38.900000,0.000000,38.900000,0.000000,38.900000,0.000000,38.900000,0.000000,38.900000,0.000000,38.900000,0.000000,38.900000,0.000000,38.900000,0.000839,38.900000,0.000000,38.900000,0.000000,38.900000,0.000000,38.900000,0.000000,38.900000,0.000000,38.900000,0.000000,38.900000,0.000000,38.900000,0.000000,38.900000,0.000000,38.900000,0.000000,
39.100000,0.000000,39.100000,0.000000,39.100000,0.000000,39.100000,0.000000,39.100000,0.000000,39.100000,0.000000,39.100000,0.000000,39.100000,0.000000,39.100000,0.000000,39.100000,0.000000,39.100000,0.000000,39.100000,0.000000,39.100000,0.000839,39.100000,0.000000,39.100000,0.000000,39.100000,0.000000,39.100000,0.000000,39.100000,0.000000,39.100000,0.000000,39.100000,0.000000,39.100000,0.000000,39.100000,0.000000,39.100000,0.000000,
39.300000,0.000000,39.300000,0.000000,39.300000,0.000000,39.300000,0.000000,39.300000,0.000000,39.300000,0.000000,39.300000,0.000000,39.300000,0.000000,39.300000,0.000000,39.300000,0.000000,39.300000,0.000000,39.300000,0.000000,39.300000,0.000839,39.300000,0.000000,39.300000,0.000000,39.300000,0.000000,39.300000,0.000000,39.300000,0.000000,39.300000,0.000000,39.300000,0.000000,39.300000,0.000000,39.300000,0.000000,39.300000,0.000000,
39.500000,0.000000,39.500000,0.000000,39.500000,0.000000,39.500000,0.000000,39.500000,0.000000,39.500000,0.000000,39.500000,0.000000,39.500000,0.000000,39.500000,0.000000,39.500000,0.000000,39.500000,0.000000,39.500000,0.000000,39.500000,0.000839,39.500000,0.000000,39.500000,0.000000,39.500000,0.000000,39.500000,0.000000,39.500000,0.000000,39.500000,0.000000,39.500000,0.000000,39.500000,0.000000,39.500000,0.000000,39.500000,0.000000,
39.700000,0.000000,39.700000,0.000000,39.700000,0.000000,39.700000,0.000000,39.700000,0.000000,39.700000,0.000000,39.700000,0.000000,39.700000,0.000000,39.700000,0.000000,39.700000,0.000000,39.700000,0.000000,39.700000,0.000000,39.700000,0.000839,39.700000,0.000000,39.700000,0.000000,39.700000,0.000000,39.700000,0.000000,39.700000,0.000000,39.700000,0.000000,39.700000,0.000000,39.700000,0.000000,39.700000,0.000000,39.700000,0.000000,
39.900000,0.000000,39.900000,0.000000,39.900000,0.000000,39.900000,0.000000,39.900000,0.000000,39.900000,0.000000,39.900000,0.000000,39.900000,0.000000,39.900000,0.000000,39.900000,0.000000,39.900000,0.000000,39.900000,0.000000,39.900000,0.000839,39.900000,0.000000,39.900000,0.000000,39.900000,0.000000,39.900000,0.000000,39.900000,0.000000,39.900000,0.000000,39.900000,0.000000,39.900000,0.000000,39.900000,0.000000,39.900000,0.000000,
40.100000,0.000000,40.100000,0.000000,40.100000,0.000000,40.100000,0.000000,40.100000,0.000000,40.100000,0.000000,40.100000,0.000000,40.100000,0.000000,40.100000,0.000000,40.100000,0.000000,40.100000,0.000000,40.100000,0.000000,40.100000,0.000839,40.100000,0.000000,40.100000,0.000000,40.100000,0.000000,40.100000,0.000000,40.100000,0.000000,40.100000,0.000000,40.100000,0.000000,40.100000,0.000000,40.100000,0.000000,40.100000,0.000000,
40.300000,0.000000,40.300000,0.000000,40.300000,0.000000,40.300000,0.000000,40.300000,0.000000,40.300000,0.000000,40.300000,0.000000,40.300000,0.000000,40.300000,0.000000,40.300000,0.000000,40.300000,0.000000,40.300000,0.000000,40.300000,0.000839,40.300000,0.000000,40.300000,0.000000,40.300000,0.000000,40.300000,0.000000,40.300000,0.000000,40.300000,0.000000,40.300000,0.000000,40.300000,0.000000,40.300000,0.000000,40.300000,0.000000,
40.500000,0.000000,40.500000,0.000000,40.500000,0.000000,40.500000,0.000000,40.500000,0.000000,40.500000,0.000000,40.500000,0.000000,40.500000,0.000000,40.500000,0.000000,40.500000,0.000000,40.500000,0.000000,40.500000,0.000000,40.500000,0.000839,40.500000,0.000000,40.500000,0.000000,40.500000,0.000000,40.500000,0.000000,40.500000,0.000000,40.500000,0.000000,40.500000,0.000000,40.500000,0.000000,40.500000,0.000000,40.500000,0.000000,
40.700000,0.000000,40.700000,0.000000,40.700000,0.000000,40.700000,0.000000,40.700000,0.000000,40.700000,0.000000,40.700000,0.000000,40.700000,0.000000,40.700000,0.000000,40.700000,0.000000,40.700000,0.000000,40.700000,0.000000,40.700000,0.000839,40.700000,0.000000,40.700000,0.000000,40.700000,0.000000,40.700000,0.000000,40.700000,0.000000,40.700000,0.000000,40.700000,0.000000,40.700000,0.000000,40.700000,0.000000,40.700000,0.000000,
40.900000,0.000000,40.900000,0.000000,40.900000,0.000000,40.900000,0.000000,40.900000,0.000000,40.900000,0.000000,40.900000,0.000000,40.900000,0.000000,40.900000,0.000000,40.900000,0.000000,40.900000,0.000000,40.900000,0.000000,40.900000,0.000839,40.900000,0.000000,40.900000,0.000000,40.900000,0.000000,40.900000,0.000000,40.900000,0.000000,40.900000,0.000000,40.900000,0.000000,40.900000,0.000000,40.900000,0.000000,40.900000,0.000000,
41.100000,0.000000,41.100000,0.000000,41.100000,0.000000,41.100000,0.000000,41.100000,0.000000,41.100000,0.000000,41.100000,0.000000,41.100000,0.000000,41.100000,0.000000,41.100000,0.000000,41.100000,0.000000,41.100000,0.000000,41.100000,0.000839,41.100000,0.000000,41.100000,0.000000,41.100000,0.000000,41.100000,0.000000,41.100000,0.000000,41.100000,0.000000,41.100000,0.000000,41.100000,0.000000,41.100000,0.000000,41.100000,0.000000,
41.300000,0.000000,41.300000,0.000000,41.300000,0.000000,41.300000,0.000000,41.300000,0.000000,41.300000,0.000000,41.300000,0.000000,41.300000,0.000000,41.300000,0.000000,41.300000,0.000000,41.300000,0.000000,41.300000,0.000000,41.300000,0.000839,41.300000,0.000000,41.300000,0.000000,41.300000,0.000000,41.300000,0.000000,41.300000,0.000000,41.300000,0.000000,41.300000,0.000000,41.300000,0.000000,41.300000,0.000000,41.300000,0.000000,
41.500000,0.000000,41.500000,0.000000,41.500000,0.000000,41.500000,0.000000,41.500000,0.000000,41.500000,0.000000,41.500000,0.000000,41.500000,0.000000,41.500000,0.000000,41.500000,0.000000,41.500000,0.000000,41.500000,0.000000,41.500000,0.000839,41.500000,0.000000,41.500000,0.000000,41.500000,0.000000,41.500000,0.000000,41.500000,0.000000,41.500000,0.000000,41.500000,0.000000,41.500000,0.000000,41.500000,0.000000,41.500000,0.000000,
41.700000,0.000000,41.700000,0.000000,41.700000,0.000000,41.700000,0.000000,41.700000,0.000000,41.700000,0.000000,41.700000,0.000000,41.700000,0.000000,41.700000,0.000000,41.700000,0.000000,41.700000,0.000000,41.700000,0.000000,41.700000,0.000839,41.700000,0.000000,41.700000,0.000000,41.700000,0.000000,41.700000,0.000000,41.700000,0.000000,41.700000,0.000000,41.700000,0.000000,41.700000,0.000000,41.700000,0.000000,41.700000,0.000000,
41.900000,0.000000,41.900000,0.000000,41.900000,0.000000,41.900000,0.000000,41.900000,0.000000,41.900000,0.000000,41.900000,0.000000,41.900000,0.000000,41.900000,0.000000,41.900000,0.000000,41.900000,0.000000,41.900000,0.000000,41.900000,0.000839,41.900000,0.000000,41.900000,0.000000,41.900000,0.000000,41.900000,0.000000,41.900000,0.000000,41.900000,0.000000,41.900000,0.000000,41.900000,0.000000,41.900000,0.000000,41.900000,0.000000,
42.100000,0.000000,42.100000,0.000000,42.100000,0.000000,42.100000,0.000000,42.100000,0.000000,42.100000,0.000000,42.100000,0.000000,42.100000,0.000000,42.100000,0.000000,42.100000,0.000000,42.100000,0.000000,42.100000,0.000000,42.100000,0.000839,42.100000,0.000000,42.100000,0.000000,42.100000,0.000000,42.100000,0.000000,42.100000,0.000000,42.100000,0.000000,42.100000,0.000000,42.100000,0.000000,42.100000,0.000000,42.100000,0.000000,
42.300000,0.000000,42.300000,0.000000,42.300000,0.000000,42.300000,0.000000,42.300000,0.000000,42.300000,0.000000,42.300000,0.000000,42.300000,0.000000,42.300000,0.000000,42.300000,0.000000,42.300000,0.000000,42.300000,0.000000,42.300000,0.000839,42.300000,0.000000,42.300000,0.000000,42.300000,0.000000,42.300000,0.000000,42.300000,0.000000,42.300000,0.000000,42.300000,0.000000,42.300000,0.000000,42.300000,0.000000,42.300000,0.000000,
42.500000,0.000000,42.500000,0.000000,42.500000,0.000000,42.500000,0.000000,42.500000,0.000000,42.500000,0.000000,42.500000,0.000000,42.500000,0.000000,42.500000,0.000000,42.500000,0.000000,42.500000,0.000000,42.500000,0.000000,42.500000,0.000839,42.500000,0.000000,42.500000,0.000000,42.500000,0.000000,42.500000,0.000000,42.500000,0.000000,42.500000,0.000000,42.500000,0.000000,42.500000,0.000000,42.500000,0.000000,42.500000,0.000000,
42.700000,0.000000,42.700000,0.000000,42.700000,0.000000,42.700000,0.000000,42.700000,0.000000,42.700000,0.000000,42.700000,0.000000,42.700000,0.000000,42.700000,0.000000,42.700000,0.000000,42.700000,0.000000,42.700000,0.000000,42.700000,0.000839,42.700000,0.000000,42.700000,0.000000,42.700000,0.000000,42.700000,0.000000,42.700000,0.000000,42.700000,0.000000,42.700000,0.000000,42.700000,0.000000,42.700000,0.000000,42.700000,0.000000,
42.900000,0.000000,42.900000,0.000000,42.900000,0.000000,42.900000,0.000000,42.900000,0.000000,42.900000,0.000000,42.900000,0.000000,42.900000,0.000000,42.900000,0.000000,42.900000,0.000000,42.900000,0.000000,42.900000,0.000000,42.900000,0.000839,42.900000,0.000000,42.900000,0.000000,42.900000,0.000000,42.900000,0.000000,42.900000,0.000000,42.900000,0.000000,42.900000,0.000000,42.900000,0.000000,42.900000,0.000000,42.900000,0.000000,
43.100000,0.000000,43.100000,0.000000,43.100000,0.000000,43.100000,0.000000,43.100000,0.000000,43.100000,0.000000,43.100000,0.000000,43.100000,0.000000,43.100000,0.000000,43.100000,0.000000,43.100000,0.000000,43.100000,0.000000,43.100000,0.000839,43.100000,0.000000,43.100000,0.000000,43.100000,0.000000,43.100000,0.000000,43.100000,0.000000,43.100000,0.000000,43.100000,0.000000,43.100000,0.000000,43.100000,0.000000,43.100000,0.000000,
43.300000,0.000000,43.300000,0.000000,43.300000,0.000000,43.300000,0.000000,43.300000,0.000000,43.300000,0.000000,43.300000,0.000000,43.300000,0.000000,43.300000,0.000000,43.300000,0.000000,43.300000,0.000000,43.300000,0.000000,43.300000,0.000839,43.300000,0.000000,43.300000,0.000000,43.300000,0.000000,43.300000,0.000000,43.300000,0.000000,43.300000,0.000000,43.300000,0.000000,43.300000,0.000000,43.300000,0.000000,43.300000,0.000000,
43.500000,0.000000,43.500000,0.000000,43.500000,0.000000,43.500000,0.000000,43.500000,0.000000,43.500000,0.000000,43.500000,0.000000,43.500000,0.000000,43.500000,0.000000,43.500000,0.000000,43.500000,0.000000,43.500000,0.000000,43.500000,0.000839,43.500000,0.000000,43.500000,0.000000,43.500000,0.000000,43.500000,0.000000,43.500000,0.000000,43.500000,0.000000,43.500000,0.000000,43.500000,0.000000,43.500000,0.000000,43.500000,0.000000,
43.700000,0.000000,43.700000,0.000000,43.700000,0.000000,43.700000,0.000000,43.700000,0.000000,43.700000,0.000000,43.700000,0.000000,43.700000,0.000000,43.700000,0.000000,43.700000,0.000000,43.700000,0.000000,43.700000,0.000000,43.700000,0.000839,43.700000,0.000000,43.700000,0.000000,43.700000,0.000000,43.700000,0.000000,43.700000,0.000000,43.700000,0.000000,43.700000,0.000000,43.700000,0.000000,43.700000,0.000000,43.700000,0.000000,
43.900000,0.000000,43.900000,0.000000,43.900000,0.000000,43.900000,0.000000,43.900000,0.000000,43.900000,0.000000,43.900000,0.000000,43.900000,0.000000,43.900000,0.000000,43.900000,0.000000,43.900000,0.000000,43.900000,0.000000,43.900000,0.000839,43.900000,0.000000,43.900000,0.000000,43.900000,0.000000,43.900000,0.000000,43.900000,0.000000,43.900000,0.000000,43.900000,0.000000,43.900000,0.000000,43.900000,0.000000,43.900000,0.000000,
44.100000,0.000000,44.100000,0.000000,44.100000,0.000000,44.100000,0.000000,44.100000,0.000000,44.100000,0.000000,44.100000,0.000000,44.100000,0.000000,44.100000,0.000000,44.100000,0.000000,44.100000,0.000000,44.100000,0.000000,44.100000,0.000839,44.100000,0.000000,44.100000,0.000000,44.100000,0.000000,44.100000,0.000000,44.100000,0.000000,44.100000,0.000000,44.100000,0.000000,44.100000,0.000000,44.100000,0.000000,44.100000,0.000000,
44.300000,0.000000,44.300000,0.000000,44.300000,0.000000,44.300000,0.000000,44.300000,0.000000,44.300000,0.000000,44.300000,0.000000,44.300000,0.000000,44.300000,0.000000,44.300000,0.000000,44.300000,0.000000,44.300000,0.000000,44.300000,0.000839,44.300000,0.000000,44.300000,0.000000,44.300000,0.000000,44.300000,0.000000,44.300000,0.000000,44.300000,0.000000,44.300000,0.000000,44.300000,0.000000,44.300000,0.000000,44.300000,0.000000,
44.500000,0.000000,44.500000,0.000000,44.500000,0.000000,44.500000,0.000000,44.500000,0.000000,44.500000,0.000000,44.500000,0.000000,44.500000,0.000000,44.500000,0.000000,44.500000,0.000000,44.500000,0.000000,44.500000,0.000000,44.500000,0.000839,44.500000,0.000000,44.500000,0.000000,44.500000,0.000000,44.500000,0.000000,44.500000,0.000000,44.500000,0.000000,44.500000,0.000000,44.500000,0.000000,44.500000,0.000000,44.500000,0.000000,
44.700000,0.000000,44.700000,0.000000,44.700000,0.000000,44.700000,0.000000,44.700000,0.000000,44.700000,0.000000,44.700000,0.000000,44.700000,0.000000,44.700000,0.000000,44.700000,0.000000,44.700000,0.000000,44.700000,0.000000,44.700000,0.000839,44.700000,0.000000,44.700000,0.000000,44.700000,0.000000,44.700000,0.000000,44.700000,0.000000,44.700000,0.000000,44.700000,0.000000,44.700000,0.000000,44.700000,0.000000,44.700000,0.000000,
44.900000,0.000000,44.900000,0.000000,44.900000,0.000000,44.900000,0.000000,44.900000,0.000000,44.900000,0.000000,44.900000,0.000000,44.900000,0.000000,44.900000,0.000000,44.900000,0.000000,44.900000,0.000000,44.900000,0.000000,44.900000,0.000839,44.900000,0.000000,44.900000,0.000000,44.900000,0.000000,44.900000,0.000000,44.900000,0.000000,44.900000,0.000000,44.900000,0.000000,44.900000,0.000000,44.900000,0.000000,44.900000,0.000000,
45.100000,0.000000,45.100000,0.000000,45.100000,0.000000,45.100000,0.000000,45.100000,0.000000,45.100000,0.000000,45.100000,0.000000,45.100000,0.000000,45.100000,0.000000,45.100000,0.000000,45.100000,0.000000,45.100000,0.000000,45.100000,0.000839,45.100000,0.000000,45.100000,0.000000,45.100000,0.000000,45.100000,0.000000,45.100000,0.000000,45.100000,0.000000,45.100000,0.000000,45.100000,0.000000,45.100000,0.000000,45.100000,0.000000,
45.300000,0.000000,45.300000,0.000000,45.300000,0.000000,45.300000,0.000000,45.300000,0.000000,45.300000,0.000000,45.300000,0.000000,45.300000,0.000000,45.300000,0.000000,45.300000,0.000000,45.300000,0.000000,45.300000,0.000000,45.300000,0.000839,45.300000,0.000000,45.300000,0.000000,45.300000,0.000000,45.300000,0.000000,45.300000,0.000000,45.300000,0.000000,45.300000,0.000000,45.300000,0.000000,45.300000,0.000000,45.300000,0.000000,
45.500000,0.000000,45.500000,0.000000,45.500000,0.000000,45.500000,0.000000,45.500000,0.000000,45.500000,0.000000,45.500000,0.000000,45.500000,0.000000,45.500000,0.000000,45.500000,0.000000,45.500000,0.000000,45.500000,0.000000,45.500000,0.000839,45.500000,0.000000,45.500000,0.000000,45.500000,0.000000,45.500000,0.000000,45.500000,0.000000,45.500000,0.000000,45.500000,0.000000,45.500000,0.000000,45.500000,0.000000,45.500000,0.000000,
45.700000,0.000000,45.700000,0.000000,45.700000,0.000000,45.700000,0.000000,45.700000,0.000000,45.700000,0.000000,45.700000,0.000000,45.700000,0.000000,45.700000,0.000000,45.700000,0.000000,45.700000,0.000000,45.700000,0.000000,45.700000,0.000839,45.700000,0.000000,45.700000,0.000000,45.700000,0.000000,45.700000,0.000000,45.700000,0.000000,45.700000,0.000000,45.700000,0.000000,45.700000,0.000000,45.700000,0.000000,45.700000,0.000000,
45.900000,0.000000,45.900000,0.000000,45.900000,0.000000,45.900000,0.000000,45.900000,0.000000,45.900000,0.000000,45.900000,0.000000,45.900000,0.000000,45.900000,0.000000,45.900000,0.000000,45.900000,0.000000,45.900000,0.000000,45.900000,0.000839,45.900000,0.000000,45.900000,0.000000,45.900000,0.000000,45.900000,0.000000,45.900000,0.000000,45.900000,0.000000,45.900000,0.000000,45.900000,0.000000,45.900000,0.000000,45.900000,0.000000,
46.100000,0.000000,46.100000,0.000000,46.100000,0.000000,46.100000,0.000000,46.100000,0.000000,46.100000,0.000000,46.100000,0.000000,46.100000,0.000000,46.100000,0.000000,46.100000,0.000000,46.100000,0.000000,46.100000,0.000000,46.100000,0.000839,46.100000,0.000000,46.100000,0.000000,46.100000,0.000000,46.100000,0.000000,46.100000,0.000000,46.100000,0.000000,46.100000,0.000000,46.100000,0.000000,46.100000,0.000000,46.100000,0.000000,
46.300000,0.000000,46.300000,0.000000,46.300000,0.000000,46.300000,0.000000,46.300000,0.000000,46.300000,0.000000,46.300000,0.000000,46.300000,0.000000,46.300000,0.000000,46.300000,0.000000,46.300000,0.000000,46.300000,0.000000,46.300000,0.000839,46.300000,0.000000,46.300000,0.000000,46.300000,0.000000,46.300000,0.000000,46.300000,0.000000,46.300000,0.000000,46.300000,0.000000,46.300000,0.000000,46.300000,0.000000,46.300000,0.000000,
46.500000,0.000000,46.500000,0.000000,46.500000,0.000000,46.500000,0.000000,46.500000,0.000000,46.500000,0.000000,46.500000,0.000000,46.500000,0.000000,46.500000,0.000000,46.500000,0.000000,46.500000,0.000000,46.500000,0.000000,46.500000,0.000839,46.500000,0.000000,46.500000,0.000000,46.500000,0.000000,46.500000,0.000000,46.500000,0.000000,46.500000,0.000000,46.500000,0.000000,46.500000,0.000000,46.500000,0.000000,46.500000,0.000000,
46.700000,0.000000,46.700000,0.000000,46.700000,0.000000,46.700000,0.000000,46.700000,0.000000,46.700000,0.000000,46.700000,0.000000,46.700000,0.000000,46.700000,0.000000,46.700000,0.000000,46.700000,0.000000,46.700000,0.000000,46.700000,0.000839,46.700000,0.000000,46.700000,0.000000,46.700000,0.000000,46.700000,0.000000,46.700000,0.000000,46.700000,0.000000,46.700000,0.000000,46.700000,0.000000,46.700000,0.000000,46.700000,0.000000,
46.900000,0.000000,46.900000,0.000000,46.900000,0.000000,46.900000,0.000000,46.900000,0.000000,46.900000,0.000000,46.900000,0.000000,46.900000,0.000000,46.900000,0.000000,46.900000,0.000000,46.900000,0.000000,46.900000,0.000000,46.900000,0.000839,46.900000,0.000000,46.900000,0.000000,46.900000,0.000000,46.900000,0.000000,46.900000,0.000000,46.900000,0.000000,46.900000,0.000000,46.900000,0.000000,46.900000,0.000000,46.900000,0.000000,
47.100000,0.000000,47.100000,0.000000,47.100000,0.000000,47.100000,0.000000,47.100000,0.000000,47.100000,0.000000,47.100000,0.000000,47.100000,0.000000,47.100000,0.000000,47.100000,0.000000,47.100000,0.000000,47.100000,0.000000,47.100000,0.000839,47.100000,0.000000,47.100000,0.000000,47.100000,0.000000,47.100000,0.000000,47.100000,0.000000,47.100000,0.000000,47.100000,0.000000,47.100000,0.000000,47.100000,0.000000,47.100000,0.000000,
47.300000,0.000000,47.300000,0.000000,47.300000,0.000000,47.300000,0.000000,47.300000,0.000000,47.300000,0.000000,47.300000,0.000000,47.300000,0.000000,47.300000,0.000000,47.300000,0.000000,47.300000,0.000000,47.300000,0.000000,47.300000,0.000839,47.300000,0.000000,47.300000,0.000000,47.300000,0.000000,47.300000,0.000000,47.300000,0.000000,47.300000,0.000000,47.300000,0.000000,47.300000,0.000000,47.300000,0.000000,47.300000,0.000000,
47.500000,0.000000,47.500000,0.000000,47.500000,0.000000,47.500000,0.000000,47.500000,0.000000,47.500000,0.000000,47.500000,0.000000,47.500000,0.000000,47.500000,0.000000,47.500000,0.000000,47.500000,0.000000,47.500000,0.000000,47.500000,0.000839,47.500000,0.000000,47.500000,0.000000,47.500000,0.000000,47.500000,0.000000,47.500000,0.000000,47.500000,0.000000,47.500000,0.000000,47.500000,0.000000,47.500000,0.000000,47.500000,0.000000,
47.700000,0.000000,47.700000,0.000000,47.700000,0.000000,47.700000,0.000000,47.700000,0.000000,47.700000,0.000000,47.700000,0.000000,47.700000,0.000000,47.700000,0.000000,47.700000,0.000000,47.700000,0.000000,47.700000,0.000000,47.700000,0.000839,47.700000,0.000000,47.700000,0.000000,47.700000,0.000000,47.700000,0.000000,47.700000,0.000000,47.700000,0.000000,47.700000,0.000000,47.700000,0.000000,47.700000,0.000000,47.700000,0.000000,
47.900000,0.000000,47.900000,0.000000,47.900000,0.000000,47.900000,0.000000,47.900000,0.000000,47.900000,0.000000,47.900000,0.000000,47.900000,0.000000,47.900000,0.000000,47.900000,0.000000,47.900000,0.000000,47.900000,0.000000,47.900000,0.000839,47.900000,0.000000,47.900000,0.000000,47.900000,0.000000,47.900000,0.000000,47.900000,0.000000,47.900000,0.000000,47.900000,0.000000,47.900000,0.000000,47.900000,0.000000,47.900000,0.000000,
48.100000,0.000000,48.100000,0.000000,48.100000,0.000000,48.100000,0.000000,48.100000,0.000000,48.100000,0.000000,48.100000,0.000000,48.100000,0.000000,48.100000,0.000000,48.100000,0.000000,48.100000,0.000000,48.100000,0.000000,48.100000,0.000839,48.100000,0.000000,48.100000,0.000000,48.100000,0.000000,48.100000,0.000000,48.100000,0.000000,48.100000,0.000000,48.100000,0.000000,48.100000,0.000000,48.100000,0.000000,48.100000,0.000000,
48.300000,0.000000,48.300000,0.000000,48.300000,0.000000,48.300000,0.000000,48.300000,0.000000,48.300000,0.000000,48.300000,0.000000,48.300000,0.000000,48.300000,0.000000,48.300000,0.000000,48.300000,0.000000,48.300000,0.000000,48.300000,0.000000,48.300000,0.000000,48.300000,0.000000,48.300000,0.000000,48.300000,0.000000,48.300000,0.000000,48.300000,0.000000,48.300000,0.000000,48.300000,0.000000,48.300000,0.000000,48.300000,0.000000,
