Lung_R Dose (Gy),Lung_R Value (% of 1462.670 cc),L_kidney Dose (Gy),L_kidney Value (% of 156.316 cc),R_DeepFemoral Dose (Gy),R_DeepFemoral Value (% of 6327.210 cc),L_AnteriorTib Dose (Gy),L_AnteriorTib Value (% of 1734.620 cc),L_Arm Region Dose (Gy),L_Arm Region Value (% of 1127.230 cc),L_InterIliac Dose (Gy),L_InterIliac Value (% of 2372.120 cc),R_PostTib Dose (Gy),R_PostTib Value (% of 1681.970 cc),Spleen Dose (Gy),Spleen Value (% of 153.090 cc),L_heart Dose (Gy),L_heart Value (% of 165.252 cc),Lung_L Dose (Gy),Lung_L Value (% of 1460.820 cc),Liver Dose (Gy),Liver Value (% of 1795.660 cc),Brain Dose (Gy),Brain Value (% of 1276.600 cc),R_Heart Dose (Gy),R_Heart Value (% of 147.662 cc),R_AnteriorTib Dose (Gy),R_AnteriorTib Value (% of 1752.930 cc),S_int Dose (Gy),S_int Value (% of 1231.790 cc),R_InterIliac Dose (Gy),R_InterIliac Value (% of 2566.170 cc),R_Arm Region Dose (Gy),R_Arm Region Value (% of 1074.610 cc),R_Kidney Dose (Gy),R_Kidney Value (% of 153.867 cc),L_DeepFemoral Dose (Gy),L_DeepFemoral Value (% of 6255.930 cc),Pancreas Dose (Gy),Pancreas Value (% of 129.320 cc),L_int Dose (Gy),L_int Value (% of 825.443 cc),Stomach Dose (Gy),Stomach Value (% of 282.426 cc),L_PostTib Dose (Gy),L_PostTib Value (% of 1853.340 cc),
0.000000,100.000000,0.000000,100.000000,0.000000,100.000000,0.000000,100.000000,0.000000,100.000000,0.000000,100.000000,0.000000,100.000000,0.000000,100.000000,0.000000,100.000000,0.000000,100.000000,0.000000,100.000000,0.000000,100.000000,0.000000,100.000000,0.000000,100.000000,0.000000,100.000000,0.000000,100.000000,0.000000,100.000000,0.000000,100.000000,0.000000,100.000000,0.000000,100.000000,0.000000,100.000000,0.000000,100.000000,0.000000,100.000000,
0.100000,100.000000,0.100000,100.000000,0.100000,0.000463,0.100000,0.000000,0.100000,88.993388,0.100000,21.492718,0.100000,0.000000,0.100000,100.000000,0.100000,100.000000,0.100000,100.000000,0.100000,100.000000,0.100000,98.350410,0.100000,100.000000,0.100000,0.000000,0.100000,98.809220,0.100000,22.556356,0.100000,92.965623,0.100000,100.000000,0.100000,0.001030,0.100000,100.000000,0.100000,98.865903,0.100000,100.000000,0.100000,0.000000,
0.300000,100.000000,0.300000,100.000000,0.300000,0.000000,0.300000,0.000000,0.300000,55.213777,0.300000,0.758240,0.300000,0.000000,0.300000,100.000000,0.300000,100.000000,0.300000,100.000000,0.300000,100.000000,0.300000,44.257264,0.300000,100.000000,0.300000,0.000000,0.300000,84.063525,0.300000,0.694889,0.300000,60.313560,0.300000,100.000000,0.300000,0.000000,0.300000,100.000000,0.300000,87.973319,0.300000,100.000000,0.300000,0.000000,
0.500000,100.000000,0.500000,100.000000,0.500000,0.000000,0.500000,0.000000,0.500000,40.695216,0.500000,0.005928,0.500000,0.000000,0.500000,100.000000,0.500000,100.000000,0.500000,100.000000,0.500000,100.000000,0.500000,10.734880,0.500000,100.000000,0.500000,0.000000,0.500000,71.138725,0.500000,0.006698,0.500000,43.829494,0.500000,100.000000,0.500000,0.000000,0.500000,100.000000,0.500000,76.284289,0.500000,100.000000,0.500000,0.000000,
0.700000,100.000000,0.700000,100.000000,0.700000,0.000000,0.700000,0.000000,0.700000,35.579682,0.700000,0.000000,0.700000,0.000000,0.700000,100.000000,0.700000,100.000000,0.700000,100.000000,0.700000,100.000000,0.700000,1.056276,0.700000,100.000000,0.700000,0.000000,0.700000,61.143149,0.700000,0.000000,0.700000,37.455425,0.700000,99.785479,0.700000,0.000000,0.700000,100.000000,0.700000,69.237649,0.700000,100.000000,0.700000,0.000000,
0.900000,100.000000,0.900000,99.993753,0.900000,0.000000,0.900000,0.000000,0.900000,31.463898,0.900000,0.000000,0.900000,0.000000,0.900000,100.000000,0.900000,100.000000,0.900000,100.000000,0.900000,100.000000,0.900000,0.001224,0.900000,100.000000,0.900000,0.000000,0.900000,54.586723,0.900000,0.000000,0.900000,35.118267,0.900000,95.596598,0.900000,0.000000,0.900000,100.000000,0.900000,64.637375,0.900000,100.000000,0.900000,0.000000,
1.100000,100.000000,1.100000,99.097883,1.100000,0.000000,1.100000,0.000000,1.100000,25.615791,1.100000,0.000000,1.100000,0.000000,1.100000,100.000000,1.100000,100.000000,1.100000,100.000000,1.100000,100.000000,1.100000,0.000000,1.100000,100.000000,1.100000,0.000000,1.100000,50.543303,1.100000,0.000000,1.100000,33.584092,1.100000,86.494034,1.100000,0.000000,1.100000,100.000000,1.100000,61.686546,1.100000,100.000000,1.100000,0.000000,
1.300000,100.000000,1.300000,95.404453,1.300000,0.000000,1.300000,0.000000,1.300000,19.501372,1.300000,0.000000,1.300000,0.000000,1.300000,100.000000,1.300000,100.000000,1.300000,100.000000,1.300000,100.000000,1.300000,0.000000,1.300000,100.000000,1.300000,0.000000,1.300000,47.372277,1.300000,0.000000,1.300000,32.007568,1.300000,77.391470,1.300000,0.000000,1.300000,100.000000,1.300000,59.742988,1.300000,100.000000,1.300000,0.000000,
1.500000,100.000000,1.500000,91.438639,1.500000,0.000000,1.500000,0.000000,1.500000,14.417372,1.500000,0.000000,1.500000,0.000000,1.500000,100.000000,1.500000,100.000000,1.500000,100.000000,1.500000,100.000000,1.500000,0.000000,1.500000,100.000000,1.500000,0.000000,1.500000,44.951077,1.500000,0.000000,1.500000,30.211124,1.500000,69.914953,1.500000,0.000000,1.500000,100.000000,1.500000,58.801496,1.500000,100.000000,1.500000,0.000000,
1.700000,100.000000,1.700000,88.862234,1.700000,0.000000,1.700000,0.000000,1.700000,11.042478,1.700000,0.000000,1.700000,0.000000,1.700000,100.000000,1.700000,100.000000,1.700000,100.000000,1.700000,100.000000,1.700000,0.000000,1.700000,100.000000,1.700000,0.000000,1.700000,43.079602,1.700000,0.000000,1.700000,27.911770,1.700000,65.514090,1.700000,0.000000,1.700000,100.000000,1.700000,58.167841,1.700000,100.000000,1.700000,0.000000,
1.900000,100.000000,1.900000,87.154209,1.900000,0.000000,1.900000,0.000000,1.900000,8.985972,1.900000,0.000000,1.900000,0.000000,1.900000,100.000000,1.900000,100.000000,1.900000,100.000000,1.900000,100.000000,1.900000,0.000000,1.900000,100.000000,1.900000,0.000000,1.900000,41.611818,1.900000,0.000000,1.900000,24.860687,1.900000,62.312770,1.900000,0.000000,1.900000,100.000000,1.900000,57.658408,1.900000,100.000000,1.900000,0.000000,
2.100000,100.000000,2.100000,85.723567,2.100000,0.000000,2.100000,0.000000,2.100000,7.548203,2.100000,0.000000,2.100000,0.000000,2.100000,100.000000,2.100000,100.000000,2.100000,100.000000,2.100000,99.996193,2.100000,0.000000,2.100000,100.000000,2.100000,0.000000,2.100000,40.413269,2.100000,0.000000,2.100000,20.868487,2.100000,60.091394,2.100000,0.000000,2.100000,100.000000,2.100000,57.209785,2.100000,100.000000,2.100000,0.000000,
2.300000,100.000000,2.300000,84.334158,2.300000,0.000000,2.300000,0.000000,2.300000,6.230681,2.300000,0.000000,2.300000,0.000000,2.300000,100.000000,2.300000,100.000000,2.300000,100.000000,2.300000,99.979987,2.300000,0.000000,2.300000,100.000000,2.300000,0.000000,2.300000,39.420688,2.300000,0.000000,2.300000,16.113835,2.300000,58.466616,2.300000,0.000000,2.300000,100.000000,2.300000,56.712420,2.300000,100.000000,2.300000,0.000000,
2.500000,100.000000,2.500000,83.234625,2.500000,0.000000,2.500000,0.000000,2.500000,4.766055,2.500000,0.000000,2.500000,0.000000,2.500000,100.000000,2.500000,100.000000,2.500000,100.000000,2.500000,99.956166,2.500000,0.000000,2.500000,100.000000,2.500000,0.000000,2.500000,38.479321,2.500000,0.000000,2.500000,11.796299,2.500000,57.149023,2.500000,0.000000,2.500000,100.000000,2.500000,56.183822,2.500000,100.000000,2.500000,0.000000,
2.700000,100.000000,2.700000,82.188820,2.700000,0.000000,2.700000,0.000000,2.700000,3.282543,2.700000,0.000000,2.700000,0.000000,2.700000,100.000000,2.700000,100.000000,2.700000,100.000000,2.700000,99.921686,2.700000,0.000000,2.700000,100.000000,2.700000,0.000000,2.700000,37.598683,2.700000,0.000000,2.700000,8.496032,2.700000,55.973597,2.700000,0.000000,2.700000,100.000000,2.700000,55.642446,2.700000,100.000000,2.700000,0.000000,
2.900000,100.000000,2.900000,81.146763,2.900000,0.000000,2.900000,0.000000,2.900000,2.034328,2.900000,0.000000,2.900000,0.000000,2.900000,100.000000,2.900000,100.000000,2.900000,100.000000,2.900000,99.880572,2.900000,0.000000,2.900000,100.000000,2.900000,0.000000,2.900000,36.761015,2.900000,0.000000,2.900000,6.139971,2.900000,54.831175,2.900000,0.000000,2.900000,100.000000,2.900000,54.991991,2.900000,100.000000,2.900000,0.000000,
3.100000,100.000000,3.100000,79.859810,3.100000,0.000000,3.100000,0.000000,3.100000,1.252547,3.100000,0.000000,3.100000,0.000000,3.100000,100.000000,3.100000,100.000000,3.100000,100.000000,3.100000,99.823686,3.100000,0.000000,3.100000,100.000000,3.100000,0.000000,3.100000,35.921443,3.100000,0.000000,3.100000,4.510740,3.100000,53.593552,3.100000,0.000000,3.100000,100.000000,3.100000,54.355022,3.100000,100.000000,3.100000,0.000000,
3.300000,100.000000,3.300000,78.355449,3.300000,0.000000,3.300000,0.000000,3.300000,0.723390,3.300000,0.000000,3.300000,0.000000,3.300000,100.000000,3.300000,100.000000,3.300000,100.000000,3.300000,99.746677,3.300000,0.000000,3.300000,100.000000,3.300000,0.000000,3.300000,35.145613,3.300000,0.000000,3.300000,3.272458,3.300000,52.250571,3.300000,0.000000,3.300000,99.986407,3.300000,53.694866,3.300000,100.000000,3.300000,0.000000,
3.500000,100.000000,3.500000,76.596197,3.500000,0.000000,3.500000,0.000000,3.500000,0.371311,3.500000,0.000000,3.500000,0.000000,3.500000,100.000000,3.500000,100.000000,3.500000,100.000000,3.500000,99.622572,3.500000,0.000000,3.500000,100.000000,3.500000,0.000000,3.500000,34.507095,3.500000,0.000000,3.500000,2.378598,3.500000,50.404925,3.500000,0.000000,3.500000,99.941098,3.500000,52.985966,3.500000,100.000000,3.500000,0.000000,
3.700000,100.000000,3.700000,74.703251,3.700000,0.000000,3.700000,0.000000,3.700000,0.160272,3.700000,0.000000,3.700000,0.000000,3.700000,100.000000,3.700000,100.000000,3.700000,100.000000,3.700000,99.474320,3.700000,0.000000,3.700000,100.000000,3.700000,0.000000,3.700000,33.909802,3.700000,0.000000,3.700000,1.741555,3.700000,48.155623,3.700000,0.000000,3.700000,99.811212,3.700000,52.282982,3.700000,100.000000,3.700000,0.000000,
3.900000,100.000000,3.900000,73.002724,3.900000,0.000000,3.900000,0.000000,3.900000,0.053193,3.900000,0.000000,3.900000,0.000000,3.900000,100.000000,3.900000,100.000000,3.900000,100.000000,3.900000,99.292784,3.900000,0.000000,3.900000,100.000000,3.900000,0.000000,3.900000,33.384495,3.900000,0.000000,3.900000,1.258638,3.900000,45.884742,3.900000,0.000000,3.900000,99.503111,3.900000,51.631581,3.900000,100.000000,3.900000,0.000000,
4.100000,100.000000,4.100000,71.270960,4.100000,0.000000,4.100000,0.000000,4.100000,0.012822,4.100000,0.000000,4.100000,0.000000,4.100000,100.000000,4.100000,100.000000,4.100000,100.000000,4.100000,99.069590,4.100000,0.000000,4.100000,100.000000,4.100000,0.000000,4.100000,32.847613,4.100000,0.000000,4.100000,0.876957,4.100000,43.890581,4.100000,0.000000,4.100000,99.057573,4.100000,50.970004,4.100000,100.000000,4.100000,0.000000,
4.300000,100.000000,4.300000,69.175600,4.300000,0.000000,4.300000,0.000000,4.300000,0.002946,4.300000,0.000000,4.300000,0.000000,4.300000,100.000000,4.300000,100.000000,4.300000,100.000000,4.300000,98.821706,4.300000,0.000000,4.300000,100.000000,4.300000,0.000000,4.300000,32.346566,4.300000,0.000000,4.300000,0.582699,4.300000,42.242955,4.300000,0.000000,4.300000,98.473086,4.300000,50.298963,4.300000,100.000000,4.300000,0.000000,
4.500000,100.000000,4.500000,67.222680,4.500000,0.000000,4.500000,0.000000,4.500000,0.000693,4.500000,0.000000,4.500000,0.000000,4.500000,100.000000,4.500000,100.000000,4.500000,100.000000,4.500000,98.586221,4.500000,0.000000,4.500000,100.000000,4.500000,0.000000,4.500000,31.892770,4.500000,0.000000,4.500000,0.371321,4.500000,40.973597,4.500000,0.000000,4.500000,98.023017,4.500000,49.621061,4.500000,100.000000,4.500000,0.000000,
4.700000,99.997329,4.700000,65.287253,4.700000,0.000000,4.700000,0.000000,4.700000,0.000000,4.700000,0.000000,4.700000,0.000000,4.700000,100.000000,4.700000,100.000000,4.700000,100.000000,4.700000,98.381627,4.700000,0.000000,4.700000,100.000000,4.700000,0.000000,4.700000,31.451499,4.700000,0.000000,4.700000,0.231735,4.700000,39.889566,4.700000,0.000000,4.700000,97.572948,4.700000,48.977704,4.700000,100.000000,4.700000,0.000000,
4.900000,99.973694,4.900000,63.500512,4.900000,0.000000,4.900000,0.000000,4.900000,0.000000,4.900000,0.000000,4.900000,0.000000,4.900000,100.000000,4.900000,100.000000,4.900000,99.998128,4.900000,98.176924,4.900000,0.000000,4.900000,100.000000,4.900000,0.000000,4.900000,31.008643,4.900000,0.000000,4.900000,0.118321,4.900000,38.927393,4.900000,0.000000,4.900000,97.221048,4.900000,48.364870,4.900000,100.000000,4.900000,0.000000,
5.100000,99.852314,5.100000,61.402654,5.100000,0.000000,5.100000,0.000000,5.100000,0.000000,5.100000,0.000000,5.100000,0.000000,5.100000,100.000000,5.100000,100.000000,5.100000,99.986229,5.100000,98.000283,5.100000,0.000000,5.100000,100.000000,5.100000,0.000000,5.100000,30.541527,5.100000,0.000000,5.100000,0.050164,5.100000,37.949987,5.100000,0.000000,5.100000,96.843472,5.100000,47.745885,5.100000,100.000000,5.100000,0.000000,
5.300000,99.403780,5.300000,59.252318,5.300000,0.000000,5.300000,0.000000,5.300000,0.000000,5.300000,0.000000,5.300000,0.000000,5.300000,100.000000,5.300000,100.000000,5.300000,99.923924,5.300000,97.836694,5.300000,0.000000,5.300000,100.000000,5.300000,0.000000,5.300000,30.041114,5.300000,0.000000,5.300000,0.015449,5.300000,36.919269,5.300000,0.000000,5.300000,96.493083,5.300000,47.160262,5.300000,100.000000,5.300000,0.000000,
5.500000,98.403627,5.500000,57.314391,5.500000,0.000000,5.500000,0.000000,5.500000,0.000000,5.500000,0.000000,5.500000,0.000000,5.500000,100.000000,5.500000,100.000000,5.500000,99.688344,5.500000,97.691379,5.500000,0.000000,5.500000,100.000000,5.500000,0.000000,5.500000,29.469667,5.500000,0.000000,5.500000,0.002363,5.500000,35.685453,5.500000,0.000000,5.500000,96.124570,5.500000,46.501762,5.500000,100.000000,5.500000,0.000000,
5.700000,96.746229,5.700000,55.756304,5.700000,0.000000,5.700000,0.000000,5.700000,0.000000,5.700000,0.000000,5.700000,0.000000,5.700000,100.000000,5.700000,100.000000,5.700000,99.122255,5.700000,97.556723,5.700000,0.000000,5.700000,100.000000,5.700000,0.000000,5.700000,28.879351,5.700000,0.000000,5.700000,0.000364,5.700000,33.976898,5.700000,0.000000,5.700000,95.746995,5.700000,45.747196,5.700000,100.000000,5.700000,0.000000,
5.900000,94.651782,5.900000,54.570558,5.900000,0.000000,5.900000,0.000000,5.900000,0.000000,5.900000,0.000000,5.900000,0.000000,5.900000,99.998724,5.900000,100.000000,5.900000,98.081528,5.900000,97.428593,5.900000,0.000000,5.900000,100.000000,5.900000,0.000000,5.900000,28.281424,5.900000,0.000000,5.900000,0.000182,5.900000,31.690784,5.900000,0.000000,5.900000,95.302966,5.900000,44.907685,5.900000,100.000000,5.900000,0.000000,
6.100000,92.292141,6.100000,53.494765,6.100000,0.000000,6.100000,0.000000,6.100000,0.000000,6.100000,0.000000,6.100000,0.000000,6.100000,99.980863,6.100000,100.000000,6.100000,96.516427,6.100000,97.268377,6.100000,0.000000,6.100000,100.000000,6.100000,0.000000,6.100000,27.678740,6.100000,0.000000,6.100000,0.000000,6.100000,29.152069,6.100000,0.000000,6.100000,94.815139,6.100000,44.006417,6.100000,100.000000,6.100000,0.000000,
6.300000,90.031447,6.300000,52.349002,6.300000,0.000000,6.300000,0.000000,6.300000,0.000000,6.300000,0.000000,6.300000,0.000000,6.300000,99.913245,6.300000,100.000000,6.300000,94.634054,6.300000,97.085645,6.300000,0.000000,6.300000,100.000000,6.300000,0.000000,6.300000,27.061310,6.300000,0.000000,6.300000,0.000000,6.300000,26.155116,6.300000,0.000000,6.300000,94.227632,6.300000,43.099234,6.300000,100.000000,6.300000,0.000000,
6.500000,87.957964,6.500000,51.215733,6.500000,0.000000,6.500000,0.000000,6.500000,0.000000,6.500000,0.000000,6.500000,0.000000,6.500000,99.823939,6.500000,100.000000,6.500000,92.627340,6.500000,96.837325,6.500000,0.000000,6.500000,100.000000,6.500000,0.000000,6.500000,26.364601,6.500000,0.000000,6.500000,0.000000,6.500000,22.630109,6.500000,0.000000,6.500000,93.347127,6.500000,42.132424,6.500000,100.000000,6.500000,0.000000,
6.700000,86.125907,6.700000,49.950021,6.700000,0.000000,6.700000,0.000000,6.700000,0.000000,6.700000,0.000000,6.700000,0.000000,6.700000,99.744839,6.700000,100.000000,6.700000,90.671699,6.700000,96.516457,6.700000,0.000000,6.700000,100.000000,6.700000,0.000000,6.700000,25.625873,6.700000,0.000000,6.700000,0.000000,6.700000,19.261234,6.700000,0.000000,6.700000,91.859482,6.700000,41.140770,6.700000,100.000000,6.700000,0.000000,
6.900000,84.488940,6.900000,48.621836,6.900000,0.000000,6.900000,0.000000,6.900000,0.000000,6.900000,0.000000,6.900000,0.000000,6.900000,99.637672,6.900000,100.000000,6.900000,88.829036,6.900000,96.178838,6.900000,0.000000,6.900000,100.000000,6.900000,0.000000,6.900000,24.866850,6.900000,0.000000,6.900000,0.000000,6.900000,16.375984,6.900000,0.000000,6.900000,89.930828,6.900000,40.161892,6.900000,100.000000,6.900000,0.000000,
7.100000,82.986840,7.100000,47.203688,7.100000,0.000000,7.100000,0.000000,7.100000,0.000000,7.100000,0.000000,7.100000,0.000000,7.100000,99.498609,7.100000,100.000000,7.100000,87.085444,7.100000,95.829037,7.100000,0.000000,7.100000,100.000000,7.100000,0.000000,7.100000,24.091178,7.100000,0.000000,7.100000,0.000000,7.100000,13.846154,7.100000,0.000000,7.100000,87.392014,7.100000,39.072989,7.100000,100.000000,7.100000,0.000000,
7.300000,81.607056,7.300000,45.355724,7.300000,0.000000,7.300000,0.000000,7.300000,0.000000,7.300000,0.000000,7.300000,0.000000,7.300000,99.378684,7.300000,100.000000,7.300000,85.480233,7.300000,95.461289,7.300000,0.000000,7.300000,100.000000,7.300000,0.000000,7.300000,23.289819,7.300000,0.000000,7.300000,0.000000,7.300000,11.329018,7.300000,0.000000,7.300000,84.351779,7.300000,37.887073,7.300000,100.000000,7.300000,0.000000,
7.500000,80.357999,7.500000,42.715596,7.500000,0.000000,7.500000,0.000000,7.500000,0.000000,7.500000,0.000000,7.500000,0.000000,7.500000,99.230691,7.500000,100.000000,7.500000,84.001770,7.500000,95.100285,7.500000,0.000000,7.500000,100.000000,7.500000,0.000000,7.500000,22.502097,7.500000,0.000000,7.500000,0.000000,7.500000,8.757299,7.500000,0.000000,7.500000,80.911315,7.500000,36.529375,7.500000,100.000000,7.500000,0.000000,
7.700000,79.248750,7.700000,39.596921,7.700000,0.000000,7.700000,0.000000,7.700000,0.000000,7.700000,0.000000,7.700000,0.000000,7.700000,99.082698,7.700000,100.000000,7.700000,82.679737,7.700000,94.738846,7.700000,0.000000,7.700000,100.000000,7.700000,0.000000,7.700000,21.686785,7.700000,0.000000,7.700000,0.000000,7.700000,6.255395,7.700000,0.000000,7.700000,77.205038,7.700000,35.092173,7.700000,100.000000,7.700000,0.000000,
7.900000,78.226831,7.900000,36.390784,7.900000,0.000000,7.900000,0.000000,7.900000,0.000000,7.900000,0.000000,7.900000,0.000000,7.900000,98.955117,7.900000,100.000000,7.900000,81.465868,7.900000,94.353042,7.900000,0.000000,7.900000,100.000000,7.900000,0.000000,7.900000,20.802976,7.900000,0.000000,7.900000,0.000000,7.900000,4.145722,7.900000,0.000000,7.900000,73.684528,7.900000,33.592269,7.900000,100.000000,7.900000,0.000000,
8.100000,77.257656,8.100000,33.448284,8.100000,0.000000,8.100000,0.000000,8.100000,0.000000,8.100000,0.000000,8.100000,0.000000,8.100000,98.757368,8.100000,100.000000,8.100000,80.307485,8.100000,93.912528,8.100000,0.000000,8.100000,100.000000,8.100000,0.000000,8.100000,19.799137,8.100000,0.000000,8.100000,0.000000,8.100000,2.584412,8.100000,0.000000,8.100000,70.719809,8.100000,32.137559,8.100000,100.000000,8.100000,0.000000,
8.300000,76.350040,8.300000,30.558263,8.300000,0.000000,8.300000,0.000000,8.300000,0.000000,8.300000,0.000000,8.300000,0.000000,8.300000,98.453727,8.300000,100.000000,8.300000,79.208465,8.300000,93.381192,8.300000,0.000000,8.300000,100.000000,8.300000,0.000000,8.300000,18.724898,8.300000,0.000000,8.300000,0.000000,8.300000,1.458492,8.300000,0.000000,8.300000,68.020903,8.300000,30.738689,8.300000,100.000000,8.300000,0.000000,
8.500000,75.508923,8.500000,27.638254,8.500000,0.000000,8.500000,0.000000,8.500000,0.000000,8.500000,0.000000,8.500000,0.000000,8.500000,98.055676,8.500000,100.000000,8.500000,78.184183,8.500000,92.781005,8.500000,0.000000,8.500000,100.000000,8.500000,0.000000,8.500000,17.603091,8.500000,0.000000,8.500000,0.000000,8.500000,0.781924,8.500000,0.000000,8.500000,65.389960,8.500000,29.415300,8.500000,100.000000,8.500000,0.000000,
8.700000,74.688504,8.700000,24.465852,8.700000,0.000000,8.700000,0.000000,8.700000,0.000000,8.700000,0.000000,8.700000,0.000000,8.700000,97.531321,8.700000,100.000000,8.700000,77.212848,8.700000,92.061824,8.700000,0.000000,8.700000,100.000000,8.700000,0.000000,8.700000,16.481126,8.700000,0.000000,8.700000,0.000000,8.700000,0.412541,8.700000,0.000000,8.700000,62.928170,8.700000,28.024475,8.700000,100.000000,8.700000,0.000000,
8.900000,73.886111,8.900000,20.944848,8.900000,0.000000,8.900000,0.000000,8.900000,0.000000,8.900000,0.000000,8.900000,0.000000,8.900000,96.888316,8.900000,100.000000,8.900000,76.278948,8.900000,91.209946,8.900000,0.000000,8.900000,100.000000,8.900000,0.000000,8.900000,15.376761,8.900000,0.000000,8.900000,0.000000,8.900000,0.184057,8.900000,0.000000,8.900000,60.479973,8.900000,26.576863,8.900000,100.000000,8.900000,0.000000,
9.100000,73.075572,9.100000,17.263913,9.100000,0.000000,9.100000,0.000000,9.100000,0.000000,9.100000,0.000000,9.100000,0.000000,9.100000,96.244036,9.100000,100.000000,9.100000,75.364970,9.100000,90.266593,9.100000,0.000000,9.100000,100.000000,9.100000,0.000000,9.100000,14.293959,9.100000,0.000000,9.100000,0.000000,9.100000,0.081239,9.100000,0.000000,9.100000,57.909442,9.100000,25.106299,9.100000,100.000000,9.100000,0.000000,
9.300000,72.315776,9.300000,13.731664,9.300000,0.000000,9.300000,0.000000,9.300000,0.000000,9.300000,0.000000,9.300000,0.000000,9.300000,95.514276,9.300000,100.000000,9.300000,74.461019,9.300000,89.272880,9.300000,0.000000,9.300000,100.000000,9.300000,0.000000,9.300000,13.161688,9.300000,0.000000,9.300000,0.000000,9.300000,0.031734,9.300000,0.000000,9.300000,55.237721,9.300000,23.573742,9.300000,100.000000,9.300000,0.000000,
9.500000,71.563725,9.500000,10.857885,9.500000,0.000000,9.500000,0.000000,9.500000,0.000000,9.500000,0.000000,9.500000,0.000000,9.500000,94.810033,9.500000,100.000000,9.500000,73.626325,9.500000,88.310166,9.500000,0.000000,9.500000,100.000000,9.500000,0.000000,9.500000,12.043052,9.500000,0.000000,9.500000,0.000000,9.500000,0.008886,9.500000,0.000000,9.500000,52.738174,9.500000,22.012082,9.500000,100.000000,9.500000,0.000000,
9.700000,70.801258,9.700000,8.450159,9.700000,0.000000,9.700000,0.000000,9.700000,0.000000,9.700000,0.000000,9.700000,0.000000,9.700000,93.864663,9.700000,100.000000,9.700000,72.786818,9.700000,87.360830,9.700000,0.000000,9.700000,100.000000,9.700000,0.000000,9.700000,10.951530,9.700000,0.000000,9.700000,0.000000,9.700000,0.005077,9.700000,0.000000,9.700000,50.160092,9.700000,20.373048,9.700000,100.000000,9.700000,0.000000,
9.900000,70.054147,9.900000,6.414774,9.900000,0.000000,9.900000,0.000000,9.900000,0.000000,9.900000,0.000000,9.900000,0.000000,9.900000,92.629685,9.900000,100.000000,9.900000,71.958007,9.900000,86.392243,9.900000,0.000000,9.900000,100.000000,9.900000,0.000000,9.900000,9.778667,9.900000,0.000000,9.900000,0.000000,9.900000,0.000000,9.900000,0.000000,9.900000,47.520087,9.900000,18.596067,9.900000,100.000000,9.900000,0.000000,
10.100000,69.311443,10.100000,4.730490,10.100000,0.000000,10.100000,0.000000,10.100000,0.000000,10.100000,0.000000,10.100000,0.000000,10.100000,90.724911,10.100000,100.000000,10.100000,71.160349,10.100000,85.357088,10.100000,0.000000,10.100000,100.000000,10.100000,0.000000,10.100000,8.520182,10.100000,0.000000,10.100000,0.000000,10.100000,0.000000,10.100000,0.000000,10.100000,45.185163,10.100000,16.739110,10.100000,100.000000,10.100000,0.000000,
10.300000,68.578220,10.300000,3.332334,10.300000,0.000000,10.300000,0.000000,10.300000,0.000000,10.300000,0.000000,10.300000,0.000000,10.300000,88.271542,10.300000,100.000000,10.300000,70.366166,10.300000,84.181405,10.300000,0.000000,10.300000,100.000000,10.300000,0.000000,10.300000,7.217618,10.300000,0.000000,10.300000,0.000000,10.300000,0.000000,10.300000,0.000000,10.300000,42.960491,10.300000,14.933736,10.300000,100.000000,10.300000,0.000000,
10.500000,67.857148,10.500000,2.299023,10.500000,0.000000,10.500000,0.000000,10.500000,0.000000,10.500000,0.000000,10.500000,0.000000,10.500000,85.281059,10.500000,100.000000,10.500000,69.570513,10.500000,82.809285,10.500000,0.000000,10.500000,100.000000,10.500000,0.000000,10.500000,5.891111,10.500000,0.000000,10.500000,0.000000,10.500000,0.000000,10.500000,0.000000,10.500000,40.785658,10.500000,13.278849,10.500000,99.991010,10.500000,0.000000,
10.700000,67.110170,10.700000,1.524352,10.700000,0.000000,10.700000,0.000000,10.700000,0.000000,10.700000,0.000000,10.700000,0.000000,10.700000,82.045623,10.700000,100.000000,10.700000,68.816040,10.700000,81.269986,10.700000,0.000000,10.700000,100.000000,10.700000,0.000000,10.700000,4.603768,10.700000,0.000000,10.700000,0.000000,10.700000,0.000000,10.700000,0.000000,10.700000,38.414487,10.700000,11.854188,10.700000,99.969572,10.700000,0.000000,
10.900000,66.373208,10.900000,0.943349,10.900000,0.000000,10.900000,0.000000,10.900000,0.000000,10.900000,0.000000,10.900000,0.000000,10.900000,78.565232,10.900000,100.000000,10.900000,68.060898,10.900000,79.493898,10.900000,0.000000,10.900000,100.000000,10.900000,0.000000,10.900000,3.412513,10.900000,0.000000,10.900000,0.000000,10.900000,0.000000,10.900000,0.000000,10.900000,35.878693,10.900000,10.731685,10.900000,99.912864,10.900000,0.000000,
11.100000,65.633976,11.100000,0.551016,11.100000,0.000000,11.100000,0.000000,11.100000,0.000000,11.100000,0.000000,11.100000,0.000000,11.100000,74.505626,11.100000,100.000000,11.100000,67.300141,11.100000,77.526812,11.100000,0.000000,11.100000,100.000000,11.100000,0.000000,11.100000,2.386158,11.100000,0.000000,11.100000,0.000000,11.100000,0.000000,11.100000,0.000000,11.100000,33.049900,11.100000,9.849820,11.100000,99.787002,11.100000,0.000000,
11.300000,64.876717,11.300000,0.269885,11.300000,0.000000,11.300000,0.000000,11.300000,0.000000,11.300000,0.000000,11.300000,0.000000,11.300000,69.979077,11.300000,100.000000,11.300000,66.529356,11.300000,75.381997,11.300000,0.000000,11.300000,100.000000,11.300000,0.000000,11.300000,1.580360,11.300000,0.000000,11.300000,0.000000,11.300000,0.000000,11.300000,0.000000,11.300000,29.778590,11.300000,9.179489,11.300000,99.543575,11.300000,0.000000,
11.500000,64.106505,11.500000,0.119949,11.500000,0.000000,11.500000,0.000000,11.500000,0.000000,11.500000,0.000000,11.500000,0.000000,11.500000,65.729377,11.500000,100.000000,11.500000,65.755897,11.500000,73.157236,11.500000,0.000000,11.500000,100.000000,11.500000,0.000000,11.500000,0.992740,11.500000,0.000000,11.500000,0.000000,11.500000,0.000000,11.500000,0.000000,11.500000,26.143297,11.500000,8.651601,11.500000,99.088533,11.500000,0.000000,
11.700000,63.345641,11.700000,0.027488,11.700000,0.000000,11.700000,0.000000,11.700000,0.000000,11.700000,0.000000,11.700000,0.000000,11.700000,61.917277,11.700000,100.000000,11.700000,64.981503,11.700000,70.872653,11.700000,0.000000,11.700000,100.000000,11.700000,0.000000,11.700000,0.592060,11.700000,0.000000,11.700000,0.000000,11.700000,0.000000,11.700000,0.000000,11.700000,22.218027,11.700000,8.130574,11.700000,98.382457,11.700000,0.000000,
11.900000,62.582773,11.900000,0.002499,11.900000,0.000000,11.900000,0.000000,11.900000,0.000000,11.900000,0.000000,11.900000,0.000000,11.900000,58.351407,11.900000,100.000000,11.900000,64.200423,11.900000,68.614827,11.900000,0.000000,11.900000,100.000000,11.900000,0.000000,11.900000,0.330755,11.900000,0.000000,11.900000,0.000000,11.900000,0.000000,11.900000,0.000000,11.900000,17.955960,11.900000,7.586122,11.900000,97.314698,11.900000,0.000000,
12.100000,61.774505,12.100000,0.000000,12.100000,0.000000,12.100000,0.000000,12.100000,0.000000,12.100000,0.000000,12.100000,0.000000,12.100000,54.951392,12.100000,100.000000,12.100000,63.404369,12.100000,66.389088,12.100000,0.000000,12.100000,100.000000,12.100000,0.000000,12.100000,0.184087,12.100000,0.000000,12.100000,0.000000,12.100000,0.000000,12.100000,0.000000,12.100000,13.554945,12.100000,7.004522,12.100000,95.831316,12.100000,0.000000,
12.300000,60.960228,12.300000,0.000000,12.300000,0.000000,12.300000,0.000000,12.300000,0.000000,12.300000,0.000000,12.300000,0.000000,12.300000,51.663647,12.300000,100.000000,12.300000,62.593474,12.300000,64.113424,12.300000,0.000000,12.300000,100.000000,12.300000,0.000000,12.300000,0.100051,12.300000,0.000000,12.300000,0.000000,12.300000,0.000000,12.300000,0.000000,12.300000,9.496768,12.300000,6.355249,12.300000,94.023596,12.300000,0.000000,
12.500000,60.128591,12.500000,0.000000,12.500000,0.000000,12.500000,0.000000,12.500000,0.000000,12.500000,0.000000,12.500000,0.000000,12.500000,48.018678,12.500000,100.000000,12.500000,61.758646,12.500000,61.806761,12.500000,0.000000,12.500000,100.000000,12.500000,0.000000,12.500000,0.050580,12.500000,0.000000,12.500000,0.000000,12.500000,0.000000,12.500000,0.000000,12.500000,6.409714,12.500000,5.630497,12.500000,91.554059,12.500000,0.000000,
12.700000,59.273320,12.700000,0.000000,12.700000,0.000000,12.700000,0.000000,12.700000,0.000000,12.700000,0.000000,12.700000,0.000000,12.700000,44.145339,12.700000,100.000000,12.700000,60.931974,12.700000,59.414932,12.700000,0.000000,12.700000,100.000000,12.700000,0.000000,12.700000,0.024101,12.700000,0.000000,12.700000,0.000000,12.700000,0.000000,12.700000,0.000000,12.700000,4.230351,12.700000,4.846590,12.700000,88.455208,12.700000,0.000000,
12.900000,58.399754,12.900000,0.000000,12.900000,0.000000,12.900000,0.000000,12.900000,0.000000,12.900000,0.000000,12.900000,0.000000,12.900000,40.212038,12.900000,100.000000,12.900000,60.084445,12.900000,56.877352,12.900000,0.000000,12.900000,100.000000,12.900000,0.000000,12.900000,0.010148,12.900000,0.000000,12.900000,0.000000,12.900000,0.000000,12.900000,0.000000,12.900000,2.807648,12.900000,3.994066,12.900000,84.686242,12.900000,0.000000,
13.100000,57.505224,13.100000,0.000000,13.100000,0.000000,13.100000,0.000000,13.100000,0.000000,13.100000,0.000000,13.100000,0.000000,13.100000,36.601516,13.100000,100.000000,13.100000,59.250019,13.100000,54.203159,13.100000,0.000000,13.100000,100.000000,13.100000,0.000000,13.100000,0.003330,13.100000,0.000000,13.100000,0.000000,13.100000,0.000000,13.100000,0.000000,13.100000,1.909020,13.100000,3.153135,13.100000,80.461543,13.100000,0.000000,
13.300000,56.589463,13.300000,0.000000,13.300000,0.000000,13.300000,0.000000,13.300000,0.000000,13.300000,0.000000,13.300000,0.000000,13.300000,33.338011,13.300000,100.000000,13.300000,58.369199,13.300000,51.433684,13.300000,0.000000,13.300000,100.000000,13.300000,0.000000,13.300000,0.000951,13.300000,0.000000,13.300000,0.000000,13.300000,0.000000,13.300000,0.000000,13.300000,1.313961,13.300000,2.381296,13.300000,75.659396,13.300000,0.000000,
13.500000,55.644325,13.500000,0.000000,13.500000,0.000000,13.500000,0.000000,13.500000,0.000000,13.500000,0.000000,13.500000,0.000000,13.500000,30.422801,13.500000,100.000000,13.500000,57.462975,13.500000,48.591660,13.500000,0.000000,13.500000,100.000000,13.500000,0.000000,13.500000,0.000159,13.500000,0.000000,13.500000,0.000000,13.500000,0.000000,13.500000,0.000000,13.500000,0.907690,13.500000,1.703867,13.500000,70.475512,13.500000,0.000000,
13.700000,54.671278,13.700000,0.000000,13.700000,0.000000,13.700000,0.000000,13.700000,0.000000,13.700000,0.000000,13.700000,0.000000,13.700000,27.741063,13.700000,100.000000,13.700000,56.520251,13.700000,45.667515,13.700000,0.000000,13.700000,100.000000,13.700000,0.000000,13.700000,0.000000,13.700000,0.000000,13.700000,0.000000,13.700000,0.000000,13.700000,0.000000,13.700000,0.590527,13.700000,1.175268,13.700000,65.053734,13.700000,0.000000,
13.900000,53.679804,13.900000,0.000000,13.900000,0.000000,13.900000,0.000000,13.900000,0.000000,13.900000,0.000000,13.900000,0.000000,13.900000,25.221352,13.900000,100.000000,13.900000,55.584881,13.900000,42.771650,13.900000,0.000000,13.900000,100.000000,13.900000,0.000000,13.900000,0.000000,13.900000,0.000000,13.900000,0.000000,13.900000,0.000000,13.900000,0.000000,13.900000,0.362472,13.900000,0.758589,13.900000,59.495028,13.900000,0.000000,
14.100000,52.605674,14.100000,0.000000,14.100000,0.000000,14.100000,0.000000,14.100000,0.000000,14.100000,0.000000,14.100000,0.000000,14.100000,23.070348,14.100000,100.000000,14.100000,54.605389,14.100000,39.836738,14.100000,0.000000,14.100000,100.000000,14.100000,0.000000,14.100000,0.000000,14.100000,0.000000,14.100000,0.000000,14.100000,0.000000,14.100000,0.000000,14.100000,0.197849,14.100000,0.464239,14.100000,54.022074,14.100000,0.000000,
14.300000,51.486009,14.300000,0.000000,14.300000,0.000000,14.300000,0.000000,14.300000,0.000000,14.300000,0.000000,14.300000,0.000000,14.300000,20.804521,14.300000,100.000000,14.300000,53.597553,14.300000,36.994605,14.300000,0.000000,14.300000,100.000000,14.300000,0.000000,14.300000,0.000000,14.300000,0.000000,14.300000,0.000000,14.300000,0.000000,14.300000,0.000000,14.300000,0.063433,14.300000,0.262880,14.300000,48.671526,14.300000,0.000000,
14.500000,50.340974,14.500000,0.000000,14.500000,0.000000,14.500000,0.000000,14.500000,0.000000,14.500000,0.000000,14.500000,0.000000,14.500000,18.659896,14.500000,100.000000,14.500000,52.541718,14.500000,34.276034,14.500000,0.000000,14.500000,100.000000,14.500000,0.000000,14.500000,0.000000,14.500000,0.000000,14.500000,0.000000,14.500000,0.000000,14.500000,0.000000,14.500000,0.006041,14.500000,0.143152,14.500000,43.316137,14.500000,0.000000,
14.700000,49.135849,14.700000,0.000000,14.700000,0.000000,14.700000,0.000000,14.700000,0.000000,14.700000,0.000000,14.700000,0.000000,14.700000,16.809982,14.700000,100.000000,14.700000,51.423445,14.700000,31.766734,14.700000,0.000000,14.700000,100.000000,14.700000,0.000000,14.700000,0.000000,14.700000,0.000000,14.700000,0.000000,14.700000,0.000000,14.700000,0.000000,14.700000,0.000000,14.700000,0.076190,14.700000,38.325196,14.700000,0.000000,
14.900000,47.874507,14.900000,0.000000,14.900000,0.000000,14.900000,0.000000,14.900000,0.000000,14.900000,0.000000,14.900000,0.000000,14.900000,15.007272,14.900000,100.000000,14.900000,50.222277,14.900000,29.515108,14.900000,0.000000,14.900000,100.000000,14.900000,0.000000,14.900000,0.000000,14.900000,0.000000,14.900000,0.000000,14.900000,0.000000,14.900000,0.000000,14.900000,0.000000,14.900000,0.039042,14.900000,33.524433,14.900000,0.000000,
15.100000,46.568031,15.100000,0.000000,15.100000,0.000000,15.100000,0.000000,15.100000,0.000000,15.100000,0.000000,15.100000,0.000000,15.100000,13.330867,15.100000,99.998818,15.100000,48.936879,15.100000,27.541060,15.100000,0.000000,15.100000,100.000000,15.100000,0.000000,15.100000,0.000000,15.100000,0.000000,15.100000,0.000000,15.100000,0.000000,15.100000,0.000000,15.100000,0.000000,15.100000,0.016563,15.100000,29.027953,15.100000,0.000000,
15.300000,45.188113,15.300000,0.000000,15.300000,0.000000,15.300000,0.000000,15.300000,0.000000,15.300000,0.000000,15.300000,0.000000,15.300000,11.699115,15.300000,99.992909,15.300000,47.578212,15.300000,25.823272,15.300000,0.000000,15.300000,99.978837,15.300000,0.000000,15.300000,0.000000,15.300000,0.000000,15.300000,0.000000,15.300000,0.000000,15.300000,0.000000,15.300000,0.000000,15.300000,0.005915,15.300000,25.019709,15.300000,0.000000,
15.500000,43.690286,15.500000,0.000000,15.500000,0.000000,15.500000,0.000000,15.500000,0.000000,15.500000,0.000000,15.500000,0.000000,15.500000,10.203873,15.500000,99.968089,15.500000,46.103760,15.500000,24.332050,15.500000,0.000000,15.500000,99.911379,15.500000,0.000000,15.500000,0.000000,15.500000,0.000000,15.500000,0.000000,15.500000,0.000000,15.500000,0.000000,15.500000,0.000000,15.500000,0.000946,15.500000,21.514225,15.500000,0.000000,
15.700000,42.157608,15.700000,0.000000,15.700000,0.000000,15.700000,0.000000,15.700000,0.000000,15.700000,0.000000,15.700000,0.000000,15.700000,8.846419,15.700000,99.891265,15.700000,44.516197,15.700000,22.992343,15.700000,0.000000,15.700000,99.783077,15.700000,0.000000,15.700000,0.000000,15.700000,0.000000,15.700000,0.000000,15.700000,0.000000,15.700000,0.000000,15.700000,0.000000,15.700000,0.000237,15.700000,18.505968,15.700000,0.000000,
15.900000,40.546279,15.900000,0.000000,15.900000,0.000000,15.900000,0.000000,15.900000,0.000000,15.900000,0.000000,15.900000,0.000000,15.900000,7.559133,15.900000,99.722252,15.900000,42.823813,15.900000,21.704192,15.900000,0.000000,15.900000,99.485470,15.900000,0.000000,15.900000,0.000000,15.900000,0.000000,15.900000,0.000000,15.900000,0.000000,15.900000,0.000000,15.900000,0.000000,15.900000,0.000000,15.900000,15.752894,15.900000,0.000000,
16.100000,38.834400,16.100000,0.000000,16.100000,0.000000,16.100000,0.000000,16.100000,0.000000,16.100000,0.000000,16.100000,0.000000,16.100000,6.233574,16.100000,99.261308,16.100000,41.048267,16.100000,20.447149,16.100000,0.000000,16.100000,98.851897,16.100000,0.000000,16.100000,0.000000,16.100000,0.000000,16.100000,0.000000,16.100000,0.000000,16.100000,0.000000,16.100000,0.000000,16.100000,0.000000,16.100000,13.432733,16.100000,0.000000,
16.300000,36.991928,16.300000,0.000000,16.300000,0.000000,16.300000,0.000000,16.300000,0.000000,16.300000,0.000000,16.300000,0.000000,16.300000,5.020285,16.300000,98.211774,16.300000,39.199988,16.300000,19.179447,16.300000,0.000000,16.300000,97.779189,16.300000,0.000000,16.300000,0.000000,16.300000,0.000000,16.300000,0.000000,16.300000,0.000000,16.300000,0.000000,16.300000,0.000000,16.300000,0.000000,16.300000,11.293758,16.300000,0.000000,
16.500000,35.020998,16.500000,0.000000,16.500000,0.000000,16.500000,0.000000,16.500000,0.000000,16.500000,0.000000,16.500000,0.000000,16.500000,3.796790,16.500000,96.313631,16.500000,37.289271,16.500000,17.822010,16.500000,0.000000,16.500000,96.136397,16.500000,0.000000,16.500000,0.000000,16.500000,0.000000,16.500000,0.000000,16.500000,0.000000,16.500000,0.000000,16.500000,0.000000,16.500000,0.000000,16.500000,9.421032,16.500000,0.000000,
16.700000,32.913465,16.700000,0.000000,16.700000,0.000000,16.700000,0.000000,16.700000,0.000000,16.700000,0.000000,16.700000,0.000000,16.700000,2.781251,16.700000,93.200487,16.700000,35.316650,16.700000,16.428354,16.700000,0.000000,16.700000,93.641787,16.700000,0.000000,16.700000,0.000000,16.700000,0.000000,16.700000,0.000000,16.700000,0.000000,16.700000,0.000000,16.700000,0.000000,16.700000,0.000000,16.700000,7.764070,16.700000,0.000000,
16.900000,30.739032,16.900000,0.000000,16.900000,0.000000,16.900000,0.000000,16.900000,0.000000,16.900000,0.000000,16.900000,0.000000,16.900000,1.888189,16.900000,88.381851,16.900000,33.280522,16.900000,14.957580,16.900000,0.000000,16.900000,90.274195,16.900000,0.000000,16.900000,0.000000,16.900000,0.000000,16.900000,0.000000,16.900000,0.000000,16.900000,0.000000,16.900000,0.000000,16.900000,0.000000,16.900000,6.389953,16.900000,0.000000,
17.100000,28.503709,17.100000,0.000000,17.100000,0.000000,17.100000,0.000000,17.100000,0.000000,17.100000,0.000000,17.100000,0.000000,17.100000,1.265597,17.100000,81.635523,17.100000,31.164306,17.100000,13.408493,17.100000,0.000000,17.100000,86.142084,17.100000,0.000000,17.100000,0.000000,17.100000,0.000000,17.100000,0.000000,17.100000,0.000000,17.100000,0.000000,17.100000,0.000000,17.100000,0.000000,17.100000,5.276552,17.100000,0.000000,
17.300000,26.226457,17.300000,0.000000,17.300000,0.000000,17.300000,0.000000,17.300000,0.000000,17.300000,0.000000,17.300000,0.000000,17.300000,0.768033,17.300000,73.446087,17.300000,29.021083,17.300000,11.835802,17.300000,0.000000,17.300000,81.158155,17.300000,0.000000,17.300000,0.000000,17.300000,0.000000,17.300000,0.000000,17.300000,0.000000,17.300000,0.000000,17.300000,0.000000,17.300000,0.000000,17.300000,4.325666,17.300000,0.000000,
17.500000,23.920629,17.500000,0.000000,17.500000,0.000000,17.500000,0.000000,17.500000,0.000000,17.500000,0.000000,17.500000,0.000000,17.500000,0.435049,17.500000,64.287487,17.500000,26.752583,17.500000,10.295634,17.500000,0.000000,17.500000,75.597529,17.500000,0.000000,17.500000,0.000000,17.500000,0.000000,17.500000,0.000000,17.500000,0.000000,17.500000,0.000000,17.500000,0.000000,17.500000,0.000000,17.500000,3.486812,17.500000,0.000000,
17.700000,21.632427,17.700000,0.000000,17.700000,0.000000,17.700000,0.000000,17.700000,0.000000,17.700000,0.000000,17.700000,0.000000,17.700000,0.261540,17.700000,54.742403,17.700000,24.495581,17.700000,8.772107,17.700000,0.000000,17.700000,69.372908,17.700000,0.000000,17.700000,0.000000,17.700000,0.000000,17.700000,0.000000,17.700000,0.000000,17.700000,0.000000,17.700000,0.000000,17.700000,0.000000,17.700000,2.752382,17.700000,0.000000,
17.900000,19.436095,17.900000,0.000000,17.900000,0.000000,17.900000,0.000000,17.900000,0.000000,17.900000,0.000000,17.900000,0.000000,17.900000,0.136511,17.900000,45.199683,17.900000,22.200607,17.900000,7.326242,17.900000,0.000000,17.900000,62.587463,17.900000,0.000000,17.900000,0.000000,17.900000,0.000000,17.900000,0.000000,17.900000,0.000000,17.900000,0.000000,17.900000,0.000000,17.900000,0.000000,17.900000,2.131367,17.900000,0.000000,
18.100000,17.264867,18.100000,0.000000,18.100000,0.000000,18.100000,0.000000,18.100000,0.000000,18.100000,0.000000,18.100000,0.000000,18.100000,0.062514,18.100000,36.089541,18.100000,19.903227,18.100000,6.002197,18.100000,0.000000,18.100000,55.358914,18.100000,0.000000,18.100000,0.000000,18.100000,0.000000,18.100000,0.000000,18.100000,0.000000,18.100000,0.000000,18.100000,0.000000,18.100000,0.000000,18.100000,1.628608,18.100000,0.000000,
18.300000,15.234515,18.300000,0.000000,18.300000,0.000000,18.300000,0.000000,18.300000,0.000000,18.300000,0.000000,18.300000,0.000000,18.300000,0.031895,18.300000,27.961564,18.300000,17.633925,18.300000,4.837173,18.300000,0.000000,18.300000,47.838049,18.300000,0.000000,18.300000,0.000000,18.300000,0.000000,18.300000,0.000000,18.300000,0.000000,18.300000,0.000000,18.300000,0.000000,18.300000,0.000000,18.300000,1.210910,18.300000,0.000000,
18.500000,13.333155,18.500000,0.000000,18.500000,0.000000,18.500000,0.000000,18.500000,0.000000,18.500000,0.000000,18.500000,0.000000,18.500000,0.008931,18.500000,21.084045,18.500000,15.450725,18.500000,3.883487,18.500000,0.000000,18.500000,40.255016,18.500000,0.000000,18.500000,0.000000,18.500000,0.000000,18.500000,0.000000,18.500000,0.000000,18.500000,0.000000,18.500000,0.000000,18.500000,0.000000,18.500000,0.912850,18.500000,0.000000,
18.700000,11.579214,18.700000,0.000000,18.700000,0.000000,18.700000,0.000000,18.700000,0.000000,18.700000,0.000000,18.700000,0.000000,18.700000,0.000000,18.700000,15.544446,18.700000,13.322611,18.700000,3.109269,18.700000,0.000000,18.700000,32.657434,18.700000,0.000000,18.700000,0.000000,18.700000,0.000000,18.700000,0.000000,18.700000,0.000000,18.700000,0.000000,18.700000,0.000000,18.700000,0.000000,18.700000,0.686712,18.700000,0.000000,
18.900000,9.955734,18.900000,0.000000,18.900000,0.000000,18.900000,0.000000,18.900000,0.000000,18.900000,0.000000,18.900000,0.000000,18.900000,0.000000,18.900000,10.951554,18.900000,11.342770,18.900000,2.486023,18.900000,0.000000,18.900000,25.786014,18.900000,0.000000,18.900000,0.000000,18.900000,0.000000,18.900000,0.000000,18.900000,0.000000,18.900000,0.000000,18.900000,0.000000,18.900000,0.000000,18.900000,0.486854,18.900000,0.000000,
19.100000,8.490356,19.100000,0.000000,19.100000,0.000000,19.100000,0.000000,19.100000,0.000000,19.100000,0.000000,19.100000,0.000000,19.100000,0.000000,19.100000,7.526386,19.100000,9.511605,19.100000,1.995802,19.100000,0.000000,19.100000,19.419864,19.100000,0.000000,19.100000,0.000000,19.100000,0.000000,19.100000,0.000000,19.100000,0.000000,19.100000,0.000000,19.100000,0.000000,19.100000,0.000000,19.100000,0.324339,19.100000,0.000000,
19.300000,7.173197,19.300000,0.000000,19.300000,0.000000,19.300000,0.000000,19.300000,0.000000,19.300000,0.000000,19.300000,0.000000,19.300000,0.000000,19.300000,4.845820,19.300000,7.854518,19.300000,1.576171,19.300000,0.000000,19.300000,13.806330,19.300000,0.000000,19.300000,0.000000,19.300000,0.000000,19.300000,0.000000,19.300000,0.000000,19.300000,0.000000,19.300000,0.000000,19.300000,0.000000,19.300000,0.213690,19.300000,0.000000,
19.500000,6.023088,19.500000,0.000000,19.500000,0.000000,19.500000,0.000000,19.500000,0.000000,19.500000,0.000000,19.500000,0.000000,19.500000,0.000000,19.500000,3.044593,19.500000,6.371242,19.500000,1.220496,19.500000,0.000000,19.500000,9.045937,19.500000,0.000000,19.500000,0.000000,19.500000,0.000000,19.500000,0.000000,19.500000,0.000000,19.500000,0.000000,19.500000,0.000000,19.500000,0.000000,19.500000,0.138311,19.500000,0.000000,
19.700000,5.023869,19.700000,0.000000,19.700000,0.000000,19.700000,0.000000,19.700000,0.000000,19.700000,0.000000,19.700000,0.000000,19.700000,0.000000,19.700000,1.873323,19.700000,5.072472,19.700000,0.917575,19.700000,0.000000,19.700000,5.655860,19.700000,0.000000,19.700000,0.000000,19.700000,0.000000,19.700000,0.000000,19.700000,0.000000,19.700000,0.000000,19.700000,0.000000,19.700000,0.000000,19.700000,0.082295,19.700000,0.000000,
19.900000,4.129606,19.900000,0.000000,19.900000,0.000000,19.900000,0.000000,19.900000,0.000000,19.900000,0.000000,19.900000,0.000000,19.900000,0.000000,19.900000,1.103901,19.900000,3.951392,19.900000,0.656529,19.900000,0.000000,19.900000,3.308070,19.900000,0.000000,19.900000,0.000000,19.900000,0.000000,19.900000,0.000000,19.900000,0.000000,19.900000,0.000000,19.900000,0.000000,19.900000,0.000000,19.900000,0.043568,19.900000,0.000000,
20.100000,3.332821,20.100000,0.000000,20.100000,0.000000,20.100000,0.000000,20.100000,0.000000,20.100000,0.000000,20.100000,0.000000,20.100000,0.000000,20.100000,0.639412,20.100000,3.021236,20.100000,0.455633,20.100000,0.000000,20.100000,1.781675,20.100000,0.000000,20.100000,0.000000,20.100000,0.000000,20.100000,0.000000,20.100000,0.000000,20.100000,0.000000,20.100000,0.000000,20.100000,0.000000,20.100000,0.018672,20.100000,0.000000,
20.300000,2.654480,20.300000,0.000000,20.300000,0.000000,20.300000,0.000000,20.300000,0.000000,20.300000,0.000000,20.300000,0.000000,20.300000,0.000000,20.300000,0.342753,20.300000,2.237348,20.300000,0.304771,20.300000,0.000000,20.300000,0.937793,20.300000,0.000000,20.300000,0.000000,20.300000,0.000000,20.300000,0.000000,20.300000,0.000000,20.300000,0.000000,20.300000,0.000000,20.300000,0.000000,20.300000,0.008299,20.300000,0.000000,
20.500000,2.076020,20.500000,0.000000,20.500000,0.000000,20.500000,0.000000,20.500000,0.000000,20.500000,0.000000,20.500000,0.000000,20.500000,0.000000,20.500000,0.189105,20.500000,1.626470,20.500000,0.195023,20.500000,0.000000,20.500000,0.433845,20.500000,0.000000,20.500000,0.000000,20.500000,0.000000,20.500000,0.000000,20.500000,0.000000,20.500000,0.000000,20.500000,0.000000,20.500000,0.000000,20.500000,0.001383,20.500000,0.000000,
20.700000,1.603050,20.700000,0.000000,20.700000,0.000000,20.700000,0.000000,20.700000,0.000000,20.700000,0.000000,20.700000,0.000000,20.700000,0.000000,20.700000,0.101644,20.700000,1.167475,20.700000,0.119428,20.700000,0.000000,20.700000,0.203696,20.700000,0.000000,20.700000,0.000000,20.700000,0.000000,20.700000,0.000000,20.700000,0.000000,20.700000,0.000000,20.700000,0.000000,20.700000,0.000000,20.700000,0.000000,20.700000,0.000000,
20.900000,1.230630,20.900000,0.000000,20.900000,0.000000,20.900000,0.000000,20.900000,0.000000,20.900000,0.000000,20.900000,0.000000,20.900000,0.000000,20.900000,0.041367,20.900000,0.836967,20.900000,0.070482,20.900000,0.000000,20.900000,0.080685,20.900000,0.000000,20.900000,0.000000,20.900000,0.000000,20.900000,0.000000,20.900000,0.000000,20.900000,0.000000,20.900000,0.000000,20.900000,0.000000,20.900000,0.000000,20.900000,0.000000,
21.100000,0.938862,21.100000,0.000000,21.100000,0.000000,21.100000,0.000000,21.100000,0.000000,21.100000,0.000000,21.100000,0.000000,21.100000,0.000000,21.100000,0.018911,21.100000,0.575849,21.100000,0.037852,21.100000,0.000000,21.100000,0.035713,21.100000,0.000000,21.100000,0.000000,21.100000,0.000000,21.100000,0.000000,21.100000,0.000000,21.100000,0.000000,21.100000,0.000000,21.100000,0.000000,21.100000,0.000000,21.100000,0.000000,
21.300000,0.720004,21.300000,0.000000,21.300000,0.000000,21.300000,0.000000,21.300000,0.000000,21.300000,0.000000,21.300000,0.000000,21.300000,0.000000,21.300000,0.004728,21.300000,0.390139,21.300000,0.021754,21.300000,0.000000,21.300000,0.010582,21.300000,0.000000,21.300000,0.000000,21.300000,0.000000,21.300000,0.000000,21.300000,0.000000,21.300000,0.000000,21.300000,0.000000,21.300000,0.000000,21.300000,0.000000,21.300000,0.000000,
21.500000,0.543341,21.500000,0.000000,21.500000,0.000000,21.500000,0.000000,21.500000,0.000000,21.500000,0.000000,21.500000,0.000000,21.500000,0.000000,21.500000,0.001182,21.500000,0.260583,21.500000,0.012291,21.500000,0.000000,21.500000,0.000000,21.500000,0.000000,21.500000,0.000000,21.500000,0.000000,21.500000,0.000000,21.500000,0.000000,21.500000,0.000000,21.500000,0.000000,21.500000,0.000000,21.500000,0.000000,21.500000,0.000000,
21.700000,0.412880,21.700000,0.000000,21.700000,0.000000,21.700000,0.000000,21.700000,0.000000,21.700000,0.000000,21.700000,0.000000,21.700000,0.000000,21.700000,0.000000,21.700000,0.171404,21.700000,0.006417,21.700000,0.000000,21.700000,0.000000,21.700000,0.000000,21.700000,0.000000,21.700000,0.000000,21.700000,0.000000,21.700000,0.000000,21.700000,0.000000,21.700000,0.000000,21.700000,0.000000,21.700000,0.000000,21.700000,0.000000,
21.900000,0.307791,21.900000,0.000000,21.900000,0.000000,21.900000,0.000000,21.900000,0.000000,21.900000,0.000000,21.900000,0.000000,21.900000,0.000000,21.900000,0.000000,21.900000,0.112442,21.900000,0.003154,21.900000,0.000000,21.900000,0.000000,21.900000,0.000000,21.900000,0.000000,21.900000,0.000000,21.900000,0.000000,21.900000,0.000000,21.900000,0.000000,21.900000,0.000000,21.900000,0.000000,21.900000,0.000000,21.900000,0.000000,
22.100000,0.238221,22.100000,0.000000,22.100000,0.000000,22.100000,0.000000,22.100000,0.000000,22.100000,0.000000,22.100000,0.000000,22.100000,0.000000,22.100000,0.000000,22.100000,0.068187,22.100000,0.002175,22.100000,0.000000,22.100000,0.000000,22.100000,0.000000,22.100000,0.000000,22.100000,0.000000,22.100000,0.000000,22.100000,0.000000,22.100000,0.000000,22.100000,0.000000,22.100000,0.000000,22.100000,0.000000,22.100000,0.000000,
22.300000,0.177731,22.300000,0.000000,22.300000,0.000000,22.300000,0.000000,22.300000,0.000000,22.300000,0.000000,22.300000,0.000000,22.300000,0.000000,22.300000,0.000000,22.300000,0.036233,22.300000,0.001414,22.300000,0.000000,22.300000,0.000000,22.300000,0.000000,22.300000,0.000000,22.300000,0.000000,22.300000,0.000000,22.300000,0.000000,22.300000,0.000000,22.300000,0.000000,22.300000,0.000000,22.300000,0.000000,22.300000,0.000000,
22.500000,0.128725,22.500000,0.000000,22.500000,0.000000,22.500000,0.000000,22.500000,0.000000,22.500000,0.000000,22.500000,0.000000,22.500000,0.000000,22.500000,0.000000,22.500000,0.018986,22.500000,0.001305,22.500000,0.000000,22.500000,0.000000,22.500000,0.000000,22.500000,0.000000,22.500000,0.000000,22.500000,0.000000,22.500000,0.000000,22.500000,0.000000,22.500000,0.000000,22.500000,0.000000,22.500000,0.000000,22.500000,0.000000,
22.700000,0.093205,22.700000,0.000000,22.700000,0.000000,22.700000,0.000000,22.700000,0.000000,22.700000,0.000000,22.700000,0.000000,22.700000,0.000000,22.700000,0.000000,22.700000,0.007086,22.700000,0.001088,22.700000,0.000000,22.700000,0.000000,22.700000,0.000000,22.700000,0.000000,22.700000,0.000000,22.700000,0.000000,22.700000,0.000000,22.700000,0.000000,22.700000,0.000000,22.700000,0.000000,22.700000,0.000000,22.700000,0.000000,
22.900000,0.060490,22.900000,0.000000,22.900000,0.000000,22.900000,0.000000,22.900000,0.000000,22.900000,0.000000,22.900000,0.000000,22.900000,0.000000,22.900000,0.000000,22.900000,0.003877,22.900000,0.000870,22.900000,0.000000,22.900000,0.000000,22.900000,0.000000,22.900000,0.000000,22.900000,0.000000,22.900000,0.000000,22.900000,0.000000,22.900000,0.000000,22.900000,0.000000,22.900000,0.000000,22.900000,0.000000,22.900000,0.000000,
23.100000,0.037122,23.100000,0.000000,23.100000,0.000000,23.100000,0.000000,23.100000,0.000000,23.100000,0.000000,23.100000,0.000000,23.100000,0.000000,23.100000,0.000000,23.100000,0.001070,23.100000,0.000653,23.100000,0.000000,23.100000,0.000000,23.100000,0.000000,23.100000,0.000000,23.100000,0.000000,23.100000,0.000000,23.100000,0.000000,23.100000,0.000000,23.100000,0.000000,23.100000,0.000000,23.100000,0.000000,23.100000,0.000000,
23.300000,0.022433,23.300000,0.000000,23.300000,0.000000,23.300000,0.000000,23.300000,0.000000,23.300000,0.000000,23.300000,0.000000,23.300000,0.000000,23.300000,0.000000,23.300000,0.000000,23.300000,0.000544,23.300000,0.000000,23.300000,0.000000,23.300000,0.000000,23.300000,0.000000,23.300000,0.000000,23.300000,0.000000,23.300000,0.000000,23.300000,0.000000,23.300000,0.000000,23.300000,0.000000,23.300000,0.000000,23.300000,0.000000,
23.500000,0.010950,23.500000,0.000000,23.500000,0.000000,23.500000,0.000000,23.500000,0.000000,23.500000,0.000000,23.500000,0.000000,23.500000,0.000000,23.500000,0.000000,23.500000,0.000000,23.500000,0.000326,23.500000,0.000000,23.500000,0.000000,23.500000,0.000000,23.500000,0.000000,23.500000,0.000000,23.500000,0.000000,23.500000,0.000000,23.500000,0.000000,23.500000,0.000000,23.500000,0.000000,23.500000,0.000000,23.500000,0.000000,
23.700000,0.005341,23.700000,0.000000,23.700000,0.000000,23.700000,0.000000,23.700000,0.000000,23.700000,0.000000,23.700000,0.000000,23.700000,0.000000,23.700000,0.000000,23.700000,0.000000,23.700000,0.000000,23.700000,0.000000,23.700000,0.000000,23.700000,0.000000,23.700000,0.000000,23.700000,0.000000,23.700000,0.000000,23.700000,0.000000,23.700000,0.000000,23.700000,0.000000,23.700000,0.000000,23.700000,0.000000,23.700000,0.000000,
23.900000,0.002671,23.900000,0.000000,23.900000,0.000000,23.900000,0.000000,23.900000,0.000000,23.900000,0.000000,23.900000,0.000000,23.900000,0.000000,23.900000,0.000000,23.900000,0.000000,23.900000,0.000000,23.900000,0.000000,23.900000,0.000000,23.900000,0.000000,23.900000,0.000000,23.900000,0.000000,23.900000,0.000000,23.900000,0.000000,23.900000,0.000000,23.900000,0.000000,23.900000,0.000000,23.900000,0.000000,23.900000,0.000000,
24.100000,0.001068,24.100000,0.000000,24.100000,0.000000,24.100000,0.000000,24.100000,0.000000,24.100000,0.000000,24.100000,0.000000,24.100000,0.000000,24.100000,0.000000,24.100000,0.000000,24.100000,0.000000,24.100000,0.000000,24.100000,0.000000,24.100000,0.000000,24.100000,0.000000,24.100000,0.000000,24.100000,0.000000,24.100000,0.000000,24.100000,0.000000,24.100000,0.000000,24.100000,0.000000,24.100000,0.000000,24.100000,0.000000,
24.300000,0.000000,24.300000,0.000000,24.300000,0.000000,24.300000,0.000000,24.300000,0.000000,24.300000,0.000000,24.300000,0.000000,24.300000,0.000000,24.300000,0.000000,24.300000,0.000000,24.300000,0.000000,24.300000,0.000000,24.300000,0.000000,24.300000,0.000000,24.300000,0.000000,24.300000,0.000000,24.300000,0.000000,24.300000,0.000000,24.300000,0.000000,24.300000,0.000000,24.300000,0.000000,24.300000,0.000000,24.300000,0.000000,
24.500000,0.000000,24.500000,0.000000,24.500000,0.000000,24.500000,0.000000,24.500000,0.000000,24.500000,0.000000,24.500000,0.000000,24.500000,0.000000,24.500000,0.000000,24.500000,0.000000,24.500000,0.000000,24.500000,0.000000,24.500000,0.000000,24.500000,0.000000,24.500000,0.000000,24.500000,0.000000,24.500000,0.000000,24.500000,0.000000,24.500000,0.000000,24.500000,0.000000,24.500000,0.000000,24.500000,0.000000,24.500000,0.000000,
24.700000,0.000000,24.700000,0.000000,24.700000,0.000000,24.700000,0.000000,24.700000,0.000000,24.700000,0.000000,24.700000,0.000000,24.700000,0.000000,24.700000,0.000000,24.700000,0.000000,24.700000,0.000000,24.700000,0.000000,24.700000,0.000000,24.700000,0.000000,24.700000,0.000000,24.700000,0.000000,24.700000,0.000000,24.700000,0.000000,24.700000,0.000000,24.700000,0.000000,24.700000,0.000000,24.700000,0.000000,24.700000,0.000000,
24.900000,0.000000,24.900000,0.000000,24.900000,0.000000,24.900000,0.000000,24.900000,0.000000,24.900000,0.000000,24.900000,0.000000,24.900000,0.000000,24.900000,0.000000,24.900000,0.000000,24.900000,0.000000,24.900000,0.000000,24.900000,0.000000,24.900000,0.000000,24.900000,0.000000,24.900000,0.000000,24.900000,0.000000,24.900000,0.000000,24.900000,0.000000,24.900000,0.000000,24.900000,0.000000,24.900000,0.000000,24.900000,0.000000,
25.100000,0.000000,25.100000,0.000000,25.100000,0.000000,25.100000,0.000000,25.100000,0.000000,25.100000,0.000000,25.100000,0.000000,25.100000,0.000000,25.100000,0.000000,25.100000,0.000000,25.100000,0.000000,25.100000,0.000000,25.100000,0.000000,25.100000,0.000000,25.100000,0.000000,25.100000,0.000000,25.100000,0.000000,25.100000,0.000000,25.100000,0.000000,25.100000,0.000000,25.100000,0.000000,25.100000,0.000000,25.100000,0.000000,
25.300000,0.000000,25.300000,0.000000,25.300000,0.000000,25.300000,0.000000,25.300000,0.000000,25.300000,0.000000,25.300000,0.000000,25.300000,0.000000,25.300000,0.000000,25.300000,0.000000,25.300000,0.000000,25.300000,0.000000,25.300000,0.000000,25.300000,0.000000,25.300000,0.000000,25.300000,0.000000,25.300000,0.000000,25.300000,0.000000,25.300000,0.000000,25.300000,0.000000,25.300000,0.000000,25.300000,0.000000,25.300000,0.000000,
25.500000,0.000000,25.500000,0.000000,25.500000,0.000000,25.500000,0.000000,25.500000,0.000000,25.500000,0.000000,25.500000,0.000000,25.500000,0.000000,25.500000,0.000000,25.500000,0.000000,25.500000,0.000000,25.500000,0.000000,25.500000,0.000000,25.500000,0.000000,25.500000,0.000000,25.500000,0.000000,25.500000,0.000000,25.500000,0.000000,25.500000,0.000000,25.500000,0.000000,25.500000,0.000000,25.500000,0.000000,25.500000,0.000000,
25.700000,0.000000,25.700000,0.000000,25.700000,0.000000,25.700000,0.000000,25.700000,0.000000,25.700000,0.000000,25.700000,0.000000,25.700000,0.000000,25.700000,0.000000,25.700000,0.000000,25.700000,0.000000,25.700000,0.000000,25.700000,0.000000,25.700000,0.000000,25.700000,0.000000,25.700000,0.000000,25.700000,0.000000,25.700000,0.000000,25.700000,0.000000,25.700000,0.000000,25.700000,0.000000,25.700000,0.000000,25.700000,0.000000,
25.900000,0.000000,25.900000,0.000000,25.900000,0.000000,25.900000,0.000000,25.900000,0.000000,25.900000,0.000000,25.900000,0.000000,25.900000,0.000000,25.900000,0.000000,25.900000,0.000000,25.900000,0.000000,25.900000,0.000000,25.900000,0.000000,25.900000,0.000000,25.900000,0.000000,25.900000,0.000000,25.900000,0.000000,25.900000,0.000000,25.900000,0.000000,25.900000,0.000000,25.900000,0.000000,25.900000,0.000000,25.900000,0.000000,
26.100000,0.000000,26.100000,0.000000,26.100000,0.000000,26.100000,0.000000,26.100000,0.000000,26.100000,0.000000,26.100000,0.000000,26.100000,0.000000,26.100000,0.000000,26.100000,0.000000,26.100000,0.000000,26.100000,0.000000,26.100000,0.000000,26.100000,0.000000,26.100000,0.000000,26.100000,0.000000,26.100000,0.000000,26.100000,0.000000,26.100000,0.000000,26.100000,0.000000,26.100000,0.000000,26.100000,0.000000,26.100000,0.000000,
26.300000,0.000000,26.300000,0.000000,26.300000,0.000000,26.300000,0.000000,26.300000,0.000000,26.300000,0.000000,26.300000,0.000000,26.300000,0.000000,26.300000,0.000000,26.300000,0.000000,26.300000,0.000000,26.300000,0.000000,26.300000,0.000000,26.300000,0.000000,26.300000,0.000000,26.300000,0.000000,26.300000,0.000000,26.300000,0.000000,26.300000,0.000000,26.300000,0.000000,26.300000,0.000000,26.300000,0.000000,26.300000,0.000000,
26.500000,0.000000,26.500000,0.000000,26.500000,0.000000,26.500000,0.000000,26.500000,0.000000,26.500000,0.000000,26.500000,0.000000,26.500000,0.000000,26.500000,0.000000,26.500000,0.000000,26.500000,0.000000,26.500000,0.000000,26.500000,0.000000,26.500000,0.000000,26.500000,0.000000,26.500000,0.000000,26.500000,0.000000,26.500000,0.000000,26.500000,0.000000,26.500000,0.000000,26.500000,0.000000,26.500000,0.000000,26.500000,0.000000,
26.700000,0.000000,26.700000,0.000000,26.700000,0.000000,26.700000,0.000000,26.700000,0.000000,26.700000,0.000000,26.700000,0.000000,26.700000,0.000000,26.700000,0.000000,26.700000,0.000000,26.700000,0.000000,26.700000,0.000000,26.700000,0.000000,26.700000,0.000000,26.700000,0.000000,26.700000,0.000000,26.700000,0.000000,26.700000,0.000000,26.700000,0.000000,26.700000,0.000000,26.700000,0.000000,26.700000,0.000000,26.700000,0.000000,
26.900000,0.000000,26.900000,0.000000,26.900000,0.000000,26.900000,0.000000,26.900000,0.000000,26.900000,0.000000,26.900000,0.000000,26.900000,0.000000,26.900000,0.000000,26.900000,0.000000,26.900000,0.000000,26.900000,0.000000,26.900000,0.000000,26.900000,0.000000,26.900000,0.000000,26.900000,0.000000,26.900000,0.000000,26.900000,0.000000,26.900000,0.000000,26.900000,0.000000,26.900000,0.000000,26.900000,0.000000,26.900000,0.000000,
27.100000,0.000000,27.100000,0.000000,27.100000,0.000000,27.100000,0.000000,27.100000,0.000000,27.100000,0.000000,27.100000,0.000000,27.100000,0.000000,27.100000,0.000000,27.100000,0.000000,27.100000,0.000000,27.100000,0.000000,27.100000,0.000000,27.100000,0.000000,27.100000,0.000000,27.100000,0.000000,27.100000,0.000000,27.100000,0.000000,27.100000,0.000000,27.100000,0.000000,27.100000,0.000000,27.100000,0.000000,27.100000,0.000000,
27.300000,0.000000,27.300000,0.000000,27.300000,0.000000,27.300000,0.000000,27.300000,0.000000,27.300000,0.000000,27.300000,0.000000,27.300000,0.000000,27.300000,0.000000,27.300000,0.000000,27.300000,0.000000,27.300000,0.000000,27.300000,0.000000,27.300000,0.000000,27.300000,0.000000,27.300000,0.000000,27.300000,0.000000,27.300000,0.000000,27.300000,0.000000,27.300000,0.000000,27.300000,0.000000,27.300000,0.000000,27.300000,0.000000,
27.500000,0.000000,27.500000,0.000000,27.500000,0.000000,27.500000,0.000000,27.500000,0.000000,27.500000,0.000000,27.500000,0.000000,27.500000,0.000000,27.500000,0.000000,27.500000,0.000000,27.500000,0.000000,27.500000,0.000000,27.500000,0.000000,27.500000,0.000000,27.500000,0.000000,27.500000,0.000000,27.500000,0.000000,27.500000,0.000000,27.500000,0.000000,27.500000,0.000000,27.500000,0.000000,27.500000,0.000000,27.500000,0.000000,
27.700000,0.000000,27.700000,0.000000,27.700000,0.000000,27.700000,0.000000,27.700000,0.000000,27.700000,0.000000,27.700000,0.000000,27.700000,0.000000,27.700000,0.000000,27.700000,0.000000,27.700000,0.000000,27.700000,0.000000,27.700000,0.000000,27.700000,0.000000,27.700000,0.000000,27.700000,0.000000,27.700000,0.000000,27.700000,0.000000,27.700000,0.000000,27.700000,0.000000,27.700000,0.000000,27.700000,0.000000,27.700000,0.000000,
27.900000,0.000000,27.900000,0.000000,27.900000,0.000000,27.900000,0.000000,27.900000,0.000000,27.900000,0.000000,27.900000,0.000000,27.900000,0.000000,27.900000,0.000000,27.900000,0.000000,27.900000,0.000000,27.900000,0.000000,27.900000,0.000000,27.900000,0.000000,27.900000,0.000000,27.900000,0.000000,27.900000,0.000000,27.900000,0.000000,27.900000,0.000000,27.900000,0.000000,27.900000,0.000000,27.900000,0.000000,27.900000,0.000000,
28.100000,0.000000,28.100000,0.000000,28.100000,0.000000,28.100000,0.000000,28.100000,0.000000,28.100000,0.000000,28.100000,0.000000,28.100000,0.000000,28.100000,0.000000,28.100000,0.000000,28.100000,0.000000,28.100000,0.000000,28.100000,0.000000,28.100000,0.000000,28.100000,0.000000,28.100000,0.000000,28.100000,0.000000,28.100000,0.000000,28.100000,0.000000,28.100000,0.000000,28.100000,0.000000,28.100000,0.000000,28.100000,0.000000,
28.300000,0.000000,28.300000,0.000000,28.300000,0.000000,28.300000,0.000000,28.300000,0.000000,28.300000,0.000000,28.300000,0.000000,28.300000,0.000000,28.300000,0.000000,28.300000,0.000000,28.300000,0.000000,28.300000,0.000000,28.300000,0.000000,28.300000,0.000000,28.300000,0.000000,28.300000,0.000000,28.300000,0.000000,28.300000,0.000000,28.300000,0.000000,28.300000,0.000000,28.300000,0.000000,28.300000,0.000000,28.300000,0.000000,
28.500000,0.000000,28.500000,0.000000,28.500000,0.000000,28.500000,0.000000,28.500000,0.000000,28.500000,0.000000,28.500000,0.000000,28.500000,0.000000,28.500000,0.000000,28.500000,0.000000,28.500000,0.000000,28.500000,0.000000,28.500000,0.000000,28.500000,0.000000,28.500000,0.000000,28.500000,0.000000,28.500000,0.000000,28.500000,0.000000,28.500000,0.000000,28.500000,0.000000,28.500000,0.000000,28.500000,0.000000,28.500000,0.000000,
28.700000,0.000000,28.700000,0.000000,28.700000,0.000000,28.700000,0.000000,28.700000,0.000000,28.700000,0.000000,28.700000,0.000000,28.700000,0.000000,28.700000,0.000000,28.700000,0.000000,28.700000,0.000000,28.700000,0.000000,28.700000,0.000000,28.700000,0.000000,28.700000,0.000000,28.700000,0.000000,28.700000,0.000000,28.700000,0.000000,28.700000,0.000000,28.700000,0.000000,28.700000,0.000000,28.700000,0.000000,28.700000,0.000000,
28.900000,0.000000,28.900000,0.000000,28.900000,0.000000,28.900000,0.000000,28.900000,0.000000,28.900000,0.000000,28.900000,0.000000,28.900000,0.000000,28.900000,0.000000,28.900000,0.000000,28.900000,0.000000,28.900000,0.000000,28.900000,0.000000,28.900000,0.000000,28.900000,0.000000,28.900000,0.000000,28.900000,0.000000,28.900000,0.000000,28.900000,0.000000,28.900000,0.000000,28.900000,0.000000,28.900000,0.000000,28.900000,0.000000,
29.100000,0.000000,29.100000,0.000000,29.100000,0.000000,29.100000,0.000000,29.100000,0.000000,29.100000,0.000000,29.100000,0.000000,29.100000,0.000000,29.100000,0.000000,29.100000,0.000000,29.100000,0.000000,29.100000,0.000000,29.100000,0.000000,29.100000,0.000000,29.100000,0.000000,29.100000,0.000000,29.100000,0.000000,29.100000,0.000000,29.100000,0.000000,29.100000,0.000000,29.100000,0.000000,29.100000,0.000000,29.100000,0.000000,
29.300000,0.000000,29.300000,0.000000,29.300000,0.000000,29.300000,0.000000,29.300000,0.000000,29.300000,0.000000,29.300000,0.000000,29.300000,0.000000,29.300000,0.000000,29.300000,0.000000,29.300000,0.000000,29.300000,0.000000,29.300000,0.000000,29.300000,0.000000,29.300000,0.000000,29.300000,0.000000,29.300000,0.000000,29.300000,0.000000,29.300000,0.000000,29.300000,0.000000,29.300000,0.000000,29.300000,0.000000,29.300000,0.000000,
29.500000,0.000000,29.500000,0.000000,29.500000,0.000000,29.500000,0.000000,29.500000,0.000000,29.500000,0.000000,29.500000,0.000000,29.500000,0.000000,29.500000,0.000000,29.500000,0.000000,29.500000,0.000000,29.500000,0.000000,29.500000,0.000000,29.500000,0.000000,29.500000,0.000000,29.500000,0.000000,29.500000,0.000000,29.500000,0.000000,29.500000,0.000000,29.500000,0.000000,29.500000,0.000000,29.500000,0.000000,29.500000,0.000000,
29.700000,0.000000,29.700000,0.000000,29.700000,0.000000,29.700000,0.000000,29.700000,0.000000,29.700000,0.000000,29.700000,0.000000,29.700000,0.000000,29.700000,0.000000,29.700000,0.000000,29.700000,0.000000,29.700000,0.000000,29.700000,0.000000,29.700000,0.000000,29.700000,0.000000,29.700000,0.000000,29.700000,0.000000,29.700000,0.000000,29.700000,0.000000,29.700000,0.000000,29.700000,0.000000,29.700000,0.000000,29.700000,0.000000,
29.900000,0.000000,29.900000,0.000000,29.900000,0.000000,29.900000,0.000000,29.900000,0.000000,29.900000,0.000000,29.900000,0.000000,29.900000,0.000000,29.900000,0.000000,29.900000,0.000000,29.900000,0.000000,29.900000,0.000000,29.900000,0.000000,29.900000,0.000000,29.900000,0.000000,29.900000,0.000000,29.900000,0.000000,29.900000,0.000000,29.900000,0.000000,29.900000,0.000000,29.900000,0.000000,29.900000,0.000000,29.900000,0.000000,
30.100000,0.000000,30.100000,0.000000,30.100000,0.000000,30.100000,0.000000,30.100000,0.000000,30.100000,0.000000,30.100000,0.000000,30.100000,0.000000,30.100000,0.000000,30.100000,0.000000,30.100000,0.000000,30.100000,0.000000,30.100000,0.000000,30.100000,0.000000,30.100000,0.000000,30.100000,0.000000,30.100000,0.000000,30.100000,0.000000,30.100000,0.000000,30.100000,0.000000,30.100000,0.000000,30.100000,0.000000,30.100000,0.000000,
30.300000,0.000000,30.300000,0.000000,30.300000,0.000000,30.300000,0.000000,30.300000,0.000000,30.300000,0.000000,30.300000,0.000000,30.300000,0.000000,30.300000,0.000000,30.300000,0.000000,30.300000,0.000000,30.300000,0.000000,30.300000,0.000000,30.300000,0.000000,30.300000,0.000000,30.300000,0.000000,30.300000,0.000000,30.300000,0.000000,30.300000,0.000000,30.300000,0.000000,30.300000,0.000000,30.300000,0.000000,30.300000,0.000000,
30.500000,0.000000,30.500000,0.000000,30.500000,0.000000,30.500000,0.000000,30.500000,0.000000,30.500000,0.000000,30.500000,0.000000,30.500000,0.000000,30.500000,0.000000,30.500000,0.000000,30.500000,0.000000,30.500000,0.000000,30.500000,0.000000,30.500000,0.000000,30.500000,0.000000,30.500000,0.000000,30.500000,0.000000,30.500000,0.000000,30.500000,0.000000,30.500000,0.000000,30.500000,0.000000,30.500000,0.000000,30.500000,0.000000,
30.700000,0.000000,30.700000,0.000000,30.700000,0.000000,30.700000,0.000000,30.700000,0.000000,30.700000,0.000000,30.700000,0.000000,30.700000,0.000000,30.700000,0.000000,30.700000,0.000000,30.700000,0.000000,30.700000,0.000000,30.700000,0.000000,30.700000,0.000000,30.700000,0.000000,30.700000,0.000000,30.700000,0.000000,30.700000,0.000000,30.700000,0.000000,30.700000,0.000000,30.700000,0.000000,30.700000,0.000000,30.700000,0.000000,
30.900000,0.000000,30.900000,0.000000,30.900000,0.000000,30.900000,0.000000,30.900000,0.000000,30.900000,0.000000,30.900000,0.000000,30.900000,0.000000,30.900000,0.000000,30.900000,0.000000,30.900000,0.000000,30.900000,0.000000,30.900000,0.000000,30.900000,0.000000,30.900000,0.000000,30.900000,0.000000,30.900000,0.000000,30.900000,0.000000,30.900000,0.000000,30.900000,0.000000,30.900000,0.000000,30.900000,0.000000,30.900000,0.000000,
31.100000,0.000000,31.100000,0.000000,31.100000,0.000000,31.100000,0.000000,31.100000,0.000000,31.100000,0.000000,31.100000,0.000000,31.100000,0.000000,31.100000,0.000000,31.100000,0.000000,31.100000,0.000000,31.100000,0.000000,31.100000,0.000000,31.100000,0.000000,31.100000,0.000000,31.100000,0.000000,31.100000,0.000000,31.100000,0.000000,31.100000,0.000000,31.100000,0.000000,31.100000,0.000000,31.100000,0.000000,31.100000,0.000000,
31.300000,0.000000,31.300000,0.000000,31.300000,0.000000,31.300000,0.000000,31.300000,0.000000,31.300000,0.000000,31.300000,0.000000,31.300000,0.000000,31.300000,0.000000,31.300000,0.000000,31.300000,0.000000,31.300000,0.000000,31.300000,0.000000,31.300000,0.000000,31.300000,0.000000,31.300000,0.000000,31.300000,0.000000,31.300000,0.000000,31.300000,0.000000,31.300000,0.000000,31.300000,0.000000,31.300000,0.000000,31.300000,0.000000,
31.500000,0.000000,31.500000,0.000000,31.500000,0.000000,31.500000,0.000000,31.500000,0.000000,31.500000,0.000000,31.500000,0.000000,31.500000,0.000000,31.500000,0.000000,31.500000,0.000000,31.500000,0.000000,31.500000,0.000000,31.500000,0.000000,31.500000,0.000000,31.500000,0.000000,31.500000,0.000000,31.500000,0.000000,31.500000,0.000000,31.500000,0.000000,31.500000,0.000000,31.500000,0.000000,31.500000,0.000000,31.500000,0.000000,
31.700000,0.000000,31.700000,0.000000,31.700000,0.000000,31.700000,0.000000,31.700000,0.000000,31.700000,0.000000,31.700000,0.000000,31.700000,0.000000,31.700000,0.000000,31.700000,0.000000,31.700000,0.000000,31.700000,0.000000,31.700000,0.000000,31.700000,0.000000,31.700000,0.000000,31.700000,0.000000,31.700000,0.000000,31.700000,0.000000,31.700000,0.000000,31.700000,0.000000,31.700000,0.000000,31.700000,0.000000,31.700000,0.000000,
31.900000,0.000000,31.900000,0.000000,31.900000,0.000000,31.900000,0.000000,31.900000,0.000000,31.900000,0.000000,31.900000,0.000000,31.900000,0.000000,31.900000,0.000000,31.900000,0.000000,31.900000,0.000000,31.900000,0.000000,31.900000,0.000000,31.900000,0.000000,31.900000,0.000000,31.900000,0.000000,31.900000,0.000000,31.900000,0.000000,31.900000,0.000000,31.900000,0.000000,31.900000,0.000000,31.900000,0.000000,31.900000,0.000000,
32.100000,0.000000,32.100000,0.000000,32.100000,0.000000,32.100000,0.000000,32.100000,0.000000,32.100000,0.000000,32.100000,0.000000,32.100000,0.000000,32.100000,0.000000,32.100000,0.000000,32.100000,0.000000,32.100000,0.000000,32.100000,0.000000,32.100000,0.000000,32.100000,0.000000,32.100000,0.000000,32.100000,0.000000,32.100000,0.000000,32.100000,0.000000,32.100000,0.000000,32.100000,0.000000,32.100000,0.000000,32.100000,0.000000,
32.300000,0.000000,32.300000,0.000000,32.300000,0.000000,32.300000,0.000000,32.300000,0.000000,32.300000,0.000000,32.300000,0.000000,32.300000,0.000000,32.300000,0.000000,32.300000,0.000000,32.300000,0.000000,32.300000,0.000000,32.300000,0.000000,32.300000,0.000000,32.300000,0.000000,32.300000,0.000000,32.300000,0.000000,32.300000,0.000000,32.300000,0.000000,32.300000,0.000000,32.300000,0.000000,32.300000,0.000000,32.300000,0.000000,
32.500000,0.000000,32.500000,0.000000,32.500000,0.000000,32.500000,0.000000,32.500000,0.000000,32.500000,0.000000,32.500000,0.000000,32.500000,0.000000,32.500000,0.000000,32.500000,0.000000,32.500000,0.000000,32.500000,0.000000,32.500000,0.000000,32.500000,0.000000,32.500000,0.000000,32.500000,0.000000,32.500000,0.000000,32.500000,0.000000,32.500000,0.000000,32.500000,0.000000,32.500000,0.000000,32.500000,0.000000,32.500000,0.000000,
32.700000,0.000000,32.700000,0.000000,32.700000,0.000000,32.700000,0.000000,32.700000,0.000000,32.700000,0.000000,32.700000,0.000000,32.700000,0.000000,32.700000,0.000000,32.700000,0.000000,32.700000,0.000000,32.700000,0.000000,32.700000,0.000000,32.700000,0.000000,32.700000,0.000000,32.700000,0.000000,32.700000,0.000000,32.700000,0.000000,32.700000,0.000000,32.700000,0.000000,32.700000,0.000000,32.700000,0.000000,32.700000,0.000000,
32.900000,0.000000,32.900000,0.000000,32.900000,0.000000,32.900000,0.000000,32.900000,0.000000,32.900000,0.000000,32.900000,0.000000,32.900000,0.000000,32.900000,0.000000,32.900000,0.000000,32.900000,0.000000,32.900000,0.000000,32.900000,0.000000,32.900000,0.000000,32.900000,0.000000,32.900000,0.000000,32.900000,0.000000,32.900000,0.000000,32.900000,0.000000,32.900000,0.000000,32.900000,0.000000,32.900000,0.000000,32.900000,0.000000,
33.100000,0.000000,33.100000,0.000000,33.100000,0.000000,33.100000,0.000000,33.100000,0.000000,33.100000,0.000000,33.100000,0.000000,33.100000,0.000000,33.100000,0.000000,33.100000,0.000000,33.100000,0.000000,33.100000,0.000000,33.100000,0.000000,33.100000,0.000000,33.100000,0.000000,33.100000,0.000000,33.100000,0.000000,33.100000,0.000000,33.100000,0.000000,33.100000,0.000000,33.100000,0.000000,33.100000,0.000000,33.100000,0.000000,
33.300000,0.000000,33.300000,0.000000,33.300000,0.000000,33.300000,0.000000,33.300000,0.000000,33.300000,0.000000,33.300000,0.000000,33.300000,0.000000,33.300000,0.000000,33.300000,0.000000,33.300000,0.000000,33.300000,0.000000,33.300000,0.000000,33.300000,0.000000,33.300000,0.000000,33.300000,0.000000,33.300000,0.000000,33.300000,0.000000,33.300000,0.000000,33.300000,0.000000,33.300000,0.000000,33.300000,0.000000,33.300000,0.000000,
33.500000,0.000000,33.500000,0.000000,33.500000,0.000000,33.500000,0.000000,33.500000,0.000000,33.500000,0.000000,33.500000,0.000000,33.500000,0.000000,33.500000,0.000000,33.500000,0.000000,33.500000,0.000000,33.500000,0.000000,33.500000,0.000000,33.500000,0.000000,33.500000,0.000000,33.500000,0.000000,33.500000,0.000000,33.500000,0.000000,33.500000,0.000000,33.500000,0.000000,33.500000,0.000000,33.500000,0.000000,33.500000,0.000000,
33.700000,0.000000,33.700000,0.000000,33.700000,0.000000,33.700000,0.000000,33.700000,0.000000,33.700000,0.000000,33.700000,0.000000,33.700000,0.000000,33.700000,0.000000,33.700000,0.000000,33.700000,0.000000,33.700000,0.000000,33.700000,0.000000,33.700000,0.000000,33.700000,0.000000,33.700000,0.000000,33.700000,0.000000,33.700000,0.000000,33.700000,0.000000,33.700000,0.000000,33.700000,0.000000,33.700000,0.000000,33.700000,0.000000,
33.900000,0.000000,33.900000,0.000000,33.900000,0.000000,33.900000,0.000000,33.900000,0.000000,33.900000,0.000000,33.900000,0.000000,33.900000,0.000000,33.900000,0.000000,33.900000,0.000000,33.900000,0.000000,33.900000,0.000000,33.900000,0.000000,33.900000,0.000000,33.900000,0.000000,33.900000,0.000000,33.900000,0.000000,33.900000,0.000000,33.900000,0.000000,33.900000,0.000000,33.900000,0.000000,33.900000,0.000000,33.900000,0.000000,
34.100000,0.000000,34.100000,0.000000,34.100000,0.000000,34.100000,0.000000,34.100000,0.000000,34.100000,0.000000,34.100000,0.000000,34.100000,0.000000,34.100000,0.000000,34.100000,0.000000,34.100000,0.000000,34.100000,0.000000,34.100000,0.000000,34.100000,0.000000,34.100000,0.000000,34.100000,0.000000,34.100000,0.000000,34.100000,0.000000,34.100000,0.000000,34.100000,0.000000,34.100000,0.000000,34.100000,0.000000,34.100000,0.000000,
34.300000,0.000000,34.300000,0.000000,34.300000,0.000000,34.300000,0.000000,34.300000,0.000000,34.300000,0.000000,34.300000,0.000000,34.300000,0.000000,34.300000,0.000000,34.300000,0.000000,34.300000,0.000000,34.300000,0.000000,34.300000,0.000000,34.300000,0.000000,34.300000,0.000000,34.300000,0.000000,34.300000,0.000000,34.300000,0.000000,34.300000,0.000000,34.300000,0.000000,34.300000,0.000000,34.300000,0.000000,34.300000,0.000000,
34.500000,0.000000,34.500000,0.000000,34.500000,0.000000,34.500000,0.000000,34.500000,0.000000,34.500000,0.000000,34.500000,0.000000,34.500000,0.000000,34.500000,0.000000,34.500000,0.000000,34.500000,0.000000,34.500000,0.000000,34.500000,0.000000,34.500000,0.000000,34.500000,0.000000,34.500000,0.000000,34.500000,0.000000,34.500000,0.000000,34.500000,0.000000,34.500000,0.000000,34.500000,0.000000,34.500000,0.000000,34.500000,0.000000,
34.700000,0.000000,34.700000,0.000000,34.700000,0.000000,34.700000,0.000000,34.700000,0.000000,34.700000,0.000000,34.700000,0.000000,34.700000,0.000000,34.700000,0.000000,34.700000,0.000000,34.700000,0.000000,34.700000,0.000000,34.700000,0.000000,34.700000,0.000000,34.700000,0.000000,34.700000,0.000000,34.700000,0.000000,34.700000,0.000000,34.700000,0.000000,34.700000,0.000000,34.700000,0.000000,34.700000,0.000000,34.700000,0.000000,
34.900000,0.000000,34.900000,0.000000,34.900000,0.000000,34.900000,0.000000,34.900000,0.000000,34.900000,0.000000,34.900000,0.000000,34.900000,0.000000,34.900000,0.000000,34.900000,0.000000,34.900000,0.000000,34.900000,0.000000,34.900000,0.000000,34.900000,0.000000,34.900000,0.000000,34.900000,0.000000,34.900000,0.000000,34.900000,0.000000,34.900000,0.000000,34.900000,0.000000,34.900000,0.000000,34.900000,0.000000,34.900000,0.000000,
35.100000,0.000000,35.100000,0.000000,35.100000,0.000000,35.100000,0.000000,35.100000,0.000000,35.100000,0.000000,35.100000,0.000000,35.100000,0.000000,35.100000,0.000000,35.100000,0.000000,35.100000,0.000000,35.100000,0.000000,35.100000,0.000000,35.100000,0.000000,35.100000,0.000000,35.100000,0.000000,35.100000,0.000000,35.100000,0.000000,35.100000,0.000000,35.100000,0.000000,35.100000,0.000000,35.100000,0.000000,35.100000,0.000000,
35.300000,0.000000,35.300000,0.000000,35.300000,0.000000,35.300000,0.000000,35.300000,0.000000,35.300000,0.000000,35.300000,0.000000,35.300000,0.000000,35.300000,0.000000,35.300000,0.000000,35.300000,0.000000,35.300000,0.000000,35.300000,0.000000,35.300000,0.000000,35.300000,0.000000,35.300000,0.000000,35.300000,0.000000,35.300000,0.000000,35.300000,0.000000,35.300000,0.000000,35.300000,0.000000,35.300000,0.000000,35.300000,0.000000,
35.500000,0.000000,35.500000,0.000000,35.500000,0.000000,35.500000,0.000000,35.500000,0.000000,35.500000,0.000000,35.500000,0.000000,35.500000,0.000000,35.500000,0.000000,35.500000,0.000000,35.500000,0.000000,35.500000,0.000000,35.500000,0.000000,35.500000,0.000000,35.500000,0.000000,35.500000,0.000000,35.500000,0.000000,35.500000,0.000000,35.500000,0.000000,35.500000,0.000000,35.500000,0.000000,35.500000,0.000000,35.500000,0.000000,
35.700000,0.000000,35.700000,0.000000,35.700000,0.000000,35.700000,0.000000,35.700000,0.000000,35.700000,0.000000,35.700000,0.000000,35.700000,0.000000,35.700000,0.000000,35.700000,0.000000,35.700000,0.000000,35.700000,0.000000,35.700000,0.000000,35.700000,0.000000,35.700000,0.000000,35.700000,0.000000,35.700000,0.000000,35.700000,0.000000,35.700000,0.000000,35.700000,0.000000,35.700000,0.000000,35.700000,0.000000,35.700000,0.000000,
35.900000,0.000000,35.900000,0.000000,35.900000,0.000000,35.900000,0.000000,35.900000,0.000000,35.900000,0.000000,35.900000,0.000000,35.900000,0.000000,35.900000,0.000000,35.900000,0.000000,35.900000,0.000000,35.900000,0.000000,35.900000,0.000000,35.900000,0.000000,35.900000,0.000000,35.900000,0.000000,35.900000,0.000000,35.900000,0.000000,35.900000,0.000000,35.900000,0.000000,35.900000,0.000000,35.900000,0.000000,35.900000,0.000000,
36.100000,0.000000,36.100000,0.000000,36.100000,0.000000,36.100000,0.000000,36.100000,0.000000,36.100000,0.000000,36.100000,0.000000,36.100000,0.000000,36.100000,0.000000,36.100000,0.000000,36.100000,0.000000,36.100000,0.000000,36.100000,0.000000,36.100000,0.000000,36.100000,0.000000,36.100000,0.000000,36.100000,0.000000,36.100000,0.000000,36.100000,0.000000,36.100000,0.000000,36.100000,0.000000,36.100000,0.000000,36.100000,0.000000,
36.300000,0.000000,36.300000,0.000000,36.300000,0.000000,36.300000,0.000000,36.300000,0.000000,36.300000,0.000000,36.300000,0.000000,36.300000,0.000000,36.300000,0.000000,36.300000,0.000000,36.300000,0.000000,36.300000,0.000000,36.300000,0.000000,36.300000,0.000000,36.300000,0.000000,36.300000,0.000000,36.300000,0.000000,36.300000,0.000000,36.300000,0.000000,36.300000,0.000000,36.300000,0.000000,36.300000,0.000000,36.300000,0.000000,
36.500000,0.000000,36.500000,0.000000,36.500000,0.000000,36.500000,0.000000,36.500000,0.000000,36.500000,0.000000,36.500000,0.000000,36.500000,0.000000,36.500000,0.000000,36.500000,0.000000,36.500000,0.000000,36.500000,0.000000,36.500000,0.000000,36.500000,0.000000,36.500000,0.000000,36.500000,0.000000,36.500000,0.000000,36.500000,0.000000,36.500000,0.000000,36.500000,0.000000,36.500000,0.000000,36.500000,0.000000,36.500000,0.000000,
36.700000,0.000000,36.700000,0.000000,36.700000,0.000000,36.700000,0.000000,36.700000,0.000000,36.700000,0.000000,36.700000,0.000000,36.700000,0.000000,36.700000,0.000000,36.700000,0.000000,36.700000,0.000000,36.700000,0.000000,36.700000,0.000000,36.700000,0.000000,36.700000,0.000000,36.700000,0.000000,36.700000,0.000000,36.700000,0.000000,36.700000,0.000000,36.700000,0.000000,36.700000,0.000000,36.700000,0.000000,36.700000,0.000000,
36.900000,0.000000,36.900000,0.000000,36.900000,0.000000,36.900000,0.000000,36.900000,0.000000,36.900000,0.000000,36.900000,0.000000,36.900000,0.000000,36.900000,0.000000,36.900000,0.000000,36.900000,0.000000,36.900000,0.000000,36.900000,0.000000,36.900000,0.000000,36.900000,0.000000,36.900000,0.000000,36.900000,0.000000,36.900000,0.000000,36.900000,0.000000,36.900000,0.000000,36.900000,0.000000,36.900000,0.000000,36.900000,0.000000,
37.100000,0.000000,37.100000,0.000000,37.100000,0.000000,37.100000,0.000000,37.100000,0.000000,37.100000,0.000000,37.100000,0.000000,37.100000,0.000000,37.100000,0.000000,37.100000,0.000000,37.100000,0.000000,37.100000,0.000000,37.100000,0.000000,37.100000,0.000000,37.100000,0.000000,37.100000,0.000000,37.100000,0.000000,37.100000,0.000000,37.100000,0.000000,37.100000,0.000000,37.100000,0.000000,37.100000,0.000000,37.100000,0.000000,
37.300000,0.000000,37.300000,0.000000,37.300000,0.000000,37.300000,0.000000,37.300000,0.000000,37.300000,0.000000,37.300000,0.000000,37.300000,0.000000,37.300000,0.000000,37.300000,0.000000,37.300000,0.000000,37.300000,0.000000,37.300000,0.000000,37.300000,0.000000,37.300000,0.000000,37.300000,0.000000,37.300000,0.000000,37.300000,0.000000,37.300000,0.000000,37.300000,0.000000,37.300000,0.000000,37.300000,0.000000,37.300000,0.000000,
37.500000,0.000000,37.500000,0.000000,37.500000,0.000000,37.500000,0.000000,37.500000,0.000000,37.500000,0.000000,37.500000,0.000000,37.500000,0.000000,37.500000,0.000000,37.500000,0.000000,37.500000,0.000000,37.500000,0.000000,37.500000,0.000000,37.500000,0.000000,37.500000,0.000000,37.500000,0.000000,37.500000,0.000000,37.500000,0.000000,37.500000,0.000000,37.500000,0.000000,37.500000,0.000000,37.500000,0.000000,37.500000,0.000000,
37.700000,0.000000,37.700000,0.000000,37.700000,0.000000,37.700000,0.000000,37.700000,0.000000,37.700000,0.000000,37.700000,0.000000,37.700000,0.000000,37.700000,0.000000,37.700000,0.000000,37.700000,0.000000,37.700000,0.000000,37.700000,0.000000,37.700000,0.000000,37.700000,0.000000,37.700000,0.000000,37.700000,0.000000,37.700000,0.000000,37.700000,0.000000,37.700000,0.000000,37.700000,0.000000,37.700000,0.000000,37.700000,0.000000,
37.900000,0.000000,37.900000,0.000000,37.900000,0.000000,37.900000,0.000000,37.900000,0.000000,37.900000,0.000000,37.900000,0.000000,37.900000,0.000000,37.900000,0.000000,37.900000,0.000000,37.900000,0.000000,37.900000,0.000000,37.900000,0.000000,37.900000,0.000000,37.900000,0.000000,37.900000,0.000000,37.900000,0.000000,37.900000,0.000000,37.900000,0.000000,37.900000,0.000000,37.900000,0.000000,37.900000,0.000000,37.900000,0.000000,
38.100000,0.000000,38.100000,0.000000,38.100000,0.000000,38.100000,0.000000,38.100000,0.000000,38.100000,0.000000,38.100000,0.000000,38.100000,0.000000,38.100000,0.000000,38.100000,0.000000,38.100000,0.000000,38.100000,0.000000,38.100000,0.000000,38.100000,0.000000,38.100000,0.000000,38.100000,0.000000,38.100000,0.000000,38.100000,0.000000,38.100000,0.000000,38.100000,0.000000,38.100000,0.000000,38.100000,0.000000,38.100000,0.000000,
38.300000,0.000000,38.300000,0.000000,38.300000,0.000000,38.300000,0.000000,38.300000,0.000000,38.300000,0.000000,38.300000,0.000000,38.300000,0.000000,38.300000,0.000000,38.300000,0.000000,38.300000,0.000000,38.300000,0.000000,38.300000,0.000000,38.300000,0.000000,38.300000,0.000000,38.300000,0.000000,38.300000,0.000000,38.300000,0.000000,38.300000,0.000000,38.300000,0.000000,38.300000,0.000000,38.300000,0.000000,38.300000,0.000000,
38.500000,0.000000,38.500000,0.000000,38.500000,0.000000,38.500000,0.000000,38.500000,0.000000,38.500000,0.000000,38.500000,0.000000,38.500000,0.000000,38.500000,0.000000,38.500000,0.000000,38.500000,0.000000,38.500000,0.000000,38.500000,0.000000,38.500000,0.000000,38.500000,0.000000,38.500000,0.000000,38.500000,0.000000,38.500000,0.000000,38.500000,0.000000,38.500000,0.000000,38.500000,0.000000,38.500000,0.000000,38.500000,0.000000,
38.700000,0.000000,38.700000,0.000000,38.700000,0.000000,38.700000,0.000000,38.700000,0.000000,38.700000,0.000000,38.700000,0.000000,38.700000,0.000000,38.700000,0.000000,38.700000,0.000000,38.700000,0.000000,38.700000,0.000000,38.700000,0.000000,38.700000,0.000000,38.700000,0.000000,38.700000,0.000000,38.700000,0.000000,38.700000,0.000000,38.700000,0.000000,38.700000,0.000000,38.700000,0.000000,38.700000,0.000000,38.700000,0.000000,
38.900000,0.000000,38.900000,0.000000,38.900000,0.000000,38.900000,0.000000,38.900000,0.000000,38.900000,0.000000,38.900000,0.000000,38.900000,0.000000,38.900000,0.000000,38.900000,0.000000,38.900000,0.000000,38.900000,0.000000,38.900000,0.000000,38.900000,0.000000,38.900000,0.000000,38.900000,0.000000,38.900000,0.000000,38.900000,0.000000,38.900000,0.000000,38.900000,0.000000,38.900000,0.000000,38.900000,0.000000,38.900000,0.000000,
39.100000,0.000000,39.100000,0.000000,39.100000,0.000000,39.100000,0.000000,39.100000,0.000000,39.100000,0.000000,39.100000,0.000000,39.100000,0.000000,39.100000,0.000000,39.100000,0.000000,39.100000,0.000000,39.100000,0.000000,39.100000,0.000000,39.100000,0.000000,39.100000,0.000000,39.100000,0.000000,39.100000,0.000000,39.100000,0.000000,39.100000,0.000000,39.100000,0.000000,39.100000,0.000000,39.100000,0.000000,39.100000,0.000000,
39.300000,0.000000,39.300000,0.000000,39.300000,0.000000,39.300000,0.000000,39.300000,0.000000,39.300000,0.000000,39.300000,0.000000,39.300000,0.000000,39.300000,0.000000,39.300000,0.000000,39.300000,0.000000,39.300000,0.000000,39.300000,0.000000,39.300000,0.000000,39.300000,0.000000,39.300000,0.000000,39.300000,0.000000,39.300000,0.000000,39.300000,0.000000,39.300000,0.000000,39.300000,0.000000,39.300000,0.000000,39.300000,0.000000,
39.500000,0.000000,39.500000,0.000000,39.500000,0.000000,39.500000,0.000000,39.500000,0.000000,39.500000,0.000000,39.500000,0.000000,39.500000,0.000000,39.500000,0.000000,39.500000,0.000000,39.500000,0.000000,39.500000,0.000000,39.500000,0.000000,39.500000,0.000000,39.500000,0.000000,39.500000,0.000000,39.500000,0.000000,39.500000,0.000000,39.500000,0.000000,39.500000,0.000000,39.500000,0.000000,39.500000,0.000000,39.500000,0.000000,
39.700000,0.000000,39.700000,0.000000,39.700000,0.000000,39.700000,0.000000,39.700000,0.000000,39.700000,0.000000,39.700000,0.000000,39.700000,0.000000,39.700000,0.000000,39.700000,0.000000,39.700000,0.000000,39.700000,0.000000,39.700000,0.000000,39.700000,0.000000,39.700000,0.000000,39.700000,0.000000,39.700000,0.000000,39.700000,0.000000,39.700000,0.000000,39.700000,0.000000,39.700000,0.000000,39.700000,0.000000,39.700000,0.000000,
39.900000,0.000000,39.900000,0.000000,39.900000,0.000000,39.900000,0.000000,39.900000,0.000000,39.900000,0.000000,39.900000,0.000000,39.900000,0.000000,39.900000,0.000000,39.900000,0.000000,39.900000,0.000000,39.900000,0.000000,39.900000,0.000000,39.900000,0.000000,39.900000,0.000000,39.900000,0.000000,39.900000,0.000000,39.900000,0.000000,39.900000,0.000000,39.900000,0.000000,39.900000,0.000000,39.900000,0.000000,39.900000,0.000000,
40.100000,0.000000,40.100000,0.000000,40.100000,0.000000,40.100000,0.000000,40.100000,0.000000,40.100000,0.000000,40.100000,0.000000,40.100000,0.000000,40.100000,0.000000,40.100000,0.000000,40.100000,0.000000,40.100000,0.000000,40.100000,0.000000,40.100000,0.000000,40.100000,0.000000,40.100000,0.000000,40.100000,0.000000,40.100000,0.000000,40.100000,0.000000,40.100000,0.000000,40.100000,0.000000,40.100000,0.000000,40.100000,0.000000,
40.300000,0.000000,40.300000,0.000000,40.300000,0.000000,40.300000,0.000000,40.300000,0.000000,40.300000,0.000000,40.300000,0.000000,40.300000,0.000000,40.300000,0.000000,40.300000,0.000000,40.300000,0.000000,40.300000,0.000000,40.300000,0.000000,40.300000,0.000000,40.300000,0.000000,40.300000,0.000000,40.300000,0.000000,40.300000,0.000000,40.300000,0.000000,40.300000,0.000000,40.300000,0.000000,40.300000,0.000000,40.300000,0.000000,
40.500000,0.000000,40.500000,0.000000,40.500000,0.000000,40.500000,0.000000,40.500000,0.000000,40.500000,0.000000,40.500000,0.000000,40.500000,0.000000,40.500000,0.000000,40.500000,0.000000,40.500000,0.000000,40.500000,0.000000,40.500000,0.000000,40.500000,0.000000,40.500000,0.000000,40.500000,0.000000,40.500000,0.000000,40.500000,0.000000,40.500000,0.000000,40.500000,0.000000,40.500000,0.000000,40.500000,0.000000,40.500000,0.000000,
40.700000,0.000000,40.700000,0.000000,40.700000,0.000000,40.700000,0.000000,40.700000,0.000000,40.700000,0.000000,40.700000,0.000000,40.700000,0.000000,40.700000,0.000000,40.700000,0.000000,40.700000,0.000000,40.700000,0.000000,40.700000,0.000000,40.700000,0.000000,40.700000,0.000000,40.700000,0.000000,40.700000,0.000000,40.700000,0.000000,40.700000,0.000000,40.700000,0.000000,40.700000,0.000000,40.700000,0.000000,40.700000,0.000000,
40.900000,0.000000,40.900000,0.000000,40.900000,0.000000,40.900000,0.000000,40.900000,0.000000,40.900000,0.000000,40.900000,0.000000,40.900000,0.000000,40.900000,0.000000,40.900000,0.000000,40.900000,0.000000,40.900000,0.000000,40.900000,0.000000,40.900000,0.000000,40.900000,0.000000,40.900000,0.000000,40.900000,0.000000,40.900000,0.000000,40.900000,0.000000,40.900000,0.000000,40.900000,0.000000,40.900000,0.000000,40.900000,0.000000,
41.100000,0.000000,41.100000,0.000000,41.100000,0.000000,41.100000,0.000000,41.100000,0.000000,41.100000,0.000000,41.100000,0.000000,41.100000,0.000000,41.100000,0.000000,41.100000,0.000000,41.100000,0.000000,41.100000,0.000000,41.100000,0.000000,41.100000,0.000000,41.100000,0.000000,41.100000,0.000000,41.100000,0.000000,41.100000,0.000000,41.100000,0.000000,41.100000,0.000000,41.100000,0.000000,41.100000,0.000000,41.100000,0.000000,
41.300000,0.000000,41.300000,0.000000,41.300000,0.000000,41.300000,0.000000,41.300000,0.000000,41.300000,0.000000,41.300000,0.000000,41.300000,0.000000,41.300000,0.000000,41.300000,0.000000,41.300000,0.000000,41.300000,0.000000,41.300000,0.000000,41.300000,0.000000,41.300000,0.000000,41.300000,0.000000,41.300000,0.000000,41.300000,0.000000,41.300000,0.000000,41.300000,0.000000,41.300000,0.000000,41.300000,0.000000,41.300000,0.000000,
41.500000,0.000000,41.500000,0.000000,41.500000,0.000000,41.500000,0.000000,41.500000,0.000000,41.500000,0.000000,41.500000,0.000000,41.500000,0.000000,41.500000,0.000000,41.500000,0.000000,41.500000,0.000000,41.500000,0.000000,41.500000,0.000000,41.500000,0.000000,41.500000,0.000000,41.500000,0.000000,41.500000,0.000000,41.500000,0.000000,41.500000,0.000000,41.500000,0.000000,41.500000,0.000000,41.500000,0.000000,41.500000,0.000000,
41.700000,0.000000,41.700000,0.000000,41.700000,0.000000,41.700000,0.000000,41.700000,0.000000,41.700000,0.000000,41.700000,0.000000,41.700000,0.000000,41.700000,0.000000,41.700000,0.000000,41.700000,0.000000,41.700000,0.000000,41.700000,0.000000,41.700000,0.000000,41.700000,0.000000,41.700000,0.000000,41.700000,0.000000,41.700000,0.000000,41.700000,0.000000,41.700000,0.000000,41.700000,0.000000,41.700000,0.000000,41.700000,0.000000,
41.900000,0.000000,41.900000,0.000000,41.900000,0.000000,41.900000,0.000000,41.900000,0.000000,41.900000,0.000000,41.900000,0.000000,41.900000,0.000000,41.900000,0.000000,41.900000,0.000000,41.900000,0.000000,41.900000,0.000000,41.900000,0.000000,41.900000,0.000000,41.900000,0.000000,41.900000,0.000000,41.900000,0.000000,41.900000,0.000000,41.900000,0.000000,41.900000,0.000000,41.900000,0.000000,41.900000,0.000000,41.900000,0.000000,
42.100000,0.000000,42.100000,0.000000,42.100000,0.000000,42.100000,0.000000,42.100000,0.000000,42.100000,0.000000,42.100000,0.000000,42.100000,0.000000,42.100000,0.000000,42.100000,0.000000,42.100000,0.000000,42.100000,0.000000,42.100000,0.000000,42.100000,0.000000,42.100000,0.000000,42.100000,0.000000,42.100000,0.000000,42.100000,0.000000,42.100000,0.000000,42.100000,0.000000,42.100000,0.000000,42.100000,0.000000,42.100000,0.000000,
42.300000,0.000000,42.300000,0.000000,42.300000,0.000000,42.300000,0.000000,42.300000,0.000000,42.300000,0.000000,42.300000,0.000000,42.300000,0.000000,42.300000,0.000000,42.300000,0.000000,42.300000,0.000000,42.300000,0.000000,42.300000,0.000000,42.300000,0.000000,42.300000,0.000000,42.300000,0.000000,42.300000,0.000000,42.300000,0.000000,42.300000,0.000000,42.300000,0.000000,42.300000,0.000000,42.300000,0.000000,42.300000,0.000000,
42.500000,0.000000,42.500000,0.000000,42.500000,0.000000,42.500000,0.000000,42.500000,0.000000,42.500000,0.000000,42.500000,0.000000,42.500000,0.000000,42.500000,0.000000,42.500000,0.000000,42.500000,0.000000,42.500000,0.000000,42.500000,0.000000,42.500000,0.000000,42.500000,0.000000,42.500000,0.000000,42.500000,0.000000,42.500000,0.000000,42.500000,0.000000,42.500000,0.000000,42.500000,0.000000,42.500000,0.000000,42.500000,0.000000,
42.700000,0.000000,42.700000,0.000000,42.700000,0.000000,42.700000,0.000000,42.700000,0.000000,42.700000,0.000000,42.700000,0.000000,42.700000,0.000000,42.700000,0.000000,42.700000,0.000000,42.700000,0.000000,42.700000,0.000000,42.700000,0.000000,42.700000,0.000000,42.700000,0.000000,42.700000,0.000000,42.700000,0.000000,42.700000,0.000000,42.700000,0.000000,42.700000,0.000000,42.700000,0.000000,42.700000,0.000000,42.700000,0.000000,
42.900000,0.000000,42.900000,0.000000,42.900000,0.000000,42.900000,0.000000,42.900000,0.000000,42.900000,0.000000,42.900000,0.000000,42.900000,0.000000,42.900000,0.000000,42.900000,0.000000,42.900000,0.000000,42.900000,0.000000,42.900000,0.000000,42.900000,0.000000,42.900000,0.000000,42.900000,0.000000,42.900000,0.000000,42.900000,0.000000,42.900000,0.000000,42.900000,0.000000,42.900000,0.000000,42.900000,0.000000,42.900000,0.000000,
43.100000,0.000000,43.100000,0.000000,43.100000,0.000000,43.100000,0.000000,43.100000,0.000000,43.100000,0.000000,43.100000,0.000000,43.100000,0.000000,43.100000,0.000000,43.100000,0.000000,43.100000,0.000000,43.100000,0.000000,43.100000,0.000000,43.100000,0.000000,43.100000,0.000000,43.100000,0.000000,43.100000,0.000000,43.100000,0.000000,43.100000,0.000000,43.100000,0.000000,43.100000,0.000000,43.100000,0.000000,43.100000,0.000000,
43.300000,0.000000,43.300000,0.000000,43.300000,0.000000,43.300000,0.000000,43.300000,0.000000,43.300000,0.000000,43.300000,0.000000,43.300000,0.000000,43.300000,0.000000,43.300000,0.000000,43.300000,0.000000,43.300000,0.000000,43.300000,0.000000,43.300000,0.000000,43.300000,0.000000,43.300000,0.000000,43.300000,0.000000,43.300000,0.000000,43.300000,0.000000,43.300000,0.000000,43.300000,0.000000,43.300000,0.000000,43.300000,0.000000,
43.500000,0.000000,43.500000,0.000000,43.500000,0.000000,43.500000,0.000000,43.500000,0.000000,43.500000,0.000000,43.500000,0.000000,43.500000,0.000000,43.500000,0.000000,43.500000,0.000000,43.500000,0.000000,43.500000,0.000000,43.500000,0.000000,43.500000,0.000000,43.500000,0.000000,43.500000,0.000000,43.500000,0.000000,43.500000,0.000000,43.500000,0.000000,43.500000,0.000000,43.500000,0.000000,43.500000,0.000000,43.500000,0.000000,
43.700000,0.000000,43.700000,0.000000,43.700000,0.000000,43.700000,0.000000,43.700000,0.000000,43.700000,0.000000,43.700000,0.000000,43.700000,0.000000,43.700000,0.000000,43.700000,0.000000,43.700000,0.000000,43.700000,0.000000,43.700000,0.000000,43.700000,0.000000,43.700000,0.000000,43.700000,0.000000,43.700000,0.000000,43.700000,0.000000,43.700000,0.000000,43.700000,0.000000,43.700000,0.000000,43.700000,0.000000,43.700000,0.000000,
43.900000,0.000000,43.900000,0.000000,43.900000,0.000000,43.900000,0.000000,43.900000,0.000000,43.900000,0.000000,43.900000,0.000000,43.900000,0.000000,43.900000,0.000000,43.900000,0.000000,43.900000,0.000000,43.900000,0.000000,43.900000,0.000000,43.900000,0.000000,43.900000,0.000000,43.900000,0.000000,43.900000,0.000000,43.900000,0.000000,43.900000,0.000000,43.900000,0.000000,43.900000,0.000000,43.900000,0.000000,43.900000,0.000000,
44.100000,0.000000,44.100000,0.000000,44.100000,0.000000,44.100000,0.000000,44.100000,0.000000,44.100000,0.000000,44.100000,0.000000,44.100000,0.000000,44.100000,0.000000,44.100000,0.000000,44.100000,0.000000,44.100000,0.000000,44.100000,0.000000,44.100000,0.000000,44.100000,0.000000,44.100000,0.000000,44.100000,0.000000,44.100000,0.000000,44.100000,0.000000,44.100000,0.000000,44.100000,0.000000,44.100000,0.000000,44.100000,0.000000,
44.300000,0.000000,44.300000,0.000000,44.300000,0.000000,44.300000,0.000000,44.300000,0.000000,44.300000,0.000000,44.300000,0.000000,44.300000,0.000000,44.300000,0.000000,44.300000,0.000000,44.300000,0.000000,44.300000,0.000000,44.300000,0.000000,44.300000,0.000000,44.300000,0.000000,44.300000,0.000000,44.300000,0.000000,44.300000,0.000000,44.300000,0.000000,44.300000,0.000000,44.300000,0.000000,44.300000,0.000000,44.300000,0.000000,
44.500000,0.000000,44.500000,0.000000,44.500000,0.000000,44.500000,0.000000,44.500000,0.000000,44.500000,0.000000,44.500000,0.000000,44.500000,0.000000,44.500000,0.000000,44.500000,0.000000,44.500000,0.000000,44.500000,0.000000,44.500000,0.000000,44.500000,0.000000,44.500000,0.000000,44.500000,0.000000,44.500000,0.000000,44.500000,0.000000,44.500000,0.000000,44.500000,0.000000,44.500000,0.000000,44.500000,0.000000,44.500000,0.000000,
44.700000,0.000000,44.700000,0.000000,44.700000,0.000000,44.700000,0.000000,44.700000,0.000000,44.700000,0.000000,44.700000,0.000000,44.700000,0.000000,44.700000,0.000000,44.700000,0.000000,44.700000,0.000000,44.700000,0.000000,44.700000,0.000000,44.700000,0.000000,44.700000,0.000000,44.700000,0.000000,44.700000,0.000000,44.700000,0.000000,44.700000,0.000000,44.700000,0.000000,44.700000,0.000000,44.700000,0.000000,44.700000,0.000000,
44.900000,0.000000,44.900000,0.000000,44.900000,0.000000,44.900000,0.000000,44.900000,0.000000,44.900000,0.000000,44.900000,0.000000,44.900000,0.000000,44.900000,0.000000,44.900000,0.000000,44.900000,0.000000,44.900000,0.000000,44.900000,0.000000,44.900000,0.000000,44.900000,0.000000,44.900000,0.000000,44.900000,0.000000,44.900000,0.000000,44.900000,0.000000,44.900000,0.000000,44.900000,0.000000,44.900000,0.000000,44.900000,0.000000,
45.100000,0.000000,45.100000,0.000000,45.100000,0.000000,45.100000,0.000000,45.100000,0.000000,45.100000,0.000000,45.100000,0.000000,45.100000,0.000000,45.100000,0.000000,45.100000,0.000000,45.100000,0.000000,45.100000,0.000000,45.100000,0.000000,45.100000,0.000000,45.100000,0.000000,45.100000,0.000000,45.100000,0.000000,45.100000,0.000000,45.100000,0.000000,45.100000,0.000000,45.100000,0.000000,45.100000,0.000000,45.100000,0.000000,
45.300000,0.000000,45.300000,0.000000,45.300000,0.000000,45.300000,0.000000,45.300000,0.000000,45.300000,0.000000,45.300000,0.000000,45.300000,0.000000,45.300000,0.000000,45.300000,0.000000,45.300000,0.000000,45.300000,0.000000,45.300000,0.000000,45.300000,0.000000,45.300000,0.000000,45.300000,0.000000,45.300000,0.000000,45.300000,0.000000,45.300000,0.000000,45.300000,0.000000,45.300000,0.000000,45.300000,0.000000,45.300000,0.000000,
45.500000,0.000000,45.500000,0.000000,45.500000,0.000000,45.500000,0.000000,45.500000,0.000000,45.500000,0.000000,45.500000,0.000000,45.500000,0.000000,45.500000,0.000000,45.500000,0.000000,45.500000,0.000000,45.500000,0.000000,45.500000,0.000000,45.500000,0.000000,45.500000,0.000000,45.500000,0.000000,45.500000,0.000000,45.500000,0.000000,45.500000,0.000000,45.500000,0.000000,45.500000,0.000000,45.500000,0.000000,45.500000,0.000000,
45.700000,0.000000,45.700000,0.000000,45.700000,0.000000,45.700000,0.000000,45.700000,0.000000,45.700000,0.000000,45.700000,0.000000,45.700000,0.000000,45.700000,0.000000,45.700000,0.000000,45.700000,0.000000,45.700000,0.000000,45.700000,0.000000,45.700000,0.000000,45.700000,0.000000,45.700000,0.000000,45.700000,0.000000,45.700000,0.000000,45.700000,0.000000,45.700000,0.000000,45.700000,0.000000,45.700000,0.000000,45.700000,0.000000,
45.900000,0.000000,45.900000,0.000000,45.900000,0.000000,45.900000,0.000000,45.900000,0.000000,45.900000,0.000000,45.900000,0.000000,45.900000,0.000000,45.900000,0.000000,45.900000,0.000000,45.900000,0.000000,45.900000,0.000000,45.900000,0.000000,45.900000,0.000000,45.900000,0.000000,45.900000,0.000000,45.900000,0.000000,45.900000,0.000000,45.900000,0.000000,45.900000,0.000000,45.900000,0.000000,45.900000,0.000000,45.900000,0.000000,
46.100000,0.000000,46.100000,0.000000,46.100000,0.000000,46.100000,0.000000,46.100000,0.000000,46.100000,0.000000,46.100000,0.000000,46.100000,0.000000,46.100000,0.000000,46.100000,0.000000,46.100000,0.000000,46.100000,0.000000,46.100000,0.000000,46.100000,0.000000,46.100000,0.000000,46.100000,0.000000,46.100000,0.000000,46.100000,0.000000,46.100000,0.000000,46.100000,0.000000,46.100000,0.000000,46.100000,0.000000,46.100000,0.000000,
46.300000,0.000000,46.300000,0.000000,46.300000,0.000000,46.300000,0.000000,46.300000,0.000000,46.300000,0.000000,46.300000,0.000000,46.300000,0.000000,46.300000,0.000000,46.300000,0.000000,46.300000,0.000000,46.300000,0.000000,46.300000,0.000000,46.300000,0.000000,46.300000,0.000000,46.300000,0.000000,46.300000,0.000000,46.300000,0.000000,46.300000,0.000000,46.300000,0.000000,46.300000,0.000000,46.300000,0.000000,46.300000,0.000000,
46.500000,0.000000,46.500000,0.000000,46.500000,0.000000,46.500000,0.000000,46.500000,0.000000,46.500000,0.000000,46.500000,0.000000,46.500000,0.000000,46.500000,0.000000,46.500000,0.000000,46.500000,0.000000,46.500000,0.000000,46.500000,0.000000,46.500000,0.000000,46.500000,0.000000,46.500000,0.000000,46.500000,0.000000,46.500000,0.000000,46.500000,0.000000,46.500000,0.000000,46.500000,0.000000,46.500000,0.000000,46.500000,0.000000,
46.700000,0.000000,46.700000,0.000000,46.700000,0.000000,46.700000,0.000000,46.700000,0.000000,46.700000,0.000000,46.700000,0.000000,46.700000,0.000000,46.700000,0.000000,46.700000,0.000000,46.700000,0.000000,46.700000,0.000000,46.700000,0.000000,46.700000,0.000000,46.700000,0.000000,46.700000,0.000000,46.700000,0.000000,46.700000,0.000000,46.700000,0.000000,46.700000,0.000000,46.700000,0.000000,46.700000,0.000000,46.700000,0.000000,
46.900000,0.000000,46.900000,0.000000,46.900000,0.000000,46.900000,0.000000,46.900000,0.000000,46.900000,0.000000,46.900000,0.000000,46.900000,0.000000,46.900000,0.000000,46.900000,0.000000,46.900000,0.000000,46.900000,0.000000,46.900000,0.000000,46.900000,0.000000,46.900000,0.000000,46.900000,0.000000,46.900000,0.000000,46.900000,0.000000,46.900000,0.000000,46.900000,0.000000,46.900000,0.000000,46.900000,0.000000,46.900000,0.000000,
47.100000,0.000000,47.100000,0.000000,47.100000,0.000000,47.100000,0.000000,47.100000,0.000000,47.100000,0.000000,47.100000,0.000000,47.100000,0.000000,47.100000,0.000000,47.100000,0.000000,47.100000,0.000000,47.100000,0.000000,47.100000,0.000000,47.100000,0.000000,47.100000,0.000000,47.100000,0.000000,47.100000,0.000000,47.100000,0.000000,47.100000,0.000000,47.100000,0.000000,47.100000,0.000000,47.100000,0.000000,47.100000,0.000000,
47.300000,0.000000,47.300000,0.000000,47.300000,0.000000,47.300000,0.000000,47.300000,0.000000,47.300000,0.000000,47.300000,0.000000,47.300000,0.000000,47.300000,0.000000,47.300000,0.000000,47.300000,0.000000,47.300000,0.000000,47.300000,0.000000,47.300000,0.000000,47.300000,0.000000,47.300000,0.000000,47.300000,0.000000,47.300000,0.000000,47.300000,0.000000,47.300000,0.000000,47.300000,0.000000,47.300000,0.000000,47.300000,0.000000,
47.500000,0.000000,47.500000,0.000000,47.500000,0.000000,47.500000,0.000000,47.500000,0.000000,47.500000,0.000000,47.500000,0.000000,47.500000,0.000000,47.500000,0.000000,47.500000,0.000000,47.500000,0.000000,47.500000,0.000000,47.500000,0.000000,47.500000,0.000000,47.500000,0.000000,47.500000,0.000000,47.500000,0.000000,47.500000,0.000000,47.500000,0.000000,47.500000,0.000000,47.500000,0.000000,47.500000,0.000000,47.500000,0.000000,
47.700000,0.000000,47.700000,0.000000,47.700000,0.000000,47.700000,0.000000,47.700000,0.000000,47.700000,0.000000,47.700000,0.000000,47.700000,0.000000,47.700000,0.000000,47.700000,0.000000,47.700000,0.000000,47.700000,0.000000,47.700000,0.000000,47.700000,0.000000,47.700000,0.000000,47.700000,0.000000,47.700000,0.000000,47.700000,0.000000,47.700000,0.000000,47.700000,0.000000,47.700000,0.000000,47.700000,0.000000,47.700000,0.000000,
47.900000,0.000000,47.900000,0.000000,47.900000,0.000000,47.900000,0.000000,47.900000,0.000000,47.900000,0.000000,47.900000,0.000000,47.900000,0.000000,47.900000,0.000000,47.900000,0.000000,47.900000,0.000000,47.900000,0.000000,47.900000,0.000000,47.900000,0.000000,47.900000,0.000000,47.900000,0.000000,47.900000,0.000000,47.900000,0.000000,47.900000,0.000000,47.900000,0.000000,47.900000,0.000000,47.900000,0.000000,47.900000,0.000000,
48.100000,0.000000,48.100000,0.000000,48.100000,0.000000,48.100000,0.000000,48.100000,0.000000,48.100000,0.000000,48.100000,0.000000,48.100000,0.000000,48.100000,0.000000,48.100000,0.000000,48.100000,0.000000,48.100000,0.000000,48.100000,0.000000,48.100000,0.000000,48.100000,0.000000,48.100000,0.000000,48.100000,0.000000,48.100000,0.000000,48.100000,0.000000,48.100000,0.000000,48.100000,0.000000,48.100000,0.000000,48.100000,0.000000,
48.300000,0.000000,48.300000,0.000000,48.300000,0.000000,48.300000,0.000000,48.300000,0.000000,48.300000,0.000000,48.300000,0.000000,48.300000,0.000000,48.300000,0.000000,48.300000,0.000000,48.300000,0.000000,48.300000,0.000000,48.300000,0.000000,48.300000,0.000000,48.300000,0.000000,48.300000,0.000000,48.300000,0.000000,48.300000,0.000000,48.300000,0.000000,48.300000,0.000000,48.300000,0.000000,48.300000,0.000000,48.300000,0.000000,
48.500000,0.000000,48.500000,0.000000,48.500000,0.000000,48.500000,0.000000,48.500000,0.000000,48.500000,0.000000,48.500000,0.000000,48.500000,0.000000,48.500000,0.000000,48.500000,0.000000,48.500000,0.000000,48.500000,0.000000,48.500000,0.000000,48.500000,0.000000,48.500000,0.000000,48.500000,0.000000,48.500000,0.000000,48.500000,0.000000,48.500000,0.000000,48.500000,0.000000,48.500000,0.000000,48.500000,0.000000,48.500000,0.000000,
48.700000,0.000000,48.700000,0.000000,48.700000,0.000000,48.700000,0.000000,48.700000,0.000000,48.700000,0.000000,48.700000,0.000000,48.700000,0.000000,48.700000,0.000000,48.700000,0.000000,48.700000,0.000000,48.700000,0.000000,48.700000,0.000000,48.700000,0.000000,48.700000,0.000000,48.700000,0.000000,48.700000,0.000000,48.700000,0.000000,48.700000,0.000000,48.700000,0.000000,48.700000,0.000000,48.700000,0.000000,48.700000,0.000000,
48.900000,0.000000,48.900000,0.000000,48.900000,0.000000,48.900000,0.000000,48.900000,0.000000,48.900000,0.000000,48.900000,0.000000,48.900000,0.000000,48.900000,0.000000,48.900000,0.000000,48.900000,0.000000,48.900000,0.000000,48.900000,0.000000,48.900000,0.000000,48.900000,0.000000,48.900000,0.000000,48.900000,0.000000,48.900000,0.000000,48.900000,0.000000,48.900000,0.000000,48.900000,0.000000,48.900000,0.000000,48.900000,0.000000,
49.100000,0.000000,49.100000,0.000000,49.100000,0.000000,49.100000,0.000000,49.100000,0.000000,49.100000,0.000000,49.100000,0.000000,49.100000,0.000000,49.100000,0.000000,49.100000,0.000000,49.100000,0.000000,49.100000,0.000000,49.100000,0.000000,49.100000,0.000000,49.100000,0.000000,49.100000,0.000000,49.100000,0.000000,49.100000,0.000000,49.100000,0.000000,49.100000,0.000000,49.100000,0.000000,49.100000,0.000000,49.100000,0.000000,
49.300000,0.000000,49.300000,0.000000,49.300000,0.000000,49.300000,0.000000,49.300000,0.000000,49.300000,0.000000,49.300000,0.000000,49.300000,0.000000,49.300000,0.000000,49.300000,0.000000,49.300000,0.000000,49.300000,0.000000,49.300000,0.000000,49.300000,0.000000,49.300000,0.000000,49.300000,0.000000,49.300000,0.000000,49.300000,0.000000,49.300000,0.000000,49.300000,0.000000,49.300000,0.000000,49.300000,0.000000,49.300000,0.000000,
49.500000,0.000000,49.500000,0.000000,49.500000,0.000000,49.500000,0.000000,49.500000,0.000000,49.500000,0.000000,49.500000,0.000000,49.500000,0.000000,49.500000,0.000000,49.500000,0.000000,49.500000,0.000000,49.500000,0.000000,49.500000,0.000000,49.500000,0.000000,49.500000,0.000000,49.500000,0.000000,49.500000,0.000000,49.500000,0.000000,49.500000,0.000000,49.500000,0.000000,49.500000,0.000000,49.500000,0.000000,49.500000,0.000000,
49.700000,0.000000,49.700000,0.000000,49.700000,0.000000,49.700000,0.000000,49.700000,0.000000,49.700000,0.000000,49.700000,0.000000,49.700000,0.000000,49.700000,0.000000,49.700000,0.000000,49.700000,0.000000,49.700000,0.000000,49.700000,0.000000,49.700000,0.000000,49.700000,0.000000,49.700000,0.000000,49.700000,0.000000,49.700000,0.000000,49.700000,0.000000,49.700000,0.000000,49.700000,0.000000,49.700000,0.000000,49.700000,0.000000,
49.900000,0.000000,49.900000,0.000000,49.900000,0.000000,49.900000,0.000000,49.900000,0.000000,49.900000,0.000000,49.900000,0.000000,49.900000,0.000000,49.900000,0.000000,49.900000,0.000000,49.900000,0.000000,49.900000,0.000000,49.900000,0.000000,49.900000,0.000000,49.900000,0.000000,49.900000,0.000000,49.900000,0.000000,49.900000,0.000000,49.900000,0.000000,49.900000,0.000000,49.900000,0.000000,49.900000,0.000000,49.900000,0.000000,
50.100000,0.000000,50.100000,0.000000,50.100000,0.000000,50.100000,0.000000,50.100000,0.000000,50.100000,0.000000,50.100000,0.000000,50.100000,0.000000,50.100000,0.000000,50.100000,0.000000,50.100000,0.000000,50.100000,0.000000,50.100000,0.000000,50.100000,0.000000,50.100000,0.000000,50.100000,0.000000,50.100000,0.000000,50.100000,0.000000,50.100000,0.000000,50.100000,0.000000,50.100000,0.000000,50.100000,0.000000,50.100000,0.000000,
50.300000,0.000000,50.300000,0.000000,50.300000,0.000000,50.300000,0.000000,50.300000,0.000000,50.300000,0.000000,50.300000,0.000000,50.300000,0.000000,50.300000,0.000000,50.300000,0.000000,50.300000,0.000000,50.300000,0.000000,50.300000,0.000000,50.300000,0.000000,50.300000,0.000000,50.300000,0.000000,50.300000,0.000000,50.300000,0.000000,50.300000,0.000000,50.300000,0.000000,50.300000,0.000000,50.300000,0.000000,50.300000,0.000000,
50.500000,0.000000,50.500000,0.000000,50.500000,0.000000,50.500000,0.000000,50.500000,0.000000,50.500000,0.000000,50.500000,0.000000,50.500000,0.000000,50.500000,0.000000,50.500000,0.000000,50.500000,0.000000,50.500000,0.000000,50.500000,0.000000,50.500000,0.000000,50.500000,0.000000,50.500000,0.000000,50.500000,0.000000,50.500000,0.000000,50.500000,0.000000,50.500000,0.000000,50.500000,0.000000,50.500000,0.000000,50.500000,0.000000,
50.700000,0.000000,50.700000,0.000000,50.700000,0.000000,50.700000,0.000000,50.700000,0.000000,50.700000,0.000000,50.700000,0.000000,50.700000,0.000000,50.700000,0.000000,50.700000,0.000000,50.700000,0.000000,50.700000,0.000000,50.700000,0.000000,50.700000,0.000000,50.700000,0.000000,50.700000,0.000000,50.700000,0.000000,50.700000,0.000000,50.700000,0.000000,50.700000,0.000000,50.700000,0.000000,50.700000,0.000000,50.700000,0.000000,
50.900000,0.000000,50.900000,0.000000,50.900000,0.000000,50.900000,0.000000,50.900000,0.000000,50.900000,0.000000,50.900000,0.000000,50.900000,0.000000,50.900000,0.000000,50.900000,0.000000,50.900000,0.000000,50.900000,0.000000,50.900000,0.000000,50.900000,0.000000,50.900000,0.000000,50.900000,0.000000,50.900000,0.000000,50.900000,0.000000,50.900000,0.000000,50.900000,0.000000,50.900000,0.000000,50.900000,0.000000,50.900000,0.000000,
51.100000,0.000000,51.100000,0.000000,51.100000,0.000000,51.100000,0.000000,51.100000,0.000000,51.100000,0.000000,51.100000,0.000000,51.100000,0.000000,51.100000,0.000000,51.100000,0.000000,51.100000,0.000000,51.100000,0.000000,51.100000,0.000000,51.100000,0.000000,51.100000,0.000000,51.100000,0.000000,51.100000,0.000000,51.100000,0.000000,51.100000,0.000000,51.100000,0.000000,51.100000,0.000000,51.100000,0.000000,51.100000,0.000000,
51.300000,0.000000,51.300000,0.000000,51.300000,0.000000,51.300000,0.000000,51.300000,0.000000,51.300000,0.000000,51.300000,0.000000,51.300000,0.000000,51.300000,0.000000,51.300000,0.000000,51.300000,0.000000,51.300000,0.000000,51.300000,0.000000,51.300000,0.000000,51.300000,0.000000,51.300000,0.000000,51.300000,0.000000,51.300000,0.000000,51.300000,0.000000,51.300000,0.000000,51.300000,0.000000,51.300000,0.000000,51.300000,0.000000,
51.500000,0.000000,51.500000,0.000000,51.500000,0.000000,51.500000,0.000000,51.500000,0.000000,51.500000,0.000000,51.500000,0.000000,51.500000,0.000000,51.500000,0.000000,51.500000,0.000000,51.500000,0.000000,51.500000,0.000000,51.500000,0.000000,51.500000,0.000000,51.500000,0.000000,51.500000,0.000000,51.500000,0.000000,51.500000,0.000000,51.500000,0.000000,51.500000,0.000000,51.500000,0.000000,51.500000,0.000000,51.500000,0.000000,
51.700000,0.000000,51.700000,0.000000,51.700000,0.000000,51.700000,0.000000,51.700000,0.000000,51.700000,0.000000,51.700000,0.000000,51.700000,0.000000,51.700000,0.000000,51.700000,0.000000,51.700000,0.000000,51.700000,0.000000,51.700000,0.000000,51.700000,0.000000,51.700000,0.000000,51.700000,0.000000,51.700000,0.000000,51.700000,0.000000,51.700000,0.000000,51.700000,0.000000,51.700000,0.000000,51.700000,0.000000,51.700000,0.000000,
51.900000,0.000000,51.900000,0.000000,51.900000,0.000000,51.900000,0.000000,51.900000,0.000000,51.900000,0.000000,51.900000,0.000000,51.900000,0.000000,51.900000,0.000000,51.900000,0.000000,51.900000,0.000000,51.900000,0.000000,51.900000,0.000000,51.900000,0.000000,51.900000,0.000000,51.900000,0.000000,51.900000,0.000000,51.900000,0.000000,51.900000,0.000000,51.900000,0.000000,51.900000,0.000000,51.900000,0.000000,51.900000,0.000000,
52.100000,0.000000,52.100000,0.000000,52.100000,0.000000,52.100000,0.000000,52.100000,0.000000,52.100000,0.000000,52.100000,0.000000,52.100000,0.000000,52.100000,0.000000,52.100000,0.000000,52.100000,0.000000,52.100000,0.000000,52.100000,0.000000,52.100000,0.000000,52.100000,0.000000,52.100000,0.000000,52.100000,0.000000,52.100000,0.000000,52.100000,0.000000,52.100000,0.000000,52.100000,0.000000,52.100000,0.000000,52.100000,0.000000,
52.300000,0.000000,52.300000,0.000000,52.300000,0.000000,52.300000,0.000000,52.300000,0.000000,52.300000,0.000000,52.300000,0.000000,52.300000,0.000000,52.300000,0.000000,52.300000,0.000000,52.300000,0.000000,52.300000,0.000000,52.300000,0.000000,52.300000,0.000000,52.300000,0.000000,52.300000,0.000000,52.300000,0.000000,52.300000,0.000000,52.300000,0.000000,52.300000,0.000000,52.300000,0.000000,52.300000,0.000000,52.300000,0.000000,
52.500000,0.000000,52.500000,0.000000,52.500000,0.000000,52.500000,0.000000,52.500000,0.000000,52.500000,0.000000,52.500000,0.000000,52.500000,0.000000,52.500000,0.000000,52.500000,0.000000,52.500000,0.000000,52.500000,0.000000,52.500000,0.000000,52.500000,0.000000,52.500000,0.000000,52.500000,0.000000,52.500000,0.000000,52.500000,0.000000,52.500000,0.000000,52.500000,0.000000,52.500000,0.000000,52.500000,0.000000,52.500000,0.000000,
52.700000,0.000000,52.700000,0.000000,52.700000,0.000000,52.700000,0.000000,52.700000,0.000000,52.700000,0.000000,52.700000,0.000000,52.700000,0.000000,52.700000,0.000000,52.700000,0.000000,52.700000,0.000000,52.700000,0.000000,52.700000,0.000000,52.700000,0.000000,52.700000,0.000000,52.700000,0.000000,52.700000,0.000000,52.700000,0.000000,52.700000,0.000000,52.700000,0.000000,52.700000,0.000000,52.700000,0.000000,52.700000,0.000000,
52.900000,0.000000,52.900000,0.000000,52.900000,0.000000,52.900000,0.000000,52.900000,0.000000,52.900000,0.000000,52.900000,0.000000,52.900000,0.000000,52.900000,0.000000,52.900000,0.000000,52.900000,0.000000,52.900000,0.000000,52.900000,0.000000,52.900000,0.000000,52.900000,0.000000,52.900000,0.000000,52.900000,0.000000,52.900000,0.000000,52.900000,0.000000,52.900000,0.000000,52.900000,0.000000,52.900000,0.000000,52.900000,0.000000,
53.100000,0.000000,53.100000,0.000000,53.100000,0.000000,53.100000,0.000000,53.100000,0.000000,53.100000,0.000000,53.100000,0.000000,53.100000,0.000000,53.100000,0.000000,53.100000,0.000000,53.100000,0.000000,53.100000,0.000000,53.100000,0.000000,53.100000,0.000000,53.100000,0.000000,53.100000,0.000000,53.100000,0.000000,53.100000,0.000000,53.100000,0.000000,53.100000,0.000000,53.100000,0.000000,53.100000,0.000000,53.100000,0.000000,
53.300000,0.000000,53.300000,0.000000,53.300000,0.000000,53.300000,0.000000,53.300000,0.000000,53.300000,0.000000,53.300000,0.000000,53.300000,0.000000,53.300000,0.000000,53.300000,0.000000,53.300000,0.000000,53.300000,0.000000,53.300000,0.000000,53.300000,0.000000,53.300000,0.000000,53.300000,0.000000,53.300000,0.000000,53.300000,0.000000,53.300000,0.000000,53.300000,0.000000,53.300000,0.000000,53.300000,0.000000,53.300000,0.000000,
53.500000,0.000000,53.500000,0.000000,53.500000,0.000000,53.500000,0.000000,53.500000,0.000000,53.500000,0.000000,53.500000,0.000000,53.500000,0.000000,53.500000,0.000000,53.500000,0.000000,53.500000,0.000000,53.500000,0.000000,53.500000,0.000000,53.500000,0.000000,53.500000,0.000000,53.500000,0.000000,53.500000,0.000000,53.500000,0.000000,53.500000,0.000000,53.500000,0.000000,53.500000,0.000000,53.500000,0.000000,53.500000,0.000000,
53.700000,0.000000,53.700000,0.000000,53.700000,0.000000,53.700000,0.000000,53.700000,0.000000,53.700000,0.000000,53.700000,0.000000,53.700000,0.000000,53.700000,0.000000,53.700000,0.000000,53.700000,0.000000,53.700000,0.000000,53.700000,0.000000,53.700000,0.000000,53.700000,0.000000,53.700000,0.000000,53.700000,0.000000,53.700000,0.000000,53.700000,0.000000,53.700000,0.000000,53.700000,0.000000,53.700000,0.000000,53.700000,0.000000,
53.900000,0.000000,53.900000,0.000000,53.900000,0.000000,53.900000,0.000000,53.900000,0.000000,53.900000,0.000000,53.900000,0.000000,53.900000,0.000000,53.900000,0.000000,53.900000,0.000000,53.900000,0.000000,53.900000,0.000000,53.900000,0.000000,53.900000,0.000000,53.900000,0.000000,53.900000,0.000000,53.900000,0.000000,53.900000,0.000000,53.900000,0.000000,53.900000,0.000000,53.900000,0.000000,53.900000,0.000000,53.900000,0.000000,
54.100000,0.000000,54.100000,0.000000,54.100000,0.000000,54.100000,0.000000,54.100000,0.000000,54.100000,0.000000,54.100000,0.000000,54.100000,0.000000,54.100000,0.000000,54.100000,0.000000,54.100000,0.000000,54.100000,0.000000,54.100000,0.000000,54.100000,0.000000,54.100000,0.000000,54.100000,0.000000,54.100000,0.000000,54.100000,0.000000,54.100000,0.000000,54.100000,0.000000,54.100000,0.000000,54.100000,0.000000,54.100000,0.000000,
54.300000,0.000000,54.300000,0.000000,54.300000,0.000000,54.300000,0.000000,54.300000,0.000000,54.300000,0.000000,54.300000,0.000000,54.300000,0.000000,54.300000,0.000000,54.300000,0.000000,54.300000,0.000000,54.300000,0.000000,54.300000,0.000000,54.300000,0.000000,54.300000,0.000000,54.300000,0.000000,54.300000,0.000000,54.300000,0.000000,54.300000,0.000000,54.300000,0.000000,54.300000,0.000000,54.300000,0.000000,54.300000,0.000000,
54.500000,0.000000,54.500000,0.000000,54.500000,0.000000,54.500000,0.000000,54.500000,0.000000,54.500000,0.000000,54.500000,0.000000,54.500000,0.000000,54.500000,0.000000,54.500000,0.000000,54.500000,0.000000,54.500000,0.000000,54.500000,0.000000,54.500000,0.000000,54.500000,0.000000,54.500000,0.000000,54.500000,0.000000,54.500000,0.000000,54.500000,0.000000,54.500000,0.000000,54.500000,0.000000,54.500000,0.000000,54.500000,0.000000,
54.700000,0.000000,54.700000,0.000000,54.700000,0.000000,54.700000,0.000000,54.700000,0.000000,54.700000,0.000000,54.700000,0.000000,54.700000,0.000000,54.700000,0.000000,54.700000,0.000000,54.700000,0.000000,54.700000,0.000000,54.700000,0.000000,54.700000,0.000000,54.700000,0.000000,54.700000,0.000000,54.700000,0.000000,54.700000,0.000000,54.700000,0.000000,54.700000,0.000000,54.700000,0.000000,54.700000,0.000000,54.700000,0.000000,
54.900000,0.000000,54.900000,0.000000,54.900000,0.000000,54.900000,0.000000,54.900000,0.000000,54.900000,0.000000,54.900000,0.000000,54.900000,0.000000,54.900000,0.000000,54.900000,0.000000,54.900000,0.000000,54.900000,0.000000,54.900000,0.000000,54.900000,0.000000,54.900000,0.000000,54.900000,0.000000,54.900000,0.000000,54.900000,0.000000,54.900000,0.000000,54.900000,0.000000,54.900000,0.000000,54.900000,0.000000,54.900000,0.000000,
55.100000,0.000000,55.100000,0.000000,55.100000,0.000000,55.100000,0.000000,55.100000,0.000000,55.100000,0.000000,55.100000,0.000000,55.100000,0.000000,55.100000,0.000000,55.100000,0.000000,55.100000,0.000000,55.100000,0.000000,55.100000,0.000000,55.100000,0.000000,55.100000,0.000000,55.100000,0.000000,55.100000,0.000000,55.100000,0.000000,55.100000,0.000000,55.100000,0.000000,55.100000,0.000000,55.100000,0.000000,55.100000,0.000000,
55.300000,0.000000,55.300000,0.000000,55.300000,0.000000,55.300000,0.000000,55.300000,0.000000,55.300000,0.000000,55.300000,0.000000,55.300000,0.000000,55.300000,0.000000,55.300000,0.000000,55.300000,0.000000,55.300000,0.000000,55.300000,0.000000,55.300000,0.000000,55.300000,0.000000,55.300000,0.000000,55.300000,0.000000,55.300000,0.000000,55.300000,0.000000,55.300000,0.000000,55.300000,0.000000,55.300000,0.000000,55.300000,0.000000,
55.500000,0.000000,55.500000,0.000000,55.500000,0.000000,55.500000,0.000000,55.500000,0.000000,55.500000,0.000000,55.500000,0.000000,55.500000,0.000000,55.500000,0.000000,55.500000,0.000000,55.500000,0.000000,55.500000,0.000000,55.500000,0.000000,55.500000,0.000000,55.500000,0.000000,55.500000,0.000000,55.500000,0.000000,55.500000,0.000000,55.500000,0.000000,55.500000,0.000000,55.500000,0.000000,55.500000,0.000000,55.500000,0.000000,
55.700000,0.000000,55.700000,0.000000,55.700000,0.000000,55.700000,0.000000,55.700000,0.000000,55.700000,0.000000,55.700000,0.000000,55.700000,0.000000,55.700000,0.000000,55.700000,0.000000,55.700000,0.000000,55.700000,0.000000,55.700000,0.000000,55.700000,0.000000,55.700000,0.000000,55.700000,0.000000,55.700000,0.000000,55.700000,0.000000,55.700000,0.000000,55.700000,0.000000,55.700000,0.000000,55.700000,0.000000,55.700000,0.000000,
55.900000,0.000000,55.900000,0.000000,55.900000,0.000000,55.900000,0.000000,55.900000,0.000000,55.900000,0.000000,55.900000,0.000000,55.900000,0.000000,55.900000,0.000000,55.900000,0.000000,55.900000,0.000000,55.900000,0.000000,55.900000,0.000000,55.900000,0.000000,55.900000,0.000000,55.900000,0.000000,55.900000,0.000000,55.900000,0.000000,55.900000,0.000000,55.900000,0.000000,55.900000,0.000000,55.900000,0.000000,55.900000,0.000000,
56.100000,0.000000,56.100000,0.000000,56.100000,0.000000,56.100000,0.000000,56.100000,0.000000,56.100000,0.000000,56.100000,0.000000,56.100000,0.000000,56.100000,0.000000,56.100000,0.000000,56.100000,0.000000,56.100000,0.000000,56.100000,0.000000,56.100000,0.000000,56.100000,0.000000,56.100000,0.000000,56.100000,0.000000,56.100000,0.000000,56.100000,0.000000,56.100000,0.000000,56.100000,0.000000,56.100000,0.000000,56.100000,0.000000,
56.300000,0.000000,56.300000,0.000000,56.300000,0.000000,56.300000,0.000000,56.300000,0.000000,56.300000,0.000000,56.300000,0.000000,56.300000,0.000000,56.300000,0.000000,56.300000,0.000000,56.300000,0.000000,56.300000,0.000000,56.300000,0.000000,56.300000,0.000000,56.300000,0.000000,56.300000,0.000000,56.300000,0.000000,56.300000,0.000000,56.300000,0.000000,56.300000,0.000000,56.300000,0.000000,56.300000,0.000000,56.300000,0.000000,
56.500000,0.000000,56.500000,0.000000,56.500000,0.000000,56.500000,0.000000,56.500000,0.000000,56.500000,0.000000,56.500000,0.000000,56.500000,0.000000,56.500000,0.000000,56.500000,0.000000,56.500000,0.000000,56.500000,0.000000,56.500000,0.000000,56.500000,0.000000,56.500000,0.000000,56.500000,0.000000,56.500000,0.000000,56.500000,0.000000,56.500000,0.000000,56.500000,0.000000,56.500000,0.000000,56.500000,0.000000,56.500000,0.000000,
56.700000,0.000000,56.700000,0.000000,56.700000,0.000000,56.700000,0.000000,56.700000,0.000000,56.700000,0.000000,56.700000,0.000000,56.700000,0.000000,56.700000,0.000000,56.700000,0.000000,56.700000,0.000000,56.700000,0.000000,56.700000,0.000000,56.700000,0.000000,56.700000,0.000000,56.700000,0.000000,56.700000,0.000000,56.700000,0.000000,56.700000,0.000000,56.700000,0.000000,56.700000,0.000000,56.700000,0.000000,56.700000,0.000000,
56.900000,0.000000,56.900000,0.000000,56.900000,0.000000,56.900000,0.000000,56.900000,0.000000,56.900000,0.000000,56.900000,0.000000,56.900000,0.000000,56.900000,0.000000,56.900000,0.000000,56.900000,0.000000,56.900000,0.000000,56.900000,0.000000,56.900000,0.000000,56.900000,0.000000,56.900000,0.000000,56.900000,0.000000,56.900000,0.000000,56.900000,0.000000,56.900000,0.000000,56.900000,0.000000,56.900000,0.000000,56.900000,0.000000,
57.100000,0.000000,57.100000,0.000000,57.100000,0.000000,57.100000,0.000000,57.100000,0.000000,57.100000,0.000000,57.100000,0.000000,57.100000,0.000000,57.100000,0.000000,57.100000,0.000000,57.100000,0.000000,57.100000,0.000000,57.100000,0.000000,57.100000,0.000000,57.100000,0.000000,57.100000,0.000000,57.100000,0.000000,57.100000,0.000000,57.100000,0.000000,57.100000,0.000000,57.100000,0.000000,57.100000,0.000000,57.100000,0.000000,
57.300000,0.000000,57.300000,0.000000,57.300000,0.000000,57.300000,0.000000,57.300000,0.000000,57.300000,0.000000,57.300000,0.000000,57.300000,0.000000,57.300000,0.000000,57.300000,0.000000,57.300000,0.000000,57.300000,0.000000,57.300000,0.000000,57.300000,0.000000,57.300000,0.000000,57.300000,0.000000,57.300000,0.000000,57.300000,0.000000,57.300000,0.000000,57.300000,0.000000,57.300000,0.000000,57.300000,0.000000,57.300000,0.000000,
57.500000,0.000000,57.500000,0.000000,57.500000,0.000000,57.500000,0.000000,57.500000,0.000000,57.500000,0.000000,57.500000,0.000000,57.500000,0.000000,57.500000,0.000000,57.500000,0.000000,57.500000,0.000000,57.500000,0.000000,57.500000,0.000000,57.500000,0.000000,57.500000,0.000000,57.500000,0.000000,57.500000,0.000000,57.500000,0.000000,57.500000,0.000000,57.500000,0.000000,57.500000,0.000000,57.500000,0.000000,57.500000,0.000000,
57.700000,0.000000,57.700000,0.000000,57.700000,0.000000,57.700000,0.000000,57.700000,0.000000,57.700000,0.000000,57.700000,0.000000,57.700000,0.000000,57.700000,0.000000,57.700000,0.000000,57.700000,0.000000,57.700000,0.000000,57.700000,0.000000,57.700000,0.000000,57.700000,0.000000,57.700000,0.000000,57.700000,0.000000,57.700000,0.000000,57.700000,0.000000,57.700000,0.000000,57.700000,0.000000,57.700000,0.000000,57.700000,0.000000,
57.900000,0.000000,57.900000,0.000000,57.900000,0.000000,57.900000,0.000000,57.900000,0.000000,57.900000,0.000000,57.900000,0.000000,57.900000,0.000000,57.900000,0.000000,57.900000,0.000000,57.900000,0.000000,57.900000,0.000000,57.900000,0.000000,57.900000,0.000000,57.900000,0.000000,57.900000,0.000000,57.900000,0.000000,57.900000,0.000000,57.900000,0.000000,57.900000,0.000000,57.900000,0.000000,57.900000,0.000000,57.900000,0.000000,
58.100000,0.000000,58.100000,0.000000,58.100000,0.000000,58.100000,0.000000,58.100000,0.000000,58.100000,0.000000,58.100000,0.000000,58.100000,0.000000,58.100000,0.000000,58.100000,0.000000,58.100000,0.000000,58.100000,0.000000,58.100000,0.000000,58.100000,0.000000,58.100000,0.000000,58.100000,0.000000,58.100000,0.000000,58.100000,0.000000,58.100000,0.000000,58.100000,0.000000,58.100000,0.000000,58.100000,0.000000,58.100000,0.000000,
58.300000,0.000000,58.300000,0.000000,58.300000,0.000000,58.300000,0.000000,58.300000,0.000000,58.300000,0.000000,58.300000,0.000000,58.300000,0.000000,58.300000,0.000000,58.300000,0.000000,58.300000,0.000000,58.300000,0.000000,58.300000,0.000000,58.300000,0.000000,58.300000,0.000000,58.300000,0.000000,58.300000,0.000000,58.300000,0.000000,58.300000,0.000000,58.300000,0.000000,58.300000,0.000000,58.300000,0.000000,58.300000,0.000000,
58.500000,0.000000,58.500000,0.000000,58.500000,0.000000,58.500000,0.000000,58.500000,0.000000,58.500000,0.000000,58.500000,0.000000,58.500000,0.000000,58.500000,0.000000,58.500000,0.000000,58.500000,0.000000,58.500000,0.000000,58.500000,0.000000,58.500000,0.000000,58.500000,0.000000,58.500000,0.000000,58.500000,0.000000,58.500000,0.000000,58.500000,0.000000,58.500000,0.000000,58.500000,0.000000,58.500000,0.000000,58.500000,0.000000,
58.700000,0.000000,58.700000,0.000000,58.700000,0.000000,58.700000,0.000000,58.700000,0.000000,58.700000,0.000000,58.700000,0.000000,58.700000,0.000000,58.700000,0.000000,58.700000,0.000000,58.700000,0.000000,58.700000,0.000000,58.700000,0.000000,58.700000,0.000000,58.700000,0.000000,58.700000,0.000000,58.700000,0.000000,58.700000,0.000000,58.700000,0.000000,58.700000,0.000000,58.700000,0.000000,58.700000,0.000000,58.700000,0.000000,
58.900000,0.000000,58.900000,0.000000,58.900000,0.000000,58.900000,0.000000,58.900000,0.000000,58.900000,0.000000,58.900000,0.000000,58.900000,0.000000,58.900000,0.000000,58.900000,0.000000,58.900000,0.000000,58.900000,0.000000,58.900000,0.000000,58.900000,0.000000,58.900000,0.000000,58.900000,0.000000,58.900000,0.000000,58.900000,0.000000,58.900000,0.000000,58.900000,0.000000,58.900000,0.000000,58.900000,0.000000,58.900000,0.000000,
59.100000,0.000000,59.100000,0.000000,59.100000,0.000000,59.100000,0.000000,59.100000,0.000000,59.100000,0.000000,59.100000,0.000000,59.100000,0.000000,59.100000,0.000000,59.100000,0.000000,59.100000,0.000000,59.100000,0.000000,59.100000,0.000000,59.100000,0.000000,59.100000,0.000000,59.100000,0.000000,59.100000,0.000000,59.100000,0.000000,59.100000,0.000000,59.100000,0.000000,59.100000,0.000000,59.100000,0.000000,59.100000,0.000000,
59.300000,0.000000,59.300000,0.000000,59.300000,0.000000,59.300000,0.000000,59.300000,0.000000,59.300000,0.000000,59.300000,0.000000,59.300000,0.000000,59.300000,0.000000,59.300000,0.000000,59.300000,0.000000,59.300000,0.000000,59.300000,0.000000,59.300000,0.000000,59.300000,0.000000,59.300000,0.000000,59.300000,0.000000,59.300000,0.000000,59.300000,0.000000,59.300000,0.000000,59.300000,0.000000,59.300000,0.000000,59.300000,0.000000,
59.500000,0.000000,59.500000,0.000000,59.500000,0.000000,59.500000,0.000000,59.500000,0.000000,59.500000,0.000000,59.500000,0.000000,59.500000,0.000000,59.500000,0.000000,59.500000,0.000000,59.500000,0.000000,59.500000,0.000000,59.500000,0.000000,59.500000,0.000000,59.500000,0.000000,59.500000,0.000000,59.500000,0.000000,59.500000,0.000000,59.500000,0.000000,59.500000,0.000000,59.500000,0.000000,59.500000,0.000000,59.500000,0.000000,
59.700000,0.000000,59.700000,0.000000,59.700000,0.000000,59.700000,0.000000,59.700000,0.000000,59.700000,0.000000,59.700000,0.000000,59.700000,0.000000,59.700000,0.000000,59.700000,0.000000,59.700000,0.000000,59.700000,0.000000,59.700000,0.000000,59.700000,0.000000,59.700000,0.000000,59.700000,0.000000,59.700000,0.000000,59.700000,0.000000,59.700000,0.000000,59.700000,0.000000,59.700000,0.000000,59.700000,0.000000,59.700000,0.000000,
59.900000,0.000000,59.900000,0.000000,59.900000,0.000000,59.900000,0.000000,59.900000,0.000000,59.900000,0.000000,59.900000,0.000000,59.900000,0.000000,59.900000,0.000000,59.900000,0.000000,59.900000,0.000000,59.900000,0.000000,59.900000,0.000000,59.900000,0.000000,59.900000,0.000000,59.900000,0.000000,59.900000,0.000000,59.900000,0.000000,59.900000,0.000000,59.900000,0.000000,59.900000,0.000000,59.900000,0.000000,59.900000,0.000000,
60.100000,0.000000,60.100000,0.000000,60.100000,0.000000,60.100000,0.000000,60.100000,0.000000,60.100000,0.000000,60.100000,0.000000,60.100000,0.000000,60.100000,0.000000,60.100000,0.000000,60.100000,0.000000,60.100000,0.000000,60.100000,0.000000,60.100000,0.000000,60.100000,0.000000,60.100000,0.000000,60.100000,0.000000,60.100000,0.000000,60.100000,0.000000,60.100000,0.000000,60.100000,0.000000,60.100000,0.000000,60.100000,0.000000,
60.300000,0.000000,60.300000,0.000000,60.300000,0.000000,60.300000,0.000000,60.300000,0.000000,60.300000,0.000000,60.300000,0.000000,60.300000,0.000000,60.300000,0.000000,60.300000,0.000000,60.300000,0.000000,60.300000,0.000000,60.300000,0.000000,60.300000,0.000000,60.300000,0.000000,60.300000,0.000000,60.300000,0.000000,60.300000,0.000000,60.300000,0.000000,60.300000,0.000000,60.300000,0.000000,60.300000,0.000000,60.300000,0.000000,
60.500000,0.000000,60.500000,0.000000,60.500000,0.000000,60.500000,0.000000,60.500000,0.000000,60.500000,0.000000,60.500000,0.000000,60.500000,0.000000,60.500000,0.000000,60.500000,0.000000,60.500000,0.000000,60.500000,0.000000,60.500000,0.000000,60.500000,0.000000,60.500000,0.000000,60.500000,0.000000,60.500000,0.000000,60.500000,0.000000,60.500000,0.000000,60.500000,0.000000,60.500000,0.000000,60.500000,0.000000,60.500000,0.000000,
60.700000,0.000000,60.700000,0.000000,60.700000,0.000000,60.700000,0.000000,60.700000,0.000000,60.700000,0.000000,60.700000,0.000000,60.700000,0.000000,60.700000,0.000000,60.700000,0.000000,60.700000,0.000000,60.700000,0.000000,60.700000,0.000000,60.700000,0.000000,60.700000,0.000000,60.700000,0.000000,60.700000,0.000000,60.700000,0.000000,60.700000,0.000000,60.700000,0.000000,60.700000,0.000000,60.700000,0.000000,60.700000,0.000000,
60.900000,0.000000,60.900000,0.000000,60.900000,0.000000,60.900000,0.000000,60.900000,0.000000,60.900000,0.000000,60.900000,0.000000,60.900000,0.000000,60.900000,0.000000,60.900000,0.000000,60.900000,0.000000,60.900000,0.000000,60.900000,0.000000,60.900000,0.000000,60.900000,0.000000,60.900000,0.000000,60.900000,0.000000,60.900000,0.000000,60.900000,0.000000,60.900000,0.000000,60.900000,0.000000,60.900000,0.000000,60.900000,0.000000,
61.100000,0.000000,61.100000,0.000000,61.100000,0.000000,61.100000,0.000000,61.100000,0.000000,61.100000,0.000000,61.100000,0.000000,61.100000,0.000000,61.100000,0.000000,61.100000,0.000000,61.100000,0.000000,61.100000,0.000000,61.100000,0.000000,61.100000,0.000000,61.100000,0.000000,61.100000,0.000000,61.100000,0.000000,61.100000,0.000000,61.100000,0.000000,61.100000,0.000000,61.100000,0.000000,61.100000,0.000000,61.100000,0.000000,
61.300000,0.000000,61.300000,0.000000,61.300000,0.000000,61.300000,0.000000,61.300000,0.000000,61.300000,0.000000,61.300000,0.000000,61.300000,0.000000,61.300000,0.000000,61.300000,0.000000,61.300000,0.000000,61.300000,0.000000,61.300000,0.000000,61.300000,0.000000,61.300000,0.000000,61.300000,0.000000,61.300000,0.000000,61.300000,0.000000,61.300000,0.000000,61.300000,0.000000,61.300000,0.000000,61.300000,0.000000,61.300000,0.000000,
61.500000,0.000000,61.500000,0.000000,61.500000,0.000000,61.500000,0.000000,61.500000,0.000000,61.500000,0.000000,61.500000,0.000000,61.500000,0.000000,61.500000,0.000000,61.500000,0.000000,61.500000,0.000000,61.500000,0.000000,61.500000,0.000000,61.500000,0.000000,61.500000,0.000000,61.500000,0.000000,61.500000,0.000000,61.500000,0.000000,61.500000,0.000000,61.500000,0.000000,61.500000,0.000000,61.500000,0.000000,61.500000,0.000000,
61.700000,0.000000,61.700000,0.000000,61.700000,0.000000,61.700000,0.000000,61.700000,0.000000,61.700000,0.000000,61.700000,0.000000,61.700000,0.000000,61.700000,0.000000,61.700000,0.000000,61.700000,0.000000,61.700000,0.000000,61.700000,0.000000,61.700000,0.000000,61.700000,0.000000,61.700000,0.000000,61.700000,0.000000,61.700000,0.000000,61.700000,0.000000,61.700000,0.000000,61.700000,0.000000,61.700000,0.000000,61.700000,0.000000,
61.900000,0.000000,61.900000,0.000000,61.900000,0.000000,61.900000,0.000000,61.900000,0.000000,61.900000,0.000000,61.900000,0.000000,61.900000,0.000000,61.900000,0.000000,61.900000,0.000000,61.900000,0.000000,61.900000,0.000000,61.900000,0.000000,61.900000,0.000000,61.900000,0.000000,61.900000,0.000000,61.900000,0.000000,61.900000,0.000000,61.900000,0.000000,61.900000,0.000000,61.900000,0.000000,61.900000,0.000000,61.900000,0.000000,
62.100000,0.000000,62.100000,0.000000,62.100000,0.000000,62.100000,0.000000,62.100000,0.000000,62.100000,0.000000,62.100000,0.000000,62.100000,0.000000,62.100000,0.000000,62.100000,0.000000,62.100000,0.000000,62.100000,0.000000,62.100000,0.000000,62.100000,0.000000,62.100000,0.000000,62.100000,0.000000,62.100000,0.000000,62.100000,0.000000,62.100000,0.000000,62.100000,0.000000,62.100000,0.000000,62.100000,0.000000,62.100000,0.000000,
62.300000,0.000000,62.300000,0.000000,62.300000,0.000000,62.300000,0.000000,62.300000,0.000000,62.300000,0.000000,62.300000,0.000000,62.300000,0.000000,62.300000,0.000000,62.300000,0.000000,62.300000,0.000000,62.300000,0.000000,62.300000,0.000000,62.300000,0.000000,62.300000,0.000000,62.300000,0.000000,62.300000,0.000000,62.300000,0.000000,62.300000,0.000000,62.300000,0.000000,62.300000,0.000000,62.300000,0.000000,62.300000,0.000000,
62.500000,0.000000,62.500000,0.000000,62.500000,0.000000,62.500000,0.000000,62.500000,0.000000,62.500000,0.000000,62.500000,0.000000,62.500000,0.000000,62.500000,0.000000,62.500000,0.000000,62.500000,0.000000,62.500000,0.000000,62.500000,0.000000,62.500000,0.000000,62.500000,0.000000,62.500000,0.000000,62.500000,0.000000,62.500000,0.000000,62.500000,0.000000,62.500000,0.000000,62.500000,0.000000,62.500000,0.000000,62.500000,0.000000,
62.700000,0.000000,62.700000,0.000000,62.700000,0.000000,62.700000,0.000000,62.700000,0.000000,62.700000,0.000000,62.700000,0.000000,62.700000,0.000000,62.700000,0.000000,62.700000,0.000000,62.700000,0.000000,62.700000,0.000000,62.700000,0.000000,62.700000,0.000000,62.700000,0.000000,62.700000,0.000000,62.700000,0.000000,62.700000,0.000000,62.700000,0.000000,62.700000,0.000000,62.700000,0.000000,62.700000,0.000000,62.700000,0.000000,
62.900000,0.000000,62.900000,0.000000,62.900000,0.000000,62.900000,0.000000,62.900000,0.000000,62.900000,0.000000,62.900000,0.000000,62.900000,0.000000,62.900000,0.000000,62.900000,0.000000,62.900000,0.000000,62.900000,0.000000,62.900000,0.000000,62.900000,0.000000,62.900000,0.000000,62.900000,0.000000,62.900000,0.000000,62.900000,0.000000,62.900000,0.000000,62.900000,0.000000,62.900000,0.000000,62.900000,0.000000,62.900000,0.000000,
63.100000,0.000000,63.100000,0.000000,63.100000,0.000000,63.100000,0.000000,63.100000,0.000000,63.100000,0.000000,63.100000,0.000000,63.100000,0.000000,63.100000,0.000000,63.100000,0.000000,63.100000,0.000000,63.100000,0.000000,63.100000,0.000000,63.100000,0.000000,63.100000,0.000000,63.100000,0.000000,63.100000,0.000000,63.100000,0.000000,63.100000,0.000000,63.100000,0.000000,63.100000,0.000000,63.100000,0.000000,63.100000,0.000000,
63.300000,0.000000,63.300000,0.000000,63.300000,0.000000,63.300000,0.000000,63.300000,0.000000,63.300000,0.000000,63.300000,0.000000,63.300000,0.000000,63.300000,0.000000,63.300000,0.000000,63.300000,0.000000,63.300000,0.000000,63.300000,0.000000,63.300000,0.000000,63.300000,0.000000,63.300000,0.000000,63.300000,0.000000,63.300000,0.000000,63.300000,0.000000,63.300000,0.000000,63.300000,0.000000,63.300000,0.000000,63.300000,0.000000,
63.500000,0.000000,63.500000,0.000000,63.500000,0.000000,63.500000,0.000000,63.500000,0.000000,63.500000,0.000000,63.500000,0.000000,63.500000,0.000000,63.500000,0.000000,63.500000,0.000000,63.500000,0.000000,63.500000,0.000000,63.500000,0.000000,63.500000,0.000000,63.500000,0.000000,63.500000,0.000000,63.500000,0.000000,63.500000,0.000000,63.500000,0.000000,63.500000,0.000000,63.500000,0.000000,63.500000,0.000000,63.500000,0.000000,
63.700000,0.000000,63.700000,0.000000,63.700000,0.000000,63.700000,0.000000,63.700000,0.000000,63.700000,0.000000,63.700000,0.000000,63.700000,0.000000,63.700000,0.000000,63.700000,0.000000,63.700000,0.000000,63.700000,0.000000,63.700000,0.000000,63.700000,0.000000,63.700000,0.000000,63.700000,0.000000,63.700000,0.000000,63.700000,0.000000,63.700000,0.000000,63.700000,0.000000,63.700000,0.000000,63.700000,0.000000,63.700000,0.000000,
63.900000,0.000000,63.900000,0.000000,63.900000,0.000000,63.900000,0.000000,63.900000,0.000000,63.900000,0.000000,63.900000,0.000000,63.900000,0.000000,63.900000,0.000000,63.900000,0.000000,63.900000,0.000000,63.900000,0.000000,63.900000,0.000000,63.900000,0.000000,63.900000,0.000000,63.900000,0.000000,63.900000,0.000000,63.900000,0.000000,63.900000,0.000000,63.900000,0.000000,63.900000,0.000000,63.900000,0.000000,63.900000,0.000000,
64.100000,0.000000,64.100000,0.000000,64.100000,0.000000,64.100000,0.000000,64.100000,0.000000,64.100000,0.000000,64.100000,0.000000,64.100000,0.000000,64.100000,0.000000,64.100000,0.000000,64.100000,0.000000,64.100000,0.000000,64.100000,0.000000,64.100000,0.000000,64.100000,0.000000,64.100000,0.000000,64.100000,0.000000,64.100000,0.000000,64.100000,0.000000,64.100000,0.000000,64.100000,0.000000,64.100000,0.000000,64.100000,0.000000,
64.300000,0.000000,64.300000,0.000000,64.300000,0.000000,64.300000,0.000000,64.300000,0.000000,64.300000,0.000000,64.300000,0.000000,64.300000,0.000000,64.300000,0.000000,64.300000,0.000000,64.300000,0.000000,64.300000,0.000000,64.300000,0.000000,64.300000,0.000000,64.300000,0.000000,64.300000,0.000000,64.300000,0.000000,64.300000,0.000000,64.300000,0.000000,64.300000,0.000000,64.300000,0.000000,64.300000,0.000000,64.300000,0.000000,
64.500000,0.000000,64.500000,0.000000,64.500000,0.000000,64.500000,0.000000,64.500000,0.000000,64.500000,0.000000,64.500000,0.000000,64.500000,0.000000,64.500000,0.000000,64.500000,0.000000,64.500000,0.000000,64.500000,0.000000,64.500000,0.000000,64.500000,0.000000,64.500000,0.000000,64.500000,0.000000,64.500000,0.000000,64.500000,0.000000,64.500000,0.000000,64.500000,0.000000,64.500000,0.000000,64.500000,0.000000,64.500000,0.000000,
64.700000,0.000000,64.700000,0.000000,64.700000,0.000000,64.700000,0.000000,64.700000,0.000000,64.700000,0.000000,64.700000,0.000000,64.700000,0.000000,64.700000,0.000000,64.700000,0.000000,64.700000,0.000000,64.700000,0.000000,64.700000,0.000000,64.700000,0.000000,64.700000,0.000000,64.700000,0.000000,64.700000,0.000000,64.700000,0.000000,64.700000,0.000000,64.700000,0.000000,64.700000,0.000000,64.700000,0.000000,64.700000,0.000000,
64.900000,0.000000,64.900000,0.000000,64.900000,0.000000,64.900000,0.000000,64.900000,0.000000,64.900000,0.000000,64.900000,0.000000,64.900000,0.000000,64.900000,0.000000,64.900000,0.000000,64.900000,0.000000,64.900000,0.000000,64.900000,0.000000,64.900000,0.000000,64.900000,0.000000,64.900000,0.000000,64.900000,0.000000,64.900000,0.000000,64.900000,0.000000,64.900000,0.000000,64.900000,0.000000,64.900000,0.000000,64.900000,0.000000,
65.100000,0.000000,65.100000,0.000000,65.100000,0.000000,65.100000,0.000000,65.100000,0.000000,65.100000,0.000000,65.100000,0.000000,65.100000,0.000000,65.100000,0.000000,65.100000,0.000000,65.100000,0.000000,65.100000,0.000000,65.100000,0.000000,65.100000,0.000000,65.100000,0.000000,65.100000,0.000000,65.100000,0.000000,65.100000,0.000000,65.100000,0.000000,65.100000,0.000000,65.100000,0.000000,65.100000,0.000000,65.100000,0.000000,
65.300000,0.000000,65.300000,0.000000,65.300000,0.000000,65.300000,0.000000,65.300000,0.000000,65.300000,0.000000,65.300000,0.000000,65.300000,0.000000,65.300000,0.000000,65.300000,0.000000,65.300000,0.000000,65.300000,0.000000,65.300000,0.000000,65.300000,0.000000,65.300000,0.000000,65.300000,0.000000,65.300000,0.000000,65.300000,0.000000,65.300000,0.000000,65.300000,0.000000,65.300000,0.000000,65.300000,0.000000,65.300000,0.000000,
65.500000,0.000000,65.500000,0.000000,65.500000,0.000000,65.500000,0.000000,65.500000,0.000000,65.500000,0.000000,65.500000,0.000000,65.500000,0.000000,65.500000,0.000000,65.500000,0.000000,65.500000,0.000000,65.500000,0.000000,65.500000,0.000000,65.500000,0.000000,65.500000,0.000000,65.500000,0.000000,65.500000,0.000000,65.500000,0.000000,65.500000,0.000000,65.500000,0.000000,65.500000,0.000000,65.500000,0.000000,65.500000,0.000000,
65.700000,0.000000,65.700000,0.000000,65.700000,0.000000,65.700000,0.000000,65.700000,0.000000,65.700000,0.000000,65.700000,0.000000,65.700000,0.000000,65.700000,0.000000,65.700000,0.000000,65.700000,0.000000,65.700000,0.000000,65.700000,0.000000,65.700000,0.000000,65.700000,0.000000,65.700000,0.000000,65.700000,0.000000,65.700000,0.000000,65.700000,0.000000,65.700000,0.000000,65.700000,0.000000,65.700000,0.000000,65.700000,0.000000,
65.900000,0.000000,65.900000,0.000000,65.900000,0.000000,65.900000,0.000000,65.900000,0.000000,65.900000,0.000000,65.900000,0.000000,65.900000,0.000000,65.900000,0.000000,65.900000,0.000000,65.900000,0.000000,65.900000,0.000000,65.900000,0.000000,65.900000,0.000000,65.900000,0.000000,65.900000,0.000000,65.900000,0.000000,65.900000,0.000000,65.900000,0.000000,65.900000,0.000000,65.900000,0.000000,65.900000,0.000000,65.900000,0.000000,
66.100000,0.000000,66.100000,0.000000,66.100000,0.000000,66.100000,0.000000,66.100000,0.000000,66.100000,0.000000,66.100000,0.000000,66.100000,0.000000,66.100000,0.000000,66.100000,0.000000,66.100000,0.000000,66.100000,0.000000,66.100000,0.000000,66.100000,0.000000,66.100000,0.000000,66.100000,0.000000,66.100000,0.000000,66.100000,0.000000,66.100000,0.000000,66.100000,0.000000,66.100000,0.000000,66.100000,0.000000,66.100000,0.000000,
66.300000,0.000000,66.300000,0.000000,66.300000,0.000000,66.300000,0.000000,66.300000,0.000000,66.300000,0.000000,66.300000,0.000000,66.300000,0.000000,66.300000,0.000000,66.300000,0.000000,66.300000,0.000000,66.300000,0.000000,66.300000,0.000000,66.300000,0.000000,66.300000,0.000000,66.300000,0.000000,66.300000,0.000000,66.300000,0.000000,66.300000,0.000000,66.300000,0.000000,66.300000,0.000000,66.300000,0.000000,66.300000,0.000000,
66.500000,0.000000,66.500000,0.000000,66.500000,0.000000,66.500000,0.000000,66.500000,0.000000,66.500000,0.000000,66.500000,0.000000,66.500000,0.000000,66.500000,0.000000,66.500000,0.000000,66.500000,0.000000,66.500000,0.000000,66.500000,0.000000,66.500000,0.000000,66.500000,0.000000,66.500000,0.000000,66.500000,0.000000,66.500000,0.000000,66.500000,0.000000,66.500000,0.000000,66.500000,0.000000,66.500000,0.000000,66.500000,0.000000,
66.700000,0.000000,66.700000,0.000000,66.700000,0.000000,66.700000,0.000000,66.700000,0.000000,66.700000,0.000000,66.700000,0.000000,66.700000,0.000000,66.700000,0.000000,66.700000,0.000000,66.700000,0.000000,66.700000,0.000000,66.700000,0.000000,66.700000,0.000000,66.700000,0.000000,66.700000,0.000000,66.700000,0.000000,66.700000,0.000000,66.700000,0.000000,66.700000,0.000000,66.700000,0.000000,66.700000,0.000000,66.700000,0.000000,
66.900000,0.000000,66.900000,0.000000,66.900000,0.000000,66.900000,0.000000,66.900000,0.000000,66.900000,0.000000,66.900000,0.000000,66.900000,0.000000,66.900000,0.000000,66.900000,0.000000,66.900000,0.000000,66.900000,0.000000,66.900000,0.000000,66.900000,0.000000,66.900000,0.000000,66.900000,0.000000,66.900000,0.000000,66.900000,0.000000,66.900000,0.000000,66.900000,0.000000,66.900000,0.000000,66.900000,0.000000,66.900000,0.000000,
67.100000,0.000000,67.100000,0.000000,67.100000,0.000000,67.100000,0.000000,67.100000,0.000000,67.100000,0.000000,67.100000,0.000000,67.100000,0.000000,67.100000,0.000000,67.100000,0.000000,67.100000,0.000000,67.100000,0.000000,67.100000,0.000000,67.100000,0.000000,67.100000,0.000000,67.100000,0.000000,67.100000,0.000000,67.100000,0.000000,67.100000,0.000000,67.100000,0.000000,67.100000,0.000000,67.100000,0.000000,67.100000,0.000000,
67.300000,0.000000,67.300000,0.000000,67.300000,0.000000,67.300000,0.000000,67.300000,0.000000,67.300000,0.000000,67.300000,0.000000,67.300000,0.000000,67.300000,0.000000,67.300000,0.000000,67.300000,0.000000,67.300000,0.000000,67.300000,0.000000,67.300000,0.000000,67.300000,0.000000,67.300000,0.000000,67.300000,0.000000,67.300000,0.000000,67.300000,0.000000,67.300000,0.000000,67.300000,0.000000,67.300000,0.000000,67.300000,0.000000,
67.500000,0.000000,67.500000,0.000000,67.500000,0.000000,67.500000,0.000000,67.500000,0.000000,67.500000,0.000000,67.500000,0.000000,67.500000,0.000000,67.500000,0.000000,67.500000,0.000000,67.500000,0.000000,67.500000,0.000000,67.500000,0.000000,67.500000,0.000000,67.500000,0.000000,67.500000,0.000000,67.500000,0.000000,67.500000,0.000000,67.500000,0.000000,67.500000,0.000000,67.500000,0.000000,67.500000,0.000000,67.500000,0.000000,
67.700000,0.000000,67.700000,0.000000,67.700000,0.000000,67.700000,0.000000,67.700000,0.000000,67.700000,0.000000,67.700000,0.000000,67.700000,0.000000,67.700000,0.000000,67.700000,0.000000,67.700000,0.000000,67.700000,0.000000,67.700000,0.000000,67.700000,0.000000,67.700000,0.000000,67.700000,0.000000,67.700000,0.000000,67.700000,0.000000,67.700000,0.000000,67.700000,0.000000,67.700000,0.000000,67.700000,0.000000,67.700000,0.000000,
67.900000,0.000000,67.900000,0.000000,67.900000,0.000000,67.900000,0.000000,67.900000,0.000000,67.900000,0.000000,67.900000,0.000000,67.900000,0.000000,67.900000,0.000000,67.900000,0.000000,67.900000,0.000000,67.900000,0.000000,67.900000,0.000000,67.900000,0.000000,67.900000,0.000000,67.900000,0.000000,67.900000,0.000000,67.900000,0.000000,67.900000,0.000000,67.900000,0.000000,67.900000,0.000000,67.900000,0.000000,67.900000,0.000000,
68.100000,0.000000,68.100000,0.000000,68.100000,0.000000,68.100000,0.000000,68.100000,0.000000,68.100000,0.000000,68.100000,0.000000,68.100000,0.000000,68.100000,0.000000,68.100000,0.000000,68.100000,0.000000,68.100000,0.000000,68.100000,0.000000,68.100000,0.000000,68.100000,0.000000,68.100000,0.000000,68.100000,0.000000,68.100000,0.000000,68.100000,0.000000,68.100000,0.000000,68.100000,0.000000,68.100000,0.000000,68.100000,0.000000,
68.300000,0.000000,68.300000,0.000000,68.300000,0.000000,68.300000,0.000000,68.300000,0.000000,68.300000,0.000000,68.300000,0.000000,68.300000,0.000000,68.300000,0.000000,68.300000,0.000000,68.300000,0.000000,68.300000,0.000000,68.300000,0.000000,68.300000,0.000000,68.300000,0.000000,68.300000,0.000000,68.300000,0.000000,68.300000,0.000000,68.300000,0.000000,68.300000,0.000000,68.300000,0.000000,68.300000,0.000000,68.300000,0.000000,
68.500000,0.000000,68.500000,0.000000,68.500000,0.000000,68.500000,0.000000,68.500000,0.000000,68.500000,0.000000,68.500000,0.000000,68.500000,0.000000,68.500000,0.000000,68.500000,0.000000,68.500000,0.000000,68.500000,0.000000,68.500000,0.000000,68.500000,0.000000,68.500000,0.000000,68.500000,0.000000,68.500000,0.000000,68.500000,0.000000,68.500000,0.000000,68.500000,0.000000,68.500000,0.000000,68.500000,0.000000,68.500000,0.000000,
68.700000,0.000000,68.700000,0.000000,68.700000,0.000000,68.700000,0.000000,68.700000,0.000000,68.700000,0.000000,68.700000,0.000000,68.700000,0.000000,68.700000,0.000000,68.700000,0.000000,68.700000,0.000000,68.700000,0.000000,68.700000,0.000000,68.700000,0.000000,68.700000,0.000000,68.700000,0.000000,68.700000,0.000000,68.700000,0.000000,68.700000,0.000000,68.700000,0.000000,68.700000,0.000000,68.700000,0.000000,68.700000,0.000000,
68.900000,0.000000,68.900000,0.000000,68.900000,0.000000,68.900000,0.000000,68.900000,0.000000,68.900000,0.000000,68.900000,0.000000,68.900000,0.000000,68.900000,0.000000,68.900000,0.000000,68.900000,0.000000,68.900000,0.000000,68.900000,0.000000,68.900000,0.000000,68.900000,0.000000,68.900000,0.000000,68.900000,0.000000,68.900000,0.000000,68.900000,0.000000,68.900000,0.000000,68.900000,0.000000,68.900000,0.000000,68.900000,0.000000,
69.100000,0.000000,69.100000,0.000000,69.100000,0.000000,69.100000,0.000000,69.100000,0.000000,69.100000,0.000000,69.100000,0.000000,69.100000,0.000000,69.100000,0.000000,69.100000,0.000000,69.100000,0.000000,69.100000,0.000000,69.100000,0.000000,69.100000,0.000000,69.100000,0.000000,69.100000,0.000000,69.100000,0.000000,69.100000,0.000000,69.100000,0.000000,69.100000,0.000000,69.100000,0.000000,69.100000,0.000000,69.100000,0.000000,
69.300000,0.000000,69.300000,0.000000,69.300000,0.000000,69.300000,0.000000,69.300000,0.000000,69.300000,0.000000,69.300000,0.000000,69.300000,0.000000,69.300000,0.000000,69.300000,0.000000,69.300000,0.000000,69.300000,0.000000,69.300000,0.000000,69.300000,0.000000,69.300000,0.000000,69.300000,0.000000,69.300000,0.000000,69.300000,0.000000,69.300000,0.000000,69.300000,0.000000,69.300000,0.000000,69.300000,0.000000,69.300000,0.000000,
69.500000,0.000000,69.500000,0.000000,69.500000,0.000000,69.500000,0.000000,69.500000,0.000000,69.500000,0.000000,69.500000,0.000000,69.500000,0.000000,69.500000,0.000000,69.500000,0.000000,69.500000,0.000000,69.500000,0.000000,69.500000,0.000000,69.500000,0.000000,69.500000,0.000000,69.500000,0.000000,69.500000,0.000000,69.500000,0.000000,69.500000,0.000000,69.500000,0.000000,69.500000,0.000000,69.500000,0.000000,69.500000,0.000000,
69.700000,0.000000,69.700000,0.000000,69.700000,0.000000,69.700000,0.000000,69.700000,0.000000,69.700000,0.000000,69.700000,0.000000,69.700000,0.000000,69.700000,0.000000,69.700000,0.000000,69.700000,0.000000,69.700000,0.000000,69.700000,0.000000,69.700000,0.000000,69.700000,0.000000,69.700000,0.000000,69.700000,0.000000,69.700000,0.000000,69.700000,0.000000,69.700000,0.000000,69.700000,0.000000,69.700000,0.000000,69.700000,0.000000,
69.900000,0.000000,69.900000,0.000000,69.900000,0.000000,69.900000,0.000000,69.900000,0.000000,69.900000,0.000000,69.900000,0.000000,69.900000,0.000000,69.900000,0.000000,69.900000,0.000000,69.900000,0.000000,69.900000,0.000000,69.900000,0.000000,69.900000,0.000000,69.900000,0.000000,69.900000,0.000000,69.900000,0.000000,69.900000,0.000000,69.900000,0.000000,69.900000,0.000000,69.900000,0.000000,69.900000,0.000000,69.900000,0.000000,
70.100000,0.000000,70.100000,0.000000,70.100000,0.000000,70.100000,0.000000,70.100000,0.000000,70.100000,0.000000,70.100000,0.000000,70.100000,0.000000,70.100000,0.000000,70.100000,0.000000,70.100000,0.000000,70.100000,0.000000,70.100000,0.000000,70.100000,0.000000,70.100000,0.000000,70.100000,0.000000,70.100000,0.000000,70.100000,0.000000,70.100000,0.000000,70.100000,0.000000,70.100000,0.000000,70.100000,0.000000,70.100000,0.000000,
70.300000,0.000000,70.300000,0.000000,70.300000,0.000000,70.300000,0.000000,70.300000,0.000000,70.300000,0.000000,70.300000,0.000000,70.300000,0.000000,70.300000,0.000000,70.300000,0.000000,70.300000,0.000000,70.300000,0.000000,70.300000,0.000000,70.300000,0.000000,70.300000,0.000000,70.300000,0.000000,70.300000,0.000000,70.300000,0.000000,70.300000,0.000000,70.300000,0.000000,70.300000,0.000000,70.300000,0.000000,70.300000,0.000000,
70.500000,0.000000,70.500000,0.000000,70.500000,0.000000,70.500000,0.000000,70.500000,0.000000,70.500000,0.000000,70.500000,0.000000,70.500000,0.000000,70.500000,0.000000,70.500000,0.000000,70.500000,0.000000,70.500000,0.000000,70.500000,0.000000,70.500000,0.000000,70.500000,0.000000,70.500000,0.000000,70.500000,0.000000,70.500000,0.000000,70.500000,0.000000,70.500000,0.000000,70.500000,0.000000,70.500000,0.000000,70.500000,0.000000,
70.700000,0.000000,70.700000,0.000000,70.700000,0.000000,70.700000,0.000000,70.700000,0.000000,70.700000,0.000000,70.700000,0.000000,70.700000,0.000000,70.700000,0.000000,70.700000,0.000000,70.700000,0.000000,70.700000,0.000000,70.700000,0.000000,70.700000,0.000000,70.700000,0.000000,70.700000,0.000000,70.700000,0.000000,70.700000,0.000000,70.700000,0.000000,70.700000,0.000000,70.700000,0.000000,70.700000,0.000000,70.700000,0.000000,
70.900000,0.000000,70.900000,0.000000,70.900000,0.000000,70.900000,0.000000,70.900000,0.000000,70.900000,0.000000,70.900000,0.000000,70.900000,0.000000,70.900000,0.000000,70.900000,0.000000,70.900000,0.000000,70.900000,0.000000,70.900000,0.000000,70.900000,0.000000,70.900000,0.000000,70.900000,0.000000,70.900000,0.000000,70.900000,0.000000,70.900000,0.000000,70.900000,0.000000,70.900000,0.000000,70.900000,0.000000,70.900000,0.000000,
71.100000,0.000000,71.100000,0.000000,71.100000,0.000000,71.100000,0.000000,71.100000,0.000000,71.100000,0.000000,71.100000,0.000000,71.100000,0.000000,71.100000,0.000000,71.100000,0.000000,71.100000,0.000000,71.100000,0.000000,71.100000,0.000000,71.100000,0.000000,71.100000,0.000000,71.100000,0.000000,71.100000,0.000000,71.100000,0.000000,71.100000,0.000000,71.100000,0.000000,71.100000,0.000000,71.100000,0.000000,71.100000,0.000000,
71.300000,0.000000,71.300000,0.000000,71.300000,0.000000,71.300000,0.000000,71.300000,0.000000,71.300000,0.000000,71.300000,0.000000,71.300000,0.000000,71.300000,0.000000,71.300000,0.000000,71.300000,0.000000,71.300000,0.000000,71.300000,0.000000,71.300000,0.000000,71.300000,0.000000,71.300000,0.000000,71.300000,0.000000,71.300000,0.000000,71.300000,0.000000,71.300000,0.000000,71.300000,0.000000,71.300000,0.000000,71.300000,0.000000,
71.500000,0.000000,71.500000,0.000000,71.500000,0.000000,71.500000,0.000000,71.500000,0.000000,71.500000,0.000000,71.500000,0.000000,71.500000,0.000000,71.500000,0.000000,71.500000,0.000000,71.500000,0.000000,71.500000,0.000000,71.500000,0.000000,71.500000,0.000000,71.500000,0.000000,71.500000,0.000000,71.500000,0.000000,71.500000,0.000000,71.500000,0.000000,71.500000,0.000000,71.500000,0.000000,71.500000,0.000000,71.500000,0.000000,
71.700000,0.000000,71.700000,0.000000,71.700000,0.000000,71.700000,0.000000,71.700000,0.000000,71.700000,0.000000,71.700000,0.000000,71.700000,0.000000,71.700000,0.000000,71.700000,0.000000,71.700000,0.000000,71.700000,0.000000,71.700000,0.000000,71.700000,0.000000,71.700000,0.000000,71.700000,0.000000,71.700000,0.000000,71.700000,0.000000,71.700000,0.000000,71.700000,0.000000,71.700000,0.000000,71.700000,0.000000,71.700000,0.000000,
71.900000,0.000000,71.900000,0.000000,71.900000,0.000000,71.900000,0.000000,71.900000,0.000000,71.900000,0.000000,71.900000,0.000000,71.900000,0.000000,71.900000,0.000000,71.900000,0.000000,71.900000,0.000000,71.900000,0.000000,71.900000,0.000000,71.900000,0.000000,71.900000,0.000000,71.900000,0.000000,71.900000,0.000000,71.900000,0.000000,71.900000,0.000000,71.900000,0.000000,71.900000,0.000000,71.900000,0.000000,71.900000,0.000000,
72.100000,0.000000,72.100000,0.000000,72.100000,0.000000,72.100000,0.000000,72.100000,0.000000,72.100000,0.000000,72.100000,0.000000,72.100000,0.000000,72.100000,0.000000,72.100000,0.000000,72.100000,0.000000,72.100000,0.000000,72.100000,0.000000,72.100000,0.000000,72.100000,0.000000,72.100000,0.000000,72.100000,0.000000,72.100000,0.000000,72.100000,0.000000,72.100000,0.000000,72.100000,0.000000,72.100000,0.000000,72.100000,0.000000,
72.300000,0.000000,72.300000,0.000000,72.300000,0.000000,72.300000,0.000000,72.300000,0.000000,72.300000,0.000000,72.300000,0.000000,72.300000,0.000000,72.300000,0.000000,72.300000,0.000000,72.300000,0.000000,72.300000,0.000000,72.300000,0.000000,72.300000,0.000000,72.300000,0.000000,72.300000,0.000000,72.300000,0.000000,72.300000,0.000000,72.300000,0.000000,72.300000,0.000000,72.300000,0.000000,72.300000,0.000000,72.300000,0.000000,
72.500000,0.000000,72.500000,0.000000,72.500000,0.000000,72.500000,0.000000,72.500000,0.000000,72.500000,0.000000,72.500000,0.000000,72.500000,0.000000,72.500000,0.000000,72.500000,0.000000,72.500000,0.000000,72.500000,0.000000,72.500000,0.000000,72.500000,0.000000,72.500000,0.000000,72.500000,0.000000,72.500000,0.000000,72.500000,0.000000,72.500000,0.000000,72.500000,0.000000,72.500000,0.000000,72.500000,0.000000,72.500000,0.000000,
72.700000,0.000000,72.700000,0.000000,72.700000,0.000000,72.700000,0.000000,72.700000,0.000000,72.700000,0.000000,72.700000,0.000000,72.700000,0.000000,72.700000,0.000000,72.700000,0.000000,72.700000,0.000000,72.700000,0.000000,72.700000,0.000000,72.700000,0.000000,72.700000,0.000000,72.700000,0.000000,72.700000,0.000000,72.700000,0.000000,72.700000,0.000000,72.700000,0.000000,72.700000,0.000000,72.700000,0.000000,72.700000,0.000000,
72.900000,0.000000,72.900000,0.000000,72.900000,0.000000,72.900000,0.000000,72.900000,0.000000,72.900000,0.000000,72.900000,0.000000,72.900000,0.000000,72.900000,0.000000,72.900000,0.000000,72.900000,0.000000,72.900000,0.000000,72.900000,0.000000,72.900000,0.000000,72.900000,0.000000,72.900000,0.000000,72.900000,0.000000,72.900000,0.000000,72.900000,0.000000,72.900000,0.000000,72.900000,0.000000,72.900000,0.000000,72.900000,0.000000,
73.100000,0.000000,73.100000,0.000000,73.100000,0.000000,73.100000,0.000000,73.100000,0.000000,73.100000,0.000000,73.100000,0.000000,73.100000,0.000000,73.100000,0.000000,73.100000,0.000000,73.100000,0.000000,73.100000,0.000000,73.100000,0.000000,73.100000,0.000000,73.100000,0.000000,73.100000,0.000000,73.100000,0.000000,73.100000,0.000000,73.100000,0.000000,73.100000,0.000000,73.100000,0.000000,73.100000,0.000000,73.100000,0.000000,
73.300000,0.000000,73.300000,0.000000,73.300000,0.000000,73.300000,0.000000,73.300000,0.000000,73.300000,0.000000,73.300000,0.000000,73.300000,0.000000,73.300000,0.000000,73.300000,0.000000,73.300000,0.000000,73.300000,0.000000,73.300000,0.000000,73.300000,0.000000,73.300000,0.000000,73.300000,0.000000,73.300000,0.000000,73.300000,0.000000,73.300000,0.000000,73.300000,0.000000,73.300000,0.000000,73.300000,0.000000,73.300000,0.000000,
73.500000,0.000000,73.500000,0.000000,73.500000,0.000000,73.500000,0.000000,73.500000,0.000000,73.500000,0.000000,73.500000,0.000000,73.500000,0.000000,73.500000,0.000000,73.500000,0.000000,73.500000,0.000000,73.500000,0.000000,73.500000,0.000000,73.500000,0.000000,73.500000,0.000000,73.500000,0.000000,73.500000,0.000000,73.500000,0.000000,73.500000,0.000000,73.500000,0.000000,73.500000,0.000000,73.500000,0.000000,73.500000,0.000000,
73.700000,0.000000,73.700000,0.000000,73.700000,0.000000,73.700000,0.000000,73.700000,0.000000,73.700000,0.000000,73.700000,0.000000,73.700000,0.000000,73.700000,0.000000,73.700000,0.000000,73.700000,0.000000,73.700000,0.000000,73.700000,0.000000,73.700000,0.000000,73.700000,0.000000,73.700000,0.000000,73.700000,0.000000,73.700000,0.000000,73.700000,0.000000,73.700000,0.000000,73.700000,0.000000,73.700000,0.000000,73.700000,0.000000,
73.900000,0.000000,73.900000,0.000000,73.900000,0.000000,73.900000,0.000000,73.900000,0.000000,73.900000,0.000000,73.900000,0.000000,73.900000,0.000000,73.900000,0.000000,73.900000,0.000000,73.900000,0.000000,73.900000,0.000000,73.900000,0.000000,73.900000,0.000000,73.900000,0.000000,73.900000,0.000000,73.900000,0.000000,73.900000,0.000000,73.900000,0.000000,73.900000,0.000000,73.900000,0.000000,73.900000,0.000000,73.900000,0.000000,
74.100000,0.000000,74.100000,0.000000,74.100000,0.000000,74.100000,0.000000,74.100000,0.000000,74.100000,0.000000,74.100000,0.000000,74.100000,0.000000,74.100000,0.000000,74.100000,0.000000,74.100000,0.000000,74.100000,0.000000,74.100000,0.000000,74.100000,0.000000,74.100000,0.000000,74.100000,0.000000,74.100000,0.000000,74.100000,0.000000,74.100000,0.000000,74.100000,0.000000,74.100000,0.000000,74.100000,0.000000,74.100000,0.000000,
74.300000,0.000000,74.300000,0.000000,74.300000,0.000000,74.300000,0.000000,74.300000,0.000000,74.300000,0.000000,74.300000,0.000000,74.300000,0.000000,74.300000,0.000000,74.300000,0.000000,74.300000,0.000000,74.300000,0.000000,74.300000,0.000000,74.300000,0.000000,74.300000,0.000000,74.300000,0.000000,74.300000,0.000000,74.300000,0.000000,74.300000,0.000000,74.300000,0.000000,74.300000,0.000000,74.300000,0.000000,74.300000,0.000000,
74.500000,0.000000,74.500000,0.000000,74.500000,0.000000,74.500000,0.000000,74.500000,0.000000,74.500000,0.000000,74.500000,0.000000,74.500000,0.000000,74.500000,0.000000,74.500000,0.000000,74.500000,0.000000,74.500000,0.000000,74.500000,0.000000,74.500000,0.000000,74.500000,0.000000,74.500000,0.000000,74.500000,0.000000,74.500000,0.000000,74.500000,0.000000,74.500000,0.000000,74.500000,0.000000,74.500000,0.000000,74.500000,0.000000,
74.700000,0.000000,74.700000,0.000000,74.700000,0.000000,74.700000,0.000000,74.700000,0.000000,74.700000,0.000000,74.700000,0.000000,74.700000,0.000000,74.700000,0.000000,74.700000,0.000000,74.700000,0.000000,74.700000,0.000000,74.700000,0.000000,74.700000,0.000000,74.700000,0.000000,74.700000,0.000000,74.700000,0.000000,74.700000,0.000000,74.700000,0.000000,74.700000,0.000000,74.700000,0.000000,74.700000,0.000000,74.700000,0.000000,
74.900000,0.000000,74.900000,0.000000,74.900000,0.000000,74.900000,0.000000,74.900000,0.000000,74.900000,0.000000,74.900000,0.000000,74.900000,0.000000,74.900000,0.000000,74.900000,0.000000,74.900000,0.000000,74.900000,0.000000,74.900000,0.000000,74.900000,0.000000,74.900000,0.000000,74.900000,0.000000,74.900000,0.000000,74.900000,0.000000,74.900000,0.000000,74.900000,0.000000,74.900000,0.000000,74.900000,0.000000,74.900000,0.000000,
75.100000,0.000000,75.100000,0.000000,75.100000,0.000000,75.100000,0.000000,75.100000,0.000000,75.100000,0.000000,75.100000,0.000000,75.100000,0.000000,75.100000,0.000000,75.100000,0.000000,75.100000,0.000000,75.100000,0.000000,75.100000,0.000000,75.100000,0.000000,75.100000,0.000000,75.100000,0.000000,75.100000,0.000000,75.100000,0.000000,75.100000,0.000000,75.100000,0.000000,75.100000,0.000000,75.100000,0.000000,75.100000,0.000000,
75.300000,0.000000,75.300000,0.000000,75.300000,0.000000,75.300000,0.000000,75.300000,0.000000,75.300000,0.000000,75.300000,0.000000,75.300000,0.000000,75.300000,0.000000,75.300000,0.000000,75.300000,0.000000,75.300000,0.000000,75.300000,0.000000,75.300000,0.000000,75.300000,0.000000,75.300000,0.000000,75.300000,0.000000,75.300000,0.000000,75.300000,0.000000,75.300000,0.000000,75.300000,0.000000,75.300000,0.000000,75.300000,0.000000,
75.500000,0.000000,75.500000,0.000000,75.500000,0.000000,75.500000,0.000000,75.500000,0.000000,75.500000,0.000000,75.500000,0.000000,75.500000,0.000000,75.500000,0.000000,75.500000,0.000000,75.500000,0.000000,75.500000,0.000000,75.500000,0.000000,75.500000,0.000000,75.500000,0.000000,75.500000,0.000000,75.500000,0.000000,75.500000,0.000000,75.500000,0.000000,75.500000,0.000000,75.500000,0.000000,75.500000,0.000000,75.500000,0.000000,
75.700000,0.000000,75.700000,0.000000,75.700000,0.000000,75.700000,0.000000,75.700000,0.000000,75.700000,0.000000,75.700000,0.000000,75.700000,0.000000,75.700000,0.000000,75.700000,0.000000,75.700000,0.000000,75.700000,0.000000,75.700000,0.000000,75.700000,0.000000,75.700000,0.000000,75.700000,0.000000,75.700000,0.000000,75.700000,0.000000,75.700000,0.000000,75.700000,0.000000,75.700000,0.000000,75.700000,0.000000,75.700000,0.000000,
75.900000,0.000000,75.900000,0.000000,75.900000,0.000000,75.900000,0.000000,75.900000,0.000000,75.900000,0.000000,75.900000,0.000000,75.900000,0.000000,75.900000,0.000000,75.900000,0.000000,75.900000,0.000000,75.900000,0.000000,75.900000,0.000000,75.900000,0.000000,75.900000,0.000000,75.900000,0.000000,75.900000,0.000000,75.900000,0.000000,75.900000,0.000000,75.900000,0.000000,75.900000,0.000000,75.900000,0.000000,75.900000,0.000000,
76.100000,0.000000,76.100000,0.000000,76.100000,0.000000,76.100000,0.000000,76.100000,0.000000,76.100000,0.000000,76.100000,0.000000,76.100000,0.000000,76.100000,0.000000,76.100000,0.000000,76.100000,0.000000,76.100000,0.000000,76.100000,0.000000,76.100000,0.000000,76.100000,0.000000,76.100000,0.000000,76.100000,0.000000,76.100000,0.000000,76.100000,0.000000,76.100000,0.000000,76.100000,0.000000,76.100000,0.000000,76.100000,0.000000,
76.300000,0.000000,76.300000,0.000000,76.300000,0.000000,76.300000,0.000000,76.300000,0.000000,76.300000,0.000000,76.300000,0.000000,76.300000,0.000000,76.300000,0.000000,76.300000,0.000000,76.300000,0.000000,76.300000,0.000000,76.300000,0.000000,76.300000,0.000000,76.300000,0.000000,76.300000,0.000000,76.300000,0.000000,76.300000,0.000000,76.300000,0.000000,76.300000,0.000000,76.300000,0.000000,76.300000,0.000000,76.300000,0.000000,
76.500000,0.000000,76.500000,0.000000,76.500000,0.000000,76.500000,0.000000,76.500000,0.000000,76.500000,0.000000,76.500000,0.000000,76.500000,0.000000,76.500000,0.000000,76.500000,0.000000,76.500000,0.000000,76.500000,0.000000,76.500000,0.000000,76.500000,0.000000,76.500000,0.000000,76.500000,0.000000,76.500000,0.000000,76.500000,0.000000,76.500000,0.000000,76.500000,0.000000,76.500000,0.000000,76.500000,0.000000,76.500000,0.000000,
76.700000,0.000000,76.700000,0.000000,76.700000,0.000000,76.700000,0.000000,76.700000,0.000000,76.700000,0.000000,76.700000,0.000000,76.700000,0.000000,76.700000,0.000000,76.700000,0.000000,76.700000,0.000000,76.700000,0.000000,76.700000,0.000000,76.700000,0.000000,76.700000,0.000000,76.700000,0.000000,76.700000,0.000000,76.700000,0.000000,76.700000,0.000000,76.700000,0.000000,76.700000,0.000000,76.700000,0.000000,76.700000,0.000000,
76.900000,0.000000,76.900000,0.000000,76.900000,0.000000,76.900000,0.000000,76.900000,0.000000,76.900000,0.000000,76.900000,0.000000,76.900000,0.000000,76.900000,0.000000,76.900000,0.000000,76.900000,0.000000,76.900000,0.000000,76.900000,0.000000,76.900000,0.000000,76.900000,0.000000,76.900000,0.000000,76.900000,0.000000,76.900000,0.000000,76.900000,0.000000,76.900000,0.000000,76.900000,0.000000,76.900000,0.000000,76.900000,0.000000,
77.100000,0.000000,77.100000,0.000000,77.100000,0.000000,77.100000,0.000000,77.100000,0.000000,77.100000,0.000000,77.100000,0.000000,77.100000,0.000000,77.100000,0.000000,77.100000,0.000000,77.100000,0.000000,77.100000,0.000000,77.100000,0.000000,77.100000,0.000000,77.100000,0.000000,77.100000,0.000000,77.100000,0.000000,77.100000,0.000000,77.100000,0.000000,77.100000,0.000000,77.100000,0.000000,77.100000,0.000000,77.100000,0.000000,
77.300000,0.000000,77.300000,0.000000,77.300000,0.000000,77.300000,0.000000,77.300000,0.000000,77.300000,0.000000,77.300000,0.000000,77.300000,0.000000,77.300000,0.000000,77.300000,0.000000,77.300000,0.000000,77.300000,0.000000,77.300000,0.000000,77.300000,0.000000,77.300000,0.000000,77.300000,0.000000,77.300000,0.000000,77.300000,0.000000,77.300000,0.000000,77.300000,0.000000,77.300000,0.000000,77.300000,0.000000,77.300000,0.000000,
77.500000,0.000000,77.500000,0.000000,77.500000,0.000000,77.500000,0.000000,77.500000,0.000000,77.500000,0.000000,77.500000,0.000000,77.500000,0.000000,77.500000,0.000000,77.500000,0.000000,77.500000,0.000000,77.500000,0.000000,77.500000,0.000000,77.500000,0.000000,77.500000,0.000000,77.500000,0.000000,77.500000,0.000000,77.500000,0.000000,77.500000,0.000000,77.500000,0.000000,77.500000,0.000000,77.500000,0.000000,77.500000,0.000000,
77.700000,0.000000,77.700000,0.000000,77.700000,0.000000,77.700000,0.000000,77.700000,0.000000,77.700000,0.000000,77.700000,0.000000,77.700000,0.000000,77.700000,0.000000,77.700000,0.000000,77.700000,0.000000,77.700000,0.000000,77.700000,0.000000,77.700000,0.000000,77.700000,0.000000,77.700000,0.000000,77.700000,0.000000,77.700000,0.000000,77.700000,0.000000,77.700000,0.000000,77.700000,0.000000,77.700000,0.000000,77.700000,0.000000,
77.900000,0.000000,77.900000,0.000000,77.900000,0.000000,77.900000,0.000000,77.900000,0.000000,77.900000,0.000000,77.900000,0.000000,77.900000,0.000000,77.900000,0.000000,77.900000,0.000000,77.900000,0.000000,77.900000,0.000000,77.900000,0.000000,77.900000,0.000000,77.900000,0.000000,77.900000,0.000000,77.900000,0.000000,77.900000,0.000000,77.900000,0.000000,77.900000,0.000000,77.900000,0.000000,77.900000,0.000000,77.900000,0.000000,
78.100000,0.000000,78.100000,0.000000,78.100000,0.000000,78.100000,0.000000,78.100000,0.000000,78.100000,0.000000,78.100000,0.000000,78.100000,0.000000,78.100000,0.000000,78.100000,0.000000,78.100000,0.000000,78.100000,0.000000,78.100000,0.000000,78.100000,0.000000,78.100000,0.000000,78.100000,0.000000,78.100000,0.000000,78.100000,0.000000,78.100000,0.000000,78.100000,0.000000,78.100000,0.000000,78.100000,0.000000,78.100000,0.000000,
78.300000,0.000000,78.300000,0.000000,78.300000,0.000000,78.300000,0.000000,78.300000,0.000000,78.300000,0.000000,78.300000,0.000000,78.300000,0.000000,78.300000,0.000000,78.300000,0.000000,78.300000,0.000000,78.300000,0.000000,78.300000,0.000000,78.300000,0.000000,78.300000,0.000000,78.300000,0.000000,78.300000,0.000000,78.300000,0.000000,78.300000,0.000000,78.300000,0.000000,78.300000,0.000000,78.300000,0.000000,78.300000,0.000000,
78.500000,0.000000,78.500000,0.000000,78.500000,0.000000,78.500000,0.000000,78.500000,0.000000,78.500000,0.000000,78.500000,0.000000,78.500000,0.000000,78.500000,0.000000,78.500000,0.000000,78.500000,0.000000,78.500000,0.000000,78.500000,0.000000,78.500000,0.000000,78.500000,0.000000,78.500000,0.000000,78.500000,0.000000,78.500000,0.000000,78.500000,0.000000,78.500000,0.000000,78.500000,0.000000,78.500000,0.000000,78.500000,0.000000,
78.700000,0.000000,78.700000,0.000000,78.700000,0.000000,78.700000,0.000000,78.700000,0.000000,78.700000,0.000000,78.700000,0.000000,78.700000,0.000000,78.700000,0.000000,78.700000,0.000000,78.700000,0.000000,78.700000,0.000000,78.700000,0.000000,78.700000,0.000000,78.700000,0.000000,78.700000,0.000000,78.700000,0.000000,78.700000,0.000000,78.700000,0.000000,78.700000,0.000000,78.700000,0.000000,78.700000,0.000000,78.700000,0.000000,
78.900000,0.000000,78.900000,0.000000,78.900000,0.000000,78.900000,0.000000,78.900000,0.000000,78.900000,0.000000,78.900000,0.000000,78.900000,0.000000,78.900000,0.000000,78.900000,0.000000,78.900000,0.000000,78.900000,0.000000,78.900000,0.000000,78.900000,0.000000,78.900000,0.000000,78.900000,0.000000,78.900000,0.000000,78.900000,0.000000,78.900000,0.000000,78.900000,0.000000,78.900000,0.000000,78.900000,0.000000,78.900000,0.000000,
79.100000,0.000000,79.100000,0.000000,79.100000,0.000000,79.100000,0.000000,79.100000,0.000000,79.100000,0.000000,79.100000,0.000000,79.100000,0.000000,79.100000,0.000000,79.100000,0.000000,79.100000,0.000000,79.100000,0.000000,79.100000,0.000000,79.100000,0.000000,79.100000,0.000000,79.100000,0.000000,79.100000,0.000000,79.100000,0.000000,79.100000,0.000000,79.100000,0.000000,79.100000,0.000000,79.100000,0.000000,79.100000,0.000000,
79.300000,0.000000,79.300000,0.000000,79.300000,0.000000,79.300000,0.000000,79.300000,0.000000,79.300000,0.000000,79.300000,0.000000,79.300000,0.000000,79.300000,0.000000,79.300000,0.000000,79.300000,0.000000,79.300000,0.000000,79.300000,0.000000,79.300000,0.000000,79.300000,0.000000,79.300000,0.000000,79.300000,0.000000,79.300000,0.000000,79.300000,0.000000,79.300000,0.000000,79.300000,0.000000,79.300000,0.000000,79.300000,0.000000,
79.500000,0.000000,79.500000,0.000000,79.500000,0.000000,79.500000,0.000000,79.500000,0.000000,79.500000,0.000000,79.500000,0.000000,79.500000,0.000000,79.500000,0.000000,79.500000,0.000000,79.500000,0.000000,79.500000,0.000000,79.500000,0.000000,79.500000,0.000000,79.500000,0.000000,79.500000,0.000000,79.500000,0.000000,79.500000,0.000000,79.500000,0.000000,79.500000,0.000000,79.500000,0.000000,79.500000,0.000000,79.500000,0.000000,
79.700000,0.000000,79.700000,0.000000,79.700000,0.000000,79.700000,0.000000,79.700000,0.000000,79.700000,0.000000,79.700000,0.000000,79.700000,0.000000,79.700000,0.000000,79.700000,0.000000,79.700000,0.000000,79.700000,0.000000,79.700000,0.000000,79.700000,0.000000,79.700000,0.000000,79.700000,0.000000,79.700000,0.000000,79.700000,0.000000,79.700000,0.000000,79.700000,0.000000,79.700000,0.000000,79.700000,0.000000,79.700000,0.000000,
79.900000,0.000000,79.900000,0.000000,79.900000,0.000000,79.900000,0.000000,79.900000,0.000000,79.900000,0.000000,79.900000,0.000000,79.900000,0.000000,79.900000,0.000000,79.900000,0.000000,79.900000,0.000000,79.900000,0.000000,79.900000,0.000000,79.900000,0.000000,79.900000,0.000000,79.900000,0.000000,79.900000,0.000000,79.900000,0.000000,79.900000,0.000000,79.900000,0.000000,79.900000,0.000000,79.900000,0.000000,79.900000,0.000000,
80.100000,0.000000,80.100000,0.000000,80.100000,0.000000,80.100000,0.000000,80.100000,0.000000,80.100000,0.000000,80.100000,0.000000,80.100000,0.000000,80.100000,0.000000,80.100000,0.000000,80.100000,0.000000,80.100000,0.000000,80.100000,0.000000,80.100000,0.000000,80.100000,0.000000,80.100000,0.000000,80.100000,0.000000,80.100000,0.000000,80.100000,0.000000,80.100000,0.000000,80.100000,0.000000,80.100000,0.000000,80.100000,0.000000,
80.300000,0.000000,80.300000,0.000000,80.300000,0.000000,80.300000,0.000000,80.300000,0.000000,80.300000,0.000000,80.300000,0.000000,80.300000,0.000000,80.300000,0.000000,80.300000,0.000000,80.300000,0.000000,80.300000,0.000000,80.300000,0.000000,80.300000,0.000000,80.300000,0.000000,80.300000,0.000000,80.300000,0.000000,80.300000,0.000000,80.300000,0.000000,80.300000,0.000000,80.300000,0.000000,80.300000,0.000000,80.300000,0.000000,
80.500000,0.000000,80.500000,0.000000,80.500000,0.000000,80.500000,0.000000,80.500000,0.000000,80.500000,0.000000,80.500000,0.000000,80.500000,0.000000,80.500000,0.000000,80.500000,0.000000,80.500000,0.000000,80.500000,0.000000,80.500000,0.000000,80.500000,0.000000,80.500000,0.000000,80.500000,0.000000,80.500000,0.000000,80.500000,0.000000,80.500000,0.000000,80.500000,0.000000,80.500000,0.000000,80.500000,0.000000,80.500000,0.000000,
80.700000,0.000000,80.700000,0.000000,80.700000,0.000000,80.700000,0.000000,80.700000,0.000000,80.700000,0.000000,80.700000,0.000000,80.700000,0.000000,80.700000,0.000000,80.700000,0.000000,80.700000,0.000000,80.700000,0.000000,80.700000,0.000000,80.700000,0.000000,80.700000,0.000000,80.700000,0.000000,80.700000,0.000000,80.700000,0.000000,80.700000,0.000000,80.700000,0.000000,80.700000,0.000000,80.700000,0.000000,80.700000,0.000000,
80.900000,0.000000,80.900000,0.000000,80.900000,0.000000,80.900000,0.000000,80.900000,0.000000,80.900000,0.000000,80.900000,0.000000,80.900000,0.000000,80.900000,0.000000,80.900000,0.000000,80.900000,0.000000,80.900000,0.000000,80.900000,0.000000,80.900000,0.000000,80.900000,0.000000,80.900000,0.000000,80.900000,0.000000,80.900000,0.000000,80.900000,0.000000,80.900000,0.000000,80.900000,0.000000,80.900000,0.000000,80.900000,0.000000,
81.100000,0.000000,81.100000,0.000000,81.100000,0.000000,81.100000,0.000000,81.100000,0.000000,81.100000,0.000000,81.100000,0.000000,81.100000,0.000000,81.100000,0.000000,81.100000,0.000000,81.100000,0.000000,81.100000,0.000000,81.100000,0.000000,81.100000,0.000000,81.100000,0.000000,81.100000,0.000000,81.100000,0.000000,81.100000,0.000000,81.100000,0.000000,81.100000,0.000000,81.100000,0.000000,81.100000,0.000000,81.100000,0.000000,
81.300000,0.000000,81.300000,0.000000,81.300000,0.000000,81.300000,0.000000,81.300000,0.000000,81.300000,0.000000,81.300000,0.000000,81.300000,0.000000,81.300000,0.000000,81.300000,0.000000,81.300000,0.000000,81.300000,0.000000,81.300000,0.000000,81.300000,0.000000,81.300000,0.000000,81.300000,0.000000,81.300000,0.000000,81.300000,0.000000,81.300000,0.000000,81.300000,0.000000,81.300000,0.000000,81.300000,0.000000,81.300000,0.000000,
81.500000,0.000000,81.500000,0.000000,81.500000,0.000000,81.500000,0.000000,81.500000,0.000000,81.500000,0.000000,81.500000,0.000000,81.500000,0.000000,81.500000,0.000000,81.500000,0.000000,81.500000,0.000000,81.500000,0.000000,81.500000,0.000000,81.500000,0.000000,81.500000,0.000000,81.500000,0.000000,81.500000,0.000000,81.500000,0.000000,81.500000,0.000000,81.500000,0.000000,81.500000,0.000000,81.500000,0.000000,81.500000,0.000000,
81.700000,0.000000,81.700000,0.000000,81.700000,0.000000,81.700000,0.000000,81.700000,0.000000,81.700000,0.000000,81.700000,0.000000,81.700000,0.000000,81.700000,0.000000,81.700000,0.000000,81.700000,0.000000,81.700000,0.000000,81.700000,0.000000,81.700000,0.000000,81.700000,0.000000,81.700000,0.000000,81.700000,0.000000,81.700000,0.000000,81.700000,0.000000,81.700000,0.000000,81.700000,0.000000,81.700000,0.000000,81.700000,0.000000,
81.900000,0.000000,81.900000,0.000000,81.900000,0.000000,81.900000,0.000000,81.900000,0.000000,81.900000,0.000000,81.900000,0.000000,81.900000,0.000000,81.900000,0.000000,81.900000,0.000000,81.900000,0.000000,81.900000,0.000000,81.900000,0.000000,81.900000,0.000000,81.900000,0.000000,81.900000,0.000000,81.900000,0.000000,81.900000,0.000000,81.900000,0.000000,81.900000,0.000000,81.900000,0.000000,81.900000,0.000000,81.900000,0.000000,
82.100000,0.000000,82.100000,0.000000,82.100000,0.000000,82.100000,0.000000,82.100000,0.000000,82.100000,0.000000,82.100000,0.000000,82.100000,0.000000,82.100000,0.000000,82.100000,0.000000,82.100000,0.000000,82.100000,0.000000,82.100000,0.000000,82.100000,0.000000,82.100000,0.000000,82.100000,0.000000,82.100000,0.000000,82.100000,0.000000,82.100000,0.000000,82.100000,0.000000,82.100000,0.000000,82.100000,0.000000,82.100000,0.000000,
82.300000,0.000000,82.300000,0.000000,82.300000,0.000000,82.300000,0.000000,82.300000,0.000000,82.300000,0.000000,82.300000,0.000000,82.300000,0.000000,82.300000,0.000000,82.300000,0.000000,82.300000,0.000000,82.300000,0.000000,82.300000,0.000000,82.300000,0.000000,82.300000,0.000000,82.300000,0.000000,82.300000,0.000000,82.300000,0.000000,82.300000,0.000000,82.300000,0.000000,82.300000,0.000000,82.300000,0.000000,82.300000,0.000000,
82.500000,0.000000,82.500000,0.000000,82.500000,0.000000,82.500000,0.000000,82.500000,0.000000,82.500000,0.000000,82.500000,0.000000,82.500000,0.000000,82.500000,0.000000,82.500000,0.000000,82.500000,0.000000,82.500000,0.000000,82.500000,0.000000,82.500000,0.000000,82.500000,0.000000,82.500000,0.000000,82.500000,0.000000,82.500000,0.000000,82.500000,0.000000,82.500000,0.000000,82.500000,0.000000,82.500000,0.000000,82.500000,0.000000,
82.700000,0.000000,82.700000,0.000000,82.700000,0.000000,82.700000,0.000000,82.700000,0.000000,82.700000,0.000000,82.700000,0.000000,82.700000,0.000000,82.700000,0.000000,82.700000,0.000000,82.700000,0.000000,82.700000,0.000000,82.700000,0.000000,82.700000,0.000000,82.700000,0.000000,82.700000,0.000000,82.700000,0.000000,82.700000,0.000000,82.700000,0.000000,82.700000,0.000000,82.700000,0.000000,82.700000,0.000000,82.700000,0.000000,
82.900000,0.000000,82.900000,0.000000,82.900000,0.000000,82.900000,0.000000,82.900000,0.000000,82.900000,0.000000,82.900000,0.000000,82.900000,0.000000,82.900000,0.000000,82.900000,0.000000,82.900000,0.000000,82.900000,0.000000,82.900000,0.000000,82.900000,0.000000,82.900000,0.000000,82.900000,0.000000,82.900000,0.000000,82.900000,0.000000,82.900000,0.000000,82.900000,0.000000,82.900000,0.000000,82.900000,0.000000,82.900000,0.000000,
83.100000,0.000000,83.100000,0.000000,83.100000,0.000000,83.100000,0.000000,83.100000,0.000000,83.100000,0.000000,83.100000,0.000000,83.100000,0.000000,83.100000,0.000000,83.100000,0.000000,83.100000,0.000000,83.100000,0.000000,83.100000,0.000000,83.100000,0.000000,83.100000,0.000000,83.100000,0.000000,83.100000,0.000000,83.100000,0.000000,83.100000,0.000000,83.100000,0.000000,83.100000,0.000000,83.100000,0.000000,83.100000,0.000000,
83.300000,0.000000,83.300000,0.000000,83.300000,0.000000,83.300000,0.000000,83.300000,0.000000,83.300000,0.000000,83.300000,0.000000,83.300000,0.000000,83.300000,0.000000,83.300000,0.000000,83.300000,0.000000,83.300000,0.000000,83.300000,0.000000,83.300000,0.000000,83.300000,0.000000,83.300000,0.000000,83.300000,0.000000,83.300000,0.000000,83.300000,0.000000,83.300000,0.000000,83.300000,0.000000,83.300000,0.000000,83.300000,0.000000,
83.500000,0.000000,83.500000,0.000000,83.500000,0.000000,83.500000,0.000000,83.500000,0.000000,83.500000,0.000000,83.500000,0.000000,83.500000,0.000000,83.500000,0.000000,83.500000,0.000000,83.500000,0.000000,83.500000,0.000000,83.500000,0.000000,83.500000,0.000000,83.500000,0.000000,83.500000,0.000000,83.500000,0.000000,83.500000,0.000000,83.500000,0.000000,83.500000,0.000000,83.500000,0.000000,83.500000,0.000000,83.500000,0.000000,
83.700000,0.000000,83.700000,0.000000,83.700000,0.000000,83.700000,0.000000,83.700000,0.000000,83.700000,0.000000,83.700000,0.000000,83.700000,0.000000,83.700000,0.000000,83.700000,0.000000,83.700000,0.000000,83.700000,0.000000,83.700000,0.000000,83.700000,0.000000,83.700000,0.000000,83.700000,0.000000,83.700000,0.000000,83.700000,0.000000,83.700000,0.000000,83.700000,0.000000,83.700000,0.000000,83.700000,0.000000,83.700000,0.000000,
83.900000,0.000000,83.900000,0.000000,83.900000,0.000000,83.900000,0.000000,83.900000,0.000000,83.900000,0.000000,83.900000,0.000000,83.900000,0.000000,83.900000,0.000000,83.900000,0.000000,83.900000,0.000000,83.900000,0.000000,83.900000,0.000000,83.900000,0.000000,83.900000,0.000000,83.900000,0.000000,83.900000,0.000000,83.900000,0.000000,83.900000,0.000000,83.900000,0.000000,83.900000,0.000000,83.900000,0.000000,83.900000,0.000000,
84.100000,0.000000,84.100000,0.000000,84.100000,0.000000,84.100000,0.000000,84.100000,0.000000,84.100000,0.000000,84.100000,0.000000,84.100000,0.000000,84.100000,0.000000,84.100000,0.000000,84.100000,0.000000,84.100000,0.000000,84.100000,0.000000,84.100000,0.000000,84.100000,0.000000,84.100000,0.000000,84.100000,0.000000,84.100000,0.000000,84.100000,0.000000,84.100000,0.000000,84.100000,0.000000,84.100000,0.000000,84.100000,0.000000,
84.300000,0.000000,84.300000,0.000000,84.300000,0.000000,84.300000,0.000000,84.300000,0.000000,84.300000,0.000000,84.300000,0.000000,84.300000,0.000000,84.300000,0.000000,84.300000,0.000000,84.300000,0.000000,84.300000,0.000000,84.300000,0.000000,84.300000,0.000000,84.300000,0.000000,84.300000,0.000000,84.300000,0.000000,84.300000,0.000000,84.300000,0.000000,84.300000,0.000000,84.300000,0.000000,84.300000,0.000000,84.300000,0.000000,
84.500000,0.000000,84.500000,0.000000,84.500000,0.000000,84.500000,0.000000,84.500000,0.000000,84.500000,0.000000,84.500000,0.000000,84.500000,0.000000,84.500000,0.000000,84.500000,0.000000,84.500000,0.000000,84.500000,0.000000,84.500000,0.000000,84.500000,0.000000,84.500000,0.000000,84.500000,0.000000,84.500000,0.000000,84.500000,0.000000,84.500000,0.000000,84.500000,0.000000,84.500000,0.000000,84.500000,0.000000,84.500000,0.000000,
84.700000,0.000000,84.700000,0.000000,84.700000,0.000000,84.700000,0.000000,84.700000,0.000000,84.700000,0.000000,84.700000,0.000000,84.700000,0.000000,84.700000,0.000000,84.700000,0.000000,84.700000,0.000000,84.700000,0.000000,84.700000,0.000000,84.700000,0.000000,84.700000,0.000000,84.700000,0.000000,84.700000,0.000000,84.700000,0.000000,84.700000,0.000000,84.700000,0.000000,84.700000,0.000000,84.700000,0.000000,84.700000,0.000000,
84.900000,0.000000,84.900000,0.000000,84.900000,0.000000,84.900000,0.000000,84.900000,0.000000,84.900000,0.000000,84.900000,0.000000,84.900000,0.000000,84.900000,0.000000,84.900000,0.000000,84.900000,0.000000,84.900000,0.000000,84.900000,0.000000,84.900000,0.000000,84.900000,0.000000,84.900000,0.000000,84.900000,0.000000,84.900000,0.000000,84.900000,0.000000,84.900000,0.000000,84.900000,0.000000,84.900000,0.000000,84.900000,0.000000,
85.100000,0.000000,85.100000,0.000000,85.100000,0.000000,85.100000,0.000000,85.100000,0.000000,85.100000,0.000000,85.100000,0.000000,85.100000,0.000000,85.100000,0.000000,85.100000,0.000000,85.100000,0.000000,85.100000,0.000000,85.100000,0.000000,85.100000,0.000000,85.100000,0.000000,85.100000,0.000000,85.100000,0.000000,85.100000,0.000000,85.100000,0.000000,85.100000,0.000000,85.100000,0.000000,85.100000,0.000000,85.100000,0.000000,
85.300000,0.000000,85.300000,0.000000,85.300000,0.000000,85.300000,0.000000,85.300000,0.000000,85.300000,0.000000,85.300000,0.000000,85.300000,0.000000,85.300000,0.000000,85.300000,0.000000,85.300000,0.000000,85.300000,0.000000,85.300000,0.000000,85.300000,0.000000,85.300000,0.000000,85.300000,0.000000,85.300000,0.000000,85.300000,0.000000,85.300000,0.000000,85.300000,0.000000,85.300000,0.000000,85.300000,0.000000,85.300000,0.000000,
85.500000,0.000000,85.500000,0.000000,85.500000,0.000000,85.500000,0.000000,85.500000,0.000000,85.500000,0.000000,85.500000,0.000000,85.500000,0.000000,85.500000,0.000000,85.500000,0.000000,85.500000,0.000000,85.500000,0.000000,85.500000,0.000000,85.500000,0.000000,85.500000,0.000000,85.500000,0.000000,85.500000,0.000000,85.500000,0.000000,85.500000,0.000000,85.500000,0.000000,85.500000,0.000000,85.500000,0.000000,85.500000,0.000000,
85.700000,0.000000,85.700000,0.000000,85.700000,0.000000,85.700000,0.000000,85.700000,0.000000,85.700000,0.000000,85.700000,0.000000,85.700000,0.000000,85.700000,0.000000,85.700000,0.000000,85.700000,0.000000,85.700000,0.000000,85.700000,0.000000,85.700000,0.000000,85.700000,0.000000,85.700000,0.000000,85.700000,0.000000,85.700000,0.000000,85.700000,0.000000,85.700000,0.000000,85.700000,0.000000,85.700000,0.000000,85.700000,0.000000,
85.900000,0.000000,85.900000,0.000000,85.900000,0.000000,85.900000,0.000000,85.900000,0.000000,85.900000,0.000000,85.900000,0.000000,85.900000,0.000000,85.900000,0.000000,85.900000,0.000000,85.900000,0.000000,85.900000,0.000000,85.900000,0.000000,85.900000,0.000000,85.900000,0.000000,85.900000,0.000000,85.900000,0.000000,85.900000,0.000000,85.900000,0.000000,85.900000,0.000000,85.900000,0.000000,85.900000,0.000000,85.900000,0.000000,
86.100000,0.000000,86.100000,0.000000,86.100000,0.000000,86.100000,0.000000,86.100000,0.000000,86.100000,0.000000,86.100000,0.000000,86.100000,0.000000,86.100000,0.000000,86.100000,0.000000,86.100000,0.000000,86.100000,0.000000,86.100000,0.000000,86.100000,0.000000,86.100000,0.000000,86.100000,0.000000,86.100000,0.000000,86.100000,0.000000,86.100000,0.000000,86.100000,0.000000,86.100000,0.000000,86.100000,0.000000,86.100000,0.000000,
86.300000,0.000000,86.300000,0.000000,86.300000,0.000000,86.300000,0.000000,86.300000,0.000000,86.300000,0.000000,86.300000,0.000000,86.300000,0.000000,86.300000,0.000000,86.300000,0.000000,86.300000,0.000000,86.300000,0.000000,86.300000,0.000000,86.300000,0.000000,86.300000,0.000000,86.300000,0.000000,86.300000,0.000000,86.300000,0.000000,86.300000,0.000000,86.300000,0.000000,86.300000,0.000000,86.300000,0.000000,86.300000,0.000000,
86.500000,0.000000,86.500000,0.000000,86.500000,0.000000,86.500000,0.000000,86.500000,0.000000,86.500000,0.000000,86.500000,0.000000,86.500000,0.000000,86.500000,0.000000,86.500000,0.000000,86.500000,0.000000,86.500000,0.000000,86.500000,0.000000,86.500000,0.000000,86.500000,0.000000,86.500000,0.000000,86.500000,0.000000,86.500000,0.000000,86.500000,0.000000,86.500000,0.000000,86.500000,0.000000,86.500000,0.000000,86.500000,0.000000,
86.700000,0.000000,86.700000,0.000000,86.700000,0.000000,86.700000,0.000000,86.700000,0.000000,86.700000,0.000000,86.700000,0.000000,86.700000,0.000000,86.700000,0.000000,86.700000,0.000000,86.700000,0.000000,86.700000,0.000000,86.700000,0.000000,86.700000,0.000000,86.700000,0.000000,86.700000,0.000000,86.700000,0.000000,86.700000,0.000000,86.700000,0.000000,86.700000,0.000000,86.700000,0.000000,86.700000,0.000000,86.700000,0.000000,
86.900000,0.000000,86.900000,0.000000,86.900000,0.000000,86.900000,0.000000,86.900000,0.000000,86.900000,0.000000,86.900000,0.000000,86.900000,0.000000,86.900000,0.000000,86.900000,0.000000,86.900000,0.000000,86.900000,0.000000,86.900000,0.000000,86.900000,0.000000,86.900000,0.000000,86.900000,0.000000,86.900000,0.000000,86.900000,0.000000,86.900000,0.000000,86.900000,0.000000,86.900000,0.000000,86.900000,0.000000,86.900000,0.000000,
87.100000,0.000000,87.100000,0.000000,87.100000,0.000000,87.100000,0.000000,87.100000,0.000000,87.100000,0.000000,87.100000,0.000000,87.100000,0.000000,87.100000,0.000000,87.100000,0.000000,87.100000,0.000000,87.100000,0.000000,87.100000,0.000000,87.100000,0.000000,87.100000,0.000000,87.100000,0.000000,87.100000,0.000000,87.100000,0.000000,87.100000,0.000000,87.100000,0.000000,87.100000,0.000000,87.100000,0.000000,87.100000,0.000000,
87.300000,0.000000,87.300000,0.000000,87.300000,0.000000,87.300000,0.000000,87.300000,0.000000,87.300000,0.000000,87.300000,0.000000,87.300000,0.000000,87.300000,0.000000,87.300000,0.000000,87.300000,0.000000,87.300000,0.000000,87.300000,0.000000,87.300000,0.000000,87.300000,0.000000,87.300000,0.000000,87.300000,0.000000,87.300000,0.000000,87.300000,0.000000,87.300000,0.000000,87.300000,0.000000,87.300000,0.000000,87.300000,0.000000,
87.500000,0.000000,87.500000,0.000000,87.500000,0.000000,87.500000,0.000000,87.500000,0.000000,87.500000,0.000000,87.500000,0.000000,87.500000,0.000000,87.500000,0.000000,87.500000,0.000000,87.500000,0.000000,87.500000,0.000000,87.500000,0.000000,87.500000,0.000000,87.500000,0.000000,87.500000,0.000000,87.500000,0.000000,87.500000,0.000000,87.500000,0.000000,87.500000,0.000000,87.500000,0.000000,87.500000,0.000000,87.500000,0.000000,
87.700000,0.000000,87.700000,0.000000,87.700000,0.000000,87.700000,0.000000,87.700000,0.000000,87.700000,0.000000,87.700000,0.000000,87.700000,0.000000,87.700000,0.000000,87.700000,0.000000,87.700000,0.000000,87.700000,0.000000,87.700000,0.000000,87.700000,0.000000,87.700000,0.000000,87.700000,0.000000,87.700000,0.000000,87.700000,0.000000,87.700000,0.000000,87.700000,0.000000,87.700000,0.000000,87.700000,0.000000,87.700000,0.000000,
87.900000,0.000000,87.900000,0.000000,87.900000,0.000000,87.900000,0.000000,87.900000,0.000000,87.900000,0.000000,87.900000,0.000000,87.900000,0.000000,87.900000,0.000000,87.900000,0.000000,87.900000,0.000000,87.900000,0.000000,87.900000,0.000000,87.900000,0.000000,87.900000,0.000000,87.900000,0.000000,87.900000,0.000000,87.900000,0.000000,87.900000,0.000000,87.900000,0.000000,87.900000,0.000000,87.900000,0.000000,87.900000,0.000000,
88.100000,0.000000,88.100000,0.000000,88.100000,0.000000,88.100000,0.000000,88.100000,0.000000,88.100000,0.000000,88.100000,0.000000,88.100000,0.000000,88.100000,0.000000,88.100000,0.000000,88.100000,0.000000,88.100000,0.000000,88.100000,0.000000,88.100000,0.000000,88.100000,0.000000,88.100000,0.000000,88.100000,0.000000,88.100000,0.000000,88.100000,0.000000,88.100000,0.000000,88.100000,0.000000,88.100000,0.000000,88.100000,0.000000,
88.300000,0.000000,88.300000,0.000000,88.300000,0.000000,88.300000,0.000000,88.300000,0.000000,88.300000,0.000000,88.300000,0.000000,88.300000,0.000000,88.300000,0.000000,88.300000,0.000000,88.300000,0.000000,88.300000,0.000000,88.300000,0.000000,88.300000,0.000000,88.300000,0.000000,88.300000,0.000000,88.300000,0.000000,88.300000,0.000000,88.300000,0.000000,88.300000,0.000000,88.300000,0.000000,88.300000,0.000000,88.300000,0.000000,
88.500000,0.000000,88.500000,0.000000,88.500000,0.000000,88.500000,0.000000,88.500000,0.000000,88.500000,0.000000,88.500000,0.000000,88.500000,0.000000,88.500000,0.000000,88.500000,0.000000,88.500000,0.000000,88.500000,0.000000,88.500000,0.000000,88.500000,0.000000,88.500000,0.000000,88.500000,0.000000,88.500000,0.000000,88.500000,0.000000,88.500000,0.000000,88.500000,0.000000,88.500000,0.000000,88.500000,0.000000,88.500000,0.000000,
88.700000,0.000000,88.700000,0.000000,88.700000,0.000000,88.700000,0.000000,88.700000,0.000000,88.700000,0.000000,88.700000,0.000000,88.700000,0.000000,88.700000,0.000000,88.700000,0.000000,88.700000,0.000000,88.700000,0.000000,88.700000,0.000000,88.700000,0.000000,88.700000,0.000000,88.700000,0.000000,88.700000,0.000000,88.700000,0.000000,88.700000,0.000000,88.700000,0.000000,88.700000,0.000000,88.700000,0.000000,88.700000,0.000000,
88.900000,0.000000,88.900000,0.000000,88.900000,0.000000,88.900000,0.000000,88.900000,0.000000,88.900000,0.000000,88.900000,0.000000,88.900000,0.000000,88.900000,0.000000,88.900000,0.000000,88.900000,0.000000,88.900000,0.000000,88.900000,0.000000,88.900000,0.000000,88.900000,0.000000,88.900000,0.000000,88.900000,0.000000,88.900000,0.000000,88.900000,0.000000,88.900000,0.000000,88.900000,0.000000,88.900000,0.000000,88.900000,0.000000,
89.100000,0.000000,89.100000,0.000000,89.100000,0.000000,89.100000,0.000000,89.100000,0.000000,89.100000,0.000000,89.100000,0.000000,89.100000,0.000000,89.100000,0.000000,89.100000,0.000000,89.100000,0.000000,89.100000,0.000000,89.100000,0.000000,89.100000,0.000000,89.100000,0.000000,89.100000,0.000000,89.100000,0.000000,89.100000,0.000000,89.100000,0.000000,89.100000,0.000000,89.100000,0.000000,89.100000,0.000000,89.100000,0.000000,
89.300000,0.000000,89.300000,0.000000,89.300000,0.000000,89.300000,0.000000,89.300000,0.000000,89.300000,0.000000,89.300000,0.000000,89.300000,0.000000,89.300000,0.000000,89.300000,0.000000,89.300000,0.000000,89.300000,0.000000,89.300000,0.000000,89.300000,0.000000,89.300000,0.000000,89.300000,0.000000,89.300000,0.000000,89.300000,0.000000,89.300000,0.000000,89.300000,0.000000,89.300000,0.000000,89.300000,0.000000,89.300000,0.000000,
89.500000,0.000000,89.500000,0.000000,89.500000,0.000000,89.500000,0.000000,89.500000,0.000000,89.500000,0.000000,89.500000,0.000000,89.500000,0.000000,89.500000,0.000000,89.500000,0.000000,89.500000,0.000000,89.500000,0.000000,89.500000,0.000000,89.500000,0.000000,89.500000,0.000000,89.500000,0.000000,89.500000,0.000000,89.500000,0.000000,89.500000,0.000000,89.500000,0.000000,89.500000,0.000000,89.500000,0.000000,89.500000,0.000000,
89.700000,0.000000,89.700000,0.000000,89.700000,0.000000,89.700000,0.000000,89.700000,0.000000,89.700000,0.000000,89.700000,0.000000,89.700000,0.000000,89.700000,0.000000,89.700000,0.000000,89.700000,0.000000,89.700000,0.000000,89.700000,0.000000,89.700000,0.000000,89.700000,0.000000,89.700000,0.000000,89.700000,0.000000,89.700000,0.000000,89.700000,0.000000,89.700000,0.000000,89.700000,0.000000,89.700000,0.000000,89.700000,0.000000,
89.900000,0.000000,89.900000,0.000000,89.900000,0.000000,89.900000,0.000000,89.900000,0.000000,89.900000,0.000000,89.900000,0.000000,89.900000,0.000000,89.900000,0.000000,89.900000,0.000000,89.900000,0.000000,89.900000,0.000000,89.900000,0.000000,89.900000,0.000000,89.900000,0.000000,89.900000,0.000000,89.900000,0.000000,89.900000,0.000000,89.900000,0.000000,89.900000,0.000000,89.900000,0.000000,89.900000,0.000000,89.900000,0.000000,
90.100000,0.000000,90.100000,0.000000,90.100000,0.000000,90.100000,0.000000,90.100000,0.000000,90.100000,0.000000,90.100000,0.000000,90.100000,0.000000,90.100000,0.000000,90.100000,0.000000,90.100000,0.000000,90.100000,0.000000,90.100000,0.000000,90.100000,0.000000,90.100000,0.000000,90.100000,0.000000,90.100000,0.000000,90.100000,0.000000,90.100000,0.000000,90.100000,0.000000,90.100000,0.000000,90.100000,0.000000,90.100000,0.000000,
90.300000,0.000000,90.300000,0.000000,90.300000,0.000000,90.300000,0.000000,90.300000,0.000000,90.300000,0.000000,90.300000,0.000000,90.300000,0.000000,90.300000,0.000000,90.300000,0.000000,90.300000,0.000000,90.300000,0.000000,90.300000,0.000000,90.300000,0.000000,90.300000,0.000000,90.300000,0.000000,90.300000,0.000000,90.300000,0.000000,90.300000,0.000000,90.300000,0.000000,90.300000,0.000000,90.300000,0.000000,90.300000,0.000000,
90.500000,0.000000,90.500000,0.000000,90.500000,0.000000,90.500000,0.000000,90.500000,0.000000,90.500000,0.000000,90.500000,0.000000,90.500000,0.000000,90.500000,0.000000,90.500000,0.000000,90.500000,0.000000,90.500000,0.000000,90.500000,0.000000,90.500000,0.000000,90.500000,0.000000,90.500000,0.000000,90.500000,0.000000,90.500000,0.000000,90.500000,0.000000,90.500000,0.000000,90.500000,0.000000,90.500000,0.000000,90.500000,0.000000,
90.700000,0.000000,90.700000,0.000000,90.700000,0.000000,90.700000,0.000000,90.700000,0.000000,90.700000,0.000000,90.700000,0.000000,90.700000,0.000000,90.700000,0.000000,90.700000,0.000000,90.700000,0.000000,90.700000,0.000000,90.700000,0.000000,90.700000,0.000000,90.700000,0.000000,90.700000,0.000000,90.700000,0.000000,90.700000,0.000000,90.700000,0.000000,90.700000,0.000000,90.700000,0.000000,90.700000,0.000000,90.700000,0.000000,
90.900000,0.000000,90.900000,0.000000,90.900000,0.000000,90.900000,0.000000,90.900000,0.000000,90.900000,0.000000,90.900000,0.000000,90.900000,0.000000,90.900000,0.000000,90.900000,0.000000,90.900000,0.000000,90.900000,0.000000,90.900000,0.000000,90.900000,0.000000,90.900000,0.000000,90.900000,0.000000,90.900000,0.000000,90.900000,0.000000,90.900000,0.000000,90.900000,0.000000,90.900000,0.000000,90.900000,0.000000,90.900000,0.000000,
91.100000,0.000000,91.100000,0.000000,91.100000,0.000000,91.100000,0.000000,91.100000,0.000000,91.100000,0.000000,91.100000,0.000000,91.100000,0.000000,91.100000,0.000000,91.100000,0.000000,91.100000,0.000000,91.100000,0.000000,91.100000,0.000000,91.100000,0.000000,91.100000,0.000000,91.100000,0.000000,91.100000,0.000000,91.100000,0.000000,91.100000,0.000000,91.100000,0.000000,91.100000,0.000000,91.100000,0.000000,91.100000,0.000000,
91.300000,0.000000,91.300000,0.000000,91.300000,0.000000,91.300000,0.000000,91.300000,0.000000,91.300000,0.000000,91.300000,0.000000,91.300000,0.000000,91.300000,0.000000,91.300000,0.000000,91.300000,0.000000,91.300000,0.000000,91.300000,0.000000,91.300000,0.000000,91.300000,0.000000,91.300000,0.000000,91.300000,0.000000,91.300000,0.000000,91.300000,0.000000,91.300000,0.000000,91.300000,0.000000,91.300000,0.000000,91.300000,0.000000,
91.500000,0.000000,91.500000,0.000000,91.500000,0.000000,91.500000,0.000000,91.500000,0.000000,91.500000,0.000000,91.500000,0.000000,91.500000,0.000000,91.500000,0.000000,91.500000,0.000000,91.500000,0.000000,91.500000,0.000000,91.500000,0.000000,91.500000,0.000000,91.500000,0.000000,91.500000,0.000000,91.500000,0.000000,91.500000,0.000000,91.500000,0.000000,91.500000,0.000000,91.500000,0.000000,91.500000,0.000000,91.500000,0.000000,
91.700000,0.000000,91.700000,0.000000,91.700000,0.000000,91.700000,0.000000,91.700000,0.000000,91.700000,0.000000,91.700000,0.000000,91.700000,0.000000,91.700000,0.000000,91.700000,0.000000,91.700000,0.000000,91.700000,0.000000,91.700000,0.000000,91.700000,0.000000,91.700000,0.000000,91.700000,0.000000,91.700000,0.000000,91.700000,0.000000,91.700000,0.000000,91.700000,0.000000,91.700000,0.000000,91.700000,0.000000,91.700000,0.000000,
91.900000,0.000000,91.900000,0.000000,91.900000,0.000000,91.900000,0.000000,91.900000,0.000000,91.900000,0.000000,91.900000,0.000000,91.900000,0.000000,91.900000,0.000000,91.900000,0.000000,91.900000,0.000000,91.900000,0.000000,91.900000,0.000000,91.900000,0.000000,91.900000,0.000000,91.900000,0.000000,91.900000,0.000000,91.900000,0.000000,91.900000,0.000000,91.900000,0.000000,91.900000,0.000000,91.900000,0.000000,91.900000,0.000000,
92.100000,0.000000,92.100000,0.000000,92.100000,0.000000,92.100000,0.000000,92.100000,0.000000,92.100000,0.000000,92.100000,0.000000,92.100000,0.000000,92.100000,0.000000,92.100000,0.000000,92.100000,0.000000,92.100000,0.000000,92.100000,0.000000,92.100000,0.000000,92.100000,0.000000,92.100000,0.000000,92.100000,0.000000,92.100000,0.000000,92.100000,0.000000,92.100000,0.000000,92.100000,0.000000,92.100000,0.000000,92.100000,0.000000,
92.300000,0.000000,92.300000,0.000000,92.300000,0.000000,92.300000,0.000000,92.300000,0.000000,92.300000,0.000000,92.300000,0.000000,92.300000,0.000000,92.300000,0.000000,92.300000,0.000000,92.300000,0.000000,92.300000,0.000000,92.300000,0.000000,92.300000,0.000000,92.300000,0.000000,92.300000,0.000000,92.300000,0.000000,92.300000,0.000000,92.300000,0.000000,92.300000,0.000000,92.300000,0.000000,92.300000,0.000000,92.300000,0.000000,
92.500000,0.000000,92.500000,0.000000,92.500000,0.000000,92.500000,0.000000,92.500000,0.000000,92.500000,0.000000,92.500000,0.000000,92.500000,0.000000,92.500000,0.000000,92.500000,0.000000,92.500000,0.000000,92.500000,0.000000,92.500000,0.000000,92.500000,0.000000,92.500000,0.000000,92.500000,0.000000,92.500000,0.000000,92.500000,0.000000,92.500000,0.000000,92.500000,0.000000,92.500000,0.000000,92.500000,0.000000,92.500000,0.000000,
92.700000,0.000000,92.700000,0.000000,92.700000,0.000000,92.700000,0.000000,92.700000,0.000000,92.700000,0.000000,92.700000,0.000000,92.700000,0.000000,92.700000,0.000000,92.700000,0.000000,92.700000,0.000000,92.700000,0.000000,92.700000,0.000000,92.700000,0.000000,92.700000,0.000000,92.700000,0.000000,92.700000,0.000000,92.700000,0.000000,92.700000,0.000000,92.700000,0.000000,92.700000,0.000000,92.700000,0.000000,92.700000,0.000000,
92.900000,0.000000,92.900000,0.000000,92.900000,0.000000,92.900000,0.000000,92.900000,0.000000,92.900000,0.000000,92.900000,0.000000,92.900000,0.000000,92.900000,0.000000,92.900000,0.000000,92.900000,0.000000,92.900000,0.000000,92.900000,0.000000,92.900000,0.000000,92.900000,0.000000,92.900000,0.000000,92.900000,0.000000,92.900000,0.000000,92.900000,0.000000,92.900000,0.000000,92.900000,0.000000,92.900000,0.000000,92.900000,0.000000,
93.100000,0.000000,93.100000,0.000000,93.100000,0.000000,93.100000,0.000000,93.100000,0.000000,93.100000,0.000000,93.100000,0.000000,93.100000,0.000000,93.100000,0.000000,93.100000,0.000000,93.100000,0.000000,93.100000,0.000000,93.100000,0.000000,93.100000,0.000000,93.100000,0.000000,93.100000,0.000000,93.100000,0.000000,93.100000,0.000000,93.100000,0.000000,93.100000,0.000000,93.100000,0.000000,93.100000,0.000000,93.100000,0.000000,
93.300000,0.000000,93.300000,0.000000,93.300000,0.000000,93.300000,0.000000,93.300000,0.000000,93.300000,0.000000,93.300000,0.000000,93.300000,0.000000,93.300000,0.000000,93.300000,0.000000,93.300000,0.000000,93.300000,0.000000,93.300000,0.000000,93.300000,0.000000,93.300000,0.000000,93.300000,0.000000,93.300000,0.000000,93.300000,0.000000,93.300000,0.000000,93.300000,0.000000,93.300000,0.000000,93.300000,0.000000,93.300000,0.000000,
93.500000,0.000000,93.500000,0.000000,93.500000,0.000000,93.500000,0.000000,93.500000,0.000000,93.500000,0.000000,93.500000,0.000000,93.500000,0.000000,93.500000,0.000000,93.500000,0.000000,93.500000,0.000000,93.500000,0.000000,93.500000,0.000000,93.500000,0.000000,93.500000,0.000000,93.500000,0.000000,93.500000,0.000000,93.500000,0.000000,93.500000,0.000000,93.500000,0.000000,93.500000,0.000000,93.500000,0.000000,93.500000,0.000000,
93.700000,0.000000,93.700000,0.000000,93.700000,0.000000,93.700000,0.000000,93.700000,0.000000,93.700000,0.000000,93.700000,0.000000,93.700000,0.000000,93.700000,0.000000,93.700000,0.000000,93.700000,0.000000,93.700000,0.000000,93.700000,0.000000,93.700000,0.000000,93.700000,0.000000,93.700000,0.000000,93.700000,0.000000,93.700000,0.000000,93.700000,0.000000,93.700000,0.000000,93.700000,0.000000,93.700000,0.000000,93.700000,0.000000,
93.900000,0.000000,93.900000,0.000000,93.900000,0.000000,93.900000,0.000000,93.900000,0.000000,93.900000,0.000000,93.900000,0.000000,93.900000,0.000000,93.900000,0.000000,93.900000,0.000000,93.900000,0.000000,93.900000,0.000000,93.900000,0.000000,93.900000,0.000000,93.900000,0.000000,93.900000,0.000000,93.900000,0.000000,93.900000,0.000000,93.900000,0.000000,93.900000,0.000000,93.900000,0.000000,93.900000,0.000000,93.900000,0.000000,
94.100000,0.000000,94.100000,0.000000,94.100000,0.000000,94.100000,0.000000,94.100000,0.000000,94.100000,0.000000,94.100000,0.000000,94.100000,0.000000,94.100000,0.000000,94.100000,0.000000,94.100000,0.000000,94.100000,0.000000,94.100000,0.000000,94.100000,0.000000,94.100000,0.000000,94.100000,0.000000,94.100000,0.000000,94.100000,0.000000,94.100000,0.000000,94.100000,0.000000,94.100000,0.000000,94.100000,0.000000,94.100000,0.000000,
94.300000,0.000000,94.300000,0.000000,94.300000,0.000000,94.300000,0.000000,94.300000,0.000000,94.300000,0.000000,94.300000,0.000000,94.300000,0.000000,94.300000,0.000000,94.300000,0.000000,94.300000,0.000000,94.300000,0.000000,94.300000,0.000000,94.300000,0.000000,94.300000,0.000000,94.300000,0.000000,94.300000,0.000000,94.300000,0.000000,94.300000,0.000000,94.300000,0.000000,94.300000,0.000000,94.300000,0.000000,94.300000,0.000000,
94.500000,0.000000,94.500000,0.000000,94.500000,0.000000,94.500000,0.000000,94.500000,0.000000,94.500000,0.000000,94.500000,0.000000,94.500000,0.000000,94.500000,0.000000,94.500000,0.000000,94.500000,0.000000,94.500000,0.000000,94.500000,0.000000,94.500000,0.000000,94.500000,0.000000,94.500000,0.000000,94.500000,0.000000,94.500000,0.000000,94.500000,0.000000,94.500000,0.000000,94.500000,0.000000,94.500000,0.000000,94.500000,0.000000,
94.700000,0.000000,94.700000,0.000000,94.700000,0.000000,94.700000,0.000000,94.700000,0.000000,94.700000,0.000000,94.700000,0.000000,94.700000,0.000000,94.700000,0.000000,94.700000,0.000000,94.700000,0.000000,94.700000,0.000000,94.700000,0.000000,94.700000,0.000000,94.700000,0.000000,94.700000,0.000000,94.700000,0.000000,94.700000,0.000000,94.700000,0.000000,94.700000,0.000000,94.700000,0.000000,94.700000,0.000000,94.700000,0.000000,
94.900000,0.000000,94.900000,0.000000,94.900000,0.000000,94.900000,0.000000,94.900000,0.000000,94.900000,0.000000,94.900000,0.000000,94.900000,0.000000,94.900000,0.000000,94.900000,0.000000,94.900000,0.000000,94.900000,0.000000,94.900000,0.000000,94.900000,0.000000,94.900000,0.000000,94.900000,0.000000,94.900000,0.000000,94.900000,0.000000,94.900000,0.000000,94.900000,0.000000,94.900000,0.000000,94.900000,0.000000,94.900000,0.000000,
95.100000,0.000000,95.100000,0.000000,95.100000,0.000000,95.100000,0.000000,95.100000,0.000000,95.100000,0.000000,95.100000,0.000000,95.100000,0.000000,95.100000,0.000000,95.100000,0.000000,95.100000,0.000000,95.100000,0.000000,95.100000,0.000000,95.100000,0.000000,95.100000,0.000000,95.100000,0.000000,95.100000,0.000000,95.100000,0.000000,95.100000,0.000000,95.100000,0.000000,95.100000,0.000000,95.100000,0.000000,95.100000,0.000000,
95.300000,0.000000,95.300000,0.000000,95.300000,0.000000,95.300000,0.000000,95.300000,0.000000,95.300000,0.000000,95.300000,0.000000,95.300000,0.000000,95.300000,0.000000,95.300000,0.000000,95.300000,0.000000,95.300000,0.000000,95.300000,0.000000,95.300000,0.000000,95.300000,0.000000,95.300000,0.000000,95.300000,0.000000,95.300000,0.000000,95.300000,0.000000,95.300000,0.000000,95.300000,0.000000,95.300000,0.000000,95.300000,0.000000,
95.500000,0.000000,95.500000,0.000000,95.500000,0.000000,95.500000,0.000000,95.500000,0.000000,95.500000,0.000000,95.500000,0.000000,95.500000,0.000000,95.500000,0.000000,95.500000,0.000000,95.500000,0.000000,95.500000,0.000000,95.500000,0.000000,95.500000,0.000000,95.500000,0.000000,95.500000,0.000000,95.500000,0.000000,95.500000,0.000000,95.500000,0.000000,95.500000,0.000000,95.500000,0.000000,95.500000,0.000000,95.500000,0.000000,
95.700000,0.000000,95.700000,0.000000,95.700000,0.000000,95.700000,0.000000,95.700000,0.000000,95.700000,0.000000,95.700000,0.000000,95.700000,0.000000,95.700000,0.000000,95.700000,0.000000,95.700000,0.000000,95.700000,0.000000,95.700000,0.000000,95.700000,0.000000,95.700000,0.000000,95.700000,0.000000,95.700000,0.000000,95.700000,0.000000,95.700000,0.000000,95.700000,0.000000,95.700000,0.000000,95.700000,0.000000,95.700000,0.000000,
95.900000,0.000000,95.900000,0.000000,95.900000,0.000000,95.900000,0.000000,95.900000,0.000000,95.900000,0.000000,95.900000,0.000000,95.900000,0.000000,95.900000,0.000000,95.900000,0.000000,95.900000,0.000000,95.900000,0.000000,95.900000,0.000000,95.900000,0.000000,95.900000,0.000000,95.900000,0.000000,95.900000,0.000000,95.900000,0.000000,95.900000,0.000000,95.900000,0.000000,95.900000,0.000000,95.900000,0.000000,95.900000,0.000000,
96.100000,0.000000,96.100000,0.000000,96.100000,0.000000,96.100000,0.000000,96.100000,0.000000,96.100000,0.000000,96.100000,0.000000,96.100000,0.000000,96.100000,0.000000,96.100000,0.000000,96.100000,0.000000,96.100000,0.000000,96.100000,0.000000,96.100000,0.000000,96.100000,0.000000,96.100000,0.000000,96.100000,0.000000,96.100000,0.000000,96.100000,0.000000,96.100000,0.000000,96.100000,0.000000,96.100000,0.000000,96.100000,0.000000,
96.300000,0.000000,96.300000,0.000000,96.300000,0.000000,96.300000,0.000000,96.300000,0.000000,96.300000,0.000000,96.300000,0.000000,96.300000,0.000000,96.300000,0.000000,96.300000,0.000000,96.300000,0.000000,96.300000,0.000000,96.300000,0.000000,96.300000,0.000000,96.300000,0.000000,96.300000,0.000000,96.300000,0.000000,96.300000,0.000000,96.300000,0.000000,96.300000,0.000000,96.300000,0.000000,96.300000,0.000000,96.300000,0.000000,
96.500000,0.000000,96.500000,0.000000,96.500000,0.000000,96.500000,0.000000,96.500000,0.000000,96.500000,0.000000,96.500000,0.000000,96.500000,0.000000,96.500000,0.000000,96.500000,0.000000,96.500000,0.000000,96.500000,0.000000,96.500000,0.000000,96.500000,0.000000,96.500000,0.000000,96.500000,0.000000,96.500000,0.000000,96.500000,0.000000,96.500000,0.000000,96.500000,0.000000,96.500000,0.000000,96.500000,0.000000,96.500000,0.000000,
96.700000,0.000000,96.700000,0.000000,96.700000,0.000000,96.700000,0.000000,96.700000,0.000000,96.700000,0.000000,96.700000,0.000000,96.700000,0.000000,96.700000,0.000000,96.700000,0.000000,96.700000,0.000000,96.700000,0.000000,96.700000,0.000000,96.700000,0.000000,96.700000,0.000000,96.700000,0.000000,96.700000,0.000000,96.700000,0.000000,96.700000,0.000000,96.700000,0.000000,96.700000,0.000000,96.700000,0.000000,96.700000,0.000000,
96.900000,0.000000,96.900000,0.000000,96.900000,0.000000,96.900000,0.000000,96.900000,0.000000,96.900000,0.000000,96.900000,0.000000,96.900000,0.000000,96.900000,0.000000,96.900000,0.000000,96.900000,0.000000,96.900000,0.000000,96.900000,0.000000,96.900000,0.000000,96.900000,0.000000,96.900000,0.000000,96.900000,0.000000,96.900000,0.000000,96.900000,0.000000,96.900000,0.000000,96.900000,0.000000,96.900000,0.000000,96.900000,0.000000,
97.100000,0.000000,97.100000,0.000000,97.100000,0.000000,97.100000,0.000000,97.100000,0.000000,97.100000,0.000000,97.100000,0.000000,97.100000,0.000000,97.100000,0.000000,97.100000,0.000000,97.100000,0.000000,97.100000,0.000000,97.100000,0.000000,97.100000,0.000000,97.100000,0.000000,97.100000,0.000000,97.100000,0.000000,97.100000,0.000000,97.100000,0.000000,97.100000,0.000000,97.100000,0.000000,97.100000,0.000000,97.100000,0.000000,
97.300000,0.000000,97.300000,0.000000,97.300000,0.000000,97.300000,0.000000,97.300000,0.000000,97.300000,0.000000,97.300000,0.000000,97.300000,0.000000,97.300000,0.000000,97.300000,0.000000,97.300000,0.000000,97.300000,0.000000,97.300000,0.000000,97.300000,0.000000,97.300000,0.000000,97.300000,0.000000,97.300000,0.000000,97.300000,0.000000,97.300000,0.000000,97.300000,0.000000,97.300000,0.000000,97.300000,0.000000,97.300000,0.000000,
97.500000,0.000000,97.500000,0.000000,97.500000,0.000000,97.500000,0.000000,97.500000,0.000000,97.500000,0.000000,97.500000,0.000000,97.500000,0.000000,97.500000,0.000000,97.500000,0.000000,97.500000,0.000000,97.500000,0.000000,97.500000,0.000000,97.500000,0.000000,97.500000,0.000000,97.500000,0.000000,97.500000,0.000000,97.500000,0.000000,97.500000,0.000000,97.500000,0.000000,97.500000,0.000000,97.500000,0.000000,97.500000,0.000000,
97.700000,0.000000,97.700000,0.000000,97.700000,0.000000,97.700000,0.000000,97.700000,0.000000,97.700000,0.000000,97.700000,0.000000,97.700000,0.000000,97.700000,0.000000,97.700000,0.000000,97.700000,0.000000,97.700000,0.000000,97.700000,0.000000,97.700000,0.000000,97.700000,0.000000,97.700000,0.000000,97.700000,0.000000,97.700000,0.000000,97.700000,0.000000,97.700000,0.000000,97.700000,0.000000,97.700000,0.000000,97.700000,0.000000,
97.900000,0.000000,97.900000,0.000000,97.900000,0.000000,97.900000,0.000000,97.900000,0.000000,97.900000,0.000000,97.900000,0.000000,97.900000,0.000000,97.900000,0.000000,97.900000,0.000000,97.900000,0.000000,97.900000,0.000000,97.900000,0.000000,97.900000,0.000000,97.900000,0.000000,97.900000,0.000000,97.900000,0.000000,97.900000,0.000000,97.900000,0.000000,97.900000,0.000000,97.900000,0.000000,97.900000,0.000000,97.900000,0.000000,
98.100000,0.000000,98.100000,0.000000,98.100000,0.000000,98.100000,0.000000,98.100000,0.000000,98.100000,0.000000,98.100000,0.000000,98.100000,0.000000,98.100000,0.000000,98.100000,0.000000,98.100000,0.000000,98.100000,0.000000,98.100000,0.000000,98.100000,0.000000,98.100000,0.000000,98.100000,0.000000,98.100000,0.000000,98.100000,0.000000,98.100000,0.000000,98.100000,0.000000,98.100000,0.000000,98.100000,0.000000,98.100000,0.000000,
98.300000,0.000000,98.300000,0.000000,98.300000,0.000000,98.300000,0.000000,98.300000,0.000000,98.300000,0.000000,98.300000,0.000000,98.300000,0.000000,98.300000,0.000000,98.300000,0.000000,98.300000,0.000000,98.300000,0.000000,98.300000,0.000000,98.300000,0.000000,98.300000,0.000000,98.300000,0.000000,98.300000,0.000000,98.300000,0.000000,98.300000,0.000000,98.300000,0.000000,98.300000,0.000000,98.300000,0.000000,98.300000,0.000000,
98.500000,0.000000,98.500000,0.000000,98.500000,0.000000,98.500000,0.000000,98.500000,0.000000,98.500000,0.000000,98.500000,0.000000,98.500000,0.000000,98.500000,0.000000,98.500000,0.000000,98.500000,0.000000,98.500000,0.000000,98.500000,0.000000,98.500000,0.000000,98.500000,0.000000,98.500000,0.000000,98.500000,0.000000,98.500000,0.000000,98.500000,0.000000,98.500000,0.000000,98.500000,0.000000,98.500000,0.000000,98.500000,0.000000,
98.700000,0.000000,98.700000,0.000000,98.700000,0.000000,98.700000,0.000000,98.700000,0.000000,98.700000,0.000000,98.700000,0.000000,98.700000,0.000000,98.700000,0.000000,98.700000,0.000000,98.700000,0.000000,98.700000,0.000000,98.700000,0.000000,98.700000,0.000000,98.700000,0.000000,98.700000,0.000000,98.700000,0.000000,98.700000,0.000000,98.700000,0.000000,98.700000,0.000000,98.700000,0.000000,98.700000,0.000000,98.700000,0.000000,
98.900000,0.000000,98.900000,0.000000,98.900000,0.000000,98.900000,0.000000,98.900000,0.000000,98.900000,0.000000,98.900000,0.000000,98.900000,0.000000,98.900000,0.000000,98.900000,0.000000,98.900000,0.000000,98.900000,0.000000,98.900000,0.000000,98.900000,0.000000,98.900000,0.000000,98.900000,0.000000,98.900000,0.000000,98.900000,0.000000,98.900000,0.000000,98.900000,0.000000,98.900000,0.000000,98.900000,0.000000,98.900000,0.000000,
99.100000,0.000000,99.100000,0.000000,99.100000,0.000000,99.100000,0.000000,99.100000,0.000000,99.100000,0.000000,99.100000,0.000000,99.100000,0.000000,99.100000,0.000000,99.100000,0.000000,99.100000,0.000000,99.100000,0.000000,99.100000,0.000000,99.100000,0.000000,99.100000,0.000000,99.100000,0.000000,99.100000,0.000000,99.100000,0.000000,99.100000,0.000000,99.100000,0.000000,99.100000,0.000000,99.100000,0.000000,99.100000,0.000000,
99.300000,0.000000,99.300000,0.000000,99.300000,0.000000,99.300000,0.000000,99.300000,0.000000,99.300000,0.000000,99.300000,0.000000,99.300000,0.000000,99.300000,0.000000,99.300000,0.000000,99.300000,0.000000,99.300000,0.000000,99.300000,0.000000,99.300000,0.000000,99.300000,0.000000,99.300000,0.000000,99.300000,0.000000,99.300000,0.000000,99.300000,0.000000,99.300000,0.000000,99.300000,0.000000,99.300000,0.000000,99.300000,0.000000,
99.500000,0.000000,99.500000,0.000000,99.500000,0.000000,99.500000,0.000000,99.500000,0.000000,99.500000,0.000000,99.500000,0.000000,99.500000,0.000000,99.500000,0.000000,99.500000,0.000000,99.500000,0.000000,99.500000,0.000000,99.500000,0.000000,99.500000,0.000000,99.500000,0.000000,99.500000,0.000000,99.500000,0.000000,99.500000,0.000000,99.500000,0.000000,99.500000,0.000000,99.500000,0.000000,99.500000,0.000000,99.500000,0.000000,
99.700000,0.000000,99.700000,0.000000,99.700000,0.000000,99.700000,0.000000,99.700000,0.000000,99.700000,0.000000,99.700000,0.000000,99.700000,0.000000,99.700000,0.000000,99.700000,0.000000,99.700000,0.000000,99.700000,0.000000,99.700000,0.000000,99.700000,0.000000,99.700000,0.000000,99.700000,0.000000,99.700000,0.000000,99.700000,0.000000,99.700000,0.000000,99.700000,0.000000,99.700000,0.000000,99.700000,0.000000,99.700000,0.000000,
99.900000,0.000000,99.900000,0.000000,99.900000,0.000000,99.900000,0.000000,99.900000,0.000000,99.900000,0.000000,99.900000,0.000000,99.900000,0.000000,99.900000,0.000000,99.900000,0.000000,99.900000,0.000000,99.900000,0.000000,99.900000,0.000000,99.900000,0.000000,99.900000,0.000000,99.900000,0.000000,99.900000,0.000000,99.900000,0.000000,99.900000,0.000000,99.900000,0.000000,99.900000,0.000000,99.900000,0.000000,99.900000,0.000000,
100.100000,0.000000,100.100000,0.000000,100.100000,0.000000,100.100000,0.000000,100.100000,0.000000,100.100000,0.000000,100.100000,0.000000,100.100000,0.000000,100.100000,0.000000,100.100000,0.000000,100.100000,0.000000,100.100000,0.000000,100.100000,0.000000,100.100000,0.000000,100.100000,0.000000,100.100000,0.000000,100.100000,0.000000,100.100000,0.000000,100.100000,0.000000,100.100000,0.000000,100.100000,0.000000,100.100000,0.000000,100.100000,0.000000,
100.300000,0.000000,100.300000,0.000000,100.300000,0.000000,100.300000,0.000000,100.300000,0.000000,100.300000,0.000000,100.300000,0.000000,100.300000,0.000000,100.300000,0.000000,100.300000,0.000000,100.300000,0.000000,100.300000,0.000000,100.300000,0.000000,100.300000,0.000000,100.300000,0.000000,100.300000,0.000000,100.300000,0.000000,100.300000,0.000000,100.300000,0.000000,100.300000,0.000000,100.300000,0.000000,100.300000,0.000000,100.300000,0.000000,
100.500000,0.000000,100.500000,0.000000,100.500000,0.000000,100.500000,0.000000,100.500000,0.000000,100.500000,0.000000,100.500000,0.000000,100.500000,0.000000,100.500000,0.000000,100.500000,0.000000,100.500000,0.000000,100.500000,0.000000,100.500000,0.000000,100.500000,0.000000,100.500000,0.000000,100.500000,0.000000,100.500000,0.000000,100.500000,0.000000,100.500000,0.000000,100.500000,0.000000,100.500000,0.000000,100.500000,0.000000,100.500000,0.000000,
100.700000,0.000000,100.700000,0.000000,100.700000,0.000000,100.700000,0.000000,100.700000,0.000000,100.700000,0.000000,100.700000,0.000000,100.700000,0.000000,100.700000,0.000000,100.700000,0.000000,100.700000,0.000000,100.700000,0.000000,100.700000,0.000000,100.700000,0.000000,100.700000,0.000000,100.700000,0.000000,100.700000,0.000000,100.700000,0.000000,100.700000,0.000000,100.700000,0.000000,100.700000,0.000000,100.700000,0.000000,100.700000,0.000000,
100.900000,0.000000,100.900000,0.000000,100.900000,0.000000,100.900000,0.000000,100.900000,0.000000,100.900000,0.000000,100.900000,0.000000,100.900000,0.000000,100.900000,0.000000,100.900000,0.000000,100.900000,0.000000,100.900000,0.000000,100.900000,0.000000,100.900000,0.000000,100.900000,0.000000,100.900000,0.000000,100.900000,0.000000,100.900000,0.000000,100.900000,0.000000,100.900000,0.000000,100.900000,0.000000,100.900000,0.000000,100.900000,0.000000,
101.100000,0.000000,101.100000,0.000000,101.100000,0.000000,101.100000,0.000000,101.100000,0.000000,101.100000,0.000000,101.100000,0.000000,101.100000,0.000000,101.100000,0.000000,101.100000,0.000000,101.100000,0.000000,101.100000,0.000000,101.100000,0.000000,101.100000,0.000000,101.100000,0.000000,101.100000,0.000000,101.100000,0.000000,101.100000,0.000000,101.100000,0.000000,101.100000,0.000000,101.100000,0.000000,101.100000,0.000000,101.100000,0.000000,
101.300000,0.000000,101.300000,0.000000,101.300000,0.000000,101.300000,0.000000,101.300000,0.000000,101.300000,0.000000,101.300000,0.000000,101.300000,0.000000,101.300000,0.000000,101.300000,0.000000,101.300000,0.000000,101.300000,0.000000,101.300000,0.000000,101.300000,0.000000,101.300000,0.000000,101.300000,0.000000,101.300000,0.000000,101.300000,0.000000,101.300000,0.000000,101.300000,0.000000,101.300000,0.000000,101.300000,0.000000,101.300000,0.000000,
101.500000,0.000000,101.500000,0.000000,101.500000,0.000000,101.500000,0.000000,101.500000,0.000000,101.500000,0.000000,101.500000,0.000000,101.500000,0.000000,101.500000,0.000000,101.500000,0.000000,101.500000,0.000000,101.500000,0.000000,101.500000,0.000000,101.500000,0.000000,101.500000,0.000000,101.500000,0.000000,101.500000,0.000000,101.500000,0.000000,101.500000,0.000000,101.500000,0.000000,101.500000,0.000000,101.500000,0.000000,101.500000,0.000000,
101.700000,0.000000,101.700000,0.000000,101.700000,0.000000,101.700000,0.000000,101.700000,0.000000,101.700000,0.000000,101.700000,0.000000,101.700000,0.000000,101.700000,0.000000,101.700000,0.000000,101.700000,0.000000,101.700000,0.000000,101.700000,0.000000,101.700000,0.000000,101.700000,0.000000,101.700000,0.000000,101.700000,0.000000,101.700000,0.000000,101.700000,0.000000,101.700000,0.000000,101.700000,0.000000,101.700000,0.000000,101.700000,0.000000,
101.900000,0.000000,101.900000,0.000000,101.900000,0.000000,101.900000,0.000000,101.900000,0.000000,101.900000,0.000000,101.900000,0.000000,101.900000,0.000000,101.900000,0.000000,101.900000,0.000000,101.900000,0.000000,101.900000,0.000000,101.900000,0.000000,101.900000,0.000000,101.900000,0.000000,101.900000,0.000000,101.900000,0.000000,101.900000,0.000000,101.900000,0.000000,101.900000,0.000000,101.900000,0.000000,101.900000,0.000000,101.900000,0.000000,
102.100000,0.000000,102.100000,0.000000,102.100000,0.000000,102.100000,0.000000,102.100000,0.000000,102.100000,0.000000,102.100000,0.000000,102.100000,0.000000,102.100000,0.000000,102.100000,0.000000,102.100000,0.000000,102.100000,0.000000,102.100000,0.000000,102.100000,0.000000,102.100000,0.000000,102.100000,0.000000,102.100000,0.000000,102.100000,0.000000,102.100000,0.000000,102.100000,0.000000,102.100000,0.000000,102.100000,0.000000,102.100000,0.000000,
102.300000,0.000000,102.300000,0.000000,102.300000,0.000000,102.300000,0.000000,102.300000,0.000000,102.300000,0.000000,102.300000,0.000000,102.300000,0.000000,102.300000,0.000000,102.300000,0.000000,102.300000,0.000000,102.300000,0.000000,102.300000,0.000000,102.300000,0.000000,102.300000,0.000000,102.300000,0.000000,102.300000,0.000000,102.300000,0.000000,102.300000,0.000000,102.300000,0.000000,102.300000,0.000000,102.300000,0.000000,102.300000,0.000000,
102.500000,0.000000,102.500000,0.000000,102.500000,0.000000,102.500000,0.000000,102.500000,0.000000,102.500000,0.000000,102.500000,0.000000,102.500000,0.000000,102.500000,0.000000,102.500000,0.000000,102.500000,0.000000,102.500000,0.000000,102.500000,0.000000,102.500000,0.000000,102.500000,0.000000,102.500000,0.000000,102.500000,0.000000,102.500000,0.000000,102.500000,0.000000,102.500000,0.000000,102.500000,0.000000,102.500000,0.000000,102.500000,0.000000,
102.700000,0.000000,102.700000,0.000000,102.700000,0.000000,102.700000,0.000000,102.700000,0.000000,102.700000,0.000000,102.700000,0.000000,102.700000,0.000000,102.700000,0.000000,102.700000,0.000000,102.700000,0.000000,102.700000,0.000000,102.700000,0.000000,102.700000,0.000000,102.700000,0.000000,102.700000,0.000000,102.700000,0.000000,102.700000,0.000000,102.700000,0.000000,102.700000,0.000000,102.700000,0.000000,102.700000,0.000000,102.700000,0.000000,
102.900000,0.000000,102.900000,0.000000,102.900000,0.000000,102.900000,0.000000,102.900000,0.000000,102.900000,0.000000,102.900000,0.000000,102.900000,0.000000,102.900000,0.000000,102.900000,0.000000,102.900000,0.000000,102.900000,0.000000,102.900000,0.000000,102.900000,0.000000,102.900000,0.000000,102.900000,0.000000,102.900000,0.000000,102.900000,0.000000,102.900000,0.000000,102.900000,0.000000,102.900000,0.000000,102.900000,0.000000,102.900000,0.000000,
103.100000,0.000000,103.100000,0.000000,103.100000,0.000000,103.100000,0.000000,103.100000,0.000000,103.100000,0.000000,103.100000,0.000000,103.100000,0.000000,103.100000,0.000000,103.100000,0.000000,103.100000,0.000000,103.100000,0.000000,103.100000,0.000000,103.100000,0.000000,103.100000,0.000000,103.100000,0.000000,103.100000,0.000000,103.100000,0.000000,103.100000,0.000000,103.100000,0.000000,103.100000,0.000000,103.100000,0.000000,103.100000,0.000000,
103.300000,0.000000,103.300000,0.000000,103.300000,0.000000,103.300000,0.000000,103.300000,0.000000,103.300000,0.000000,103.300000,0.000000,103.300000,0.000000,103.300000,0.000000,103.300000,0.000000,103.300000,0.000000,103.300000,0.000000,103.300000,0.000000,103.300000,0.000000,103.300000,0.000000,103.300000,0.000000,103.300000,0.000000,103.300000,0.000000,103.300000,0.000000,103.300000,0.000000,103.300000,0.000000,103.300000,0.000000,103.300000,0.000000,
103.500000,0.000000,103.500000,0.000000,103.500000,0.000000,103.500000,0.000000,103.500000,0.000000,103.500000,0.000000,103.500000,0.000000,103.500000,0.000000,103.500000,0.000000,103.500000,0.000000,103.500000,0.000000,103.500000,0.000000,103.500000,0.000000,103.500000,0.000000,103.500000,0.000000,103.500000,0.000000,103.500000,0.000000,103.500000,0.000000,103.500000,0.000000,103.500000,0.000000,103.500000,0.000000,103.500000,0.000000,103.500000,0.000000,
103.700000,0.000000,103.700000,0.000000,103.700000,0.000000,103.700000,0.000000,103.700000,0.000000,103.700000,0.000000,103.700000,0.000000,103.700000,0.000000,103.700000,0.000000,103.700000,0.000000,103.700000,0.000000,103.700000,0.000000,103.700000,0.000000,103.700000,0.000000,103.700000,0.000000,103.700000,0.000000,103.700000,0.000000,103.700000,0.000000,103.700000,0.000000,103.700000,0.000000,103.700000,0.000000,103.700000,0.000000,103.700000,0.000000,
103.900000,0.000000,103.900000,0.000000,103.900000,0.000000,103.900000,0.000000,103.900000,0.000000,103.900000,0.000000,103.900000,0.000000,103.900000,0.000000,103.900000,0.000000,103.900000,0.000000,103.900000,0.000000,103.900000,0.000000,103.900000,0.000000,103.900000,0.000000,103.900000,0.000000,103.900000,0.000000,103.900000,0.000000,103.900000,0.000000,103.900000,0.000000,103.900000,0.000000,103.900000,0.000000,103.900000,0.000000,103.900000,0.000000,
104.100000,0.000000,104.100000,0.000000,104.100000,0.000000,104.100000,0.000000,104.100000,0.000000,104.100000,0.000000,104.100000,0.000000,104.100000,0.000000,104.100000,0.000000,104.100000,0.000000,104.100000,0.000000,104.100000,0.000000,104.100000,0.000000,104.100000,0.000000,104.100000,0.000000,104.100000,0.000000,104.100000,0.000000,104.100000,0.000000,104.100000,0.000000,104.100000,0.000000,104.100000,0.000000,104.100000,0.000000,104.100000,0.000000,
104.300000,0.000000,104.300000,0.000000,104.300000,0.000000,104.300000,0.000000,104.300000,0.000000,104.300000,0.000000,104.300000,0.000000,104.300000,0.000000,104.300000,0.000000,104.300000,0.000000,104.300000,0.000000,104.300000,0.000000,104.300000,0.000000,104.300000,0.000000,104.300000,0.000000,104.300000,0.000000,104.300000,0.000000,104.300000,0.000000,104.300000,0.000000,104.300000,0.000000,104.300000,0.000000,104.300000,0.000000,104.300000,0.000000,
104.500000,0.000000,104.500000,0.000000,104.500000,0.000000,104.500000,0.000000,104.500000,0.000000,104.500000,0.000000,104.500000,0.000000,104.500000,0.000000,104.500000,0.000000,104.500000,0.000000,104.500000,0.000000,104.500000,0.000000,104.500000,0.000000,104.500000,0.000000,104.500000,0.000000,104.500000,0.000000,104.500000,0.000000,104.500000,0.000000,104.500000,0.000000,104.500000,0.000000,104.500000,0.000000,104.500000,0.000000,104.500000,0.000000,
104.700000,0.000000,104.700000,0.000000,104.700000,0.000000,104.700000,0.000000,104.700000,0.000000,104.700000,0.000000,104.700000,0.000000,104.700000,0.000000,104.700000,0.000000,104.700000,0.000000,104.700000,0.000000,104.700000,0.000000,104.700000,0.000000,104.700000,0.000000,104.700000,0.000000,104.700000,0.000000,104.700000,0.000000,104.700000,0.000000,104.700000,0.000000,104.700000,0.000000,104.700000,0.000000,104.700000,0.000000,104.700000,0.000000,
104.900000,0.000000,104.900000,0.000000,104.900000,0.000000,104.900000,0.000000,104.900000,0.000000,104.900000,0.000000,104.900000,0.000000,104.900000,0.000000,104.900000,0.000000,104.900000,0.000000,104.900000,0.000000,104.900000,0.000000,104.900000,0.000000,104.900000,0.000000,104.900000,0.000000,104.900000,0.000000,104.900000,0.000000,104.900000,0.000000,104.900000,0.000000,104.900000,0.000000,104.900000,0.000000,104.900000,0.000000,104.900000,0.000000,
105.100000,0.000000,105.100000,0.000000,105.100000,0.000000,105.100000,0.000000,105.100000,0.000000,105.100000,0.000000,105.100000,0.000000,105.100000,0.000000,105.100000,0.000000,105.100000,0.000000,105.100000,0.000000,105.100000,0.000000,105.100000,0.000000,105.100000,0.000000,105.100000,0.000000,105.100000,0.000000,105.100000,0.000000,105.100000,0.000000,105.100000,0.000000,105.100000,0.000000,105.100000,0.000000,105.100000,0.000000,105.100000,0.000000,
105.300000,0.000000,105.300000,0.000000,105.300000,0.000000,105.300000,0.000000,105.300000,0.000000,105.300000,0.000000,105.300000,0.000000,105.300000,0.000000,105.300000,0.000000,105.300000,0.000000,105.300000,0.000000,105.300000,0.000000,105.300000,0.000000,105.300000,0.000000,105.300000,0.000000,105.300000,0.000000,105.300000,0.000000,105.300000,0.000000,105.300000,0.000000,105.300000,0.000000,105.300000,0.000000,105.300000,0.000000,105.300000,0.000000,
105.500000,0.000000,105.500000,0.000000,105.500000,0.000000,105.500000,0.000000,105.500000,0.000000,105.500000,0.000000,105.500000,0.000000,105.500000,0.000000,105.500000,0.000000,105.500000,0.000000,105.500000,0.000000,105.500000,0.000000,105.500000,0.000000,105.500000,0.000000,105.500000,0.000000,105.500000,0.000000,105.500000,0.000000,105.500000,0.000000,105.500000,0.000000,105.500000,0.000000,105.500000,0.000000,105.500000,0.000000,105.500000,0.000000,
105.700000,0.000000,105.700000,0.000000,105.700000,0.000000,105.700000,0.000000,105.700000,0.000000,105.700000,0.000000,105.700000,0.000000,105.700000,0.000000,105.700000,0.000000,105.700000,0.000000,105.700000,0.000000,105.700000,0.000000,105.700000,0.000000,105.700000,0.000000,105.700000,0.000000,105.700000,0.000000,105.700000,0.000000,105.700000,0.000000,105.700000,0.000000,105.700000,0.000000,105.700000,0.000000,105.700000,0.000000,105.700000,0.000000,
105.900000,0.000000,105.900000,0.000000,105.900000,0.000000,105.900000,0.000000,105.900000,0.000000,105.900000,0.000000,105.900000,0.000000,105.900000,0.000000,105.900000,0.000000,105.900000,0.000000,105.900000,0.000000,105.900000,0.000000,105.900000,0.000000,105.900000,0.000000,105.900000,0.000000,105.900000,0.000000,105.900000,0.000000,105.900000,0.000000,105.900000,0.000000,105.900000,0.000000,105.900000,0.000000,105.900000,0.000000,105.900000,0.000000,
106.100000,0.000000,106.100000,0.000000,106.100000,0.000000,106.100000,0.000000,106.100000,0.000000,106.100000,0.000000,106.100000,0.000000,106.100000,0.000000,106.100000,0.000000,106.100000,0.000000,106.100000,0.000000,106.100000,0.000000,106.100000,0.000000,106.100000,0.000000,106.100000,0.000000,106.100000,0.000000,106.100000,0.000000,106.100000,0.000000,106.100000,0.000000,106.100000,0.000000,106.100000,0.000000,106.100000,0.000000,106.100000,0.000000,
106.300000,0.000000,106.300000,0.000000,106.300000,0.000000,106.300000,0.000000,106.300000,0.000000,106.300000,0.000000,106.300000,0.000000,106.300000,0.000000,106.300000,0.000000,106.300000,0.000000,106.300000,0.000000,106.300000,0.000000,106.300000,0.000000,106.300000,0.000000,106.300000,0.000000,106.300000,0.000000,106.300000,0.000000,106.300000,0.000000,106.300000,0.000000,106.300000,0.000000,106.300000,0.000000,106.300000,0.000000,106.300000,0.000000,
106.500000,0.000000,106.500000,0.000000,106.500000,0.000000,106.500000,0.000000,106.500000,0.000000,106.500000,0.000000,106.500000,0.000000,106.500000,0.000000,106.500000,0.000000,106.500000,0.000000,106.500000,0.000000,106.500000,0.000000,106.500000,0.000000,106.500000,0.000000,106.500000,0.000000,106.500000,0.000000,106.500000,0.000000,106.500000,0.000000,106.500000,0.000000,106.500000,0.000000,106.500000,0.000000,106.500000,0.000000,106.500000,0.000000,
106.700000,0.000000,106.700000,0.000000,106.700000,0.000000,106.700000,0.000000,106.700000,0.000000,106.700000,0.000000,106.700000,0.000000,106.700000,0.000000,106.700000,0.000000,106.700000,0.000000,106.700000,0.000000,106.700000,0.000000,106.700000,0.000000,106.700000,0.000000,106.700000,0.000000,106.700000,0.000000,106.700000,0.000000,106.700000,0.000000,106.700000,0.000000,106.700000,0.000000,106.700000,0.000000,106.700000,0.000000,106.700000,0.000000,
106.900000,0.000000,106.900000,0.000000,106.900000,0.000000,106.900000,0.000000,106.900000,0.000000,106.900000,0.000000,106.900000,0.000000,106.900000,0.000000,106.900000,0.000000,106.900000,0.000000,106.900000,0.000000,106.900000,0.000000,106.900000,0.000000,106.900000,0.000000,106.900000,0.000000,106.900000,0.000000,106.900000,0.000000,106.900000,0.000000,106.900000,0.000000,106.900000,0.000000,106.900000,0.000000,106.900000,0.000000,106.900000,0.000000,
107.100000,0.000000,107.100000,0.000000,107.100000,0.000000,107.100000,0.000000,107.100000,0.000000,107.100000,0.000000,107.100000,0.000000,107.100000,0.000000,107.100000,0.000000,107.100000,0.000000,107.100000,0.000000,107.100000,0.000000,107.100000,0.000000,107.100000,0.000000,107.100000,0.000000,107.100000,0.000000,107.100000,0.000000,107.100000,0.000000,107.100000,0.000000,107.100000,0.000000,107.100000,0.000000,107.100000,0.000000,107.100000,0.000000,
107.300000,0.000000,107.300000,0.000000,107.300000,0.000000,107.300000,0.000000,107.300000,0.000000,107.300000,0.000000,107.300000,0.000000,107.300000,0.000000,107.300000,0.000000,107.300000,0.000000,107.300000,0.000000,107.300000,0.000000,107.300000,0.000000,107.300000,0.000000,107.300000,0.000000,107.300000,0.000000,107.300000,0.000000,107.300000,0.000000,107.300000,0.000000,107.300000,0.000000,107.300000,0.000000,107.300000,0.000000,107.300000,0.000000,
107.500000,0.000000,107.500000,0.000000,107.500000,0.000000,107.500000,0.000000,107.500000,0.000000,107.500000,0.000000,107.500000,0.000000,107.500000,0.000000,107.500000,0.000000,107.500000,0.000000,107.500000,0.000000,107.500000,0.000000,107.500000,0.000000,107.500000,0.000000,107.500000,0.000000,107.500000,0.000000,107.500000,0.000000,107.500000,0.000000,107.500000,0.000000,107.500000,0.000000,107.500000,0.000000,107.500000,0.000000,107.500000,0.000000,
107.700000,0.000000,107.700000,0.000000,107.700000,0.000000,107.700000,0.000000,107.700000,0.000000,107.700000,0.000000,107.700000,0.000000,107.700000,0.000000,107.700000,0.000000,107.700000,0.000000,107.700000,0.000000,107.700000,0.000000,107.700000,0.000000,107.700000,0.000000,107.700000,0.000000,107.700000,0.000000,107.700000,0.000000,107.700000,0.000000,107.700000,0.000000,107.700000,0.000000,107.700000,0.000000,107.700000,0.000000,107.700000,0.000000,
107.900000,0.000000,107.900000,0.000000,107.900000,0.000000,107.900000,0.000000,107.900000,0.000000,107.900000,0.000000,107.900000,0.000000,107.900000,0.000000,107.900000,0.000000,107.900000,0.000000,107.900000,0.000000,107.900000,0.000000,107.900000,0.000000,107.900000,0.000000,107.900000,0.000000,107.900000,0.000000,107.900000,0.000000,107.900000,0.000000,107.900000,0.000000,107.900000,0.000000,107.900000,0.000000,107.900000,0.000000,107.900000,0.000000,
108.100000,0.000000,108.100000,0.000000,108.100000,0.000000,108.100000,0.000000,108.100000,0.000000,108.100000,0.000000,108.100000,0.000000,108.100000,0.000000,108.100000,0.000000,108.100000,0.000000,108.100000,0.000000,108.100000,0.000000,108.100000,0.000000,108.100000,0.000000,108.100000,0.000000,108.100000,0.000000,108.100000,0.000000,108.100000,0.000000,108.100000,0.000000,108.100000,0.000000,108.100000,0.000000,108.100000,0.000000,108.100000,0.000000,
108.300000,0.000000,108.300000,0.000000,108.300000,0.000000,108.300000,0.000000,108.300000,0.000000,108.300000,0.000000,108.300000,0.000000,108.300000,0.000000,108.300000,0.000000,108.300000,0.000000,108.300000,0.000000,108.300000,0.000000,108.300000,0.000000,108.300000,0.000000,108.300000,0.000000,108.300000,0.000000,108.300000,0.000000,108.300000,0.000000,108.300000,0.000000,108.300000,0.000000,108.300000,0.000000,108.300000,0.000000,108.300000,0.000000,
108.500000,0.000000,108.500000,0.000000,108.500000,0.000000,108.500000,0.000000,108.500000,0.000000,108.500000,0.000000,108.500000,0.000000,108.500000,0.000000,108.500000,0.000000,108.500000,0.000000,108.500000,0.000000,108.500000,0.000000,108.500000,0.000000,108.500000,0.000000,108.500000,0.000000,108.500000,0.000000,108.500000,0.000000,108.500000,0.000000,108.500000,0.000000,108.500000,0.000000,108.500000,0.000000,108.500000,0.000000,108.500000,0.000000,
108.700000,0.000000,108.700000,0.000000,108.700000,0.000000,108.700000,0.000000,108.700000,0.000000,108.700000,0.000000,108.700000,0.000000,108.700000,0.000000,108.700000,0.000000,108.700000,0.000000,108.700000,0.000000,108.700000,0.000000,108.700000,0.000000,108.700000,0.000000,108.700000,0.000000,108.700000,0.000000,108.700000,0.000000,108.700000,0.000000,108.700000,0.000000,108.700000,0.000000,108.700000,0.000000,108.700000,0.000000,108.700000,0.000000,
108.900000,0.000000,108.900000,0.000000,108.900000,0.000000,108.900000,0.000000,108.900000,0.000000,108.900000,0.000000,108.900000,0.000000,108.900000,0.000000,108.900000,0.000000,108.900000,0.000000,108.900000,0.000000,108.900000,0.000000,108.900000,0.000000,108.900000,0.000000,108.900000,0.000000,108.900000,0.000000,108.900000,0.000000,108.900000,0.000000,108.900000,0.000000,108.900000,0.000000,108.900000,0.000000,108.900000,0.000000,108.900000,0.000000,
109.100000,0.000000,109.100000,0.000000,109.100000,0.000000,109.100000,0.000000,109.100000,0.000000,109.100000,0.000000,109.100000,0.000000,109.100000,0.000000,109.100000,0.000000,109.100000,0.000000,109.100000,0.000000,109.100000,0.000000,109.100000,0.000000,109.100000,0.000000,109.100000,0.000000,109.100000,0.000000,109.100000,0.000000,109.100000,0.000000,109.100000,0.000000,109.100000,0.000000,109.100000,0.000000,109.100000,0.000000,109.100000,0.000000,
109.300000,0.000000,109.300000,0.000000,109.300000,0.000000,109.300000,0.000000,109.300000,0.000000,109.300000,0.000000,109.300000,0.000000,109.300000,0.000000,109.300000,0.000000,109.300000,0.000000,109.300000,0.000000,109.300000,0.000000,109.300000,0.000000,109.300000,0.000000,109.300000,0.000000,109.300000,0.000000,109.300000,0.000000,109.300000,0.000000,109.300000,0.000000,109.300000,0.000000,109.300000,0.000000,109.300000,0.000000,109.300000,0.000000,
109.500000,0.000000,109.500000,0.000000,109.500000,0.000000,109.500000,0.000000,109.500000,0.000000,109.500000,0.000000,109.500000,0.000000,109.500000,0.000000,109.500000,0.000000,109.500000,0.000000,109.500000,0.000000,109.500000,0.000000,109.500000,0.000000,109.500000,0.000000,109.500000,0.000000,109.500000,0.000000,109.500000,0.000000,109.500000,0.000000,109.500000,0.000000,109.500000,0.000000,109.500000,0.000000,109.500000,0.000000,109.500000,0.000000,
109.700000,0.000000,109.700000,0.000000,109.700000,0.000000,109.700000,0.000000,109.700000,0.000000,109.700000,0.000000,109.700000,0.000000,109.700000,0.000000,109.700000,0.000000,109.700000,0.000000,109.700000,0.000000,109.700000,0.000000,109.700000,0.000000,109.700000,0.000000,109.700000,0.000000,109.700000,0.000000,109.700000,0.000000,109.700000,0.000000,109.700000,0.000000,109.700000,0.000000,109.700000,0.000000,109.700000,0.000000,109.700000,0.000000,
109.900000,0.000000,109.900000,0.000000,109.900000,0.000000,109.900000,0.000000,109.900000,0.000000,109.900000,0.000000,109.900000,0.000000,109.900000,0.000000,109.900000,0.000000,109.900000,0.000000,109.900000,0.000000,109.900000,0.000000,109.900000,0.000000,109.900000,0.000000,109.900000,0.000000,109.900000,0.000000,109.900000,0.000000,109.900000,0.000000,109.900000,0.000000,109.900000,0.000000,109.900000,0.000000,109.900000,0.000000,109.900000,0.000000,
110.100000,0.000000,110.100000,0.000000,110.100000,0.000000,110.100000,0.000000,110.100000,0.000000,110.100000,0.000000,110.100000,0.000000,110.100000,0.000000,110.100000,0.000000,110.100000,0.000000,110.100000,0.000000,110.100000,0.000000,110.100000,0.000000,110.100000,0.000000,110.100000,0.000000,110.100000,0.000000,110.100000,0.000000,110.100000,0.000000,110.100000,0.000000,110.100000,0.000000,110.100000,0.000000,110.100000,0.000000,110.100000,0.000000,
110.300000,0.000000,110.300000,0.000000,110.300000,0.000000,110.300000,0.000000,110.300000,0.000000,110.300000,0.000000,110.300000,0.000000,110.300000,0.000000,110.300000,0.000000,110.300000,0.000000,110.300000,0.000000,110.300000,0.000000,110.300000,0.000000,110.300000,0.000000,110.300000,0.000000,110.300000,0.000000,110.300000,0.000000,110.300000,0.000000,110.300000,0.000000,110.300000,0.000000,110.300000,0.000000,110.300000,0.000000,110.300000,0.000000,
110.500000,0.000000,110.500000,0.000000,110.500000,0.000000,110.500000,0.000000,110.500000,0.000000,110.500000,0.000000,110.500000,0.000000,110.500000,0.000000,110.500000,0.000000,110.500000,0.000000,110.500000,0.000000,110.500000,0.000000,110.500000,0.000000,110.500000,0.000000,110.500000,0.000000,110.500000,0.000000,110.500000,0.000000,110.500000,0.000000,110.500000,0.000000,110.500000,0.000000,110.500000,0.000000,110.500000,0.000000,110.500000,0.000000,
110.700000,0.000000,110.700000,0.000000,110.700000,0.000000,110.700000,0.000000,110.700000,0.000000,110.700000,0.000000,110.700000,0.000000,110.700000,0.000000,110.700000,0.000000,110.700000,0.000000,110.700000,0.000000,110.700000,0.000000,110.700000,0.000000,110.700000,0.000000,110.700000,0.000000,110.700000,0.000000,110.700000,0.000000,110.700000,0.000000,110.700000,0.000000,110.700000,0.000000,110.700000,0.000000,110.700000,0.000000,110.700000,0.000000,
110.900000,0.000000,110.900000,0.000000,110.900000,0.000000,110.900000,0.000000,110.900000,0.000000,110.900000,0.000000,110.900000,0.000000,110.900000,0.000000,110.900000,0.000000,110.900000,0.000000,110.900000,0.000000,110.900000,0.000000,110.900000,0.000000,110.900000,0.000000,110.900000,0.000000,110.900000,0.000000,110.900000,0.000000,110.900000,0.000000,110.900000,0.000000,110.900000,0.000000,110.900000,0.000000,110.900000,0.000000,110.900000,0.000000,
111.100000,0.000000,111.100000,0.000000,111.100000,0.000000,111.100000,0.000000,111.100000,0.000000,111.100000,0.000000,111.100000,0.000000,111.100000,0.000000,111.100000,0.000000,111.100000,0.000000,111.100000,0.000000,111.100000,0.000000,111.100000,0.000000,111.100000,0.000000,111.100000,0.000000,111.100000,0.000000,111.100000,0.000000,111.100000,0.000000,111.100000,0.000000,111.100000,0.000000,111.100000,0.000000,111.100000,0.000000,111.100000,0.000000,
111.300000,0.000000,111.300000,0.000000,111.300000,0.000000,111.300000,0.000000,111.300000,0.000000,111.300000,0.000000,111.300000,0.000000,111.300000,0.000000,111.300000,0.000000,111.300000,0.000000,111.300000,0.000000,111.300000,0.000000,111.300000,0.000000,111.300000,0.000000,111.300000,0.000000,111.300000,0.000000,111.300000,0.000000,111.300000,0.000000,111.300000,0.000000,111.300000,0.000000,111.300000,0.000000,111.300000,0.000000,111.300000,0.000000,
111.500000,0.000000,111.500000,0.000000,111.500000,0.000000,111.500000,0.000000,111.500000,0.000000,111.500000,0.000000,111.500000,0.000000,111.500000,0.000000,111.500000,0.000000,111.500000,0.000000,111.500000,0.000000,111.500000,0.000000,111.500000,0.000000,111.500000,0.000000,111.500000,0.000000,111.500000,0.000000,111.500000,0.000000,111.500000,0.000000,111.500000,0.000000,111.500000,0.000000,111.500000,0.000000,111.500000,0.000000,111.500000,0.000000,
111.700000,0.000000,111.700000,0.000000,111.700000,0.000000,111.700000,0.000000,111.700000,0.000000,111.700000,0.000000,111.700000,0.000000,111.700000,0.000000,111.700000,0.000000,111.700000,0.000000,111.700000,0.000000,111.700000,0.000000,111.700000,0.000000,111.700000,0.000000,111.700000,0.000000,111.700000,0.000000,111.700000,0.000000,111.700000,0.000000,111.700000,0.000000,111.700000,0.000000,111.700000,0.000000,111.700000,0.000000,111.700000,0.000000,
111.900000,0.000000,111.900000,0.000000,111.900000,0.000000,111.900000,0.000000,111.900000,0.000000,111.900000,0.000000,111.900000,0.000000,111.900000,0.000000,111.900000,0.000000,111.900000,0.000000,111.900000,0.000000,111.900000,0.000000,111.900000,0.000000,111.900000,0.000000,111.900000,0.000000,111.900000,0.000000,111.900000,0.000000,111.900000,0.000000,111.900000,0.000000,111.900000,0.000000,111.900000,0.000000,111.900000,0.000000,111.900000,0.000000,
112.100000,0.000000,112.100000,0.000000,112.100000,0.000000,112.100000,0.000000,112.100000,0.000000,112.100000,0.000000,112.100000,0.000000,112.100000,0.000000,112.100000,0.000000,112.100000,0.000000,112.100000,0.000000,112.100000,0.000000,112.100000,0.000000,112.100000,0.000000,112.100000,0.000000,112.100000,0.000000,112.100000,0.000000,112.100000,0.000000,112.100000,0.000000,112.100000,0.000000,112.100000,0.000000,112.100000,0.000000,112.100000,0.000000,
112.300000,0.000000,112.300000,0.000000,112.300000,0.000000,112.300000,0.000000,112.300000,0.000000,112.300000,0.000000,112.300000,0.000000,112.300000,0.000000,112.300000,0.000000,112.300000,0.000000,112.300000,0.000000,112.300000,0.000000,112.300000,0.000000,112.300000,0.000000,112.300000,0.000000,112.300000,0.000000,112.300000,0.000000,112.300000,0.000000,112.300000,0.000000,112.300000,0.000000,112.300000,0.000000,112.300000,0.000000,112.300000,0.000000,
112.500000,0.000000,112.500000,0.000000,112.500000,0.000000,112.500000,0.000000,112.500000,0.000000,112.500000,0.000000,112.500000,0.000000,112.500000,0.000000,112.500000,0.000000,112.500000,0.000000,112.500000,0.000000,112.500000,0.000000,112.500000,0.000000,112.500000,0.000000,112.500000,0.000000,112.500000,0.000000,112.500000,0.000000,112.500000,0.000000,112.500000,0.000000,112.500000,0.000000,112.500000,0.000000,112.500000,0.000000,112.500000,0.000000,
112.700000,0.000000,112.700000,0.000000,112.700000,0.000000,112.700000,0.000000,112.700000,0.000000,112.700000,0.000000,112.700000,0.000000,112.700000,0.000000,112.700000,0.000000,112.700000,0.000000,112.700000,0.000000,112.700000,0.000000,112.700000,0.000000,112.700000,0.000000,112.700000,0.000000,112.700000,0.000000,112.700000,0.000000,112.700000,0.000000,112.700000,0.000000,112.700000,0.000000,112.700000,0.000000,112.700000,0.000000,112.700000,0.000000,
112.900000,0.000000,112.900000,0.000000,112.900000,0.000000,112.900000,0.000000,112.900000,0.000000,112.900000,0.000000,112.900000,0.000000,112.900000,0.000000,112.900000,0.000000,112.900000,0.000000,112.900000,0.000000,112.900000,0.000000,112.900000,0.000000,112.900000,0.000000,112.900000,0.000000,112.900000,0.000000,112.900000,0.000000,112.900000,0.000000,112.900000,0.000000,112.900000,0.000000,112.900000,0.000000,112.900000,0.000000,112.900000,0.000000,
113.100000,0.000000,113.100000,0.000000,113.100000,0.000000,113.100000,0.000000,113.100000,0.000000,113.100000,0.000000,113.100000,0.000000,113.100000,0.000000,113.100000,0.000000,113.100000,0.000000,113.100000,0.000000,113.100000,0.000000,113.100000,0.000000,113.100000,0.000000,113.100000,0.000000,113.100000,0.000000,113.100000,0.000000,113.100000,0.000000,113.100000,0.000000,113.100000,0.000000,113.100000,0.000000,113.100000,0.000000,113.100000,0.000000,
113.300000,0.000000,113.300000,0.000000,113.300000,0.000000,113.300000,0.000000,113.300000,0.000000,113.300000,0.000000,113.300000,0.000000,113.300000,0.000000,113.300000,0.000000,113.300000,0.000000,113.300000,0.000000,113.300000,0.000000,113.300000,0.000000,113.300000,0.000000,113.300000,0.000000,113.300000,0.000000,113.300000,0.000000,113.300000,0.000000,113.300000,0.000000,113.300000,0.000000,113.300000,0.000000,113.300000,0.000000,113.300000,0.000000,
113.500000,0.000000,113.500000,0.000000,113.500000,0.000000,113.500000,0.000000,113.500000,0.000000,113.500000,0.000000,113.500000,0.000000,113.500000,0.000000,113.500000,0.000000,113.500000,0.000000,113.500000,0.000000,113.500000,0.000000,113.500000,0.000000,113.500000,0.000000,113.500000,0.000000,113.500000,0.000000,113.500000,0.000000,113.500000,0.000000,113.500000,0.000000,113.500000,0.000000,113.500000,0.000000,113.500000,0.000000,113.500000,0.000000,
113.700000,0.000000,113.700000,0.000000,113.700000,0.000000,113.700000,0.000000,113.700000,0.000000,113.700000,0.000000,113.700000,0.000000,113.700000,0.000000,113.700000,0.000000,113.700000,0.000000,113.700000,0.000000,113.700000,0.000000,113.700000,0.000000,113.700000,0.000000,113.700000,0.000000,113.700000,0.000000,113.700000,0.000000,113.700000,0.000000,113.700000,0.000000,113.700000,0.000000,113.700000,0.000000,113.700000,0.000000,113.700000,0.000000,
113.900000,0.000000,113.900000,0.000000,113.900000,0.000000,113.900000,0.000000,113.900000,0.000000,113.900000,0.000000,113.900000,0.000000,113.900000,0.000000,113.900000,0.000000,113.900000,0.000000,113.900000,0.000000,113.900000,0.000000,113.900000,0.000000,113.900000,0.000000,113.900000,0.000000,113.900000,0.000000,113.900000,0.000000,113.900000,0.000000,113.900000,0.000000,113.900000,0.000000,113.900000,0.000000,113.900000,0.000000,113.900000,0.000000,
114.100000,0.000000,114.100000,0.000000,114.100000,0.000000,114.100000,0.000000,114.100000,0.000000,114.100000,0.000000,114.100000,0.000000,114.100000,0.000000,114.100000,0.000000,114.100000,0.000000,114.100000,0.000000,114.100000,0.000000,114.100000,0.000000,114.100000,0.000000,114.100000,0.000000,114.100000,0.000000,114.100000,0.000000,114.100000,0.000000,114.100000,0.000000,114.100000,0.000000,114.100000,0.000000,114.100000,0.000000,114.100000,0.000000,
114.300000,0.000000,114.300000,0.000000,114.300000,0.000000,114.300000,0.000000,114.300000,0.000000,114.300000,0.000000,114.300000,0.000000,114.300000,0.000000,114.300000,0.000000,114.300000,0.000000,114.300000,0.000000,114.300000,0.000000,114.300000,0.000000,114.300000,0.000000,114.300000,0.000000,114.300000,0.000000,114.300000,0.000000,114.300000,0.000000,114.300000,0.000000,114.300000,0.000000,114.300000,0.000000,114.300000,0.000000,114.300000,0.000000,
114.500000,0.000000,114.500000,0.000000,114.500000,0.000000,114.500000,0.000000,114.500000,0.000000,114.500000,0.000000,114.500000,0.000000,114.500000,0.000000,114.500000,0.000000,114.500000,0.000000,114.500000,0.000000,114.500000,0.000000,114.500000,0.000000,114.500000,0.000000,114.500000,0.000000,114.500000,0.000000,114.500000,0.000000,114.500000,0.000000,114.500000,0.000000,114.500000,0.000000,114.500000,0.000000,114.500000,0.000000,114.500000,0.000000,
114.700000,0.000000,114.700000,0.000000,114.700000,0.000000,114.700000,0.000000,114.700000,0.000000,114.700000,0.000000,114.700000,0.000000,114.700000,0.000000,114.700000,0.000000,114.700000,0.000000,114.700000,0.000000,114.700000,0.000000,114.700000,0.000000,114.700000,0.000000,114.700000,0.000000,114.700000,0.000000,114.700000,0.000000,114.700000,0.000000,114.700000,0.000000,114.700000,0.000000,114.700000,0.000000,114.700000,0.000000,114.700000,0.000000,
114.900000,0.000000,114.900000,0.000000,114.900000,0.000000,114.900000,0.000000,114.900000,0.000000,114.900000,0.000000,114.900000,0.000000,114.900000,0.000000,114.900000,0.000000,114.900000,0.000000,114.900000,0.000000,114.900000,0.000000,114.900000,0.000000,114.900000,0.000000,114.900000,0.000000,114.900000,0.000000,114.900000,0.000000,114.900000,0.000000,114.900000,0.000000,114.900000,0.000000,114.900000,0.000000,114.900000,0.000000,114.900000,0.000000,
115.100000,0.000000,115.100000,0.000000,115.100000,0.000000,115.100000,0.000000,115.100000,0.000000,115.100000,0.000000,115.100000,0.000000,115.100000,0.000000,115.100000,0.000000,115.100000,0.000000,115.100000,0.000000,115.100000,0.000000,115.100000,0.000000,115.100000,0.000000,115.100000,0.000000,115.100000,0.000000,115.100000,0.000000,115.100000,0.000000,115.100000,0.000000,115.100000,0.000000,115.100000,0.000000,115.100000,0.000000,115.100000,0.000000,
115.300000,0.000000,115.300000,0.000000,115.300000,0.000000,115.300000,0.000000,115.300000,0.000000,115.300000,0.000000,115.300000,0.000000,115.300000,0.000000,115.300000,0.000000,115.300000,0.000000,115.300000,0.000000,115.300000,0.000000,115.300000,0.000000,115.300000,0.000000,115.300000,0.000000,115.300000,0.000000,115.300000,0.000000,115.300000,0.000000,115.300000,0.000000,115.300000,0.000000,115.300000,0.000000,115.300000,0.000000,115.300000,0.000000,
115.500000,0.000000,115.500000,0.000000,115.500000,0.000000,115.500000,0.000000,115.500000,0.000000,115.500000,0.000000,115.500000,0.000000,115.500000,0.000000,115.500000,0.000000,115.500000,0.000000,115.500000,0.000000,115.500000,0.000000,115.500000,0.000000,115.500000,0.000000,115.500000,0.000000,115.500000,0.000000,115.500000,0.000000,115.500000,0.000000,115.500000,0.000000,115.500000,0.000000,115.500000,0.000000,115.500000,0.000000,115.500000,0.000000,
115.700000,0.000000,115.700000,0.000000,115.700000,0.000000,115.700000,0.000000,115.700000,0.000000,115.700000,0.000000,115.700000,0.000000,115.700000,0.000000,115.700000,0.000000,115.700000,0.000000,115.700000,0.000000,115.700000,0.000000,115.700000,0.000000,115.700000,0.000000,115.700000,0.000000,115.700000,0.000000,115.700000,0.000000,115.700000,0.000000,115.700000,0.000000,115.700000,0.000000,115.700000,0.000000,115.700000,0.000000,115.700000,0.000000,
115.900000,0.000000,115.900000,0.000000,115.900000,0.000000,115.900000,0.000000,115.900000,0.000000,115.900000,0.000000,115.900000,0.000000,115.900000,0.000000,115.900000,0.000000,115.900000,0.000000,115.900000,0.000000,115.900000,0.000000,115.900000,0.000000,115.900000,0.000000,115.900000,0.000000,115.900000,0.000000,115.900000,0.000000,115.900000,0.000000,115.900000,0.000000,115.900000,0.000000,115.900000,0.000000,115.900000,0.000000,115.900000,0.000000,
116.100000,0.000000,116.100000,0.000000,116.100000,0.000000,116.100000,0.000000,116.100000,0.000000,116.100000,0.000000,116.100000,0.000000,116.100000,0.000000,116.100000,0.000000,116.100000,0.000000,116.100000,0.000000,116.100000,0.000000,116.100000,0.000000,116.100000,0.000000,116.100000,0.000000,116.100000,0.000000,116.100000,0.000000,116.100000,0.000000,116.100000,0.000000,116.100000,0.000000,116.100000,0.000000,116.100000,0.000000,116.100000,0.000000,
116.300000,0.000000,116.300000,0.000000,116.300000,0.000000,116.300000,0.000000,116.300000,0.000000,116.300000,0.000000,116.300000,0.000000,116.300000,0.000000,116.300000,0.000000,116.300000,0.000000,116.300000,0.000000,116.300000,0.000000,116.300000,0.000000,116.300000,0.000000,116.300000,0.000000,116.300000,0.000000,116.300000,0.000000,116.300000,0.000000,116.300000,0.000000,116.300000,0.000000,116.300000,0.000000,116.300000,0.000000,116.300000,0.000000,
116.500000,0.000000,116.500000,0.000000,116.500000,0.000000,116.500000,0.000000,116.500000,0.000000,116.500000,0.000000,116.500000,0.000000,116.500000,0.000000,116.500000,0.000000,116.500000,0.000000,116.500000,0.000000,116.500000,0.000000,116.500000,0.000000,116.500000,0.000000,116.500000,0.000000,116.500000,0.000000,116.500000,0.000000,116.500000,0.000000,116.500000,0.000000,116.500000,0.000000,116.500000,0.000000,116.500000,0.000000,116.500000,0.000000,
116.700000,0.000000,116.700000,0.000000,116.700000,0.000000,116.700000,0.000000,116.700000,0.000000,116.700000,0.000000,116.700000,0.000000,116.700000,0.000000,116.700000,0.000000,116.700000,0.000000,116.700000,0.000000,116.700000,0.000000,116.700000,0.000000,116.700000,0.000000,116.700000,0.000000,116.700000,0.000000,116.700000,0.000000,116.700000,0.000000,116.700000,0.000000,116.700000,0.000000,116.700000,0.000000,116.700000,0.000000,116.700000,0.000000,
116.900000,0.000000,116.900000,0.000000,116.900000,0.000000,116.900000,0.000000,116.900000,0.000000,116.900000,0.000000,116.900000,0.000000,116.900000,0.000000,116.900000,0.000000,116.900000,0.000000,116.900000,0.000000,116.900000,0.000000,116.900000,0.000000,116.900000,0.000000,116.900000,0.000000,116.900000,0.000000,116.900000,0.000000,116.900000,0.000000,116.900000,0.000000,116.900000,0.000000,116.900000,0.000000,116.900000,0.000000,116.900000,0.000000,
117.100000,0.000000,117.100000,0.000000,117.100000,0.000000,117.100000,0.000000,117.100000,0.000000,117.100000,0.000000,117.100000,0.000000,117.100000,0.000000,117.100000,0.000000,117.100000,0.000000,117.100000,0.000000,117.100000,0.000000,117.100000,0.000000,117.100000,0.000000,117.100000,0.000000,117.100000,0.000000,117.100000,0.000000,117.100000,0.000000,117.100000,0.000000,117.100000,0.000000,117.100000,0.000000,117.100000,0.000000,117.100000,0.000000,
117.300000,0.000000,117.300000,0.000000,117.300000,0.000000,117.300000,0.000000,117.300000,0.000000,117.300000,0.000000,117.300000,0.000000,117.300000,0.000000,117.300000,0.000000,117.300000,0.000000,117.300000,0.000000,117.300000,0.000000,117.300000,0.000000,117.300000,0.000000,117.300000,0.000000,117.300000,0.000000,117.300000,0.000000,117.300000,0.000000,117.300000,0.000000,117.300000,0.000000,117.300000,0.000000,117.300000,0.000000,117.300000,0.000000,
117.500000,0.000000,117.500000,0.000000,117.500000,0.000000,117.500000,0.000000,117.500000,0.000000,117.500000,0.000000,117.500000,0.000000,117.500000,0.000000,117.500000,0.000000,117.500000,0.000000,117.500000,0.000000,117.500000,0.000000,117.500000,0.000000,117.500000,0.000000,117.500000,0.000000,117.500000,0.000000,117.500000,0.000000,117.500000,0.000000,117.500000,0.000000,117.500000,0.000000,117.500000,0.000000,117.500000,0.000000,117.500000,0.000000,
117.700000,0.000000,117.700000,0.000000,117.700000,0.000000,117.700000,0.000000,117.700000,0.000000,117.700000,0.000000,117.700000,0.000000,117.700000,0.000000,117.700000,0.000000,117.700000,0.000000,117.700000,0.000000,117.700000,0.000000,117.700000,0.000000,117.700000,0.000000,117.700000,0.000000,117.700000,0.000000,117.700000,0.000000,117.700000,0.000000,117.700000,0.000000,117.700000,0.000000,117.700000,0.000000,117.700000,0.000000,117.700000,0.000000,
117.900000,0.000000,117.900000,0.000000,117.900000,0.000000,117.900000,0.000000,117.900000,0.000000,117.900000,0.000000,117.900000,0.000000,117.900000,0.000000,117.900000,0.000000,117.900000,0.000000,117.900000,0.000000,117.900000,0.000000,117.900000,0.000000,117.900000,0.000000,117.900000,0.000000,117.900000,0.000000,117.900000,0.000000,117.900000,0.000000,117.900000,0.000000,117.900000,0.000000,117.900000,0.000000,117.900000,0.000000,117.900000,0.000000,
118.100000,0.000000,118.100000,0.000000,118.100000,0.000000,118.100000,0.000000,118.100000,0.000000,118.100000,0.000000,118.100000,0.000000,118.100000,0.000000,118.100000,0.000000,118.100000,0.000000,118.100000,0.000000,118.100000,0.000000,118.100000,0.000000,118.100000,0.000000,118.100000,0.000000,118.100000,0.000000,118.100000,0.000000,118.100000,0.000000,118.100000,0.000000,118.100000,0.000000,118.100000,0.000000,118.100000,0.000000,118.100000,0.000000,
118.300000,0.000000,118.300000,0.000000,118.300000,0.000000,118.300000,0.000000,118.300000,0.000000,118.300000,0.000000,118.300000,0.000000,118.300000,0.000000,118.300000,0.000000,118.300000,0.000000,118.300000,0.000000,118.300000,0.000000,118.300000,0.000000,118.300000,0.000000,118.300000,0.000000,118.300000,0.000000,118.300000,0.000000,118.300000,0.000000,118.300000,0.000000,118.300000,0.000000,118.300000,0.000000,118.300000,0.000000,118.300000,0.000000,
118.500000,0.000000,118.500000,0.000000,118.500000,0.000000,118.500000,0.000000,118.500000,0.000000,118.500000,0.000000,118.500000,0.000000,118.500000,0.000000,118.500000,0.000000,118.500000,0.000000,118.500000,0.000000,118.500000,0.000000,118.500000,0.000000,118.500000,0.000000,118.500000,0.000000,118.500000,0.000000,118.500000,0.000000,118.500000,0.000000,118.500000,0.000000,118.500000,0.000000,118.500000,0.000000,118.500000,0.000000,118.500000,0.000000,
118.700000,0.000000,118.700000,0.000000,118.700000,0.000000,118.700000,0.000000,118.700000,0.000000,118.700000,0.000000,118.700000,0.000000,118.700000,0.000000,118.700000,0.000000,118.700000,0.000000,118.700000,0.000000,118.700000,0.000000,118.700000,0.000000,118.700000,0.000000,118.700000,0.000000,118.700000,0.000000,118.700000,0.000000,118.700000,0.000000,118.700000,0.000000,118.700000,0.000000,118.700000,0.000000,118.700000,0.000000,118.700000,0.000000,
118.900000,0.000000,118.900000,0.000000,118.900000,0.000000,118.900000,0.000000,118.900000,0.000000,118.900000,0.000000,118.900000,0.000000,118.900000,0.000000,118.900000,0.000000,118.900000,0.000000,118.900000,0.000000,118.900000,0.000000,118.900000,0.000000,118.900000,0.000000,118.900000,0.000000,118.900000,0.000000,118.900000,0.000000,118.900000,0.000000,118.900000,0.000000,118.900000,0.000000,118.900000,0.000000,118.900000,0.000000,118.900000,0.000000,
119.100000,0.000000,119.100000,0.000000,119.100000,0.000000,119.100000,0.000000,119.100000,0.000000,119.100000,0.000000,119.100000,0.000000,119.100000,0.000000,119.100000,0.000000,119.100000,0.000000,119.100000,0.000000,119.100000,0.000000,119.100000,0.000000,119.100000,0.000000,119.100000,0.000000,119.100000,0.000000,119.100000,0.000000,119.100000,0.000000,119.100000,0.000000,119.100000,0.000000,119.100000,0.000000,119.100000,0.000000,119.100000,0.000000,
119.300000,0.000000,119.300000,0.000000,119.300000,0.000000,119.300000,0.000000,119.300000,0.000000,119.300000,0.000000,119.300000,0.000000,119.300000,0.000000,119.300000,0.000000,119.300000,0.000000,119.300000,0.000000,119.300000,0.000000,119.300000,0.000000,119.300000,0.000000,119.300000,0.000000,119.300000,0.000000,119.300000,0.000000,119.300000,0.000000,119.300000,0.000000,119.300000,0.000000,119.300000,0.000000,119.300000,0.000000,119.300000,0.000000,
119.500000,0.000000,119.500000,0.000000,119.500000,0.000000,119.500000,0.000000,119.500000,0.000000,119.500000,0.000000,119.500000,0.000000,119.500000,0.000000,119.500000,0.000000,119.500000,0.000000,119.500000,0.000000,119.500000,0.000000,119.500000,0.000000,119.500000,0.000000,119.500000,0.000000,119.500000,0.000000,119.500000,0.000000,119.500000,0.000000,119.500000,0.000000,119.500000,0.000000,119.500000,0.000000,119.500000,0.000000,119.500000,0.000000,
119.700000,0.000000,119.700000,0.000000,119.700000,0.000000,119.700000,0.000000,119.700000,0.000000,119.700000,0.000000,119.700000,0.000000,119.700000,0.000000,119.700000,0.000000,119.700000,0.000000,119.700000,0.000000,119.700000,0.000000,119.700000,0.000000,119.700000,0.000000,119.700000,0.000000,119.700000,0.000000,119.700000,0.000000,119.700000,0.000000,119.700000,0.000000,119.700000,0.000000,119.700000,0.000000,119.700000,0.000000,119.700000,0.000000,
119.900000,0.000000,119.900000,0.000000,119.900000,0.000000,119.900000,0.000000,119.900000,0.000000,119.900000,0.000000,119.900000,0.000000,119.900000,0.000000,119.900000,0.000000,119.900000,0.000000,119.900000,0.000000,119.900000,0.000000,119.900000,0.000000,119.900000,0.000000,119.900000,0.000000,119.900000,0.000000,119.900000,0.000000,119.900000,0.000000,119.900000,0.000000,119.900000,0.000000,119.900000,0.000000,119.900000,0.000000,119.900000,0.000000,
120.100000,0.000000,120.100000,0.000000,120.100000,0.000000,120.100000,0.000000,120.100000,0.000000,120.100000,0.000000,120.100000,0.000000,120.100000,0.000000,120.100000,0.000000,120.100000,0.000000,120.100000,0.000000,120.100000,0.000000,120.100000,0.000000,120.100000,0.000000,120.100000,0.000000,120.100000,0.000000,120.100000,0.000000,120.100000,0.000000,120.100000,0.000000,120.100000,0.000000,120.100000,0.000000,120.100000,0.000000,120.100000,0.000000,
120.300000,0.000000,120.300000,0.000000,120.300000,0.000000,120.300000,0.000000,120.300000,0.000000,120.300000,0.000000,120.300000,0.000000,120.300000,0.000000,120.300000,0.000000,120.300000,0.000000,120.300000,0.000000,120.300000,0.000000,120.300000,0.000000,120.300000,0.000000,120.300000,0.000000,120.300000,0.000000,120.300000,0.000000,120.300000,0.000000,120.300000,0.000000,120.300000,0.000000,120.300000,0.000000,120.300000,0.000000,120.300000,0.000000,
120.500000,0.000000,120.500000,0.000000,120.500000,0.000000,120.500000,0.000000,120.500000,0.000000,120.500000,0.000000,120.500000,0.000000,120.500000,0.000000,120.500000,0.000000,120.500000,0.000000,120.500000,0.000000,120.500000,0.000000,120.500000,0.000000,120.500000,0.000000,120.500000,0.000000,120.500000,0.000000,120.500000,0.000000,120.500000,0.000000,120.500000,0.000000,120.500000,0.000000,120.500000,0.000000,120.500000,0.000000,120.500000,0.000000,
120.700000,0.000000,120.700000,0.000000,120.700000,0.000000,120.700000,0.000000,120.700000,0.000000,120.700000,0.000000,120.700000,0.000000,120.700000,0.000000,120.700000,0.000000,120.700000,0.000000,120.700000,0.000000,120.700000,0.000000,120.700000,0.000000,120.700000,0.000000,120.700000,0.000000,120.700000,0.000000,120.700000,0.000000,120.700000,0.000000,120.700000,0.000000,120.700000,0.000000,120.700000,0.000000,120.700000,0.000000,120.700000,0.000000,
120.900000,0.000000,120.900000,0.000000,120.900000,0.000000,120.900000,0.000000,120.900000,0.000000,120.900000,0.000000,120.900000,0.000000,120.900000,0.000000,120.900000,0.000000,120.900000,0.000000,120.900000,0.000000,120.900000,0.000000,120.900000,0.000000,120.900000,0.000000,120.900000,0.000000,120.900000,0.000000,120.900000,0.000000,120.900000,0.000000,120.900000,0.000000,120.900000,0.000000,120.900000,0.000000,120.900000,0.000000,120.900000,0.000000,
121.100000,0.000000,121.100000,0.000000,121.100000,0.000000,121.100000,0.000000,121.100000,0.000000,121.100000,0.000000,121.100000,0.000000,121.100000,0.000000,121.100000,0.000000,121.100000,0.000000,121.100000,0.000000,121.100000,0.000000,121.100000,0.000000,121.100000,0.000000,121.100000,0.000000,121.100000,0.000000,121.100000,0.000000,121.100000,0.000000,121.100000,0.000000,121.100000,0.000000,121.100000,0.000000,121.100000,0.000000,121.100000,0.000000,
121.300000,0.000000,121.300000,0.000000,121.300000,0.000000,121.300000,0.000000,121.300000,0.000000,121.300000,0.000000,121.300000,0.000000,121.300000,0.000000,121.300000,0.000000,121.300000,0.000000,121.300000,0.000000,121.300000,0.000000,121.300000,0.000000,121.300000,0.000000,121.300000,0.000000,121.300000,0.000000,121.300000,0.000000,121.300000,0.000000,121.300000,0.000000,121.300000,0.000000,121.300000,0.000000,121.300000,0.000000,121.300000,0.000000,
121.500000,0.000000,121.500000,0.000000,121.500000,0.000000,121.500000,0.000000,121.500000,0.000000,121.500000,0.000000,121.500000,0.000000,121.500000,0.000000,121.500000,0.000000,121.500000,0.000000,121.500000,0.000000,121.500000,0.000000,121.500000,0.000000,121.500000,0.000000,121.500000,0.000000,121.500000,0.000000,121.500000,0.000000,121.500000,0.000000,121.500000,0.000000,121.500000,0.000000,121.500000,0.000000,121.500000,0.000000,121.500000,0.000000,
121.700000,0.000000,121.700000,0.000000,121.700000,0.000000,121.700000,0.000000,121.700000,0.000000,121.700000,0.000000,121.700000,0.000000,121.700000,0.000000,121.700000,0.000000,121.700000,0.000000,121.700000,0.000000,121.700000,0.000000,121.700000,0.000000,121.700000,0.000000,121.700000,0.000000,121.700000,0.000000,121.700000,0.000000,121.700000,0.000000,121.700000,0.000000,121.700000,0.000000,121.700000,0.000000,121.700000,0.000000,121.700000,0.000000,
121.900000,0.000000,121.900000,0.000000,121.900000,0.000000,121.900000,0.000000,121.900000,0.000000,121.900000,0.000000,121.900000,0.000000,121.900000,0.000000,121.900000,0.000000,121.900000,0.000000,121.900000,0.000000,121.900000,0.000000,121.900000,0.000000,121.900000,0.000000,121.900000,0.000000,121.900000,0.000000,121.900000,0.000000,121.900000,0.000000,121.900000,0.000000,121.900000,0.000000,121.900000,0.000000,121.900000,0.000000,121.900000,0.000000,
122.100000,0.000000,122.100000,0.000000,122.100000,0.000000,122.100000,0.000000,122.100000,0.000000,122.100000,0.000000,122.100000,0.000000,122.100000,0.000000,122.100000,0.000000,122.100000,0.000000,122.100000,0.000000,122.100000,0.000000,122.100000,0.000000,122.100000,0.000000,122.100000,0.000000,122.100000,0.000000,122.100000,0.000000,122.100000,0.000000,122.100000,0.000000,122.100000,0.000000,122.100000,0.000000,122.100000,0.000000,122.100000,0.000000,
122.300000,0.000000,122.300000,0.000000,122.300000,0.000000,122.300000,0.000000,122.300000,0.000000,122.300000,0.000000,122.300000,0.000000,122.300000,0.000000,122.300000,0.000000,122.300000,0.000000,122.300000,0.000000,122.300000,0.000000,122.300000,0.000000,122.300000,0.000000,122.300000,0.000000,122.300000,0.000000,122.300000,0.000000,122.300000,0.000000,122.300000,0.000000,122.300000,0.000000,122.300000,0.000000,122.300000,0.000000,122.300000,0.000000,
122.500000,0.000000,122.500000,0.000000,122.500000,0.000000,122.500000,0.000000,122.500000,0.000000,122.500000,0.000000,122.500000,0.000000,122.500000,0.000000,122.500000,0.000000,122.500000,0.000000,122.500000,0.000000,122.500000,0.000000,122.500000,0.000000,122.500000,0.000000,122.500000,0.000000,122.500000,0.000000,122.500000,0.000000,122.500000,0.000000,122.500000,0.000000,122.500000,0.000000,122.500000,0.000000,122.500000,0.000000,122.500000,0.000000,
122.700000,0.000000,122.700000,0.000000,122.700000,0.000000,122.700000,0.000000,122.700000,0.000000,122.700000,0.000000,122.700000,0.000000,122.700000,0.000000,122.700000,0.000000,122.700000,0.000000,122.700000,0.000000,122.700000,0.000000,122.700000,0.000000,122.700000,0.000000,122.700000,0.000000,122.700000,0.000000,122.700000,0.000000,122.700000,0.000000,122.700000,0.000000,122.700000,0.000000,122.700000,0.000000,122.700000,0.000000,122.700000,0.000000,
122.900000,0.000000,122.900000,0.000000,122.900000,0.000000,122.900000,0.000000,122.900000,0.000000,122.900000,0.000000,122.900000,0.000000,122.900000,0.000000,122.900000,0.000000,122.900000,0.000000,122.900000,0.000000,122.900000,0.000000,122.900000,0.000000,122.900000,0.000000,122.900000,0.000000,122.900000,0.000000,122.900000,0.000000,122.900000,0.000000,122.900000,0.000000,122.900000,0.000000,122.900000,0.000000,122.900000,0.000000,122.900000,0.000000,
123.100000,0.000000,123.100000,0.000000,123.100000,0.000000,123.100000,0.000000,123.100000,0.000000,123.100000,0.000000,123.100000,0.000000,123.100000,0.000000,123.100000,0.000000,123.100000,0.000000,123.100000,0.000000,123.100000,0.000000,123.100000,0.000000,123.100000,0.000000,123.100000,0.000000,123.100000,0.000000,123.100000,0.000000,123.100000,0.000000,123.100000,0.000000,123.100000,0.000000,123.100000,0.000000,123.100000,0.000000,123.100000,0.000000,
123.300000,0.000000,123.300000,0.000000,123.300000,0.000000,123.300000,0.000000,123.300000,0.000000,123.300000,0.000000,123.300000,0.000000,123.300000,0.000000,123.300000,0.000000,123.300000,0.000000,123.300000,0.000000,123.300000,0.000000,123.300000,0.000000,123.300000,0.000000,123.300000,0.000000,123.300000,0.000000,123.300000,0.000000,123.300000,0.000000,123.300000,0.000000,123.300000,0.000000,123.300000,0.000000,123.300000,0.000000,123.300000,0.000000,
123.500000,0.000000,123.500000,0.000000,123.500000,0.000000,123.500000,0.000000,123.500000,0.000000,123.500000,0.000000,123.500000,0.000000,123.500000,0.000000,123.500000,0.000000,123.500000,0.000000,123.500000,0.000000,123.500000,0.000000,123.500000,0.000000,123.500000,0.000000,123.500000,0.000000,123.500000,0.000000,123.500000,0.000000,123.500000,0.000000,123.500000,0.000000,123.500000,0.000000,123.500000,0.000000,123.500000,0.000000,123.500000,0.000000,
123.700000,0.000000,123.700000,0.000000,123.700000,0.000000,123.700000,0.000000,123.700000,0.000000,123.700000,0.000000,123.700000,0.000000,123.700000,0.000000,123.700000,0.000000,123.700000,0.000000,123.700000,0.000000,123.700000,0.000000,123.700000,0.000000,123.700000,0.000000,123.700000,0.000000,123.700000,0.000000,123.700000,0.000000,123.700000,0.000000,123.700000,0.000000,123.700000,0.000000,123.700000,0.000000,123.700000,0.000000,123.700000,0.000000,
123.900000,0.000000,123.900000,0.000000,123.900000,0.000000,123.900000,0.000000,123.900000,0.000000,123.900000,0.000000,123.900000,0.000000,123.900000,0.000000,123.900000,0.000000,123.900000,0.000000,123.900000,0.000000,123.900000,0.000000,123.900000,0.000000,123.900000,0.000000,123.900000,0.000000,123.900000,0.000000,123.900000,0.000000,123.900000,0.000000,123.900000,0.000000,123.900000,0.000000,123.900000,0.000000,123.900000,0.000000,123.900000,0.000000,
124.100000,0.000000,124.100000,0.000000,124.100000,0.000000,124.100000,0.000000,124.100000,0.000000,124.100000,0.000000,124.100000,0.000000,124.100000,0.000000,124.100000,0.000000,124.100000,0.000000,124.100000,0.000000,124.100000,0.000000,124.100000,0.000000,124.100000,0.000000,124.100000,0.000000,124.100000,0.000000,124.100000,0.000000,124.100000,0.000000,124.100000,0.000000,124.100000,0.000000,124.100000,0.000000,124.100000,0.000000,124.100000,0.000000,
124.300000,0.000000,124.300000,0.000000,124.300000,0.000000,124.300000,0.000000,124.300000,0.000000,124.300000,0.000000,124.300000,0.000000,124.300000,0.000000,124.300000,0.000000,124.300000,0.000000,124.300000,0.000000,124.300000,0.000000,124.300000,0.000000,124.300000,0.000000,124.300000,0.000000,124.300000,0.000000,124.300000,0.000000,124.300000,0.000000,124.300000,0.000000,124.300000,0.000000,124.300000,0.000000,124.300000,0.000000,124.300000,0.000000,
124.500000,0.000000,124.500000,0.000000,124.500000,0.000000,124.500000,0.000000,124.500000,0.000000,124.500000,0.000000,124.500000,0.000000,124.500000,0.000000,124.500000,0.000000,124.500000,0.000000,124.500000,0.000000,124.500000,0.000000,124.500000,0.000000,124.500000,0.000000,124.500000,0.000000,124.500000,0.000000,124.500000,0.000000,124.500000,0.000000,124.500000,0.000000,124.500000,0.000000,124.500000,0.000000,124.500000,0.000000,124.500000,0.000000,
124.700000,0.000000,124.700000,0.000000,124.700000,0.000000,124.700000,0.000000,124.700000,0.000000,124.700000,0.000000,124.700000,0.000000,124.700000,0.000000,124.700000,0.000000,124.700000,0.000000,124.700000,0.000000,124.700000,0.000000,124.700000,0.000000,124.700000,0.000000,124.700000,0.000000,124.700000,0.000000,124.700000,0.000000,124.700000,0.000000,124.700000,0.000000,124.700000,0.000000,124.700000,0.000000,124.700000,0.000000,124.700000,0.000000,
124.900000,0.000000,124.900000,0.000000,124.900000,0.000000,124.900000,0.000000,124.900000,0.000000,124.900000,0.000000,124.900000,0.000000,124.900000,0.000000,124.900000,0.000000,124.900000,0.000000,124.900000,0.000000,124.900000,0.000000,124.900000,0.000000,124.900000,0.000000,124.900000,0.000000,124.900000,0.000000,124.900000,0.000000,124.900000,0.000000,124.900000,0.000000,124.900000,0.000000,124.900000,0.000000,124.900000,0.000000,124.900000,0.000000,
125.100000,0.000000,125.100000,0.000000,125.100000,0.000000,125.100000,0.000000,125.100000,0.000000,125.100000,0.000000,125.100000,0.000000,125.100000,0.000000,125.100000,0.000000,125.100000,0.000000,125.100000,0.000000,125.100000,0.000000,125.100000,0.000000,125.100000,0.000000,125.100000,0.000000,125.100000,0.000000,125.100000,0.000000,125.100000,0.000000,125.100000,0.000000,125.100000,0.000000,125.100000,0.000000,125.100000,0.000000,125.100000,0.000000,
125.300000,0.000000,125.300000,0.000000,125.300000,0.000000,125.300000,0.000000,125.300000,0.000000,125.300000,0.000000,125.300000,0.000000,125.300000,0.000000,125.300000,0.000000,125.300000,0.000000,125.300000,0.000000,125.300000,0.000000,125.300000,0.000000,125.300000,0.000000,125.300000,0.000000,125.300000,0.000000,125.300000,0.000000,125.300000,0.000000,125.300000,0.000000,125.300000,0.000000,125.300000,0.000000,125.300000,0.000000,125.300000,0.000000,
125.500000,0.000000,125.500000,0.000000,125.500000,0.000000,125.500000,0.000000,125.500000,0.000000,125.500000,0.000000,125.500000,0.000000,125.500000,0.000000,125.500000,0.000000,125.500000,0.000000,125.500000,0.000000,125.500000,0.000000,125.500000,0.000000,125.500000,0.000000,125.500000,0.000000,125.500000,0.000000,125.500000,0.000000,125.500000,0.000000,125.500000,0.000000,125.500000,0.000000,125.500000,0.000000,125.500000,0.000000,125.500000,0.000000,
125.700000,0.000000,125.700000,0.000000,125.700000,0.000000,125.700000,0.000000,125.700000,0.000000,125.700000,0.000000,125.700000,0.000000,125.700000,0.000000,125.700000,0.000000,125.700000,0.000000,125.700000,0.000000,125.700000,0.000000,125.700000,0.000000,125.700000,0.000000,125.700000,0.000000,125.700000,0.000000,125.700000,0.000000,125.700000,0.000000,125.700000,0.000000,125.700000,0.000000,125.700000,0.000000,125.700000,0.000000,125.700000,0.000000,
125.900000,0.000000,125.900000,0.000000,125.900000,0.000000,125.900000,0.000000,125.900000,0.000000,125.900000,0.000000,125.900000,0.000000,125.900000,0.000000,125.900000,0.000000,125.900000,0.000000,125.900000,0.000000,125.900000,0.000000,125.900000,0.000000,125.900000,0.000000,125.900000,0.000000,125.900000,0.000000,125.900000,0.000000,125.900000,0.000000,125.900000,0.000000,125.900000,0.000000,125.900000,0.000000,125.900000,0.000000,125.900000,0.000000,
126.100000,0.000000,126.100000,0.000000,126.100000,0.000000,126.100000,0.000000,126.100000,0.000000,126.100000,0.000000,126.100000,0.000000,126.100000,0.000000,126.100000,0.000000,126.100000,0.000000,126.100000,0.000000,126.100000,0.000000,126.100000,0.000000,126.100000,0.000000,126.100000,0.000000,126.100000,0.000000,126.100000,0.000000,126.100000,0.000000,126.100000,0.000000,126.100000,0.000000,126.100000,0.000000,126.100000,0.000000,126.100000,0.000000,
126.300000,0.000000,126.300000,0.000000,126.300000,0.000000,126.300000,0.000000,126.300000,0.000000,126.300000,0.000000,126.300000,0.000000,126.300000,0.000000,126.300000,0.000000,126.300000,0.000000,126.300000,0.000000,126.300000,0.000000,126.300000,0.000000,126.300000,0.000000,126.300000,0.000000,126.300000,0.000000,126.300000,0.000000,126.300000,0.000000,126.300000,0.000000,126.300000,0.000000,126.300000,0.000000,126.300000,0.000000,126.300000,0.000000,
126.500000,0.000000,126.500000,0.000000,126.500000,0.000000,126.500000,0.000000,126.500000,0.000000,126.500000,0.000000,126.500000,0.000000,126.500000,0.000000,126.500000,0.000000,126.500000,0.000000,126.500000,0.000000,126.500000,0.000000,126.500000,0.000000,126.500000,0.000000,126.500000,0.000000,126.500000,0.000000,126.500000,0.000000,126.500000,0.000000,126.500000,0.000000,126.500000,0.000000,126.500000,0.000000,126.500000,0.000000,126.500000,0.000000,
126.700000,0.000000,126.700000,0.000000,126.700000,0.000000,126.700000,0.000000,126.700000,0.000000,126.700000,0.000000,126.700000,0.000000,126.700000,0.000000,126.700000,0.000000,126.700000,0.000000,126.700000,0.000000,126.700000,0.000000,126.700000,0.000000,126.700000,0.000000,126.700000,0.000000,126.700000,0.000000,126.700000,0.000000,126.700000,0.000000,126.700000,0.000000,126.700000,0.000000,126.700000,0.000000,126.700000,0.000000,126.700000,0.000000,
126.900000,0.000000,126.900000,0.000000,126.900000,0.000000,126.900000,0.000000,126.900000,0.000000,126.900000,0.000000,126.900000,0.000000,126.900000,0.000000,126.900000,0.000000,126.900000,0.000000,126.900000,0.000000,126.900000,0.000000,126.900000,0.000000,126.900000,0.000000,126.900000,0.000000,126.900000,0.000000,126.900000,0.000000,126.900000,0.000000,126.900000,0.000000,126.900000,0.000000,126.900000,0.000000,126.900000,0.000000,126.900000,0.000000,
127.100000,0.000000,127.100000,0.000000,127.100000,0.000000,127.100000,0.000000,127.100000,0.000000,127.100000,0.000000,127.100000,0.000000,127.100000,0.000000,127.100000,0.000000,127.100000,0.000000,127.100000,0.000000,127.100000,0.000000,127.100000,0.000000,127.100000,0.000000,127.100000,0.000000,127.100000,0.000000,127.100000,0.000000,127.100000,0.000000,127.100000,0.000000,127.100000,0.000000,127.100000,0.000000,127.100000,0.000000,127.100000,0.000000,
127.300000,0.000000,127.300000,0.000000,127.300000,0.000000,127.300000,0.000000,127.300000,0.000000,127.300000,0.000000,127.300000,0.000000,127.300000,0.000000,127.300000,0.000000,127.300000,0.000000,127.300000,0.000000,127.300000,0.000000,127.300000,0.000000,127.300000,0.000000,127.300000,0.000000,127.300000,0.000000,127.300000,0.000000,127.300000,0.000000,127.300000,0.000000,127.300000,0.000000,127.300000,0.000000,127.300000,0.000000,127.300000,0.000000,
127.500000,0.000000,127.500000,0.000000,127.500000,0.000000,127.500000,0.000000,127.500000,0.000000,127.500000,0.000000,127.500000,0.000000,127.500000,0.000000,127.500000,0.000000,127.500000,0.000000,127.500000,0.000000,127.500000,0.000000,127.500000,0.000000,127.500000,0.000000,127.500000,0.000000,127.500000,0.000000,127.500000,0.000000,127.500000,0.000000,127.500000,0.000000,127.500000,0.000000,127.500000,0.000000,127.500000,0.000000,127.500000,0.000000,
127.700000,0.000000,127.700000,0.000000,127.700000,0.000000,127.700000,0.000000,127.700000,0.000000,127.700000,0.000000,127.700000,0.000000,127.700000,0.000000,127.700000,0.000000,127.700000,0.000000,127.700000,0.000000,127.700000,0.000000,127.700000,0.000000,127.700000,0.000000,127.700000,0.000000,127.700000,0.000000,127.700000,0.000000,127.700000,0.000000,127.700000,0.000000,127.700000,0.000000,127.700000,0.000000,127.700000,0.000000,127.700000,0.000000,
127.900000,0.000000,127.900000,0.000000,127.900000,0.000000,127.900000,0.000000,127.900000,0.000000,127.900000,0.000000,127.900000,0.000000,127.900000,0.000000,127.900000,0.000000,127.900000,0.000000,127.900000,0.000000,127.900000,0.000000,127.900000,0.000000,127.900000,0.000000,127.900000,0.000000,127.900000,0.000000,127.900000,0.000000,127.900000,0.000000,127.900000,0.000000,127.900000,0.000000,127.900000,0.000000,127.900000,0.000000,127.900000,0.000000,
128.100000,0.000000,128.100000,0.000000,128.100000,0.000000,128.100000,0.000000,128.100000,0.000000,128.100000,0.000000,128.100000,0.000000,128.100000,0.000000,128.100000,0.000000,128.100000,0.000000,128.100000,0.000000,128.100000,0.000000,128.100000,0.000000,128.100000,0.000000,128.100000,0.000000,128.100000,0.000000,128.100000,0.000000,128.100000,0.000000,128.100000,0.000000,128.100000,0.000000,128.100000,0.000000,128.100000,0.000000,128.100000,0.000000,
128.300000,0.000000,128.300000,0.000000,128.300000,0.000000,128.300000,0.000000,128.300000,0.000000,128.300000,0.000000,128.300000,0.000000,128.300000,0.000000,128.300000,0.000000,128.300000,0.000000,128.300000,0.000000,128.300000,0.000000,128.300000,0.000000,128.300000,0.000000,128.300000,0.000000,128.300000,0.000000,128.300000,0.000000,128.300000,0.000000,128.300000,0.000000,128.300000,0.000000,128.300000,0.000000,128.300000,0.000000,128.300000,0.000000,
128.500000,0.000000,128.500000,0.000000,128.500000,0.000000,128.500000,0.000000,128.500000,0.000000,128.500000,0.000000,128.500000,0.000000,128.500000,0.000000,128.500000,0.000000,128.500000,0.000000,128.500000,0.000000,128.500000,0.000000,128.500000,0.000000,128.500000,0.000000,128.500000,0.000000,128.500000,0.000000,128.500000,0.000000,128.500000,0.000000,128.500000,0.000000,128.500000,0.000000,128.500000,0.000000,128.500000,0.000000,128.500000,0.000000,
128.700000,0.000000,128.700000,0.000000,128.700000,0.000000,128.700000,0.000000,128.700000,0.000000,128.700000,0.000000,128.700000,0.000000,128.700000,0.000000,128.700000,0.000000,128.700000,0.000000,128.700000,0.000000,128.700000,0.000000,128.700000,0.000000,128.700000,0.000000,128.700000,0.000000,128.700000,0.000000,128.700000,0.000000,128.700000,0.000000,128.700000,0.000000,128.700000,0.000000,128.700000,0.000000,128.700000,0.000000,128.700000,0.000000,
128.900000,0.000000,128.900000,0.000000,128.900000,0.000000,128.900000,0.000000,128.900000,0.000000,128.900000,0.000000,128.900000,0.000000,128.900000,0.000000,128.900000,0.000000,128.900000,0.000000,128.900000,0.000000,128.900000,0.000000,128.900000,0.000000,128.900000,0.000000,128.900000,0.000000,128.900000,0.000000,128.900000,0.000000,128.900000,0.000000,128.900000,0.000000,128.900000,0.000000,128.900000,0.000000,128.900000,0.000000,128.900000,0.000000,
129.100000,0.000000,129.100000,0.000000,129.100000,0.000000,129.100000,0.000000,129.100000,0.000000,129.100000,0.000000,129.100000,0.000000,129.100000,0.000000,129.100000,0.000000,129.100000,0.000000,129.100000,0.000000,129.100000,0.000000,129.100000,0.000000,129.100000,0.000000,129.100000,0.000000,129.100000,0.000000,129.100000,0.000000,129.100000,0.000000,129.100000,0.000000,129.100000,0.000000,129.100000,0.000000,129.100000,0.000000,129.100000,0.000000,
129.300000,0.000000,129.300000,0.000000,129.300000,0.000000,129.300000,0.000000,129.300000,0.000000,129.300000,0.000000,129.300000,0.000000,129.300000,0.000000,129.300000,0.000000,129.300000,0.000000,129.300000,0.000000,129.300000,0.000000,129.300000,0.000000,129.300000,0.000000,129.300000,0.000000,129.300000,0.000000,129.300000,0.000000,129.300000,0.000000,129.300000,0.000000,129.300000,0.000000,129.300000,0.000000,129.300000,0.000000,129.300000,0.000000,
129.500000,0.000000,129.500000,0.000000,129.500000,0.000000,129.500000,0.000000,129.500000,0.000000,129.500000,0.000000,129.500000,0.000000,129.500000,0.000000,129.500000,0.000000,129.500000,0.000000,129.500000,0.000000,129.500000,0.000000,129.500000,0.000000,129.500000,0.000000,129.500000,0.000000,129.500000,0.000000,129.500000,0.000000,129.500000,0.000000,129.500000,0.000000,129.500000,0.000000,129.500000,0.000000,129.500000,0.000000,129.500000,0.000000,
129.700000,0.000000,129.700000,0.000000,129.700000,0.000000,129.700000,0.000000,129.700000,0.000000,129.700000,0.000000,129.700000,0.000000,129.700000,0.000000,129.700000,0.000000,129.700000,0.000000,129.700000,0.000000,129.700000,0.000000,129.700000,0.000000,129.700000,0.000000,129.700000,0.000000,129.700000,0.000000,129.700000,0.000000,129.700000,0.000000,129.700000,0.000000,129.700000,0.000000,129.700000,0.000000,129.700000,0.000000,129.700000,0.000000,
129.900000,0.000000,129.900000,0.000000,129.900000,0.000000,129.900000,0.000000,129.900000,0.000000,129.900000,0.000000,129.900000,0.000000,129.900000,0.000000,129.900000,0.000000,129.900000,0.000000,129.900000,0.000000,129.900000,0.000000,129.900000,0.000000,129.900000,0.000000,129.900000,0.000000,129.900000,0.000000,129.900000,0.000000,129.900000,0.000000,129.900000,0.000000,129.900000,0.000000,129.900000,0.000000,129.900000,0.000000,129.900000,0.000000,
130.100000,0.000000,130.100000,0.000000,130.100000,0.000000,130.100000,0.000000,130.100000,0.000000,130.100000,0.000000,130.100000,0.000000,130.100000,0.000000,130.100000,0.000000,130.100000,0.000000,130.100000,0.000000,130.100000,0.000000,130.100000,0.000000,130.100000,0.000000,130.100000,0.000000,130.100000,0.000000,130.100000,0.000000,130.100000,0.000000,130.100000,0.000000,130.100000,0.000000,130.100000,0.000000,130.100000,0.000000,130.100000,0.000000,
130.300000,0.000000,130.300000,0.000000,130.300000,0.000000,130.300000,0.000000,130.300000,0.000000,130.300000,0.000000,130.300000,0.000000,130.300000,0.000000,130.300000,0.000000,130.300000,0.000000,130.300000,0.000000,130.300000,0.000000,130.300000,0.000000,130.300000,0.000000,130.300000,0.000000,130.300000,0.000000,130.300000,0.000000,130.300000,0.000000,130.300000,0.000000,130.300000,0.000000,130.300000,0.000000,130.300000,0.000000,130.300000,0.000000,
130.500000,0.000000,130.500000,0.000000,130.500000,0.000000,130.500000,0.000000,130.500000,0.000000,130.500000,0.000000,130.500000,0.000000,130.500000,0.000000,130.500000,0.000000,130.500000,0.000000,130.500000,0.000000,130.500000,0.000000,130.500000,0.000000,130.500000,0.000000,130.500000,0.000000,130.500000,0.000000,130.500000,0.000000,130.500000,0.000000,130.500000,0.000000,130.500000,0.000000,130.500000,0.000000,130.500000,0.000000,130.500000,0.000000,
130.700000,0.000000,130.700000,0.000000,130.700000,0.000000,130.700000,0.000000,130.700000,0.000000,130.700000,0.000000,130.700000,0.000000,130.700000,0.000000,130.700000,0.000000,130.700000,0.000000,130.700000,0.000000,130.700000,0.000000,130.700000,0.000000,130.700000,0.000000,130.700000,0.000000,130.700000,0.000000,130.700000,0.000000,130.700000,0.000000,130.700000,0.000000,130.700000,0.000000,130.700000,0.000000,130.700000,0.000000,130.700000,0.000000,
130.900000,0.000000,130.900000,0.000000,130.900000,0.000000,130.900000,0.000000,130.900000,0.000000,130.900000,0.000000,130.900000,0.000000,130.900000,0.000000,130.900000,0.000000,130.900000,0.000000,130.900000,0.000000,130.900000,0.000000,130.900000,0.000000,130.900000,0.000000,130.900000,0.000000,130.900000,0.000000,130.900000,0.000000,130.900000,0.000000,130.900000,0.000000,130.900000,0.000000,130.900000,0.000000,130.900000,0.000000,130.900000,0.000000,
131.100000,0.000000,131.100000,0.000000,131.100000,0.000000,131.100000,0.000000,131.100000,0.000000,131.100000,0.000000,131.100000,0.000000,131.100000,0.000000,131.100000,0.000000,131.100000,0.000000,131.100000,0.000000,131.100000,0.000000,131.100000,0.000000,131.100000,0.000000,131.100000,0.000000,131.100000,0.000000,131.100000,0.000000,131.100000,0.000000,131.100000,0.000000,131.100000,0.000000,131.100000,0.000000,131.100000,0.000000,131.100000,0.000000,
131.300000,0.000000,131.300000,0.000000,131.300000,0.000000,131.300000,0.000000,131.300000,0.000000,131.300000,0.000000,131.300000,0.000000,131.300000,0.000000,131.300000,0.000000,131.300000,0.000000,131.300000,0.000000,131.300000,0.000000,131.300000,0.000000,131.300000,0.000000,131.300000,0.000000,131.300000,0.000000,131.300000,0.000000,131.300000,0.000000,131.300000,0.000000,131.300000,0.000000,131.300000,0.000000,131.300000,0.000000,131.300000,0.000000,
131.500000,0.000000,131.500000,0.000000,131.500000,0.000000,131.500000,0.000000,131.500000,0.000000,131.500000,0.000000,131.500000,0.000000,131.500000,0.000000,131.500000,0.000000,131.500000,0.000000,131.500000,0.000000,131.500000,0.000000,131.500000,0.000000,131.500000,0.000000,131.500000,0.000000,131.500000,0.000000,131.500000,0.000000,131.500000,0.000000,131.500000,0.000000,131.500000,0.000000,131.500000,0.000000,131.500000,0.000000,131.500000,0.000000,
131.700000,0.000000,131.700000,0.000000,131.700000,0.000000,131.700000,0.000000,131.700000,0.000000,131.700000,0.000000,131.700000,0.000000,131.700000,0.000000,131.700000,0.000000,131.700000,0.000000,131.700000,0.000000,131.700000,0.000000,131.700000,0.000000,131.700000,0.000000,131.700000,0.000000,131.700000,0.000000,131.700000,0.000000,131.700000,0.000000,131.700000,0.000000,131.700000,0.000000,131.700000,0.000000,131.700000,0.000000,131.700000,0.000000,
131.900000,0.000000,131.900000,0.000000,131.900000,0.000000,131.900000,0.000000,131.900000,0.000000,131.900000,0.000000,131.900000,0.000000,131.900000,0.000000,131.900000,0.000000,131.900000,0.000000,131.900000,0.000000,131.900000,0.000000,131.900000,0.000000,131.900000,0.000000,131.900000,0.000000,131.900000,0.000000,131.900000,0.000000,131.900000,0.000000,131.900000,0.000000,131.900000,0.000000,131.900000,0.000000,131.900000,0.000000,131.900000,0.000000,
132.100000,0.000000,132.100000,0.000000,132.100000,0.000000,132.100000,0.000000,132.100000,0.000000,132.100000,0.000000,132.100000,0.000000,132.100000,0.000000,132.100000,0.000000,132.100000,0.000000,132.100000,0.000000,132.100000,0.000000,132.100000,0.000000,132.100000,0.000000,132.100000,0.000000,132.100000,0.000000,132.100000,0.000000,132.100000,0.000000,132.100000,0.000000,132.100000,0.000000,132.100000,0.000000,132.100000,0.000000,132.100000,0.000000,
132.300000,0.000000,132.300000,0.000000,132.300000,0.000000,132.300000,0.000000,132.300000,0.000000,132.300000,0.000000,132.300000,0.000000,132.300000,0.000000,132.300000,0.000000,132.300000,0.000000,132.300000,0.000000,132.300000,0.000000,132.300000,0.000000,132.300000,0.000000,132.300000,0.000000,132.300000,0.000000,132.300000,0.000000,132.300000,0.000000,132.300000,0.000000,132.300000,0.000000,132.300000,0.000000,132.300000,0.000000,132.300000,0.000000,
132.500000,0.000000,132.500000,0.000000,132.500000,0.000000,132.500000,0.000000,132.500000,0.000000,132.500000,0.000000,132.500000,0.000000,132.500000,0.000000,132.500000,0.000000,132.500000,0.000000,132.500000,0.000000,132.500000,0.000000,132.500000,0.000000,132.500000,0.000000,132.500000,0.000000,132.500000,0.000000,132.500000,0.000000,132.500000,0.000000,132.500000,0.000000,132.500000,0.000000,132.500000,0.000000,132.500000,0.000000,132.500000,0.000000,
132.700000,0.000000,132.700000,0.000000,132.700000,0.000000,132.700000,0.000000,132.700000,0.000000,132.700000,0.000000,132.700000,0.000000,132.700000,0.000000,132.700000,0.000000,132.700000,0.000000,132.700000,0.000000,132.700000,0.000000,132.700000,0.000000,132.700000,0.000000,132.700000,0.000000,132.700000,0.000000,132.700000,0.000000,132.700000,0.000000,132.700000,0.000000,132.700000,0.000000,132.700000,0.000000,132.700000,0.000000,132.700000,0.000000,
132.900000,0.000000,132.900000,0.000000,132.900000,0.000000,132.900000,0.000000,132.900000,0.000000,132.900000,0.000000,132.900000,0.000000,132.900000,0.000000,132.900000,0.000000,132.900000,0.000000,132.900000,0.000000,132.900000,0.000000,132.900000,0.000000,132.900000,0.000000,132.900000,0.000000,132.900000,0.000000,132.900000,0.000000,132.900000,0.000000,132.900000,0.000000,132.900000,0.000000,132.900000,0.000000,132.900000,0.000000,132.900000,0.000000,
133.100000,0.000000,133.100000,0.000000,133.100000,0.000000,133.100000,0.000000,133.100000,0.000000,133.100000,0.000000,133.100000,0.000000,133.100000,0.000000,133.100000,0.000000,133.100000,0.000000,133.100000,0.000000,133.100000,0.000000,133.100000,0.000000,133.100000,0.000000,133.100000,0.000000,133.100000,0.000000,133.100000,0.000000,133.100000,0.000000,133.100000,0.000000,133.100000,0.000000,133.100000,0.000000,133.100000,0.000000,133.100000,0.000000,
133.300000,0.000000,133.300000,0.000000,133.300000,0.000000,133.300000,0.000000,133.300000,0.000000,133.300000,0.000000,133.300000,0.000000,133.300000,0.000000,133.300000,0.000000,133.300000,0.000000,133.300000,0.000000,133.300000,0.000000,133.300000,0.000000,133.300000,0.000000,133.300000,0.000000,133.300000,0.000000,133.300000,0.000000,133.300000,0.000000,133.300000,0.000000,133.300000,0.000000,133.300000,0.000000,133.300000,0.000000,133.300000,0.000000,
133.500000,0.000000,133.500000,0.000000,133.500000,0.000000,133.500000,0.000000,133.500000,0.000000,133.500000,0.000000,133.500000,0.000000,133.500000,0.000000,133.500000,0.000000,133.500000,0.000000,133.500000,0.000000,133.500000,0.000000,133.500000,0.000000,133.500000,0.000000,133.500000,0.000000,133.500000,0.000000,133.500000,0.000000,133.500000,0.000000,133.500000,0.000000,133.500000,0.000000,133.500000,0.000000,133.500000,0.000000,133.500000,0.000000,
133.700000,0.000000,133.700000,0.000000,133.700000,0.000000,133.700000,0.000000,133.700000,0.000000,133.700000,0.000000,133.700000,0.000000,133.700000,0.000000,133.700000,0.000000,133.700000,0.000000,133.700000,0.000000,133.700000,0.000000,133.700000,0.000000,133.700000,0.000000,133.700000,0.000000,133.700000,0.000000,133.700000,0.000000,133.700000,0.000000,133.700000,0.000000,133.700000,0.000000,133.700000,0.000000,133.700000,0.000000,133.700000,0.000000,
133.900000,0.000000,133.900000,0.000000,133.900000,0.000000,133.900000,0.000000,133.900000,0.000000,133.900000,0.000000,133.900000,0.000000,133.900000,0.000000,133.900000,0.000000,133.900000,0.000000,133.900000,0.000000,133.900000,0.000000,133.900000,0.000000,133.900000,0.000000,133.900000,0.000000,133.900000,0.000000,133.900000,0.000000,133.900000,0.000000,133.900000,0.000000,133.900000,0.000000,133.900000,0.000000,133.900000,0.000000,133.900000,0.000000,
134.100000,0.000000,134.100000,0.000000,134.100000,0.000000,134.100000,0.000000,134.100000,0.000000,134.100000,0.000000,134.100000,0.000000,134.100000,0.000000,134.100000,0.000000,134.100000,0.000000,134.100000,0.000000,134.100000,0.000000,134.100000,0.000000,134.100000,0.000000,134.100000,0.000000,134.100000,0.000000,134.100000,0.000000,134.100000,0.000000,134.100000,0.000000,134.100000,0.000000,134.100000,0.000000,134.100000,0.000000,134.100000,0.000000,
134.300000,0.000000,134.300000,0.000000,134.300000,0.000000,134.300000,0.000000,134.300000,0.000000,134.300000,0.000000,134.300000,0.000000,134.300000,0.000000,134.300000,0.000000,134.300000,0.000000,134.300000,0.000000,134.300000,0.000000,134.300000,0.000000,134.300000,0.000000,134.300000,0.000000,134.300000,0.000000,134.300000,0.000000,134.300000,0.000000,134.300000,0.000000,134.300000,0.000000,134.300000,0.000000,134.300000,0.000000,134.300000,0.000000,
134.500000,0.000000,134.500000,0.000000,134.500000,0.000000,134.500000,0.000000,134.500000,0.000000,134.500000,0.000000,134.500000,0.000000,134.500000,0.000000,134.500000,0.000000,134.500000,0.000000,134.500000,0.000000,134.500000,0.000000,134.500000,0.000000,134.500000,0.000000,134.500000,0.000000,134.500000,0.000000,134.500000,0.000000,134.500000,0.000000,134.500000,0.000000,134.500000,0.000000,134.500000,0.000000,134.500000,0.000000,134.500000,0.000000,
134.700000,0.000000,134.700000,0.000000,134.700000,0.000000,134.700000,0.000000,134.700000,0.000000,134.700000,0.000000,134.700000,0.000000,134.700000,0.000000,134.700000,0.000000,134.700000,0.000000,134.700000,0.000000,134.700000,0.000000,134.700000,0.000000,134.700000,0.000000,134.700000,0.000000,134.700000,0.000000,134.700000,0.000000,134.700000,0.000000,134.700000,0.000000,134.700000,0.000000,134.700000,0.000000,134.700000,0.000000,134.700000,0.000000,
134.900000,0.000000,134.900000,0.000000,134.900000,0.000000,134.900000,0.000000,134.900000,0.000000,134.900000,0.000000,134.900000,0.000000,134.900000,0.000000,134.900000,0.000000,134.900000,0.000000,134.900000,0.000000,134.900000,0.000000,134.900000,0.000000,134.900000,0.000000,134.900000,0.000000,134.900000,0.000000,134.900000,0.000000,134.900000,0.000000,134.900000,0.000000,134.900000,0.000000,134.900000,0.000000,134.900000,0.000000,134.900000,0.000000,
135.100000,0.000000,135.100000,0.000000,135.100000,0.000000,135.100000,0.000000,135.100000,0.000000,135.100000,0.000000,135.100000,0.000000,135.100000,0.000000,135.100000,0.000000,135.100000,0.000000,135.100000,0.000000,135.100000,0.000000,135.100000,0.000000,135.100000,0.000000,135.100000,0.000000,135.100000,0.000000,135.100000,0.000000,135.100000,0.000000,135.100000,0.000000,135.100000,0.000000,135.100000,0.000000,135.100000,0.000000,135.100000,0.000000,
135.300000,0.000000,135.300000,0.000000,135.300000,0.000000,135.300000,0.000000,135.300000,0.000000,135.300000,0.000000,135.300000,0.000000,135.300000,0.000000,135.300000,0.000000,135.300000,0.000000,135.300000,0.000000,135.300000,0.000000,135.300000,0.000000,135.300000,0.000000,135.300000,0.000000,135.300000,0.000000,135.300000,0.000000,135.300000,0.000000,135.300000,0.000000,135.300000,0.000000,135.300000,0.000000,135.300000,0.000000,135.300000,0.000000,
