Lung_R Dose (Gy),Lung_R Value (% of 1462.670 cc),L_kidney Dose (Gy),L_kidney Value (% of 156.316 cc),R_DeepFemoral Dose (Gy),R_DeepFemoral Value (% of 6327.210 cc),L_AnteriorTib Dose (Gy),L_AnteriorTib Value (% of 1734.620 cc),L_Arm Region Dose (Gy),L_Arm Region Value (% of 1127.230 cc),L_InterIliac Dose (Gy),L_InterIliac Value (% of 2372.120 cc),R_PostTib Dose (Gy),R_PostTib Value (% of 1681.970 cc),Spleen Dose (Gy),Spleen Value (% of 153.090 cc),L_heart Dose (Gy),L_heart Value (% of 165.252 cc),Lung_L Dose (Gy),Lung_L Value (% of 1460.820 cc),Liver Dose (Gy),Liver Value (% of 1795.660 cc),Brain Dose (Gy),Brain Value (% of 1276.600 cc),R_Heart Dose (Gy),R_Heart Value (% of 147.662 cc),R_AnteriorTib Dose (Gy),R_AnteriorTib Value (% of 1752.930 cc),S_int Dose (Gy),S_int Value (% of 1231.790 cc),R_InterIliac Dose (Gy),R_InterIliac Value (% of 2566.170 cc),R_Arm Region Dose (Gy),R_Arm Region Value (% of 1074.610 cc),R_Kidney Dose (Gy),R_Kidney Value (% of 153.867 cc),L_DeepFemoral Dose (Gy),L_DeepFemoral Value (% of 6255.930 cc),Pancreas Dose (Gy),Pancreas Value (% of 129.320 cc),L_int Dose (Gy),L_int Value (% of 825.443 cc),Stomach Dose (Gy),Stomach Value (% of 282.426 cc),L_PostTib Dose (Gy),L_PostTib Value (% of 1853.340 cc),
0.000000,100.000000,0.000000,100.000000,0.000000,100.000000,0.000000,100.000000,0.000000,100.000000,0.000000,100.000000,0.000000,100.000000,0.000000,100.000000,0.000000,100.000000,0.000000,100.000000,0.000000,100.000000,0.000000,100.000000,0.000000,100.000000,0.000000,100.000000,0.000000,100.000000,0.000000,100.000000,0.000000,100.000000,0.000000,100.000000,0.000000,100.000000,0.000000,100.000000,0.000000,100.000000,0.000000,100.000000,0.000000,100.000000,
0.100000,0.270536,0.100000,99.950021,0.100000,99.996419,0.100000,42.612293,0.100000,99.253566,0.100000,100.000000,0.100000,22.382044,0.100000,80.508280,0.100000,0.498765,0.100000,0.265797,0.100000,56.405077,0.100000,0.000000,0.100000,0.567438,0.100000,40.393893,0.100000,97.189854,0.100000,100.000000,0.100000,99.792984,0.100000,100.000000,0.100000,99.990166,0.100000,98.951852,0.100000,92.690008,0.100000,43.876295,0.100000,23.663306,
0.300000,0.000000,0.300000,52.720094,0.300000,97.247349,0.300000,5.727016,0.300000,94.127289,0.300000,100.000000,0.300000,0.939538,0.300000,0.723380,0.300000,0.000000,0.300000,0.000000,0.300000,3.505515,0.300000,0.000000,0.300000,0.000000,0.300000,4.116203,0.300000,72.636952,0.300000,99.999848,0.300000,93.730984,0.300000,78.123889,0.300000,97.900054,0.300000,12.592883,0.300000,56.362939,0.300000,0.002075,0.300000,0.871633,
0.500000,0.000000,0.500000,8.912462,0.500000,88.850025,0.500000,0.363012,0.500000,74.668367,0.500000,99.999918,0.500000,0.026476,0.500000,0.000000,0.500000,0.000000,0.500000,0.000000,0.500000,0.024799,0.500000,0.000000,0.500000,0.000000,0.500000,0.249693,0.500000,53.097376,0.500000,99.999543,0.500000,73.958466,0.500000,30.413811,0.500000,89.806227,0.500000,0.045309,0.500000,40.465470,0.500000,0.000000,0.500000,0.021393,
0.700000,0.000000,0.700000,0.141190,0.700000,82.731919,0.700000,0.017678,0.700000,62.760594,0.700000,99.999424,0.700000,0.000000,0.700000,0.000000,0.700000,0.000000,0.700000,0.000000,0.700000,0.000000,0.700000,0.000000,0.700000,0.000000,0.700000,0.001783,0.700000,41.641152,0.700000,99.998554,0.700000,62.418257,0.700000,7.631379,0.700000,83.376667,0.700000,0.000000,0.700000,33.960206,0.700000,0.000000,0.700000,0.000000,
0.900000,0.000000,0.900000,0.000000,0.900000,78.562768,0.900000,0.000113,0.900000,57.436619,0.900000,99.998683,0.900000,0.000000,0.900000,0.000000,0.900000,0.000000,0.900000,0.000000,0.900000,0.000000,0.900000,0.000000,0.900000,0.000000,0.900000,0.000000,0.900000,34.472212,0.900000,99.997641,0.900000,57.162331,0.900000,0.345265,0.900000,79.094165,0.900000,0.000000,0.900000,28.780461,0.900000,0.000000,0.900000,0.000000,
1.100000,0.000000,1.100000,0.000000,1.100000,75.619534,1.100000,0.000000,1.100000,53.883953,1.100000,99.994977,1.100000,0.000000,1.100000,0.000000,1.100000,0.000000,1.100000,0.000000,1.100000,0.000000,1.100000,0.000000,1.100000,0.000000,1.100000,0.000000,1.100000,29.480449,1.100000,99.996118,1.100000,53.217569,1.100000,0.000000,1.100000,76.126916,1.100000,0.000000,1.100000,24.749247,1.100000,0.000000,1.100000,0.000000,
1.300000,0.000000,1.300000,0.000000,1.300000,73.476879,1.300000,0.000000,1.300000,50.310841,1.300000,99.990202,1.300000,0.000000,1.300000,0.000000,1.300000,0.000000,1.300000,0.000000,1.300000,0.000000,1.300000,0.000000,1.300000,0.000000,1.300000,0.000000,1.300000,26.270258,1.300000,99.994748,1.300000,49.517810,1.300000,0.000000,1.300000,73.866871,1.300000,0.000000,1.300000,21.838879,1.300000,0.000000,1.300000,0.000000,
1.500000,0.000000,1.500000,0.000000,1.500000,71.671217,1.500000,0.000000,1.500000,46.724041,1.500000,99.984438,1.500000,0.000000,1.500000,0.000000,1.500000,0.000000,1.500000,0.000000,1.500000,0.000000,1.500000,0.000000,1.500000,0.000000,1.500000,0.000000,1.500000,24.275107,1.500000,99.991932,1.500000,46.543244,1.500000,0.000000,1.500000,71.922434,1.500000,0.000000,1.500000,19.772991,1.500000,0.000000,1.500000,0.000000,
1.700000,0.000000,1.700000,0.000000,1.700000,70.144978,1.700000,0.000000,1.700000,43.388825,1.700000,99.972005,1.700000,0.000000,1.700000,0.000000,1.700000,0.000000,1.700000,0.000000,1.700000,0.000000,1.700000,0.000000,1.700000,0.000000,1.700000,0.000000,1.700000,22.908167,1.700000,99.987594,1.700000,44.565775,1.700000,0.000000,1.700000,70.117208,1.700000,0.000000,1.700000,18.385479,1.700000,0.000000,1.700000,0.000000,
1.900000,0.000000,1.900000,0.000000,1.900000,68.810711,1.900000,0.000000,1.900000,40.583286,1.900000,99.955373,1.900000,0.000000,1.900000,0.000000,1.900000,0.000000,1.900000,0.000000,1.900000,0.000000,1.900000,0.000000,1.900000,0.000000,1.900000,0.000000,1.900000,21.862945,1.900000,99.980820,1.900000,43.401648,1.900000,0.000000,1.900000,68.531118,1.900000,0.000000,1.900000,17.250909,1.900000,0.000000,1.900000,0.000000,
2.100000,0.000000,2.100000,0.000000,2.100000,67.600320,2.100000,0.000000,2.100000,38.196013,2.100000,99.938824,2.100000,0.000000,2.100000,0.000000,2.100000,0.000000,2.100000,0.000000,2.100000,0.000000,2.100000,0.000000,2.100000,0.000000,2.100000,0.000000,2.100000,21.067453,2.100000,99.969860,2.100000,42.702445,2.100000,0.000000,2.100000,67.229414,2.100000,0.000000,2.100000,16.404063,2.100000,0.000000,2.100000,0.000000,
2.300000,0.000000,2.300000,0.000000,2.300000,66.516614,2.300000,0.000000,2.300000,36.122874,2.300000,99.911159,2.300000,0.000000,2.300000,0.000000,2.300000,0.000000,2.300000,0.000000,2.300000,0.000000,2.300000,0.000000,2.300000,0.000000,2.300000,0.000000,2.300000,20.327298,2.300000,99.958139,2.300000,42.077579,2.300000,0.000000,2.300000,66.051313,2.300000,0.000000,2.300000,15.659672,2.300000,0.000000,2.300000,0.000000,
2.500000,0.000000,2.500000,0.000000,2.500000,65.495633,2.500000,0.000000,2.500000,34.387605,2.500000,99.878306,2.500000,0.000000,2.500000,0.000000,2.500000,0.000000,2.500000,0.000000,2.500000,0.000000,2.500000,0.000000,2.500000,0.000000,2.500000,0.000000,2.500000,19.567482,2.500000,99.943678,2.500000,41.511601,2.500000,0.000000,2.500000,64.902527,2.500000,0.000000,2.500000,14.933973,2.500000,0.000000,2.500000,0.000000,
2.700000,0.000000,2.700000,0.000000,2.700000,64.545712,2.700000,0.000000,2.700000,32.845182,2.700000,99.842243,2.700000,0.000000,2.700000,0.000000,2.700000,0.000000,2.700000,0.000000,2.700000,0.000000,2.700000,0.000000,2.700000,0.000000,2.700000,0.000000,2.700000,18.803543,2.700000,99.920008,2.700000,40.929992,2.700000,0.000000,2.700000,63.829232,2.700000,0.000000,2.700000,14.142731,2.700000,0.000000,2.700000,0.000000,
2.900000,0.000000,2.900000,0.000000,2.900000,63.693552,2.900000,0.000000,2.900000,31.419542,2.900000,99.797287,2.900000,0.000000,2.900000,0.000000,2.900000,0.000000,2.900000,0.000000,2.900000,0.000000,2.900000,0.000000,2.900000,0.000000,2.900000,0.000000,2.900000,18.032945,2.900000,99.897707,2.900000,40.325301,2.900000,0.000000,2.900000,62.885283,2.900000,0.000000,2.900000,13.292572,2.900000,0.000000,2.900000,0.000000,
3.100000,0.000000,3.100000,0.000000,3.100000,62.919706,3.100000,0.000000,3.100000,30.141351,3.100000,99.745744,3.100000,0.000000,3.100000,0.000000,3.100000,0.000000,3.100000,0.000000,3.100000,0.000000,3.100000,0.000000,3.100000,0.000000,3.100000,0.000000,3.100000,17.275984,3.100000,99.868557,3.100000,39.647727,3.100000,0.000000,3.100000,62.008895,3.100000,0.000000,3.100000,12.514108,3.100000,0.000000,3.100000,0.000000,
3.300000,0.000000,3.300000,0.000000,3.300000,62.209356,3.300000,0.000000,3.300000,28.890017,3.300000,99.676004,3.300000,0.000000,3.300000,0.000000,3.300000,0.000000,3.300000,0.000000,3.300000,0.000000,3.300000,0.000000,3.300000,0.000000,3.300000,0.000000,3.300000,16.479857,3.300000,99.839787,3.300000,38.884911,3.300000,0.000000,3.300000,61.168973,3.300000,0.000000,3.300000,11.839518,3.300000,0.000000,3.300000,0.000000,
3.500000,0.000000,3.500000,0.000000,3.500000,61.558058,3.500000,0.000000,3.500000,27.689104,3.500000,99.596961,3.500000,0.000000,3.500000,0.000000,3.500000,0.000000,3.500000,0.000000,3.500000,0.000000,3.500000,0.000000,3.500000,0.000000,3.500000,0.000000,3.500000,15.714968,3.500000,99.808962,3.500000,38.065569,3.500000,0.000000,3.500000,60.410317,3.500000,0.000000,3.500000,11.297432,3.500000,0.000000,3.500000,0.000000,
3.700000,0.000000,3.700000,0.000000,3.700000,60.970227,3.700000,0.000000,3.700000,26.574477,3.700000,99.509684,3.700000,0.000000,3.700000,0.000000,3.700000,0.000000,3.700000,0.000000,3.700000,0.000000,3.700000,0.000000,3.700000,0.000000,3.700000,0.000000,3.700000,15.052190,3.700000,99.770983,3.700000,37.134632,3.700000,0.000000,3.700000,59.747446,3.700000,0.000000,3.700000,10.835559,3.700000,0.000000,3.700000,0.000000,
3.900000,0.000000,3.900000,0.000000,3.900000,60.426599,3.900000,0.000000,3.900000,25.524306,3.900000,99.406104,3.900000,0.000000,3.900000,0.000000,3.900000,0.000000,3.900000,0.000000,3.900000,0.000000,3.900000,0.000000,3.900000,0.000000,3.900000,0.000000,3.900000,14.510551,3.900000,99.718239,3.900000,36.095188,3.900000,0.000000,3.900000,59.155039,3.900000,0.000000,3.900000,10.460288,3.900000,0.000000,3.900000,0.000000,
4.100000,0.000000,4.100000,0.000000,4.100000,59.931188,4.100000,0.000000,4.100000,24.478293,4.100000,99.286304,4.100000,0.000000,4.100000,0.000000,4.100000,0.000000,4.100000,0.000000,4.100000,0.000000,4.100000,0.000000,4.100000,0.000000,4.100000,0.000000,4.100000,14.074196,4.100000,99.655067,4.100000,34.972501,4.100000,0.000000,4.100000,58.624885,4.100000,0.000000,4.100000,10.142750,4.100000,0.000000,4.100000,0.000000,
4.300000,0.000000,4.300000,0.000000,4.300000,59.472078,4.300000,0.000000,4.300000,23.460696,4.300000,99.152836,4.300000,0.000000,4.300000,0.000000,4.300000,0.000000,4.300000,0.000000,4.300000,0.000000,4.300000,0.000000,4.300000,0.000000,4.300000,0.000000,4.300000,13.682872,4.300000,99.575151,4.300000,33.791471,4.300000,0.000000,4.300000,58.148181,4.300000,0.000000,4.300000,9.851003,4.300000,0.000000,4.300000,0.000000,
4.500000,0.000000,4.500000,0.000000,4.500000,59.053808,4.500000,0.000000,4.500000,22.455055,4.500000,98.984046,4.500000,0.000000,4.500000,0.000000,4.500000,0.000000,4.500000,0.000000,4.500000,0.000000,4.500000,0.000000,4.500000,0.000000,4.500000,0.000000,4.500000,13.380499,4.500000,99.483285,4.500000,32.589359,4.500000,0.000000,4.500000,57.726050,4.500000,0.000000,4.500000,9.581972,4.500000,0.000000,4.500000,0.000000,
4.700000,0.000000,4.700000,0.000000,4.700000,58.684896,4.700000,0.000000,4.700000,21.528943,4.700000,98.793024,4.700000,0.000000,4.700000,0.000000,4.700000,0.000000,4.700000,0.000000,4.700000,0.000000,4.700000,0.000000,4.700000,0.000000,4.700000,0.000000,4.700000,13.122841,4.700000,99.375132,4.700000,31.330539,4.700000,0.000000,4.700000,57.345223,4.700000,0.000000,4.700000,9.316489,4.700000,0.000000,4.700000,0.000000,
4.900000,0.000000,4.900000,0.000000,4.900000,58.346298,4.900000,0.000000,4.900000,20.684786,4.900000,98.599615,4.900000,0.000000,4.900000,0.000000,4.900000,0.000000,4.900000,0.000000,4.900000,0.000000,4.900000,0.000000,4.900000,0.000000,4.900000,0.000000,4.900000,12.885795,4.900000,99.230370,4.900000,30.083534,4.900000,0.000000,4.900000,56.999052,4.900000,0.000000,4.900000,9.064494,4.900000,0.000000,4.900000,0.000000,
5.100000,0.000000,5.100000,0.000000,5.100000,58.034154,5.100000,0.000000,5.100000,19.906644,5.100000,98.402500,5.100000,0.000000,5.100000,0.000000,5.100000,0.000000,5.100000,0.000000,5.100000,0.000000,5.100000,0.000000,5.100000,0.000000,5.100000,0.000000,5.100000,12.693621,5.100000,99.053946,5.100000,28.895598,5.100000,0.000000,5.100000,56.668115,5.100000,0.000000,5.100000,8.820307,5.100000,0.000000,5.100000,0.000000,
5.300000,0.000000,5.300000,0.000000,5.300000,57.740223,5.300000,0.000000,5.300000,19.202313,5.300000,98.210409,5.300000,0.000000,5.300000,0.000000,5.300000,0.000000,5.300000,0.000000,5.300000,0.000000,5.300000,0.000000,5.300000,0.000000,5.300000,0.000000,5.300000,12.529036,5.300000,98.858341,5.300000,27.709116,5.300000,0.000000,5.300000,56.365621,5.300000,0.000000,5.300000,8.596233,5.300000,0.000000,5.300000,0.000000,
5.500000,0.000000,5.500000,0.000000,5.500000,57.458855,5.500000,0.000000,5.500000,18.493651,5.500000,98.010989,5.500000,0.000000,5.500000,0.000000,5.500000,0.000000,5.500000,0.000000,5.500000,0.000000,5.500000,0.000000,5.500000,0.000000,5.500000,0.000000,5.500000,12.387760,5.500000,98.659008,5.500000,26.640046,5.500000,0.000000,5.500000,56.072930,5.500000,0.000000,5.500000,8.380676,5.500000,0.000000,5.500000,0.000000,
5.700000,0.000000,5.700000,0.000000,5.700000,57.186841,5.700000,0.000000,5.700000,17.768009,5.700000,97.815109,5.700000,0.000000,5.700000,0.000000,5.700000,0.000000,5.700000,0.000000,5.700000,0.000000,5.700000,0.000000,5.700000,0.000000,5.700000,0.000000,5.700000,12.262974,5.700000,98.459294,5.700000,25.696204,5.700000,0.000000,5.700000,55.792664,5.700000,0.000000,5.700000,8.173874,5.700000,0.000000,5.700000,0.000000,
5.900000,0.000000,5.900000,0.000000,5.900000,56.923624,5.900000,0.000000,5.900000,17.071823,5.900000,97.614784,5.900000,0.000000,5.900000,0.000000,5.900000,0.000000,5.900000,0.000000,5.900000,0.000000,5.900000,0.000000,5.900000,0.000000,5.900000,0.000000,5.900000,12.138188,5.900000,98.277542,5.900000,24.753089,5.900000,0.000000,5.900000,55.523763,5.900000,0.000000,5.900000,7.993574,5.900000,0.000000,5.900000,0.000000,
6.100000,0.000000,6.100000,0.000000,6.100000,56.671982,6.100000,0.000000,6.100000,16.366106,6.100000,97.412317,6.100000,0.000000,6.100000,0.000000,6.100000,0.000000,6.100000,0.000000,6.100000,0.000000,6.100000,0.000000,6.100000,0.000000,6.100000,0.000000,6.100000,12.013401,6.100000,98.106217,6.100000,23.829421,6.100000,0.000000,6.100000,55.267287,6.100000,0.000000,6.100000,7.830782,6.100000,0.000000,6.100000,0.000000,
6.300000,0.000000,6.300000,0.000000,6.300000,56.426978,6.300000,0.000000,6.300000,15.678236,6.300000,97.201206,6.300000,0.000000,6.300000,0.000000,6.300000,0.000000,6.300000,0.000000,6.300000,0.000000,6.300000,0.000000,6.300000,0.000000,6.300000,0.000000,6.300000,11.875613,6.300000,97.941209,6.300000,22.888851,6.300000,0.000000,6.300000,55.014371,6.300000,0.000000,6.300000,7.691652,6.300000,0.000000,6.300000,0.000000,
6.500000,0.000000,6.500000,0.000000,6.500000,56.186449,6.500000,0.000000,6.500000,15.015317,6.500000,96.981531,6.500000,0.000000,6.500000,0.000000,6.500000,0.000000,6.500000,0.000000,6.500000,0.000000,6.500000,0.000000,6.500000,0.000000,6.500000,0.000000,6.500000,11.730690,6.500000,97.772853,6.500000,21.977543,6.500000,0.000000,6.500000,54.766450,6.500000,0.000000,6.500000,7.550157,6.500000,0.000000,6.500000,0.000000,
6.700000,0.000000,6.700000,0.000000,6.700000,55.952897,6.700000,0.000000,6.700000,14.386011,6.700000,96.750164,6.700000,0.000000,6.700000,0.000000,6.700000,0.000000,6.700000,0.000000,6.700000,0.000000,6.700000,0.000000,6.700000,0.000000,6.700000,0.000000,6.700000,11.585609,6.700000,97.617359,6.700000,21.054784,6.700000,0.000000,6.700000,54.526271,6.700000,0.000000,6.700000,7.426643,6.700000,0.000000,6.700000,0.000000,
6.900000,0.000000,6.900000,0.000000,6.900000,55.726568,6.900000,0.000000,6.900000,13.787200,6.900000,96.532054,6.900000,0.000000,6.900000,0.000000,6.900000,0.000000,6.900000,0.000000,6.900000,0.000000,6.900000,0.000000,6.900000,0.000000,6.900000,0.000000,6.900000,11.445601,6.900000,97.462474,6.900000,20.151109,6.900000,0.000000,6.900000,54.283532,6.900000,0.000000,6.900000,7.311412,6.900000,0.000000,6.900000,0.000000,
7.100000,0.000000,7.100000,0.000000,7.100000,55.500825,7.100000,0.000000,7.100000,13.205370,7.100000,96.308510,7.100000,0.000000,7.100000,0.000000,7.100000,0.000000,7.100000,0.000000,7.100000,0.000000,7.100000,0.000000,7.100000,0.000000,7.100000,0.000000,7.100000,11.310350,7.100000,97.307817,7.100000,19.277424,7.100000,0.000000,7.100000,54.049629,7.100000,0.000000,7.100000,7.201859,7.100000,0.000000,7.100000,0.000000,
7.300000,0.000000,7.300000,0.000000,7.300000,55.275268,7.300000,0.000000,7.300000,12.676906,7.300000,96.091387,7.300000,0.000000,7.300000,0.000000,7.300000,0.000000,7.300000,0.000000,7.300000,0.000000,7.300000,0.000000,7.300000,0.000000,7.300000,0.000000,7.300000,11.169708,7.300000,97.158793,7.300000,18.370114,7.300000,0.000000,7.300000,53.822969,7.300000,0.000000,7.300000,7.093252,7.300000,0.000000,7.300000,0.000000,
7.500000,0.000000,7.500000,0.000000,7.500000,55.050575,7.500000,0.000000,7.500000,12.157971,7.500000,95.871383,7.500000,0.000000,7.500000,0.000000,7.500000,0.000000,7.500000,0.000000,7.500000,0.000000,7.500000,0.000000,7.500000,0.000000,7.500000,0.000000,7.500000,11.034774,7.500000,97.003679,7.500000,17.498064,7.500000,0.000000,7.500000,53.596028,7.500000,0.000000,7.500000,6.990561,7.500000,0.000000,7.500000,0.000000,
7.700000,0.000000,7.700000,0.000000,7.700000,54.830698,7.700000,0.000000,7.700000,11.623096,7.700000,95.645451,7.700000,0.000000,7.700000,0.000000,7.700000,0.000000,7.700000,0.000000,7.700000,0.000000,7.700000,0.000000,7.700000,0.000000,7.700000,0.000000,7.700000,10.895559,7.700000,96.855644,7.700000,16.685630,7.700000,0.000000,7.700000,53.371772,7.700000,0.000000,7.700000,6.875093,7.700000,0.000000,7.700000,0.000000,
7.900000,0.000000,7.900000,0.000000,7.900000,54.615389,7.900000,0.000000,7.900000,11.095671,7.900000,95.429317,7.900000,0.000000,7.900000,0.000000,7.900000,0.000000,7.900000,0.000000,7.900000,0.000000,7.900000,0.000000,7.900000,0.000000,7.900000,0.000000,7.900000,10.763479,7.900000,96.712023,7.900000,15.866833,7.900000,0.000000,7.900000,53.146392,7.900000,0.000000,7.900000,6.759388,7.900000,0.000000,7.900000,0.000000,
8.100000,0.000000,8.100000,0.000000,8.100000,54.403013,8.100000,0.000000,8.100000,10.616068,8.100000,95.209889,8.100000,0.000000,8.100000,0.000000,8.100000,0.000000,8.100000,0.000000,8.100000,0.000000,8.100000,0.000000,8.100000,0.000000,8.100000,0.000000,8.100000,10.630448,8.100000,96.567033,8.100000,15.113832,8.100000,0.000000,8.100000,52.922354,8.100000,0.000000,8.100000,6.631379,8.100000,0.000000,8.100000,0.000000,
8.300000,0.000000,8.300000,0.000000,8.300000,54.197180,8.300000,0.000000,8.300000,10.194163,8.300000,95.000671,8.300000,0.000000,8.300000,0.000000,8.300000,0.000000,8.300000,0.000000,8.300000,0.000000,8.300000,0.000000,8.300000,0.000000,8.300000,0.000000,8.300000,10.478548,8.300000,96.417476,8.300000,14.391546,8.300000,0.000000,8.300000,52.697037,8.300000,0.000000,8.300000,6.485388,8.300000,0.000000,8.300000,0.000000,
8.500000,0.000000,8.500000,0.000000,8.500000,53.989342,8.500000,0.000000,8.500000,9.847109,8.500000,94.788077,8.500000,0.000000,8.500000,0.000000,8.500000,0.000000,8.500000,0.000000,8.500000,0.000000,8.500000,0.000000,8.500000,0.000000,8.500000,0.000000,8.500000,10.328075,8.500000,96.269212,8.500000,13.735237,8.500000,0.000000,8.500000,52.476527,8.500000,0.000000,8.500000,6.335374,8.500000,0.000000,8.500000,0.000000,
8.700000,0.000000,8.700000,0.000000,8.700000,53.785547,8.700000,0.000000,8.700000,9.564857,8.700000,94.582070,8.700000,0.000000,8.700000,0.000000,8.700000,0.000000,8.700000,0.000000,8.700000,0.000000,8.700000,0.000000,8.700000,0.000000,8.700000,0.000000,8.700000,10.172211,8.700000,96.127114,8.700000,13.195431,8.700000,0.000000,8.700000,52.259514,8.700000,0.000000,8.700000,6.131411,8.700000,0.000000,8.700000,0.000000,
8.900000,0.000000,8.900000,0.000000,8.900000,53.583635,8.900000,0.000000,8.900000,9.335798,8.900000,94.374911,8.900000,0.000000,8.900000,0.000000,8.900000,0.000000,8.900000,0.000000,8.900000,0.000000,8.900000,0.000000,8.900000,0.000000,8.900000,0.000000,8.900000,9.987490,8.900000,95.979840,8.900000,12.709606,8.900000,0.000000,8.900000,52.048995,8.900000,0.000000,8.900000,5.852205,8.900000,0.000000,8.900000,0.000000,
9.100000,0.000000,9.100000,0.000000,9.100000,53.385119,9.100000,0.000000,9.100000,9.132903,9.100000,94.161082,9.100000,0.000000,9.100000,0.000000,9.100000,0.000000,9.100000,0.000000,9.100000,0.000000,9.100000,0.000000,9.100000,0.000000,9.100000,0.000000,9.100000,9.768995,9.100000,95.837209,9.100000,12.275217,9.100000,0.000000,9.100000,51.841223,9.100000,0.000000,9.100000,5.519998,9.100000,0.000000,9.100000,0.000000,
9.300000,0.000000,9.300000,0.000000,9.300000,53.188670,9.300000,0.000000,9.300000,8.953398,9.300000,93.951535,9.300000,0.000000,9.300000,0.000000,9.300000,0.000000,9.300000,0.000000,9.300000,0.000000,9.300000,0.000000,9.300000,0.000000,9.300000,0.000000,9.300000,9.535596,9.300000,95.692446,9.300000,11.886085,9.300000,0.000000,9.300000,51.632390,9.300000,0.000000,9.300000,5.149221,9.300000,0.000000,9.300000,0.000000,
9.500000,0.000000,9.500000,0.000000,9.500000,52.994692,9.500000,0.000000,9.500000,8.792953,9.500000,93.728237,9.500000,0.000000,9.500000,0.000000,9.500000,0.000000,9.500000,0.000000,9.500000,0.000000,9.500000,0.000000,9.500000,0.000000,9.500000,0.000000,9.500000,9.273973,9.500000,95.550881,9.500000,11.537846,9.500000,0.000000,9.500000,51.424680,9.500000,0.000000,9.500000,4.761409,9.500000,0.000000,9.500000,0.000000,
9.700000,0.000000,9.700000,0.000000,9.700000,52.798460,9.700000,0.000000,9.700000,8.644983,9.700000,93.505269,9.700000,0.000000,9.700000,0.000000,9.700000,0.000000,9.700000,0.000000,9.700000,0.000000,9.700000,0.000000,9.700000,0.000000,9.700000,0.000000,9.700000,9.003154,9.700000,95.409011,9.700000,11.223959,9.700000,0.000000,9.700000,51.220811,9.700000,0.000000,9.700000,4.394182,9.700000,0.000000,9.700000,0.000000,
9.900000,0.000000,9.900000,0.000000,9.900000,52.605654,9.900000,0.000000,9.900000,8.518845,9.900000,93.269127,9.900000,0.000000,9.900000,0.000000,9.900000,0.000000,9.900000,0.000000,9.900000,0.000000,9.900000,0.000000,9.900000,0.000000,9.900000,0.000000,9.900000,8.702367,9.900000,95.267293,9.900000,10.972414,9.900000,0.000000,9.900000,51.007139,9.900000,0.000000,9.900000,4.079011,9.900000,0.000000,9.900000,0.000000,
10.100000,0.000000,10.100000,0.000000,10.100000,52.414948,10.100000,0.000000,10.100000,8.418869,10.100000,93.026974,10.100000,0.000000,10.100000,0.000000,10.100000,0.000000,10.100000,0.000000,10.100000,0.000000,10.100000,0.000000,10.100000,0.000000,10.100000,0.000000,10.100000,8.384931,10.100000,95.123824,10.100000,10.773394,10.100000,0.000000,10.100000,50.801303,10.100000,0.000000,10.100000,3.811399,10.100000,0.000000,10.100000,0.000000,
10.300000,0.000000,10.300000,0.000000,10.300000,52.224735,10.300000,0.000000,10.300000,8.314389,10.300000,92.784657,10.300000,0.000000,10.300000,0.000000,10.300000,0.000000,10.300000,0.000000,10.300000,0.000000,10.300000,0.000000,10.300000,0.000000,10.300000,0.000000,10.300000,8.049261,10.300000,94.982335,10.300000,10.581827,10.300000,0.000000,10.300000,50.595217,10.300000,0.000000,10.300000,3.576913,10.300000,0.000000,10.300000,0.000000,
10.500000,0.000000,10.500000,0.000000,10.500000,52.035695,10.500000,0.000000,10.500000,8.213202,10.500000,92.515745,10.500000,0.000000,10.500000,0.000000,10.500000,0.000000,10.500000,0.000000,10.500000,0.000000,10.500000,0.000000,10.500000,0.000000,10.500000,0.000000,10.500000,7.717238,10.500000,94.829733,10.500000,10.433880,10.500000,0.000000,10.500000,50.393065,10.500000,0.000000,10.500000,3.370821,10.500000,0.000000,10.500000,0.000000,
10.700000,0.000000,10.700000,0.000000,10.700000,51.849218,10.700000,0.000000,10.700000,8.122756,10.700000,92.206652,10.700000,0.000000,10.700000,0.000000,10.700000,0.000000,10.700000,0.000000,10.700000,0.000000,10.700000,0.000000,10.700000,0.000000,10.700000,0.000000,10.700000,7.372213,10.700000,94.672336,10.700000,10.295930,10.700000,0.000000,10.700000,50.187385,10.700000,0.000000,10.700000,3.203534,10.700000,0.000000,10.700000,0.000000,
10.900000,0.000000,10.900000,0.000000,10.900000,51.665673,10.900000,0.000000,10.900000,8.033524,10.900000,91.880928,10.900000,0.000000,10.900000,0.000000,10.900000,0.000000,10.900000,0.000000,10.900000,0.000000,10.900000,0.000000,10.900000,0.000000,10.900000,0.000000,10.900000,7.030518,10.900000,94.499033,10.900000,10.170884,10.900000,0.000000,10.900000,49.984359,10.900000,0.000000,10.900000,3.032461,10.900000,0.000000,10.900000,0.000000,
11.100000,0.000000,11.100000,0.000000,11.100000,51.479010,11.100000,0.000000,11.100000,7.942212,11.100000,91.540630,11.100000,0.000000,11.100000,0.000000,11.100000,0.000000,11.100000,0.000000,11.100000,0.000000,11.100000,0.000000,11.100000,0.000000,11.100000,0.000000,11.100000,6.692945,11.100000,94.286684,11.100000,10.046020,11.100000,0.000000,11.100000,49.783018,11.100000,0.000000,11.100000,2.884340,11.100000,0.000000,11.100000,0.000000,
11.300000,0.000000,11.300000,0.000000,11.300000,51.300157,11.300000,0.000000,11.300000,7.857831,11.300000,91.186416,11.300000,0.000000,11.300000,0.000000,11.300000,0.000000,11.300000,0.000000,11.300000,0.000000,11.300000,0.000000,11.300000,0.000000,11.300000,0.000000,11.300000,6.350140,11.300000,94.046175,11.300000,9.918793,11.300000,0.000000,11.300000,49.579961,11.300000,0.000000,11.300000,2.744027,11.300000,0.000000,11.300000,0.000000,
11.500000,0.000000,11.500000,0.000000,11.500000,51.125564,11.500000,0.000000,11.500000,7.772757,11.500000,90.826851,11.500000,0.000000,11.500000,0.000000,11.500000,0.000000,11.500000,0.000000,11.500000,0.000000,11.500000,0.000000,11.500000,0.000000,11.500000,0.000000,11.500000,6.031753,11.500000,93.763500,11.500000,9.808287,11.500000,0.000000,11.500000,49.370097,11.500000,0.000000,11.500000,2.602768,11.500000,0.000000,11.500000,0.000000,
11.700000,0.000000,11.700000,0.000000,11.700000,50.946773,11.700000,0.000000,11.700000,7.684391,11.700000,90.477414,11.700000,0.000000,11.700000,0.000000,11.700000,0.000000,11.700000,0.000000,11.700000,0.000000,11.700000,0.000000,11.700000,0.000000,11.700000,0.000000,11.700000,5.724782,11.700000,93.453045,11.700000,9.704688,11.700000,0.000000,11.700000,49.168101,11.700000,0.000000,11.700000,2.430039,11.700000,0.000000,11.700000,0.000000,
11.900000,0.000000,11.900000,0.000000,11.900000,50.770358,11.900000,0.000000,11.900000,7.593426,11.900000,90.127729,11.900000,0.000000,11.900000,0.000000,11.900000,0.000000,11.900000,0.000000,11.900000,0.000000,11.900000,0.000000,11.900000,0.000000,11.900000,0.000000,11.900000,5.394503,11.900000,93.130032,11.900000,9.605815,11.900000,0.000000,11.900000,48.969259,11.900000,0.000000,11.900000,2.239800,11.900000,0.000000,11.900000,0.000000,
12.100000,0.000000,12.100000,0.000000,12.100000,50.594067,12.100000,0.000000,12.100000,7.496916,12.100000,89.803157,12.100000,0.000000,12.100000,0.000000,12.100000,0.000000,12.100000,0.000000,12.100000,0.000000,12.100000,0.000000,12.100000,0.000000,12.100000,0.000000,12.100000,5.078970,12.100000,92.792253,12.100000,9.497854,12.100000,0.000000,12.100000,48.773663,12.100000,0.000000,12.100000,2.018328,12.100000,0.000000,12.100000,0.000000,
12.300000,0.000000,12.300000,0.000000,12.300000,50.424537,12.300000,0.000000,12.300000,7.406124,12.300000,89.490442,12.300000,0.000000,12.300000,0.000000,12.300000,0.000000,12.300000,0.000000,12.300000,0.000000,12.300000,0.000000,12.300000,0.000000,12.300000,0.000000,12.300000,4.753924,12.300000,92.450973,12.300000,9.395890,12.300000,0.000000,12.300000,48.585997,12.300000,0.000000,12.300000,1.790468,12.300000,0.000000,12.300000,0.000000,
12.500000,0.000000,12.500000,0.000000,12.500000,50.248709,12.500000,0.000000,12.500000,7.309788,12.500000,89.205556,12.500000,0.000000,12.500000,0.000000,12.500000,0.000000,12.500000,0.000000,12.500000,0.000000,12.500000,0.000000,12.500000,0.000000,12.500000,0.000000,12.500000,4.430146,12.500000,92.084273,12.500000,9.294836,12.500000,0.000000,12.500000,48.398019,12.500000,0.000000,12.500000,1.568996,12.500000,0.000000,12.500000,0.000000,
12.700000,0.000000,12.700000,0.000000,12.700000,50.074147,12.700000,0.000000,12.700000,7.200803,12.700000,88.933762,12.700000,0.000000,12.700000,0.000000,12.700000,0.000000,12.700000,0.000000,12.700000,0.000000,12.700000,0.000000,12.700000,0.000000,12.700000,0.000000,12.700000,4.124761,12.700000,91.704557,12.700000,9.195599,12.700000,0.000000,12.700000,48.215629,12.700000,0.000000,12.700000,1.359355,12.700000,0.000000,12.700000,0.000000,
12.900000,0.000000,12.900000,0.000000,12.900000,49.901498,12.900000,0.000000,12.900000,7.077090,12.900000,88.663204,12.900000,0.000000,12.900000,0.000000,12.900000,0.000000,12.900000,0.000000,12.900000,0.000000,12.900000,0.000000,12.900000,0.000000,12.900000,0.000000,12.900000,3.832377,12.900000,91.295006,12.900000,9.096362,12.900000,0.000000,12.900000,48.032053,12.900000,0.000000,12.900000,1.185442,12.900000,0.000000,12.900000,0.000000,
13.100000,0.000000,13.100000,0.000000,13.100000,49.732492,13.100000,0.000000,13.100000,6.944887,13.100000,88.392809,13.100000,0.000000,13.100000,0.000000,13.100000,0.000000,13.100000,0.000000,13.100000,0.000000,13.100000,0.000000,13.100000,0.000000,13.100000,0.000000,13.100000,3.557436,13.100000,90.872973,13.100000,9.000941,13.100000,0.000000,13.100000,47.845668,13.100000,0.000000,13.100000,1.022888,13.100000,0.000000,13.100000,0.000000,
13.300000,0.000000,13.300000,0.000000,13.300000,49.561542,13.300000,0.000000,13.300000,6.804888,13.300000,88.125709,13.300000,0.000000,13.300000,0.000000,13.300000,0.000000,13.300000,0.000000,13.300000,0.000000,13.300000,0.000000,13.300000,0.000000,13.300000,0.000000,13.300000,3.299301,13.300000,90.447515,13.300000,8.891163,13.300000,0.000000,13.300000,47.663091,13.300000,0.000000,13.300000,0.875476,13.300000,0.000000,13.300000,0.000000,
13.500000,0.000000,13.500000,0.000000,13.500000,49.390221,13.500000,0.000000,13.500000,6.656744,13.500000,87.860749,13.500000,0.000000,13.500000,0.000000,13.500000,0.000000,13.500000,0.000000,13.500000,0.000000,13.500000,0.000000,13.500000,0.000000,13.500000,0.000000,13.500000,3.066378,13.500000,90.007368,13.500000,8.778476,13.500000,0.000000,13.500000,47.472958,13.500000,0.000000,13.500000,0.736820,13.500000,0.000000,13.500000,0.000000,
13.700000,0.000000,13.700000,0.000000,13.700000,49.219424,13.700000,0.000000,13.700000,6.491274,13.700000,87.584508,13.700000,0.000000,13.700000,0.000000,13.700000,0.000000,13.700000,0.000000,13.700000,0.000000,13.700000,0.000000,13.700000,0.000000,13.700000,0.000000,13.700000,2.868020,13.700000,89.559152,13.700000,8.660882,13.700000,0.000000,13.700000,47.286729,13.700000,0.000000,13.700000,0.591065,13.700000,0.000000,13.700000,0.000000,
13.900000,0.000000,13.900000,0.000000,13.900000,49.053567,13.900000,0.000000,13.900000,6.325804,13.900000,87.282826,13.900000,0.000000,13.900000,0.000000,13.900000,0.000000,13.900000,0.000000,13.900000,0.000000,13.900000,0.000000,13.900000,0.000000,13.900000,0.000000,13.900000,2.697093,13.900000,89.108730,13.900000,8.548195,13.900000,0.000000,13.900000,47.097533,13.900000,0.000000,13.900000,0.463293,13.900000,0.000000,13.900000,0.000000,
14.100000,0.000000,14.100000,0.000000,14.100000,48.890056,14.100000,0.000000,14.100000,6.168305,14.100000,86.964430,14.100000,0.000000,14.100000,0.000000,14.100000,0.000000,14.100000,0.000000,14.100000,0.000000,14.100000,0.000000,14.100000,0.000000,14.100000,0.000000,14.100000,2.536473,14.100000,88.640269,14.100000,8.421695,14.100000,0.000000,14.100000,46.909618,14.100000,0.000000,14.100000,0.344985,14.100000,0.000000,14.100000,0.000000,
14.300000,0.000000,14.300000,0.000000,14.300000,48.726051,14.300000,0.000000,14.300000,5.995557,14.300000,86.643892,14.300000,0.000000,14.300000,0.000000,14.300000,0.000000,14.300000,0.000000,14.300000,0.000000,14.300000,0.000000,14.300000,0.000000,14.300000,0.000000,14.300000,2.375693,14.300000,88.179420,14.300000,8.285744,14.300000,0.000000,14.300000,46.727946,14.300000,0.000000,14.300000,0.243714,14.300000,0.000000,14.300000,0.000000,
14.500000,0.000000,14.500000,0.000000,14.500000,48.560440,14.500000,0.000000,14.500000,5.807216,14.500000,86.309275,14.500000,0.000000,14.500000,0.000000,14.500000,0.000000,14.500000,0.000000,14.500000,0.000000,14.500000,0.000000,14.500000,0.000000,14.500000,0.000000,14.500000,2.185422,14.500000,87.721082,14.500000,8.124893,14.500000,0.000000,14.500000,46.547773,14.500000,0.000000,14.500000,0.161135,14.500000,0.000000,14.500000,0.000000,
14.700000,0.000000,14.700000,0.000000,14.700000,48.396713,14.700000,0.000000,14.700000,5.594964,14.700000,85.982069,14.700000,0.000000,14.700000,0.000000,14.700000,0.000000,14.700000,0.000000,14.700000,0.000000,14.700000,0.000000,14.700000,0.000000,14.700000,0.000000,14.700000,1.979612,14.700000,87.262440,14.700000,7.953319,14.700000,0.000000,14.700000,46.367756,14.700000,0.000000,14.700000,0.095829,14.700000,0.000000,14.700000,0.000000,
14.900000,0.000000,14.900000,0.000000,14.900000,48.231751,14.900000,0.000000,14.900000,5.376301,14.900000,85.643088,14.900000,0.000000,14.900000,0.000000,14.900000,0.000000,14.900000,0.000000,14.900000,0.000000,14.900000,0.000000,14.900000,0.000000,14.900000,0.000000,14.900000,1.774595,14.900000,86.835612,14.900000,7.758843,14.900000,0.000000,14.900000,46.184586,14.900000,0.000000,14.900000,0.054185,14.900000,0.000000,14.900000,0.000000,
15.100000,0.000000,15.100000,0.000000,15.100000,48.065369,15.100000,0.000000,15.100000,5.162317,15.100000,85.303778,15.100000,0.000000,15.100000,0.000000,15.100000,0.000000,15.100000,0.000000,15.100000,0.000000,15.100000,0.000000,15.100000,0.000000,15.100000,0.000000,15.100000,1.579567,15.100000,86.408708,15.100000,7.534560,15.100000,0.000000,15.100000,46.008316,15.100000,0.000000,15.100000,0.027921,15.100000,0.000000,15.100000,0.000000,
15.300000,0.000000,15.300000,0.000000,15.300000,47.899295,15.300000,0.000000,15.300000,4.949198,15.300000,84.963397,15.300000,0.000000,15.300000,0.000000,15.300000,0.000000,15.300000,0.000000,15.300000,0.000000,15.300000,0.000000,15.300000,0.000000,15.300000,0.000000,15.300000,1.396907,15.300000,85.984620,15.300000,7.271201,15.300000,0.000000,15.300000,45.836729,15.300000,0.000000,15.300000,0.013014,15.300000,0.000000,15.300000,0.000000,
15.500000,0.000000,15.500000,0.000000,15.500000,47.733006,15.500000,0.000000,15.500000,4.722218,15.500000,84.626228,15.500000,0.000000,15.500000,0.000000,15.500000,0.000000,15.500000,0.000000,15.500000,0.000000,15.500000,0.000000,15.500000,0.000000,15.500000,0.000000,15.500000,1.236762,15.500000,85.567077,15.500000,6.964584,15.500000,0.000000,15.500000,45.662550,15.500000,0.000000,15.500000,0.004022,15.500000,0.000000,15.500000,0.000000,
15.700000,0.000000,15.700000,0.000000,15.700000,47.563444,15.700000,0.000000,15.700000,4.505635,15.700000,84.291528,15.700000,0.000000,15.700000,0.000000,15.700000,0.000000,15.700000,0.000000,15.700000,0.000000,15.700000,0.000000,15.700000,0.000000,15.700000,0.000000,15.700000,1.096596,15.700000,85.154634,15.700000,6.601078,15.700000,0.000000,15.700000,45.487185,15.700000,0.000000,15.700000,0.001656,15.700000,0.000000,15.700000,0.000000,
15.900000,0.000000,15.900000,0.000000,15.900000,47.392031,15.900000,0.000000,15.900000,4.291823,15.900000,83.962428,15.900000,0.000000,15.900000,0.000000,15.900000,0.000000,15.900000,0.000000,15.900000,0.000000,15.900000,0.000000,15.900000,0.000000,15.900000,0.000000,15.900000,0.975457,15.900000,84.735873,15.900000,6.223759,15.900000,0.000000,15.900000,45.306856,15.900000,0.000000,15.900000,0.000946,15.900000,0.000000,15.900000,0.000000,
16.100000,0.000000,16.100000,0.000000,16.100000,47.219135,16.100000,0.000000,16.100000,4.068482,16.100000,83.632669,16.100000,0.000000,16.100000,0.000000,16.100000,0.000000,16.100000,0.000000,16.100000,0.000000,16.100000,0.000000,16.100000,0.000000,16.100000,0.000000,16.100000,0.870173,16.100000,84.292225,16.100000,5.822086,16.100000,0.000000,16.100000,45.126870,16.100000,0.000000,16.100000,0.000473,16.100000,0.000000,16.100000,0.000000,
16.300000,0.000000,16.300000,0.000000,16.300000,47.049821,16.300000,0.000000,16.300000,3.841676,16.300000,83.301675,16.300000,0.000000,16.300000,0.000000,16.300000,0.000000,16.300000,0.000000,16.300000,0.000000,16.300000,0.000000,16.300000,0.000000,16.300000,0.000000,16.300000,0.769171,16.300000,83.819426,16.300000,5.428228,16.300000,0.000000,16.300000,44.946822,16.300000,0.000000,16.300000,0.000237,16.300000,0.000000,16.300000,0.000000,
16.500000,0.000000,16.500000,0.000000,16.500000,46.878500,16.500000,0.000000,16.500000,3.619374,16.500000,82.957918,16.500000,0.000000,16.500000,0.000000,16.500000,0.000000,16.500000,0.000000,16.500000,0.000000,16.500000,0.000000,16.500000,0.000000,16.500000,0.000000,16.500000,0.683866,16.500000,83.331634,16.500000,5.035460,16.500000,0.000000,16.500000,44.761436,16.500000,0.000000,16.500000,0.000000,16.500000,0.000000,16.500000,0.000000,
16.700000,0.000000,16.700000,0.000000,16.700000,46.708290,16.700000,0.000000,16.700000,3.434671,16.700000,82.602717,16.700000,0.000000,16.700000,0.000000,16.700000,0.000000,16.700000,0.000000,16.700000,0.000000,16.700000,0.000000,16.700000,0.000000,16.700000,0.000000,16.700000,0.597293,16.700000,82.815832,16.700000,4.685586,16.700000,0.000000,16.700000,44.578109,16.700000,0.000000,16.700000,0.000000,16.700000,0.000000,16.700000,0.000000,
16.900000,0.000000,16.900000,0.000000,16.900000,46.530517,16.900000,0.000000,16.900000,3.275959,16.900000,82.229155,16.900000,0.000000,16.900000,0.000000,16.900000,0.000000,16.900000,0.000000,16.900000,0.000000,16.900000,0.000000,16.900000,0.000000,16.900000,0.000000,16.900000,0.517537,16.900000,82.259768,16.900000,4.377879,16.900000,0.000000,16.900000,44.390350,16.900000,0.000000,16.900000,0.000000,16.900000,0.000000,16.900000,0.000000,
17.100000,0.000000,17.100000,0.000000,17.100000,46.351232,17.100000,0.000000,17.100000,3.136652,17.100000,81.871484,17.100000,0.000000,17.100000,0.000000,17.100000,0.000000,17.100000,0.000000,17.100000,0.000000,17.100000,0.000000,17.100000,0.000000,17.100000,0.000000,17.100000,0.436831,17.100000,81.665269,17.100000,4.111065,17.100000,0.000000,17.100000,44.200530,17.100000,0.000000,17.100000,0.000000,17.100000,0.000000,17.100000,0.000000,
17.300000,0.000000,17.300000,0.000000,17.300000,46.173954,17.300000,0.000000,17.300000,3.032692,17.300000,81.516283,17.300000,0.000000,17.300000,0.000000,17.300000,0.000000,17.300000,0.000000,17.300000,0.000000,17.300000,0.000000,17.300000,0.000000,17.300000,0.000000,17.300000,0.360564,17.300000,81.066887,17.300000,3.882784,17.300000,0.000000,17.300000,44.004559,17.300000,0.000000,17.300000,0.000000,17.300000,0.000000,17.300000,0.000000,
17.500000,0.000000,17.500000,0.000000,17.500000,45.997169,17.500000,0.000000,17.500000,2.937915,17.500000,81.152024,17.500000,0.000000,17.500000,0.000000,17.500000,0.000000,17.500000,0.000000,17.500000,0.000000,17.500000,0.000000,17.500000,0.000000,17.500000,0.000000,17.500000,0.298409,17.500000,80.468735,17.500000,3.673950,17.500000,0.000000,17.500000,43.809557,17.500000,0.000000,17.500000,0.000000,17.500000,0.000000,17.500000,0.000000,
17.700000,0.000000,17.700000,0.000000,17.700000,45.820199,17.700000,0.000000,17.700000,2.850588,17.700000,80.802751,17.700000,0.000000,17.700000,0.000000,17.700000,0.000000,17.700000,0.000000,17.700000,0.000000,17.700000,0.000000,17.700000,0.000000,17.700000,0.000000,17.700000,0.238790,17.700000,79.868603,17.700000,3.481474,17.700000,0.000000,17.700000,43.614866,17.700000,0.000000,17.700000,0.000000,17.700000,0.000000,17.700000,0.000000,
17.900000,0.000000,17.900000,0.000000,17.900000,45.643630,17.900000,0.000000,17.900000,2.768287,17.900000,80.447550,17.900000,0.000000,17.900000,0.000000,17.900000,0.000000,17.900000,0.000000,17.900000,0.000000,17.900000,0.000000,17.900000,0.000000,17.900000,0.000000,17.900000,0.186941,17.900000,79.280801,17.900000,3.281001,17.900000,0.000000,17.900000,43.417210,17.900000,0.000000,17.900000,0.000000,17.900000,0.000000,17.900000,0.000000,
18.100000,0.000000,18.100000,0.000000,18.100000,45.467000,18.100000,0.000000,18.100000,2.684252,18.100000,80.101406,18.100000,0.000000,18.100000,0.000000,18.100000,0.000000,18.100000,0.000000,18.100000,0.000000,18.100000,0.000000,18.100000,0.000000,18.100000,0.000000,18.100000,0.144765,18.100000,78.716745,18.100000,3.091069,18.100000,0.000000,18.100000,43.215651,18.100000,0.000000,18.100000,0.000000,18.100000,0.000000,18.100000,0.000000,
18.300000,0.000000,18.300000,0.000000,18.300000,45.286078,18.300000,0.000000,18.300000,2.596406,18.300000,79.721504,18.300000,0.000000,18.300000,0.000000,18.300000,0.000000,18.300000,0.000000,18.300000,0.000000,18.300000,0.000000,18.300000,0.000000,18.300000,0.000000,18.300000,0.106710,18.300000,78.151624,18.300000,2.873147,18.300000,0.000000,18.300000,43.022334,18.300000,0.000000,18.300000,0.000000,18.300000,0.000000,18.300000,0.000000,
18.500000,0.000000,18.500000,0.000000,18.500000,45.105713,18.500000,0.000000,18.500000,2.503535,18.500000,79.299033,18.500000,0.000000,18.500000,0.000000,18.500000,0.000000,18.500000,0.000000,18.500000,0.000000,18.500000,0.000000,18.500000,0.000000,18.500000,0.000000,18.500000,0.073254,18.500000,77.572042,18.500000,2.661951,18.500000,0.000000,18.500000,42.819620,18.500000,0.000000,18.500000,0.000000,18.500000,0.000000,18.500000,0.000000,
18.700000,0.000000,18.700000,0.000000,18.700000,44.920161,18.700000,0.000000,18.700000,2.406852,18.700000,78.802954,18.700000,0.000000,18.700000,0.000000,18.700000,0.000000,18.700000,0.000000,18.700000,0.000000,18.700000,0.000000,18.700000,0.000000,18.700000,0.000000,18.700000,0.051690,18.700000,76.962092,18.700000,2.467839,18.700000,0.000000,18.700000,42.611131,18.700000,0.000000,18.700000,0.000000,18.700000,0.000000,18.700000,0.000000,
18.900000,0.000000,18.900000,0.000000,18.900000,44.732943,18.900000,0.000000,18.900000,2.289377,18.900000,78.253438,18.900000,0.000000,18.900000,0.000000,18.900000,0.000000,18.900000,0.000000,18.900000,0.000000,18.900000,0.000000,18.900000,0.000000,18.900000,0.000000,18.900000,0.032822,18.900000,76.283643,18.900000,2.273363,18.900000,0.000000,18.900000,42.402453,18.900000,0.000000,18.900000,0.000000,18.900000,0.000000,18.900000,0.000000,
19.100000,0.000000,19.100000,0.000000,19.100000,44.541650,19.100000,0.000000,19.100000,2.173288,19.100000,77.630971,19.100000,0.000000,19.100000,0.000000,19.100000,0.000000,19.100000,0.000000,19.100000,0.000000,19.100000,0.000000,19.100000,0.000000,19.100000,0.000000,19.100000,0.019344,19.100000,75.539814,19.100000,2.082341,19.100000,0.000000,19.100000,42.194245,19.100000,0.000000,19.100000,0.000000,19.100000,0.000000,19.100000,0.000000,
19.300000,0.000000,19.300000,0.000000,19.300000,44.354771,19.300000,0.000000,19.300000,2.038313,19.300000,76.948646,19.300000,0.000000,19.300000,0.000000,19.300000,0.000000,19.300000,0.000000,19.300000,0.000000,19.300000,0.000000,19.300000,0.000000,19.300000,0.000000,19.300000,0.012368,19.300000,74.752907,19.300000,1.903860,19.300000,0.000000,19.300000,41.989314,19.300000,0.000000,19.300000,0.000000,19.300000,0.000000,19.300000,0.000000,
19.500000,0.000000,19.500000,0.000000,19.500000,44.163046,19.500000,0.000000,19.500000,1.887224,19.500000,76.187524,19.500000,0.000000,19.500000,0.000000,19.500000,0.000000,19.500000,0.000000,19.500000,0.000000,19.500000,0.000000,19.500000,0.000000,19.500000,0.000000,19.500000,0.006501,19.500000,73.935099,19.500000,1.715201,19.500000,0.000000,19.500000,41.773612,19.500000,0.000000,19.500000,0.000000,19.500000,0.000000,19.500000,0.000000,
19.700000,0.000000,19.700000,0.000000,19.700000,43.970364,19.700000,0.000000,19.700000,1.725912,19.700000,75.352052,19.700000,0.000000,19.700000,0.000000,19.700000,0.000000,19.700000,0.000000,19.700000,0.000000,19.700000,0.000000,19.700000,0.000000,19.700000,0.000000,19.700000,0.002854,19.700000,73.067895,19.700000,1.542354,19.700000,0.000000,19.700000,41.553758,19.700000,0.000000,19.700000,0.000000,19.700000,0.000000,19.700000,0.000000,
19.900000,0.000000,19.900000,0.000000,19.900000,43.774317,19.900000,0.000000,19.900000,1.573264,19.900000,74.451287,19.900000,0.000000,19.900000,0.000000,19.900000,0.000000,19.900000,0.000000,19.900000,0.000000,19.900000,0.000000,19.900000,0.000000,19.900000,0.000000,19.900000,0.001586,19.900000,72.187220,19.900000,1.373506,19.900000,0.000000,19.900000,41.340242,19.900000,0.000000,19.900000,0.000000,19.900000,0.000000,19.900000,0.000000,
20.100000,0.000000,20.100000,0.000000,20.100000,43.578671,20.100000,0.000000,20.100000,1.426334,20.100000,73.490910,20.100000,0.000000,20.100000,0.000000,20.100000,0.000000,20.100000,0.000000,20.100000,0.000000,20.100000,0.000000,20.100000,0.000000,20.100000,0.000000,20.100000,0.000476,20.100000,71.276481,20.100000,1.199932,20.100000,0.000000,20.100000,41.117328,20.100000,0.000000,20.100000,0.000000,20.100000,0.000000,20.100000,0.000000,
20.300000,0.000000,20.300000,0.000000,20.300000,43.388983,20.300000,0.000000,20.300000,1.271087,20.300000,72.454371,20.300000,0.000000,20.300000,0.000000,20.300000,0.000000,20.300000,0.000000,20.300000,0.000000,20.300000,0.000000,20.300000,0.000000,20.300000,0.000000,20.300000,0.000000,20.300000,70.327610,20.300000,1.043806,20.300000,0.000000,20.300000,40.895414,20.300000,0.000000,20.300000,0.000000,20.300000,0.000000,20.300000,0.000000,
20.500000,0.000000,20.500000,0.000000,20.500000,43.199789,20.500000,0.000000,20.500000,1.120864,20.500000,71.368430,20.500000,0.000000,20.500000,0.000000,20.500000,0.000000,20.500000,0.000000,20.500000,0.000000,20.500000,0.000000,20.500000,0.000000,20.500000,0.000000,20.500000,0.000000,20.500000,69.352938,20.500000,0.904402,20.500000,0.000000,20.500000,40.675622,20.500000,0.000000,20.500000,0.000000,20.500000,0.000000,20.500000,0.000000,
20.700000,0.000000,20.700000,0.000000,20.700000,43.012447,20.700000,0.000000,20.700000,0.985543,20.700000,70.286936,20.700000,0.000000,20.700000,0.000000,20.700000,0.000000,20.700000,0.000000,20.700000,0.000000,20.700000,0.000000,20.700000,0.000000,20.700000,0.000000,20.700000,0.000000,20.700000,68.363120,20.700000,0.774085,20.700000,0.000000,20.700000,40.453270,20.700000,0.000000,20.700000,0.000000,20.700000,0.000000,20.700000,0.000000,
20.900000,0.000000,20.900000,0.000000,20.900000,42.828378,20.900000,0.000000,20.900000,0.858191,20.900000,69.198278,20.900000,0.000000,20.900000,0.000000,20.900000,0.000000,20.900000,0.000000,20.900000,0.000000,20.900000,0.000000,20.900000,0.000000,20.900000,0.000000,20.900000,0.000000,20.900000,67.356939,20.900000,0.649039,20.900000,0.000000,20.900000,40.232979,20.900000,0.000000,20.900000,0.000000,20.900000,0.000000,20.900000,0.000000,
21.100000,0.000000,21.100000,0.000000,21.100000,42.641067,21.100000,0.000000,21.100000,0.732573,21.100000,68.113325,21.100000,0.000000,21.100000,0.000000,21.100000,0.000000,21.100000,0.000000,21.100000,0.000000,21.100000,0.000000,21.100000,0.000000,21.100000,0.000000,21.100000,0.000000,21.100000,66.340254,21.100000,0.531263,21.100000,0.000000,21.100000,40.010534,21.100000,0.000000,21.100000,0.000000,21.100000,0.000000,21.100000,0.000000,
21.300000,0.000000,21.300000,0.000000,21.300000,42.461751,21.300000,0.000000,21.300000,0.617350,21.300000,67.050027,21.300000,0.000000,21.300000,0.000000,21.300000,0.000000,21.300000,0.000000,21.300000,0.000000,21.300000,0.000000,21.300000,0.000000,21.300000,0.000000,21.300000,0.000000,21.300000,65.357742,21.300000,0.416577,21.300000,0.000000,21.300000,39.789712,21.300000,0.000000,21.300000,0.000000,21.300000,0.000000,21.300000,0.000000,
21.500000,0.000000,21.500000,0.000000,21.500000,42.280089,21.500000,0.000000,21.500000,0.506113,21.500000,66.012253,21.500000,0.000000,21.500000,0.000000,21.500000,0.000000,21.500000,0.000000,21.500000,0.000000,21.500000,0.000000,21.500000,0.000000,21.500000,0.000000,21.500000,0.000000,21.500000,64.398369,21.500000,0.322066,21.500000,0.000000,21.500000,39.571325,21.500000,0.000000,21.500000,0.000000,21.500000,0.000000,21.500000,0.000000,
21.700000,0.000000,21.700000,0.000000,21.700000,42.093920,21.700000,0.000000,21.700000,0.410296,21.700000,64.998275,21.700000,0.000000,21.700000,0.000000,21.700000,0.000000,21.700000,0.000000,21.700000,0.000000,21.700000,0.000000,21.700000,0.000000,21.700000,0.000000,21.700000,0.000000,21.700000,63.450107,21.700000,0.243549,21.700000,0.000000,21.700000,39.353688,21.700000,0.000000,21.700000,0.000000,21.700000,0.000000,21.700000,0.000000,
21.900000,0.000000,21.900000,0.000000,21.900000,41.905374,21.900000,0.000000,21.900000,0.327301,21.900000,63.988331,21.900000,0.000000,21.900000,0.000000,21.900000,0.000000,21.900000,0.000000,21.900000,0.000000,21.900000,0.000000,21.900000,0.000000,21.900000,0.000000,21.900000,0.000000,21.900000,62.541119,21.900000,0.179753,21.900000,0.000000,21.900000,39.133803,21.900000,0.000000,21.900000,0.000000,21.900000,0.000000,21.900000,0.000000,
22.100000,0.000000,22.100000,0.000000,22.100000,41.712784,22.100000,0.000000,22.100000,0.248465,22.100000,62.971142,22.100000,0.000000,22.100000,0.000000,22.100000,0.000000,22.100000,0.000000,22.100000,0.000000,22.100000,0.000000,22.100000,0.000000,22.100000,0.000000,22.100000,0.000000,22.100000,61.646591,22.100000,0.127045,22.100000,0.000000,22.100000,38.915666,22.100000,0.000000,22.100000,0.000000,22.100000,0.000000,22.100000,0.000000,
22.300000,0.000000,22.300000,0.000000,22.300000,41.519701,22.300000,0.000000,22.300000,0.185915,22.300000,61.937485,22.300000,0.000000,22.300000,0.000000,22.300000,0.000000,22.300000,0.000000,22.300000,0.000000,22.300000,0.000000,22.300000,0.000000,22.300000,0.000000,22.300000,0.000000,22.300000,60.752140,22.300000,0.083606,22.300000,0.000000,22.300000,38.702586,22.300000,0.000000,22.300000,0.000000,22.300000,0.000000,22.300000,0.000000,
22.500000,0.000000,22.500000,0.000000,22.500000,41.321246,22.500000,0.000000,22.500000,0.136708,22.500000,60.908933,22.500000,0.000000,22.500000,0.000000,22.500000,0.000000,22.500000,0.000000,22.500000,0.000000,22.500000,0.000000,22.500000,0.000000,22.500000,0.000000,22.500000,0.000000,22.500000,59.831811,22.500000,0.051073,22.500000,0.000000,22.500000,38.488789,22.500000,0.000000,22.500000,0.000000,22.500000,0.000000,22.500000,0.000000,
22.700000,0.000000,22.700000,0.000000,22.700000,41.115877,22.700000,0.000000,22.700000,0.096163,22.700000,59.886803,22.700000,0.000000,22.700000,0.000000,22.700000,0.000000,22.700000,0.000000,22.700000,0.000000,22.700000,0.000000,22.700000,0.000000,22.700000,0.000000,22.700000,0.000000,22.700000,58.901740,22.700000,0.033261,22.700000,0.000000,22.700000,38.268030,22.700000,0.000000,22.700000,0.000000,22.700000,0.000000,22.700000,0.000000,
22.900000,0.000000,22.900000,0.000000,22.900000,40.903964,22.900000,0.000000,22.900000,0.062376,22.900000,58.888716,22.900000,0.000000,22.900000,0.000000,22.900000,0.000000,22.900000,0.000000,22.900000,0.000000,22.900000,0.000000,22.900000,0.000000,22.900000,0.000000,22.900000,0.000000,22.900000,57.938865,22.900000,0.022356,22.900000,0.000000,22.900000,38.042400,22.900000,0.000000,22.900000,0.000000,22.900000,0.000000,22.900000,0.000000,
23.100000,0.000000,23.100000,0.000000,23.100000,40.688346,23.100000,0.000000,23.100000,0.038639,23.100000,57.911048,23.100000,0.000000,23.100000,0.000000,23.100000,0.000000,23.100000,0.000000,23.100000,0.000000,23.100000,0.000000,23.100000,0.000000,23.100000,0.000000,23.100000,0.000000,23.100000,56.928725,23.100000,0.014358,23.100000,0.000000,23.100000,37.810401,23.100000,0.000000,23.100000,0.000000,23.100000,0.000000,23.100000,0.000000,
23.300000,0.000000,23.300000,0.000000,23.300000,40.466308,23.300000,0.000000,23.300000,0.022351,23.300000,56.964586,23.300000,0.000000,23.300000,0.000000,23.300000,0.000000,23.300000,0.000000,23.300000,0.000000,23.300000,0.000000,23.300000,0.000000,23.300000,0.000000,23.300000,0.000000,23.300000,55.873681,23.300000,0.011450,23.300000,0.000000,23.300000,37.571097,23.300000,0.000000,23.300000,0.000000,23.300000,0.000000,23.300000,0.000000,
23.500000,0.000000,23.500000,0.000000,23.500000,40.236645,23.500000,0.000000,23.500000,0.013168,23.500000,56.030475,23.500000,0.000000,23.500000,0.000000,23.500000,0.000000,23.500000,0.000000,23.500000,0.000000,23.500000,0.000000,23.500000,0.000000,23.500000,0.000000,23.500000,0.000000,23.500000,54.746255,23.500000,0.009996,23.500000,0.000000,23.500000,37.333853,23.500000,0.000000,23.500000,0.000000,23.500000,0.000000,23.500000,0.000000,
23.700000,0.000000,23.700000,0.000000,23.700000,39.994882,23.700000,0.000000,23.700000,0.006931,23.700000,55.101715,23.700000,0.000000,23.700000,0.000000,23.700000,0.000000,23.700000,0.000000,23.700000,0.000000,23.700000,0.000000,23.700000,0.000000,23.700000,0.000000,23.700000,0.000000,23.700000,53.547970,23.700000,0.009269,23.700000,0.000000,23.700000,37.079719,23.700000,0.000000,23.700000,0.000000,23.700000,0.000000,23.700000,0.000000,
23.900000,0.000000,23.900000,0.000000,23.900000,39.743889,23.900000,0.000000,23.900000,0.002772,23.900000,54.171638,23.900000,0.000000,23.900000,0.000000,23.900000,0.000000,23.900000,0.000000,23.900000,0.000000,23.900000,0.000000,23.900000,0.000000,23.900000,0.000000,23.900000,0.000000,23.900000,52.271444,23.900000,0.008724,23.900000,0.000000,23.900000,36.827583,23.900000,0.000000,23.900000,0.000000,23.900000,0.000000,23.900000,0.000000,
24.100000,0.000000,24.100000,0.000000,24.100000,39.480703,24.100000,0.000000,24.100000,0.002079,24.100000,53.237361,24.100000,0.000000,24.100000,0.000000,24.100000,0.000000,24.100000,0.000000,24.100000,0.000000,24.100000,0.000000,24.100000,0.000000,24.100000,0.000000,24.100000,0.000000,24.100000,50.917208,24.100000,0.008724,24.100000,0.000000,24.100000,36.560929,24.100000,0.000000,24.100000,0.000000,24.100000,0.000000,24.100000,0.000000,
24.300000,0.000000,24.300000,0.000000,24.300000,39.206836,24.300000,0.000000,24.300000,0.001733,24.300000,52.278055,24.300000,0.000000,24.300000,0.000000,24.300000,0.000000,24.300000,0.000000,24.300000,0.000000,24.300000,0.000000,24.300000,0.000000,24.300000,0.000000,24.300000,0.000000,24.300000,49.459158,24.300000,0.008724,24.300000,0.000000,24.300000,36.280383,24.300000,0.000000,24.300000,0.000000,24.300000,0.000000,24.300000,0.000000,
24.500000,0.000000,24.500000,0.000000,24.500000,38.909324,24.500000,0.000000,24.500000,0.001559,24.500000,51.238387,24.500000,0.000000,24.500000,0.000000,24.500000,0.000000,24.500000,0.000000,24.500000,0.000000,24.500000,0.000000,24.500000,0.000000,24.500000,0.000000,24.500000,0.000000,24.500000,47.915179,24.500000,0.008724,24.500000,0.000000,24.500000,35.983009,24.500000,0.000000,24.500000,0.000000,24.500000,0.000000,24.500000,0.000000,
24.700000,0.000000,24.700000,0.000000,24.700000,38.593877,24.700000,0.000000,24.700000,0.001559,24.700000,50.150553,24.700000,0.000000,24.700000,0.000000,24.700000,0.000000,24.700000,0.000000,24.700000,0.000000,24.700000,0.000000,24.700000,0.000000,24.700000,0.000000,24.700000,0.000000,24.700000,46.309779,24.700000,0.008179,24.700000,0.000000,24.700000,35.669462,24.700000,0.000000,24.700000,0.000000,24.700000,0.000000,24.700000,0.000000,
24.900000,0.000000,24.900000,0.000000,24.900000,38.255433,24.900000,0.000000,24.900000,0.001559,24.900000,48.984745,24.900000,0.000000,24.900000,0.000000,24.900000,0.000000,24.900000,0.000000,24.900000,0.000000,24.900000,0.000000,24.900000,0.000000,24.900000,0.000000,24.900000,0.000000,24.900000,44.657419,24.900000,0.007815,24.900000,0.000000,24.900000,35.335872,24.900000,0.000000,24.900000,0.000000,24.900000,0.000000,24.900000,0.000000,
25.100000,0.000000,25.100000,0.000000,25.100000,37.897511,25.100000,0.000000,25.100000,0.001386,25.100000,47.707536,25.100000,0.000000,25.100000,0.000000,25.100000,0.000000,25.100000,0.000000,25.100000,0.000000,25.100000,0.000000,25.100000,0.000000,25.100000,0.000000,25.100000,0.000000,25.100000,42.902309,25.100000,0.007634,25.100000,0.000000,25.100000,34.978367,25.100000,0.000000,25.100000,0.000000,25.100000,0.000000,25.100000,0.000000,
25.300000,0.000000,25.300000,0.000000,25.300000,37.499954,25.300000,0.000000,25.300000,0.001386,25.300000,46.286896,25.300000,0.000000,25.300000,0.000000,25.300000,0.000000,25.300000,0.000000,25.300000,0.000000,25.300000,0.000000,25.300000,0.000000,25.300000,0.000000,25.300000,0.000000,25.300000,41.093161,25.300000,0.007452,25.300000,0.000000,25.300000,34.588674,25.300000,0.000000,25.300000,0.000000,25.300000,0.000000,25.300000,0.000000,
25.500000,0.000000,25.500000,0.000000,25.500000,37.065693,25.500000,0.000000,25.500000,0.001386,25.500000,44.719203,25.500000,0.000000,25.500000,0.000000,25.500000,0.000000,25.500000,0.000000,25.500000,0.000000,25.500000,0.000000,25.500000,0.000000,25.500000,0.000000,25.500000,0.000000,25.500000,39.211708,25.500000,0.007452,25.500000,0.000000,25.500000,34.150902,25.500000,0.000000,25.500000,0.000000,25.500000,0.000000,25.500000,0.000000,
25.700000,0.000000,25.700000,0.000000,25.700000,36.581735,25.700000,0.000000,25.700000,0.001386,25.700000,42.976296,25.700000,0.000000,25.700000,0.000000,25.700000,0.000000,25.700000,0.000000,25.700000,0.000000,25.700000,0.000000,25.700000,0.000000,25.700000,0.000000,25.700000,0.000000,25.700000,37.265713,25.700000,0.007452,25.700000,0.000000,25.700000,33.661522,25.700000,0.000000,25.700000,0.000000,25.700000,0.000000,25.700000,0.000000,
25.900000,0.000000,25.900000,0.000000,25.900000,36.026747,25.900000,0.000000,25.900000,0.001386,25.900000,41.030265,25.900000,0.000000,25.900000,0.000000,25.900000,0.000000,25.900000,0.000000,25.900000,0.000000,25.900000,0.000000,25.900000,0.000000,25.900000,0.000000,25.900000,0.000000,25.900000,35.275345,25.900000,0.007270,25.900000,0.000000,25.900000,33.085194,25.900000,0.000000,25.900000,0.000000,25.900000,0.000000,25.900000,0.000000,
26.100000,0.000000,26.100000,0.000000,26.100000,35.390791,26.100000,0.000000,26.100000,0.001386,26.100000,38.924253,26.100000,0.000000,26.100000,0.000000,26.100000,0.000000,26.100000,0.000000,26.100000,0.000000,26.100000,0.000000,26.100000,0.000000,26.100000,0.000000,26.100000,0.000000,26.100000,33.220664,26.100000,0.007088,26.100000,0.000000,26.100000,32.394224,26.100000,0.000000,26.100000,0.000000,26.100000,0.000000,26.100000,0.000000,
26.300000,0.000000,26.300000,0.000000,26.300000,34.652135,26.300000,0.000000,26.300000,0.001386,26.300000,36.640558,26.300000,0.000000,26.300000,0.000000,26.300000,0.000000,26.300000,0.000000,26.300000,0.000000,26.300000,0.000000,26.300000,0.000000,26.300000,0.000000,26.300000,0.000000,26.300000,31.117120,26.300000,0.006907,26.300000,0.000000,26.300000,31.573315,26.300000,0.000000,26.300000,0.000000,26.300000,0.000000,26.300000,0.000000,
26.500000,0.000000,26.500000,0.000000,26.500000,33.785281,26.500000,0.000000,26.500000,0.001386,26.500000,34.200258,26.500000,0.000000,26.500000,0.000000,26.500000,0.000000,26.500000,0.000000,26.500000,0.000000,26.500000,0.000000,26.500000,0.000000,26.500000,0.000000,26.500000,0.000000,26.500000,28.947589,26.500000,0.006907,26.500000,0.000000,26.500000,30.588311,26.500000,0.000000,26.500000,0.000000,26.500000,0.000000,26.500000,0.000000,
26.700000,0.000000,26.700000,0.000000,26.700000,32.759886,26.700000,0.000000,26.700000,0.001386,26.700000,31.628384,26.700000,0.000000,26.700000,0.000000,26.700000,0.000000,26.700000,0.000000,26.700000,0.000000,26.700000,0.000000,26.700000,0.000000,26.700000,0.000000,26.700000,0.000000,26.700000,26.735511,26.700000,0.006361,26.700000,0.000000,26.700000,29.428785,26.700000,0.000000,26.700000,0.000000,26.700000,0.000000,26.700000,0.000000,
26.900000,0.000000,26.900000,0.000000,26.900000,31.573449,26.900000,0.000000,26.900000,0.001386,26.900000,28.919831,26.900000,0.000000,26.900000,0.000000,26.900000,0.000000,26.900000,0.000000,26.900000,0.000000,26.900000,0.000000,26.900000,0.000000,26.900000,0.000000,26.900000,0.000000,26.900000,24.544821,26.900000,0.006180,26.900000,0.000000,26.900000,28.088462,26.900000,0.000000,26.900000,0.000000,26.900000,0.000000,26.900000,0.000000,
27.100000,0.000000,27.100000,0.000000,27.100000,30.194454,27.100000,0.000000,27.100000,0.001386,27.100000,26.149855,27.100000,0.000000,27.100000,0.000000,27.100000,0.000000,27.100000,0.000000,27.100000,0.000000,27.100000,0.000000,27.100000,0.000000,27.100000,0.000000,27.100000,0.000000,27.100000,22.348650,27.100000,0.005998,27.100000,0.000000,27.100000,26.591101,27.100000,0.000000,27.100000,0.000000,27.100000,0.000000,27.100000,0.000000,
27.300000,0.000000,27.300000,0.000000,27.300000,28.609997,27.300000,0.000000,27.300000,0.001386,27.300000,23.383913,27.300000,0.000000,27.300000,0.000000,27.300000,0.000000,27.300000,0.000000,27.300000,0.000000,27.300000,0.000000,27.300000,0.000000,27.300000,0.000000,27.300000,0.000000,27.300000,20.162450,27.300000,0.005998,27.300000,0.000000,27.300000,24.935140,27.300000,0.000000,27.300000,0.000000,27.300000,0.000000,27.300000,0.000000,
27.500000,0.000000,27.500000,0.000000,27.500000,26.824893,27.500000,0.000000,27.500000,0.001386,27.500000,20.614019,27.500000,0.000000,27.500000,0.000000,27.500000,0.000000,27.500000,0.000000,27.500000,0.000000,27.500000,0.000000,27.500000,0.000000,27.500000,0.000000,27.500000,0.000000,27.500000,18.066061,27.500000,0.005998,27.500000,0.000000,27.500000,23.151643,27.500000,0.000000,27.500000,0.000000,27.500000,0.000000,27.500000,0.000000,
27.700000,0.000000,27.700000,0.000000,27.700000,24.846398,27.700000,0.000000,27.700000,0.001386,27.700000,17.967136,27.700000,0.000000,27.700000,0.000000,27.700000,0.000000,27.700000,0.000000,27.700000,0.000000,27.700000,0.000000,27.700000,0.000000,27.700000,0.000000,27.700000,0.000000,27.700000,16.038095,27.700000,0.005998,27.700000,0.000000,27.700000,21.263090,27.700000,0.000000,27.700000,0.000000,27.700000,0.000000,27.700000,0.000000,
27.900000,0.000000,27.900000,0.000000,27.900000,22.691086,27.900000,0.000000,27.900000,0.001386,27.900000,15.500571,27.900000,0.000000,27.900000,0.000000,27.900000,0.000000,27.900000,0.000000,27.900000,0.000000,27.900000,0.000000,27.900000,0.000000,27.900000,0.000000,27.900000,0.000000,27.900000,14.146671,27.900000,0.005998,27.900000,0.000000,27.900000,19.327425,27.900000,0.000000,27.900000,0.000000,27.900000,0.000000,27.900000,0.000000,
28.100000,0.000000,28.100000,0.000000,28.100000,20.417270,28.100000,0.000000,28.100000,0.001386,28.100000,13.223875,28.100000,0.000000,28.100000,0.000000,28.100000,0.000000,28.100000,0.000000,28.100000,0.000000,28.100000,0.000000,28.100000,0.000000,28.100000,0.000000,28.100000,0.000000,28.100000,12.362107,28.100000,0.005998,28.100000,0.000000,28.100000,17.373340,28.100000,0.000000,28.100000,0.000000,28.100000,0.000000,28.100000,0.000000,
28.300000,0.000000,28.300000,0.000000,28.300000,18.058997,28.300000,0.000000,28.300000,0.001386,28.300000,11.142399,28.300000,0.000000,28.300000,0.000000,28.300000,0.000000,28.300000,0.000000,28.300000,0.000000,28.300000,0.000000,28.300000,0.000000,28.300000,0.000000,28.300000,0.000000,28.300000,10.691480,28.300000,0.005998,28.300000,0.000000,28.300000,15.434866,28.300000,0.000000,28.300000,0.000000,28.300000,0.000000,28.300000,0.000000,
28.500000,0.000000,28.500000,0.000000,28.500000,15.699459,28.500000,0.000000,28.500000,0.001386,28.500000,9.298877,28.500000,0.000000,28.500000,0.000000,28.500000,0.000000,28.500000,0.000000,28.500000,0.000000,28.500000,0.000000,28.500000,0.000000,28.500000,0.000000,28.500000,0.000000,28.500000,9.130604,28.500000,0.005998,28.500000,0.000000,28.500000,13.527299,28.500000,0.000000,28.500000,0.000000,28.500000,0.000000,28.500000,0.000000,
28.700000,0.000000,28.700000,0.000000,28.700000,13.408048,28.700000,0.000000,28.700000,0.001386,28.700000,7.712246,28.700000,0.000000,28.700000,0.000000,28.700000,0.000000,28.700000,0.000000,28.700000,0.000000,28.700000,0.000000,28.700000,0.000000,28.700000,0.000000,28.700000,0.000000,28.700000,7.749274,28.700000,0.005998,28.700000,0.000000,28.700000,11.721512,28.700000,0.000000,28.700000,0.000000,28.700000,0.000000,28.700000,0.000000,
28.900000,0.000000,28.900000,0.000000,28.900000,11.212484,28.900000,0.000000,28.900000,0.001386,28.900000,6.351876,28.900000,0.000000,28.900000,0.000000,28.900000,0.000000,28.900000,0.000000,28.900000,0.000000,28.900000,0.000000,28.900000,0.000000,28.900000,0.000000,28.900000,0.000000,28.900000,6.483174,28.900000,0.005998,28.900000,0.000000,28.900000,10.028710,28.900000,0.000000,28.900000,0.000000,28.900000,0.000000,28.900000,0.000000,
29.100000,0.000000,29.100000,0.000000,29.100000,9.204076,29.100000,0.000000,29.100000,0.001386,29.100000,5.211511,29.100000,0.000000,29.100000,0.000000,29.100000,0.000000,29.100000,0.000000,29.100000,0.000000,29.100000,0.000000,29.100000,0.000000,29.100000,0.000000,29.100000,0.000000,29.100000,5.362370,29.100000,0.005998,29.100000,0.000000,29.100000,8.489607,29.100000,0.000000,29.100000,0.000000,29.100000,0.000000,29.100000,0.000000,
29.300000,0.000000,29.300000,0.000000,29.300000,7.389401,29.300000,0.000000,29.300000,0.001386,29.300000,4.276905,29.300000,0.000000,29.300000,0.000000,29.300000,0.000000,29.300000,0.000000,29.300000,0.000000,29.300000,0.000000,29.300000,0.000000,29.300000,0.000000,29.300000,0.000000,29.300000,4.361364,29.300000,0.005816,29.300000,0.000000,29.300000,7.085969,29.300000,0.000000,29.300000,0.000000,29.300000,0.000000,29.300000,0.000000,
29.500000,0.000000,29.500000,0.000000,29.500000,5.791145,29.500000,0.000000,29.500000,0.001386,29.500000,3.500140,29.500000,0.000000,29.500000,0.000000,29.500000,0.000000,29.500000,0.000000,29.500000,0.000000,29.500000,0.000000,29.500000,0.000000,29.500000,0.000000,29.500000,0.000000,29.500000,3.511894,29.500000,0.005816,29.500000,0.000000,29.500000,5.846113,29.500000,0.000000,29.500000,0.000000,29.500000,0.000000,29.500000,0.000000,
29.700000,0.000000,29.700000,0.000000,29.700000,4.446167,29.700000,0.000000,29.700000,0.001386,29.700000,2.860053,29.700000,0.000000,29.700000,0.000000,29.700000,0.000000,29.700000,0.000000,29.700000,0.000000,29.700000,0.000000,29.700000,0.000000,29.700000,0.000000,29.700000,0.000000,29.700000,2.792344,29.700000,0.005816,29.700000,0.000000,29.700000,4.768947,29.700000,0.000000,29.700000,0.000000,29.700000,0.000000,29.700000,0.000000,
29.900000,0.000000,29.900000,0.000000,29.900000,3.331191,29.900000,0.000000,29.900000,0.001386,29.900000,2.330051,29.900000,0.000000,29.900000,0.000000,29.900000,0.000000,29.900000,0.000000,29.900000,0.000000,29.900000,0.000000,29.900000,0.000000,29.900000,0.000000,29.900000,0.000000,29.900000,2.208957,29.900000,0.005816,29.900000,0.000000,29.900000,3.852223,29.900000,0.000000,29.900000,0.000000,29.900000,0.000000,29.900000,0.000000,
30.100000,0.000000,30.100000,0.000000,30.100000,2.438716,30.100000,0.000000,30.100000,0.001386,30.100000,1.893912,30.100000,0.000000,30.100000,0.000000,30.100000,0.000000,30.100000,0.000000,30.100000,0.000000,30.100000,0.000000,30.100000,0.000000,30.100000,0.000000,30.100000,0.000000,30.100000,1.731135,30.100000,0.005634,30.100000,0.000000,30.100000,3.093785,30.100000,0.000000,30.100000,0.000000,30.100000,0.000000,30.100000,0.000000,
30.300000,0.000000,30.300000,0.000000,30.300000,1.744326,30.300000,0.000000,30.300000,0.001386,30.300000,1.535665,30.300000,0.000000,30.300000,0.000000,30.300000,0.000000,30.300000,0.000000,30.300000,0.000000,30.300000,0.000000,30.300000,0.000000,30.300000,0.000000,30.300000,0.000000,30.300000,1.345178,30.300000,0.005453,30.300000,0.000000,30.300000,2.470033,30.300000,0.000000,30.300000,0.000000,30.300000,0.000000,30.300000,0.000000,
30.500000,0.000000,30.500000,0.000000,30.500000,1.220485,30.500000,0.000000,30.500000,0.001386,30.500000,1.240322,30.500000,0.000000,30.500000,0.000000,30.500000,0.000000,30.500000,0.000000,30.500000,0.000000,30.500000,0.000000,30.500000,0.000000,30.500000,0.000000,30.500000,0.000000,30.500000,1.048880,30.500000,0.005453,30.500000,0.000000,30.500000,1.966573,30.500000,0.000000,30.500000,0.000000,30.500000,0.000000,30.500000,0.000000,
30.700000,0.000000,30.700000,0.000000,30.700000,0.832250,30.700000,0.000000,30.700000,0.001386,30.700000,0.986807,30.700000,0.000000,30.700000,0.000000,30.700000,0.000000,30.700000,0.000000,30.700000,0.000000,30.700000,0.000000,30.700000,0.000000,30.700000,0.000000,30.700000,0.000000,30.700000,0.821461,30.700000,0.005453,30.700000,0.000000,30.700000,1.566983,30.700000,0.000000,30.700000,0.000000,30.700000,0.000000,30.700000,0.000000,
30.900000,0.000000,30.900000,0.000000,30.900000,0.553290,30.900000,0.000000,30.900000,0.001386,30.900000,0.789034,30.900000,0.000000,30.900000,0.000000,30.900000,0.000000,30.900000,0.000000,30.900000,0.000000,30.900000,0.000000,30.900000,0.000000,30.900000,0.000000,30.900000,0.000000,30.900000,0.635980,30.900000,0.004907,30.900000,0.000000,30.900000,1.241604,30.900000,0.000000,30.900000,0.000000,30.900000,0.000000,30.900000,0.000000,
31.100000,0.000000,31.100000,0.000000,31.100000,0.364713,31.100000,0.000000,31.100000,0.001386,31.100000,0.614974,31.100000,0.000000,31.100000,0.000000,31.100000,0.000000,31.100000,0.000000,31.100000,0.000000,31.100000,0.000000,31.100000,0.000000,31.100000,0.000000,31.100000,0.000000,31.100000,0.494338,31.100000,0.004907,31.100000,0.000000,31.100000,0.983724,31.100000,0.000000,31.100000,0.000000,31.100000,0.000000,31.100000,0.000000,
31.300000,0.000000,31.300000,0.000000,31.300000,0.236886,31.300000,0.000000,31.300000,0.001386,31.300000,0.478459,31.300000,0.000000,31.300000,0.000000,31.300000,0.000000,31.300000,0.000000,31.300000,0.000000,31.300000,0.000000,31.300000,0.000000,31.300000,0.000000,31.300000,0.000000,31.300000,0.384511,31.300000,0.004726,31.300000,0.000000,31.300000,0.782539,31.300000,0.000000,31.300000,0.000000,31.300000,0.000000,31.300000,0.000000,
31.500000,0.000000,31.500000,0.000000,31.500000,0.155702,31.500000,0.000000,31.500000,0.001386,31.500000,0.377267,31.500000,0.000000,31.500000,0.000000,31.500000,0.000000,31.500000,0.000000,31.500000,0.000000,31.500000,0.000000,31.500000,0.000000,31.500000,0.000000,31.500000,0.000000,31.500000,0.299419,31.500000,0.004544,31.500000,0.000000,31.500000,0.622722,31.500000,0.000000,31.500000,0.000000,31.500000,0.000000,31.500000,0.000000,
31.700000,0.000000,31.700000,0.000000,31.700000,0.102021,31.700000,0.000000,31.700000,0.001386,31.700000,0.298471,31.700000,0.000000,31.700000,0.000000,31.700000,0.000000,31.700000,0.000000,31.700000,0.000000,31.700000,0.000000,31.700000,0.000000,31.700000,0.000000,31.700000,0.000000,31.700000,0.235106,31.700000,0.004544,31.700000,0.000000,31.700000,0.498059,31.700000,0.000000,31.700000,0.000000,31.700000,0.000000,31.700000,0.000000,
31.900000,0.000000,31.900000,0.000000,31.900000,0.070566,31.900000,0.000000,31.900000,0.001386,31.900000,0.242070,31.900000,0.000000,31.900000,0.000000,31.900000,0.000000,31.900000,0.000000,31.900000,0.000000,31.900000,0.000000,31.900000,0.000000,31.900000,0.000000,31.900000,0.000000,31.900000,0.188069,31.900000,0.004544,31.900000,0.000000,31.900000,0.400183,31.900000,0.000000,31.900000,0.000000,31.900000,0.000000,31.900000,0.000000,
32.100000,0.000000,32.100000,0.000000,32.100000,0.051582,32.100000,0.000000,32.100000,0.001386,32.100000,0.200737,32.100000,0.000000,32.100000,0.000000,32.100000,0.000000,32.100000,0.000000,32.100000,0.000000,32.100000,0.000000,32.100000,0.000000,32.100000,0.000000,32.100000,0.000000,32.100000,0.149862,32.100000,0.004362,32.100000,0.000000,32.100000,0.323037,32.100000,0.000000,32.100000,0.000000,32.100000,0.000000,32.100000,0.000000,
32.300000,0.000000,32.300000,0.000000,32.300000,0.042074,32.300000,0.000000,32.300000,0.001386,32.300000,0.167885,32.300000,0.000000,32.300000,0.000000,32.300000,0.000000,32.300000,0.000000,32.300000,0.000000,32.300000,0.000000,32.300000,0.000000,32.300000,0.000000,32.300000,0.000000,32.300000,0.123756,32.300000,0.004362,32.300000,0.000000,32.300000,0.258723,32.300000,0.000000,32.300000,0.000000,32.300000,0.000000,32.300000,0.000000,
32.500000,0.000000,32.500000,0.000000,32.500000,0.036394,32.500000,0.000000,32.500000,0.001386,32.500000,0.145160,32.500000,0.000000,32.500000,0.000000,32.500000,0.000000,32.500000,0.000000,32.500000,0.000000,32.500000,0.000000,32.500000,0.000000,32.500000,0.000000,32.500000,0.000000,32.500000,0.105565,32.500000,0.004362,32.500000,0.000000,32.500000,0.208708,32.500000,0.000000,32.500000,0.000000,32.500000,0.000000,32.500000,0.000000,
32.700000,0.000000,32.700000,0.000000,32.700000,0.032937,32.700000,0.000000,32.700000,0.001386,32.700000,0.127457,32.700000,0.000000,32.700000,0.000000,32.700000,0.000000,32.700000,0.000000,32.700000,0.000000,32.700000,0.000000,32.700000,0.000000,32.700000,0.000000,32.700000,0.000000,32.700000,0.091180,32.700000,0.004180,32.700000,0.000000,32.700000,0.167716,32.700000,0.000000,32.700000,0.000000,32.700000,0.000000,32.700000,0.000000,
32.900000,0.000000,32.900000,0.000000,32.900000,0.030653,32.900000,0.000000,32.900000,0.001386,32.900000,0.114366,32.900000,0.000000,32.900000,0.000000,32.900000,0.000000,32.900000,0.000000,32.900000,0.000000,32.900000,0.000000,32.900000,0.000000,32.900000,0.000000,32.900000,0.000000,32.900000,0.080144,32.900000,0.004180,32.900000,0.000000,32.900000,0.133623,32.900000,0.000000,32.900000,0.000000,32.900000,0.000000,32.900000,0.000000,
33.100000,0.000000,33.100000,0.000000,33.100000,0.029171,33.100000,0.000000,33.100000,0.001386,33.100000,0.106379,33.100000,0.000000,33.100000,0.000000,33.100000,0.000000,33.100000,0.000000,33.100000,0.000000,33.100000,0.000000,33.100000,0.000000,33.100000,0.000000,33.100000,0.000000,33.100000,0.072914,33.100000,0.003999,33.100000,0.000000,33.100000,0.106337,33.100000,0.000000,33.100000,0.000000,33.100000,0.000000,33.100000,0.000000,
33.300000,0.000000,33.300000,0.000000,33.300000,0.027720,33.300000,0.000000,33.300000,0.001386,33.300000,0.099298,33.300000,0.000000,33.300000,0.000000,33.300000,0.000000,33.300000,0.000000,33.300000,0.000000,33.300000,0.000000,33.300000,0.000000,33.300000,0.000000,33.300000,0.000000,33.300000,0.067130,33.300000,0.003999,33.300000,0.000000,33.300000,0.085076,33.300000,0.000000,33.300000,0.000000,33.300000,0.000000,33.300000,0.000000,
33.500000,0.000000,33.500000,0.000000,33.500000,0.026300,33.500000,0.000000,33.500000,0.001386,33.500000,0.094852,33.500000,0.000000,33.500000,0.000000,33.500000,0.000000,33.500000,0.000000,33.500000,0.000000,33.500000,0.000000,33.500000,0.000000,33.500000,0.000000,33.500000,0.000000,33.500000,0.062715,33.500000,0.003999,33.500000,0.000000,33.500000,0.067967,33.500000,0.000000,33.500000,0.000000,33.500000,0.000000,33.500000,0.000000,
33.700000,0.000000,33.700000,0.000000,33.700000,0.025559,33.700000,0.000000,33.700000,0.001386,33.700000,0.092300,33.700000,0.000000,33.700000,0.000000,33.700000,0.000000,33.700000,0.000000,33.700000,0.000000,33.700000,0.000000,33.700000,0.000000,33.700000,0.000000,33.700000,0.000000,33.700000,0.060203,33.700000,0.003999,33.700000,0.000000,33.700000,0.053324,33.700000,0.000000,33.700000,0.000000,33.700000,0.000000,33.700000,0.000000,
33.900000,0.000000,33.900000,0.000000,33.900000,0.024911,33.900000,0.000000,33.900000,0.001386,33.900000,0.089088,33.900000,0.000000,33.900000,0.000000,33.900000,0.000000,33.900000,0.000000,33.900000,0.000000,33.900000,0.000000,33.900000,0.000000,33.900000,0.000000,33.900000,0.000000,33.900000,0.057920,33.900000,0.003999,33.900000,0.000000,33.900000,0.042429,33.900000,0.000000,33.900000,0.000000,33.900000,0.000000,33.900000,0.000000,
34.100000,0.000000,34.100000,0.000000,34.100000,0.024201,34.100000,0.000000,34.100000,0.001386,34.100000,0.086618,34.100000,0.000000,34.100000,0.000000,34.100000,0.000000,34.100000,0.000000,34.100000,0.000000,34.100000,0.000000,34.100000,0.000000,34.100000,0.000000,34.100000,0.000000,34.100000,0.055789,34.100000,0.003999,34.100000,0.000000,34.100000,0.034904,34.100000,0.000000,34.100000,0.000000,34.100000,0.000000,34.100000,0.000000,
34.300000,0.000000,34.300000,0.000000,34.300000,0.023522,34.300000,0.000000,34.300000,0.001386,34.300000,0.084313,34.300000,0.000000,34.300000,0.000000,34.300000,0.000000,34.300000,0.000000,34.300000,0.000000,34.300000,0.000000,34.300000,0.000000,34.300000,0.000000,34.300000,0.000000,34.300000,0.054800,34.300000,0.003999,34.300000,0.000000,34.300000,0.028723,34.300000,0.000000,34.300000,0.000000,34.300000,0.000000,34.300000,0.000000,
34.500000,0.000000,34.500000,0.000000,34.500000,0.023028,34.500000,0.000000,34.500000,0.001386,34.500000,0.082419,34.500000,0.000000,34.500000,0.000000,34.500000,0.000000,34.500000,0.000000,34.500000,0.000000,34.500000,0.000000,34.500000,0.000000,34.500000,0.000000,34.500000,0.000000,34.500000,0.053430,34.500000,0.003999,34.500000,0.000000,34.500000,0.024851,34.500000,0.000000,34.500000,0.000000,34.500000,0.000000,34.500000,0.000000,
34.700000,0.000000,34.700000,0.000000,34.700000,0.022503,34.700000,0.000000,34.700000,0.001386,34.700000,0.080937,34.700000,0.000000,34.700000,0.000000,34.700000,0.000000,34.700000,0.000000,34.700000,0.000000,34.700000,0.000000,34.700000,0.000000,34.700000,0.000000,34.700000,0.000000,34.700000,0.052592,34.700000,0.003999,34.700000,0.000000,34.700000,0.021761,34.700000,0.000000,34.700000,0.000000,34.700000,0.000000,34.700000,0.000000,
34.900000,0.000000,34.900000,0.000000,34.900000,0.021886,34.900000,0.000000,34.900000,0.001386,34.900000,0.079537,34.900000,0.000000,34.900000,0.000000,34.900000,0.000000,34.900000,0.000000,34.900000,0.000000,34.900000,0.000000,34.900000,0.000000,34.900000,0.000000,34.900000,0.000000,34.900000,0.051451,34.900000,0.003999,34.900000,0.000000,34.900000,0.019544,34.900000,0.000000,34.900000,0.000000,34.900000,0.000000,34.900000,0.000000,
35.100000,0.000000,35.100000,0.000000,35.100000,0.021299,35.100000,0.000000,35.100000,0.001386,35.100000,0.077644,35.100000,0.000000,35.100000,0.000000,35.100000,0.000000,35.100000,0.000000,35.100000,0.000000,35.100000,0.000000,35.100000,0.000000,35.100000,0.000000,35.100000,0.000000,35.100000,0.050842,35.100000,0.003999,35.100000,0.000000,35.100000,0.018201,35.100000,0.000000,35.100000,0.000000,35.100000,0.000000,35.100000,0.000000,
35.300000,0.000000,35.300000,0.000000,35.300000,0.020497,35.300000,0.000000,35.300000,0.001386,35.300000,0.075997,35.300000,0.000000,35.300000,0.000000,35.300000,0.000000,35.300000,0.000000,35.300000,0.000000,35.300000,0.000000,35.300000,0.000000,35.300000,0.000000,35.300000,0.000000,35.300000,0.049852,35.300000,0.003635,35.300000,0.000000,35.300000,0.017265,35.300000,0.000000,35.300000,0.000000,35.300000,0.000000,35.300000,0.000000,
35.500000,0.000000,35.500000,0.000000,35.500000,0.019972,35.500000,0.000000,35.500000,0.001386,35.500000,0.074268,35.500000,0.000000,35.500000,0.000000,35.500000,0.000000,35.500000,0.000000,35.500000,0.000000,35.500000,0.000000,35.500000,0.000000,35.500000,0.000000,35.500000,0.000000,35.500000,0.048711,35.500000,0.003453,35.500000,0.000000,35.500000,0.016516,35.500000,0.000000,35.500000,0.000000,35.500000,0.000000,35.500000,0.000000,
35.700000,0.000000,35.700000,0.000000,35.700000,0.019447,35.700000,0.000000,35.700000,0.001386,35.700000,0.073115,35.700000,0.000000,35.700000,0.000000,35.700000,0.000000,35.700000,0.000000,35.700000,0.000000,35.700000,0.000000,35.700000,0.000000,35.700000,0.000000,35.700000,0.000000,35.700000,0.047950,35.700000,0.003272,35.700000,0.000000,35.700000,0.015891,35.700000,0.000000,35.700000,0.000000,35.700000,0.000000,35.700000,0.000000,
35.900000,0.000000,35.900000,0.000000,35.900000,0.019108,35.900000,0.000000,35.900000,0.001386,35.900000,0.071715,35.900000,0.000000,35.900000,0.000000,35.900000,0.000000,35.900000,0.000000,35.900000,0.000000,35.900000,0.000000,35.900000,0.000000,35.900000,0.000000,35.900000,0.000000,35.900000,0.046960,35.900000,0.003272,35.900000,0.000000,35.900000,0.015360,35.900000,0.000000,35.900000,0.000000,35.900000,0.000000,35.900000,0.000000,
36.100000,0.000000,36.100000,0.000000,36.100000,0.018490,36.100000,0.000000,36.100000,0.001386,36.100000,0.070480,36.100000,0.000000,36.100000,0.000000,36.100000,0.000000,36.100000,0.000000,36.100000,0.000000,36.100000,0.000000,36.100000,0.000000,36.100000,0.000000,36.100000,0.000000,36.100000,0.046199,36.100000,0.003090,36.100000,0.000000,36.100000,0.014892,36.100000,0.000000,36.100000,0.000000,36.100000,0.000000,36.100000,0.000000,
36.300000,0.000000,36.300000,0.000000,36.300000,0.017873,36.300000,0.000000,36.300000,0.001386,36.300000,0.069081,36.300000,0.000000,36.300000,0.000000,36.300000,0.000000,36.300000,0.000000,36.300000,0.000000,36.300000,0.000000,36.300000,0.000000,36.300000,0.000000,36.300000,0.000000,36.300000,0.045362,36.300000,0.002908,36.300000,0.000000,36.300000,0.014549,36.300000,0.000000,36.300000,0.000000,36.300000,0.000000,36.300000,0.000000,
36.500000,0.000000,36.500000,0.000000,36.500000,0.017441,36.500000,0.000000,36.500000,0.001386,36.500000,0.068175,36.500000,0.000000,36.500000,0.000000,36.500000,0.000000,36.500000,0.000000,36.500000,0.000000,36.500000,0.000000,36.500000,0.000000,36.500000,0.000000,36.500000,0.000000,36.500000,0.044144,36.500000,0.002726,36.500000,0.000000,36.500000,0.014330,36.500000,0.000000,36.500000,0.000000,36.500000,0.000000,36.500000,0.000000,
36.700000,0.000000,36.700000,0.000000,36.700000,0.017132,36.700000,0.000000,36.700000,0.001386,36.700000,0.067516,36.700000,0.000000,36.700000,0.000000,36.700000,0.000000,36.700000,0.000000,36.700000,0.000000,36.700000,0.000000,36.700000,0.000000,36.700000,0.000000,36.700000,0.000000,36.700000,0.042774,36.700000,0.002726,36.700000,0.000000,36.700000,0.014018,36.700000,0.000000,36.700000,0.000000,36.700000,0.000000,36.700000,0.000000,
36.900000,0.000000,36.900000,0.000000,36.900000,0.016762,36.900000,0.000000,36.900000,0.001386,36.900000,0.066858,36.900000,0.000000,36.900000,0.000000,36.900000,0.000000,36.900000,0.000000,36.900000,0.000000,36.900000,0.000000,36.900000,0.000000,36.900000,0.000000,36.900000,0.000000,36.900000,0.041937,36.900000,0.002726,36.900000,0.000000,36.900000,0.013768,36.900000,0.000000,36.900000,0.000000,36.900000,0.000000,36.900000,0.000000,
37.100000,0.000000,37.100000,0.000000,37.100000,0.016484,37.100000,0.000000,37.100000,0.001386,37.100000,0.065869,37.100000,0.000000,37.100000,0.000000,37.100000,0.000000,37.100000,0.000000,37.100000,0.000000,37.100000,0.000000,37.100000,0.000000,37.100000,0.000000,37.100000,0.000000,37.100000,0.040795,37.100000,0.002726,37.100000,0.000000,37.100000,0.013518,37.100000,0.000000,37.100000,0.000000,37.100000,0.000000,37.100000,0.000000,
37.300000,0.000000,37.300000,0.000000,37.300000,0.016330,37.300000,0.000000,37.300000,0.001386,37.300000,0.065211,37.300000,0.000000,37.300000,0.000000,37.300000,0.000000,37.300000,0.000000,37.300000,0.000000,37.300000,0.000000,37.300000,0.000000,37.300000,0.000000,37.300000,0.000000,37.300000,0.040491,37.300000,0.002726,37.300000,0.000000,37.300000,0.013300,37.300000,0.000000,37.300000,0.000000,37.300000,0.000000,37.300000,0.000000,
37.500000,0.000000,37.500000,0.000000,37.500000,0.016083,37.500000,0.000000,37.500000,0.001386,37.500000,0.064140,37.500000,0.000000,37.500000,0.000000,37.500000,0.000000,37.500000,0.000000,37.500000,0.000000,37.500000,0.000000,37.500000,0.000000,37.500000,0.000000,37.500000,0.000000,37.500000,0.039882,37.500000,0.002726,37.500000,0.000000,37.500000,0.012894,37.500000,0.000000,37.500000,0.000000,37.500000,0.000000,37.500000,0.000000,
37.700000,0.000000,37.700000,0.000000,37.700000,0.015990,37.700000,0.000000,37.700000,0.001386,37.700000,0.063070,37.700000,0.000000,37.700000,0.000000,37.700000,0.000000,37.700000,0.000000,37.700000,0.000000,37.700000,0.000000,37.700000,0.000000,37.700000,0.000000,37.700000,0.000000,37.700000,0.039349,37.700000,0.002726,37.700000,0.000000,37.700000,0.012613,37.700000,0.000000,37.700000,0.000000,37.700000,0.000000,37.700000,0.000000,
37.900000,0.000000,37.900000,0.000000,37.900000,0.015928,37.900000,0.000000,37.900000,0.001386,37.900000,0.062329,37.900000,0.000000,37.900000,0.000000,37.900000,0.000000,37.900000,0.000000,37.900000,0.000000,37.900000,0.000000,37.900000,0.000000,37.900000,0.000000,37.900000,0.000000,37.900000,0.038740,37.900000,0.002363,37.900000,0.000000,37.900000,0.012363,37.900000,0.000000,37.900000,0.000000,37.900000,0.000000,37.900000,0.000000,
38.100000,0.000000,38.100000,0.000000,38.100000,0.015866,38.100000,0.000000,38.100000,0.001386,38.100000,0.061753,38.100000,0.000000,38.100000,0.000000,38.100000,0.000000,38.100000,0.000000,38.100000,0.000000,38.100000,0.000000,38.100000,0.000000,38.100000,0.000000,38.100000,0.000000,38.100000,0.038436,38.100000,0.002363,38.100000,0.000000,38.100000,0.012145,38.100000,0.000000,38.100000,0.000000,38.100000,0.000000,38.100000,0.000000,
38.300000,0.000000,38.300000,0.000000,38.300000,0.015681,38.300000,0.000000,38.300000,0.001386,38.300000,0.061012,38.300000,0.000000,38.300000,0.000000,38.300000,0.000000,38.300000,0.000000,38.300000,0.000000,38.300000,0.000000,38.300000,0.000000,38.300000,0.000000,38.300000,0.000000,38.300000,0.038360,38.300000,0.002363,38.300000,0.000000,38.300000,0.011864,38.300000,0.000000,38.300000,0.000000,38.300000,0.000000,38.300000,0.000000,
38.500000,0.000000,38.500000,0.000000,38.500000,0.015650,38.500000,0.000000,38.500000,0.001386,38.500000,0.060106,38.500000,0.000000,38.500000,0.000000,38.500000,0.000000,38.500000,0.000000,38.500000,0.000000,38.500000,0.000000,38.500000,0.000000,38.500000,0.000000,38.500000,0.000000,38.500000,0.037751,38.500000,0.002363,38.500000,0.000000,38.500000,0.011739,38.500000,0.000000,38.500000,0.000000,38.500000,0.000000,38.500000,0.000000,
38.700000,0.000000,38.700000,0.000000,38.700000,0.015558,38.700000,0.000000,38.700000,0.001386,38.700000,0.059612,38.700000,0.000000,38.700000,0.000000,38.700000,0.000000,38.700000,0.000000,38.700000,0.000000,38.700000,0.000000,38.700000,0.000000,38.700000,0.000000,38.700000,0.000000,38.700000,0.037218,38.700000,0.001999,38.700000,0.000000,38.700000,0.011676,38.700000,0.000000,38.700000,0.000000,38.700000,0.000000,38.700000,0.000000,
38.900000,0.000000,38.900000,0.000000,38.900000,0.015496,38.900000,0.000000,38.900000,0.001386,38.900000,0.059283,38.900000,0.000000,38.900000,0.000000,38.900000,0.000000,38.900000,0.000000,38.900000,0.000000,38.900000,0.000000,38.900000,0.000000,38.900000,0.000000,38.900000,0.000000,38.900000,0.036761,38.900000,0.001999,38.900000,0.000000,38.900000,0.011239,38.900000,0.000000,38.900000,0.000000,38.900000,0.000000,38.900000,0.000000,
39.100000,0.000000,39.100000,0.000000,39.100000,0.015249,39.100000,0.000000,39.100000,0.001386,39.100000,0.058542,39.100000,0.000000,39.100000,0.000000,39.100000,0.000000,39.100000,0.000000,39.100000,0.000000,39.100000,0.000000,39.100000,0.000000,39.100000,0.000000,39.100000,0.000000,39.100000,0.036381,39.100000,0.001999,39.100000,0.000000,39.100000,0.010958,39.100000,0.000000,39.100000,0.000000,39.100000,0.000000,39.100000,0.000000,
39.300000,0.000000,39.300000,0.000000,39.300000,0.015218,39.300000,0.000000,39.300000,0.001386,39.300000,0.057800,39.300000,0.000000,39.300000,0.000000,39.300000,0.000000,39.300000,0.000000,39.300000,0.000000,39.300000,0.000000,39.300000,0.000000,39.300000,0.000000,39.300000,0.000000,39.300000,0.036076,39.300000,0.001999,39.300000,0.000000,39.300000,0.010865,39.300000,0.000000,39.300000,0.000000,39.300000,0.000000,39.300000,0.000000,
39.500000,0.000000,39.500000,0.000000,39.500000,0.015157,39.500000,0.000000,39.500000,0.001386,39.500000,0.057389,39.500000,0.000000,39.500000,0.000000,39.500000,0.000000,39.500000,0.000000,39.500000,0.000000,39.500000,0.000000,39.500000,0.000000,39.500000,0.000000,39.500000,0.000000,39.500000,0.035848,39.500000,0.001999,39.500000,0.000000,39.500000,0.010646,39.500000,0.000000,39.500000,0.000000,39.500000,0.000000,39.500000,0.000000,
39.700000,0.000000,39.700000,0.000000,39.700000,0.015002,39.700000,0.000000,39.700000,0.001386,39.700000,0.056730,39.700000,0.000000,39.700000,0.000000,39.700000,0.000000,39.700000,0.000000,39.700000,0.000000,39.700000,0.000000,39.700000,0.000000,39.700000,0.000000,39.700000,0.000000,39.700000,0.035468,39.700000,0.001999,39.700000,0.000000,39.700000,0.010521,39.700000,0.000000,39.700000,0.000000,39.700000,0.000000,39.700000,0.000000,
39.900000,0.000000,39.900000,0.000000,39.900000,0.014910,39.900000,0.000000,39.900000,0.001386,39.900000,0.056483,39.900000,0.000000,39.900000,0.000000,39.900000,0.000000,39.900000,0.000000,39.900000,0.000000,39.900000,0.000000,39.900000,0.000000,39.900000,0.000000,39.900000,0.000000,39.900000,0.034935,39.900000,0.001818,39.900000,0.000000,39.900000,0.010272,39.900000,0.000000,39.900000,0.000000,39.900000,0.000000,39.900000,0.000000,
40.100000,0.000000,40.100000,0.000000,40.100000,0.014817,40.100000,0.000000,40.100000,0.001386,40.100000,0.056071,40.100000,0.000000,40.100000,0.000000,40.100000,0.000000,40.100000,0.000000,40.100000,0.000000,40.100000,0.000000,40.100000,0.000000,40.100000,0.000000,40.100000,0.000000,40.100000,0.034250,40.100000,0.001818,40.100000,0.000000,40.100000,0.010178,40.100000,0.000000,40.100000,0.000000,40.100000,0.000000,40.100000,0.000000,
40.300000,0.000000,40.300000,0.000000,40.300000,0.014755,40.300000,0.000000,40.300000,0.001386,40.300000,0.055166,40.300000,0.000000,40.300000,0.000000,40.300000,0.000000,40.300000,0.000000,40.300000,0.000000,40.300000,0.000000,40.300000,0.000000,40.300000,0.000000,40.300000,0.000000,40.300000,0.033717,40.300000,0.001818,40.300000,0.000000,40.300000,0.010053,40.300000,0.000000,40.300000,0.000000,40.300000,0.000000,40.300000,0.000000,
40.500000,0.000000,40.500000,0.000000,40.500000,0.014663,40.500000,0.000000,40.500000,0.001386,40.500000,0.054342,40.500000,0.000000,40.500000,0.000000,40.500000,0.000000,40.500000,0.000000,40.500000,0.000000,40.500000,0.000000,40.500000,0.000000,40.500000,0.000000,40.500000,0.000000,40.500000,0.033336,40.500000,0.001818,40.500000,0.000000,40.500000,0.009959,40.500000,0.000000,40.500000,0.000000,40.500000,0.000000,40.500000,0.000000,
40.700000,0.000000,40.700000,0.000000,40.700000,0.014632,40.700000,0.000000,40.700000,0.001213,40.700000,0.053848,40.700000,0.000000,40.700000,0.000000,40.700000,0.000000,40.700000,0.000000,40.700000,0.000000,40.700000,0.000000,40.700000,0.000000,40.700000,0.000000,40.700000,0.000000,40.700000,0.032956,40.700000,0.001636,40.700000,0.000000,40.700000,0.009772,40.700000,0.000000,40.700000,0.000000,40.700000,0.000000,40.700000,0.000000,
40.900000,0.000000,40.900000,0.000000,40.900000,0.014385,40.900000,0.000000,40.900000,0.001213,40.900000,0.053025,40.900000,0.000000,40.900000,0.000000,40.900000,0.000000,40.900000,0.000000,40.900000,0.000000,40.900000,0.000000,40.900000,0.000000,40.900000,0.000000,40.900000,0.000000,40.900000,0.032651,40.900000,0.001636,40.900000,0.000000,40.900000,0.009647,40.900000,0.000000,40.900000,0.000000,40.900000,0.000000,40.900000,0.000000,
41.100000,0.000000,41.100000,0.000000,41.100000,0.014292,41.100000,0.000000,41.100000,0.001213,41.100000,0.052613,41.100000,0.000000,41.100000,0.000000,41.100000,0.000000,41.100000,0.000000,41.100000,0.000000,41.100000,0.000000,41.100000,0.000000,41.100000,0.000000,41.100000,0.000000,41.100000,0.032499,41.100000,0.001636,41.100000,0.000000,41.100000,0.009522,41.100000,0.000000,41.100000,0.000000,41.100000,0.000000,41.100000,0.000000,
41.300000,0.000000,41.300000,0.000000,41.300000,0.014200,41.300000,0.000000,41.300000,0.001040,41.300000,0.051955,41.300000,0.000000,41.300000,0.000000,41.300000,0.000000,41.300000,0.000000,41.300000,0.000000,41.300000,0.000000,41.300000,0.000000,41.300000,0.000000,41.300000,0.000000,41.300000,0.032043,41.300000,0.001636,41.300000,0.000000,41.300000,0.009460,41.300000,0.000000,41.300000,0.000000,41.300000,0.000000,41.300000,0.000000,
41.500000,0.000000,41.500000,0.000000,41.500000,0.014107,41.500000,0.000000,41.500000,0.001040,41.500000,0.051296,41.500000,0.000000,41.500000,0.000000,41.500000,0.000000,41.500000,0.000000,41.500000,0.000000,41.500000,0.000000,41.500000,0.000000,41.500000,0.000000,41.500000,0.000000,41.500000,0.031662,41.500000,0.001454,41.500000,0.000000,41.500000,0.009429,41.500000,0.000000,41.500000,0.000000,41.500000,0.000000,41.500000,0.000000,
41.700000,0.000000,41.700000,0.000000,41.700000,0.014045,41.700000,0.000000,41.700000,0.001040,41.700000,0.050637,41.700000,0.000000,41.700000,0.000000,41.700000,0.000000,41.700000,0.000000,41.700000,0.000000,41.700000,0.000000,41.700000,0.000000,41.700000,0.000000,41.700000,0.000000,41.700000,0.031205,41.700000,0.001454,41.700000,0.000000,41.700000,0.009335,41.700000,0.000000,41.700000,0.000000,41.700000,0.000000,41.700000,0.000000,
41.900000,0.000000,41.900000,0.000000,41.900000,0.013984,41.900000,0.000000,41.900000,0.001040,41.900000,0.049978,41.900000,0.000000,41.900000,0.000000,41.900000,0.000000,41.900000,0.000000,41.900000,0.000000,41.900000,0.000000,41.900000,0.000000,41.900000,0.000000,41.900000,0.000000,41.900000,0.030977,41.900000,0.001454,41.900000,0.000000,41.900000,0.009272,41.900000,0.000000,41.900000,0.000000,41.900000,0.000000,41.900000,0.000000,
42.100000,0.000000,42.100000,0.000000,42.100000,0.013829,42.100000,0.000000,42.100000,0.001040,42.100000,0.049567,42.100000,0.000000,42.100000,0.000000,42.100000,0.000000,42.100000,0.000000,42.100000,0.000000,42.100000,0.000000,42.100000,0.000000,42.100000,0.000000,42.100000,0.000000,42.100000,0.030444,42.100000,0.001454,42.100000,0.000000,42.100000,0.009179,42.100000,0.000000,42.100000,0.000000,42.100000,0.000000,42.100000,0.000000,
42.300000,0.000000,42.300000,0.000000,42.300000,0.013706,42.300000,0.000000,42.300000,0.000866,42.300000,0.048661,42.300000,0.000000,42.300000,0.000000,42.300000,0.000000,42.300000,0.000000,42.300000,0.000000,42.300000,0.000000,42.300000,0.000000,42.300000,0.000000,42.300000,0.000000,42.300000,0.029988,42.300000,0.001454,42.300000,0.000000,42.300000,0.009085,42.300000,0.000000,42.300000,0.000000,42.300000,0.000000,42.300000,0.000000,
42.500000,0.000000,42.500000,0.000000,42.500000,0.013551,42.500000,0.000000,42.500000,0.000866,42.500000,0.048249,42.500000,0.000000,42.500000,0.000000,42.500000,0.000000,42.500000,0.000000,42.500000,0.000000,42.500000,0.000000,42.500000,0.000000,42.500000,0.000000,42.500000,0.000000,42.500000,0.029379,42.500000,0.001454,42.500000,0.000000,42.500000,0.008991,42.500000,0.000000,42.500000,0.000000,42.500000,0.000000,42.500000,0.000000,
42.700000,0.000000,42.700000,0.000000,42.700000,0.013490,42.700000,0.000000,42.700000,0.000693,42.700000,0.047673,42.700000,0.000000,42.700000,0.000000,42.700000,0.000000,42.700000,0.000000,42.700000,0.000000,42.700000,0.000000,42.700000,0.000000,42.700000,0.000000,42.700000,0.000000,42.700000,0.028998,42.700000,0.001454,42.700000,0.000000,42.700000,0.008929,42.700000,0.000000,42.700000,0.000000,42.700000,0.000000,42.700000,0.000000,
42.900000,0.000000,42.900000,0.000000,42.900000,0.013366,42.900000,0.000000,42.900000,0.000520,42.900000,0.046850,42.900000,0.000000,42.900000,0.000000,42.900000,0.000000,42.900000,0.000000,42.900000,0.000000,42.900000,0.000000,42.900000,0.000000,42.900000,0.000000,42.900000,0.000000,42.900000,0.028922,42.900000,0.001454,42.900000,0.000000,42.900000,0.008898,42.900000,0.000000,42.900000,0.000000,42.900000,0.000000,42.900000,0.000000,
43.100000,0.000000,43.100000,0.000000,43.100000,0.013366,43.100000,0.000000,43.100000,0.000520,43.100000,0.046520,43.100000,0.000000,43.100000,0.000000,43.100000,0.000000,43.100000,0.000000,43.100000,0.000000,43.100000,0.000000,43.100000,0.000000,43.100000,0.000000,43.100000,0.000000,43.100000,0.028541,43.100000,0.001454,43.100000,0.000000,43.100000,0.008742,43.100000,0.000000,43.100000,0.000000,43.100000,0.000000,43.100000,0.000000,
43.300000,0.000000,43.300000,0.000000,43.300000,0.013335,43.300000,0.000000,43.300000,0.000520,43.300000,0.046273,43.300000,0.000000,43.300000,0.000000,43.300000,0.000000,43.300000,0.000000,43.300000,0.000000,43.300000,0.000000,43.300000,0.000000,43.300000,0.000000,43.300000,0.000000,43.300000,0.028237,43.300000,0.001454,43.300000,0.000000,43.300000,0.008648,43.300000,0.000000,43.300000,0.000000,43.300000,0.000000,43.300000,0.000000,
43.500000,0.000000,43.500000,0.000000,43.500000,0.013274,43.500000,0.000000,43.500000,0.000520,43.500000,0.045779,43.500000,0.000000,43.500000,0.000000,43.500000,0.000000,43.500000,0.000000,43.500000,0.000000,43.500000,0.000000,43.500000,0.000000,43.500000,0.000000,43.500000,0.000000,43.500000,0.027704,43.500000,0.001454,43.500000,0.000000,43.500000,0.008586,43.500000,0.000000,43.500000,0.000000,43.500000,0.000000,43.500000,0.000000,
43.700000,0.000000,43.700000,0.000000,43.700000,0.013150,43.700000,0.000000,43.700000,0.000520,43.700000,0.044956,43.700000,0.000000,43.700000,0.000000,43.700000,0.000000,43.700000,0.000000,43.700000,0.000000,43.700000,0.000000,43.700000,0.000000,43.700000,0.000000,43.700000,0.000000,43.700000,0.027400,43.700000,0.001454,43.700000,0.000000,43.700000,0.008586,43.700000,0.000000,43.700000,0.000000,43.700000,0.000000,43.700000,0.000000,
43.900000,0.000000,43.900000,0.000000,43.900000,0.013027,43.900000,0.000000,43.900000,0.000347,43.900000,0.044297,43.900000,0.000000,43.900000,0.000000,43.900000,0.000000,43.900000,0.000000,43.900000,0.000000,43.900000,0.000000,43.900000,0.000000,43.900000,0.000000,43.900000,0.000000,43.900000,0.026791,43.900000,0.001454,43.900000,0.000000,43.900000,0.008492,43.900000,0.000000,43.900000,0.000000,43.900000,0.000000,43.900000,0.000000,
44.100000,0.000000,44.100000,0.000000,44.100000,0.012903,44.100000,0.000000,44.100000,0.000347,44.100000,0.043721,44.100000,0.000000,44.100000,0.000000,44.100000,0.000000,44.100000,0.000000,44.100000,0.000000,44.100000,0.000000,44.100000,0.000000,44.100000,0.000000,44.100000,0.000000,44.100000,0.026486,44.100000,0.001454,44.100000,0.000000,44.100000,0.008336,44.100000,0.000000,44.100000,0.000000,44.100000,0.000000,44.100000,0.000000,
44.300000,0.000000,44.300000,0.000000,44.300000,0.012872,44.300000,0.000000,44.300000,0.000347,44.300000,0.042980,44.300000,0.000000,44.300000,0.000000,44.300000,0.000000,44.300000,0.000000,44.300000,0.000000,44.300000,0.000000,44.300000,0.000000,44.300000,0.000000,44.300000,0.000000,44.300000,0.026334,44.300000,0.001454,44.300000,0.000000,44.300000,0.008242,44.300000,0.000000,44.300000,0.000000,44.300000,0.000000,44.300000,0.000000,
44.500000,0.000000,44.500000,0.000000,44.500000,0.012780,44.500000,0.000000,44.500000,0.000347,44.500000,0.042568,44.500000,0.000000,44.500000,0.000000,44.500000,0.000000,44.500000,0.000000,44.500000,0.000000,44.500000,0.000000,44.500000,0.000000,44.500000,0.000000,44.500000,0.000000,44.500000,0.025954,44.500000,0.001454,44.500000,0.000000,44.500000,0.008180,44.500000,0.000000,44.500000,0.000000,44.500000,0.000000,44.500000,0.000000,
44.700000,0.000000,44.700000,0.000000,44.700000,0.012718,44.700000,0.000000,44.700000,0.000347,44.700000,0.041992,44.700000,0.000000,44.700000,0.000000,44.700000,0.000000,44.700000,0.000000,44.700000,0.000000,44.700000,0.000000,44.700000,0.000000,44.700000,0.000000,44.700000,0.000000,44.700000,0.025497,44.700000,0.001454,44.700000,0.000000,44.700000,0.008117,44.700000,0.000000,44.700000,0.000000,44.700000,0.000000,44.700000,0.000000,
44.900000,0.000000,44.900000,0.000000,44.900000,0.012409,44.900000,0.000000,44.900000,0.000173,44.900000,0.041498,44.900000,0.000000,44.900000,0.000000,44.900000,0.000000,44.900000,0.000000,44.900000,0.000000,44.900000,0.000000,44.900000,0.000000,44.900000,0.000000,44.900000,0.000000,44.900000,0.025193,44.900000,0.001454,44.900000,0.000000,44.900000,0.008055,44.900000,0.000000,44.900000,0.000000,44.900000,0.000000,44.900000,0.000000,
45.100000,0.000000,45.100000,0.000000,45.100000,0.012224,45.100000,0.000000,45.100000,0.000173,45.100000,0.041004,45.100000,0.000000,45.100000,0.000000,45.100000,0.000000,45.100000,0.000000,45.100000,0.000000,45.100000,0.000000,45.100000,0.000000,45.100000,0.000000,45.100000,0.000000,45.100000,0.024812,45.100000,0.001454,45.100000,0.000000,45.100000,0.007930,45.100000,0.000000,45.100000,0.000000,45.100000,0.000000,45.100000,0.000000,
45.300000,0.000000,45.300000,0.000000,45.300000,0.012162,45.300000,0.000000,45.300000,0.000173,45.300000,0.040592,45.300000,0.000000,45.300000,0.000000,45.300000,0.000000,45.300000,0.000000,45.300000,0.000000,45.300000,0.000000,45.300000,0.000000,45.300000,0.000000,45.300000,0.000000,45.300000,0.024355,45.300000,0.001454,45.300000,0.000000,45.300000,0.007868,45.300000,0.000000,45.300000,0.000000,45.300000,0.000000,45.300000,0.000000,
45.500000,0.000000,45.500000,0.000000,45.500000,0.012070,45.500000,0.000000,45.500000,0.000173,45.500000,0.039933,45.500000,0.000000,45.500000,0.000000,45.500000,0.000000,45.500000,0.000000,45.500000,0.000000,45.500000,0.000000,45.500000,0.000000,45.500000,0.000000,45.500000,0.000000,45.500000,0.024127,45.500000,0.001454,45.500000,0.000000,45.500000,0.007774,45.500000,0.000000,45.500000,0.000000,45.500000,0.000000,45.500000,0.000000,
45.700000,0.000000,45.700000,0.000000,45.700000,0.011915,45.700000,0.000000,45.700000,0.000000,45.700000,0.039686,45.700000,0.000000,45.700000,0.000000,45.700000,0.000000,45.700000,0.000000,45.700000,0.000000,45.700000,0.000000,45.700000,0.000000,45.700000,0.000000,45.700000,0.000000,45.700000,0.023290,45.700000,0.001454,45.700000,0.000000,45.700000,0.007774,45.700000,0.000000,45.700000,0.000000,45.700000,0.000000,45.700000,0.000000,
45.900000,0.000000,45.900000,0.000000,45.900000,0.011699,45.900000,0.000000,45.900000,0.000000,45.900000,0.039357,45.900000,0.000000,45.900000,0.000000,45.900000,0.000000,45.900000,0.000000,45.900000,0.000000,45.900000,0.000000,45.900000,0.000000,45.900000,0.000000,45.900000,0.000000,45.900000,0.022985,45.900000,0.001454,45.900000,0.000000,45.900000,0.007618,45.900000,0.000000,45.900000,0.000000,45.900000,0.000000,45.900000,0.000000,
46.100000,0.000000,46.100000,0.000000,46.100000,0.011329,46.100000,0.000000,46.100000,0.000000,46.100000,0.038204,46.100000,0.000000,46.100000,0.000000,46.100000,0.000000,46.100000,0.000000,46.100000,0.000000,46.100000,0.000000,46.100000,0.000000,46.100000,0.000000,46.100000,0.000000,46.100000,0.022757,46.100000,0.001454,46.100000,0.000000,46.100000,0.007524,46.100000,0.000000,46.100000,0.000000,46.100000,0.000000,46.100000,0.000000,
46.300000,0.000000,46.300000,0.000000,46.300000,0.011267,46.300000,0.000000,46.300000,0.000000,46.300000,0.037875,46.300000,0.000000,46.300000,0.000000,46.300000,0.000000,46.300000,0.000000,46.300000,0.000000,46.300000,0.000000,46.300000,0.000000,46.300000,0.000000,46.300000,0.000000,46.300000,0.022605,46.300000,0.001454,46.300000,0.000000,46.300000,0.007430,46.300000,0.000000,46.300000,0.000000,46.300000,0.000000,46.300000,0.000000,
46.500000,0.000000,46.500000,0.000000,46.500000,0.011082,46.500000,0.000000,46.500000,0.000000,46.500000,0.037134,46.500000,0.000000,46.500000,0.000000,46.500000,0.000000,46.500000,0.000000,46.500000,0.000000,46.500000,0.000000,46.500000,0.000000,46.500000,0.000000,46.500000,0.000000,46.500000,0.021996,46.500000,0.001454,46.500000,0.000000,46.500000,0.007181,46.500000,0.000000,46.500000,0.000000,46.500000,0.000000,46.500000,0.000000,
46.700000,0.000000,46.700000,0.000000,46.700000,0.010989,46.700000,0.000000,46.700000,0.000000,46.700000,0.036640,46.700000,0.000000,46.700000,0.000000,46.700000,0.000000,46.700000,0.000000,46.700000,0.000000,46.700000,0.000000,46.700000,0.000000,46.700000,0.000000,46.700000,0.000000,46.700000,0.021692,46.700000,0.001454,46.700000,0.000000,46.700000,0.006868,46.700000,0.000000,46.700000,0.000000,46.700000,0.000000,46.700000,0.000000,
46.900000,0.000000,46.900000,0.000000,46.900000,0.010804,46.900000,0.000000,46.900000,0.000000,46.900000,0.036146,46.900000,0.000000,46.900000,0.000000,46.900000,0.000000,46.900000,0.000000,46.900000,0.000000,46.900000,0.000000,46.900000,0.000000,46.900000,0.000000,46.900000,0.000000,46.900000,0.021235,46.900000,0.001454,46.900000,0.000000,46.900000,0.006837,46.900000,0.000000,46.900000,0.000000,46.900000,0.000000,46.900000,0.000000,
47.100000,0.000000,47.100000,0.000000,47.100000,0.010650,47.100000,0.000000,47.100000,0.000000,47.100000,0.035487,47.100000,0.000000,47.100000,0.000000,47.100000,0.000000,47.100000,0.000000,47.100000,0.000000,47.100000,0.000000,47.100000,0.000000,47.100000,0.000000,47.100000,0.000000,47.100000,0.020854,47.100000,0.001454,47.100000,0.000000,47.100000,0.006744,47.100000,0.000000,47.100000,0.000000,47.100000,0.000000,47.100000,0.000000,
47.300000,0.000000,47.300000,0.000000,47.300000,0.010557,47.300000,0.000000,47.300000,0.000000,47.300000,0.034746,47.300000,0.000000,47.300000,0.000000,47.300000,0.000000,47.300000,0.000000,47.300000,0.000000,47.300000,0.000000,47.300000,0.000000,47.300000,0.000000,47.300000,0.000000,47.300000,0.020398,47.300000,0.001454,47.300000,0.000000,47.300000,0.006556,47.300000,0.000000,47.300000,0.000000,47.300000,0.000000,47.300000,0.000000,
47.500000,0.000000,47.500000,0.000000,47.500000,0.010248,47.500000,0.000000,47.500000,0.000000,47.500000,0.033840,47.500000,0.000000,47.500000,0.000000,47.500000,0.000000,47.500000,0.000000,47.500000,0.000000,47.500000,0.000000,47.500000,0.000000,47.500000,0.000000,47.500000,0.000000,47.500000,0.020093,47.500000,0.001454,47.500000,0.000000,47.500000,0.006431,47.500000,0.000000,47.500000,0.000000,47.500000,0.000000,47.500000,0.000000,
47.700000,0.000000,47.700000,0.000000,47.700000,0.010001,47.700000,0.000000,47.700000,0.000000,47.700000,0.032935,47.700000,0.000000,47.700000,0.000000,47.700000,0.000000,47.700000,0.000000,47.700000,0.000000,47.700000,0.000000,47.700000,0.000000,47.700000,0.000000,47.700000,0.000000,47.700000,0.019789,47.700000,0.001454,47.700000,0.000000,47.700000,0.006400,47.700000,0.000000,47.700000,0.000000,47.700000,0.000000,47.700000,0.000000,
47.900000,0.000000,47.900000,0.000000,47.900000,0.009754,47.900000,0.000000,47.900000,0.000000,47.900000,0.032441,47.900000,0.000000,47.900000,0.000000,47.900000,0.000000,47.900000,0.000000,47.900000,0.000000,47.900000,0.000000,47.900000,0.000000,47.900000,0.000000,47.900000,0.000000,47.900000,0.019332,47.900000,0.001454,47.900000,0.000000,47.900000,0.006213,47.900000,0.000000,47.900000,0.000000,47.900000,0.000000,47.900000,0.000000,
48.100000,0.000000,48.100000,0.000000,48.100000,0.009538,48.100000,0.000000,48.100000,0.000000,48.100000,0.031782,48.100000,0.000000,48.100000,0.000000,48.100000,0.000000,48.100000,0.000000,48.100000,0.000000,48.100000,0.000000,48.100000,0.000000,48.100000,0.000000,48.100000,0.000000,48.100000,0.018875,48.100000,0.001454,48.100000,0.000000,48.100000,0.006150,48.100000,0.000000,48.100000,0.000000,48.100000,0.000000,48.100000,0.000000,
48.300000,0.000000,48.300000,0.000000,48.300000,0.009353,48.300000,0.000000,48.300000,0.000000,48.300000,0.031288,48.300000,0.000000,48.300000,0.000000,48.300000,0.000000,48.300000,0.000000,48.300000,0.000000,48.300000,0.000000,48.300000,0.000000,48.300000,0.000000,48.300000,0.000000,48.300000,0.018343,48.300000,0.001454,48.300000,0.000000,48.300000,0.006119,48.300000,0.000000,48.300000,0.000000,48.300000,0.000000,48.300000,0.000000,
48.500000,0.000000,48.500000,0.000000,48.500000,0.009137,48.500000,0.000000,48.500000,0.000000,48.500000,0.031041,48.500000,0.000000,48.500000,0.000000,48.500000,0.000000,48.500000,0.000000,48.500000,0.000000,48.500000,0.000000,48.500000,0.000000,48.500000,0.000000,48.500000,0.000000,48.500000,0.017658,48.500000,0.001454,48.500000,0.000000,48.500000,0.006088,48.500000,0.000000,48.500000,0.000000,48.500000,0.000000,48.500000,0.000000,
48.700000,0.000000,48.700000,0.000000,48.700000,0.008921,48.700000,0.000000,48.700000,0.000000,48.700000,0.030629,48.700000,0.000000,48.700000,0.000000,48.700000,0.000000,48.700000,0.000000,48.700000,0.000000,48.700000,0.000000,48.700000,0.000000,48.700000,0.000000,48.700000,0.000000,48.700000,0.017353,48.700000,0.001454,48.700000,0.000000,48.700000,0.005932,48.700000,0.000000,48.700000,0.000000,48.700000,0.000000,48.700000,0.000000,
48.900000,0.000000,48.900000,0.000000,48.900000,0.008612,48.900000,0.000000,48.900000,0.000000,48.900000,0.030053,48.900000,0.000000,48.900000,0.000000,48.900000,0.000000,48.900000,0.000000,48.900000,0.000000,48.900000,0.000000,48.900000,0.000000,48.900000,0.000000,48.900000,0.000000,48.900000,0.017049,48.900000,0.001454,48.900000,0.000000,48.900000,0.005838,48.900000,0.000000,48.900000,0.000000,48.900000,0.000000,48.900000,0.000000,
49.100000,0.000000,49.100000,0.000000,49.100000,0.008273,49.100000,0.000000,49.100000,0.000000,49.100000,0.029724,49.100000,0.000000,49.100000,0.000000,49.100000,0.000000,49.100000,0.000000,49.100000,0.000000,49.100000,0.000000,49.100000,0.000000,49.100000,0.000000,49.100000,0.000000,49.100000,0.016592,49.100000,0.001454,49.100000,0.000000,49.100000,0.005682,49.100000,0.000000,49.100000,0.000000,49.100000,0.000000,49.100000,0.000000,
49.300000,0.000000,49.300000,0.000000,49.300000,0.008149,49.300000,0.000000,49.300000,0.000000,49.300000,0.029147,49.300000,0.000000,49.300000,0.000000,49.300000,0.000000,49.300000,0.000000,49.300000,0.000000,49.300000,0.000000,49.300000,0.000000,49.300000,0.000000,49.300000,0.000000,49.300000,0.016288,49.300000,0.001454,49.300000,0.000000,49.300000,0.005620,49.300000,0.000000,49.300000,0.000000,49.300000,0.000000,49.300000,0.000000,
49.500000,0.000000,49.500000,0.000000,49.500000,0.007872,49.500000,0.000000,49.500000,0.000000,49.500000,0.028571,49.500000,0.000000,49.500000,0.000000,49.500000,0.000000,49.500000,0.000000,49.500000,0.000000,49.500000,0.000000,49.500000,0.000000,49.500000,0.000000,49.500000,0.000000,49.500000,0.015907,49.500000,0.001454,49.500000,0.000000,49.500000,0.005588,49.500000,0.000000,49.500000,0.000000,49.500000,0.000000,49.500000,0.000000,
49.700000,0.000000,49.700000,0.000000,49.700000,0.007686,49.700000,0.000000,49.700000,0.000000,49.700000,0.027830,49.700000,0.000000,49.700000,0.000000,49.700000,0.000000,49.700000,0.000000,49.700000,0.000000,49.700000,0.000000,49.700000,0.000000,49.700000,0.000000,49.700000,0.000000,49.700000,0.015146,49.700000,0.001454,49.700000,0.000000,49.700000,0.005307,49.700000,0.000000,49.700000,0.000000,49.700000,0.000000,49.700000,0.000000,
49.900000,0.000000,49.900000,0.000000,49.900000,0.007439,49.900000,0.000000,49.900000,0.000000,49.900000,0.027089,49.900000,0.000000,49.900000,0.000000,49.900000,0.000000,49.900000,0.000000,49.900000,0.000000,49.900000,0.000000,49.900000,0.000000,49.900000,0.000000,49.900000,0.000000,49.900000,0.014994,49.900000,0.001454,49.900000,0.000000,49.900000,0.005276,49.900000,0.000000,49.900000,0.000000,49.900000,0.000000,49.900000,0.000000,
50.100000,0.000000,50.100000,0.000000,50.100000,0.007192,50.100000,0.000000,50.100000,0.000000,50.100000,0.026842,50.100000,0.000000,50.100000,0.000000,50.100000,0.000000,50.100000,0.000000,50.100000,0.000000,50.100000,0.000000,50.100000,0.000000,50.100000,0.000000,50.100000,0.000000,50.100000,0.014385,50.100000,0.001454,50.100000,0.000000,50.100000,0.005183,50.100000,0.000000,50.100000,0.000000,50.100000,0.000000,50.100000,0.000000,
50.300000,0.000000,50.300000,0.000000,50.300000,0.007069,50.300000,0.000000,50.300000,0.000000,50.300000,0.026430,50.300000,0.000000,50.300000,0.000000,50.300000,0.000000,50.300000,0.000000,50.300000,0.000000,50.300000,0.000000,50.300000,0.000000,50.300000,0.000000,50.300000,0.000000,50.300000,0.014157,50.300000,0.001454,50.300000,0.000000,50.300000,0.004902,50.300000,0.000000,50.300000,0.000000,50.300000,0.000000,50.300000,0.000000,
50.500000,0.000000,50.500000,0.000000,50.500000,0.006760,50.500000,0.000000,50.500000,0.000000,50.500000,0.025936,50.500000,0.000000,50.500000,0.000000,50.500000,0.000000,50.500000,0.000000,50.500000,0.000000,50.500000,0.000000,50.500000,0.000000,50.500000,0.000000,50.500000,0.000000,50.500000,0.014004,50.500000,0.001454,50.500000,0.000000,50.500000,0.004839,50.500000,0.000000,50.500000,0.000000,50.500000,0.000000,50.500000,0.000000,
50.700000,0.000000,50.700000,0.000000,50.700000,0.006544,50.700000,0.000000,50.700000,0.000000,50.700000,0.025277,50.700000,0.000000,50.700000,0.000000,50.700000,0.000000,50.700000,0.000000,50.700000,0.000000,50.700000,0.000000,50.700000,0.000000,50.700000,0.000000,50.700000,0.000000,50.700000,0.013395,50.700000,0.001454,50.700000,0.000000,50.700000,0.004808,50.700000,0.000000,50.700000,0.000000,50.700000,0.000000,50.700000,0.000000,
50.900000,0.000000,50.900000,0.000000,50.900000,0.006235,50.900000,0.000000,50.900000,0.000000,50.900000,0.024125,50.900000,0.000000,50.900000,0.000000,50.900000,0.000000,50.900000,0.000000,50.900000,0.000000,50.900000,0.000000,50.900000,0.000000,50.900000,0.000000,50.900000,0.000000,50.900000,0.013091,50.900000,0.001454,50.900000,0.000000,50.900000,0.004777,50.900000,0.000000,50.900000,0.000000,50.900000,0.000000,50.900000,0.000000,
51.100000,0.000000,51.100000,0.000000,51.100000,0.006081,51.100000,0.000000,51.100000,0.000000,51.100000,0.023631,51.100000,0.000000,51.100000,0.000000,51.100000,0.000000,51.100000,0.000000,51.100000,0.000000,51.100000,0.000000,51.100000,0.000000,51.100000,0.000000,51.100000,0.000000,51.100000,0.012863,51.100000,0.001454,51.100000,0.000000,51.100000,0.004683,51.100000,0.000000,51.100000,0.000000,51.100000,0.000000,51.100000,0.000000,
51.300000,0.000000,51.300000,0.000000,51.300000,0.005834,51.300000,0.000000,51.300000,0.000000,51.300000,0.023466,51.300000,0.000000,51.300000,0.000000,51.300000,0.000000,51.300000,0.000000,51.300000,0.000000,51.300000,0.000000,51.300000,0.000000,51.300000,0.000000,51.300000,0.000000,51.300000,0.012634,51.300000,0.001454,51.300000,0.000000,51.300000,0.004621,51.300000,0.000000,51.300000,0.000000,51.300000,0.000000,51.300000,0.000000,
51.500000,0.000000,51.500000,0.000000,51.500000,0.005556,51.500000,0.000000,51.500000,0.000000,51.500000,0.022890,51.500000,0.000000,51.500000,0.000000,51.500000,0.000000,51.500000,0.000000,51.500000,0.000000,51.500000,0.000000,51.500000,0.000000,51.500000,0.000000,51.500000,0.000000,51.500000,0.012406,51.500000,0.001454,51.500000,0.000000,51.500000,0.004558,51.500000,0.000000,51.500000,0.000000,51.500000,0.000000,51.500000,0.000000,
51.700000,0.000000,51.700000,0.000000,51.700000,0.005340,51.700000,0.000000,51.700000,0.000000,51.700000,0.022478,51.700000,0.000000,51.700000,0.000000,51.700000,0.000000,51.700000,0.000000,51.700000,0.000000,51.700000,0.000000,51.700000,0.000000,51.700000,0.000000,51.700000,0.000000,51.700000,0.012025,51.700000,0.001454,51.700000,0.000000,51.700000,0.004558,51.700000,0.000000,51.700000,0.000000,51.700000,0.000000,51.700000,0.000000,
51.900000,0.000000,51.900000,0.000000,51.900000,0.005186,51.900000,0.000000,51.900000,0.000000,51.900000,0.022231,51.900000,0.000000,51.900000,0.000000,51.900000,0.000000,51.900000,0.000000,51.900000,0.000000,51.900000,0.000000,51.900000,0.000000,51.900000,0.000000,51.900000,0.000000,51.900000,0.011645,51.900000,0.001454,51.900000,0.000000,51.900000,0.004465,51.900000,0.000000,51.900000,0.000000,51.900000,0.000000,51.900000,0.000000,
52.100000,0.000000,52.100000,0.000000,52.100000,0.005062,52.100000,0.000000,52.100000,0.000000,52.100000,0.021819,52.100000,0.000000,52.100000,0.000000,52.100000,0.000000,52.100000,0.000000,52.100000,0.000000,52.100000,0.000000,52.100000,0.000000,52.100000,0.000000,52.100000,0.000000,52.100000,0.011417,52.100000,0.001454,52.100000,0.000000,52.100000,0.004246,52.100000,0.000000,52.100000,0.000000,52.100000,0.000000,52.100000,0.000000,
52.300000,0.000000,52.300000,0.000000,52.300000,0.005001,52.300000,0.000000,52.300000,0.000000,52.300000,0.021572,52.300000,0.000000,52.300000,0.000000,52.300000,0.000000,52.300000,0.000000,52.300000,0.000000,52.300000,0.000000,52.300000,0.000000,52.300000,0.000000,52.300000,0.000000,52.300000,0.011188,52.300000,0.001454,52.300000,0.000000,52.300000,0.004152,52.300000,0.000000,52.300000,0.000000,52.300000,0.000000,52.300000,0.000000,
52.500000,0.000000,52.500000,0.000000,52.500000,0.004816,52.500000,0.000000,52.500000,0.000000,52.500000,0.021078,52.500000,0.000000,52.500000,0.000000,52.500000,0.000000,52.500000,0.000000,52.500000,0.000000,52.500000,0.000000,52.500000,0.000000,52.500000,0.000000,52.500000,0.000000,52.500000,0.011036,52.500000,0.001454,52.500000,0.000000,52.500000,0.003934,52.500000,0.000000,52.500000,0.000000,52.500000,0.000000,52.500000,0.000000,
52.700000,0.000000,52.700000,0.000000,52.700000,0.004569,52.700000,0.000000,52.700000,0.000000,52.700000,0.020749,52.700000,0.000000,52.700000,0.000000,52.700000,0.000000,52.700000,0.000000,52.700000,0.000000,52.700000,0.000000,52.700000,0.000000,52.700000,0.000000,52.700000,0.000000,52.700000,0.010579,52.700000,0.001454,52.700000,0.000000,52.700000,0.003778,52.700000,0.000000,52.700000,0.000000,52.700000,0.000000,52.700000,0.000000,
52.900000,0.000000,52.900000,0.000000,52.900000,0.004507,52.900000,0.000000,52.900000,0.000000,52.900000,0.020255,52.900000,0.000000,52.900000,0.000000,52.900000,0.000000,52.900000,0.000000,52.900000,0.000000,52.900000,0.000000,52.900000,0.000000,52.900000,0.000000,52.900000,0.000000,52.900000,0.010047,52.900000,0.001454,52.900000,0.000000,52.900000,0.003653,52.900000,0.000000,52.900000,0.000000,52.900000,0.000000,52.900000,0.000000,
53.100000,0.000000,53.100000,0.000000,53.100000,0.004260,53.100000,0.000000,53.100000,0.000000,53.100000,0.019761,53.100000,0.000000,53.100000,0.000000,53.100000,0.000000,53.100000,0.000000,53.100000,0.000000,53.100000,0.000000,53.100000,0.000000,53.100000,0.000000,53.100000,0.000000,53.100000,0.009818,53.100000,0.001454,53.100000,0.000000,53.100000,0.003559,53.100000,0.000000,53.100000,0.000000,53.100000,0.000000,53.100000,0.000000,
53.300000,0.000000,53.300000,0.000000,53.300000,0.004075,53.300000,0.000000,53.300000,0.000000,53.300000,0.019184,53.300000,0.000000,53.300000,0.000000,53.300000,0.000000,53.300000,0.000000,53.300000,0.000000,53.300000,0.000000,53.300000,0.000000,53.300000,0.000000,53.300000,0.000000,53.300000,0.009742,53.300000,0.001454,53.300000,0.000000,53.300000,0.003559,53.300000,0.000000,53.300000,0.000000,53.300000,0.000000,53.300000,0.000000,
53.500000,0.000000,53.500000,0.000000,53.500000,0.003889,53.500000,0.000000,53.500000,0.000000,53.500000,0.019020,53.500000,0.000000,53.500000,0.000000,53.500000,0.000000,53.500000,0.000000,53.500000,0.000000,53.500000,0.000000,53.500000,0.000000,53.500000,0.000000,53.500000,0.000000,53.500000,0.009514,53.500000,0.001454,53.500000,0.000000,53.500000,0.003528,53.500000,0.000000,53.500000,0.000000,53.500000,0.000000,53.500000,0.000000,
53.700000,0.000000,53.700000,0.000000,53.700000,0.003828,53.700000,0.000000,53.700000,0.000000,53.700000,0.018279,53.700000,0.000000,53.700000,0.000000,53.700000,0.000000,53.700000,0.000000,53.700000,0.000000,53.700000,0.000000,53.700000,0.000000,53.700000,0.000000,53.700000,0.000000,53.700000,0.009209,53.700000,0.001454,53.700000,0.000000,53.700000,0.003341,53.700000,0.000000,53.700000,0.000000,53.700000,0.000000,53.700000,0.000000,
53.900000,0.000000,53.900000,0.000000,53.900000,0.003766,53.900000,0.000000,53.900000,0.000000,53.900000,0.018196,53.900000,0.000000,53.900000,0.000000,53.900000,0.000000,53.900000,0.000000,53.900000,0.000000,53.900000,0.000000,53.900000,0.000000,53.900000,0.000000,53.900000,0.000000,53.900000,0.008905,53.900000,0.001454,53.900000,0.000000,53.900000,0.003309,53.900000,0.000000,53.900000,0.000000,53.900000,0.000000,53.900000,0.000000,
54.100000,0.000000,54.100000,0.000000,54.100000,0.003704,54.100000,0.000000,54.100000,0.000000,54.100000,0.017785,54.100000,0.000000,54.100000,0.000000,54.100000,0.000000,54.100000,0.000000,54.100000,0.000000,54.100000,0.000000,54.100000,0.000000,54.100000,0.000000,54.100000,0.000000,54.100000,0.008600,54.100000,0.001454,54.100000,0.000000,54.100000,0.003216,54.100000,0.000000,54.100000,0.000000,54.100000,0.000000,54.100000,0.000000,
54.300000,0.000000,54.300000,0.000000,54.300000,0.003457,54.300000,0.000000,54.300000,0.000000,54.300000,0.017044,54.300000,0.000000,54.300000,0.000000,54.300000,0.000000,54.300000,0.000000,54.300000,0.000000,54.300000,0.000000,54.300000,0.000000,54.300000,0.000000,54.300000,0.000000,54.300000,0.008524,54.300000,0.001454,54.300000,0.000000,54.300000,0.003091,54.300000,0.000000,54.300000,0.000000,54.300000,0.000000,54.300000,0.000000,
54.500000,0.000000,54.500000,0.000000,54.500000,0.003303,54.500000,0.000000,54.500000,0.000000,54.500000,0.016714,54.500000,0.000000,54.500000,0.000000,54.500000,0.000000,54.500000,0.000000,54.500000,0.000000,54.500000,0.000000,54.500000,0.000000,54.500000,0.000000,54.500000,0.000000,54.500000,0.008296,54.500000,0.001454,54.500000,0.000000,54.500000,0.003028,54.500000,0.000000,54.500000,0.000000,54.500000,0.000000,54.500000,0.000000,
54.700000,0.000000,54.700000,0.000000,54.700000,0.003272,54.700000,0.000000,54.700000,0.000000,54.700000,0.016385,54.700000,0.000000,54.700000,0.000000,54.700000,0.000000,54.700000,0.000000,54.700000,0.000000,54.700000,0.000000,54.700000,0.000000,54.700000,0.000000,54.700000,0.000000,54.700000,0.008296,54.700000,0.001454,54.700000,0.000000,54.700000,0.002935,54.700000,0.000000,54.700000,0.000000,54.700000,0.000000,54.700000,0.000000,
54.900000,0.000000,54.900000,0.000000,54.900000,0.003210,54.900000,0.000000,54.900000,0.000000,54.900000,0.016056,54.900000,0.000000,54.900000,0.000000,54.900000,0.000000,54.900000,0.000000,54.900000,0.000000,54.900000,0.000000,54.900000,0.000000,54.900000,0.000000,54.900000,0.000000,54.900000,0.008220,54.900000,0.001454,54.900000,0.000000,54.900000,0.002903,54.900000,0.000000,54.900000,0.000000,54.900000,0.000000,54.900000,0.000000,
55.100000,0.000000,55.100000,0.000000,55.100000,0.003118,55.100000,0.000000,55.100000,0.000000,55.100000,0.015644,55.100000,0.000000,55.100000,0.000000,55.100000,0.000000,55.100000,0.000000,55.100000,0.000000,55.100000,0.000000,55.100000,0.000000,55.100000,0.000000,55.100000,0.000000,55.100000,0.007992,55.100000,0.001454,55.100000,0.000000,55.100000,0.002779,55.100000,0.000000,55.100000,0.000000,55.100000,0.000000,55.100000,0.000000,
55.300000,0.000000,55.300000,0.000000,55.300000,0.003087,55.300000,0.000000,55.300000,0.000000,55.300000,0.015397,55.300000,0.000000,55.300000,0.000000,55.300000,0.000000,55.300000,0.000000,55.300000,0.000000,55.300000,0.000000,55.300000,0.000000,55.300000,0.000000,55.300000,0.000000,55.300000,0.007915,55.300000,0.001454,55.300000,0.000000,55.300000,0.002716,55.300000,0.000000,55.300000,0.000000,55.300000,0.000000,55.300000,0.000000,
55.500000,0.000000,55.500000,0.000000,55.500000,0.002994,55.500000,0.000000,55.500000,0.000000,55.500000,0.015232,55.500000,0.000000,55.500000,0.000000,55.500000,0.000000,55.500000,0.000000,55.500000,0.000000,55.500000,0.000000,55.500000,0.000000,55.500000,0.000000,55.500000,0.000000,55.500000,0.007687,55.500000,0.001454,55.500000,0.000000,55.500000,0.002685,55.500000,0.000000,55.500000,0.000000,55.500000,0.000000,55.500000,0.000000,
55.700000,0.000000,55.700000,0.000000,55.700000,0.002902,55.700000,0.000000,55.700000,0.000000,55.700000,0.014903,55.700000,0.000000,55.700000,0.000000,55.700000,0.000000,55.700000,0.000000,55.700000,0.000000,55.700000,0.000000,55.700000,0.000000,55.700000,0.000000,55.700000,0.000000,55.700000,0.007687,55.700000,0.001454,55.700000,0.000000,55.700000,0.002591,55.700000,0.000000,55.700000,0.000000,55.700000,0.000000,55.700000,0.000000,
55.900000,0.000000,55.900000,0.000000,55.900000,0.002840,55.900000,0.000000,55.900000,0.000000,55.900000,0.014738,55.900000,0.000000,55.900000,0.000000,55.900000,0.000000,55.900000,0.000000,55.900000,0.000000,55.900000,0.000000,55.900000,0.000000,55.900000,0.000000,55.900000,0.000000,55.900000,0.007535,55.900000,0.001454,55.900000,0.000000,55.900000,0.002529,55.900000,0.000000,55.900000,0.000000,55.900000,0.000000,55.900000,0.000000,
56.100000,0.000000,56.100000,0.000000,56.100000,0.002747,56.100000,0.000000,56.100000,0.000000,56.100000,0.014244,56.100000,0.000000,56.100000,0.000000,56.100000,0.000000,56.100000,0.000000,56.100000,0.000000,56.100000,0.000000,56.100000,0.000000,56.100000,0.000000,56.100000,0.000000,56.100000,0.007307,56.100000,0.001454,56.100000,0.000000,56.100000,0.002466,56.100000,0.000000,56.100000,0.000000,56.100000,0.000000,56.100000,0.000000,
56.300000,0.000000,56.300000,0.000000,56.300000,0.002624,56.300000,0.000000,56.300000,0.000000,56.300000,0.014162,56.300000,0.000000,56.300000,0.000000,56.300000,0.000000,56.300000,0.000000,56.300000,0.000000,56.300000,0.000000,56.300000,0.000000,56.300000,0.000000,56.300000,0.000000,56.300000,0.007154,56.300000,0.001454,56.300000,0.000000,56.300000,0.002373,56.300000,0.000000,56.300000,0.000000,56.300000,0.000000,56.300000,0.000000,
56.500000,0.000000,56.500000,0.000000,56.500000,0.002624,56.500000,0.000000,56.500000,0.000000,56.500000,0.013750,56.500000,0.000000,56.500000,0.000000,56.500000,0.000000,56.500000,0.000000,56.500000,0.000000,56.500000,0.000000,56.500000,0.000000,56.500000,0.000000,56.500000,0.000000,56.500000,0.007002,56.500000,0.001454,56.500000,0.000000,56.500000,0.002279,56.500000,0.000000,56.500000,0.000000,56.500000,0.000000,56.500000,0.000000,
56.700000,0.000000,56.700000,0.000000,56.700000,0.002531,56.700000,0.000000,56.700000,0.000000,56.700000,0.013009,56.700000,0.000000,56.700000,0.000000,56.700000,0.000000,56.700000,0.000000,56.700000,0.000000,56.700000,0.000000,56.700000,0.000000,56.700000,0.000000,56.700000,0.000000,56.700000,0.006622,56.700000,0.001454,56.700000,0.000000,56.700000,0.002092,56.700000,0.000000,56.700000,0.000000,56.700000,0.000000,56.700000,0.000000,
56.900000,0.000000,56.900000,0.000000,56.900000,0.002500,56.900000,0.000000,56.900000,0.000000,56.900000,0.012680,56.900000,0.000000,56.900000,0.000000,56.900000,0.000000,56.900000,0.000000,56.900000,0.000000,56.900000,0.000000,56.900000,0.000000,56.900000,0.000000,56.900000,0.000000,56.900000,0.006469,56.900000,0.001454,56.900000,0.000000,56.900000,0.001998,56.900000,0.000000,56.900000,0.000000,56.900000,0.000000,56.900000,0.000000,
57.100000,0.000000,57.100000,0.000000,57.100000,0.002377,57.100000,0.000000,57.100000,0.000000,57.100000,0.012515,57.100000,0.000000,57.100000,0.000000,57.100000,0.000000,57.100000,0.000000,57.100000,0.000000,57.100000,0.000000,57.100000,0.000000,57.100000,0.000000,57.100000,0.000000,57.100000,0.006393,57.100000,0.001454,57.100000,0.000000,57.100000,0.001873,57.100000,0.000000,57.100000,0.000000,57.100000,0.000000,57.100000,0.000000,
57.300000,0.000000,57.300000,0.000000,57.300000,0.002223,57.300000,0.000000,57.300000,0.000000,57.300000,0.012433,57.300000,0.000000,57.300000,0.000000,57.300000,0.000000,57.300000,0.000000,57.300000,0.000000,57.300000,0.000000,57.300000,0.000000,57.300000,0.000000,57.300000,0.000000,57.300000,0.006165,57.300000,0.001454,57.300000,0.000000,57.300000,0.001842,57.300000,0.000000,57.300000,0.000000,57.300000,0.000000,57.300000,0.000000,
57.500000,0.000000,57.500000,0.000000,57.500000,0.002161,57.500000,0.000000,57.500000,0.000000,57.500000,0.012433,57.500000,0.000000,57.500000,0.000000,57.500000,0.000000,57.500000,0.000000,57.500000,0.000000,57.500000,0.000000,57.500000,0.000000,57.500000,0.000000,57.500000,0.000000,57.500000,0.006089,57.500000,0.001454,57.500000,0.000000,57.500000,0.001780,57.500000,0.000000,57.500000,0.000000,57.500000,0.000000,57.500000,0.000000,
57.700000,0.000000,57.700000,0.000000,57.700000,0.002130,57.700000,0.000000,57.700000,0.000000,57.700000,0.012268,57.700000,0.000000,57.700000,0.000000,57.700000,0.000000,57.700000,0.000000,57.700000,0.000000,57.700000,0.000000,57.700000,0.000000,57.700000,0.000000,57.700000,0.000000,57.700000,0.005784,57.700000,0.001454,57.700000,0.000000,57.700000,0.001717,57.700000,0.000000,57.700000,0.000000,57.700000,0.000000,57.700000,0.000000,
57.900000,0.000000,57.900000,0.000000,57.900000,0.002130,57.900000,0.000000,57.900000,0.000000,57.900000,0.011857,57.900000,0.000000,57.900000,0.000000,57.900000,0.000000,57.900000,0.000000,57.900000,0.000000,57.900000,0.000000,57.900000,0.000000,57.900000,0.000000,57.900000,0.000000,57.900000,0.005480,57.900000,0.001454,57.900000,0.000000,57.900000,0.001717,57.900000,0.000000,57.900000,0.000000,57.900000,0.000000,57.900000,0.000000,
58.100000,0.000000,58.100000,0.000000,58.100000,0.002068,58.100000,0.000000,58.100000,0.000000,58.100000,0.011527,58.100000,0.000000,58.100000,0.000000,58.100000,0.000000,58.100000,0.000000,58.100000,0.000000,58.100000,0.000000,58.100000,0.000000,58.100000,0.000000,58.100000,0.000000,58.100000,0.005328,58.100000,0.001454,58.100000,0.000000,58.100000,0.001717,58.100000,0.000000,58.100000,0.000000,58.100000,0.000000,58.100000,0.000000,
58.300000,0.000000,58.300000,0.000000,58.300000,0.002037,58.300000,0.000000,58.300000,0.000000,58.300000,0.010951,58.300000,0.000000,58.300000,0.000000,58.300000,0.000000,58.300000,0.000000,58.300000,0.000000,58.300000,0.000000,58.300000,0.000000,58.300000,0.000000,58.300000,0.000000,58.300000,0.005252,58.300000,0.001454,58.300000,0.000000,58.300000,0.001623,58.300000,0.000000,58.300000,0.000000,58.300000,0.000000,58.300000,0.000000,
58.500000,0.000000,58.500000,0.000000,58.500000,0.002006,58.500000,0.000000,58.500000,0.000000,58.500000,0.010786,58.500000,0.000000,58.500000,0.000000,58.500000,0.000000,58.500000,0.000000,58.500000,0.000000,58.500000,0.000000,58.500000,0.000000,58.500000,0.000000,58.500000,0.000000,58.500000,0.005176,58.500000,0.001454,58.500000,0.000000,58.500000,0.001623,58.500000,0.000000,58.500000,0.000000,58.500000,0.000000,58.500000,0.000000,
58.700000,0.000000,58.700000,0.000000,58.700000,0.001914,58.700000,0.000000,58.700000,0.000000,58.700000,0.010457,58.700000,0.000000,58.700000,0.000000,58.700000,0.000000,58.700000,0.000000,58.700000,0.000000,58.700000,0.000000,58.700000,0.000000,58.700000,0.000000,58.700000,0.000000,58.700000,0.005099,58.700000,0.001454,58.700000,0.000000,58.700000,0.001561,58.700000,0.000000,58.700000,0.000000,58.700000,0.000000,58.700000,0.000000,
58.900000,0.000000,58.900000,0.000000,58.900000,0.001821,58.900000,0.000000,58.900000,0.000000,58.900000,0.010292,58.900000,0.000000,58.900000,0.000000,58.900000,0.000000,58.900000,0.000000,58.900000,0.000000,58.900000,0.000000,58.900000,0.000000,58.900000,0.000000,58.900000,0.000000,58.900000,0.005023,58.900000,0.001454,58.900000,0.000000,58.900000,0.001561,58.900000,0.000000,58.900000,0.000000,58.900000,0.000000,58.900000,0.000000,
59.100000,0.000000,59.100000,0.000000,59.100000,0.001636,59.100000,0.000000,59.100000,0.000000,59.100000,0.010210,59.100000,0.000000,59.100000,0.000000,59.100000,0.000000,59.100000,0.000000,59.100000,0.000000,59.100000,0.000000,59.100000,0.000000,59.100000,0.000000,59.100000,0.000000,59.100000,0.004795,59.100000,0.001454,59.100000,0.000000,59.100000,0.001467,59.100000,0.000000,59.100000,0.000000,59.100000,0.000000,59.100000,0.000000,
59.300000,0.000000,59.300000,0.000000,59.300000,0.001636,59.300000,0.000000,59.300000,0.000000,59.300000,0.009963,59.300000,0.000000,59.300000,0.000000,59.300000,0.000000,59.300000,0.000000,59.300000,0.000000,59.300000,0.000000,59.300000,0.000000,59.300000,0.000000,59.300000,0.000000,59.300000,0.004643,59.300000,0.001454,59.300000,0.000000,59.300000,0.001436,59.300000,0.000000,59.300000,0.000000,59.300000,0.000000,59.300000,0.000000,
59.500000,0.000000,59.500000,0.000000,59.500000,0.001574,59.500000,0.000000,59.500000,0.000000,59.500000,0.009469,59.500000,0.000000,59.500000,0.000000,59.500000,0.000000,59.500000,0.000000,59.500000,0.000000,59.500000,0.000000,59.500000,0.000000,59.500000,0.000000,59.500000,0.000000,59.500000,0.004491,59.500000,0.001454,59.500000,0.000000,59.500000,0.001374,59.500000,0.000000,59.500000,0.000000,59.500000,0.000000,59.500000,0.000000,
59.700000,0.000000,59.700000,0.000000,59.700000,0.001574,59.700000,0.000000,59.700000,0.000000,59.700000,0.009469,59.700000,0.000000,59.700000,0.000000,59.700000,0.000000,59.700000,0.000000,59.700000,0.000000,59.700000,0.000000,59.700000,0.000000,59.700000,0.000000,59.700000,0.000000,59.700000,0.004338,59.700000,0.001454,59.700000,0.000000,59.700000,0.001374,59.700000,0.000000,59.700000,0.000000,59.700000,0.000000,59.700000,0.000000,
59.900000,0.000000,59.900000,0.000000,59.900000,0.001513,59.900000,0.000000,59.900000,0.000000,59.900000,0.009304,59.900000,0.000000,59.900000,0.000000,59.900000,0.000000,59.900000,0.000000,59.900000,0.000000,59.900000,0.000000,59.900000,0.000000,59.900000,0.000000,59.900000,0.000000,59.900000,0.004186,59.900000,0.001454,59.900000,0.000000,59.900000,0.001374,59.900000,0.000000,59.900000,0.000000,59.900000,0.000000,59.900000,0.000000,
60.100000,0.000000,60.100000,0.000000,60.100000,0.001513,60.100000,0.000000,60.100000,0.000000,60.100000,0.008975,60.100000,0.000000,60.100000,0.000000,60.100000,0.000000,60.100000,0.000000,60.100000,0.000000,60.100000,0.000000,60.100000,0.000000,60.100000,0.000000,60.100000,0.000000,60.100000,0.004110,60.100000,0.001454,60.100000,0.000000,60.100000,0.001280,60.100000,0.000000,60.100000,0.000000,60.100000,0.000000,60.100000,0.000000,
60.300000,0.000000,60.300000,0.000000,60.300000,0.001513,60.300000,0.000000,60.300000,0.000000,60.300000,0.008810,60.300000,0.000000,60.300000,0.000000,60.300000,0.000000,60.300000,0.000000,60.300000,0.000000,60.300000,0.000000,60.300000,0.000000,60.300000,0.000000,60.300000,0.000000,60.300000,0.003882,60.300000,0.001454,60.300000,0.000000,60.300000,0.001186,60.300000,0.000000,60.300000,0.000000,60.300000,0.000000,60.300000,0.000000,
60.500000,0.000000,60.500000,0.000000,60.500000,0.001389,60.500000,0.000000,60.500000,0.000000,60.500000,0.008728,60.500000,0.000000,60.500000,0.000000,60.500000,0.000000,60.500000,0.000000,60.500000,0.000000,60.500000,0.000000,60.500000,0.000000,60.500000,0.000000,60.500000,0.000000,60.500000,0.003729,60.500000,0.001454,60.500000,0.000000,60.500000,0.001093,60.500000,0.000000,60.500000,0.000000,60.500000,0.000000,60.500000,0.000000,
60.700000,0.000000,60.700000,0.000000,60.700000,0.001327,60.700000,0.000000,60.700000,0.000000,60.700000,0.008398,60.700000,0.000000,60.700000,0.000000,60.700000,0.000000,60.700000,0.000000,60.700000,0.000000,60.700000,0.000000,60.700000,0.000000,60.700000,0.000000,60.700000,0.000000,60.700000,0.003653,60.700000,0.001454,60.700000,0.000000,60.700000,0.001093,60.700000,0.000000,60.700000,0.000000,60.700000,0.000000,60.700000,0.000000,
60.900000,0.000000,60.900000,0.000000,60.900000,0.001266,60.900000,0.000000,60.900000,0.000000,60.900000,0.008151,60.900000,0.000000,60.900000,0.000000,60.900000,0.000000,60.900000,0.000000,60.900000,0.000000,60.900000,0.000000,60.900000,0.000000,60.900000,0.000000,60.900000,0.000000,60.900000,0.003425,60.900000,0.001454,60.900000,0.000000,60.900000,0.001061,60.900000,0.000000,60.900000,0.000000,60.900000,0.000000,60.900000,0.000000,
61.100000,0.000000,61.100000,0.000000,61.100000,0.001235,61.100000,0.000000,61.100000,0.000000,61.100000,0.008069,61.100000,0.000000,61.100000,0.000000,61.100000,0.000000,61.100000,0.000000,61.100000,0.000000,61.100000,0.000000,61.100000,0.000000,61.100000,0.000000,61.100000,0.000000,61.100000,0.003349,61.100000,0.001454,61.100000,0.000000,61.100000,0.001061,61.100000,0.000000,61.100000,0.000000,61.100000,0.000000,61.100000,0.000000,
61.300000,0.000000,61.300000,0.000000,61.300000,0.001204,61.300000,0.000000,61.300000,0.000000,61.300000,0.007904,61.300000,0.000000,61.300000,0.000000,61.300000,0.000000,61.300000,0.000000,61.300000,0.000000,61.300000,0.000000,61.300000,0.000000,61.300000,0.000000,61.300000,0.000000,61.300000,0.003273,61.300000,0.001454,61.300000,0.000000,61.300000,0.001030,61.300000,0.000000,61.300000,0.000000,61.300000,0.000000,61.300000,0.000000,
61.500000,0.000000,61.500000,0.000000,61.500000,0.001173,61.500000,0.000000,61.500000,0.000000,61.500000,0.007904,61.500000,0.000000,61.500000,0.000000,61.500000,0.000000,61.500000,0.000000,61.500000,0.000000,61.500000,0.000000,61.500000,0.000000,61.500000,0.000000,61.500000,0.000000,61.500000,0.003273,61.500000,0.001454,61.500000,0.000000,61.500000,0.000968,61.500000,0.000000,61.500000,0.000000,61.500000,0.000000,61.500000,0.000000,
61.700000,0.000000,61.700000,0.000000,61.700000,0.001050,61.700000,0.000000,61.700000,0.000000,61.700000,0.007904,61.700000,0.000000,61.700000,0.000000,61.700000,0.000000,61.700000,0.000000,61.700000,0.000000,61.700000,0.000000,61.700000,0.000000,61.700000,0.000000,61.700000,0.000000,61.700000,0.003121,61.700000,0.001454,61.700000,0.000000,61.700000,0.000937,61.700000,0.000000,61.700000,0.000000,61.700000,0.000000,61.700000,0.000000,
61.900000,0.000000,61.900000,0.000000,61.900000,0.000988,61.900000,0.000000,61.900000,0.000000,61.900000,0.007575,61.900000,0.000000,61.900000,0.000000,61.900000,0.000000,61.900000,0.000000,61.900000,0.000000,61.900000,0.000000,61.900000,0.000000,61.900000,0.000000,61.900000,0.000000,61.900000,0.003044,61.900000,0.001454,61.900000,0.000000,61.900000,0.000905,61.900000,0.000000,61.900000,0.000000,61.900000,0.000000,61.900000,0.000000,
62.100000,0.000000,62.100000,0.000000,62.100000,0.000895,62.100000,0.000000,62.100000,0.000000,62.100000,0.007493,62.100000,0.000000,62.100000,0.000000,62.100000,0.000000,62.100000,0.000000,62.100000,0.000000,62.100000,0.000000,62.100000,0.000000,62.100000,0.000000,62.100000,0.000000,62.100000,0.003044,62.100000,0.001454,62.100000,0.000000,62.100000,0.000874,62.100000,0.000000,62.100000,0.000000,62.100000,0.000000,62.100000,0.000000,
62.300000,0.000000,62.300000,0.000000,62.300000,0.000833,62.300000,0.000000,62.300000,0.000000,62.300000,0.007410,62.300000,0.000000,62.300000,0.000000,62.300000,0.000000,62.300000,0.000000,62.300000,0.000000,62.300000,0.000000,62.300000,0.000000,62.300000,0.000000,62.300000,0.000000,62.300000,0.002968,62.300000,0.001454,62.300000,0.000000,62.300000,0.000843,62.300000,0.000000,62.300000,0.000000,62.300000,0.000000,62.300000,0.000000,
62.500000,0.000000,62.500000,0.000000,62.500000,0.000803,62.500000,0.000000,62.500000,0.000000,62.500000,0.007163,62.500000,0.000000,62.500000,0.000000,62.500000,0.000000,62.500000,0.000000,62.500000,0.000000,62.500000,0.000000,62.500000,0.000000,62.500000,0.000000,62.500000,0.000000,62.500000,0.002740,62.500000,0.001272,62.500000,0.000000,62.500000,0.000843,62.500000,0.000000,62.500000,0.000000,62.500000,0.000000,62.500000,0.000000,
62.700000,0.000000,62.700000,0.000000,62.700000,0.000803,62.700000,0.000000,62.700000,0.000000,62.700000,0.007081,62.700000,0.000000,62.700000,0.000000,62.700000,0.000000,62.700000,0.000000,62.700000,0.000000,62.700000,0.000000,62.700000,0.000000,62.700000,0.000000,62.700000,0.000000,62.700000,0.002664,62.700000,0.001272,62.700000,0.000000,62.700000,0.000812,62.700000,0.000000,62.700000,0.000000,62.700000,0.000000,62.700000,0.000000,
62.900000,0.000000,62.900000,0.000000,62.900000,0.000741,62.900000,0.000000,62.900000,0.000000,62.900000,0.006999,62.900000,0.000000,62.900000,0.000000,62.900000,0.000000,62.900000,0.000000,62.900000,0.000000,62.900000,0.000000,62.900000,0.000000,62.900000,0.000000,62.900000,0.000000,62.900000,0.002588,62.900000,0.001272,62.900000,0.000000,62.900000,0.000812,62.900000,0.000000,62.900000,0.000000,62.900000,0.000000,62.900000,0.000000,
63.100000,0.000000,63.100000,0.000000,63.100000,0.000741,63.100000,0.000000,63.100000,0.000000,63.100000,0.006752,63.100000,0.000000,63.100000,0.000000,63.100000,0.000000,63.100000,0.000000,63.100000,0.000000,63.100000,0.000000,63.100000,0.000000,63.100000,0.000000,63.100000,0.000000,63.100000,0.002588,63.100000,0.001272,63.100000,0.000000,63.100000,0.000781,63.100000,0.000000,63.100000,0.000000,63.100000,0.000000,63.100000,0.000000,
63.300000,0.000000,63.300000,0.000000,63.300000,0.000710,63.300000,0.000000,63.300000,0.000000,63.300000,0.006669,63.300000,0.000000,63.300000,0.000000,63.300000,0.000000,63.300000,0.000000,63.300000,0.000000,63.300000,0.000000,63.300000,0.000000,63.300000,0.000000,63.300000,0.000000,63.300000,0.002359,63.300000,0.001272,63.300000,0.000000,63.300000,0.000781,63.300000,0.000000,63.300000,0.000000,63.300000,0.000000,63.300000,0.000000,
63.500000,0.000000,63.500000,0.000000,63.500000,0.000679,63.500000,0.000000,63.500000,0.000000,63.500000,0.006422,63.500000,0.000000,63.500000,0.000000,63.500000,0.000000,63.500000,0.000000,63.500000,0.000000,63.500000,0.000000,63.500000,0.000000,63.500000,0.000000,63.500000,0.000000,63.500000,0.002283,63.500000,0.001272,63.500000,0.000000,63.500000,0.000749,63.500000,0.000000,63.500000,0.000000,63.500000,0.000000,63.500000,0.000000,
63.700000,0.000000,63.700000,0.000000,63.700000,0.000679,63.700000,0.000000,63.700000,0.000000,63.700000,0.006175,63.700000,0.000000,63.700000,0.000000,63.700000,0.000000,63.700000,0.000000,63.700000,0.000000,63.700000,0.000000,63.700000,0.000000,63.700000,0.000000,63.700000,0.000000,63.700000,0.002131,63.700000,0.001272,63.700000,0.000000,63.700000,0.000718,63.700000,0.000000,63.700000,0.000000,63.700000,0.000000,63.700000,0.000000,
63.900000,0.000000,63.900000,0.000000,63.900000,0.000648,63.900000,0.000000,63.900000,0.000000,63.900000,0.006093,63.900000,0.000000,63.900000,0.000000,63.900000,0.000000,63.900000,0.000000,63.900000,0.000000,63.900000,0.000000,63.900000,0.000000,63.900000,0.000000,63.900000,0.000000,63.900000,0.002131,63.900000,0.001272,63.900000,0.000000,63.900000,0.000687,63.900000,0.000000,63.900000,0.000000,63.900000,0.000000,63.900000,0.000000,
64.100000,0.000000,64.100000,0.000000,64.100000,0.000617,64.100000,0.000000,64.100000,0.000000,64.100000,0.005764,64.100000,0.000000,64.100000,0.000000,64.100000,0.000000,64.100000,0.000000,64.100000,0.000000,64.100000,0.000000,64.100000,0.000000,64.100000,0.000000,64.100000,0.000000,64.100000,0.002131,64.100000,0.001272,64.100000,0.000000,64.100000,0.000656,64.100000,0.000000,64.100000,0.000000,64.100000,0.000000,64.100000,0.000000,
64.300000,0.000000,64.300000,0.000000,64.300000,0.000617,64.300000,0.000000,64.300000,0.000000,64.300000,0.005517,64.300000,0.000000,64.300000,0.000000,64.300000,0.000000,64.300000,0.000000,64.300000,0.000000,64.300000,0.000000,64.300000,0.000000,64.300000,0.000000,64.300000,0.000000,64.300000,0.002131,64.300000,0.001091,64.300000,0.000000,64.300000,0.000656,64.300000,0.000000,64.300000,0.000000,64.300000,0.000000,64.300000,0.000000,
64.500000,0.000000,64.500000,0.000000,64.500000,0.000617,64.500000,0.000000,64.500000,0.000000,64.500000,0.005434,64.500000,0.000000,64.500000,0.000000,64.500000,0.000000,64.500000,0.000000,64.500000,0.000000,64.500000,0.000000,64.500000,0.000000,64.500000,0.000000,64.500000,0.000000,64.500000,0.001903,64.500000,0.001091,64.500000,0.000000,64.500000,0.000624,64.500000,0.000000,64.500000,0.000000,64.500000,0.000000,64.500000,0.000000,
64.700000,0.000000,64.700000,0.000000,64.700000,0.000587,64.700000,0.000000,64.700000,0.000000,64.700000,0.005352,64.700000,0.000000,64.700000,0.000000,64.700000,0.000000,64.700000,0.000000,64.700000,0.000000,64.700000,0.000000,64.700000,0.000000,64.700000,0.000000,64.700000,0.000000,64.700000,0.001903,64.700000,0.001091,64.700000,0.000000,64.700000,0.000593,64.700000,0.000000,64.700000,0.000000,64.700000,0.000000,64.700000,0.000000,
64.900000,0.000000,64.900000,0.000000,64.900000,0.000556,64.900000,0.000000,64.900000,0.000000,64.900000,0.005105,64.900000,0.000000,64.900000,0.000000,64.900000,0.000000,64.900000,0.000000,64.900000,0.000000,64.900000,0.000000,64.900000,0.000000,64.900000,0.000000,64.900000,0.000000,64.900000,0.001827,64.900000,0.001091,64.900000,0.000000,64.900000,0.000531,64.900000,0.000000,64.900000,0.000000,64.900000,0.000000,64.900000,0.000000,
65.100000,0.000000,65.100000,0.000000,65.100000,0.000494,65.100000,0.000000,65.100000,0.000000,65.100000,0.005023,65.100000,0.000000,65.100000,0.000000,65.100000,0.000000,65.100000,0.000000,65.100000,0.000000,65.100000,0.000000,65.100000,0.000000,65.100000,0.000000,65.100000,0.000000,65.100000,0.001827,65.100000,0.000909,65.100000,0.000000,65.100000,0.000531,65.100000,0.000000,65.100000,0.000000,65.100000,0.000000,65.100000,0.000000,
65.300000,0.000000,65.300000,0.000000,65.300000,0.000463,65.300000,0.000000,65.300000,0.000000,65.300000,0.004858,65.300000,0.000000,65.300000,0.000000,65.300000,0.000000,65.300000,0.000000,65.300000,0.000000,65.300000,0.000000,65.300000,0.000000,65.300000,0.000000,65.300000,0.000000,65.300000,0.001827,65.300000,0.000909,65.300000,0.000000,65.300000,0.000500,65.300000,0.000000,65.300000,0.000000,65.300000,0.000000,65.300000,0.000000,
65.500000,0.000000,65.500000,0.000000,65.500000,0.000463,65.500000,0.000000,65.500000,0.000000,65.500000,0.004446,65.500000,0.000000,65.500000,0.000000,65.500000,0.000000,65.500000,0.000000,65.500000,0.000000,65.500000,0.000000,65.500000,0.000000,65.500000,0.000000,65.500000,0.000000,65.500000,0.001751,65.500000,0.000909,65.500000,0.000000,65.500000,0.000500,65.500000,0.000000,65.500000,0.000000,65.500000,0.000000,65.500000,0.000000,
65.700000,0.000000,65.700000,0.000000,65.700000,0.000463,65.700000,0.000000,65.700000,0.000000,65.700000,0.004364,65.700000,0.000000,65.700000,0.000000,65.700000,0.000000,65.700000,0.000000,65.700000,0.000000,65.700000,0.000000,65.700000,0.000000,65.700000,0.000000,65.700000,0.000000,65.700000,0.001751,65.700000,0.000909,65.700000,0.000000,65.700000,0.000406,65.700000,0.000000,65.700000,0.000000,65.700000,0.000000,65.700000,0.000000,
65.900000,0.000000,65.900000,0.000000,65.900000,0.000463,65.900000,0.000000,65.900000,0.000000,65.900000,0.004364,65.900000,0.000000,65.900000,0.000000,65.900000,0.000000,65.900000,0.000000,65.900000,0.000000,65.900000,0.000000,65.900000,0.000000,65.900000,0.000000,65.900000,0.000000,65.900000,0.001751,65.900000,0.000727,65.900000,0.000000,65.900000,0.000375,65.900000,0.000000,65.900000,0.000000,65.900000,0.000000,65.900000,0.000000,
66.100000,0.000000,66.100000,0.000000,66.100000,0.000432,66.100000,0.000000,66.100000,0.000000,66.100000,0.004364,66.100000,0.000000,66.100000,0.000000,66.100000,0.000000,66.100000,0.000000,66.100000,0.000000,66.100000,0.000000,66.100000,0.000000,66.100000,0.000000,66.100000,0.000000,66.100000,0.001751,66.100000,0.000727,66.100000,0.000000,66.100000,0.000375,66.100000,0.000000,66.100000,0.000000,66.100000,0.000000,66.100000,0.000000,
66.300000,0.000000,66.300000,0.000000,66.300000,0.000432,66.300000,0.000000,66.300000,0.000000,66.300000,0.004282,66.300000,0.000000,66.300000,0.000000,66.300000,0.000000,66.300000,0.000000,66.300000,0.000000,66.300000,0.000000,66.300000,0.000000,66.300000,0.000000,66.300000,0.000000,66.300000,0.001674,66.300000,0.000727,66.300000,0.000000,66.300000,0.000343,66.300000,0.000000,66.300000,0.000000,66.300000,0.000000,66.300000,0.000000,
66.500000,0.000000,66.500000,0.000000,66.500000,0.000432,66.500000,0.000000,66.500000,0.000000,66.500000,0.004199,66.500000,0.000000,66.500000,0.000000,66.500000,0.000000,66.500000,0.000000,66.500000,0.000000,66.500000,0.000000,66.500000,0.000000,66.500000,0.000000,66.500000,0.000000,66.500000,0.001674,66.500000,0.000727,66.500000,0.000000,66.500000,0.000312,66.500000,0.000000,66.500000,0.000000,66.500000,0.000000,66.500000,0.000000,
66.700000,0.000000,66.700000,0.000000,66.700000,0.000432,66.700000,0.000000,66.700000,0.000000,66.700000,0.004199,66.700000,0.000000,66.700000,0.000000,66.700000,0.000000,66.700000,0.000000,66.700000,0.000000,66.700000,0.000000,66.700000,0.000000,66.700000,0.000000,66.700000,0.000000,66.700000,0.001522,66.700000,0.000727,66.700000,0.000000,66.700000,0.000281,66.700000,0.000000,66.700000,0.000000,66.700000,0.000000,66.700000,0.000000,
66.900000,0.000000,66.900000,0.000000,66.900000,0.000401,66.900000,0.000000,66.900000,0.000000,66.900000,0.004117,66.900000,0.000000,66.900000,0.000000,66.900000,0.000000,66.900000,0.000000,66.900000,0.000000,66.900000,0.000000,66.900000,0.000000,66.900000,0.000000,66.900000,0.000000,66.900000,0.001294,66.900000,0.000727,66.900000,0.000000,66.900000,0.000281,66.900000,0.000000,66.900000,0.000000,66.900000,0.000000,66.900000,0.000000,
67.100000,0.000000,67.100000,0.000000,67.100000,0.000401,67.100000,0.000000,67.100000,0.000000,67.100000,0.004035,67.100000,0.000000,67.100000,0.000000,67.100000,0.000000,67.100000,0.000000,67.100000,0.000000,67.100000,0.000000,67.100000,0.000000,67.100000,0.000000,67.100000,0.000000,67.100000,0.001294,67.100000,0.000545,67.100000,0.000000,67.100000,0.000281,67.100000,0.000000,67.100000,0.000000,67.100000,0.000000,67.100000,0.000000,
67.300000,0.000000,67.300000,0.000000,67.300000,0.000370,67.300000,0.000000,67.300000,0.000000,67.300000,0.003870,67.300000,0.000000,67.300000,0.000000,67.300000,0.000000,67.300000,0.000000,67.300000,0.000000,67.300000,0.000000,67.300000,0.000000,67.300000,0.000000,67.300000,0.000000,67.300000,0.001142,67.300000,0.000364,67.300000,0.000000,67.300000,0.000281,67.300000,0.000000,67.300000,0.000000,67.300000,0.000000,67.300000,0.000000,
67.500000,0.000000,67.500000,0.000000,67.500000,0.000340,67.500000,0.000000,67.500000,0.000000,67.500000,0.003787,67.500000,0.000000,67.500000,0.000000,67.500000,0.000000,67.500000,0.000000,67.500000,0.000000,67.500000,0.000000,67.500000,0.000000,67.500000,0.000000,67.500000,0.000000,67.500000,0.000989,67.500000,0.000364,67.500000,0.000000,67.500000,0.000219,67.500000,0.000000,67.500000,0.000000,67.500000,0.000000,67.500000,0.000000,
67.700000,0.000000,67.700000,0.000000,67.700000,0.000309,67.700000,0.000000,67.700000,0.000000,67.700000,0.003623,67.700000,0.000000,67.700000,0.000000,67.700000,0.000000,67.700000,0.000000,67.700000,0.000000,67.700000,0.000000,67.700000,0.000000,67.700000,0.000000,67.700000,0.000000,67.700000,0.000989,67.700000,0.000364,67.700000,0.000000,67.700000,0.000219,67.700000,0.000000,67.700000,0.000000,67.700000,0.000000,67.700000,0.000000,
67.900000,0.000000,67.900000,0.000000,67.900000,0.000278,67.900000,0.000000,67.900000,0.000000,67.900000,0.003540,67.900000,0.000000,67.900000,0.000000,67.900000,0.000000,67.900000,0.000000,67.900000,0.000000,67.900000,0.000000,67.900000,0.000000,67.900000,0.000000,67.900000,0.000000,67.900000,0.000989,67.900000,0.000364,67.900000,0.000000,67.900000,0.000219,67.900000,0.000000,67.900000,0.000000,67.900000,0.000000,67.900000,0.000000,
68.100000,0.000000,68.100000,0.000000,68.100000,0.000278,68.100000,0.000000,68.100000,0.000000,68.100000,0.003458,68.100000,0.000000,68.100000,0.000000,68.100000,0.000000,68.100000,0.000000,68.100000,0.000000,68.100000,0.000000,68.100000,0.000000,68.100000,0.000000,68.100000,0.000000,68.100000,0.000913,68.100000,0.000364,68.100000,0.000000,68.100000,0.000219,68.100000,0.000000,68.100000,0.000000,68.100000,0.000000,68.100000,0.000000,
68.300000,0.000000,68.300000,0.000000,68.300000,0.000278,68.300000,0.000000,68.300000,0.000000,68.300000,0.003458,68.300000,0.000000,68.300000,0.000000,68.300000,0.000000,68.300000,0.000000,68.300000,0.000000,68.300000,0.000000,68.300000,0.000000,68.300000,0.000000,68.300000,0.000000,68.300000,0.000913,68.300000,0.000364,68.300000,0.000000,68.300000,0.000187,68.300000,0.000000,68.300000,0.000000,68.300000,0.000000,68.300000,0.000000,
68.500000,0.000000,68.500000,0.000000,68.500000,0.000247,68.500000,0.000000,68.500000,0.000000,68.500000,0.003293,68.500000,0.000000,68.500000,0.000000,68.500000,0.000000,68.500000,0.000000,68.500000,0.000000,68.500000,0.000000,68.500000,0.000000,68.500000,0.000000,68.500000,0.000000,68.500000,0.000913,68.500000,0.000364,68.500000,0.000000,68.500000,0.000187,68.500000,0.000000,68.500000,0.000000,68.500000,0.000000,68.500000,0.000000,
68.700000,0.000000,68.700000,0.000000,68.700000,0.000247,68.700000,0.000000,68.700000,0.000000,68.700000,0.003293,68.700000,0.000000,68.700000,0.000000,68.700000,0.000000,68.700000,0.000000,68.700000,0.000000,68.700000,0.000000,68.700000,0.000000,68.700000,0.000000,68.700000,0.000000,68.700000,0.000913,68.700000,0.000364,68.700000,0.000000,68.700000,0.000187,68.700000,0.000000,68.700000,0.000000,68.700000,0.000000,68.700000,0.000000,
68.900000,0.000000,68.900000,0.000000,68.900000,0.000247,68.900000,0.000000,68.900000,0.000000,68.900000,0.003211,68.900000,0.000000,68.900000,0.000000,68.900000,0.000000,68.900000,0.000000,68.900000,0.000000,68.900000,0.000000,68.900000,0.000000,68.900000,0.000000,68.900000,0.000000,68.900000,0.000913,68.900000,0.000182,68.900000,0.000000,68.900000,0.000156,68.900000,0.000000,68.900000,0.000000,68.900000,0.000000,68.900000,0.000000,
69.100000,0.000000,69.100000,0.000000,69.100000,0.000247,69.100000,0.000000,69.100000,0.000000,69.100000,0.003046,69.100000,0.000000,69.100000,0.000000,69.100000,0.000000,69.100000,0.000000,69.100000,0.000000,69.100000,0.000000,69.100000,0.000000,69.100000,0.000000,69.100000,0.000000,69.100000,0.000837,69.100000,0.000182,69.100000,0.000000,69.100000,0.000156,69.100000,0.000000,69.100000,0.000000,69.100000,0.000000,69.100000,0.000000,
69.300000,0.000000,69.300000,0.000000,69.300000,0.000247,69.300000,0.000000,69.300000,0.000000,69.300000,0.003046,69.300000,0.000000,69.300000,0.000000,69.300000,0.000000,69.300000,0.000000,69.300000,0.000000,69.300000,0.000000,69.300000,0.000000,69.300000,0.000000,69.300000,0.000000,69.300000,0.000837,69.300000,0.000182,69.300000,0.000000,69.300000,0.000125,69.300000,0.000000,69.300000,0.000000,69.300000,0.000000,69.300000,0.000000,
69.500000,0.000000,69.500000,0.000000,69.500000,0.000247,69.500000,0.000000,69.500000,0.000000,69.500000,0.002799,69.500000,0.000000,69.500000,0.000000,69.500000,0.000000,69.500000,0.000000,69.500000,0.000000,69.500000,0.000000,69.500000,0.000000,69.500000,0.000000,69.500000,0.000000,69.500000,0.000837,69.500000,0.000182,69.500000,0.000000,69.500000,0.000125,69.500000,0.000000,69.500000,0.000000,69.500000,0.000000,69.500000,0.000000,
69.700000,0.000000,69.700000,0.000000,69.700000,0.000247,69.700000,0.000000,69.700000,0.000000,69.700000,0.002717,69.700000,0.000000,69.700000,0.000000,69.700000,0.000000,69.700000,0.000000,69.700000,0.000000,69.700000,0.000000,69.700000,0.000000,69.700000,0.000000,69.700000,0.000000,69.700000,0.000761,69.700000,0.000182,69.700000,0.000000,69.700000,0.000094,69.700000,0.000000,69.700000,0.000000,69.700000,0.000000,69.700000,0.000000,
69.900000,0.000000,69.900000,0.000000,69.900000,0.000247,69.900000,0.000000,69.900000,0.000000,69.900000,0.002552,69.900000,0.000000,69.900000,0.000000,69.900000,0.000000,69.900000,0.000000,69.900000,0.000000,69.900000,0.000000,69.900000,0.000000,69.900000,0.000000,69.900000,0.000000,69.900000,0.000761,69.900000,0.000182,69.900000,0.000000,69.900000,0.000094,69.900000,0.000000,69.900000,0.000000,69.900000,0.000000,69.900000,0.000000,
70.100000,0.000000,70.100000,0.000000,70.100000,0.000247,70.100000,0.000000,70.100000,0.000000,70.100000,0.002470,70.100000,0.000000,70.100000,0.000000,70.100000,0.000000,70.100000,0.000000,70.100000,0.000000,70.100000,0.000000,70.100000,0.000000,70.100000,0.000000,70.100000,0.000000,70.100000,0.000761,70.100000,0.000182,70.100000,0.000000,70.100000,0.000094,70.100000,0.000000,70.100000,0.000000,70.100000,0.000000,70.100000,0.000000,
70.300000,0.000000,70.300000,0.000000,70.300000,0.000247,70.300000,0.000000,70.300000,0.000000,70.300000,0.002305,70.300000,0.000000,70.300000,0.000000,70.300000,0.000000,70.300000,0.000000,70.300000,0.000000,70.300000,0.000000,70.300000,0.000000,70.300000,0.000000,70.300000,0.000000,70.300000,0.000761,70.300000,0.000000,70.300000,0.000000,70.300000,0.000094,70.300000,0.000000,70.300000,0.000000,70.300000,0.000000,70.300000,0.000000,
70.500000,0.000000,70.500000,0.000000,70.500000,0.000247,70.500000,0.000000,70.500000,0.000000,70.500000,0.002141,70.500000,0.000000,70.500000,0.000000,70.500000,0.000000,70.500000,0.000000,70.500000,0.000000,70.500000,0.000000,70.500000,0.000000,70.500000,0.000000,70.500000,0.000000,70.500000,0.000761,70.500000,0.000000,70.500000,0.000000,70.500000,0.000094,70.500000,0.000000,70.500000,0.000000,70.500000,0.000000,70.500000,0.000000,
70.700000,0.000000,70.700000,0.000000,70.700000,0.000247,70.700000,0.000000,70.700000,0.000000,70.700000,0.002141,70.700000,0.000000,70.700000,0.000000,70.700000,0.000000,70.700000,0.000000,70.700000,0.000000,70.700000,0.000000,70.700000,0.000000,70.700000,0.000000,70.700000,0.000000,70.700000,0.000685,70.700000,0.000000,70.700000,0.000000,70.700000,0.000094,70.700000,0.000000,70.700000,0.000000,70.700000,0.000000,70.700000,0.000000,
70.900000,0.000000,70.900000,0.000000,70.900000,0.000216,70.900000,0.000000,70.900000,0.000000,70.900000,0.002058,70.900000,0.000000,70.900000,0.000000,70.900000,0.000000,70.900000,0.000000,70.900000,0.000000,70.900000,0.000000,70.900000,0.000000,70.900000,0.000000,70.900000,0.000000,70.900000,0.000609,70.900000,0.000000,70.900000,0.000000,70.900000,0.000094,70.900000,0.000000,70.900000,0.000000,70.900000,0.000000,70.900000,0.000000,
71.100000,0.000000,71.100000,0.000000,71.100000,0.000216,71.100000,0.000000,71.100000,0.000000,71.100000,0.002058,71.100000,0.000000,71.100000,0.000000,71.100000,0.000000,71.100000,0.000000,71.100000,0.000000,71.100000,0.000000,71.100000,0.000000,71.100000,0.000000,71.100000,0.000000,71.100000,0.000609,71.100000,0.000000,71.100000,0.000000,71.100000,0.000094,71.100000,0.000000,71.100000,0.000000,71.100000,0.000000,71.100000,0.000000,
71.300000,0.000000,71.300000,0.000000,71.300000,0.000216,71.300000,0.000000,71.300000,0.000000,71.300000,0.001976,71.300000,0.000000,71.300000,0.000000,71.300000,0.000000,71.300000,0.000000,71.300000,0.000000,71.300000,0.000000,71.300000,0.000000,71.300000,0.000000,71.300000,0.000000,71.300000,0.000533,71.300000,0.000000,71.300000,0.000000,71.300000,0.000062,71.300000,0.000000,71.300000,0.000000,71.300000,0.000000,71.300000,0.000000,
71.500000,0.000000,71.500000,0.000000,71.500000,0.000185,71.500000,0.000000,71.500000,0.000000,71.500000,0.001976,71.500000,0.000000,71.500000,0.000000,71.500000,0.000000,71.500000,0.000000,71.500000,0.000000,71.500000,0.000000,71.500000,0.000000,71.500000,0.000000,71.500000,0.000000,71.500000,0.000533,71.500000,0.000000,71.500000,0.000000,71.500000,0.000031,71.500000,0.000000,71.500000,0.000000,71.500000,0.000000,71.500000,0.000000,
71.700000,0.000000,71.700000,0.000000,71.700000,0.000154,71.700000,0.000000,71.700000,0.000000,71.700000,0.001894,71.700000,0.000000,71.700000,0.000000,71.700000,0.000000,71.700000,0.000000,71.700000,0.000000,71.700000,0.000000,71.700000,0.000000,71.700000,0.000000,71.700000,0.000000,71.700000,0.000533,71.700000,0.000000,71.700000,0.000000,71.700000,0.000031,71.700000,0.000000,71.700000,0.000000,71.700000,0.000000,71.700000,0.000000,
71.900000,0.000000,71.900000,0.000000,71.900000,0.000154,71.900000,0.000000,71.900000,0.000000,71.900000,0.001811,71.900000,0.000000,71.900000,0.000000,71.900000,0.000000,71.900000,0.000000,71.900000,0.000000,71.900000,0.000000,71.900000,0.000000,71.900000,0.000000,71.900000,0.000000,71.900000,0.000533,71.900000,0.000000,71.900000,0.000000,71.900000,0.000031,71.900000,0.000000,71.900000,0.000000,71.900000,0.000000,71.900000,0.000000,
72.100000,0.000000,72.100000,0.000000,72.100000,0.000123,72.100000,0.000000,72.100000,0.000000,72.100000,0.001811,72.100000,0.000000,72.100000,0.000000,72.100000,0.000000,72.100000,0.000000,72.100000,0.000000,72.100000,0.000000,72.100000,0.000000,72.100000,0.000000,72.100000,0.000000,72.100000,0.000533,72.100000,0.000000,72.100000,0.000000,72.100000,0.000031,72.100000,0.000000,72.100000,0.000000,72.100000,0.000000,72.100000,0.000000,
72.300000,0.000000,72.300000,0.000000,72.300000,0.000123,72.300000,0.000000,72.300000,0.000000,72.300000,0.001811,72.300000,0.000000,72.300000,0.000000,72.300000,0.000000,72.300000,0.000000,72.300000,0.000000,72.300000,0.000000,72.300000,0.000000,72.300000,0.000000,72.300000,0.000000,72.300000,0.000533,72.300000,0.000000,72.300000,0.000000,72.300000,0.000000,72.300000,0.000000,72.300000,0.000000,72.300000,0.000000,72.300000,0.000000,
72.500000,0.000000,72.500000,0.000000,72.500000,0.000093,72.500000,0.000000,72.500000,0.000000,72.500000,0.001811,72.500000,0.000000,72.500000,0.000000,72.500000,0.000000,72.500000,0.000000,72.500000,0.000000,72.500000,0.000000,72.500000,0.000000,72.500000,0.000000,72.500000,0.000000,72.500000,0.000533,72.500000,0.000000,72.500000,0.000000,72.500000,0.000000,72.500000,0.000000,72.500000,0.000000,72.500000,0.000000,72.500000,0.000000,
72.700000,0.000000,72.700000,0.000000,72.700000,0.000093,72.700000,0.000000,72.700000,0.000000,72.700000,0.001811,72.700000,0.000000,72.700000,0.000000,72.700000,0.000000,72.700000,0.000000,72.700000,0.000000,72.700000,0.000000,72.700000,0.000000,72.700000,0.000000,72.700000,0.000000,72.700000,0.000533,72.700000,0.000000,72.700000,0.000000,72.700000,0.000000,72.700000,0.000000,72.700000,0.000000,72.700000,0.000000,72.700000,0.000000,
72.900000,0.000000,72.900000,0.000000,72.900000,0.000062,72.900000,0.000000,72.900000,0.000000,72.900000,0.001811,72.900000,0.000000,72.900000,0.000000,72.900000,0.000000,72.900000,0.000000,72.900000,0.000000,72.900000,0.000000,72.900000,0.000000,72.900000,0.000000,72.900000,0.000000,72.900000,0.000533,72.900000,0.000000,72.900000,0.000000,72.900000,0.000000,72.900000,0.000000,72.900000,0.000000,72.900000,0.000000,72.900000,0.000000,
73.100000,0.000000,73.100000,0.000000,73.100000,0.000062,73.100000,0.000000,73.100000,0.000000,73.100000,0.001729,73.100000,0.000000,73.100000,0.000000,73.100000,0.000000,73.100000,0.000000,73.100000,0.000000,73.100000,0.000000,73.100000,0.000000,73.100000,0.000000,73.100000,0.000000,73.100000,0.000457,73.100000,0.000000,73.100000,0.000000,73.100000,0.000000,73.100000,0.000000,73.100000,0.000000,73.100000,0.000000,73.100000,0.000000,
73.300000,0.000000,73.300000,0.000000,73.300000,0.000062,73.300000,0.000000,73.300000,0.000000,73.300000,0.001647,73.300000,0.000000,73.300000,0.000000,73.300000,0.000000,73.300000,0.000000,73.300000,0.000000,73.300000,0.000000,73.300000,0.000000,73.300000,0.000000,73.300000,0.000000,73.300000,0.000457,73.300000,0.000000,73.300000,0.000000,73.300000,0.000000,73.300000,0.000000,73.300000,0.000000,73.300000,0.000000,73.300000,0.000000,
73.500000,0.000000,73.500000,0.000000,73.500000,0.000031,73.500000,0.000000,73.500000,0.000000,73.500000,0.001647,73.500000,0.000000,73.500000,0.000000,73.500000,0.000000,73.500000,0.000000,73.500000,0.000000,73.500000,0.000000,73.500000,0.000000,73.500000,0.000000,73.500000,0.000000,73.500000,0.000457,73.500000,0.000000,73.500000,0.000000,73.500000,0.000000,73.500000,0.000000,73.500000,0.000000,73.500000,0.000000,73.500000,0.000000,
73.700000,0.000000,73.700000,0.000000,73.700000,0.000031,73.700000,0.000000,73.700000,0.000000,73.700000,0.001482,73.700000,0.000000,73.700000,0.000000,73.700000,0.000000,73.700000,0.000000,73.700000,0.000000,73.700000,0.000000,73.700000,0.000000,73.700000,0.000000,73.700000,0.000000,73.700000,0.000457,73.700000,0.000000,73.700000,0.000000,73.700000,0.000000,73.700000,0.000000,73.700000,0.000000,73.700000,0.000000,73.700000,0.000000,
73.900000,0.000000,73.900000,0.000000,73.900000,0.000031,73.900000,0.000000,73.900000,0.000000,73.900000,0.001482,73.900000,0.000000,73.900000,0.000000,73.900000,0.000000,73.900000,0.000000,73.900000,0.000000,73.900000,0.000000,73.900000,0.000000,73.900000,0.000000,73.900000,0.000000,73.900000,0.000304,73.900000,0.000000,73.900000,0.000000,73.900000,0.000000,73.900000,0.000000,73.900000,0.000000,73.900000,0.000000,73.900000,0.000000,
74.100000,0.000000,74.100000,0.000000,74.100000,0.000031,74.100000,0.000000,74.100000,0.000000,74.100000,0.001400,74.100000,0.000000,74.100000,0.000000,74.100000,0.000000,74.100000,0.000000,74.100000,0.000000,74.100000,0.000000,74.100000,0.000000,74.100000,0.000000,74.100000,0.000000,74.100000,0.000304,74.100000,0.000000,74.100000,0.000000,74.100000,0.000000,74.100000,0.000000,74.100000,0.000000,74.100000,0.000000,74.100000,0.000000,
74.300000,0.000000,74.300000,0.000000,74.300000,0.000031,74.300000,0.000000,74.300000,0.000000,74.300000,0.001400,74.300000,0.000000,74.300000,0.000000,74.300000,0.000000,74.300000,0.000000,74.300000,0.000000,74.300000,0.000000,74.300000,0.000000,74.300000,0.000000,74.300000,0.000000,74.300000,0.000228,74.300000,0.000000,74.300000,0.000000,74.300000,0.000000,74.300000,0.000000,74.300000,0.000000,74.300000,0.000000,74.300000,0.000000,
74.500000,0.000000,74.500000,0.000000,74.500000,0.000031,74.500000,0.000000,74.500000,0.000000,74.500000,0.001317,74.500000,0.000000,74.500000,0.000000,74.500000,0.000000,74.500000,0.000000,74.500000,0.000000,74.500000,0.000000,74.500000,0.000000,74.500000,0.000000,74.500000,0.000000,74.500000,0.000228,74.500000,0.000000,74.500000,0.000000,74.500000,0.000000,74.500000,0.000000,74.500000,0.000000,74.500000,0.000000,74.500000,0.000000,
74.700000,0.000000,74.700000,0.000000,74.700000,0.000031,74.700000,0.000000,74.700000,0.000000,74.700000,0.001317,74.700000,0.000000,74.700000,0.000000,74.700000,0.000000,74.700000,0.000000,74.700000,0.000000,74.700000,0.000000,74.700000,0.000000,74.700000,0.000000,74.700000,0.000000,74.700000,0.000228,74.700000,0.000000,74.700000,0.000000,74.700000,0.000000,74.700000,0.000000,74.700000,0.000000,74.700000,0.000000,74.700000,0.000000,
74.900000,0.000000,74.900000,0.000000,74.900000,0.000031,74.900000,0.000000,74.900000,0.000000,74.900000,0.001235,74.900000,0.000000,74.900000,0.000000,74.900000,0.000000,74.900000,0.000000,74.900000,0.000000,74.900000,0.000000,74.900000,0.000000,74.900000,0.000000,74.900000,0.000000,74.900000,0.000228,74.900000,0.000000,74.900000,0.000000,74.900000,0.000000,74.900000,0.000000,74.900000,0.000000,74.900000,0.000000,74.900000,0.000000,
75.100000,0.000000,75.100000,0.000000,75.100000,0.000031,75.100000,0.000000,75.100000,0.000000,75.100000,0.001153,75.100000,0.000000,75.100000,0.000000,75.100000,0.000000,75.100000,0.000000,75.100000,0.000000,75.100000,0.000000,75.100000,0.000000,75.100000,0.000000,75.100000,0.000000,75.100000,0.000228,75.100000,0.000000,75.100000,0.000000,75.100000,0.000000,75.100000,0.000000,75.100000,0.000000,75.100000,0.000000,75.100000,0.000000,
75.300000,0.000000,75.300000,0.000000,75.300000,0.000031,75.300000,0.000000,75.300000,0.000000,75.300000,0.001153,75.300000,0.000000,75.300000,0.000000,75.300000,0.000000,75.300000,0.000000,75.300000,0.000000,75.300000,0.000000,75.300000,0.000000,75.300000,0.000000,75.300000,0.000000,75.300000,0.000228,75.300000,0.000000,75.300000,0.000000,75.300000,0.000000,75.300000,0.000000,75.300000,0.000000,75.300000,0.000000,75.300000,0.000000,
75.500000,0.000000,75.500000,0.000000,75.500000,0.000031,75.500000,0.000000,75.500000,0.000000,75.500000,0.001153,75.500000,0.000000,75.500000,0.000000,75.500000,0.000000,75.500000,0.000000,75.500000,0.000000,75.500000,0.000000,75.500000,0.000000,75.500000,0.000000,75.500000,0.000000,75.500000,0.000152,75.500000,0.000000,75.500000,0.000000,75.500000,0.000000,75.500000,0.000000,75.500000,0.000000,75.500000,0.000000,75.500000,0.000000,
75.700000,0.000000,75.700000,0.000000,75.700000,0.000000,75.700000,0.000000,75.700000,0.000000,75.700000,0.001153,75.700000,0.000000,75.700000,0.000000,75.700000,0.000000,75.700000,0.000000,75.700000,0.000000,75.700000,0.000000,75.700000,0.000000,75.700000,0.000000,75.700000,0.000000,75.700000,0.000152,75.700000,0.000000,75.700000,0.000000,75.700000,0.000000,75.700000,0.000000,75.700000,0.000000,75.700000,0.000000,75.700000,0.000000,
75.900000,0.000000,75.900000,0.000000,75.900000,0.000000,75.900000,0.000000,75.900000,0.000000,75.900000,0.001070,75.900000,0.000000,75.900000,0.000000,75.900000,0.000000,75.900000,0.000000,75.900000,0.000000,75.900000,0.000000,75.900000,0.000000,75.900000,0.000000,75.900000,0.000000,75.900000,0.000152,75.900000,0.000000,75.900000,0.000000,75.900000,0.000000,75.900000,0.000000,75.900000,0.000000,75.900000,0.000000,75.900000,0.000000,
76.100000,0.000000,76.100000,0.000000,76.100000,0.000000,76.100000,0.000000,76.100000,0.000000,76.100000,0.001070,76.100000,0.000000,76.100000,0.000000,76.100000,0.000000,76.100000,0.000000,76.100000,0.000000,76.100000,0.000000,76.100000,0.000000,76.100000,0.000000,76.100000,0.000000,76.100000,0.000152,76.100000,0.000000,76.100000,0.000000,76.100000,0.000000,76.100000,0.000000,76.100000,0.000000,76.100000,0.000000,76.100000,0.000000,
76.300000,0.000000,76.300000,0.000000,76.300000,0.000000,76.300000,0.000000,76.300000,0.000000,76.300000,0.000988,76.300000,0.000000,76.300000,0.000000,76.300000,0.000000,76.300000,0.000000,76.300000,0.000000,76.300000,0.000000,76.300000,0.000000,76.300000,0.000000,76.300000,0.000000,76.300000,0.000152,76.300000,0.000000,76.300000,0.000000,76.300000,0.000000,76.300000,0.000000,76.300000,0.000000,76.300000,0.000000,76.300000,0.000000,
76.500000,0.000000,76.500000,0.000000,76.500000,0.000000,76.500000,0.000000,76.500000,0.000000,76.500000,0.000988,76.500000,0.000000,76.500000,0.000000,76.500000,0.000000,76.500000,0.000000,76.500000,0.000000,76.500000,0.000000,76.500000,0.000000,76.500000,0.000000,76.500000,0.000000,76.500000,0.000152,76.500000,0.000000,76.500000,0.000000,76.500000,0.000000,76.500000,0.000000,76.500000,0.000000,76.500000,0.000000,76.500000,0.000000,
76.700000,0.000000,76.700000,0.000000,76.700000,0.000000,76.700000,0.000000,76.700000,0.000000,76.700000,0.000988,76.700000,0.000000,76.700000,0.000000,76.700000,0.000000,76.700000,0.000000,76.700000,0.000000,76.700000,0.000000,76.700000,0.000000,76.700000,0.000000,76.700000,0.000000,76.700000,0.000152,76.700000,0.000000,76.700000,0.000000,76.700000,0.000000,76.700000,0.000000,76.700000,0.000000,76.700000,0.000000,76.700000,0.000000,
76.900000,0.000000,76.900000,0.000000,76.900000,0.000000,76.900000,0.000000,76.900000,0.000000,76.900000,0.000988,76.900000,0.000000,76.900000,0.000000,76.900000,0.000000,76.900000,0.000000,76.900000,0.000000,76.900000,0.000000,76.900000,0.000000,76.900000,0.000000,76.900000,0.000000,76.900000,0.000152,76.900000,0.000000,76.900000,0.000000,76.900000,0.000000,76.900000,0.000000,76.900000,0.000000,76.900000,0.000000,76.900000,0.000000,
77.100000,0.000000,77.100000,0.000000,77.100000,0.000000,77.100000,0.000000,77.100000,0.000000,77.100000,0.000988,77.100000,0.000000,77.100000,0.000000,77.100000,0.000000,77.100000,0.000000,77.100000,0.000000,77.100000,0.000000,77.100000,0.000000,77.100000,0.000000,77.100000,0.000000,77.100000,0.000152,77.100000,0.000000,77.100000,0.000000,77.100000,0.000000,77.100000,0.000000,77.100000,0.000000,77.100000,0.000000,77.100000,0.000000,
77.300000,0.000000,77.300000,0.000000,77.300000,0.000000,77.300000,0.000000,77.300000,0.000000,77.300000,0.000988,77.300000,0.000000,77.300000,0.000000,77.300000,0.000000,77.300000,0.000000,77.300000,0.000000,77.300000,0.000000,77.300000,0.000000,77.300000,0.000000,77.300000,0.000000,77.300000,0.000076,77.300000,0.000000,77.300000,0.000000,77.300000,0.000000,77.300000,0.000000,77.300000,0.000000,77.300000,0.000000,77.300000,0.000000,
77.500000,0.000000,77.500000,0.000000,77.500000,0.000000,77.500000,0.000000,77.500000,0.000000,77.500000,0.000988,77.500000,0.000000,77.500000,0.000000,77.500000,0.000000,77.500000,0.000000,77.500000,0.000000,77.500000,0.000000,77.500000,0.000000,77.500000,0.000000,77.500000,0.000000,77.500000,0.000000,77.500000,0.000000,77.500000,0.000000,77.500000,0.000000,77.500000,0.000000,77.500000,0.000000,77.500000,0.000000,77.500000,0.000000,
77.700000,0.000000,77.700000,0.000000,77.700000,0.000000,77.700000,0.000000,77.700000,0.000000,77.700000,0.000988,77.700000,0.000000,77.700000,0.000000,77.700000,0.000000,77.700000,0.000000,77.700000,0.000000,77.700000,0.000000,77.700000,0.000000,77.700000,0.000000,77.700000,0.000000,77.700000,0.000000,77.700000,0.000000,77.700000,0.000000,77.700000,0.000000,77.700000,0.000000,77.700000,0.000000,77.700000,0.000000,77.700000,0.000000,
77.900000,0.000000,77.900000,0.000000,77.900000,0.000000,77.900000,0.000000,77.900000,0.000000,77.900000,0.000988,77.900000,0.000000,77.900000,0.000000,77.900000,0.000000,77.900000,0.000000,77.900000,0.000000,77.900000,0.000000,77.900000,0.000000,77.900000,0.000000,77.900000,0.000000,77.900000,0.000000,77.900000,0.000000,77.900000,0.000000,77.900000,0.000000,77.900000,0.000000,77.900000,0.000000,77.900000,0.000000,77.900000,0.000000,
78.100000,0.000000,78.100000,0.000000,78.100000,0.000000,78.100000,0.000000,78.100000,0.000000,78.100000,0.000906,78.100000,0.000000,78.100000,0.000000,78.100000,0.000000,78.100000,0.000000,78.100000,0.000000,78.100000,0.000000,78.100000,0.000000,78.100000,0.000000,78.100000,0.000000,78.100000,0.000000,78.100000,0.000000,78.100000,0.000000,78.100000,0.000000,78.100000,0.000000,78.100000,0.000000,78.100000,0.000000,78.100000,0.000000,
78.300000,0.000000,78.300000,0.000000,78.300000,0.000000,78.300000,0.000000,78.300000,0.000000,78.300000,0.000823,78.300000,0.000000,78.300000,0.000000,78.300000,0.000000,78.300000,0.000000,78.300000,0.000000,78.300000,0.000000,78.300000,0.000000,78.300000,0.000000,78.300000,0.000000,78.300000,0.000000,78.300000,0.000000,78.300000,0.000000,78.300000,0.000000,78.300000,0.000000,78.300000,0.000000,78.300000,0.000000,78.300000,0.000000,
78.500000,0.000000,78.500000,0.000000,78.500000,0.000000,78.500000,0.000000,78.500000,0.000000,78.500000,0.000823,78.500000,0.000000,78.500000,0.000000,78.500000,0.000000,78.500000,0.000000,78.500000,0.000000,78.500000,0.000000,78.500000,0.000000,78.500000,0.000000,78.500000,0.000000,78.500000,0.000000,78.500000,0.000000,78.500000,0.000000,78.500000,0.000000,78.500000,0.000000,78.500000,0.000000,78.500000,0.000000,78.500000,0.000000,
78.700000,0.000000,78.700000,0.000000,78.700000,0.000000,78.700000,0.000000,78.700000,0.000000,78.700000,0.000741,78.700000,0.000000,78.700000,0.000000,78.700000,0.000000,78.700000,0.000000,78.700000,0.000000,78.700000,0.000000,78.700000,0.000000,78.700000,0.000000,78.700000,0.000000,78.700000,0.000000,78.700000,0.000000,78.700000,0.000000,78.700000,0.000000,78.700000,0.000000,78.700000,0.000000,78.700000,0.000000,78.700000,0.000000,
78.900000,0.000000,78.900000,0.000000,78.900000,0.000000,78.900000,0.000000,78.900000,0.000000,78.900000,0.000741,78.900000,0.000000,78.900000,0.000000,78.900000,0.000000,78.900000,0.000000,78.900000,0.000000,78.900000,0.000000,78.900000,0.000000,78.900000,0.000000,78.900000,0.000000,78.900000,0.000000,78.900000,0.000000,78.900000,0.000000,78.900000,0.000000,78.900000,0.000000,78.900000,0.000000,78.900000,0.000000,78.900000,0.000000,
79.100000,0.000000,79.100000,0.000000,79.100000,0.000000,79.100000,0.000000,79.100000,0.000000,79.100000,0.000576,79.100000,0.000000,79.100000,0.000000,79.100000,0.000000,79.100000,0.000000,79.100000,0.000000,79.100000,0.000000,79.100000,0.000000,79.100000,0.000000,79.100000,0.000000,79.100000,0.000000,79.100000,0.000000,79.100000,0.000000,79.100000,0.000000,79.100000,0.000000,79.100000,0.000000,79.100000,0.000000,79.100000,0.000000,
79.300000,0.000000,79.300000,0.000000,79.300000,0.000000,79.300000,0.000000,79.300000,0.000000,79.300000,0.000576,79.300000,0.000000,79.300000,0.000000,79.300000,0.000000,79.300000,0.000000,79.300000,0.000000,79.300000,0.000000,79.300000,0.000000,79.300000,0.000000,79.300000,0.000000,79.300000,0.000000,79.300000,0.000000,79.300000,0.000000,79.300000,0.000000,79.300000,0.000000,79.300000,0.000000,79.300000,0.000000,79.300000,0.000000,
79.500000,0.000000,79.500000,0.000000,79.500000,0.000000,79.500000,0.000000,79.500000,0.000000,79.500000,0.000576,79.500000,0.000000,79.500000,0.000000,79.500000,0.000000,79.500000,0.000000,79.500000,0.000000,79.500000,0.000000,79.500000,0.000000,79.500000,0.000000,79.500000,0.000000,79.500000,0.000000,79.500000,0.000000,79.500000,0.000000,79.500000,0.000000,79.500000,0.000000,79.500000,0.000000,79.500000,0.000000,79.500000,0.000000,
79.700000,0.000000,79.700000,0.000000,79.700000,0.000000,79.700000,0.000000,79.700000,0.000000,79.700000,0.000576,79.700000,0.000000,79.700000,0.000000,79.700000,0.000000,79.700000,0.000000,79.700000,0.000000,79.700000,0.000000,79.700000,0.000000,79.700000,0.000000,79.700000,0.000000,79.700000,0.000000,79.700000,0.000000,79.700000,0.000000,79.700000,0.000000,79.700000,0.000000,79.700000,0.000000,79.700000,0.000000,79.700000,0.000000,
79.900000,0.000000,79.900000,0.000000,79.900000,0.000000,79.900000,0.000000,79.900000,0.000000,79.900000,0.000494,79.900000,0.000000,79.900000,0.000000,79.900000,0.000000,79.900000,0.000000,79.900000,0.000000,79.900000,0.000000,79.900000,0.000000,79.900000,0.000000,79.900000,0.000000,79.900000,0.000000,79.900000,0.000000,79.900000,0.000000,79.900000,0.000000,79.900000,0.000000,79.900000,0.000000,79.900000,0.000000,79.900000,0.000000,
80.100000,0.000000,80.100000,0.000000,80.100000,0.000000,80.100000,0.000000,80.100000,0.000000,80.100000,0.000494,80.100000,0.000000,80.100000,0.000000,80.100000,0.000000,80.100000,0.000000,80.100000,0.000000,80.100000,0.000000,80.100000,0.000000,80.100000,0.000000,80.100000,0.000000,80.100000,0.000000,80.100000,0.000000,80.100000,0.000000,80.100000,0.000000,80.100000,0.000000,80.100000,0.000000,80.100000,0.000000,80.100000,0.000000,
80.300000,0.000000,80.300000,0.000000,80.300000,0.000000,80.300000,0.000000,80.300000,0.000000,80.300000,0.000412,80.300000,0.000000,80.300000,0.000000,80.300000,0.000000,80.300000,0.000000,80.300000,0.000000,80.300000,0.000000,80.300000,0.000000,80.300000,0.000000,80.300000,0.000000,80.300000,0.000000,80.300000,0.000000,80.300000,0.000000,80.300000,0.000000,80.300000,0.000000,80.300000,0.000000,80.300000,0.000000,80.300000,0.000000,
80.500000,0.000000,80.500000,0.000000,80.500000,0.000000,80.500000,0.000000,80.500000,0.000000,80.500000,0.000412,80.500000,0.000000,80.500000,0.000000,80.500000,0.000000,80.500000,0.000000,80.500000,0.000000,80.500000,0.000000,80.500000,0.000000,80.500000,0.000000,80.500000,0.000000,80.500000,0.000000,80.500000,0.000000,80.500000,0.000000,80.500000,0.000000,80.500000,0.000000,80.500000,0.000000,80.500000,0.000000,80.500000,0.000000,
80.700000,0.000000,80.700000,0.000000,80.700000,0.000000,80.700000,0.000000,80.700000,0.000000,80.700000,0.000329,80.700000,0.000000,80.700000,0.000000,80.700000,0.000000,80.700000,0.000000,80.700000,0.000000,80.700000,0.000000,80.700000,0.000000,80.700000,0.000000,80.700000,0.000000,80.700000,0.000000,80.700000,0.000000,80.700000,0.000000,80.700000,0.000000,80.700000,0.000000,80.700000,0.000000,80.700000,0.000000,80.700000,0.000000,
80.900000,0.000000,80.900000,0.000000,80.900000,0.000000,80.900000,0.000000,80.900000,0.000000,80.900000,0.000329,80.900000,0.000000,80.900000,0.000000,80.900000,0.000000,80.900000,0.000000,80.900000,0.000000,80.900000,0.000000,80.900000,0.000000,80.900000,0.000000,80.900000,0.000000,80.900000,0.000000,80.900000,0.000000,80.900000,0.000000,80.900000,0.000000,80.900000,0.000000,80.900000,0.000000,80.900000,0.000000,80.900000,0.000000,
81.100000,0.000000,81.100000,0.000000,81.100000,0.000000,81.100000,0.000000,81.100000,0.000000,81.100000,0.000329,81.100000,0.000000,81.100000,0.000000,81.100000,0.000000,81.100000,0.000000,81.100000,0.000000,81.100000,0.000000,81.100000,0.000000,81.100000,0.000000,81.100000,0.000000,81.100000,0.000000,81.100000,0.000000,81.100000,0.000000,81.100000,0.000000,81.100000,0.000000,81.100000,0.000000,81.100000,0.000000,81.100000,0.000000,
81.300000,0.000000,81.300000,0.000000,81.300000,0.000000,81.300000,0.000000,81.300000,0.000000,81.300000,0.000329,81.300000,0.000000,81.300000,0.000000,81.300000,0.000000,81.300000,0.000000,81.300000,0.000000,81.300000,0.000000,81.300000,0.000000,81.300000,0.000000,81.300000,0.000000,81.300000,0.000000,81.300000,0.000000,81.300000,0.000000,81.300000,0.000000,81.300000,0.000000,81.300000,0.000000,81.300000,0.000000,81.300000,0.000000,
81.500000,0.000000,81.500000,0.000000,81.500000,0.000000,81.500000,0.000000,81.500000,0.000000,81.500000,0.000329,81.500000,0.000000,81.500000,0.000000,81.500000,0.000000,81.500000,0.000000,81.500000,0.000000,81.500000,0.000000,81.500000,0.000000,81.500000,0.000000,81.500000,0.000000,81.500000,0.000000,81.500000,0.000000,81.500000,0.000000,81.500000,0.000000,81.500000,0.000000,81.500000,0.000000,81.500000,0.000000,81.500000,0.000000,
81.700000,0.000000,81.700000,0.000000,81.700000,0.000000,81.700000,0.000000,81.700000,0.000000,81.700000,0.000329,81.700000,0.000000,81.700000,0.000000,81.700000,0.000000,81.700000,0.000000,81.700000,0.000000,81.700000,0.000000,81.700000,0.000000,81.700000,0.000000,81.700000,0.000000,81.700000,0.000000,81.700000,0.000000,81.700000,0.000000,81.700000,0.000000,81.700000,0.000000,81.700000,0.000000,81.700000,0.000000,81.700000,0.000000,
81.900000,0.000000,81.900000,0.000000,81.900000,0.000000,81.900000,0.000000,81.900000,0.000000,81.900000,0.000329,81.900000,0.000000,81.900000,0.000000,81.900000,0.000000,81.900000,0.000000,81.900000,0.000000,81.900000,0.000000,81.900000,0.000000,81.900000,0.000000,81.900000,0.000000,81.900000,0.000000,81.900000,0.000000,81.900000,0.000000,81.900000,0.000000,81.900000,0.000000,81.900000,0.000000,81.900000,0.000000,81.900000,0.000000,
82.100000,0.000000,82.100000,0.000000,82.100000,0.000000,82.100000,0.000000,82.100000,0.000000,82.100000,0.000329,82.100000,0.000000,82.100000,0.000000,82.100000,0.000000,82.100000,0.000000,82.100000,0.000000,82.100000,0.000000,82.100000,0.000000,82.100000,0.000000,82.100000,0.000000,82.100000,0.000000,82.100000,0.000000,82.100000,0.000000,82.100000,0.000000,82.100000,0.000000,82.100000,0.000000,82.100000,0.000000,82.100000,0.000000,
82.300000,0.000000,82.300000,0.000000,82.300000,0.000000,82.300000,0.000000,82.300000,0.000000,82.300000,0.000247,82.300000,0.000000,82.300000,0.000000,82.300000,0.000000,82.300000,0.000000,82.300000,0.000000,82.300000,0.000000,82.300000,0.000000,82.300000,0.000000,82.300000,0.000000,82.300000,0.000000,82.300000,0.000000,82.300000,0.000000,82.300000,0.000000,82.300000,0.000000,82.300000,0.000000,82.300000,0.000000,82.300000,0.000000,
82.500000,0.000000,82.500000,0.000000,82.500000,0.000000,82.500000,0.000000,82.500000,0.000000,82.500000,0.000247,82.500000,0.000000,82.500000,0.000000,82.500000,0.000000,82.500000,0.000000,82.500000,0.000000,82.500000,0.000000,82.500000,0.000000,82.500000,0.000000,82.500000,0.000000,82.500000,0.000000,82.500000,0.000000,82.500000,0.000000,82.500000,0.000000,82.500000,0.000000,82.500000,0.000000,82.500000,0.000000,82.500000,0.000000,
82.700000,0.000000,82.700000,0.000000,82.700000,0.000000,82.700000,0.000000,82.700000,0.000000,82.700000,0.000165,82.700000,0.000000,82.700000,0.000000,82.700000,0.000000,82.700000,0.000000,82.700000,0.000000,82.700000,0.000000,82.700000,0.000000,82.700000,0.000000,82.700000,0.000000,82.700000,0.000000,82.700000,0.000000,82.700000,0.000000,82.700000,0.000000,82.700000,0.000000,82.700000,0.000000,82.700000,0.000000,82.700000,0.000000,
82.900000,0.000000,82.900000,0.000000,82.900000,0.000000,82.900000,0.000000,82.900000,0.000000,82.900000,0.000165,82.900000,0.000000,82.900000,0.000000,82.900000,0.000000,82.900000,0.000000,82.900000,0.000000,82.900000,0.000000,82.900000,0.000000,82.900000,0.000000,82.900000,0.000000,82.900000,0.000000,82.900000,0.000000,82.900000,0.000000,82.900000,0.000000,82.900000,0.000000,82.900000,0.000000,82.900000,0.000000,82.900000,0.000000,
83.100000,0.000000,83.100000,0.000000,83.100000,0.000000,83.100000,0.000000,83.100000,0.000000,83.100000,0.000165,83.100000,0.000000,83.100000,0.000000,83.100000,0.000000,83.100000,0.000000,83.100000,0.000000,83.100000,0.000000,83.100000,0.000000,83.100000,0.000000,83.100000,0.000000,83.100000,0.000000,83.100000,0.000000,83.100000,0.000000,83.100000,0.000000,83.100000,0.000000,83.100000,0.000000,83.100000,0.000000,83.100000,0.000000,
83.300000,0.000000,83.300000,0.000000,83.300000,0.000000,83.300000,0.000000,83.300000,0.000000,83.300000,0.000082,83.300000,0.000000,83.300000,0.000000,83.300000,0.000000,83.300000,0.000000,83.300000,0.000000,83.300000,0.000000,83.300000,0.000000,83.300000,0.000000,83.300000,0.000000,83.300000,0.000000,83.300000,0.000000,83.300000,0.000000,83.300000,0.000000,83.300000,0.000000,83.300000,0.000000,83.300000,0.000000,83.300000,0.000000,
83.500000,0.000000,83.500000,0.000000,83.500000,0.000000,83.500000,0.000000,83.500000,0.000000,83.500000,0.000082,83.500000,0.000000,83.500000,0.000000,83.500000,0.000000,83.500000,0.000000,83.500000,0.000000,83.500000,0.000000,83.500000,0.000000,83.500000,0.000000,83.500000,0.000000,83.500000,0.000000,83.500000,0.000000,83.500000,0.000000,83.500000,0.000000,83.500000,0.000000,83.500000,0.000000,83.500000,0.000000,83.500000,0.000000,
83.700000,0.000000,83.700000,0.000000,83.700000,0.000000,83.700000,0.000000,83.700000,0.000000,83.700000,0.000000,83.700000,0.000000,83.700000,0.000000,83.700000,0.000000,83.700000,0.000000,83.700000,0.000000,83.700000,0.000000,83.700000,0.000000,83.700000,0.000000,83.700000,0.000000,83.700000,0.000000,83.700000,0.000000,83.700000,0.000000,83.700000,0.000000,83.700000,0.000000,83.700000,0.000000,83.700000,0.000000,83.700000,0.000000,
83.900000,0.000000,83.900000,0.000000,83.900000,0.000000,83.900000,0.000000,83.900000,0.000000,83.900000,0.000000,83.900000,0.000000,83.900000,0.000000,83.900000,0.000000,83.900000,0.000000,83.900000,0.000000,83.900000,0.000000,83.900000,0.000000,83.900000,0.000000,83.900000,0.000000,83.900000,0.000000,83.900000,0.000000,83.900000,0.000000,83.900000,0.000000,83.900000,0.000000,83.900000,0.000000,83.900000,0.000000,83.900000,0.000000,
84.100000,0.000000,84.100000,0.000000,84.100000,0.000000,84.100000,0.000000,84.100000,0.000000,84.100000,0.000000,84.100000,0.000000,84.100000,0.000000,84.100000,0.000000,84.100000,0.000000,84.100000,0.000000,84.100000,0.000000,84.100000,0.000000,84.100000,0.000000,84.100000,0.000000,84.100000,0.000000,84.100000,0.000000,84.100000,0.000000,84.100000,0.000000,84.100000,0.000000,84.100000,0.000000,84.100000,0.000000,84.100000,0.000000,
84.300000,0.000000,84.300000,0.000000,84.300000,0.000000,84.300000,0.000000,84.300000,0.000000,84.300000,0.000000,84.300000,0.000000,84.300000,0.000000,84.300000,0.000000,84.300000,0.000000,84.300000,0.000000,84.300000,0.000000,84.300000,0.000000,84.300000,0.000000,84.300000,0.000000,84.300000,0.000000,84.300000,0.000000,84.300000,0.000000,84.300000,0.000000,84.300000,0.000000,84.300000,0.000000,84.300000,0.000000,84.300000,0.000000,
84.500000,0.000000,84.500000,0.000000,84.500000,0.000000,84.500000,0.000000,84.500000,0.000000,84.500000,0.000000,84.500000,0.000000,84.500000,0.000000,84.500000,0.000000,84.500000,0.000000,84.500000,0.000000,84.500000,0.000000,84.500000,0.000000,84.500000,0.000000,84.500000,0.000000,84.500000,0.000000,84.500000,0.000000,84.500000,0.000000,84.500000,0.000000,84.500000,0.000000,84.500000,0.000000,84.500000,0.000000,84.500000,0.000000,
84.700000,0.000000,84.700000,0.000000,84.700000,0.000000,84.700000,0.000000,84.700000,0.000000,84.700000,0.000000,84.700000,0.000000,84.700000,0.000000,84.700000,0.000000,84.700000,0.000000,84.700000,0.000000,84.700000,0.000000,84.700000,0.000000,84.700000,0.000000,84.700000,0.000000,84.700000,0.000000,84.700000,0.000000,84.700000,0.000000,84.700000,0.000000,84.700000,0.000000,84.700000,0.000000,84.700000,0.000000,84.700000,0.000000,
84.900000,0.000000,84.900000,0.000000,84.900000,0.000000,84.900000,0.000000,84.900000,0.000000,84.900000,0.000000,84.900000,0.000000,84.900000,0.000000,84.900000,0.000000,84.900000,0.000000,84.900000,0.000000,84.900000,0.000000,84.900000,0.000000,84.900000,0.000000,84.900000,0.000000,84.900000,0.000000,84.900000,0.000000,84.900000,0.000000,84.900000,0.000000,84.900000,0.000000,84.900000,0.000000,84.900000,0.000000,84.900000,0.000000,
85.100000,0.000000,85.100000,0.000000,85.100000,0.000000,85.100000,0.000000,85.100000,0.000000,85.100000,0.000000,85.100000,0.000000,85.100000,0.000000,85.100000,0.000000,85.100000,0.000000,85.100000,0.000000,85.100000,0.000000,85.100000,0.000000,85.100000,0.000000,85.100000,0.000000,85.100000,0.000000,85.100000,0.000000,85.100000,0.000000,85.100000,0.000000,85.100000,0.000000,85.100000,0.000000,85.100000,0.000000,85.100000,0.000000,
85.300000,0.000000,85.300000,0.000000,85.300000,0.000000,85.300000,0.000000,85.300000,0.000000,85.300000,0.000000,85.300000,0.000000,85.300000,0.000000,85.300000,0.000000,85.300000,0.000000,85.300000,0.000000,85.300000,0.000000,85.300000,0.000000,85.300000,0.000000,85.300000,0.000000,85.300000,0.000000,85.300000,0.000000,85.300000,0.000000,85.300000,0.000000,85.300000,0.000000,85.300000,0.000000,85.300000,0.000000,85.300000,0.000000,
85.500000,0.000000,85.500000,0.000000,85.500000,0.000000,85.500000,0.000000,85.500000,0.000000,85.500000,0.000000,85.500000,0.000000,85.500000,0.000000,85.500000,0.000000,85.500000,0.000000,85.500000,0.000000,85.500000,0.000000,85.500000,0.000000,85.500000,0.000000,85.500000,0.000000,85.500000,0.000000,85.500000,0.000000,85.500000,0.000000,85.500000,0.000000,85.500000,0.000000,85.500000,0.000000,85.500000,0.000000,85.500000,0.000000,
85.700000,0.000000,85.700000,0.000000,85.700000,0.000000,85.700000,0.000000,85.700000,0.000000,85.700000,0.000000,85.700000,0.000000,85.700000,0.000000,85.700000,0.000000,85.700000,0.000000,85.700000,0.000000,85.700000,0.000000,85.700000,0.000000,85.700000,0.000000,85.700000,0.000000,85.700000,0.000000,85.700000,0.000000,85.700000,0.000000,85.700000,0.000000,85.700000,0.000000,85.700000,0.000000,85.700000,0.000000,85.700000,0.000000,
85.900000,0.000000,85.900000,0.000000,85.900000,0.000000,85.900000,0.000000,85.900000,0.000000,85.900000,0.000000,85.900000,0.000000,85.900000,0.000000,85.900000,0.000000,85.900000,0.000000,85.900000,0.000000,85.900000,0.000000,85.900000,0.000000,85.900000,0.000000,85.900000,0.000000,85.900000,0.000000,85.900000,0.000000,85.900000,0.000000,85.900000,0.000000,85.900000,0.000000,85.900000,0.000000,85.900000,0.000000,85.900000,0.000000,
86.100000,0.000000,86.100000,0.000000,86.100000,0.000000,86.100000,0.000000,86.100000,0.000000,86.100000,0.000000,86.100000,0.000000,86.100000,0.000000,86.100000,0.000000,86.100000,0.000000,86.100000,0.000000,86.100000,0.000000,86.100000,0.000000,86.100000,0.000000,86.100000,0.000000,86.100000,0.000000,86.100000,0.000000,86.100000,0.000000,86.100000,0.000000,86.100000,0.000000,86.100000,0.000000,86.100000,0.000000,86.100000,0.000000,
86.300000,0.000000,86.300000,0.000000,86.300000,0.000000,86.300000,0.000000,86.300000,0.000000,86.300000,0.000000,86.300000,0.000000,86.300000,0.000000,86.300000,0.000000,86.300000,0.000000,86.300000,0.000000,86.300000,0.000000,86.300000,0.000000,86.300000,0.000000,86.300000,0.000000,86.300000,0.000000,86.300000,0.000000,86.300000,0.000000,86.300000,0.000000,86.300000,0.000000,86.300000,0.000000,86.300000,0.000000,86.300000,0.000000,
86.500000,0.000000,86.500000,0.000000,86.500000,0.000000,86.500000,0.000000,86.500000,0.000000,86.500000,0.000000,86.500000,0.000000,86.500000,0.000000,86.500000,0.000000,86.500000,0.000000,86.500000,0.000000,86.500000,0.000000,86.500000,0.000000,86.500000,0.000000,86.500000,0.000000,86.500000,0.000000,86.500000,0.000000,86.500000,0.000000,86.500000,0.000000,86.500000,0.000000,86.500000,0.000000,86.500000,0.000000,86.500000,0.000000,
86.700000,0.000000,86.700000,0.000000,86.700000,0.000000,86.700000,0.000000,86.700000,0.000000,86.700000,0.000000,86.700000,0.000000,86.700000,0.000000,86.700000,0.000000,86.700000,0.000000,86.700000,0.000000,86.700000,0.000000,86.700000,0.000000,86.700000,0.000000,86.700000,0.000000,86.700000,0.000000,86.700000,0.000000,86.700000,0.000000,86.700000,0.000000,86.700000,0.000000,86.700000,0.000000,86.700000,0.000000,86.700000,0.000000,
86.900000,0.000000,86.900000,0.000000,86.900000,0.000000,86.900000,0.000000,86.900000,0.000000,86.900000,0.000000,86.900000,0.000000,86.900000,0.000000,86.900000,0.000000,86.900000,0.000000,86.900000,0.000000,86.900000,0.000000,86.900000,0.000000,86.900000,0.000000,86.900000,0.000000,86.900000,0.000000,86.900000,0.000000,86.900000,0.000000,86.900000,0.000000,86.900000,0.000000,86.900000,0.000000,86.900000,0.000000,86.900000,0.000000,
87.100000,0.000000,87.100000,0.000000,87.100000,0.000000,87.100000,0.000000,87.100000,0.000000,87.100000,0.000000,87.100000,0.000000,87.100000,0.000000,87.100000,0.000000,87.100000,0.000000,87.100000,0.000000,87.100000,0.000000,87.100000,0.000000,87.100000,0.000000,87.100000,0.000000,87.100000,0.000000,87.100000,0.000000,87.100000,0.000000,87.100000,0.000000,87.100000,0.000000,87.100000,0.000000,87.100000,0.000000,87.100000,0.000000,
87.300000,0.000000,87.300000,0.000000,87.300000,0.000000,87.300000,0.000000,87.300000,0.000000,87.300000,0.000000,87.300000,0.000000,87.300000,0.000000,87.300000,0.000000,87.300000,0.000000,87.300000,0.000000,87.300000,0.000000,87.300000,0.000000,87.300000,0.000000,87.300000,0.000000,87.300000,0.000000,87.300000,0.000000,87.300000,0.000000,87.300000,0.000000,87.300000,0.000000,87.300000,0.000000,87.300000,0.000000,87.300000,0.000000,
87.500000,0.000000,87.500000,0.000000,87.500000,0.000000,87.500000,0.000000,87.500000,0.000000,87.500000,0.000000,87.500000,0.000000,87.500000,0.000000,87.500000,0.000000,87.500000,0.000000,87.500000,0.000000,87.500000,0.000000,87.500000,0.000000,87.500000,0.000000,87.500000,0.000000,87.500000,0.000000,87.500000,0.000000,87.500000,0.000000,87.500000,0.000000,87.500000,0.000000,87.500000,0.000000,87.500000,0.000000,87.500000,0.000000,
87.700000,0.000000,87.700000,0.000000,87.700000,0.000000,87.700000,0.000000,87.700000,0.000000,87.700000,0.000000,87.700000,0.000000,87.700000,0.000000,87.700000,0.000000,87.700000,0.000000,87.700000,0.000000,87.700000,0.000000,87.700000,0.000000,87.700000,0.000000,87.700000,0.000000,87.700000,0.000000,87.700000,0.000000,87.700000,0.000000,87.700000,0.000000,87.700000,0.000000,87.700000,0.000000,87.700000,0.000000,87.700000,0.000000,
87.900000,0.000000,87.900000,0.000000,87.900000,0.000000,87.900000,0.000000,87.900000,0.000000,87.900000,0.000000,87.900000,0.000000,87.900000,0.000000,87.900000,0.000000,87.900000,0.000000,87.900000,0.000000,87.900000,0.000000,87.900000,0.000000,87.900000,0.000000,87.900000,0.000000,87.900000,0.000000,87.900000,0.000000,87.900000,0.000000,87.900000,0.000000,87.900000,0.000000,87.900000,0.000000,87.900000,0.000000,87.900000,0.000000,
88.100000,0.000000,88.100000,0.000000,88.100000,0.000000,88.100000,0.000000,88.100000,0.000000,88.100000,0.000000,88.100000,0.000000,88.100000,0.000000,88.100000,0.000000,88.100000,0.000000,88.100000,0.000000,88.100000,0.000000,88.100000,0.000000,88.100000,0.000000,88.100000,0.000000,88.100000,0.000000,88.100000,0.000000,88.100000,0.000000,88.100000,0.000000,88.100000,0.000000,88.100000,0.000000,88.100000,0.000000,88.100000,0.000000,
88.300000,0.000000,88.300000,0.000000,88.300000,0.000000,88.300000,0.000000,88.300000,0.000000,88.300000,0.000000,88.300000,0.000000,88.300000,0.000000,88.300000,0.000000,88.300000,0.000000,88.300000,0.000000,88.300000,0.000000,88.300000,0.000000,88.300000,0.000000,88.300000,0.000000,88.300000,0.000000,88.300000,0.000000,88.300000,0.000000,88.300000,0.000000,88.300000,0.000000,88.300000,0.000000,88.300000,0.000000,88.300000,0.000000,
88.500000,0.000000,88.500000,0.000000,88.500000,0.000000,88.500000,0.000000,88.500000,0.000000,88.500000,0.000000,88.500000,0.000000,88.500000,0.000000,88.500000,0.000000,88.500000,0.000000,88.500000,0.000000,88.500000,0.000000,88.500000,0.000000,88.500000,0.000000,88.500000,0.000000,88.500000,0.000000,88.500000,0.000000,88.500000,0.000000,88.500000,0.000000,88.500000,0.000000,88.500000,0.000000,88.500000,0.000000,88.500000,0.000000,
88.700000,0.000000,88.700000,0.000000,88.700000,0.000000,88.700000,0.000000,88.700000,0.000000,88.700000,0.000000,88.700000,0.000000,88.700000,0.000000,88.700000,0.000000,88.700000,0.000000,88.700000,0.000000,88.700000,0.000000,88.700000,0.000000,88.700000,0.000000,88.700000,0.000000,88.700000,0.000000,88.700000,0.000000,88.700000,0.000000,88.700000,0.000000,88.700000,0.000000,88.700000,0.000000,88.700000,0.000000,88.700000,0.000000,
88.900000,0.000000,88.900000,0.000000,88.900000,0.000000,88.900000,0.000000,88.900000,0.000000,88.900000,0.000000,88.900000,0.000000,88.900000,0.000000,88.900000,0.000000,88.900000,0.000000,88.900000,0.000000,88.900000,0.000000,88.900000,0.000000,88.900000,0.000000,88.900000,0.000000,88.900000,0.000000,88.900000,0.000000,88.900000,0.000000,88.900000,0.000000,88.900000,0.000000,88.900000,0.000000,88.900000,0.000000,88.900000,0.000000,
89.100000,0.000000,89.100000,0.000000,89.100000,0.000000,89.100000,0.000000,89.100000,0.000000,89.100000,0.000000,89.100000,0.000000,89.100000,0.000000,89.100000,0.000000,89.100000,0.000000,89.100000,0.000000,89.100000,0.000000,89.100000,0.000000,89.100000,0.000000,89.100000,0.000000,89.100000,0.000000,89.100000,0.000000,89.100000,0.000000,89.100000,0.000000,89.100000,0.000000,89.100000,0.000000,89.100000,0.000000,89.100000,0.000000,
89.300000,0.000000,89.300000,0.000000,89.300000,0.000000,89.300000,0.000000,89.300000,0.000000,89.300000,0.000000,89.300000,0.000000,89.300000,0.000000,89.300000,0.000000,89.300000,0.000000,89.300000,0.000000,89.300000,0.000000,89.300000,0.000000,89.300000,0.000000,89.300000,0.000000,89.300000,0.000000,89.300000,0.000000,89.300000,0.000000,89.300000,0.000000,89.300000,0.000000,89.300000,0.000000,89.300000,0.000000,89.300000,0.000000,
89.500000,0.000000,89.500000,0.000000,89.500000,0.000000,89.500000,0.000000,89.500000,0.000000,89.500000,0.000000,89.500000,0.000000,89.500000,0.000000,89.500000,0.000000,89.500000,0.000000,89.500000,0.000000,89.500000,0.000000,89.500000,0.000000,89.500000,0.000000,89.500000,0.000000,89.500000,0.000000,89.500000,0.000000,89.500000,0.000000,89.500000,0.000000,89.500000,0.000000,89.500000,0.000000,89.500000,0.000000,89.500000,0.000000,
89.700000,0.000000,89.700000,0.000000,89.700000,0.000000,89.700000,0.000000,89.700000,0.000000,89.700000,0.000000,89.700000,0.000000,89.700000,0.000000,89.700000,0.000000,89.700000,0.000000,89.700000,0.000000,89.700000,0.000000,89.700000,0.000000,89.700000,0.000000,89.700000,0.000000,89.700000,0.000000,89.700000,0.000000,89.700000,0.000000,89.700000,0.000000,89.700000,0.000000,89.700000,0.000000,89.700000,0.000000,89.700000,0.000000,
89.900000,0.000000,89.900000,0.000000,89.900000,0.000000,89.900000,0.000000,89.900000,0.000000,89.900000,0.000000,89.900000,0.000000,89.900000,0.000000,89.900000,0.000000,89.900000,0.000000,89.900000,0.000000,89.900000,0.000000,89.900000,0.000000,89.900000,0.000000,89.900000,0.000000,89.900000,0.000000,89.900000,0.000000,89.900000,0.000000,89.900000,0.000000,89.900000,0.000000,89.900000,0.000000,89.900000,0.000000,89.900000,0.000000,
90.100000,0.000000,90.100000,0.000000,90.100000,0.000000,90.100000,0.000000,90.100000,0.000000,90.100000,0.000000,90.100000,0.000000,90.100000,0.000000,90.100000,0.000000,90.100000,0.000000,90.100000,0.000000,90.100000,0.000000,90.100000,0.000000,90.100000,0.000000,90.100000,0.000000,90.100000,0.000000,90.100000,0.000000,90.100000,0.000000,90.100000,0.000000,90.100000,0.000000,90.100000,0.000000,90.100000,0.000000,90.100000,0.000000,
90.300000,0.000000,90.300000,0.000000,90.300000,0.000000,90.300000,0.000000,90.300000,0.000000,90.300000,0.000000,90.300000,0.000000,90.300000,0.000000,90.300000,0.000000,90.300000,0.000000,90.300000,0.000000,90.300000,0.000000,90.300000,0.000000,90.300000,0.000000,90.300000,0.000000,90.300000,0.000000,90.300000,0.000000,90.300000,0.000000,90.300000,0.000000,90.300000,0.000000,90.300000,0.000000,90.300000,0.000000,90.300000,0.000000,
90.500000,0.000000,90.500000,0.000000,90.500000,0.000000,90.500000,0.000000,90.500000,0.000000,90.500000,0.000000,90.500000,0.000000,90.500000,0.000000,90.500000,0.000000,90.500000,0.000000,90.500000,0.000000,90.500000,0.000000,90.500000,0.000000,90.500000,0.000000,90.500000,0.000000,90.500000,0.000000,90.500000,0.000000,90.500000,0.000000,90.500000,0.000000,90.500000,0.000000,90.500000,0.000000,90.500000,0.000000,90.500000,0.000000,
90.700000,0.000000,90.700000,0.000000,90.700000,0.000000,90.700000,0.000000,90.700000,0.000000,90.700000,0.000000,90.700000,0.000000,90.700000,0.000000,90.700000,0.000000,90.700000,0.000000,90.700000,0.000000,90.700000,0.000000,90.700000,0.000000,90.700000,0.000000,90.700000,0.000000,90.700000,0.000000,90.700000,0.000000,90.700000,0.000000,90.700000,0.000000,90.700000,0.000000,90.700000,0.000000,90.700000,0.000000,90.700000,0.000000,
90.900000,0.000000,90.900000,0.000000,90.900000,0.000000,90.900000,0.000000,90.900000,0.000000,90.900000,0.000000,90.900000,0.000000,90.900000,0.000000,90.900000,0.000000,90.900000,0.000000,90.900000,0.000000,90.900000,0.000000,90.900000,0.000000,90.900000,0.000000,90.900000,0.000000,90.900000,0.000000,90.900000,0.000000,90.900000,0.000000,90.900000,0.000000,90.900000,0.000000,90.900000,0.000000,90.900000,0.000000,90.900000,0.000000,
91.100000,0.000000,91.100000,0.000000,91.100000,0.000000,91.100000,0.000000,91.100000,0.000000,91.100000,0.000000,91.100000,0.000000,91.100000,0.000000,91.100000,0.000000,91.100000,0.000000,91.100000,0.000000,91.100000,0.000000,91.100000,0.000000,91.100000,0.000000,91.100000,0.000000,91.100000,0.000000,91.100000,0.000000,91.100000,0.000000,91.100000,0.000000,91.100000,0.000000,91.100000,0.000000,91.100000,0.000000,91.100000,0.000000,
91.300000,0.000000,91.300000,0.000000,91.300000,0.000000,91.300000,0.000000,91.300000,0.000000,91.300000,0.000000,91.300000,0.000000,91.300000,0.000000,91.300000,0.000000,91.300000,0.000000,91.300000,0.000000,91.300000,0.000000,91.300000,0.000000,91.300000,0.000000,91.300000,0.000000,91.300000,0.000000,91.300000,0.000000,91.300000,0.000000,91.300000,0.000000,91.300000,0.000000,91.300000,0.000000,91.300000,0.000000,91.300000,0.000000,
91.500000,0.000000,91.500000,0.000000,91.500000,0.000000,91.500000,0.000000,91.500000,0.000000,91.500000,0.000000,91.500000,0.000000,91.500000,0.000000,91.500000,0.000000,91.500000,0.000000,91.500000,0.000000,91.500000,0.000000,91.500000,0.000000,91.500000,0.000000,91.500000,0.000000,91.500000,0.000000,91.500000,0.000000,91.500000,0.000000,91.500000,0.000000,91.500000,0.000000,91.500000,0.000000,91.500000,0.000000,91.500000,0.000000,
91.700000,0.000000,91.700000,0.000000,91.700000,0.000000,91.700000,0.000000,91.700000,0.000000,91.700000,0.000000,91.700000,0.000000,91.700000,0.000000,91.700000,0.000000,91.700000,0.000000,91.700000,0.000000,91.700000,0.000000,91.700000,0.000000,91.700000,0.000000,91.700000,0.000000,91.700000,0.000000,91.700000,0.000000,91.700000,0.000000,91.700000,0.000000,91.700000,0.000000,91.700000,0.000000,91.700000,0.000000,91.700000,0.000000,
91.900000,0.000000,91.900000,0.000000,91.900000,0.000000,91.900000,0.000000,91.900000,0.000000,91.900000,0.000000,91.900000,0.000000,91.900000,0.000000,91.900000,0.000000,91.900000,0.000000,91.900000,0.000000,91.900000,0.000000,91.900000,0.000000,91.900000,0.000000,91.900000,0.000000,91.900000,0.000000,91.900000,0.000000,91.900000,0.000000,91.900000,0.000000,91.900000,0.000000,91.900000,0.000000,91.900000,0.000000,91.900000,0.000000,
92.100000,0.000000,92.100000,0.000000,92.100000,0.000000,92.100000,0.000000,92.100000,0.000000,92.100000,0.000000,92.100000,0.000000,92.100000,0.000000,92.100000,0.000000,92.100000,0.000000,92.100000,0.000000,92.100000,0.000000,92.100000,0.000000,92.100000,0.000000,92.100000,0.000000,92.100000,0.000000,92.100000,0.000000,92.100000,0.000000,92.100000,0.000000,92.100000,0.000000,92.100000,0.000000,92.100000,0.000000,92.100000,0.000000,
92.300000,0.000000,92.300000,0.000000,92.300000,0.000000,92.300000,0.000000,92.300000,0.000000,92.300000,0.000000,92.300000,0.000000,92.300000,0.000000,92.300000,0.000000,92.300000,0.000000,92.300000,0.000000,92.300000,0.000000,92.300000,0.000000,92.300000,0.000000,92.300000,0.000000,92.300000,0.000000,92.300000,0.000000,92.300000,0.000000,92.300000,0.000000,92.300000,0.000000,92.300000,0.000000,92.300000,0.000000,92.300000,0.000000,
92.500000,0.000000,92.500000,0.000000,92.500000,0.000000,92.500000,0.000000,92.500000,0.000000,92.500000,0.000000,92.500000,0.000000,92.500000,0.000000,92.500000,0.000000,92.500000,0.000000,92.500000,0.000000,92.500000,0.000000,92.500000,0.000000,92.500000,0.000000,92.500000,0.000000,92.500000,0.000000,92.500000,0.000000,92.500000,0.000000,92.500000,0.000000,92.500000,0.000000,92.500000,0.000000,92.500000,0.000000,92.500000,0.000000,
92.700000,0.000000,92.700000,0.000000,92.700000,0.000000,92.700000,0.000000,92.700000,0.000000,92.700000,0.000000,92.700000,0.000000,92.700000,0.000000,92.700000,0.000000,92.700000,0.000000,92.700000,0.000000,92.700000,0.000000,92.700000,0.000000,92.700000,0.000000,92.700000,0.000000,92.700000,0.000000,92.700000,0.000000,92.700000,0.000000,92.700000,0.000000,92.700000,0.000000,92.700000,0.000000,92.700000,0.000000,92.700000,0.000000,
92.900000,0.000000,92.900000,0.000000,92.900000,0.000000,92.900000,0.000000,92.900000,0.000000,92.900000,0.000000,92.900000,0.000000,92.900000,0.000000,92.900000,0.000000,92.900000,0.000000,92.900000,0.000000,92.900000,0.000000,92.900000,0.000000,92.900000,0.000000,92.900000,0.000000,92.900000,0.000000,92.900000,0.000000,92.900000,0.000000,92.900000,0.000000,92.900000,0.000000,92.900000,0.000000,92.900000,0.000000,92.900000,0.000000,
93.100000,0.000000,93.100000,0.000000,93.100000,0.000000,93.100000,0.000000,93.100000,0.000000,93.100000,0.000000,93.100000,0.000000,93.100000,0.000000,93.100000,0.000000,93.100000,0.000000,93.100000,0.000000,93.100000,0.000000,93.100000,0.000000,93.100000,0.000000,93.100000,0.000000,93.100000,0.000000,93.100000,0.000000,93.100000,0.000000,93.100000,0.000000,93.100000,0.000000,93.100000,0.000000,93.100000,0.000000,93.100000,0.000000,
93.300000,0.000000,93.300000,0.000000,93.300000,0.000000,93.300000,0.000000,93.300000,0.000000,93.300000,0.000000,93.300000,0.000000,93.300000,0.000000,93.300000,0.000000,93.300000,0.000000,93.300000,0.000000,93.300000,0.000000,93.300000,0.000000,93.300000,0.000000,93.300000,0.000000,93.300000,0.000000,93.300000,0.000000,93.300000,0.000000,93.300000,0.000000,93.300000,0.000000,93.300000,0.000000,93.300000,0.000000,93.300000,0.000000,
93.500000,0.000000,93.500000,0.000000,93.500000,0.000000,93.500000,0.000000,93.500000,0.000000,93.500000,0.000000,93.500000,0.000000,93.500000,0.000000,93.500000,0.000000,93.500000,0.000000,93.500000,0.000000,93.500000,0.000000,93.500000,0.000000,93.500000,0.000000,93.500000,0.000000,93.500000,0.000000,93.500000,0.000000,93.500000,0.000000,93.500000,0.000000,93.500000,0.000000,93.500000,0.000000,93.500000,0.000000,93.500000,0.000000,
93.700000,0.000000,93.700000,0.000000,93.700000,0.000000,93.700000,0.000000,93.700000,0.000000,93.700000,0.000000,93.700000,0.000000,93.700000,0.000000,93.700000,0.000000,93.700000,0.000000,93.700000,0.000000,93.700000,0.000000,93.700000,0.000000,93.700000,0.000000,93.700000,0.000000,93.700000,0.000000,93.700000,0.000000,93.700000,0.000000,93.700000,0.000000,93.700000,0.000000,93.700000,0.000000,93.700000,0.000000,93.700000,0.000000,
93.900000,0.000000,93.900000,0.000000,93.900000,0.000000,93.900000,0.000000,93.900000,0.000000,93.900000,0.000000,93.900000,0.000000,93.900000,0.000000,93.900000,0.000000,93.900000,0.000000,93.900000,0.000000,93.900000,0.000000,93.900000,0.000000,93.900000,0.000000,93.900000,0.000000,93.900000,0.000000,93.900000,0.000000,93.900000,0.000000,93.900000,0.000000,93.900000,0.000000,93.900000,0.000000,93.900000,0.000000,93.900000,0.000000,
94.100000,0.000000,94.100000,0.000000,94.100000,0.000000,94.100000,0.000000,94.100000,0.000000,94.100000,0.000000,94.100000,0.000000,94.100000,0.000000,94.100000,0.000000,94.100000,0.000000,94.100000,0.000000,94.100000,0.000000,94.100000,0.000000,94.100000,0.000000,94.100000,0.000000,94.100000,0.000000,94.100000,0.000000,94.100000,0.000000,94.100000,0.000000,94.100000,0.000000,94.100000,0.000000,94.100000,0.000000,94.100000,0.000000,
94.300000,0.000000,94.300000,0.000000,94.300000,0.000000,94.300000,0.000000,94.300000,0.000000,94.300000,0.000000,94.300000,0.000000,94.300000,0.000000,94.300000,0.000000,94.300000,0.000000,94.300000,0.000000,94.300000,0.000000,94.300000,0.000000,94.300000,0.000000,94.300000,0.000000,94.300000,0.000000,94.300000,0.000000,94.300000,0.000000,94.300000,0.000000,94.300000,0.000000,94.300000,0.000000,94.300000,0.000000,94.300000,0.000000,
94.500000,0.000000,94.500000,0.000000,94.500000,0.000000,94.500000,0.000000,94.500000,0.000000,94.500000,0.000000,94.500000,0.000000,94.500000,0.000000,94.500000,0.000000,94.500000,0.000000,94.500000,0.000000,94.500000,0.000000,94.500000,0.000000,94.500000,0.000000,94.500000,0.000000,94.500000,0.000000,94.500000,0.000000,94.500000,0.000000,94.500000,0.000000,94.500000,0.000000,94.500000,0.000000,94.500000,0.000000,94.500000,0.000000,
94.700000,0.000000,94.700000,0.000000,94.700000,0.000000,94.700000,0.000000,94.700000,0.000000,94.700000,0.000000,94.700000,0.000000,94.700000,0.000000,94.700000,0.000000,94.700000,0.000000,94.700000,0.000000,94.700000,0.000000,94.700000,0.000000,94.700000,0.000000,94.700000,0.000000,94.700000,0.000000,94.700000,0.000000,94.700000,0.000000,94.700000,0.000000,94.700000,0.000000,94.700000,0.000000,94.700000,0.000000,94.700000,0.000000,
94.900000,0.000000,94.900000,0.000000,94.900000,0.000000,94.900000,0.000000,94.900000,0.000000,94.900000,0.000000,94.900000,0.000000,94.900000,0.000000,94.900000,0.000000,94.900000,0.000000,94.900000,0.000000,94.900000,0.000000,94.900000,0.000000,94.900000,0.000000,94.900000,0.000000,94.900000,0.000000,94.900000,0.000000,94.900000,0.000000,94.900000,0.000000,94.900000,0.000000,94.900000,0.000000,94.900000,0.000000,94.900000,0.000000,
95.100000,0.000000,95.100000,0.000000,95.100000,0.000000,95.100000,0.000000,95.100000,0.000000,95.100000,0.000000,95.100000,0.000000,95.100000,0.000000,95.100000,0.000000,95.100000,0.000000,95.100000,0.000000,95.100000,0.000000,95.100000,0.000000,95.100000,0.000000,95.100000,0.000000,95.100000,0.000000,95.100000,0.000000,95.100000,0.000000,95.100000,0.000000,95.100000,0.000000,95.100000,0.000000,95.100000,0.000000,95.100000,0.000000,
95.300000,0.000000,95.300000,0.000000,95.300000,0.000000,95.300000,0.000000,95.300000,0.000000,95.300000,0.000000,95.300000,0.000000,95.300000,0.000000,95.300000,0.000000,95.300000,0.000000,95.300000,0.000000,95.300000,0.000000,95.300000,0.000000,95.300000,0.000000,95.300000,0.000000,95.300000,0.000000,95.300000,0.000000,95.300000,0.000000,95.300000,0.000000,95.300000,0.000000,95.300000,0.000000,95.300000,0.000000,95.300000,0.000000,
95.500000,0.000000,95.500000,0.000000,95.500000,0.000000,95.500000,0.000000,95.500000,0.000000,95.500000,0.000000,95.500000,0.000000,95.500000,0.000000,95.500000,0.000000,95.500000,0.000000,95.500000,0.000000,95.500000,0.000000,95.500000,0.000000,95.500000,0.000000,95.500000,0.000000,95.500000,0.000000,95.500000,0.000000,95.500000,0.000000,95.500000,0.000000,95.500000,0.000000,95.500000,0.000000,95.500000,0.000000,95.500000,0.000000,
95.700000,0.000000,95.700000,0.000000,95.700000,0.000000,95.700000,0.000000,95.700000,0.000000,95.700000,0.000000,95.700000,0.000000,95.700000,0.000000,95.700000,0.000000,95.700000,0.000000,95.700000,0.000000,95.700000,0.000000,95.700000,0.000000,95.700000,0.000000,95.700000,0.000000,95.700000,0.000000,95.700000,0.000000,95.700000,0.000000,95.700000,0.000000,95.700000,0.000000,95.700000,0.000000,95.700000,0.000000,95.700000,0.000000,
95.900000,0.000000,95.900000,0.000000,95.900000,0.000000,95.900000,0.000000,95.900000,0.000000,95.900000,0.000000,95.900000,0.000000,95.900000,0.000000,95.900000,0.000000,95.900000,0.000000,95.900000,0.000000,95.900000,0.000000,95.900000,0.000000,95.900000,0.000000,95.900000,0.000000,95.900000,0.000000,95.900000,0.000000,95.900000,0.000000,95.900000,0.000000,95.900000,0.000000,95.900000,0.000000,95.900000,0.000000,95.900000,0.000000,
96.100000,0.000000,96.100000,0.000000,96.100000,0.000000,96.100000,0.000000,96.100000,0.000000,96.100000,0.000000,96.100000,0.000000,96.100000,0.000000,96.100000,0.000000,96.100000,0.000000,96.100000,0.000000,96.100000,0.000000,96.100000,0.000000,96.100000,0.000000,96.100000,0.000000,96.100000,0.000000,96.100000,0.000000,96.100000,0.000000,96.100000,0.000000,96.100000,0.000000,96.100000,0.000000,96.100000,0.000000,96.100000,0.000000,
96.300000,0.000000,96.300000,0.000000,96.300000,0.000000,96.300000,0.000000,96.300000,0.000000,96.300000,0.000000,96.300000,0.000000,96.300000,0.000000,96.300000,0.000000,96.300000,0.000000,96.300000,0.000000,96.300000,0.000000,96.300000,0.000000,96.300000,0.000000,96.300000,0.000000,96.300000,0.000000,96.300000,0.000000,96.300000,0.000000,96.300000,0.000000,96.300000,0.000000,96.300000,0.000000,96.300000,0.000000,96.300000,0.000000,
96.500000,0.000000,96.500000,0.000000,96.500000,0.000000,96.500000,0.000000,96.500000,0.000000,96.500000,0.000000,96.500000,0.000000,96.500000,0.000000,96.500000,0.000000,96.500000,0.000000,96.500000,0.000000,96.500000,0.000000,96.500000,0.000000,96.500000,0.000000,96.500000,0.000000,96.500000,0.000000,96.500000,0.000000,96.500000,0.000000,96.500000,0.000000,96.500000,0.000000,96.500000,0.000000,96.500000,0.000000,96.500000,0.000000,
96.700000,0.000000,96.700000,0.000000,96.700000,0.000000,96.700000,0.000000,96.700000,0.000000,96.700000,0.000000,96.700000,0.000000,96.700000,0.000000,96.700000,0.000000,96.700000,0.000000,96.700000,0.000000,96.700000,0.000000,96.700000,0.000000,96.700000,0.000000,96.700000,0.000000,96.700000,0.000000,96.700000,0.000000,96.700000,0.000000,96.700000,0.000000,96.700000,0.000000,96.700000,0.000000,96.700000,0.000000,96.700000,0.000000,
96.900000,0.000000,96.900000,0.000000,96.900000,0.000000,96.900000,0.000000,96.900000,0.000000,96.900000,0.000000,96.900000,0.000000,96.900000,0.000000,96.900000,0.000000,96.900000,0.000000,96.900000,0.000000,96.900000,0.000000,96.900000,0.000000,96.900000,0.000000,96.900000,0.000000,96.900000,0.000000,96.900000,0.000000,96.900000,0.000000,96.900000,0.000000,96.900000,0.000000,96.900000,0.000000,96.900000,0.000000,96.900000,0.000000,
97.100000,0.000000,97.100000,0.000000,97.100000,0.000000,97.100000,0.000000,97.100000,0.000000,97.100000,0.000000,97.100000,0.000000,97.100000,0.000000,97.100000,0.000000,97.100000,0.000000,97.100000,0.000000,97.100000,0.000000,97.100000,0.000000,97.100000,0.000000,97.100000,0.000000,97.100000,0.000000,97.100000,0.000000,97.100000,0.000000,97.100000,0.000000,97.100000,0.000000,97.100000,0.000000,97.100000,0.000000,97.100000,0.000000,
97.300000,0.000000,97.300000,0.000000,97.300000,0.000000,97.300000,0.000000,97.300000,0.000000,97.300000,0.000000,97.300000,0.000000,97.300000,0.000000,97.300000,0.000000,97.300000,0.000000,97.300000,0.000000,97.300000,0.000000,97.300000,0.000000,97.300000,0.000000,97.300000,0.000000,97.300000,0.000000,97.300000,0.000000,97.300000,0.000000,97.300000,0.000000,97.300000,0.000000,97.300000,0.000000,97.300000,0.000000,97.300000,0.000000,
97.500000,0.000000,97.500000,0.000000,97.500000,0.000000,97.500000,0.000000,97.500000,0.000000,97.500000,0.000000,97.500000,0.000000,97.500000,0.000000,97.500000,0.000000,97.500000,0.000000,97.500000,0.000000,97.500000,0.000000,97.500000,0.000000,97.500000,0.000000,97.500000,0.000000,97.500000,0.000000,97.500000,0.000000,97.500000,0.000000,97.500000,0.000000,97.500000,0.000000,97.500000,0.000000,97.500000,0.000000,97.500000,0.000000,
97.700000,0.000000,97.700000,0.000000,97.700000,0.000000,97.700000,0.000000,97.700000,0.000000,97.700000,0.000000,97.700000,0.000000,97.700000,0.000000,97.700000,0.000000,97.700000,0.000000,97.700000,0.000000,97.700000,0.000000,97.700000,0.000000,97.700000,0.000000,97.700000,0.000000,97.700000,0.000000,97.700000,0.000000,97.700000,0.000000,97.700000,0.000000,97.700000,0.000000,97.700000,0.000000,97.700000,0.000000,97.700000,0.000000,
97.900000,0.000000,97.900000,0.000000,97.900000,0.000000,97.900000,0.000000,97.900000,0.000000,97.900000,0.000000,97.900000,0.000000,97.900000,0.000000,97.900000,0.000000,97.900000,0.000000,97.900000,0.000000,97.900000,0.000000,97.900000,0.000000,97.900000,0.000000,97.900000,0.000000,97.900000,0.000000,97.900000,0.000000,97.900000,0.000000,97.900000,0.000000,97.900000,0.000000,97.900000,0.000000,97.900000,0.000000,97.900000,0.000000,
98.100000,0.000000,98.100000,0.000000,98.100000,0.000000,98.100000,0.000000,98.100000,0.000000,98.100000,0.000000,98.100000,0.000000,98.100000,0.000000,98.100000,0.000000,98.100000,0.000000,98.100000,0.000000,98.100000,0.000000,98.100000,0.000000,98.100000,0.000000,98.100000,0.000000,98.100000,0.000000,98.100000,0.000000,98.100000,0.000000,98.100000,0.000000,98.100000,0.000000,98.100000,0.000000,98.100000,0.000000,98.100000,0.000000,
98.300000,0.000000,98.300000,0.000000,98.300000,0.000000,98.300000,0.000000,98.300000,0.000000,98.300000,0.000000,98.300000,0.000000,98.300000,0.000000,98.300000,0.000000,98.300000,0.000000,98.300000,0.000000,98.300000,0.000000,98.300000,0.000000,98.300000,0.000000,98.300000,0.000000,98.300000,0.000000,98.300000,0.000000,98.300000,0.000000,98.300000,0.000000,98.300000,0.000000,98.300000,0.000000,98.300000,0.000000,98.300000,0.000000,
98.500000,0.000000,98.500000,0.000000,98.500000,0.000000,98.500000,0.000000,98.500000,0.000000,98.500000,0.000000,98.500000,0.000000,98.500000,0.000000,98.500000,0.000000,98.500000,0.000000,98.500000,0.000000,98.500000,0.000000,98.500000,0.000000,98.500000,0.000000,98.500000,0.000000,98.500000,0.000000,98.500000,0.000000,98.500000,0.000000,98.500000,0.000000,98.500000,0.000000,98.500000,0.000000,98.500000,0.000000,98.500000,0.000000,
98.700000,0.000000,98.700000,0.000000,98.700000,0.000000,98.700000,0.000000,98.700000,0.000000,98.700000,0.000000,98.700000,0.000000,98.700000,0.000000,98.700000,0.000000,98.700000,0.000000,98.700000,0.000000,98.700000,0.000000,98.700000,0.000000,98.700000,0.000000,98.700000,0.000000,98.700000,0.000000,98.700000,0.000000,98.700000,0.000000,98.700000,0.000000,98.700000,0.000000,98.700000,0.000000,98.700000,0.000000,98.700000,0.000000,
98.900000,0.000000,98.900000,0.000000,98.900000,0.000000,98.900000,0.000000,98.900000,0.000000,98.900000,0.000000,98.900000,0.000000,98.900000,0.000000,98.900000,0.000000,98.900000,0.000000,98.900000,0.000000,98.900000,0.000000,98.900000,0.000000,98.900000,0.000000,98.900000,0.000000,98.900000,0.000000,98.900000,0.000000,98.900000,0.000000,98.900000,0.000000,98.900000,0.000000,98.900000,0.000000,98.900000,0.000000,98.900000,0.000000,
99.100000,0.000000,99.100000,0.000000,99.100000,0.000000,99.100000,0.000000,99.100000,0.000000,99.100000,0.000000,99.100000,0.000000,99.100000,0.000000,99.100000,0.000000,99.100000,0.000000,99.100000,0.000000,99.100000,0.000000,99.100000,0.000000,99.100000,0.000000,99.100000,0.000000,99.100000,0.000000,99.100000,0.000000,99.100000,0.000000,99.100000,0.000000,99.100000,0.000000,99.100000,0.000000,99.100000,0.000000,99.100000,0.000000,
99.300000,0.000000,99.300000,0.000000,99.300000,0.000000,99.300000,0.000000,99.300000,0.000000,99.300000,0.000000,99.300000,0.000000,99.300000,0.000000,99.300000,0.000000,99.300000,0.000000,99.300000,0.000000,99.300000,0.000000,99.300000,0.000000,99.300000,0.000000,99.300000,0.000000,99.300000,0.000000,99.300000,0.000000,99.300000,0.000000,99.300000,0.000000,99.300000,0.000000,99.300000,0.000000,99.300000,0.000000,99.300000,0.000000,
99.500000,0.000000,99.500000,0.000000,99.500000,0.000000,99.500000,0.000000,99.500000,0.000000,99.500000,0.000000,99.500000,0.000000,99.500000,0.000000,99.500000,0.000000,99.500000,0.000000,99.500000,0.000000,99.500000,0.000000,99.500000,0.000000,99.500000,0.000000,99.500000,0.000000,99.500000,0.000000,99.500000,0.000000,99.500000,0.000000,99.500000,0.000000,99.500000,0.000000,99.500000,0.000000,99.500000,0.000000,99.500000,0.000000,
99.700000,0.000000,99.700000,0.000000,99.700000,0.000000,99.700000,0.000000,99.700000,0.000000,99.700000,0.000000,99.700000,0.000000,99.700000,0.000000,99.700000,0.000000,99.700000,0.000000,99.700000,0.000000,99.700000,0.000000,99.700000,0.000000,99.700000,0.000000,99.700000,0.000000,99.700000,0.000000,99.700000,0.000000,99.700000,0.000000,99.700000,0.000000,99.700000,0.000000,99.700000,0.000000,99.700000,0.000000,99.700000,0.000000,
99.900000,0.000000,99.900000,0.000000,99.900000,0.000000,99.900000,0.000000,99.900000,0.000000,99.900000,0.000000,99.900000,0.000000,99.900000,0.000000,99.900000,0.000000,99.900000,0.000000,99.900000,0.000000,99.900000,0.000000,99.900000,0.000000,99.900000,0.000000,99.900000,0.000000,99.900000,0.000000,99.900000,0.000000,99.900000,0.000000,99.900000,0.000000,99.900000,0.000000,99.900000,0.000000,99.900000,0.000000,99.900000,0.000000,
100.100000,0.000000,100.100000,0.000000,100.100000,0.000000,100.100000,0.000000,100.100000,0.000000,100.100000,0.000000,100.100000,0.000000,100.100000,0.000000,100.100000,0.000000,100.100000,0.000000,100.100000,0.000000,100.100000,0.000000,100.100000,0.000000,100.100000,0.000000,100.100000,0.000000,100.100000,0.000000,100.100000,0.000000,100.100000,0.000000,100.100000,0.000000,100.100000,0.000000,100.100000,0.000000,100.100000,0.000000,100.100000,0.000000,
100.300000,0.000000,100.300000,0.000000,100.300000,0.000000,100.300000,0.000000,100.300000,0.000000,100.300000,0.000000,100.300000,0.000000,100.300000,0.000000,100.300000,0.000000,100.300000,0.000000,100.300000,0.000000,100.300000,0.000000,100.300000,0.000000,100.300000,0.000000,100.300000,0.000000,100.300000,0.000000,100.300000,0.000000,100.300000,0.000000,100.300000,0.000000,100.300000,0.000000,100.300000,0.000000,100.300000,0.000000,100.300000,0.000000,
100.500000,0.000000,100.500000,0.000000,100.500000,0.000000,100.500000,0.000000,100.500000,0.000000,100.500000,0.000000,100.500000,0.000000,100.500000,0.000000,100.500000,0.000000,100.500000,0.000000,100.500000,0.000000,100.500000,0.000000,100.500000,0.000000,100.500000,0.000000,100.500000,0.000000,100.500000,0.000000,100.500000,0.000000,100.500000,0.000000,100.500000,0.000000,100.500000,0.000000,100.500000,0.000000,100.500000,0.000000,100.500000,0.000000,
100.700000,0.000000,100.700000,0.000000,100.700000,0.000000,100.700000,0.000000,100.700000,0.000000,100.700000,0.000000,100.700000,0.000000,100.700000,0.000000,100.700000,0.000000,100.700000,0.000000,100.700000,0.000000,100.700000,0.000000,100.700000,0.000000,100.700000,0.000000,100.700000,0.000000,100.700000,0.000000,100.700000,0.000000,100.700000,0.000000,100.700000,0.000000,100.700000,0.000000,100.700000,0.000000,100.700000,0.000000,100.700000,0.000000,
100.900000,0.000000,100.900000,0.000000,100.900000,0.000000,100.900000,0.000000,100.900000,0.000000,100.900000,0.000000,100.900000,0.000000,100.900000,0.000000,100.900000,0.000000,100.900000,0.000000,100.900000,0.000000,100.900000,0.000000,100.900000,0.000000,100.900000,0.000000,100.900000,0.000000,100.900000,0.000000,100.900000,0.000000,100.900000,0.000000,100.900000,0.000000,100.900000,0.000000,100.900000,0.000000,100.900000,0.000000,100.900000,0.000000,
101.100000,0.000000,101.100000,0.000000,101.100000,0.000000,101.100000,0.000000,101.100000,0.000000,101.100000,0.000000,101.100000,0.000000,101.100000,0.000000,101.100000,0.000000,101.100000,0.000000,101.100000,0.000000,101.100000,0.000000,101.100000,0.000000,101.100000,0.000000,101.100000,0.000000,101.100000,0.000000,101.100000,0.000000,101.100000,0.000000,101.100000,0.000000,101.100000,0.000000,101.100000,0.000000,101.100000,0.000000,101.100000,0.000000,
101.300000,0.000000,101.300000,0.000000,101.300000,0.000000,101.300000,0.000000,101.300000,0.000000,101.300000,0.000000,101.300000,0.000000,101.300000,0.000000,101.300000,0.000000,101.300000,0.000000,101.300000,0.000000,101.300000,0.000000,101.300000,0.000000,101.300000,0.000000,101.300000,0.000000,101.300000,0.000000,101.300000,0.000000,101.300000,0.000000,101.300000,0.000000,101.300000,0.000000,101.300000,0.000000,101.300000,0.000000,101.300000,0.000000,
101.500000,0.000000,101.500000,0.000000,101.500000,0.000000,101.500000,0.000000,101.500000,0.000000,101.500000,0.000000,101.500000,0.000000,101.500000,0.000000,101.500000,0.000000,101.500000,0.000000,101.500000,0.000000,101.500000,0.000000,101.500000,0.000000,101.500000,0.000000,101.500000,0.000000,101.500000,0.000000,101.500000,0.000000,101.500000,0.000000,101.500000,0.000000,101.500000,0.000000,101.500000,0.000000,101.500000,0.000000,101.500000,0.000000,
101.700000,0.000000,101.700000,0.000000,101.700000,0.000000,101.700000,0.000000,101.700000,0.000000,101.700000,0.000000,101.700000,0.000000,101.700000,0.000000,101.700000,0.000000,101.700000,0.000000,101.700000,0.000000,101.700000,0.000000,101.700000,0.000000,101.700000,0.000000,101.700000,0.000000,101.700000,0.000000,101.700000,0.000000,101.700000,0.000000,101.700000,0.000000,101.700000,0.000000,101.700000,0.000000,101.700000,0.000000,101.700000,0.000000,
101.900000,0.000000,101.900000,0.000000,101.900000,0.000000,101.900000,0.000000,101.900000,0.000000,101.900000,0.000000,101.900000,0.000000,101.900000,0.000000,101.900000,0.000000,101.900000,0.000000,101.900000,0.000000,101.900000,0.000000,101.900000,0.000000,101.900000,0.000000,101.900000,0.000000,101.900000,0.000000,101.900000,0.000000,101.900000,0.000000,101.900000,0.000000,101.900000,0.000000,101.900000,0.000000,101.900000,0.000000,101.900000,0.000000,
102.100000,0.000000,102.100000,0.000000,102.100000,0.000000,102.100000,0.000000,102.100000,0.000000,102.100000,0.000000,102.100000,0.000000,102.100000,0.000000,102.100000,0.000000,102.100000,0.000000,102.100000,0.000000,102.100000,0.000000,102.100000,0.000000,102.100000,0.000000,102.100000,0.000000,102.100000,0.000000,102.100000,0.000000,102.100000,0.000000,102.100000,0.000000,102.100000,0.000000,102.100000,0.000000,102.100000,0.000000,102.100000,0.000000,
102.300000,0.000000,102.300000,0.000000,102.300000,0.000000,102.300000,0.000000,102.300000,0.000000,102.300000,0.000000,102.300000,0.000000,102.300000,0.000000,102.300000,0.000000,102.300000,0.000000,102.300000,0.000000,102.300000,0.000000,102.300000,0.000000,102.300000,0.000000,102.300000,0.000000,102.300000,0.000000,102.300000,0.000000,102.300000,0.000000,102.300000,0.000000,102.300000,0.000000,102.300000,0.000000,102.300000,0.000000,102.300000,0.000000,
102.500000,0.000000,102.500000,0.000000,102.500000,0.000000,102.500000,0.000000,102.500000,0.000000,102.500000,0.000000,102.500000,0.000000,102.500000,0.000000,102.500000,0.000000,102.500000,0.000000,102.500000,0.000000,102.500000,0.000000,102.500000,0.000000,102.500000,0.000000,102.500000,0.000000,102.500000,0.000000,102.500000,0.000000,102.500000,0.000000,102.500000,0.000000,102.500000,0.000000,102.500000,0.000000,102.500000,0.000000,102.500000,0.000000,
102.700000,0.000000,102.700000,0.000000,102.700000,0.000000,102.700000,0.000000,102.700000,0.000000,102.700000,0.000000,102.700000,0.000000,102.700000,0.000000,102.700000,0.000000,102.700000,0.000000,102.700000,0.000000,102.700000,0.000000,102.700000,0.000000,102.700000,0.000000,102.700000,0.000000,102.700000,0.000000,102.700000,0.000000,102.700000,0.000000,102.700000,0.000000,102.700000,0.000000,102.700000,0.000000,102.700000,0.000000,102.700000,0.000000,
102.900000,0.000000,102.900000,0.000000,102.900000,0.000000,102.900000,0.000000,102.900000,0.000000,102.900000,0.000000,102.900000,0.000000,102.900000,0.000000,102.900000,0.000000,102.900000,0.000000,102.900000,0.000000,102.900000,0.000000,102.900000,0.000000,102.900000,0.000000,102.900000,0.000000,102.900000,0.000000,102.900000,0.000000,102.900000,0.000000,102.900000,0.000000,102.900000,0.000000,102.900000,0.000000,102.900000,0.000000,102.900000,0.000000,
103.100000,0.000000,103.100000,0.000000,103.100000,0.000000,103.100000,0.000000,103.100000,0.000000,103.100000,0.000000,103.100000,0.000000,103.100000,0.000000,103.100000,0.000000,103.100000,0.000000,103.100000,0.000000,103.100000,0.000000,103.100000,0.000000,103.100000,0.000000,103.100000,0.000000,103.100000,0.000000,103.100000,0.000000,103.100000,0.000000,103.100000,0.000000,103.100000,0.000000,103.100000,0.000000,103.100000,0.000000,103.100000,0.000000,
103.300000,0.000000,103.300000,0.000000,103.300000,0.000000,103.300000,0.000000,103.300000,0.000000,103.300000,0.000000,103.300000,0.000000,103.300000,0.000000,103.300000,0.000000,103.300000,0.000000,103.300000,0.000000,103.300000,0.000000,103.300000,0.000000,103.300000,0.000000,103.300000,0.000000,103.300000,0.000000,103.300000,0.000000,103.300000,0.000000,103.300000,0.000000,103.300000,0.000000,103.300000,0.000000,103.300000,0.000000,103.300000,0.000000,
103.500000,0.000000,103.500000,0.000000,103.500000,0.000000,103.500000,0.000000,103.500000,0.000000,103.500000,0.000000,103.500000,0.000000,103.500000,0.000000,103.500000,0.000000,103.500000,0.000000,103.500000,0.000000,103.500000,0.000000,103.500000,0.000000,103.500000,0.000000,103.500000,0.000000,103.500000,0.000000,103.500000,0.000000,103.500000,0.000000,103.500000,0.000000,103.500000,0.000000,103.500000,0.000000,103.500000,0.000000,103.500000,0.000000,
103.700000,0.000000,103.700000,0.000000,103.700000,0.000000,103.700000,0.000000,103.700000,0.000000,103.700000,0.000000,103.700000,0.000000,103.700000,0.000000,103.700000,0.000000,103.700000,0.000000,103.700000,0.000000,103.700000,0.000000,103.700000,0.000000,103.700000,0.000000,103.700000,0.000000,103.700000,0.000000,103.700000,0.000000,103.700000,0.000000,103.700000,0.000000,103.700000,0.000000,103.700000,0.000000,103.700000,0.000000,103.700000,0.000000,
103.900000,0.000000,103.900000,0.000000,103.900000,0.000000,103.900000,0.000000,103.900000,0.000000,103.900000,0.000000,103.900000,0.000000,103.900000,0.000000,103.900000,0.000000,103.900000,0.000000,103.900000,0.000000,103.900000,0.000000,103.900000,0.000000,103.900000,0.000000,103.900000,0.000000,103.900000,0.000000,103.900000,0.000000,103.900000,0.000000,103.900000,0.000000,103.900000,0.000000,103.900000,0.000000,103.900000,0.000000,103.900000,0.000000,
104.100000,0.000000,104.100000,0.000000,104.100000,0.000000,104.100000,0.000000,104.100000,0.000000,104.100000,0.000000,104.100000,0.000000,104.100000,0.000000,104.100000,0.000000,104.100000,0.000000,104.100000,0.000000,104.100000,0.000000,104.100000,0.000000,104.100000,0.000000,104.100000,0.000000,104.100000,0.000000,104.100000,0.000000,104.100000,0.000000,104.100000,0.000000,104.100000,0.000000,104.100000,0.000000,104.100000,0.000000,104.100000,0.000000,
104.300000,0.000000,104.300000,0.000000,104.300000,0.000000,104.300000,0.000000,104.300000,0.000000,104.300000,0.000000,104.300000,0.000000,104.300000,0.000000,104.300000,0.000000,104.300000,0.000000,104.300000,0.000000,104.300000,0.000000,104.300000,0.000000,104.300000,0.000000,104.300000,0.000000,104.300000,0.000000,104.300000,0.000000,104.300000,0.000000,104.300000,0.000000,104.300000,0.000000,104.300000,0.000000,104.300000,0.000000,104.300000,0.000000,
104.500000,0.000000,104.500000,0.000000,104.500000,0.000000,104.500000,0.000000,104.500000,0.000000,104.500000,0.000000,104.500000,0.000000,104.500000,0.000000,104.500000,0.000000,104.500000,0.000000,104.500000,0.000000,104.500000,0.000000,104.500000,0.000000,104.500000,0.000000,104.500000,0.000000,104.500000,0.000000,104.500000,0.000000,104.500000,0.000000,104.500000,0.000000,104.500000,0.000000,104.500000,0.000000,104.500000,0.000000,104.500000,0.000000,
104.700000,0.000000,104.700000,0.000000,104.700000,0.000000,104.700000,0.000000,104.700000,0.000000,104.700000,0.000000,104.700000,0.000000,104.700000,0.000000,104.700000,0.000000,104.700000,0.000000,104.700000,0.000000,104.700000,0.000000,104.700000,0.000000,104.700000,0.000000,104.700000,0.000000,104.700000,0.000000,104.700000,0.000000,104.700000,0.000000,104.700000,0.000000,104.700000,0.000000,104.700000,0.000000,104.700000,0.000000,104.700000,0.000000,
104.900000,0.000000,104.900000,0.000000,104.900000,0.000000,104.900000,0.000000,104.900000,0.000000,104.900000,0.000000,104.900000,0.000000,104.900000,0.000000,104.900000,0.000000,104.900000,0.000000,104.900000,0.000000,104.900000,0.000000,104.900000,0.000000,104.900000,0.000000,104.900000,0.000000,104.900000,0.000000,104.900000,0.000000,104.900000,0.000000,104.900000,0.000000,104.900000,0.000000,104.900000,0.000000,104.900000,0.000000,104.900000,0.000000,
105.100000,0.000000,105.100000,0.000000,105.100000,0.000000,105.100000,0.000000,105.100000,0.000000,105.100000,0.000000,105.100000,0.000000,105.100000,0.000000,105.100000,0.000000,105.100000,0.000000,105.100000,0.000000,105.100000,0.000000,105.100000,0.000000,105.100000,0.000000,105.100000,0.000000,105.100000,0.000000,105.100000,0.000000,105.100000,0.000000,105.100000,0.000000,105.100000,0.000000,105.100000,0.000000,105.100000,0.000000,105.100000,0.000000,
105.300000,0.000000,105.300000,0.000000,105.300000,0.000000,105.300000,0.000000,105.300000,0.000000,105.300000,0.000000,105.300000,0.000000,105.300000,0.000000,105.300000,0.000000,105.300000,0.000000,105.300000,0.000000,105.300000,0.000000,105.300000,0.000000,105.300000,0.000000,105.300000,0.000000,105.300000,0.000000,105.300000,0.000000,105.300000,0.000000,105.300000,0.000000,105.300000,0.000000,105.300000,0.000000,105.300000,0.000000,105.300000,0.000000,
105.500000,0.000000,105.500000,0.000000,105.500000,0.000000,105.500000,0.000000,105.500000,0.000000,105.500000,0.000000,105.500000,0.000000,105.500000,0.000000,105.500000,0.000000,105.500000,0.000000,105.500000,0.000000,105.500000,0.000000,105.500000,0.000000,105.500000,0.000000,105.500000,0.000000,105.500000,0.000000,105.500000,0.000000,105.500000,0.000000,105.500000,0.000000,105.500000,0.000000,105.500000,0.000000,105.500000,0.000000,105.500000,0.000000,
105.700000,0.000000,105.700000,0.000000,105.700000,0.000000,105.700000,0.000000,105.700000,0.000000,105.700000,0.000000,105.700000,0.000000,105.700000,0.000000,105.700000,0.000000,105.700000,0.000000,105.700000,0.000000,105.700000,0.000000,105.700000,0.000000,105.700000,0.000000,105.700000,0.000000,105.700000,0.000000,105.700000,0.000000,105.700000,0.000000,105.700000,0.000000,105.700000,0.000000,105.700000,0.000000,105.700000,0.000000,105.700000,0.000000,
105.900000,0.000000,105.900000,0.000000,105.900000,0.000000,105.900000,0.000000,105.900000,0.000000,105.900000,0.000000,105.900000,0.000000,105.900000,0.000000,105.900000,0.000000,105.900000,0.000000,105.900000,0.000000,105.900000,0.000000,105.900000,0.000000,105.900000,0.000000,105.900000,0.000000,105.900000,0.000000,105.900000,0.000000,105.900000,0.000000,105.900000,0.000000,105.900000,0.000000,105.900000,0.000000,105.900000,0.000000,105.900000,0.000000,
106.100000,0.000000,106.100000,0.000000,106.100000,0.000000,106.100000,0.000000,106.100000,0.000000,106.100000,0.000000,106.100000,0.000000,106.100000,0.000000,106.100000,0.000000,106.100000,0.000000,106.100000,0.000000,106.100000,0.000000,106.100000,0.000000,106.100000,0.000000,106.100000,0.000000,106.100000,0.000000,106.100000,0.000000,106.100000,0.000000,106.100000,0.000000,106.100000,0.000000,106.100000,0.000000,106.100000,0.000000,106.100000,0.000000,
106.300000,0.000000,106.300000,0.000000,106.300000,0.000000,106.300000,0.000000,106.300000,0.000000,106.300000,0.000000,106.300000,0.000000,106.300000,0.000000,106.300000,0.000000,106.300000,0.000000,106.300000,0.000000,106.300000,0.000000,106.300000,0.000000,106.300000,0.000000,106.300000,0.000000,106.300000,0.000000,106.300000,0.000000,106.300000,0.000000,106.300000,0.000000,106.300000,0.000000,106.300000,0.000000,106.300000,0.000000,106.300000,0.000000,
106.500000,0.000000,106.500000,0.000000,106.500000,0.000000,106.500000,0.000000,106.500000,0.000000,106.500000,0.000000,106.500000,0.000000,106.500000,0.000000,106.500000,0.000000,106.500000,0.000000,106.500000,0.000000,106.500000,0.000000,106.500000,0.000000,106.500000,0.000000,106.500000,0.000000,106.500000,0.000000,106.500000,0.000000,106.500000,0.000000,106.500000,0.000000,106.500000,0.000000,106.500000,0.000000,106.500000,0.000000,106.500000,0.000000,
106.700000,0.000000,106.700000,0.000000,106.700000,0.000000,106.700000,0.000000,106.700000,0.000000,106.700000,0.000000,106.700000,0.000000,106.700000,0.000000,106.700000,0.000000,106.700000,0.000000,106.700000,0.000000,106.700000,0.000000,106.700000,0.000000,106.700000,0.000000,106.700000,0.000000,106.700000,0.000000,106.700000,0.000000,106.700000,0.000000,106.700000,0.000000,106.700000,0.000000,106.700000,0.000000,106.700000,0.000000,106.700000,0.000000,
106.900000,0.000000,106.900000,0.000000,106.900000,0.000000,106.900000,0.000000,106.900000,0.000000,106.900000,0.000000,106.900000,0.000000,106.900000,0.000000,106.900000,0.000000,106.900000,0.000000,106.900000,0.000000,106.900000,0.000000,106.900000,0.000000,106.900000,0.000000,106.900000,0.000000,106.900000,0.000000,106.900000,0.000000,106.900000,0.000000,106.900000,0.000000,106.900000,0.000000,106.900000,0.000000,106.900000,0.000000,106.900000,0.000000,
107.100000,0.000000,107.100000,0.000000,107.100000,0.000000,107.100000,0.000000,107.100000,0.000000,107.100000,0.000000,107.100000,0.000000,107.100000,0.000000,107.100000,0.000000,107.100000,0.000000,107.100000,0.000000,107.100000,0.000000,107.100000,0.000000,107.100000,0.000000,107.100000,0.000000,107.100000,0.000000,107.100000,0.000000,107.100000,0.000000,107.100000,0.000000,107.100000,0.000000,107.100000,0.000000,107.100000,0.000000,107.100000,0.000000,
107.300000,0.000000,107.300000,0.000000,107.300000,0.000000,107.300000,0.000000,107.300000,0.000000,107.300000,0.000000,107.300000,0.000000,107.300000,0.000000,107.300000,0.000000,107.300000,0.000000,107.300000,0.000000,107.300000,0.000000,107.300000,0.000000,107.300000,0.000000,107.300000,0.000000,107.300000,0.000000,107.300000,0.000000,107.300000,0.000000,107.300000,0.000000,107.300000,0.000000,107.300000,0.000000,107.300000,0.000000,107.300000,0.000000,
107.500000,0.000000,107.500000,0.000000,107.500000,0.000000,107.500000,0.000000,107.500000,0.000000,107.500000,0.000000,107.500000,0.000000,107.500000,0.000000,107.500000,0.000000,107.500000,0.000000,107.500000,0.000000,107.500000,0.000000,107.500000,0.000000,107.500000,0.000000,107.500000,0.000000,107.500000,0.000000,107.500000,0.000000,107.500000,0.000000,107.500000,0.000000,107.500000,0.000000,107.500000,0.000000,107.500000,0.000000,107.500000,0.000000,
107.700000,0.000000,107.700000,0.000000,107.700000,0.000000,107.700000,0.000000,107.700000,0.000000,107.700000,0.000000,107.700000,0.000000,107.700000,0.000000,107.700000,0.000000,107.700000,0.000000,107.700000,0.000000,107.700000,0.000000,107.700000,0.000000,107.700000,0.000000,107.700000,0.000000,107.700000,0.000000,107.700000,0.000000,107.700000,0.000000,107.700000,0.000000,107.700000,0.000000,107.700000,0.000000,107.700000,0.000000,107.700000,0.000000,
107.900000,0.000000,107.900000,0.000000,107.900000,0.000000,107.900000,0.000000,107.900000,0.000000,107.900000,0.000000,107.900000,0.000000,107.900000,0.000000,107.900000,0.000000,107.900000,0.000000,107.900000,0.000000,107.900000,0.000000,107.900000,0.000000,107.900000,0.000000,107.900000,0.000000,107.900000,0.000000,107.900000,0.000000,107.900000,0.000000,107.900000,0.000000,107.900000,0.000000,107.900000,0.000000,107.900000,0.000000,107.900000,0.000000,
108.100000,0.000000,108.100000,0.000000,108.100000,0.000000,108.100000,0.000000,108.100000,0.000000,108.100000,0.000000,108.100000,0.000000,108.100000,0.000000,108.100000,0.000000,108.100000,0.000000,108.100000,0.000000,108.100000,0.000000,108.100000,0.000000,108.100000,0.000000,108.100000,0.000000,108.100000,0.000000,108.100000,0.000000,108.100000,0.000000,108.100000,0.000000,108.100000,0.000000,108.100000,0.000000,108.100000,0.000000,108.100000,0.000000,
108.300000,0.000000,108.300000,0.000000,108.300000,0.000000,108.300000,0.000000,108.300000,0.000000,108.300000,0.000000,108.300000,0.000000,108.300000,0.000000,108.300000,0.000000,108.300000,0.000000,108.300000,0.000000,108.300000,0.000000,108.300000,0.000000,108.300000,0.000000,108.300000,0.000000,108.300000,0.000000,108.300000,0.000000,108.300000,0.000000,108.300000,0.000000,108.300000,0.000000,108.300000,0.000000,108.300000,0.000000,108.300000,0.000000,
108.500000,0.000000,108.500000,0.000000,108.500000,0.000000,108.500000,0.000000,108.500000,0.000000,108.500000,0.000000,108.500000,0.000000,108.500000,0.000000,108.500000,0.000000,108.500000,0.000000,108.500000,0.000000,108.500000,0.000000,108.500000,0.000000,108.500000,0.000000,108.500000,0.000000,108.500000,0.000000,108.500000,0.000000,108.500000,0.000000,108.500000,0.000000,108.500000,0.000000,108.500000,0.000000,108.500000,0.000000,108.500000,0.000000,
108.700000,0.000000,108.700000,0.000000,108.700000,0.000000,108.700000,0.000000,108.700000,0.000000,108.700000,0.000000,108.700000,0.000000,108.700000,0.000000,108.700000,0.000000,108.700000,0.000000,108.700000,0.000000,108.700000,0.000000,108.700000,0.000000,108.700000,0.000000,108.700000,0.000000,108.700000,0.000000,108.700000,0.000000,108.700000,0.000000,108.700000,0.000000,108.700000,0.000000,108.700000,0.000000,108.700000,0.000000,108.700000,0.000000,
108.900000,0.000000,108.900000,0.000000,108.900000,0.000000,108.900000,0.000000,108.900000,0.000000,108.900000,0.000000,108.900000,0.000000,108.900000,0.000000,108.900000,0.000000,108.900000,0.000000,108.900000,0.000000,108.900000,0.000000,108.900000,0.000000,108.900000,0.000000,108.900000,0.000000,108.900000,0.000000,108.900000,0.000000,108.900000,0.000000,108.900000,0.000000,108.900000,0.000000,108.900000,0.000000,108.900000,0.000000,108.900000,0.000000,
109.100000,0.000000,109.100000,0.000000,109.100000,0.000000,109.100000,0.000000,109.100000,0.000000,109.100000,0.000000,109.100000,0.000000,109.100000,0.000000,109.100000,0.000000,109.100000,0.000000,109.100000,0.000000,109.100000,0.000000,109.100000,0.000000,109.100000,0.000000,109.100000,0.000000,109.100000,0.000000,109.100000,0.000000,109.100000,0.000000,109.100000,0.000000,109.100000,0.000000,109.100000,0.000000,109.100000,0.000000,109.100000,0.000000,
109.300000,0.000000,109.300000,0.000000,109.300000,0.000000,109.300000,0.000000,109.300000,0.000000,109.300000,0.000000,109.300000,0.000000,109.300000,0.000000,109.300000,0.000000,109.300000,0.000000,109.300000,0.000000,109.300000,0.000000,109.300000,0.000000,109.300000,0.000000,109.300000,0.000000,109.300000,0.000000,109.300000,0.000000,109.300000,0.000000,109.300000,0.000000,109.300000,0.000000,109.300000,0.000000,109.300000,0.000000,109.300000,0.000000,
109.500000,0.000000,109.500000,0.000000,109.500000,0.000000,109.500000,0.000000,109.500000,0.000000,109.500000,0.000000,109.500000,0.000000,109.500000,0.000000,109.500000,0.000000,109.500000,0.000000,109.500000,0.000000,109.500000,0.000000,109.500000,0.000000,109.500000,0.000000,109.500000,0.000000,109.500000,0.000000,109.500000,0.000000,109.500000,0.000000,109.500000,0.000000,109.500000,0.000000,109.500000,0.000000,109.500000,0.000000,109.500000,0.000000,
109.700000,0.000000,109.700000,0.000000,109.700000,0.000000,109.700000,0.000000,109.700000,0.000000,109.700000,0.000000,109.700000,0.000000,109.700000,0.000000,109.700000,0.000000,109.700000,0.000000,109.700000,0.000000,109.700000,0.000000,109.700000,0.000000,109.700000,0.000000,109.700000,0.000000,109.700000,0.000000,109.700000,0.000000,109.700000,0.000000,109.700000,0.000000,109.700000,0.000000,109.700000,0.000000,109.700000,0.000000,109.700000,0.000000,
109.900000,0.000000,109.900000,0.000000,109.900000,0.000000,109.900000,0.000000,109.900000,0.000000,109.900000,0.000000,109.900000,0.000000,109.900000,0.000000,109.900000,0.000000,109.900000,0.000000,109.900000,0.000000,109.900000,0.000000,109.900000,0.000000,109.900000,0.000000,109.900000,0.000000,109.900000,0.000000,109.900000,0.000000,109.900000,0.000000,109.900000,0.000000,109.900000,0.000000,109.900000,0.000000,109.900000,0.000000,109.900000,0.000000,
110.100000,0.000000,110.100000,0.000000,110.100000,0.000000,110.100000,0.000000,110.100000,0.000000,110.100000,0.000000,110.100000,0.000000,110.100000,0.000000,110.100000,0.000000,110.100000,0.000000,110.100000,0.000000,110.100000,0.000000,110.100000,0.000000,110.100000,0.000000,110.100000,0.000000,110.100000,0.000000,110.100000,0.000000,110.100000,0.000000,110.100000,0.000000,110.100000,0.000000,110.100000,0.000000,110.100000,0.000000,110.100000,0.000000,
110.300000,0.000000,110.300000,0.000000,110.300000,0.000000,110.300000,0.000000,110.300000,0.000000,110.300000,0.000000,110.300000,0.000000,110.300000,0.000000,110.300000,0.000000,110.300000,0.000000,110.300000,0.000000,110.300000,0.000000,110.300000,0.000000,110.300000,0.000000,110.300000,0.000000,110.300000,0.000000,110.300000,0.000000,110.300000,0.000000,110.300000,0.000000,110.300000,0.000000,110.300000,0.000000,110.300000,0.000000,110.300000,0.000000,
110.500000,0.000000,110.500000,0.000000,110.500000,0.000000,110.500000,0.000000,110.500000,0.000000,110.500000,0.000000,110.500000,0.000000,110.500000,0.000000,110.500000,0.000000,110.500000,0.000000,110.500000,0.000000,110.500000,0.000000,110.500000,0.000000,110.500000,0.000000,110.500000,0.000000,110.500000,0.000000,110.500000,0.000000,110.500000,0.000000,110.500000,0.000000,110.500000,0.000000,110.500000,0.000000,110.500000,0.000000,110.500000,0.000000,
110.700000,0.000000,110.700000,0.000000,110.700000,0.000000,110.700000,0.000000,110.700000,0.000000,110.700000,0.000000,110.700000,0.000000,110.700000,0.000000,110.700000,0.000000,110.700000,0.000000,110.700000,0.000000,110.700000,0.000000,110.700000,0.000000,110.700000,0.000000,110.700000,0.000000,110.700000,0.000000,110.700000,0.000000,110.700000,0.000000,110.700000,0.000000,110.700000,0.000000,110.700000,0.000000,110.700000,0.000000,110.700000,0.000000,
110.900000,0.000000,110.900000,0.000000,110.900000,0.000000,110.900000,0.000000,110.900000,0.000000,110.900000,0.000000,110.900000,0.000000,110.900000,0.000000,110.900000,0.000000,110.900000,0.000000,110.900000,0.000000,110.900000,0.000000,110.900000,0.000000,110.900000,0.000000,110.900000,0.000000,110.900000,0.000000,110.900000,0.000000,110.900000,0.000000,110.900000,0.000000,110.900000,0.000000,110.900000,0.000000,110.900000,0.000000,110.900000,0.000000,
111.100000,0.000000,111.100000,0.000000,111.100000,0.000000,111.100000,0.000000,111.100000,0.000000,111.100000,0.000000,111.100000,0.000000,111.100000,0.000000,111.100000,0.000000,111.100000,0.000000,111.100000,0.000000,111.100000,0.000000,111.100000,0.000000,111.100000,0.000000,111.100000,0.000000,111.100000,0.000000,111.100000,0.000000,111.100000,0.000000,111.100000,0.000000,111.100000,0.000000,111.100000,0.000000,111.100000,0.000000,111.100000,0.000000,
111.300000,0.000000,111.300000,0.000000,111.300000,0.000000,111.300000,0.000000,111.300000,0.000000,111.300000,0.000000,111.300000,0.000000,111.300000,0.000000,111.300000,0.000000,111.300000,0.000000,111.300000,0.000000,111.300000,0.000000,111.300000,0.000000,111.300000,0.000000,111.300000,0.000000,111.300000,0.000000,111.300000,0.000000,111.300000,0.000000,111.300000,0.000000,111.300000,0.000000,111.300000,0.000000,111.300000,0.000000,111.300000,0.000000,
111.500000,0.000000,111.500000,0.000000,111.500000,0.000000,111.500000,0.000000,111.500000,0.000000,111.500000,0.000000,111.500000,0.000000,111.500000,0.000000,111.500000,0.000000,111.500000,0.000000,111.500000,0.000000,111.500000,0.000000,111.500000,0.000000,111.500000,0.000000,111.500000,0.000000,111.500000,0.000000,111.500000,0.000000,111.500000,0.000000,111.500000,0.000000,111.500000,0.000000,111.500000,0.000000,111.500000,0.000000,111.500000,0.000000,
111.700000,0.000000,111.700000,0.000000,111.700000,0.000000,111.700000,0.000000,111.700000,0.000000,111.700000,0.000000,111.700000,0.000000,111.700000,0.000000,111.700000,0.000000,111.700000,0.000000,111.700000,0.000000,111.700000,0.000000,111.700000,0.000000,111.700000,0.000000,111.700000,0.000000,111.700000,0.000000,111.700000,0.000000,111.700000,0.000000,111.700000,0.000000,111.700000,0.000000,111.700000,0.000000,111.700000,0.000000,111.700000,0.000000,
111.900000,0.000000,111.900000,0.000000,111.900000,0.000000,111.900000,0.000000,111.900000,0.000000,111.900000,0.000000,111.900000,0.000000,111.900000,0.000000,111.900000,0.000000,111.900000,0.000000,111.900000,0.000000,111.900000,0.000000,111.900000,0.000000,111.900000,0.000000,111.900000,0.000000,111.900000,0.000000,111.900000,0.000000,111.900000,0.000000,111.900000,0.000000,111.900000,0.000000,111.900000,0.000000,111.900000,0.000000,111.900000,0.000000,
112.100000,0.000000,112.100000,0.000000,112.100000,0.000000,112.100000,0.000000,112.100000,0.000000,112.100000,0.000000,112.100000,0.000000,112.100000,0.000000,112.100000,0.000000,112.100000,0.000000,112.100000,0.000000,112.100000,0.000000,112.100000,0.000000,112.100000,0.000000,112.100000,0.000000,112.100000,0.000000,112.100000,0.000000,112.100000,0.000000,112.100000,0.000000,112.100000,0.000000,112.100000,0.000000,112.100000,0.000000,112.100000,0.000000,
112.300000,0.000000,112.300000,0.000000,112.300000,0.000000,112.300000,0.000000,112.300000,0.000000,112.300000,0.000000,112.300000,0.000000,112.300000,0.000000,112.300000,0.000000,112.300000,0.000000,112.300000,0.000000,112.300000,0.000000,112.300000,0.000000,112.300000,0.000000,112.300000,0.000000,112.300000,0.000000,112.300000,0.000000,112.300000,0.000000,112.300000,0.000000,112.300000,0.000000,112.300000,0.000000,112.300000,0.000000,112.300000,0.000000,
112.500000,0.000000,112.500000,0.000000,112.500000,0.000000,112.500000,0.000000,112.500000,0.000000,112.500000,0.000000,112.500000,0.000000,112.500000,0.000000,112.500000,0.000000,112.500000,0.000000,112.500000,0.000000,112.500000,0.000000,112.500000,0.000000,112.500000,0.000000,112.500000,0.000000,112.500000,0.000000,112.500000,0.000000,112.500000,0.000000,112.500000,0.000000,112.500000,0.000000,112.500000,0.000000,112.500000,0.000000,112.500000,0.000000,
112.700000,0.000000,112.700000,0.000000,112.700000,0.000000,112.700000,0.000000,112.700000,0.000000,112.700000,0.000000,112.700000,0.000000,112.700000,0.000000,112.700000,0.000000,112.700000,0.000000,112.700000,0.000000,112.700000,0.000000,112.700000,0.000000,112.700000,0.000000,112.700000,0.000000,112.700000,0.000000,112.700000,0.000000,112.700000,0.000000,112.700000,0.000000,112.700000,0.000000,112.700000,0.000000,112.700000,0.000000,112.700000,0.000000,
112.900000,0.000000,112.900000,0.000000,112.900000,0.000000,112.900000,0.000000,112.900000,0.000000,112.900000,0.000000,112.900000,0.000000,112.900000,0.000000,112.900000,0.000000,112.900000,0.000000,112.900000,0.000000,112.900000,0.000000,112.900000,0.000000,112.900000,0.000000,112.900000,0.000000,112.900000,0.000000,112.900000,0.000000,112.900000,0.000000,112.900000,0.000000,112.900000,0.000000,112.900000,0.000000,112.900000,0.000000,112.900000,0.000000,
113.100000,0.000000,113.100000,0.000000,113.100000,0.000000,113.100000,0.000000,113.100000,0.000000,113.100000,0.000000,113.100000,0.000000,113.100000,0.000000,113.100000,0.000000,113.100000,0.000000,113.100000,0.000000,113.100000,0.000000,113.100000,0.000000,113.100000,0.000000,113.100000,0.000000,113.100000,0.000000,113.100000,0.000000,113.100000,0.000000,113.100000,0.000000,113.100000,0.000000,113.100000,0.000000,113.100000,0.000000,113.100000,0.000000,
113.300000,0.000000,113.300000,0.000000,113.300000,0.000000,113.300000,0.000000,113.300000,0.000000,113.300000,0.000000,113.300000,0.000000,113.300000,0.000000,113.300000,0.000000,113.300000,0.000000,113.300000,0.000000,113.300000,0.000000,113.300000,0.000000,113.300000,0.000000,113.300000,0.000000,113.300000,0.000000,113.300000,0.000000,113.300000,0.000000,113.300000,0.000000,113.300000,0.000000,113.300000,0.000000,113.300000,0.000000,113.300000,0.000000,
113.500000,0.000000,113.500000,0.000000,113.500000,0.000000,113.500000,0.000000,113.500000,0.000000,113.500000,0.000000,113.500000,0.000000,113.500000,0.000000,113.500000,0.000000,113.500000,0.000000,113.500000,0.000000,113.500000,0.000000,113.500000,0.000000,113.500000,0.000000,113.500000,0.000000,113.500000,0.000000,113.500000,0.000000,113.500000,0.000000,113.500000,0.000000,113.500000,0.000000,113.500000,0.000000,113.500000,0.000000,113.500000,0.000000,
113.700000,0.000000,113.700000,0.000000,113.700000,0.000000,113.700000,0.000000,113.700000,0.000000,113.700000,0.000000,113.700000,0.000000,113.700000,0.000000,113.700000,0.000000,113.700000,0.000000,113.700000,0.000000,113.700000,0.000000,113.700000,0.000000,113.700000,0.000000,113.700000,0.000000,113.700000,0.000000,113.700000,0.000000,113.700000,0.000000,113.700000,0.000000,113.700000,0.000000,113.700000,0.000000,113.700000,0.000000,113.700000,0.000000,
113.900000,0.000000,113.900000,0.000000,113.900000,0.000000,113.900000,0.000000,113.900000,0.000000,113.900000,0.000000,113.900000,0.000000,113.900000,0.000000,113.900000,0.000000,113.900000,0.000000,113.900000,0.000000,113.900000,0.000000,113.900000,0.000000,113.900000,0.000000,113.900000,0.000000,113.900000,0.000000,113.900000,0.000000,113.900000,0.000000,113.900000,0.000000,113.900000,0.000000,113.900000,0.000000,113.900000,0.000000,113.900000,0.000000,
114.100000,0.000000,114.100000,0.000000,114.100000,0.000000,114.100000,0.000000,114.100000,0.000000,114.100000,0.000000,114.100000,0.000000,114.100000,0.000000,114.100000,0.000000,114.100000,0.000000,114.100000,0.000000,114.100000,0.000000,114.100000,0.000000,114.100000,0.000000,114.100000,0.000000,114.100000,0.000000,114.100000,0.000000,114.100000,0.000000,114.100000,0.000000,114.100000,0.000000,114.100000,0.000000,114.100000,0.000000,114.100000,0.000000,
114.300000,0.000000,114.300000,0.000000,114.300000,0.000000,114.300000,0.000000,114.300000,0.000000,114.300000,0.000000,114.300000,0.000000,114.300000,0.000000,114.300000,0.000000,114.300000,0.000000,114.300000,0.000000,114.300000,0.000000,114.300000,0.000000,114.300000,0.000000,114.300000,0.000000,114.300000,0.000000,114.300000,0.000000,114.300000,0.000000,114.300000,0.000000,114.300000,0.000000,114.300000,0.000000,114.300000,0.000000,114.300000,0.000000,
114.500000,0.000000,114.500000,0.000000,114.500000,0.000000,114.500000,0.000000,114.500000,0.000000,114.500000,0.000000,114.500000,0.000000,114.500000,0.000000,114.500000,0.000000,114.500000,0.000000,114.500000,0.000000,114.500000,0.000000,114.500000,0.000000,114.500000,0.000000,114.500000,0.000000,114.500000,0.000000,114.500000,0.000000,114.500000,0.000000,114.500000,0.000000,114.500000,0.000000,114.500000,0.000000,114.500000,0.000000,114.500000,0.000000,
114.700000,0.000000,114.700000,0.000000,114.700000,0.000000,114.700000,0.000000,114.700000,0.000000,114.700000,0.000000,114.700000,0.000000,114.700000,0.000000,114.700000,0.000000,114.700000,0.000000,114.700000,0.000000,114.700000,0.000000,114.700000,0.000000,114.700000,0.000000,114.700000,0.000000,114.700000,0.000000,114.700000,0.000000,114.700000,0.000000,114.700000,0.000000,114.700000,0.000000,114.700000,0.000000,114.700000,0.000000,114.700000,0.000000,
114.900000,0.000000,114.900000,0.000000,114.900000,0.000000,114.900000,0.000000,114.900000,0.000000,114.900000,0.000000,114.900000,0.000000,114.900000,0.000000,114.900000,0.000000,114.900000,0.000000,114.900000,0.000000,114.900000,0.000000,114.900000,0.000000,114.900000,0.000000,114.900000,0.000000,114.900000,0.000000,114.900000,0.000000,114.900000,0.000000,114.900000,0.000000,114.900000,0.000000,114.900000,0.000000,114.900000,0.000000,114.900000,0.000000,
115.100000,0.000000,115.100000,0.000000,115.100000,0.000000,115.100000,0.000000,115.100000,0.000000,115.100000,0.000000,115.100000,0.000000,115.100000,0.000000,115.100000,0.000000,115.100000,0.000000,115.100000,0.000000,115.100000,0.000000,115.100000,0.000000,115.100000,0.000000,115.100000,0.000000,115.100000,0.000000,115.100000,0.000000,115.100000,0.000000,115.100000,0.000000,115.100000,0.000000,115.100000,0.000000,115.100000,0.000000,115.100000,0.000000,
115.300000,0.000000,115.300000,0.000000,115.300000,0.000000,115.300000,0.000000,115.300000,0.000000,115.300000,0.000000,115.300000,0.000000,115.300000,0.000000,115.300000,0.000000,115.300000,0.000000,115.300000,0.000000,115.300000,0.000000,115.300000,0.000000,115.300000,0.000000,115.300000,0.000000,115.300000,0.000000,115.300000,0.000000,115.300000,0.000000,115.300000,0.000000,115.300000,0.000000,115.300000,0.000000,115.300000,0.000000,115.300000,0.000000,
115.500000,0.000000,115.500000,0.000000,115.500000,0.000000,115.500000,0.000000,115.500000,0.000000,115.500000,0.000000,115.500000,0.000000,115.500000,0.000000,115.500000,0.000000,115.500000,0.000000,115.500000,0.000000,115.500000,0.000000,115.500000,0.000000,115.500000,0.000000,115.500000,0.000000,115.500000,0.000000,115.500000,0.000000,115.500000,0.000000,115.500000,0.000000,115.500000,0.000000,115.500000,0.000000,115.500000,0.000000,115.500000,0.000000,
115.700000,0.000000,115.700000,0.000000,115.700000,0.000000,115.700000,0.000000,115.700000,0.000000,115.700000,0.000000,115.700000,0.000000,115.700000,0.000000,115.700000,0.000000,115.700000,0.000000,115.700000,0.000000,115.700000,0.000000,115.700000,0.000000,115.700000,0.000000,115.700000,0.000000,115.700000,0.000000,115.700000,0.000000,115.700000,0.000000,115.700000,0.000000,115.700000,0.000000,115.700000,0.000000,115.700000,0.000000,115.700000,0.000000,
115.900000,0.000000,115.900000,0.000000,115.900000,0.000000,115.900000,0.000000,115.900000,0.000000,115.900000,0.000000,115.900000,0.000000,115.900000,0.000000,115.900000,0.000000,115.900000,0.000000,115.900000,0.000000,115.900000,0.000000,115.900000,0.000000,115.900000,0.000000,115.900000,0.000000,115.900000,0.000000,115.900000,0.000000,115.900000,0.000000,115.900000,0.000000,115.900000,0.000000,115.900000,0.000000,115.900000,0.000000,115.900000,0.000000,
116.100000,0.000000,116.100000,0.000000,116.100000,0.000000,116.100000,0.000000,116.100000,0.000000,116.100000,0.000000,116.100000,0.000000,116.100000,0.000000,116.100000,0.000000,116.100000,0.000000,116.100000,0.000000,116.100000,0.000000,116.100000,0.000000,116.100000,0.000000,116.100000,0.000000,116.100000,0.000000,116.100000,0.000000,116.100000,0.000000,116.100000,0.000000,116.100000,0.000000,116.100000,0.000000,116.100000,0.000000,116.100000,0.000000,
116.300000,0.000000,116.300000,0.000000,116.300000,0.000000,116.300000,0.000000,116.300000,0.000000,116.300000,0.000000,116.300000,0.000000,116.300000,0.000000,116.300000,0.000000,116.300000,0.000000,116.300000,0.000000,116.300000,0.000000,116.300000,0.000000,116.300000,0.000000,116.300000,0.000000,116.300000,0.000000,116.300000,0.000000,116.300000,0.000000,116.300000,0.000000,116.300000,0.000000,116.300000,0.000000,116.300000,0.000000,116.300000,0.000000,
116.500000,0.000000,116.500000,0.000000,116.500000,0.000000,116.500000,0.000000,116.500000,0.000000,116.500000,0.000000,116.500000,0.000000,116.500000,0.000000,116.500000,0.000000,116.500000,0.000000,116.500000,0.000000,116.500000,0.000000,116.500000,0.000000,116.500000,0.000000,116.500000,0.000000,116.500000,0.000000,116.500000,0.000000,116.500000,0.000000,116.500000,0.000000,116.500000,0.000000,116.500000,0.000000,116.500000,0.000000,116.500000,0.000000,
116.700000,0.000000,116.700000,0.000000,116.700000,0.000000,116.700000,0.000000,116.700000,0.000000,116.700000,0.000000,116.700000,0.000000,116.700000,0.000000,116.700000,0.000000,116.700000,0.000000,116.700000,0.000000,116.700000,0.000000,116.700000,0.000000,116.700000,0.000000,116.700000,0.000000,116.700000,0.000000,116.700000,0.000000,116.700000,0.000000,116.700000,0.000000,116.700000,0.000000,116.700000,0.000000,116.700000,0.000000,116.700000,0.000000,
116.900000,0.000000,116.900000,0.000000,116.900000,0.000000,116.900000,0.000000,116.900000,0.000000,116.900000,0.000000,116.900000,0.000000,116.900000,0.000000,116.900000,0.000000,116.900000,0.000000,116.900000,0.000000,116.900000,0.000000,116.900000,0.000000,116.900000,0.000000,116.900000,0.000000,116.900000,0.000000,116.900000,0.000000,116.900000,0.000000,116.900000,0.000000,116.900000,0.000000,116.900000,0.000000,116.900000,0.000000,116.900000,0.000000,
117.100000,0.000000,117.100000,0.000000,117.100000,0.000000,117.100000,0.000000,117.100000,0.000000,117.100000,0.000000,117.100000,0.000000,117.100000,0.000000,117.100000,0.000000,117.100000,0.000000,117.100000,0.000000,117.100000,0.000000,117.100000,0.000000,117.100000,0.000000,117.100000,0.000000,117.100000,0.000000,117.100000,0.000000,117.100000,0.000000,117.100000,0.000000,117.100000,0.000000,117.100000,0.000000,117.100000,0.000000,117.100000,0.000000,
117.300000,0.000000,117.300000,0.000000,117.300000,0.000000,117.300000,0.000000,117.300000,0.000000,117.300000,0.000000,117.300000,0.000000,117.300000,0.000000,117.300000,0.000000,117.300000,0.000000,117.300000,0.000000,117.300000,0.000000,117.300000,0.000000,117.300000,0.000000,117.300000,0.000000,117.300000,0.000000,117.300000,0.000000,117.300000,0.000000,117.300000,0.000000,117.300000,0.000000,117.300000,0.000000,117.300000,0.000000,117.300000,0.000000,
117.500000,0.000000,117.500000,0.000000,117.500000,0.000000,117.500000,0.000000,117.500000,0.000000,117.500000,0.000000,117.500000,0.000000,117.500000,0.000000,117.500000,0.000000,117.500000,0.000000,117.500000,0.000000,117.500000,0.000000,117.500000,0.000000,117.500000,0.000000,117.500000,0.000000,117.500000,0.000000,117.500000,0.000000,117.500000,0.000000,117.500000,0.000000,117.500000,0.000000,117.500000,0.000000,117.500000,0.000000,117.500000,0.000000,
117.700000,0.000000,117.700000,0.000000,117.700000,0.000000,117.700000,0.000000,117.700000,0.000000,117.700000,0.000000,117.700000,0.000000,117.700000,0.000000,117.700000,0.000000,117.700000,0.000000,117.700000,0.000000,117.700000,0.000000,117.700000,0.000000,117.700000,0.000000,117.700000,0.000000,117.700000,0.000000,117.700000,0.000000,117.700000,0.000000,117.700000,0.000000,117.700000,0.000000,117.700000,0.000000,117.700000,0.000000,117.700000,0.000000,
117.900000,0.000000,117.900000,0.000000,117.900000,0.000000,117.900000,0.000000,117.900000,0.000000,117.900000,0.000000,117.900000,0.000000,117.900000,0.000000,117.900000,0.000000,117.900000,0.000000,117.900000,0.000000,117.900000,0.000000,117.900000,0.000000,117.900000,0.000000,117.900000,0.000000,117.900000,0.000000,117.900000,0.000000,117.900000,0.000000,117.900000,0.000000,117.900000,0.000000,117.900000,0.000000,117.900000,0.000000,117.900000,0.000000,
118.100000,0.000000,118.100000,0.000000,118.100000,0.000000,118.100000,0.000000,118.100000,0.000000,118.100000,0.000000,118.100000,0.000000,118.100000,0.000000,118.100000,0.000000,118.100000,0.000000,118.100000,0.000000,118.100000,0.000000,118.100000,0.000000,118.100000,0.000000,118.100000,0.000000,118.100000,0.000000,118.100000,0.000000,118.100000,0.000000,118.100000,0.000000,118.100000,0.000000,118.100000,0.000000,118.100000,0.000000,118.100000,0.000000,
118.300000,0.000000,118.300000,0.000000,118.300000,0.000000,118.300000,0.000000,118.300000,0.000000,118.300000,0.000000,118.300000,0.000000,118.300000,0.000000,118.300000,0.000000,118.300000,0.000000,118.300000,0.000000,118.300000,0.000000,118.300000,0.000000,118.300000,0.000000,118.300000,0.000000,118.300000,0.000000,118.300000,0.000000,118.300000,0.000000,118.300000,0.000000,118.300000,0.000000,118.300000,0.000000,118.300000,0.000000,118.300000,0.000000,
118.500000,0.000000,118.500000,0.000000,118.500000,0.000000,118.500000,0.000000,118.500000,0.000000,118.500000,0.000000,118.500000,0.000000,118.500000,0.000000,118.500000,0.000000,118.500000,0.000000,118.500000,0.000000,118.500000,0.000000,118.500000,0.000000,118.500000,0.000000,118.500000,0.000000,118.500000,0.000000,118.500000,0.000000,118.500000,0.000000,118.500000,0.000000,118.500000,0.000000,118.500000,0.000000,118.500000,0.000000,118.500000,0.000000,
118.700000,0.000000,118.700000,0.000000,118.700000,0.000000,118.700000,0.000000,118.700000,0.000000,118.700000,0.000000,118.700000,0.000000,118.700000,0.000000,118.700000,0.000000,118.700000,0.000000,118.700000,0.000000,118.700000,0.000000,118.700000,0.000000,118.700000,0.000000,118.700000,0.000000,118.700000,0.000000,118.700000,0.000000,118.700000,0.000000,118.700000,0.000000,118.700000,0.000000,118.700000,0.000000,118.700000,0.000000,118.700000,0.000000,
118.900000,0.000000,118.900000,0.000000,118.900000,0.000000,118.900000,0.000000,118.900000,0.000000,118.900000,0.000000,118.900000,0.000000,118.900000,0.000000,118.900000,0.000000,118.900000,0.000000,118.900000,0.000000,118.900000,0.000000,118.900000,0.000000,118.900000,0.000000,118.900000,0.000000,118.900000,0.000000,118.900000,0.000000,118.900000,0.000000,118.900000,0.000000,118.900000,0.000000,118.900000,0.000000,118.900000,0.000000,118.900000,0.000000,
119.100000,0.000000,119.100000,0.000000,119.100000,0.000000,119.100000,0.000000,119.100000,0.000000,119.100000,0.000000,119.100000,0.000000,119.100000,0.000000,119.100000,0.000000,119.100000,0.000000,119.100000,0.000000,119.100000,0.000000,119.100000,0.000000,119.100000,0.000000,119.100000,0.000000,119.100000,0.000000,119.100000,0.000000,119.100000,0.000000,119.100000,0.000000,119.100000,0.000000,119.100000,0.000000,119.100000,0.000000,119.100000,0.000000,
119.300000,0.000000,119.300000,0.000000,119.300000,0.000000,119.300000,0.000000,119.300000,0.000000,119.300000,0.000000,119.300000,0.000000,119.300000,0.000000,119.300000,0.000000,119.300000,0.000000,119.300000,0.000000,119.300000,0.000000,119.300000,0.000000,119.300000,0.000000,119.300000,0.000000,119.300000,0.000000,119.300000,0.000000,119.300000,0.000000,119.300000,0.000000,119.300000,0.000000,119.300000,0.000000,119.300000,0.000000,119.300000,0.000000,
119.500000,0.000000,119.500000,0.000000,119.500000,0.000000,119.500000,0.000000,119.500000,0.000000,119.500000,0.000000,119.500000,0.000000,119.500000,0.000000,119.500000,0.000000,119.500000,0.000000,119.500000,0.000000,119.500000,0.000000,119.500000,0.000000,119.500000,0.000000,119.500000,0.000000,119.500000,0.000000,119.500000,0.000000,119.500000,0.000000,119.500000,0.000000,119.500000,0.000000,119.500000,0.000000,119.500000,0.000000,119.500000,0.000000,
119.700000,0.000000,119.700000,0.000000,119.700000,0.000000,119.700000,0.000000,119.700000,0.000000,119.700000,0.000000,119.700000,0.000000,119.700000,0.000000,119.700000,0.000000,119.700000,0.000000,119.700000,0.000000,119.700000,0.000000,119.700000,0.000000,119.700000,0.000000,119.700000,0.000000,119.700000,0.000000,119.700000,0.000000,119.700000,0.000000,119.700000,0.000000,119.700000,0.000000,119.700000,0.000000,119.700000,0.000000,119.700000,0.000000,
119.900000,0.000000,119.900000,0.000000,119.900000,0.000000,119.900000,0.000000,119.900000,0.000000,119.900000,0.000000,119.900000,0.000000,119.900000,0.000000,119.900000,0.000000,119.900000,0.000000,119.900000,0.000000,119.900000,0.000000,119.900000,0.000000,119.900000,0.000000,119.900000,0.000000,119.900000,0.000000,119.900000,0.000000,119.900000,0.000000,119.900000,0.000000,119.900000,0.000000,119.900000,0.000000,119.900000,0.000000,119.900000,0.000000,
120.100000,0.000000,120.100000,0.000000,120.100000,0.000000,120.100000,0.000000,120.100000,0.000000,120.100000,0.000000,120.100000,0.000000,120.100000,0.000000,120.100000,0.000000,120.100000,0.000000,120.100000,0.000000,120.100000,0.000000,120.100000,0.000000,120.100000,0.000000,120.100000,0.000000,120.100000,0.000000,120.100000,0.000000,120.100000,0.000000,120.100000,0.000000,120.100000,0.000000,120.100000,0.000000,120.100000,0.000000,120.100000,0.000000,
120.300000,0.000000,120.300000,0.000000,120.300000,0.000000,120.300000,0.000000,120.300000,0.000000,120.300000,0.000000,120.300000,0.000000,120.300000,0.000000,120.300000,0.000000,120.300000,0.000000,120.300000,0.000000,120.300000,0.000000,120.300000,0.000000,120.300000,0.000000,120.300000,0.000000,120.300000,0.000000,120.300000,0.000000,120.300000,0.000000,120.300000,0.000000,120.300000,0.000000,120.300000,0.000000,120.300000,0.000000,120.300000,0.000000,
120.500000,0.000000,120.500000,0.000000,120.500000,0.000000,120.500000,0.000000,120.500000,0.000000,120.500000,0.000000,120.500000,0.000000,120.500000,0.000000,120.500000,0.000000,120.500000,0.000000,120.500000,0.000000,120.500000,0.000000,120.500000,0.000000,120.500000,0.000000,120.500000,0.000000,120.500000,0.000000,120.500000,0.000000,120.500000,0.000000,120.500000,0.000000,120.500000,0.000000,120.500000,0.000000,120.500000,0.000000,120.500000,0.000000,
120.700000,0.000000,120.700000,0.000000,120.700000,0.000000,120.700000,0.000000,120.700000,0.000000,120.700000,0.000000,120.700000,0.000000,120.700000,0.000000,120.700000,0.000000,120.700000,0.000000,120.700000,0.000000,120.700000,0.000000,120.700000,0.000000,120.700000,0.000000,120.700000,0.000000,120.700000,0.000000,120.700000,0.000000,120.700000,0.000000,120.700000,0.000000,120.700000,0.000000,120.700000,0.000000,120.700000,0.000000,120.700000,0.000000,
120.900000,0.000000,120.900000,0.000000,120.900000,0.000000,120.900000,0.000000,120.900000,0.000000,120.900000,0.000000,120.900000,0.000000,120.900000,0.000000,120.900000,0.000000,120.900000,0.000000,120.900000,0.000000,120.900000,0.000000,120.900000,0.000000,120.900000,0.000000,120.900000,0.000000,120.900000,0.000000,120.900000,0.000000,120.900000,0.000000,120.900000,0.000000,120.900000,0.000000,120.900000,0.000000,120.900000,0.000000,120.900000,0.000000,
121.100000,0.000000,121.100000,0.000000,121.100000,0.000000,121.100000,0.000000,121.100000,0.000000,121.100000,0.000000,121.100000,0.000000,121.100000,0.000000,121.100000,0.000000,121.100000,0.000000,121.100000,0.000000,121.100000,0.000000,121.100000,0.000000,121.100000,0.000000,121.100000,0.000000,121.100000,0.000000,121.100000,0.000000,121.100000,0.000000,121.100000,0.000000,121.100000,0.000000,121.100000,0.000000,121.100000,0.000000,121.100000,0.000000,
121.300000,0.000000,121.300000,0.000000,121.300000,0.000000,121.300000,0.000000,121.300000,0.000000,121.300000,0.000000,121.300000,0.000000,121.300000,0.000000,121.300000,0.000000,121.300000,0.000000,121.300000,0.000000,121.300000,0.000000,121.300000,0.000000,121.300000,0.000000,121.300000,0.000000,121.300000,0.000000,121.300000,0.000000,121.300000,0.000000,121.300000,0.000000,121.300000,0.000000,121.300000,0.000000,121.300000,0.000000,121.300000,0.000000,
121.500000,0.000000,121.500000,0.000000,121.500000,0.000000,121.500000,0.000000,121.500000,0.000000,121.500000,0.000000,121.500000,0.000000,121.500000,0.000000,121.500000,0.000000,121.500000,0.000000,121.500000,0.000000,121.500000,0.000000,121.500000,0.000000,121.500000,0.000000,121.500000,0.000000,121.500000,0.000000,121.500000,0.000000,121.500000,0.000000,121.500000,0.000000,121.500000,0.000000,121.500000,0.000000,121.500000,0.000000,121.500000,0.000000,
121.700000,0.000000,121.700000,0.000000,121.700000,0.000000,121.700000,0.000000,121.700000,0.000000,121.700000,0.000000,121.700000,0.000000,121.700000,0.000000,121.700000,0.000000,121.700000,0.000000,121.700000,0.000000,121.700000,0.000000,121.700000,0.000000,121.700000,0.000000,121.700000,0.000000,121.700000,0.000000,121.700000,0.000000,121.700000,0.000000,121.700000,0.000000,121.700000,0.000000,121.700000,0.000000,121.700000,0.000000,121.700000,0.000000,
121.900000,0.000000,121.900000,0.000000,121.900000,0.000000,121.900000,0.000000,121.900000,0.000000,121.900000,0.000000,121.900000,0.000000,121.900000,0.000000,121.900000,0.000000,121.900000,0.000000,121.900000,0.000000,121.900000,0.000000,121.900000,0.000000,121.900000,0.000000,121.900000,0.000000,121.900000,0.000000,121.900000,0.000000,121.900000,0.000000,121.900000,0.000000,121.900000,0.000000,121.900000,0.000000,121.900000,0.000000,121.900000,0.000000,
122.100000,0.000000,122.100000,0.000000,122.100000,0.000000,122.100000,0.000000,122.100000,0.000000,122.100000,0.000000,122.100000,0.000000,122.100000,0.000000,122.100000,0.000000,122.100000,0.000000,122.100000,0.000000,122.100000,0.000000,122.100000,0.000000,122.100000,0.000000,122.100000,0.000000,122.100000,0.000000,122.100000,0.000000,122.100000,0.000000,122.100000,0.000000,122.100000,0.000000,122.100000,0.000000,122.100000,0.000000,122.100000,0.000000,
122.300000,0.000000,122.300000,0.000000,122.300000,0.000000,122.300000,0.000000,122.300000,0.000000,122.300000,0.000000,122.300000,0.000000,122.300000,0.000000,122.300000,0.000000,122.300000,0.000000,122.300000,0.000000,122.300000,0.000000,122.300000,0.000000,122.300000,0.000000,122.300000,0.000000,122.300000,0.000000,122.300000,0.000000,122.300000,0.000000,122.300000,0.000000,122.300000,0.000000,122.300000,0.000000,122.300000,0.000000,122.300000,0.000000,
122.500000,0.000000,122.500000,0.000000,122.500000,0.000000,122.500000,0.000000,122.500000,0.000000,122.500000,0.000000,122.500000,0.000000,122.500000,0.000000,122.500000,0.000000,122.500000,0.000000,122.500000,0.000000,122.500000,0.000000,122.500000,0.000000,122.500000,0.000000,122.500000,0.000000,122.500000,0.000000,122.500000,0.000000,122.500000,0.000000,122.500000,0.000000,122.500000,0.000000,122.500000,0.000000,122.500000,0.000000,122.500000,0.000000,
122.700000,0.000000,122.700000,0.000000,122.700000,0.000000,122.700000,0.000000,122.700000,0.000000,122.700000,0.000000,122.700000,0.000000,122.700000,0.000000,122.700000,0.000000,122.700000,0.000000,122.700000,0.000000,122.700000,0.000000,122.700000,0.000000,122.700000,0.000000,122.700000,0.000000,122.700000,0.000000,122.700000,0.000000,122.700000,0.000000,122.700000,0.000000,122.700000,0.000000,122.700000,0.000000,122.700000,0.000000,122.700000,0.000000,
122.900000,0.000000,122.900000,0.000000,122.900000,0.000000,122.900000,0.000000,122.900000,0.000000,122.900000,0.000000,122.900000,0.000000,122.900000,0.000000,122.900000,0.000000,122.900000,0.000000,122.900000,0.000000,122.900000,0.000000,122.900000,0.000000,122.900000,0.000000,122.900000,0.000000,122.900000,0.000000,122.900000,0.000000,122.900000,0.000000,122.900000,0.000000,122.900000,0.000000,122.900000,0.000000,122.900000,0.000000,122.900000,0.000000,
123.100000,0.000000,123.100000,0.000000,123.100000,0.000000,123.100000,0.000000,123.100000,0.000000,123.100000,0.000000,123.100000,0.000000,123.100000,0.000000,123.100000,0.000000,123.100000,0.000000,123.100000,0.000000,123.100000,0.000000,123.100000,0.000000,123.100000,0.000000,123.100000,0.000000,123.100000,0.000000,123.100000,0.000000,123.100000,0.000000,123.100000,0.000000,123.100000,0.000000,123.100000,0.000000,123.100000,0.000000,123.100000,0.000000,
123.300000,0.000000,123.300000,0.000000,123.300000,0.000000,123.300000,0.000000,123.300000,0.000000,123.300000,0.000000,123.300000,0.000000,123.300000,0.000000,123.300000,0.000000,123.300000,0.000000,123.300000,0.000000,123.300000,0.000000,123.300000,0.000000,123.300000,0.000000,123.300000,0.000000,123.300000,0.000000,123.300000,0.000000,123.300000,0.000000,123.300000,0.000000,123.300000,0.000000,123.300000,0.000000,123.300000,0.000000,123.300000,0.000000,
123.500000,0.000000,123.500000,0.000000,123.500000,0.000000,123.500000,0.000000,123.500000,0.000000,123.500000,0.000000,123.500000,0.000000,123.500000,0.000000,123.500000,0.000000,123.500000,0.000000,123.500000,0.000000,123.500000,0.000000,123.500000,0.000000,123.500000,0.000000,123.500000,0.000000,123.500000,0.000000,123.500000,0.000000,123.500000,0.000000,123.500000,0.000000,123.500000,0.000000,123.500000,0.000000,123.500000,0.000000,123.500000,0.000000,
123.700000,0.000000,123.700000,0.000000,123.700000,0.000000,123.700000,0.000000,123.700000,0.000000,123.700000,0.000000,123.700000,0.000000,123.700000,0.000000,123.700000,0.000000,123.700000,0.000000,123.700000,0.000000,123.700000,0.000000,123.700000,0.000000,123.700000,0.000000,123.700000,0.000000,123.700000,0.000000,123.700000,0.000000,123.700000,0.000000,123.700000,0.000000,123.700000,0.000000,123.700000,0.000000,123.700000,0.000000,123.700000,0.000000,
123.900000,0.000000,123.900000,0.000000,123.900000,0.000000,123.900000,0.000000,123.900000,0.000000,123.900000,0.000000,123.900000,0.000000,123.900000,0.000000,123.900000,0.000000,123.900000,0.000000,123.900000,0.000000,123.900000,0.000000,123.900000,0.000000,123.900000,0.000000,123.900000,0.000000,123.900000,0.000000,123.900000,0.000000,123.900000,0.000000,123.900000,0.000000,123.900000,0.000000,123.900000,0.000000,123.900000,0.000000,123.900000,0.000000,
124.100000,0.000000,124.100000,0.000000,124.100000,0.000000,124.100000,0.000000,124.100000,0.000000,124.100000,0.000000,124.100000,0.000000,124.100000,0.000000,124.100000,0.000000,124.100000,0.000000,124.100000,0.000000,124.100000,0.000000,124.100000,0.000000,124.100000,0.000000,124.100000,0.000000,124.100000,0.000000,124.100000,0.000000,124.100000,0.000000,124.100000,0.000000,124.100000,0.000000,124.100000,0.000000,124.100000,0.000000,124.100000,0.000000,
124.300000,0.000000,124.300000,0.000000,124.300000,0.000000,124.300000,0.000000,124.300000,0.000000,124.300000,0.000000,124.300000,0.000000,124.300000,0.000000,124.300000,0.000000,124.300000,0.000000,124.300000,0.000000,124.300000,0.000000,124.300000,0.000000,124.300000,0.000000,124.300000,0.000000,124.300000,0.000000,124.300000,0.000000,124.300000,0.000000,124.300000,0.000000,124.300000,0.000000,124.300000,0.000000,124.300000,0.000000,124.300000,0.000000,
124.500000,0.000000,124.500000,0.000000,124.500000,0.000000,124.500000,0.000000,124.500000,0.000000,124.500000,0.000000,124.500000,0.000000,124.500000,0.000000,124.500000,0.000000,124.500000,0.000000,124.500000,0.000000,124.500000,0.000000,124.500000,0.000000,124.500000,0.000000,124.500000,0.000000,124.500000,0.000000,124.500000,0.000000,124.500000,0.000000,124.500000,0.000000,124.500000,0.000000,124.500000,0.000000,124.500000,0.000000,124.500000,0.000000,
124.700000,0.000000,124.700000,0.000000,124.700000,0.000000,124.700000,0.000000,124.700000,0.000000,124.700000,0.000000,124.700000,0.000000,124.700000,0.000000,124.700000,0.000000,124.700000,0.000000,124.700000,0.000000,124.700000,0.000000,124.700000,0.000000,124.700000,0.000000,124.700000,0.000000,124.700000,0.000000,124.700000,0.000000,124.700000,0.000000,124.700000,0.000000,124.700000,0.000000,124.700000,0.000000,124.700000,0.000000,124.700000,0.000000,
124.900000,0.000000,124.900000,0.000000,124.900000,0.000000,124.900000,0.000000,124.900000,0.000000,124.900000,0.000000,124.900000,0.000000,124.900000,0.000000,124.900000,0.000000,124.900000,0.000000,124.900000,0.000000,124.900000,0.000000,124.900000,0.000000,124.900000,0.000000,124.900000,0.000000,124.900000,0.000000,124.900000,0.000000,124.900000,0.000000,124.900000,0.000000,124.900000,0.000000,124.900000,0.000000,124.900000,0.000000,124.900000,0.000000,
125.100000,0.000000,125.100000,0.000000,125.100000,0.000000,125.100000,0.000000,125.100000,0.000000,125.100000,0.000000,125.100000,0.000000,125.100000,0.000000,125.100000,0.000000,125.100000,0.000000,125.100000,0.000000,125.100000,0.000000,125.100000,0.000000,125.100000,0.000000,125.100000,0.000000,125.100000,0.000000,125.100000,0.000000,125.100000,0.000000,125.100000,0.000000,125.100000,0.000000,125.100000,0.000000,125.100000,0.000000,125.100000,0.000000,
125.300000,0.000000,125.300000,0.000000,125.300000,0.000000,125.300000,0.000000,125.300000,0.000000,125.300000,0.000000,125.300000,0.000000,125.300000,0.000000,125.300000,0.000000,125.300000,0.000000,125.300000,0.000000,125.300000,0.000000,125.300000,0.000000,125.300000,0.000000,125.300000,0.000000,125.300000,0.000000,125.300000,0.000000,125.300000,0.000000,125.300000,0.000000,125.300000,0.000000,125.300000,0.000000,125.300000,0.000000,125.300000,0.000000,
125.500000,0.000000,125.500000,0.000000,125.500000,0.000000,125.500000,0.000000,125.500000,0.000000,125.500000,0.000000,125.500000,0.000000,125.500000,0.000000,125.500000,0.000000,125.500000,0.000000,125.500000,0.000000,125.500000,0.000000,125.500000,0.000000,125.500000,0.000000,125.500000,0.000000,125.500000,0.000000,125.500000,0.000000,125.500000,0.000000,125.500000,0.000000,125.500000,0.000000,125.500000,0.000000,125.500000,0.000000,125.500000,0.000000,
125.700000,0.000000,125.700000,0.000000,125.700000,0.000000,125.700000,0.000000,125.700000,0.000000,125.700000,0.000000,125.700000,0.000000,125.700000,0.000000,125.700000,0.000000,125.700000,0.000000,125.700000,0.000000,125.700000,0.000000,125.700000,0.000000,125.700000,0.000000,125.700000,0.000000,125.700000,0.000000,125.700000,0.000000,125.700000,0.000000,125.700000,0.000000,125.700000,0.000000,125.700000,0.000000,125.700000,0.000000,125.700000,0.000000,
125.900000,0.000000,125.900000,0.000000,125.900000,0.000000,125.900000,0.000000,125.900000,0.000000,125.900000,0.000000,125.900000,0.000000,125.900000,0.000000,125.900000,0.000000,125.900000,0.000000,125.900000,0.000000,125.900000,0.000000,125.900000,0.000000,125.900000,0.000000,125.900000,0.000000,125.900000,0.000000,125.900000,0.000000,125.900000,0.000000,125.900000,0.000000,125.900000,0.000000,125.900000,0.000000,125.900000,0.000000,125.900000,0.000000,
126.100000,0.000000,126.100000,0.000000,126.100000,0.000000,126.100000,0.000000,126.100000,0.000000,126.100000,0.000000,126.100000,0.000000,126.100000,0.000000,126.100000,0.000000,126.100000,0.000000,126.100000,0.000000,126.100000,0.000000,126.100000,0.000000,126.100000,0.000000,126.100000,0.000000,126.100000,0.000000,126.100000,0.000000,126.100000,0.000000,126.100000,0.000000,126.100000,0.000000,126.100000,0.000000,126.100000,0.000000,126.100000,0.000000,
126.300000,0.000000,126.300000,0.000000,126.300000,0.000000,126.300000,0.000000,126.300000,0.000000,126.300000,0.000000,126.300000,0.000000,126.300000,0.000000,126.300000,0.000000,126.300000,0.000000,126.300000,0.000000,126.300000,0.000000,126.300000,0.000000,126.300000,0.000000,126.300000,0.000000,126.300000,0.000000,126.300000,0.000000,126.300000,0.000000,126.300000,0.000000,126.300000,0.000000,126.300000,0.000000,126.300000,0.000000,126.300000,0.000000,
126.500000,0.000000,126.500000,0.000000,126.500000,0.000000,126.500000,0.000000,126.500000,0.000000,126.500000,0.000000,126.500000,0.000000,126.500000,0.000000,126.500000,0.000000,126.500000,0.000000,126.500000,0.000000,126.500000,0.000000,126.500000,0.000000,126.500000,0.000000,126.500000,0.000000,126.500000,0.000000,126.500000,0.000000,126.500000,0.000000,126.500000,0.000000,126.500000,0.000000,126.500000,0.000000,126.500000,0.000000,126.500000,0.000000,
126.700000,0.000000,126.700000,0.000000,126.700000,0.000000,126.700000,0.000000,126.700000,0.000000,126.700000,0.000000,126.700000,0.000000,126.700000,0.000000,126.700000,0.000000,126.700000,0.000000,126.700000,0.000000,126.700000,0.000000,126.700000,0.000000,126.700000,0.000000,126.700000,0.000000,126.700000,0.000000,126.700000,0.000000,126.700000,0.000000,126.700000,0.000000,126.700000,0.000000,126.700000,0.000000,126.700000,0.000000,126.700000,0.000000,
126.900000,0.000000,126.900000,0.000000,126.900000,0.000000,126.900000,0.000000,126.900000,0.000000,126.900000,0.000000,126.900000,0.000000,126.900000,0.000000,126.900000,0.000000,126.900000,0.000000,126.900000,0.000000,126.900000,0.000000,126.900000,0.000000,126.900000,0.000000,126.900000,0.000000,126.900000,0.000000,126.900000,0.000000,126.900000,0.000000,126.900000,0.000000,126.900000,0.000000,126.900000,0.000000,126.900000,0.000000,126.900000,0.000000,
127.100000,0.000000,127.100000,0.000000,127.100000,0.000000,127.100000,0.000000,127.100000,0.000000,127.100000,0.000000,127.100000,0.000000,127.100000,0.000000,127.100000,0.000000,127.100000,0.000000,127.100000,0.000000,127.100000,0.000000,127.100000,0.000000,127.100000,0.000000,127.100000,0.000000,127.100000,0.000000,127.100000,0.000000,127.100000,0.000000,127.100000,0.000000,127.100000,0.000000,127.100000,0.000000,127.100000,0.000000,127.100000,0.000000,
127.300000,0.000000,127.300000,0.000000,127.300000,0.000000,127.300000,0.000000,127.300000,0.000000,127.300000,0.000000,127.300000,0.000000,127.300000,0.000000,127.300000,0.000000,127.300000,0.000000,127.300000,0.000000,127.300000,0.000000,127.300000,0.000000,127.300000,0.000000,127.300000,0.000000,127.300000,0.000000,127.300000,0.000000,127.300000,0.000000,127.300000,0.000000,127.300000,0.000000,127.300000,0.000000,127.300000,0.000000,127.300000,0.000000,
127.500000,0.000000,127.500000,0.000000,127.500000,0.000000,127.500000,0.000000,127.500000,0.000000,127.500000,0.000000,127.500000,0.000000,127.500000,0.000000,127.500000,0.000000,127.500000,0.000000,127.500000,0.000000,127.500000,0.000000,127.500000,0.000000,127.500000,0.000000,127.500000,0.000000,127.500000,0.000000,127.500000,0.000000,127.500000,0.000000,127.500000,0.000000,127.500000,0.000000,127.500000,0.000000,127.500000,0.000000,127.500000,0.000000,
127.700000,0.000000,127.700000,0.000000,127.700000,0.000000,127.700000,0.000000,127.700000,0.000000,127.700000,0.000000,127.700000,0.000000,127.700000,0.000000,127.700000,0.000000,127.700000,0.000000,127.700000,0.000000,127.700000,0.000000,127.700000,0.000000,127.700000,0.000000,127.700000,0.000000,127.700000,0.000000,127.700000,0.000000,127.700000,0.000000,127.700000,0.000000,127.700000,0.000000,127.700000,0.000000,127.700000,0.000000,127.700000,0.000000,
127.900000,0.000000,127.900000,0.000000,127.900000,0.000000,127.900000,0.000000,127.900000,0.000000,127.900000,0.000000,127.900000,0.000000,127.900000,0.000000,127.900000,0.000000,127.900000,0.000000,127.900000,0.000000,127.900000,0.000000,127.900000,0.000000,127.900000,0.000000,127.900000,0.000000,127.900000,0.000000,127.900000,0.000000,127.900000,0.000000,127.900000,0.000000,127.900000,0.000000,127.900000,0.000000,127.900000,0.000000,127.900000,0.000000,
128.100000,0.000000,128.100000,0.000000,128.100000,0.000000,128.100000,0.000000,128.100000,0.000000,128.100000,0.000000,128.100000,0.000000,128.100000,0.000000,128.100000,0.000000,128.100000,0.000000,128.100000,0.000000,128.100000,0.000000,128.100000,0.000000,128.100000,0.000000,128.100000,0.000000,128.100000,0.000000,128.100000,0.000000,128.100000,0.000000,128.100000,0.000000,128.100000,0.000000,128.100000,0.000000,128.100000,0.000000,128.100000,0.000000,
128.300000,0.000000,128.300000,0.000000,128.300000,0.000000,128.300000,0.000000,128.300000,0.000000,128.300000,0.000000,128.300000,0.000000,128.300000,0.000000,128.300000,0.000000,128.300000,0.000000,128.300000,0.000000,128.300000,0.000000,128.300000,0.000000,128.300000,0.000000,128.300000,0.000000,128.300000,0.000000,128.300000,0.000000,128.300000,0.000000,128.300000,0.000000,128.300000,0.000000,128.300000,0.000000,128.300000,0.000000,128.300000,0.000000,
128.500000,0.000000,128.500000,0.000000,128.500000,0.000000,128.500000,0.000000,128.500000,0.000000,128.500000,0.000000,128.500000,0.000000,128.500000,0.000000,128.500000,0.000000,128.500000,0.000000,128.500000,0.000000,128.500000,0.000000,128.500000,0.000000,128.500000,0.000000,128.500000,0.000000,128.500000,0.000000,128.500000,0.000000,128.500000,0.000000,128.500000,0.000000,128.500000,0.000000,128.500000,0.000000,128.500000,0.000000,128.500000,0.000000,
128.700000,0.000000,128.700000,0.000000,128.700000,0.000000,128.700000,0.000000,128.700000,0.000000,128.700000,0.000000,128.700000,0.000000,128.700000,0.000000,128.700000,0.000000,128.700000,0.000000,128.700000,0.000000,128.700000,0.000000,128.700000,0.000000,128.700000,0.000000,128.700000,0.000000,128.700000,0.000000,128.700000,0.000000,128.700000,0.000000,128.700000,0.000000,128.700000,0.000000,128.700000,0.000000,128.700000,0.000000,128.700000,0.000000,
128.900000,0.000000,128.900000,0.000000,128.900000,0.000000,128.900000,0.000000,128.900000,0.000000,128.900000,0.000000,128.900000,0.000000,128.900000,0.000000,128.900000,0.000000,128.900000,0.000000,128.900000,0.000000,128.900000,0.000000,128.900000,0.000000,128.900000,0.000000,128.900000,0.000000,128.900000,0.000000,128.900000,0.000000,128.900000,0.000000,128.900000,0.000000,128.900000,0.000000,128.900000,0.000000,128.900000,0.000000,128.900000,0.000000,
129.100000,0.000000,129.100000,0.000000,129.100000,0.000000,129.100000,0.000000,129.100000,0.000000,129.100000,0.000000,129.100000,0.000000,129.100000,0.000000,129.100000,0.000000,129.100000,0.000000,129.100000,0.000000,129.100000,0.000000,129.100000,0.000000,129.100000,0.000000,129.100000,0.000000,129.100000,0.000000,129.100000,0.000000,129.100000,0.000000,129.100000,0.000000,129.100000,0.000000,129.100000,0.000000,129.100000,0.000000,129.100000,0.000000,
129.300000,0.000000,129.300000,0.000000,129.300000,0.000000,129.300000,0.000000,129.300000,0.000000,129.300000,0.000000,129.300000,0.000000,129.300000,0.000000,129.300000,0.000000,129.300000,0.000000,129.300000,0.000000,129.300000,0.000000,129.300000,0.000000,129.300000,0.000000,129.300000,0.000000,129.300000,0.000000,129.300000,0.000000,129.300000,0.000000,129.300000,0.000000,129.300000,0.000000,129.300000,0.000000,129.300000,0.000000,129.300000,0.000000,
129.500000,0.000000,129.500000,0.000000,129.500000,0.000000,129.500000,0.000000,129.500000,0.000000,129.500000,0.000000,129.500000,0.000000,129.500000,0.000000,129.500000,0.000000,129.500000,0.000000,129.500000,0.000000,129.500000,0.000000,129.500000,0.000000,129.500000,0.000000,129.500000,0.000000,129.500000,0.000000,129.500000,0.000000,129.500000,0.000000,129.500000,0.000000,129.500000,0.000000,129.500000,0.000000,129.500000,0.000000,129.500000,0.000000,
129.700000,0.000000,129.700000,0.000000,129.700000,0.000000,129.700000,0.000000,129.700000,0.000000,129.700000,0.000000,129.700000,0.000000,129.700000,0.000000,129.700000,0.000000,129.700000,0.000000,129.700000,0.000000,129.700000,0.000000,129.700000,0.000000,129.700000,0.000000,129.700000,0.000000,129.700000,0.000000,129.700000,0.000000,129.700000,0.000000,129.700000,0.000000,129.700000,0.000000,129.700000,0.000000,129.700000,0.000000,129.700000,0.000000,
129.900000,0.000000,129.900000,0.000000,129.900000,0.000000,129.900000,0.000000,129.900000,0.000000,129.900000,0.000000,129.900000,0.000000,129.900000,0.000000,129.900000,0.000000,129.900000,0.000000,129.900000,0.000000,129.900000,0.000000,129.900000,0.000000,129.900000,0.000000,129.900000,0.000000,129.900000,0.000000,129.900000,0.000000,129.900000,0.000000,129.900000,0.000000,129.900000,0.000000,129.900000,0.000000,129.900000,0.000000,129.900000,0.000000,
130.100000,0.000000,130.100000,0.000000,130.100000,0.000000,130.100000,0.000000,130.100000,0.000000,130.100000,0.000000,130.100000,0.000000,130.100000,0.000000,130.100000,0.000000,130.100000,0.000000,130.100000,0.000000,130.100000,0.000000,130.100000,0.000000,130.100000,0.000000,130.100000,0.000000,130.100000,0.000000,130.100000,0.000000,130.100000,0.000000,130.100000,0.000000,130.100000,0.000000,130.100000,0.000000,130.100000,0.000000,130.100000,0.000000,
130.300000,0.000000,130.300000,0.000000,130.300000,0.000000,130.300000,0.000000,130.300000,0.000000,130.300000,0.000000,130.300000,0.000000,130.300000,0.000000,130.300000,0.000000,130.300000,0.000000,130.300000,0.000000,130.300000,0.000000,130.300000,0.000000,130.300000,0.000000,130.300000,0.000000,130.300000,0.000000,130.300000,0.000000,130.300000,0.000000,130.300000,0.000000,130.300000,0.000000,130.300000,0.000000,130.300000,0.000000,130.300000,0.000000,
130.500000,0.000000,130.500000,0.000000,130.500000,0.000000,130.500000,0.000000,130.500000,0.000000,130.500000,0.000000,130.500000,0.000000,130.500000,0.000000,130.500000,0.000000,130.500000,0.000000,130.500000,0.000000,130.500000,0.000000,130.500000,0.000000,130.500000,0.000000,130.500000,0.000000,130.500000,0.000000,130.500000,0.000000,130.500000,0.000000,130.500000,0.000000,130.500000,0.000000,130.500000,0.000000,130.500000,0.000000,130.500000,0.000000,
130.700000,0.000000,130.700000,0.000000,130.700000,0.000000,130.700000,0.000000,130.700000,0.000000,130.700000,0.000000,130.700000,0.000000,130.700000,0.000000,130.700000,0.000000,130.700000,0.000000,130.700000,0.000000,130.700000,0.000000,130.700000,0.000000,130.700000,0.000000,130.700000,0.000000,130.700000,0.000000,130.700000,0.000000,130.700000,0.000000,130.700000,0.000000,130.700000,0.000000,130.700000,0.000000,130.700000,0.000000,130.700000,0.000000,
130.900000,0.000000,130.900000,0.000000,130.900000,0.000000,130.900000,0.000000,130.900000,0.000000,130.900000,0.000000,130.900000,0.000000,130.900000,0.000000,130.900000,0.000000,130.900000,0.000000,130.900000,0.000000,130.900000,0.000000,130.900000,0.000000,130.900000,0.000000,130.900000,0.000000,130.900000,0.000000,130.900000,0.000000,130.900000,0.000000,130.900000,0.000000,130.900000,0.000000,130.900000,0.000000,130.900000,0.000000,130.900000,0.000000,
131.100000,0.000000,131.100000,0.000000,131.100000,0.000000,131.100000,0.000000,131.100000,0.000000,131.100000,0.000000,131.100000,0.000000,131.100000,0.000000,131.100000,0.000000,131.100000,0.000000,131.100000,0.000000,131.100000,0.000000,131.100000,0.000000,131.100000,0.000000,131.100000,0.000000,131.100000,0.000000,131.100000,0.000000,131.100000,0.000000,131.100000,0.000000,131.100000,0.000000,131.100000,0.000000,131.100000,0.000000,131.100000,0.000000,
131.300000,0.000000,131.300000,0.000000,131.300000,0.000000,131.300000,0.000000,131.300000,0.000000,131.300000,0.000000,131.300000,0.000000,131.300000,0.000000,131.300000,0.000000,131.300000,0.000000,131.300000,0.000000,131.300000,0.000000,131.300000,0.000000,131.300000,0.000000,131.300000,0.000000,131.300000,0.000000,131.300000,0.000000,131.300000,0.000000,131.300000,0.000000,131.300000,0.000000,131.300000,0.000000,131.300000,0.000000,131.300000,0.000000,
131.500000,0.000000,131.500000,0.000000,131.500000,0.000000,131.500000,0.000000,131.500000,0.000000,131.500000,0.000000,131.500000,0.000000,131.500000,0.000000,131.500000,0.000000,131.500000,0.000000,131.500000,0.000000,131.500000,0.000000,131.500000,0.000000,131.500000,0.000000,131.500000,0.000000,131.500000,0.000000,131.500000,0.000000,131.500000,0.000000,131.500000,0.000000,131.500000,0.000000,131.500000,0.000000,131.500000,0.000000,131.500000,0.000000,
131.700000,0.000000,131.700000,0.000000,131.700000,0.000000,131.700000,0.000000,131.700000,0.000000,131.700000,0.000000,131.700000,0.000000,131.700000,0.000000,131.700000,0.000000,131.700000,0.000000,131.700000,0.000000,131.700000,0.000000,131.700000,0.000000,131.700000,0.000000,131.700000,0.000000,131.700000,0.000000,131.700000,0.000000,131.700000,0.000000,131.700000,0.000000,131.700000,0.000000,131.700000,0.000000,131.700000,0.000000,131.700000,0.000000,
131.900000,0.000000,131.900000,0.000000,131.900000,0.000000,131.900000,0.000000,131.900000,0.000000,131.900000,0.000000,131.900000,0.000000,131.900000,0.000000,131.900000,0.000000,131.900000,0.000000,131.900000,0.000000,131.900000,0.000000,131.900000,0.000000,131.900000,0.000000,131.900000,0.000000,131.900000,0.000000,131.900000,0.000000,131.900000,0.000000,131.900000,0.000000,131.900000,0.000000,131.900000,0.000000,131.900000,0.000000,131.900000,0.000000,
132.100000,0.000000,132.100000,0.000000,132.100000,0.000000,132.100000,0.000000,132.100000,0.000000,132.100000,0.000000,132.100000,0.000000,132.100000,0.000000,132.100000,0.000000,132.100000,0.000000,132.100000,0.000000,132.100000,0.000000,132.100000,0.000000,132.100000,0.000000,132.100000,0.000000,132.100000,0.000000,132.100000,0.000000,132.100000,0.000000,132.100000,0.000000,132.100000,0.000000,132.100000,0.000000,132.100000,0.000000,132.100000,0.000000,
132.300000,0.000000,132.300000,0.000000,132.300000,0.000000,132.300000,0.000000,132.300000,0.000000,132.300000,0.000000,132.300000,0.000000,132.300000,0.000000,132.300000,0.000000,132.300000,0.000000,132.300000,0.000000,132.300000,0.000000,132.300000,0.000000,132.300000,0.000000,132.300000,0.000000,132.300000,0.000000,132.300000,0.000000,132.300000,0.000000,132.300000,0.000000,132.300000,0.000000,132.300000,0.000000,132.300000,0.000000,132.300000,0.000000,
132.500000,0.000000,132.500000,0.000000,132.500000,0.000000,132.500000,0.000000,132.500000,0.000000,132.500000,0.000000,132.500000,0.000000,132.500000,0.000000,132.500000,0.000000,132.500000,0.000000,132.500000,0.000000,132.500000,0.000000,132.500000,0.000000,132.500000,0.000000,132.500000,0.000000,132.500000,0.000000,132.500000,0.000000,132.500000,0.000000,132.500000,0.000000,132.500000,0.000000,132.500000,0.000000,132.500000,0.000000,132.500000,0.000000,
132.700000,0.000000,132.700000,0.000000,132.700000,0.000000,132.700000,0.000000,132.700000,0.000000,132.700000,0.000000,132.700000,0.000000,132.700000,0.000000,132.700000,0.000000,132.700000,0.000000,132.700000,0.000000,132.700000,0.000000,132.700000,0.000000,132.700000,0.000000,132.700000,0.000000,132.700000,0.000000,132.700000,0.000000,132.700000,0.000000,132.700000,0.000000,132.700000,0.000000,132.700000,0.000000,132.700000,0.000000,132.700000,0.000000,
132.900000,0.000000,132.900000,0.000000,132.900000,0.000000,132.900000,0.000000,132.900000,0.000000,132.900000,0.000000,132.900000,0.000000,132.900000,0.000000,132.900000,0.000000,132.900000,0.000000,132.900000,0.000000,132.900000,0.000000,132.900000,0.000000,132.900000,0.000000,132.900000,0.000000,132.900000,0.000000,132.900000,0.000000,132.900000,0.000000,132.900000,0.000000,132.900000,0.000000,132.900000,0.000000,132.900000,0.000000,132.900000,0.000000,
133.100000,0.000000,133.100000,0.000000,133.100000,0.000000,133.100000,0.000000,133.100000,0.000000,133.100000,0.000000,133.100000,0.000000,133.100000,0.000000,133.100000,0.000000,133.100000,0.000000,133.100000,0.000000,133.100000,0.000000,133.100000,0.000000,133.100000,0.000000,133.100000,0.000000,133.100000,0.000000,133.100000,0.000000,133.100000,0.000000,133.100000,0.000000,133.100000,0.000000,133.100000,0.000000,133.100000,0.000000,133.100000,0.000000,
133.300000,0.000000,133.300000,0.000000,133.300000,0.000000,133.300000,0.000000,133.300000,0.000000,133.300000,0.000000,133.300000,0.000000,133.300000,0.000000,133.300000,0.000000,133.300000,0.000000,133.300000,0.000000,133.300000,0.000000,133.300000,0.000000,133.300000,0.000000,133.300000,0.000000,133.300000,0.000000,133.300000,0.000000,133.300000,0.000000,133.300000,0.000000,133.300000,0.000000,133.300000,0.000000,133.300000,0.000000,133.300000,0.000000,
133.500000,0.000000,133.500000,0.000000,133.500000,0.000000,133.500000,0.000000,133.500000,0.000000,133.500000,0.000000,133.500000,0.000000,133.500000,0.000000,133.500000,0.000000,133.500000,0.000000,133.500000,0.000000,133.500000,0.000000,133.500000,0.000000,133.500000,0.000000,133.500000,0.000000,133.500000,0.000000,133.500000,0.000000,133.500000,0.000000,133.500000,0.000000,133.500000,0.000000,133.500000,0.000000,133.500000,0.000000,133.500000,0.000000,
133.700000,0.000000,133.700000,0.000000,133.700000,0.000000,133.700000,0.000000,133.700000,0.000000,133.700000,0.000000,133.700000,0.000000,133.700000,0.000000,133.700000,0.000000,133.700000,0.000000,133.700000,0.000000,133.700000,0.000000,133.700000,0.000000,133.700000,0.000000,133.700000,0.000000,133.700000,0.000000,133.700000,0.000000,133.700000,0.000000,133.700000,0.000000,133.700000,0.000000,133.700000,0.000000,133.700000,0.000000,133.700000,0.000000,
133.900000,0.000000,133.900000,0.000000,133.900000,0.000000,133.900000,0.000000,133.900000,0.000000,133.900000,0.000000,133.900000,0.000000,133.900000,0.000000,133.900000,0.000000,133.900000,0.000000,133.900000,0.000000,133.900000,0.000000,133.900000,0.000000,133.900000,0.000000,133.900000,0.000000,133.900000,0.000000,133.900000,0.000000,133.900000,0.000000,133.900000,0.000000,133.900000,0.000000,133.900000,0.000000,133.900000,0.000000,133.900000,0.000000,
134.100000,0.000000,134.100000,0.000000,134.100000,0.000000,134.100000,0.000000,134.100000,0.000000,134.100000,0.000000,134.100000,0.000000,134.100000,0.000000,134.100000,0.000000,134.100000,0.000000,134.100000,0.000000,134.100000,0.000000,134.100000,0.000000,134.100000,0.000000,134.100000,0.000000,134.100000,0.000000,134.100000,0.000000,134.100000,0.000000,134.100000,0.000000,134.100000,0.000000,134.100000,0.000000,134.100000,0.000000,134.100000,0.000000,
134.300000,0.000000,134.300000,0.000000,134.300000,0.000000,134.300000,0.000000,134.300000,0.000000,134.300000,0.000000,134.300000,0.000000,134.300000,0.000000,134.300000,0.000000,134.300000,0.000000,134.300000,0.000000,134.300000,0.000000,134.300000,0.000000,134.300000,0.000000,134.300000,0.000000,134.300000,0.000000,134.300000,0.000000,134.300000,0.000000,134.300000,0.000000,134.300000,0.000000,134.300000,0.000000,134.300000,0.000000,134.300000,0.000000,
134.500000,0.000000,134.500000,0.000000,134.500000,0.000000,134.500000,0.000000,134.500000,0.000000,134.500000,0.000000,134.500000,0.000000,134.500000,0.000000,134.500000,0.000000,134.500000,0.000000,134.500000,0.000000,134.500000,0.000000,134.500000,0.000000,134.500000,0.000000,134.500000,0.000000,134.500000,0.000000,134.500000,0.000000,134.500000,0.000000,134.500000,0.000000,134.500000,0.000000,134.500000,0.000000,134.500000,0.000000,134.500000,0.000000,
134.700000,0.000000,134.700000,0.000000,134.700000,0.000000,134.700000,0.000000,134.700000,0.000000,134.700000,0.000000,134.700000,0.000000,134.700000,0.000000,134.700000,0.000000,134.700000,0.000000,134.700000,0.000000,134.700000,0.000000,134.700000,0.000000,134.700000,0.000000,134.700000,0.000000,134.700000,0.000000,134.700000,0.000000,134.700000,0.000000,134.700000,0.000000,134.700000,0.000000,134.700000,0.000000,134.700000,0.000000,134.700000,0.000000,
134.900000,0.000000,134.900000,0.000000,134.900000,0.000000,134.900000,0.000000,134.900000,0.000000,134.900000,0.000000,134.900000,0.000000,134.900000,0.000000,134.900000,0.000000,134.900000,0.000000,134.900000,0.000000,134.900000,0.000000,134.900000,0.000000,134.900000,0.000000,134.900000,0.000000,134.900000,0.000000,134.900000,0.000000,134.900000,0.000000,134.900000,0.000000,134.900000,0.000000,134.900000,0.000000,134.900000,0.000000,134.900000,0.000000,
135.100000,0.000000,135.100000,0.000000,135.100000,0.000000,135.100000,0.000000,135.100000,0.000000,135.100000,0.000000,135.100000,0.000000,135.100000,0.000000,135.100000,0.000000,135.100000,0.000000,135.100000,0.000000,135.100000,0.000000,135.100000,0.000000,135.100000,0.000000,135.100000,0.000000,135.100000,0.000000,135.100000,0.000000,135.100000,0.000000,135.100000,0.000000,135.100000,0.000000,135.100000,0.000000,135.100000,0.000000,135.100000,0.000000,
135.300000,0.000000,135.300000,0.000000,135.300000,0.000000,135.300000,0.000000,135.300000,0.000000,135.300000,0.000000,135.300000,0.000000,135.300000,0.000000,135.300000,0.000000,135.300000,0.000000,135.300000,0.000000,135.300000,0.000000,135.300000,0.000000,135.300000,0.000000,135.300000,0.000000,135.300000,0.000000,135.300000,0.000000,135.300000,0.000000,135.300000,0.000000,135.300000,0.000000,135.300000,0.000000,135.300000,0.000000,135.300000,0.000000,
135.500000,0.000000,135.500000,0.000000,135.500000,0.000000,135.500000,0.000000,135.500000,0.000000,135.500000,0.000000,135.500000,0.000000,135.500000,0.000000,135.500000,0.000000,135.500000,0.000000,135.500000,0.000000,135.500000,0.000000,135.500000,0.000000,135.500000,0.000000,135.500000,0.000000,135.500000,0.000000,135.500000,0.000000,135.500000,0.000000,135.500000,0.000000,135.500000,0.000000,135.500000,0.000000,135.500000,0.000000,135.500000,0.000000,
135.700000,0.000000,135.700000,0.000000,135.700000,0.000000,135.700000,0.000000,135.700000,0.000000,135.700000,0.000000,135.700000,0.000000,135.700000,0.000000,135.700000,0.000000,135.700000,0.000000,135.700000,0.000000,135.700000,0.000000,135.700000,0.000000,135.700000,0.000000,135.700000,0.000000,135.700000,0.000000,135.700000,0.000000,135.700000,0.000000,135.700000,0.000000,135.700000,0.000000,135.700000,0.000000,135.700000,0.000000,135.700000,0.000000,
135.900000,0.000000,135.900000,0.000000,135.900000,0.000000,135.900000,0.000000,135.900000,0.000000,135.900000,0.000000,135.900000,0.000000,135.900000,0.000000,135.900000,0.000000,135.900000,0.000000,135.900000,0.000000,135.900000,0.000000,135.900000,0.000000,135.900000,0.000000,135.900000,0.000000,135.900000,0.000000,135.900000,0.000000,135.900000,0.000000,135.900000,0.000000,135.900000,0.000000,135.900000,0.000000,135.900000,0.000000,135.900000,0.000000,
136.100000,0.000000,136.100000,0.000000,136.100000,0.000000,136.100000,0.000000,136.100000,0.000000,136.100000,0.000000,136.100000,0.000000,136.100000,0.000000,136.100000,0.000000,136.100000,0.000000,136.100000,0.000000,136.100000,0.000000,136.100000,0.000000,136.100000,0.000000,136.100000,0.000000,136.100000,0.000000,136.100000,0.000000,136.100000,0.000000,136.100000,0.000000,136.100000,0.000000,136.100000,0.000000,136.100000,0.000000,136.100000,0.000000,
136.300000,0.000000,136.300000,0.000000,136.300000,0.000000,136.300000,0.000000,136.300000,0.000000,136.300000,0.000000,136.300000,0.000000,136.300000,0.000000,136.300000,0.000000,136.300000,0.000000,136.300000,0.000000,136.300000,0.000000,136.300000,0.000000,136.300000,0.000000,136.300000,0.000000,136.300000,0.000000,136.300000,0.000000,136.300000,0.000000,136.300000,0.000000,136.300000,0.000000,136.300000,0.000000,136.300000,0.000000,136.300000,0.000000,
136.500000,0.000000,136.500000,0.000000,136.500000,0.000000,136.500000,0.000000,136.500000,0.000000,136.500000,0.000000,136.500000,0.000000,136.500000,0.000000,136.500000,0.000000,136.500000,0.000000,136.500000,0.000000,136.500000,0.000000,136.500000,0.000000,136.500000,0.000000,136.500000,0.000000,136.500000,0.000000,136.500000,0.000000,136.500000,0.000000,136.500000,0.000000,136.500000,0.000000,136.500000,0.000000,136.500000,0.000000,136.500000,0.000000,
136.700000,0.000000,136.700000,0.000000,136.700000,0.000000,136.700000,0.000000,136.700000,0.000000,136.700000,0.000000,136.700000,0.000000,136.700000,0.000000,136.700000,0.000000,136.700000,0.000000,136.700000,0.000000,136.700000,0.000000,136.700000,0.000000,136.700000,0.000000,136.700000,0.000000,136.700000,0.000000,136.700000,0.000000,136.700000,0.000000,136.700000,0.000000,136.700000,0.000000,136.700000,0.000000,136.700000,0.000000,136.700000,0.000000,
136.900000,0.000000,136.900000,0.000000,136.900000,0.000000,136.900000,0.000000,136.900000,0.000000,136.900000,0.000000,136.900000,0.000000,136.900000,0.000000,136.900000,0.000000,136.900000,0.000000,136.900000,0.000000,136.900000,0.000000,136.900000,0.000000,136.900000,0.000000,136.900000,0.000000,136.900000,0.000000,136.900000,0.000000,136.900000,0.000000,136.900000,0.000000,136.900000,0.000000,136.900000,0.000000,136.900000,0.000000,136.900000,0.000000,
137.100000,0.000000,137.100000,0.000000,137.100000,0.000000,137.100000,0.000000,137.100000,0.000000,137.100000,0.000000,137.100000,0.000000,137.100000,0.000000,137.100000,0.000000,137.100000,0.000000,137.100000,0.000000,137.100000,0.000000,137.100000,0.000000,137.100000,0.000000,137.100000,0.000000,137.100000,0.000000,137.100000,0.000000,137.100000,0.000000,137.100000,0.000000,137.100000,0.000000,137.100000,0.000000,137.100000,0.000000,137.100000,0.000000,
137.300000,0.000000,137.300000,0.000000,137.300000,0.000000,137.300000,0.000000,137.300000,0.000000,137.300000,0.000000,137.300000,0.000000,137.300000,0.000000,137.300000,0.000000,137.300000,0.000000,137.300000,0.000000,137.300000,0.000000,137.300000,0.000000,137.300000,0.000000,137.300000,0.000000,137.300000,0.000000,137.300000,0.000000,137.300000,0.000000,137.300000,0.000000,137.300000,0.000000,137.300000,0.000000,137.300000,0.000000,137.300000,0.000000,
137.500000,0.000000,137.500000,0.000000,137.500000,0.000000,137.500000,0.000000,137.500000,0.000000,137.500000,0.000000,137.500000,0.000000,137.500000,0.000000,137.500000,0.000000,137.500000,0.000000,137.500000,0.000000,137.500000,0.000000,137.500000,0.000000,137.500000,0.000000,137.500000,0.000000,137.500000,0.000000,137.500000,0.000000,137.500000,0.000000,137.500000,0.000000,137.500000,0.000000,137.500000,0.000000,137.500000,0.000000,137.500000,0.000000,
137.700000,0.000000,137.700000,0.000000,137.700000,0.000000,137.700000,0.000000,137.700000,0.000000,137.700000,0.000000,137.700000,0.000000,137.700000,0.000000,137.700000,0.000000,137.700000,0.000000,137.700000,0.000000,137.700000,0.000000,137.700000,0.000000,137.700000,0.000000,137.700000,0.000000,137.700000,0.000000,137.700000,0.000000,137.700000,0.000000,137.700000,0.000000,137.700000,0.000000,137.700000,0.000000,137.700000,0.000000,137.700000,0.000000,
137.900000,0.000000,137.900000,0.000000,137.900000,0.000000,137.900000,0.000000,137.900000,0.000000,137.900000,0.000000,137.900000,0.000000,137.900000,0.000000,137.900000,0.000000,137.900000,0.000000,137.900000,0.000000,137.900000,0.000000,137.900000,0.000000,137.900000,0.000000,137.900000,0.000000,137.900000,0.000000,137.900000,0.000000,137.900000,0.000000,137.900000,0.000000,137.900000,0.000000,137.900000,0.000000,137.900000,0.000000,137.900000,0.000000,
138.100000,0.000000,138.100000,0.000000,138.100000,0.000000,138.100000,0.000000,138.100000,0.000000,138.100000,0.000000,138.100000,0.000000,138.100000,0.000000,138.100000,0.000000,138.100000,0.000000,138.100000,0.000000,138.100000,0.000000,138.100000,0.000000,138.100000,0.000000,138.100000,0.000000,138.100000,0.000000,138.100000,0.000000,138.100000,0.000000,138.100000,0.000000,138.100000,0.000000,138.100000,0.000000,138.100000,0.000000,138.100000,0.000000,
138.300000,0.000000,138.300000,0.000000,138.300000,0.000000,138.300000,0.000000,138.300000,0.000000,138.300000,0.000000,138.300000,0.000000,138.300000,0.000000,138.300000,0.000000,138.300000,0.000000,138.300000,0.000000,138.300000,0.000000,138.300000,0.000000,138.300000,0.000000,138.300000,0.000000,138.300000,0.000000,138.300000,0.000000,138.300000,0.000000,138.300000,0.000000,138.300000,0.000000,138.300000,0.000000,138.300000,0.000000,138.300000,0.000000,
138.500000,0.000000,138.500000,0.000000,138.500000,0.000000,138.500000,0.000000,138.500000,0.000000,138.500000,0.000000,138.500000,0.000000,138.500000,0.000000,138.500000,0.000000,138.500000,0.000000,138.500000,0.000000,138.500000,0.000000,138.500000,0.000000,138.500000,0.000000,138.500000,0.000000,138.500000,0.000000,138.500000,0.000000,138.500000,0.000000,138.500000,0.000000,138.500000,0.000000,138.500000,0.000000,138.500000,0.000000,138.500000,0.000000,
138.700000,0.000000,138.700000,0.000000,138.700000,0.000000,138.700000,0.000000,138.700000,0.000000,138.700000,0.000000,138.700000,0.000000,138.700000,0.000000,138.700000,0.000000,138.700000,0.000000,138.700000,0.000000,138.700000,0.000000,138.700000,0.000000,138.700000,0.000000,138.700000,0.000000,138.700000,0.000000,138.700000,0.000000,138.700000,0.000000,138.700000,0.000000,138.700000,0.000000,138.700000,0.000000,138.700000,0.000000,138.700000,0.000000,
138.900000,0.000000,138.900000,0.000000,138.900000,0.000000,138.900000,0.000000,138.900000,0.000000,138.900000,0.000000,138.900000,0.000000,138.900000,0.000000,138.900000,0.000000,138.900000,0.000000,138.900000,0.000000,138.900000,0.000000,138.900000,0.000000,138.900000,0.000000,138.900000,0.000000,138.900000,0.000000,138.900000,0.000000,138.900000,0.000000,138.900000,0.000000,138.900000,0.000000,138.900000,0.000000,138.900000,0.000000,138.900000,0.000000,
139.100000,0.000000,139.100000,0.000000,139.100000,0.000000,139.100000,0.000000,139.100000,0.000000,139.100000,0.000000,139.100000,0.000000,139.100000,0.000000,139.100000,0.000000,139.100000,0.000000,139.100000,0.000000,139.100000,0.000000,139.100000,0.000000,139.100000,0.000000,139.100000,0.000000,139.100000,0.000000,139.100000,0.000000,139.100000,0.000000,139.100000,0.000000,139.100000,0.000000,139.100000,0.000000,139.100000,0.000000,139.100000,0.000000,
139.300000,0.000000,139.300000,0.000000,139.300000,0.000000,139.300000,0.000000,139.300000,0.000000,139.300000,0.000000,139.300000,0.000000,139.300000,0.000000,139.300000,0.000000,139.300000,0.000000,139.300000,0.000000,139.300000,0.000000,139.300000,0.000000,139.300000,0.000000,139.300000,0.000000,139.300000,0.000000,139.300000,0.000000,139.300000,0.000000,139.300000,0.000000,139.300000,0.000000,139.300000,0.000000,139.300000,0.000000,139.300000,0.000000,
139.500000,0.000000,139.500000,0.000000,139.500000,0.000000,139.500000,0.000000,139.500000,0.000000,139.500000,0.000000,139.500000,0.000000,139.500000,0.000000,139.500000,0.000000,139.500000,0.000000,139.500000,0.000000,139.500000,0.000000,139.500000,0.000000,139.500000,0.000000,139.500000,0.000000,139.500000,0.000000,139.500000,0.000000,139.500000,0.000000,139.500000,0.000000,139.500000,0.000000,139.500000,0.000000,139.500000,0.000000,139.500000,0.000000,
139.700000,0.000000,139.700000,0.000000,139.700000,0.000000,139.700000,0.000000,139.700000,0.000000,139.700000,0.000000,139.700000,0.000000,139.700000,0.000000,139.700000,0.000000,139.700000,0.000000,139.700000,0.000000,139.700000,0.000000,139.700000,0.000000,139.700000,0.000000,139.700000,0.000000,139.700000,0.000000,139.700000,0.000000,139.700000,0.000000,139.700000,0.000000,139.700000,0.000000,139.700000,0.000000,139.700000,0.000000,139.700000,0.000000,
139.900000,0.000000,139.900000,0.000000,139.900000,0.000000,139.900000,0.000000,139.900000,0.000000,139.900000,0.000000,139.900000,0.000000,139.900000,0.000000,139.900000,0.000000,139.900000,0.000000,139.900000,0.000000,139.900000,0.000000,139.900000,0.000000,139.900000,0.000000,139.900000,0.000000,139.900000,0.000000,139.900000,0.000000,139.900000,0.000000,139.900000,0.000000,139.900000,0.000000,139.900000,0.000000,139.900000,0.000000,139.900000,0.000000,
140.100000,0.000000,140.100000,0.000000,140.100000,0.000000,140.100000,0.000000,140.100000,0.000000,140.100000,0.000000,140.100000,0.000000,140.100000,0.000000,140.100000,0.000000,140.100000,0.000000,140.100000,0.000000,140.100000,0.000000,140.100000,0.000000,140.100000,0.000000,140.100000,0.000000,140.100000,0.000000,140.100000,0.000000,140.100000,0.000000,140.100000,0.000000,140.100000,0.000000,140.100000,0.000000,140.100000,0.000000,140.100000,0.000000,
140.300000,0.000000,140.300000,0.000000,140.300000,0.000000,140.300000,0.000000,140.300000,0.000000,140.300000,0.000000,140.300000,0.000000,140.300000,0.000000,140.300000,0.000000,140.300000,0.000000,140.300000,0.000000,140.300000,0.000000,140.300000,0.000000,140.300000,0.000000,140.300000,0.000000,140.300000,0.000000,140.300000,0.000000,140.300000,0.000000,140.300000,0.000000,140.300000,0.000000,140.300000,0.000000,140.300000,0.000000,140.300000,0.000000,
140.500000,0.000000,140.500000,0.000000,140.500000,0.000000,140.500000,0.000000,140.500000,0.000000,140.500000,0.000000,140.500000,0.000000,140.500000,0.000000,140.500000,0.000000,140.500000,0.000000,140.500000,0.000000,140.500000,0.000000,140.500000,0.000000,140.500000,0.000000,140.500000,0.000000,140.500000,0.000000,140.500000,0.000000,140.500000,0.000000,140.500000,0.000000,140.500000,0.000000,140.500000,0.000000,140.500000,0.000000,140.500000,0.000000,
140.700000,0.000000,140.700000,0.000000,140.700000,0.000000,140.700000,0.000000,140.700000,0.000000,140.700000,0.000000,140.700000,0.000000,140.700000,0.000000,140.700000,0.000000,140.700000,0.000000,140.700000,0.000000,140.700000,0.000000,140.700000,0.000000,140.700000,0.000000,140.700000,0.000000,140.700000,0.000000,140.700000,0.000000,140.700000,0.000000,140.700000,0.000000,140.700000,0.000000,140.700000,0.000000,140.700000,0.000000,140.700000,0.000000,
140.900000,0.000000,140.900000,0.000000,140.900000,0.000000,140.900000,0.000000,140.900000,0.000000,140.900000,0.000000,140.900000,0.000000,140.900000,0.000000,140.900000,0.000000,140.900000,0.000000,140.900000,0.000000,140.900000,0.000000,140.900000,0.000000,140.900000,0.000000,140.900000,0.000000,140.900000,0.000000,140.900000,0.000000,140.900000,0.000000,140.900000,0.000000,140.900000,0.000000,140.900000,0.000000,140.900000,0.000000,140.900000,0.000000,
141.100000,0.000000,141.100000,0.000000,141.100000,0.000000,141.100000,0.000000,141.100000,0.000000,141.100000,0.000000,141.100000,0.000000,141.100000,0.000000,141.100000,0.000000,141.100000,0.000000,141.100000,0.000000,141.100000,0.000000,141.100000,0.000000,141.100000,0.000000,141.100000,0.000000,141.100000,0.000000,141.100000,0.000000,141.100000,0.000000,141.100000,0.000000,141.100000,0.000000,141.100000,0.000000,141.100000,0.000000,141.100000,0.000000,
141.300000,0.000000,141.300000,0.000000,141.300000,0.000000,141.300000,0.000000,141.300000,0.000000,141.300000,0.000000,141.300000,0.000000,141.300000,0.000000,141.300000,0.000000,141.300000,0.000000,141.300000,0.000000,141.300000,0.000000,141.300000,0.000000,141.300000,0.000000,141.300000,0.000000,141.300000,0.000000,141.300000,0.000000,141.300000,0.000000,141.300000,0.000000,141.300000,0.000000,141.300000,0.000000,141.300000,0.000000,141.300000,0.000000,
141.500000,0.000000,141.500000,0.000000,141.500000,0.000000,141.500000,0.000000,141.500000,0.000000,141.500000,0.000000,141.500000,0.000000,141.500000,0.000000,141.500000,0.000000,141.500000,0.000000,141.500000,0.000000,141.500000,0.000000,141.500000,0.000000,141.500000,0.000000,141.500000,0.000000,141.500000,0.000000,141.500000,0.000000,141.500000,0.000000,141.500000,0.000000,141.500000,0.000000,141.500000,0.000000,141.500000,0.000000,141.500000,0.000000,
141.700000,0.000000,141.700000,0.000000,141.700000,0.000000,141.700000,0.000000,141.700000,0.000000,141.700000,0.000000,141.700000,0.000000,141.700000,0.000000,141.700000,0.000000,141.700000,0.000000,141.700000,0.000000,141.700000,0.000000,141.700000,0.000000,141.700000,0.000000,141.700000,0.000000,141.700000,0.000000,141.700000,0.000000,141.700000,0.000000,141.700000,0.000000,141.700000,0.000000,141.700000,0.000000,141.700000,0.000000,141.700000,0.000000,
141.900000,0.000000,141.900000,0.000000,141.900000,0.000000,141.900000,0.000000,141.900000,0.000000,141.900000,0.000000,141.900000,0.000000,141.900000,0.000000,141.900000,0.000000,141.900000,0.000000,141.900000,0.000000,141.900000,0.000000,141.900000,0.000000,141.900000,0.000000,141.900000,0.000000,141.900000,0.000000,141.900000,0.000000,141.900000,0.000000,141.900000,0.000000,141.900000,0.000000,141.900000,0.000000,141.900000,0.000000,141.900000,0.000000,
142.100000,0.000000,142.100000,0.000000,142.100000,0.000000,142.100000,0.000000,142.100000,0.000000,142.100000,0.000000,142.100000,0.000000,142.100000,0.000000,142.100000,0.000000,142.100000,0.000000,142.100000,0.000000,142.100000,0.000000,142.100000,0.000000,142.100000,0.000000,142.100000,0.000000,142.100000,0.000000,142.100000,0.000000,142.100000,0.000000,142.100000,0.000000,142.100000,0.000000,142.100000,0.000000,142.100000,0.000000,142.100000,0.000000,
142.300000,0.000000,142.300000,0.000000,142.300000,0.000000,142.300000,0.000000,142.300000,0.000000,142.300000,0.000000,142.300000,0.000000,142.300000,0.000000,142.300000,0.000000,142.300000,0.000000,142.300000,0.000000,142.300000,0.000000,142.300000,0.000000,142.300000,0.000000,142.300000,0.000000,142.300000,0.000000,142.300000,0.000000,142.300000,0.000000,142.300000,0.000000,142.300000,0.000000,142.300000,0.000000,142.300000,0.000000,142.300000,0.000000,
142.500000,0.000000,142.500000,0.000000,142.500000,0.000000,142.500000,0.000000,142.500000,0.000000,142.500000,0.000000,142.500000,0.000000,142.500000,0.000000,142.500000,0.000000,142.500000,0.000000,142.500000,0.000000,142.500000,0.000000,142.500000,0.000000,142.500000,0.000000,142.500000,0.000000,142.500000,0.000000,142.500000,0.000000,142.500000,0.000000,142.500000,0.000000,142.500000,0.000000,142.500000,0.000000,142.500000,0.000000,142.500000,0.000000,
142.700000,0.000000,142.700000,0.000000,142.700000,0.000000,142.700000,0.000000,142.700000,0.000000,142.700000,0.000000,142.700000,0.000000,142.700000,0.000000,142.700000,0.000000,142.700000,0.000000,142.700000,0.000000,142.700000,0.000000,142.700000,0.000000,142.700000,0.000000,142.700000,0.000000,142.700000,0.000000,142.700000,0.000000,142.700000,0.000000,142.700000,0.000000,142.700000,0.000000,142.700000,0.000000,142.700000,0.000000,142.700000,0.000000,
142.900000,0.000000,142.900000,0.000000,142.900000,0.000000,142.900000,0.000000,142.900000,0.000000,142.900000,0.000000,142.900000,0.000000,142.900000,0.000000,142.900000,0.000000,142.900000,0.000000,142.900000,0.000000,142.900000,0.000000,142.900000,0.000000,142.900000,0.000000,142.900000,0.000000,142.900000,0.000000,142.900000,0.000000,142.900000,0.000000,142.900000,0.000000,142.900000,0.000000,142.900000,0.000000,142.900000,0.000000,142.900000,0.000000,
143.100000,0.000000,143.100000,0.000000,143.100000,0.000000,143.100000,0.000000,143.100000,0.000000,143.100000,0.000000,143.100000,0.000000,143.100000,0.000000,143.100000,0.000000,143.100000,0.000000,143.100000,0.000000,143.100000,0.000000,143.100000,0.000000,143.100000,0.000000,143.100000,0.000000,143.100000,0.000000,143.100000,0.000000,143.100000,0.000000,143.100000,0.000000,143.100000,0.000000,143.100000,0.000000,143.100000,0.000000,143.100000,0.000000,
143.300000,0.000000,143.300000,0.000000,143.300000,0.000000,143.300000,0.000000,143.300000,0.000000,143.300000,0.000000,143.300000,0.000000,143.300000,0.000000,143.300000,0.000000,143.300000,0.000000,143.300000,0.000000,143.300000,0.000000,143.300000,0.000000,143.300000,0.000000,143.300000,0.000000,143.300000,0.000000,143.300000,0.000000,143.300000,0.000000,143.300000,0.000000,143.300000,0.000000,143.300000,0.000000,143.300000,0.000000,143.300000,0.000000,
143.500000,0.000000,143.500000,0.000000,143.500000,0.000000,143.500000,0.000000,143.500000,0.000000,143.500000,0.000000,143.500000,0.000000,143.500000,0.000000,143.500000,0.000000,143.500000,0.000000,143.500000,0.000000,143.500000,0.000000,143.500000,0.000000,143.500000,0.000000,143.500000,0.000000,143.500000,0.000000,143.500000,0.000000,143.500000,0.000000,143.500000,0.000000,143.500000,0.000000,143.500000,0.000000,143.500000,0.000000,143.500000,0.000000,
143.700000,0.000000,143.700000,0.000000,143.700000,0.000000,143.700000,0.000000,143.700000,0.000000,143.700000,0.000000,143.700000,0.000000,143.700000,0.000000,143.700000,0.000000,143.700000,0.000000,143.700000,0.000000,143.700000,0.000000,143.700000,0.000000,143.700000,0.000000,143.700000,0.000000,143.700000,0.000000,143.700000,0.000000,143.700000,0.000000,143.700000,0.000000,143.700000,0.000000,143.700000,0.000000,143.700000,0.000000,143.700000,0.000000,
143.900000,0.000000,143.900000,0.000000,143.900000,0.000000,143.900000,0.000000,143.900000,0.000000,143.900000,0.000000,143.900000,0.000000,143.900000,0.000000,143.900000,0.000000,143.900000,0.000000,143.900000,0.000000,143.900000,0.000000,143.900000,0.000000,143.900000,0.000000,143.900000,0.000000,143.900000,0.000000,143.900000,0.000000,143.900000,0.000000,143.900000,0.000000,143.900000,0.000000,143.900000,0.000000,143.900000,0.000000,143.900000,0.000000,
144.100000,0.000000,144.100000,0.000000,144.100000,0.000000,144.100000,0.000000,144.100000,0.000000,144.100000,0.000000,144.100000,0.000000,144.100000,0.000000,144.100000,0.000000,144.100000,0.000000,144.100000,0.000000,144.100000,0.000000,144.100000,0.000000,144.100000,0.000000,144.100000,0.000000,144.100000,0.000000,144.100000,0.000000,144.100000,0.000000,144.100000,0.000000,144.100000,0.000000,144.100000,0.000000,144.100000,0.000000,144.100000,0.000000,
144.300000,0.000000,144.300000,0.000000,144.300000,0.000000,144.300000,0.000000,144.300000,0.000000,144.300000,0.000000,144.300000,0.000000,144.300000,0.000000,144.300000,0.000000,144.300000,0.000000,144.300000,0.000000,144.300000,0.000000,144.300000,0.000000,144.300000,0.000000,144.300000,0.000000,144.300000,0.000000,144.300000,0.000000,144.300000,0.000000,144.300000,0.000000,144.300000,0.000000,144.300000,0.000000,144.300000,0.000000,144.300000,0.000000,
144.500000,0.000000,144.500000,0.000000,144.500000,0.000000,144.500000,0.000000,144.500000,0.000000,144.500000,0.000000,144.500000,0.000000,144.500000,0.000000,144.500000,0.000000,144.500000,0.000000,144.500000,0.000000,144.500000,0.000000,144.500000,0.000000,144.500000,0.000000,144.500000,0.000000,144.500000,0.000000,144.500000,0.000000,144.500000,0.000000,144.500000,0.000000,144.500000,0.000000,144.500000,0.000000,144.500000,0.000000,144.500000,0.000000,
144.700000,0.000000,144.700000,0.000000,144.700000,0.000000,144.700000,0.000000,144.700000,0.000000,144.700000,0.000000,144.700000,0.000000,144.700000,0.000000,144.700000,0.000000,144.700000,0.000000,144.700000,0.000000,144.700000,0.000000,144.700000,0.000000,144.700000,0.000000,144.700000,0.000000,144.700000,0.000000,144.700000,0.000000,144.700000,0.000000,144.700000,0.000000,144.700000,0.000000,144.700000,0.000000,144.700000,0.000000,144.700000,0.000000,
144.900000,0.000000,144.900000,0.000000,144.900000,0.000000,144.900000,0.000000,144.900000,0.000000,144.900000,0.000000,144.900000,0.000000,144.900000,0.000000,144.900000,0.000000,144.900000,0.000000,144.900000,0.000000,144.900000,0.000000,144.900000,0.000000,144.900000,0.000000,144.900000,0.000000,144.900000,0.000000,144.900000,0.000000,144.900000,0.000000,144.900000,0.000000,144.900000,0.000000,144.900000,0.000000,144.900000,0.000000,144.900000,0.000000,
145.100000,0.000000,145.100000,0.000000,145.100000,0.000000,145.100000,0.000000,145.100000,0.000000,145.100000,0.000000,145.100000,0.000000,145.100000,0.000000,145.100000,0.000000,145.100000,0.000000,145.100000,0.000000,145.100000,0.000000,145.100000,0.000000,145.100000,0.000000,145.100000,0.000000,145.100000,0.000000,145.100000,0.000000,145.100000,0.000000,145.100000,0.000000,145.100000,0.000000,145.100000,0.000000,145.100000,0.000000,145.100000,0.000000,
145.300000,0.000000,145.300000,0.000000,145.300000,0.000000,145.300000,0.000000,145.300000,0.000000,145.300000,0.000000,145.300000,0.000000,145.300000,0.000000,145.300000,0.000000,145.300000,0.000000,145.300000,0.000000,145.300000,0.000000,145.300000,0.000000,145.300000,0.000000,145.300000,0.000000,145.300000,0.000000,145.300000,0.000000,145.300000,0.000000,145.300000,0.000000,145.300000,0.000000,145.300000,0.000000,145.300000,0.000000,145.300000,0.000000,
145.500000,0.000000,145.500000,0.000000,145.500000,0.000000,145.500000,0.000000,145.500000,0.000000,145.500000,0.000000,145.500000,0.000000,145.500000,0.000000,145.500000,0.000000,145.500000,0.000000,145.500000,0.000000,145.500000,0.000000,145.500000,0.000000,145.500000,0.000000,145.500000,0.000000,145.500000,0.000000,145.500000,0.000000,145.500000,0.000000,145.500000,0.000000,145.500000,0.000000,145.500000,0.000000,145.500000,0.000000,145.500000,0.000000,
145.700000,0.000000,145.700000,0.000000,145.700000,0.000000,145.700000,0.000000,145.700000,0.000000,145.700000,0.000000,145.700000,0.000000,145.700000,0.000000,145.700000,0.000000,145.700000,0.000000,145.700000,0.000000,145.700000,0.000000,145.700000,0.000000,145.700000,0.000000,145.700000,0.000000,145.700000,0.000000,145.700000,0.000000,145.700000,0.000000,145.700000,0.000000,145.700000,0.000000,145.700000,0.000000,145.700000,0.000000,145.700000,0.000000,
145.900000,0.000000,145.900000,0.000000,145.900000,0.000000,145.900000,0.000000,145.900000,0.000000,145.900000,0.000000,145.900000,0.000000,145.900000,0.000000,145.900000,0.000000,145.900000,0.000000,145.900000,0.000000,145.900000,0.000000,145.900000,0.000000,145.900000,0.000000,145.900000,0.000000,145.900000,0.000000,145.900000,0.000000,145.900000,0.000000,145.900000,0.000000,145.900000,0.000000,145.900000,0.000000,145.900000,0.000000,145.900000,0.000000,
146.100000,0.000000,146.100000,0.000000,146.100000,0.000000,146.100000,0.000000,146.100000,0.000000,146.100000,0.000000,146.100000,0.000000,146.100000,0.000000,146.100000,0.000000,146.100000,0.000000,146.100000,0.000000,146.100000,0.000000,146.100000,0.000000,146.100000,0.000000,146.100000,0.000000,146.100000,0.000000,146.100000,0.000000,146.100000,0.000000,146.100000,0.000000,146.100000,0.000000,146.100000,0.000000,146.100000,0.000000,146.100000,0.000000,
146.300000,0.000000,146.300000,0.000000,146.300000,0.000000,146.300000,0.000000,146.300000,0.000000,146.300000,0.000000,146.300000,0.000000,146.300000,0.000000,146.300000,0.000000,146.300000,0.000000,146.300000,0.000000,146.300000,0.000000,146.300000,0.000000,146.300000,0.000000,146.300000,0.000000,146.300000,0.000000,146.300000,0.000000,146.300000,0.000000,146.300000,0.000000,146.300000,0.000000,146.300000,0.000000,146.300000,0.000000,146.300000,0.000000,
146.500000,0.000000,146.500000,0.000000,146.500000,0.000000,146.500000,0.000000,146.500000,0.000000,146.500000,0.000000,146.500000,0.000000,146.500000,0.000000,146.500000,0.000000,146.500000,0.000000,146.500000,0.000000,146.500000,0.000000,146.500000,0.000000,146.500000,0.000000,146.500000,0.000000,146.500000,0.000000,146.500000,0.000000,146.500000,0.000000,146.500000,0.000000,146.500000,0.000000,146.500000,0.000000,146.500000,0.000000,146.500000,0.000000,
146.700000,0.000000,146.700000,0.000000,146.700000,0.000000,146.700000,0.000000,146.700000,0.000000,146.700000,0.000000,146.700000,0.000000,146.700000,0.000000,146.700000,0.000000,146.700000,0.000000,146.700000,0.000000,146.700000,0.000000,146.700000,0.000000,146.700000,0.000000,146.700000,0.000000,146.700000,0.000000,146.700000,0.000000,146.700000,0.000000,146.700000,0.000000,146.700000,0.000000,146.700000,0.000000,146.700000,0.000000,146.700000,0.000000,
146.900000,0.000000,146.900000,0.000000,146.900000,0.000000,146.900000,0.000000,146.900000,0.000000,146.900000,0.000000,146.900000,0.000000,146.900000,0.000000,146.900000,0.000000,146.900000,0.000000,146.900000,0.000000,146.900000,0.000000,146.900000,0.000000,146.900000,0.000000,146.900000,0.000000,146.900000,0.000000,146.900000,0.000000,146.900000,0.000000,146.900000,0.000000,146.900000,0.000000,146.900000,0.000000,146.900000,0.000000,146.900000,0.000000,
147.100000,0.000000,147.100000,0.000000,147.100000,0.000000,147.100000,0.000000,147.100000,0.000000,147.100000,0.000000,147.100000,0.000000,147.100000,0.000000,147.100000,0.000000,147.100000,0.000000,147.100000,0.000000,147.100000,0.000000,147.100000,0.000000,147.100000,0.000000,147.100000,0.000000,147.100000,0.000000,147.100000,0.000000,147.100000,0.000000,147.100000,0.000000,147.100000,0.000000,147.100000,0.000000,147.100000,0.000000,147.100000,0.000000,
147.300000,0.000000,147.300000,0.000000,147.300000,0.000000,147.300000,0.000000,147.300000,0.000000,147.300000,0.000000,147.300000,0.000000,147.300000,0.000000,147.300000,0.000000,147.300000,0.000000,147.300000,0.000000,147.300000,0.000000,147.300000,0.000000,147.300000,0.000000,147.300000,0.000000,147.300000,0.000000,147.300000,0.000000,147.300000,0.000000,147.300000,0.000000,147.300000,0.000000,147.300000,0.000000,147.300000,0.000000,147.300000,0.000000,
147.500000,0.000000,147.500000,0.000000,147.500000,0.000000,147.500000,0.000000,147.500000,0.000000,147.500000,0.000000,147.500000,0.000000,147.500000,0.000000,147.500000,0.000000,147.500000,0.000000,147.500000,0.000000,147.500000,0.000000,147.500000,0.000000,147.500000,0.000000,147.500000,0.000000,147.500000,0.000000,147.500000,0.000000,147.500000,0.000000,147.500000,0.000000,147.500000,0.000000,147.500000,0.000000,147.500000,0.000000,147.500000,0.000000,
147.700000,0.000000,147.700000,0.000000,147.700000,0.000000,147.700000,0.000000,147.700000,0.000000,147.700000,0.000000,147.700000,0.000000,147.700000,0.000000,147.700000,0.000000,147.700000,0.000000,147.700000,0.000000,147.700000,0.000000,147.700000,0.000000,147.700000,0.000000,147.700000,0.000000,147.700000,0.000000,147.700000,0.000000,147.700000,0.000000,147.700000,0.000000,147.700000,0.000000,147.700000,0.000000,147.700000,0.000000,147.700000,0.000000,
147.900000,0.000000,147.900000,0.000000,147.900000,0.000000,147.900000,0.000000,147.900000,0.000000,147.900000,0.000000,147.900000,0.000000,147.900000,0.000000,147.900000,0.000000,147.900000,0.000000,147.900000,0.000000,147.900000,0.000000,147.900000,0.000000,147.900000,0.000000,147.900000,0.000000,147.900000,0.000000,147.900000,0.000000,147.900000,0.000000,147.900000,0.000000,147.900000,0.000000,147.900000,0.000000,147.900000,0.000000,147.900000,0.000000,
148.100000,0.000000,148.100000,0.000000,148.100000,0.000000,148.100000,0.000000,148.100000,0.000000,148.100000,0.000000,148.100000,0.000000,148.100000,0.000000,148.100000,0.000000,148.100000,0.000000,148.100000,0.000000,148.100000,0.000000,148.100000,0.000000,148.100000,0.000000,148.100000,0.000000,148.100000,0.000000,148.100000,0.000000,148.100000,0.000000,148.100000,0.000000,148.100000,0.000000,148.100000,0.000000,148.100000,0.000000,148.100000,0.000000,
148.300000,0.000000,148.300000,0.000000,148.300000,0.000000,148.300000,0.000000,148.300000,0.000000,148.300000,0.000000,148.300000,0.000000,148.300000,0.000000,148.300000,0.000000,148.300000,0.000000,148.300000,0.000000,148.300000,0.000000,148.300000,0.000000,148.300000,0.000000,148.300000,0.000000,148.300000,0.000000,148.300000,0.000000,148.300000,0.000000,148.300000,0.000000,148.300000,0.000000,148.300000,0.000000,148.300000,0.000000,148.300000,0.000000,
148.500000,0.000000,148.500000,0.000000,148.500000,0.000000,148.500000,0.000000,148.500000,0.000000,148.500000,0.000000,148.500000,0.000000,148.500000,0.000000,148.500000,0.000000,148.500000,0.000000,148.500000,0.000000,148.500000,0.000000,148.500000,0.000000,148.500000,0.000000,148.500000,0.000000,148.500000,0.000000,148.500000,0.000000,148.500000,0.000000,148.500000,0.000000,148.500000,0.000000,148.500000,0.000000,148.500000,0.000000,148.500000,0.000000,
148.700000,0.000000,148.700000,0.000000,148.700000,0.000000,148.700000,0.000000,148.700000,0.000000,148.700000,0.000000,148.700000,0.000000,148.700000,0.000000,148.700000,0.000000,148.700000,0.000000,148.700000,0.000000,148.700000,0.000000,148.700000,0.000000,148.700000,0.000000,148.700000,0.000000,148.700000,0.000000,148.700000,0.000000,148.700000,0.000000,148.700000,0.000000,148.700000,0.000000,148.700000,0.000000,148.700000,0.000000,148.700000,0.000000,
148.900000,0.000000,148.900000,0.000000,148.900000,0.000000,148.900000,0.000000,148.900000,0.000000,148.900000,0.000000,148.900000,0.000000,148.900000,0.000000,148.900000,0.000000,148.900000,0.000000,148.900000,0.000000,148.900000,0.000000,148.900000,0.000000,148.900000,0.000000,148.900000,0.000000,148.900000,0.000000,148.900000,0.000000,148.900000,0.000000,148.900000,0.000000,148.900000,0.000000,148.900000,0.000000,148.900000,0.000000,148.900000,0.000000,
149.100000,0.000000,149.100000,0.000000,149.100000,0.000000,149.100000,0.000000,149.100000,0.000000,149.100000,0.000000,149.100000,0.000000,149.100000,0.000000,149.100000,0.000000,149.100000,0.000000,149.100000,0.000000,149.100000,0.000000,149.100000,0.000000,149.100000,0.000000,149.100000,0.000000,149.100000,0.000000,149.100000,0.000000,149.100000,0.000000,149.100000,0.000000,149.100000,0.000000,149.100000,0.000000,149.100000,0.000000,149.100000,0.000000,
149.300000,0.000000,149.300000,0.000000,149.300000,0.000000,149.300000,0.000000,149.300000,0.000000,149.300000,0.000000,149.300000,0.000000,149.300000,0.000000,149.300000,0.000000,149.300000,0.000000,149.300000,0.000000,149.300000,0.000000,149.300000,0.000000,149.300000,0.000000,149.300000,0.000000,149.300000,0.000000,149.300000,0.000000,149.300000,0.000000,149.300000,0.000000,149.300000,0.000000,149.300000,0.000000,149.300000,0.000000,149.300000,0.000000,
149.500000,0.000000,149.500000,0.000000,149.500000,0.000000,149.500000,0.000000,149.500000,0.000000,149.500000,0.000000,149.500000,0.000000,149.500000,0.000000,149.500000,0.000000,149.500000,0.000000,149.500000,0.000000,149.500000,0.000000,149.500000,0.000000,149.500000,0.000000,149.500000,0.000000,149.500000,0.000000,149.500000,0.000000,149.500000,0.000000,149.500000,0.000000,149.500000,0.000000,149.500000,0.000000,149.500000,0.000000,149.500000,0.000000,
149.700000,0.000000,149.700000,0.000000,149.700000,0.000000,149.700000,0.000000,149.700000,0.000000,149.700000,0.000000,149.700000,0.000000,149.700000,0.000000,149.700000,0.000000,149.700000,0.000000,149.700000,0.000000,149.700000,0.000000,149.700000,0.000000,149.700000,0.000000,149.700000,0.000000,149.700000,0.000000,149.700000,0.000000,149.700000,0.000000,149.700000,0.000000,149.700000,0.000000,149.700000,0.000000,149.700000,0.000000,149.700000,0.000000,
149.900000,0.000000,149.900000,0.000000,149.900000,0.000000,149.900000,0.000000,149.900000,0.000000,149.900000,0.000000,149.900000,0.000000,149.900000,0.000000,149.900000,0.000000,149.900000,0.000000,149.900000,0.000000,149.900000,0.000000,149.900000,0.000000,149.900000,0.000000,149.900000,0.000000,149.900000,0.000000,149.900000,0.000000,149.900000,0.000000,149.900000,0.000000,149.900000,0.000000,149.900000,0.000000,149.900000,0.000000,149.900000,0.000000,
150.100000,0.000000,150.100000,0.000000,150.100000,0.000000,150.100000,0.000000,150.100000,0.000000,150.100000,0.000000,150.100000,0.000000,150.100000,0.000000,150.100000,0.000000,150.100000,0.000000,150.100000,0.000000,150.100000,0.000000,150.100000,0.000000,150.100000,0.000000,150.100000,0.000000,150.100000,0.000000,150.100000,0.000000,150.100000,0.000000,150.100000,0.000000,150.100000,0.000000,150.100000,0.000000,150.100000,0.000000,150.100000,0.000000,
150.300000,0.000000,150.300000,0.000000,150.300000,0.000000,150.300000,0.000000,150.300000,0.000000,150.300000,0.000000,150.300000,0.000000,150.300000,0.000000,150.300000,0.000000,150.300000,0.000000,150.300000,0.000000,150.300000,0.000000,150.300000,0.000000,150.300000,0.000000,150.300000,0.000000,150.300000,0.000000,150.300000,0.000000,150.300000,0.000000,150.300000,0.000000,150.300000,0.000000,150.300000,0.000000,150.300000,0.000000,150.300000,0.000000,
150.500000,0.000000,150.500000,0.000000,150.500000,0.000000,150.500000,0.000000,150.500000,0.000000,150.500000,0.000000,150.500000,0.000000,150.500000,0.000000,150.500000,0.000000,150.500000,0.000000,150.500000,0.000000,150.500000,0.000000,150.500000,0.000000,150.500000,0.000000,150.500000,0.000000,150.500000,0.000000,150.500000,0.000000,150.500000,0.000000,150.500000,0.000000,150.500000,0.000000,150.500000,0.000000,150.500000,0.000000,150.500000,0.000000,
150.700000,0.000000,150.700000,0.000000,150.700000,0.000000,150.700000,0.000000,150.700000,0.000000,150.700000,0.000000,150.700000,0.000000,150.700000,0.000000,150.700000,0.000000,150.700000,0.000000,150.700000,0.000000,150.700000,0.000000,150.700000,0.000000,150.700000,0.000000,150.700000,0.000000,150.700000,0.000000,150.700000,0.000000,150.700000,0.000000,150.700000,0.000000,150.700000,0.000000,150.700000,0.000000,150.700000,0.000000,150.700000,0.000000,
150.900000,0.000000,150.900000,0.000000,150.900000,0.000000,150.900000,0.000000,150.900000,0.000000,150.900000,0.000000,150.900000,0.000000,150.900000,0.000000,150.900000,0.000000,150.900000,0.000000,150.900000,0.000000,150.900000,0.000000,150.900000,0.000000,150.900000,0.000000,150.900000,0.000000,150.900000,0.000000,150.900000,0.000000,150.900000,0.000000,150.900000,0.000000,150.900000,0.000000,150.900000,0.000000,150.900000,0.000000,150.900000,0.000000,
151.100000,0.000000,151.100000,0.000000,151.100000,0.000000,151.100000,0.000000,151.100000,0.000000,151.100000,0.000000,151.100000,0.000000,151.100000,0.000000,151.100000,0.000000,151.100000,0.000000,151.100000,0.000000,151.100000,0.000000,151.100000,0.000000,151.100000,0.000000,151.100000,0.000000,151.100000,0.000000,151.100000,0.000000,151.100000,0.000000,151.100000,0.000000,151.100000,0.000000,151.100000,0.000000,151.100000,0.000000,151.100000,0.000000,
151.300000,0.000000,151.300000,0.000000,151.300000,0.000000,151.300000,0.000000,151.300000,0.000000,151.300000,0.000000,151.300000,0.000000,151.300000,0.000000,151.300000,0.000000,151.300000,0.000000,151.300000,0.000000,151.300000,0.000000,151.300000,0.000000,151.300000,0.000000,151.300000,0.000000,151.300000,0.000000,151.300000,0.000000,151.300000,0.000000,151.300000,0.000000,151.300000,0.000000,151.300000,0.000000,151.300000,0.000000,151.300000,0.000000,
151.500000,0.000000,151.500000,0.000000,151.500000,0.000000,151.500000,0.000000,151.500000,0.000000,151.500000,0.000000,151.500000,0.000000,151.500000,0.000000,151.500000,0.000000,151.500000,0.000000,151.500000,0.000000,151.500000,0.000000,151.500000,0.000000,151.500000,0.000000,151.500000,0.000000,151.500000,0.000000,151.500000,0.000000,151.500000,0.000000,151.500000,0.000000,151.500000,0.000000,151.500000,0.000000,151.500000,0.000000,151.500000,0.000000,
151.700000,0.000000,151.700000,0.000000,151.700000,0.000000,151.700000,0.000000,151.700000,0.000000,151.700000,0.000000,151.700000,0.000000,151.700000,0.000000,151.700000,0.000000,151.700000,0.000000,151.700000,0.000000,151.700000,0.000000,151.700000,0.000000,151.700000,0.000000,151.700000,0.000000,151.700000,0.000000,151.700000,0.000000,151.700000,0.000000,151.700000,0.000000,151.700000,0.000000,151.700000,0.000000,151.700000,0.000000,151.700000,0.000000,
151.900000,0.000000,151.900000,0.000000,151.900000,0.000000,151.900000,0.000000,151.900000,0.000000,151.900000,0.000000,151.900000,0.000000,151.900000,0.000000,151.900000,0.000000,151.900000,0.000000,151.900000,0.000000,151.900000,0.000000,151.900000,0.000000,151.900000,0.000000,151.900000,0.000000,151.900000,0.000000,151.900000,0.000000,151.900000,0.000000,151.900000,0.000000,151.900000,0.000000,151.900000,0.000000,151.900000,0.000000,151.900000,0.000000,
152.100000,0.000000,152.100000,0.000000,152.100000,0.000000,152.100000,0.000000,152.100000,0.000000,152.100000,0.000000,152.100000,0.000000,152.100000,0.000000,152.100000,0.000000,152.100000,0.000000,152.100000,0.000000,152.100000,0.000000,152.100000,0.000000,152.100000,0.000000,152.100000,0.000000,152.100000,0.000000,152.100000,0.000000,152.100000,0.000000,152.100000,0.000000,152.100000,0.000000,152.100000,0.000000,152.100000,0.000000,152.100000,0.000000,
152.300000,0.000000,152.300000,0.000000,152.300000,0.000000,152.300000,0.000000,152.300000,0.000000,152.300000,0.000000,152.300000,0.000000,152.300000,0.000000,152.300000,0.000000,152.300000,0.000000,152.300000,0.000000,152.300000,0.000000,152.300000,0.000000,152.300000,0.000000,152.300000,0.000000,152.300000,0.000000,152.300000,0.000000,152.300000,0.000000,152.300000,0.000000,152.300000,0.000000,152.300000,0.000000,152.300000,0.000000,152.300000,0.000000,
152.500000,0.000000,152.500000,0.000000,152.500000,0.000000,152.500000,0.000000,152.500000,0.000000,152.500000,0.000000,152.500000,0.000000,152.500000,0.000000,152.500000,0.000000,152.500000,0.000000,152.500000,0.000000,152.500000,0.000000,152.500000,0.000000,152.500000,0.000000,152.500000,0.000000,152.500000,0.000000,152.500000,0.000000,152.500000,0.000000,152.500000,0.000000,152.500000,0.000000,152.500000,0.000000,152.500000,0.000000,152.500000,0.000000,
152.700000,0.000000,152.700000,0.000000,152.700000,0.000000,152.700000,0.000000,152.700000,0.000000,152.700000,0.000000,152.700000,0.000000,152.700000,0.000000,152.700000,0.000000,152.700000,0.000000,152.700000,0.000000,152.700000,0.000000,152.700000,0.000000,152.700000,0.000000,152.700000,0.000000,152.700000,0.000000,152.700000,0.000000,152.700000,0.000000,152.700000,0.000000,152.700000,0.000000,152.700000,0.000000,152.700000,0.000000,152.700000,0.000000,
152.900000,0.000000,152.900000,0.000000,152.900000,0.000000,152.900000,0.000000,152.900000,0.000000,152.900000,0.000000,152.900000,0.000000,152.900000,0.000000,152.900000,0.000000,152.900000,0.000000,152.900000,0.000000,152.900000,0.000000,152.900000,0.000000,152.900000,0.000000,152.900000,0.000000,152.900000,0.000000,152.900000,0.000000,152.900000,0.000000,152.900000,0.000000,152.900000,0.000000,152.900000,0.000000,152.900000,0.000000,152.900000,0.000000,
153.100000,0.000000,153.100000,0.000000,153.100000,0.000000,153.100000,0.000000,153.100000,0.000000,153.100000,0.000000,153.100000,0.000000,153.100000,0.000000,153.100000,0.000000,153.100000,0.000000,153.100000,0.000000,153.100000,0.000000,153.100000,0.000000,153.100000,0.000000,153.100000,0.000000,153.100000,0.000000,153.100000,0.000000,153.100000,0.000000,153.100000,0.000000,153.100000,0.000000,153.100000,0.000000,153.100000,0.000000,153.100000,0.000000,
153.300000,0.000000,153.300000,0.000000,153.300000,0.000000,153.300000,0.000000,153.300000,0.000000,153.300000,0.000000,153.300000,0.000000,153.300000,0.000000,153.300000,0.000000,153.300000,0.000000,153.300000,0.000000,153.300000,0.000000,153.300000,0.000000,153.300000,0.000000,153.300000,0.000000,153.300000,0.000000,153.300000,0.000000,153.300000,0.000000,153.300000,0.000000,153.300000,0.000000,153.300000,0.000000,153.300000,0.000000,153.300000,0.000000,
153.500000,0.000000,153.500000,0.000000,153.500000,0.000000,153.500000,0.000000,153.500000,0.000000,153.500000,0.000000,153.500000,0.000000,153.500000,0.000000,153.500000,0.000000,153.500000,0.000000,153.500000,0.000000,153.500000,0.000000,153.500000,0.000000,153.500000,0.000000,153.500000,0.000000,153.500000,0.000000,153.500000,0.000000,153.500000,0.000000,153.500000,0.000000,153.500000,0.000000,153.500000,0.000000,153.500000,0.000000,153.500000,0.000000,
153.700000,0.000000,153.700000,0.000000,153.700000,0.000000,153.700000,0.000000,153.700000,0.000000,153.700000,0.000000,153.700000,0.000000,153.700000,0.000000,153.700000,0.000000,153.700000,0.000000,153.700000,0.000000,153.700000,0.000000,153.700000,0.000000,153.700000,0.000000,153.700000,0.000000,153.700000,0.000000,153.700000,0.000000,153.700000,0.000000,153.700000,0.000000,153.700000,0.000000,153.700000,0.000000,153.700000,0.000000,153.700000,0.000000,
153.900000,0.000000,153.900000,0.000000,153.900000,0.000000,153.900000,0.000000,153.900000,0.000000,153.900000,0.000000,153.900000,0.000000,153.900000,0.000000,153.900000,0.000000,153.900000,0.000000,153.900000,0.000000,153.900000,0.000000,153.900000,0.000000,153.900000,0.000000,153.900000,0.000000,153.900000,0.000000,153.900000,0.000000,153.900000,0.000000,153.900000,0.000000,153.900000,0.000000,153.900000,0.000000,153.900000,0.000000,153.900000,0.000000,
154.100000,0.000000,154.100000,0.000000,154.100000,0.000000,154.100000,0.000000,154.100000,0.000000,154.100000,0.000000,154.100000,0.000000,154.100000,0.000000,154.100000,0.000000,154.100000,0.000000,154.100000,0.000000,154.100000,0.000000,154.100000,0.000000,154.100000,0.000000,154.100000,0.000000,154.100000,0.000000,154.100000,0.000000,154.100000,0.000000,154.100000,0.000000,154.100000,0.000000,154.100000,0.000000,154.100000,0.000000,154.100000,0.000000,
154.300000,0.000000,154.300000,0.000000,154.300000,0.000000,154.300000,0.000000,154.300000,0.000000,154.300000,0.000000,154.300000,0.000000,154.300000,0.000000,154.300000,0.000000,154.300000,0.000000,154.300000,0.000000,154.300000,0.000000,154.300000,0.000000,154.300000,0.000000,154.300000,0.000000,154.300000,0.000000,154.300000,0.000000,154.300000,0.000000,154.300000,0.000000,154.300000,0.000000,154.300000,0.000000,154.300000,0.000000,154.300000,0.000000,
154.500000,0.000000,154.500000,0.000000,154.500000,0.000000,154.500000,0.000000,154.500000,0.000000,154.500000,0.000000,154.500000,0.000000,154.500000,0.000000,154.500000,0.000000,154.500000,0.000000,154.500000,0.000000,154.500000,0.000000,154.500000,0.000000,154.500000,0.000000,154.500000,0.000000,154.500000,0.000000,154.500000,0.000000,154.500000,0.000000,154.500000,0.000000,154.500000,0.000000,154.500000,0.000000,154.500000,0.000000,154.500000,0.000000,
154.700000,0.000000,154.700000,0.000000,154.700000,0.000000,154.700000,0.000000,154.700000,0.000000,154.700000,0.000000,154.700000,0.000000,154.700000,0.000000,154.700000,0.000000,154.700000,0.000000,154.700000,0.000000,154.700000,0.000000,154.700000,0.000000,154.700000,0.000000,154.700000,0.000000,154.700000,0.000000,154.700000,0.000000,154.700000,0.000000,154.700000,0.000000,154.700000,0.000000,154.700000,0.000000,154.700000,0.000000,154.700000,0.000000,
154.900000,0.000000,154.900000,0.000000,154.900000,0.000000,154.900000,0.000000,154.900000,0.000000,154.900000,0.000000,154.900000,0.000000,154.900000,0.000000,154.900000,0.000000,154.900000,0.000000,154.900000,0.000000,154.900000,0.000000,154.900000,0.000000,154.900000,0.000000,154.900000,0.000000,154.900000,0.000000,154.900000,0.000000,154.900000,0.000000,154.900000,0.000000,154.900000,0.000000,154.900000,0.000000,154.900000,0.000000,154.900000,0.000000,
155.100000,0.000000,155.100000,0.000000,155.100000,0.000000,155.100000,0.000000,155.100000,0.000000,155.100000,0.000000,155.100000,0.000000,155.100000,0.000000,155.100000,0.000000,155.100000,0.000000,155.100000,0.000000,155.100000,0.000000,155.100000,0.000000,155.100000,0.000000,155.100000,0.000000,155.100000,0.000000,155.100000,0.000000,155.100000,0.000000,155.100000,0.000000,155.100000,0.000000,155.100000,0.000000,155.100000,0.000000,155.100000,0.000000,
155.300000,0.000000,155.300000,0.000000,155.300000,0.000000,155.300000,0.000000,155.300000,0.000000,155.300000,0.000000,155.300000,0.000000,155.300000,0.000000,155.300000,0.000000,155.300000,0.000000,155.300000,0.000000,155.300000,0.000000,155.300000,0.000000,155.300000,0.000000,155.300000,0.000000,155.300000,0.000000,155.300000,0.000000,155.300000,0.000000,155.300000,0.000000,155.300000,0.000000,155.300000,0.000000,155.300000,0.000000,155.300000,0.000000,
155.500000,0.000000,155.500000,0.000000,155.500000,0.000000,155.500000,0.000000,155.500000,0.000000,155.500000,0.000000,155.500000,0.000000,155.500000,0.000000,155.500000,0.000000,155.500000,0.000000,155.500000,0.000000,155.500000,0.000000,155.500000,0.000000,155.500000,0.000000,155.500000,0.000000,155.500000,0.000000,155.500000,0.000000,155.500000,0.000000,155.500000,0.000000,155.500000,0.000000,155.500000,0.000000,155.500000,0.000000,155.500000,0.000000,
155.700000,0.000000,155.700000,0.000000,155.700000,0.000000,155.700000,0.000000,155.700000,0.000000,155.700000,0.000000,155.700000,0.000000,155.700000,0.000000,155.700000,0.000000,155.700000,0.000000,155.700000,0.000000,155.700000,0.000000,155.700000,0.000000,155.700000,0.000000,155.700000,0.000000,155.700000,0.000000,155.700000,0.000000,155.700000,0.000000,155.700000,0.000000,155.700000,0.000000,155.700000,0.000000,155.700000,0.000000,155.700000,0.000000,
155.900000,0.000000,155.900000,0.000000,155.900000,0.000000,155.900000,0.000000,155.900000,0.000000,155.900000,0.000000,155.900000,0.000000,155.900000,0.000000,155.900000,0.000000,155.900000,0.000000,155.900000,0.000000,155.900000,0.000000,155.900000,0.000000,155.900000,0.000000,155.900000,0.000000,155.900000,0.000000,155.900000,0.000000,155.900000,0.000000,155.900000,0.000000,155.900000,0.000000,155.900000,0.000000,155.900000,0.000000,155.900000,0.000000,
156.100000,0.000000,156.100000,0.000000,156.100000,0.000000,156.100000,0.000000,156.100000,0.000000,156.100000,0.000000,156.100000,0.000000,156.100000,0.000000,156.100000,0.000000,156.100000,0.000000,156.100000,0.000000,156.100000,0.000000,156.100000,0.000000,156.100000,0.000000,156.100000,0.000000,156.100000,0.000000,156.100000,0.000000,156.100000,0.000000,156.100000,0.000000,156.100000,0.000000,156.100000,0.000000,156.100000,0.000000,156.100000,0.000000,
156.300000,0.000000,156.300000,0.000000,156.300000,0.000000,156.300000,0.000000,156.300000,0.000000,156.300000,0.000000,156.300000,0.000000,156.300000,0.000000,156.300000,0.000000,156.300000,0.000000,156.300000,0.000000,156.300000,0.000000,156.300000,0.000000,156.300000,0.000000,156.300000,0.000000,156.300000,0.000000,156.300000,0.000000,156.300000,0.000000,156.300000,0.000000,156.300000,0.000000,156.300000,0.000000,156.300000,0.000000,156.300000,0.000000,
156.500000,0.000000,156.500000,0.000000,156.500000,0.000000,156.500000,0.000000,156.500000,0.000000,156.500000,0.000000,156.500000,0.000000,156.500000,0.000000,156.500000,0.000000,156.500000,0.000000,156.500000,0.000000,156.500000,0.000000,156.500000,0.000000,156.500000,0.000000,156.500000,0.000000,156.500000,0.000000,156.500000,0.000000,156.500000,0.000000,156.500000,0.000000,156.500000,0.000000,156.500000,0.000000,156.500000,0.000000,156.500000,0.000000,
156.700000,0.000000,156.700000,0.000000,156.700000,0.000000,156.700000,0.000000,156.700000,0.000000,156.700000,0.000000,156.700000,0.000000,156.700000,0.000000,156.700000,0.000000,156.700000,0.000000,156.700000,0.000000,156.700000,0.000000,156.700000,0.000000,156.700000,0.000000,156.700000,0.000000,156.700000,0.000000,156.700000,0.000000,156.700000,0.000000,156.700000,0.000000,156.700000,0.000000,156.700000,0.000000,156.700000,0.000000,156.700000,0.000000,
156.900000,0.000000,156.900000,0.000000,156.900000,0.000000,156.900000,0.000000,156.900000,0.000000,156.900000,0.000000,156.900000,0.000000,156.900000,0.000000,156.900000,0.000000,156.900000,0.000000,156.900000,0.000000,156.900000,0.000000,156.900000,0.000000,156.900000,0.000000,156.900000,0.000000,156.900000,0.000000,156.900000,0.000000,156.900000,0.000000,156.900000,0.000000,156.900000,0.000000,156.900000,0.000000,156.900000,0.000000,156.900000,0.000000,
157.100000,0.000000,157.100000,0.000000,157.100000,0.000000,157.100000,0.000000,157.100000,0.000000,157.100000,0.000000,157.100000,0.000000,157.100000,0.000000,157.100000,0.000000,157.100000,0.000000,157.100000,0.000000,157.100000,0.000000,157.100000,0.000000,157.100000,0.000000,157.100000,0.000000,157.100000,0.000000,157.100000,0.000000,157.100000,0.000000,157.100000,0.000000,157.100000,0.000000,157.100000,0.000000,157.100000,0.000000,157.100000,0.000000,
157.300000,0.000000,157.300000,0.000000,157.300000,0.000000,157.300000,0.000000,157.300000,0.000000,157.300000,0.000000,157.300000,0.000000,157.300000,0.000000,157.300000,0.000000,157.300000,0.000000,157.300000,0.000000,157.300000,0.000000,157.300000,0.000000,157.300000,0.000000,157.300000,0.000000,157.300000,0.000000,157.300000,0.000000,157.300000,0.000000,157.300000,0.000000,157.300000,0.000000,157.300000,0.000000,157.300000,0.000000,157.300000,0.000000,
157.500000,0.000000,157.500000,0.000000,157.500000,0.000000,157.500000,0.000000,157.500000,0.000000,157.500000,0.000000,157.500000,0.000000,157.500000,0.000000,157.500000,0.000000,157.500000,0.000000,157.500000,0.000000,157.500000,0.000000,157.500000,0.000000,157.500000,0.000000,157.500000,0.000000,157.500000,0.000000,157.500000,0.000000,157.500000,0.000000,157.500000,0.000000,157.500000,0.000000,157.500000,0.000000,157.500000,0.000000,157.500000,0.000000,
157.700000,0.000000,157.700000,0.000000,157.700000,0.000000,157.700000,0.000000,157.700000,0.000000,157.700000,0.000000,157.700000,0.000000,157.700000,0.000000,157.700000,0.000000,157.700000,0.000000,157.700000,0.000000,157.700000,0.000000,157.700000,0.000000,157.700000,0.000000,157.700000,0.000000,157.700000,0.000000,157.700000,0.000000,157.700000,0.000000,157.700000,0.000000,157.700000,0.000000,157.700000,0.000000,157.700000,0.000000,157.700000,0.000000,
157.900000,0.000000,157.900000,0.000000,157.900000,0.000000,157.900000,0.000000,157.900000,0.000000,157.900000,0.000000,157.900000,0.000000,157.900000,0.000000,157.900000,0.000000,157.900000,0.000000,157.900000,0.000000,157.900000,0.000000,157.900000,0.000000,157.900000,0.000000,157.900000,0.000000,157.900000,0.000000,157.900000,0.000000,157.900000,0.000000,157.900000,0.000000,157.900000,0.000000,157.900000,0.000000,157.900000,0.000000,157.900000,0.000000,
158.100000,0.000000,158.100000,0.000000,158.100000,0.000000,158.100000,0.000000,158.100000,0.000000,158.100000,0.000000,158.100000,0.000000,158.100000,0.000000,158.100000,0.000000,158.100000,0.000000,158.100000,0.000000,158.100000,0.000000,158.100000,0.000000,158.100000,0.000000,158.100000,0.000000,158.100000,0.000000,158.100000,0.000000,158.100000,0.000000,158.100000,0.000000,158.100000,0.000000,158.100000,0.000000,158.100000,0.000000,158.100000,0.000000,
158.300000,0.000000,158.300000,0.000000,158.300000,0.000000,158.300000,0.000000,158.300000,0.000000,158.300000,0.000000,158.300000,0.000000,158.300000,0.000000,158.300000,0.000000,158.300000,0.000000,158.300000,0.000000,158.300000,0.000000,158.300000,0.000000,158.300000,0.000000,158.300000,0.000000,158.300000,0.000000,158.300000,0.000000,158.300000,0.000000,158.300000,0.000000,158.300000,0.000000,158.300000,0.000000,158.300000,0.000000,158.300000,0.000000,
158.500000,0.000000,158.500000,0.000000,158.500000,0.000000,158.500000,0.000000,158.500000,0.000000,158.500000,0.000000,158.500000,0.000000,158.500000,0.000000,158.500000,0.000000,158.500000,0.000000,158.500000,0.000000,158.500000,0.000000,158.500000,0.000000,158.500000,0.000000,158.500000,0.000000,158.500000,0.000000,158.500000,0.000000,158.500000,0.000000,158.500000,0.000000,158.500000,0.000000,158.500000,0.000000,158.500000,0.000000,158.500000,0.000000,
158.700000,0.000000,158.700000,0.000000,158.700000,0.000000,158.700000,0.000000,158.700000,0.000000,158.700000,0.000000,158.700000,0.000000,158.700000,0.000000,158.700000,0.000000,158.700000,0.000000,158.700000,0.000000,158.700000,0.000000,158.700000,0.000000,158.700000,0.000000,158.700000,0.000000,158.700000,0.000000,158.700000,0.000000,158.700000,0.000000,158.700000,0.000000,158.700000,0.000000,158.700000,0.000000,158.700000,0.000000,158.700000,0.000000,
158.900000,0.000000,158.900000,0.000000,158.900000,0.000000,158.900000,0.000000,158.900000,0.000000,158.900000,0.000000,158.900000,0.000000,158.900000,0.000000,158.900000,0.000000,158.900000,0.000000,158.900000,0.000000,158.900000,0.000000,158.900000,0.000000,158.900000,0.000000,158.900000,0.000000,158.900000,0.000000,158.900000,0.000000,158.900000,0.000000,158.900000,0.000000,158.900000,0.000000,158.900000,0.000000,158.900000,0.000000,158.900000,0.000000,
159.100000,0.000000,159.100000,0.000000,159.100000,0.000000,159.100000,0.000000,159.100000,0.000000,159.100000,0.000000,159.100000,0.000000,159.100000,0.000000,159.100000,0.000000,159.100000,0.000000,159.100000,0.000000,159.100000,0.000000,159.100000,0.000000,159.100000,0.000000,159.100000,0.000000,159.100000,0.000000,159.100000,0.000000,159.100000,0.000000,159.100000,0.000000,159.100000,0.000000,159.100000,0.000000,159.100000,0.000000,159.100000,0.000000,
159.300000,0.000000,159.300000,0.000000,159.300000,0.000000,159.300000,0.000000,159.300000,0.000000,159.300000,0.000000,159.300000,0.000000,159.300000,0.000000,159.300000,0.000000,159.300000,0.000000,159.300000,0.000000,159.300000,0.000000,159.300000,0.000000,159.300000,0.000000,159.300000,0.000000,159.300000,0.000000,159.300000,0.000000,159.300000,0.000000,159.300000,0.000000,159.300000,0.000000,159.300000,0.000000,159.300000,0.000000,159.300000,0.000000,
159.500000,0.000000,159.500000,0.000000,159.500000,0.000000,159.500000,0.000000,159.500000,0.000000,159.500000,0.000000,159.500000,0.000000,159.500000,0.000000,159.500000,0.000000,159.500000,0.000000,159.500000,0.000000,159.500000,0.000000,159.500000,0.000000,159.500000,0.000000,159.500000,0.000000,159.500000,0.000000,159.500000,0.000000,159.500000,0.000000,159.500000,0.000000,159.500000,0.000000,159.500000,0.000000,159.500000,0.000000,159.500000,0.000000,
159.700000,0.000000,159.700000,0.000000,159.700000,0.000000,159.700000,0.000000,159.700000,0.000000,159.700000,0.000000,159.700000,0.000000,159.700000,0.000000,159.700000,0.000000,159.700000,0.000000,159.700000,0.000000,159.700000,0.000000,159.700000,0.000000,159.700000,0.000000,159.700000,0.000000,159.700000,0.000000,159.700000,0.000000,159.700000,0.000000,159.700000,0.000000,159.700000,0.000000,159.700000,0.000000,159.700000,0.000000,159.700000,0.000000,
159.900000,0.000000,159.900000,0.000000,159.900000,0.000000,159.900000,0.000000,159.900000,0.000000,159.900000,0.000000,159.900000,0.000000,159.900000,0.000000,159.900000,0.000000,159.900000,0.000000,159.900000,0.000000,159.900000,0.000000,159.900000,0.000000,159.900000,0.000000,159.900000,0.000000,159.900000,0.000000,159.900000,0.000000,159.900000,0.000000,159.900000,0.000000,159.900000,0.000000,159.900000,0.000000,159.900000,0.000000,159.900000,0.000000,
160.100000,0.000000,160.100000,0.000000,160.100000,0.000000,160.100000,0.000000,160.100000,0.000000,160.100000,0.000000,160.100000,0.000000,160.100000,0.000000,160.100000,0.000000,160.100000,0.000000,160.100000,0.000000,160.100000,0.000000,160.100000,0.000000,160.100000,0.000000,160.100000,0.000000,160.100000,0.000000,160.100000,0.000000,160.100000,0.000000,160.100000,0.000000,160.100000,0.000000,160.100000,0.000000,160.100000,0.000000,160.100000,0.000000,
160.300000,0.000000,160.300000,0.000000,160.300000,0.000000,160.300000,0.000000,160.300000,0.000000,160.300000,0.000000,160.300000,0.000000,160.300000,0.000000,160.300000,0.000000,160.300000,0.000000,160.300000,0.000000,160.300000,0.000000,160.300000,0.000000,160.300000,0.000000,160.300000,0.000000,160.300000,0.000000,160.300000,0.000000,160.300000,0.000000,160.300000,0.000000,160.300000,0.000000,160.300000,0.000000,160.300000,0.000000,160.300000,0.000000,
160.500000,0.000000,160.500000,0.000000,160.500000,0.000000,160.500000,0.000000,160.500000,0.000000,160.500000,0.000000,160.500000,0.000000,160.500000,0.000000,160.500000,0.000000,160.500000,0.000000,160.500000,0.000000,160.500000,0.000000,160.500000,0.000000,160.500000,0.000000,160.500000,0.000000,160.500000,0.000000,160.500000,0.000000,160.500000,0.000000,160.500000,0.000000,160.500000,0.000000,160.500000,0.000000,160.500000,0.000000,160.500000,0.000000,
160.700000,0.000000,160.700000,0.000000,160.700000,0.000000,160.700000,0.000000,160.700000,0.000000,160.700000,0.000000,160.700000,0.000000,160.700000,0.000000,160.700000,0.000000,160.700000,0.000000,160.700000,0.000000,160.700000,0.000000,160.700000,0.000000,160.700000,0.000000,160.700000,0.000000,160.700000,0.000000,160.700000,0.000000,160.700000,0.000000,160.700000,0.000000,160.700000,0.000000,160.700000,0.000000,160.700000,0.000000,160.700000,0.000000,
160.900000,0.000000,160.900000,0.000000,160.900000,0.000000,160.900000,0.000000,160.900000,0.000000,160.900000,0.000000,160.900000,0.000000,160.900000,0.000000,160.900000,0.000000,160.900000,0.000000,160.900000,0.000000,160.900000,0.000000,160.900000,0.000000,160.900000,0.000000,160.900000,0.000000,160.900000,0.000000,160.900000,0.000000,160.900000,0.000000,160.900000,0.000000,160.900000,0.000000,160.900000,0.000000,160.900000,0.000000,160.900000,0.000000,
161.100000,0.000000,161.100000,0.000000,161.100000,0.000000,161.100000,0.000000,161.100000,0.000000,161.100000,0.000000,161.100000,0.000000,161.100000,0.000000,161.100000,0.000000,161.100000,0.000000,161.100000,0.000000,161.100000,0.000000,161.100000,0.000000,161.100000,0.000000,161.100000,0.000000,161.100000,0.000000,161.100000,0.000000,161.100000,0.000000,161.100000,0.000000,161.100000,0.000000,161.100000,0.000000,161.100000,0.000000,161.100000,0.000000,
161.300000,0.000000,161.300000,0.000000,161.300000,0.000000,161.300000,0.000000,161.300000,0.000000,161.300000,0.000000,161.300000,0.000000,161.300000,0.000000,161.300000,0.000000,161.300000,0.000000,161.300000,0.000000,161.300000,0.000000,161.300000,0.000000,161.300000,0.000000,161.300000,0.000000,161.300000,0.000000,161.300000,0.000000,161.300000,0.000000,161.300000,0.000000,161.300000,0.000000,161.300000,0.000000,161.300000,0.000000,161.300000,0.000000,
161.500000,0.000000,161.500000,0.000000,161.500000,0.000000,161.500000,0.000000,161.500000,0.000000,161.500000,0.000000,161.500000,0.000000,161.500000,0.000000,161.500000,0.000000,161.500000,0.000000,161.500000,0.000000,161.500000,0.000000,161.500000,0.000000,161.500000,0.000000,161.500000,0.000000,161.500000,0.000000,161.500000,0.000000,161.500000,0.000000,161.500000,0.000000,161.500000,0.000000,161.500000,0.000000,161.500000,0.000000,161.500000,0.000000,
161.700000,0.000000,161.700000,0.000000,161.700000,0.000000,161.700000,0.000000,161.700000,0.000000,161.700000,0.000000,161.700000,0.000000,161.700000,0.000000,161.700000,0.000000,161.700000,0.000000,161.700000,0.000000,161.700000,0.000000,161.700000,0.000000,161.700000,0.000000,161.700000,0.000000,161.700000,0.000000,161.700000,0.000000,161.700000,0.000000,161.700000,0.000000,161.700000,0.000000,161.700000,0.000000,161.700000,0.000000,161.700000,0.000000,
161.900000,0.000000,161.900000,0.000000,161.900000,0.000000,161.900000,0.000000,161.900000,0.000000,161.900000,0.000000,161.900000,0.000000,161.900000,0.000000,161.900000,0.000000,161.900000,0.000000,161.900000,0.000000,161.900000,0.000000,161.900000,0.000000,161.900000,0.000000,161.900000,0.000000,161.900000,0.000000,161.900000,0.000000,161.900000,0.000000,161.900000,0.000000,161.900000,0.000000,161.900000,0.000000,161.900000,0.000000,161.900000,0.000000,
162.100000,0.000000,162.100000,0.000000,162.100000,0.000000,162.100000,0.000000,162.100000,0.000000,162.100000,0.000000,162.100000,0.000000,162.100000,0.000000,162.100000,0.000000,162.100000,0.000000,162.100000,0.000000,162.100000,0.000000,162.100000,0.000000,162.100000,0.000000,162.100000,0.000000,162.100000,0.000000,162.100000,0.000000,162.100000,0.000000,162.100000,0.000000,162.100000,0.000000,162.100000,0.000000,162.100000,0.000000,162.100000,0.000000,
162.300000,0.000000,162.300000,0.000000,162.300000,0.000000,162.300000,0.000000,162.300000,0.000000,162.300000,0.000000,162.300000,0.000000,162.300000,0.000000,162.300000,0.000000,162.300000,0.000000,162.300000,0.000000,162.300000,0.000000,162.300000,0.000000,162.300000,0.000000,162.300000,0.000000,162.300000,0.000000,162.300000,0.000000,162.300000,0.000000,162.300000,0.000000,162.300000,0.000000,162.300000,0.000000,162.300000,0.000000,162.300000,0.000000,
162.500000,0.000000,162.500000,0.000000,162.500000,0.000000,162.500000,0.000000,162.500000,0.000000,162.500000,0.000000,162.500000,0.000000,162.500000,0.000000,162.500000,0.000000,162.500000,0.000000,162.500000,0.000000,162.500000,0.000000,162.500000,0.000000,162.500000,0.000000,162.500000,0.000000,162.500000,0.000000,162.500000,0.000000,162.500000,0.000000,162.500000,0.000000,162.500000,0.000000,162.500000,0.000000,162.500000,0.000000,162.500000,0.000000,
162.700000,0.000000,162.700000,0.000000,162.700000,0.000000,162.700000,0.000000,162.700000,0.000000,162.700000,0.000000,162.700000,0.000000,162.700000,0.000000,162.700000,0.000000,162.700000,0.000000,162.700000,0.000000,162.700000,0.000000,162.700000,0.000000,162.700000,0.000000,162.700000,0.000000,162.700000,0.000000,162.700000,0.000000,162.700000,0.000000,162.700000,0.000000,162.700000,0.000000,162.700000,0.000000,162.700000,0.000000,162.700000,0.000000,
162.900000,0.000000,162.900000,0.000000,162.900000,0.000000,162.900000,0.000000,162.900000,0.000000,162.900000,0.000000,162.900000,0.000000,162.900000,0.000000,162.900000,0.000000,162.900000,0.000000,162.900000,0.000000,162.900000,0.000000,162.900000,0.000000,162.900000,0.000000,162.900000,0.000000,162.900000,0.000000,162.900000,0.000000,162.900000,0.000000,162.900000,0.000000,162.900000,0.000000,162.900000,0.000000,162.900000,0.000000,162.900000,0.000000,
163.100000,0.000000,163.100000,0.000000,163.100000,0.000000,163.100000,0.000000,163.100000,0.000000,163.100000,0.000000,163.100000,0.000000,163.100000,0.000000,163.100000,0.000000,163.100000,0.000000,163.100000,0.000000,163.100000,0.000000,163.100000,0.000000,163.100000,0.000000,163.100000,0.000000,163.100000,0.000000,163.100000,0.000000,163.100000,0.000000,163.100000,0.000000,163.100000,0.000000,163.100000,0.000000,163.100000,0.000000,163.100000,0.000000,
163.300000,0.000000,163.300000,0.000000,163.300000,0.000000,163.300000,0.000000,163.300000,0.000000,163.300000,0.000000,163.300000,0.000000,163.300000,0.000000,163.300000,0.000000,163.300000,0.000000,163.300000,0.000000,163.300000,0.000000,163.300000,0.000000,163.300000,0.000000,163.300000,0.000000,163.300000,0.000000,163.300000,0.000000,163.300000,0.000000,163.300000,0.000000,163.300000,0.000000,163.300000,0.000000,163.300000,0.000000,163.300000,0.000000,
163.500000,0.000000,163.500000,0.000000,163.500000,0.000000,163.500000,0.000000,163.500000,0.000000,163.500000,0.000000,163.500000,0.000000,163.500000,0.000000,163.500000,0.000000,163.500000,0.000000,163.500000,0.000000,163.500000,0.000000,163.500000,0.000000,163.500000,0.000000,163.500000,0.000000,163.500000,0.000000,163.500000,0.000000,163.500000,0.000000,163.500000,0.000000,163.500000,0.000000,163.500000,0.000000,163.500000,0.000000,163.500000,0.000000,
163.700000,0.000000,163.700000,0.000000,163.700000,0.000000,163.700000,0.000000,163.700000,0.000000,163.700000,0.000000,163.700000,0.000000,163.700000,0.000000,163.700000,0.000000,163.700000,0.000000,163.700000,0.000000,163.700000,0.000000,163.700000,0.000000,163.700000,0.000000,163.700000,0.000000,163.700000,0.000000,163.700000,0.000000,163.700000,0.000000,163.700000,0.000000,163.700000,0.000000,163.700000,0.000000,163.700000,0.000000,163.700000,0.000000,
163.900000,0.000000,163.900000,0.000000,163.900000,0.000000,163.900000,0.000000,163.900000,0.000000,163.900000,0.000000,163.900000,0.000000,163.900000,0.000000,163.900000,0.000000,163.900000,0.000000,163.900000,0.000000,163.900000,0.000000,163.900000,0.000000,163.900000,0.000000,163.900000,0.000000,163.900000,0.000000,163.900000,0.000000,163.900000,0.000000,163.900000,0.000000,163.900000,0.000000,163.900000,0.000000,163.900000,0.000000,163.900000,0.000000,
164.100000,0.000000,164.100000,0.000000,164.100000,0.000000,164.100000,0.000000,164.100000,0.000000,164.100000,0.000000,164.100000,0.000000,164.100000,0.000000,164.100000,0.000000,164.100000,0.000000,164.100000,0.000000,164.100000,0.000000,164.100000,0.000000,164.100000,0.000000,164.100000,0.000000,164.100000,0.000000,164.100000,0.000000,164.100000,0.000000,164.100000,0.000000,164.100000,0.000000,164.100000,0.000000,164.100000,0.000000,164.100000,0.000000,
164.300000,0.000000,164.300000,0.000000,164.300000,0.000000,164.300000,0.000000,164.300000,0.000000,164.300000,0.000000,164.300000,0.000000,164.300000,0.000000,164.300000,0.000000,164.300000,0.000000,164.300000,0.000000,164.300000,0.000000,164.300000,0.000000,164.300000,0.000000,164.300000,0.000000,164.300000,0.000000,164.300000,0.000000,164.300000,0.000000,164.300000,0.000000,164.300000,0.000000,164.300000,0.000000,164.300000,0.000000,164.300000,0.000000,
164.500000,0.000000,164.500000,0.000000,164.500000,0.000000,164.500000,0.000000,164.500000,0.000000,164.500000,0.000000,164.500000,0.000000,164.500000,0.000000,164.500000,0.000000,164.500000,0.000000,164.500000,0.000000,164.500000,0.000000,164.500000,0.000000,164.500000,0.000000,164.500000,0.000000,164.500000,0.000000,164.500000,0.000000,164.500000,0.000000,164.500000,0.000000,164.500000,0.000000,164.500000,0.000000,164.500000,0.000000,164.500000,0.000000,
164.700000,0.000000,164.700000,0.000000,164.700000,0.000000,164.700000,0.000000,164.700000,0.000000,164.700000,0.000000,164.700000,0.000000,164.700000,0.000000,164.700000,0.000000,164.700000,0.000000,164.700000,0.000000,164.700000,0.000000,164.700000,0.000000,164.700000,0.000000,164.700000,0.000000,164.700000,0.000000,164.700000,0.000000,164.700000,0.000000,164.700000,0.000000,164.700000,0.000000,164.700000,0.000000,164.700000,0.000000,164.700000,0.000000,
164.900000,0.000000,164.900000,0.000000,164.900000,0.000000,164.900000,0.000000,164.900000,0.000000,164.900000,0.000000,164.900000,0.000000,164.900000,0.000000,164.900000,0.000000,164.900000,0.000000,164.900000,0.000000,164.900000,0.000000,164.900000,0.000000,164.900000,0.000000,164.900000,0.000000,164.900000,0.000000,164.900000,0.000000,164.900000,0.000000,164.900000,0.000000,164.900000,0.000000,164.900000,0.000000,164.900000,0.000000,164.900000,0.000000,
165.100000,0.000000,165.100000,0.000000,165.100000,0.000000,165.100000,0.000000,165.100000,0.000000,165.100000,0.000000,165.100000,0.000000,165.100000,0.000000,165.100000,0.000000,165.100000,0.000000,165.100000,0.000000,165.100000,0.000000,165.100000,0.000000,165.100000,0.000000,165.100000,0.000000,165.100000,0.000000,165.100000,0.000000,165.100000,0.000000,165.100000,0.000000,165.100000,0.000000,165.100000,0.000000,165.100000,0.000000,165.100000,0.000000,
165.300000,0.000000,165.300000,0.000000,165.300000,0.000000,165.300000,0.000000,165.300000,0.000000,165.300000,0.000000,165.300000,0.000000,165.300000,0.000000,165.300000,0.000000,165.300000,0.000000,165.300000,0.000000,165.300000,0.000000,165.300000,0.000000,165.300000,0.000000,165.300000,0.000000,165.300000,0.000000,165.300000,0.000000,165.300000,0.000000,165.300000,0.000000,165.300000,0.000000,165.300000,0.000000,165.300000,0.000000,165.300000,0.000000,
165.500000,0.000000,165.500000,0.000000,165.500000,0.000000,165.500000,0.000000,165.500000,0.000000,165.500000,0.000000,165.500000,0.000000,165.500000,0.000000,165.500000,0.000000,165.500000,0.000000,165.500000,0.000000,165.500000,0.000000,165.500000,0.000000,165.500000,0.000000,165.500000,0.000000,165.500000,0.000000,165.500000,0.000000,165.500000,0.000000,165.500000,0.000000,165.500000,0.000000,165.500000,0.000000,165.500000,0.000000,165.500000,0.000000,
165.700000,0.000000,165.700000,0.000000,165.700000,0.000000,165.700000,0.000000,165.700000,0.000000,165.700000,0.000000,165.700000,0.000000,165.700000,0.000000,165.700000,0.000000,165.700000,0.000000,165.700000,0.000000,165.700000,0.000000,165.700000,0.000000,165.700000,0.000000,165.700000,0.000000,165.700000,0.000000,165.700000,0.000000,165.700000,0.000000,165.700000,0.000000,165.700000,0.000000,165.700000,0.000000,165.700000,0.000000,165.700000,0.000000,
165.900000,0.000000,165.900000,0.000000,165.900000,0.000000,165.900000,0.000000,165.900000,0.000000,165.900000,0.000000,165.900000,0.000000,165.900000,0.000000,165.900000,0.000000,165.900000,0.000000,165.900000,0.000000,165.900000,0.000000,165.900000,0.000000,165.900000,0.000000,165.900000,0.000000,165.900000,0.000000,165.900000,0.000000,165.900000,0.000000,165.900000,0.000000,165.900000,0.000000,165.900000,0.000000,165.900000,0.000000,165.900000,0.000000,
166.100000,0.000000,166.100000,0.000000,166.100000,0.000000,166.100000,0.000000,166.100000,0.000000,166.100000,0.000000,166.100000,0.000000,166.100000,0.000000,166.100000,0.000000,166.100000,0.000000,166.100000,0.000000,166.100000,0.000000,166.100000,0.000000,166.100000,0.000000,166.100000,0.000000,166.100000,0.000000,166.100000,0.000000,166.100000,0.000000,166.100000,0.000000,166.100000,0.000000,166.100000,0.000000,166.100000,0.000000,166.100000,0.000000,
166.300000,0.000000,166.300000,0.000000,166.300000,0.000000,166.300000,0.000000,166.300000,0.000000,166.300000,0.000000,166.300000,0.000000,166.300000,0.000000,166.300000,0.000000,166.300000,0.000000,166.300000,0.000000,166.300000,0.000000,166.300000,0.000000,166.300000,0.000000,166.300000,0.000000,166.300000,0.000000,166.300000,0.000000,166.300000,0.000000,166.300000,0.000000,166.300000,0.000000,166.300000,0.000000,166.300000,0.000000,166.300000,0.000000,
166.500000,0.000000,166.500000,0.000000,166.500000,0.000000,166.500000,0.000000,166.500000,0.000000,166.500000,0.000000,166.500000,0.000000,166.500000,0.000000,166.500000,0.000000,166.500000,0.000000,166.500000,0.000000,166.500000,0.000000,166.500000,0.000000,166.500000,0.000000,166.500000,0.000000,166.500000,0.000000,166.500000,0.000000,166.500000,0.000000,166.500000,0.000000,166.500000,0.000000,166.500000,0.000000,166.500000,0.000000,166.500000,0.000000,
166.700000,0.000000,166.700000,0.000000,166.700000,0.000000,166.700000,0.000000,166.700000,0.000000,166.700000,0.000000,166.700000,0.000000,166.700000,0.000000,166.700000,0.000000,166.700000,0.000000,166.700000,0.000000,166.700000,0.000000,166.700000,0.000000,166.700000,0.000000,166.700000,0.000000,166.700000,0.000000,166.700000,0.000000,166.700000,0.000000,166.700000,0.000000,166.700000,0.000000,166.700000,0.000000,166.700000,0.000000,166.700000,0.000000,
166.900000,0.000000,166.900000,0.000000,166.900000,0.000000,166.900000,0.000000,166.900000,0.000000,166.900000,0.000000,166.900000,0.000000,166.900000,0.000000,166.900000,0.000000,166.900000,0.000000,166.900000,0.000000,166.900000,0.000000,166.900000,0.000000,166.900000,0.000000,166.900000,0.000000,166.900000,0.000000,166.900000,0.000000,166.900000,0.000000,166.900000,0.000000,166.900000,0.000000,166.900000,0.000000,166.900000,0.000000,166.900000,0.000000,
167.100000,0.000000,167.100000,0.000000,167.100000,0.000000,167.100000,0.000000,167.100000,0.000000,167.100000,0.000000,167.100000,0.000000,167.100000,0.000000,167.100000,0.000000,167.100000,0.000000,167.100000,0.000000,167.100000,0.000000,167.100000,0.000000,167.100000,0.000000,167.100000,0.000000,167.100000,0.000000,167.100000,0.000000,167.100000,0.000000,167.100000,0.000000,167.100000,0.000000,167.100000,0.000000,167.100000,0.000000,167.100000,0.000000,
167.300000,0.000000,167.300000,0.000000,167.300000,0.000000,167.300000,0.000000,167.300000,0.000000,167.300000,0.000000,167.300000,0.000000,167.300000,0.000000,167.300000,0.000000,167.300000,0.000000,167.300000,0.000000,167.300000,0.000000,167.300000,0.000000,167.300000,0.000000,167.300000,0.000000,167.300000,0.000000,167.300000,0.000000,167.300000,0.000000,167.300000,0.000000,167.300000,0.000000,167.300000,0.000000,167.300000,0.000000,167.300000,0.000000,
167.500000,0.000000,167.500000,0.000000,167.500000,0.000000,167.500000,0.000000,167.500000,0.000000,167.500000,0.000000,167.500000,0.000000,167.500000,0.000000,167.500000,0.000000,167.500000,0.000000,167.500000,0.000000,167.500000,0.000000,167.500000,0.000000,167.500000,0.000000,167.500000,0.000000,167.500000,0.000000,167.500000,0.000000,167.500000,0.000000,167.500000,0.000000,167.500000,0.000000,167.500000,0.000000,167.500000,0.000000,167.500000,0.000000,
167.700000,0.000000,167.700000,0.000000,167.700000,0.000000,167.700000,0.000000,167.700000,0.000000,167.700000,0.000000,167.700000,0.000000,167.700000,0.000000,167.700000,0.000000,167.700000,0.000000,167.700000,0.000000,167.700000,0.000000,167.700000,0.000000,167.700000,0.000000,167.700000,0.000000,167.700000,0.000000,167.700000,0.000000,167.700000,0.000000,167.700000,0.000000,167.700000,0.000000,167.700000,0.000000,167.700000,0.000000,167.700000,0.000000,
167.900000,0.000000,167.900000,0.000000,167.900000,0.000000,167.900000,0.000000,167.900000,0.000000,167.900000,0.000000,167.900000,0.000000,167.900000,0.000000,167.900000,0.000000,167.900000,0.000000,167.900000,0.000000,167.900000,0.000000,167.900000,0.000000,167.900000,0.000000,167.900000,0.000000,167.900000,0.000000,167.900000,0.000000,167.900000,0.000000,167.900000,0.000000,167.900000,0.000000,167.900000,0.000000,167.900000,0.000000,167.900000,0.000000,
168.100000,0.000000,168.100000,0.000000,168.100000,0.000000,168.100000,0.000000,168.100000,0.000000,168.100000,0.000000,168.100000,0.000000,168.100000,0.000000,168.100000,0.000000,168.100000,0.000000,168.100000,0.000000,168.100000,0.000000,168.100000,0.000000,168.100000,0.000000,168.100000,0.000000,168.100000,0.000000,168.100000,0.000000,168.100000,0.000000,168.100000,0.000000,168.100000,0.000000,168.100000,0.000000,168.100000,0.000000,168.100000,0.000000,
168.300000,0.000000,168.300000,0.000000,168.300000,0.000000,168.300000,0.000000,168.300000,0.000000,168.300000,0.000000,168.300000,0.000000,168.300000,0.000000,168.300000,0.000000,168.300000,0.000000,168.300000,0.000000,168.300000,0.000000,168.300000,0.000000,168.300000,0.000000,168.300000,0.000000,168.300000,0.000000,168.300000,0.000000,168.300000,0.000000,168.300000,0.000000,168.300000,0.000000,168.300000,0.000000,168.300000,0.000000,168.300000,0.000000,
168.500000,0.000000,168.500000,0.000000,168.500000,0.000000,168.500000,0.000000,168.500000,0.000000,168.500000,0.000000,168.500000,0.000000,168.500000,0.000000,168.500000,0.000000,168.500000,0.000000,168.500000,0.000000,168.500000,0.000000,168.500000,0.000000,168.500000,0.000000,168.500000,0.000000,168.500000,0.000000,168.500000,0.000000,168.500000,0.000000,168.500000,0.000000,168.500000,0.000000,168.500000,0.000000,168.500000,0.000000,168.500000,0.000000,
168.700000,0.000000,168.700000,0.000000,168.700000,0.000000,168.700000,0.000000,168.700000,0.000000,168.700000,0.000000,168.700000,0.000000,168.700000,0.000000,168.700000,0.000000,168.700000,0.000000,168.700000,0.000000,168.700000,0.000000,168.700000,0.000000,168.700000,0.000000,168.700000,0.000000,168.700000,0.000000,168.700000,0.000000,168.700000,0.000000,168.700000,0.000000,168.700000,0.000000,168.700000,0.000000,168.700000,0.000000,168.700000,0.000000,
168.900000,0.000000,168.900000,0.000000,168.900000,0.000000,168.900000,0.000000,168.900000,0.000000,168.900000,0.000000,168.900000,0.000000,168.900000,0.000000,168.900000,0.000000,168.900000,0.000000,168.900000,0.000000,168.900000,0.000000,168.900000,0.000000,168.900000,0.000000,168.900000,0.000000,168.900000,0.000000,168.900000,0.000000,168.900000,0.000000,168.900000,0.000000,168.900000,0.000000,168.900000,0.000000,168.900000,0.000000,168.900000,0.000000,
169.100000,0.000000,169.100000,0.000000,169.100000,0.000000,169.100000,0.000000,169.100000,0.000000,169.100000,0.000000,169.100000,0.000000,169.100000,0.000000,169.100000,0.000000,169.100000,0.000000,169.100000,0.000000,169.100000,0.000000,169.100000,0.000000,169.100000,0.000000,169.100000,0.000000,169.100000,0.000000,169.100000,0.000000,169.100000,0.000000,169.100000,0.000000,169.100000,0.000000,169.100000,0.000000,169.100000,0.000000,169.100000,0.000000,
169.300000,0.000000,169.300000,0.000000,169.300000,0.000000,169.300000,0.000000,169.300000,0.000000,169.300000,0.000000,169.300000,0.000000,169.300000,0.000000,169.300000,0.000000,169.300000,0.000000,169.300000,0.000000,169.300000,0.000000,169.300000,0.000000,169.300000,0.000000,169.300000,0.000000,169.300000,0.000000,169.300000,0.000000,169.300000,0.000000,169.300000,0.000000,169.300000,0.000000,169.300000,0.000000,169.300000,0.000000,169.300000,0.000000,
169.500000,0.000000,169.500000,0.000000,169.500000,0.000000,169.500000,0.000000,169.500000,0.000000,169.500000,0.000000,169.500000,0.000000,169.500000,0.000000,169.500000,0.000000,169.500000,0.000000,169.500000,0.000000,169.500000,0.000000,169.500000,0.000000,169.500000,0.000000,169.500000,0.000000,169.500000,0.000000,169.500000,0.000000,169.500000,0.000000,169.500000,0.000000,169.500000,0.000000,169.500000,0.000000,169.500000,0.000000,169.500000,0.000000,
169.700000,0.000000,169.700000,0.000000,169.700000,0.000000,169.700000,0.000000,169.700000,0.000000,169.700000,0.000000,169.700000,0.000000,169.700000,0.000000,169.700000,0.000000,169.700000,0.000000,169.700000,0.000000,169.700000,0.000000,169.700000,0.000000,169.700000,0.000000,169.700000,0.000000,169.700000,0.000000,169.700000,0.000000,169.700000,0.000000,169.700000,0.000000,169.700000,0.000000,169.700000,0.000000,169.700000,0.000000,169.700000,0.000000,
169.900000,0.000000,169.900000,0.000000,169.900000,0.000000,169.900000,0.000000,169.900000,0.000000,169.900000,0.000000,169.900000,0.000000,169.900000,0.000000,169.900000,0.000000,169.900000,0.000000,169.900000,0.000000,169.900000,0.000000,169.900000,0.000000,169.900000,0.000000,169.900000,0.000000,169.900000,0.000000,169.900000,0.000000,169.900000,0.000000,169.900000,0.000000,169.900000,0.000000,169.900000,0.000000,169.900000,0.000000,169.900000,0.000000,
170.100000,0.000000,170.100000,0.000000,170.100000,0.000000,170.100000,0.000000,170.100000,0.000000,170.100000,0.000000,170.100000,0.000000,170.100000,0.000000,170.100000,0.000000,170.100000,0.000000,170.100000,0.000000,170.100000,0.000000,170.100000,0.000000,170.100000,0.000000,170.100000,0.000000,170.100000,0.000000,170.100000,0.000000,170.100000,0.000000,170.100000,0.000000,170.100000,0.000000,170.100000,0.000000,170.100000,0.000000,170.100000,0.000000,
170.300000,0.000000,170.300000,0.000000,170.300000,0.000000,170.300000,0.000000,170.300000,0.000000,170.300000,0.000000,170.300000,0.000000,170.300000,0.000000,170.300000,0.000000,170.300000,0.000000,170.300000,0.000000,170.300000,0.000000,170.300000,0.000000,170.300000,0.000000,170.300000,0.000000,170.300000,0.000000,170.300000,0.000000,170.300000,0.000000,170.300000,0.000000,170.300000,0.000000,170.300000,0.000000,170.300000,0.000000,170.300000,0.000000,
170.500000,0.000000,170.500000,0.000000,170.500000,0.000000,170.500000,0.000000,170.500000,0.000000,170.500000,0.000000,170.500000,0.000000,170.500000,0.000000,170.500000,0.000000,170.500000,0.000000,170.500000,0.000000,170.500000,0.000000,170.500000,0.000000,170.500000,0.000000,170.500000,0.000000,170.500000,0.000000,170.500000,0.000000,170.500000,0.000000,170.500000,0.000000,170.500000,0.000000,170.500000,0.000000,170.500000,0.000000,170.500000,0.000000,
170.700000,0.000000,170.700000,0.000000,170.700000,0.000000,170.700000,0.000000,170.700000,0.000000,170.700000,0.000000,170.700000,0.000000,170.700000,0.000000,170.700000,0.000000,170.700000,0.000000,170.700000,0.000000,170.700000,0.000000,170.700000,0.000000,170.700000,0.000000,170.700000,0.000000,170.700000,0.000000,170.700000,0.000000,170.700000,0.000000,170.700000,0.000000,170.700000,0.000000,170.700000,0.000000,170.700000,0.000000,170.700000,0.000000,
170.900000,0.000000,170.900000,0.000000,170.900000,0.000000,170.900000,0.000000,170.900000,0.000000,170.900000,0.000000,170.900000,0.000000,170.900000,0.000000,170.900000,0.000000,170.900000,0.000000,170.900000,0.000000,170.900000,0.000000,170.900000,0.000000,170.900000,0.000000,170.900000,0.000000,170.900000,0.000000,170.900000,0.000000,170.900000,0.000000,170.900000,0.000000,170.900000,0.000000,170.900000,0.000000,170.900000,0.000000,170.900000,0.000000,
171.100000,0.000000,171.100000,0.000000,171.100000,0.000000,171.100000,0.000000,171.100000,0.000000,171.100000,0.000000,171.100000,0.000000,171.100000,0.000000,171.100000,0.000000,171.100000,0.000000,171.100000,0.000000,171.100000,0.000000,171.100000,0.000000,171.100000,0.000000,171.100000,0.000000,171.100000,0.000000,171.100000,0.000000,171.100000,0.000000,171.100000,0.000000,171.100000,0.000000,171.100000,0.000000,171.100000,0.000000,171.100000,0.000000,
171.300000,0.000000,171.300000,0.000000,171.300000,0.000000,171.300000,0.000000,171.300000,0.000000,171.300000,0.000000,171.300000,0.000000,171.300000,0.000000,171.300000,0.000000,171.300000,0.000000,171.300000,0.000000,171.300000,0.000000,171.300000,0.000000,171.300000,0.000000,171.300000,0.000000,171.300000,0.000000,171.300000,0.000000,171.300000,0.000000,171.300000,0.000000,171.300000,0.000000,171.300000,0.000000,171.300000,0.000000,171.300000,0.000000,
171.500000,0.000000,171.500000,0.000000,171.500000,0.000000,171.500000,0.000000,171.500000,0.000000,171.500000,0.000000,171.500000,0.000000,171.500000,0.000000,171.500000,0.000000,171.500000,0.000000,171.500000,0.000000,171.500000,0.000000,171.500000,0.000000,171.500000,0.000000,171.500000,0.000000,171.500000,0.000000,171.500000,0.000000,171.500000,0.000000,171.500000,0.000000,171.500000,0.000000,171.500000,0.000000,171.500000,0.000000,171.500000,0.000000,
171.700000,0.000000,171.700000,0.000000,171.700000,0.000000,171.700000,0.000000,171.700000,0.000000,171.700000,0.000000,171.700000,0.000000,171.700000,0.000000,171.700000,0.000000,171.700000,0.000000,171.700000,0.000000,171.700000,0.000000,171.700000,0.000000,171.700000,0.000000,171.700000,0.000000,171.700000,0.000000,171.700000,0.000000,171.700000,0.000000,171.700000,0.000000,171.700000,0.000000,171.700000,0.000000,171.700000,0.000000,171.700000,0.000000,
171.900000,0.000000,171.900000,0.000000,171.900000,0.000000,171.900000,0.000000,171.900000,0.000000,171.900000,0.000000,171.900000,0.000000,171.900000,0.000000,171.900000,0.000000,171.900000,0.000000,171.900000,0.000000,171.900000,0.000000,171.900000,0.000000,171.900000,0.000000,171.900000,0.000000,171.900000,0.000000,171.900000,0.000000,171.900000,0.000000,171.900000,0.000000,171.900000,0.000000,171.900000,0.000000,171.900000,0.000000,171.900000,0.000000,
172.100000,0.000000,172.100000,0.000000,172.100000,0.000000,172.100000,0.000000,172.100000,0.000000,172.100000,0.000000,172.100000,0.000000,172.100000,0.000000,172.100000,0.000000,172.100000,0.000000,172.100000,0.000000,172.100000,0.000000,172.100000,0.000000,172.100000,0.000000,172.100000,0.000000,172.100000,0.000000,172.100000,0.000000,172.100000,0.000000,172.100000,0.000000,172.100000,0.000000,172.100000,0.000000,172.100000,0.000000,172.100000,0.000000,
172.300000,0.000000,172.300000,0.000000,172.300000,0.000000,172.300000,0.000000,172.300000,0.000000,172.300000,0.000000,172.300000,0.000000,172.300000,0.000000,172.300000,0.000000,172.300000,0.000000,172.300000,0.000000,172.300000,0.000000,172.300000,0.000000,172.300000,0.000000,172.300000,0.000000,172.300000,0.000000,172.300000,0.000000,172.300000,0.000000,172.300000,0.000000,172.300000,0.000000,172.300000,0.000000,172.300000,0.000000,172.300000,0.000000,
172.500000,0.000000,172.500000,0.000000,172.500000,0.000000,172.500000,0.000000,172.500000,0.000000,172.500000,0.000000,172.500000,0.000000,172.500000,0.000000,172.500000,0.000000,172.500000,0.000000,172.500000,0.000000,172.500000,0.000000,172.500000,0.000000,172.500000,0.000000,172.500000,0.000000,172.500000,0.000000,172.500000,0.000000,172.500000,0.000000,172.500000,0.000000,172.500000,0.000000,172.500000,0.000000,172.500000,0.000000,172.500000,0.000000,
172.700000,0.000000,172.700000,0.000000,172.700000,0.000000,172.700000,0.000000,172.700000,0.000000,172.700000,0.000000,172.700000,0.000000,172.700000,0.000000,172.700000,0.000000,172.700000,0.000000,172.700000,0.000000,172.700000,0.000000,172.700000,0.000000,172.700000,0.000000,172.700000,0.000000,172.700000,0.000000,172.700000,0.000000,172.700000,0.000000,172.700000,0.000000,172.700000,0.000000,172.700000,0.000000,172.700000,0.000000,172.700000,0.000000,
172.900000,0.000000,172.900000,0.000000,172.900000,0.000000,172.900000,0.000000,172.900000,0.000000,172.900000,0.000000,172.900000,0.000000,172.900000,0.000000,172.900000,0.000000,172.900000,0.000000,172.900000,0.000000,172.900000,0.000000,172.900000,0.000000,172.900000,0.000000,172.900000,0.000000,172.900000,0.000000,172.900000,0.000000,172.900000,0.000000,172.900000,0.000000,172.900000,0.000000,172.900000,0.000000,172.900000,0.000000,172.900000,0.000000,
173.100000,0.000000,173.100000,0.000000,173.100000,0.000000,173.100000,0.000000,173.100000,0.000000,173.100000,0.000000,173.100000,0.000000,173.100000,0.000000,173.100000,0.000000,173.100000,0.000000,173.100000,0.000000,173.100000,0.000000,173.100000,0.000000,173.100000,0.000000,173.100000,0.000000,173.100000,0.000000,173.100000,0.000000,173.100000,0.000000,173.100000,0.000000,173.100000,0.000000,173.100000,0.000000,173.100000,0.000000,173.100000,0.000000,
173.300000,0.000000,173.300000,0.000000,173.300000,0.000000,173.300000,0.000000,173.300000,0.000000,173.300000,0.000000,173.300000,0.000000,173.300000,0.000000,173.300000,0.000000,173.300000,0.000000,173.300000,0.000000,173.300000,0.000000,173.300000,0.000000,173.300000,0.000000,173.300000,0.000000,173.300000,0.000000,173.300000,0.000000,173.300000,0.000000,173.300000,0.000000,173.300000,0.000000,173.300000,0.000000,173.300000,0.000000,173.300000,0.000000,
173.500000,0.000000,173.500000,0.000000,173.500000,0.000000,173.500000,0.000000,173.500000,0.000000,173.500000,0.000000,173.500000,0.000000,173.500000,0.000000,173.500000,0.000000,173.500000,0.000000,173.500000,0.000000,173.500000,0.000000,173.500000,0.000000,173.500000,0.000000,173.500000,0.000000,173.500000,0.000000,173.500000,0.000000,173.500000,0.000000,173.500000,0.000000,173.500000,0.000000,173.500000,0.000000,173.500000,0.000000,173.500000,0.000000,
173.700000,0.000000,173.700000,0.000000,173.700000,0.000000,173.700000,0.000000,173.700000,0.000000,173.700000,0.000000,173.700000,0.000000,173.700000,0.000000,173.700000,0.000000,173.700000,0.000000,173.700000,0.000000,173.700000,0.000000,173.700000,0.000000,173.700000,0.000000,173.700000,0.000000,173.700000,0.000000,173.700000,0.000000,173.700000,0.000000,173.700000,0.000000,173.700000,0.000000,173.700000,0.000000,173.700000,0.000000,173.700000,0.000000,
173.900000,0.000000,173.900000,0.000000,173.900000,0.000000,173.900000,0.000000,173.900000,0.000000,173.900000,0.000000,173.900000,0.000000,173.900000,0.000000,173.900000,0.000000,173.900000,0.000000,173.900000,0.000000,173.900000,0.000000,173.900000,0.000000,173.900000,0.000000,173.900000,0.000000,173.900000,0.000000,173.900000,0.000000,173.900000,0.000000,173.900000,0.000000,173.900000,0.000000,173.900000,0.000000,173.900000,0.000000,173.900000,0.000000,
174.100000,0.000000,174.100000,0.000000,174.100000,0.000000,174.100000,0.000000,174.100000,0.000000,174.100000,0.000000,174.100000,0.000000,174.100000,0.000000,174.100000,0.000000,174.100000,0.000000,174.100000,0.000000,174.100000,0.000000,174.100000,0.000000,174.100000,0.000000,174.100000,0.000000,174.100000,0.000000,174.100000,0.000000,174.100000,0.000000,174.100000,0.000000,174.100000,0.000000,174.100000,0.000000,174.100000,0.000000,174.100000,0.000000,
174.300000,0.000000,174.300000,0.000000,174.300000,0.000000,174.300000,0.000000,174.300000,0.000000,174.300000,0.000000,174.300000,0.000000,174.300000,0.000000,174.300000,0.000000,174.300000,0.000000,174.300000,0.000000,174.300000,0.000000,174.300000,0.000000,174.300000,0.000000,174.300000,0.000000,174.300000,0.000000,174.300000,0.000000,174.300000,0.000000,174.300000,0.000000,174.300000,0.000000,174.300000,0.000000,174.300000,0.000000,174.300000,0.000000,
174.500000,0.000000,174.500000,0.000000,174.500000,0.000000,174.500000,0.000000,174.500000,0.000000,174.500000,0.000000,174.500000,0.000000,174.500000,0.000000,174.500000,0.000000,174.500000,0.000000,174.500000,0.000000,174.500000,0.000000,174.500000,0.000000,174.500000,0.000000,174.500000,0.000000,174.500000,0.000000,174.500000,0.000000,174.500000,0.000000,174.500000,0.000000,174.500000,0.000000,174.500000,0.000000,174.500000,0.000000,174.500000,0.000000,
174.700000,0.000000,174.700000,0.000000,174.700000,0.000000,174.700000,0.000000,174.700000,0.000000,174.700000,0.000000,174.700000,0.000000,174.700000,0.000000,174.700000,0.000000,174.700000,0.000000,174.700000,0.000000,174.700000,0.000000,174.700000,0.000000,174.700000,0.000000,174.700000,0.000000,174.700000,0.000000,174.700000,0.000000,174.700000,0.000000,174.700000,0.000000,174.700000,0.000000,174.700000,0.000000,174.700000,0.000000,174.700000,0.000000,
174.900000,0.000000,174.900000,0.000000,174.900000,0.000000,174.900000,0.000000,174.900000,0.000000,174.900000,0.000000,174.900000,0.000000,174.900000,0.000000,174.900000,0.000000,174.900000,0.000000,174.900000,0.000000,174.900000,0.000000,174.900000,0.000000,174.900000,0.000000,174.900000,0.000000,174.900000,0.000000,174.900000,0.000000,174.900000,0.000000,174.900000,0.000000,174.900000,0.000000,174.900000,0.000000,174.900000,0.000000,174.900000,0.000000,
175.100000,0.000000,175.100000,0.000000,175.100000,0.000000,175.100000,0.000000,175.100000,0.000000,175.100000,0.000000,175.100000,0.000000,175.100000,0.000000,175.100000,0.000000,175.100000,0.000000,175.100000,0.000000,175.100000,0.000000,175.100000,0.000000,175.100000,0.000000,175.100000,0.000000,175.100000,0.000000,175.100000,0.000000,175.100000,0.000000,175.100000,0.000000,175.100000,0.000000,175.100000,0.000000,175.100000,0.000000,175.100000,0.000000,
175.300000,0.000000,175.300000,0.000000,175.300000,0.000000,175.300000,0.000000,175.300000,0.000000,175.300000,0.000000,175.300000,0.000000,175.300000,0.000000,175.300000,0.000000,175.300000,0.000000,175.300000,0.000000,175.300000,0.000000,175.300000,0.000000,175.300000,0.000000,175.300000,0.000000,175.300000,0.000000,175.300000,0.000000,175.300000,0.000000,175.300000,0.000000,175.300000,0.000000,175.300000,0.000000,175.300000,0.000000,175.300000,0.000000,
175.500000,0.000000,175.500000,0.000000,175.500000,0.000000,175.500000,0.000000,175.500000,0.000000,175.500000,0.000000,175.500000,0.000000,175.500000,0.000000,175.500000,0.000000,175.500000,0.000000,175.500000,0.000000,175.500000,0.000000,175.500000,0.000000,175.500000,0.000000,175.500000,0.000000,175.500000,0.000000,175.500000,0.000000,175.500000,0.000000,175.500000,0.000000,175.500000,0.000000,175.500000,0.000000,175.500000,0.000000,175.500000,0.000000,
175.700000,0.000000,175.700000,0.000000,175.700000,0.000000,175.700000,0.000000,175.700000,0.000000,175.700000,0.000000,175.700000,0.000000,175.700000,0.000000,175.700000,0.000000,175.700000,0.000000,175.700000,0.000000,175.700000,0.000000,175.700000,0.000000,175.700000,0.000000,175.700000,0.000000,175.700000,0.000000,175.700000,0.000000,175.700000,0.000000,175.700000,0.000000,175.700000,0.000000,175.700000,0.000000,175.700000,0.000000,175.700000,0.000000,
175.900000,0.000000,175.900000,0.000000,175.900000,0.000000,175.900000,0.000000,175.900000,0.000000,175.900000,0.000000,175.900000,0.000000,175.900000,0.000000,175.900000,0.000000,175.900000,0.000000,175.900000,0.000000,175.900000,0.000000,175.900000,0.000000,175.900000,0.000000,175.900000,0.000000,175.900000,0.000000,175.900000,0.000000,175.900000,0.000000,175.900000,0.000000,175.900000,0.000000,175.900000,0.000000,175.900000,0.000000,175.900000,0.000000,
176.100000,0.000000,176.100000,0.000000,176.100000,0.000000,176.100000,0.000000,176.100000,0.000000,176.100000,0.000000,176.100000,0.000000,176.100000,0.000000,176.100000,0.000000,176.100000,0.000000,176.100000,0.000000,176.100000,0.000000,176.100000,0.000000,176.100000,0.000000,176.100000,0.000000,176.100000,0.000000,176.100000,0.000000,176.100000,0.000000,176.100000,0.000000,176.100000,0.000000,176.100000,0.000000,176.100000,0.000000,176.100000,0.000000,
176.300000,0.000000,176.300000,0.000000,176.300000,0.000000,176.300000,0.000000,176.300000,0.000000,176.300000,0.000000,176.300000,0.000000,176.300000,0.000000,176.300000,0.000000,176.300000,0.000000,176.300000,0.000000,176.300000,0.000000,176.300000,0.000000,176.300000,0.000000,176.300000,0.000000,176.300000,0.000000,176.300000,0.000000,176.300000,0.000000,176.300000,0.000000,176.300000,0.000000,176.300000,0.000000,176.300000,0.000000,176.300000,0.000000,
176.500000,0.000000,176.500000,0.000000,176.500000,0.000000,176.500000,0.000000,176.500000,0.000000,176.500000,0.000000,176.500000,0.000000,176.500000,0.000000,176.500000,0.000000,176.500000,0.000000,176.500000,0.000000,176.500000,0.000000,176.500000,0.000000,176.500000,0.000000,176.500000,0.000000,176.500000,0.000000,176.500000,0.000000,176.500000,0.000000,176.500000,0.000000,176.500000,0.000000,176.500000,0.000000,176.500000,0.000000,176.500000,0.000000,
176.700000,0.000000,176.700000,0.000000,176.700000,0.000000,176.700000,0.000000,176.700000,0.000000,176.700000,0.000000,176.700000,0.000000,176.700000,0.000000,176.700000,0.000000,176.700000,0.000000,176.700000,0.000000,176.700000,0.000000,176.700000,0.000000,176.700000,0.000000,176.700000,0.000000,176.700000,0.000000,176.700000,0.000000,176.700000,0.000000,176.700000,0.000000,176.700000,0.000000,176.700000,0.000000,176.700000,0.000000,176.700000,0.000000,
176.900000,0.000000,176.900000,0.000000,176.900000,0.000000,176.900000,0.000000,176.900000,0.000000,176.900000,0.000000,176.900000,0.000000,176.900000,0.000000,176.900000,0.000000,176.900000,0.000000,176.900000,0.000000,176.900000,0.000000,176.900000,0.000000,176.900000,0.000000,176.900000,0.000000,176.900000,0.000000,176.900000,0.000000,176.900000,0.000000,176.900000,0.000000,176.900000,0.000000,176.900000,0.000000,176.900000,0.000000,176.900000,0.000000,
177.100000,0.000000,177.100000,0.000000,177.100000,0.000000,177.100000,0.000000,177.100000,0.000000,177.100000,0.000000,177.100000,0.000000,177.100000,0.000000,177.100000,0.000000,177.100000,0.000000,177.100000,0.000000,177.100000,0.000000,177.100000,0.000000,177.100000,0.000000,177.100000,0.000000,177.100000,0.000000,177.100000,0.000000,177.100000,0.000000,177.100000,0.000000,177.100000,0.000000,177.100000,0.000000,177.100000,0.000000,177.100000,0.000000,
177.300000,0.000000,177.300000,0.000000,177.300000,0.000000,177.300000,0.000000,177.300000,0.000000,177.300000,0.000000,177.300000,0.000000,177.300000,0.000000,177.300000,0.000000,177.300000,0.000000,177.300000,0.000000,177.300000,0.000000,177.300000,0.000000,177.300000,0.000000,177.300000,0.000000,177.300000,0.000000,177.300000,0.000000,177.300000,0.000000,177.300000,0.000000,177.300000,0.000000,177.300000,0.000000,177.300000,0.000000,177.300000,0.000000,
177.500000,0.000000,177.500000,0.000000,177.500000,0.000000,177.500000,0.000000,177.500000,0.000000,177.500000,0.000000,177.500000,0.000000,177.500000,0.000000,177.500000,0.000000,177.500000,0.000000,177.500000,0.000000,177.500000,0.000000,177.500000,0.000000,177.500000,0.000000,177.500000,0.000000,177.500000,0.000000,177.500000,0.000000,177.500000,0.000000,177.500000,0.000000,177.500000,0.000000,177.500000,0.000000,177.500000,0.000000,177.500000,0.000000,
177.700000,0.000000,177.700000,0.000000,177.700000,0.000000,177.700000,0.000000,177.700000,0.000000,177.700000,0.000000,177.700000,0.000000,177.700000,0.000000,177.700000,0.000000,177.700000,0.000000,177.700000,0.000000,177.700000,0.000000,177.700000,0.000000,177.700000,0.000000,177.700000,0.000000,177.700000,0.000000,177.700000,0.000000,177.700000,0.000000,177.700000,0.000000,177.700000,0.000000,177.700000,0.000000,177.700000,0.000000,177.700000,0.000000,
177.900000,0.000000,177.900000,0.000000,177.900000,0.000000,177.900000,0.000000,177.900000,0.000000,177.900000,0.000000,177.900000,0.000000,177.900000,0.000000,177.900000,0.000000,177.900000,0.000000,177.900000,0.000000,177.900000,0.000000,177.900000,0.000000,177.900000,0.000000,177.900000,0.000000,177.900000,0.000000,177.900000,0.000000,177.900000,0.000000,177.900000,0.000000,177.900000,0.000000,177.900000,0.000000,177.900000,0.000000,177.900000,0.000000,
178.100000,0.000000,178.100000,0.000000,178.100000,0.000000,178.100000,0.000000,178.100000,0.000000,178.100000,0.000000,178.100000,0.000000,178.100000,0.000000,178.100000,0.000000,178.100000,0.000000,178.100000,0.000000,178.100000,0.000000,178.100000,0.000000,178.100000,0.000000,178.100000,0.000000,178.100000,0.000000,178.100000,0.000000,178.100000,0.000000,178.100000,0.000000,178.100000,0.000000,178.100000,0.000000,178.100000,0.000000,178.100000,0.000000,
178.300000,0.000000,178.300000,0.000000,178.300000,0.000000,178.300000,0.000000,178.300000,0.000000,178.300000,0.000000,178.300000,0.000000,178.300000,0.000000,178.300000,0.000000,178.300000,0.000000,178.300000,0.000000,178.300000,0.000000,178.300000,0.000000,178.300000,0.000000,178.300000,0.000000,178.300000,0.000000,178.300000,0.000000,178.300000,0.000000,178.300000,0.000000,178.300000,0.000000,178.300000,0.000000,178.300000,0.000000,178.300000,0.000000,
178.500000,0.000000,178.500000,0.000000,178.500000,0.000000,178.500000,0.000000,178.500000,0.000000,178.500000,0.000000,178.500000,0.000000,178.500000,0.000000,178.500000,0.000000,178.500000,0.000000,178.500000,0.000000,178.500000,0.000000,178.500000,0.000000,178.500000,0.000000,178.500000,0.000000,178.500000,0.000000,178.500000,0.000000,178.500000,0.000000,178.500000,0.000000,178.500000,0.000000,178.500000,0.000000,178.500000,0.000000,178.500000,0.000000,
178.700000,0.000000,178.700000,0.000000,178.700000,0.000000,178.700000,0.000000,178.700000,0.000000,178.700000,0.000000,178.700000,0.000000,178.700000,0.000000,178.700000,0.000000,178.700000,0.000000,178.700000,0.000000,178.700000,0.000000,178.700000,0.000000,178.700000,0.000000,178.700000,0.000000,178.700000,0.000000,178.700000,0.000000,178.700000,0.000000,178.700000,0.000000,178.700000,0.000000,178.700000,0.000000,178.700000,0.000000,178.700000,0.000000,
178.900000,0.000000,178.900000,0.000000,178.900000,0.000000,178.900000,0.000000,178.900000,0.000000,178.900000,0.000000,178.900000,0.000000,178.900000,0.000000,178.900000,0.000000,178.900000,0.000000,178.900000,0.000000,178.900000,0.000000,178.900000,0.000000,178.900000,0.000000,178.900000,0.000000,178.900000,0.000000,178.900000,0.000000,178.900000,0.000000,178.900000,0.000000,178.900000,0.000000,178.900000,0.000000,178.900000,0.000000,178.900000,0.000000,
179.100000,0.000000,179.100000,0.000000,179.100000,0.000000,179.100000,0.000000,179.100000,0.000000,179.100000,0.000000,179.100000,0.000000,179.100000,0.000000,179.100000,0.000000,179.100000,0.000000,179.100000,0.000000,179.100000,0.000000,179.100000,0.000000,179.100000,0.000000,179.100000,0.000000,179.100000,0.000000,179.100000,0.000000,179.100000,0.000000,179.100000,0.000000,179.100000,0.000000,179.100000,0.000000,179.100000,0.000000,179.100000,0.000000,
179.300000,0.000000,179.300000,0.000000,179.300000,0.000000,179.300000,0.000000,179.300000,0.000000,179.300000,0.000000,179.300000,0.000000,179.300000,0.000000,179.300000,0.000000,179.300000,0.000000,179.300000,0.000000,179.300000,0.000000,179.300000,0.000000,179.300000,0.000000,179.300000,0.000000,179.300000,0.000000,179.300000,0.000000,179.300000,0.000000,179.300000,0.000000,179.300000,0.000000,179.300000,0.000000,179.300000,0.000000,179.300000,0.000000,
179.500000,0.000000,179.500000,0.000000,179.500000,0.000000,179.500000,0.000000,179.500000,0.000000,179.500000,0.000000,179.500000,0.000000,179.500000,0.000000,179.500000,0.000000,179.500000,0.000000,179.500000,0.000000,179.500000,0.000000,179.500000,0.000000,179.500000,0.000000,179.500000,0.000000,179.500000,0.000000,179.500000,0.000000,179.500000,0.000000,179.500000,0.000000,179.500000,0.000000,179.500000,0.000000,179.500000,0.000000,179.500000,0.000000,
179.700000,0.000000,179.700000,0.000000,179.700000,0.000000,179.700000,0.000000,179.700000,0.000000,179.700000,0.000000,179.700000,0.000000,179.700000,0.000000,179.700000,0.000000,179.700000,0.000000,179.700000,0.000000,179.700000,0.000000,179.700000,0.000000,179.700000,0.000000,179.700000,0.000000,179.700000,0.000000,179.700000,0.000000,179.700000,0.000000,179.700000,0.000000,179.700000,0.000000,179.700000,0.000000,179.700000,0.000000,179.700000,0.000000,
179.900000,0.000000,179.900000,0.000000,179.900000,0.000000,179.900000,0.000000,179.900000,0.000000,179.900000,0.000000,179.900000,0.000000,179.900000,0.000000,179.900000,0.000000,179.900000,0.000000,179.900000,0.000000,179.900000,0.000000,179.900000,0.000000,179.900000,0.000000,179.900000,0.000000,179.900000,0.000000,179.900000,0.000000,179.900000,0.000000,179.900000,0.000000,179.900000,0.000000,179.900000,0.000000,179.900000,0.000000,179.900000,0.000000,
180.100000,0.000000,180.100000,0.000000,180.100000,0.000000,180.100000,0.000000,180.100000,0.000000,180.100000,0.000000,180.100000,0.000000,180.100000,0.000000,180.100000,0.000000,180.100000,0.000000,180.100000,0.000000,180.100000,0.000000,180.100000,0.000000,180.100000,0.000000,180.100000,0.000000,180.100000,0.000000,180.100000,0.000000,180.100000,0.000000,180.100000,0.000000,180.100000,0.000000,180.100000,0.000000,180.100000,0.000000,180.100000,0.000000,
180.300000,0.000000,180.300000,0.000000,180.300000,0.000000,180.300000,0.000000,180.300000,0.000000,180.300000,0.000000,180.300000,0.000000,180.300000,0.000000,180.300000,0.000000,180.300000,0.000000,180.300000,0.000000,180.300000,0.000000,180.300000,0.000000,180.300000,0.000000,180.300000,0.000000,180.300000,0.000000,180.300000,0.000000,180.300000,0.000000,180.300000,0.000000,180.300000,0.000000,180.300000,0.000000,180.300000,0.000000,180.300000,0.000000,
180.500000,0.000000,180.500000,0.000000,180.500000,0.000000,180.500000,0.000000,180.500000,0.000000,180.500000,0.000000,180.500000,0.000000,180.500000,0.000000,180.500000,0.000000,180.500000,0.000000,180.500000,0.000000,180.500000,0.000000,180.500000,0.000000,180.500000,0.000000,180.500000,0.000000,180.500000,0.000000,180.500000,0.000000,180.500000,0.000000,180.500000,0.000000,180.500000,0.000000,180.500000,0.000000,180.500000,0.000000,180.500000,0.000000,
180.700000,0.000000,180.700000,0.000000,180.700000,0.000000,180.700000,0.000000,180.700000,0.000000,180.700000,0.000000,180.700000,0.000000,180.700000,0.000000,180.700000,0.000000,180.700000,0.000000,180.700000,0.000000,180.700000,0.000000,180.700000,0.000000,180.700000,0.000000,180.700000,0.000000,180.700000,0.000000,180.700000,0.000000,180.700000,0.000000,180.700000,0.000000,180.700000,0.000000,180.700000,0.000000,180.700000,0.000000,180.700000,0.000000,
180.900000,0.000000,180.900000,0.000000,180.900000,0.000000,180.900000,0.000000,180.900000,0.000000,180.900000,0.000000,180.900000,0.000000,180.900000,0.000000,180.900000,0.000000,180.900000,0.000000,180.900000,0.000000,180.900000,0.000000,180.900000,0.000000,180.900000,0.000000,180.900000,0.000000,180.900000,0.000000,180.900000,0.000000,180.900000,0.000000,180.900000,0.000000,180.900000,0.000000,180.900000,0.000000,180.900000,0.000000,180.900000,0.000000,
181.100000,0.000000,181.100000,0.000000,181.100000,0.000000,181.100000,0.000000,181.100000,0.000000,181.100000,0.000000,181.100000,0.000000,181.100000,0.000000,181.100000,0.000000,181.100000,0.000000,181.100000,0.000000,181.100000,0.000000,181.100000,0.000000,181.100000,0.000000,181.100000,0.000000,181.100000,0.000000,181.100000,0.000000,181.100000,0.000000,181.100000,0.000000,181.100000,0.000000,181.100000,0.000000,181.100000,0.000000,181.100000,0.000000,
181.300000,0.000000,181.300000,0.000000,181.300000,0.000000,181.300000,0.000000,181.300000,0.000000,181.300000,0.000000,181.300000,0.000000,181.300000,0.000000,181.300000,0.000000,181.300000,0.000000,181.300000,0.000000,181.300000,0.000000,181.300000,0.000000,181.300000,0.000000,181.300000,0.000000,181.300000,0.000000,181.300000,0.000000,181.300000,0.000000,181.300000,0.000000,181.300000,0.000000,181.300000,0.000000,181.300000,0.000000,181.300000,0.000000,
181.500000,0.000000,181.500000,0.000000,181.500000,0.000000,181.500000,0.000000,181.500000,0.000000,181.500000,0.000000,181.500000,0.000000,181.500000,0.000000,181.500000,0.000000,181.500000,0.000000,181.500000,0.000000,181.500000,0.000000,181.500000,0.000000,181.500000,0.000000,181.500000,0.000000,181.500000,0.000000,181.500000,0.000000,181.500000,0.000000,181.500000,0.000000,181.500000,0.000000,181.500000,0.000000,181.500000,0.000000,181.500000,0.000000,
181.700000,0.000000,181.700000,0.000000,181.700000,0.000000,181.700000,0.000000,181.700000,0.000000,181.700000,0.000000,181.700000,0.000000,181.700000,0.000000,181.700000,0.000000,181.700000,0.000000,181.700000,0.000000,181.700000,0.000000,181.700000,0.000000,181.700000,0.000000,181.700000,0.000000,181.700000,0.000000,181.700000,0.000000,181.700000,0.000000,181.700000,0.000000,181.700000,0.000000,181.700000,0.000000,181.700000,0.000000,181.700000,0.000000,
181.900000,0.000000,181.900000,0.000000,181.900000,0.000000,181.900000,0.000000,181.900000,0.000000,181.900000,0.000000,181.900000,0.000000,181.900000,0.000000,181.900000,0.000000,181.900000,0.000000,181.900000,0.000000,181.900000,0.000000,181.900000,0.000000,181.900000,0.000000,181.900000,0.000000,181.900000,0.000000,181.900000,0.000000,181.900000,0.000000,181.900000,0.000000,181.900000,0.000000,181.900000,0.000000,181.900000,0.000000,181.900000,0.000000,
182.100000,0.000000,182.100000,0.000000,182.100000,0.000000,182.100000,0.000000,182.100000,0.000000,182.100000,0.000000,182.100000,0.000000,182.100000,0.000000,182.100000,0.000000,182.100000,0.000000,182.100000,0.000000,182.100000,0.000000,182.100000,0.000000,182.100000,0.000000,182.100000,0.000000,182.100000,0.000000,182.100000,0.000000,182.100000,0.000000,182.100000,0.000000,182.100000,0.000000,182.100000,0.000000,182.100000,0.000000,182.100000,0.000000,
182.300000,0.000000,182.300000,0.000000,182.300000,0.000000,182.300000,0.000000,182.300000,0.000000,182.300000,0.000000,182.300000,0.000000,182.300000,0.000000,182.300000,0.000000,182.300000,0.000000,182.300000,0.000000,182.300000,0.000000,182.300000,0.000000,182.300000,0.000000,182.300000,0.000000,182.300000,0.000000,182.300000,0.000000,182.300000,0.000000,182.300000,0.000000,182.300000,0.000000,182.300000,0.000000,182.300000,0.000000,182.300000,0.000000,
182.500000,0.000000,182.500000,0.000000,182.500000,0.000000,182.500000,0.000000,182.500000,0.000000,182.500000,0.000000,182.500000,0.000000,182.500000,0.000000,182.500000,0.000000,182.500000,0.000000,182.500000,0.000000,182.500000,0.000000,182.500000,0.000000,182.500000,0.000000,182.500000,0.000000,182.500000,0.000000,182.500000,0.000000,182.500000,0.000000,182.500000,0.000000,182.500000,0.000000,182.500000,0.000000,182.500000,0.000000,182.500000,0.000000,
182.700000,0.000000,182.700000,0.000000,182.700000,0.000000,182.700000,0.000000,182.700000,0.000000,182.700000,0.000000,182.700000,0.000000,182.700000,0.000000,182.700000,0.000000,182.700000,0.000000,182.700000,0.000000,182.700000,0.000000,182.700000,0.000000,182.700000,0.000000,182.700000,0.000000,182.700000,0.000000,182.700000,0.000000,182.700000,0.000000,182.700000,0.000000,182.700000,0.000000,182.700000,0.000000,182.700000,0.000000,182.700000,0.000000,
182.900000,0.000000,182.900000,0.000000,182.900000,0.000000,182.900000,0.000000,182.900000,0.000000,182.900000,0.000000,182.900000,0.000000,182.900000,0.000000,182.900000,0.000000,182.900000,0.000000,182.900000,0.000000,182.900000,0.000000,182.900000,0.000000,182.900000,0.000000,182.900000,0.000000,182.900000,0.000000,182.900000,0.000000,182.900000,0.000000,182.900000,0.000000,182.900000,0.000000,182.900000,0.000000,182.900000,0.000000,182.900000,0.000000,
183.100000,0.000000,183.100000,0.000000,183.100000,0.000000,183.100000,0.000000,183.100000,0.000000,183.100000,0.000000,183.100000,0.000000,183.100000,0.000000,183.100000,0.000000,183.100000,0.000000,183.100000,0.000000,183.100000,0.000000,183.100000,0.000000,183.100000,0.000000,183.100000,0.000000,183.100000,0.000000,183.100000,0.000000,183.100000,0.000000,183.100000,0.000000,183.100000,0.000000,183.100000,0.000000,183.100000,0.000000,183.100000,0.000000,
183.300000,0.000000,183.300000,0.000000,183.300000,0.000000,183.300000,0.000000,183.300000,0.000000,183.300000,0.000000,183.300000,0.000000,183.300000,0.000000,183.300000,0.000000,183.300000,0.000000,183.300000,0.000000,183.300000,0.000000,183.300000,0.000000,183.300000,0.000000,183.300000,0.000000,183.300000,0.000000,183.300000,0.000000,183.300000,0.000000,183.300000,0.000000,183.300000,0.000000,183.300000,0.000000,183.300000,0.000000,183.300000,0.000000,
183.500000,0.000000,183.500000,0.000000,183.500000,0.000000,183.500000,0.000000,183.500000,0.000000,183.500000,0.000000,183.500000,0.000000,183.500000,0.000000,183.500000,0.000000,183.500000,0.000000,183.500000,0.000000,183.500000,0.000000,183.500000,0.000000,183.500000,0.000000,183.500000,0.000000,183.500000,0.000000,183.500000,0.000000,183.500000,0.000000,183.500000,0.000000,183.500000,0.000000,183.500000,0.000000,183.500000,0.000000,183.500000,0.000000,
183.700000,0.000000,183.700000,0.000000,183.700000,0.000000,183.700000,0.000000,183.700000,0.000000,183.700000,0.000000,183.700000,0.000000,183.700000,0.000000,183.700000,0.000000,183.700000,0.000000,183.700000,0.000000,183.700000,0.000000,183.700000,0.000000,183.700000,0.000000,183.700000,0.000000,183.700000,0.000000,183.700000,0.000000,183.700000,0.000000,183.700000,0.000000,183.700000,0.000000,183.700000,0.000000,183.700000,0.000000,183.700000,0.000000,
183.900000,0.000000,183.900000,0.000000,183.900000,0.000000,183.900000,0.000000,183.900000,0.000000,183.900000,0.000000,183.900000,0.000000,183.900000,0.000000,183.900000,0.000000,183.900000,0.000000,183.900000,0.000000,183.900000,0.000000,183.900000,0.000000,183.900000,0.000000,183.900000,0.000000,183.900000,0.000000,183.900000,0.000000,183.900000,0.000000,183.900000,0.000000,183.900000,0.000000,183.900000,0.000000,183.900000,0.000000,183.900000,0.000000,
184.100000,0.000000,184.100000,0.000000,184.100000,0.000000,184.100000,0.000000,184.100000,0.000000,184.100000,0.000000,184.100000,0.000000,184.100000,0.000000,184.100000,0.000000,184.100000,0.000000,184.100000,0.000000,184.100000,0.000000,184.100000,0.000000,184.100000,0.000000,184.100000,0.000000,184.100000,0.000000,184.100000,0.000000,184.100000,0.000000,184.100000,0.000000,184.100000,0.000000,184.100000,0.000000,184.100000,0.000000,184.100000,0.000000,
184.300000,0.000000,184.300000,0.000000,184.300000,0.000000,184.300000,0.000000,184.300000,0.000000,184.300000,0.000000,184.300000,0.000000,184.300000,0.000000,184.300000,0.000000,184.300000,0.000000,184.300000,0.000000,184.300000,0.000000,184.300000,0.000000,184.300000,0.000000,184.300000,0.000000,184.300000,0.000000,184.300000,0.000000,184.300000,0.000000,184.300000,0.000000,184.300000,0.000000,184.300000,0.000000,184.300000,0.000000,184.300000,0.000000,
184.500000,0.000000,184.500000,0.000000,184.500000,0.000000,184.500000,0.000000,184.500000,0.000000,184.500000,0.000000,184.500000,0.000000,184.500000,0.000000,184.500000,0.000000,184.500000,0.000000,184.500000,0.000000,184.500000,0.000000,184.500000,0.000000,184.500000,0.000000,184.500000,0.000000,184.500000,0.000000,184.500000,0.000000,184.500000,0.000000,184.500000,0.000000,184.500000,0.000000,184.500000,0.000000,184.500000,0.000000,184.500000,0.000000,
184.700000,0.000000,184.700000,0.000000,184.700000,0.000000,184.700000,0.000000,184.700000,0.000000,184.700000,0.000000,184.700000,0.000000,184.700000,0.000000,184.700000,0.000000,184.700000,0.000000,184.700000,0.000000,184.700000,0.000000,184.700000,0.000000,184.700000,0.000000,184.700000,0.000000,184.700000,0.000000,184.700000,0.000000,184.700000,0.000000,184.700000,0.000000,184.700000,0.000000,184.700000,0.000000,184.700000,0.000000,184.700000,0.000000,
184.900000,0.000000,184.900000,0.000000,184.900000,0.000000,184.900000,0.000000,184.900000,0.000000,184.900000,0.000000,184.900000,0.000000,184.900000,0.000000,184.900000,0.000000,184.900000,0.000000,184.900000,0.000000,184.900000,0.000000,184.900000,0.000000,184.900000,0.000000,184.900000,0.000000,184.900000,0.000000,184.900000,0.000000,184.900000,0.000000,184.900000,0.000000,184.900000,0.000000,184.900000,0.000000,184.900000,0.000000,184.900000,0.000000,
185.100000,0.000000,185.100000,0.000000,185.100000,0.000000,185.100000,0.000000,185.100000,0.000000,185.100000,0.000000,185.100000,0.000000,185.100000,0.000000,185.100000,0.000000,185.100000,0.000000,185.100000,0.000000,185.100000,0.000000,185.100000,0.000000,185.100000,0.000000,185.100000,0.000000,185.100000,0.000000,185.100000,0.000000,185.100000,0.000000,185.100000,0.000000,185.100000,0.000000,185.100000,0.000000,185.100000,0.000000,185.100000,0.000000,
185.300000,0.000000,185.300000,0.000000,185.300000,0.000000,185.300000,0.000000,185.300000,0.000000,185.300000,0.000000,185.300000,0.000000,185.300000,0.000000,185.300000,0.000000,185.300000,0.000000,185.300000,0.000000,185.300000,0.000000,185.300000,0.000000,185.300000,0.000000,185.300000,0.000000,185.300000,0.000000,185.300000,0.000000,185.300000,0.000000,185.300000,0.000000,185.300000,0.000000,185.300000,0.000000,185.300000,0.000000,185.300000,0.000000,
185.500000,0.000000,185.500000,0.000000,185.500000,0.000000,185.500000,0.000000,185.500000,0.000000,185.500000,0.000000,185.500000,0.000000,185.500000,0.000000,185.500000,0.000000,185.500000,0.000000,185.500000,0.000000,185.500000,0.000000,185.500000,0.000000,185.500000,0.000000,185.500000,0.000000,185.500000,0.000000,185.500000,0.000000,185.500000,0.000000,185.500000,0.000000,185.500000,0.000000,185.500000,0.000000,185.500000,0.000000,185.500000,0.000000,
185.700000,0.000000,185.700000,0.000000,185.700000,0.000000,185.700000,0.000000,185.700000,0.000000,185.700000,0.000000,185.700000,0.000000,185.700000,0.000000,185.700000,0.000000,185.700000,0.000000,185.700000,0.000000,185.700000,0.000000,185.700000,0.000000,185.700000,0.000000,185.700000,0.000000,185.700000,0.000000,185.700000,0.000000,185.700000,0.000000,185.700000,0.000000,185.700000,0.000000,185.700000,0.000000,185.700000,0.000000,185.700000,0.000000,
185.900000,0.000000,185.900000,0.000000,185.900000,0.000000,185.900000,0.000000,185.900000,0.000000,185.900000,0.000000,185.900000,0.000000,185.900000,0.000000,185.900000,0.000000,185.900000,0.000000,185.900000,0.000000,185.900000,0.000000,185.900000,0.000000,185.900000,0.000000,185.900000,0.000000,185.900000,0.000000,185.900000,0.000000,185.900000,0.000000,185.900000,0.000000,185.900000,0.000000,185.900000,0.000000,185.900000,0.000000,185.900000,0.000000,
186.100000,0.000000,186.100000,0.000000,186.100000,0.000000,186.100000,0.000000,186.100000,0.000000,186.100000,0.000000,186.100000,0.000000,186.100000,0.000000,186.100000,0.000000,186.100000,0.000000,186.100000,0.000000,186.100000,0.000000,186.100000,0.000000,186.100000,0.000000,186.100000,0.000000,186.100000,0.000000,186.100000,0.000000,186.100000,0.000000,186.100000,0.000000,186.100000,0.000000,186.100000,0.000000,186.100000,0.000000,186.100000,0.000000,
186.300000,0.000000,186.300000,0.000000,186.300000,0.000000,186.300000,0.000000,186.300000,0.000000,186.300000,0.000000,186.300000,0.000000,186.300000,0.000000,186.300000,0.000000,186.300000,0.000000,186.300000,0.000000,186.300000,0.000000,186.300000,0.000000,186.300000,0.000000,186.300000,0.000000,186.300000,0.000000,186.300000,0.000000,186.300000,0.000000,186.300000,0.000000,186.300000,0.000000,186.300000,0.000000,186.300000,0.000000,186.300000,0.000000,
186.500000,0.000000,186.500000,0.000000,186.500000,0.000000,186.500000,0.000000,186.500000,0.000000,186.500000,0.000000,186.500000,0.000000,186.500000,0.000000,186.500000,0.000000,186.500000,0.000000,186.500000,0.000000,186.500000,0.000000,186.500000,0.000000,186.500000,0.000000,186.500000,0.000000,186.500000,0.000000,186.500000,0.000000,186.500000,0.000000,186.500000,0.000000,186.500000,0.000000,186.500000,0.000000,186.500000,0.000000,186.500000,0.000000,
186.700000,0.000000,186.700000,0.000000,186.700000,0.000000,186.700000,0.000000,186.700000,0.000000,186.700000,0.000000,186.700000,0.000000,186.700000,0.000000,186.700000,0.000000,186.700000,0.000000,186.700000,0.000000,186.700000,0.000000,186.700000,0.000000,186.700000,0.000000,186.700000,0.000000,186.700000,0.000000,186.700000,0.000000,186.700000,0.000000,186.700000,0.000000,186.700000,0.000000,186.700000,0.000000,186.700000,0.000000,186.700000,0.000000,
186.900000,0.000000,186.900000,0.000000,186.900000,0.000000,186.900000,0.000000,186.900000,0.000000,186.900000,0.000000,186.900000,0.000000,186.900000,0.000000,186.900000,0.000000,186.900000,0.000000,186.900000,0.000000,186.900000,0.000000,186.900000,0.000000,186.900000,0.000000,186.900000,0.000000,186.900000,0.000000,186.900000,0.000000,186.900000,0.000000,186.900000,0.000000,186.900000,0.000000,186.900000,0.000000,186.900000,0.000000,186.900000,0.000000,
187.100000,0.000000,187.100000,0.000000,187.100000,0.000000,187.100000,0.000000,187.100000,0.000000,187.100000,0.000000,187.100000,0.000000,187.100000,0.000000,187.100000,0.000000,187.100000,0.000000,187.100000,0.000000,187.100000,0.000000,187.100000,0.000000,187.100000,0.000000,187.100000,0.000000,187.100000,0.000000,187.100000,0.000000,187.100000,0.000000,187.100000,0.000000,187.100000,0.000000,187.100000,0.000000,187.100000,0.000000,187.100000,0.000000,
187.300000,0.000000,187.300000,0.000000,187.300000,0.000000,187.300000,0.000000,187.300000,0.000000,187.300000,0.000000,187.300000,0.000000,187.300000,0.000000,187.300000,0.000000,187.300000,0.000000,187.300000,0.000000,187.300000,0.000000,187.300000,0.000000,187.300000,0.000000,187.300000,0.000000,187.300000,0.000000,187.300000,0.000000,187.300000,0.000000,187.300000,0.000000,187.300000,0.000000,187.300000,0.000000,187.300000,0.000000,187.300000,0.000000,
187.500000,0.000000,187.500000,0.000000,187.500000,0.000000,187.500000,0.000000,187.500000,0.000000,187.500000,0.000000,187.500000,0.000000,187.500000,0.000000,187.500000,0.000000,187.500000,0.000000,187.500000,0.000000,187.500000,0.000000,187.500000,0.000000,187.500000,0.000000,187.500000,0.000000,187.500000,0.000000,187.500000,0.000000,187.500000,0.000000,187.500000,0.000000,187.500000,0.000000,187.500000,0.000000,187.500000,0.000000,187.500000,0.000000,
187.700000,0.000000,187.700000,0.000000,187.700000,0.000000,187.700000,0.000000,187.700000,0.000000,187.700000,0.000000,187.700000,0.000000,187.700000,0.000000,187.700000,0.000000,187.700000,0.000000,187.700000,0.000000,187.700000,0.000000,187.700000,0.000000,187.700000,0.000000,187.700000,0.000000,187.700000,0.000000,187.700000,0.000000,187.700000,0.000000,187.700000,0.000000,187.700000,0.000000,187.700000,0.000000,187.700000,0.000000,187.700000,0.000000,
187.900000,0.000000,187.900000,0.000000,187.900000,0.000000,187.900000,0.000000,187.900000,0.000000,187.900000,0.000000,187.900000,0.000000,187.900000,0.000000,187.900000,0.000000,187.900000,0.000000,187.900000,0.000000,187.900000,0.000000,187.900000,0.000000,187.900000,0.000000,187.900000,0.000000,187.900000,0.000000,187.900000,0.000000,187.900000,0.000000,187.900000,0.000000,187.900000,0.000000,187.900000,0.000000,187.900000,0.000000,187.900000,0.000000,
188.100000,0.000000,188.100000,0.000000,188.100000,0.000000,188.100000,0.000000,188.100000,0.000000,188.100000,0.000000,188.100000,0.000000,188.100000,0.000000,188.100000,0.000000,188.100000,0.000000,188.100000,0.000000,188.100000,0.000000,188.100000,0.000000,188.100000,0.000000,188.100000,0.000000,188.100000,0.000000,188.100000,0.000000,188.100000,0.000000,188.100000,0.000000,188.100000,0.000000,188.100000,0.000000,188.100000,0.000000,188.100000,0.000000,
188.300000,0.000000,188.300000,0.000000,188.300000,0.000000,188.300000,0.000000,188.300000,0.000000,188.300000,0.000000,188.300000,0.000000,188.300000,0.000000,188.300000,0.000000,188.300000,0.000000,188.300000,0.000000,188.300000,0.000000,188.300000,0.000000,188.300000,0.000000,188.300000,0.000000,188.300000,0.000000,188.300000,0.000000,188.300000,0.000000,188.300000,0.000000,188.300000,0.000000,188.300000,0.000000,188.300000,0.000000,188.300000,0.000000,
188.500000,0.000000,188.500000,0.000000,188.500000,0.000000,188.500000,0.000000,188.500000,0.000000,188.500000,0.000000,188.500000,0.000000,188.500000,0.000000,188.500000,0.000000,188.500000,0.000000,188.500000,0.000000,188.500000,0.000000,188.500000,0.000000,188.500000,0.000000,188.500000,0.000000,188.500000,0.000000,188.500000,0.000000,188.500000,0.000000,188.500000,0.000000,188.500000,0.000000,188.500000,0.000000,188.500000,0.000000,188.500000,0.000000,
188.700000,0.000000,188.700000,0.000000,188.700000,0.000000,188.700000,0.000000,188.700000,0.000000,188.700000,0.000000,188.700000,0.000000,188.700000,0.000000,188.700000,0.000000,188.700000,0.000000,188.700000,0.000000,188.700000,0.000000,188.700000,0.000000,188.700000,0.000000,188.700000,0.000000,188.700000,0.000000,188.700000,0.000000,188.700000,0.000000,188.700000,0.000000,188.700000,0.000000,188.700000,0.000000,188.700000,0.000000,188.700000,0.000000,
188.900000,0.000000,188.900000,0.000000,188.900000,0.000000,188.900000,0.000000,188.900000,0.000000,188.900000,0.000000,188.900000,0.000000,188.900000,0.000000,188.900000,0.000000,188.900000,0.000000,188.900000,0.000000,188.900000,0.000000,188.900000,0.000000,188.900000,0.000000,188.900000,0.000000,188.900000,0.000000,188.900000,0.000000,188.900000,0.000000,188.900000,0.000000,188.900000,0.000000,188.900000,0.000000,188.900000,0.000000,188.900000,0.000000,
189.100000,0.000000,189.100000,0.000000,189.100000,0.000000,189.100000,0.000000,189.100000,0.000000,189.100000,0.000000,189.100000,0.000000,189.100000,0.000000,189.100000,0.000000,189.100000,0.000000,189.100000,0.000000,189.100000,0.000000,189.100000,0.000000,189.100000,0.000000,189.100000,0.000000,189.100000,0.000000,189.100000,0.000000,189.100000,0.000000,189.100000,0.000000,189.100000,0.000000,189.100000,0.000000,189.100000,0.000000,189.100000,0.000000,
189.300000,0.000000,189.300000,0.000000,189.300000,0.000000,189.300000,0.000000,189.300000,0.000000,189.300000,0.000000,189.300000,0.000000,189.300000,0.000000,189.300000,0.000000,189.300000,0.000000,189.300000,0.000000,189.300000,0.000000,189.300000,0.000000,189.300000,0.000000,189.300000,0.000000,189.300000,0.000000,189.300000,0.000000,189.300000,0.000000,189.300000,0.000000,189.300000,0.000000,189.300000,0.000000,189.300000,0.000000,189.300000,0.000000,
189.500000,0.000000,189.500000,0.000000,189.500000,0.000000,189.500000,0.000000,189.500000,0.000000,189.500000,0.000000,189.500000,0.000000,189.500000,0.000000,189.500000,0.000000,189.500000,0.000000,189.500000,0.000000,189.500000,0.000000,189.500000,0.000000,189.500000,0.000000,189.500000,0.000000,189.500000,0.000000,189.500000,0.000000,189.500000,0.000000,189.500000,0.000000,189.500000,0.000000,189.500000,0.000000,189.500000,0.000000,189.500000,0.000000,
189.700000,0.000000,189.700000,0.000000,189.700000,0.000000,189.700000,0.000000,189.700000,0.000000,189.700000,0.000000,189.700000,0.000000,189.700000,0.000000,189.700000,0.000000,189.700000,0.000000,189.700000,0.000000,189.700000,0.000000,189.700000,0.000000,189.700000,0.000000,189.700000,0.000000,189.700000,0.000000,189.700000,0.000000,189.700000,0.000000,189.700000,0.000000,189.700000,0.000000,189.700000,0.000000,189.700000,0.000000,189.700000,0.000000,
189.900000,0.000000,189.900000,0.000000,189.900000,0.000000,189.900000,0.000000,189.900000,0.000000,189.900000,0.000000,189.900000,0.000000,189.900000,0.000000,189.900000,0.000000,189.900000,0.000000,189.900000,0.000000,189.900000,0.000000,189.900000,0.000000,189.900000,0.000000,189.900000,0.000000,189.900000,0.000000,189.900000,0.000000,189.900000,0.000000,189.900000,0.000000,189.900000,0.000000,189.900000,0.000000,189.900000,0.000000,189.900000,0.000000,
190.100000,0.000000,190.100000,0.000000,190.100000,0.000000,190.100000,0.000000,190.100000,0.000000,190.100000,0.000000,190.100000,0.000000,190.100000,0.000000,190.100000,0.000000,190.100000,0.000000,190.100000,0.000000,190.100000,0.000000,190.100000,0.000000,190.100000,0.000000,190.100000,0.000000,190.100000,0.000000,190.100000,0.000000,190.100000,0.000000,190.100000,0.000000,190.100000,0.000000,190.100000,0.000000,190.100000,0.000000,190.100000,0.000000,
190.300000,0.000000,190.300000,0.000000,190.300000,0.000000,190.300000,0.000000,190.300000,0.000000,190.300000,0.000000,190.300000,0.000000,190.300000,0.000000,190.300000,0.000000,190.300000,0.000000,190.300000,0.000000,190.300000,0.000000,190.300000,0.000000,190.300000,0.000000,190.300000,0.000000,190.300000,0.000000,190.300000,0.000000,190.300000,0.000000,190.300000,0.000000,190.300000,0.000000,190.300000,0.000000,190.300000,0.000000,190.300000,0.000000,
190.500000,0.000000,190.500000,0.000000,190.500000,0.000000,190.500000,0.000000,190.500000,0.000000,190.500000,0.000000,190.500000,0.000000,190.500000,0.000000,190.500000,0.000000,190.500000,0.000000,190.500000,0.000000,190.500000,0.000000,190.500000,0.000000,190.500000,0.000000,190.500000,0.000000,190.500000,0.000000,190.500000,0.000000,190.500000,0.000000,190.500000,0.000000,190.500000,0.000000,190.500000,0.000000,190.500000,0.000000,190.500000,0.000000,
190.700000,0.000000,190.700000,0.000000,190.700000,0.000000,190.700000,0.000000,190.700000,0.000000,190.700000,0.000000,190.700000,0.000000,190.700000,0.000000,190.700000,0.000000,190.700000,0.000000,190.700000,0.000000,190.700000,0.000000,190.700000,0.000000,190.700000,0.000000,190.700000,0.000000,190.700000,0.000000,190.700000,0.000000,190.700000,0.000000,190.700000,0.000000,190.700000,0.000000,190.700000,0.000000,190.700000,0.000000,190.700000,0.000000,
190.900000,0.000000,190.900000,0.000000,190.900000,0.000000,190.900000,0.000000,190.900000,0.000000,190.900000,0.000000,190.900000,0.000000,190.900000,0.000000,190.900000,0.000000,190.900000,0.000000,190.900000,0.000000,190.900000,0.000000,190.900000,0.000000,190.900000,0.000000,190.900000,0.000000,190.900000,0.000000,190.900000,0.000000,190.900000,0.000000,190.900000,0.000000,190.900000,0.000000,190.900000,0.000000,190.900000,0.000000,190.900000,0.000000,
191.100000,0.000000,191.100000,0.000000,191.100000,0.000000,191.100000,0.000000,191.100000,0.000000,191.100000,0.000000,191.100000,0.000000,191.100000,0.000000,191.100000,0.000000,191.100000,0.000000,191.100000,0.000000,191.100000,0.000000,191.100000,0.000000,191.100000,0.000000,191.100000,0.000000,191.100000,0.000000,191.100000,0.000000,191.100000,0.000000,191.100000,0.000000,191.100000,0.000000,191.100000,0.000000,191.100000,0.000000,191.100000,0.000000,
191.300000,0.000000,191.300000,0.000000,191.300000,0.000000,191.300000,0.000000,191.300000,0.000000,191.300000,0.000000,191.300000,0.000000,191.300000,0.000000,191.300000,0.000000,191.300000,0.000000,191.300000,0.000000,191.300000,0.000000,191.300000,0.000000,191.300000,0.000000,191.300000,0.000000,191.300000,0.000000,191.300000,0.000000,191.300000,0.000000,191.300000,0.000000,191.300000,0.000000,191.300000,0.000000,191.300000,0.000000,191.300000,0.000000,
191.500000,0.000000,191.500000,0.000000,191.500000,0.000000,191.500000,0.000000,191.500000,0.000000,191.500000,0.000000,191.500000,0.000000,191.500000,0.000000,191.500000,0.000000,191.500000,0.000000,191.500000,0.000000,191.500000,0.000000,191.500000,0.000000,191.500000,0.000000,191.500000,0.000000,191.500000,0.000000,191.500000,0.000000,191.500000,0.000000,191.500000,0.000000,191.500000,0.000000,191.500000,0.000000,191.500000,0.000000,191.500000,0.000000,
191.700000,0.000000,191.700000,0.000000,191.700000,0.000000,191.700000,0.000000,191.700000,0.000000,191.700000,0.000000,191.700000,0.000000,191.700000,0.000000,191.700000,0.000000,191.700000,0.000000,191.700000,0.000000,191.700000,0.000000,191.700000,0.000000,191.700000,0.000000,191.700000,0.000000,191.700000,0.000000,191.700000,0.000000,191.700000,0.000000,191.700000,0.000000,191.700000,0.000000,191.700000,0.000000,191.700000,0.000000,191.700000,0.000000,
191.900000,0.000000,191.900000,0.000000,191.900000,0.000000,191.900000,0.000000,191.900000,0.000000,191.900000,0.000000,191.900000,0.000000,191.900000,0.000000,191.900000,0.000000,191.900000,0.000000,191.900000,0.000000,191.900000,0.000000,191.900000,0.000000,191.900000,0.000000,191.900000,0.000000,191.900000,0.000000,191.900000,0.000000,191.900000,0.000000,191.900000,0.000000,191.900000,0.000000,191.900000,0.000000,191.900000,0.000000,191.900000,0.000000,
192.100000,0.000000,192.100000,0.000000,192.100000,0.000000,192.100000,0.000000,192.100000,0.000000,192.100000,0.000000,192.100000,0.000000,192.100000,0.000000,192.100000,0.000000,192.100000,0.000000,192.100000,0.000000,192.100000,0.000000,192.100000,0.000000,192.100000,0.000000,192.100000,0.000000,192.100000,0.000000,192.100000,0.000000,192.100000,0.000000,192.100000,0.000000,192.100000,0.000000,192.100000,0.000000,192.100000,0.000000,192.100000,0.000000,
192.300000,0.000000,192.300000,0.000000,192.300000,0.000000,192.300000,0.000000,192.300000,0.000000,192.300000,0.000000,192.300000,0.000000,192.300000,0.000000,192.300000,0.000000,192.300000,0.000000,192.300000,0.000000,192.300000,0.000000,192.300000,0.000000,192.300000,0.000000,192.300000,0.000000,192.300000,0.000000,192.300000,0.000000,192.300000,0.000000,192.300000,0.000000,192.300000,0.000000,192.300000,0.000000,192.300000,0.000000,192.300000,0.000000,
192.500000,0.000000,192.500000,0.000000,192.500000,0.000000,192.500000,0.000000,192.500000,0.000000,192.500000,0.000000,192.500000,0.000000,192.500000,0.000000,192.500000,0.000000,192.500000,0.000000,192.500000,0.000000,192.500000,0.000000,192.500000,0.000000,192.500000,0.000000,192.500000,0.000000,192.500000,0.000000,192.500000,0.000000,192.500000,0.000000,192.500000,0.000000,192.500000,0.000000,192.500000,0.000000,192.500000,0.000000,192.500000,0.000000,
192.700000,0.000000,192.700000,0.000000,192.700000,0.000000,192.700000,0.000000,192.700000,0.000000,192.700000,0.000000,192.700000,0.000000,192.700000,0.000000,192.700000,0.000000,192.700000,0.000000,192.700000,0.000000,192.700000,0.000000,192.700000,0.000000,192.700000,0.000000,192.700000,0.000000,192.700000,0.000000,192.700000,0.000000,192.700000,0.000000,192.700000,0.000000,192.700000,0.000000,192.700000,0.000000,192.700000,0.000000,192.700000,0.000000,
192.900000,0.000000,192.900000,0.000000,192.900000,0.000000,192.900000,0.000000,192.900000,0.000000,192.900000,0.000000,192.900000,0.000000,192.900000,0.000000,192.900000,0.000000,192.900000,0.000000,192.900000,0.000000,192.900000,0.000000,192.900000,0.000000,192.900000,0.000000,192.900000,0.000000,192.900000,0.000000,192.900000,0.000000,192.900000,0.000000,192.900000,0.000000,192.900000,0.000000,192.900000,0.000000,192.900000,0.000000,192.900000,0.000000,
193.100000,0.000000,193.100000,0.000000,193.100000,0.000000,193.100000,0.000000,193.100000,0.000000,193.100000,0.000000,193.100000,0.000000,193.100000,0.000000,193.100000,0.000000,193.100000,0.000000,193.100000,0.000000,193.100000,0.000000,193.100000,0.000000,193.100000,0.000000,193.100000,0.000000,193.100000,0.000000,193.100000,0.000000,193.100000,0.000000,193.100000,0.000000,193.100000,0.000000,193.100000,0.000000,193.100000,0.000000,193.100000,0.000000,
193.300000,0.000000,193.300000,0.000000,193.300000,0.000000,193.300000,0.000000,193.300000,0.000000,193.300000,0.000000,193.300000,0.000000,193.300000,0.000000,193.300000,0.000000,193.300000,0.000000,193.300000,0.000000,193.300000,0.000000,193.300000,0.000000,193.300000,0.000000,193.300000,0.000000,193.300000,0.000000,193.300000,0.000000,193.300000,0.000000,193.300000,0.000000,193.300000,0.000000,193.300000,0.000000,193.300000,0.000000,193.300000,0.000000,
193.500000,0.000000,193.500000,0.000000,193.500000,0.000000,193.500000,0.000000,193.500000,0.000000,193.500000,0.000000,193.500000,0.000000,193.500000,0.000000,193.500000,0.000000,193.500000,0.000000,193.500000,0.000000,193.500000,0.000000,193.500000,0.000000,193.500000,0.000000,193.500000,0.000000,193.500000,0.000000,193.500000,0.000000,193.500000,0.000000,193.500000,0.000000,193.500000,0.000000,193.500000,0.000000,193.500000,0.000000,193.500000,0.000000,
193.700000,0.000000,193.700000,0.000000,193.700000,0.000000,193.700000,0.000000,193.700000,0.000000,193.700000,0.000000,193.700000,0.000000,193.700000,0.000000,193.700000,0.000000,193.700000,0.000000,193.700000,0.000000,193.700000,0.000000,193.700000,0.000000,193.700000,0.000000,193.700000,0.000000,193.700000,0.000000,193.700000,0.000000,193.700000,0.000000,193.700000,0.000000,193.700000,0.000000,193.700000,0.000000,193.700000,0.000000,193.700000,0.000000,
193.900000,0.000000,193.900000,0.000000,193.900000,0.000000,193.900000,0.000000,193.900000,0.000000,193.900000,0.000000,193.900000,0.000000,193.900000,0.000000,193.900000,0.000000,193.900000,0.000000,193.900000,0.000000,193.900000,0.000000,193.900000,0.000000,193.900000,0.000000,193.900000,0.000000,193.900000,0.000000,193.900000,0.000000,193.900000,0.000000,193.900000,0.000000,193.900000,0.000000,193.900000,0.000000,193.900000,0.000000,193.900000,0.000000,
194.100000,0.000000,194.100000,0.000000,194.100000,0.000000,194.100000,0.000000,194.100000,0.000000,194.100000,0.000000,194.100000,0.000000,194.100000,0.000000,194.100000,0.000000,194.100000,0.000000,194.100000,0.000000,194.100000,0.000000,194.100000,0.000000,194.100000,0.000000,194.100000,0.000000,194.100000,0.000000,194.100000,0.000000,194.100000,0.000000,194.100000,0.000000,194.100000,0.000000,194.100000,0.000000,194.100000,0.000000,194.100000,0.000000,
194.300000,0.000000,194.300000,0.000000,194.300000,0.000000,194.300000,0.000000,194.300000,0.000000,194.300000,0.000000,194.300000,0.000000,194.300000,0.000000,194.300000,0.000000,194.300000,0.000000,194.300000,0.000000,194.300000,0.000000,194.300000,0.000000,194.300000,0.000000,194.300000,0.000000,194.300000,0.000000,194.300000,0.000000,194.300000,0.000000,194.300000,0.000000,194.300000,0.000000,194.300000,0.000000,194.300000,0.000000,194.300000,0.000000,
194.500000,0.000000,194.500000,0.000000,194.500000,0.000000,194.500000,0.000000,194.500000,0.000000,194.500000,0.000000,194.500000,0.000000,194.500000,0.000000,194.500000,0.000000,194.500000,0.000000,194.500000,0.000000,194.500000,0.000000,194.500000,0.000000,194.500000,0.000000,194.500000,0.000000,194.500000,0.000000,194.500000,0.000000,194.500000,0.000000,194.500000,0.000000,194.500000,0.000000,194.500000,0.000000,194.500000,0.000000,194.500000,0.000000,
194.700000,0.000000,194.700000,0.000000,194.700000,0.000000,194.700000,0.000000,194.700000,0.000000,194.700000,0.000000,194.700000,0.000000,194.700000,0.000000,194.700000,0.000000,194.700000,0.000000,194.700000,0.000000,194.700000,0.000000,194.700000,0.000000,194.700000,0.000000,194.700000,0.000000,194.700000,0.000000,194.700000,0.000000,194.700000,0.000000,194.700000,0.000000,194.700000,0.000000,194.700000,0.000000,194.700000,0.000000,194.700000,0.000000,
194.900000,0.000000,194.900000,0.000000,194.900000,0.000000,194.900000,0.000000,194.900000,0.000000,194.900000,0.000000,194.900000,0.000000,194.900000,0.000000,194.900000,0.000000,194.900000,0.000000,194.900000,0.000000,194.900000,0.000000,194.900000,0.000000,194.900000,0.000000,194.900000,0.000000,194.900000,0.000000,194.900000,0.000000,194.900000,0.000000,194.900000,0.000000,194.900000,0.000000,194.900000,0.000000,194.900000,0.000000,194.900000,0.000000,
195.100000,0.000000,195.100000,0.000000,195.100000,0.000000,195.100000,0.000000,195.100000,0.000000,195.100000,0.000000,195.100000,0.000000,195.100000,0.000000,195.100000,0.000000,195.100000,0.000000,195.100000,0.000000,195.100000,0.000000,195.100000,0.000000,195.100000,0.000000,195.100000,0.000000,195.100000,0.000000,195.100000,0.000000,195.100000,0.000000,195.100000,0.000000,195.100000,0.000000,195.100000,0.000000,195.100000,0.000000,195.100000,0.000000,
195.300000,0.000000,195.300000,0.000000,195.300000,0.000000,195.300000,0.000000,195.300000,0.000000,195.300000,0.000000,195.300000,0.000000,195.300000,0.000000,195.300000,0.000000,195.300000,0.000000,195.300000,0.000000,195.300000,0.000000,195.300000,0.000000,195.300000,0.000000,195.300000,0.000000,195.300000,0.000000,195.300000,0.000000,195.300000,0.000000,195.300000,0.000000,195.300000,0.000000,195.300000,0.000000,195.300000,0.000000,195.300000,0.000000,
195.500000,0.000000,195.500000,0.000000,195.500000,0.000000,195.500000,0.000000,195.500000,0.000000,195.500000,0.000000,195.500000,0.000000,195.500000,0.000000,195.500000,0.000000,195.500000,0.000000,195.500000,0.000000,195.500000,0.000000,195.500000,0.000000,195.500000,0.000000,195.500000,0.000000,195.500000,0.000000,195.500000,0.000000,195.500000,0.000000,195.500000,0.000000,195.500000,0.000000,195.500000,0.000000,195.500000,0.000000,195.500000,0.000000,
195.700000,0.000000,195.700000,0.000000,195.700000,0.000000,195.700000,0.000000,195.700000,0.000000,195.700000,0.000000,195.700000,0.000000,195.700000,0.000000,195.700000,0.000000,195.700000,0.000000,195.700000,0.000000,195.700000,0.000000,195.700000,0.000000,195.700000,0.000000,195.700000,0.000000,195.700000,0.000000,195.700000,0.000000,195.700000,0.000000,195.700000,0.000000,195.700000,0.000000,195.700000,0.000000,195.700000,0.000000,195.700000,0.000000,
195.900000,0.000000,195.900000,0.000000,195.900000,0.000000,195.900000,0.000000,195.900000,0.000000,195.900000,0.000000,195.900000,0.000000,195.900000,0.000000,195.900000,0.000000,195.900000,0.000000,195.900000,0.000000,195.900000,0.000000,195.900000,0.000000,195.900000,0.000000,195.900000,0.000000,195.900000,0.000000,195.900000,0.000000,195.900000,0.000000,195.900000,0.000000,195.900000,0.000000,195.900000,0.000000,195.900000,0.000000,195.900000,0.000000,
196.100000,0.000000,196.100000,0.000000,196.100000,0.000000,196.100000,0.000000,196.100000,0.000000,196.100000,0.000000,196.100000,0.000000,196.100000,0.000000,196.100000,0.000000,196.100000,0.000000,196.100000,0.000000,196.100000,0.000000,196.100000,0.000000,196.100000,0.000000,196.100000,0.000000,196.100000,0.000000,196.100000,0.000000,196.100000,0.000000,196.100000,0.000000,196.100000,0.000000,196.100000,0.000000,196.100000,0.000000,196.100000,0.000000,
196.300000,0.000000,196.300000,0.000000,196.300000,0.000000,196.300000,0.000000,196.300000,0.000000,196.300000,0.000000,196.300000,0.000000,196.300000,0.000000,196.300000,0.000000,196.300000,0.000000,196.300000,0.000000,196.300000,0.000000,196.300000,0.000000,196.300000,0.000000,196.300000,0.000000,196.300000,0.000000,196.300000,0.000000,196.300000,0.000000,196.300000,0.000000,196.300000,0.000000,196.300000,0.000000,196.300000,0.000000,196.300000,0.000000,
196.500000,0.000000,196.500000,0.000000,196.500000,0.000000,196.500000,0.000000,196.500000,0.000000,196.500000,0.000000,196.500000,0.000000,196.500000,0.000000,196.500000,0.000000,196.500000,0.000000,196.500000,0.000000,196.500000,0.000000,196.500000,0.000000,196.500000,0.000000,196.500000,0.000000,196.500000,0.000000,196.500000,0.000000,196.500000,0.000000,196.500000,0.000000,196.500000,0.000000,196.500000,0.000000,196.500000,0.000000,196.500000,0.000000,
196.700000,0.000000,196.700000,0.000000,196.700000,0.000000,196.700000,0.000000,196.700000,0.000000,196.700000,0.000000,196.700000,0.000000,196.700000,0.000000,196.700000,0.000000,196.700000,0.000000,196.700000,0.000000,196.700000,0.000000,196.700000,0.000000,196.700000,0.000000,196.700000,0.000000,196.700000,0.000000,196.700000,0.000000,196.700000,0.000000,196.700000,0.000000,196.700000,0.000000,196.700000,0.000000,196.700000,0.000000,196.700000,0.000000,
196.900000,0.000000,196.900000,0.000000,196.900000,0.000000,196.900000,0.000000,196.900000,0.000000,196.900000,0.000000,196.900000,0.000000,196.900000,0.000000,196.900000,0.000000,196.900000,0.000000,196.900000,0.000000,196.900000,0.000000,196.900000,0.000000,196.900000,0.000000,196.900000,0.000000,196.900000,0.000000,196.900000,0.000000,196.900000,0.000000,196.900000,0.000000,196.900000,0.000000,196.900000,0.000000,196.900000,0.000000,196.900000,0.000000,
197.100000,0.000000,197.100000,0.000000,197.100000,0.000000,197.100000,0.000000,197.100000,0.000000,197.100000,0.000000,197.100000,0.000000,197.100000,0.000000,197.100000,0.000000,197.100000,0.000000,197.100000,0.000000,197.100000,0.000000,197.100000,0.000000,197.100000,0.000000,197.100000,0.000000,197.100000,0.000000,197.100000,0.000000,197.100000,0.000000,197.100000,0.000000,197.100000,0.000000,197.100000,0.000000,197.100000,0.000000,197.100000,0.000000,
197.300000,0.000000,197.300000,0.000000,197.300000,0.000000,197.300000,0.000000,197.300000,0.000000,197.300000,0.000000,197.300000,0.000000,197.300000,0.000000,197.300000,0.000000,197.300000,0.000000,197.300000,0.000000,197.300000,0.000000,197.300000,0.000000,197.300000,0.000000,197.300000,0.000000,197.300000,0.000000,197.300000,0.000000,197.300000,0.000000,197.300000,0.000000,197.300000,0.000000,197.300000,0.000000,197.300000,0.000000,197.300000,0.000000,
197.500000,0.000000,197.500000,0.000000,197.500000,0.000000,197.500000,0.000000,197.500000,0.000000,197.500000,0.000000,197.500000,0.000000,197.500000,0.000000,197.500000,0.000000,197.500000,0.000000,197.500000,0.000000,197.500000,0.000000,197.500000,0.000000,197.500000,0.000000,197.500000,0.000000,197.500000,0.000000,197.500000,0.000000,197.500000,0.000000,197.500000,0.000000,197.500000,0.000000,197.500000,0.000000,197.500000,0.000000,197.500000,0.000000,
197.700000,0.000000,197.700000,0.000000,197.700000,0.000000,197.700000,0.000000,197.700000,0.000000,197.700000,0.000000,197.700000,0.000000,197.700000,0.000000,197.700000,0.000000,197.700000,0.000000,197.700000,0.000000,197.700000,0.000000,197.700000,0.000000,197.700000,0.000000,197.700000,0.000000,197.700000,0.000000,197.700000,0.000000,197.700000,0.000000,197.700000,0.000000,197.700000,0.000000,197.700000,0.000000,197.700000,0.000000,197.700000,0.000000,
197.900000,0.000000,197.900000,0.000000,197.900000,0.000000,197.900000,0.000000,197.900000,0.000000,197.900000,0.000000,197.900000,0.000000,197.900000,0.000000,197.900000,0.000000,197.900000,0.000000,197.900000,0.000000,197.900000,0.000000,197.900000,0.000000,197.900000,0.000000,197.900000,0.000000,197.900000,0.000000,197.900000,0.000000,197.900000,0.000000,197.900000,0.000000,197.900000,0.000000,197.900000,0.000000,197.900000,0.000000,197.900000,0.000000,
198.100000,0.000000,198.100000,0.000000,198.100000,0.000000,198.100000,0.000000,198.100000,0.000000,198.100000,0.000000,198.100000,0.000000,198.100000,0.000000,198.100000,0.000000,198.100000,0.000000,198.100000,0.000000,198.100000,0.000000,198.100000,0.000000,198.100000,0.000000,198.100000,0.000000,198.100000,0.000000,198.100000,0.000000,198.100000,0.000000,198.100000,0.000000,198.100000,0.000000,198.100000,0.000000,198.100000,0.000000,198.100000,0.000000,
198.300000,0.000000,198.300000,0.000000,198.300000,0.000000,198.300000,0.000000,198.300000,0.000000,198.300000,0.000000,198.300000,0.000000,198.300000,0.000000,198.300000,0.000000,198.300000,0.000000,198.300000,0.000000,198.300000,0.000000,198.300000,0.000000,198.300000,0.000000,198.300000,0.000000,198.300000,0.000000,198.300000,0.000000,198.300000,0.000000,198.300000,0.000000,198.300000,0.000000,198.300000,0.000000,198.300000,0.000000,198.300000,0.000000,
198.500000,0.000000,198.500000,0.000000,198.500000,0.000000,198.500000,0.000000,198.500000,0.000000,198.500000,0.000000,198.500000,0.000000,198.500000,0.000000,198.500000,0.000000,198.500000,0.000000,198.500000,0.000000,198.500000,0.000000,198.500000,0.000000,198.500000,0.000000,198.500000,0.000000,198.500000,0.000000,198.500000,0.000000,198.500000,0.000000,198.500000,0.000000,198.500000,0.000000,198.500000,0.000000,198.500000,0.000000,198.500000,0.000000,
198.700000,0.000000,198.700000,0.000000,198.700000,0.000000,198.700000,0.000000,198.700000,0.000000,198.700000,0.000000,198.700000,0.000000,198.700000,0.000000,198.700000,0.000000,198.700000,0.000000,198.700000,0.000000,198.700000,0.000000,198.700000,0.000000,198.700000,0.000000,198.700000,0.000000,198.700000,0.000000,198.700000,0.000000,198.700000,0.000000,198.700000,0.000000,198.700000,0.000000,198.700000,0.000000,198.700000,0.000000,198.700000,0.000000,
198.900000,0.000000,198.900000,0.000000,198.900000,0.000000,198.900000,0.000000,198.900000,0.000000,198.900000,0.000000,198.900000,0.000000,198.900000,0.000000,198.900000,0.000000,198.900000,0.000000,198.900000,0.000000,198.900000,0.000000,198.900000,0.000000,198.900000,0.000000,198.900000,0.000000,198.900000,0.000000,198.900000,0.000000,198.900000,0.000000,198.900000,0.000000,198.900000,0.000000,198.900000,0.000000,198.900000,0.000000,198.900000,0.000000,
199.100000,0.000000,199.100000,0.000000,199.100000,0.000000,199.100000,0.000000,199.100000,0.000000,199.100000,0.000000,199.100000,0.000000,199.100000,0.000000,199.100000,0.000000,199.100000,0.000000,199.100000,0.000000,199.100000,0.000000,199.100000,0.000000,199.100000,0.000000,199.100000,0.000000,199.100000,0.000000,199.100000,0.000000,199.100000,0.000000,199.100000,0.000000,199.100000,0.000000,199.100000,0.000000,199.100000,0.000000,199.100000,0.000000,
199.300000,0.000000,199.300000,0.000000,199.300000,0.000000,199.300000,0.000000,199.300000,0.000000,199.300000,0.000000,199.300000,0.000000,199.300000,0.000000,199.300000,0.000000,199.300000,0.000000,199.300000,0.000000,199.300000,0.000000,199.300000,0.000000,199.300000,0.000000,199.300000,0.000000,199.300000,0.000000,199.300000,0.000000,199.300000,0.000000,199.300000,0.000000,199.300000,0.000000,199.300000,0.000000,199.300000,0.000000,199.300000,0.000000,
199.500000,0.000000,199.500000,0.000000,199.500000,0.000000,199.500000,0.000000,199.500000,0.000000,199.500000,0.000000,199.500000,0.000000,199.500000,0.000000,199.500000,0.000000,199.500000,0.000000,199.500000,0.000000,199.500000,0.000000,199.500000,0.000000,199.500000,0.000000,199.500000,0.000000,199.500000,0.000000,199.500000,0.000000,199.500000,0.000000,199.500000,0.000000,199.500000,0.000000,199.500000,0.000000,199.500000,0.000000,199.500000,0.000000,
199.700000,0.000000,199.700000,0.000000,199.700000,0.000000,199.700000,0.000000,199.700000,0.000000,199.700000,0.000000,199.700000,0.000000,199.700000,0.000000,199.700000,0.000000,199.700000,0.000000,199.700000,0.000000,199.700000,0.000000,199.700000,0.000000,199.700000,0.000000,199.700000,0.000000,199.700000,0.000000,199.700000,0.000000,199.700000,0.000000,199.700000,0.000000,199.700000,0.000000,199.700000,0.000000,199.700000,0.000000,199.700000,0.000000,
199.900000,0.000000,199.900000,0.000000,199.900000,0.000000,199.900000,0.000000,199.900000,0.000000,199.900000,0.000000,199.900000,0.000000,199.900000,0.000000,199.900000,0.000000,199.900000,0.000000,199.900000,0.000000,199.900000,0.000000,199.900000,0.000000,199.900000,0.000000,199.900000,0.000000,199.900000,0.000000,199.900000,0.000000,199.900000,0.000000,199.900000,0.000000,199.900000,0.000000,199.900000,0.000000,199.900000,0.000000,199.900000,0.000000,
200.100000,0.000000,200.100000,0.000000,200.100000,0.000000,200.100000,0.000000,200.100000,0.000000,200.100000,0.000000,200.100000,0.000000,200.100000,0.000000,200.100000,0.000000,200.100000,0.000000,200.100000,0.000000,200.100000,0.000000,200.100000,0.000000,200.100000,0.000000,200.100000,0.000000,200.100000,0.000000,200.100000,0.000000,200.100000,0.000000,200.100000,0.000000,200.100000,0.000000,200.100000,0.000000,200.100000,0.000000,200.100000,0.000000,
200.300000,0.000000,200.300000,0.000000,200.300000,0.000000,200.300000,0.000000,200.300000,0.000000,200.300000,0.000000,200.300000,0.000000,200.300000,0.000000,200.300000,0.000000,200.300000,0.000000,200.300000,0.000000,200.300000,0.000000,200.300000,0.000000,200.300000,0.000000,200.300000,0.000000,200.300000,0.000000,200.300000,0.000000,200.300000,0.000000,200.300000,0.000000,200.300000,0.000000,200.300000,0.000000,200.300000,0.000000,200.300000,0.000000,
200.500000,0.000000,200.500000,0.000000,200.500000,0.000000,200.500000,0.000000,200.500000,0.000000,200.500000,0.000000,200.500000,0.000000,200.500000,0.000000,200.500000,0.000000,200.500000,0.000000,200.500000,0.000000,200.500000,0.000000,200.500000,0.000000,200.500000,0.000000,200.500000,0.000000,200.500000,0.000000,200.500000,0.000000,200.500000,0.000000,200.500000,0.000000,200.500000,0.000000,200.500000,0.000000,200.500000,0.000000,200.500000,0.000000,
200.700000,0.000000,200.700000,0.000000,200.700000,0.000000,200.700000,0.000000,200.700000,0.000000,200.700000,0.000000,200.700000,0.000000,200.700000,0.000000,200.700000,0.000000,200.700000,0.000000,200.700000,0.000000,200.700000,0.000000,200.700000,0.000000,200.700000,0.000000,200.700000,0.000000,200.700000,0.000000,200.700000,0.000000,200.700000,0.000000,200.700000,0.000000,200.700000,0.000000,200.700000,0.000000,200.700000,0.000000,200.700000,0.000000,
200.900000,0.000000,200.900000,0.000000,200.900000,0.000000,200.900000,0.000000,200.900000,0.000000,200.900000,0.000000,200.900000,0.000000,200.900000,0.000000,200.900000,0.000000,200.900000,0.000000,200.900000,0.000000,200.900000,0.000000,200.900000,0.000000,200.900000,0.000000,200.900000,0.000000,200.900000,0.000000,200.900000,0.000000,200.900000,0.000000,200.900000,0.000000,200.900000,0.000000,200.900000,0.000000,200.900000,0.000000,200.900000,0.000000,
201.100000,0.000000,201.100000,0.000000,201.100000,0.000000,201.100000,0.000000,201.100000,0.000000,201.100000,0.000000,201.100000,0.000000,201.100000,0.000000,201.100000,0.000000,201.100000,0.000000,201.100000,0.000000,201.100000,0.000000,201.100000,0.000000,201.100000,0.000000,201.100000,0.000000,201.100000,0.000000,201.100000,0.000000,201.100000,0.000000,201.100000,0.000000,201.100000,0.000000,201.100000,0.000000,201.100000,0.000000,201.100000,0.000000,
201.300000,0.000000,201.300000,0.000000,201.300000,0.000000,201.300000,0.000000,201.300000,0.000000,201.300000,0.000000,201.300000,0.000000,201.300000,0.000000,201.300000,0.000000,201.300000,0.000000,201.300000,0.000000,201.300000,0.000000,201.300000,0.000000,201.300000,0.000000,201.300000,0.000000,201.300000,0.000000,201.300000,0.000000,201.300000,0.000000,201.300000,0.000000,201.300000,0.000000,201.300000,0.000000,201.300000,0.000000,201.300000,0.000000,
201.500000,0.000000,201.500000,0.000000,201.500000,0.000000,201.500000,0.000000,201.500000,0.000000,201.500000,0.000000,201.500000,0.000000,201.500000,0.000000,201.500000,0.000000,201.500000,0.000000,201.500000,0.000000,201.500000,0.000000,201.500000,0.000000,201.500000,0.000000,201.500000,0.000000,201.500000,0.000000,201.500000,0.000000,201.500000,0.000000,201.500000,0.000000,201.500000,0.000000,201.500000,0.000000,201.500000,0.000000,201.500000,0.000000,
201.700000,0.000000,201.700000,0.000000,201.700000,0.000000,201.700000,0.000000,201.700000,0.000000,201.700000,0.000000,201.700000,0.000000,201.700000,0.000000,201.700000,0.000000,201.700000,0.000000,201.700000,0.000000,201.700000,0.000000,201.700000,0.000000,201.700000,0.000000,201.700000,0.000000,201.700000,0.000000,201.700000,0.000000,201.700000,0.000000,201.700000,0.000000,201.700000,0.000000,201.700000,0.000000,201.700000,0.000000,201.700000,0.000000,
201.900000,0.000000,201.900000,0.000000,201.900000,0.000000,201.900000,0.000000,201.900000,0.000000,201.900000,0.000000,201.900000,0.000000,201.900000,0.000000,201.900000,0.000000,201.900000,0.000000,201.900000,0.000000,201.900000,0.000000,201.900000,0.000000,201.900000,0.000000,201.900000,0.000000,201.900000,0.000000,201.900000,0.000000,201.900000,0.000000,201.900000,0.000000,201.900000,0.000000,201.900000,0.000000,201.900000,0.000000,201.900000,0.000000,
202.100000,0.000000,202.100000,0.000000,202.100000,0.000000,202.100000,0.000000,202.100000,0.000000,202.100000,0.000000,202.100000,0.000000,202.100000,0.000000,202.100000,0.000000,202.100000,0.000000,202.100000,0.000000,202.100000,0.000000,202.100000,0.000000,202.100000,0.000000,202.100000,0.000000,202.100000,0.000000,202.100000,0.000000,202.100000,0.000000,202.100000,0.000000,202.100000,0.000000,202.100000,0.000000,202.100000,0.000000,202.100000,0.000000,
202.300000,0.000000,202.300000,0.000000,202.300000,0.000000,202.300000,0.000000,202.300000,0.000000,202.300000,0.000000,202.300000,0.000000,202.300000,0.000000,202.300000,0.000000,202.300000,0.000000,202.300000,0.000000,202.300000,0.000000,202.300000,0.000000,202.300000,0.000000,202.300000,0.000000,202.300000,0.000000,202.300000,0.000000,202.300000,0.000000,202.300000,0.000000,202.300000,0.000000,202.300000,0.000000,202.300000,0.000000,202.300000,0.000000,
202.500000,0.000000,202.500000,0.000000,202.500000,0.000000,202.500000,0.000000,202.500000,0.000000,202.500000,0.000000,202.500000,0.000000,202.500000,0.000000,202.500000,0.000000,202.500000,0.000000,202.500000,0.000000,202.500000,0.000000,202.500000,0.000000,202.500000,0.000000,202.500000,0.000000,202.500000,0.000000,202.500000,0.000000,202.500000,0.000000,202.500000,0.000000,202.500000,0.000000,202.500000,0.000000,202.500000,0.000000,202.500000,0.000000,
202.700000,0.000000,202.700000,0.000000,202.700000,0.000000,202.700000,0.000000,202.700000,0.000000,202.700000,0.000000,202.700000,0.000000,202.700000,0.000000,202.700000,0.000000,202.700000,0.000000,202.700000,0.000000,202.700000,0.000000,202.700000,0.000000,202.700000,0.000000,202.700000,0.000000,202.700000,0.000000,202.700000,0.000000,202.700000,0.000000,202.700000,0.000000,202.700000,0.000000,202.700000,0.000000,202.700000,0.000000,202.700000,0.000000,
202.900000,0.000000,202.900000,0.000000,202.900000,0.000000,202.900000,0.000000,202.900000,0.000000,202.900000,0.000000,202.900000,0.000000,202.900000,0.000000,202.900000,0.000000,202.900000,0.000000,202.900000,0.000000,202.900000,0.000000,202.900000,0.000000,202.900000,0.000000,202.900000,0.000000,202.900000,0.000000,202.900000,0.000000,202.900000,0.000000,202.900000,0.000000,202.900000,0.000000,202.900000,0.000000,202.900000,0.000000,202.900000,0.000000,
203.100000,0.000000,203.100000,0.000000,203.100000,0.000000,203.100000,0.000000,203.100000,0.000000,203.100000,0.000000,203.100000,0.000000,203.100000,0.000000,203.100000,0.000000,203.100000,0.000000,203.100000,0.000000,203.100000,0.000000,203.100000,0.000000,203.100000,0.000000,203.100000,0.000000,203.100000,0.000000,203.100000,0.000000,203.100000,0.000000,203.100000,0.000000,203.100000,0.000000,203.100000,0.000000,203.100000,0.000000,203.100000,0.000000,
203.300000,0.000000,203.300000,0.000000,203.300000,0.000000,203.300000,0.000000,203.300000,0.000000,203.300000,0.000000,203.300000,0.000000,203.300000,0.000000,203.300000,0.000000,203.300000,0.000000,203.300000,0.000000,203.300000,0.000000,203.300000,0.000000,203.300000,0.000000,203.300000,0.000000,203.300000,0.000000,203.300000,0.000000,203.300000,0.000000,203.300000,0.000000,203.300000,0.000000,203.300000,0.000000,203.300000,0.000000,203.300000,0.000000,
203.500000,0.000000,203.500000,0.000000,203.500000,0.000000,203.500000,0.000000,203.500000,0.000000,203.500000,0.000000,203.500000,0.000000,203.500000,0.000000,203.500000,0.000000,203.500000,0.000000,203.500000,0.000000,203.500000,0.000000,203.500000,0.000000,203.500000,0.000000,203.500000,0.000000,203.500000,0.000000,203.500000,0.000000,203.500000,0.000000,203.500000,0.000000,203.500000,0.000000,203.500000,0.000000,203.500000,0.000000,203.500000,0.000000,
203.700000,0.000000,203.700000,0.000000,203.700000,0.000000,203.700000,0.000000,203.700000,0.000000,203.700000,0.000000,203.700000,0.000000,203.700000,0.000000,203.700000,0.000000,203.700000,0.000000,203.700000,0.000000,203.700000,0.000000,203.700000,0.000000,203.700000,0.000000,203.700000,0.000000,203.700000,0.000000,203.700000,0.000000,203.700000,0.000000,203.700000,0.000000,203.700000,0.000000,203.700000,0.000000,203.700000,0.000000,203.700000,0.000000,
203.900000,0.000000,203.900000,0.000000,203.900000,0.000000,203.900000,0.000000,203.900000,0.000000,203.900000,0.000000,203.900000,0.000000,203.900000,0.000000,203.900000,0.000000,203.900000,0.000000,203.900000,0.000000,203.900000,0.000000,203.900000,0.000000,203.900000,0.000000,203.900000,0.000000,203.900000,0.000000,203.900000,0.000000,203.900000,0.000000,203.900000,0.000000,203.900000,0.000000,203.900000,0.000000,203.900000,0.000000,203.900000,0.000000,
204.100000,0.000000,204.100000,0.000000,204.100000,0.000000,204.100000,0.000000,204.100000,0.000000,204.100000,0.000000,204.100000,0.000000,204.100000,0.000000,204.100000,0.000000,204.100000,0.000000,204.100000,0.000000,204.100000,0.000000,204.100000,0.000000,204.100000,0.000000,204.100000,0.000000,204.100000,0.000000,204.100000,0.000000,204.100000,0.000000,204.100000,0.000000,204.100000,0.000000,204.100000,0.000000,204.100000,0.000000,204.100000,0.000000,
204.300000,0.000000,204.300000,0.000000,204.300000,0.000000,204.300000,0.000000,204.300000,0.000000,204.300000,0.000000,204.300000,0.000000,204.300000,0.000000,204.300000,0.000000,204.300000,0.000000,204.300000,0.000000,204.300000,0.000000,204.300000,0.000000,204.300000,0.000000,204.300000,0.000000,204.300000,0.000000,204.300000,0.000000,204.300000,0.000000,204.300000,0.000000,204.300000,0.000000,204.300000,0.000000,204.300000,0.000000,204.300000,0.000000,
204.500000,0.000000,204.500000,0.000000,204.500000,0.000000,204.500000,0.000000,204.500000,0.000000,204.500000,0.000000,204.500000,0.000000,204.500000,0.000000,204.500000,0.000000,204.500000,0.000000,204.500000,0.000000,204.500000,0.000000,204.500000,0.000000,204.500000,0.000000,204.500000,0.000000,204.500000,0.000000,204.500000,0.000000,204.500000,0.000000,204.500000,0.000000,204.500000,0.000000,204.500000,0.000000,204.500000,0.000000,204.500000,0.000000,
204.700000,0.000000,204.700000,0.000000,204.700000,0.000000,204.700000,0.000000,204.700000,0.000000,204.700000,0.000000,204.700000,0.000000,204.700000,0.000000,204.700000,0.000000,204.700000,0.000000,204.700000,0.000000,204.700000,0.000000,204.700000,0.000000,204.700000,0.000000,204.700000,0.000000,204.700000,0.000000,204.700000,0.000000,204.700000,0.000000,204.700000,0.000000,204.700000,0.000000,204.700000,0.000000,204.700000,0.000000,204.700000,0.000000,
204.900000,0.000000,204.900000,0.000000,204.900000,0.000000,204.900000,0.000000,204.900000,0.000000,204.900000,0.000000,204.900000,0.000000,204.900000,0.000000,204.900000,0.000000,204.900000,0.000000,204.900000,0.000000,204.900000,0.000000,204.900000,0.000000,204.900000,0.000000,204.900000,0.000000,204.900000,0.000000,204.900000,0.000000,204.900000,0.000000,204.900000,0.000000,204.900000,0.000000,204.900000,0.000000,204.900000,0.000000,204.900000,0.000000,
205.100000,0.000000,205.100000,0.000000,205.100000,0.000000,205.100000,0.000000,205.100000,0.000000,205.100000,0.000000,205.100000,0.000000,205.100000,0.000000,205.100000,0.000000,205.100000,0.000000,205.100000,0.000000,205.100000,0.000000,205.100000,0.000000,205.100000,0.000000,205.100000,0.000000,205.100000,0.000000,205.100000,0.000000,205.100000,0.000000,205.100000,0.000000,205.100000,0.000000,205.100000,0.000000,205.100000,0.000000,205.100000,0.000000,
205.300000,0.000000,205.300000,0.000000,205.300000,0.000000,205.300000,0.000000,205.300000,0.000000,205.300000,0.000000,205.300000,0.000000,205.300000,0.000000,205.300000,0.000000,205.300000,0.000000,205.300000,0.000000,205.300000,0.000000,205.300000,0.000000,205.300000,0.000000,205.300000,0.000000,205.300000,0.000000,205.300000,0.000000,205.300000,0.000000,205.300000,0.000000,205.300000,0.000000,205.300000,0.000000,205.300000,0.000000,205.300000,0.000000,
205.500000,0.000000,205.500000,0.000000,205.500000,0.000000,205.500000,0.000000,205.500000,0.000000,205.500000,0.000000,205.500000,0.000000,205.500000,0.000000,205.500000,0.000000,205.500000,0.000000,205.500000,0.000000,205.500000,0.000000,205.500000,0.000000,205.500000,0.000000,205.500000,0.000000,205.500000,0.000000,205.500000,0.000000,205.500000,0.000000,205.500000,0.000000,205.500000,0.000000,205.500000,0.000000,205.500000,0.000000,205.500000,0.000000,
205.700000,0.000000,205.700000,0.000000,205.700000,0.000000,205.700000,0.000000,205.700000,0.000000,205.700000,0.000000,205.700000,0.000000,205.700000,0.000000,205.700000,0.000000,205.700000,0.000000,205.700000,0.000000,205.700000,0.000000,205.700000,0.000000,205.700000,0.000000,205.700000,0.000000,205.700000,0.000000,205.700000,0.000000,205.700000,0.000000,205.700000,0.000000,205.700000,0.000000,205.700000,0.000000,205.700000,0.000000,205.700000,0.000000,
205.900000,0.000000,205.900000,0.000000,205.900000,0.000000,205.900000,0.000000,205.900000,0.000000,205.900000,0.000000,205.900000,0.000000,205.900000,0.000000,205.900000,0.000000,205.900000,0.000000,205.900000,0.000000,205.900000,0.000000,205.900000,0.000000,205.900000,0.000000,205.900000,0.000000,205.900000,0.000000,205.900000,0.000000,205.900000,0.000000,205.900000,0.000000,205.900000,0.000000,205.900000,0.000000,205.900000,0.000000,205.900000,0.000000,
206.100000,0.000000,206.100000,0.000000,206.100000,0.000000,206.100000,0.000000,206.100000,0.000000,206.100000,0.000000,206.100000,0.000000,206.100000,0.000000,206.100000,0.000000,206.100000,0.000000,206.100000,0.000000,206.100000,0.000000,206.100000,0.000000,206.100000,0.000000,206.100000,0.000000,206.100000,0.000000,206.100000,0.000000,206.100000,0.000000,206.100000,0.000000,206.100000,0.000000,206.100000,0.000000,206.100000,0.000000,206.100000,0.000000,
206.300000,0.000000,206.300000,0.000000,206.300000,0.000000,206.300000,0.000000,206.300000,0.000000,206.300000,0.000000,206.300000,0.000000,206.300000,0.000000,206.300000,0.000000,206.300000,0.000000,206.300000,0.000000,206.300000,0.000000,206.300000,0.000000,206.300000,0.000000,206.300000,0.000000,206.300000,0.000000,206.300000,0.000000,206.300000,0.000000,206.300000,0.000000,206.300000,0.000000,206.300000,0.000000,206.300000,0.000000,206.300000,0.000000,
206.500000,0.000000,206.500000,0.000000,206.500000,0.000000,206.500000,0.000000,206.500000,0.000000,206.500000,0.000000,206.500000,0.000000,206.500000,0.000000,206.500000,0.000000,206.500000,0.000000,206.500000,0.000000,206.500000,0.000000,206.500000,0.000000,206.500000,0.000000,206.500000,0.000000,206.500000,0.000000,206.500000,0.000000,206.500000,0.000000,206.500000,0.000000,206.500000,0.000000,206.500000,0.000000,206.500000,0.000000,206.500000,0.000000,
206.700000,0.000000,206.700000,0.000000,206.700000,0.000000,206.700000,0.000000,206.700000,0.000000,206.700000,0.000000,206.700000,0.000000,206.700000,0.000000,206.700000,0.000000,206.700000,0.000000,206.700000,0.000000,206.700000,0.000000,206.700000,0.000000,206.700000,0.000000,206.700000,0.000000,206.700000,0.000000,206.700000,0.000000,206.700000,0.000000,206.700000,0.000000,206.700000,0.000000,206.700000,0.000000,206.700000,0.000000,206.700000,0.000000,
206.900000,0.000000,206.900000,0.000000,206.900000,0.000000,206.900000,0.000000,206.900000,0.000000,206.900000,0.000000,206.900000,0.000000,206.900000,0.000000,206.900000,0.000000,206.900000,0.000000,206.900000,0.000000,206.900000,0.000000,206.900000,0.000000,206.900000,0.000000,206.900000,0.000000,206.900000,0.000000,206.900000,0.000000,206.900000,0.000000,206.900000,0.000000,206.900000,0.000000,206.900000,0.000000,206.900000,0.000000,206.900000,0.000000,
207.100000,0.000000,207.100000,0.000000,207.100000,0.000000,207.100000,0.000000,207.100000,0.000000,207.100000,0.000000,207.100000,0.000000,207.100000,0.000000,207.100000,0.000000,207.100000,0.000000,207.100000,0.000000,207.100000,0.000000,207.100000,0.000000,207.100000,0.000000,207.100000,0.000000,207.100000,0.000000,207.100000,0.000000,207.100000,0.000000,207.100000,0.000000,207.100000,0.000000,207.100000,0.000000,207.100000,0.000000,207.100000,0.000000,
207.300000,0.000000,207.300000,0.000000,207.300000,0.000000,207.300000,0.000000,207.300000,0.000000,207.300000,0.000000,207.300000,0.000000,207.300000,0.000000,207.300000,0.000000,207.300000,0.000000,207.300000,0.000000,207.300000,0.000000,207.300000,0.000000,207.300000,0.000000,207.300000,0.000000,207.300000,0.000000,207.300000,0.000000,207.300000,0.000000,207.300000,0.000000,207.300000,0.000000,207.300000,0.000000,207.300000,0.000000,207.300000,0.000000,
207.500000,0.000000,207.500000,0.000000,207.500000,0.000000,207.500000,0.000000,207.500000,0.000000,207.500000,0.000000,207.500000,0.000000,207.500000,0.000000,207.500000,0.000000,207.500000,0.000000,207.500000,0.000000,207.500000,0.000000,207.500000,0.000000,207.500000,0.000000,207.500000,0.000000,207.500000,0.000000,207.500000,0.000000,207.500000,0.000000,207.500000,0.000000,207.500000,0.000000,207.500000,0.000000,207.500000,0.000000,207.500000,0.000000,
207.700000,0.000000,207.700000,0.000000,207.700000,0.000000,207.700000,0.000000,207.700000,0.000000,207.700000,0.000000,207.700000,0.000000,207.700000,0.000000,207.700000,0.000000,207.700000,0.000000,207.700000,0.000000,207.700000,0.000000,207.700000,0.000000,207.700000,0.000000,207.700000,0.000000,207.700000,0.000000,207.700000,0.000000,207.700000,0.000000,207.700000,0.000000,207.700000,0.000000,207.700000,0.000000,207.700000,0.000000,207.700000,0.000000,
207.900000,0.000000,207.900000,0.000000,207.900000,0.000000,207.900000,0.000000,207.900000,0.000000,207.900000,0.000000,207.900000,0.000000,207.900000,0.000000,207.900000,0.000000,207.900000,0.000000,207.900000,0.000000,207.900000,0.000000,207.900000,0.000000,207.900000,0.000000,207.900000,0.000000,207.900000,0.000000,207.900000,0.000000,207.900000,0.000000,207.900000,0.000000,207.900000,0.000000,207.900000,0.000000,207.900000,0.000000,207.900000,0.000000,
208.100000,0.000000,208.100000,0.000000,208.100000,0.000000,208.100000,0.000000,208.100000,0.000000,208.100000,0.000000,208.100000,0.000000,208.100000,0.000000,208.100000,0.000000,208.100000,0.000000,208.100000,0.000000,208.100000,0.000000,208.100000,0.000000,208.100000,0.000000,208.100000,0.000000,208.100000,0.000000,208.100000,0.000000,208.100000,0.000000,208.100000,0.000000,208.100000,0.000000,208.100000,0.000000,208.100000,0.000000,208.100000,0.000000,
208.300000,0.000000,208.300000,0.000000,208.300000,0.000000,208.300000,0.000000,208.300000,0.000000,208.300000,0.000000,208.300000,0.000000,208.300000,0.000000,208.300000,0.000000,208.300000,0.000000,208.300000,0.000000,208.300000,0.000000,208.300000,0.000000,208.300000,0.000000,208.300000,0.000000,208.300000,0.000000,208.300000,0.000000,208.300000,0.000000,208.300000,0.000000,208.300000,0.000000,208.300000,0.000000,208.300000,0.000000,208.300000,0.000000,
208.500000,0.000000,208.500000,0.000000,208.500000,0.000000,208.500000,0.000000,208.500000,0.000000,208.500000,0.000000,208.500000,0.000000,208.500000,0.000000,208.500000,0.000000,208.500000,0.000000,208.500000,0.000000,208.500000,0.000000,208.500000,0.000000,208.500000,0.000000,208.500000,0.000000,208.500000,0.000000,208.500000,0.000000,208.500000,0.000000,208.500000,0.000000,208.500000,0.000000,208.500000,0.000000,208.500000,0.000000,208.500000,0.000000,
208.700000,0.000000,208.700000,0.000000,208.700000,0.000000,208.700000,0.000000,208.700000,0.000000,208.700000,0.000000,208.700000,0.000000,208.700000,0.000000,208.700000,0.000000,208.700000,0.000000,208.700000,0.000000,208.700000,0.000000,208.700000,0.000000,208.700000,0.000000,208.700000,0.000000,208.700000,0.000000,208.700000,0.000000,208.700000,0.000000,208.700000,0.000000,208.700000,0.000000,208.700000,0.000000,208.700000,0.000000,208.700000,0.000000,
208.900000,0.000000,208.900000,0.000000,208.900000,0.000000,208.900000,0.000000,208.900000,0.000000,208.900000,0.000000,208.900000,0.000000,208.900000,0.000000,208.900000,0.000000,208.900000,0.000000,208.900000,0.000000,208.900000,0.000000,208.900000,0.000000,208.900000,0.000000,208.900000,0.000000,208.900000,0.000000,208.900000,0.000000,208.900000,0.000000,208.900000,0.000000,208.900000,0.000000,208.900000,0.000000,208.900000,0.000000,208.900000,0.000000,
209.100000,0.000000,209.100000,0.000000,209.100000,0.000000,209.100000,0.000000,209.100000,0.000000,209.100000,0.000000,209.100000,0.000000,209.100000,0.000000,209.100000,0.000000,209.100000,0.000000,209.100000,0.000000,209.100000,0.000000,209.100000,0.000000,209.100000,0.000000,209.100000,0.000000,209.100000,0.000000,209.100000,0.000000,209.100000,0.000000,209.100000,0.000000,209.100000,0.000000,209.100000,0.000000,209.100000,0.000000,209.100000,0.000000,
209.300000,0.000000,209.300000,0.000000,209.300000,0.000000,209.300000,0.000000,209.300000,0.000000,209.300000,0.000000,209.300000,0.000000,209.300000,0.000000,209.300000,0.000000,209.300000,0.000000,209.300000,0.000000,209.300000,0.000000,209.300000,0.000000,209.300000,0.000000,209.300000,0.000000,209.300000,0.000000,209.300000,0.000000,209.300000,0.000000,209.300000,0.000000,209.300000,0.000000,209.300000,0.000000,209.300000,0.000000,209.300000,0.000000,
209.500000,0.000000,209.500000,0.000000,209.500000,0.000000,209.500000,0.000000,209.500000,0.000000,209.500000,0.000000,209.500000,0.000000,209.500000,0.000000,209.500000,0.000000,209.500000,0.000000,209.500000,0.000000,209.500000,0.000000,209.500000,0.000000,209.500000,0.000000,209.500000,0.000000,209.500000,0.000000,209.500000,0.000000,209.500000,0.000000,209.500000,0.000000,209.500000,0.000000,209.500000,0.000000,209.500000,0.000000,209.500000,0.000000,
209.700000,0.000000,209.700000,0.000000,209.700000,0.000000,209.700000,0.000000,209.700000,0.000000,209.700000,0.000000,209.700000,0.000000,209.700000,0.000000,209.700000,0.000000,209.700000,0.000000,209.700000,0.000000,209.700000,0.000000,209.700000,0.000000,209.700000,0.000000,209.700000,0.000000,209.700000,0.000000,209.700000,0.000000,209.700000,0.000000,209.700000,0.000000,209.700000,0.000000,209.700000,0.000000,209.700000,0.000000,209.700000,0.000000,
209.900000,0.000000,209.900000,0.000000,209.900000,0.000000,209.900000,0.000000,209.900000,0.000000,209.900000,0.000000,209.900000,0.000000,209.900000,0.000000,209.900000,0.000000,209.900000,0.000000,209.900000,0.000000,209.900000,0.000000,209.900000,0.000000,209.900000,0.000000,209.900000,0.000000,209.900000,0.000000,209.900000,0.000000,209.900000,0.000000,209.900000,0.000000,209.900000,0.000000,209.900000,0.000000,209.900000,0.000000,209.900000,0.000000,
210.100000,0.000000,210.100000,0.000000,210.100000,0.000000,210.100000,0.000000,210.100000,0.000000,210.100000,0.000000,210.100000,0.000000,210.100000,0.000000,210.100000,0.000000,210.100000,0.000000,210.100000,0.000000,210.100000,0.000000,210.100000,0.000000,210.100000,0.000000,210.100000,0.000000,210.100000,0.000000,210.100000,0.000000,210.100000,0.000000,210.100000,0.000000,210.100000,0.000000,210.100000,0.000000,210.100000,0.000000,210.100000,0.000000,
210.300000,0.000000,210.300000,0.000000,210.300000,0.000000,210.300000,0.000000,210.300000,0.000000,210.300000,0.000000,210.300000,0.000000,210.300000,0.000000,210.300000,0.000000,210.300000,0.000000,210.300000,0.000000,210.300000,0.000000,210.300000,0.000000,210.300000,0.000000,210.300000,0.000000,210.300000,0.000000,210.300000,0.000000,210.300000,0.000000,210.300000,0.000000,210.300000,0.000000,210.300000,0.000000,210.300000,0.000000,210.300000,0.000000,
210.500000,0.000000,210.500000,0.000000,210.500000,0.000000,210.500000,0.000000,210.500000,0.000000,210.500000,0.000000,210.500000,0.000000,210.500000,0.000000,210.500000,0.000000,210.500000,0.000000,210.500000,0.000000,210.500000,0.000000,210.500000,0.000000,210.500000,0.000000,210.500000,0.000000,210.500000,0.000000,210.500000,0.000000,210.500000,0.000000,210.500000,0.000000,210.500000,0.000000,210.500000,0.000000,210.500000,0.000000,210.500000,0.000000,
210.700000,0.000000,210.700000,0.000000,210.700000,0.000000,210.700000,0.000000,210.700000,0.000000,210.700000,0.000000,210.700000,0.000000,210.700000,0.000000,210.700000,0.000000,210.700000,0.000000,210.700000,0.000000,210.700000,0.000000,210.700000,0.000000,210.700000,0.000000,210.700000,0.000000,210.700000,0.000000,210.700000,0.000000,210.700000,0.000000,210.700000,0.000000,210.700000,0.000000,210.700000,0.000000,210.700000,0.000000,210.700000,0.000000,
210.900000,0.000000,210.900000,0.000000,210.900000,0.000000,210.900000,0.000000,210.900000,0.000000,210.900000,0.000000,210.900000,0.000000,210.900000,0.000000,210.900000,0.000000,210.900000,0.000000,210.900000,0.000000,210.900000,0.000000,210.900000,0.000000,210.900000,0.000000,210.900000,0.000000,210.900000,0.000000,210.900000,0.000000,210.900000,0.000000,210.900000,0.000000,210.900000,0.000000,210.900000,0.000000,210.900000,0.000000,210.900000,0.000000,
211.100000,0.000000,211.100000,0.000000,211.100000,0.000000,211.100000,0.000000,211.100000,0.000000,211.100000,0.000000,211.100000,0.000000,211.100000,0.000000,211.100000,0.000000,211.100000,0.000000,211.100000,0.000000,211.100000,0.000000,211.100000,0.000000,211.100000,0.000000,211.100000,0.000000,211.100000,0.000000,211.100000,0.000000,211.100000,0.000000,211.100000,0.000000,211.100000,0.000000,211.100000,0.000000,211.100000,0.000000,211.100000,0.000000,
211.300000,0.000000,211.300000,0.000000,211.300000,0.000000,211.300000,0.000000,211.300000,0.000000,211.300000,0.000000,211.300000,0.000000,211.300000,0.000000,211.300000,0.000000,211.300000,0.000000,211.300000,0.000000,211.300000,0.000000,211.300000,0.000000,211.300000,0.000000,211.300000,0.000000,211.300000,0.000000,211.300000,0.000000,211.300000,0.000000,211.300000,0.000000,211.300000,0.000000,211.300000,0.000000,211.300000,0.000000,211.300000,0.000000,
211.500000,0.000000,211.500000,0.000000,211.500000,0.000000,211.500000,0.000000,211.500000,0.000000,211.500000,0.000000,211.500000,0.000000,211.500000,0.000000,211.500000,0.000000,211.500000,0.000000,211.500000,0.000000,211.500000,0.000000,211.500000,0.000000,211.500000,0.000000,211.500000,0.000000,211.500000,0.000000,211.500000,0.000000,211.500000,0.000000,211.500000,0.000000,211.500000,0.000000,211.500000,0.000000,211.500000,0.000000,211.500000,0.000000,
211.700000,0.000000,211.700000,0.000000,211.700000,0.000000,211.700000,0.000000,211.700000,0.000000,211.700000,0.000000,211.700000,0.000000,211.700000,0.000000,211.700000,0.000000,211.700000,0.000000,211.700000,0.000000,211.700000,0.000000,211.700000,0.000000,211.700000,0.000000,211.700000,0.000000,211.700000,0.000000,211.700000,0.000000,211.700000,0.000000,211.700000,0.000000,211.700000,0.000000,211.700000,0.000000,211.700000,0.000000,211.700000,0.000000,
211.900000,0.000000,211.900000,0.000000,211.900000,0.000000,211.900000,0.000000,211.900000,0.000000,211.900000,0.000000,211.900000,0.000000,211.900000,0.000000,211.900000,0.000000,211.900000,0.000000,211.900000,0.000000,211.900000,0.000000,211.900000,0.000000,211.900000,0.000000,211.900000,0.000000,211.900000,0.000000,211.900000,0.000000,211.900000,0.000000,211.900000,0.000000,211.900000,0.000000,211.900000,0.000000,211.900000,0.000000,211.900000,0.000000,
212.100000,0.000000,212.100000,0.000000,212.100000,0.000000,212.100000,0.000000,212.100000,0.000000,212.100000,0.000000,212.100000,0.000000,212.100000,0.000000,212.100000,0.000000,212.100000,0.000000,212.100000,0.000000,212.100000,0.000000,212.100000,0.000000,212.100000,0.000000,212.100000,0.000000,212.100000,0.000000,212.100000,0.000000,212.100000,0.000000,212.100000,0.000000,212.100000,0.000000,212.100000,0.000000,212.100000,0.000000,212.100000,0.000000,
212.300000,0.000000,212.300000,0.000000,212.300000,0.000000,212.300000,0.000000,212.300000,0.000000,212.300000,0.000000,212.300000,0.000000,212.300000,0.000000,212.300000,0.000000,212.300000,0.000000,212.300000,0.000000,212.300000,0.000000,212.300000,0.000000,212.300000,0.000000,212.300000,0.000000,212.300000,0.000000,212.300000,0.000000,212.300000,0.000000,212.300000,0.000000,212.300000,0.000000,212.300000,0.000000,212.300000,0.000000,212.300000,0.000000,
212.500000,0.000000,212.500000,0.000000,212.500000,0.000000,212.500000,0.000000,212.500000,0.000000,212.500000,0.000000,212.500000,0.000000,212.500000,0.000000,212.500000,0.000000,212.500000,0.000000,212.500000,0.000000,212.500000,0.000000,212.500000,0.000000,212.500000,0.000000,212.500000,0.000000,212.500000,0.000000,212.500000,0.000000,212.500000,0.000000,212.500000,0.000000,212.500000,0.000000,212.500000,0.000000,212.500000,0.000000,212.500000,0.000000,
212.700000,0.000000,212.700000,0.000000,212.700000,0.000000,212.700000,0.000000,212.700000,0.000000,212.700000,0.000000,212.700000,0.000000,212.700000,0.000000,212.700000,0.000000,212.700000,0.000000,212.700000,0.000000,212.700000,0.000000,212.700000,0.000000,212.700000,0.000000,212.700000,0.000000,212.700000,0.000000,212.700000,0.000000,212.700000,0.000000,212.700000,0.000000,212.700000,0.000000,212.700000,0.000000,212.700000,0.000000,212.700000,0.000000,
212.900000,0.000000,212.900000,0.000000,212.900000,0.000000,212.900000,0.000000,212.900000,0.000000,212.900000,0.000000,212.900000,0.000000,212.900000,0.000000,212.900000,0.000000,212.900000,0.000000,212.900000,0.000000,212.900000,0.000000,212.900000,0.000000,212.900000,0.000000,212.900000,0.000000,212.900000,0.000000,212.900000,0.000000,212.900000,0.000000,212.900000,0.000000,212.900000,0.000000,212.900000,0.000000,212.900000,0.000000,212.900000,0.000000,
213.100000,0.000000,213.100000,0.000000,213.100000,0.000000,213.100000,0.000000,213.100000,0.000000,213.100000,0.000000,213.100000,0.000000,213.100000,0.000000,213.100000,0.000000,213.100000,0.000000,213.100000,0.000000,213.100000,0.000000,213.100000,0.000000,213.100000,0.000000,213.100000,0.000000,213.100000,0.000000,213.100000,0.000000,213.100000,0.000000,213.100000,0.000000,213.100000,0.000000,213.100000,0.000000,213.100000,0.000000,213.100000,0.000000,
213.300000,0.000000,213.300000,0.000000,213.300000,0.000000,213.300000,0.000000,213.300000,0.000000,213.300000,0.000000,213.300000,0.000000,213.300000,0.000000,213.300000,0.000000,213.300000,0.000000,213.300000,0.000000,213.300000,0.000000,213.300000,0.000000,213.300000,0.000000,213.300000,0.000000,213.300000,0.000000,213.300000,0.000000,213.300000,0.000000,213.300000,0.000000,213.300000,0.000000,213.300000,0.000000,213.300000,0.000000,213.300000,0.000000,
213.500000,0.000000,213.500000,0.000000,213.500000,0.000000,213.500000,0.000000,213.500000,0.000000,213.500000,0.000000,213.500000,0.000000,213.500000,0.000000,213.500000,0.000000,213.500000,0.000000,213.500000,0.000000,213.500000,0.000000,213.500000,0.000000,213.500000,0.000000,213.500000,0.000000,213.500000,0.000000,213.500000,0.000000,213.500000,0.000000,213.500000,0.000000,213.500000,0.000000,213.500000,0.000000,213.500000,0.000000,213.500000,0.000000,
213.700000,0.000000,213.700000,0.000000,213.700000,0.000000,213.700000,0.000000,213.700000,0.000000,213.700000,0.000000,213.700000,0.000000,213.700000,0.000000,213.700000,0.000000,213.700000,0.000000,213.700000,0.000000,213.700000,0.000000,213.700000,0.000000,213.700000,0.000000,213.700000,0.000000,213.700000,0.000000,213.700000,0.000000,213.700000,0.000000,213.700000,0.000000,213.700000,0.000000,213.700000,0.000000,213.700000,0.000000,213.700000,0.000000,
213.900000,0.000000,213.900000,0.000000,213.900000,0.000000,213.900000,0.000000,213.900000,0.000000,213.900000,0.000000,213.900000,0.000000,213.900000,0.000000,213.900000,0.000000,213.900000,0.000000,213.900000,0.000000,213.900000,0.000000,213.900000,0.000000,213.900000,0.000000,213.900000,0.000000,213.900000,0.000000,213.900000,0.000000,213.900000,0.000000,213.900000,0.000000,213.900000,0.000000,213.900000,0.000000,213.900000,0.000000,213.900000,0.000000,
214.100000,0.000000,214.100000,0.000000,214.100000,0.000000,214.100000,0.000000,214.100000,0.000000,214.100000,0.000000,214.100000,0.000000,214.100000,0.000000,214.100000,0.000000,214.100000,0.000000,214.100000,0.000000,214.100000,0.000000,214.100000,0.000000,214.100000,0.000000,214.100000,0.000000,214.100000,0.000000,214.100000,0.000000,214.100000,0.000000,214.100000,0.000000,214.100000,0.000000,214.100000,0.000000,214.100000,0.000000,214.100000,0.000000,
214.300000,0.000000,214.300000,0.000000,214.300000,0.000000,214.300000,0.000000,214.300000,0.000000,214.300000,0.000000,214.300000,0.000000,214.300000,0.000000,214.300000,0.000000,214.300000,0.000000,214.300000,0.000000,214.300000,0.000000,214.300000,0.000000,214.300000,0.000000,214.300000,0.000000,214.300000,0.000000,214.300000,0.000000,214.300000,0.000000,214.300000,0.000000,214.300000,0.000000,214.300000,0.000000,214.300000,0.000000,214.300000,0.000000,
214.500000,0.000000,214.500000,0.000000,214.500000,0.000000,214.500000,0.000000,214.500000,0.000000,214.500000,0.000000,214.500000,0.000000,214.500000,0.000000,214.500000,0.000000,214.500000,0.000000,214.500000,0.000000,214.500000,0.000000,214.500000,0.000000,214.500000,0.000000,214.500000,0.000000,214.500000,0.000000,214.500000,0.000000,214.500000,0.000000,214.500000,0.000000,214.500000,0.000000,214.500000,0.000000,214.500000,0.000000,214.500000,0.000000,
214.700000,0.000000,214.700000,0.000000,214.700000,0.000000,214.700000,0.000000,214.700000,0.000000,214.700000,0.000000,214.700000,0.000000,214.700000,0.000000,214.700000,0.000000,214.700000,0.000000,214.700000,0.000000,214.700000,0.000000,214.700000,0.000000,214.700000,0.000000,214.700000,0.000000,214.700000,0.000000,214.700000,0.000000,214.700000,0.000000,214.700000,0.000000,214.700000,0.000000,214.700000,0.000000,214.700000,0.000000,214.700000,0.000000,
214.900000,0.000000,214.900000,0.000000,214.900000,0.000000,214.900000,0.000000,214.900000,0.000000,214.900000,0.000000,214.900000,0.000000,214.900000,0.000000,214.900000,0.000000,214.900000,0.000000,214.900000,0.000000,214.900000,0.000000,214.900000,0.000000,214.900000,0.000000,214.900000,0.000000,214.900000,0.000000,214.900000,0.000000,214.900000,0.000000,214.900000,0.000000,214.900000,0.000000,214.900000,0.000000,214.900000,0.000000,214.900000,0.000000,
215.100000,0.000000,215.100000,0.000000,215.100000,0.000000,215.100000,0.000000,215.100000,0.000000,215.100000,0.000000,215.100000,0.000000,215.100000,0.000000,215.100000,0.000000,215.100000,0.000000,215.100000,0.000000,215.100000,0.000000,215.100000,0.000000,215.100000,0.000000,215.100000,0.000000,215.100000,0.000000,215.100000,0.000000,215.100000,0.000000,215.100000,0.000000,215.100000,0.000000,215.100000,0.000000,215.100000,0.000000,215.100000,0.000000,
215.300000,0.000000,215.300000,0.000000,215.300000,0.000000,215.300000,0.000000,215.300000,0.000000,215.300000,0.000000,215.300000,0.000000,215.300000,0.000000,215.300000,0.000000,215.300000,0.000000,215.300000,0.000000,215.300000,0.000000,215.300000,0.000000,215.300000,0.000000,215.300000,0.000000,215.300000,0.000000,215.300000,0.000000,215.300000,0.000000,215.300000,0.000000,215.300000,0.000000,215.300000,0.000000,215.300000,0.000000,215.300000,0.000000,
215.500000,0.000000,215.500000,0.000000,215.500000,0.000000,215.500000,0.000000,215.500000,0.000000,215.500000,0.000000,215.500000,0.000000,215.500000,0.000000,215.500000,0.000000,215.500000,0.000000,215.500000,0.000000,215.500000,0.000000,215.500000,0.000000,215.500000,0.000000,215.500000,0.000000,215.500000,0.000000,215.500000,0.000000,215.500000,0.000000,215.500000,0.000000,215.500000,0.000000,215.500000,0.000000,215.500000,0.000000,215.500000,0.000000,
215.700000,0.000000,215.700000,0.000000,215.700000,0.000000,215.700000,0.000000,215.700000,0.000000,215.700000,0.000000,215.700000,0.000000,215.700000,0.000000,215.700000,0.000000,215.700000,0.000000,215.700000,0.000000,215.700000,0.000000,215.700000,0.000000,215.700000,0.000000,215.700000,0.000000,215.700000,0.000000,215.700000,0.000000,215.700000,0.000000,215.700000,0.000000,215.700000,0.000000,215.700000,0.000000,215.700000,0.000000,215.700000,0.000000,
215.900000,0.000000,215.900000,0.000000,215.900000,0.000000,215.900000,0.000000,215.900000,0.000000,215.900000,0.000000,215.900000,0.000000,215.900000,0.000000,215.900000,0.000000,215.900000,0.000000,215.900000,0.000000,215.900000,0.000000,215.900000,0.000000,215.900000,0.000000,215.900000,0.000000,215.900000,0.000000,215.900000,0.000000,215.900000,0.000000,215.900000,0.000000,215.900000,0.000000,215.900000,0.000000,215.900000,0.000000,215.900000,0.000000,
216.100000,0.000000,216.100000,0.000000,216.100000,0.000000,216.100000,0.000000,216.100000,0.000000,216.100000,0.000000,216.100000,0.000000,216.100000,0.000000,216.100000,0.000000,216.100000,0.000000,216.100000,0.000000,216.100000,0.000000,216.100000,0.000000,216.100000,0.000000,216.100000,0.000000,216.100000,0.000000,216.100000,0.000000,216.100000,0.000000,216.100000,0.000000,216.100000,0.000000,216.100000,0.000000,216.100000,0.000000,216.100000,0.000000,
216.300000,0.000000,216.300000,0.000000,216.300000,0.000000,216.300000,0.000000,216.300000,0.000000,216.300000,0.000000,216.300000,0.000000,216.300000,0.000000,216.300000,0.000000,216.300000,0.000000,216.300000,0.000000,216.300000,0.000000,216.300000,0.000000,216.300000,0.000000,216.300000,0.000000,216.300000,0.000000,216.300000,0.000000,216.300000,0.000000,216.300000,0.000000,216.300000,0.000000,216.300000,0.000000,216.300000,0.000000,216.300000,0.000000,
216.500000,0.000000,216.500000,0.000000,216.500000,0.000000,216.500000,0.000000,216.500000,0.000000,216.500000,0.000000,216.500000,0.000000,216.500000,0.000000,216.500000,0.000000,216.500000,0.000000,216.500000,0.000000,216.500000,0.000000,216.500000,0.000000,216.500000,0.000000,216.500000,0.000000,216.500000,0.000000,216.500000,0.000000,216.500000,0.000000,216.500000,0.000000,216.500000,0.000000,216.500000,0.000000,216.500000,0.000000,216.500000,0.000000,
216.700000,0.000000,216.700000,0.000000,216.700000,0.000000,216.700000,0.000000,216.700000,0.000000,216.700000,0.000000,216.700000,0.000000,216.700000,0.000000,216.700000,0.000000,216.700000,0.000000,216.700000,0.000000,216.700000,0.000000,216.700000,0.000000,216.700000,0.000000,216.700000,0.000000,216.700000,0.000000,216.700000,0.000000,216.700000,0.000000,216.700000,0.000000,216.700000,0.000000,216.700000,0.000000,216.700000,0.000000,216.700000,0.000000,
216.900000,0.000000,216.900000,0.000000,216.900000,0.000000,216.900000,0.000000,216.900000,0.000000,216.900000,0.000000,216.900000,0.000000,216.900000,0.000000,216.900000,0.000000,216.900000,0.000000,216.900000,0.000000,216.900000,0.000000,216.900000,0.000000,216.900000,0.000000,216.900000,0.000000,216.900000,0.000000,216.900000,0.000000,216.900000,0.000000,216.900000,0.000000,216.900000,0.000000,216.900000,0.000000,216.900000,0.000000,216.900000,0.000000,
217.100000,0.000000,217.100000,0.000000,217.100000,0.000000,217.100000,0.000000,217.100000,0.000000,217.100000,0.000000,217.100000,0.000000,217.100000,0.000000,217.100000,0.000000,217.100000,0.000000,217.100000,0.000000,217.100000,0.000000,217.100000,0.000000,217.100000,0.000000,217.100000,0.000000,217.100000,0.000000,217.100000,0.000000,217.100000,0.000000,217.100000,0.000000,217.100000,0.000000,217.100000,0.000000,217.100000,0.000000,217.100000,0.000000,
217.300000,0.000000,217.300000,0.000000,217.300000,0.000000,217.300000,0.000000,217.300000,0.000000,217.300000,0.000000,217.300000,0.000000,217.300000,0.000000,217.300000,0.000000,217.300000,0.000000,217.300000,0.000000,217.300000,0.000000,217.300000,0.000000,217.300000,0.000000,217.300000,0.000000,217.300000,0.000000,217.300000,0.000000,217.300000,0.000000,217.300000,0.000000,217.300000,0.000000,217.300000,0.000000,217.300000,0.000000,217.300000,0.000000,
217.500000,0.000000,217.500000,0.000000,217.500000,0.000000,217.500000,0.000000,217.500000,0.000000,217.500000,0.000000,217.500000,0.000000,217.500000,0.000000,217.500000,0.000000,217.500000,0.000000,217.500000,0.000000,217.500000,0.000000,217.500000,0.000000,217.500000,0.000000,217.500000,0.000000,217.500000,0.000000,217.500000,0.000000,217.500000,0.000000,217.500000,0.000000,217.500000,0.000000,217.500000,0.000000,217.500000,0.000000,217.500000,0.000000,
217.700000,0.000000,217.700000,0.000000,217.700000,0.000000,217.700000,0.000000,217.700000,0.000000,217.700000,0.000000,217.700000,0.000000,217.700000,0.000000,217.700000,0.000000,217.700000,0.000000,217.700000,0.000000,217.700000,0.000000,217.700000,0.000000,217.700000,0.000000,217.700000,0.000000,217.700000,0.000000,217.700000,0.000000,217.700000,0.000000,217.700000,0.000000,217.700000,0.000000,217.700000,0.000000,217.700000,0.000000,217.700000,0.000000,
217.900000,0.000000,217.900000,0.000000,217.900000,0.000000,217.900000,0.000000,217.900000,0.000000,217.900000,0.000000,217.900000,0.000000,217.900000,0.000000,217.900000,0.000000,217.900000,0.000000,217.900000,0.000000,217.900000,0.000000,217.900000,0.000000,217.900000,0.000000,217.900000,0.000000,217.900000,0.000000,217.900000,0.000000,217.900000,0.000000,217.900000,0.000000,217.900000,0.000000,217.900000,0.000000,217.900000,0.000000,217.900000,0.000000,
218.100000,0.000000,218.100000,0.000000,218.100000,0.000000,218.100000,0.000000,218.100000,0.000000,218.100000,0.000000,218.100000,0.000000,218.100000,0.000000,218.100000,0.000000,218.100000,0.000000,218.100000,0.000000,218.100000,0.000000,218.100000,0.000000,218.100000,0.000000,218.100000,0.000000,218.100000,0.000000,218.100000,0.000000,218.100000,0.000000,218.100000,0.000000,218.100000,0.000000,218.100000,0.000000,218.100000,0.000000,218.100000,0.000000,
218.300000,0.000000,218.300000,0.000000,218.300000,0.000000,218.300000,0.000000,218.300000,0.000000,218.300000,0.000000,218.300000,0.000000,218.300000,0.000000,218.300000,0.000000,218.300000,0.000000,218.300000,0.000000,218.300000,0.000000,218.300000,0.000000,218.300000,0.000000,218.300000,0.000000,218.300000,0.000000,218.300000,0.000000,218.300000,0.000000,218.300000,0.000000,218.300000,0.000000,218.300000,0.000000,218.300000,0.000000,218.300000,0.000000,
218.500000,0.000000,218.500000,0.000000,218.500000,0.000000,218.500000,0.000000,218.500000,0.000000,218.500000,0.000000,218.500000,0.000000,218.500000,0.000000,218.500000,0.000000,218.500000,0.000000,218.500000,0.000000,218.500000,0.000000,218.500000,0.000000,218.500000,0.000000,218.500000,0.000000,218.500000,0.000000,218.500000,0.000000,218.500000,0.000000,218.500000,0.000000,218.500000,0.000000,218.500000,0.000000,218.500000,0.000000,218.500000,0.000000,
218.700000,0.000000,218.700000,0.000000,218.700000,0.000000,218.700000,0.000000,218.700000,0.000000,218.700000,0.000000,218.700000,0.000000,218.700000,0.000000,218.700000,0.000000,218.700000,0.000000,218.700000,0.000000,218.700000,0.000000,218.700000,0.000000,218.700000,0.000000,218.700000,0.000000,218.700000,0.000000,218.700000,0.000000,218.700000,0.000000,218.700000,0.000000,218.700000,0.000000,218.700000,0.000000,218.700000,0.000000,218.700000,0.000000,
218.900000,0.000000,218.900000,0.000000,218.900000,0.000000,218.900000,0.000000,218.900000,0.000000,218.900000,0.000000,218.900000,0.000000,218.900000,0.000000,218.900000,0.000000,218.900000,0.000000,218.900000,0.000000,218.900000,0.000000,218.900000,0.000000,218.900000,0.000000,218.900000,0.000000,218.900000,0.000000,218.900000,0.000000,218.900000,0.000000,218.900000,0.000000,218.900000,0.000000,218.900000,0.000000,218.900000,0.000000,218.900000,0.000000,
219.100000,0.000000,219.100000,0.000000,219.100000,0.000000,219.100000,0.000000,219.100000,0.000000,219.100000,0.000000,219.100000,0.000000,219.100000,0.000000,219.100000,0.000000,219.100000,0.000000,219.100000,0.000000,219.100000,0.000000,219.100000,0.000000,219.100000,0.000000,219.100000,0.000000,219.100000,0.000000,219.100000,0.000000,219.100000,0.000000,219.100000,0.000000,219.100000,0.000000,219.100000,0.000000,219.100000,0.000000,219.100000,0.000000,
219.300000,0.000000,219.300000,0.000000,219.300000,0.000000,219.300000,0.000000,219.300000,0.000000,219.300000,0.000000,219.300000,0.000000,219.300000,0.000000,219.300000,0.000000,219.300000,0.000000,219.300000,0.000000,219.300000,0.000000,219.300000,0.000000,219.300000,0.000000,219.300000,0.000000,219.300000,0.000000,219.300000,0.000000,219.300000,0.000000,219.300000,0.000000,219.300000,0.000000,219.300000,0.000000,219.300000,0.000000,219.300000,0.000000,
219.500000,0.000000,219.500000,0.000000,219.500000,0.000000,219.500000,0.000000,219.500000,0.000000,219.500000,0.000000,219.500000,0.000000,219.500000,0.000000,219.500000,0.000000,219.500000,0.000000,219.500000,0.000000,219.500000,0.000000,219.500000,0.000000,219.500000,0.000000,219.500000,0.000000,219.500000,0.000000,219.500000,0.000000,219.500000,0.000000,219.500000,0.000000,219.500000,0.000000,219.500000,0.000000,219.500000,0.000000,219.500000,0.000000,
219.700000,0.000000,219.700000,0.000000,219.700000,0.000000,219.700000,0.000000,219.700000,0.000000,219.700000,0.000000,219.700000,0.000000,219.700000,0.000000,219.700000,0.000000,219.700000,0.000000,219.700000,0.000000,219.700000,0.000000,219.700000,0.000000,219.700000,0.000000,219.700000,0.000000,219.700000,0.000000,219.700000,0.000000,219.700000,0.000000,219.700000,0.000000,219.700000,0.000000,219.700000,0.000000,219.700000,0.000000,219.700000,0.000000,
219.900000,0.000000,219.900000,0.000000,219.900000,0.000000,219.900000,0.000000,219.900000,0.000000,219.900000,0.000000,219.900000,0.000000,219.900000,0.000000,219.900000,0.000000,219.900000,0.000000,219.900000,0.000000,219.900000,0.000000,219.900000,0.000000,219.900000,0.000000,219.900000,0.000000,219.900000,0.000000,219.900000,0.000000,219.900000,0.000000,219.900000,0.000000,219.900000,0.000000,219.900000,0.000000,219.900000,0.000000,219.900000,0.000000,
220.100000,0.000000,220.100000,0.000000,220.100000,0.000000,220.100000,0.000000,220.100000,0.000000,220.100000,0.000000,220.100000,0.000000,220.100000,0.000000,220.100000,0.000000,220.100000,0.000000,220.100000,0.000000,220.100000,0.000000,220.100000,0.000000,220.100000,0.000000,220.100000,0.000000,220.100000,0.000000,220.100000,0.000000,220.100000,0.000000,220.100000,0.000000,220.100000,0.000000,220.100000,0.000000,220.100000,0.000000,220.100000,0.000000,
220.300000,0.000000,220.300000,0.000000,220.300000,0.000000,220.300000,0.000000,220.300000,0.000000,220.300000,0.000000,220.300000,0.000000,220.300000,0.000000,220.300000,0.000000,220.300000,0.000000,220.300000,0.000000,220.300000,0.000000,220.300000,0.000000,220.300000,0.000000,220.300000,0.000000,220.300000,0.000000,220.300000,0.000000,220.300000,0.000000,220.300000,0.000000,220.300000,0.000000,220.300000,0.000000,220.300000,0.000000,220.300000,0.000000,
220.500000,0.000000,220.500000,0.000000,220.500000,0.000000,220.500000,0.000000,220.500000,0.000000,220.500000,0.000000,220.500000,0.000000,220.500000,0.000000,220.500000,0.000000,220.500000,0.000000,220.500000,0.000000,220.500000,0.000000,220.500000,0.000000,220.500000,0.000000,220.500000,0.000000,220.500000,0.000000,220.500000,0.000000,220.500000,0.000000,220.500000,0.000000,220.500000,0.000000,220.500000,0.000000,220.500000,0.000000,220.500000,0.000000,
220.700000,0.000000,220.700000,0.000000,220.700000,0.000000,220.700000,0.000000,220.700000,0.000000,220.700000,0.000000,220.700000,0.000000,220.700000,0.000000,220.700000,0.000000,220.700000,0.000000,220.700000,0.000000,220.700000,0.000000,220.700000,0.000000,220.700000,0.000000,220.700000,0.000000,220.700000,0.000000,220.700000,0.000000,220.700000,0.000000,220.700000,0.000000,220.700000,0.000000,220.700000,0.000000,220.700000,0.000000,220.700000,0.000000,
220.900000,0.000000,220.900000,0.000000,220.900000,0.000000,220.900000,0.000000,220.900000,0.000000,220.900000,0.000000,220.900000,0.000000,220.900000,0.000000,220.900000,0.000000,220.900000,0.000000,220.900000,0.000000,220.900000,0.000000,220.900000,0.000000,220.900000,0.000000,220.900000,0.000000,220.900000,0.000000,220.900000,0.000000,220.900000,0.000000,220.900000,0.000000,220.900000,0.000000,220.900000,0.000000,220.900000,0.000000,220.900000,0.000000,
221.100000,0.000000,221.100000,0.000000,221.100000,0.000000,221.100000,0.000000,221.100000,0.000000,221.100000,0.000000,221.100000,0.000000,221.100000,0.000000,221.100000,0.000000,221.100000,0.000000,221.100000,0.000000,221.100000,0.000000,221.100000,0.000000,221.100000,0.000000,221.100000,0.000000,221.100000,0.000000,221.100000,0.000000,221.100000,0.000000,221.100000,0.000000,221.100000,0.000000,221.100000,0.000000,221.100000,0.000000,221.100000,0.000000,
221.300000,0.000000,221.300000,0.000000,221.300000,0.000000,221.300000,0.000000,221.300000,0.000000,221.300000,0.000000,221.300000,0.000000,221.300000,0.000000,221.300000,0.000000,221.300000,0.000000,221.300000,0.000000,221.300000,0.000000,221.300000,0.000000,221.300000,0.000000,221.300000,0.000000,221.300000,0.000000,221.300000,0.000000,221.300000,0.000000,221.300000,0.000000,221.300000,0.000000,221.300000,0.000000,221.300000,0.000000,221.300000,0.000000,
221.500000,0.000000,221.500000,0.000000,221.500000,0.000000,221.500000,0.000000,221.500000,0.000000,221.500000,0.000000,221.500000,0.000000,221.500000,0.000000,221.500000,0.000000,221.500000,0.000000,221.500000,0.000000,221.500000,0.000000,221.500000,0.000000,221.500000,0.000000,221.500000,0.000000,221.500000,0.000000,221.500000,0.000000,221.500000,0.000000,221.500000,0.000000,221.500000,0.000000,221.500000,0.000000,221.500000,0.000000,221.500000,0.000000,
221.700000,0.000000,221.700000,0.000000,221.700000,0.000000,221.700000,0.000000,221.700000,0.000000,221.700000,0.000000,221.700000,0.000000,221.700000,0.000000,221.700000,0.000000,221.700000,0.000000,221.700000,0.000000,221.700000,0.000000,221.700000,0.000000,221.700000,0.000000,221.700000,0.000000,221.700000,0.000000,221.700000,0.000000,221.700000,0.000000,221.700000,0.000000,221.700000,0.000000,221.700000,0.000000,221.700000,0.000000,221.700000,0.000000,
221.900000,0.000000,221.900000,0.000000,221.900000,0.000000,221.900000,0.000000,221.900000,0.000000,221.900000,0.000000,221.900000,0.000000,221.900000,0.000000,221.900000,0.000000,221.900000,0.000000,221.900000,0.000000,221.900000,0.000000,221.900000,0.000000,221.900000,0.000000,221.900000,0.000000,221.900000,0.000000,221.900000,0.000000,221.900000,0.000000,221.900000,0.000000,221.900000,0.000000,221.900000,0.000000,221.900000,0.000000,221.900000,0.000000,
222.100000,0.000000,222.100000,0.000000,222.100000,0.000000,222.100000,0.000000,222.100000,0.000000,222.100000,0.000000,222.100000,0.000000,222.100000,0.000000,222.100000,0.000000,222.100000,0.000000,222.100000,0.000000,222.100000,0.000000,222.100000,0.000000,222.100000,0.000000,222.100000,0.000000,222.100000,0.000000,222.100000,0.000000,222.100000,0.000000,222.100000,0.000000,222.100000,0.000000,222.100000,0.000000,222.100000,0.000000,222.100000,0.000000,
222.300000,0.000000,222.300000,0.000000,222.300000,0.000000,222.300000,0.000000,222.300000,0.000000,222.300000,0.000000,222.300000,0.000000,222.300000,0.000000,222.300000,0.000000,222.300000,0.000000,222.300000,0.000000,222.300000,0.000000,222.300000,0.000000,222.300000,0.000000,222.300000,0.000000,222.300000,0.000000,222.300000,0.000000,222.300000,0.000000,222.300000,0.000000,222.300000,0.000000,222.300000,0.000000,222.300000,0.000000,222.300000,0.000000,
222.500000,0.000000,222.500000,0.000000,222.500000,0.000000,222.500000,0.000000,222.500000,0.000000,222.500000,0.000000,222.500000,0.000000,222.500000,0.000000,222.500000,0.000000,222.500000,0.000000,222.500000,0.000000,222.500000,0.000000,222.500000,0.000000,222.500000,0.000000,222.500000,0.000000,222.500000,0.000000,222.500000,0.000000,222.500000,0.000000,222.500000,0.000000,222.500000,0.000000,222.500000,0.000000,222.500000,0.000000,222.500000,0.000000,
222.700000,0.000000,222.700000,0.000000,222.700000,0.000000,222.700000,0.000000,222.700000,0.000000,222.700000,0.000000,222.700000,0.000000,222.700000,0.000000,222.700000,0.000000,222.700000,0.000000,222.700000,0.000000,222.700000,0.000000,222.700000,0.000000,222.700000,0.000000,222.700000,0.000000,222.700000,0.000000,222.700000,0.000000,222.700000,0.000000,222.700000,0.000000,222.700000,0.000000,222.700000,0.000000,222.700000,0.000000,222.700000,0.000000,
222.900000,0.000000,222.900000,0.000000,222.900000,0.000000,222.900000,0.000000,222.900000,0.000000,222.900000,0.000000,222.900000,0.000000,222.900000,0.000000,222.900000,0.000000,222.900000,0.000000,222.900000,0.000000,222.900000,0.000000,222.900000,0.000000,222.900000,0.000000,222.900000,0.000000,222.900000,0.000000,222.900000,0.000000,222.900000,0.000000,222.900000,0.000000,222.900000,0.000000,222.900000,0.000000,222.900000,0.000000,222.900000,0.000000,
