solid 
facet normal 0 -0.91795 -0.396695
outer loop
vertex -39.9265976 -50.56754303 154.0013733
vertex -39.92661285 -50.56754303 154.0013733
vertex -44.74994659 -49.89424896 152.4433746

endloop
endfacet
facet normal -0.3262394965 -0.1984825879 0.9242144227
outer loop
vertex -44.74994659 -49.89424896 152.4433746
vertex -39.92661285 -50.56754303 154.0013733
vertex -44.49750519 -48.09572601 152.9187317

endloop
endfacet
facet normal -0.2455222309 -0.2153503001 0.9451683164
outer loop
vertex -44.74994659 -49.89424896 152.4433746
vertex -44.49750519 -48.09572601 152.9187317
vertex -56.09757233 -47.15622711 150.1194916

endloop
endfacet
facet normal -0.2257405221 0.1000198796 0.9690393209
outer loop
vertex -56.09757233 -47.15622711 150.1194916
vertex -44.49750519 -48.09572601 152.9187317
vertex -55.99567413 -44.35230255 149.8538208

endloop
endfacet
facet normal -0.5340508223 0.09896368533 0.8396403193
outer loop
vertex -56.09757233 -47.15622711 150.1194916
vertex -55.99567413 -44.35230255 149.8538208
vertex -61.95270538 -32.57019806 144.676178

endloop
endfacet
facet normal -0.5470257401 0.08919984847 0.8323497772
outer loop
vertex -61.95270538 -32.57019806 144.676178
vertex -55.99567413 -44.35230255 149.8538208
vertex -61.99239349 -29.62560272 144.3345337

endloop
endfacet
facet normal -0.8502660394 0.04934383184 0.524034977
outer loop
vertex -61.95270538 -32.5701828 144.676178
vertex -61.99239349 -29.62561798 144.3345184
vertex -65.59420013 -21.41677094 137.7174988

endloop
endfacet
facet normal -0.8317974806 0.0780287534 0.5495675802
outer loop
vertex -65.59420013 -21.41677094 137.7174988
vertex -61.99239349 -29.62561798 144.3345184
vertex -65.32424164 -18.54445648 137.718277

endloop
endfacet
facet normal -0.860139966 0.0807050094 0.5036326647
outer loop
vertex -65.59420013 -21.41677094 137.7174988
vertex -65.32424164 -18.54445648 137.718277
vertex -69.82962799 -18.5263443 130.020752

endloop
endfacet
facet normal -0.8594596386 0.0897924155 0.5032557845
outer loop
vertex -69.82962799 -18.5263443 130.020752
vertex -65.32424164 -18.54445648 137.718277
vertex -69.35701752 -15.53273773 130.2937469

endloop
endfacet
facet normal -0.8914707303 0.1004502326 0.4418027699
outer loop
vertex -69.82962799 -18.5263443 130.020752
vertex -69.35701752 -15.53273773 130.2937469
vertex -74.2161026 -17.73273468 120.9892731

endloop
endfacet
facet normal -0.8914530873 0.1114582047 0.4391906857
outer loop
vertex -74.2161026 -17.73273468 120.9892731
vertex -69.35701752 -15.53273773 130.2937469
vertex -73.64554596 -14.58118439 121.3475647

endloop
endfacet
facet normal -0.8904049993 0.1110146269 0.4414234459
outer loop
vertex -74.2161026 -17.73273468 120.9892731
vertex -73.64554596 -14.58118439 121.3475647
vertex -78.92967224 -16.54349518 111.1823425

endloop
endfacet
facet normal -0.8797076941 0.2388239205 0.4111902118
outer loop
vertex -78.92967224 -16.54349518 111.1823425
vertex -73.64554596 -14.58118439 121.3475647
vertex -78.02801514 -13.53147125 111.3619461

endloop
endfacet
facet normal -0.8717454076 0.2353342474 0.4297415912
outer loop
vertex -78.92967224 -16.54349518 111.1823425
vertex -78.02801514 -13.53147125 111.3619461
vertex -83.31820679 -15.34075165 101.6214066

endloop
endfacet
facet normal -0.8656074405 0.2737383842 0.4192744792
outer loop
vertex -83.31820679 -15.34075165 101.6214066
vertex -78.02801514 -13.53147125 111.3619461
vertex -82.40905762 -12.49903107 101.6430588

endloop
endfacet
facet normal -0.8575659394 0.2710292935 0.4371770322
outer loop
vertex -83.31820679 -15.34075165 101.6214066
vertex -82.40905762 -12.49903107 101.6430588
vertex -88.0786972 -16.02410126 92.70687866

endloop
endfacet
facet normal -0.8590548635 0.1205197722 0.4974934161
outer loop
vertex -88.0786972 -16.02410126 92.70687866
vertex -82.40905762 -12.49903107 101.6430588
vertex -87.64961243 -12.96489716 92.70670319

endloop
endfacet
facet normal -0.8887501359 0.1246816292 0.4411095083
outer loop
vertex -88.0786972 -16.02410126 92.70687866
vertex -87.64961243 -12.96489716 92.70670319
vertex -92.34394073 -16.27921295 84.18534851

endloop
endfacet
facet normal -0.8787870407 0.01868308336 0.4768482447
outer loop
vertex -92.34394073 -16.27921295 84.18534851
vertex -87.64961243 -12.96489716 92.70670319
vertex -92.27554321 -13.06008053 84.18527222

endloop
endfacet
facet normal -0.9185365438 0.01952568069 0.3948535323
outer loop
vertex -92.34394073 -16.27921295 84.18534851
vertex -92.27554321 -13.06008053 84.18527222
vertex -95.81063843 -15.85872746 76.10007477

endloop
endfacet
facet normal -0.9154809713 -0.005898952018 0.40231812
outer loop
vertex -95.81063843 -15.85872746 76.10007477
vertex -92.27554321 -13.06008053 84.18527222
vertex -95.83052826 -12.77715302 76.09999847

endloop
endfacet
facet normal -0.8805298209 -0.005671590101 0.4739568233
outer loop
vertex -95.81063843 -15.85872746 76.10007477
vertex -95.83052826 -12.77715302 76.09999847
vertex -99.55230713 -17.69974518 69.12667084

endloop
endfacet
facet normal -0.8957935572 0.05195570737 0.4414231777
outer loop
vertex -99.55230713 -17.69974518 69.12667084
vertex -95.83052826 -12.77715302 76.09999847
vertex -99.38275909 -14.77771759 69.1268158

endloop
endfacet
facet normal -0.9816702604 0.05695150793 0.1818794608
outer loop
vertex -99.55230713 -17.69974518 69.12667084
vertex -99.38275909 -14.77771759 69.1268158
vertex -100.9831543 -22.96843719 63.05363846

endloop
endfacet
facet normal -0.977725029 0.2085558176 -0.02362452447
outer loop
vertex -100.9831543 -22.96843719 63.05363846
vertex -99.38275909 -14.77771759 69.1268158
vertex -100.2776413 -19.66095734 63.05348969

endloop
endfacet
facet normal -0.85129565 0.1815663129 -0.4922696054
outer loop
vertex -100.9831543 -22.96843719 63.05363846
vertex -100.2776413 -19.66095734 63.05348969
vertex -98.57369232 -29.22588348 56.57892227

endloop
endfacet
facet normal -0.988337934 -0.09612223506 -0.1181044579
outer loop
vertex -98.57369232 -29.22588348 56.57892227
vertex -100.2776413 -19.66095734 63.05348969
vertex -98.96922302 -25.15810394 56.57819366

endloop
endfacet
facet normal -0.9366387725 -0.09113468975 -0.3382340074
outer loop
vertex -98.57369232 -29.22588348 56.57892227
vertex -98.96922302 -25.15810394 56.57819366
vertex -95.53871155 -33.89287567 49.43193054

endloop
endfacet
facet normal -0.9405086637 -0.3375329375 -0.03892277926
outer loop
vertex -95.53871155 -33.89287567 49.43193054
vertex -98.96922302 -25.15810394 56.57819366
vertex -97.09427643 -29.55835724 49.43140411

endloop
endfacet
facet normal -0.9341353774 -0.3352558315 -0.1224523336
outer loop
vertex -95.53871155 -33.89287567 49.43193054
vertex -97.09427643 -29.55835724 49.43140411
vertex -93.41416168 -36.98291779 41.68473434

endloop
endfacet
facet normal -0.9366721511 -0.3229538202 -0.1354479343
outer loop
vertex -93.41416168 -36.98291779 41.68473434
vertex -97.09427643 -29.55835724 49.43140411
vertex -94.98657227 -32.42240143 41.68471146

endloop
endfacet
facet normal -0.9328377843 -0.3216319382 -0.1623776406
outer loop
vertex -93.41416168 -36.98291779 41.68473434
vertex -94.98657227 -32.42240143 41.68471146
vertex -91.05692291 -39.57840729 33.2837677

endloop
endfacet
facet normal -0.9402885437 -0.2637279332 -0.2151860595
outer loop
vertex -91.05692291 -39.57840729 33.2837677
vertex -94.98657227 -32.42240143 41.68471146
vertex -92.43171692 -34.67676544 33.28378296

endloop
endfacet
facet normal -0.9420753121 -0.2642282844 -0.2065853477
outer loop
vertex -91.05693054 -39.57840729 33.28378296
vertex -92.43172455 -34.67675018 33.28379822
vertex -88.41326904 -42.0956192 24.44767952

endloop
endfacet
facet normal -0.9443020225 -0.2029790878 -0.259023279
outer loop
vertex -88.41326904 -42.0956192 24.44767952
vertex -92.43172455 -34.67675018 33.28379822
vertex -89.43644714 -37.33557892 24.44768143

endloop
endfacet
facet normal -0.9547396898 -0.2052227259 -0.2153040171
outer loop
vertex -88.41326904 -42.0956192 24.44767952
vertex -89.43644714 -37.33557892 24.44768143
vertex -85.79642487 -44.53661346 15.17029762

endloop
endfacet
facet normal -0.953109026 -0.1292359978 -0.2736444771
outer loop
vertex -85.79642487 -44.53661346 15.17029762
vertex -89.43644714 -37.33557892 24.44768143
vertex -86.42955017 -39.86734772 15.17029762

endloop
endfacet
facet normal -0.9744215012 -0.1321243048 -0.1817854196
outer loop
vertex -85.7964325 -44.53661346 15.17031479
vertex -86.42955017 -39.86734772 15.17031479
vertex -83.74437714 -46.42267609 5.541532993

endloop
endfacet
facet normal -0.9692035913 -0.04011316225 -0.2429719865
outer loop
vertex -83.74437714 -46.42267609 5.541532993
vertex -86.42955017 -39.86734772 15.17031479
vertex -83.92752075 -41.997612 5.541532993

endloop
endfacet
facet normal -0.9929469824 -0.04109587893 -0.1112090424
outer loop
vertex -83.74437714 -46.42267609 5.541532993
vertex -83.92752075 -41.997612 5.541532993
vertex -82.61672974 -47.45876312 -4.143967152

endloop
endfacet
facet normal -0.9869054556 0.04017620534 -0.1562165171
outer loop
vertex -82.61672974 -47.45876312 -4.143967152
vertex -83.92752075 -41.997612 5.541532993
vertex -82.43117523 -42.90071869 -4.143966198

endloop
endfacet
facet normal -0.9976581931 0.04061403871 -0.05503231287
outer loop
vertex -82.61672974 -47.45874786 -4.143949032
vertex -82.43117523 -42.90071869 -4.143949032
vertex -82.09508514 -47.40372467 -13.56002235

endloop
endfacet
facet normal -0.9951487184 0.07009063661 -0.06903920323
outer loop
vertex -82.09508514 -47.40372467 -13.56002235
vertex -82.43117523 -42.90071869 -4.143949032
vertex -81.76729584 -42.74976349 -13.56002235

endloop
endfacet
facet normal -0.9949287176 0.0700751394 -0.0721553266
outer loop
vertex -82.09508514 -47.40372467 -13.56002235
vertex -81.76729584 -42.74976349 -13.56002235
vertex -81.4180069 -46.93068695 -22.43665695

endloop
endfacet
facet normal -0.9955993295 0.06338017434 -0.06902835518
outer loop
vertex -81.4180069 -46.93068695 -22.43665695
vertex -81.76729584 -42.74976349 -13.56002235
vertex -81.13232422 -42.44307709 -22.43665695

endloop
endfacet
facet normal -0.987840116 0.06288600713 -0.1421870291
outer loop
vertex -81.4180069 -46.93068695 -22.43664169
vertex -81.13232422 -42.44306183 -22.43664169
vertex -80.1649704 -47.00305939 -31.17408371

endloop
endfacet
facet normal -0.9912363291 0.03420542926 -0.1275948882
outer loop
vertex -80.1649704 -47.00305939 -31.17408371
vertex -81.13232422 -42.44306183 -22.43664169
vertex -80.02521515 -42.95310211 -31.17408371

endloop
endfacet
facet normal -0.9747918844 0.03363795206 -0.2205659449
outer loop
vertex -80.1649704 -47.00305939 -31.17408371
vertex -80.02521515 -42.95310211 -31.17408371
vertex -78.08643341 -46.99022675 -40.35822678

endloop
endfacet
facet normal -0.9730270505 0.04666894302 -0.2259214967
outer loop
vertex -78.08643341 -46.99022675 -40.35822678
vertex -80.02521515 -42.95310211 -31.17408371
vertex -77.92101288 -43.54128265 -40.35822678

endloop
endfacet
facet normal -0.9319491982 0.04469669983 -0.3598236442
outer loop
vertex -78.08643341 -46.99022675 -40.3582077
vertex -77.92102051 -43.54128265 -40.3582077
vertex -74.48596191 -47.15737152 -49.70425034

endloop
endfacet
facet normal -0.9332635999 0.03690344468 -0.3572914302
outer loop
vertex -74.48596191 -47.15737152 -49.70425034
vertex -77.92102051 -43.54128265 -40.3582077
vertex -74.36064911 -43.98828888 -49.70425034

endloop
endfacet
facet normal -0.8816818595 0.0348637253 -0.4705544412
outer loop
vertex -74.48596191 -47.15737152 -49.70425034
vertex -74.36064911 -43.98828888 -49.70425034
vertex -69.66521454 -46.2069931 -58.66651154

endloop
endfacet
facet normal -0.8824976087 0.02864958346 -0.4694434702
outer loop
vertex -69.66521454 -46.2069931 -58.66651154
vertex -74.36064911 -43.98828888 -49.70425034
vertex -69.57458496 -43.41532135 -58.66651154

endloop
endfacet
facet normal -0.8272221088 0.0268528983 -0.5612331033
outer loop
vertex -69.66522217 -46.20700836 -58.66649628
vertex -69.57460022 -43.41533661 -58.66649628
vertex -64.35068512 -43.01210785 -66.34692383

endloop
endfacet
facet normal -0.8130463958 0.2130524516 -0.5418156981
outer loop
vertex -64.35068512 -43.01210785 -66.34692383
vertex -69.57460022 -43.41533661 -58.66649628
vertex -63.91214752 -41.33856964 -66.34692383

endloop
endfacet
facet normal -0.6744073629 0.1767231971 -0.7168985605
outer loop
vertex -64.35068512 -43.01210785 -66.34692383
vertex -63.91214752 -41.33856964 -66.34692383
vertex -58.00016022 -41.29993439 -71.89897919

endloop
endfacet
facet normal -0.5852622986 0.5230759382 -0.619564116
outer loop
vertex -58.00016022 -41.29993439 -71.89897919
vertex -63.91214752 -41.33856964 -66.34692383
vertex -57.41707611 -40.6475296 -71.89897919

endloop
endfacet
facet normal -0.3302220702 0.295134604 -0.8965761662
outer loop
vertex -58.00016022 -41.29990387 -71.89898682
vertex -57.41707611 -40.64749908 -71.89898682
vertex -49.27442169 -42.96595001 -75.66123199

endloop
endfacet
facet normal 0.4190581739 0 0.9079594016
outer loop
vertex -49.27442169 -42.96595001 -75.66123199
vertex -57.41707611 -40.64749908 -71.89898682
vertex -49.27442169 -42.96596527 -75.66123199

endloop
endfacet
facet normal 0 0.4011988044 0.9159910083
outer loop
vertex -39.92661285 -50.56754303 154.0013733
vertex -39.92658234 -50.56754303 154.0013733
vertex -44.49750519 -48.09572601 152.9187317

endloop
endfacet
facet normal -0.3819423914 -0.3278281093 0.8640884161
outer loop
vertex -44.49750519 -48.09572601 152.9187317
vertex -39.92658234 -50.56754303 154.0013733
vertex -43.68491364 -45.83075714 154.1372223

endloop
endfacet
facet normal -0.3451206982 -0.3456197977 0.8726044297
outer loop
vertex -44.49750519 -48.09572601 152.9187317
vertex -43.68491364 -45.83075714 154.1372223
vertex -55.99567413 -44.35230255 149.8538208

endloop
endfacet
facet normal -0.338250041 -0.1081560925 0.934820354
outer loop
vertex -55.99567413 -44.35230255 149.8538208
vertex -43.68491364 -45.83075714 154.1372223
vertex -54.94075775 -41.04018402 150.6187286

endloop
endfacet
facet normal -0.6405605674 0.02678548358 0.7674403787
outer loop
vertex -55.99567413 -44.35230255 149.8538208
vertex -54.94075775 -41.04018402 150.6187286
vertex -61.99239349 -29.62560272 144.3345337

endloop
endfacet
facet normal -0.5364145637 0.1278832555 0.8342093825
outer loop
vertex -61.99239349 -29.62560272 144.3345337
vertex -54.94075775 -41.04018402 150.6187286
vertex -61.22640228 -25.99465179 144.270462

endloop
endfacet
facet normal -0.7390174866 0.1674150825 0.6525529027
outer loop
vertex -61.99239349 -29.62561798 144.3345184
vertex -61.22640228 -25.99463654 144.270462
vertex -65.32424164 -18.54445648 137.718277

endloop
endfacet
facet normal -0.7883640528 0.1002049595 0.6069934368
outer loop
vertex -65.32424164 -18.54445648 137.718277
vertex -61.22640228 -25.99463654 144.270462
vertex -64.79566956 -14.95111847 137.8115845

endloop
endfacet
facet normal -0.8533622026 0.1123085842 0.5090773702
outer loop
vertex -65.32424164 -18.54445648 137.718277
vertex -64.79566956 -14.95111847 137.8115845
vertex -69.35701752 -15.53273773 130.2937469

endloop
endfacet
facet normal -0.8539786935 0.1016999185 0.5102721453
outer loop
vertex -69.35701752 -15.53273773 130.2937469
vertex -64.79566956 -14.95111847 137.8115845
vertex -68.75559235 -11.75022125 130.546402

endloop
endfacet
facet normal -0.8913199902 0.1123827919 0.4392252862
outer loop
vertex -69.35701752 -15.53273773 130.2937469
vertex -68.75559235 -11.75022125 130.546402
vertex -73.64554596 -14.58118439 121.3475647

endloop
endfacet
facet normal -0.8866939545 0.2319404036 0.3999719918
outer loop
vertex -73.64554596 -14.58118439 121.3475647
vertex -68.75559235 -11.75022125 130.546402
vertex -72.57886505 -10.63001347 121.4210281

endloop
endfacet
facet normal -0.8819035888 0.2304370701 0.4112722576
outer loop
vertex -73.64554596 -14.58118439 121.3475647
vertex -72.57886505 -10.63001347 121.4210281
vertex -78.02801514 -13.53147125 111.3619461

endloop
endfacet
facet normal -0.8504149914 0.3959058225 0.3464863598
outer loop
vertex -78.02801514 -13.53147125 111.3619461
vertex -72.57886505 -10.63001347 121.4210281
vertex -76.36735535 -10.01763153 111.4228439

endloop
endfacet
facet normal -0.8261078 0.3832636178 0.4131039083
outer loop
vertex -78.02801514 -13.53147125 111.3619461
vertex -76.36735535 -10.01763153 111.4228439
vertex -82.40905762 -12.49903107 101.6430588

endloop
endfacet
facet normal -0.8065664768 0.4491740763 0.3843084872
outer loop
vertex -82.40905762 -12.49903107 101.6430588
vertex -76.36735535 -10.01763153 111.4228439
vertex -80.60415649 -9.265296936 101.6515503

endloop
endfacet
facet normal -0.7855280042 0.4372908473 0.4378612339
outer loop
vertex -82.40905762 -12.49903107 101.6430588
vertex -80.60415649 -9.265296936 101.6515503
vertex -87.64961243 -12.96489716 92.70670319

endloop
endfacet
facet normal -0.8035895228 0.3253587484 0.4983827472
outer loop
vertex -87.64961243 -12.96489716 92.70670319
vertex -80.60415649 -9.265296936 101.6515503
vertex -86.18235779 -9.340812683 92.70658875

endloop
endfacet
facet normal -0.8293879628 0.3358018696 0.4464893639
outer loop
vertex -87.64961243 -12.96489716 92.70670319
vertex -86.18235779 -9.340812683 92.70658875
vertex -92.27554321 -13.06008053 84.18527222

endloop
endfacet
facet normal -0.8363208175 0.2313301563 0.4970451593
outer loop
vertex -92.27554321 -13.06008053 84.18527222
vertex -86.18235779 -9.340812683 92.70658875
vertex -91.20368958 -9.184745789 84.18513489

endloop
endfacet
facet normal -0.8844237924 0.2446311116 0.3974295259
outer loop
vertex -92.27554321 -13.06008053 84.18527222
vertex -91.20368958 -9.184745789 84.18513489
vertex -95.83052826 -12.77715302 76.09999847

endloop
endfacet
facet normal -0.8860778809 0.1988587528 0.4187137783
outer loop
vertex -95.83052826 -12.77715302 76.09999847
vertex -91.20368958 -9.184745789 84.18513489
vertex -94.9594574 -8.895500183 76.09984589

endloop
endfacet
facet normal -0.8949946165 0.200858891 0.3982967734
outer loop
vertex -95.83052826 -12.77715302 76.09999847
vertex -94.9594574 -8.895500183 76.09984589
vertex -99.38275909 -14.77771759 69.1268158

endloop
endfacet
facet normal -0.8958230019 0.2082162052 0.3926158547
outer loop
vertex -99.38275909 -14.77771759 69.1268158
vertex -94.9594574 -8.895500183 76.09984589
vertex -98.55387115 -11.21146393 69.12677765

endloop
endfacet
facet normal -0.973315239 0.2262227684 -0.0384793207
outer loop
vertex -99.38275909 -14.77771759 69.1268158
vertex -98.55387115 -11.21146393 69.12677765
vertex -100.2776413 -19.66095734 63.05348969

endloop
endfacet
facet normal -0.9835273027 0.1779897213 0.03152358532
outer loop
vertex -100.2776413 -19.66095734 63.05348969
vertex -98.55387115 -11.21146393 69.12677765
vertex -99.5828476 -15.82172394 63.05363083

endloop
endfacet
facet normal -0.9287632108 0.1680922955 -0.3303692341
outer loop
vertex -100.2776413 -19.66095734 63.05348969
vertex -99.5828476 -15.82172394 63.05363083
vertex -98.96922302 -25.15810394 56.57819366

endloop
endfacet
facet normal -0.9962584972 -0.005666059908 -0.08623790741
outer loop
vertex -98.96922302 -25.15810394 56.57819366
vertex -99.5828476 -15.82172394 63.05363083
vertex -98.99285889 -20.99950409 56.57801437

endloop
endfacet
facet normal -0.9680802822 -0.00551299518 -0.250579685
outer loop
vertex -98.96922302 -25.15810394 56.57819366
vertex -98.99285889 -20.99950409 56.57801437
vertex -97.09427643 -29.55835724 49.43140411

endloop
endfacet
facet normal -0.9855216146 -0.1443468928 -0.08894430846
outer loop
vertex -97.09427643 -29.55835724 49.43140411
vertex -98.99285889 -20.99950409 56.57801437
vertex -97.73985291 -25.15053558 49.4311142

endloop
endfacet
facet normal -0.9672129154 -0.1416733861 -0.2107789665
outer loop
vertex -97.09427643 -29.55835724 49.43140411
vertex -97.73985291 -25.15053558 49.4311142
vertex -94.98657227 -32.42240143 41.68471146

endloop
endfacet
facet normal -0.9674289823 -0.1459860802 -0.2068072557
outer loop
vertex -94.98657227 -32.42240143 41.68471146
vertex -97.73985291 -25.15053558 49.4311142
vertex -95.66819763 -27.90528107 41.68465042

endloop
endfacet
facet normal -0.9568314552 -0.1443875581 -0.2522416413
outer loop
vertex -94.98657227 -32.42240143 41.68471146
vertex -95.66819763 -27.90528107 41.68465042
vertex -92.43171692 -34.67676544 33.28378296

endloop
endfacet
facet normal -0.9529265761 -0.1006146148 -0.2860202491
outer loop
vertex -92.43171692 -34.67676544 33.28378296
vertex -95.66819763 -27.90528107 41.68465042
vertex -92.89776611 -30.26273346 33.28376389

endloop
endfacet
facet normal -0.9510765672 -0.100417763 -0.2921808958
outer loop
vertex -92.43172455 -34.67675018 33.28379822
vertex -92.89776611 -30.26273346 33.28378296
vertex -89.43644714 -37.33557892 24.44768143

endloop
endfacet
facet normal -0.9393929243 -0.03345222026 -0.3412065804
outer loop
vertex -89.43644714 -37.33557892 24.44768143
vertex -92.89776611 -30.26273346 33.28378296
vertex -89.59233093 -32.95810699 24.44768143

endloop
endfacet
facet normal -0.9534146786 -0.0339515321 -0.2997463644
outer loop
vertex -89.43644714 -37.33557892 24.44768143
vertex -89.59233093 -32.95810699 24.44768143
vertex -86.42955017 -39.86734772 15.17029762

endloop
endfacet
facet normal -0.9315736294 0.05591406673 -0.3592270017
outer loop
vertex -86.42955017 -39.86734772 15.17029762
vertex -89.59233093 -32.95810699 24.44768143
vertex -86.17745209 -35.66718292 15.17029858

endloop
endfacet
facet normal -0.9630529284 0.05780143663 -0.2630362511
outer loop
vertex -86.42955017 -39.86734772 15.17031479
vertex -86.17745972 -35.66716766 15.17031479
vertex -83.92752075 -41.997612 5.541532993

endloop
endfacet
facet normal -0.9310740232 0.1644364744 -0.3256711066
outer loop
vertex -83.92752075 -41.997612 5.541532993
vertex -86.17745972 -35.66716766 15.17031479
vertex -83.20489502 -37.90595245 5.541532993

endloop
endfacet
facet normal -0.9710941315 0.1715044081 -0.1660192311
outer loop
vertex -83.92752075 -41.997612 5.541532993
vertex -83.20489502 -37.90595245 5.541532993
vertex -82.43117523 -42.90071869 -4.143966198

endloop
endfacet
facet normal -0.9501278996 0.2396934927 -0.1995091587
outer loop
vertex -82.43117523 -42.90071869 -4.143966198
vertex -83.20489502 -37.90595245 5.541532993
vertex -81.40113068 -38.81769562 -4.143966198

endloop
endfacet
facet normal -0.9676148295 0.2441022992 -0.06430824101
outer loop
vertex -82.43117523 -42.90071869 -4.143949032
vertex -81.40113831 -38.81768036 -4.143949032
vertex -81.76729584 -42.74976349 -13.56002235

endloop
endfacet
facet normal -0.9658223391 0.2503947914 -0.06700563431
outer loop
vertex -81.76729584 -42.74976349 -13.56002235
vertex -81.40113831 -38.81768036 -4.143949032
vertex -80.70282745 -38.64389801 -13.56002235

endloop
endfacet
facet normal -0.9662267566 0.2504996359 -0.06046230346
outer loop
vertex -81.76729584 -42.74976349 -13.56002235
vertex -80.70282745 -38.64389801 -13.56002235
vertex -81.13232422 -42.44307709 -22.43665695

endloop
endfacet
facet normal -0.9723258615 0.2280887514 -0.05057537928
outer loop
vertex -81.13232422 -42.44307709 -22.43665695
vertex -80.70282745 -38.64389801 -13.56002235
vertex -80.18840027 -38.41919708 -22.43665695

endloop
endfacet
facet normal -0.9646018147 0.2262776792 -0.1354321092
outer loop
vertex -81.13232422 -42.44306183 -22.43664169
vertex -80.18840027 -38.41919708 -22.43664169
vertex -80.02521515 -42.95310211 -31.17408371

endloop
endfacet
facet normal -0.9716282487 0.2020264715 -0.122979261
outer loop
vertex -80.02521515 -42.95310211 -31.17408371
vertex -80.18840027 -38.41919708 -22.43664169
vertex -79.21647644 -39.06354523 -31.17408371

endloop
endfacet
facet normal -0.9525949359 0.1980689168 -0.2309363782
outer loop
vertex -80.02521515 -42.95310211 -31.17408371
vertex -79.21647644 -39.06354523 -31.17408371
vertex -77.92101288 -43.54128265 -40.35822678

endloop
endfacet
facet normal -0.9454565644 0.2197226882 -0.2404868007
outer loop
vertex -77.92101288 -43.54128265 -40.35822678
vertex -79.21647644 -39.06354523 -31.17408371
vertex -77.12038422 -40.09621429 -40.35822678

endloop
endfacet
facet normal -0.9099471569 0.2114703506 -0.3567583561
outer loop
vertex -77.92102051 -43.54128265 -40.3582077
vertex -77.12039185 -40.09621429 -40.3582077
vertex -74.36064911 -43.98828888 -49.70425034

endloop
endfacet
facet normal -0.9225181341 0.1736087203 -0.3447032273
outer loop
vertex -74.36064911 -43.98828888 -49.70425034
vertex -77.12039185 -40.09621429 -40.3582077
vertex -73.77204132 -40.86055756 -49.70425034

endloop
endfacet
facet normal -0.8744078279 0.1645548195 -0.4564347565
outer loop
vertex -74.36064911 -43.98828888 -49.70425034
vertex -73.77204132 -40.86055756 -49.70425034
vertex -69.57458496 -43.41532135 -58.66651154

endloop
endfacet
facet normal -0.8769869804 0.1548550427 -0.4548777342
outer loop
vertex -69.57458496 -43.41532135 -58.66651154
vertex -73.77204132 -40.86055756 -49.70425034
vertex -69.10520935 -40.75711823 -58.66651154

endloop
endfacet
facet normal -0.8147046566 0.1438543499 -0.5617492795
outer loop
vertex -69.57460022 -43.41533661 -58.66649628
vertex -69.10523224 -40.75711823 -58.66649628
vertex -63.91214752 -41.33856964 -66.34692383

endloop
endfacet
facet normal -0.7356672287 0.4225209355 -0.529405117
outer loop
vertex -63.91214752 -41.33856964 -66.34692383
vertex -69.10523224 -40.75711823 -58.66649628
vertex -63.10636139 -39.93558502 -66.34692383

endloop
endfacet
facet normal -0.6279172897 0.3606361747 -0.689682126
outer loop
vertex -63.91214752 -41.33856964 -66.34692383
vertex -63.10636139 -39.93558502 -66.34692383
vertex -57.41707611 -40.6475296 -71.89897919

endloop
endfacet
facet normal -0.458961606 0.6906651258 -0.5588702559
outer loop
vertex -57.41707611 -40.6475296 -71.89897919
vertex -63.10636139 -39.93558502 -66.34692383
vertex -56.72003937 -40.1843338 -71.89897919

endloop
endfacet
facet normal -0.2792586684 0.4202403426 -0.8633728027
outer loop
vertex -57.41707611 -40.64749908 -71.89898682
vertex -56.72003937 -40.18430328 -71.89898682
vertex -49.27442169 -42.96596527 -75.66123199

endloop
endfacet
facet normal -0.4592180848 0 -0.8883235455
outer loop
vertex -49.27442169 -42.96596527 -75.66123199
vertex -56.72003937 -40.18430328 -71.89898682
vertex -49.27442169 -42.96595001 -75.66123199

endloop
endfacet
facet normal 0.1362389773 0.1362389773 -0.9812633991
outer loop
vertex -39.92658234 -50.56754303 154.0013733
vertex -39.9265976 -50.56752777 154.0013733
vertex -43.68491364 -45.83075714 154.1372223

endloop
endfacet
facet normal -0.2469630837 -0.2229943871 0.9430177808
outer loop
vertex -43.68491364 -45.83075714 154.1372223
vertex -39.9265976 -50.56752777 154.0013733
vertex -42.87258148 -44.39011383 154.6906281

endloop
endfacet
facet normal -0.3541218638 -0.1546234041 0.9223281741
outer loop
vertex -43.68491364 -45.83075714 154.1372223
vertex -42.87258148 -44.39011383 154.6906281
vertex -54.94075775 -41.04018402 150.6187286

endloop
endfacet
facet normal -0.2933459282 0.09901050478 0.9508654475
outer loop
vertex -54.94075775 -41.04018402 150.6187286
vertex -42.87258148 -44.39011383 154.6906281
vertex -53.63562775 -38.03928375 150.7088928

endloop
endfacet
facet normal -0.4611612856 0.1744250804 0.8700035214
outer loop
vertex -54.94075775 -41.04018402 150.6187286
vertex -53.63562775 -38.03928375 150.7088928
vertex -61.22640228 -25.99465179 144.270462

endloop
endfacet
facet normal -0.3661799729 0.2485708594 0.8967300653
outer loop
vertex -61.22640228 -25.99465179 144.270462
vertex -53.63562775 -38.03928375 150.7088928
vertex -59.67914581 -22.64780426 143.9745483

endloop
endfacet
facet normal -0.5085758567 0.30626598 0.8047059774
outer loop
vertex -61.22640228 -25.99463654 144.270462
vertex -59.67914581 -22.64780426 143.9745483
vertex -64.79566956 -14.95111847 137.8115845

endloop
endfacet
facet normal -0.5632546544 0.2549203932 0.7859769464
outer loop
vertex -64.79566956 -14.95111847 137.8115845
vertex -59.67914581 -22.64780426 143.9745483
vertex -63.36721039 -11.89458466 137.8439178

endloop
endfacet
facet normal -0.7516878843 0.3453547657 0.5618677139
outer loop
vertex -64.79566956 -14.95111847 137.8115845
vertex -63.36721039 -11.89458466 137.8439178
vertex -68.75559235 -11.75022125 130.546402

endloop
endfacet
facet normal -0.769855082 0.2790709734 0.5739707947
outer loop
vertex -68.75559235 -11.75022125 130.546402
vertex -63.36721039 -11.89458466 137.8439178
vertex -67.46681976 -8.5364151 130.7124176

endloop
endfacet
facet normal -0.8579444885 0.3234261572 0.3991574049
outer loop
vertex -68.75559235 -11.75022125 130.546402
vertex -67.46681976 -8.5364151 130.7124176
vertex -72.57886505 -10.63001347 121.4210281

endloop
endfacet
facet normal -0.8319260478 0.4195130765 0.363191247
outer loop
vertex -72.57886505 -10.63001347 121.4210281
vertex -67.46681976 -8.5364151 130.7124176
vertex -70.9962616 -7.407660961 121.3240814

endloop
endfacet
facet normal -0.8387764692 0.4222909808 0.3436923921
outer loop
vertex -72.57886505 -10.63001347 121.4210281
vertex -70.9962616 -7.407660961 121.3240814
vertex -76.36735535 -10.01763153 111.4228439

endloop
endfacet
facet normal -0.7692941427 0.5818231106 0.2639478147
outer loop
vertex -76.36735535 -10.01763153 111.4228439
vertex -70.9962616 -7.407660961 121.3240814
vertex -74.25756073 -7.17401886 111.3037796

endloop
endfacet
facet normal -0.7404648066 0.5646451712 0.3645376563
outer loop
vertex -76.36735535 -10.01763153 111.4228439
vertex -74.25756073 -7.17401886 111.3037796
vertex -80.60415649 -9.265296936 101.6515503

endloop
endfacet
facet normal -0.7216066122 0.6005886793 0.3443502486
outer loop
vertex -80.60415649 -9.265296936 101.6515503
vertex -74.25756073 -7.17401886 111.3037796
vertex -78.25389099 -6.4321208 101.6352692

endloop
endfacet
facet normal -0.6943408847 0.5784516931 0.4281170964
outer loop
vertex -80.60415649 -9.265296936 101.6515503
vertex -78.25389099 -6.4321208 101.6352692
vertex -86.18235779 -9.340812683 92.70658875

endloop
endfacet
facet normal -0.7173247337 0.5151028633 0.4691633582
outer loop
vertex -86.18235779 -9.340812683 92.70658875
vertex -78.25389099 -6.4321208 101.6352692
vertex -83.9789505 -6.272483826 92.70670319

endloop
endfacet
facet normal -0.7296061516 0.5239233971 0.4395214319
outer loop
vertex -86.18235779 -9.340812683 92.70658875
vertex -83.9789505 -6.272483826 92.70670319
vertex -91.20368958 -9.184745789 84.18513489

endloop
endfacet
facet normal -0.7522224188 0.4454707503 0.4855072498
outer loop
vertex -91.20368958 -9.184745789 84.18513489
vertex -83.9789505 -6.272483826 92.70670319
vertex -89.23114777 -5.853934765 84.18515778

endloop
endfacet
facet normal -0.7938963175 0.470151186 0.3855989575
outer loop
vertex -91.20368958 -9.184745789 84.18513489
vertex -89.23114777 -5.853934765 84.18515778
vertex -94.9594574 -8.895500183 76.09984589

endloop
endfacet
facet normal -0.8078739047 0.4185550213 0.4149115384
outer loop
vertex -94.9594574 -8.895500183 76.09984589
vertex -89.23114777 -5.853934765 84.18515778
vertex -93.086586 -5.280585766 76.09985352

endloop
endfacet
facet normal -0.8493068218 0.4400215149 0.2916486561
outer loop
vertex -94.9594574 -8.895500183 76.09984589
vertex -93.086586 -5.280585766 76.09985352
vertex -98.55387115 -11.21146393 69.12677765

endloop
endfacet
facet normal -0.8561841249 0.387629956 0.3416018784
outer loop
vertex -98.55387115 -11.21146393 69.12677765
vertex -93.086586 -5.280585766 76.09985352
vertex -96.83102417 -7.406044006 69.12671661

endloop
endfacet
facet normal -0.8997226954 0.4073334932 -0.1567753851
outer loop
vertex -98.55387115 -11.21146393 69.12677765
vertex -96.83102417 -7.406044006 69.12671661
vertex -99.5828476 -15.82172394 63.05363083

endloop
endfacet
facet normal -0.9583514929 0.2823346555 0.04300547391
outer loop
vertex -99.5828476 -15.82172394 63.05363083
vertex -96.83102417 -7.406044006 69.12671661
vertex -98.3727951 -11.71431732 63.05345154

endloop
endfacet
facet normal -0.9153584242 0.2696538866 -0.2990077734
outer loop
vertex -99.5828476 -15.82172394 63.05363083
vertex -98.3727951 -11.71431732 63.05345154
vertex -98.99285889 -20.99950409 56.57801437

endloop
endfacet
facet normal -0.9836227894 0.1425803453 -0.1102591604
outer loop
vertex -98.99285889 -20.99950409 56.57801437
vertex -98.3727951 -11.71431732 63.05345154
vertex -98.32713318 -16.40705109 56.57774734

endloop
endfacet
facet normal -0.9585503936 0.1389377862 -0.248751834
outer loop
vertex -98.99285889 -20.99950409 56.57801437
vertex -98.32713318 -16.40705109 56.57774734
vertex -97.73985291 -25.15053558 49.4311142

endloop
endfacet
facet normal -0.9831718802 0.07140347362 -0.1681508571
outer loop
vertex -97.73985291 -25.15053558 49.4311142
vertex -98.32713318 -16.40705109 56.57774734
vertex -97.37301636 -20.09996796 49.43090439

endloop
endfacet
facet normal -0.9572671652 0.06951727718 -0.2807255089
outer loop
vertex -97.73985291 -25.15053558 49.4311142
vertex -97.37301636 -20.09996796 49.43090439
vertex -95.66819763 -27.90528107 41.68465042

endloop
endfacet
facet normal -0.9587078094 0.06530103087 -0.276794225
outer loop
vertex -95.66819763 -27.90528107 41.68465042
vertex -97.37301636 -20.09996796 49.43090439
vertex -95.32600403 -22.8817215 41.68457794

endloop
endfacet
facet normal -0.942237556 0.06417836994 -0.3287393749
outer loop
vertex -95.66819763 -27.90528107 41.68465042
vertex -95.32600403 -22.8817215 41.68457794
vertex -92.89776611 -30.26273346 33.28376389

endloop
endfacet
facet normal -0.9282445908 0.1018171832 -0.3577644229
outer loop
vertex -92.89776611 -30.26273346 33.28376389
vertex -95.32600403 -22.8817215 41.68457794
vertex -92.38436127 -25.58216095 33.28375626

endloop
endfacet
facet normal -0.921307981 0.1010562479 -0.3754719198
outer loop
vertex -92.89776611 -30.26273346 33.28378296
vertex -92.38436127 -25.58216095 33.28377533
vertex -89.59233093 -32.95810699 24.44768143

endloop
endfacet
facet normal -0.8967797756 0.15639548 -0.4139160216
outer loop
vertex -89.59233093 -32.95810699 24.44768143
vertex -92.38436127 -25.58216095 33.28377533
vertex -88.80688477 -28.45432281 24.44767952

endloop
endfacet
facet normal -0.9106028676 0.158806175 -0.3815533519
outer loop
vertex -89.59233093 -32.95810699 24.44768143
vertex -88.80688477 -28.45432281 24.44767952
vertex -86.17745209 -35.66718292 15.17029858

endloop
endfacet
facet normal -0.8748329878 0.2296776175 -0.4265154898
outer loop
vertex -86.17745209 -35.66718292 15.17029858
vertex -88.80688477 -28.45432281 24.44767952
vertex -85.05557251 -31.39398956 15.17029762

endloop
endfacet
facet normal -0.9107291698 0.2391043305 -0.3367512822
outer loop
vertex -86.17745972 -35.66716766 15.17031479
vertex -85.05557251 -31.39398956 15.17031479
vertex -83.20489502 -37.90595245 5.541532993

endloop
endfacet
facet normal -0.8812864423 0.2952074707 -0.369034946
outer loop
vertex -83.20489502 -37.90595245 5.541532993
vertex -85.05557251 -31.39398956 15.17031479
vertex -81.83670044 -33.82146454 5.541532993

endloop
endfacet
facet normal -0.9286251068 0.3110646904 -0.202223137
outer loop
vertex -83.20489502 -37.90595245 5.541532993
vertex -81.83670044 -33.82146454 5.541532993
vertex -81.40113068 -38.81769562 -4.143966198

endloop
endfacet
facet normal -0.9105491042 0.3492888212 -0.2211280167
outer loop
vertex -81.40113068 -38.81769562 -4.143966198
vertex -81.83670044 -33.82146454 5.541532993
vertex -79.83274841 -34.72913361 -4.143967152

endloop
endfacet
facet normal -0.9318357706 0.3574557602 -0.06250923127
outer loop
vertex -81.40113831 -38.81768036 -4.143949032
vertex -79.83275604 -34.72913361 -4.143949986
vertex -80.70282745 -38.64389801 -13.56002235

endloop
endfacet
facet normal -0.9363809824 0.3462544978 -0.05743227154
outer loop
vertex -80.70282745 -38.64389801 -13.56002235
vertex -79.83275604 -34.72913361 -4.143949986
vertex -79.13848114 -34.413414 -13.56002331

endloop
endfacet
facet normal -0.9369565845 0.346467346 -0.04552900791
outer loop
vertex -80.70282745 -38.64389801 -13.56002235
vertex -79.13848114 -34.413414 -13.56002331
vertex -80.18840027 -38.41919708 -22.43665695

endloop
endfacet
facet normal -0.9475442171 0.3180724084 -0.03146285936
outer loop
vertex -80.18840027 -38.41919708 -22.43665695
vertex -79.13848114 -34.413414 -13.56002331
vertex -78.75485229 -34.14862823 -22.43665695

endloop
endfacet
facet normal -0.9402318001 0.3156182766 -0.1278637201
outer loop
vertex -80.18840027 -38.41919708 -22.43664169
vertex -78.75484467 -34.14861298 -22.4366436
vertex -79.21647644 -39.06354523 -31.17408371

endloop
endfacet
facet normal -0.9397894144 0.3166819215 -0.1284854263
outer loop
vertex -79.21647644 -39.06354523 -31.17408371
vertex -78.75484467 -34.14861298 -22.4366436
vertex -77.84619904 -34.9970932 -31.17408562

endloop
endfacet
facet normal -0.9188752174 0.3096343875 -0.2445298284
outer loop
vertex -79.21647644 -39.06354523 -31.17408371
vertex -77.84619904 -34.9970932 -31.17408562
vertex -77.12038422 -40.09621429 -40.35822678

endloop
endfacet
facet normal -0.9107313752 0.3263183236 -0.2531493306
outer loop
vertex -77.12038422 -40.09621429 -40.35822678
vertex -77.84619904 -34.9970932 -31.17408562
vertex -75.83419037 -36.50653839 -40.35822678

endloop
endfacet
facet normal -0.8843699694 0.3168758452 -0.3427528441
outer loop
vertex -77.12039185 -40.09621429 -40.3582077
vertex -75.83419037 -36.50655365 -40.35821152
vertex -73.77204132 -40.86055756 -49.70425034

endloop
endfacet
facet normal -0.9040167332 0.274789989 -0.327481389
outer loop
vertex -73.77204132 -40.86055756 -49.70425034
vertex -75.83419037 -36.50655365 -40.35821152
vertex -72.80581665 -37.68183136 -49.70425415

endloop
endfacet
facet normal -0.8575233817 0.2606574297 -0.4435214996
outer loop
vertex -73.77204132 -40.86055756 -49.70425034
vertex -72.80581665 -37.68183136 -49.70425415
vertex -69.10520935 -40.75711823 -58.66651154

endloop
endfacet
facet normal -0.8361507654 0.3108423948 -0.4519168735
outer loop
vertex -69.10520935 -40.75711823 -58.66651154
vertex -72.80581665 -37.68183136 -49.70425415
vertex -68.18010712 -38.26863861 -58.66651154

endloop
endfacet
facet normal -0.7697503567 0.2861577868 -0.5706121325
outer loop
vertex -69.10523224 -40.75711823 -58.66649628
vertex -68.18013 -38.26863861 -58.66649628
vertex -63.10636139 -39.93558502 -66.34692383

endloop
endfacet
facet normal -0.5951859951 0.6082161665 -0.5251920819
outer loop
vertex -63.10636139 -39.93558502 -66.34692383
vertex -68.18013 -38.26863861 -58.66649628
vertex -61.85280609 -38.70888519 -66.34692383

endloop
endfacet
facet normal -0.5364578962 0.5482022762 -0.6416285634
outer loop
vertex -63.10636139 -39.93558502 -66.34692383
vertex -61.85280609 -38.70888519 -66.34692383
vertex -56.72003937 -40.1843338 -71.89897919

endloop
endfacet
facet normal -0.3401341438 0.7820145488 -0.5222661495
outer loop
vertex -56.72003937 -40.1843338 -71.89897919
vertex -61.85280609 -38.70888519 -66.34692383
vertex -55.80417633 -39.78598785 -71.89898682

endloop
endfacet
facet normal -0.2246154696 0.5164280534 -0.8263473511
outer loop
vertex -56.72003937 -40.18430328 -71.89898682
vertex -55.80417633 -39.78595734 -71.89898682
vertex -49.27442169 -42.96595001 -75.66123199

endloop
endfacet
facet normal -nan(ind) -nan(ind) -nan(ind)
outer loop
vertex -49.27442169 -42.96595001 -75.66123199
vertex -55.80417633 -39.78595734 -71.89898682
vertex -49.27442169 -42.96595001 -75.66123199

endloop
endfacet
facet normal 0 -0.1108884811 0.9938328266
outer loop
vertex -39.9265976 -50.56752777 154.0013733
vertex -39.92658234 -50.56752777 154.0013733
vertex -42.87258148 -44.39011383 154.6906281

endloop
endfacet
facet normal 0.02535093762 -0.09890367091 0.9947740436
outer loop
vertex -42.87258148 -44.39011383 154.6906281
vertex -39.92658234 -50.56752777 154.0013733
vertex -41.43283844 -43.0739975 154.78479

endloop
endfacet
facet normal -0.2384192646 0.1927142739 0.9518495202
outer loop
vertex -42.87258148 -44.39011383 154.6906281
vertex -41.43283844 -43.0739975 154.78479
vertex -53.63562775 -38.03928375 150.7088928

endloop
endfacet
facet normal -0.1936194897 0.289573282 0.9373680353
outer loop
vertex -53.63562775 -38.03928375 150.7088928
vertex -41.43283844 -43.0739975 154.78479
vertex -52.09249115 -35.19147491 150.1478882

endloop
endfacet
facet normal -0.2370058745 0.309815824 0.9207835197
outer loop
vertex -53.63562775 -38.03928375 150.7088928
vertex -52.09249115 -35.19147491 150.1478882
vertex -59.67914581 -22.64780426 143.9745483

endloop
endfacet
facet normal -0.1952937394 0.3354436755 0.9215952754
outer loop
vertex -59.67914581 -22.64780426 143.9745483
vertex -52.09249115 -35.19147491 150.1478882
vertex -57.39681244 -19.91889191 143.46492

endloop
endfacet
facet normal -0.2833734155 0.399787426 0.8717049956
outer loop
vertex -59.67914581 -22.64780426 143.9745483
vertex -57.39681244 -19.91889191 143.4649353
vertex -63.36721039 -11.89458466 137.8439178

endloop
endfacet
facet normal -0.2889966667 0.3956367671 0.8717525601
outer loop
vertex -63.36721039 -11.89458466 137.8439178
vertex -57.39681244 -19.91889191 143.4649353
vertex -60.76911163 -9.684333801 137.7021179

endloop
endfacet
facet normal -0.5052942038 0.6316803694 0.5879266262
outer loop
vertex -63.36721039 -11.89458466 137.8439178
vertex -60.76911163 -9.684333801 137.7021179
vertex -67.46681976 -8.5364151 130.7124176

endloop
endfacet
facet normal -0.5297737122 0.5941748619 0.6052240133
outer loop
vertex -67.46681976 -8.5364151 130.7124176
vertex -60.76911163 -9.684333801 137.7021179
vertex -65.07753754 -6.199882984 130.509964

endloop
endfacet
facet normal -0.646703124 0.6895524263 0.3260254264
outer loop
vertex -67.46681976 -8.5364151 130.7124176
vertex -65.07753754 -6.199882984 130.509964
vertex -70.9962616 -7.407660961 121.3240814

endloop
endfacet
facet normal -0.6013609171 0.7446591854 0.2895646393
outer loop
vertex -70.9962616 -7.407660961 121.3240814
vertex -65.07753754 -6.199882984 130.509964
vertex -68.54243469 -5.256385803 120.8878021

endloop
endfacet
facet normal -0.6207724214 0.752609849 0.2195907533
outer loop
vertex -70.9962616 -7.407660961 121.3240814
vertex -68.54243469 -5.256385803 120.8878021
vertex -74.25756073 -7.17401886 111.3037796

endloop
endfacet
facet normal -0.5535563231 0.815928936 0.1668393165
outer loop
vertex -74.25756073 -7.17401886 111.3037796
vertex -68.54243469 -5.256385803 120.8878021
vertex -71.60054779 -5.30947113 111.0009003

endloop
endfacet
facet normal -0.5297580361 0.8004612923 0.2803894877
outer loop
vertex -74.25756073 -7.17401886 111.3037796
vertex -71.60054779 -5.30947113 111.0009003
vertex -78.25389099 -6.4321208 101.6352692

endloop
endfacet
facet normal -0.5858402848 0.7413895726 0.327311188
outer loop
vertex -78.25389099 -6.4321208 101.6352692
vertex -71.60054779 -5.30947113 111.0009003
vertex -75.50745392 -4.244513988 101.595871

endloop
endfacet
facet normal -0.5728759766 0.7260679603 0.3803136647
outer loop
vertex -78.25389099 -6.4321208 101.6352692
vertex -75.50745392 -4.244513988 101.595871
vertex -83.9789505 -6.272483826 92.70670319

endloop
endfacet
facet normal -0.6127873063 0.6609228849 0.4332120121
outer loop
vertex -83.9789505 -6.272483826 92.70670319
vertex -75.50745392 -4.244513988 101.595871
vertex -81.2865448 -3.776283026 92.70687866

endloop
endfacet
facet normal -0.6188343763 0.6674464941 0.4141970575
outer loop
vertex -83.9789505 -6.272483826 92.70670319
vertex -81.2865448 -3.776283026 92.70687866
vertex -89.23114777 -5.853934765 84.18515778

endloop
endfacet
facet normal -0.6372674108 0.6328048706 0.439827621
outer loop
vertex -89.23114777 -5.853934765 84.18515778
vertex -81.2865448 -3.776283026 92.70687866
vertex -86.41874695 -3.021706104 84.18516541

endloop
endfacet
facet normal -0.6614631414 0.6568313837 0.3619930744
outer loop
vertex -89.23114777 -5.853934765 84.18515778
vertex -86.41874695 -3.021706104 84.18516541
vertex -93.086586 -5.280585766 76.09985352

endloop
endfacet
facet normal -0.664080143 0.6522750854 0.3654241562
outer loop
vertex -93.086586 -5.280585766 76.09985352
vertex -86.41874695 -3.021706104 84.18516541
vertex -90.12811279 -2.268578053 76.09986877

endloop
endfacet
facet normal -0.7033858895 0.6908832788 0.1671186537
outer loop
vertex -93.086586 -5.280585766 76.09985352
vertex -90.12811279 -2.268578053 76.09986877
vertex -96.83102417 -7.406044006 69.12671661

endloop
endfacet
facet normal -0.7409393787 0.6215696931 0.2542834878
outer loop
vertex -96.83102417 -7.406044006 69.12671661
vertex -90.12811279 -2.268578053 76.09986877
vertex -94.05344391 -4.095038891 69.12670898

endloop
endfacet
facet normal -0.7412123084 0.621797502 -0.2529272139
outer loop
vertex -96.83102417 -7.406044006 69.12671661
vertex -94.05344391 -4.095038891 69.12670898
vertex -98.3727951 -11.71431732 63.05345154

endloop
endfacet
facet normal -0.8555055857 0.5163008571 -0.03928881884
outer loop
vertex -98.3727951 -11.71431732 63.05345154
vertex -94.05344391 -4.095038891 69.12670898
vertex -96.03433228 -7.839516163 63.05333328

endloop
endfacet
facet normal -0.8002105355 0.4829204082 -0.3555993438
outer loop
vertex -98.3727951 -11.71431732 63.05345154
vertex -96.03433228 -7.839516163 63.05333328
vertex -98.32713318 -16.40705109 56.57774734

endloop
endfacet
facet normal -0.8958009481 0.3944851458 -0.2047494054
outer loop
vertex -98.32713318 -16.40705109 56.57774734
vertex -96.03433228 -7.839516163 63.05333328
vertex -96.30374146 -11.81252289 56.57734299

endloop
endfacet
facet normal -0.8689838648 0.3826656044 -0.3137419522
outer loop
vertex -98.32713318 -16.40705109 56.57774734
vertex -96.30374146 -11.81252289 56.57734299
vertex -97.37301636 -20.09996796 49.43090439

endloop
endfacet
facet normal -0.9092180729 0.3328957856 -0.2500058711
outer loop
vertex -97.37301636 -20.09996796 49.43090439
vertex -96.30374146 -11.81252289 56.57734299
vertex -95.59120941 -15.23365021 49.43060684

endloop
endfacet
facet normal -0.8802276254 0.3222748935 -0.3483362198
outer loop
vertex -97.37301636 -20.09996796 49.43090439
vertex -95.59120941 -15.23365021 49.43060684
vertex -95.32600403 -22.8817215 41.68457794

endloop
endfacet
facet normal -0.8805341721 0.3218640983 -0.3479411304
outer loop
vertex -95.32600403 -22.8817215 41.68457794
vertex -95.59120941 -15.23365021 49.43060684
vertex -93.61074066 -18.18923187 41.6845665

endloop
endfacet
facet normal -0.8599239588 0.31433025 -0.4021533728
outer loop
vertex -95.32600403 -22.8817215 41.68457794
vertex -93.61074066 -18.18923187 41.6845665
vertex -92.38436127 -25.58216095 33.28375626

endloop
endfacet
facet normal -0.8318809867 0.3507184684 -0.430082202
outer loop
vertex -92.38436127 -25.58216095 33.28375626
vertex -93.61074066 -18.18923187 41.6845665
vertex -90.4938736 -21.09804535 33.28376007

endloop
endfacet
facet normal -0.8243905902 0.3475606143 -0.4467457533
outer loop
vertex -92.38436127 -25.58216095 33.28377533
vertex -90.4938736 -21.09804535 33.28377914
vertex -88.80688477 -28.45432281 24.44767952

endloop
endfacet
facet normal -0.7962924242 0.3813818693 -0.469538331
outer loop
vertex -88.80688477 -28.45432281 24.44767952
vertex -90.4938736 -21.09804535 33.28377914
vertex -86.7520752 -24.16405487 24.44768143

endloop
endfacet
facet normal -0.806176424 0.3861157298 -0.4483237863
outer loop
vertex -88.80688477 -28.45432281 24.44767952
vertex -86.7520752 -24.16405487 24.44768143
vertex -85.05557251 -31.39398956 15.17029762

endloop
endfacet
facet normal -0.7862485051 0.409398526 -0.4628241062
outer loop
vertex -85.05557251 -31.39398956 15.17029762
vertex -86.7520752 -24.16405487 24.44768143
vertex -82.88850403 -27.23213959 15.17029953

endloop
endfacet
facet normal -0.8198164105 0.4268741608 -0.3816797435
outer loop
vertex -85.05557251 -31.39398956 15.17031479
vertex -82.88851166 -27.23212433 15.17031574
vertex -81.83670044 -33.82146454 5.541532993

endloop
endfacet
facet normal -0.8189071417 0.4280107915 -0.382358253
outer loop
vertex -81.83670044 -33.82146454 5.541532993
vertex -82.88851166 -27.23212433 15.17031574
vertex -79.72315979 -29.77765656 5.541532993

endloop
endfacet
facet normal -0.8643037081 0.4517378211 -0.2211606801
outer loop
vertex -81.83670044 -33.82146454 5.541532993
vertex -79.72315979 -29.77765656 5.541532993
vertex -79.83274841 -34.72913361 -4.143967152

endloop
endfacet
facet normal -0.8638311625 0.4524581134 -0.2215342373
outer loop
vertex -79.83274841 -34.72913361 -4.143967152
vertex -79.72315979 -29.77765656 5.541532993
vertex -77.71442413 -30.68483734 -4.143967152

endloop
endfacet
facet normal -0.8847482204 0.463412255 -0.04969695956
outer loop
vertex -79.83275604 -34.72913361 -4.143949986
vertex -77.71443176 -30.68482208 -4.143949986
vertex -79.13848114 -34.413414 -13.56002331

endloop
endfacet
facet normal -0.8861722946 0.4608154595 -0.04845329374
outer loop
vertex -79.13848114 -34.413414 -13.56002331
vertex -77.71443176 -30.68482208 -4.143949986
vertex -76.91810608 -30.14351654 -13.56002331

endloop
endfacet
facet normal -0.8869464397 0.4612180293 -0.02457397617
outer loop
vertex -79.13848114 -34.413414 -13.56002331
vertex -76.91810608 -30.14351654 -13.56002331
vertex -78.75485229 -34.14862823 -22.43665695

endloop
endfacet
facet normal -0.8923173547 0.4510143995 -0.01885878667
outer loop
vertex -78.75485229 -34.14862823 -22.43665695
vertex -76.91810608 -30.14351654 -13.56002331
vertex -76.58287048 -29.8514328 -22.43665886

endloop
endfacet
facet normal -0.8842621446 0.4469429553 -0.1353603452
outer loop
vertex -78.75484467 -34.14861298 -22.4366436
vertex -76.58286285 -29.85141754 -22.4366436
vertex -77.84619904 -34.9970932 -31.17408562

endloop
endfacet
facet normal -0.885144949 0.4454898536 -0.1343769431
outer loop
vertex -77.84619904 -34.9970932 -31.17408562
vertex -76.58286285 -29.85141754 -22.4366436
vertex -75.85290527 -31.03661346 -31.17408752

endloop
endfacet
facet normal -0.8624582887 0.4340717196 -0.2602835298
outer loop
vertex -77.84619904 -34.9970932 -31.17408562
vertex -75.85290527 -31.03661346 -31.17408752
vertex -75.83419037 -36.50653839 -40.35822678

endloop
endfacet
facet normal -0.849857986 0.4520254433 -0.2709508538
outer loop
vertex -75.83419037 -36.50653839 -40.35822678
vertex -75.85290527 -31.03661346 -31.17408752
vertex -74.00959015 -33.07608795 -40.35822678

endloop
endfacet
facet normal -0.8345781565 0.4438945949 -0.3262465298
outer loop
vertex -75.83419037 -36.50655365 -40.35821152
vertex -74.00959778 -33.07608795 -40.35821152
vertex -72.80581665 -37.68183136 -49.70425415

endloop
endfacet
facet normal -0.8283183575 0.4528599083 -0.3298583627
outer loop
vertex -72.80581665 -37.68183136 -49.70425415
vertex -74.00959778 -33.07608795 -40.35821152
vertex -71.15590668 -34.66400909 -49.70425415

endloop
endfacet
facet normal -0.7896986008 0.4317456484 -0.435857594
outer loop
vertex -72.80581665 -37.68183136 -49.70425415
vertex -71.15590668 -34.66400909 -49.70425415
vertex -68.18010712 -38.26863861 -58.66651154

endloop
endfacet
facet normal -0.7345647812 0.5090515018 -0.4486436546
outer loop
vertex -68.18010712 -38.26863861 -58.66651154
vertex -71.15590668 -34.66400909 -49.70425415
vertex -66.53684998 -35.89740753 -58.66651154

endloop
endfacet
facet normal -0.6702556014 0.464489609 -0.578797698
outer loop
vertex -68.18013 -38.26863861 -58.66649628
vertex -66.53686523 -35.89742279 -58.66650009
vertex -61.85280609 -38.70888519 -66.34692383

endloop
endfacet
facet normal -0.5018466711 0.6672984362 -0.550329566
outer loop
vertex -61.85280609 -38.70888519 -66.34692383
vertex -66.53686523 -35.89742279 -58.66650009
vertex -60.19333649 -37.46086884 -66.34692383

endloop
endfacet
facet normal -0.4670885503 0.6210810542 -0.6293541789
outer loop
vertex -61.85280609 -38.70888519 -66.34692383
vertex -60.19333649 -37.46086884 -66.34692383
vertex -55.80417633 -39.78598785 -71.89898682

endloop
endfacet
facet normal -0.3214654922 0.7556915283 -0.5706051588
outer loop
vertex -55.80417633 -39.78598785 -71.89898682
vertex -60.19333649 -37.46086884 -66.34692383
vertex -54.73177338 -39.32979584 -71.89898682

endloop
endfacet
facet normal -0.2214928418 0.5206789374 -0.8245207071
outer loop
vertex -55.80417633 -39.78595734 -71.89898682
vertex -54.73177338 -39.32976532 -71.89898682
vertex -49.27442169 -42.96595001 -75.66123199

endloop
endfacet
facet normal -0.5503133535 -0.8349581957 0
outer loop
vertex -49.27442169 -42.96595001 -75.66123199
vertex -54.73177338 -39.32976532 -71.89898682
vertex -49.27442169 -42.96595001 -75.66123962

endloop
endfacet
facet normal -0.675750196 -0.05901437253 -0.734764576
outer loop
vertex -39.92658234 -50.56752777 154.0013733
vertex -39.9265976 -50.56754303 154.0013885
vertex -41.43283844 -43.0739975 154.78479

endloop
endfacet
facet normal 0.4817250073 0.005217013881 0.8763068914
outer loop
vertex -41.43283844 -43.0739975 154.78479
vertex -39.9265976 -50.56754303 154.0013885
vertex -41.18334198 -41.81684113 154.640152

endloop
endfacet
facet normal -0.2878206968 0.1656438112 0.9432504773
outer loop
vertex -41.43283844 -43.0739975 154.78479
vertex -41.18334198 -41.81684113 154.640152
vertex -52.09249115 -35.19147491 150.1478882

endloop
endfacet
facet normal -0.1796993315 0.3319838941 0.9260101914
outer loop
vertex -52.09249115 -35.19147491 150.1478882
vertex -41.18334198 -41.81684113 154.640152
vertex -50.51261139 -32.63677216 149.5385895

endloop
endfacet
facet normal -0.1900570691 0.3374249637 0.9219667315
outer loop
vertex -52.09249115 -35.19147491 150.1478882
vertex -50.51261139 -32.63677216 149.5385895
vertex -57.39681244 -19.91889191 143.46492

endloop
endfacet
facet normal -0.1041234508 0.3821495473 0.9182156324
outer loop
vertex -57.39681244 -19.91889191 143.46492
vertex -50.51261139 -32.63677216 149.5385895
vertex -54.61977386 -18.08855438 143.0180664

endloop
endfacet
facet normal -0.1522876173 0.4463444948 0.8818078637
outer loop
vertex -57.39681244 -19.91889191 143.4649353
vertex -54.61977386 -18.08855438 143.0180664
vertex -60.76911163 -9.684333801 137.7021179

endloop
endfacet
facet normal -0.1025877446 0.4770537615 0.8728662729
outer loop
vertex -60.76911163 -9.684333801 137.7021179
vertex -54.61977386 -18.08855438 143.0180664
vertex -57.5200882 -8.514320374 137.444519

endloop
endfacet
facet normal -0.2473870367 0.8055221438 0.5384549499
outer loop
vertex -60.76911163 -9.684333801 137.7021179
vertex -57.5200882 -8.514320374 137.444519
vertex -65.07753754 -6.199882984 130.509964

endloop
endfacet
facet normal -0.2790241838 0.7775078416 0.5635839701
outer loop
vertex -65.07753754 -6.199882984 130.509964
vertex -57.5200882 -8.514320374 137.444519
vertex -61.84235382 -4.775168896 130.1461639

endloop
endfacet
facet normal -0.3719020188 0.9012627006 0.2222931981
outer loop
vertex -65.07753754 -6.199882984 130.509964
vertex -61.84235382 -4.775168896 130.1461639
vertex -68.54243469 -5.256385803 120.8878021

endloop
endfacet
facet normal -0.38554281 0.892890811 0.2325998843
outer loop
vertex -68.54243469 -5.256385803 120.8878021
vertex -61.84235382 -4.775168896 130.1461639
vertex -65.33204651 -3.765465021 120.485878

endloop
endfacet
facet normal -0.4056647122 0.9060291648 0.1206112504
outer loop
vertex -68.54243469 -5.256385803 120.8878021
vertex -65.33204651 -3.765465021 120.485878
vertex -71.60054779 -5.30947113 111.0009003

endloop
endfacet
facet normal -0.3817554116 0.9185314775 0.1027747318
outer loop
vertex -71.60054779 -5.30947113 111.0009003
vertex -65.33204651 -3.765465021 120.485878
vertex -68.22238159 -3.883614063 110.8057022

endloop
endfacet
facet normal -0.3638177514 0.8965512514 0.2526510358
outer loop
vertex -71.60054779 -5.30947113 111.0009003
vertex -68.22238159 -3.883614063 110.8057022
vertex -75.50745392 -4.244513988 101.595871

endloop
endfacet
facet normal -0.4039750695 0.8690789938 0.28549245
outer loop
vertex -75.50745392 -4.244513988 101.595871
vertex -68.22238159 -3.883614063 110.8057022
vertex -71.9517746 -2.583930969 101.5721512

endloop
endfacet
facet normal -0.40113765 0.8633000851 0.3062703311
outer loop
vertex -75.50745392 -4.244513988 101.595871
vertex -71.9517746 -2.583930969 101.5721512
vertex -81.2865448 -3.776283026 92.70687866

endloop
endfacet
facet normal -0.4455756843 0.8201707602 0.3588625193
outer loop
vertex -81.2865448 -3.776283026 92.70687866
vertex -71.9517746 -2.583930969 101.5721512
vertex -77.65896606 -1.805565 92.70697784

endloop
endfacet
facet normal -0.4483911991 0.8253540993 0.3431266844
outer loop
vertex -81.2865448 -3.776283026 92.70687866
vertex -77.65896606 -1.805565 92.70697784
vertex -86.41874695 -3.021706104 84.18516541

endloop
endfacet
facet normal -0.4706904292 0.8012014627 0.3694954813
outer loop
vertex -86.41874695 -3.021706104 84.18516541
vertex -77.65896606 -1.805565 92.70697784
vertex -82.77696991 -0.882224977 84.18515015

endloop
endfacet
facet normal -0.4834515154 0.8229225874 0.2984510064
outer loop
vertex -86.41874695 -3.021706104 84.18516541
vertex -82.77696991 -0.882224977 84.18515015
vertex -90.12811279 -2.268578053 76.09986877

endloop
endfacet
facet normal -0.4466205537 0.856345892 0.2592332065
outer loop
vertex -90.12811279 -2.268578053 76.09986877
vertex -82.77696991 -0.882224977 84.18515015
vertex -86.5082016 -0.3806230128 76.09980774

endloop
endfacet
facet normal -0.4622498751 0.8863056302 0.02806207538
outer loop
vertex -90.12811279 -2.268578053 76.09986877
vertex -86.5082016 -0.3806230128 76.09980774
vertex -94.05344391 -4.095038891 69.12670898

endloop
endfacet
facet normal -0.5237855911 0.8437319398 0.117324844
outer loop
vertex -94.05344391 -4.095038891 69.12670898
vertex -86.5082016 -0.3806230128 76.09980774
vertex -90.53069305 -1.908118963 69.12664032

endloop
endfacet
facet normal -0.497546792 0.8014515638 -0.3318472207
outer loop
vertex -94.05344391 -4.095038891 69.12670898
vertex -90.53069305 -1.908118963 69.12664032
vertex -96.03433228 -7.839516163 63.05333328

endloop
endfacet
facet normal -0.6015175581 0.7712658048 -0.2081483305
outer loop
vertex -96.03433228 -7.839516163 63.05333328
vertex -90.53069305 -1.908118963 69.12664032
vertex -92.50989532 -5.09072113 63.05353165

endloop
endfacet
facet normal -0.5590867996 0.7168772221 -0.41654405
outer loop
vertex -96.03433228 -7.839516163 63.05333328
vertex -92.50989532 -5.09072113 63.05353165
vertex -96.30374146 -11.81252289 56.57734299

endloop
endfacet
facet normal -0.6613817811 0.6794218421 -0.3177422285
outer loop
vertex -96.30374146 -11.81252289 56.57734299
vertex -92.50989532 -5.09072113 63.05353165
vertex -92.79605865 -8.397880554 56.57754898

endloop
endfacet
facet normal -0.6448078752 0.6624003053 -0.3813771307
outer loop
vertex -96.30374146 -11.81252289 56.57734299
vertex -92.79605865 -8.397880554 56.57754898
vertex -95.59120941 -15.23365021 49.43060684

endloop
endfacet
facet normal -0.6881490946 0.6395870447 -0.3426065445
outer loop
vertex -95.59120941 -15.23365021 49.43060684
vertex -92.79605865 -8.397880554 56.57754898
vertex -92.14804077 -11.5290451 49.43061829

endloop
endfacet
facet normal -0.668702662 0.6215131879 -0.4081152976
outer loop
vertex -95.59120941 -15.23365021 49.43060684
vertex -92.14804077 -11.5290451 49.43061829
vertex -93.61074066 -18.18923187 41.6845665

endloop
endfacet
facet normal -0.6646949649 0.6239361167 -0.4109554291
outer loop
vertex -93.61074066 -18.18923187 41.6845665
vertex -92.14804077 -11.5290451 49.43061829
vertex -90.25935364 -14.61893463 41.68453598

endloop
endfacet
facet normal -0.6501744986 0.6103056073 -0.4525485635
outer loop
vertex -93.61074066 -18.18923187 41.6845665
vertex -90.25935364 -14.61893463 41.68453598
vertex -90.4938736 -21.09804535 33.28376007

endloop
endfacet
facet normal -0.6446104646 0.6139754653 -0.4555342495
outer loop
vertex -90.4938736 -21.09804535 33.28376007
vertex -90.25935364 -14.61893463 41.68453598
vertex -87.22316742 -17.66414642 33.28375626

endloop
endfacet
facet normal -0.6355563998 0.605350256 -0.4791859388
outer loop
vertex -90.4938736 -21.09804535 33.28377914
vertex -87.22317505 -17.66414642 33.28377533
vertex -86.7520752 -24.16405487 24.44768143

endloop
endfacet
facet normal -0.630405128 0.6088824868 -0.4815095961
outer loop
vertex -86.7520752 -24.16405487 24.44768143
vertex -87.22317505 -17.66414642 33.28377533
vertex -83.47689819 -20.77310944 24.44767952

endloop
endfacet
facet normal -0.6357210875 0.6140170097 -0.4678054452
outer loop
vertex -86.7520752 -24.16405487 24.44768143
vertex -83.47689819 -20.77310944 24.44767952
vertex -82.88850403 -27.23213959 15.17029953

endloop
endfacet
facet normal -0.6514309645 0.6026678085 -0.4609003961
outer loop
vertex -82.88850403 -27.23213959 15.17029953
vertex -83.47689819 -20.77310944 24.44767952
vertex -79.62795258 -23.7077713 15.17029762

endloop
endfacet
facet normal -0.6765710711 0.6259330511 -0.3878909647
outer loop
vertex -82.88851166 -27.23212433 15.17031574
vertex -79.62795258 -23.70778656 15.17031479
vertex -79.72315979 -29.77765656 5.541532993

endloop
endfacet
facet normal -0.7126096487 0.5966379046 -0.3690673113
outer loop
vertex -79.72315979 -29.77765656 5.541532993
vertex -79.62795258 -23.70778656 15.17031479
vertex -76.57842255 -26.02165985 5.541532993

endloop
endfacet
facet normal -0.748965621 0.6270772219 -0.214067027
outer loop
vertex -79.72315979 -29.77765656 5.541532993
vertex -76.57842255 -26.02165985 5.541532993
vertex -77.71442413 -30.68483734 -4.143967152

endloop
endfacet
facet normal -0.7701692581 0.6053085923 -0.201099351
outer loop
vertex -77.71442413 -30.68483734 -4.143967152
vertex -76.57842255 -26.02165985 5.541532993
vertex -74.71256256 -26.86539459 -4.143967152

endloop
endfacet
facet normal -0.7858543992 0.6176362634 -0.03095411509
outer loop
vertex -77.71443176 -30.68482208 -4.143949986
vertex -74.71257019 -26.86537933 -4.143949032
vertex -76.91810608 -30.14351654 -13.56002331

endloop
endfacet
facet normal -0.7776172161 0.627684474 -0.0363817364
outer loop
vertex -76.91810608 -30.14351654 -13.56002331
vertex -74.71257019 -26.86537933 -4.143949032
vertex -73.82963562 -26.31731415 -13.56002235

endloop
endfacet
facet normal -0.7781027555 0.6280764341 -0.008719172329
outer loop
vertex -76.91810608 -30.14351654 -13.56002331
vertex -73.82963562 -26.31731415 -13.56002235
vertex -76.58287048 -29.8514328 -22.43665886

endloop
endfacet
facet normal -0.7618700266 0.6473750472 -0.0214375034
outer loop
vertex -76.58287048 -29.8514328 -22.43665886
vertex -73.82963562 -26.31731415 -13.56002235
vertex -73.48647308 -26.20740509 -22.43665695

endloop
endfacet
facet normal -0.7534469962 0.64021945 -0.1497886628
outer loop
vertex -76.58286285 -29.85141754 -22.4366436
vertex -73.48645782 -26.20738983 -22.43664169
vertex -75.85290527 -31.03661346 -31.17408752

endloop
endfacet
facet normal -0.7288703322 0.6634004116 -0.1692571938
outer loop
vertex -75.85290527 -31.03661346 -31.17408752
vertex -73.48645782 -26.20738983 -22.43664169
vertex -72.88830566 -27.77944183 -31.17408562

endloop
endfacet
facet normal -0.7087586522 0.6450952888 -0.2855053544
outer loop
vertex -75.85290527 -31.03661346 -31.17408752
vertex -72.88830566 -27.77944183 -31.17408562
vertex -74.00959015 -33.07608795 -40.35822678

endloop
endfacet
facet normal -0.675303638 0.671581924 -0.304865092
outer loop
vertex -74.00959015 -33.07608795 -40.35822678
vertex -72.88830566 -27.77944183 -31.17408562
vertex -71.21457672 -30.26558685 -40.35823059

endloop
endfacet
facet normal -0.6720689535 0.6683654189 -0.3187647462
outer loop
vertex -74.00959778 -33.07608795 -40.35821152
vertex -71.21458435 -30.26558685 -40.35821152
vertex -71.15590668 -34.66400909 -49.70425415

endloop
endfacet
facet normal -0.6667032838 0.6727531552 -0.3207959831
outer loop
vertex -71.15590668 -34.66400909 -49.70425415
vertex -71.21458435 -30.26558685 -40.35821152
vertex -68.62091827 -32.15181732 -49.70425415

endloop
endfacet
facet normal -0.6393612027 0.6451629996 -0.4183084965
outer loop
vertex -71.15590668 -34.66400909 -49.70425415
vertex -68.62091827 -32.15181732 -49.70425415
vertex -66.53684998 -35.89740753 -58.66651154

endloop
endfacet
facet normal -0.6234187484 0.6592068076 -0.4204705656
outer loop
vertex -66.53684998 -35.89740753 -58.66651154
vertex -68.62091827 -32.15181732 -49.70425415
vertex -64.28497314 -33.76778412 -58.66651154

endloop
endfacet
facet normal -0.5588279963 0.5909071565 -0.581841886
outer loop
vertex -66.53686523 -35.89742279 -58.66650009
vertex -64.28499603 -33.76779938 -58.66649628
vertex -60.19333649 -37.46086884 -66.34692383

endloop
endfacet
facet normal -0.4810451865 0.6621063948 -0.5746396184
outer loop
vertex -60.19333649 -37.46086884 -66.34692383
vertex -64.28499603 -33.76779938 -58.66649628
vertex -58.31789398 -36.09828949 -66.34692383

endloop
endfacet
facet normal -0.4477370381 0.6162614226 -0.6478838325
outer loop
vertex -60.19333649 -37.46086884 -66.34692383
vertex -58.31789398 -36.09828949 -66.34692383
vertex -54.73177338 -39.32979584 -71.89898682

endloop
endfacet
facet normal -0.3712322116 0.6780170202 -0.6344127655
outer loop
vertex -54.73177338 -39.32979584 -71.89898682
vertex -58.31789398 -36.09828949 -66.34692383
vertex -53.6372757 -38.73052216 -71.89897919

endloop
endfacet
facet normal -0.2610285282 0.4767355919 -0.839396894
outer loop
vertex -54.73177338 -39.32976532 -71.89898682
vertex -53.6372757 -38.73049164 -71.89898682
vertex -49.27442169 -42.96595001 -75.66123962

endloop
endfacet
facet normal 0.2838463187 0.7847515345 -0.5509957671
outer loop
vertex -49.27442169 -42.96595001 -75.66123962
vertex -53.6372757 -38.73049164 -71.89898682
vertex -49.27440643 -42.96595001 -75.66123199

endloop
endfacet
facet normal 0.9898440242 0.1421578526 -0
outer loop
vertex -39.9265976 -50.56754303 154.0013885
vertex -39.9265976 -50.56754303 154.0013733
vertex -41.18334198 -41.81684113 154.640152

endloop
endfacet
facet normal 0.5381035209 0.1379784793 -0.8315085769
outer loop
vertex -41.18334198 -41.81684113 154.640152
vertex -39.9265976 -50.56754303 154.0013733
vertex -41.9532547 -40.71772003 154.324295

endloop
endfacet
facet normal -0.6304475069 -0.2284258157 0.7418609262
outer loop
vertex -41.18334198 -41.81684113 154.640152
vertex -41.9532547 -40.71772003 154.324295
vertex -50.51261139 -32.63677216 149.5385895

endloop
endfacet
facet normal -0.1830242127 0.3501722515 0.9186302423
outer loop
vertex -50.51261139 -32.63677216 149.5385895
vertex -41.9532547 -40.71772003 154.324295
vertex -48.49436188 -30.58036041 149.1568146

endloop
endfacet
facet normal -0.1900556535 0.3563646376 0.9148131609
outer loop
vertex -50.51261139 -32.63677216 149.5385895
vertex -48.49436188 -30.58036041 149.1568146
vertex -54.61977386 -18.08855438 143.0180664

endloop
endfacet
facet normal -0.07869170606 0.4083300829 0.9094361663
outer loop
vertex -54.61977386 -18.08855438 143.0180664
vertex -48.49436188 -30.58036041 149.1568146
vertex -51.45633698 -17.02864838 142.8159027

endloop
endfacet
facet normal -0.1039251983 0.4766765237 0.8729141951
outer loop
vertex -54.61977386 -18.08855438 143.0180664
vertex -51.45633698 -17.02864838 142.8159027
vertex -57.5200882 -8.514320374 137.444519

endloop
endfacet
facet normal 0.02916815877 0.5481105447 0.8358971477
outer loop
vertex -57.5200882 -8.514320374 137.444519
vertex -51.45633698 -17.02864838 142.8159027
vertex -54.07712555 -8.086296082 137.0437164

endloop
endfacet
facet normal -0.05298294127 0.8756642938 0.4800051153
outer loop
vertex -57.5200882 -8.514320374 137.444519
vertex -54.07712555 -8.086296082 137.0437164
vertex -61.84235382 -4.775168896 130.1461639

endloop
endfacet
facet normal -0.0912406072 0.8537831306 0.512571454
outer loop
vertex -61.84235382 -4.775168896 130.1461639
vertex -54.07712555 -8.086296082 137.0437164
vertex -58.16609955 -4.117209911 129.7046051

endloop
endfacet
facet normal -0.1555286497 0.9750973582 0.1581016034
outer loop
vertex -61.84235382 -4.775168896 130.1461639
vertex -58.16609955 -4.117209911 129.7046051
vertex -65.33204651 -3.765465021 120.485878

endloop
endfacet
facet normal -0.216106385 0.9547320008 0.2044131458
outer loop
vertex -65.33204651 -3.765465021 120.485878
vertex -58.16609955 -4.117209911 129.7046051
vertex -61.73897552 -2.914055109 120.3078918

endloop
endfacet
facet normal -0.2275795937 0.9721429348 0.05608612299
outer loop
vertex -65.33204651 -3.765465021 120.485878
vertex -61.73897552 -2.914055109 120.3078918
vertex -68.22238159 -3.883614063 110.8057022

endloop
endfacet
facet normal -0.2622222602 0.9616191387 0.08079684526
outer loop
vertex -68.22238159 -3.883614063 110.8057022
vertex -61.73897552 -2.914055109 120.3078918
vertex -64.48781586 -2.862343073 110.7712021

endloop
endfacet
facet normal -0.2543862164 0.9381669164 0.2347986996
outer loop
vertex -68.22238159 -3.883614063 110.8057022
vertex -64.48781586 -2.862343073 110.7712021
vertex -71.9517746 -2.583930969 101.5721512

endloop
endfacet
facet normal -0.2532702684 0.9386909604 0.2339091003
outer loop
vertex -71.9517746 -2.583930969 101.5721512
vertex -64.48781586 -2.862343073 110.7712021
vertex -67.97006226 -1.508949041 101.5694733

endloop
endfacet
facet normal -0.2525645792 0.9361041784 0.2447855175
outer loop
vertex -71.9517746 -2.583930969 101.5721512
vertex -67.97006226 -1.508949041 101.5694733
vertex -77.65896606 -1.805565 92.70697784

endloop
endfacet
facet normal -0.2364033163 0.9448086619 0.2268259376
outer loop
vertex -77.65896606 -1.805565 92.70697784
vertex -67.97006226 -1.508949041 101.5694733
vertex -73.49915314 -0.7647479773 92.7070694

endloop
endfacet
facet normal -0.2354338467 0.9409323335 0.2433458865
outer loop
vertex -77.65896606 -1.805565 92.70697784
vertex -73.49915314 -0.7647479773 92.7070694
vertex -82.77696991 -0.882224977 84.18515015

endloop
endfacet
facet normal -0.2233766168 0.9471755624 0.230133146
outer loop
vertex -82.77696991 -0.882224977 84.18515015
vertex -73.49915314 -0.7647479773 92.7070694
vertex -78.64628601 0.09192699939 84.18517303

endloop
endfacet
facet normal -0.2264272869 0.9601127505 0.1640557647
outer loop
vertex -82.77696991 -0.882224977 84.18515015
vertex -78.64628601 0.09192699939 84.18517303
vertex -86.5082016 -0.3806230128 76.09980774

endloop
endfacet
facet normal -0.14572981 0.9857442379 0.08409044147
outer loop
vertex -86.5082016 -0.3806230128 76.09980774
vertex -78.64628601 0.09192699939 84.18517303
vertex -82.53340149 0.2070080042 76.09972382

endloop
endfacet
facet normal -0.1449882686 0.980697751 -0.1311882883
outer loop
vertex -86.5082016 -0.3806230128 76.09980774
vertex -82.53340149 0.2070080042 76.09972382
vertex -90.53069305 -1.908118963 69.12664032

endloop
endfacet
facet normal -0.2241541296 0.9738007784 -0.03830244765
outer loop
vertex -90.53069305 -1.908118963 69.12664032
vertex -82.53340149 0.2070080042 76.09972382
vertex -86.58538818 -0.9999769926 69.12645721

endloop
endfacet
facet normal -0.2055212557 0.8927796483 -0.400881052
outer loop
vertex -90.53069305 -1.908118963 69.12664032
vertex -86.58538818 -0.9999769926 69.12645721
vertex -92.50989532 -5.09072113 63.05353165

endloop
endfacet
facet normal -0.292009443 0.9006498456 -0.3218080103
outer loop
vertex -92.50989532 -5.09072113 63.05353165
vertex -86.58538818 -0.9999769926 69.12645721
vertex -88.15424347 -3.678534985 63.05351257

endloop
endfacet
facet normal -0.2788918316 0.8601893783 -0.4269583523
outer loop
vertex -92.50989532 -5.09072113 63.05353165
vertex -88.15424347 -3.678534985 63.05351257
vertex -92.79605865 -8.397880554 56.57754898

endloop
endfacet
facet normal -0.3085753024 0.8603095412 -0.4057694972
outer loop
vertex -92.79605865 -8.397880554 56.57754898
vertex -88.15424347 -3.678534985 63.05351257
vertex -88.06984711 -6.702552795 56.57783127

endloop
endfacet
facet normal -0.3086851835 0.8606157303 -0.4050358236
outer loop
vertex -92.79605865 -8.397880554 56.57754898
vertex -88.06984711 -6.702552795 56.57783127
vertex -92.14804077 -11.5290451 49.43061829

endloop
endfacet
facet normal -0.3337362409 0.8585148454 -0.3893229961
outer loop
vertex -92.14804077 -11.5290451 49.43061829
vertex -88.06984711 -6.702552795 56.57783127
vertex -87.39211273 -9.680137634 49.43084717

endloop
endfacet
facet normal -0.3291485608 0.8467176557 -0.4180077612
outer loop
vertex -92.14804077 -11.5290451 49.43061829
vertex -87.39211273 -9.680137634 49.43084717
vertex -90.25935364 -14.61893463 41.68453598

endloop
endfacet
facet normal -0.3527329266 0.8427081108 -0.4067218006
outer loop
vertex -90.25935364 -14.61893463 41.68453598
vertex -87.39211273 -9.680137634 49.43084717
vertex -85.74655914 -12.73000336 41.68455124

endloop
endfacet
facet normal -0.3489105403 0.8335760832 -0.4282665849
outer loop
vertex -90.25935364 -14.61893463 41.68453598
vertex -85.74655914 -12.73000336 41.68455124
vertex -87.22316742 -17.66414642 33.28375626

endloop
endfacet
facet normal -0.3694535494 0.828166604 -0.4214785099
outer loop
vertex -87.22316742 -17.66414642 33.28375626
vertex -85.74655914 -12.73000336 41.68455124
vertex -82.96933746 -15.76647186 33.28375244

endloop
endfacet
facet normal -0.3652610481 0.818770349 -0.44294402
outer loop
vertex -87.22317505 -17.66414642 33.28377533
vertex -82.96933746 -15.76647186 33.28377151
vertex -83.47689819 -20.77310944 24.44767952

endloop
endfacet
facet normal -0.3997113109 0.8071751595 -0.4343951344
outer loop
vertex -83.47689819 -20.77310944 24.44767952
vertex -82.96933746 -15.76647186 33.28377151
vertex -79.35256958 -18.73075104 24.44767952

endloop
endfacet
facet normal -0.4019939601 0.8117845654 -0.4235641062
outer loop
vertex -83.47689819 -20.77310944 24.44767952
vertex -79.35256958 -18.73075104 24.44767952
vertex -79.62795258 -23.7077713 15.17029762

endloop
endfacet
facet normal -0.4635725319 0.786457181 -0.4081489444
outer loop
vertex -79.62795258 -23.7077713 15.17029762
vertex -79.35256958 -18.73075104 24.44767952
vertex -75.65524292 -21.36608124 15.17029762

endloop
endfacet
facet normal -0.4765767455 0.8085121512 -0.3452284634
outer loop
vertex -79.62795258 -23.70778656 15.17031479
vertex -75.65525055 -21.36608124 15.17031479
vertex -76.57842255 -26.02165985 5.541532993

endloop
endfacet
facet normal -0.5431823134 0.7751245499 -0.3226994276
outer loop
vertex -76.57842255 -26.02165985 5.541532993
vertex -75.65525055 -21.36608124 15.17031479
vertex -72.64259338 -23.26355743 5.541532993

endloop
endfacet
facet normal -0.5646197796 0.8057158589 -0.178959474
outer loop
vertex -76.57842255 -26.02165985 5.541532993
vertex -72.64259338 -23.26355743 5.541532993
vertex -74.71256256 -26.86539459 -4.143967152

endloop
endfacet
facet normal -0.5909837484 0.7891714573 -0.1671724468
outer loop
vertex -74.71256256 -26.86539459 -4.143967152
vertex -72.64259338 -23.26355743 5.541532993
vertex -70.81486511 -23.94654083 -4.143966198

endloop
endfacet
facet normal -0.5993905067 0.8003990054 -0.009616738185
outer loop
vertex -74.71257019 -26.86537933 -4.143949032
vertex -70.81486511 -23.94652557 -4.143949032
vertex -73.82963562 -26.31731415 -13.56002235

endloop
endfacet
facet normal -0.548750937 0.8352691531 -0.03460980952
outer loop
vertex -73.82963562 -26.31731415 -13.56002235
vertex -70.81486511 -23.94652557 -4.143949032
vertex -69.6558609 -23.57524872 -13.5600214

endloop
endfacet
facet normal -0.5490474105 0.8357204199 -0.01087791845
outer loop
vertex -73.82963562 -26.31731415 -13.56002235
vertex -69.6558609 -23.57524872 -13.5600214
vertex -73.48647308 -26.20740509 -22.43665695

endloop
endfacet
facet normal -0.4978172779 0.8662623167 -0.04204217717
outer loop
vertex -73.48647308 -26.20740509 -22.43665695
vertex -69.6558609 -23.57524872 -13.5600214
vertex -69.31037903 -23.80751801 -22.43665504

endloop
endfacet
facet normal -0.4894894063 0.8517746329 -0.1867620647
outer loop
vertex -73.48645782 -26.20738983 -22.43664169
vertex -69.3103714 -23.80751801 -22.43664169
vertex -72.88830566 -27.77944183 -31.17408562

endloop
endfacet
facet normal -0.4480499923 0.8686537743 -0.2114043087
outer loop
vertex -72.88830566 -27.77944183 -31.17408562
vertex -69.3103714 -23.80751801 -22.43664169
vertex -68.93171692 -25.73863983 -31.1740818

endloop
endfacet
facet normal -0.4360763729 0.8454402089 -0.3083314598
outer loop
vertex -72.88830566 -27.77944183 -31.17408562
vertex -68.93171692 -25.73863983 -31.1740818
vertex -71.21457672 -30.26558685 -40.35823059

endloop
endfacet
facet normal -0.4248628616 0.8493990302 -0.3130700886
outer loop
vertex -71.21457672 -30.26558685 -40.35823059
vertex -68.93171692 -25.73863983 -31.1740818
vertex -67.577034 -28.44611359 -40.35822296

endloop
endfacet
facet normal -0.4279327393 0.8555383682 -0.291423589
outer loop
vertex -71.21458435 -30.26558685 -40.35821152
vertex -67.577034 -28.44611359 -40.35820389
vertex -68.62091827 -32.15181732 -49.70425415

endloop
endfacet
facet normal -0.4808817208 0.8321354985 -0.276230365
outer loop
vertex -68.62091827 -32.15181732 -49.70425415
vertex -67.577034 -28.44611359 -40.35820389
vertex -65.52271271 -30.36139679 -49.70424652

endloop
endfacet
facet normal -0.4648532271 0.8043997288 -0.3699359596
outer loop
vertex -68.62091827 -32.15181732 -49.70425415
vertex -65.52271271 -30.36139679 -49.70424652
vertex -64.28497314 -33.76778412 -58.66651154

endloop
endfacet
facet normal -0.5327708721 0.7639954686 -0.363958925
outer loop
vertex -64.28497314 -33.76778412 -58.66651154
vertex -65.52271271 -30.36139679 -49.70424652
vertex -61.75844574 -32.00591278 -58.66650772

endloop
endfacet
facet normal -0.4700759053 0.67409724 -0.5697557926
outer loop
vertex -64.28499603 -33.76779938 -58.66649628
vertex -61.75844574 -32.00592804 -58.66649246
vertex -58.31789398 -36.09828949 -66.34692383

endloop
endfacet
facet normal -0.48287341 0.6644718647 -0.5703599453
outer loop
vertex -58.31789398 -36.09828949 -66.34692383
vertex -61.75844574 -32.00592804 -58.66649246
vertex -56.37644196 -34.68743134 -66.34692383

endloop
endfacet
facet normal -0.4415133595 0.6075571775 -0.6602576971
outer loop
vertex -58.31789398 -36.09828949 -66.34692383
vertex -56.37644196 -34.68743134 -66.34692383
vertex -53.6372757 -38.73052216 -71.89897919

endloop
endfacet
facet normal -0.4319458306 0.6142392755 -0.6604035497
outer loop
vertex -53.6372757 -38.73052216 -71.89897919
vertex -56.37644196 -34.68743134 -66.34692383
vertex -52.6087265 -38.00722504 -71.89897919

endloop
endfacet
facet normal -0.3065266609 0.435898602 -0.84618783
outer loop
vertex -53.6372757 -38.73049164 -71.89898682
vertex -52.6087265 -38.00719452 -71.89897919
vertex -49.27440643 -42.96595001 -75.66123199

endloop
endfacet
facet normal 0.3823595643 -0.3823595643 0.8411909938
outer loop
vertex -49.27440643 -42.96595001 -75.66123199
vertex -52.6087265 -38.00719452 -71.89897919
vertex -49.27442169 -42.96596527 -75.66123199

endloop
endfacet
facet normal -0.9794815183 -0.2015338987 -0
outer loop
vertex -39.9265976 -50.56754303 154.0013733
vertex -39.9265976 -50.56754303 154.0013885
vertex -41.9532547 -40.71772003 154.324295

endloop
endfacet
facet normal 0.6868114471 0.1178025752 0.7172256708
outer loop
vertex -41.9532547 -40.71772003 154.324295
vertex -39.9265976 -50.56754303 154.0013885
vertex -41.70687103 -38.77313995 153.7689667

endloop
endfacet
facet normal -0.2663983107 0.2957344949 0.9173728824
outer loop
vertex -41.9532547 -40.71772003 154.324295
vertex -41.70687103 -38.77313995 153.7689667
vertex -48.49436188 -30.58036041 149.1568146

endloop
endfacet
facet normal -0.1465767771 0.3902668655 0.9089593291
outer loop
vertex -48.49436188 -30.58036041 149.1568146
vertex -41.70687103 -38.77313995 153.7689667
vertex -45.95842743 -28.7831192 148.7940979

endloop
endfacet
facet normal -0.1482282281 0.3923609555 0.9077892303
outer loop
vertex -48.49436188 -30.58036041 149.1568146
vertex -45.95842743 -28.7831192 148.7940979
vertex -51.45633698 -17.02864838 142.8159027

endloop
endfacet
facet normal -0.05697367713 0.431291461 0.9004119039
outer loop
vertex -51.45633698 -17.02864838 142.8159027
vertex -45.95842743 -28.7831192 148.7940979
vertex -48.28307343 -16.60216522 142.8124084

endloop
endfacet
facet normal -0.06982569396 0.526471436 0.8473205566
outer loop
vertex -51.45633698 -17.02864838 142.8159027
vertex -48.28307343 -16.60218048 142.8124237
vertex -54.07712555 -8.086296082 137.0437164

endloop
endfacet
facet normal 0.01834451407 0.5692713261 0.8219450116
outer loop
vertex -54.07712555 -8.086296082 137.0437164
vertex -48.28307343 -16.60218048 142.8124237
vertex -51.01859283 -8.168464661 137.0323639

endloop
endfacet
facet normal 0.02550531738 0.885197401 0.4645159543
outer loop
vertex -54.07712555 -8.086296082 137.0437164
vertex -51.01859283 -8.168464661 137.0323639
vertex -58.16609955 -4.117209911 129.7046051

endloop
endfacet
facet normal -0.01218392048 0.8700108528 0.4928819537
outer loop
vertex -58.16609955 -4.117209911 129.7046051
vertex -51.01859283 -8.168464661 137.0323639
vertex -54.72751617 -4.017386913 129.6134033

endloop
endfacet
facet normal -0.02513318509 0.9903406501 0.1363594681
outer loop
vertex -58.16609955 -4.117209911 129.7046051
vertex -54.72751617 -4.017386913 129.6134033
vertex -61.73897552 -2.914055109 120.3078918

endloop
endfacet
facet normal -0.08731506765 0.9794294238 0.181918174
outer loop
vertex -61.73897552 -2.914055109 120.3078918
vertex -54.72751617 -4.017386913 129.6134033
vertex -58.04764557 -2.570717096 120.2311172

endloop
endfacet
facet normal -0.09190760553 0.9952569008 0.03188801184
outer loop
vertex -61.73897552 -2.914055109 120.3078918
vertex -58.04764557 -2.570717096 120.2311172
vertex -64.48781586 -2.862343073 110.7712021

endloop
endfacet
facet normal -0.1440630406 0.9872540832 0.0676413551
outer loop
vertex -64.48781586 -2.862343073 110.7712021
vertex -58.04764557 -2.570717096 120.2311172
vertex -60.76836395 -2.319053888 110.763382

endloop
endfacet
facet normal -0.1413203329 0.9703275561 0.1961965859
outer loop
vertex -64.48781586 -2.862343073 110.7712021
vertex -60.76836395 -2.319053888 110.763382
vertex -67.97006226 -1.508949041 101.5694733

endloop
endfacet
facet normal -0.1274528503 0.9743084311 0.1856847703
outer loop
vertex -67.97006226 -1.508949041 101.5694733
vertex -60.76836395 -2.319053888 110.763382
vertex -64.14965057 -1.009269953 101.5699081

endloop
endfacet
facet normal -0.1279921383 0.9784523249 0.1620153487
outer loop
vertex -67.97006226 -1.508949041 101.5694733
vertex -64.14965057 -1.009269953 101.5699081
vertex -73.49915314 -0.7647479773 92.7070694

endloop
endfacet
facet normal -0.05521198735 0.9947909117 0.08568958193
outer loop
vertex -73.49915314 -0.7647479773 92.7070694
vertex -64.14965057 -1.009269953 101.5699081
vertex -69.50811768 -0.543250978 92.70718384

endloop
endfacet
facet normal -0.05492737889 0.9896383882 0.1326602548
outer loop
vertex -73.49915314 -0.7647479773 92.7070694
vertex -69.50811768 -0.543250978 92.70718384
vertex -78.64628601 0.09192699939 84.18517303

endloop
endfacet
facet normal -0.005312818568 0.9967814684 0.0799908638
outer loop
vertex -78.64628601 0.09192699939 84.18517303
vertex -69.50811768 -0.543250978 92.70718384
vertex -74.50576019 0.1139909998 84.18523407

endloop
endfacet
facet normal -0.005328211468 0.9998447299 0.01679245196
outer loop
vertex -78.64628601 0.09192699939 84.18517303
vertex -74.50576019 0.1139909998 84.18523407
vertex -82.53340149 0.2070080042 76.09972382

endloop
endfacet
facet normal 0.04828188941 0.9981683493 -0.03645323962
outer loop
vertex -82.53340149 0.2070080042 76.09972382
vertex -74.50576019 0.1139909998 84.18523407
vertex -78.41069031 0.007590999827 76.09973907

endloop
endfacet
facet normal 0.04736761004 0.979254365 -0.1970207542
outer loop
vertex -82.53340149 0.2070080042 76.09972382
vertex -78.41069031 0.007590999827 76.09973907
vertex -86.58538818 -0.9999769926 69.12645721

endloop
endfacet
facet normal 0.02686811611 0.9844256043 -0.1737366468
outer loop
vertex -86.58538818 -0.9999769926 69.12645721
vertex -78.41069031 0.007590999827 76.09973907
vertex -82.54192352 -1.110358953 69.12632751

endloop
endfacet
facet normal 0.02489114739 0.9122821689 -0.4088051915
outer loop
vertex -86.58538818 -0.9999769926 69.12645721
vertex -82.54192352 -1.110358953 69.12632751
vertex -88.15424347 -3.678534985 63.05351257

endloop
endfacet
facet normal -0.008410204202 0.9237588048 -0.3828824759
outer loop
vertex -88.15424347 -3.678534985 63.05351257
vertex -82.54192352 -1.110358953 69.12632751
vertex -83.68540192 -3.637993097 63.05316544

endloop
endfacet
facet normal -0.008252236992 0.9060019851 -0.4231929481
outer loop
vertex -88.15424347 -3.678534985 63.05351257
vertex -83.68540192 -3.637993097 63.05316544
vertex -88.06984711 -6.702552795 56.57783127

endloop
endfacet
facet normal 0.01692991517 0.8992733359 -0.4370593131
outer loop
vertex -88.06984711 -6.702552795 56.57783127
vertex -83.68540192 -3.637993097 63.05316544
vertex -83.08113861 -6.796485901 56.57780075

endloop
endfacet
facet normal 0.01738705859 0.9235365391 -0.3831161261
outer loop
vertex -88.06984711 -6.702552795 56.57783127
vertex -83.08113861 -6.796485901 56.57780075
vertex -87.39211273 -9.680137634 49.43084717

endloop
endfacet
facet normal 0.02262552083 0.9223124385 -0.3857820034
outer loop
vertex -87.39211273 -9.680137634 49.43084717
vertex -83.08113861 -6.796485901 56.57780075
vertex -82.37992096 -9.803016663 49.43103027

endloop
endfacet
facet normal 0.02285924368 0.9318808913 -0.3620434403
outer loop
vertex -87.39211273 -9.680137634 49.43084717
vertex -82.37992096 -9.803016663 49.43103027
vertex -85.74655914 -12.73000336 41.68455124

endloop
endfacet
facet normal -0.01330641843 0.937266171 -0.3483605683
outer loop
vertex -85.74655914 -12.73000336 41.68455124
vertex -82.37992096 -9.803016663 49.43103027
vertex -80.91873169 -12.66144562 41.68459702

endloop
endfacet
facet normal -0.01333035808 0.9389516115 -0.3437909484
outer loop
vertex -85.74655914 -12.73000336 41.68455124
vertex -80.91873169 -12.66144562 41.68459702
vertex -82.96933746 -15.76647186 33.28375244

endloop
endfacet
facet normal -0.06200576946 0.9410033822 -0.3326677978
outer loop
vertex -82.96933746 -15.76647186 33.28375244
vertex -80.91873169 -12.66144562 41.68459702
vertex -78.25858307 -15.45606232 33.28376007

endloop
endfacet
facet normal -0.06183142215 0.9383535981 -0.3401019573
outer loop
vertex -82.96933746 -15.76647186 33.28377151
vertex -78.25858307 -15.45606232 33.28377533
vertex -79.35256958 -18.73075104 24.44767952

endloop
endfacet
facet normal -0.1304007024 0.9348233938 -0.3303041458
outer loop
vertex -79.35256958 -18.73075104 24.44767952
vertex -78.25858307 -15.45606232 33.28377533
vertex -74.85705566 -18.10366058 24.44768143

endloop
endfacet
facet normal -0.1309443116 0.9387203455 -0.3188380003
outer loop
vertex -79.35256958 -18.73075104 24.44767952
vertex -74.85705566 -18.10366058 24.44768143
vertex -75.65524292 -21.36608124 15.17029762

endloop
endfacet
facet normal -0.1960477233 0.9302211404 -0.3102480173
outer loop
vertex -75.65524292 -21.36608124 15.17029762
vertex -74.85705566 -18.10366058 24.44768143
vertex -71.34579468 -20.4578476 15.17029953

endloop
endfacet
facet normal -0.1997127831 0.9476285577 -0.249228701
outer loop
vertex -75.65525055 -21.36608124 15.17031479
vertex -71.34579468 -20.45786285 15.17031574
vertex -72.64259338 -23.26355743 5.541532993

endloop
endfacet
facet normal -0.2690652907 0.9337959886 -0.2358577549
outer loop
vertex -72.64259338 -23.26355743 5.541532993
vertex -71.34579468 -20.45786285 15.17031574
vertex -68.38462067 -22.03665924 5.541533947

endloop
endfacet
facet normal -0.2749041021 0.9540598392 -0.1191530824
outer loop
vertex -72.64259338 -23.26355743 5.541532993
vertex -68.38462067 -22.03665924 5.541533947
vertex -70.81486511 -23.94654083 -4.143966198

endloop
endfacet
facet normal -0.2826898396 0.95207268 -0.1168076545
outer loop
vertex -70.81486511 -23.94654083 -4.143966198
vertex -68.38462067 -22.03665924 5.541533947
vertex -66.37084961 -22.62702179 -4.143967152

endloop
endfacet
facet normal -0.2846372128 0.9586313367 0.002763552591
outer loop
vertex -70.81486511 -23.94652557 -4.143949032
vertex -66.37084961 -22.62700653 -4.143949986
vertex -69.6558609 -23.57524872 -13.5600214

endloop
endfacet
facet normal -0.2153806239 0.9762551785 -0.0231729988
outer loop
vertex -69.6558609 -23.57524872 -13.5600214
vertex -66.37084961 -22.62700653 -4.143949986
vertex -64.95475006 -22.53809357 -13.56002331

endloop
endfacet
facet normal -0.2153145373 0.9759555459 -0.03391732648
outer loop
vertex -69.6558609 -23.57524872 -13.5600214
vertex -64.95475006 -22.53809357 -13.56002331
vertex -69.31037903 -23.80751801 -22.43665504

endloop
endfacet
facet normal -0.1435214132 0.9871156216 -0.07074110955
outer loop
vertex -69.31037903 -23.80751801 -22.43665504
vertex -64.95475006 -22.53809357 -13.56002331
vertex -64.62909698 -23.12688446 -22.43665695

endloop
endfacet
facet normal -0.1403771192 0.9654678106 -0.2194682062
outer loop
vertex -69.3103714 -23.80751801 -22.43664169
vertex -64.62908936 -23.1268692 -22.4366436
vertex -68.93171692 -25.73863983 -31.1740818

endloop
endfacet
facet normal -0.133712545 0.9656496048 -0.2228044271
outer loop
vertex -68.93171692 -25.73863983 -31.1740818
vertex -64.62908936 -23.1268692 -22.4366436
vertex -64.59339142 -25.13791656 -31.17408371

endloop
endfacet
facet normal -0.1309263706 0.9455279112 -0.2980524898
outer loop
vertex -68.93171692 -25.73863983 -31.1740818
vertex -64.59339142 -25.13791656 -31.17408371
vertex -67.577034 -28.44611359 -40.35822296

endloop
endfacet
facet normal -0.1934812069 0.9414098859 -0.2762469947
outer loop
vertex -67.577034 -28.44611359 -40.35822296
vertex -64.59339142 -25.13791656 -31.17408371
vertex -63.7060318 -27.65053558 -40.35822678

endloop
endfacet
facet normal -0.1955299377 0.9513931274 -0.2379476279
outer loop
vertex -67.577034 -28.44611359 -40.35820389
vertex -63.70604706 -27.65055084 -40.3582077
vertex -65.52271271 -30.36139679 -49.70424652

endloop
endfacet
facet normal -0.28142187 0.9348524809 -0.2164544612
outer loop
vertex -65.52271271 -30.36139679 -49.70424652
vertex -63.70604706 -27.65055084 -40.3582077
vertex -62.11920929 -29.33683014 -49.70425415

endloop
endfacet
facet normal -0.2763429582 0.9179803729 -0.2845110297
outer loop
vertex -65.52271271 -30.36139679 -49.70424652
vertex -62.11920929 -29.33683014 -49.70425415
vertex -61.75844574 -32.00591278 -58.66650772

endloop
endfacet
facet normal -0.3943228722 0.8762808442 -0.2768414617
outer loop
vertex -61.75844574 -32.00591278 -58.66650772
vertex -62.11920929 -29.33683014 -49.70425415
vertex -58.97795868 -30.75470734 -58.66651535

endloop
endfacet
facet normal -0.350967288 0.7799094319 -0.5182309151
outer loop
vertex -61.75844574 -32.00592804 -58.66649246
vertex -58.97797394 -30.75469208 -58.66650009
vertex -56.37644196 -34.68743134 -66.34692383

endloop
endfacet
facet normal -0.480181694 0.704074502 -0.523167789
outer loop
vertex -56.37644196 -34.68743134 -66.34692383
vertex -58.97797394 -30.75469208 -58.66650009
vertex -54.51366425 -33.41701508 -66.34693146

endloop
endfacet
facet normal -0.4237495065 0.6213287711 -0.6590803862
outer loop
vertex -56.37644196 -34.68743134 -66.34692383
vertex -54.51366425 -33.41701508 -66.34693146
vertex -52.6087265 -38.00722504 -71.89897919

endloop
endfacet
facet normal -0.4813424349 0.5872859359 -0.6506955624
outer loop
vertex -52.6087265 -38.00722504 -71.89897919
vertex -54.51366425 -33.41701508 -66.34693146
vertex -51.72345734 -37.28165436 -71.89897919

endloop
endfacet
facet normal -0.3388263583 0.4134004712 -0.8451608419
outer loop
vertex -52.6087265 -38.00719452 -71.89897919
vertex -51.72344208 -37.28162384 -71.89898682
vertex -49.27442169 -42.96596527 -75.66123199

endloop
endfacet
facet normal -0.68846488 0.1700425297 -0.7050544024
outer loop
vertex -49.27442169 -42.96596527 -75.66123199
vertex -51.72344208 -37.28162384 -71.89898682
vertex -49.27440643 -42.96593475 -75.66123962

endloop
endfacet
facet normal 0.988799274 0.1492515653 -0
outer loop
vertex -39.9265976 -50.56754303 154.0013885
vertex -39.9265976 -50.56754303 154.0013733
vertex -41.70687103 -38.77313995 153.7689667

endloop
endfacet
facet normal 0.3408179879 0.06991760433 0.9375258088
outer loop
vertex -41.70687103 -38.77313995 153.7689667
vertex -39.9265976 -50.56754303 154.0013733
vertex -40.50875092 -36.67108917 153.176651

endloop
endfacet
facet normal -0.1972923428 0.368441999 0.9084746838
outer loop
vertex -41.70687103 -38.77313995 153.7689667
vertex -40.50875092 -36.67108917 153.176651
vertex -45.95842743 -28.7831192 148.7940979

endloop
endfacet
facet normal -0.05590260401 0.4551234543 0.8886718154
outer loop
vertex -45.95842743 -28.7831192 148.7940979
vertex -40.50875092 -36.67108917 153.176651
vertex -43.45955658 -27.61429596 148.3526917

endloop
endfacet
facet normal -0.04383442178 0.4336126447 0.9000325799
outer loop
vertex -45.95842743 -28.7831192 148.7940979
vertex -43.45955658 -27.61429596 148.3526917
vertex -48.28307343 -16.60216522 142.8124084

endloop
endfacet
facet normal 0.08328106254 0.476742357 0.8750891685
outer loop
vertex -48.28307343 -16.60216522 142.8124084
vertex -43.45955658 -27.61429596 148.3526917
vertex -45.4471817 -17.11327362 142.8209686

endloop
endfacet
facet normal 0.1029837504 0.584831059 0.8045911789
outer loop
vertex -48.28307343 -16.60218048 142.8124237
vertex -45.44719696 -17.11328888 142.8209534
vertex -51.01859283 -8.168464661 137.0323639

endloop
endfacet
facet normal 0.09021678567 0.5800846815 0.8095447421
outer loop
vertex -51.01859283 -8.168464661 137.0323639
vertex -45.44719696 -17.11328888 142.8209534
vertex -48.43848419 -9.097007751 137.4101868

endloop
endfacet
facet normal 0.2674205303 0.8916816115 0.3652260005
outer loop
vertex -51.01859283 -8.168464661 137.0323639
vertex -48.43848419 -9.097007751 137.4101868
vertex -54.72751617 -4.017386913 129.6134033

endloop
endfacet
facet normal 0.09062893689 0.8662754297 0.4912772477
outer loop
vertex -54.72751617 -4.017386913 129.6134033
vertex -48.43848419 -9.097007751 137.4101868
vertex -51.63871002 -4.511147022 129.9142456

endloop
endfacet
facet normal 0.1476111412 0.9840284586 0.09949348122
outer loop
vertex -54.72751617 -4.017386913 129.6134033
vertex -51.63871002 -4.511147022 129.9142456
vertex -58.04764557 -2.570717096 120.2311172

endloop
endfacet
facet normal -0.008719336241 0.9793416858 0.2020241469
outer loop
vertex -58.04764557 -2.570717096 120.2311172
vertex -51.63871002 -4.511147022 129.9142456
vertex -54.34752655 -2.540000916 120.2419128

endloop
endfacet
facet normal -0.008382172324 0.9995448589 0.02897780389
outer loop
vertex -58.04764557 -2.570717096 120.2311172
vertex -54.34752655 -2.540000916 120.2419128
vertex -60.76836395 -2.319053888 110.763382

endloop
endfacet
facet normal -0.04205549508 0.997774303 0.05174712837
outer loop
vertex -60.76836395 -2.319053888 110.763382
vertex -54.34752655 -2.540000916 120.2419128
vertex -57.09311676 -2.164024115 110.761055

endloop
endfacet
facet normal -0.04153098166 0.9869028926 0.1558777243
outer loop
vertex -60.76836395 -2.319053888 110.763382
vertex -57.09311676 -2.164024115 110.761055
vertex -64.14965057 -1.009269953 101.5699081

endloop
endfacet
facet normal 0.004859511741 0.9926428199 0.1209824085
outer loop
vertex -64.14965057 -1.009269953 101.5699081
vertex -57.09311676 -2.164024115 110.761055
vertex -60.40758514 -1.027580023 101.5698318

endloop
endfacet
facet normal 0.004887977149 0.9987590909 0.04956135526
outer loop
vertex -64.14965057 -1.009269953 101.5699081
vertex -60.40758514 -1.027580023 101.5698318
vertex -69.50811768 -0.543250978 92.70718384

endloop
endfacet
facet normal 0.04686945304 0.9988800883 0.006459658965
outer loop
vertex -69.50811768 -0.543250978 92.70718384
vertex -60.40758514 -1.027580023 101.5698318
vertex -65.59536743 -0.726845026 92.70718384

endloop
endfacet
facet normal 0.04681299254 0.9976769686 0.04949108511
outer loop
vertex -69.50811768 -0.543250978 92.70718384
vertex -65.59536743 -0.726845026 92.70718384
vertex -74.50576019 0.1139909998 84.18523407

endloop
endfacet
facet normal 0.09124585986 0.995824337 0.002850087592
outer loop
vertex -74.50576019 0.1139909998 84.18523407
vertex -65.59536743 -0.726845026 92.70718384
vertex -70.5057373 -0.2525250018 84.18522644

endloop
endfacet
facet normal 0.09109736234 0.9942048788 -0.05707902834
outer loop
vertex -74.50576019 0.1139909998 84.18523407
vertex -70.5057373 -0.2525250018 84.18522644
vertex -78.41069031 0.007590999827 76.09973907

endloop
endfacet
facet normal 0.1192115098 0.9892472625 -0.08472492546
outer loop
vertex -78.41069031 0.007590999827 76.09973907
vertex -70.5057373 -0.2525250018 84.18522644
vertex -74.45011902 -0.4696879983 76.09972382

endloop
endfacet
facet normal 0.1165957972 0.9675459862 -0.2241875976
outer loop
vertex -78.41069031 0.007590999827 76.09973907
vertex -74.45011902 -0.4696879983 76.09972382
vertex -82.54192352 -1.110358953 69.12632751

endloop
endfacet
facet normal 0.1805571467 0.9380626678 -0.2956984639
outer loop
vertex -82.54192352 -1.110358953 69.12632751
vertex -74.45011902 -0.4696879983 76.09972382
vertex -78.68497467 -1.852730036 69.12635803

endloop
endfacet
facet normal 0.1727302223 0.8973938823 -0.4060153067
outer loop
vertex -82.54192352 -1.110358953 69.12632751
vertex -78.68497467 -1.852730036 69.12635803
vertex -83.68540192 -3.637993097 63.05316544

endloop
endfacet
facet normal 0.2688786387 0.8414263725 -0.4687280357
outer loop
vertex -83.68540192 -3.637993097 63.05316544
vertex -78.68497467 -1.852730036 69.12635803
vertex -79.56607056 -4.954338074 63.05315018

endloop
endfacet
facet normal 0.2789982855 0.8730936646 -0.3998341262
outer loop
vertex -83.68540192 -3.637993097 63.05316544
vertex -79.56607056 -4.954338074 63.05315018
vertex -83.08113861 -6.796485901 56.57780075

endloop
endfacet
facet normal 0.3427968025 0.8380317092 -0.4244917333
outer loop
vertex -83.08113861 -6.796485901 56.57780075
vertex -79.56607056 -4.954338074 63.05315018
vertex -78.64966583 -8.60912323 56.57791138

endloop
endfacet
facet normal 0.3570945859 0.8729922175 -0.3322167099
outer loop
vertex -83.08113861 -6.796485901 56.57780075
vertex -78.64966583 -8.60912323 56.57791138
vertex -82.37992096 -9.803016663 49.43103027

endloop
endfacet
facet normal 0.3452061117 0.8796706796 -0.3271273077
outer loop
vertex -82.37992096 -9.803016663 49.43103027
vertex -78.64966583 -8.60912323 56.57791138
vertex -77.87261963 -11.57175446 49.43115616

endloop
endfacet
facet normal 0.3522642553 0.8976615071 -0.2647898495
outer loop
vertex -82.37992096 -9.803016663 49.43103027
vertex -77.87261963 -11.57175446 49.43115616
vertex -80.91873169 -12.66144562 41.68459702

endloop
endfacet
facet normal 0.2835211754 0.9279246926 -0.2420156747
outer loop
vertex -80.91873169 -12.66144562 41.68459702
vertex -77.87261963 -11.57175446 49.43115616
vertex -76.31477356 -14.06815338 41.68460083

endloop
endfacet
facet normal 0.2850434184 0.9329067469 -0.2200803161
outer loop
vertex -80.91873169 -12.66144562 41.68459702
vertex -76.31477356 -14.06815338 41.68460083
vertex -78.25858307 -15.45606232 33.28376007

endloop
endfacet
facet normal 0.2129800767 0.954869628 -0.2070346177
outer loop
vertex -78.25858307 -15.45606232 33.28376007
vertex -76.31477356 -14.06815338 41.68460083
vertex -73.58803558 -16.49781036 33.28376007

endloop
endfacet
facet normal 0.2131076753 0.9554417133 -0.2042457014
outer loop
vertex -78.25858307 -15.45606232 33.28377533
vertex -73.58803558 -16.49781036 33.28377533
vertex -74.85705566 -18.10366058 24.44768143

endloop
endfacet
facet normal 0.1480678767 0.9690797925 -0.1973833889
outer loop
vertex -74.85705566 -18.10366058 24.44768143
vertex -73.58803558 -16.49781036 33.28377533
vertex -70.30744934 -18.79880524 24.44768143

endloop
endfacet
facet normal 0.1482837945 0.9704928398 -0.1901461631
outer loop
vertex -74.85705566 -18.10366058 24.44768143
vertex -70.30744934 -18.79880524 24.44768143
vertex -71.34579468 -20.4578476 15.17029953

endloop
endfacet
facet normal 0.1042593494 0.9769319892 -0.186370343
outer loop
vertex -71.34579468 -20.4578476 15.17029953
vertex -70.30744934 -18.79880524 24.44768143
vertex -66.87944794 -20.93450165 15.17029858

endloop
endfacet
facet normal 0.1052244902 0.9860052466 -0.1293116361
outer loop
vertex -71.34579468 -20.45786285 15.17031574
vertex -66.87945557 -20.93450165 15.17031479
vertex -68.38462067 -22.03665924 5.541533947

endloop
endfacet
facet normal 0.06270018965 0.9904031754 -0.1231676713
outer loop
vertex -68.38462067 -22.03665924 5.541533947
vertex -66.87945557 -20.93450165 15.17031479
vertex -64.11437225 -22.30699921 5.541532993

endloop
endfacet
facet normal 0.06310953945 0.9968688488 -0.04764088243
outer loop
vertex -68.38462067 -22.03665924 5.541533947
vertex -64.11437225 -22.30699921 5.541532993
vertex -66.37084961 -22.62702179 -4.143967152

endloop
endfacet
facet normal 0.07388465852 0.9960063696 -0.05012272298
outer loop
vertex -66.37084961 -22.62702179 -4.143967152
vertex -64.11437225 -22.30699921 5.541532993
vertex -61.93787384 -22.95586395 -4.143967152

endloop
endfacet
facet normal 0.07396545261 0.9970492721 0.02053861134
outer loop
vertex -66.37084961 -22.62700653 -4.143949986
vertex -61.93787384 -22.95586395 -4.143949986
vertex -64.95475006 -22.53809357 -13.56002331

endloop
endfacet
facet normal 0.1723796129 0.9849630594 -0.0115291737
outer loop
vertex -64.95475006 -22.53809357 -13.56002331
vertex -61.93787384 -22.95586395 -4.143949986
vertex -60.50914764 -23.31612396 -13.56002331

endloop
endfacet
facet normal 0.1720916927 0.983317852 -0.05891044438
outer loop
vertex -64.95475006 -22.53809357 -13.56002331
vertex -60.50914764 -23.31612396 -13.56002331
vertex -64.62909698 -23.12688446 -22.43665695

endloop
endfacet
facet normal 0.2350957245 0.9679365754 -0.08848068118
outer loop
vertex -64.62909698 -23.12688446 -22.43665695
vertex -60.50914764 -23.31612396 -13.56002331
vertex -60.24382782 -24.19199371 -22.43665886

endloop
endfacet
facet normal 0.2303775102 0.9485121369 -0.2173724622
outer loop
vertex -64.62908936 -23.1268692 -22.4366436
vertex -60.24381256 -24.19197845 -22.4366436
vertex -64.59339142 -25.13791656 -31.17408371

endloop
endfacet
facet normal 0.1589690745 0.9699581861 -0.1841464937
outer loop
vertex -64.59339142 -25.13791656 -31.17408371
vertex -60.24381256 -24.19197845 -22.4366436
vertex -60.42176056 -25.82161713 -31.17408752

endloop
endfacet
facet normal 0.1567439735 0.9563820958 -0.2465048283
outer loop
vertex -64.59339142 -25.13791656 -31.17408371
vertex -60.42176056 -25.82161713 -31.17408752
vertex -63.7060318 -27.65053558 -40.35822678

endloop
endfacet
facet normal 0.008217942901 0.980142653 -0.1981231868
outer loop
vertex -63.7060318 -27.65053558 -40.35822678
vertex -60.42176056 -25.82161713 -31.17408752
vertex -59.87525177 -27.68265533 -40.35823059

endloop
endfacet
facet normal 0.008245131001 0.9843201637 -0.1761980355
outer loop
vertex -63.70604706 -27.65055084 -40.3582077
vertex -59.87525177 -27.68264008 -40.35821152
vertex -62.11920929 -29.33683014 -49.70425415

endloop
endfacet
facet normal -0.07616781443 0.9848131537 -0.1560179889
outer loop
vertex -62.11920929 -29.33683014 -49.70425415
vertex -59.87525177 -27.68264008 -40.35821152
vertex -58.46344757 -29.05408478 -49.70425415

endloop
endfacet
facet normal -0.07582867891 0.9804284573 -0.1816867292
outer loop
vertex -62.11920929 -29.33683014 -49.70425415
vertex -58.46344757 -29.05408478 -49.70425415
vertex -58.97795868 -30.75470734 -58.66651535

endloop
endfacet
facet normal -0.1760012507 0.9689338207 -0.1737548262
outer loop
vertex -58.97795868 -30.75470734 -58.66651535
vertex -58.46344757 -29.05408478 -49.70425415
vertex -55.95954132 -30.20642853 -58.66651154

endloop
endfacet
facet normal -0.1632859409 0.8989343643 -0.4065152705
outer loop
vertex -58.97797394 -30.75469208 -58.66650009
vertex -55.95955658 -30.20641327 -58.66649628
vertex -54.51366425 -33.41701508 -66.34693146

endloop
endfacet
facet normal -0.4259496033 0.8034185767 -0.4160355628
outer loop
vertex -54.51366425 -33.41701508 -66.34693146
vertex -55.95955658 -30.20641327 -58.66649628
vertex -52.88861847 -32.55545807 -66.34692383

endloop
endfacet
facet normal -0.3568314612 0.6730517149 -0.6478215456
outer loop
vertex -54.51366425 -33.41701508 -66.34693146
vertex -52.88861847 -32.55545807 -66.34692383
vertex -51.72345734 -37.28165436 -71.89897919

endloop
endfacet
facet normal -0.5016557574 0.6039234996 -0.61936903
outer loop
vertex -51.72345734 -37.28165436 -71.89897919
vertex -52.88861847 -32.55545807 -66.34692383
vertex -51.04021454 -36.71411896 -71.89898682

endloop
endfacet
facet normal -0.3420137167 0.4117221534 -0.8446961045
outer loop
vertex -51.72344208 -37.28162384 -71.89898682
vertex -51.04021454 -36.71407318 -71.89898682
vertex -49.27440643 -42.96593475 -75.66123962

endloop
endfacet
facet normal -nan(ind) -nan(ind) -nan(ind)
outer loop
vertex -49.27440643 -42.96593475 -75.66123962
vertex -51.04021454 -36.71407318 -71.89898682
vertex -49.27440643 -42.96593475 -75.66123962

endloop
endfacet
facet normal 0 0.05924344063 0.9982435703
outer loop
vertex -39.9265976 -50.56754303 154.0013733
vertex -39.92658234 -50.56754303 154.0013733
vertex -40.50875092 -36.67108917 153.176651

endloop
endfacet
facet normal 0.04044650495 0.06088336557 0.9973250031
outer loop
vertex -40.50875092 -36.67108917 153.176651
vertex -39.92658234 -50.56754303 154.0013733
vertex -39.06781769 -36.00789642 153.0777283

endloop
endfacet
facet normal -0.1369212419 0.4305608869 0.8921154737
outer loop
vertex -40.50875092 -36.67108917 153.176651
vertex -39.06781769 -36.00789642 153.0777283
vertex -43.45955658 -27.61429596 148.3526917

endloop
endfacet
facet normal 0.06424497068 0.5148493648 0.8548700213
outer loop
vertex -43.45955658 -27.61429596 148.3526917
vertex -39.06781769 -36.00789642 153.0777283
vertex -40.98509979 -27.65399933 148.1906433

endloop
endfacet
facet normal 0.06509838998 0.4746965468 0.8777387738
outer loop
vertex -43.45955658 -27.61429596 148.3526917
vertex -40.98509979 -27.65399933 148.1906433
vertex -45.4471817 -17.11327362 142.8209686

endloop
endfacet
facet normal 0.2836575508 0.5278913975 0.8005430102
outer loop
vertex -45.4471817 -17.11327362 142.8209686
vertex -40.98509979 -27.65399933 148.1906433
vertex -42.76357269 -18.60547638 142.8540649

endloop
endfacet
facet normal 0.330078572 0.6096220016 0.7207004428
outer loop
vertex -45.44719696 -17.11328888 142.8209534
vertex -42.76357269 -18.60547638 142.8540649
vertex -48.43848419 -9.097007751 137.4101868

endloop
endfacet
facet normal 0.4139951766 0.6256391406 0.6611985564
outer loop
vertex -48.43848419 -9.097007751 137.4101868
vertex -42.76357269 -18.60547638 142.8540649
vertex -45.68993378 -10.94863129 137.4412842

endloop
endfacet
facet normal 0.5372823477 0.8019291162 0.2612227798
outer loop
vertex -48.43848419 -9.097007751 137.4101868
vertex -45.68993378 -10.94863129 137.4412842
vertex -51.63871002 -4.511147022 129.9142456

endloop
endfacet
facet normal 0.3280942738 0.8301866055 0.450715512
outer loop
vertex -51.63871002 -4.511147022 129.9142456
vertex -45.68993378 -10.94863129 137.4412842
vertex -48.46230316 -5.802176952 129.9799957

endloop
endfacet
facet normal 0.3737276793 0.9237641692 0.083590433
outer loop
vertex -51.63871002 -4.511147022 129.9142456
vertex -48.46230316 -5.802176952 129.9799957
vertex -54.34752655 -2.540000916 120.2419128

endloop
endfacet
facet normal 0.2001621425 0.9590675235 0.2003112882
outer loop
vertex -54.34752655 -2.540000916 120.2419128
vertex -48.46230316 -5.802176952 129.9799957
vertex -50.81281281 -3.303855896 120.3670807

endloop
endfacet
facet normal 0.2119365782 0.977021277 -0.0226301942
outer loop
vertex -54.34752655 -2.540000916 120.2419128
vertex -50.81281281 -3.303855896 120.3670807
vertex -57.09311676 -2.164024115 110.761055

endloop
endfacet
facet normal 0.1734018177 0.9848449826 0.003491700627
outer loop
vertex -57.09311676 -2.164024115 110.761055
vertex -50.81281281 -3.303855896 120.3670807
vertex -53.52851105 -2.7917099 110.7793884

endloop
endfacet
facet normal 0.1728201956 0.9831701517 0.05924249068
outer loop
vertex -57.09311676 -2.164024115 110.761055
vertex -53.52851105 -2.7917099 110.7793884
vertex -60.40758514 -1.027580023 101.5698318

endloop
endfacet
facet normal 0.1926595122 0.980284512 0.04387075081
outer loop
vertex -60.40758514 -1.027580023 101.5698318
vertex -53.52851105 -2.7917099 110.7793884
vertex -56.73981476 -1.748435974 101.5701294

endloop
endfacet
facet normal 0.1922468692 0.9781339765 -0.07934149355
outer loop
vertex -60.40758514 -1.027580023 101.5698318
vertex -56.73981476 -1.748435974 101.5701294
vertex -65.59536743 -0.726845026 92.70718384

endloop
endfacet
facet normal 0.1649193615 0.9849746823 -0.0512483269
outer loop
vertex -65.59536743 -0.726845026 92.70718384
vertex -56.73981476 -1.748435974 101.5701294
vertex -61.65947723 -1.385856986 92.70707703

endloop
endfacet
facet normal 0.1650030166 0.9854723811 -0.0402250886
outer loop
vertex -65.59536743 -0.726845026 92.70718384
vertex -61.65947723 -1.385856986 92.70707703
vertex -70.5057373 -0.2525250018 84.18522644

endloop
endfacet
facet normal 0.1324555427 0.9911726117 -0.005680551287
outer loop
vertex -70.5057373 -0.2525250018 84.18522644
vertex -61.65947723 -1.385856986 92.70707703
vertex -66.52407837 -0.7846149802 84.18520355

endloop
endfacet
facet normal 0.1319093108 0.9870886803 -0.09086135775
outer loop
vertex -70.5057373 -0.2525250018 84.18522644
vertex -66.52407837 -0.7846149802 84.18520355
vertex -74.45011902 -0.4696879983 76.09972382

endloop
endfacet
facet normal 0.1479923129 0.983207345 -0.1067783907
outer loop
vertex -74.45011902 -0.4696879983 76.09972382
vertex -66.52407837 -0.7846149802 84.18520355
vertex -70.56674194 -1.054221988 76.09964752

endloop
endfacet
facet normal 0.143082872 0.9506133199 -0.2754299045
outer loop
vertex -74.45011902 -0.4696879983 76.09972382
vertex -70.56674194 -1.054221988 76.09964752
vertex -78.68497467 -1.852730036 69.12635803

endloop
endfacet
facet normal 0.271692127 0.8679763675 -0.4156927764
outer loop
vertex -78.68497467 -1.852730036 69.12635803
vertex -70.56674194 -1.054221988 76.09964752
vertex -74.9405899 -3.024741888 69.12645721

endloop
endfacet
facet normal 0.2638680935 0.8429754376 -0.4687922001
outer loop
vertex -78.68497467 -1.852730036 69.12635803
vertex -74.9405899 -3.024741888 69.12645721
vertex -79.56607056 -4.954338074 63.05315018

endloop
endfacet
facet normal 0.4214347303 0.7210028172 -0.5500433445
outer loop
vertex -79.56607056 -4.954338074 63.05315018
vertex -74.9405899 -3.024741888 69.12645721
vertex -75.85071564 -7.125710011 63.05353928

endloop
endfacet
facet normal 0.4659248888 0.7971581817 -0.3839960396
outer loop
vertex -79.56607056 -4.954338074 63.05315018
vertex -75.85071564 -7.125710011 63.05353928
vertex -78.64966583 -8.60912323 56.57791138

endloop
endfacet
facet normal 0.5708571672 0.7115077376 -0.4097302854
outer loop
vertex -78.64966583 -8.60912323 56.57791138
vertex -75.85071564 -7.125710011 63.05353928
vertex -74.9336319 -11.59052277 56.57799911

endloop
endfacet
facet normal 0.6063473821 0.7557476759 -0.2473628372
outer loop
vertex -78.64966583 -8.60912323 56.57791138
vertex -74.9336319 -11.59052277 56.57799911
vertex -77.87261963 -11.57175446 49.43115616

endloop
endfacet
facet normal 0.6010127068 0.7607116103 -0.2451560348
outer loop
vertex -77.87261963 -11.57175446 49.43115616
vertex -74.9336319 -11.59052277 56.57799911
vertex -74.02455139 -14.61200714 49.43108368

endloop
endfacet
facet normal 0.6149003506 0.7782864571 -0.1271524429
outer loop
vertex -77.87261963 -11.57175446 49.43115616
vertex -74.02455139 -14.61200714 49.43108368
vertex -76.31477356 -14.06815338 41.68460083

endloop
endfacet
facet normal 0.5295619965 0.8426606059 -0.09740296751
outer loop
vertex -76.31477356 -14.06815338 41.68460083
vertex -74.02455139 -14.61200714 49.43108368
vertex -72.21945953 -16.64180756 41.68465805

endloop
endfacet
facet normal 0.530711472 0.8444902897 -0.07198215276
outer loop
vertex -76.31477356 -14.06815338 41.68460083
vertex -72.21945953 -16.64180756 41.68465805
vertex -73.58803558 -16.49781036 33.28376007

endloop
endfacet
facet normal 0.4482081234 0.8920634389 -0.05772624537
outer loop
vertex -73.58803558 -16.49781036 33.28376007
vertex -72.21945953 -16.64180756 41.68465805
vertex -69.28657532 -18.65903473 33.28376389

endloop
endfacet
facet normal 0.4479789138 0.8916149139 -0.06586258858
outer loop
vertex -73.58803558 -16.49781036 33.28377533
vertex -69.28656769 -18.65901947 33.28378296
vertex -70.30744934 -18.79880524 24.44768143

endloop
endfacet
facet normal 0.4046238661 0.9124341607 -0.06118290499
outer loop
vertex -70.30744934 -18.79880524 24.44768143
vertex -69.28656769 -18.65901947 33.28378296
vertex -65.88123322 -20.76163483 24.44767952

endloop
endfacet
facet normal 0.4046397805 0.9124700427 -0.06054006144
outer loop
vertex -70.30744934 -18.79880524 24.44768143
vertex -65.88123322 -20.76163483 24.44767952
vertex -66.87944794 -20.93450165 15.17029858

endloop
endfacet
facet normal 0.3841462731 0.9214169383 -0.05850173533
outer loop
vertex -66.87944794 -20.93450165 15.17029858
vertex -65.88123322 -20.76163483 24.44767952
vertex -62.54137421 -22.74308014 15.17029762

endloop
endfacet
facet normal 0.3847194016 0.9227933288 -0.02105669491
outer loop
vertex -66.87945557 -20.93450165 15.17031479
vertex -62.54137421 -22.74308014 15.17031479
vertex -64.11437225 -22.30699921 5.541532993

endloop
endfacet
facet normal 0.360457927 0.9326268435 -0.01664787903
outer loop
vertex -64.11437225 -22.30699921 5.541532993
vertex -62.54137421 -22.74308014 15.17031479
vertex -60.04386139 -23.88024139 5.541532993

endloop
endfacet
facet normal 0.3604460657 0.9325961471 0.01852062158
outer loop
vertex -64.11437225 -22.30699921 5.541532993
vertex -60.04386139 -23.88024139 5.541532993
vertex -61.93787384 -22.95586395 -4.143967152

endloop
endfacet
facet normal 0.3755602241 0.9266765714 0.01500007696
outer loop
vertex -61.93787384 -22.95586395 -4.143967152
vertex -60.04386139 -23.88024139 5.541532993
vertex -57.86034393 -24.60839081 -4.143966198

endloop
endfacet
facet normal 0.3755154312 0.926566124 0.02152744494
outer loop
vertex -61.93787384 -22.95586395 -4.143949986
vertex -57.86034393 -24.60839081 -4.143949032
vertex -60.50914764 -23.31612396 -13.56002331

endloop
endfacet
facet normal 0.4358765781 0.9000059962 0.000902331667
outer loop
vertex -60.50914764 -23.31612396 -13.56002331
vertex -57.86034393 -24.60839081 -4.143949032
vertex -56.33716583 -25.33663177 -13.56002235

endloop
endfacet
facet normal 0.434630692 0.8974334002 -0.07556001097
outer loop
vertex -60.50914764 -23.31612396 -13.56002331
vertex -56.33716583 -25.33663177 -13.56002235
vertex -60.24382782 -24.19199371 -22.43665886

endloop
endfacet
facet normal 0.4537530243 0.8870339394 -0.08531687409
outer loop
vertex -60.24382782 -24.19199371 -22.43665886
vertex -56.33716583 -25.33663177 -13.56002235
vertex -56.14536285 -26.28852081 -22.43665695

endloop
endfacet
facet normal 0.4485716224 0.8769047856 -0.1726889759
outer loop
vertex -60.24381256 -24.19197845 -22.4366436
vertex -56.1453476 -26.28850555 -22.43664169
vertex -60.42176056 -25.82161713 -31.17408752

endloop
endfacet
facet normal 0.3453858197 0.9308465123 -0.1193038449
outer loop
vertex -60.42176056 -25.82161713 -31.17408752
vertex -56.1453476 -26.28850555 -22.43664169
vertex -56.41345978 -27.30887604 -31.17408371

endloop
endfacet
facet normal 0.3429907858 0.9243916869 -0.1669051349
outer loop
vertex -60.42176056 -25.82161713 -31.17408752
vertex -56.41345978 -27.30887604 -31.17408371
vertex -59.87525177 -27.68265533 -40.35823059

endloop
endfacet
facet normal 0.1709211022 0.9797487259 -0.1042996198
outer loop
vertex -59.87525177 -27.68265533 -40.35823059
vertex -56.41345978 -27.30887604 -31.17408371
vertex -56.04450226 -28.35094452 -40.35822678

endloop
endfacet
facet normal 0.1706662178 0.9782653451 -0.1177706495
outer loop
vertex -59.87525177 -27.68264008 -40.35821152
vertex -56.04450226 -28.35094452 -40.3582077
vertex -58.46344757 -29.05408478 -49.70425415

endloop
endfacet
facet normal 0.08903492242 0.9912332892 -0.09761846066
outer loop
vertex -58.46344757 -29.05408478 -49.70425415
vertex -56.04450226 -28.35094452 -40.3582077
vertex -54.70711517 -29.39148712 -49.70425034

endloop
endfacet
facet normal 0.08899078518 0.9907418489 -0.1025244445
outer loop
vertex -58.46344757 -29.05408478 -49.70425415
vertex -54.70711517 -29.39148712 -49.70425034
vertex -55.95954132 -30.20642853 -58.66651154

endloop
endfacet
facet normal 0.03176756948 0.9949786067 -0.09491306543
outer loop
vertex -55.95954132 -30.20642853 -58.66651154
vertex -54.70711517 -29.39148712 -49.70425034
vertex -52.87078094 -30.30504608 -58.66651154

endloop
endfacet
facet normal 0.03062930517 0.9591843486 -0.2811179757
outer loop
vertex -55.95955658 -30.20641327 -58.66649628
vertex -52.87078094 -30.30504608 -58.66649628
vertex -52.88861847 -32.55545807 -66.34692383

endloop
endfacet
facet normal -0.2480141371 0.9298259616 -0.2718686461
outer loop
vertex -52.88861847 -32.55545807 -66.34692383
vertex -52.87078094 -30.30504608 -58.66649628
vertex -51.40416718 -32.15950775 -66.34692383

endloop
endfacet
facet normal -0.2003122121 0.7509874105 -0.6292003393
outer loop
vertex -52.88861847 -32.55545807 -66.34692383
vertex -51.40416718 -32.15950775 -66.34692383
vertex -51.04021454 -36.71411896 -71.89898682

endloop
endfacet
facet normal -0.4791294038 0.6629554629 -0.5752608776
outer loop
vertex -51.04021454 -36.71411896 -71.89898682
vertex -51.40416718 -32.15950775 -66.34692383
vertex -50.48725128 -36.31447601 -71.89897919

endloop
endfacet
facet normal -0.3074370921 0.4253950119 -0.851188302
outer loop
vertex -51.04021454 -36.71407318 -71.89898682
vertex -50.48723602 -36.31443024 -71.89898682
vertex -49.27440643 -42.96593475 -75.66123962

endloop
endfacet
facet normal 0.6390174627 -0.2881284058 0.7131891251
outer loop
vertex -49.27440643 -42.96593475 -75.66123962
vertex -50.48723602 -36.31443024 -71.89898682
vertex -49.27442169 -42.96595001 -75.66123199

endloop
endfacet
facet normal -0.7085866928 -0.002969224472 -0.7056174874
outer loop
vertex -39.92658234 -50.56754303 154.0013733
vertex -39.9265976 -50.56752777 154.0013885
vertex -39.06781769 -36.00789642 153.0777283

endloop
endfacet
facet normal -0.02891900763 0.06498487294 0.9974671602
outer loop
vertex -39.06781769 -36.00789642 153.0777283
vertex -39.9265976 -50.56752777 154.0013885
vertex -37.32839203 -35.83879852 153.1171417

endloop
endfacet
facet normal -0.06751441956 0.4922065735 0.8678562045
outer loop
vertex -39.06781769 -36.00789642 153.0777283
vertex -37.32839203 -35.83879852 153.1171417
vertex -40.98509979 -27.65399933 148.1906433

endloop
endfacet
facet normal 0.1844171882 0.5660233498 0.8034972548
outer loop
vertex -40.98509979 -27.65399933 148.1906433
vertex -37.32839203 -35.83879852 153.1171417
vertex -38.6709671 -28.41962433 148.1988525

endloop
endfacet
facet normal 0.1708142608 0.5252315402 0.8336392045
outer loop
vertex -40.98509979 -27.65399933 148.1906433
vertex -38.6709671 -28.41962433 148.1988525
vertex -42.76357269 -18.60547638 142.8540649

endloop
endfacet
facet normal 0.4634932578 0.5650196075 0.6825883985
outer loop
vertex -42.76357269 -18.60547638 142.8540649
vertex -38.6709671 -28.41962433 148.1988525
vertex -40.2977829 -20.7261734 142.9351654

endloop
endfacet
facet normal 0.5116261244 0.6177190542 0.5972118378
outer loop
vertex -42.76357269 -18.60547638 142.8540649
vertex -40.29776764 -20.72618866 142.9351654
vertex -45.68993378 -10.94863129 137.4412842

endloop
endfacet
facet normal 0.5737525821 0.6182538867 0.5371872783
outer loop
vertex -45.68993378 -10.94863129 137.4412842
vertex -40.29776764 -20.72618866 142.9351654
vertex -42.89871979 -13.47637177 137.369278

endloop
endfacet
facet normal 0.6534779072 0.7144702077 0.2499978542
outer loop
vertex -45.68993378 -10.94863129 137.4412842
vertex -42.89871979 -13.47637177 137.369278
vertex -48.46230316 -5.802176952 129.9799957

endloop
endfacet
facet normal 0.5879013538 0.7402642369 0.3261606991
outer loop
vertex -48.46230316 -5.802176952 129.9799957
vertex -42.89871979 -13.47637177 137.369278
vertex -45.64385223 -8.072792053 130.0532227

endloop
endfacet
facet normal 0.6258235574 0.7784063816 0.04927796125
outer loop
vertex -48.46230316 -5.802176952 129.9799957
vertex -45.64385223 -8.072792053 130.0532227
vertex -50.81281281 -3.303855896 120.3670807

endloop
endfacet
facet normal 0.5419338346 0.8317643404 0.1203158572
outer loop
vertex -50.81281281 -3.303855896 120.3670807
vertex -45.64385223 -8.072792053 130.0532227
vertex -47.95030975 -5.211266041 120.6598816

endloop
endfacet
facet normal 0.5589510202 0.8212639093 -0.1144524813
outer loop
vertex -50.81281281 -3.303855896 120.3670807
vertex -47.95030975 -5.211266041 120.6598816
vertex -53.52851105 -2.7917099 110.7793884

endloop
endfacet
facet normal 0.4695117176 0.8815547228 -0.04919386283
outer loop
vertex -53.52851105 -2.7917099 110.7793884
vertex -47.95030975 -5.211266041 120.6598816
vertex -50.42473602 -4.438515186 110.8913879

endloop
endfacet
facet normal 0.4695348442 0.8805934191 -0.06397027522
outer loop
vertex -53.52851105 -2.7917099 110.7793884
vertex -50.42473602 -4.438515186 110.8913879
vertex -56.73981476 -1.748435974 101.5701294

endloop
endfacet
facet normal 0.4379779696 0.8982027769 -0.0375087373
outer loop
vertex -56.73981476 -1.748435974 101.5701294
vertex -50.42473602 -4.438515186 110.8913879
vertex -53.52948761 -3.313332081 101.5823517

endloop
endfacet
facet normal 0.4297136664 0.8799601197 -0.2025251836
outer loop
vertex -56.73981476 -1.748435974 101.5701294
vertex -53.52948761 -3.313332081 101.5823517
vertex -61.65947723 -1.385856986 92.70707703

endloop
endfacet
facet normal 0.3254208863 0.9409098625 -0.09375347942
outer loop
vertex -61.65947723 -1.385856986 92.70707703
vertex -53.52948761 -3.313332081 101.5823517
vertex -58.05631256 -2.632041931 92.70704651

endloop
endfacet
facet normal 0.3245356679 0.9383510947 -0.1190536991
outer loop
vertex -61.65947723 -1.385856986 92.70707703
vertex -58.05631256 -2.632041931 92.70704651
vertex -66.52407837 -0.7846149802 84.18520355

endloop
endfacet
facet normal 0.2131043375 0.9770294428 5.547494948e-05
outer loop
vertex -66.52407837 -0.7846149802 84.18520355
vertex -58.05631256 -2.632041931 92.70704651
vertex -62.75553131 -1.606590033 84.18527985

endloop
endfacet
facet normal 0.2110739797 0.9677078724 -0.1378015131
outer loop
vertex -66.52407837 -0.7846149802 84.18520355
vertex -62.75553131 -1.606590033 84.18527985
vertex -70.56674194 -1.054221988 76.09964752

endloop
endfacet
facet normal 0.2183447182 0.9650380015 -0.1450078934
outer loop
vertex -70.56674194 -1.054221988 76.09964752
vertex -62.75553131 -1.606590033 84.18527985
vertex -66.740448 -1.919914007 76.099823

endloop
endfacet
facet normal 0.2039022595 0.9011552334 -0.382548213
outer loop
vertex -70.56674194 -1.054221988 76.09964752
vertex -66.740448 -1.919914007 76.099823
vertex -74.9405899 -3.024741888 69.12645721

endloop
endfacet
facet normal 0.3446969092 0.7759564519 -0.5282760262
outer loop
vertex -74.9405899 -3.024741888 69.12645721
vertex -66.740448 -1.919914007 76.099823
vertex -71.37754059 -4.607474804 69.12653351

endloop
endfacet
facet normal 0.3360227644 0.7564275861 -0.561164856
outer loop
vertex -74.9405899 -3.024741888 69.12645721
vertex -71.37754059 -4.607474804 69.12653351
vertex -75.85071564 -7.125710011 63.05353928

endloop
endfacet
facet normal 0.5213809609 0.5810221434 -0.6249601245
outer loop
vertex -75.85071564 -7.125710011 63.05353928
vertex -71.37754059 -4.607474804 69.12653351
vertex -72.71999359 -9.934944153 63.05365372

endloop
endfacet
facet normal 0.6160716414 0.6865589619 -0.3861250281
outer loop
vertex -75.85071564 -7.125710011 63.05353928
vertex -72.71999359 -9.934944153 63.05365372
vertex -74.9336319 -11.59052277 56.57799911

endloop
endfacet
facet normal 0.7337889671 0.5544589758 -0.3925925493
outer loop
vertex -74.9336319 -11.59052277 56.57799911
vertex -72.71999359 -9.934944153 63.05365372
vertex -72.19139862 -15.21968842 56.57799149

endloop
endfacet
facet normal 0.7886233926 0.5958918929 -0.1516116858
outer loop
vertex -74.9336319 -11.59052277 56.57799911
vertex -72.19139862 -15.21968842 56.57799149
vertex -74.02455139 -14.61200714 49.43108368

endloop
endfacet
facet normal 0.7780171037 0.6106495261 -0.1476364285
outer loop
vertex -74.02455139 -14.61200714 49.43108368
vertex -72.19139862 -15.21968842 56.57799149
vertex -71.0822525 -18.36074066 49.43106079

endloop
endfacet
facet normal 0.7864556909 0.6172717214 0.02151782997
outer loop
vertex -74.02455139 -14.61200714 49.43108368
vertex -71.0822525 -18.36074066 49.43106079
vertex -72.21945953 -16.64180756 41.68465805

endloop
endfacet
facet normal 0.7044359446 0.7077382803 0.05363332108
outer loop
vertex -72.21945953 -16.64180756 41.68465805
vertex -71.0822525 -18.36074066 49.43106079
vertex -68.69962311 -20.14522552 41.68473053

endloop
endfacet
facet normal 0.7034173608 0.706715405 0.07587717474
outer loop
vertex -72.21945953 -16.64180756 41.68465805
vertex -68.69962311 -20.14522552 41.68473053
vertex -69.28657532 -18.65903473 33.28376389

endloop
endfacet
facet normal 0.6356256604 0.7665908337 0.09120598435
outer loop
vertex -69.28657532 -18.65903473 33.28376389
vertex -68.69962311 -20.14522552 41.68473053
vertex -65.40080261 -21.88095856 33.28377151

endloop
endfacet
facet normal 0.6370332241 0.7682832479 0.06268678606
outer loop
vertex -69.28656769 -18.65901947 33.28378296
vertex -65.40080261 -21.88095856 33.28379059
vertex -65.88123322 -20.76163483 24.44767952

endloop
endfacet
facet normal 0.6064330339 0.7922737002 0.06738957018
outer loop
vertex -65.88123322 -20.76163483 24.44767952
vertex -65.40080261 -21.88095856 33.28379059
vertex -61.85541534 -23.84313202 24.44768143

endloop
endfacet
facet normal 0.6070799828 0.7931188345 0.04915609956
outer loop
vertex -65.88123322 -20.76163483 24.44767952
vertex -61.85541534 -23.84313202 24.44768143
vertex -62.54137421 -22.74308014 15.17029762

endloop
endfacet
facet normal 0.5955518484 0.8016948104 0.05102534592
outer loop
vertex -62.54137421 -22.74308014 15.17029762
vertex -61.85541534 -23.84313202 24.44768143
vertex -58.54589081 -25.71118927 15.17029858

endloop
endfacet
facet normal 0.5952626467 0.8013054729 0.05976482853
outer loop
vertex -62.54137421 -22.74308014 15.17031479
vertex -58.54589081 -25.71118927 15.17031479
vertex -60.04386139 -23.88024139 5.541532993

endloop
endfacet
facet normal 0.5705757737 0.8185173869 0.06687833369
outer loop
vertex -60.04386139 -23.88024139 5.541532993
vertex -58.54589081 -25.71118927 15.17031479
vertex -56.05950165 -26.6576767 5.541532993

endloop
endfacet
facet normal 0.5705674291 0.8185054064 0.06709512323
outer loop
vertex -60.04386139 -23.88024139 5.541532993
vertex -56.05950165 -26.6576767 5.541532993
vertex -57.86034393 -24.60839081 -4.143966198

endloop
endfacet
facet normal 0.5617588162 0.8243371844 0.06996680796
outer loop
vertex -57.86034393 -24.60839081 -4.143966198
vertex -56.05950165 -26.6576767 5.541532993
vertex -53.8141861 -27.36571503 -4.143967152

endloop
endfacet
facet normal 0.562930882 0.8260570765 0.02717432939
outer loop
vertex -57.86034393 -24.60839081 -4.143949032
vertex -53.8141861 -27.36571503 -4.143949032
vertex -56.33716583 -25.33663177 -13.56002235

endloop
endfacet
facet normal 0.5617569089 0.8268398643 0.02765755542
outer loop
vertex -56.33716583 -25.33663177 -13.56002235
vertex -53.8141861 -27.36571503 -4.143949032
vertex -52.32068634 -28.06543732 -13.56002235

endloop
endfacet
facet normal 0.5603322983 0.8247429132 -0.07633414119
outer loop
vertex -56.33716583 -25.33663177 -13.56002235
vertex -52.32068634 -28.06543732 -13.56002235
vertex -56.14536285 -26.28852081 -22.43665695

endloop
endfacet
facet normal 0.5110805631 0.8581677079 -0.04842211679
outer loop
vertex -56.14536285 -26.28852081 -22.43665695
vertex -52.32068634 -28.06543732 -13.56002235
vertex -52.1313858 -28.679039 -22.43665504

endloop
endfacet
facet normal 0.5082742572 0.8534469604 -0.1152633131
outer loop
vertex -56.1453476 -26.28850555 -22.43664169
vertex -52.1313858 -28.679039 -22.43664169
vertex -56.41345978 -27.30887604 -31.17408371

endloop
endfacet
facet normal 0.3910841048 0.9191268086 -0.0475307852
outer loop
vertex -56.41345978 -27.30887604 -31.17408371
vertex -52.1313858 -28.679039 -22.43664169
vertex -52.38498688 -29.02297211 -31.17408371

endloop
endfacet
facet normal 0.3899962306 0.9165700674 -0.0883301571
outer loop
vertex -56.41345978 -27.30887604 -31.17408371
vertex -52.38498688 -29.02297211 -31.17408371
vertex -56.04450226 -28.35094452 -40.35822678

endloop
endfacet
facet normal 0.2418011427 0.9699941278 -0.02537114359
outer loop
vertex -56.04450226 -28.35094452 -40.35822678
vertex -52.38498688 -29.02297211 -31.17408371
vertex -52.16059113 -29.31912994 -40.35822678

endloop
endfacet
facet normal 0.2412306368 0.9677016735 -0.07321988046
outer loop
vertex -56.04450226 -28.35094452 -40.3582077
vertex -52.16060638 -29.31912994 -40.3582077
vertex -54.70711517 -29.39148712 -49.70425034

endloop
endfacet
facet normal 0.1722690165 0.9835381508 -0.05455256626
outer loop
vertex -54.70711517 -29.39148712 -49.70425034
vertex -52.16060638 -29.31912994 -40.3582077
vertex -50.9111557 -30.05635834 -49.70425034

endloop
endfacet
facet normal 0.1721619964 0.9829272032 -0.0649183169
outer loop
vertex -54.70711517 -29.39148712 -49.70425034
vertex -50.9111557 -30.05635834 -49.70425034
vertex -52.87078094 -30.30504608 -58.66651154

endloop
endfacet
facet normal 0.1350023299 0.9892062545 -0.05696747825
outer loop
vertex -52.87078094 -30.30504608 -58.66651154
vertex -50.9111557 -30.05635834 -49.70425034
vertex -49.6770401 -30.74091339 -58.66651535

endloop
endfacet
facet normal 0.1322433352 0.968994379 -0.2087140232
outer loop
vertex -52.87078094 -30.30504608 -58.66649628
vertex -49.67702484 -30.74091339 -58.66649628
vertex -51.40416718 -32.15950775 -66.34692383

endloop
endfacet
facet normal -0.0960765034 0.9824537039 -0.1598564088
outer loop
vertex -51.40416718 -32.15950775 -66.34692383
vertex -49.67702484 -30.74091339 -58.66649628
vertex -49.68296051 -31.99118805 -66.34693146

endloop
endfacet
facet normal -0.07745796442 0.7920436263 -0.6055305004
outer loop
vertex -51.40416718 -32.15950775 -66.34692383
vertex -49.68296051 -31.99118805 -66.34693146
vertex -50.48725128 -36.31447601 -71.89897919

endloop
endfacet
facet normal -0.3807459474 0.7555063963 -0.5331441164
outer loop
vertex -50.48725128 -36.31447601 -71.89897919
vertex -49.68296051 -31.99118805 -66.34693146
vertex -49.78420258 -35.96016693 -71.89897919

endloop
endfacet
facet normal -0.2258186042 0.4480875134 -0.8649991155
outer loop
vertex -50.48723602 -36.31443024 -71.89898682
vertex -49.78418732 -35.96012115 -71.89898682
vertex -49.27442169 -42.96595001 -75.66123199

endloop
endfacet
facet normal -nan(ind) -nan(ind) -nan(ind)
outer loop
vertex -49.27442169 -42.96595001 -75.66123199
vertex -49.78418732 -35.96012115 -71.89898682
vertex -49.27442169 -42.96595001 -75.66123199

endloop
endfacet
facet normal 0.3221825957 -0 0.946677506
outer loop
vertex -39.9265976 -50.56752777 154.0013885
vertex -39.9265976 -50.56754303 154.0013885
vertex -37.32839203 -35.83879852 153.1171417

endloop
endfacet
facet normal 0.02343600057 0.05579122901 0.998167336
outer loop
vertex -37.32839203 -35.83879852 153.1171417
vertex -39.9265976 -50.56754303 154.0013885
vertex -35.72586823 -36.42324066 153.1121826

endloop
endfacet
facet normal 0.2090065032 0.5663251281 0.7972402573
outer loop
vertex -37.32839203 -35.83879852 153.1171417
vertex -35.72586823 -36.42324066 153.1121826
vertex -38.6709671 -28.41962433 148.1988525

endloop
endfacet
facet normal 0.3446036279 0.5799589157 0.738170743
outer loop
vertex -38.6709671 -28.41962433 148.1988525
vertex -35.72586823 -36.42324066 153.1121826
vertex -36.39041901 -29.94748688 148.33461

endloop
endfacet
facet normal 0.3436679244 0.5786892772 0.7396019697
outer loop
vertex -38.6709671 -28.41962433 148.1988525
vertex -36.39041901 -29.94748688 148.33461
vertex -40.2977829 -20.7261734 142.9351654

endloop
endfacet
facet normal 0.5834074616 0.5800688863 0.5684680343
outer loop
vertex -40.2977829 -20.7261734 142.9351654
vertex -36.39041901 -29.94748688 148.33461
vertex -37.88411713 -23.34096527 143.1262207

endloop
endfacet
facet normal 0.6172040105 0.6063578725 0.5013872981
outer loop
vertex -40.29776764 -20.72618866 142.9351654
vertex -37.88413239 -23.34096527 143.1262054
vertex -42.89871979 -13.47637177 137.369278

endloop
endfacet
facet normal 0.6846811771 0.5942915082 0.4219352007
outer loop
vertex -42.89871979 -13.47637177 137.369278
vertex -37.88413239 -23.34096527 143.1262054
vertex -40.18743134 -16.45740509 137.1683807

endloop
endfacet
facet normal 0.7307369113 0.6507038474 0.2064173371
outer loop
vertex -42.89871979 -13.47637177 137.369278
vertex -40.18743134 -16.45740509 137.1683807
vertex -45.64385223 -8.072792053 130.0532227

endloop
endfacet
facet normal 0.7154576182 0.6600206494 0.2291136086
outer loop
vertex -45.64385223 -8.072792053 130.0532227
vertex -40.18743134 -16.45740509 137.1683807
vertex -42.86267853 -11.04387665 129.9273682

endloop
endfacet
facet normal 0.7303596139 0.6824650764 0.02856794372
outer loop
vertex -45.64385223 -8.072792053 130.0532227
vertex -42.86267853 -11.04387665 129.9273682
vertex -47.95030975 -5.211266041 120.6598816

endloop
endfacet
facet normal 0.7026847005 0.7089315057 0.06041774526
outer loop
vertex -47.95030975 -5.211266041 120.6598816
vertex -42.86267853 -11.04387665 129.9273682
vertex -45.31745148 -7.848381042 120.982048

endloop
endfacet
facet normal 0.7097228765 0.6933147907 -0.1249319762
outer loop
vertex -47.95030975 -5.211266041 120.6598816
vertex -45.31745148 -7.848381042 120.982048
vertex -50.42473602 -4.438515186 110.8913879

endloop
endfacet
facet normal 0.6819010973 0.7245349288 -0.1003002822
outer loop
vertex -50.42473602 -4.438515186 110.8913879
vertex -45.31745148 -7.848381042 120.982048
vertex -47.85179901 -6.824028015 111.151619

endloop
endfacet
facet normal 0.6807685494 0.7189663649 -0.1401485801
outer loop
vertex -50.42473602 -4.438515186 110.8913879
vertex -47.85179901 -6.824028015 111.151619
vertex -53.52948761 -3.313332081 101.5823517

endloop
endfacet
facet normal 0.6811138391 0.718570888 -0.1404985785
outer loop
vertex -53.52948761 -3.313332081 101.5823517
vertex -47.85179901 -6.824028015 111.151619
vertex -50.82489777 -5.870201111 101.6168137

endloop
endfacet
facet normal 0.6606783867 0.6950257421 -0.2836253047
outer loop
vertex -53.52948761 -3.313332081 101.5823517
vertex -50.82489777 -5.870201111 101.6168137
vertex -58.05631256 -2.632041931 92.70704651

endloop
endfacet
facet normal 0.5242184997 0.8432270885 -0.1190084368
outer loop
vertex -58.05631256 -2.632041931 92.70704651
vertex -50.82489777 -5.870201111 101.6168137
vertex -54.85280609 -4.62361908 92.70692444

endloop
endfacet
facet normal 0.5187892914 0.8344982862 -0.1856618077
outer loop
vertex -58.05631256 -2.632041931 92.70704651
vertex -54.85280609 -4.62361908 92.70692444
vertex -62.75553131 -1.606590033 84.18527985

endloop
endfacet
facet normal 0.3925291598 0.9189257622 -0.03868085518
outer loop
vertex -62.75553131 -1.606590033 84.18527985
vertex -54.85280609 -4.62361908 92.70692444
vertex -59.21521759 -3.118874073 84.18527222

endloop
endfacet
facet normal 0.3828910589 0.8963634372 -0.2234432995
outer loop
vertex -62.75553131 -1.606590033 84.18527985
vertex -59.21521759 -3.118874073 84.18527222
vertex -66.740448 -1.919914007 76.099823

endloop
endfacet
facet normal 0.3578266501 0.9126185775 -0.1977051497
outer loop
vertex -66.740448 -1.919914007 76.099823
vertex -59.21521759 -3.118874073 84.18527222
vertex -63.01691437 -3.379844904 76.09992218

endloop
endfacet
facet normal 0.3128052056 0.7977702618 -0.5154759288
outer loop
vertex -66.740448 -1.919914007 76.099823
vertex -63.01691437 -3.379844904 76.09992218
vertex -71.37754059 -4.607474804 69.12653351

endloop
endfacet
facet normal 0.3955048919 0.6979299188 -0.5970509052
outer loop
vertex -71.37754059 -4.607474804 69.12653351
vertex -63.01691437 -3.379844904 76.09992218
vertex -68.01034546 -6.515541077 69.1266098

endloop
endfacet
facet normal 0.3715522289 0.6556578875 -0.6573139429
outer loop
vertex -71.37754059 -4.607474804 69.12653351
vertex -68.01034546 -6.515541077 69.1266098
vertex -72.71999359 -9.934944153 63.05365372

endloop
endfacet
facet normal 0.5508413911 0.4682873487 -0.6908550262
outer loop
vertex -72.71999359 -9.934944153 63.05365372
vertex -68.01034546 -6.515541077 69.1266098
vertex -70.1526947 -12.95505524 63.05350113

endloop
endfacet
facet normal 0.6904976368 0.5869910717 -0.4226755202
outer loop
vertex -72.71999359 -9.934944153 63.05365372
vertex -70.1526947 -12.95505524 63.05350113
vertex -72.19139862 -15.21968842 56.57799149

endloop
endfacet
facet normal 0.799405694 0.442463696 -0.4064189196
outer loop
vertex -72.19139862 -15.21968842 56.57799149
vertex -70.1526947 -12.95505524 63.05350113
vertex -70.08866119 -19.01857758 56.57816315

endloop
endfacet
facet normal 0.8723300099 0.4828431606 -0.07682937384
outer loop
vertex -72.19139862 -15.21968842 56.57799149
vertex -70.08866119 -19.01857758 56.57816315
vertex -71.0822525 -18.36074066 49.43106079

endloop
endfacet
facet normal 0.8504031897 0.521423161 -0.07023011893
outer loop
vertex -71.0822525 -18.36074066 49.43106079
vertex -70.08866119 -19.01857758 56.57816315
vertex -68.62602997 -22.36663055 49.43128586

endloop
endfacet
facet normal 0.8440596461 0.5175454021 0.1403928548
outer loop
vertex -71.0822525 -18.36074066 49.43106079
vertex -68.62602997 -22.36663055 49.43128586
vertex -68.69962311 -20.14522552 41.68473053

endloop
endfacet
facet normal 0.7740088701 0.6105548143 0.1677297354
outer loop
vertex -68.69962311 -20.14522552 41.68473053
vertex -68.62602997 -22.36663055 49.43128586
vertex -65.50032043 -24.20101166 41.68467712

endloop
endfacet
facet normal 0.772668004 0.6094969511 0.1774760634
outer loop
vertex -68.69962311 -20.14522552 41.68473053
vertex -65.50032043 -24.20101166 41.68467712
vertex -65.40080261 -21.88095856 33.28377151

endloop
endfacet
facet normal 0.7282062769 0.6583662629 0.1904454529
outer loop
vertex -65.40080261 -21.88095856 33.28377151
vertex -65.50032043 -24.20101166 41.68467712
vertex -61.77202606 -25.89467621 33.28376389

endloop
endfacet
facet normal 0.7337143421 0.663345933 0.1470898241
outer loop
vertex -65.40080261 -21.88095856 33.28379059
vertex -61.77204132 -25.89466095 33.28378296
vertex -61.85541534 -23.84313202 24.44768143

endloop
endfacet
facet normal 0.7200049162 0.6774541736 0.1504947841
outer loop
vertex -61.85541534 -23.84313202 24.44768143
vertex -61.77204132 -25.89466095 33.28378296
vertex -58.21816254 -27.70883942 24.44768143

endloop
endfacet
facet normal 0.7229545712 0.6802296042 0.120931536
outer loop
vertex -61.85541534 -23.84313202 24.44768143
vertex -58.21816254 -27.70883942 24.44768143
vertex -58.54589081 -25.71118927 15.17029858

endloop
endfacet
facet normal 0.712428093 0.6907788515 0.1235748976
outer loop
vertex -58.54589081 -25.71118927 15.17029858
vertex -58.21816254 -27.70883942 24.44768143
vertex -54.87827301 -29.49375153 15.17029858

endloop
endfacet
facet normal 0.7130714655 0.6913998723 0.1161696017
outer loop
vertex -58.54589081 -25.71118927 15.17031479
vertex -54.87827301 -29.49376678 15.17031479
vertex -56.05950165 -26.6576767 5.541532993

endloop
endfacet
facet normal 0.6969873905 0.7065255642 0.1225979254
outer loop
vertex -56.05950165 -26.6576767 5.541532993
vertex -54.87827301 -29.49376678 15.17031479
vertex -52.16007233 -30.5044632 5.541532993

endloop
endfacet
facet normal 0.6980163455 0.7075685859 0.1100904644
outer loop
vertex -56.05950165 -26.6576767 5.541532993
vertex -52.16007233 -30.5044632 5.541532993
vertex -53.8141861 -27.36571503 -4.143967152

endloop
endfacet
facet normal 0.6859512925 0.7183966041 0.1156599447
outer loop
vertex -53.8141861 -27.36571503 -4.143967152
vertex -52.16007233 -30.5044632 5.541532993
vertex -49.95011139 -31.05527496 -4.143967152

endloop
endfacet
facet normal 0.6895137429 0.7221274376 0.0557026118
outer loop
vertex -53.8141861 -27.36571503 -4.143949032
vertex -49.95011139 -31.05527496 -4.143949986
vertex -52.32068634 -28.06543732 -13.56002235

endloop
endfacet
facet normal 0.6560381651 0.7511550784 0.0733473599
outer loop
vertex -52.32068634 -28.06543732 -13.56002235
vertex -49.95011139 -31.05527496 -4.143949986
vertex -48.409935 -31.48097992 -13.56002331

endloop
endfacet
facet normal 0.6573347449 0.7526395917 -0.03800845519
outer loop
vertex -52.32068634 -28.06543732 -13.56002235
vertex -48.409935 -31.48097992 -13.56002331
vertex -52.1313858 -28.679039 -22.43665504

endloop
endfacet
facet normal 0.5436360836 0.8385153413 0.03676570579
outer loop
vertex -52.1313858 -28.679039 -22.43665504
vertex -48.409935 -31.48097992 -13.56002331
vertex -48.03852081 -31.33257294 -22.43665695

endloop
endfacet
facet normal 0.5433531404 0.8380869627 -0.04876035824
outer loop
vertex -52.1313858 -28.679039 -22.43664169
vertex -48.03850555 -31.33255768 -22.4366436
vertex -52.38498688 -29.02297211 -31.17408371

endloop
endfacet
facet normal 0.382925123 0.9222410321 0.05328992382
outer loop
vertex -52.38498688 -29.02297211 -31.17408371
vertex -48.03850555 -31.33255768 -22.4366436
vertex -48.1510849 -30.78093719 -31.17408371

endloop
endfacet
facet normal 0.3833901286 0.9233609438 -0.02040794864
outer loop
vertex -52.38498688 -29.02297211 -31.17408371
vertex -48.1510849 -30.78093719 -31.17408371
vertex -52.16059113 -29.31912994 -40.35822678

endloop
endfacet
facet normal 0.2685784996 0.9625864029 0.03595855087
outer loop
vertex -52.16059113 -29.31912994 -40.35822678
vertex -48.1510849 -30.78093719 -31.17408371
vertex -47.99930573 -30.48020172 -40.35822678

endloop
endfacet
facet normal 0.2685328722 0.9624388814 -0.04001893848
outer loop
vertex -52.16060638 -29.31912994 -40.3582077
vertex -47.99930573 -30.48018646 -40.3582077
vertex -50.9111557 -30.05635834 -49.70425034

endloop
endfacet
facet normal 0.2322203666 0.9722525477 -0.02826040238
outer loop
vertex -50.9111557 -30.05635834 -49.70425034
vertex -47.99930573 -30.48018646 -40.3582077
vertex -47.0472641 -30.97924042 -49.70425415

endloop
endfacet
facet normal 0.2321055681 0.9717719555 -0.04226456583
outer loop
vertex -50.9111557 -30.05635834 -49.70425034
vertex -47.0472641 -30.97924042 -49.70425415
vertex -49.6770401 -30.74091339 -58.66651535

endloop
endfacet
facet normal 0.1838351041 0.9825634956 -0.02781370841
outer loop
vertex -49.6770401 -30.74091339 -58.66651535
vertex -47.0472641 -30.97924042 -49.70425415
vertex -46.40805817 -31.35253143 -58.66651154

endloop
endfacet
facet normal 0.1815971881 0.970574677 -0.1581372172
outer loop
vertex -49.67702484 -30.74091339 -58.66649628
vertex -46.40805817 -31.35254669 -58.66650009
vertex -49.68296051 -31.99118805 -66.34693146

endloop
endfacet
facet normal 0.01671374775 0.9958077669 -0.08992984146
outer loop
vertex -49.68296051 -31.99118805 -66.34693146
vertex -46.40805817 -31.35254669 -58.66650009
vertex -47.36466217 -32.03009796 -66.34692383

endloop
endfacet
facet normal 0.01365246531 0.813315928 -0.5816621184
outer loop
vertex -49.68296051 -31.99118805 -66.34693146
vertex -47.36466217 -32.03009796 -66.34692383
vertex -49.78420258 -35.96016693 -71.89897919

endloop
endfacet
facet normal -0.1287215054 0.8350070119 -0.5349709988
outer loop
vertex -49.78420258 -35.96016693 -71.89897919
vertex -47.36466217 -32.03009796 -66.34692383
vertex -48.52732086 -35.76641083 -71.89897919

endloop
endfacet
facet normal -0.07210911065 0.4678034186 -0.8808860779
outer loop
vertex -49.78418732 -35.96012115 -71.89898682
vertex -48.5273056 -35.76638031 -71.89898682
vertex -49.27442169 -42.96595001 -75.66123199

endloop
endfacet
facet normal -nan(ind) -nan(ind) -nan(ind)
outer loop
vertex -49.27442169 -42.96595001 -75.66123199
vertex -48.5273056 -35.76638031 -71.89898682
vertex -49.27442169 -42.96595001 -75.66123199

endloop
endfacet
facet normal 0.9586164951 -0.2847003937 0
outer loop
vertex -39.9265976 -50.56754303 154.0013885
vertex -39.9265976 -50.56754303 154.001358
vertex -35.72586823 -36.42324066 153.1121826

endloop
endfacet
facet normal 0.06868889183 0.04225981236 0.9967426658
outer loop
vertex -35.72586823 -36.42324066 153.1121826
vertex -39.9265976 -50.56754303 154.001358
vertex -34.18567657 -38.64594269 153.1002808

endloop
endfacet
facet normal 0.6891934276 0.4746358097 0.5474789739
outer loop
vertex -35.72586823 -36.42324066 153.1121826
vertex -34.18567657 -38.64594269 153.1002808
vertex -36.39041901 -29.94748688 148.33461

endloop
endfacet
facet normal 0.4895173311 0.5111370683 0.7064784169
outer loop
vertex -36.39041901 -29.94748688 148.33461
vertex -34.18567657 -38.64594269 153.1002808
vertex -33.42896271 -33.29592133 148.7052155

endloop
endfacet
facet normal 0.5844398141 0.5797346234 0.5677480102
outer loop
vertex -36.39041901 -29.94748688 148.33461
vertex -33.42896271 -33.29592133 148.7052155
vertex -37.88411713 -23.34096527 143.1262207

endloop
endfacet
facet normal 0.625136435 0.5753496885 0.5274250507
outer loop
vertex -37.88411713 -23.34096527 143.1262207
vertex -33.42896271 -33.29592133 148.7052155
vertex -34.96872711 -27.45713043 144.1609039

endloop
endfacet
facet normal 0.6881167889 0.5926234722 0.418679744
outer loop
vertex -37.88413239 -23.34096527 143.1262054
vertex -34.96874237 -27.45713043 144.1609039
vertex -40.18743134 -16.45740509 137.1683807

endloop
endfacet
facet normal 0.7767766714 0.5562529564 0.2952973247
outer loop
vertex -40.18743134 -16.45740509 137.1683807
vertex -34.96874237 -27.45713043 144.1609039
vertex -37.24308014 -20.78461456 137.5744781

endloop
endfacet
facet normal 0.8152126074 0.5661495924 0.1220784783
outer loop
vertex -40.18743134 -16.45740509 137.1683807
vertex -37.24308014 -20.78461456 137.5744781
vertex -42.86267853 -11.04387665 129.9273682

endloop
endfacet
facet normal 0.7933837771 0.5862801075 0.1637615263
outer loop
vertex -42.86267853 -11.04387665 129.9273682
vertex -37.24308014 -20.78461456 137.5744781
vertex -39.53894806 -15.47570038 129.6910248

endloop
endfacet
facet normal 0.7998706102 0.600150764 -0.00511121843
outer loop
vertex -42.86267853 -11.04387665 129.9273682
vertex -39.53894806 -15.47570038 129.6910248
vertex -45.31745148 -7.848381042 120.982048

endloop
endfacet
facet normal 0.7870104313 0.6166800261 0.01789791696
outer loop
vertex -45.31745148 -7.848381042 120.982048
vertex -39.53894806 -15.47570038 129.6910248
vertex -41.9332962 -12.1687851 121.0346298

endloop
endfacet
facet normal 0.7805562019 0.6097306609 -0.1376970559
outer loop
vertex -45.31745148 -7.848381042 120.982048
vertex -41.9332962 -12.1687851 121.0346298
vertex -47.85179901 -6.824028015 111.151619

endloop
endfacet
facet normal 0.79489851 0.5854207277 -0.1594329178
outer loop
vertex -47.85179901 -6.824028015 111.151619
vertex -41.9332962 -12.1687851 121.0346298
vertex -44.79657745 -10.93242645 111.2986984

endloop
endfacet
facet normal 0.7912668586 0.5816780925 -0.1885402501
outer loop
vertex -47.85179901 -6.824028015 111.151619
vertex -44.79657745 -10.93242645 111.2986984
vertex -50.82489777 -5.870201111 101.6168137

endloop
endfacet
facet normal 0.8131014705 0.5365807414 -0.2257146835
outer loop
vertex -50.82489777 -5.870201111 101.6168137
vertex -44.79657745 -10.93242645 111.2986984
vertex -47.96892548 -10.18895721 101.6382294

endloop
endfacet
facet normal 0.7995114326 0.5272865295 -0.2876638174
outer loop
vertex -50.82489777 -5.870201111 101.6168137
vertex -47.96892548 -10.18895721 101.6382294
vertex -54.85280609 -4.62361908 92.70692444

endloop
endfacet
facet normal 0.7463523149 0.6420898438 -0.1751538664
outer loop
vertex -54.85280609 -4.62361908 92.70692444
vertex -47.96892548 -10.18895721 101.6382294
vertex -51.42311859 -8.610237122 92.70685577

endloop
endfacet
facet normal 0.7313246131 0.6291630864 -0.2632833123
outer loop
vertex -54.85280609 -4.62361908 92.70692444
vertex -51.42311859 -8.610237122 92.70685577
vertex -59.21521759 -3.118874073 84.18527222

endloop
endfacet
facet normal 0.6375427246 0.7651521564 -0.08989739418
outer loop
vertex -59.21521759 -3.118874073 84.18527222
vertex -51.42311859 -8.610237122 92.70685577
vertex -55.01552582 -6.618155956 84.18527222

endloop
endfacet
facet normal 0.608649075 0.7304751873 -0.3097617328
outer loop
vertex -59.21521759 -3.118874073 84.18527222
vertex -55.01552582 -6.618155956 84.18527222
vertex -63.01691437 -3.379844904 76.09992218

endloop
endfacet
facet normal 0.5375775695 0.8180800676 -0.2043410838
outer loop
vertex -63.01691437 -3.379844904 76.09992218
vertex -55.01552582 -6.618155956 84.18527222
vertex -58.49620819 -6.35047102 76.10002136

endloop
endfacet
facet normal 0.4353274405 0.6624619365 -0.6096180081
outer loop
vertex -63.01691437 -3.379844904 76.09992218
vertex -58.49620819 -6.35047102 76.10002136
vertex -68.01034546 -6.515541077 69.1266098

endloop
endfacet
facet normal 0.4441338778 0.6456106901 -0.6212341189
outer loop
vertex -68.01034546 -6.515541077 69.1266098
vertex -58.49620819 -6.35047102 76.10002136
vertex -63.97280121 -9.292854309 69.12684631

endloop
endfacet
facet normal 0.3863222301 0.5615571737 -0.7317162156
outer loop
vertex -68.01034546 -6.515541077 69.1266098
vertex -63.97280121 -9.292854309 69.12684631
vertex -70.1526947 -12.95505524 63.05350113

endloop
endfacet
facet normal 0.4974733293 0.4196253419 -0.7592330575
outer loop
vertex -70.1526947 -12.95505524 63.05350113
vertex -63.97280121 -9.292854309 69.12684631
vertex -67.42938995 -16.18354034 63.05352402

endloop
endfacet
facet normal 0.6565465331 0.553809166 -0.5120957494
outer loop
vertex -70.1526947 -12.95505524 63.05350113
vertex -67.42938995 -16.18354034 63.05352402
vertex -70.08866119 -19.01857758 56.57816315

endloop
endfacet
facet normal 0.7344471812 0.457024157 -0.5017133951
outer loop
vertex -70.08866119 -19.01857758 56.57816315
vertex -67.42938995 -16.18354034 63.05352402
vertex -67.83395386 -22.6420517 56.57806015

endloop
endfacet
facet normal 0.8467460871 0.5268899798 -0.07353956997
outer loop
vertex -70.08866119 -19.01857758 56.57816315
vertex -67.83395386 -22.6420517 56.57806015
vertex -68.62602997 -22.36663055 49.43128586

endloop
endfacet
facet normal 0.7975298762 0.5997374058 -0.06527755409
outer loop
vertex -68.62602997 -22.36663055 49.43128586
vertex -67.83395386 -22.6420517 56.57806015
vertex -65.77754974 -26.15454865 49.43115997

endloop
endfacet
facet normal 0.7865739465 0.5914906263 0.1773140281
outer loop
vertex -68.62602997 -22.36663055 49.43128586
vertex -65.77754974 -26.15454865 49.43115997
vertex -65.50032043 -24.20101166 41.68467712

endloop
endfacet
facet normal 0.7511764169 0.6331889629 0.1865628958
outer loop
vertex -65.50032043 -24.20101166 41.68467712
vertex -65.77754974 -26.15454865 49.43115997
vertex -62.11725616 -28.21443939 41.68457031

endloop
endfacet
facet normal 0.7483706474 0.6308233738 0.2049470991
outer loop
vertex -65.50032043 -24.20101166 41.68467712
vertex -62.11725616 -28.21443939 41.68457031
vertex -61.77202606 -25.89467621 33.28376389

endloop
endfacet
facet normal 0.7562223673 0.6220754981 0.2028541416
outer loop
vertex -61.77202606 -25.89467621 33.28376389
vertex -62.11725616 -28.21443939 41.68457031
vertex -58.31874847 -30.09262848 33.28375244

endloop
endfacet
facet normal 0.7600392103 0.6252179742 0.1773214191
outer loop
vertex -61.77204132 -25.89466095 33.28378296
vertex -58.31874847 -30.09261322 33.2837677
vertex -58.21816254 -27.70883942 24.44768143

endloop
endfacet
facet normal 0.7709994912 0.6125927567 0.1740401983
outer loop
vertex -58.21816254 -27.70883942 24.44768143
vertex -58.31874847 -30.09261322 33.2837677
vertex -54.81139374 -31.99654388 24.44767952

endloop
endfacet
facet normal 0.7728506327 0.6140636206 0.1600867808
outer loop
vertex -58.21816254 -27.70883942 24.44768143
vertex -54.81139374 -31.99654388 24.44767952
vertex -54.87827301 -29.49375153 15.17029858

endloop
endfacet
facet normal 0.7757550478 0.6106375456 0.1591415703
outer loop
vertex -54.87827301 -29.49375153 15.17029858
vertex -54.81139374 -31.99654388 24.44767952
vertex -51.40607452 -33.90483856 15.17029762

endloop
endfacet
facet normal 0.7762712836 0.6110460162 0.1550018787
outer loop
vertex -54.87827301 -29.49376678 15.17031479
vertex -51.40607452 -33.90483856 15.17031384
vertex -52.16007233 -30.5044632 5.541532993

endloop
endfacet
facet normal 0.7733988166 0.6143271327 0.1563855261
outer loop
vertex -52.16007233 -30.5044632 5.541532993
vertex -51.40607452 -33.90483856 15.17031384
vertex -48.74591827 -34.80266571 5.541532993

endloop
endfacet
facet normal 0.7751157284 0.6156910062 0.1418456137
outer loop
vertex -52.16007233 -30.5044632 5.541532993
vertex -48.74591827 -34.80266571 5.541532993
vertex -49.95011139 -31.05527496 -4.143967152

endloop
endfacet
facet normal 0.7809029222 0.6090883613 0.1385715008
outer loop
vertex -49.95011139 -31.05527496 -4.143967152
vertex -48.74591827 -34.80266571 5.541532993
vertex -46.72141266 -35.1947403 -4.143967152

endloop
endfacet
facet normal 0.784504354 0.6118996739 0.1006562263
outer loop
vertex -49.95011139 -31.05527496 -4.143949986
vertex -46.72141266 -35.19472504 -4.143949986
vertex -48.409935 -31.48097992 -13.56002331

endloop
endfacet
facet normal 0.7560942173 0.6436844468 0.1182869077
outer loop
vertex -48.409935 -31.48097992 -13.56002331
vertex -46.72141266 -35.19472504 -4.143949986
vertex -45.02396393 -35.45825958 -13.56002235

endloop
endfacet
facet normal 0.7607468367 0.6476453543 0.04265888408
outer loop
vertex -48.409935 -31.48097992 -13.56002331
vertex -45.02396393 -35.45825958 -13.56002235
vertex -48.03852081 -31.33257294 -22.43665695

endloop
endfacet
facet normal 0.620275259 0.7704061866 0.1474207044
outer loop
vertex -48.03852081 -31.33257294 -22.43665695
vertex -45.02396393 -35.45825958 -13.56002235
vertex -43.95627594 -34.61930084 -22.43665504

endloop
endfacet
facet normal 0.6265984774 0.7782598734 0.04106031358
outer loop
vertex -48.03850555 -31.33255768 -22.4366436
vertex -43.95626068 -34.61928558 -22.43664169
vertex -48.1510849 -30.78093719 -31.17408371

endloop
endfacet
facet normal 0.45915851 0.8732400537 0.1631724983
outer loop
vertex -48.1510849 -30.78093719 -31.17408371
vertex -43.95626068 -34.61928558 -22.43664169
vertex -43.47063446 -33.24196625 -31.1740818

endloop
endfacet
facet normal 0.4650833607 0.8845079541 0.03664935753
outer loop
vertex -48.1510849 -30.78093719 -31.17408371
vertex -43.47063446 -33.24196625 -31.1740818
vertex -47.99930573 -30.48020172 -40.35822678

endloop
endfacet
facet normal 0.378485918 0.9211840034 0.09037913382
outer loop
vertex -47.99930573 -30.48020172 -40.35822678
vertex -43.47063446 -33.24196625 -31.1740818
vertex -43.26233673 -32.42647552 -40.35822296

endloop
endfacet
facet normal 0.3800196648 0.9249168038 -0.01067712624
outer loop
vertex -47.99930573 -30.48018646 -40.3582077
vertex -43.26233673 -32.42646027 -40.35820389
vertex -47.0472641 -30.97924042 -49.70425415

endloop
endfacet
facet normal 0.3305665255 0.9437030554 0.01225923467
outer loop
vertex -47.0472641 -30.97924042 -49.70425415
vertex -43.26233673 -32.42646027 -40.35820389
vertex -42.80713654 -32.46450043 -49.70424652

endloop
endfacet
facet normal 0.3305505216 0.943657279 -0.01572916657
outer loop
vertex -47.0472641 -30.97924042 -49.70425415
vertex -42.80713654 -32.46450043 -49.70424652
vertex -46.40805817 -31.35253143 -58.66651154

endloop
endfacet
facet normal 0.2371966392 0.9711350799 0.02518845163
outer loop
vertex -46.40805817 -31.35253143 -58.66651154
vertex -42.80713654 -32.46450043 -49.70424652
vertex -42.77713776 -32.23937225 -58.66650772

endloop
endfacet
facet normal 0.2357118577 0.9650550485 -0.114493303
outer loop
vertex -46.40805817 -31.35254669 -58.66650009
vertex -42.77713776 -32.23938751 -58.66649246
vertex -47.36466217 -32.03009796 -66.34692383

endloop
endfacet
facet normal 0.1269228607 0.9907107353 -0.04881447926
outer loop
vertex -47.36466217 -32.03009796 -66.34692383
vertex -42.77713776 -32.23938751 -58.66649246
vertex -44.3562088 -32.41551971 -66.34692383

endloop
endfacet
facet normal 0.1043911204 0.8148368597 -0.5702134371
outer loop
vertex -47.36466217 -32.03009796 -66.34692383
vertex -44.3562088 -32.41551971 -66.34692383
vertex -48.52732086 -35.76641083 -71.89897919

endloop
endfacet
facet normal 0.04790972918 0.8388392925 -0.5422669053
outer loop
vertex -48.52732086 -35.76641083 -71.89897919
vertex -44.3562088 -32.41551971 -66.34692383
vertex -46.75336456 -35.86772919 -71.89897919

endloop
endfacet
facet normal 0.02632403933 0.4608338475 -0.8870959282
outer loop
vertex -48.5273056 -35.76638031 -71.89898682
vertex -46.7533493 -35.86769867 -71.89897919
vertex -49.27442169 -42.96595001 -75.66123199

endloop
endfacet
facet normal 0.9417418838 -0.3363364041 0
outer loop
vertex -49.27442169 -42.96595001 -75.66123199
vertex -46.7533493 -35.86769867 -71.89897919
vertex -49.27442169 -42.96595001 -75.66122437

endloop
endfacet
facet normal -0.9009753466 0.4338702857 0
outer loop
vertex -39.9265976 -50.56754303 154.001358
vertex -39.9265976 -50.56754303 154.0013733
vertex -34.18567657 -38.64594269 153.1002808

endloop
endfacet
facet normal -0.2680502832 0.2003087848 0.9423509836
outer loop
vertex -34.18567657 -38.64594269 153.1002808
vertex -39.9265976 -50.56754303 154.0013733
vertex -33.28482819 -41.32234955 153.9254303

endloop
endfacet
facet normal 0.6656731963 0.4152241051 0.6200550199
outer loop
vertex -34.18567657 -38.64594269 153.1002808
vertex -33.28482819 -41.32234955 153.9254303
vertex -33.42896271 -33.29592133 148.7052155

endloop
endfacet
facet normal 0.4897819459 0.4815035462 0.7268204689
outer loop
vertex -33.42896271 -33.29592133 148.7052155
vertex -33.28482819 -41.32234955 153.9254303
vertex -31.28461456 -37.2733078 149.8951416

endloop
endfacet
facet normal 0.737986505 0.5247918367 0.4242280722
outer loop
vertex -33.42896271 -33.29592133 148.7052155
vertex -31.28461456 -37.2733078 149.8951416
vertex -34.96872711 -27.45713043 144.1609039

endloop
endfacet
facet normal 0.7804531455 0.5067932606 0.3661330938
outer loop
vertex -34.96872711 -27.45713043 144.1609039
vertex -31.28461456 -37.2733078 149.8951416
vertex -32.38707733 -31.7602005 144.6140442

endloop
endfacet
facet normal 0.8207837343 0.5178301334 0.2411763519
outer loop
vertex -34.96874237 -27.45713043 144.1609039
vertex -32.38709259 -31.7602005 144.6140289
vertex -37.24308014 -20.78461456 137.5744781

endloop
endfacet
facet normal 0.8680627942 0.4755301178 0.1426112503
outer loop
vertex -37.24308014 -20.78461456 137.5744781
vertex -32.38709259 -31.7602005 144.6140289
vertex -34.83072662 -25.28347015 137.8918915

endloop
endfacet
facet normal 0.8775693774 0.4751079679 0.06437837332
outer loop
vertex -37.24308014 -20.78461456 137.5744781
vertex -34.83072662 -25.28347015 137.8918915
vertex -39.53894806 -15.47570038 129.6910248

endloop
endfacet
facet normal 0.9020723104 0.4315814078 -0.001744359965
outer loop
vertex -39.53894806 -15.47570038 129.6910248
vertex -34.83072662 -25.28347015 137.8918915
vertex -37.21747589 -20.32798004 129.6807861

endloop
endfacet
facet normal 0.8987975121 0.4301888049 -0.08426561952
outer loop
vertex -39.53894806 -15.47570038 129.6910248
vertex -37.21747589 -20.32798004 129.6807861
vertex -41.9332962 -12.1687851 121.0346298

endloop
endfacet
facet normal 0.8852745295 0.4627743363 -0.04613950476
outer loop
vertex -41.9332962 -12.1687851 121.0346298
vertex -37.21747589 -20.32798004 129.6807861
vertex -39.34722137 -17.150383 120.6885147

endloop
endfacet
facet normal 0.8647694588 0.4625132382 -0.1955894977
outer loop
vertex -41.9332962 -12.1687851 121.0346298
vertex -39.34722137 -17.150383 120.6885147
vertex -44.79657745 -10.93242645 111.2986984

endloop
endfacet
facet normal 0.8594475389 0.4775131941 -0.182567969
outer loop
vertex -44.79657745 -10.93242645 111.2986984
vertex -39.34722137 -17.150383 120.6885147
vertex -42.1476059 -15.73419952 111.2096481

endloop
endfacet
facet normal 0.8476625085 0.472114414 -0.2420253158
outer loop
vertex -44.79657745 -10.93242645 111.2986984
vertex -42.1476059 -15.73419952 111.2096481
vertex -47.96892548 -10.18895721 101.6382294

endloop
endfacet
facet normal 0.8604953289 0.4289758205 -0.2748226821
outer loop
vertex -47.96892548 -10.18895721 101.6382294
vertex -42.1476059 -15.73419952 111.2096481
vertex -45.57865143 -14.98863983 101.6304855

endloop
endfacet
facet normal 0.8646193147 0.4310028255 -0.2582054734
outer loop
vertex -47.96892548 -10.18895721 101.6382294
vertex -45.57865143 -14.98863983 101.6304855
vertex -51.42311859 -8.610237122 92.70685577

endloop
endfacet
facet normal 0.8542724848 0.4689364731 -0.2243147939
outer loop
vertex -51.42311859 -8.610237122 92.70685577
vertex -45.57865143 -14.98863983 101.6304855
vertex -48.79651642 -13.39517975 92.70685577

endloop
endfacet
facet normal 0.8490089178 0.466047138 -0.2489657253
outer loop
vertex -51.42311859 -8.610237122 92.70685577
vertex -48.79651642 -13.39517975 92.70685577
vertex -55.01552582 -6.618155956 84.18527222

endloop
endfacet
facet normal 0.8047453165 0.5801033974 -0.1259559989
outer loop
vertex -55.01552582 -6.618155956 84.18527222
vertex -48.79651642 -13.39517975 92.70685577
vertex -51.84854889 -11.01152802 84.18527222

endloop
endfacet
facet normal 0.7703760266 0.5553281307 -0.3132594526
outer loop
vertex -55.01552582 -6.618155956 84.18527222
vertex -51.84854889 -11.01152802 84.18527222
vertex -58.49620819 -6.35047102 76.10002136

endloop
endfacet
facet normal 0.716044724 0.6676265001 -0.2038497031
outer loop
vertex -58.49620819 -6.35047102 76.10002136
vertex -51.84854889 -11.01152802 84.18527222
vertex -54.95659637 -10.14679718 76.09998322

endloop
endfacet
facet normal 0.5539386868 0.5164868832 -0.6529878974
outer loop
vertex -58.49620819 -6.35047102 76.10002136
vertex -54.95659637 -10.14679718 76.09998322
vertex -63.97280121 -9.292854309 69.12684631

endloop
endfacet
facet normal 0.5430403948 0.5496245027 -0.6348384619
outer loop
vertex -63.97280121 -9.292854309 69.12684631
vertex -54.95659637 -10.14679718 76.09998322
vertex -60.67861176 -12.54788971 69.12657928

endloop
endfacet
facet normal 0.4483624995 0.4538189173 -0.7700775266
outer loop
vertex -63.97280121 -9.292854309 69.12684631
vertex -60.67861176 -12.54788971 69.12657928
vertex -67.42938995 -16.18354034 63.05352402

endloop
endfacet
facet normal 0.4831953049 0.401990205 -0.7777699828
outer loop
vertex -67.42938995 -16.18354034 63.05352402
vertex -60.67861176 -12.54788971 69.12657928
vertex -64.81768799 -19.32314301 63.05335999

endloop
endfacet
facet normal 0.6339674592 0.5274000764 -0.5656274557
outer loop
vertex -67.42938995 -16.18354034 63.05352402
vertex -64.81768799 -19.32314301 63.05335999
vertex -67.83395386 -22.6420517 56.57806015

endloop
endfacet
facet normal 0.6188821197 0.5436624885 -0.5669357777
outer loop
vertex -67.83395386 -22.6420517 56.57806015
vertex -64.81768799 -19.32314301 63.05335999
vertex -65.06365204 -25.7959671 56.57775116

endloop
endfacet
facet normal 0.7469587922 0.6561160684 -0.1075370535
outer loop
vertex -67.83395386 -22.6420517 56.57806015
vertex -65.06365204 -25.7959671 56.57775116
vertex -65.77754974 -26.15454865 49.43115997

endloop
endfacet
facet normal 0.6974497437 0.7088643312 -0.1052380651
outer loop
vertex -65.77754974 -26.15454865 49.43115997
vertex -65.06365204 -25.7959671 56.57775116
vertex -62.31461334 -29.56175995 49.4309082

endloop
endfacet
facet normal 0.6944022775 0.7057488561 0.1404425204
outer loop
vertex -65.77754974 -26.15454865 49.43115997
vertex -62.31461334 -29.56175995 49.4309082
vertex -62.11725616 -28.21443939 41.68457031

endloop
endfacet
facet normal 0.7176557183 0.6827812195 0.1370401978
outer loop
vertex -62.11725616 -28.21443939 41.68457031
vertex -62.31461334 -29.56175995 49.4309082
vertex -58.44728851 -32.07186127 41.68458557

endloop
endfacet
facet normal 0.7138289809 0.679140687 0.170927465
outer loop
vertex -62.11725616 -28.21443939 41.68457031
vertex -58.44728851 -32.07186127 41.68458557
vertex -58.31874847 -30.09262848 33.28375244

endloop
endfacet
facet normal 0.7592557669 0.6307606101 0.1602242142
outer loop
vertex -58.31874847 -30.09262848 33.28375244
vertex -58.44728851 -32.07186127 41.68458557
vertex -54.83899689 -34.28125763 33.28375626

endloop
endfacet
facet normal 0.7586086392 0.630223155 0.1653229892
outer loop
vertex -58.31874847 -30.09261322 33.2837677
vertex -54.83899689 -34.28124237 33.28377533
vertex -54.81139374 -31.99654388 24.44767952

endloop
endfacet
facet normal 0.78741467 0.5961962342 0.15661484
outer loop
vertex -54.81139374 -31.99654388 24.44767952
vertex -54.83899689 -34.28124237 33.28377533
vertex -51.50963593 -36.35727692 24.44767952

endloop
endfacet
facet normal 0.7861742377 0.5952570438 0.1661296934
outer loop
vertex -54.81139374 -31.99654388 24.44767952
vertex -51.50963593 -36.35727692 24.44767952
vertex -51.40607452 -33.90483856 15.17029762

endloop
endfacet
facet normal 0.8039831519 0.5726258159 0.1603460014
outer loop
vertex -51.40607452 -33.90483856 15.17029762
vertex -51.50963593 -36.35727692 24.44767952
vertex -48.31404877 -38.2461319 15.17029762

endloop
endfacet
facet normal 0.8028784394 0.5718361735 0.1684919596
outer loop
vertex -51.40607452 -33.90483856 15.17031384
vertex -48.31406403 -38.2461319 15.17031479
vertex -48.74591827 -34.80266571 5.541532993

endloop
endfacet
facet normal 0.8243936896 0.5436751842 0.1574559808
outer loop
vertex -48.74591827 -34.80266571 5.541532993
vertex -48.31406403 -38.2461319 15.17031479
vertex -45.91272736 -39.09873199 5.541532993

endloop
endfacet
facet normal 0.8253017068 0.5442740321 0.150475651
outer loop
vertex -48.74591827 -34.80266571 5.541532993
vertex -45.91272736 -39.09873199 5.541532993
vertex -46.72141266 -35.1947403 -4.143967152

endloop
endfacet
facet normal 0.8640176654 0.4878273606 0.1244907975
outer loop
vertex -46.72141266 -35.1947403 -4.143967152
vertex -45.91272736 -39.09873199 5.541532993
vertex -44.2962265 -39.49011993 -4.143967152

endloop
endfacet
facet normal 0.8619956374 0.4866870344 0.1417718977
outer loop
vertex -46.72141266 -35.19472504 -4.143949986
vertex -44.29621124 -39.49011993 -4.143949986
vertex -45.02396393 -35.45825958 -13.56002235

endloop
endfacet
facet normal 0.8734874129 0.4683219194 0.1330199689
outer loop
vertex -45.02396393 -35.45825958 -13.56002235
vertex -44.29621124 -39.49011993 -4.143949986
vertex -42.84778595 -39.51714325 -13.56002331

endloop
endfacet
facet normal 0.8714835644 0.4672475159 0.1489837319
outer loop
vertex -45.02396393 -35.45825958 -13.56002235
vertex -42.84778595 -39.51714325 -13.56002331
vertex -43.95627594 -34.61930084 -22.43665504

endloop
endfacet
facet normal 0.7561322451 0.6083333492 0.2412351668
outer loop
vertex -43.95627594 -34.61930084 -22.43665504
vertex -42.84778595 -39.51714325 -13.56002331
vertex -41.31208038 -37.90592194 -22.43665695

endloop
endfacet
facet normal 0.7713933587 0.6206086278 0.1407031268
outer loop
vertex -43.95626068 -34.61928558 -22.43664169
vertex -41.31206512 -37.90592194 -22.43664169
vertex -43.47063446 -33.24196625 -31.1740818

endloop
endfacet
facet normal 0.5775138736 0.7708585858 0.2688025534
outer loop
vertex -43.47063446 -33.24196625 -31.1740818
vertex -41.31206512 -37.90592194 -22.43664169
vertex -40.08740997 -35.77661896 -31.17408371

endloop
endfacet
facet normal 0.5974439383 0.7974610925 0.08435938507
outer loop
vertex -43.47063446 -33.24196625 -31.1740818
vertex -40.08740997 -35.77661896 -31.17408371
vertex -43.26233673 -32.42647552 -40.35822296

endloop
endfacet
facet normal 0.4950365424 0.8572604656 0.1415745914
outer loop
vertex -43.26233673 -32.42647552 -40.35822296
vertex -40.08740997 -35.77661896 -31.17408371
vertex -39.59415436 -34.54471588 -40.35822678

endloop
endfacet
facet normal 0.4999675751 0.8657936454 0.02082703263
outer loop
vertex -43.26233673 -32.42646027 -40.35820389
vertex -39.59415436 -34.54471588 -40.3582077
vertex -42.80713654 -32.46450043 -49.70424652

endloop
endfacet
facet normal 0.4480123818 0.8929080367 0.04472324625
outer loop
vertex -42.80713654 -32.46450043 -49.70424652
vertex -39.59415436 -34.54471588 -40.3582077
vertex -39.33174896 -34.20825958 -49.70425034

endloop
endfacet
facet normal 0.4483324885 0.8935460448 0.02394616604
outer loop
vertex -42.80713654 -32.46450043 -49.70424652
vertex -39.33174896 -34.20825958 -49.70425034
vertex -42.77713776 -32.23937225 -58.66650772

endloop
endfacet
facet normal 0.3579956889 0.9313182831 0.06697271019
outer loop
vertex -42.77713776 -32.23937225 -58.66650772
vertex -39.33174896 -34.20825958 -49.70425034
vertex -39.48352814 -33.5054245 -58.66651154

endloop
endfacet
facet normal 0.3571832478 0.9292166233 -0.09474503249
outer loop
vertex -42.77713776 -32.23938751 -58.66649246
vertex -39.48352814 -33.5054245 -58.66649628
vertex -44.3562088 -32.41551971 -66.34692383

endloop
endfacet
facet normal 0.2659909427 0.9634431601 -0.03203306347
outer loop
vertex -44.3562088 -32.41551971 -66.34692383
vertex -39.48352814 -33.5054245 -58.66649628
vertex -41.39336395 -33.23351288 -66.34692383

endloop
endfacet
facet normal 0.2165585458 0.7843945026 -0.5812295675
outer loop
vertex -44.3562088 -32.41551971 -66.34692383
vertex -41.39336395 -33.23351288 -66.34692383
vertex -46.75336456 -35.86772919 -71.89897919

endloop
endfacet
facet normal 0.1851916909 0.8065239787 -0.5614472032
outer loop
vertex -46.75336456 -35.86772919 -71.89897919
vertex -41.39336395 -33.23351288 -66.34692383
vertex -44.92818451 -36.28682709 -71.89898682

endloop
endfacet
facet normal 0.1005305797 0.4378290176 -0.8934200406
outer loop
vertex -46.7533493 -35.86769867 -71.89897919
vertex -44.92816925 -36.28679657 -71.89898682
vertex -49.27442169 -42.96595001 -75.66122437

endloop
endfacet
facet normal -0.8646937013 0.3499950767 0.3602890372
outer loop
vertex -49.27442169 -42.96595001 -75.66122437
vertex -44.92816925 -36.28679657 -71.89898682
vertex -49.27442169 -42.96593475 -75.66123962

endloop
endfacet
facet normal -0.6289467812 0.4570032656 0.6289467812
outer loop
vertex -39.9265976 -50.56754303 154.0013733
vertex -39.92658234 -50.56754303 154.0013885
vertex -33.28482819 -41.32234955 153.9254303

endloop
endfacet
facet normal -0.2968530059 0.2208922505 0.9290235639
outer loop
vertex -33.28482819 -41.32234955 153.9254303
vertex -39.92658234 -50.56754303 154.0013885
vertex -33.49686432 -43.49610138 154.374527

endloop
endfacet
facet normal 0.893473804 0.005626967642 0.44908005
outer loop
vertex -33.28482819 -41.32234955 153.9254303
vertex -33.49686432 -43.49610138 154.374527
vertex -31.28461456 -37.2733078 149.8951416

endloop
endfacet
facet normal 0.5526868701 0.3484609425 0.7570417523
outer loop
vertex -31.28461456 -37.2733078 149.8951416
vertex -33.49686432 -43.49610138 154.374527
vertex -30.23664093 -40.67917633 150.6977539

endloop
endfacet
facet normal 0.9366728663 0.3211331367 0.1397047341
outer loop
vertex -31.28461456 -37.2733078 149.8951416
vertex -30.23664093 -40.67917633 150.6977539
vertex -32.38707733 -31.7602005 144.6140442

endloop
endfacet
facet normal 0.8241692185 0.4410497546 0.3552748561
outer loop
vertex -32.38707733 -31.7602005 144.6140442
vertex -30.23664093 -40.67917633 150.6977539
vertex -30.70140839 -35.33875275 145.1461487

endloop
endfacet
facet normal 0.8951328397 0.4356926978 0.09438765794
outer loop
vertex -32.38709259 -31.7602005 144.6140289
vertex -30.70139313 -35.33875275 145.1461334
vertex -34.83072662 -25.28347015 137.8918915

endloop
endfacet
facet normal 0.9122709632 0.407106638 0.04500829056
outer loop
vertex -34.83072662 -25.28347015 137.8918915
vertex -30.70139313 -35.33875275 145.1461334
vertex -33.23465729 -28.92475128 138.4771576

endloop
endfacet
facet normal 0.9171183109 0.3977301121 -0.02654747292
outer loop
vertex -34.83072662 -25.28347015 137.8918915
vertex -33.23465729 -28.92475128 138.4771576
vertex -37.21747589 -20.32798004 129.6807861

endloop
endfacet
facet normal 0.9481361508 0.2734602094 -0.1620417833
outer loop
vertex -37.21747589 -20.32798004 129.6807861
vertex -33.23465729 -28.92475128 138.4771576
vertex -35.98960114 -24.32622528 130.1179047

endloop
endfacet
facet normal 0.9520016313 0.2784706354 -0.1270706654
outer loop
vertex -37.21747589 -20.32798004 129.6807861
vertex -35.98960114 -24.32622528 130.1179047
vertex -39.34722137 -17.150383 120.6885147

endloop
endfacet
facet normal 0.9587031007 0.2315211147 -0.1651858985
outer loop
vertex -39.34722137 -17.150383 120.6885147
vertex -35.98960114 -24.32622528 130.1179047
vertex -38.3225174 -21.42354584 120.6464996

endloop
endfacet
facet normal 0.9424190521 0.2283940166 -0.2443000972
outer loop
vertex -39.34722137 -17.150383 120.6885147
vertex -38.3225174 -21.42354584 120.6464996
vertex -42.1476059 -15.73419952 111.2096481

endloop
endfacet
facet normal 0.9378013611 0.2713935971 -0.2165045589
outer loop
vertex -42.1476059 -15.73419952 111.2096481
vertex -38.3225174 -21.42354584 120.6464996
vertex -41.00154877 -19.84345245 111.0228119

endloop
endfacet
facet normal 0.9132763743 0.2686321735 -0.3062075078
outer loop
vertex -42.1476059 -15.73419952 111.2096481
vertex -41.00154877 -19.84345245 111.0228119
vertex -45.57865143 -14.98863983 101.6304855

endloop
endfacet
facet normal 0.9088694453 0.303586334 -0.2859923542
outer loop
vertex -45.57865143 -14.98863983 101.6304855
vertex -41.00154877 -19.84345245 111.0228119
vertex -44.3061142 -18.82485199 101.6023331

endloop
endfacet
facet normal 0.9120766521 0.3045659661 -0.2745099962
outer loop
vertex -45.57865143 -14.98863983 101.6304855
vertex -44.3061142 -18.82485199 101.6023331
vertex -48.79651642 -13.39517975 92.70685577

endloop
endfacet
facet normal 0.906586051 0.3398581445 -0.2501965463
outer loop
vertex -48.79651642 -13.39517975 92.70685577
vertex -44.3061142 -18.82485199 101.6023331
vertex -47.3013382 -17.38365936 92.70681763

endloop
endfacet
facet normal 0.9110923409 0.3415472209 -0.2307732552
outer loop
vertex -48.79651642 -13.39517975 92.70685577
vertex -47.3013382 -17.38365936 92.70681763
vertex -51.84854889 -11.01152802 84.18527222

endloop
endfacet
facet normal 0.9024933577 0.3845079541 -0.1940601468
outer loop
vertex -51.84854889 -11.01152802 84.18527222
vertex -47.3013382 -17.38365936 92.70681763
vertex -50.08965302 -15.13990021 84.18527222

endloop
endfacet
facet normal 0.8782978058 0.3741994202 -0.2976033986
outer loop
vertex -51.84854889 -11.01152802 84.18527222
vertex -50.08965302 -15.13990021 84.18527222
vertex -54.95659637 -10.14679718 76.09998322

endloop
endfacet
facet normal 0.8694882393 0.4158393741 -0.266585499
outer loop
vertex -54.95659637 -10.14679718 76.09998322
vertex -50.08965302 -15.13990021 84.18527222
vertex -53.19199371 -13.83649445 76.09990692

endloop
endfacet
facet normal 0.6742891073 0.322493434 -0.6643282771
outer loop
vertex -54.95659637 -10.14679718 76.09998322
vertex -53.19199371 -13.83649445 76.09990692
vertex -60.67861176 -12.54788971 69.12657928

endloop
endfacet
facet normal 0.665109992 0.3774785101 -0.6443127394
outer loop
vertex -60.67861176 -12.54788971 69.12657928
vertex -53.19199371 -13.83649445 76.09990692
vertex -58.81156158 -15.83797455 69.12635803

endloop
endfacet
facet normal 0.5725442171 0.3249567449 -0.75272578
outer loop
vertex -60.67861176 -12.54788971 69.12657928
vertex -58.81156158 -15.83797455 69.12635803
vertex -64.81768799 -19.32314301 63.05335999

endloop
endfacet
facet normal 0.523537755 0.404456526 -0.7498822212
outer loop
vertex -64.81768799 -19.32314301 63.05335999
vertex -58.81156158 -15.83797455 69.12635803
vertex -62.47632599 -22.35399628 63.05328369

endloop
endfacet
facet normal 0.6661939025 0.5146545172 -0.5397373438
outer loop
vertex -64.81768799 -19.32314301 63.05335999
vertex -62.47632599 -22.35399628 63.05328369
vertex -65.06365204 -25.7959671 56.57775116

endloop
endfacet
facet normal 0.5602909327 0.6174808145 -0.5520791411
outer loop
vertex -65.06365204 -25.7959671 56.57775116
vertex -62.47632599 -22.35399628 63.05328369
vertex -61.87377167 -28.69017792 56.57800674

endloop
endfacet
facet normal 0.6661980748 0.7342446446 -0.1306323707
outer loop
vertex -65.06365204 -25.7959671 56.57775116
vertex -61.87377167 -28.69017792 56.57800674
vertex -62.31461334 -29.56175995 49.4309082

endloop
endfacet
facet normal 0.6433513165 0.7541663051 -0.1316525638
outer loop
vertex -62.31461334 -29.56175995 49.4309082
vertex -61.87377167 -28.69017792 56.57800674
vertex -58.59328461 -32.7362442 49.43115616

endloop
endfacet
facet normal 0.6470527649 0.7585216761 0.0772491619
outer loop
vertex -62.31461334 -29.56175995 49.4309082
vertex -58.59328461 -32.7362442 49.43115616
vertex -58.44728851 -32.07186127 41.68458557

endloop
endfacet
facet normal 0.7095727324 0.7007908821 0.07347617298
outer loop
vertex -58.44728851 -32.07186127 41.68458557
vertex -58.59328461 -32.7362442 49.43115616
vertex -54.79473114 -35.77019501 41.68463135

endloop
endfacet
facet normal 0.7063610554 0.6976194978 0.1199213341
outer loop
vertex -58.44728851 -32.07186127 41.68458557
vertex -54.79473114 -35.77019501 41.68463135
vertex -54.83899689 -34.28125763 33.28375626

endloop
endfacet
facet normal 0.763633728 0.6364212036 0.1087730154
outer loop
vertex -54.83899689 -34.28125763 33.28375626
vertex -54.79473114 -35.77019501 41.68463135
vertex -51.3328476 -38.4882431 33.28376389

endloop
endfacet
facet normal 0.760873735 0.6341204643 0.1377041787
outer loop
vertex -54.83899689 -34.28124237 33.28377533
vertex -51.33286285 -38.48821259 33.28377914
vertex -51.50963593 -36.35727692 24.44767952

endloop
endfacet
facet normal 0.7949060202 0.5932559371 0.1271683574
outer loop
vertex -51.50963593 -36.35727692 24.44767952
vertex -51.33286285 -38.48821259 33.28377914
vertex -48.15714264 -40.84929657 24.44768143

endloop
endfacet
facet normal 0.7920428514 0.5911191106 0.1524679661
outer loop
vertex -51.50963593 -36.35727692 24.44767952
vertex -48.15714264 -40.84929657 24.44768143
vertex -48.31404877 -38.2461319 15.17029762

endloop
endfacet
facet normal 0.8214727044 0.5525063872 0.1411357969
outer loop
vertex -48.31404877 -38.2461319 15.17029762
vertex -48.15714264 -40.84929657 24.44768143
vertex -45.44879913 -42.50621796 15.17029858

endloop
endfacet
facet normal 0.8196715117 0.5512948632 0.1556036025
outer loop
vertex -48.31406403 -38.2461319 15.17031479
vertex -45.44881439 -42.50621796 15.17031479
vertex -45.91272736 -39.09873199 5.541532993

endloop
endfacet
facet normal 0.8623155355 0.4889978766 0.1315030307
outer loop
vertex -45.91272736 -39.09873199 5.541532993
vertex -45.44881439 -42.50621796 15.17031479
vertex -43.4948349 -43.36252594 5.541532993

endloop
endfacet
facet normal 0.8631261587 0.4894575477 0.1242761239
outer loop
vertex -45.91272736 -39.09873199 5.541532993
vertex -43.4948349 -43.36252594 5.541532993
vertex -44.2962265 -39.49011993 -4.143967152

endloop
endfacet
facet normal 0.9264159203 0.3697149754 0.0711645633
outer loop
vertex -44.2962265 -39.49011993 -4.143967152
vertex -43.4948349 -43.36252594 5.541532993
vertex -42.53905487 -43.89316559 -4.143967152

endloop
endfacet
facet normal 0.919572711 0.3669795096 0.1403998733
outer loop
vertex -44.29621124 -39.49011993 -4.143949986
vertex -42.53905487 -43.89318085 -4.143949986
vertex -42.84778595 -39.51714325 -13.56002331

endloop
endfacet
facet normal 0.9694349766 0.2331017852 0.07654650509
outer loop
vertex -42.84778595 -39.51714325 -13.56002331
vertex -42.53905487 -43.89318085 -4.143949986
vertex -41.9366684 -43.30634308 -13.56002331

endloop
endfacet
facet normal 0.9514088035 0.2287673801 0.2061230391
outer loop
vertex -42.84778595 -39.51714325 -13.56002331
vertex -41.9366684 -43.30634308 -13.56002331
vertex -41.31208038 -37.90592194 -22.43665695

endloop
endfacet
facet normal 0.9173970819 0.3080518842 0.2519654632
outer loop
vertex -41.31208038 -37.90592194 -22.43665695
vertex -41.9366684 -43.30634308 -13.56002331
vertex -40.25708771 -41.04775238 -22.43665886

endloop
endfacet
facet normal 0.9276647568 0.3114951849 0.2059340924
outer loop
vertex -41.31206512 -37.90592194 -22.43664169
vertex -40.25708771 -41.04775238 -22.4366436
vertex -40.08740997 -35.77661896 -31.17408371

endloop
endfacet
facet normal 0.7776150703 0.5315666795 0.3357851505
outer loop
vertex -40.08740997 -35.77661896 -31.17408371
vertex -40.25708771 -41.04775238 -22.4366436
vertex -38.20874786 -38.5248642 -31.17408562

endloop
endfacet
facet normal 0.8196637034 0.5603105426 0.1191784739
outer loop
vertex -40.08740997 -35.77661896 -31.17408371
vertex -38.20874786 -38.5248642 -31.17408562
vertex -39.59415436 -34.54471588 -40.35822678

endloop
endfacet
facet normal 0.7050148845 0.6833269 0.1897847801
outer loop
vertex -39.59415436 -34.54471588 -40.35822678
vertex -38.20874786 -38.5248642 -31.17408562
vertex -37.21967316 -36.99456024 -40.35822678

endloop
endfacet
facet normal 0.7173323035 0.6952654719 0.04516975582
outer loop
vertex -39.59415436 -34.54471588 -40.3582077
vertex -37.21967316 -36.99456024 -40.3582077
vertex -39.33174896 -34.20825958 -49.70425034

endloop
endfacet
facet normal 0.6808062792 0.7296895981 0.06368686259
outer loop
vertex -39.33174896 -34.20825958 -49.70425034
vertex -37.21967316 -36.99456024 -40.3582077
vertex -37.08000946 -36.3091507 -49.70425034

endloop
endfacet
facet normal 0.6814771891 0.7304086685 0.04573877156
outer loop
vertex -39.33174896 -34.20825958 -49.70425034
vertex -37.08000946 -36.3091507 -49.70425034
vertex -39.48352814 -33.5054245 -58.66651154

endloop
endfacet
facet normal 0.644172132 0.7620584965 0.06564454734
outer loop
vertex -39.48352814 -33.5054245 -58.66651154
vertex -37.08000946 -36.3091507 -49.70425034
vertex -37.44339752 -35.22995758 -58.66651535

endloop
endfacet
facet normal 0.6398916245 0.7569879889 -0.132317394
outer loop
vertex -39.48352814 -33.5054245 -58.66649628
vertex -37.44339752 -35.22997284 -58.66649628
vertex -41.39336395 -33.23351288 -66.34692383

endloop
endfacet
facet normal 0.5679709315 0.8192340732 -0.07914898545
outer loop
vertex -41.39336395 -33.23351288 -66.34692383
vertex -37.44339752 -35.22997284 -58.66649628
vertex -39.46477509 -34.57059479 -66.34693146

endloop
endfacet
facet normal 0.4417209029 0.6371358037 -0.6316174865
outer loop
vertex -41.39336395 -33.23351288 -66.34692383
vertex -39.46477509 -34.57059479 -66.34693146
vertex -44.92818451 -36.28682709 -71.89898682

endloop
endfacet
facet normal 0.3969317973 0.6909509897 -0.6041786075
outer loop
vertex -44.92818451 -36.28682709 -71.89898682
vertex -39.46477509 -34.57059479 -66.34693146
vertex -43.60652924 -37.04607391 -71.89897919

endloop
endfacet
facet normal 0.2129310369 0.3706661463 -0.9040282369
outer loop
vertex -44.92816925 -36.28679657 -71.89898682
vertex -43.60651398 -37.04602814 -71.89898682
vertex -49.27442169 -42.96593475 -75.66123962

endloop
endfacet
facet normal 0 0.5299989581 -0.8479983211
outer loop
vertex -49.27442169 -42.96593475 -75.66123962
vertex -43.60651398 -37.04602814 -71.89898682
vertex -49.27440643 -42.96593475 -75.66123962

endloop
endfacet
facet normal 0.6048327088 -0.5180297494 -0.6048327088
outer loop
vertex -39.92658234 -50.56754303 154.0013885
vertex -39.9265976 -50.56754303 154.0013733
vertex -33.49686432 -43.49610138 154.374527

endloop
endfacet
facet normal 0.2433411479 -0.2704123855 0.9314839244
outer loop
vertex -33.49686432 -43.49610138 154.374527
vertex -39.9265976 -50.56754303 154.0013733
vertex -34.18434906 -45.17319489 154.0672607

endloop
endfacet
facet normal 0.8153837919 -0.4092645645 0.409452945
outer loop
vertex -33.49686432 -43.49610138 154.374527
vertex -34.18434906 -45.17319489 154.0672607
vertex -30.23664093 -40.67917633 150.6977539

endloop
endfacet
facet normal 0.6137541533 0.05153948814 0.787813127
outer loop
vertex -30.23664093 -40.67917633 150.6977539
vertex -34.18434906 -45.17319489 154.0672607
vertex -29.62490082 -43.54717255 150.4087982

endloop
endfacet
facet normal 0.9744517207 0.1969776601 0.1079058424
outer loop
vertex -30.23664093 -40.67917633 150.6977539
vertex -29.62490082 -43.54717255 150.4087982
vertex -30.70140839 -35.33875275 145.1461487

endloop
endfacet
facet normal 0.8660572767 0.3453468382 0.3614975214
outer loop
vertex -30.70140839 -35.33875275 145.1461487
vertex -29.62490082 -43.54717255 150.4087982
vertex -29.48836517 -38.38481903 145.1499786

endloop
endfacet
facet normal 0.929038763 0.3699707985 0.002922886983
outer loop
vertex -30.70139313 -35.33875275 145.1461334
vertex -29.48836517 -38.38483429 145.1499634
vertex -33.23465729 -28.92475128 138.4771576

endloop
endfacet
facet normal 0.9200157523 0.3901666701 0.03662060201
outer loop
vertex -33.23465729 -28.92475128 138.4771576
vertex -29.48836517 -38.38483429 145.1499634
vertex -31.90023041 -32.0966568 138.7469025

endloop
endfacet
facet normal 0.9204579592 0.3791797459 -0.09476234019
outer loop
vertex -33.23465729 -28.92475128 138.4771576
vertex -31.90023041 -32.0966568 138.7469025
vertex -35.98960114 -24.32622528 130.1179047

endloop
endfacet
facet normal 0.9411870241 0.2705546916 -0.202403143
outer loop
vertex -35.98960114 -24.32622528 130.1179047
vertex -31.90023041 -32.0966568 138.7469025
vertex -34.82805634 -27.98274994 130.6314392

endloop
endfacet
facet normal 0.9484199286 0.2805450261 -0.1476287991
outer loop
vertex -35.98960114 -24.32622528 130.1179047
vertex -34.82805634 -27.98274994 130.6314392
vertex -38.3225174 -21.42354584 120.6464996

endloop
endfacet
facet normal 0.9596041441 0.137965098 -0.2452051193
outer loop
vertex -38.3225174 -21.42354584 120.6464996
vertex -34.82805634 -27.98274994 130.6314392
vertex -37.61359406 -25.34374237 121.2151489

endloop
endfacet
facet normal 0.959764123 0.1380956024 -0.2445044219
outer loop
vertex -38.3225174 -21.42354584 120.6464996
vertex -37.61359406 -25.34374237 121.2151489
vertex -41.00154877 -19.84345245 111.0228119

endloop
endfacet
facet normal 0.9596886635 0.145346418 -0.2405664772
outer loop
vertex -41.00154877 -19.84345245 111.0228119
vertex -37.61359406 -25.34374237 121.2151489
vertex -40.37546539 -23.54895782 111.2816315

endloop
endfacet
facet normal 0.9392908812 0.1367215067 -0.3147062659
outer loop
vertex -41.00154877 -19.84345245 111.0228119
vertex -40.37546539 -23.54895782 111.2816315
vertex -44.3061142 -18.82485199 101.6023331

endloop
endfacet
facet normal 0.936999619 0.2141705453 -0.2759757936
outer loop
vertex -44.3061142 -18.82485199 101.6023331
vertex -40.37546539 -23.54895782 111.2816315
vertex -43.50600433 -22.28580475 101.6330185

endloop
endfacet
facet normal 0.9357504249 0.2138422728 -0.2804328203
outer loop
vertex -44.3061142 -18.82485199 101.6023331
vertex -43.50600433 -22.28580475 101.6330185
vertex -47.3013382 -17.38365936 92.70681763

endloop
endfacet
facet normal 0.9350370169 0.2250247747 -0.2739881277
outer loop
vertex -47.3013382 -17.38365936 92.70681763
vertex -43.50600433 -22.28580475 101.6330185
vertex -46.43473053 -20.98473358 92.70674133

endloop
endfacet
facet normal 0.9417513013 0.2266401052 -0.2484729141
outer loop
vertex -47.3013382 -17.38365936 92.70681763
vertex -46.43473053 -20.98473358 92.70674133
vertex -50.08965302 -15.13990021 84.18527222

endloop
endfacet
facet normal 0.9421890378 0.2173173428 -0.2550550997
outer loop
vertex -50.08965302 -15.13990021 84.18527222
vertex -46.43473053 -20.98473358 92.70674133
vertex -49.21085358 -18.94997406 84.18527222

endloop
endfacet
facet normal 0.9232097864 0.2129397541 -0.3199069202
outer loop
vertex -50.08965302 -15.13990021 84.18527222
vertex -49.21085358 -18.94997406 84.18527222
vertex -53.19199371 -13.83649445 76.09990692

endloop
endfacet
facet normal 0.9225691557 0.1728335917 -0.3449560702
outer loop
vertex -53.19199371 -13.83649445 76.09990692
vertex -49.21085358 -18.94997406 84.18527222
vertex -52.5031662 -17.51337433 76.09991455

endloop
endfacet
facet normal 0.7507933974 0.1406524628 -0.6453883648
outer loop
vertex -53.19199371 -13.83649445 76.09990692
vertex -52.5031662 -17.51337433 76.09991455
vertex -58.81156158 -15.83797455 69.12635803

endloop
endfacet
facet normal 0.7486166358 0.2290445268 -0.6221830249
outer loop
vertex -58.81156158 -15.83797455 69.12635803
vertex -52.5031662 -17.51337433 76.09991455
vertex -57.7589035 -19.27843475 69.12638855

endloop
endfacet
facet normal 0.7139754891 0.2184451222 -0.6652224064
outer loop
vertex -58.81156158 -15.83797455 69.12635803
vertex -57.7589035 -19.27843475 69.12638855
vertex -62.47632599 -22.35399628 63.05328369

endloop
endfacet
facet normal 0.6164860129 0.397030592 -0.6799350381
outer loop
vertex -62.47632599 -22.35399628 63.05328369
vertex -57.7589035 -19.27843475 69.12638855
vertex -60.44496918 -25.50769806 63.05355835

endloop
endfacet
facet normal 0.7662009597 0.4934881628 -0.4115890265
outer loop
vertex -62.47632599 -22.35399628 63.05328369
vertex -60.44496918 -25.50769806 63.05355835
vertex -61.87377167 -28.69017792 56.57800674

endloop
endfacet
facet normal 0.6324572563 0.630789876 -0.4495574534
outer loop
vertex -61.87377167 -28.69017792 56.57800674
vertex -60.44496918 -25.50769806 63.05355835
vertex -58.84175873 -31.72975922 56.57863235

endloop
endfacet
facet normal 0.7060211897 0.7042478919 -0.07462591678
outer loop
vertex -61.87377167 -28.69017792 56.57800674
vertex -58.84175873 -31.72975922 56.57863235
vertex -58.59328461 -32.7362442 49.43115616

endloop
endfacet
facet normal 0.6926457286 0.7171658874 -0.07690996677
outer loop
vertex -58.59328461 -32.7362442 49.43115616
vertex -58.84175873 -31.72975922 56.57863235
vertex -55.13587189 -36.07540131 49.43157959

endloop
endfacet
facet normal 0.6934916377 0.7180590034 0.05882760882
outer loop
vertex -58.59328461 -32.7362442 49.43115616
vertex -55.13587189 -36.07540131 49.43157959
vertex -54.79473114 -35.77019501 41.68463135

endloop
endfacet
facet normal 0.7444459796 0.6650723219 0.05898388475
outer loop
vertex -54.79473114 -35.77019501 41.68463135
vertex -55.13587189 -36.07540131 49.43157959
vertex -51.40727997 -39.5619278 41.68466568

endloop
endfacet
facet normal 0.7426245809 0.6634454131 0.09137191623
outer loop
vertex -54.79473114 -35.77019501 41.68463135
vertex -51.40727997 -39.5619278 41.68466568
vertex -51.3328476 -38.4882431 33.28376389

endloop
endfacet
facet normal 0.7823005319 0.6169659495 0.08578310162
outer loop
vertex -51.3328476 -38.4882431 33.28376389
vertex -51.40727997 -39.5619278 41.68466568
vertex -48.121315 -42.56040192 33.28376007

endloop
endfacet
facet normal 0.7798989415 0.615072608 0.1159451604
outer loop
vertex -51.33286285 -38.48821259 33.28377914
vertex -48.121315 -42.56038666 33.28377914
vertex -48.15714264 -40.84929657 24.44768143

endloop
endfacet
facet normal 0.8109963536 0.5749859214 0.1080563664
outer loop
vertex -48.15714264 -40.84929657 24.44768143
vertex -48.121315 -42.56038666 33.28377914
vertex -45.15139008 -45.08879852 24.44767952

endloop
endfacet
facet normal 0.80845505 0.5731841922 0.1336425245
outer loop
vertex -48.15714264 -40.84929657 24.44768143
vertex -45.15139008 -45.08879852 24.44767952
vertex -45.44879913 -42.50621796 15.17029858

endloop
endfacet
facet normal 0.8470923305 0.5183737278 0.1171460971
outer loop
vertex -45.44879913 -42.50621796 15.17029858
vertex -45.15139008 -45.08879852 24.44767952
vertex -42.74074554 -46.93154144 15.17029762

endloop
endfacet
facet normal 0.8462018967 0.5178317428 0.1256688237
outer loop
vertex -45.44881439 -42.50621796 15.17031479
vertex -42.74074554 -46.93154144 15.17031479
vertex -43.4948349 -43.36252594 5.541532993

endloop
endfacet
facet normal 0.8952880502 0.4359919131 0.09148973227
outer loop
vertex -43.4948349 -43.36252594 5.541532993
vertex -42.74074554 -46.93154144 15.17031479
vertex -41.25473785 -47.96245575 5.541532993

endloop
endfacet
facet normal 0.8971808553 0.4369136989 0.06459797919
outer loop
vertex -43.4948349 -43.36252594 5.541532993
vertex -41.25473785 -47.96245575 5.541532993
vertex -42.53905487 -43.89316559 -4.143967152

endloop
endfacet
facet normal 0.9468260407 0.3216036558 0.009568301961
outer loop
vertex -42.53905487 -43.89316559 -4.143967152
vertex -41.25473785 -47.96245575 5.541532993
vertex -41.0795517 -48.19005585 -4.143967152

endloop
endfacet
facet normal 0.9438064694 0.3205802739 0.08035885543
outer loop
vertex -42.53905487 -43.89318085 -4.143949986
vertex -41.0795517 -48.19004059 -4.143949986
vertex -41.9366684 -43.30634308 -13.56002331

endloop
endfacet
facet normal 0.9939908385 0.102999717 -0.03705860302
outer loop
vertex -41.9366684 -43.30634308 -13.56002331
vertex -41.0795517 -48.19004059 -4.143949986
vertex -41.57630157 -46.78403473 -13.56002331

endloop
endfacet
facet normal 0.9725657105 0.1007796079 0.2096652985
outer loop
vertex -41.9366684 -43.30634308 -13.56002331
vertex -41.57630157 -46.78403473 -13.56002331
vertex -40.25708771 -41.04775238 -22.43665886

endloop
endfacet
facet normal 0.9852551222 0.03315228224 0.1678488553
outer loop
vertex -40.25708771 -41.04775238 -22.43665886
vertex -41.57630157 -46.78403473 -13.56002331
vertex -40.15314484 -44.13684845 -22.43665695

endloop
endfacet
facet normal 0.970946312 0.03267564997 0.2370562255
outer loop
vertex -40.25708771 -41.04775238 -22.4366436
vertex -40.15312958 -44.13684845 -22.43664169
vertex -38.20874786 -38.5248642 -31.17408562

endloop
endfacet
facet normal 0.9191233516 0.2051812261 0.3363226354
outer loop
vertex -38.20874786 -38.5248642 -31.17408562
vertex -40.15312958 -44.13684845 -22.43664169
vertex -37.49871063 -41.70552826 -31.17408371

endloop
endfacet
facet normal 0.9663629532 0.2157266289 0.1400166303
outer loop
vertex -38.20874786 -38.5248642 -31.17408562
vertex -37.49871063 -41.70552826 -31.17408371
vertex -37.21967316 -36.99456024 -40.35822678

endloop
endfacet
facet normal 0.9149824381 0.3470530212 0.2058188766
outer loop
vertex -37.21967316 -36.99456024 -40.35822678
vertex -37.49871063 -41.70552826 -31.17408371
vertex -36.02046967 -40.15618134 -40.35822678

endloop
endfacet
facet normal 0.9342542887 0.3543628156 0.03994901106
outer loop
vertex -37.21967316 -36.99456024 -40.3582077
vertex -36.02046967 -40.15618134 -40.3582077
vertex -37.08000946 -36.3091507 -49.70425034

endloop
endfacet
facet normal 0.9385852218 0.3432785273 0.03489549085
outer loop
vertex -37.08000946 -36.3091507 -49.70425034
vertex -36.02046967 -40.15618134 -40.3582077
vertex -36.08344269 -39.03394318 -49.70425034

endloop
endfacet
facet normal 0.9391521215 0.3434858918 0.003281643381
outer loop
vertex -37.08000946 -36.3091507 -49.70425034
vertex -36.08344269 -39.03394318 -49.70425034
vertex -37.44339752 -35.22995758 -58.66651535

endloop
endfacet
facet normal 0.9541376829 0.2988295853 -0.01794643886
outer loop
vertex -37.44339752 -35.22995758 -58.66651535
vertex -36.08344269 -39.03394318 -49.70425034
vertex -36.74727631 -37.45261383 -58.66651154

endloop
endfacet
facet normal 0.9309164286 0.2915588617 -0.2199726999
outer loop
vertex -37.44339752 -35.22997284 -58.66649628
vertex -36.74727631 -37.45261383 -58.66649628
vertex -39.46477509 -34.57059479 -66.34693146

endloop
endfacet
facet normal 0.9001148343 0.4021306932 -0.1675833315
outer loop
vertex -39.46477509 -34.57059479 -66.34693146
vertex -36.74727631 -37.45261383 -58.66649628
vertex -38.65068817 -36.39281464 -66.34692383

endloop
endfacet
facet normal 0.6912267804 0.3088066876 -0.6533330083
outer loop
vertex -39.46477509 -34.57059479 -66.34693146
vertex -38.65068817 -36.39281464 -66.34692383
vertex -43.60652924 -37.04607391 -71.89897919

endloop
endfacet
facet normal 0.6471275687 0.4316383898 -0.6284219623
outer loop
vertex -43.60652924 -37.04607391 -71.89897919
vertex -38.65068817 -36.39281464 -66.34692383
vertex -42.88817596 -38.1230545 -71.89897919

endloop
endfacet
facet normal 0.3540330231 0.2361440659 -0.9049291015
outer loop
vertex -43.60651398 -37.04602814 -71.89898682
vertex -42.88814545 -38.12302399 -71.89898682
vertex -49.27440643 -42.96593475 -75.66123962

endloop
endfacet
facet normal 0.6626150608 -0.7288765311 -0.1722799093
outer loop
vertex -49.27440643 -42.96593475 -75.66123962
vertex -42.88814545 -38.12302399 -71.89898682
vertex -49.27442169 -42.96595001 -75.66123199

endloop
endfacet
facet normal 0.1829381436 -0.1829381436 -0.9659540653
outer loop
vertex -39.9265976 -50.56754303 154.0013733
vertex -39.92658234 -50.56752777 154.0013733
vertex -34.18434906 -45.17319489 154.0672607

endloop
endfacet
facet normal 0.311594069 -0.3425157666 0.8863363266
outer loop
vertex -34.18434906 -45.17319489 154.0672607
vertex -39.92658234 -50.56752777 154.0013733
vertex -34.23777008 -46.28430939 153.656662

endloop
endfacet
facet normal 0.6596987844 -0.2882033885 0.6940722466
outer loop
vertex -34.18434906 -45.17319489 154.0672607
vertex -34.23777008 -46.28430939 153.656662
vertex -29.62490082 -43.54717255 150.4087982

endloop
endfacet
facet normal 0.596953392 -0.05642286316 0.8002894521
outer loop
vertex -29.62490082 -43.54717255 150.4087982
vertex -34.23777008 -46.28430939 153.656662
vertex -29.0066452 -46.37192535 149.7484741

endloop
endfacet
facet normal 0.9674947858 0.1674570441 0.1895044893
outer loop
vertex -29.62490082 -43.54717255 150.4087982
vertex -29.0066452 -46.37192535 149.7484741
vertex -29.48836517 -38.38481903 145.1499786

endloop
endfacet
facet normal 0.9127011299 0.2438347191 0.3279045224
outer loop
vertex -29.48836517 -38.38481903 145.1499786
vertex -29.0066452 -46.37192535 149.7484741
vertex -28.46709442 -41.52118683 144.6395874

endloop
endfacet
facet normal 0.9475803375 0.3161185682 -0.04648186639
outer loop
vertex -29.48836517 -38.38483429 145.1499634
vertex -28.46709442 -41.52118683 144.6395874
vertex -31.90023041 -32.0966568 138.7469025

endloop
endfacet
facet normal 0.9292756915 0.3666378558 0.04498114809
outer loop
vertex -31.90023041 -32.0966568 138.7469025
vertex -28.46709442 -41.52118683 144.6395874
vertex -30.64281464 -35.26868439 138.6246185

endloop
endfacet
facet normal 0.9180339575 0.3694634736 -0.1439111233
outer loop
vertex -31.90023041 -32.0966568 138.7469025
vertex -30.64281464 -35.26868439 138.6246185
vertex -34.82805634 -27.98274994 130.6314392

endloop
endfacet
facet normal 0.9312424064 0.2827545702 -0.229863897
outer loop
vertex -34.82805634 -27.98274994 130.6314392
vertex -30.64281464 -35.26868439 138.6246185
vertex -33.65947723 -31.65839386 130.8442841

endloop
endfacet
facet normal 0.9375559688 0.2866643369 -0.1970083565
outer loop
vertex -34.82805634 -27.98274994 130.6314392
vertex -33.65947723 -31.65839386 130.8442841
vertex -37.61359406 -25.34374237 121.2151489

endloop
endfacet
facet normal 0.9451079965 0.1461825669 -0.2922355235
outer loop
vertex -37.61359406 -25.34374237 121.2151489
vertex -33.65947723 -31.65839386 130.8442841
vertex -36.89873505 -29.2027359 121.5966949

endloop
endfacet
facet normal 0.9587907791 0.1540052295 -0.2387523651
outer loop
vertex -37.61359406 -25.34374237 121.2151489
vertex -36.89873505 -29.2027359 121.5966949
vertex -40.37546539 -23.54895782 111.2816315

endloop
endfacet
facet normal 0.958977282 0.1320358366 -0.2508568168
outer loop
vertex -40.37546539 -23.54895782 111.2816315
vertex -36.89873505 -29.2027359 121.5966949
vertex -39.81233978 -27.10634613 111.5619583

endloop
endfacet
facet normal 0.9482305646 0.1271705925 -0.2910093665
outer loop
vertex -40.37546539 -23.54895782 111.2816315
vertex -39.81233978 -27.10634613 111.5619583
vertex -43.50600433 -22.28580475 101.6330185

endloop
endfacet
facet normal 0.9467817545 0.1893830001 -0.2602660358
outer loop
vertex -43.50600433 -22.28580475 101.6330185
vertex -39.81233978 -27.10634613 111.5619583
vertex -42.81363678 -25.69625092 101.6700592

endloop
endfacet
facet normal 0.9410131574 0.1879829317 -0.2813480794
outer loop
vertex -43.50600433 -22.28580475 101.6330185
vertex -42.81363678 -25.69625092 101.6700592
vertex -46.43473053 -20.98473358 92.70674133

endloop
endfacet
facet normal 0.9415486455 0.1468599439 -0.3031804562
outer loop
vertex -46.43473053 -20.98473358 92.70674133
vertex -42.81363678 -25.69625092 101.6700592
vertex -45.86858368 -24.61452484 92.70668793

endloop
endfacet
facet normal 0.9501937628 0.1482079178 -0.2741648555
outer loop
vertex -46.43473053 -20.98473358 92.70674133
vertex -45.86858368 -24.61452484 92.70668793
vertex -49.21085358 -18.94997406 84.18527222

endloop
endfacet
facet normal 0.9463555813 0.09273628891 -0.3095337749
outer loop
vertex -49.21085358 -18.94997406 84.18527222
vertex -45.86858368 -24.61452484 92.70668793
vertex -48.84674835 -22.66544342 84.18531799

endloop
endfacet
facet normal 0.9278636575 0.09092349559 -0.3616656959
outer loop
vertex -49.21085358 -18.94997406 84.18527222
vertex -48.84674835 -22.66544342 84.18531799
vertex -52.5031662 -17.51337433 76.09991455

endloop
endfacet
facet normal 0.9155579209 0.01932828873 -0.4017216265
outer loop
vertex -52.5031662 -17.51337433 76.09991455
vertex -48.84674835 -22.66544342 84.18531799
vertex -52.42462921 -21.23262787 76.09996033

endloop
endfacet
facet normal 0.7964285016 0.0168102067 -0.604499042
outer loop
vertex -52.5031662 -17.51337433 76.09991455
vertex -52.42462921 -21.23262787 76.09996033
vertex -57.7589035 -19.27843475 69.12638855

endloop
endfacet
facet normal 0.8015566468 0.06822640449 -0.5940134525
outer loop
vertex -57.7589035 -19.27843475 69.12638855
vertex -52.42462921 -21.23262787 76.09996033
vertex -57.45386505 -22.86031342 69.12660217

endloop
endfacet
facet normal 0.8812174797 0.07501803339 -0.4667205811
outer loop
vertex -57.7589035 -19.27843475 69.12638855
vertex -57.45386505 -22.86031342 69.12660217
vertex -60.44496918 -25.50769806 63.05355835

endloop
endfacet
facet normal 0.7899457216 0.3147093356 -0.5262545347
outer loop
vertex -60.44496918 -25.50769806 63.05355835
vertex -57.45386505 -22.86031342 69.12660217
vertex -59.06533051 -28.97034454 63.05377197

endloop
endfacet
facet normal 0.921731472 0.3672421575 -0.1246768758
outer loop
vertex -60.44496918 -25.50769806 63.05355835
vertex -59.06533051 -28.97034454 63.05377197
vertex -58.84175873 -31.72975922 56.57863235

endloop
endfacet
facet normal 0.8115713596 0.5470654368 -0.205113098
outer loop
vertex -58.84175873 -31.72975922 56.57863235
vertex -59.06533051 -28.97034454 63.05377197
vertex -56.46877289 -35.25008392 56.57862854

endloop
endfacet
facet normal 0.8258565068 0.5566945076 0.08973428607
outer loop
vertex -58.84175873 -31.72975922 56.57863235
vertex -56.46877289 -35.25008392 56.57862854
vertex -55.13587189 -36.07540131 49.43157959

endloop
endfacet
facet normal 0.8030954003 0.5902343392 0.08161634207
outer loop
vertex -55.13587189 -36.07540131 49.43157959
vertex -56.46877289 -35.25008392 56.57862854
vertex -52.31508636 -39.91345978 49.43150711

endloop
endfacet
facet normal 0.7999207377 0.5879004598 0.1204154044
outer loop
vertex -55.13587189 -36.07540131 49.43157959
vertex -52.31508636 -39.91345978 49.43150711
vertex -51.40727997 -39.5619278 41.68466568

endloop
endfacet
facet normal 0.8165923357 0.5643257499 0.1212992817
outer loop
vertex -51.40727997 -39.5619278 41.68466568
vertex -52.31508636 -39.91345978 49.43150711
vertex -48.46350861 -43.82163239 41.68466187

endloop
endfacet
facet normal 0.8169162869 0.5645495653 0.1180314645
outer loop
vertex -51.40727997 -39.5619278 41.68466568
vertex -48.46350861 -43.82163239 41.68466187
vertex -48.121315 -42.56040192 33.28376007

endloop
endfacet
facet normal 0.8348492384 0.5383684039 0.1148313209
outer loop
vertex -48.121315 -42.56040192 33.28376007
vertex -48.46350861 -43.82163239 41.68466187
vertex -45.28278351 -46.96212006 33.28376007

endloop
endfacet
facet normal 0.8336716294 0.5376071334 0.1263736188
outer loop
vertex -48.121315 -42.56038666 33.28377914
vertex -45.28278351 -46.96212006 33.28377914
vertex -45.15139008 -45.08879852 24.44767952

endloop
endfacet
facet normal 0.8516670465 0.5099752545 0.1207830384
outer loop
vertex -45.15139008 -45.08879852 24.44767952
vertex -45.28278351 -46.96212006 33.28377914
vertex -42.5308609 -49.46512604 24.44768143

endloop
endfacet
facet normal 0.8517469764 0.5100231171 0.1200142279
outer loop
vertex -45.15139008 -45.08879852 24.44767952
vertex -42.5308609 -49.46512604 24.44768143
vertex -42.74074554 -46.93154144 15.17029762

endloop
endfacet
facet normal 0.8786717057 0.4652413726 0.1071755439
outer loop
vertex -42.74074554 -46.93154144 15.17029762
vertex -42.5308609 -49.46512604 24.44768143
vertex -40.31046295 -51.52146149 15.17029953

endloop
endfacet
facet normal 0.880490005 0.4662041366 0.08597124368
outer loop
vertex -42.74074554 -46.93154144 15.17031479
vertex -40.31046295 -51.52146149 15.17031574
vertex -41.25473785 -47.96245575 5.541532993

endloop
endfacet
facet normal 0.909326911 0.4113077819 0.06285240501
outer loop
vertex -41.25473785 -47.96245575 5.541532993
vertex -40.31046295 -51.52146149 15.17031574
vertex -39.19780731 -52.50995636 5.541532993

endloop
endfacet
facet normal 0.9111074209 0.4121131003 0.006795358378
outer loop
vertex -41.25473785 -47.96245575 5.541532993
vertex -39.19780731 -52.50995636 5.541532993
vertex -41.0795517 -48.19005585 -4.143967152

endloop
endfacet
facet normal 0.9367895126 0.3488967121 -0.02638990618
outer loop
vertex -41.0795517 -48.19005585 -4.143967152
vertex -39.19780731 -52.50995636 5.541532993
vertex -39.52167511 -52.37296295 -4.143967152

endloop
endfacet
facet normal 0.937112987 0.3490158916 0.002677083015
outer loop
vertex -41.0795517 -48.19004059 -4.143949986
vertex -39.52167511 -52.37296295 -4.143949986
vertex -41.57630157 -46.78403473 -13.56002331

endloop
endfacet
facet normal 0.9758454561 0.1959229261 -0.09664312005
outer loop
vertex -41.57630157 -46.78403473 -13.56002331
vertex -39.52167511 -52.37296295 -4.143949986
vertex -40.837883 -50.46192169 -13.56002331

endloop
endfacet
facet normal 0.95835495 0.1924113184 0.211030215
outer loop
vertex -41.57630157 -46.78403473 -13.56002331
vertex -40.837883 -50.46192169 -13.56002331
vertex -40.15314484 -44.13684845 -22.43665695

endloop
endfacet
facet normal 0.9920160174 0.05312385783 0.1143770814
outer loop
vertex -40.15314484 -44.13684845 -22.43665695
vertex -40.837883 -50.46192169 -13.56002331
vertex -39.9681015 -47.59227753 -22.43665886

endloop
endfacet
facet normal 0.9515458941 0.05095231533 0.3032561243
outer loop
vertex -40.15312958 -44.13684845 -22.43664169
vertex -39.9681015 -47.59227753 -22.4366436
vertex -37.49871063 -41.70552826 -31.17408371

endloop
endfacet
facet normal 0.9445601702 0.07738312334 0.3190892637
outer loop
vertex -37.49871063 -41.70552826 -31.17408371
vertex -39.9681015 -47.59227753 -22.4366436
vertex -37.20389557 -45.3041153 -31.17408562

endloop
endfacet
facet normal 0.981875658 0.08044029772 0.1716087013
outer loop
vertex -37.49871063 -41.70552826 -31.17408371
vertex -37.20389557 -45.3041153 -31.17408562
vertex -36.02046967 -40.15618134 -40.35822678

endloop
endfacet
facet normal 0.9692029953 0.1393888444 0.2030178607
outer loop
vertex -36.02046967 -40.15618134 -40.35822678
vertex -37.20389557 -45.3041153 -31.17408562
vertex -35.50006866 -43.77465057 -40.35822678

endloop
endfacet
facet normal 0.9897620678 0.1423456073 0.01042338274
outer loop
vertex -36.02046967 -40.15618134 -40.3582077
vertex -35.50006866 -43.77465057 -40.3582077
vertex -36.08344269 -39.03394318 -49.70425034

endloop
endfacet
facet normal 0.9963145852 0.08344198018 -0.01986402646
outer loop
vertex -36.08344269 -39.03394318 -49.70425034
vertex -35.50006866 -43.77465057 -40.3582077
vertex -35.82006073 -42.1787796 -49.70425415

endloop
endfacet
facet normal 0.9947763085 0.0833131969 -0.05898292363
outer loop
vertex -36.08344269 -39.03394318 -49.70425034
vertex -35.82006073 -42.1787796 -49.70425415
vertex -36.74727631 -37.45261383 -58.66651154

endloop
endfacet
facet normal 0.9943524599 -0.005865145009 -0.1059664562
outer loop
vertex -36.74727631 -37.45261383 -58.66651154
vertex -35.82006073 -42.1787796 -49.70425415
vertex -36.76232147 -40.00324249 -58.66651535

endloop
endfacet
facet normal 0.9704363942 -0.005723831244 -0.2412894666
outer loop
vertex -36.74727631 -37.45261383 -58.66649628
vertex -36.76232147 -40.00325775 -58.66650009
vertex -38.65068817 -36.39281464 -66.34692383

endloop
endfacet
facet normal 0.9761067629 0.08645364642 -0.1993524432
outer loop
vertex -38.65068817 -36.39281464 -66.34692383
vertex -36.76232147 -40.00325775 -58.66650009
vertex -38.46733856 -38.46294403 -66.34693146

endloop
endfacet
facet normal 0.7824786305 0.06930574775 -0.6188085079
outer loop
vertex -38.65068817 -36.39281464 -66.34692383
vertex -38.46733856 -38.46294403 -66.34693146
vertex -42.88817596 -38.1230545 -71.89897919

endloop
endfacet
facet normal 0.774166584 0.1859640777 -0.6050483584
outer loop
vertex -42.88817596 -38.1230545 -71.89897919
vertex -38.46733856 -38.46294403 -66.34693146
vertex -42.58499908 -39.3852005 -71.89898682

endloop
endfacet
facet normal 0.4434852302 0.1065284684 -0.8899283409
outer loop
vertex -42.88814545 -38.12302399 -71.89898682
vertex -42.58498383 -39.38516998 -71.89899445
vertex -49.27442169 -42.96595001 -75.66123199

endloop
endfacet
facet normal -0.4603171647 0.8877545595 0
outer loop
vertex -49.27442169 -42.96595001 -75.66123199
vertex -42.58498383 -39.38516998 -71.89899445
vertex -49.27442169 -42.96595001 -75.66123962

endloop
endfacet
facet normal 0.231702581 -0.231702581 0.9447898269
outer loop
vertex -39.92658234 -50.56752777 154.0013733
vertex -39.9265976 -50.56754303 154.0013733
vertex -34.23777008 -46.28430939 153.656662

endloop
endfacet
facet normal 0.2920273244 -0.3151881993 0.9029819965
outer loop
vertex -34.23777008 -46.28430939 153.656662
vertex -39.9265976 -50.56754303 154.0013733
vertex -34.07920074 -47.89263153 153.0439911

endloop
endfacet
facet normal 0.5784441233 -0.2399597913 0.7796292305
outer loop
vertex -34.23777008 -46.28430939 153.656662
vertex -34.07920074 -47.89263153 153.0439911
vertex -29.0066452 -46.37192535 149.7484741

endloop
endfacet
facet normal 0.552852571 -0.04046101868 0.832296133
outer loop
vertex -29.0066452 -46.37192535 149.7484741
vertex -34.07920074 -47.89263153 153.0439911
vertex -28.41902924 -49.67855072 149.197403

endloop
endfacet
facet normal 0.9643909335 0.1333120018 0.2284254134
outer loop
vertex -29.0066452 -46.37192535 149.7484741
vertex -28.41902924 -49.67855072 149.197403
vertex -28.46709442 -41.52118683 144.6395874

endloop
endfacet
facet normal 0.967256844 0.1281137615 0.219091624
outer loop
vertex -28.46709442 -41.52118683 144.6395874
vertex -28.41902924 -49.67855072 149.197403
vertex -27.86389923 -45.28601837 144.1780548

endloop
endfacet
facet normal 0.9699652195 0.1759936213 -0.1679098159
outer loop
vertex -28.46709442 -41.52118683 144.6395874
vertex -27.86388397 -45.28603363 144.1780548
vertex -30.64281464 -35.26868439 138.6246185

endloop
endfacet
facet normal 0.9693849087 0.1714950502 -0.1757339388
outer loop
vertex -30.64281464 -35.26868439 138.6246185
vertex -27.86388397 -45.28603363 144.1780548
vertex -30.02759552 -38.78023529 138.5914459

endloop
endfacet
facet normal 0.9428947568 0.1679114848 -0.2876721919
outer loop
vertex -30.64281464 -35.26868439 138.6246185
vertex -30.02759552 -38.78023529 138.5914459
vertex -33.65947723 -31.65839386 130.8442841

endloop
endfacet
facet normal 0.935105443 0.1106643975 -0.3366468847
outer loop
vertex -33.65947723 -31.65839386 130.8442841
vertex -30.02759552 -38.78023529 138.5914459
vertex -33.1319046 -35.38446808 131.0848694

endloop
endfacet
facet normal 0.9466606975 0.1145912632 -0.3011683524
outer loop
vertex -33.65947723 -31.65839386 130.8442841
vertex -33.1319046 -35.38446808 131.0848694
vertex -36.89873505 -29.2027359 121.5966949

endloop
endfacet
facet normal 0.9344956875 0.02433644794 -0.3551415801
outer loop
vertex -36.89873505 -29.2027359 121.5966949
vertex -33.1319046 -35.38446808 131.0848694
vertex -36.73935699 -33.23592377 121.7396927

endloop
endfacet
facet normal 0.9615219831 0.02830740623 -0.273265928
outer loop
vertex -36.89873505 -29.2027359 121.5966949
vertex -36.73935699 -33.23592377 121.7396927
vertex -39.81233978 -27.10634613 111.5619583

endloop
endfacet
facet normal 0.9535166025 -0.02109465748 -0.3006014228
outer loop
vertex -39.81233978 -27.10634613 111.5619583
vertex -36.73935699 -33.23592377 121.7396927
vertex -39.87351227 -30.94495392 111.637291

endloop
endfacet
facet normal 0.9558780193 -0.02098337188 -0.2930137515
outer loop
vertex -39.81233978 -27.10634613 111.5619583
vertex -39.87351227 -30.94495392 111.637291
vertex -42.81363678 -25.69625092 101.6700592

endloop
endfacet
facet normal 0.9563077688 -0.01840375178 -0.2917821109
outer loop
vertex -42.81363678 -25.69625092 101.6700592
vertex -39.87351227 -30.94495392 111.637291
vertex -42.88149261 -29.36821747 101.6792679

endloop
endfacet
facet normal 0.9456999898 -0.01828984916 -0.3245260715
outer loop
vertex -42.81363678 -25.69625092 101.6700592
vertex -42.88149261 -29.36821747 101.6792679
vertex -45.86858368 -24.61452484 92.70668793

endloop
endfacet
facet normal 0.9372648597 -0.0594317317 -0.3435149491
outer loop
vertex -45.86858368 -24.61452484 92.70668793
vertex -42.88149261 -29.36821747 101.6792679
vertex -46.10912323 -28.40692902 92.70651245

endloop
endfacet
facet normal 0.9380208254 -0.05947973207 -0.341437012
outer loop
vertex -45.86858368 -24.61452484 92.70668793
vertex -46.10912323 -28.40692902 92.70651245
vertex -48.84674835 -22.66544342 84.18531799

endloop
endfacet
facet normal 0.9248906374 -0.1024494991 -0.366171211
outer loop
vertex -48.84674835 -22.66544342 84.18531799
vertex -46.10912323 -28.40692902 92.70651245
vertex -49.28113556 -26.58693695 84.18530273

endloop
endfacet
facet normal 0.9031960368 -0.1000461802 -0.4174058735
outer loop
vertex -48.84674835 -22.66544342 84.18531799
vertex -49.28113556 -26.58693695 84.18530273
vertex -52.42462921 -21.23262787 76.09996033

endloop
endfacet
facet normal 0.8757116199 -0.1689122766 -0.4523250163
outer loop
vertex -52.42462921 -21.23262787 76.09996033
vertex -49.28113556 -26.58693695 84.18530273
vertex -53.18021393 -25.15019989 76.10007477

endloop
endfacet
facet normal 0.8180164695 -0.1577875465 -0.5531294346
outer loop
vertex -52.42462921 -21.23262787 76.09996033
vertex -53.18021393 -25.15019989 76.10007477
vertex -57.45386505 -22.86031342 69.12660217

endloop
endfacet
facet normal 0.8154793382 -0.1663171947 -0.5543753505
outer loop
vertex -57.45386505 -22.86031342 69.12660217
vertex -53.18021393 -25.15019989 76.10007477
vertex -58.20470428 -26.54299164 69.12696075

endloop
endfacet
facet normal 0.9781396389 -0.1994327754 -0.05890133232
outer loop
vertex -57.45386505 -22.86031342 69.12660217
vertex -58.20470428 -26.54299164 69.12696075
vertex -59.06533051 -28.97034454 63.05377197

endloop
endfacet
facet normal 0.979344368 0.09685462713 -0.1774931848
outer loop
vertex -59.06533051 -28.97034454 63.05377197
vertex -58.20470428 -26.54299164 69.12696075
vertex -58.71407318 -32.52198029 63.05382538

endloop
endfacet
facet normal 0.9522262812 0.09417969733 0.2905088365
outer loop
vertex -59.06533051 -28.97034454 63.05377197
vertex -58.71407318 -32.52198029 63.05382538
vertex -56.46877289 -35.25008392 56.57862854

endloop
endfacet
facet normal 0.9247190952 0.3358579874 0.1791476607
outer loop
vertex -56.46877289 -35.25008392 56.57862854
vertex -58.71407318 -32.52198029 63.05382538
vertex -55.07376862 -39.09091949 56.57856369

endloop
endfacet
facet normal 0.8942918181 0.3248045743 0.3078053296
outer loop
vertex -56.46877289 -35.25008392 56.57862854
vertex -55.07376862 -39.09091949 56.57856369
vertex -52.31508636 -39.91345978 49.43150711

endloop
endfacet
facet normal 0.8746730685 0.3859867156 0.293191433
outer loop
vertex -52.31508636 -39.91345978 49.43150711
vertex -55.07376862 -39.09091949 56.57856369
vertex -50.40732574 -44.23662567 49.43156815

endloop
endfacet
facet normal 0.8873149753 0.3915647566 0.2436165959
outer loop
vertex -52.31508636 -39.91345978 49.43150711
vertex -50.40732574 -44.23662567 49.43156815
vertex -48.46350861 -43.82163239 41.68466187

endloop
endfacet
facet normal 0.8810634017 0.4059153795 0.2428167015
outer loop
vertex -48.46350861 -43.82163239 41.68466187
vertex -50.40732574 -44.23662567 49.43156815
vertex -46.31861115 -48.47728729 41.68470764

endloop
endfacet
facet normal 0.892696619 0.4112742841 0.184244588
outer loop
vertex -48.46350861 -43.82163239 41.68466187
vertex -46.31861115 -48.47728729 41.68470764
vertex -45.28278351 -46.96212006 33.28376007

endloop
endfacet
facet normal 0.8976006508 0.4010283351 0.1830013394
outer loop
vertex -45.28278351 -46.96212006 33.28376007
vertex -46.31861115 -48.47728729 41.68470764
vertex -43.12598419 -51.78957367 33.2837677

endloop
endfacet
facet normal 0.9002813101 0.4022312462 0.1664441973
outer loop
vertex -45.28278351 -46.96212006 33.28377914
vertex -43.12596893 -51.78954315 33.28378296
vertex -42.5308609 -49.46512604 24.44768143

endloop
endfacet
facet normal 0.9111176729 0.3793349862 0.1611509472
outer loop
vertex -42.5308609 -49.46512604 24.44768143
vertex -43.12596893 -51.78954315 33.28378296
vertex -40.48671722 -54.37491608 24.44767952

endloop
endfacet
facet normal 0.9147925973 0.3808650374 0.1345225871
outer loop
vertex -42.5308609 -49.46512604 24.44768143
vertex -40.48671722 -54.37491608 24.44767952
vertex -40.31046295 -51.52146149 15.17029953

endloop
endfacet
facet normal 0.9262677431 0.3549093008 0.1267573535
outer loop
vertex -40.31046295 -51.52146149 15.17029953
vertex -40.48671722 -54.37491608 24.44767952
vertex -38.48400116 -56.28829193 15.17029762

endloop
endfacet
facet normal 0.9314438105 0.356892556 0.07099439949
outer loop
vertex -40.31046295 -51.52146149 15.17031574
vertex -38.48400116 -56.28829193 15.17031479
vertex -39.19780731 -52.50995636 5.541532993

endloop
endfacet
facet normal 0.9348685145 0.3485258818 0.06745743006
outer loop
vertex -39.19780731 -52.50995636 5.541532993
vertex -38.48400116 -56.28829193 15.17031479
vertex -37.55130768 -56.92644501 5.541532993

endloop
endfacet
facet normal 0.9366767406 0.3492000103 -0.02638184838
outer loop
vertex -39.19780731 -52.50995636 5.541532993
vertex -37.55130768 -56.92644501 5.541532993
vertex -39.52167511 -52.37296295 -4.143967152

endloop
endfacet
facet normal 0.937199831 0.3477323651 -0.0271782428
outer loop
vertex -39.52167511 -52.37296295 -4.143967152
vertex -37.55130768 -56.92644501 5.541532993
vertex -37.91777802 -56.69574738 -4.143967152

endloop
endfacet
facet normal 0.9358370304 0.3472288251 -0.06034230441
outer loop
vertex -39.52167511 -52.37296295 -4.143949986
vertex -37.91776276 -56.69576263 -4.143949032
vertex -40.837883 -50.46192169 -13.56002331

endloop
endfacet
facet normal 0.9456235766 0.3138272166 -0.08549059182
outer loop
vertex -40.837883 -50.46192169 -13.56002331
vertex -37.91776276 -56.69576263 -4.143949032
vertex -39.42507172 -54.71900177 -13.56002235

endloop
endfacet
facet normal 0.9315829277 0.3091675341 0.1912294775
outer loop
vertex -40.837883 -50.46192169 -13.56002331
vertex -39.42507172 -54.71900177 -13.56002235
vertex -39.9681015 -47.59227753 -22.43665886

endloop
endfacet
facet normal 0.9711095691 0.2115436792 0.1104328185
outer loop
vertex -39.9681015 -47.59227753 -22.43665886
vertex -39.42507172 -54.71900177 -13.56002235
vertex -39.09557343 -51.5976944 -22.43665695

endloop
endfacet
facet normal 0.9178993106 0.1999526322 0.3427532613
outer loop
vertex -39.9681015 -47.59227753 -22.4366436
vertex -39.09557343 -51.5976944 -22.43664169
vertex -37.20389557 -45.3041153 -31.17408562

endloop
endfacet
facet normal 0.9473699331 0.124636285 0.2948833704
outer loop
vertex -37.20389557 -45.3041153 -31.17408562
vertex -39.09557343 -51.5976944 -22.43664169
vertex -36.68704987 -49.23270416 -31.17408371

endloop
endfacet
facet normal 0.9711328149 0.1277624667 0.2014396787
outer loop
vertex -37.20389557 -45.3041153 -31.17408562
vertex -36.68704987 -49.23270416 -31.17408371
vertex -35.50006866 -43.77465057 -40.35822678

endloop
endfacet
facet normal 0.97919631 0.09166584164 0.1810299158
outer loop
vertex -35.50006866 -43.77465057 -40.35822678
vertex -36.68704987 -49.23270416 -31.17408371
vertex -35.13814545 -47.64080048 -40.35822678

endloop
endfacet
facet normal 0.9954824448 0.09319043905 -0.01817095093
outer loop
vertex -35.50006866 -43.77465057 -40.3582077
vertex -35.13814545 -47.64080048 -40.3582077
vertex -35.82006073 -42.1787796 -49.70425415

endloop
endfacet
facet normal 0.9976269007 0.007425984368 -0.06844992936
outer loop
vertex -35.82006073 -42.1787796 -49.70425415
vertex -35.13814545 -47.64080048 -40.3582077
vertex -35.79454803 -45.60619354 -49.70425034

endloop
endfacet
facet normal 0.99467659 0.007403975353 -0.10277953
outer loop
vertex -35.82006073 -42.1787796 -49.70425415
vertex -35.79454803 -45.60619354 -49.70425034
vertex -36.76232147 -40.00324249 -58.66651535

endloop
endfacet
facet normal 0.9848009348 -0.07807298005 -0.1551508605
outer loop
vertex -36.76232147 -40.00324249 -58.66651535
vertex -35.79454803 -45.60619354 -49.70425034
vertex -36.98647308 -42.83066559 -58.66651154

endloop
endfacet
facet normal 0.9699702263 -0.07689209282 -0.2307492793
outer loop
vertex -36.76232147 -40.00325775 -58.66650009
vertex -36.98645782 -42.83068085 -58.66649628
vertex -38.46733856 -38.46294403 -66.34693146

endloop
endfacet
facet normal 0.9776234031 -0.03367735818 -0.2076493949
outer loop
vertex -38.46733856 -38.46294403 -66.34693146
vertex -36.98645782 -42.83068085 -58.66649628
vertex -38.54491425 -40.71494293 -66.34692383

endloop
endfacet
facet normal 0.8050991297 -0.02773564123 -0.5924915075
outer loop
vertex -38.46733856 -38.46294403 -66.34693146
vertex -38.54491425 -40.71494293 -66.34692383
vertex -42.58499908 -39.3852005 -71.89898682

endloop
endfacet
facet normal 0.8118160963 0.03219906613 -0.583024621
outer loop
vertex -42.58499908 -39.3852005 -71.89898682
vertex -38.54491425 -40.71494293 -66.34692383
vertex -42.53003693 -40.7707901 -71.89897919

endloop
endfacet
facet normal 0.4823158085 0.01913250238 -0.8757884502
outer loop
vertex -42.58498383 -39.38516998 -71.89899445
vertex -42.53000641 -40.77075958 -71.89898682
vertex -49.27442169 -42.96595001 -75.66123962

endloop
endfacet
facet normal 0.3162277639 -0.9486833215 0
outer loop
vertex -49.27442169 -42.96595001 -75.66123962
vertex -42.53000641 -40.77075958 -71.89898682
vertex -49.27442169 -42.96595001 -75.66123199

endloop
endfacet
facet normal 0.4159933031 -0.9093676209 0
outer loop
vertex -39.9265976 -50.56754303 154.0013733
vertex -39.9265976 -50.56754303 154.001358
vertex -34.07920074 -47.89263153 153.0439911

endloop
endfacet
facet normal 0.2976525128 -0.3300594687 0.8958033919
outer loop
vertex -34.07920074 -47.89263153 153.0439911
vertex -39.9265976 -50.56754303 154.001358
vertex -34.4185257 -49.84391022 152.4377899

endloop
endfacet
facet normal 0.4548369348 -0.3353984058 0.8250037432
outer loop
vertex -34.07920074 -47.89263153 153.0439911
vertex -34.4185257 -49.84391022 152.4377899
vertex -28.41902924 -49.67855072 149.197403

endloop
endfacet
facet normal 0.473362267 0.05432749167 0.8791909218
outer loop
vertex -28.41902924 -49.67855072 149.197403
vertex -34.4185257 -49.84391022 152.4377899
vertex -28.04322052 -52.94684601 149.1970215

endloop
endfacet
facet normal 0.9722848535 0.1117753386 0.2053496242
outer loop
vertex -28.41902924 -49.67855072 149.197403
vertex -28.04322052 -52.94684601 149.1970215
vertex -27.86389923 -45.28601837 144.1780548

endloop
endfacet
facet normal 0.9890052676 0.06414458156 0.1332446337
outer loop
vertex -27.86389923 -45.28601837 144.1780548
vertex -28.04322052 -52.94684601 149.1970215
vertex -27.65499115 -48.98625946 144.4087524

endloop
endfacet
facet normal 0.9443038702 0.03289306909 -0.3274267912
outer loop
vertex -27.86388397 -45.28603363 144.1780548
vertex -27.65500641 -48.98627472 144.4087372
vertex -30.02759552 -38.78023529 138.5914459

endloop
endfacet
facet normal 0.8159989119 -0.1311899424 -0.5629698038
outer loop
vertex -30.02759552 -38.78023529 138.5914459
vertex -27.65500641 -48.98627472 144.4087372
vertex -30.31162262 -41.99318695 138.9284821

endloop
endfacet
facet normal 0.8959197402 -0.1239471436 -0.4265736043
outer loop
vertex -30.02759552 -38.78023529 138.5914459
vertex -30.31162262 -41.99318695 138.9284821
vertex -33.1319046 -35.38446808 131.0848694

endloop
endfacet
facet normal 0.8907545209 -0.1349502057 -0.4339870811
outer loop
vertex -33.1319046 -35.38446808 131.0848694
vertex -30.31162262 -41.99318695 138.9284821
vertex -33.39699554 -38.65483856 131.5577087

endloop
endfacet
facet normal 0.9146841168 -0.1294980645 -0.3828618526
outer loop
vertex -33.1319046 -35.38446808 131.0848694
vertex -33.39699554 -38.65483856 131.5577087
vertex -36.73935699 -33.23592377 121.7396927

endloop
endfacet
facet normal 0.926794529 -0.08929988742 -0.364797771
outer loop
vertex -36.73935699 -33.23592377 121.7396927
vertex -33.39699554 -38.65483856 131.5577087
vertex -36.96546173 -37.06096649 122.1016006

endloop
endfacet
facet normal 0.9459412098 -0.08551762253 -0.3128607273
outer loop
vertex -36.73935699 -33.23592377 121.7396927
vertex -36.96546173 -37.06096649 122.1016006
vertex -39.87351227 -30.94495392 111.637291

endloop
endfacet
facet normal 0.9289025664 -0.1428789943 -0.3416513205
outer loop
vertex -39.87351227 -30.94495392 111.637291
vertex -36.96546173 -37.06096649 122.1016006
vertex -40.40189362 -34.75910187 111.7957764

endloop
endfacet
facet normal 0.940928638 -0.1431001872 -0.3068808019
outer loop
vertex -39.87351227 -30.94495392 111.637291
vertex -40.40189362 -34.75910187 111.7957764
vertex -42.88149261 -29.36821747 101.6792679

endloop
endfacet
facet normal 0.9220764637 -0.1988910139 -0.3319898844
outer loop
vertex -42.88149261 -29.36821747 101.6792679
vertex -40.40189362 -34.75910187 111.7957764
vertex -43.66579437 -33.04172516 101.701683

endloop
endfacet
facet normal 0.9154871702 -0.1975970864 -0.3504834473
outer loop
vertex -42.88149261 -29.36821747 101.6792679
vertex -43.66579437 -33.04172516 101.701683
vertex -46.10912323 -28.40692902 92.70651245

endloop
endfacet
facet normal 0.9141690135 -0.2010985166 -0.3519295454
outer loop
vertex -46.10912323 -28.40692902 92.70651245
vertex -43.66579437 -33.04172516 101.701683
vertex -46.93108368 -32.14466095 92.7071991

endloop
endfacet
facet normal 0.9038209915 -0.1988278776 -0.3789129257
outer loop
vertex -46.10912323 -28.40692902 92.70651245
vertex -46.93108368 -32.14466095 92.7071991
vertex -49.28113556 -26.58693695 84.18530273

endloop
endfacet
facet normal 0.9021480083 -0.2025870234 -0.3809031844
outer loop
vertex -49.28113556 -26.58693695 84.18530273
vertex -46.93108368 -32.14466095 92.7071991
vertex -50.12657928 -30.35205841 84.18543243

endloop
endfacet
facet normal 0.8693772554 -0.1952310055 -0.4539470673
outer loop
vertex -49.28113556 -26.58693695 84.18530273
vertex -50.12657928 -30.35205841 84.18543243
vertex -53.18021393 -25.15019989 76.10007477

endloop
endfacet
facet normal 0.8366315961 -0.2590502203 -0.4826391637
outer loop
vertex -53.18021393 -25.15019989 76.10007477
vertex -50.12657928 -30.35205841 84.18543243
vertex -54.3078537 -28.79297638 76.10057831

endloop
endfacet
facet normal 0.8085124493 -0.2503527105 -0.5325703621
outer loop
vertex -53.18021393 -25.15019989 76.10007477
vertex -54.3078537 -28.79297638 76.10057831
vertex -58.20470428 -26.54299164 69.12696075

endloop
endfacet
facet normal 0.7953178883 -0.2834089994 -0.535862565
outer loop
vertex -58.20470428 -26.54299164 69.12696075
vertex -54.3078537 -28.79297638 76.10057831
vertex -59.40770721 -29.9197464 69.12739563

endloop
endfacet
facet normal 0.9135961533 -0.3254464567 0.2437757552
outer loop
vertex -58.20470428 -26.54299164 69.12696075
vertex -59.40770721 -29.9197464 69.12739563
vertex -58.71407318 -32.52198029 63.05382538

endloop
endfacet
facet normal 0.9737651348 -0.1466157436 0.1740269661
outer loop
vertex -58.71407318 -32.52198029 63.05382538
vertex -59.40770721 -29.9197464 69.12739563
vertex -59.24399567 -36.0402298 63.05491257

endloop
endfacet
facet normal 0.8075274825 -0.1214522943 0.5771903396
outer loop
vertex -58.71407318 -32.52198029 63.05382538
vertex -59.24399567 -36.0402298 63.05491257
vertex -55.07376862 -39.09091949 56.57856369

endloop
endfacet
facet normal 0.8549140692 0.08077992499 0.5124417543
outer loop
vertex -55.07376862 -39.09091949 56.57856369
vertex -59.24399567 -36.0402298 63.05491257
vertex -54.69458771 -43.11145782 56.57975769

endloop
endfacet
facet normal 0.8603343964 0.08128842711 0.5032065511
outer loop
vertex -55.07376862 -39.09091949 56.57856369
vertex -54.69458771 -43.11145782 56.57975769
vertex -50.40732574 -44.23662567 49.43156815

endloop
endfacet
facet normal 0.8556911349 0.1813431829 0.484672457
outer loop
vertex -50.40732574 -44.23662567 49.43156815
vertex -54.69458771 -43.11145782 56.57975769
vertex -49.45293427 -48.74167633 49.4321785

endloop
endfacet
facet normal 0.9074138999 0.1922855526 0.3736659884
outer loop
vertex -50.40732574 -44.23662567 49.43156815
vertex -49.45293427 -48.74167633 49.4321785
vertex -46.31861115 -48.47728729 41.68470764

endloop
endfacet
facet normal 0.9027659297 0.2149716914 0.3725598156
outer loop
vertex -46.31861115 -48.47728729 41.68470764
vertex -49.45293427 -48.74167633 49.4321785
vertex -45.16564178 -53.31946564 41.68489456

endloop
endfacet
facet normal 0.937169075 0.223159343 0.2681680322
outer loop
vertex -46.31861115 -48.47728729 41.68470764
vertex -45.16564178 -53.31946564 41.68489456
vertex -43.12598419 -51.78957367 33.2837677

endloop
endfacet
facet normal 0.940161407 0.2118789107 0.2668403089
outer loop
vertex -43.12598419 -51.78957367 33.2837677
vertex -45.16564178 -53.31946564 41.68489456
vertex -41.96678925 -56.93323517 33.28377914

endloop
endfacet
facet normal 0.9513204098 0.214387536 0.2214213908
outer loop
vertex -43.12596893 -51.78954315 33.28378296
vertex -41.9668045 -56.93321991 33.28379822
vertex -40.48671722 -54.37491608 24.44767952

endloop
endfacet
facet normal 0.9578332901 0.1900717765 0.2154722214
outer loop
vertex -40.48671722 -54.37491608 24.44767952
vertex -41.9668045 -56.93321991 33.28379822
vertex -39.43012238 -59.69944 24.44767952

endloop
endfacet
facet normal 0.9667438269 0.191839993 0.1691265404
outer loop
vertex -40.48671722 -54.37491608 24.44767952
vertex -39.43012238 -59.69944 24.44767952
vertex -38.48400116 -56.28829193 15.17029762

endloop
endfacet
facet normal 0.9733324051 0.1646007001 0.1597829908
outer loop
vertex -38.48400116 -56.28829193 15.17029762
vertex -39.43012238 -59.69944 24.44767952
vertex -37.60214996 -61.50293732 15.17029762

endloop
endfacet
facet normal 0.9825032949 0.166146338 0.0841588825
outer loop
vertex -38.48400116 -56.28829193 15.17031479
vertex -37.60218048 -61.50292206 15.17031479
vertex -37.55130768 -56.92644501 5.541532993

endloop
endfacet
facet normal 0.9804906845 0.1754740775 0.08858165145
outer loop
vertex -37.55130768 -56.92644501 5.541532993
vertex -37.60218048 -61.50292206 15.17031479
vertex -36.63404083 -62.05182648 5.541532993

endloop
endfacet
facet normal 0.9838232398 0.1760704815 -0.03303112462
outer loop
vertex -37.55130768 -56.92644501 5.541532993
vertex -36.63404083 -62.05182648 5.541532993
vertex -37.91777802 -56.69574738 -4.143967152

endloop
endfacet
facet normal 0.9692075849 0.2461265177 0.007647035178
outer loop
vertex -37.91777802 -56.69574738 -4.143967152
vertex -36.63404083 -62.05182648 5.541532993
vertex -36.65180206 -61.68096161 -4.143967152

endloop
endfacet
facet normal 0.9640881419 0.2448242754 -0.1029324606
outer loop
vertex -37.91776276 -56.69576263 -4.143949032
vertex -36.65180206 -61.68096161 -4.143949986
vertex -39.42507172 -54.71900177 -13.56002235

endloop
endfacet
facet normal 0.9423190951 0.3332652152 -0.03113035485
outer loop
vertex -39.42507172 -54.71900177 -13.56002235
vertex -36.65180206 -61.68096161 -4.143949986
vertex -37.71237946 -59.56169891 -13.56002235

endloop
endfacet
facet normal 0.9320371151 0.329628855 0.1505049616
outer loop
vertex -39.42507172 -54.71900177 -13.56002235
vertex -37.71237946 -59.56169891 -13.56002235
vertex -39.09557343 -51.5976944 -22.43665695

endloop
endfacet
facet normal 0.9479414821 0.29587695 0.1177449226
outer loop
vertex -39.09557343 -51.5976944 -22.43665695
vertex -37.71237946 -59.56169891 -13.56002235
vertex -37.63457489 -56.27849579 -22.43665504

endloop
endfacet
facet normal 0.9027250409 0.2817666531 0.3251077235
outer loop
vertex -39.09557343 -51.5976944 -22.43664169
vertex -37.63455963 -56.27849579 -22.43664169
vertex -36.68704987 -49.23270416 -31.17408371

endloop
endfacet
facet normal 0.9530105591 0.1768502146 0.2459571809
outer loop
vertex -36.68704987 -49.23270416 -31.17408371
vertex -37.63455963 -56.27849579 -22.43664169
vertex -35.85048676 -53.74077606 -31.17408371

endloop
endfacet
facet normal 0.9645920396 0.1789993793 0.1937045753
outer loop
vertex -36.68704987 -49.23270416 -31.17408371
vertex -35.85048676 -53.74077606 -31.17408371
vertex -35.13814545 -47.64080048 -40.35822678

endloop
endfacet
facet normal 0.9929531813 0.04750618339 0.1085684299
outer loop
vertex -35.13814545 -47.64080048 -40.35822678
vertex -35.85048676 -53.74077606 -31.17408371
vertex -34.93540192 -51.87845612 -40.35822678

endloop
endfacet
facet normal 0.9970792532 0.04770341143 -0.0596431829
outer loop
vertex -35.13814545 -47.64080048 -40.3582077
vertex -34.93540192 -51.87847137 -40.3582077
vertex -35.79454803 -45.60619354 -49.70425034

endloop
endfacet
facet normal 0.9879709482 -0.07007740438 -0.1378504634
outer loop
vertex -35.79454803 -45.60619354 -49.70425034
vertex -34.93540192 -51.87847137 -40.3582077
vertex -36.05817413 -49.32286835 -49.70425034

endloop
endfacet
facet normal 0.9857869744 -0.06992249191 -0.1527578831
outer loop
vertex -35.79454803 -45.60619354 -49.70425034
vertex -36.05817413 -49.32286835 -49.70425034
vertex -36.98647308 -42.83066559 -58.66651154

endloop
endfacet
facet normal 0.9771347046 -0.1107972562 -0.1814711243
outer loop
vertex -36.98647308 -42.83066559 -58.66651154
vertex -36.05817413 -49.32286835 -49.70425034
vertex -37.33660126 -45.91849518 -58.66650772

endloop
endfacet
facet normal 0.9677842259 -0.1097418442 -0.2266064435
outer loop
vertex -36.98645782 -42.83068085 -58.66649628
vertex -37.33660126 -45.91851044 -58.66649246
vertex -38.54491425 -40.71494293 -66.34692383

endloop
endfacet
facet normal 0.9730319977 -0.08847901225 -0.2130262554
outer loop
vertex -38.54491425 -40.71494293 -66.34692383
vertex -37.33660126 -45.91851044 -58.66649246
vertex -38.76703644 -43.15769196 -66.34692383

endloop
endfacet
facet normal 0.8105323911 -0.07370271534 -0.5810379386
outer loop
vertex -38.54491425 -40.71494293 -66.34692383
vertex -38.76703644 -43.15769196 -66.34692383
vertex -42.53003693 -40.7707901 -71.89897919

endloop
endfacet
facet normal 0.807217598 -0.08578691632 -0.5839864612
outer loop
vertex -42.53003693 -40.7707901 -71.89897919
vertex -38.76703644 -43.15769196 -66.34692383
vertex -42.68845367 -42.2614212 -71.89897919

endloop
endfacet
facet normal 0.4996003509 -0.05310454965 -0.8646267056
outer loop
vertex -42.53000641 -40.77075958 -71.89898682
vertex -42.68843842 -42.26139069 -71.89897919
vertex -49.27442169 -42.96595001 -75.66123199

endloop
endfacet
facet normal -nan(ind) -nan(ind) -nan(ind)
outer loop
vertex -49.27442169 -42.96595001 -75.66123199
vertex -42.68843842 -42.26139069 -71.89897919
vertex -49.27442169 -42.96595001 -75.66123199

endloop
endfacet
facet normal 0.2183110267 -0.9121359587 0.3469124734
outer loop
vertex -39.9265976 -50.56754303 154.0013885
vertex -39.92661285 -50.56755829 154.001358
vertex -34.4185257 -49.84391022 152.4378204

endloop
endfacet
facet normal 0.2822041214 -0.08296556771 0.9557602406
outer loop
vertex -34.4185257 -49.84391022 152.4378204
vertex -39.92661285 -50.56755829 154.001358
vertex -34.70394135 -52.72231293 152.2722321

endloop
endfacet
facet normal 0.4147582948 -0.0931975916 0.9051462412
outer loop
vertex -34.4185257 -49.84391022 152.4378204
vertex -34.70394135 -52.72231293 152.2722321
vertex -28.04322052 -52.94684601 149.1970215

endloop
endfacet
facet normal 0.4189830422 -0.006551301107 0.9079704285
outer loop
vertex -28.04322052 -52.94684601 149.1970215
vertex -34.70394135 -52.72231293 152.2722321
vertex -28.43726349 -57.20067596 149.3481598

endloop
endfacet
facet normal 0.9957415462 -0.09207551926 0.004574323539
outer loop
vertex -28.04322052 -52.94684601 149.1970215
vertex -28.43726349 -57.20067596 149.3481598
vertex -27.65499115 -48.98625946 144.4087677

endloop
endfacet
facet normal 0.6607377529 -0.4320217371 -0.6138265133
outer loop
vertex -27.65499115 -48.98625946 144.4087677
vertex -28.43726349 -57.20067596 149.3481598
vertex -29.44589996 -52.11223602 144.6811066

endloop
endfacet
facet normal 0.5463448167 -0.3781228364 -0.7473489642
outer loop
vertex -27.65500641 -48.98627472 144.4087524
vertex -29.44591522 -52.11223602 144.6811066
vertex -30.31162262 -41.99318695 138.9284821

endloop
endfacet
facet normal 0.2749789059 -0.4572764635 -0.8457450867
outer loop
vertex -30.31162262 -41.99318695 138.9284821
vertex -29.44591522 -52.11223602 144.6811066
vertex -33.40535736 -44.31240082 139.1765594

endloop
endfacet
facet normal 0.4848045111 -0.7024477124 -0.5210871696
outer loop
vertex -30.31162262 -41.99318695 138.9284821
vertex -33.40535736 -44.31240082 139.1765594
vertex -33.39699554 -38.65485382 131.557724

endloop
endfacet
facet normal 0.6259873509 -0.6264199018 -0.4644758999
outer loop
vertex -33.39699554 -38.65485382 131.557724
vertex -33.40535736 -44.31240082 139.1765594
vertex -36.51616669 -42.03151703 131.9078979

endloop
endfacet
facet normal 0.665959239 -0.6526458859 -0.3613192737
outer loop
vertex -33.39699554 -38.65485382 131.557724
vertex -36.51616669 -42.03151703 131.9078979
vertex -36.96544647 -37.06098175 122.1016083

endloop
endfacet
facet normal 0.8626481295 -0.434123069 -0.259567529
outer loop
vertex -36.96544647 -37.06098175 122.1016083
vertex -36.51616669 -42.03151703 131.9078979
vertex -39.52021027 -42.40450287 122.5480576

endloop
endfacet
facet normal 0.8256075382 -0.4256715178 -0.3703725934
outer loop
vertex -36.96544647 -37.06098175 122.1016083
vertex -39.52021027 -42.40450287 122.5480576
vertex -40.40189362 -34.75911713 111.795784

endloop
endfacet
facet normal 0.8938757777 -0.327493012 -0.306160897
outer loop
vertex -40.40189362 -34.75911713 111.795784
vertex -39.52021027 -42.40450287 122.5480576
vertex -42.59426117 -41.10913849 112.187355

endloop
endfacet
facet normal 0.8820554018 -0.3255353868 -0.3405949473
outer loop
vertex -40.40189362 -34.75911713 111.795784
vertex -42.59426117 -41.10913849 112.187355
vertex -43.66577911 -33.04172516 101.701683

endloop
endfacet
facet normal 0.8532854319 -0.3674931228 -0.369936198
outer loop
vertex -43.66577911 -33.04172516 101.701683
vertex -42.59426117 -41.10913849 112.187355
vertex -45.99416351 -38.66068268 101.912941

endloop
endfacet
facet normal 0.8608756065 -0.369866848 -0.3494161367
outer loop
vertex -43.66577911 -33.04172516 101.701683
vertex -45.99416351 -38.66068268 101.912941
vertex -46.93108368 -32.14466095 92.70720673

endloop
endfacet
facet normal 0.7946164608 -0.4544631839 -0.4025516808
outer loop
vertex -46.93108368 -32.14466095 92.70720673
vertex -45.99416351 -38.66068268 101.912941
vertex -49.63478851 -36.90856171 92.74846649

endloop
endfacet
facet normal 0.7975085974 -0.4560390115 -0.3949791193
outer loop
vertex -46.93108368 -32.14466095 92.70720673
vertex -49.63478851 -36.90856171 92.74846649
vertex -50.12656403 -30.35205841 84.18544006

endloop
endfacet
facet normal 0.809625566 -0.4426609874 -0.3854317963
outer loop
vertex -50.12656403 -30.35205841 84.18544006
vertex -49.63478851 -36.90856171 92.74846649
vertex -52.74800873 -35.15564728 84.19574738

endloop
endfacet
facet normal 0.7699154019 -0.421191752 -0.479403615
outer loop
vertex -50.12656403 -30.35205841 84.18544006
vertex -52.74800873 -35.15564728 84.19574738
vertex -54.3078537 -28.79297638 76.10057831

endloop
endfacet
facet normal 0.8112409711 -0.3734947741 -0.4498775005
outer loop
vertex -54.3078537 -28.79297638 76.10057831
vertex -52.74800873 -35.15564728 84.19574738
vertex -56.64560699 -33.89321136 76.1193161

endloop
endfacet
facet normal 0.7799600363 -0.3593862951 -0.5123512745
outer loop
vertex -54.3078537 -28.79297638 76.10057831
vertex -56.64560699 -33.89321136 76.1193161
vertex -59.40769196 -29.91976166 69.12739563

endloop
endfacet
facet normal 0.8003410101 -0.3274273872 -0.5022405982
outer loop
vertex -59.40769196 -29.91976166 69.12739563
vertex -56.64560699 -33.89321136 76.1193161
vertex -61.2594986 -34.47150421 69.14389801

endloop
endfacet
facet normal 0.8594474792 -0.3482962549 0.3742188513
outer loop
vertex -59.40769196 -29.91976166 69.12739563
vertex -61.2594986 -34.47150421 69.14389801
vertex -59.24398041 -36.0402298 63.05491257

endloop
endfacet
facet normal 0.9142440557 -0.1978191435 0.3535892367
outer loop
vertex -59.24398041 -36.0402298 63.05491257
vertex -61.2594986 -34.47150421 69.14389801
vertex -60.24156952 -40.52515411 63.12515259

endloop
endfacet
facet normal 0.7240733504 -0.1505151838 0.6730995774
outer loop
vertex -59.24398041 -36.0402298 63.05491257
vertex -60.24156952 -40.52515411 63.12515259
vertex -54.69458771 -43.11145782 56.57976151

endloop
endfacet
facet normal 0.7606631517 -0.01117652468 0.6490507126
outer loop
vertex -54.69458771 -43.11145782 56.57976151
vertex -60.24156952 -40.52515411 63.12515259
vertex -54.81130219 -47.62299347 56.6388588

endloop
endfacet
facet normal 0.8014575243 -0.01290174574 0.5979124904
outer loop
vertex -54.69458771 -43.11145782 56.57976151
vertex -54.81130219 -47.62299347 56.6388588
vertex -49.45290375 -48.74169159 49.43218231

endloop
endfacet
facet normal 0.8055633307 0.06367474794 0.5890783072
outer loop
vertex -49.45290375 -48.74169159 49.43218231
vertex -54.81130219 -47.62299347 56.6388588
vertex -49.09764862 -53.3582077 49.44538116

endloop
endfacet
facet normal 0.8897203207 0.06975656748 0.4511449337
outer loop
vertex -49.45290375 -48.74169159 49.43218231
vertex -49.09764862 -53.3582077 49.44538116
vertex -45.16562653 -53.31946564 41.68489838

endloop
endfacet
facet normal 0.8901293874 0.06309461594 0.4513188899
outer loop
vertex -45.16562653 -53.31946564 41.68489838
vertex -49.09764862 -53.3582077 49.44538116
vertex -44.80416107 -58.43845367 41.68762207

endloop
endfacet
facet normal 0.9416671395 0.06666915864 0.3298759758
outer loop
vertex -45.16562653 -53.31946564 41.68489838
vertex -44.80416107 -58.43845367 41.68762207
vertex -41.96677399 -56.93323517 33.28377914

endloop
endfacet
facet normal 0.9456250072 0.02711118013 0.3241269886
outer loop
vertex -41.96677399 -56.93323517 33.28377914
vertex -44.80416107 -58.43845367 41.68762207
vertex -41.80892181 -62.44141388 33.28397751

endloop
endfacet
facet normal 0.9630695581 0.02761148848 0.2678333521
outer loop
vertex -41.96678925 -56.93321991 33.28379822
vertex -41.80892181 -62.44141388 33.28399277
vertex -39.43012238 -59.69944 24.44767952

endloop
endfacet
facet normal 0.9665917754 -0.01373143308 0.2559525371
outer loop
vertex -39.43012238 -59.69944 24.44767952
vertex -41.80892181 -62.44141388 33.28399277
vertex -39.5089798 -65.25050354 24.4476757

endloop
endfacet
facet normal 0.9805238247 -0.01392928138 0.1959056854
outer loop
vertex -39.43012238 -59.69944 24.44767952
vertex -39.5089798 -65.25050354 24.4476757
vertex -37.60214996 -61.50293732 15.17029762

endloop
endfacet
facet normal 0.9820706844 -0.04917406663 0.1819866002
outer loop
vertex -37.60214996 -61.50293732 15.17029762
vertex -39.5089798 -65.25050354 24.4476757
vertex -37.88542938 -67.16040039 15.17029762

endloop
endfacet
facet normal 0.9934654832 -0.04973920435 0.1027248055
outer loop
vertex -37.60218048 -61.50293732 15.17031479
vertex -37.88542938 -67.16040802 15.17031384
vertex -36.63404083 -62.05182648 5.541532993

endloop
endfacet
facet normal 0.9928691983 -0.02259771153 0.1170473173
outer loop
vertex -36.63404083 -62.05182648 5.541532993
vertex -37.88542938 -67.16040802 15.17031384
vertex -36.76715851 -67.90058136 5.541532993

endloop
endfacet
facet normal 0.9997374415 -0.02275402658 -0.002704546787
outer loop
vertex -36.63404083 -62.05182648 5.541532993
vertex -36.76715851 -67.90058136 5.541532993
vertex -36.65180206 -61.68097687 -4.143967152

endloop
endfacet
facet normal 0.9930611849 0.0932206884 0.07168982178
outer loop
vertex -36.65180206 -61.68097687 -4.143967152
vertex -36.76715851 -67.90058136 5.541532993
vertex -36.12198639 -67.32499695 -4.143966198

endloop
endfacet
facet normal 0.9915164113 0.09307591617 -0.09073061496
outer loop
vertex -36.65180206 -61.68099213 -4.143949032
vertex -36.12198639 -67.32499695 -4.143949032
vertex -37.71237946 -59.56171417 -13.56002235

endloop
endfacet
facet normal 0.9667734504 0.2517692745 0.0442866534
outer loop
vertex -37.71237946 -59.56171417 -13.56002235
vertex -36.12198639 -67.32499695 -4.143949032
vertex -36.27797699 -65.06970215 -13.5600214

endloop
endfacet
facet normal 0.9627571702 0.250723362 0.1011754423
outer loop
vertex -37.71237946 -59.56171417 -13.56002235
vertex -36.27797699 -65.06970215 -13.5600214
vertex -37.63455963 -56.27851105 -22.43665695

endloop
endfacet
facet normal 0.9585645199 0.2616581917 0.1126457602
outer loop
vertex -37.63455963 -56.27851105 -22.43665695
vertex -36.27797699 -65.06970215 -13.5600214
vertex -36.12158966 -61.82115936 -22.43665504

endloop
endfacet
facet normal 0.9305386543 0.2540072799 0.2637767196
outer loop
vertex -37.63454437 -56.27849579 -22.43664169
vertex -36.1215744 -61.82115936 -22.43664169
vertex -35.85048676 -53.74077606 -31.17408371

endloop
endfacet
facet normal 0.9853391051 0.108927466 0.1313071698
outer loop
vertex -35.85048676 -53.74077606 -31.17408371
vertex -36.1215744 -61.82115936 -22.43664169
vertex -35.24622345 -59.20684052 -31.1740818

endloop
endfacet
facet normal 0.9867106676 0.1090790704 0.1204319298
outer loop
vertex -35.85048676 -53.74077606 -31.17408371
vertex -35.24622345 -59.20684052 -31.1740818
vertex -34.93540192 -51.87845612 -40.35822678

endloop
endfacet
facet normal 0.9946710467 -0.09433136135 -0.04160771519
outer loop
vertex -34.93540192 -51.87845612 -40.35822678
vertex -35.24622345 -59.20684052 -31.1740818
vertex -35.40215302 -56.80008698 -40.35821915

endloop
endfacet
facet normal 0.9851715565 -0.09343049675 -0.1439014971
outer loop
vertex -34.93540192 -51.87847137 -40.3582077
vertex -35.40215302 -56.80010223 -40.35820389
vertex -36.05818939 -49.32286835 -49.70425034

endloop
endfacet
facet normal 0.933346808 -0.2454872876 -0.2619156241
outer loop
vertex -36.05818939 -49.32286835 -49.70425034
vertex -35.40215302 -56.80010223 -40.35820389
vertex -37.14824677 -53.46729279 -49.70424271

endloop
endfacet
facet normal 0.9415501952 -0.2476448715 -0.2283753753
outer loop
vertex -36.05818939 -49.32286835 -49.70425034
vertex -37.14824677 -53.46729279 -49.70424271
vertex -37.33660126 -45.91851044 -58.66651535

endloop
endfacet
facet normal 0.9115645289 -0.304831624 -0.2759126723
outer loop
vertex -37.33660126 -45.91851044 -58.66651535
vertex -37.14824677 -53.46729279 -49.70424271
vertex -38.53012848 -49.48763275 -58.66650009

endloop
endfacet
facet normal 0.9106972218 -0.3045396805 -0.2790808976
outer loop
vertex -37.33660126 -45.9185257 -58.66649628
vertex -38.53012848 -49.48766327 -58.66648865
vertex -38.76702118 -43.15769196 -66.34693146

endloop
endfacet
facet normal 0.9068394303 -0.3110938966 -0.284363687
outer loop
vertex -38.76702118 -43.15769196 -66.34693146
vertex -38.53012848 -49.48766327 -58.66648865
vertex -39.75957489 -46.0510025 -66.3469162

endloop
endfacet
facet normal 0.7674507499 -0.2632780075 -0.5845544934
outer loop
vertex -38.76702118 -43.15769196 -66.34693146
vertex -39.75957489 -46.0510025 -66.3469162
vertex -42.68845367 -42.2614212 -71.89897919

endloop
endfacet
facet normal 0.7369334698 -0.3102873564 -0.6005421877
outer loop
vertex -42.68845367 -42.2614212 -71.89897919
vertex -39.75957489 -46.0510025 -66.3469162
vertex -43.39702606 -43.94429779 -71.89897156

endloop
endfacet
facet normal 0.5017685294 -0.2112726271 -0.8388040662
outer loop
vertex -42.68842316 -42.26139069 -71.89898682
vertex -43.39699554 -43.94426727 -71.89897919
vertex -49.27442169 -42.96595001 -75.66123962

endloop
endfacet
facet normal 0.1767303348 -0.849894166 -0.4964335263
outer loop
vertex -49.27442169 -42.96595001 -75.66123962
vertex -43.39699554 -43.94426727 -71.89897919
vertex -49.27445221 -42.96596527 -75.66122437

endloop
endfacet
facet normal 0.05753117427 0.7059355974 -0.7059355974
outer loop
vertex -39.9265976 -50.56755829 154.001358
vertex -39.9265976 -50.56754303 154.0013733
vertex -34.70392609 -52.72229767 152.2722473

endloop
endfacet
facet normal 0.315695703 0.003753812052 0.9488530755
outer loop
vertex -34.70392609 -52.72229767 152.2722473
vertex -39.9265976 -50.56754303 154.0013733
vertex -34.64933014 -56.94355011 152.2707825

endloop
endfacet
facet normal 0.4258789718 0.005194175988 0.9047652483
outer loop
vertex -34.70392609 -52.72229767 152.2722473
vertex -34.64933014 -56.94355011 152.2707825
vertex -28.43724823 -57.20064545 149.3481903

endloop
endfacet
facet normal 0.402469486 -0.2584306002 0.8781980872
outer loop
vertex -28.43724823 -57.20064545 149.3481903
vertex -34.64933014 -56.94355011 152.2707825
vertex -30.54499054 -62.10582733 148.8706818

endloop
endfacet
facet normal 0.8112267256 -0.2997050285 -0.5020837784
outer loop
vertex -28.43724823 -57.20064545 149.3481903
vertex -30.54499054 -62.10582733 148.8706818
vertex -29.4458847 -52.11222076 144.6811218

endloop
endfacet
facet normal 0.2902355194 -0.3969557881 -0.8707407117
outer loop
vertex -29.4458847 -52.11222076 144.6811218
vertex -30.54499054 -62.10582733 148.8706818
vertex -34.20914459 -54.21964264 144.0541687

endloop
endfacet
facet normal 0.3059474528 -0.4403811097 -0.844073832
outer loop
vertex -29.44589996 -52.11220551 144.6811371
vertex -34.20914459 -54.2196579 144.0541534
vertex -33.40532684 -44.31238556 139.1765594

endloop
endfacet
facet normal 0.142162174 -0.4464701712 -0.8834332824
outer loop
vertex -33.40532684 -44.31238556 139.1765594
vertex -34.20914459 -54.2196579 144.0541534
vertex -39.46247101 -45.79837799 138.9528351

endloop
endfacet
facet normal 0.2335600853 -0.8947095871 -0.3807156682
outer loop
vertex -33.40532684 -44.31238556 139.1765594
vertex -39.46247101 -45.79837799 138.9528351
vertex -36.51615143 -42.03150177 131.9078979

endloop
endfacet
facet normal 0.4734535515 -0.8436722755 -0.2530985773
outer loop
vertex -36.51615143 -42.03150177 131.9078979
vertex -39.46247101 -45.79837799 138.9528351
vertex -42.7277298 -45.53874969 131.9793091

endloop
endfacet
facet normal 0.4869458675 -0.864895165 -0.1218197942
outer loop
vertex -36.51615143 -42.03150177 131.9078979
vertex -42.7277298 -45.53874969 131.9793091
vertex -39.52019501 -42.40448761 122.5480652

endloop
endfacet
facet normal 0.7614917755 -0.6466744542 0.04407308623
outer loop
vertex -39.52019501 -42.40448761 122.5480652
vertex -42.7277298 -45.53874969 131.9793091
vertex -45.128685 -48.99817657 122.7034531

endloop
endfacet
facet normal 0.7248656154 -0.6234648824 -0.2930208743
outer loop
vertex -39.52019501 -42.40448761 122.5480652
vertex -45.128685 -48.99817657 122.7034531
vertex -42.59424591 -41.10910797 112.1873779

endloop
endfacet
facet normal 0.8790214658 -0.4581815898 -0.1318742633
outer loop
vertex -42.59424591 -41.10910797 112.1873779
vertex -45.128685 -48.99817657 122.7034531
vertex -47.2125473 -50.06789398 112.5298615

endloop
endfacet
facet normal 0.8181895614 -0.4361042678 -0.374671638
outer loop
vertex -42.59424591 -41.10910797 112.1873779
vertex -47.2125473 -50.06789398 112.5298615
vertex -45.994133 -38.66065216 101.9129562

endloop
endfacet
facet normal 0.7762430906 -0.4719424844 -0.417991519
outer loop
vertex -45.994133 -38.66065216 101.9129562
vertex -47.2125473 -50.06789398 112.5298615
vertex -50.61878204 -46.61956024 102.3107986

endloop
endfacet
facet normal 0.7828912139 -0.4749970734 -0.4018197656
outer loop
vertex -45.994133 -38.66065216 101.9129562
vertex -50.61878204 -46.61956024 102.3107986
vertex -49.634758 -36.90851593 92.74846649

endloop
endfacet
facet normal 0.6416274309 -0.5701889992 -0.5130289793
outer loop
vertex -49.634758 -36.90851593 92.74846649
vertex -50.61878204 -46.61956024 102.3107986
vertex -55.03620148 -43.12070465 92.8973999

endloop
endfacet
facet normal 0.6940755844 -0.612559557 -0.3781929314
outer loop
vertex -49.634758 -36.90851593 92.74846649
vertex -55.03620148 -43.12070465 92.8973999
vertex -52.74797821 -35.1556015 84.195755

endloop
endfacet
facet normal 0.8149308562 -0.5180253386 -0.2598797381
outer loop
vertex -52.74797821 -35.1556015 84.195755
vertex -55.03620148 -43.12070465 92.8973999
vertex -57.64829254 -42.93184662 84.32994843

endloop
endfacet
facet normal 0.7560637593 -0.484046787 -0.4405296445
outer loop
vertex -52.74797821 -35.1556015 84.195755
vertex -57.64829254 -42.93184662 84.32994843
vertex -56.64557648 -33.89316559 76.1193161

endloop
endfacet
facet normal 0.8577196002 -0.3945606947 -0.3296042383
outer loop
vertex -56.64557648 -33.89316559 76.1193161
vertex -57.64829254 -42.93184662 84.32994843
vertex -60.58548737 -42.58917999 76.27637482

endloop
endfacet
facet normal 0.7896644473 -0.3666586578 -0.4919262528
outer loop
vertex -56.64557648 -33.89316559 76.1193161
vertex -60.58548737 -42.58917999 76.27637482
vertex -61.25948334 -34.47148895 69.14389801

endloop
endfacet
facet normal 0.827852428 -0.32989043 -0.4536878467
outer loop
vertex -61.25948334 -34.47148895 69.14389801
vertex -60.58548737 -42.58917999 76.27637482
vertex -64.09731293 -41.79088593 69.28781891

endloop
endfacet
facet normal 0.832567513 -0.3138225675 0.4564501941
outer loop
vertex -61.25948334 -34.47148895 69.14389801
vertex -64.09731293 -41.79088593 69.28781891
vertex -60.24156952 -40.52513885 63.12516022

endloop
endfacet
facet normal 0.8526075482 -0.109015137 0.5110539198
outer loop
vertex -60.24156952 -40.52513885 63.12516022
vertex -64.09731293 -41.79088593 69.28781891
vertex -61.29138947 -47.21099091 63.45042038

endloop
endfacet
facet normal 0.7198185325 -0.07947848737 0.689597249
outer loop
vertex -60.24156952 -40.52513885 63.12516022
vertex -61.29138947 -47.21099091 63.45042038
vertex -54.81130219 -47.62297821 56.63886261

endloop
endfacet
facet normal 0.7228019238 0.121592693 0.6802738905
outer loop
vertex -54.81130219 -47.62297821 56.63886261
vertex -61.29138947 -47.21099091 63.45042038
vertex -54.24172211 -54.17365265 57.20454788

endloop
endfacet
facet normal 0.8216575384 0.1195686981 0.5572990775
outer loop
vertex -54.81130219 -47.62297821 56.63886261
vertex -54.24172211 -54.17365265 57.20454788
vertex -49.09764862 -53.35817719 49.44538879

endloop
endfacet
facet normal 0.823361814 0.1077744216 0.5571893454
outer loop
vertex -49.09764862 -53.35817719 49.44538879
vertex -54.24172211 -54.17365265 57.20454788
vertex -48.58516693 -59.15493011 49.80932999

endloop
endfacet
facet normal 0.8978268504 0.1062059626 0.4273490608
outer loop
vertex -49.09764862 -53.35817719 49.44538879
vertex -48.58516693 -59.15493011 49.80932999
vertex -44.80414581 -58.4384079 41.6876297

endloop
endfacet
facet normal 0.9058725834 -0.09071428329 0.4137218595
outer loop
vertex -44.80414581 -58.4384079 41.6876297
vertex -48.58516693 -59.15493011 49.80932999
vertex -45.36220551 -63.83893585 41.72539902

endloop
endfacet
facet normal 0.9230974913 -0.09277755022 0.3732067347
outer loop
vertex -44.80414581 -58.4384079 41.6876297
vertex -45.36220551 -63.83893585 41.72539902
vertex -41.8088913 -62.44138336 33.28398132

endloop
endfacet
facet normal 0.9141718745 -0.202094391 0.3513512313
outer loop
vertex -41.8088913 -62.44138336 33.28398132
vertex -45.36220551 -63.83893585 41.72539902
vertex -43.0525589 -68.0650177 33.28517914

endloop
endfacet
facet normal 0.9292194843 -0.205426842 0.3071658015
outer loop
vertex -41.80890656 -62.44138336 33.28399658
vertex -43.05254364 -68.06501007 33.2851944
vertex -39.50896454 -65.25048065 24.44767761

endloop
endfacet
facet normal 0.9219369888 -0.2604154944 0.2867332101
outer loop
vertex -39.50896454 -65.25048065 24.44767761
vertex -43.05254364 -68.06501007 33.2851944
vertex -41.09029388 -70.84880066 24.44766617

endloop
endfacet
facet normal 0.938999474 -0.2652349174 0.2189302146
outer loop
vertex -39.50896454 -65.25048065 24.44767761
vertex -41.09029388 -70.84880066 24.44766617
vertex -37.88539886 -67.1603775 15.17029762

endloop
endfacet
facet normal 0.9345468283 -0.2886615992 0.2080782503
outer loop
vertex -37.88539886 -67.1603775 15.17029762
vertex -41.09029388 -70.84880066 24.44766617
vertex -39.6132431 -72.75430298 15.17029762

endloop
endfacet
facet normal 0.9470385313 -0.2925208211 0.1324753463
outer loop
vertex -37.88541412 -67.16038513 15.17031479
vertex -39.61325836 -72.75429535 15.17031384
vertex -36.76712799 -67.90055847 5.541532993

endloop
endfacet
facet normal 0.9542692304 -0.2571647465 0.1524351537
outer loop
vertex -36.76712799 -67.90055847 5.541532993
vertex -39.61325836 -72.75429535 15.17031384
vertex -38.2747879 -73.49507904 5.541532993

endloop
endfacet
facet normal 0.9644030929 -0.2598957121 0.04879453033
outer loop
vertex -36.76712799 -67.90055847 5.541532993
vertex -38.2747879 -73.49507904 5.541532993
vertex -36.12197113 -67.32497406 -4.143967152

endloop
endfacet
facet normal 0.9813762307 -0.1454596221 0.1254681796
outer loop
vertex -36.12197113 -67.32497406 -4.143967152
vertex -38.2747879 -73.49507904 5.541532993
vertex -36.96195221 -72.99209595 -4.143967152

endloop
endfacet
facet normal 0.987883687 -0.1464241743 -0.05143654346
outer loop
vertex -36.12197113 -67.32497406 -4.143949032
vertex -36.96195221 -72.99209595 -4.143949032
vertex -36.27796173 -65.06967926 -13.56002235

endloop
endfacet
facet normal 0.9940565228 0.03620292619 0.1026691198
outer loop
vertex -36.27796173 -65.06967926 -13.56002235
vertex -36.96195221 -72.99209595 -4.143949032
vertex -36.05904388 -71.08070374 -13.56002235

endloop
endfacet
facet normal 0.998859942 0.03637786955 0.03091085888
outer loop
vertex -36.27796173 -65.06967926 -13.56002235
vertex -36.05904388 -71.08070374 -13.56002235
vertex -36.1215744 -61.82112885 -22.43665695

endloop
endfacet
facet normal 0.9948940873 0.07326286286 0.06941501796
outer loop
vertex -36.1215744 -61.82112885 -22.43665695
vertex -36.05904388 -71.08070374 -13.56002235
vertex -35.67119598 -67.93717194 -22.43665695

endloop
endfacet
facet normal 0.9899730086 0.07290048152 0.1209918112
outer loop
vertex -36.12155914 -61.82112885 -22.43664169
vertex -35.67118073 -67.93717194 -22.43664169
vertex -35.24620819 -59.20681 -31.17408371

endloop
endfacet
facet normal 0.9932602048 -0.1025010273 -0.05410768464
outer loop
vertex -35.24620819 -59.20681 -31.17408371
vertex -35.67118073 -67.93717194 -22.43664169
vertex -35.86840057 -65.23600769 -31.17408371

endloop
endfacet
facet normal 0.9937650561 -0.1025531292 -0.04374669492
outer loop
vertex -35.24620819 -59.20681 -31.17408371
vertex -35.86840057 -65.23600769 -31.17408371
vertex -35.40213776 -56.80007172 -40.35822678

endloop
endfacet
facet normal 0.9260702133 -0.300157994 -0.2286899984
outer loop
vertex -35.40213776 -56.80007172 -40.35822678
vertex -35.86840057 -65.23600769 -31.17408371
vertex -37.13813019 -62.15608978 -40.35822296

endloop
endfacet
facet normal 0.9142046571 -0.2963085175 -0.2764616609
outer loop
vertex -35.40213776 -56.80007172 -40.3582077
vertex -37.13811493 -62.15610504 -40.3582077
vertex -37.14823151 -53.46727753 -49.70425034

endloop
endfacet
facet normal 0.8131948709 -0.4258046746 -0.3967422545
outer loop
vertex -37.14823151 -53.46727753 -49.70425034
vertex -37.13811493 -62.15610504 -40.3582077
vertex -39.44091034 -57.84580231 -49.70424652

endloop
endfacet
facet normal 0.838086009 -0.4388380349 -0.3240880668
outer loop
vertex -37.14823151 -53.46727753 -49.70425034
vertex -39.44091034 -57.84580231 -49.70424652
vertex -38.53011322 -49.48761749 -58.66651154

endloop
endfacet
facet normal 0.7600499988 -0.5119889975 -0.4002389312
outer loop
vertex -38.53011322 -49.48761749 -58.66651154
vertex -39.44091034 -57.84580231 -49.70424652
vertex -41.06253815 -53.24701691 -58.66650772

endloop
endfacet
facet normal 0.7745782137 -0.5217754245 -0.3574618399
outer loop
vertex -38.53012848 -49.48763275 -58.66649628
vertex -41.06255341 -53.24703217 -58.66649246
vertex -39.75957489 -46.05098724 -66.34692383

endloop
endfacet
facet normal 0.733404994 -0.5537083149 -0.3943656683
outer loop
vertex -39.75957489 -46.05098724 -66.34692383
vertex -41.06255341 -53.24703217 -58.66649246
vertex -42.04312897 -49.07563019 -66.34692383

endloop
endfacet
facet normal 0.6380088925 -0.481685847 -0.600769043
outer loop
vertex -39.75957489 -46.05098724 -66.34692383
vertex -42.04312897 -49.07563019 -66.34692383
vertex -43.39702606 -43.94426727 -71.89897919

endloop
endfacet
facet normal 0.5888779759 -0.5168912411 -0.6213260889
outer loop
vertex -43.39702606 -43.94426727 -71.89897919
vertex -42.04312897 -49.07563019 -66.34692383
vertex -44.89739227 -45.65358734 -71.89897919

endloop
endfacet
facet normal 0.4482821822 -0.3934824169 -0.8026297688
outer loop
vertex -43.39699554 -43.94425201 -71.89898682
vertex -44.89736176 -45.65357208 -71.89898682
vertex -49.27442169 -42.96595001 -75.66123199

endloop
endfacet
facet normal -nan(ind) -nan(ind) -nan(ind)
outer loop
vertex -49.27442169 -42.96595001 -75.66123199
vertex -44.89736176 -45.65357208 -71.89898682
vertex -49.27442169 -42.96595001 -75.66123199

endloop
endfacet
facet normal 0.7703603506 0.637608707 0
outer loop
vertex -39.9265976 -50.56754303 154.0013733
vertex -39.9265976 -50.56754303 154.0013885
vertex -34.64933014 -56.94355011 152.2707825

endloop
endfacet
facet normal 0.3251758516 0.01248874422 0.9455711246
outer loop
vertex -34.64933014 -56.94355011 152.2707825
vertex -39.9265976 -50.56754303 154.0013885
vertex -35.03305817 -59.22846222 152.4329224

endloop
endfacet
facet normal 0.6032807231 -0.04481080547 0.7962689996
outer loop
vertex -34.64933014 -56.94355011 152.2707825
vertex -35.03305817 -59.22846222 152.4329224
vertex -30.54499054 -62.10582733 148.8706818

endloop
endfacet
facet normal 0.1978757083 -0.6256038547 0.7546290755
outer loop
vertex -30.54499054 -62.10582733 148.8706818
vertex -35.03305817 -59.22846222 152.4329224
vertex -34.17565155 -63.42865753 148.7260437

endloop
endfacet
facet normal 0.1962756962 -0.4430570602 -0.8747435808
outer loop
vertex -30.54499054 -62.10582733 148.8706818
vertex -34.17565155 -63.42865753 148.7260437
vertex -34.20914459 -54.21964264 144.0541687

endloop
endfacet
facet normal 0.02203449234 -0.4522514641 -0.8916182518
outer loop
vertex -34.20914459 -54.21964264 144.0541687
vertex -34.17565155 -63.42865753 148.7260437
vertex -38.82117462 -54.17862701 143.9193878

endloop
endfacet
facet normal 0.0206308756 -0.5085601807 -0.8607792258
outer loop
vertex -34.20914459 -54.2196579 144.0541534
vertex -38.82115936 -54.17862701 143.9193726
vertex -39.46247101 -45.79837799 138.9528351

endloop
endfacet
facet normal 0.04954407364 -0.5064029098 -0.8608725667
outer loop
vertex -39.46247101 -45.79837799 138.9528351
vertex -38.82115936 -54.17862701 143.9193726
vertex -43.93288422 -46.25771332 138.9657593

endloop
endfacet
facet normal 0.1016048715 -0.9912314415 -0.08447920531
outer loop
vertex -39.46247101 -45.79837799 138.9528351
vertex -43.93288422 -46.25771332 138.9657593
vertex -42.7277298 -45.53874969 131.9793091

endloop
endfacet
facet normal 0.302685082 -0.9519916177 -0.04575501382
outer loop
vertex -42.7277298 -45.53874969 131.9793091
vertex -43.93288422 -46.25771332 138.9657593
vertex -47.26435089 -46.97786713 131.9106903

endloop
endfacet
facet normal 0.2875834703 -0.919367075 0.2684397399
outer loop
vertex -42.7277298 -45.53874969 131.9793091
vertex -47.26435089 -46.97786713 131.9106903
vertex -45.128685 -48.99817657 122.7034531

endloop
endfacet
facet normal 0.4566999972 -0.8408731818 0.2904435396
outer loop
vertex -45.128685 -48.99817657 122.7034531
vertex -47.26435089 -46.97786713 131.9106903
vertex -49.48020172 -51.44620514 122.4585037

endloop
endfacet
facet normal 0.4906675816 -0.8713015318 -0.008889425546
outer loop
vertex -45.128685 -48.99817657 122.7034531
vertex -49.48020172 -51.44620514 122.4585037
vertex -47.2125473 -50.06789398 112.5298615

endloop
endfacet
facet normal 0.6558813453 -0.7535097003 0.04519664496
outer loop
vertex -47.2125473 -50.06789398 112.5298615
vertex -49.48020172 -51.44620514 122.4585037
vertex -51.58057404 -53.87949371 112.3712158

endloop
endfacet
facet normal 0.6029584408 -0.6731603146 -0.4281311929
outer loop
vertex -47.2125473 -50.06789398 112.5298615
vertex -51.58057404 -53.87949371 112.3712158
vertex -50.61878204 -46.61956024 102.3107986

endloop
endfacet
facet normal 0.5786752105 -0.686591208 -0.4401449263
outer loop
vertex -50.61878204 -46.61956024 102.3107986
vertex -51.58057404 -53.87949371 112.3712158
vertex -55.45034027 -50.79016876 102.464386

endloop
endfacet
facet normal 0.5544077158 -0.6608963013 -0.5058143139
outer loop
vertex -50.61878204 -46.61956024 102.3107986
vertex -55.45034027 -50.79016876 102.464386
vertex -55.03620148 -43.12070465 92.8973999

endloop
endfacet
facet normal 0.5931010246 -0.6405258775 -0.4878091812
outer loop
vertex -55.03620148 -43.12070465 92.8973999
vertex -55.45034027 -50.79016876 102.464386
vertex -59.79183197 -47.68505096 93.10857391

endloop
endfacet
facet normal 0.6703788042 -0.7086521983 -0.2200099975
outer loop
vertex -55.03620148 -43.12070465 92.8973999
vertex -59.79183197 -47.68505096 93.10857391
vertex -57.64829254 -42.93184662 84.32994843

endloop
endfacet
facet normal 0.8958156109 -0.4438999891 -0.02161286399
outer loop
vertex -57.64829254 -42.93184662 84.32994843
vertex -59.79183197 -47.68505096 93.10857391
vertex -61.4174118 -50.55339813 84.64321899

endloop
endfacet
facet normal 0.842196703 -0.4298720956 -0.3254454136
outer loop
vertex -57.64829254 -42.93184662 84.32994843
vertex -61.4174118 -50.55339813 84.64321899
vertex -60.58548737 -42.58917999 76.27637482

endloop
endfacet
facet normal 0.8755931854 -0.3903655112 -0.2845193446
outer loop
vertex -60.58548737 -42.58917999 76.27637482
vertex -61.4174118 -50.55339813 84.64321899
vertex -63.93906403 -50.36873627 76.62960815

endloop
endfacet
facet normal 0.8122340441 -0.3705888391 -0.4504883587
outer loop
vertex -60.58548737 -42.58917999 76.27637482
vertex -63.93906403 -50.36873627 76.62960815
vertex -64.09731293 -41.79088593 69.28781891

endloop
endfacet
facet normal 0.805788219 -0.3764287531 -0.4571726024
outer loop
vertex -64.09731293 -41.79088593 69.28781891
vertex -63.93906403 -50.36873627 76.62960815
vertex -66.99259186 -48.40393829 69.62983704

endloop
endfacet
facet normal 0.7309020162 -0.287997812 0.6187402606
outer loop
vertex -64.09731293 -41.79088593 69.28781891
vertex -66.99259186 -48.40393829 69.62983704
vertex -61.29138947 -47.21099091 63.45042038

endloop
endfacet
facet normal 0.7411054373 -0.1336987764 0.6579417586
outer loop
vertex -61.29138947 -47.21099091 63.45042038
vertex -66.99259186 -48.40393829 69.62983704
vertex -63.01213837 -54.07750702 63.99334335

endloop
endfacet
facet normal 0.6089851856 -0.09030402452 0.7880243659
outer loop
vertex -61.29138947 -47.21099091 63.45042038
vertex -63.01213837 -54.07750702 63.99334335
vertex -54.24172211 -54.17365265 57.20454788

endloop
endfacet
facet normal 0.6081964374 0.1244929135 0.7839633226
outer loop
vertex -54.24172211 -54.17365265 57.20454788
vertex -63.01213837 -54.07750702 63.99334335
vertex -54.01946259 -62.06345367 58.28501511

endloop
endfacet
facet normal 0.8216636777 0.09999094903 0.5611333251
outer loop
vertex -54.24172211 -54.17365265 57.20454788
vertex -54.01946259 -62.06345367 58.28501511
vertex -48.58516693 -59.15493011 49.80932999

endloop
endfacet
facet normal 0.8344449997 0.04214409366 0.549477458
outer loop
vertex -48.58516693 -59.15493011 49.80932999
vertex -54.01946259 -62.06345367 58.28501511
vertex -48.76096344 -65.71912384 50.57976151

endloop
endfacet
facet normal 0.9321954846 0.01746750996 0.3615335524
outer loop
vertex -48.58516693 -59.15493011 49.80932999
vertex -48.76096344 -65.71912384 50.57976151
vertex -45.36220551 -63.83893585 41.72539902

endloop
endfacet
facet normal 0.8787538409 -0.4058656693 0.2511268258
outer loop
vertex -45.36220551 -63.83893585 41.72539902
vertex -48.76096344 -65.71912384 50.57976151
vertex -47.60312653 -68.64260101 41.80334854

endloop
endfacet
facet normal 0.8266935945 -0.3789049089 0.4159433246
outer loop
vertex -45.36220551 -63.83893585 41.72539902
vertex -47.60312653 -68.64260101 41.80334854
vertex -43.0525589 -68.0650177 33.28517914

endloop
endfacet
facet normal 0.7722992301 -0.5105911493 0.3779557049
outer loop
vertex -43.0525589 -68.0650177 33.28517914
vertex -47.60312653 -68.64260101 41.80334854
vertex -46.28870392 -72.95815277 33.28750992

endloop
endfacet
facet normal 0.7851191163 -0.5190902352 0.3378363252
outer loop
vertex -43.05254364 -68.06501007 33.2851944
vertex -46.28870392 -72.95815277 33.28752899
vertex -41.09029388 -70.84880066 24.44766617

endloop
endfacet
facet normal 0.7654227614 -0.5603724122 0.3164029419
outer loop
vertex -41.09029388 -70.84880066 24.44766617
vertex -46.28870392 -72.95815277 33.28752899
vertex -44.67212677 -75.74129486 24.44765854

endloop
endfacet
facet normal 0.7828230262 -0.5731111765 0.2423460782
outer loop
vertex -41.09029388 -70.84880066 24.44766617
vertex -44.67212677 -75.74129486 24.44765854
vertex -39.6132431 -72.75430298 15.17029762

endloop
endfacet
facet normal 0.7792383432 -0.5796630979 0.2382819206
outer loop
vertex -39.6132431 -72.75430298 15.17029762
vertex -44.67212677 -75.74129486 24.44765854
vertex -43.08972931 -77.42772675 15.17029858

endloop
endfacet
facet normal 0.7925861478 -0.589589715 0.1555349082
outer loop
vertex -39.61325836 -72.75429535 15.17031384
vertex -43.08972931 -77.42771912 15.17031479
vertex -38.2747879 -73.49507904 5.541532993

endloop
endfacet
facet normal 0.8031468987 -0.5715498328 0.1681838483
outer loop
vertex -38.2747879 -73.49507904 5.541532993
vertex -43.08972931 -77.42771912 15.17031479
vertex -41.54624176 -78.09215546 5.541532993

endloop
endfacet
facet normal 0.8121367097 -0.5779472589 0.08006861061
outer loop
vertex -38.2747879 -73.49507904 5.541532993
vertex -41.54624176 -78.09215546 5.541532993
vertex -36.96195221 -72.99209595 -4.143967152

endloop
endfacet
facet normal 0.8466082811 -0.5163975358 0.128794536
outer loop
vertex -36.96195221 -72.99209595 -4.143967152
vertex -41.54624176 -78.09215546 5.541532993
vertex -39.92960358 -77.85741425 -4.143967152

endloop
endfacet
facet normal 0.8534772992 -0.5205846429 -0.02383475751
outer loop
vertex -36.96195221 -72.99209595 -4.143949032
vertex -39.92958832 -77.85741425 -4.143949032
vertex -36.05904388 -71.08070374 -13.56002235

endloop
endfacet
facet normal 0.9183967113 -0.3821601272 0.1024744064
outer loop
vertex -36.05904388 -71.08070374 -13.56002235
vertex -39.92958832 -77.85741425 -4.143949032
vertex -38.21491241 -76.2616272 -13.56002235

endloop
endfacet
facet normal 0.9190570116 -0.3824349344 -0.09527730197
outer loop
vertex -36.05904388 -71.08070374 -13.56002235
vertex -38.21491241 -76.2616272 -13.56002235
vertex -35.67119598 -67.93717194 -22.43665695

endloop
endfacet
facet normal 0.9435048699 -0.3291387856 -0.03829068691
outer loop
vertex -35.67119598 -67.93717194 -22.43665695
vertex -38.21491241 -76.2616272 -13.56002235
vertex -37.58046722 -73.41026306 -22.43665695

endloop
endfacet
facet normal 0.9371182323 -0.3269134462 -0.1222171634
outer loop
vertex -35.67118073 -67.93717194 -22.43664169
vertex -37.58046722 -73.41026306 -22.43664169
vertex -35.86840057 -65.23600769 -31.17408371

endloop
endfacet
facet normal 0.8760154843 -0.42571944 -0.2266272306
outer loop
vertex -35.86840057 -65.23600769 -31.17408371
vertex -37.58046722 -73.41026306 -22.43664169
vertex -38.38704681 -70.41870117 -31.17408371

endloop
endfacet
facet normal 0.8681205511 -0.4218826592 -0.2614988983
outer loop
vertex -35.86840057 -65.23600769 -31.17408371
vertex -38.38704681 -70.41870117 -31.17408371
vertex -37.13813019 -62.15608978 -40.35822296

endloop
endfacet
facet normal 0.759428978 -0.5316305757 -0.375015378
outer loop
vertex -37.13813019 -62.15608978 -40.35822296
vertex -38.38704681 -70.41870117 -31.17408371
vertex -40.25867462 -66.61375427 -40.35822678

endloop
endfacet
facet normal 0.7424528599 -0.5197502971 -0.4226387143
outer loop
vertex -37.13811493 -62.15610504 -40.3582077
vertex -40.25867462 -66.6137619 -40.3582077
vertex -39.44091034 -57.84580231 -49.70424652

endloop
endfacet
facet normal 0.6686680317 -0.5705809593 -0.4767814279
outer loop
vertex -39.44091034 -57.84580231 -49.70424652
vertex -40.25867462 -66.6137619 -40.3582077
vertex -42.56169891 -61.50307465 -49.70425034

endloop
endfacet
facet normal 0.6882576346 -0.5872970223 -0.4258914888
outer loop
vertex -39.44091034 -57.84580231 -49.70424652
vertex -42.56169891 -61.50307465 -49.70425034
vertex -41.06253815 -53.24701691 -58.66650772

endloop
endfacet
facet normal 0.6119381785 -0.6300708055 -0.4780611098
outer loop
vertex -41.06253815 -53.24701691 -58.66650772
vertex -42.56169891 -61.50307465 -49.70425034
vertex -43.96947479 -56.07028961 -58.66651535

endloop
endfacet
facet normal 0.6284515262 -0.6470742822 -0.4316751361
outer loop
vertex -41.06255341 -53.24703217 -58.66649246
vertex -43.96949005 -56.07030487 -58.66649628
vertex -42.04312897 -49.07563019 -66.34692383

endloop
endfacet
facet normal 0.5284671783 -0.6894564033 -0.4953506589
outer loop
vertex -42.04312897 -49.07563019 -66.34692383
vertex -43.96949005 -56.07030487 -58.66649628
vertex -44.69576263 -51.10886383 -66.34693146

endloop
endfacet
facet normal 0.4745926857 -0.6191692352 -0.6256126165
outer loop
vertex -42.04312897 -49.07563019 -66.34692383
vertex -44.69576263 -51.10886383 -66.34693146
vertex -44.89739227 -45.65358734 -71.89897919

endloop
endfacet
facet normal 0.442712158 -0.6314966083 -0.6365673542
outer loop
vertex -44.89739227 -45.65358734 -71.89897919
vertex -44.69576263 -51.10886383 -66.34693146
vertex -46.64046478 -46.8755722 -71.89897919

endloop
endfacet
facet normal 0.3581107557 -0.510823369 -0.781547308
outer loop
vertex -44.89736176 -45.65357208 -71.89898682
vertex -46.64044952 -46.87555695 -71.89898682
vertex -49.27442169 -42.96595001 -75.66123199

endloop
endfacet
facet normal -nan(ind) -nan(ind) -nan(ind)
outer loop
vertex -49.27442169 -42.96595001 -75.66123199
vertex -46.64044952 -46.87555695 -71.89898682
vertex -49.27442169 -42.96595001 -75.66123199

endloop
endfacet
facet normal -0.8706387281 -0.4919229746 0
outer loop
vertex -39.9265976 -50.56754303 154.0013885
vertex -39.9265976 -50.56754303 154.0013733
vertex -35.03305817 -59.22846222 152.4329224

endloop
endfacet
facet normal 0.1656924188 -0.08431947231 0.9825661778
outer loop
vertex -35.03305817 -59.22846222 152.4329224
vertex -39.9265976 -50.56754303 154.0013733
vertex -36.23358917 -61.36353302 152.4521484

endloop
endfacet
facet normal 0.6990227103 -0.3876429796 0.6009160876
outer loop
vertex -35.03305817 -59.22846222 152.4329224
vertex -36.23358917 -61.36353302 152.4521484
vertex -34.17565155 -63.42865753 148.7260437

endloop
endfacet
facet normal 0.1627874672 -0.8221160769 0.5455505848
outer loop
vertex -34.17565155 -63.42865753 148.7260437
vertex -36.23358917 -61.36353302 152.4521484
vertex -37.6889267 -64.15207672 148.6842194

endloop
endfacet
facet normal 0.09722997248 -0.4200305045 -0.9022862911
outer loop
vertex -34.17565155 -63.42865753 148.7260437
vertex -37.6889267 -64.15207672 148.6842194
vertex -38.82117462 -54.17862701 143.9193878

endloop
endfacet
facet normal 0.000221780967 -0.4310610294 -0.9023228288
outer loop
vertex -38.82117462 -54.17862701 143.9193878
vertex -37.6889267 -64.15207672 148.6842194
vertex -42.84783173 -54.25304413 143.953949

endloop
endfacet
facet normal 0.002494492335 -0.5290737748 -0.848572135
outer loop
vertex -38.82115936 -54.17862701 143.9193726
vertex -42.84783173 -54.25304413 143.9539337
vertex -43.93288422 -46.25771332 138.9657593

endloop
endfacet
facet normal 0.09139326215 -0.5181463957 -0.8503949642
outer loop
vertex -43.93288422 -46.25771332 138.9657593
vertex -42.84783173 -54.25304413 143.9539337
vertex -47.96698761 -47.05536652 139.018219

endloop
endfacet
facet normal 0.1940713227 -0.9809507132 0.008489388041
outer loop
vertex -43.93288422 -46.25771332 138.9657593
vertex -47.96698761 -47.05536652 139.018219
vertex -47.26435089 -46.97786713 131.9106903

endloop
endfacet
facet normal 0.3298963904 -0.9437531829 0.02232239209
outer loop
vertex -47.26435089 -46.97786713 131.9106903
vertex -47.96698761 -47.05536652 139.018219
vertex -51.42230988 -48.43482208 131.7624054

endloop
endfacet
facet normal 0.2986692488 -0.8879595399 0.3497494161
outer loop
vertex -47.26435089 -46.97786713 131.9106903
vertex -51.42230988 -48.43482208 131.7624054
vertex -49.48020172 -51.44620514 122.4585037

endloop
endfacet
facet normal 0.3157294691 -0.8814585209 0.351206392
outer loop
vertex -49.48020172 -51.44620514 122.4585037
vertex -51.42230988 -48.43482208 131.7624054
vertex -53.74474335 -53.05184174 122.2624359

endloop
endfacet
facet normal 0.3420971334 -0.9272179604 0.1524351835
outer loop
vertex -49.48020172 -51.44620514 122.4585037
vertex -53.74474335 -53.05184174 122.2624359
vertex -51.58057404 -53.87949371 112.3712158

endloop
endfacet
facet normal 0.1530749798 -0.9814282656 0.115613766
outer loop
vertex -51.58057404 -53.87949371 112.3712158
vertex -53.74474335 -53.05184174 122.2624359
vertex -56.41651154 -54.64658356 112.2623825

endloop
endfacet
facet normal 0.1544837505 -0.9244448543 -0.3486207724
outer loop
vertex -51.58057404 -53.87949371 112.3712158
vertex -56.41651154 -54.64658356 112.2623825
vertex -55.45034027 -50.79016876 102.464386

endloop
endfacet
facet normal 0.119184278 -0.9278351665 -0.3534359634
outer loop
vertex -55.45034027 -50.79016876 102.464386
vertex -56.41651154 -54.64658356 112.2623825
vertex -60.76416779 -51.43776703 102.3725433

endloop
endfacet
facet normal 0.1189320311 -0.9245449901 -0.3620384634
outer loop
vertex -55.45034027 -50.79016876 102.464386
vertex -60.76416779 -51.43776703 102.3725433
vertex -59.79183197 -47.68505096 93.10857391

endloop
endfacet
facet normal 0.4897578657 -0.8247554898 -0.2826935351
outer loop
vertex -59.79183197 -47.68505096 93.10857391
vertex -60.76416779 -51.43776703 102.3725433
vertex -64.8614502 -50.73867035 93.23451996

endloop
endfacet
facet normal 0.5103126764 -0.8395302296 0.1864670962
outer loop
vertex -59.79183197 -47.68505096 93.10857391
vertex -64.8614502 -50.73867035 93.23451996
vertex -61.4174118 -50.55339813 84.64321899

endloop
endfacet
facet normal 0.5647596121 -0.7983040214 0.2091825306
outer loop
vertex -61.4174118 -50.55339813 84.64321899
vertex -64.8614502 -50.73867035 93.23451996
vertex -66.40721893 -54.03009796 84.84676361

endloop
endfacet
facet normal 0.5555534959 -0.8086636662 -0.1934511364
outer loop
vertex -61.4174118 -50.55339813 84.64321899
vertex -66.40721893 -54.03009796 84.84676361
vertex -63.93906403 -50.36873627 76.62960815

endloop
endfacet
facet normal 0.4732287824 -0.8487305641 -0.2360315323
outer loop
vertex -63.93906403 -50.36873627 76.62960815
vertex -66.40721893 -54.03009796 84.84676361
vertex -68.93603516 -53.22414398 76.87856293

endloop
endfacet
facet normal 0.4358816743 -0.7989244461 -0.4143995345
outer loop
vertex -63.93906403 -50.36873627 76.62960815
vertex -68.93603516 -53.22414398 76.87856293
vertex -66.99259186 -48.40393829 69.62983704

endloop
endfacet
facet normal 0.4054308832 -0.807572186 -0.428314209
outer loop
vertex -66.99259186 -48.40393829 69.62983704
vertex -68.93603516 -53.22414398 76.87856293
vertex -71.58876801 -50.82337189 69.84098053

endloop
endfacet
facet normal 0.3219404817 -0.5439626575 0.7748928666
outer loop
vertex -66.99259186 -48.40393829 69.62983704
vertex -71.58876801 -50.82337189 69.84098053
vertex -63.01213837 -54.07750702 63.99334335

endloop
endfacet
facet normal 0.2498841733 -0.6427448988 0.724180162
outer loop
vertex -63.01213837 -54.07750702 63.99334335
vertex -71.58876801 -50.82337189 69.84098053
vertex -67.43251801 -55.6463089 64.12624359

endloop
endfacet
facet normal 0.1793436557 -0.4303903878 0.8846467733
outer loop
vertex -63.01213837 -54.07750702 63.99334335
vertex -67.43251801 -55.6463089 64.12624359
vertex -54.01946259 -62.06345367 58.28501511

endloop
endfacet
facet normal 0.1542037576 -0.469181478 0.8695343137
outer loop
vertex -54.01946259 -62.06345367 58.28501511
vertex -67.43251801 -55.6463089 64.12624359
vertex -58.4936142 -63.61417389 58.24172974

endloop
endfacet
facet normal 0.2674120367 -0.7870565653 0.5559071302
outer loop
vertex -54.01946259 -62.06345367 58.28501511
vertex -58.4936142 -63.61417389 58.24172974
vertex -48.76096344 -65.71912384 50.57976151

endloop
endfacet
facet normal 0.3521846533 -0.686635375 0.6360014677
outer loop
vertex -48.76096344 -65.71912384 50.57976151
vertex -58.4936142 -63.61417389 58.24172974
vertex -52.99637604 -67.96526337 50.50015259

endloop
endfacet
facet normal 0.4364049137 -0.8347992897 0.3356499374
outer loop
vertex -48.76096344 -65.71912384 50.57976151
vertex -52.99637604 -67.96526337 50.50015259
vertex -47.60312653 -68.64260101 41.80334854

endloop
endfacet
facet normal 0.4718526602 -0.8068495393 0.3554556966
outer loop
vertex -47.60312653 -68.64260101 41.80334854
vertex -52.99637604 -67.96526337 50.50015259
vertex -51.84123993 -71.12134552 41.80276108

endloop
endfacet
facet normal 0.4487196803 -0.767321527 0.4581138194
outer loop
vertex -47.60312653 -68.64260101 41.80334854
vertex -51.84123993 -71.12134552 41.80276108
vertex -46.28870392 -72.95815277 33.28750992

endloop
endfacet
facet normal 0.4048086405 -0.8031099439 0.4372006059
outer loop
vertex -46.28870392 -72.95815277 33.28750992
vertex -51.84123993 -71.12134552 41.80276108
vertex -51.0500412 -75.35774994 33.28817368

endloop
endfacet
facet normal 0.4230154455 -0.8392686248 0.3415933251
outer loop
vertex -46.28870392 -72.95815277 33.28752899
vertex -51.05005646 -75.35774231 33.28818893
vertex -44.67212677 -75.74129486 24.44765854

endloop
endfacet
facet normal 0.4118285477 -0.8478857875 0.3338964581
outer loop
vertex -44.67212677 -75.74129486 24.44765854
vertex -51.05005646 -75.35774231 33.28818893
vertex -49.71495819 -78.19065857 24.44766235

endloop
endfacet
facet normal 0.4250274301 -0.8750602007 0.2315628231
outer loop
vertex -44.67212677 -75.74129486 24.44765854
vertex -49.71495819 -78.19065857 24.44766235
vertex -43.08972931 -77.42772675 15.17029858

endloop
endfacet
facet normal 0.418970257 -0.8791937232 0.2268973142
outer loop
vertex -43.08972931 -77.42772675 15.17029858
vertex -49.71495819 -78.19065857 24.44766235
vertex -48.08638763 -79.80883026 15.17029858

endloop
endfacet
facet normal 0.426530838 -0.8950620294 0.1301365793
outer loop
vertex -43.08972931 -77.42771912 15.17031479
vertex -48.08640289 -79.80882263 15.17031479
vertex -41.54624176 -78.09215546 5.541532993

endloop
endfacet
facet normal 0.4230910242 -0.8970802426 0.1274403483
outer loop
vertex -41.54624176 -78.09215546 5.541532993
vertex -48.08640289 -79.80882263 15.17031479
vertex -46.46024323 -80.40975189 5.541532993

endloop
endfacet
facet normal 0.4260521531 -0.9033587575 0.04921963438
outer loop
vertex -41.54624176 -78.09215546 5.541532993
vertex -46.46024323 -80.40975189 5.541532993
vertex -39.92960358 -77.85741425 -4.143967152

endloop
endfacet
facet normal 0.4294133186 -0.9016129375 0.05194602162
outer loop
vertex -39.92960358 -77.85741425 -4.143967152
vertex -46.46024323 -80.40975189 5.541532993
vertex -44.76428986 -80.16004181 -4.143967152

endloop
endfacet
facet normal 0.4287978709 -0.9003235102 -0.07449764758
outer loop
vertex -39.92958832 -77.85741425 -4.143949032
vertex -44.76428986 -80.16004181 -4.143949032
vertex -38.21491241 -76.2616272 -13.56002235

endloop
endfacet
facet normal 0.4937617183 -0.8694401383 -0.01652561687
outer loop
vertex -38.21491241 -76.2616272 -13.56002235
vertex -44.76428986 -80.16004181 -4.143949032
vertex -42.68238068 -78.79873657 -13.56002235

endloop
endfacet
facet normal 0.4797515273 -0.8447703123 -0.2370686382
outer loop
vertex -38.21491241 -76.2616272 -13.56002235
vertex -42.68238068 -78.79873657 -13.56002235
vertex -37.58046722 -73.41026306 -22.43665695

endloop
endfacet
facet normal 0.5455672145 -0.8178638816 -0.1829072684
outer loop
vertex -37.58046722 -73.41026306 -22.43665695
vertex -42.68238068 -78.79873657 -13.56002235
vertex -41.87892914 -76.27761078 -22.43665695

endloop
endfacet
facet normal 0.5260207653 -0.7885609865 -0.3185493648
outer loop
vertex -37.58046722 -73.41026306 -22.43664169
vertex -41.87891388 -76.27760315 -22.43664169
vertex -38.38704681 -70.41870117 -31.17408371

endloop
endfacet
facet normal 0.5127540231 -0.7936999798 -0.3272973597
outer loop
vertex -38.38704681 -70.41870117 -31.17408371
vertex -41.87891388 -76.27760315 -22.43664169
vertex -42.75026703 -73.23747253 -31.17408371

endloop
endfacet
facet normal 0.4932511151 -0.7635110617 -0.4168381989
outer loop
vertex -38.38704681 -70.41870117 -31.17408371
vertex -42.75026703 -73.23747253 -31.17408371
vertex -40.25867462 -66.61375427 -40.35822678

endloop
endfacet
facet normal 0.4938683212 -0.7632903457 -0.4165115654
outer loop
vertex -40.25867462 -66.61375427 -40.35822678
vertex -42.75026703 -73.23747253 -31.17408371
vertex -44.39646149 -69.291008 -40.35822678

endloop
endfacet
facet normal 0.4672611654 -0.7221660018 -0.510042429
outer loop
vertex -40.25867462 -66.6137619 -40.3582077
vertex -44.39646149 -69.29102325 -40.3582077
vertex -42.56169891 -61.50307465 -49.70425034

endloop
endfacet
facet normal 0.5246493816 -0.7018377781 -0.4818369746
outer loop
vertex -42.56169891 -61.50307465 -49.70425034
vertex -44.39646149 -69.29102325 -40.3582077
vertex -46.06293488 -64.12037659 -49.70425034

endloop
endfacet
facet normal 0.5180225372 -0.6929728389 -0.5014392734
outer loop
vertex -42.56169891 -61.50307465 -49.70425034
vertex -46.06293488 -64.12037659 -49.70425034
vertex -43.96947479 -56.07028961 -58.66651535

endloop
endfacet
facet normal 0.5402626991 -0.6848617792 -0.4889587462
outer loop
vertex -43.96947479 -56.07028961 -58.66651535
vertex -46.06293488 -64.12037659 -49.70425034
vertex -46.8978653 -58.38039398 -58.66651154

endloop
endfacet
facet normal 0.5390600562 -0.6833409071 -0.4924017787
outer loop
vertex -43.96949005 -56.07030487 -58.66649628
vertex -46.89788055 -58.38039398 -58.66649628
vertex -44.69576263 -51.10886383 -66.34693146

endloop
endfacet
facet normal 0.4881875515 -0.6993280053 -0.5221238136
outer loop
vertex -44.69576263 -51.10886383 -66.34693146
vertex -46.89788055 -58.38039398 -58.66649628
vertex -47.15628815 -52.8265152 -66.34692383

endloop
endfacet
facet normal 0.441386044 -0.6322857738 -0.6367046833
outer loop
vertex -44.69576263 -51.10886383 -66.34693146
vertex -47.15628815 -52.8265152 -66.34692383
vertex -46.64046478 -46.8755722 -71.89897919

endloop
endfacet
facet normal 0.4158205092 -0.6394125223 -0.6467186213
outer loop
vertex -46.64046478 -46.8755722 -71.89897919
vertex -47.15628815 -52.8265152 -66.34692383
vertex -48.19896698 -47.88909149 -71.89897919

endloop
endfacet
facet normal 0.3400967717 -0.5229713917 -0.7815593481
outer loop
vertex -46.64044952 -46.87555695 -71.89898682
vertex -48.19895172 -47.88907623 -71.89898682
vertex -49.27442169 -42.96595001 -75.66123199

endloop
endfacet
facet normal -nan(ind) -nan(ind) -nan(ind)
outer loop
vertex -49.27442169 -42.96595001 -75.66123199
vertex -48.19895172 -47.88907623 -71.89898682
vertex -49.27442169 -42.96595001 -75.66123199

endloop
endfacet
facet normal -nan(ind) -nan(ind) -nan(ind)
outer loop
vertex -39.9265976 -50.56754303 154.0013733
vertex -39.9265976 -50.56754303 154.0013733
vertex -36.23358917 -61.36354828 152.4521484

endloop
endfacet
facet normal 0.07775580138 -0.1155039445 0.9902590513
outer loop
vertex -36.23358917 -61.36354828 152.4521484
vertex -39.9265976 -50.56754303 154.0013733
vertex -37.90106964 -62.17603302 152.4883118

endloop
endfacet
facet normal 0.4010798633 -0.803570509 0.4397833943
outer loop
vertex -36.23358917 -61.36354828 152.4521484
vertex -37.90106964 -62.17603302 152.4883118
vertex -37.68894196 -64.15208435 148.6842194

endloop
endfacet
facet normal 0.08252123743 -0.8824985027 0.463019073
outer loop
vertex -37.68894196 -64.15208435 148.6842194
vertex -37.90106964 -62.17603302 152.4883118
vertex -40.59947968 -64.43469238 148.6643066

endloop
endfacet
facet normal 0.04613834992 -0.4110205472 -0.9104578495
outer loop
vertex -37.68894196 -64.15208435 148.6842194
vertex -40.59947968 -64.43469238 148.6643066
vertex -42.84783173 -54.25305939 143.9539337

endloop
endfacet
facet normal -0.002740782918 -0.4203748405 -0.9073464274
outer loop
vertex -42.84783173 -54.25305939 143.9539337
vertex -40.59947968 -64.43469238 148.6643066
vertex -46.10997772 -54.4174118 144.0399323

endloop
endfacet
facet normal 0.006537234411 -0.5623637438 -0.8268641233
outer loop
vertex -42.84784698 -54.25304413 143.9539337
vertex -46.10997772 -54.4174118 144.0399323
vertex -47.96700287 -47.05536652 139.0182037

endloop
endfacet
facet normal 0.08574588597 -0.546575129 -0.8330085874
outer loop
vertex -47.96700287 -47.05536652 139.0182037
vertex -46.10997772 -54.4174118 144.0399323
vertex -51.30947113 -47.61014557 139.0381622

endloop
endfacet
facet normal 0.1634012908 -0.9805632234 0.108608
outer loop
vertex -47.96700287 -47.05536652 139.0182037
vertex -51.30947113 -47.61014557 139.0381622
vertex -51.42232513 -48.43482208 131.7623901

endloop
endfacet
facet normal 0.2444682419 -0.9639050364 0.1054624394
outer loop
vertex -51.42232513 -48.43482208 131.7623901
vertex -51.30947113 -47.61014557 139.0381622
vertex -54.98697662 -49.36074066 131.5627594

endloop
endfacet
facet normal 0.2117970586 -0.898358345 0.384830296
outer loop
vertex -51.42232513 -48.43482208 131.7623901
vertex -54.98697662 -49.36074066 131.5627594
vertex -53.74474335 -53.05185699 122.2624359

endloop
endfacet
facet normal 0.1175692677 -0.9175429344 0.3798584044
outer loop
vertex -53.74474335 -53.05185699 122.2624359
vertex -54.98697662 -49.36074066 131.5627594
vertex -57.74524689 -53.6772995 121.9898758

endloop
endfacet
facet normal 0.1455527842 -0.982316494 0.1177651733
outer loop
vertex -53.74474335 -53.05185699 122.2624359
vertex -57.74524689 -53.6772995 121.9898758
vertex -56.41651154 -54.64659882 112.2623825

endloop
endfacet
facet normal -0.3495780528 -0.9358018637 0.04549737275
outer loop
vertex -56.41651154 -54.64659882 112.2623825
vertex -57.74524689 -53.6772995 121.9898758
vertex -60.85208893 -53.00337982 111.9798813

endloop
endfacet
facet normal -0.3345465958 -0.9296194315 -0.154551819
outer loop
vertex -56.41651154 -54.64659882 112.2623825
vertex -60.85208893 -53.00337982 111.9798813
vertex -60.76418304 -51.43776703 102.3725357

endloop
endfacet
facet normal -0.4275277257 -0.8916036487 -0.1492075324
outer loop
vertex -60.76418304 -51.43776703 102.3725357
vertex -60.85208893 -53.00337982 111.9798813
vertex -65.23097992 -49.2602005 102.1590958

endloop
endfacet
facet normal -0.4395138919 -0.88891536 0.1290621012
outer loop
vertex -60.76418304 -51.43776703 102.3725357
vertex -65.23097992 -49.2602005 102.1590958
vertex -64.86145782 -50.73867035 93.23451996

endloop
endfacet
facet normal 0.3878215253 -0.9066174626 0.1662504822
outer loop
vertex -64.86145782 -50.73867035 93.23451996
vertex -65.23097992 -49.2602005 102.1590958
vertex -69.21409607 -52.58867645 93.29947662

endloop
endfacet
facet normal 0.379401654 -0.8829345703 0.2765516341
outer loop
vertex -64.86145782 -50.73867035 93.23451996
vertex -69.21409607 -52.58867645 93.29947662
vertex -66.40722656 -54.03009796 84.84676361

endloop
endfacet
facet normal 0.1841595471 -0.956951797 0.2243401259
outer loop
vertex -66.40722656 -54.03009796 84.84676361
vertex -69.21409607 -52.58867645 93.29947662
vertex -70.96392822 -54.88535309 84.93913269

endloop
endfacet
facet normal 0.1791986078 -0.9715045094 -0.1551350355
outer loop
vertex -66.40722656 -54.03009796 84.84676361
vertex -70.96392822 -54.88535309 84.93913269
vertex -68.93604279 -53.22414398 76.8785553

endloop
endfacet
facet normal -0.1543241143 -0.9592912197 -0.2365258336
outer loop
vertex -68.93604279 -53.22414398 76.8785553
vertex -70.96392822 -54.88535309 84.93913269
vertex -73.65885925 -52.4651413 76.88168335

endloop
endfacet
facet normal -0.1530907154 -0.9514914751 -0.2668840587
outer loop
vertex -68.93604279 -53.22414398 76.8785553
vertex -73.65885925 -52.4651413 76.88168335
vertex -71.58878326 -50.82335663 69.8409729

endloop
endfacet
facet normal -0.4963327348 -0.8017717004 -0.3328901231
outer loop
vertex -71.58878326 -50.82335663 69.8409729
vertex -73.65885925 -52.4651413 76.88168335
vertex -76.04430389 -47.97373199 69.62069702

endloop
endfacet
facet normal -0.5254971981 -0.7990544438 0.2921722531
outer loop
vertex -71.58878326 -50.82335663 69.8409729
vertex -76.04430389 -47.97373199 69.62069702
vertex -67.43252563 -55.64629364 64.12623596

endloop
endfacet
facet normal -0.678088069 -0.7340065837 -0.03782591969
outer loop
vertex -67.43252563 -55.64629364 64.12623596
vertex -76.04430389 -47.97373199 69.62069702
vertex -72.39237213 -51.03528595 63.56319427

endloop
endfacet
facet normal -0.6782095432 -0.7339655161 -0.03641867265
outer loop
vertex -67.43252563 -55.64629364 64.12623596
vertex -72.39237213 -51.03528595 63.56319427
vertex -58.4936142 -63.61417389 58.24172974

endloop
endfacet
facet normal -0.6273175478 -0.7617095709 0.1620839238
outer loop
vertex -58.4936142 -63.61417389 58.24172974
vertex -72.39237213 -51.03528595 63.56319427
vertex -64.84066772 -58.61994171 57.14683914

endloop
endfacet
facet normal -0.618621707 -0.7856854796 0.002310447162
outer loop
vertex -58.4936142 -63.61417389 58.24172974
vertex -64.84066772 -58.61994171 57.14683914
vertex -52.9963913 -67.96526337 50.50014877

endloop
endfacet
facet normal -0.3702510595 -0.8022859693 0.4682428539
outer loop
vertex -52.9963913 -67.96526337 50.50014877
vertex -64.84066772 -58.61994171 57.14683914
vertex -59.42569733 -65.44441986 49.73554611

endloop
endfacet
facet normal -0.3791346848 -0.8848491311 0.2707376182
outer loop
vertex -52.9963913 -67.96526337 50.50014877
vertex -59.42569733 -65.44441986 49.73554611
vertex -51.84125519 -71.12135315 41.80275726

endloop
endfacet
facet normal -0.03259348124 -0.8272709846 0.5608568788
outer loop
vertex -51.84125519 -71.12135315 41.80275726
vertex -59.42569733 -65.44441986 49.73554611
vertex -57.35787201 -70.95601654 41.72603989

endloop
endfacet
facet normal -0.03301196545 -0.8960360289 0.4427523911
outer loop
vertex -51.84125519 -71.12135315 41.80275726
vertex -57.35787201 -70.95601654 41.72603989
vertex -51.05005646 -75.35775757 33.28817368

endloop
endfacet
facet normal -0.01572167315 -0.8912735581 0.4531934559
outer loop
vertex -51.05005646 -75.35775757 33.28817368
vertex -57.35787201 -70.95601654 41.72603989
vertex -56.32631683 -75.26583862 33.28590775

endloop
endfacet
facet normal -0.01673054881 -0.9528988004 0.3028264642
outer loop
vertex -51.05005646 -75.35774231 33.28818893
vertex -56.32630157 -75.26582336 33.28592682
vertex -49.71495819 -78.19065857 24.44766235

endloop
endfacet
facet normal -0.008323804475 -0.9511736035 0.3085441589
outer loop
vertex -49.71495819 -78.19065857 24.44766235
vertex -56.32630157 -75.26582336 33.28592682
vertex -55.08692169 -78.14364624 24.44766808

endloop
endfacet
facet normal -0.008622995578 -0.985345602 0.1703517586
outer loop
vertex -49.71495819 -78.19065857 24.44766235
vertex -55.08692169 -78.14364624 24.44766808
vertex -48.08641815 -79.80883026 15.17029762

endloop
endfacet
facet normal -0.0007398527814 -0.984367609 0.1761246622
outer loop
vertex -48.08641815 -79.80883026 15.17029762
vertex -55.08692169 -78.14364624 24.44766808
vertex -53.47647858 -79.80477905 15.17029762

endloop
endfacet
facet normal -0.0007487406838 -0.9980657101 0.06216251478
outer loop
vertex -48.08641815 -79.80882263 15.17031479
vertex -53.47647858 -79.80477905 15.17031479
vertex -46.46025848 -80.40975189 5.541532993

endloop
endfacet
facet normal -0.0001224545995 -0.9980376363 0.06261710823
outer loop
vertex -46.46025848 -80.40975189 5.541532993
vertex -53.47647858 -79.80477905 15.17031479
vertex -51.68347931 -80.40911102 5.541532993

endloop
endfacet
facet normal -0.0001226553431 -0.9996672869 -0.02579474635
outer loop
vertex -46.46025848 -80.40975189 5.541532993
vertex -51.68347931 -80.40911102 5.541532993
vertex -44.76430511 -80.16004181 -4.143967152

endloop
endfacet
facet normal -0.02049086802 -0.9989762902 -0.04032772034
outer loop
vertex -44.76430511 -80.16004181 -4.143967152
vertex -51.68347931 -80.40911102 5.541532993
vertex -49.98760223 -80.05290222 -4.143967152

endloop
endfacet
facet normal -0.02028476447 -0.9888619184 -0.1474472284
outer loop
vertex -44.76430511 -80.16004181 -4.143949032
vertex -49.98761749 -80.05289459 -4.143949986
vertex -42.68239594 -78.79873657 -13.56002235

endloop
endfacet
facet normal 0.009133589454 -0.9921075702 -0.1250560433
outer loop
vertex -42.68239594 -78.79873657 -13.56002235
vertex -49.98761749 -80.05289459 -4.143949986
vertex -48.04006195 -78.84806061 -13.56002331

endloop
endfacet
facet normal 0.008857629262 -0.9621264935 -0.2724597156
outer loop
vertex -42.68239594 -78.79873657 -13.56002235
vertex -48.04006195 -78.84806061 -13.56002331
vertex -41.8789444 -76.27761078 -22.43665695

endloop
endfacet
facet normal 0.06039096415 -0.9692037106 -0.2387406975
outer loop
vertex -41.8789444 -76.27761078 -22.43665695
vertex -48.04006195 -78.84806061 -13.56002331
vertex -47.0956192 -76.60266113 -22.43665695

endloop
endfacet
facet normal 0.05863549933 -0.9410085082 -0.3332639039
outer loop
vertex -41.87892914 -76.27760315 -22.43664169
vertex -47.09560394 -76.60266113 -22.43664169
vertex -42.75028229 -73.23748016 -31.17408371

endloop
endfacet
facet normal 0.071516186 -0.9422037601 -0.3273184001
outer loop
vertex -42.75028229 -73.23748016 -31.17408371
vertex -47.09560394 -76.60266113 -22.43664169
vertex -47.69330597 -73.6126709 -31.17408371

endloop
endfacet
facet normal 0.06922385097 -0.9120032191 -0.404299587
outer loop
vertex -42.75028229 -73.23748016 -31.17408371
vertex -47.69330597 -73.6126709 -31.17408371
vertex -44.396492 -69.29101562 -40.35822678

endloop
endfacet
facet normal 0.1344777048 -0.9143368602 -0.381973654
outer loop
vertex -44.396492 -69.29101562 -40.35822678
vertex -47.69330597 -73.6126709 -31.17408371
vertex -48.81772614 -69.94127655 -40.35822678

endloop
endfacet
facet normal 0.1262368411 -0.8583086729 -0.4973635674
outer loop
vertex -44.39646149 -69.29102325 -40.3582077
vertex -48.81771088 -69.94128418 -40.3582077
vertex -46.06293488 -64.12037659 -49.70425034

endloop
endfacet
facet normal 0.3105122447 -0.8452427387 -0.4349101186
outer loop
vertex -46.06293488 -64.12037659 -49.70425034
vertex -48.81771088 -69.94128418 -40.3582077
vertex -49.5966568 -65.41854095 -49.70425034

endloop
endfacet
facet normal 0.2913246155 -0.7930122018 -0.5350341797
outer loop
vertex -46.06293488 -64.12037659 -49.70425034
vertex -49.5966568 -65.41854095 -49.70425034
vertex -46.89788055 -58.38039398 -58.66651154

endloop
endfacet
facet normal 0.452121228 -0.7625589967 -0.4626988769
outer loop
vertex -46.89788055 -58.38039398 -58.66651154
vertex -49.5966568 -65.41854095 -49.70425034
vertex -49.68183136 -60.03099823 -58.66651154

endloop
endfacet
facet normal 0.4297191501 -0.7247751951 -0.5385558009
outer loop
vertex -46.89789581 -58.38039398 -58.66649628
vertex -49.68184662 -60.03099823 -58.66649628
vertex -47.15628815 -52.82653046 -66.34692383

endloop
endfacet
facet normal 0.4399380386 -0.7226201892 -0.5331740379
outer loop
vertex -47.15628815 -52.82653046 -66.34692383
vertex -49.68184662 -60.03099823 -58.66649628
vertex -49.44574738 -54.22037506 -66.34692383

endloop
endfacet
facet normal 0.3948047459 -0.648486495 -0.6508413553
outer loop
vertex -47.15628815 -52.82653046 -66.34692383
vertex -49.44574738 -54.22037506 -66.34692383
vertex -48.19896698 -47.88910675 -71.89897919

endloop
endfacet
facet normal 0.3834281862 -0.6504643559 -0.6556515098
outer loop
vertex -48.19896698 -47.88910675 -71.89897919
vertex -49.44574738 -54.22037506 -66.34692383
vertex -49.63626862 -48.73635101 -71.89897919

endloop
endfacet
facet normal 0.3137761652 -0.5323073268 -0.7862528563
outer loop
vertex -48.19896698 -47.88909149 -71.89898682
vertex -49.63625336 -48.7363205 -71.89898682
vertex -49.27442169 -42.96595001 -75.66123199

endloop
endfacet
facet normal -nan(ind) -nan(ind) -nan(ind)
outer loop
vertex -49.27442169 -42.96595001 -75.66123199
vertex -49.63625336 -48.7363205 -71.89898682
vertex -49.27442169 -42.96595001 -75.66123199

endloop
endfacet
facet normal 0 -0.1292476952 0.9916123748
outer loop
vertex -39.92658234 -50.56754303 154.0013733
vertex -39.9265976 -50.56754303 154.0013733
vertex -37.90105438 -62.17603302 152.4883118

endloop
endfacet
facet normal -0.003499926534 -0.1298473477 0.9915277958
outer loop
vertex -37.90105438 -62.17603302 152.4883118
vertex -39.9265976 -50.56754303 154.0013733
vertex -39.01947784 -62.6339798 152.4243927

endloop
endfacet
facet normal 0.3498637378 -0.893673718 0.2809673846
outer loop
vertex -37.90105438 -62.17603302 152.4883118
vertex -39.01947784 -62.6339798 152.4243927
vertex -40.59947968 -64.43468475 148.6643219

endloop
endfacet
facet normal 0.05229273811 -0.9090577364 0.4133757651
outer loop
vertex -40.59947968 -64.43468475 148.6643219
vertex -39.01947784 -62.6339798 152.4243927
vertex -43.10326385 -64.6397934 148.5299988

endloop
endfacet
facet normal 0.0806164965 -0.3808737099 -0.9211059213
outer loop
vertex -40.59947968 -64.43468475 148.6643219
vertex -43.10326385 -64.6397934 148.5299988
vertex -46.10997772 -54.4174118 144.0399323

endloop
endfacet
facet normal 0.03926717117 -0.3921402395 -0.9190670848
outer loop
vertex -46.10997772 -54.4174118 144.0399323
vertex -43.10326385 -64.6397934 148.5299988
vertex -49.03099823 -54.60262299 143.9941559

endloop
endfacet
facet normal 0.04883477092 -0.5669185519 -0.8223251104
outer loop
vertex -46.10997772 -54.4174118 144.0399323
vertex -49.03098297 -54.60260773 143.9941406
vertex -51.30945587 -47.61014557 139.0381622

endloop
endfacet
facet normal 0.04235131294 -0.568508029 -0.8215869069
outer loop
vertex -51.30945587 -47.61014557 139.0381622
vertex -49.03098297 -54.60260773 143.9941406
vertex -54.28549957 -47.69872284 138.9460449

endloop
endfacet
facet normal 0.02230963483 -0.9757969379 0.2175376266
outer loop
vertex -51.30945587 -47.61014557 139.0381622
vertex -54.28549957 -47.69872284 138.9460449
vertex -54.98696136 -49.36074066 131.5627594

endloop
endfacet
facet normal -0.05412271991 -0.973043859 0.2241794765
outer loop
vertex -54.98696136 -49.36074066 131.5627594
vertex -54.28549957 -47.69872284 138.9460449
vertex -58.30173492 -49.22818756 131.3378296

endloop
endfacet
facet normal -0.06497690082 -0.9025337696 0.425688684
outer loop
vertex -54.98696136 -49.36074066 131.5627594
vertex -58.30173492 -49.22818756 131.3378296
vertex -57.74524689 -53.6772995 121.9898834

endloop
endfacet
facet normal -0.1913494021 -0.890633285 0.4125016928
outer loop
vertex -57.74524689 -53.6772995 121.9898834
vertex -58.30173492 -49.22818756 131.3378296
vertex -61.53466034 -52.98680878 121.722908

endloop
endfacet
facet normal -0.1785147786 -0.9838776588 -0.01083290577
outer loop
vertex -57.74524689 -53.6772995 121.9898834
vertex -61.53466034 -52.98680878 121.722908
vertex -60.85208893 -53.00337982 111.9798889

endloop
endfacet
facet normal -0.5315787196 -0.846251905 -0.03580174968
outer loop
vertex -60.85208893 -53.00337982 111.9798889
vertex -61.53466034 -52.98680878 121.722908
vertex -64.77664948 -50.5266037 111.7071686

endloop
endfacet
facet normal -0.5273461938 -0.8451837301 -0.08700791746
outer loop
vertex -60.85208893 -53.00337982 111.9798889
vertex -64.77664948 -50.5266037 111.7071686
vertex -65.23097229 -49.2602005 102.1590958

endloop
endfacet
facet normal -0.5823414922 -0.8090381026 -0.07959694415
outer loop
vertex -65.23097229 -49.2602005 102.1590958
vertex -64.77664948 -50.5266037 111.7071686
vertex -68.9693222 -46.54883575 101.950531

endloop
endfacet
facet normal -0.5276980996 -0.6894022822 0.4962450266
outer loop
vertex -65.23097229 -49.2602005 102.1590958
vertex -68.9693222 -46.54883575 101.950531
vertex -69.21408844 -52.58867645 93.29947662

endloop
endfacet
facet normal 0.07038592547 -0.818839252 0.5696913004
outer loop
vertex -69.21408844 -52.58867645 93.29947662
vertex -68.9693222 -46.54883575 101.950531
vertex -73.16945648 -52.95388031 93.26324463

endloop
endfacet
facet normal 0.08684924245 -0.9651276469 0.2469534427
outer loop
vertex -69.21408844 -52.58867645 93.29947662
vertex -73.16945648 -52.95388031 93.26324463
vertex -70.96392822 -54.88535309 84.93914032

endloop
endfacet
facet normal -0.2050653398 -0.9639869332 0.1693439931
outer loop
vertex -70.96392822 -54.88535309 84.93914032
vertex -73.16945648 -52.95388031 93.26324463
vertex -75.2999115 -53.97248077 84.88503265

endloop
endfacet
facet normal -0.1983099878 -0.955008626 -0.2205259353
outer loop
vertex -70.96392822 -54.88535309 84.93914032
vertex -75.2999115 -53.97248077 84.88503265
vertex -73.65885162 -52.46515656 76.88168335

endloop
endfacet
facet normal -0.6377475262 -0.722543776 -0.266849488
outer loop
vertex -73.65885162 -52.46515656 76.88168335
vertex -75.2999115 -53.97248077 84.88503265
vertex -78.00989532 -48.51074982 76.57302856

endloop
endfacet
facet normal -0.643902719 -0.7270807624 -0.2382076979
outer loop
vertex -73.65885162 -52.46515656 76.88168335
vertex -78.00989532 -48.51074982 76.57302856
vertex -76.04429626 -47.97374725 69.62069702

endloop
endfacet
facet normal -0.7855041623 -0.5591205359 -0.2652686238
outer loop
vertex -76.04429626 -47.97374725 69.62069702
vertex -78.00989532 -48.51074982 76.57302856
vertex -79.3682785 -43.15247345 69.30150604

endloop
endfacet
facet normal -0.800980866 -0.5652837157 -0.1971902847
outer loop
vertex -76.04429626 -47.97374725 69.62069702
vertex -79.3682785 -43.15247345 69.30150604
vertex -72.3923645 -51.03530121 63.56319427

endloop
endfacet
facet normal -0.7900734544 -0.5965957046 -0.1409166306
outer loop
vertex -72.3923645 -51.03530121 63.56319427
vertex -79.3682785 -43.15247345 69.30150604
vertex -76.0503006 -46.0941391 63.15275574

endloop
endfacet
facet normal -0.776637733 -0.5926758051 -0.2134696841
outer loop
vertex -72.3923645 -51.03530121 63.56319427
vertex -76.0503006 -46.0941391 63.15275574
vertex -64.8406601 -58.61995697 57.14684296

endloop
endfacet
facet normal -0.657382369 -0.709730804 0.2532402277
outer loop
vertex -64.8406601 -58.61995697 57.14684296
vertex -76.0503006 -46.0941391 63.15275574
vertex -69.56420898 -54.42057037 56.6542511

endloop
endfacet
facet normal -0.6638074517 -0.7252210975 0.1827949286
outer loop
vertex -64.8406601 -58.61995697 57.14684296
vertex -69.56420898 -54.42057037 56.6542511
vertex -59.42568207 -65.44442749 49.73554993

endloop
endfacet
facet normal -0.4005828798 -0.7222607136 0.5638021231
outer loop
vertex -59.42568207 -65.44442749 49.73554993
vertex -69.56420898 -54.42057037 56.6542511
vertex -64.43674469 -62.88130951 49.45866776

endloop
endfacet
facet normal -0.4291085899 -0.792026937 0.4342339039
outer loop
vertex -59.42568207 -65.44442749 49.73554993
vertex -64.43674469 -62.88130951 49.45866776
vertex -57.35785675 -70.95600891 41.7260437

endloop
endfacet
facet normal -0.244995743 -0.7739621401 0.5839174986
outer loop
vertex -57.35785675 -70.95600891 41.7260437
vertex -64.43674469 -62.88130951 49.45866776
vertex -62.24648285 -69.43560028 41.69015884

endloop
endfacet
facet normal -0.2735224962 -0.8697734475 0.4107062519
outer loop
vertex -57.35785675 -70.95600891 41.7260437
vertex -62.24648285 -69.43560028 41.69015884
vertex -56.32630157 -75.26583099 33.28591156

endloop
endfacet
facet normal -0.2529533505 -0.8692225814 0.4248136282
outer loop
vertex -56.32630157 -75.26583099 33.28591156
vertex -62.24648285 -69.43560028 41.69015884
vertex -61.30609894 -73.81752777 33.28412628

endloop
endfacet
facet normal -0.2694603801 -0.9261791706 0.2637863159
outer loop
vertex -56.32628632 -75.26582336 33.28592682
vertex -61.3061142 -73.81751251 33.28414154
vertex -55.08689117 -78.14364624 24.44766808

endloop
endfacet
facet normal -0.2684827149 -0.9262561202 0.2645120919
outer loop
vertex -55.08689117 -78.14364624 24.44766808
vertex -61.3061142 -73.81751251 33.28414154
vertex -60.10814667 -76.68819427 24.44767189

endloop
endfacet
facet normal -0.2762946486 -0.9532065988 0.1227129325
outer loop
vertex -55.08689117 -78.14364624 24.44766808
vertex -60.10814667 -76.68819427 24.44767189
vertex -53.47644806 -79.80478668 15.17029762

endloop
endfacet
facet normal -0.2664677501 -0.9549907446 0.1303367764
outer loop
vertex -53.47644806 -79.80478668 15.17029762
vertex -60.10814667 -76.68819427 24.44767189
vertex -58.37911224 -78.43681335 15.17029762

endloop
endfacet
facet normal -0.2687465549 -0.9631547928 0.01040584315
outer loop
vertex -53.47646332 -79.80478668 15.17031479
vertex -58.37911224 -78.43681335 15.17031479
vertex -51.68346405 -80.40911102 5.541532993

endloop
endfacet
facet normal -0.2626290917 -0.9647803903 0.01499276888
outer loop
vertex -51.68346405 -80.40911102 5.541532993
vertex -58.37911224 -78.43681335 15.17031479
vertex -56.61211395 -79.06745148 5.541532993

endloop
endfacet
facet normal -0.26179111 -0.9617020488 -0.08120678365
outer loop
vertex -51.68346405 -80.40911102 5.541532993
vertex -56.61211395 -79.06745148 5.541532993
vertex -49.98760223 -80.05290222 -4.143967152

endloop
endfacet
facet normal -0.2603651583 -0.962174952 -0.08018337935
outer loop
vertex -49.98760223 -80.05290222 -4.143967152
vertex -56.61211395 -79.06745148 5.541532993
vertex -55.00728607 -78.69457245 -4.143967152

endloop
endfacet
facet normal -0.2571844161 -0.9504204988 -0.174806118
outer loop
vertex -49.98760223 -80.05290222 -4.143949986
vertex -55.00728607 -78.69457245 -4.143949986
vertex -48.04004669 -78.84806061 -13.56002331

endloop
endfacet
facet normal -0.2248319536 -0.9626784921 -0.1506677419
outer loop
vertex -48.04004669 -78.84806061 -13.56002331
vertex -55.00728607 -78.69457245 -4.143949986
vertex -53.16861725 -77.65029144 -13.56002331

endloop
endfacet
facet normal -0.2195367664 -0.9400056601 -0.2611382008
outer loop
vertex -48.04004669 -78.84806061 -13.56002331
vertex -53.16861725 -77.65029144 -13.56002331
vertex -47.09560394 -76.60266113 -22.43665695

endloop
endfacet
facet normal -0.1779167801 -0.9556925893 -0.2345150113
outer loop
vertex -47.09560394 -76.60266113 -22.43665695
vertex -53.16861725 -77.65029144 -13.56002331
vertex -52.13263702 -75.66493988 -22.43665886

endloop
endfacet
facet normal -0.17411457 -0.9352710247 -0.3081431985
outer loop
vertex -47.09558868 -76.60266113 -22.4366436
vertex -52.13263702 -75.66493988 -22.4366436
vertex -47.69329071 -73.6126709 -31.17408371

endloop
endfacet
facet normal -0.1432304382 -0.9447979927 -0.2946892083
outer loop
vertex -47.69329071 -73.6126709 -31.17408371
vertex -52.13263702 -75.66493988 -22.4366436
vertex -52.40084076 -72.8990097 -31.17408752

endloop
endfacet
facet normal -0.140255779 -0.9251764417 -0.3526709974
outer loop
vertex -47.69329071 -73.6126709 -31.17408371
vertex -52.40084076 -72.8990097 -31.17408752
vertex -48.81771088 -69.94127655 -40.35822678

endloop
endfacet
facet normal -0.07080874592 -0.9410767555 -0.3306973875
outer loop
vertex -48.81771088 -69.94127655 -40.35822678
vertex -52.40084076 -72.8990097 -31.17408752
vertex -53.04161835 -69.62345886 -40.35823059

endloop
endfacet
facet normal -0.06773850322 -0.9002765417 -0.4300159216
outer loop
vertex -48.81769562 -69.94128418 -40.3582077
vertex -53.04161835 -69.62346649 -40.35821152
vertex -49.5966568 -65.41854858 -49.70425034

endloop
endfacet
facet normal 0.109741047 -0.9209538698 -0.3738997877
outer loop
vertex -49.5966568 -65.41854858 -49.70425034
vertex -53.04161835 -69.62346649 -40.35821152
vertex -53.12932587 -65.83950043 -49.70425415

endloop
endfacet
facet normal 0.1015491188 -0.8522055149 -0.5132576823
outer loop
vertex -49.5966568 -65.41854858 -49.70425034
vertex -53.12932587 -65.83950043 -49.70425415
vertex -49.68183136 -60.03099823 -58.66651154

endloop
endfacet
facet normal 0.2932216823 -0.8498197198 -0.4379811585
outer loop
vertex -49.68183136 -60.03099823 -58.66651154
vertex -53.12932587 -65.83950043 -49.70425415
vertex -52.53029633 -61.01383209 -58.66651154

endloop
endfacet
facet normal 0.2665662169 -0.7725545168 -0.5762828588
outer loop
vertex -49.68184662 -60.03099823 -58.66649628
vertex -52.53031158 -61.01384735 -58.66649628
vertex -49.44574738 -54.2203598 -66.34692383

endloop
endfacet
facet normal 0.2999931276 -0.7711182237 -0.5615877509
outer loop
vertex -49.44574738 -54.2203598 -66.34692383
vertex -52.53031158 -61.01384735 -58.66649628
vertex -51.75388336 -55.11830902 -66.34692383

endloop
endfacet
facet normal 0.2651023269 -0.6814329624 -0.6821802855
outer loop
vertex -49.44574738 -54.2203598 -66.34692383
vertex -51.75388336 -55.11830902 -66.34692383
vertex -49.63626862 -48.73633575 -71.89897919

endloop
endfacet
facet normal 0.2489637583 -0.6813855171 -0.6882811189
outer loop
vertex -49.63626862 -48.73633575 -71.89897919
vertex -51.75388336 -55.11830902 -66.34692383
vertex -51.10404205 -49.27262115 -71.89898682

endloop
endfacet
facet normal 0.1987560093 -0.5439804196 -0.8152186275
outer loop
vertex -49.63625336 -48.7363205 -71.89898682
vertex -51.10402679 -49.2726059 -71.89898682
vertex -49.27442169 -42.96595001 -75.66123199

endloop
endfacet
facet normal -0.2928536832 -0.4392805398 -0.8492757082
outer loop
vertex -49.27442169 -42.96595001 -75.66123199
vertex -51.10402679 -49.2726059 -71.89898682
vertex -49.27442169 -42.96593475 -75.66123962

endloop
endfacet
facet normal -nan(ind) -nan(ind) -nan(ind)
outer loop
vertex -39.9265976 -50.56754303 154.0013733
vertex -39.9265976 -50.56754303 154.0013733
vertex -39.01947784 -62.6339798 152.4243927

endloop
endfacet
facet normal 0.03322503716 -0.1270617098 0.991338253
outer loop
vertex -39.01947784 -62.6339798 152.4243927
vertex -39.9265976 -50.56754303 154.0013733
vertex -40.44789886 -62.59415436 152.4773712

endloop
endfacet
facet normal -0.007484258618 -0.8857694864 0.4640651345
outer loop
vertex -39.01947784 -62.6339798 152.4243927
vertex -40.44789886 -62.59415436 152.4773712
vertex -43.10326385 -64.6397934 148.5299988

endloop
endfacet
facet normal 0.03900434449 -0.8976618052 0.438955605
outer loop
vertex -43.10326385 -64.6397934 148.5299988
vertex -40.44789886 -62.59415436 152.4773712
vertex -45.96695709 -64.76840973 148.5214386

endloop
endfacet
facet normal 0.02076976001 -0.401506871 -0.9156204462
outer loop
vertex -43.10326385 -64.6397934 148.5299988
vertex -45.96695709 -64.76840973 148.5214386
vertex -49.03099823 -54.60262299 143.9941559

endloop
endfacet
facet normal 0.2082136571 -0.3448546529 -0.9152718186
outer loop
vertex -49.03099823 -54.60262299 143.9941559
vertex -45.96695709 -64.76840973 148.5214386
vertex -51.94068146 -55.34493256 143.6119232

endloop
endfacet
facet normal 0.2290963233 -0.4548866451 -0.8605771065
outer loop
vertex -49.03098297 -54.60260773 143.9941406
vertex -51.94068146 -55.34493256 143.6119232
vertex -54.28549957 -47.69872284 138.9460449

endloop
endfacet
facet normal 0.08510766178 -0.499859184 -0.8619150519
outer loop
vertex -54.28549957 -47.69872284 138.9460449
vertex -51.94068146 -55.34493256 143.6119232
vertex -57.42684174 -47.61411285 138.586792

endloop
endfacet
facet normal -0.05172125623 -0.9734470248 0.2229928672
outer loop
vertex -54.28549957 -47.69872284 138.9460449
vertex -57.42684174 -47.61411285 138.586792
vertex -58.30173492 -49.22818756 131.3378296

endloop
endfacet
facet normal -0.4075033367 -0.8797080517 0.2450607717
outer loop
vertex -58.30173492 -49.22818756 131.3378296
vertex -57.42684174 -47.61411285 138.586792
vertex -61.94284821 -47.59658051 131.140213

endloop
endfacet
facet normal -0.3861184418 -0.8076998591 0.4455709755
outer loop
vertex -58.30173492 -49.22818756 131.3378296
vertex -61.94284821 -47.59658051 131.140213
vertex -61.53466034 -52.98680878 121.722908

endloop
endfacet
facet normal -0.6085357666 -0.6997781992 0.3741587698
outer loop
vertex -61.53466034 -52.98680878 121.722908
vertex -61.94284821 -47.59658051 131.140213
vertex -65.31666565 -49.83394623 121.4685211

endloop
endfacet
facet normal -0.6409649253 -0.7673351169 0.01899008453
outer loop
vertex -61.53466034 -52.98680878 121.722908
vertex -65.31666565 -49.83394623 121.4685211
vertex -64.77664948 -50.5266037 111.7071686

endloop
endfacet
facet normal -0.7149726152 -0.6990801096 0.01005253196
outer loop
vertex -64.77664948 -50.5266037 111.7071686
vertex -65.31666565 -49.83394623 121.4685211
vertex -68.55406952 -46.66683197 111.4622345

endloop
endfacet
facet normal -0.715223372 -0.6985318065 0.02255897596
outer loop
vertex -64.77664948 -50.5266037 111.7071686
vertex -68.55406952 -46.66683197 111.4622345
vertex -68.9693222 -46.54883575 101.950531

endloop
endfacet
facet normal -0.5430955887 -0.8395656943 0.01329481415
outer loop
vertex -68.9693222 -46.54883575 101.950531
vertex -68.55406952 -46.66683197 111.4622345
vertex -72.81916809 -44.06102753 101.7883606

endloop
endfacet
facet normal -0.4266142249 -0.6170765758 0.6612237096
outer loop
vertex -68.9693222 -46.54883575 101.950531
vertex -72.81916809 -44.06102753 101.7883606
vertex -73.16945648 -52.95388031 93.26324463

endloop
endfacet
facet normal -0.2259282917 -0.6694786549 0.7076402307
outer loop
vertex -73.16945648 -52.95388031 93.26324463
vertex -72.81916809 -44.06102753 101.7883606
vertex -77.55967712 -51.67171478 93.07460022

endloop
endfacet
facet normal -0.2827990353 -0.9409118891 0.1863051206
outer loop
vertex -73.16945648 -52.95388031 93.26324463
vertex -77.55967712 -51.67171478 93.07460022
vertex -75.2999115 -53.97248077 84.88503265

endloop
endfacet
facet normal -0.4592393637 -0.8800969124 0.120534271
outer loop
vertex -75.2999115 -53.97248077 84.88503265
vertex -77.55967712 -51.67171478 93.07460022
vertex -80.04839325 -51.53340912 84.60237122

endloop
endfacet
facet normal -0.397318691 -0.8210242391 -0.4099476039
outer loop
vertex -75.2999115 -53.97248077 84.88503265
vertex -80.04839325 -51.53340912 84.60237122
vertex -78.00989532 -48.51074982 76.57302856

endloop
endfacet
facet normal -0.6608732343 -0.6315088868 -0.4055157602
outer loop
vertex -78.00989532 -48.51074982 76.57302856
vertex -80.04839325 -51.53340912 84.60237122
vertex -82.07727814 -44.06090546 76.27194977

endloop
endfacet
facet normal -0.6800222397 -0.6451452374 -0.3483638167
outer loop
vertex -78.00989532 -48.51074982 76.57302856
vertex -82.07727814 -44.06090546 76.27194977
vertex -79.3682785 -43.15247345 69.30150604

endloop
endfacet
facet normal -0.7595233917 -0.5382031202 -0.3653239012
outer loop
vertex -79.3682785 -43.15247345 69.30150604
vertex -82.07727814 -44.06090546 76.27194977
vertex -82.18900299 -39.07141876 69.15361023

endloop
endfacet
facet normal -0.808385551 -0.5647531748 -0.16603221
outer loop
vertex -79.3682785 -43.15247345 69.30150604
vertex -82.18900299 -39.07141876 69.15361023
vertex -76.0503006 -46.0941391 63.15275574

endloop
endfacet
facet normal -0.7768649459 -0.6266741157 -0.06132223457
outer loop
vertex -76.0503006 -46.0941391 63.15275574
vertex -82.18900299 -39.07141876 69.15361023
vertex -78.81784821 -42.653862 63.05618668

endloop
endfacet
facet normal -0.7792743444 -0.6262016892 0.02455656417
outer loop
vertex -76.0503006 -46.0941391 63.15275574
vertex -78.81784821 -42.653862 63.05618668
vertex -69.56420898 -54.42057037 56.6542511

endloop
endfacet
facet normal -0.5444201231 -0.6886863708 0.4788714349
outer loop
vertex -69.56420898 -54.42057037 56.6542511
vertex -78.81784821 -42.653862 63.05618668
vertex -73.12266541 -51.64888763 56.5947876

endloop
endfacet
facet normal -0.558136642 -0.7072613239 0.4338950515
outer loop
vertex -69.56420898 -54.42057037 56.6542511
vertex -73.12266541 -51.64888763 56.5947876
vertex -64.43674469 -62.88130951 49.45866776

endloop
endfacet
facet normal -0.3600325882 -0.6825039983 0.6360541582
outer loop
vertex -64.43674469 -62.88130951 49.45866776
vertex -73.12266541 -51.64888763 56.5947876
vertex -68.54247284 -60.72745514 49.4458046

endloop
endfacet
facet normal -0.3969852924 -0.7536139488 0.5238975883
outer loop
vertex -64.43674469 -62.88130951 49.45866776
vertex -68.54247284 -60.72745514 49.4458046
vertex -62.24648285 -69.43560028 41.69015884

endloop
endfacet
facet normal -0.3540567756 -0.7516236901 0.5565120578
outer loop
vertex -62.24648285 -69.43560028 41.69015884
vertex -68.54247284 -60.72745514 49.4458046
vertex -66.65155029 -67.3639679 41.68556595

endloop
endfacet
facet normal -0.3921430111 -0.8329777122 0.3903485835
outer loop
vertex -62.24648285 -69.43560028 41.69015884
vertex -66.65155029 -67.3639679 41.68556595
vertex -61.30609894 -73.81752777 33.28412628

endloop
endfacet
facet normal -0.39511621 -0.8325942755 0.3881622851
outer loop
vertex -61.30609894 -73.81752777 33.28412628
vertex -66.65155029 -67.3639679 41.68556595
vertex -65.89334106 -71.64079285 33.28372192

endloop
endfacet
facet normal -0.4173162282 -0.8794053793 0.229114309
outer loop
vertex -61.3061142 -73.81751251 33.28414154
vertex -65.89334106 -71.64077759 33.283741
vertex -60.10814667 -76.68819427 24.44767189

endloop
endfacet
facet normal -0.4213185608 -0.8783327341 0.2258812189
outer loop
vertex -60.10814667 -76.68819427 24.44767189
vertex -65.89334106 -71.64077759 33.283741
vertex -64.69408417 -74.48841095 24.44767761

endloop
endfacet
facet normal -0.4307809174 -0.8980588913 0.08898290247
outer loop
vertex -60.10814667 -76.68819427 24.44767189
vertex -64.69408417 -74.48841095 24.44767761
vertex -58.37911224 -78.43681335 15.17029762

endloop
endfacet
facet normal -0.4212018251 -0.9017565846 0.09707704186
outer loop
vertex -58.37911224 -78.43681335 15.17029762
vertex -64.69408417 -74.48841095 24.44767761
vertex -63.07062531 -76.24545288 15.17029858

endloop
endfacet
facet normal -0.4231284857 -0.9058844447 -0.01831820235
outer loop
vertex -58.37911224 -78.43681335 15.17031479
vertex -63.07064056 -76.24545288 15.17031479
vertex -56.61211395 -79.06745148 5.541532993

endloop
endfacet
facet normal -0.4021317065 -0.9155807495 -0.001392781967
outer loop
vertex -56.61211395 -79.06745148 5.541532993
vertex -63.07064056 -76.24545288 15.17031479
vertex -61.35248566 -76.98543549 5.541532993

endloop
endfacet
facet normal -0.4000612497 -0.9108666778 -0.1013548449
outer loop
vertex -56.61211395 -79.06745148 5.541532993
vertex -61.35248566 -76.98543549 5.541532993
vertex -55.00728607 -78.69457245 -4.143967152

endloop
endfacet
facet normal -0.3717095852 -0.9248687625 -0.08031016588
outer loop
vertex -55.00728607 -78.69457245 -4.143967152
vertex -61.35248566 -76.98543549 5.541532993
vertex -59.85987091 -76.74429321 -4.143967152

endloop
endfacet
facet normal -0.3672866523 -0.9138638377 -0.173070997
outer loop
vertex -55.00728607 -78.69457245 -4.143949986
vertex -59.85987091 -76.74429321 -4.143949986
vertex -53.16861725 -77.65029144 -13.56002331

endloop
endfacet
facet normal -0.3272311389 -0.9341136813 -0.1426583529
outer loop
vertex -53.16861725 -77.65029144 -13.56002331
vertex -59.85987091 -76.74429321 -4.143949986
vertex -58.25589752 -75.86815643 -13.56002331

endloop
endfacet
facet normal -0.3207664192 -0.9156594276 -0.2422329187
outer loop
vertex -53.16861725 -77.65029144 -13.56002331
vertex -58.25589752 -75.86815643 -13.56002331
vertex -52.13263702 -75.66493988 -22.43665886

endloop
endfacet
facet normal -0.2752003372 -0.9378769398 -0.211309284
outer loop
vertex -52.13263702 -75.66493988 -22.43665886
vertex -58.25589752 -75.86815643 -13.56002331
vertex -57.29775238 -74.1493454 -22.43665695

endloop
endfacet
facet normal -0.2700456381 -0.9203053713 -0.2830430865
outer loop
vertex -52.13263702 -75.66493988 -22.4366436
vertex -57.29775238 -74.14933777 -22.4366436
vertex -52.40084076 -72.8990097 -31.17408752

endloop
endfacet
facet normal -0.2140912265 -0.9429623485 -0.2549256086
outer loop
vertex -52.40084076 -72.8990097 -31.17408752
vertex -57.29775238 -74.14933777 -22.4366436
vertex -57.07953644 -71.83675385 -31.17408562

endloop
endfacet
facet normal -0.210106194 -0.9254100919 -0.3153910637
outer loop
vertex -52.40084076 -72.8990097 -31.17408752
vertex -57.07953644 -71.83675385 -31.17408562
vertex -53.04161835 -69.62345886 -40.35823059

endloop
endfacet
facet normal -0.145607695 -0.9453214407 -0.2918319702
outer loop
vertex -53.04161835 -69.62345886 -40.35823059
vertex -57.07953644 -71.83675385 -31.17408562
vertex -57.17966461 -68.98607635 -40.35823059

endloop
endfacet
facet normal -0.1414098889 -0.9180573225 -0.3703701198
outer loop
vertex -53.04161835 -69.62346649 -40.35821152
vertex -57.17966461 -68.98607635 -40.35821152
vertex -53.12932587 -65.83950043 -49.70425415

endloop
endfacet
facet normal -0.02115506306 -0.9447087049 -0.3272275925
outer loop
vertex -53.12932587 -65.83950043 -49.70425415
vertex -57.17966461 -68.98607635 -40.35821152
vertex -56.78913116 -65.75754547 -49.70425415

endloop
endfacet
facet normal -0.01970061474 -0.8797566295 -0.4750159085
outer loop
vertex -53.12932587 -65.83950043 -49.70425415
vertex -56.78913116 -65.75754547 -49.70425415
vertex -52.53029633 -61.01383209 -58.66651154

endloop
endfacet
facet normal 0.1278106868 -0.9004074335 -0.4158495367
outer loop
vertex -52.53029633 -61.01383209 -58.66651154
vertex -56.78913116 -65.75754547 -49.70425415
vertex -55.62424469 -61.45301056 -58.66651154

endloop
endfacet
facet normal 0.1126549244 -0.7936650515 -0.5978332162
outer loop
vertex -52.53031158 -61.01384735 -58.66649628
vertex -55.62425995 -61.45301056 -58.66649628
vertex -51.75388336 -55.11830902 -66.34692383

endloop
endfacet
facet normal 0.1290927231 -0.7959516644 -0.5914357305
outer loop
vertex -51.75388336 -55.11830902 -66.34692383
vertex -55.62425995 -61.45301056 -58.66649628
vertex -54.2912674 -55.52983856 -66.34692383

endloop
endfacet
facet normal 0.1120458916 -0.6908457875 -0.7142673135
outer loop
vertex -51.75388336 -55.11830902 -66.34692383
vertex -54.2912674 -55.52983856 -66.34692383
vertex -51.10404205 -49.27262115 -71.89898682

endloop
endfacet
facet normal 0.08497303724 -0.6851688623 -0.7234108448
outer loop
vertex -51.10404205 -49.27262115 -71.89898682
vertex -54.2912674 -55.52983856 -66.34692383
vertex -52.70389557 -49.47103119 -71.89898682

endloop
endfacet
facet normal 0.0651203692 -0.5250946283 -0.8485486507
outer loop
vertex -51.10402679 -49.2726059 -71.89898682
vertex -52.70389557 -49.47101593 -71.89898682
vertex -49.27442169 -42.96593475 -75.66123962

endloop
endfacet
facet normal 0.1303962767 0.4563869536 0.8801748157
outer loop
vertex -49.27442169 -42.96593475 -75.66123962
vertex -52.70389557 -49.47101593 -71.89898682
vertex -49.27442169 -42.96595001 -75.66123199

endloop
endfacet
facet normal -nan(ind) -nan(ind) -nan(ind)
outer loop
vertex -39.9265976 -50.56754303 154.0013733
vertex -39.9265976 -50.56754303 154.0013733
vertex -40.44789886 -62.59415436 152.4773712

endloop
endfacet
facet normal 0.05762639269 -0.1279629171 0.990103364
outer loop
vertex -40.44789886 -62.59415436 152.4773712
vertex -39.9265976 -50.56754303 154.0013733
vertex -42.20014191 -62.10108185 152.6430817

endloop
endfacet
facet normal -0.1539171934 -0.7594229579 0.6321284175
outer loop
vertex -40.44789886 -62.59415436 152.4773712
vertex -42.20014191 -62.10108185 152.6430817
vertex -45.96695709 -64.76840973 148.5214386

endloop
endfacet
facet normal 0.01711060107 -0.8464720249 0.532158196
outer loop
vertex -45.96695709 -64.76840973 148.5214386
vertex -42.20014191 -62.10108185 152.6430817
vertex -48.8993454 -64.62150574 148.8493958

endloop
endfacet
facet normal -0.1206635609 -0.5177554488 -0.8469766974
outer loop
vertex -45.96695709 -64.76840973 148.5214386
vertex -48.8993454 -64.62150574 148.8493958
vertex -51.94068146 -55.34493256 143.6119232

endloop
endfacet
facet normal -0.1459578872 -0.5222330689 -0.8402195573
outer loop
vertex -51.94068146 -55.34493256 143.6119232
vertex -48.8993454 -64.62150574 148.8493958
vertex -55.00447845 -55.35649872 144.1513367

endloop
endfacet
facet normal -0.1357301623 -0.6058670282 -0.7839021087
outer loop
vertex -51.94068146 -55.34493256 143.6119232
vertex -55.00449371 -55.35649872 144.1513519
vertex -57.42684174 -47.61411285 138.586792

endloop
endfacet
facet normal -0.2921218276 -0.6167423725 -0.7309539914
outer loop
vertex -57.42684174 -47.61411285 138.586792
vertex -55.00449371 -55.35649872 144.1513519
vertex -60.5192337 -46.44586945 138.8369446

endloop
endfacet
facet normal -0.3321668804 -0.9219302535 0.1992732733
outer loop
vertex -57.42684174 -47.61411285 138.586792
vertex -60.5192337 -46.44586945 138.8369446
vertex -61.94284821 -47.59658051 131.140213

endloop
endfacet
facet normal -0.6804640889 -0.6957881451 0.2298858613
outer loop
vertex -61.94284821 -47.59658051 131.140213
vertex -60.5192337 -46.44586945 138.8369446
vertex -65.12683105 -44.52017975 131.0268402

endloop
endfacet
facet normal -0.6499332786 -0.6586909294 0.3790948689
outer loop
vertex -61.94284821 -47.59658051 131.140213
vertex -65.12683105 -44.52017975 131.0268402
vertex -65.31666565 -49.83394623 121.4685211

endloop
endfacet
facet normal -0.8402170539 -0.4666781425 0.2761281431
outer loop
vertex -65.31666565 -49.83394623 121.4685211
vertex -65.12683105 -44.52017975 131.0268402
vertex -68.41640472 -44.44907379 121.1373291

endloop
endfacet
facet normal -0.8632214069 -0.4892503619 0.1244302168
outer loop
vertex -65.31666565 -49.83394623 121.4685211
vertex -68.41640472 -44.44907379 121.1373291
vertex -68.55406952 -46.66683197 111.4622345

endloop
endfacet
facet normal -0.8546209335 -0.5033456087 0.1275388151
outer loop
vertex -68.55406952 -46.66683197 111.4622345
vertex -68.41640472 -44.44907379 121.1373291
vertex -71.75011444 -41.33545685 111.0867996

endloop
endfacet
facet normal -0.8401142955 -0.4867807925 0.2392748445
outer loop
vertex -68.55406952 -46.66683197 111.4622345
vertex -71.75011444 -41.33545685 111.0867996
vertex -72.81916809 -44.06102753 101.7883606

endloop
endfacet
facet normal -0.6799970865 -0.6788143516 0.2771551013
outer loop
vertex -72.81916809 -44.06102753 101.7883606
vertex -71.75011444 -41.33545685 111.0867996
vertex -76.35372162 -40.57494354 101.6545639

endloop
endfacet
facet normal -0.5105469227 -0.4905415177 0.7061945796
outer loop
vertex -72.81916809 -44.06102753 101.7883606
vertex -76.35372162 -40.57494354 101.6545639
vertex -77.55967712 -51.67171478 93.07460022

endloop
endfacet
facet normal -0.6428586841 -0.4235914946 0.6382027864
outer loop
vertex -77.55967712 -51.67171478 93.07460022
vertex -76.35372162 -40.57494354 101.6545639
vertex -81.39144135 -46.1853714 92.85630798

endloop
endfacet
facet normal -0.8026921153 -0.5515916944 0.2267861962
outer loop
vertex -77.55967712 -51.67171478 93.07460022
vertex -81.39144135 -46.1853714 92.85630798
vertex -80.04839325 -51.53340912 84.60237122

endloop
endfacet
facet normal -0.8285636306 -0.5217135549 0.2032173276
outer loop
vertex -80.04839325 -51.53340912 84.60237122
vertex -81.39144135 -46.1853714 92.85630798
vertex -83.89832306 -45.52642059 84.32688141

endloop
endfacet
facet normal -0.8030258417 -0.5273926258 -0.2775005698
outer loop
vertex -80.04839325 -51.53340912 84.60237122
vertex -83.89832306 -45.52642059 84.32688141
vertex -82.07727814 -44.06090546 76.27194977

endloop
endfacet
facet normal -0.8216988444 -0.4983865917 -0.2764447629
outer loop
vertex -82.07727814 -44.06090546 76.27194977
vertex -83.89832306 -45.52642059 84.32688141
vertex -84.86091614 -39.3973465 76.13831329

endloop
endfacet
facet normal -0.8059937954 -0.4905818701 -0.331215173
outer loop
vertex -82.07727814 -44.06090546 76.27194977
vertex -84.86091614 -39.3973465 76.13831329
vertex -82.18900299 -39.07141876 69.15361023

endloop
endfacet
facet normal -0.6911785603 -0.6596506238 -0.295183301
outer loop
vertex -82.18900299 -39.07141876 69.15361023
vertex -84.86091614 -39.3973465 76.13831329
vertex -84.95489502 -36.16152191 69.12722015

endloop
endfacet
facet normal -0.7248264551 -0.6889197826 0.004020362627
outer loop
vertex -82.18900299 -39.07141876 69.15361023
vertex -84.95489502 -36.16152191 69.12722015
vertex -78.81784821 -42.653862 63.05618668

endloop
endfacet
facet normal -0.6232190132 -0.7603149414 0.1830823421
outer loop
vertex -78.81784821 -42.653862 63.05618668
vertex -84.95489502 -36.16152191 69.12722015
vertex -81.56063843 -40.40627289 63.05354691

endloop
endfacet
facet normal -0.5631813407 -0.6867246628 0.4596041739
outer loop
vertex -78.81784821 -42.653862 63.05618668
vertex -81.56063843 -40.40627289 63.05354691
vertex -73.12266541 -51.64888763 56.5947876

endloop
endfacet
facet normal -0.4278917015 -0.6697882414 0.6068710685
outer loop
vertex -73.12266541 -51.64888763 56.5947876
vertex -81.56063843 -40.40627289 63.05354691
vertex -76.45709991 -49.52901459 56.58340073

endloop
endfacet
facet normal -0.4357096851 -0.6821914911 0.5871726274
outer loop
vertex -73.12266541 -51.64888763 56.5947876
vertex -76.45709991 -49.52901459 56.58340073
vertex -68.54247284 -60.72745514 49.4458046

endloop
endfacet
facet normal -0.3445349336 -0.6655142903 0.6621075869
outer loop
vertex -68.54247284 -60.72745514 49.4458046
vertex -76.45709991 -49.52901459 56.58340073
vertex -72.71385956 -58.57752228 49.43617249

endloop
endfacet
facet normal -0.3855074346 -0.7455413342 0.5436469316
outer loop
vertex -68.54247284 -60.72745514 49.4458046
vertex -72.71385956 -58.57752228 49.43617249
vertex -66.65155029 -67.3639679 41.68556595

endloop
endfacet
facet normal -0.4133635759 -0.7459010482 0.5222663879
outer loop
vertex -66.65155029 -67.3639679 41.68556595
vertex -72.71385956 -58.57752228 49.43617249
vertex -71.04769897 -64.92818451 41.68488693

endloop
endfacet
facet normal -0.4497979879 -0.8117001057 0.3725918531
outer loop
vertex -66.65155029 -67.3639679 41.68556595
vertex -71.04769897 -64.92818451 41.68488693
vertex -65.89334106 -71.64079285 33.28372192

endloop
endfacet
facet normal -0.4980064631 -0.8003077507 0.3339118659
outer loop
vertex -65.89334106 -71.64079285 33.28372192
vertex -71.04769897 -64.92818451 41.68488693
vertex -70.17623901 -68.97566986 33.28374481

endloop
endfacet
facet normal -0.5178793669 -0.8322426081 0.1979220212
outer loop
vertex -65.89334106 -71.64077759 33.283741
vertex -70.17623901 -68.9756546 33.28376389
vertex -64.69408417 -74.48841095 24.44767761

endloop
endfacet
facet normal -0.5270725489 -0.8283556104 0.1897931844
outer loop
vertex -64.69408417 -74.48841095 24.44767761
vertex -70.17623901 -68.9756546 33.28376389
vertex -68.95438385 -71.77763367 24.44767952

endloop
endfacet
facet normal -0.535670042 -0.8418673277 0.06570367515
outer loop
vertex -64.69408417 -74.48841095 24.44767761
vertex -68.95438385 -71.77763367 24.44767952
vertex -63.07062531 -76.24545288 15.17029858

endloop
endfacet
facet normal -0.5200845599 -0.8503889441 0.07969186455
outer loop
vertex -63.07062531 -76.24545288 15.17029858
vertex -68.95438385 -71.77763367 24.44767952
vertex -67.52350616 -73.5221405 15.17029762

endloop
endfacet
facet normal -0.5215479136 -0.8527777791 -0.02752784267
outer loop
vertex -63.07064056 -76.24545288 15.17031479
vertex -67.52351379 -73.52213287 15.17031479
vertex -61.35248566 -76.98543549 5.541532993

endloop
endfacet
facet normal -0.489425391 -0.8720451593 -1.057322606e-05
outer loop
vertex -61.35248566 -76.98543549 5.541532993
vertex -67.52351379 -73.52213287 15.17031479
vertex -65.82083893 -74.47762299 5.541532993

endloop
endfacet
facet normal -0.4871326983 -0.8679599762 -0.09668093175
outer loop
vertex -61.35248566 -76.98543549 5.541532993
vertex -65.82083893 -74.47762299 5.541532993
vertex -59.85987091 -76.74429321 -4.143967152

endloop
endfacet
facet normal -0.4473801851 -0.891858995 -0.06662213802
outer loop
vertex -59.85987091 -76.74429321 -4.143967152
vertex -65.82083893 -74.47762299 5.541532993
vertex -64.42842865 -74.45258331 -4.143966198

endloop
endfacet
facet normal -0.4427773952 -0.8826802969 -0.1575552523
outer loop
vertex -59.85987091 -76.74429321 -4.143949986
vertex -64.42842865 -74.45257568 -4.143949032
vertex -58.25589752 -75.86815643 -13.56002331

endloop
endfacet
facet normal -0.3922489583 -0.9119948149 -0.1200252473
outer loop
vertex -58.25589752 -75.86815643 -13.56002331
vertex -64.42842865 -74.45257568 -4.143949032
vertex -63.15813446 -73.75970459 -13.56002235

endloop
endfacet
facet normal -0.3858347237 -0.8970814943 -0.2153518349
outer loop
vertex -58.25589752 -75.86815643 -13.56002331
vertex -63.15813446 -73.75970459 -13.56002235
vertex -57.29775238 -74.1493454 -22.43665695

endloop
endfacet
facet normal -0.3381176591 -0.9231989384 -0.1827024221
outer loop
vertex -57.29775238 -74.1493454 -22.43665695
vertex -63.15813446 -73.75970459 -13.56002235
vertex -62.32454681 -72.30830383 -22.43665504

endloop
endfacet
facet normal -0.3330713212 -0.9094241858 -0.2490204126
outer loop
vertex -57.29775238 -74.14933777 -22.4366436
vertex -62.32454681 -72.30830383 -22.43664169
vertex -57.07953644 -71.83675385 -31.17408562

endloop
endfacet
facet normal -0.2898797691 -0.9304258823 -0.2242262959
outer loop
vertex -57.07953644 -71.83675385 -31.17408562
vertex -62.32454681 -72.30830383 -22.43664169
vertex -61.86824799 -70.34480286 -31.1740818

endloop
endfacet
facet normal -0.2854455709 -0.9161932468 -0.2812662721
outer loop
vertex -57.07953644 -71.83675385 -31.17408562
vertex -61.86824799 -70.34480286 -31.1740818
vertex -57.17966461 -68.98607635 -40.35823059

endloop
endfacet
facet normal -0.2430275679 -0.933901608 -0.2622313499
outer loop
vertex -57.17966461 -68.98607635 -40.35823059
vertex -61.86824799 -70.34480286 -31.1740818
vertex -61.51065826 -67.85903168 -40.35822296

endloop
endfacet
facet normal -0.2380828708 -0.9149008989 -0.3259952068
outer loop
vertex -57.17966461 -68.98607635 -40.35821152
vertex -61.51065826 -67.85903168 -40.3582077
vertex -56.78913116 -65.75754547 -49.70425415

endloop
endfacet
facet normal -0.1623554826 -0.9419700503 -0.2938250899
outer loop
vertex -56.78913116 -65.75754547 -49.70425415
vertex -61.51065826 -67.85903168 -40.3582077
vertex -60.49854279 -65.11820221 -49.70425034

endloop
endfacet
facet normal -0.1522006243 -0.8830515742 -0.4439085424
outer loop
vertex -56.78913116 -65.75754547 -49.70425415
vertex -60.49854279 -65.11820221 -49.70425034
vertex -55.62424469 -61.45301056 -58.66651154

endloop
endfacet
facet normal -0.05732366815 -0.9127587676 -0.4044569433
outer loop
vertex -55.62424469 -61.45301056 -58.66651154
vertex -60.49854279 -65.11820221 -49.70425034
vertex -58.7519455 -61.25658417 -58.66650772

endloop
endfacet
facet normal -0.04940948263 -0.7867360711 -0.6153089404
outer loop
vertex -55.62425995 -61.45301056 -58.66649628
vertex -58.75196075 -61.25658417 -58.66649246
vertex -54.2912674 -55.52983856 -66.34692383

endloop
endfacet
facet normal -0.03309025988 -0.7919353843 -0.6097076535
outer loop
vertex -54.2912674 -55.52983856 -66.34692383
vertex -58.75196075 -61.25658417 -58.66649246
vertex -56.87529755 -55.42186737 -66.34692383

endloop
endfacet
facet normal -0.02805096656 -0.6713322401 -0.7406255603
outer loop
vertex -54.2912674 -55.52983856 -66.34692383
vertex -56.87529755 -55.42186737 -66.34692383
vertex -52.70389557 -49.47103119 -71.89898682

endloop
endfacet
facet normal -0.05572982505 -0.6599593163 -0.7492315769
outer loop
vertex -52.70389557 -49.47103119 -71.89898682
vertex -56.87529755 -55.42186737 -66.34692383
vertex -54.30731964 -49.33563995 -71.89897919

endloop
endfacet
facet normal -0.04086857289 -0.4840021729 -0.8741119504
outer loop
vertex -52.70389557 -49.47101593 -71.89898682
vertex -54.30731964 -49.33562469 -71.89898682
vertex -49.27442169 -42.96595001 -75.66123199

endloop
endfacet
facet normal -0.7808688283 0.6246950626 0
outer loop
vertex -49.27442169 -42.96595001 -75.66123199
vertex -54.30731964 -49.33562469 -71.89898682
vertex -49.27442169 -42.96595001 -75.66122437

endloop
endfacet
facet normal -0.1436245739 0.1436245739 -0.9791547656
outer loop
vertex -39.92661285 -50.56755829 154.0013733
vertex -39.92658234 -50.56752777 154.0013733
vertex -42.20014191 -62.10108185 152.6430969

endloop
endfacet
facet normal 0.1774201244 -0.1495275199 0.9727094173
outer loop
vertex -42.20014191 -62.10108185 152.6430969
vertex -39.92658234 -50.56752777 154.0013733
vertex -43.31999969 -60.67819977 153.0660858

endloop
endfacet
facet normal -0.2910254002 -0.4757911563 0.8300162554
outer loop
vertex -42.20014191 -62.10108185 152.6430969
vertex -43.31999969 -60.67819977 153.0660858
vertex -48.8993454 -64.62150574 148.8493958

endloop
endfacet
facet normal -0.03280763328 -0.7079705 0.7054796219
outer loop
vertex -48.8993454 -64.62150574 148.8493958
vertex -43.31999969 -60.67819977 153.0660858
vertex -51.42105865 -63.91321564 149.4429169

endloop
endfacet
facet normal -0.3385449648 -0.5933805108 -0.7302649617
outer loop
vertex -48.8993454 -64.62150574 148.8493958
vertex -51.42105865 -63.91321564 149.4429169
vertex -55.00449371 -55.35648346 144.1513519

endloop
endfacet
facet normal -0.4672451913 -0.5982497334 -0.6509832144
outer loop
vertex -55.00449371 -55.35648346 144.1513519
vertex -51.42105865 -63.91321564 149.4429169
vertex -57.78617096 -53.96735382 144.8713074

endloop
endfacet
facet normal -0.4773860574 -0.6488473415 -0.5925366282
outer loop
vertex -55.00449371 -55.35649872 144.1513519
vertex -57.78617096 -53.96735382 144.8712921
vertex -60.51924896 -46.44585419 138.8369446

endloop
endfacet
facet normal -0.6507288218 -0.6047891974 -0.4591099918
outer loop
vertex -60.51924896 -46.44585419 138.8369446
vertex -57.78617096 -53.96735382 144.8712921
vertex -63.04291534 -43.96352386 139.1439209

endloop
endfacet
facet normal -0.67018646 -0.7086336613 0.2206546366
outer loop
vertex -60.51924896 -46.44585419 138.8369446
vertex -63.04291534 -43.96352386 139.1439209
vertex -65.12683868 -44.52016449 131.0268402

endloop
endfacet
facet normal -0.8116637468 -0.5303755999 0.2447522283
outer loop
vertex -65.12683868 -44.52016449 131.0268402
vertex -63.04291534 -43.96352386 139.1439209
vertex -67.57095337 -40.87223053 130.8265381

endloop
endfacet
facet normal -0.8077548742 -0.5266503096 0.2648991346
outer loop
vertex -65.12683868 -44.52016449 131.0268402
vertex -67.57095337 -40.87223053 130.8265381
vertex -68.41640472 -44.44907379 121.1373291

endloop
endfacet
facet normal -0.8739111423 -0.4262670577 0.2336145341
outer loop
vertex -68.41640472 -44.44907379 121.1373291
vertex -67.57095337 -40.87223053 130.8265381
vertex -70.84416962 -39.62796783 120.8523636

endloop
endfacet
facet normal -0.8855904341 -0.4365886748 0.1584929675
outer loop
vertex -68.41640472 -44.44907379 121.1373291
vertex -70.84416962 -39.62796783 120.8523636
vertex -71.75012207 -41.33545685 111.0867996

endloop
endfacet
facet normal -0.8376536369 -0.5195450783 0.1685506254
outer loop
vertex -71.75012207 -41.33545685 111.0867996
vertex -70.84416962 -39.62796783 120.8523636
vertex -74.37274933 -37.16300201 110.914299

endloop
endfacet
facet normal -0.7993103266 -0.4879102111 0.3507798016
outer loop
vertex -71.75012207 -41.33545685 111.0867996
vertex -74.37274933 -37.16300201 110.914299
vertex -76.35372162 -40.57492828 101.6545715

endloop
endfacet
facet normal -0.7535973787 -0.5479379296 0.3631185889
outer loop
vertex -76.35372162 -40.57492828 101.6545715
vertex -74.37274933 -37.16300201 110.914299
vertex -79.16551971 -36.7480545 101.5937805

endloop
endfacet
facet normal -0.6227714419 -0.4473853409 0.6418738961
outer loop
vertex -76.35372162 -40.57492828 101.6545715
vertex -79.16551971 -36.7480545 101.5937805
vertex -81.39144897 -46.18535614 92.85630798

endloop
endfacet
facet normal -0.8029440641 -0.2918101847 0.5197380781
outer loop
vertex -81.39144897 -46.18535614 92.85630798
vertex -79.16551971 -36.7480545 101.5937805
vertex -83.82722473 -39.69535065 92.73712921

endloop
endfacet
facet normal -0.90999192 -0.3370975554 0.2414126396
outer loop
vertex -81.39144897 -46.18535614 92.85630798
vertex -83.82722473 -39.69535065 92.73712921
vertex -83.89833069 -45.52640533 84.32688141

endloop
endfacet
facet normal -0.9275289774 -0.3034311533 0.2182190567
outer loop
vertex -83.89833069 -45.52640533 84.32688141
vertex -83.82722473 -39.69535065 92.73712921
vertex -86.01467133 -39.14225006 84.20858002

endloop
endfacet
facet normal -0.9411138892 -0.3142873645 -0.1246117502
outer loop
vertex -83.89833069 -45.52640533 84.32688141
vertex -86.01467133 -39.14225006 84.20858002
vertex -84.86091614 -39.39731598 76.13830566

endloop
endfacet
facet normal -0.9145479798 -0.3867222071 -0.1185244545
outer loop
vertex -84.86091614 -39.39731598 76.13830566
vertex -86.01467133 -39.14225006 84.20858002
vertex -86.62412262 -35.21747589 76.10540009

endloop
endfacet
facet normal -0.9082433581 -0.3844305575 -0.1652487516
outer loop
vertex -84.86091614 -39.39731598 76.13830566
vertex -86.62412262 -35.21747589 76.10540009
vertex -84.95491028 -36.16150665 69.12721252

endloop
endfacet
facet normal -0.6226093769 -0.7813377976 -0.04322903603
outer loop
vertex -84.95491028 -36.16150665 69.12721252
vertex -86.62412262 -35.21747589 76.10540009
vertex -87.66287994 -34.00362396 69.12656403

endloop
endfacet
facet normal -0.6113280654 -0.7671092153 0.1944773346
outer loop
vertex -84.95491028 -36.16150665 69.12721252
vertex -87.66287994 -34.00362396 69.12656403
vertex -81.56064606 -40.40627289 63.05354691

endloop
endfacet
facet normal -0.4185048938 -0.8024053574 0.425440073
outer loop
vertex -81.56064606 -40.40627289 63.05354691
vertex -87.66287994 -34.00362396 69.12656403
vertex -84.53658295 -38.85425568 63.05331802

endloop
endfacet
facet normal -0.3462613821 -0.6638459563 0.6628813148
outer loop
vertex -81.56064606 -40.40627289 63.05354691
vertex -84.53658295 -38.85425568 63.05331802
vertex -76.45711517 -49.52901459 56.58340073

endloop
endfacet
facet normal -0.3516849279 -0.6653174162 0.6585365534
outer loop
vertex -76.45711517 -49.52901459 56.58340073
vertex -84.53658295 -38.85425568 63.05331802
vertex -79.90344238 -47.71222687 56.57841873

endloop
endfacet
facet normal -0.3517823517 -0.6655028462 0.6582970619
outer loop
vertex -76.45711517 -49.52901459 56.58340073
vertex -79.90344238 -47.71222687 56.57841873
vertex -72.71387482 -58.57752228 49.43616867

endloop
endfacet
facet normal -0.376770556 -0.6698672175 0.6397826672
outer loop
vertex -72.71387482 -58.57752228 49.43616867
vertex -79.90344238 -47.71222687 56.57841873
vertex -76.95909882 -56.19412994 49.43160629

endloop
endfacet
facet normal -0.4185715616 -0.7445510626 0.520039916
outer loop
vertex -72.71387482 -58.57752228 49.43616867
vertex -76.95909882 -56.19412994 49.43160629
vertex -71.0477066 -64.92817688 41.68488693

endloop
endfacet
facet normal -0.496311456 -0.7394076586 0.4549190104
outer loop
vertex -71.0477066 -64.92817688 41.68488693
vertex -76.95909882 -56.19412994 49.43160629
vertex -75.5215683 -61.92534637 41.68463898

endloop
endfacet
facet normal -0.5272928476 -0.7855770588 0.3237759173
outer loop
vertex -71.0477066 -64.92817688 41.68488693
vertex -75.5215683 -61.92534637 41.68463898
vertex -70.17623901 -68.9756546 33.28374481

endloop
endfacet
facet normal -0.5945632458 -0.7607921958 0.2601726651
outer loop
vertex -70.17623901 -68.9756546 33.28374481
vertex -75.5215683 -61.92534637 41.68463898
vertex -74.44900513 -65.63645935 33.28376007

endloop
endfacet
facet normal -0.607583642 -0.7774509192 0.1625184119
outer loop
vertex -70.17623901 -68.97564697 33.28376389
vertex -74.4489975 -65.63645172 33.28377914
vertex -68.95439148 -71.77762604 24.44767952

endloop
endfacet
facet normal -0.6282313466 -0.7651228905 0.1411108077
outer loop
vertex -68.95439148 -71.77762604 24.44767952
vertex -74.4489975 -65.63645172 33.28377914
vertex -73.01013947 -68.44750977 24.44767952

endloop
endfacet
facet normal -0.6338678598 -0.771987617 0.04739907756
outer loop
vertex -68.95439148 -71.77762604 24.44767952
vertex -73.01013947 -68.44750977 24.44767952
vertex -67.52350616 -73.52212524 15.17029762

endloop
endfacet
facet normal -0.6214874983 -0.7811437845 0.05972920731
outer loop
vertex -67.52350616 -73.52212524 15.17029762
vertex -73.01013947 -68.44750977 24.44767952
vertex -71.54694366 -70.32102966 15.17029762

endloop
endfacet
facet normal -0.6222717166 -0.7821294665 -0.03242458403
outer loop
vertex -67.52351379 -73.52212524 15.17031479
vertex -71.54695129 -70.32102966 15.17031479
vertex -65.82083893 -74.47761536 5.541532993

endloop
endfacet
facet normal -0.5870838761 -0.8095260262 0.0003277351789
outer loop
vertex -65.82083893 -74.47761536 5.541532993
vertex -71.54695129 -70.32102966 15.17031479
vertex -69.92414856 -71.5018158 5.541532993

endloop
endfacet
facet normal -0.5849002004 -0.8065149188 -0.08617120981
outer loop
vertex -65.82083893 -74.47761536 5.541532993
vertex -69.92414856 -71.5018158 5.541532993
vertex -64.42843628 -74.45257568 -4.143967152

endloop
endfacet
facet normal -0.542047143 -0.8387352228 -0.05203950778
outer loop
vertex -64.42843628 -74.45257568 -4.143967152
vertex -69.92414856 -71.5018158 5.541532993
vertex -68.60739136 -71.75185394 -4.143967152

endloop
endfacet
facet normal -0.5379021764 -0.8323192 -0.1338131577
outer loop
vertex -64.42843628 -74.45257568 -4.143949986
vertex -68.60739136 -71.75184631 -4.143949986
vertex -63.15813446 -73.75969696 -13.56002235

endloop
endfacet
facet normal -0.4872949719 -0.8678386807 -0.0969517827
outer loop
vertex -63.15813446 -73.75969696 -13.56002235
vertex -68.60739136 -71.75184631 -4.143949986
vertex -67.56173706 -71.28705597 -13.56002331

endloop
endfacet
facet normal -0.4811241329 -0.8568488359 -0.1852823198
outer loop
vertex -63.15813446 -73.75969696 -13.56002235
vertex -67.56173706 -71.28705597 -13.56002331
vertex -62.32454681 -72.30830383 -22.43665695

endloop
endfacet
facet normal -0.4390901625 -0.8845669031 -0.1572934985
outer loop
vertex -62.32454681 -72.30830383 -22.43665695
vertex -67.56173706 -71.28705597 -13.56002331
vertex -66.82717896 -70.07324219 -22.43665695

endloop
endfacet
facet normal -0.4338260293 -0.8739621639 -0.2190550119
outer loop
vertex -62.32454681 -72.3082962 -22.43664169
vertex -66.8271637 -70.07324219 -22.4366436
vertex -61.86824799 -70.34479523 -31.1740818

endloop
endfacet
facet normal -0.3974036872 -0.8960952759 -0.1976957023
outer loop
vertex -61.86824799 -70.34479523 -31.1740818
vertex -66.8271637 -70.07324219 -22.4366436
vertex -66.25282288 -68.4003067 -31.17408562

endloop
endfacet
facet normal -0.3920523822 -0.8840289116 -0.2545345426
outer loop
vertex -61.86824799 -70.34479523 -31.1740818
vertex -66.25282288 -68.4003067 -31.17408562
vertex -61.51067352 -67.85902405 -40.35822296

endloop
endfacet
facet normal -0.3704878986 -0.8961841464 -0.2441163361
outer loop
vertex -61.51067352 -67.85902405 -40.35822296
vertex -66.25282288 -68.4003067 -31.17408562
vertex -65.52371979 -66.20000458 -40.35823059

endloop
endfacet
facet normal -0.3646665812 -0.8821047544 -0.2981770337
outer loop
vertex -61.51067352 -67.85902405 -40.35820389
vertex -65.52372742 -66.20000458 -40.35821152
vertex -60.49855804 -65.11820221 -49.70425034

endloop
endfacet
facet normal -0.3268481195 -0.902580142 -0.280212909
outer loop
vertex -60.49855804 -65.11820221 -49.70425034
vertex -65.52372742 -66.20000458 -40.35821152
vertex -63.86632538 -63.89864349 -49.70425415

endloop
endfacet
facet normal -0.3079739213 -0.8504601717 -0.4264616072
outer loop
vertex -60.49855804 -65.11820221 -49.70425034
vertex -63.86632538 -63.89864349 -49.70425415
vertex -58.75196075 -61.25658417 -58.66650772

endloop
endfacet
facet normal -0.2445765883 -0.8832958937 -0.3999634385
outer loop
vertex -58.75196075 -61.25658417 -58.66650772
vertex -63.86632538 -63.89864349 -49.70425415
vertex -61.53636932 -60.48560333 -58.66651535

endloop
endfacet
facet normal -0.2086402774 -0.7535295486 -0.6234279275
outer loop
vertex -58.75197601 -61.25658417 -58.66649246
vertex -61.53639984 -60.48561859 -58.66649628
vertex -56.87531281 -55.42185211 -66.3469162

endloop
endfacet
facet normal -0.2061992884 -0.7547565103 -0.6227555275
outer loop
vertex -56.87531281 -55.42185211 -66.3469162
vertex -61.53639984 -60.48561859 -58.66649628
vertex -59.17972565 -54.79227448 -66.34693146

endloop
endfacet
facet normal -0.170438379 -0.6238659024 -0.7627202868
outer loop
vertex -56.87531281 -55.42185211 -66.3469162
vertex -59.17972565 -54.79227448 -66.34693146
vertex -54.30731964 -49.33563995 -71.89897156

endloop
endfacet
facet normal -0.204020068 -0.6027323604 -0.7714204788
outer loop
vertex -54.30731964 -49.33563995 -71.89897156
vertex -59.17972565 -54.79227448 -66.34693146
vertex -55.7125473 -48.85996246 -71.89898682

endloop
endfacet
facet normal -0.1415328979 -0.4181530774 -0.8972828388
outer loop
vertex -54.30731964 -49.33560944 -71.89897919
vertex -55.7125473 -48.8599472 -71.89899445
vertex -49.27443695 -42.96596527 -75.66123199

endloop
endfacet
facet normal -0.1284674108 0.6239845157 0.7708044648
outer loop
vertex -49.27443695 -42.96596527 -75.66123199
vertex -55.7125473 -48.8599472 -71.89899445
vertex -49.27440643 -42.96595001 -75.66123962

endloop
endfacet
facet normal 0.8861146569 -0.3277199864 0.3277199864
outer loop
vertex -39.9265976 -50.56755829 154.001358
vertex -39.9265976 -50.56754303 154.0013733
vertex -43.32001495 -60.67823029 153.0660706

endloop
endfacet
facet normal 0.2914813459 -0.1846539974 0.9385848641
outer loop
vertex -43.32001495 -60.67823029 153.0660706
vertex -39.9265976 -50.56754303 154.0013733
vertex -43.30800629 -59.09412384 153.3739929

endloop
endfacet
facet normal -0.3421480656 -0.1767947972 0.9228641987
outer loop
vertex -43.32001495 -60.67823029 153.0660706
vertex -43.30800629 -59.09412384 153.3739929
vertex -51.42107391 -63.9132309 149.4429016

endloop
endfacet
facet normal -0.1466138363 -0.4652615488 0.8729467392
outer loop
vertex -51.42107391 -63.9132309 149.4429016
vertex -43.30800629 -59.09412384 153.3739929
vertex -53.5031662 -62.41086578 149.8939362

endloop
endfacet
facet normal -0.5630560517 -0.6143934727 -0.5527102351
outer loop
vertex -51.42107391 -63.9132309 149.4429016
vertex -53.5031662 -62.41086578 149.8939362
vertex -57.78617096 -53.96735382 144.8712921

endloop
endfacet
facet normal -0.7516384721 -0.5742642879 -0.3244380951
outer loop
vertex -57.78617096 -53.96735382 144.8712921
vertex -53.5031662 -62.41086578 149.8939362
vertex -59.95519257 -51.31719208 145.2054901

endloop
endfacet
facet normal -0.7533614635 -0.5767458677 -0.3159283698
outer loop
vertex -57.78617096 -53.96735382 144.8712769
vertex -59.95519257 -51.31719208 145.2054901
vertex -63.04291534 -43.96352386 139.1439056

endloop
endfacet
facet normal -0.8751435876 -0.4681814909 -0.1221876442
outer loop
vertex -63.04291534 -43.96352386 139.1439056
vertex -59.95519257 -51.31719208 145.2054901
vertex -64.93386841 -40.46295929 139.2744904

endloop
endfacet
facet normal -0.8390336037 -0.4638420343 0.2843821943
outer loop
vertex -63.04291534 -43.96352386 139.1439056
vertex -64.93386841 -40.46295929 139.2744904
vertex -67.57095337 -40.87224579 130.8265381

endloop
endfacet
facet normal -0.8424016237 -0.4572413564 0.2851137221
outer loop
vertex -67.57095337 -40.87224579 130.8265381
vertex -64.93386841 -40.46295929 139.2744904
vertex -69.52005005 -37.1745224 130.9978027

endloop
endfacet
facet normal -0.8578717113 -0.4625570178 0.2238240987
outer loop
vertex -67.57095337 -40.87224579 130.8265381
vertex -69.52005005 -37.1745224 130.9978027
vertex -70.84416962 -39.62799835 120.8523483

endloop
endfacet
facet normal -0.8356609941 -0.4989007413 0.2297143042
outer loop
vertex -70.84416962 -39.62799835 120.8523483
vertex -69.52005005 -37.1745224 130.9978027
vertex -72.74945068 -36.25902557 121.2381058

endloop
endfacet
facet normal -0.8478611708 -0.499773711 0.1770808697
outer loop
vertex -70.84416962 -39.62799835 120.8523483
vertex -72.74945068 -36.25902557 121.2381058
vertex -74.37277222 -37.16303253 110.9142914

endloop
endfacet
facet normal -0.7581461668 -0.6283760071 0.1742351353
outer loop
vertex -74.37277222 -37.16303253 110.9142914
vertex -72.74945068 -36.25902557 121.2381058
vertex -76.54590607 -34.45468903 111.2259674

endloop
endfacet
facet normal -0.7140367627 -0.6120503545 0.3399204314
outer loop
vertex -74.37277222 -37.16303253 110.9142914
vertex -76.54590607 -34.45468903 111.2259674
vertex -79.16552734 -36.74808502 101.5937729

endloop
endfacet
facet normal -0.806001246 -0.487760365 0.3353385031
outer loop
vertex -79.16552734 -36.74808502 101.5937729
vertex -76.54590607 -34.45468903 111.2259674
vertex -81.1969223 -33.36962128 101.6253052

endloop
endfacet
facet normal -0.7253284454 -0.4410569668 0.5285521746
outer loop
vertex -79.16552734 -36.74808502 101.5937729
vertex -81.1969223 -33.36962128 101.6253052
vertex -83.82723999 -39.69538116 92.73712921

endloop
endfacet
facet normal -0.8813654184 -0.2205516845 0.4177941978
outer loop
vertex -83.82723999 -39.69538116 92.73712921
vertex -81.1969223 -33.36962128 101.6253052
vertex -85.03173065 -34.93675995 92.70822906

endloop
endfacet
facet normal -0.9444850683 -0.2376881987 0.2268308848
outer loop
vertex -83.82723999 -39.69538116 92.73712921
vertex -85.03173065 -34.93675995 92.70822906
vertex -86.01468658 -39.14226532 84.20856476

endloop
endfacet
facet normal -0.9508388042 -0.2194297165 0.2185316384
outer loop
vertex -86.01468658 -39.14226532 84.20856476
vertex -85.03173065 -34.93675995 92.70822906
vertex -87.07078552 -34.58827972 84.18614197

endloop
endfacet
facet normal -0.9734695554 -0.2259322405 -0.03621521965
outer loop
vertex -86.01468658 -39.14226532 84.20856476
vertex -87.07078552 -34.58827972 84.18614197
vertex -86.62413025 -35.21749115 76.10539246

endloop
endfacet
facet normal -0.864541769 -0.5024862289 -0.008660342544
outer loop
vertex -86.62413025 -35.21749115 76.10539246
vertex -87.07078552 -34.58827972 84.18614197
vertex -88.460289 -32.05823517 76.1000061

endloop
endfacet
facet normal -0.8638749123 -0.5020135045 0.04126372188
outer loop
vertex -86.62413025 -35.21749115 76.10539246
vertex -88.460289 -32.05823517 76.1000061
vertex -87.66287231 -34.00363922 69.12654877

endloop
endfacet
facet normal -0.4696294665 -0.8628312349 0.1870041043
outer loop
vertex -87.66287231 -34.00363922 69.12654877
vertex -88.460289 -32.05823517 76.1000061
vertex -90.52246857 -32.44716644 69.12667084

endloop
endfacet
facet normal -0.4350596666 -0.7993365526 0.4144685566
outer loop
vertex -87.66287231 -34.00363922 69.12654877
vertex -90.52246857 -32.44716644 69.12667084
vertex -84.53658295 -38.85427094 63.05331421

endloop
endfacet
facet normal -0.3167960942 -0.7914583683 0.5227177739
outer loop
vertex -84.53658295 -38.85427094 63.05331421
vertex -90.52246857 -32.44716644 69.12667084
vertex -87.70714569 -37.58506012 63.05351639

endloop
endfacet
facet normal -0.2621977329 -0.6550981402 0.7085892558
outer loop
vertex -84.53658295 -38.85427094 63.05331421
vertex -87.70714569 -37.58506012 63.05351639
vertex -79.90345001 -47.71224213 56.57841492

endloop
endfacet
facet normal -0.3945263028 -0.6911613345 0.6055122018
outer loop
vertex -79.90345001 -47.71224213 56.57841492
vertex -87.70714569 -37.58506012 63.05351639
vertex -83.38175201 -45.72664642 56.57855606

endloop
endfacet
facet normal -0.3821201026 -0.6694308519 0.6370608211
outer loop
vertex -79.90345001 -47.71224213 56.57841492
vertex -83.38175201 -45.72664642 56.57855606
vertex -76.95909882 -56.1941452 49.43160629

endloop
endfacet
facet normal -0.4956430495 -0.6762385368 0.5450132489
outer loop
vertex -76.95909882 -56.1941452 49.43160629
vertex -83.38175201 -45.72664642 56.57855606
vertex -80.8368988 -53.35190582 49.43165588

endloop
endfacet
facet normal -0.5314848423 -0.7251372933 0.4378352761
outer loop
vertex -76.95909882 -56.1941452 49.43160629
vertex -80.8368988 -53.35190582 49.43165588
vertex -75.52157593 -61.92536163 41.68463516

endloop
endfacet
facet normal -0.6180214882 -0.7023376822 0.3532295525
outer loop
vertex -75.52157593 -61.92536163 41.68463516
vertex -80.8368988 -53.35190582 49.43165588
vertex -79.4263382 -58.48935699 41.68465805

endloop
endfacet
facet normal -0.6412886977 -0.7287781835 0.240064919
outer loop
vertex -75.52157593 -61.92536163 41.68463516
vertex -79.4263382 -58.48935699 41.68465805
vertex -74.44900513 -65.63648224 33.28375626

endloop
endfacet
facet normal -0.6976348162 -0.6941820383 0.1772482395
outer loop
vertex -74.44900513 -65.63648224 33.28375626
vertex -79.4263382 -58.48935699 41.68465805
vertex -78.20241547 -61.86440277 33.28375626

endloop
endfacet
facet normal -0.7046875358 -0.7011998296 0.108324185
outer loop
vertex -74.4489975 -65.63648224 33.28377533
vertex -78.2024231 -61.86438751 33.28377533
vertex -73.01013947 -68.44753265 24.44767952

endloop
endfacet
facet normal -0.7281388044 -0.6808199883 0.07936009765
outer loop
vertex -73.01013947 -68.44753265 24.44767952
vertex -78.2024231 -61.86438751 33.28377533
vertex -76.62424469 -64.58223724 24.44767952

endloop
endfacet
facet normal -0.7302541733 -0.6827978492 0.02271384932
outer loop
vertex -73.01013947 -68.44753265 24.44767952
vertex -76.62424469 -64.58223724 24.44767952
vertex -71.54694366 -70.32104492 15.17029762

endloop
endfacet
facet normal -0.7256746292 -0.68746382 0.02810642868
outer loop
vertex -71.54694366 -70.32104492 15.17029762
vertex -76.62424469 -64.58223724 24.44767952
vertex -74.99060059 -66.68598175 15.17029762

endloop
endfacet
facet normal -0.7254374027 -0.6872391105 -0.03798603639
outer loop
vertex -71.54695129 -70.32104492 15.17031479
vertex -74.99060822 -66.68598175 15.17031479
vertex -69.92414856 -71.50183105 5.541532993

endloop
endfacet
facet normal -0.6995242238 -0.7145286798 -0.01070219278
outer loop
vertex -69.92414856 -71.50183105 5.541532993
vertex -74.99060822 -66.68598175 15.17031479
vertex -73.48106384 -68.01960754 5.541532993

endloop
endfacet
facet normal -0.6975177526 -0.7124791145 -0.07643589377
outer loop
vertex -69.92414856 -71.50183105 5.541532993
vertex -73.48106384 -68.01960754 5.541532993
vertex -68.60739136 -71.75186157 -4.143967152

endloop
endfacet
facet normal -0.6627631187 -0.7474472523 -0.04547287151
outer loop
vertex -68.60739136 -71.75186157 -4.143967152
vertex -73.48106384 -68.01960754 5.541532993
vertex -72.26472473 -68.50889587 -4.143967152

endloop
endfacet
facet normal -0.6594278216 -0.7436856627 -0.1099387854
outer loop
vertex -68.60739136 -71.75186157 -4.143949986
vertex -72.26472473 -68.50889587 -4.143949032
vertex -67.56173706 -71.28707123 -13.56002235

endloop
endfacet
facet normal -0.6215780973 -0.7791992426 -0.0805560872
outer loop
vertex -67.56173706 -71.28707123 -13.56002235
vertex -72.26472473 -68.50889587 -4.143949032
vertex -71.35765076 -68.25901794 -13.56002235

endloop
endfacet
facet normal -0.6159159541 -0.7721012235 -0.1565479487
outer loop
vertex -67.56173706 -71.28707123 -13.56002235
vertex -71.35765076 -68.25901794 -13.56002235
vertex -66.82717896 -70.07324982 -22.43665695

endloop
endfacet
facet normal -0.5834329128 -0.8010208011 -0.1340585947
outer loop
vertex -66.82717896 -70.07324982 -22.43665695
vertex -71.35765076 -68.25901794 -13.56002235
vertex -70.64782715 -67.29043579 -22.43665504

endloop
endfacet
facet normal -0.5780289769 -0.7936015129 -0.1899451166
outer loop
vertex -66.82717133 -70.07324982 -22.43664169
vertex -70.64781952 -67.29043579 -22.43664169
vertex -66.25282288 -68.40031433 -31.1740818

endloop
endfacet
facet normal -0.5517433882 -0.8156784773 -0.1739189327
outer loop
vertex -66.25282288 -68.40031433 -31.1740818
vertex -70.64781952 -67.29043579 -22.43664169
vertex -69.89571381 -65.93618011 -31.17408371

endloop
endfacet
facet normal -0.5444482565 -0.8048937321 -0.2360556573
outer loop
vertex -66.25282288 -68.40031433 -31.1740818
vertex -69.89571381 -65.93618011 -31.17408371
vertex -65.52371979 -66.20001221 -40.35822296

endloop
endfacet
facet normal -0.5395725369 -0.8088777065 -0.2336201817
outer loop
vertex -65.52371979 -66.20001221 -40.35822296
vertex -69.89571381 -65.93618011 -31.17408371
vertex -68.86199951 -63.97316742 -40.35822678

endloop
endfacet
facet normal -0.5310447812 -0.7960987091 -0.2902040482
outer loop
vertex -65.52372742 -66.20001221 -40.3582077
vertex -68.86200714 -63.97318268 -40.3582077
vertex -63.86632538 -63.89865875 -49.70425034

endloop
endfacet
facet normal -0.5207406282 -0.8048214912 -0.28476578
outer loop
vertex -63.86632538 -63.89865875 -49.70425034
vertex -68.86200714 -63.97318268 -40.3582077
vertex -66.7009964 -62.06455231 -49.70425034

endloop
endfacet
facet normal -0.4933414161 -0.7624751925 -0.418623656
outer loop
vertex -63.86632538 -63.89865875 -49.70425034
vertex -66.7009964 -62.06455231 -49.70425034
vertex -61.53638458 -60.48561859 -58.66651154

endloop
endfacet
facet normal -0.4671840072 -0.7846747637 -0.4074611664
outer loop
vertex -61.53638458 -60.48561859 -58.66651154
vertex -66.7009964 -62.06455231 -49.70425034
vertex -63.84178925 -59.11301422 -58.66651154

endloop
endfacet
facet normal -0.4006597698 -0.6729493141 -0.6217805147
outer loop
vertex -61.53639984 -60.48561859 -58.66649628
vertex -63.8418045 -59.11302948 -58.66649628
vertex -59.17974091 -54.79228973 -66.34692383

endloop
endfacet
facet normal -0.4212263823 -0.6569649577 -0.6252723336
outer loop
vertex -59.17974091 -54.79228973 -66.34692383
vertex -63.8418045 -59.11302948 -58.66649628
vertex -61.03258514 -53.60430145 -66.34692383

endloop
endfacet
facet normal -0.3394031227 -0.5293496251 -0.777556777
outer loop
vertex -59.17974091 -54.79228973 -66.34692383
vertex -61.03258514 -53.60430145 -66.34692383
vertex -55.71256256 -48.85997772 -71.89897919

endloop
endfacet
facet normal -0.3811753988 -0.4900062978 -0.7839637995
outer loop
vertex -55.71256256 -48.85997772 -71.89897919
vertex -61.03258514 -53.60430145 -66.34692383
vertex -56.78932953 -48.02236176 -71.89897919

endloop
endfacet
facet normal -0.2459640205 -0.3161901534 -0.9162563086
outer loop
vertex -55.71256256 -48.85997772 -71.89898682
vertex -56.78932953 -48.02236176 -71.89898682
vertex -49.27443695 -42.96595001 -75.66123199

endloop
endfacet
facet normal 0 0.6000000238 0.8000000119
outer loop
vertex -49.27443695 -42.96595001 -75.66123199
vertex -56.78932953 -48.02236176 -71.89898682
vertex -49.27442169 -42.96595001 -75.66123199

endloop
endfacet
facet normal 0.1824247986 0 -0.9832198024
outer loop
vertex -39.9265976 -50.56754303 154.0013733
vertex -39.9265976 -50.56755829 154.0013733
vertex -43.30800629 -59.09412384 153.3739929

endloop
endfacet
facet normal -0.5572265983 0.1610438079 0.8145940304
outer loop
vertex -43.30800629 -59.09412384 153.3739929
vertex -39.9265976 -50.56755829 154.0013733
vertex -43.39055634 -57.73955536 153.0497284

endloop
endfacet
facet normal -0.3729447424 0.1944544613 0.9072483778
outer loop
vertex -43.30800629 -59.09412384 153.3739929
vertex -43.39055634 -57.73955536 153.0497284
vertex -53.5031662 -62.41086578 149.8939362

endloop
endfacet
facet normal -0.2251966149 -0.161587283 0.9608204961
outer loop
vertex -53.5031662 -62.41086578 149.8939362
vertex -43.39055634 -57.73955536 153.0497284
vertex -54.91780853 -60.06099701 149.9575653

endloop
endfacet
facet normal -0.8565496206 -0.5145978332 -0.03888262063
outer loop
vertex -53.5031662 -62.41086578 149.8939362
vertex -54.91780853 -60.06099701 149.9575653
vertex -59.95519257 -51.31719208 145.2054901

endloop
endfacet
facet normal -0.8784098029 -0.3070084453 0.3662538826
outer loop
vertex -59.95519257 -51.31719208 145.2054901
vertex -54.91780853 -60.06099701 149.9575653
vertex -61.19525909 -47.72206879 145.2449341

endloop
endfacet
facet normal -0.9276068211 -0.3220373988 0.1893078834
outer loop
vertex -59.95519257 -51.31719208 145.2054901
vertex -61.19525909 -47.72206879 145.2449493
vertex -64.93386841 -40.46295929 139.2744904

endloop
endfacet
facet normal -0.924644649 -0.2213008553 0.3099322915
outer loop
vertex -64.93386841 -40.46295929 139.2744904
vertex -61.19525909 -47.72206879 145.2449493
vertex -65.97644806 -36.39861298 139.0661469

endloop
endfacet
facet normal -0.8883051872 -0.206847772 0.4100339711
outer loop
vertex -64.93386841 -40.46295929 139.2744904
vertex -65.97644806 -36.39861298 139.0661469
vertex -69.52005005 -37.1745224 130.9978027

endloop
endfacet
facet normal -0.8660534024 -0.2887482941 0.4081371427
outer loop
vertex -69.52005005 -37.1745224 130.9978027
vertex -65.97644806 -36.39861298 139.0661469
vertex -70.70483398 -33.32172394 131.2095032

endloop
endfacet
facet normal -0.9146677852 -0.2963742912 0.2748547196
outer loop
vertex -69.52005005 -37.1745224 130.9978027
vertex -70.70483398 -33.32172394 131.2095032
vertex -72.74945068 -36.25902557 121.2381058

endloop
endfacet
facet normal -0.8694657683 -0.3962358832 0.2950026691
outer loop
vertex -72.74945068 -36.25902557 121.2381058
vertex -70.70483398 -33.32172394 131.2095032
vertex -74.06795502 -32.89321136 121.8728867

endloop
endfacet
facet normal -0.8805220723 -0.3944914043 0.2627877295
outer loop
vertex -72.74945068 -36.25902557 121.2381058
vertex -74.06795502 -32.89321136 121.8728867
vertex -76.54590607 -34.45468903 111.2259674

endloop
endfacet
facet normal -0.831867516 -0.4875566661 0.2651129365
outer loop
vertex -76.54590607 -34.45468903 111.2259674
vertex -74.06795502 -32.89321136 121.8728867
vertex -78.17972565 -31.45836639 111.609787

endloop
endfacet
facet normal -0.8078953624 -0.4836578369 0.3367197812
outer loop
vertex -76.54590607 -34.45468903 111.2259674
vertex -78.17972565 -31.45836639 111.609787
vertex -81.1969223 -33.36962128 101.6253052

endloop
endfacet
facet normal -0.8748360872 -0.3528442383 0.3319078386
outer loop
vertex -81.1969223 -33.36962128 101.6253052
vertex -78.17972565 -31.45836639 111.609787
vertex -82.54659271 -29.97780609 101.6736374

endloop
endfacet
facet normal -0.8405684233 -0.3404825926 0.4213266969
outer loop
vertex -81.1969223 -33.36962128 101.6253052
vertex -82.54659271 -29.97780609 101.6736374
vertex -85.03173065 -34.93675995 92.70822906

endloop
endfacet
facet normal -0.9281154275 -0.1505060494 0.340514034
outer loop
vertex -85.03173065 -34.93675995 92.70822906
vertex -82.54659271 -29.97780609 101.6736374
vertex -85.68260193 -30.9265976 92.70667267

endloop
endfacet
facet normal -0.9620579481 -0.1560603976 0.2238072455
outer loop
vertex -85.03173065 -34.93675995 92.70822906
vertex -85.68260193 -30.9265976 92.70667267
vertex -87.07078552 -34.58827972 84.18614197

endloop
endfacet
facet normal -0.9323115349 -0.2514387667 0.2599495947
outer loop
vertex -87.07078552 -34.58827972 84.18614197
vertex -85.68260193 -30.9265976 92.70667267
vertex -88.08135223 -30.84217072 84.18519592

endloop
endfacet
facet normal -0.9620693922 -0.2595108151 0.08412237465
outer loop
vertex -87.07078552 -34.58827972 84.18614197
vertex -88.08135223 -30.84217072 84.18519592
vertex -88.460289 -32.05823517 76.1000061

endloop
endfacet
facet normal -0.7480383515 -0.6502213478 0.1328565478
outer loop
vertex -88.460289 -32.05823517 76.1000061
vertex -88.08135223 -30.84217072 84.18519592
vertex -90.73781586 -29.43810272 76.09992218

endloop
endfacet
facet normal -0.7304842472 -0.6349589825 0.2514356673
outer loop
vertex -88.460289 -32.05823517 76.1000061
vertex -90.73781586 -29.43810272 76.09992218
vertex -90.52246857 -32.44716644 69.12667084

endloop
endfacet
facet normal -0.430873841 -0.8333264589 0.3462868631
outer loop
vertex -90.52246857 -32.44716644 69.12667084
vertex -90.73781586 -29.43810272 76.09992218
vertex -93.66655731 -30.82144928 69.12680817

endloop
endfacet
facet normal -0.4043666124 -0.7820730805 0.4741828442
outer loop
vertex -90.52246857 -32.44716644 69.12667084
vertex -93.66655731 -30.82144928 69.12680817
vertex -87.70714569 -37.58506012 63.05351639

endloop
endfacet
facet normal -0.3793958724 -0.7804759145 0.4969066083
outer loop
vertex -87.70714569 -37.58506012 63.05351639
vertex -93.66655731 -30.82144928 69.12680817
vertex -90.91660309 -36.02498627 63.05340576

endloop
endfacet
facet normal -0.3349624276 -0.6890549064 0.6426534653
outer loop
vertex -87.70714569 -37.58506012 63.05351639
vertex -90.91660309 -36.02498627 63.05340576
vertex -83.38175201 -45.72664642 56.57855606

endloop
endfacet
facet normal -0.5267872214 -0.715438962 0.4589578509
outer loop
vertex -83.38175201 -45.72664642 56.57855606
vertex -90.91660309 -36.02498627 63.05340576
vertex -86.63394928 -43.33219147 56.57827377

endloop
endfacet
facet normal -0.4975880384 -0.6757699847 0.5438207984
outer loop
vertex -83.38175201 -45.72664642 56.57855606
vertex -86.63394928 -43.33219147 56.57827377
vertex -80.8368988 -53.35190582 49.43165588

endloop
endfacet
facet normal -0.6483798027 -0.6535923481 0.3904109001
outer loop
vertex -80.8368988 -53.35190582 49.43165588
vertex -86.63394928 -43.33219147 56.57827377
vertex -84.15279388 -50.06255341 49.43149185

endloop
endfacet
facet normal -0.6662596464 -0.6716196537 0.3240756989
outer loop
vertex -80.8368988 -53.35190582 49.43165588
vertex -84.15279388 -50.06255341 49.43149185
vertex -79.4263382 -58.48935699 41.68465805

endloop
endfacet
facet normal -0.744440794 -0.6274386644 0.2283171862
outer loop
vertex -79.4263382 -58.48935699 41.68465805
vertex -84.15279388 -50.06255341 49.43149185
vertex -82.62187958 -54.69792938 41.68464279

endloop
endfacet
facet normal -0.7564513683 -0.6375617981 0.1459322274
outer loop
vertex -79.4263382 -58.48935699 41.68465805
vertex -82.62187958 -54.69792938 41.68464279
vertex -78.20241547 -61.86440277 33.28375626

endloop
endfacet
facet normal -0.7931346893 -0.6014589071 0.09583622962
outer loop
vertex -78.20241547 -61.86440277 33.28375626
vertex -82.62187958 -54.69792938 41.68464279
vertex -81.30583954 -57.77196503 33.28375626

endloop
endfacet
facet normal -0.7960476279 -0.6036686897 0.04350063205
outer loop
vertex -78.2024231 -61.86438751 33.28377533
vertex -81.30583954 -57.77196503 33.28377533
vertex -76.62424469 -64.58223724 24.44767952

endloop
endfacet
facet normal -0.810428977 -0.5854302645 0.02182405256
outer loop
vertex -76.62424469 -64.58223724 24.44767952
vertex -81.30583954 -57.77196503 33.28377533
vertex -79.64824677 -60.39601898 24.44767952

endloop
endfacet
facet normal -0.8105818629 -0.5855407119 -0.009956910275
outer loop
vertex -76.62424469 -64.58223724 24.44767952
vertex -79.64824677 -60.39601898 24.44767952
vertex -74.99060059 -66.68598175 15.17029762

endloop
endfacet
facet normal -0.8127722144 -0.5824329257 -0.01316364575
outer loop
vertex -74.99060059 -66.68598175 15.17029762
vertex -79.64824677 -60.39601898 24.44767952
vertex -77.85839081 -62.68404388 15.17029762

endloop
endfacet
facet normal -0.8119562268 -0.5818466544 -0.04670562968
outer loop
vertex -74.99060822 -66.68598175 15.17031479
vertex -77.85839081 -62.68404388 15.17031384
vertex -73.48106384 -68.01960754 5.541532993

endloop
endfacet
facet normal -0.800285995 -0.5987626314 -0.03202665597
outer loop
vertex -73.48106384 -68.01960754 5.541532993
vertex -77.85839081 -62.68404388 15.17031384
vertex -76.39219666 -64.128685 5.541532993

endloop
endfacet
facet normal -0.7987259626 -0.5975953937 -0.07011772692
outer loop
vertex -73.48106384 -68.01960754 5.541532993
vertex -76.39219666 -64.128685 5.541532993
vertex -72.26472473 -68.50889587 -4.143967152

endloop
endfacet
facet normal -0.7764083147 -0.6285027862 -0.04662938789
outer loop
vertex -72.26472473 -68.50889587 -4.143967152
vertex -76.39219666 -64.128685 5.541532993
vertex -75.30400085 -64.7543869 -4.143967152

endloop
endfacet
facet normal -0.774015367 -0.6265656948 -0.09119024873
outer loop
vertex -72.26472473 -68.50889587 -4.143949032
vertex -75.30400085 -64.7543869 -4.143949032
vertex -71.35765076 -68.25901794 -13.56002235

endloop
endfacet
facet normal -0.7495718598 -0.658302784 -0.06913331896
outer loop
vertex -71.35765076 -68.25901794 -13.56002235
vertex -75.30400085 -64.7543869 -4.143949032
vertex -74.52529144 -64.65220642 -13.56002235

endloop
endfacet
facet normal -0.7448995709 -0.6541994214 -0.1309497803
outer loop
vertex -71.35765076 -68.25901794 -13.56002235
vertex -74.52529144 -64.65220642 -13.56002235
vertex -70.64782715 -67.29043579 -22.43665504

endloop
endfacet
facet normal -0.7267995477 -0.6769341826 -0.1162864268
outer loop
vertex -70.64782715 -67.29043579 -22.43665504
vertex -74.52529144 -64.65220642 -13.56002235
vertex -73.79502869 -63.91139984 -22.43665504

endloop
endfacet
facet normal -0.7215769291 -0.6720698476 -0.1662793905
outer loop
vertex -70.64781952 -67.29043579 -22.43664169
vertex -73.79502106 -63.91139984 -22.43664169
vertex -69.89571381 -65.93618011 -31.17408371

endloop
endfacet
facet normal -0.7096088529 -0.6867592335 -0.1575342566
outer loop
vertex -69.89571381 -65.93618011 -31.17408371
vertex -73.79502106 -63.91139984 -22.43664169
vertex -72.9202652 -62.81099701 -31.1740818

endloop
endfacet
facet normal -0.7003701925 -0.6778179407 -0.2237059921
outer loop
vertex -69.89571381 -65.93618011 -31.17408371
vertex -72.9202652 -62.81099701 -31.1740818
vertex -68.86199951 -63.97316742 -40.35822678

endloop
endfacet
facet normal -0.6961100698 -0.6830202937 -0.2211652398
outer loop
vertex -68.86199951 -63.97316742 -40.35822678
vertex -72.9202652 -62.81099701 -31.1740818
vertex -71.6415863 -61.14031219 -40.35822296

endloop
endfacet
facet normal -0.6821509004 -0.6693202853 -0.2944155633
outer loop
vertex -68.86200714 -63.97318268 -40.3582077
vertex -71.64159393 -61.14031219 -40.3582077
vertex -66.7009964 -62.06455231 -49.70425034

endloop
endfacet
facet normal -0.6815917492 -0.6700511575 -0.2940476835
outer loop
vertex -66.7009964 -62.06455231 -49.70425034
vertex -71.64159393 -61.14031219 -40.3582077
vertex -69.14086151 -59.58266449 -49.70425034

endloop
endfacet
facet normal -0.6482594609 -0.6372833252 -0.4166888297
outer loop
vertex -66.7009964 -62.06455231 -49.70425034
vertex -69.14086151 -59.58266449 -49.70425034
vertex -63.84178925 -59.11301422 -58.66651154

endloop
endfacet
facet normal -0.6574836373 -0.6245585084 -0.4214758873
outer loop
vertex -63.84178925 -59.11301422 -58.66651154
vertex -69.14086151 -59.58266449 -49.70425034
vertex -65.87577057 -56.97180939 -58.66650772

endloop
endfacet
facet normal -0.5774723291 -0.5485515594 -0.6046626568
outer loop
vertex -63.8418045 -59.11302948 -58.66649628
vertex -65.8757782 -56.97182465 -58.66649246
vertex -61.03258514 -53.60430145 -66.34692383

endloop
endfacet
facet normal -0.6142788529 -0.5030713677 -0.6079313755
outer loop
vertex -61.03258514 -53.60430145 -66.34692383
vertex -65.8757782 -56.97182465 -58.66649246
vertex -62.48593903 -51.82967377 -66.34692383

endloop
endfacet
facet normal -0.4884564579 -0.4000276327 -0.7754921913
outer loop
vertex -61.03258514 -53.60430145 -66.34692383
vertex -62.48593903 -51.82967377 -66.34692383
vertex -56.78932953 -48.02236176 -71.89897919

endloop
endfacet
facet normal -0.5318710804 -0.3370580077 -0.7768558264
outer loop
vertex -56.78932953 -48.02236176 -71.89897919
vertex -62.48593903 -51.82967377 -66.34692383
vertex -57.53751373 -46.84175873 -71.89897156

endloop
endfacet
facet normal -0.324115485 -0.2053932846 -0.9234515429
outer loop
vertex -56.78932953 -48.02236176 -71.89898682
vertex -57.53751373 -46.84174347 -71.89897919
vertex -49.27442169 -42.96595001 -75.66123199

endloop
endfacet
facet normal 0 -0.6839411259 -0.729537189
outer loop
vertex -49.27442169 -42.96595001 -75.66123199
vertex -57.53751373 -46.84174347 -71.89897919
vertex -49.27443695 -42.96595001 -75.66123199

endloop
endfacet
facet normal -0.9004721642 0.434913516 0
outer loop
vertex -39.9265976 -50.56755829 154.0013733
vertex -39.9265976 -50.56755829 154.001358
vertex -43.39055634 -57.73955536 153.0497284

endloop
endfacet
facet normal -0.4443276227 0.09642420709 0.8906599879
outer loop
vertex -43.39055634 -57.73955536 153.0497284
vertex -39.9265976 -50.56755829 154.001358
vertex -44.03539276 -55.95526886 152.5348663

endloop
endfacet
facet normal -0.2868894637 0.1684362441 0.9430395961
outer loop
vertex -43.39055634 -57.73955536 153.0497284
vertex -44.03539276 -55.95526886 152.5348663
vertex -54.91780853 -60.06099701 149.9575653

endloop
endfacet
facet normal -0.2199370414 -0.02913609333 0.9750788808
outer loop
vertex -54.91780853 -60.06099701 149.9575653
vertex -44.03539276 -55.95526886 152.5348663
vertex -55.52014923 -57.02877045 149.9123077

endloop
endfacet
facet normal -0.7562391758 -0.1406868696 0.6389909983
outer loop
vertex -54.91780853 -60.06099701 149.9575653
vertex -55.52014923 -57.02877045 149.9123077
vertex -61.19525909 -47.72206879 145.2449341

endloop
endfacet
facet normal -0.6448973417 -0.009996911511 0.7642039061
outer loop
vertex -61.19525909 -47.72206879 145.2449341
vertex -55.52014923 -57.02877045 149.9123077
vertex -61.67363739 -43.71472931 144.8936615

endloop
endfacet
facet normal -0.8330312371 -0.05115491152 0.5508558154
outer loop
vertex -61.19525909 -47.72206879 145.2449493
vertex -61.67363739 -43.71472931 144.8936615
vertex -65.97644806 -36.39861298 139.0661469

endloop
endfacet
facet normal -0.8078502417 -0.005675203633 0.5893604755
outer loop
vertex -65.97644806 -36.39861298 139.0661469
vertex -61.67363739 -43.71472931 144.8936615
vertex -66.40473175 -32.24777985 138.5190582

endloop
endfacet
facet normal -0.8603206873 -0.02164207026 0.5092935562
outer loop
vertex -65.97644806 -36.39861298 139.0661469
vertex -66.40473175 -32.24777985 138.5190582
vertex -70.70483398 -33.32172394 131.2095032

endloop
endfacet
facet normal -0.8528006077 -0.08847076446 0.514688313
outer loop
vertex -70.70483398 -33.32172394 131.2095032
vertex -66.40473175 -32.24777985 138.5190582
vertex -71.21708679 -29.22956085 131.0641479

endloop
endfacet
facet normal -0.9371097088 -0.1054883525 0.3327126205
outer loop
vertex -70.70483398 -33.32172394 131.2095032
vertex -71.21708679 -29.22956085 131.0641479
vertex -74.06795502 -32.89321136 121.8728867

endloop
endfacet
facet normal -0.9116588235 -0.1963174939 0.3610231578
outer loop
vertex -74.06795502 -32.89321136 121.8728867
vertex -71.21708679 -29.22956085 131.0641479
vertex -74.90387726 -28.89038849 121.9386673

endloop
endfacet
facet normal -0.9192014933 -0.197557807 0.3406457305
outer loop
vertex -74.06795502 -32.89321136 121.8728867
vertex -74.90387726 -28.89038849 121.9386673
vertex -78.17972565 -31.45836639 111.609787

endloop
endfacet
facet normal -0.8955662847 -0.2724366188 0.3517661691
outer loop
vertex -78.17972565 -31.45836639 111.609787
vertex -74.90387726 -28.89038849 121.9386673
vertex -79.28086853 -27.79009247 111.6473846

endloop
endfacet
facet normal -0.8951746821 -0.2723300755 0.3528437018
outer loop
vertex -78.17972565 -31.45836639 111.609787
vertex -79.28086853 -27.79009247 111.6473846
vertex -82.54659271 -29.97780609 101.6736374

endloop
endfacet
facet normal -0.9071977139 -0.2354023606 0.3486804068
outer loop
vertex -82.54659271 -29.97780609 101.6736374
vertex -79.28086853 -27.79009247 111.6473846
vertex -83.49176025 -26.32859039 101.6781693

endloop
endfacet
facet normal -0.9092432857 -0.2359250635 0.3429520428
outer loop
vertex -82.54659271 -29.97780609 101.6736374
vertex -83.49176025 -26.32859039 101.6781693
vertex -85.68260193 -30.9265976 92.70667267

endloop
endfacet
facet normal -0.927170217 -0.1891750693 0.3233698606
outer loop
vertex -85.68260193 -30.9265976 92.70667267
vertex -83.49176025 -26.32859039 101.6781693
vertex -86.47742462 -27.03107452 92.70667267

endloop
endfacet
facet normal -0.9450228214 -0.1928176433 0.2641085386
outer loop
vertex -85.68260193 -30.9265976 92.70667267
vertex -86.47742462 -27.03107452 92.70667267
vertex -88.08135223 -30.84217072 84.18519592

endloop
endfacet
facet normal -0.8824412227 -0.3446131051 0.3202174604
outer loop
vertex -88.08135223 -30.84217072 84.18519592
vertex -86.47742462 -27.03107452 92.70667267
vertex -89.49113464 -27.23210907 84.18527222

endloop
endfacet
facet normal -0.9051753283 -0.3534893394 0.236014545
outer loop
vertex -88.08135223 -30.84217072 84.18519592
vertex -89.49113464 -27.23210907 84.18527222
vertex -90.73781586 -29.43810272 76.09992218

endloop
endfacet
facet normal -0.744562149 -0.6059344411 0.2801262736
outer loop
vertex -90.73781586 -29.43810272 76.09992218
vertex -89.49113464 -27.23210907 84.18527222
vertex -93.1251297 -26.50455475 76.10004425

endloop
endfacet
facet normal -0.7070372105 -0.5754022002 0.4111090004
outer loop
vertex -90.73781586 -29.43810272 76.09992218
vertex -93.1251297 -26.50455475 76.10004425
vertex -93.66655731 -30.82144928 69.12680817

endloop
endfacet
facet normal -0.5557671785 -0.6868506074 0.4683577716
outer loop
vertex -93.66655731 -30.82144928 69.12680817
vertex -93.1251297 -26.50455475 76.10004425
vertex -96.99330139 -28.12943268 69.12705994

endloop
endfacet
facet normal -0.5877686739 -0.7263869643 0.3562161624
outer loop
vertex -93.66655731 -30.82144928 69.12680817
vertex -96.99330139 -28.12943268 69.12705994
vertex -90.91660309 -36.02498627 63.05340576

endloop
endfacet
facet normal -0.5516289473 -0.7320578098 0.3997460008
outer loop
vertex -90.91660309 -36.02498627 63.05340576
vertex -96.99330139 -28.12943268 69.12705994
vertex -94.164711 -33.5772934 63.05366135

endloop
endfacet
facet normal -0.5375673175 -0.7134030461 0.4495302737
outer loop
vertex -90.91660309 -36.02498627 63.05340576
vertex -94.164711 -33.5772934 63.05366135
vertex -86.63394928 -43.33219147 56.57827377

endloop
endfacet
facet normal -0.6557531953 -0.6977056265 0.2884348929
outer loop
vertex -86.63394928 -43.33219147 56.57827377
vertex -94.164711 -33.5772934 63.05366135
vertex -89.6567688 -40.49106598 56.57843399

endloop
endfacet
facet normal -0.624894619 -0.6648806334 0.4091948271
outer loop
vertex -86.63394928 -43.33219147 56.57827377
vertex -89.6567688 -40.49106598 56.57843399
vertex -84.15279388 -50.06255341 49.43149185

endloop
endfacet
facet normal -0.7429800034 -0.618411839 0.2560224533
outer loop
vertex -84.15279388 -50.06255341 49.43149185
vertex -89.6567688 -40.49106598 56.57843399
vertex -87.13948059 -46.47418976 49.43164062

endloop
endfacet
facet normal -0.7488930821 -0.6233322024 0.2249802202
outer loop
vertex -84.15279388 -50.06255341 49.43149185
vertex -87.13948059 -46.47418976 49.43164062
vertex -82.62187958 -54.69792938 41.68464279

endloop
endfacet
facet normal -0.8054994941 -0.5755236745 0.1412200481
outer loop
vertex -82.62187958 -54.69792938 41.68464279
vertex -87.13948059 -46.47418976 49.43164062
vertex -85.55527496 -50.59233856 41.68475723

endloop
endfacet
facet normal -0.8107129335 -0.5792469978 0.08495473117
outer loop
vertex -82.62187958 -54.69792938 41.68464279
vertex -85.55527496 -50.59233856 41.68475723
vertex -81.30583954 -57.77196503 33.28375626

endloop
endfacet
facet normal -0.8379852176 -0.5441387296 0.04115565121
outer loop
vertex -81.30583954 -57.77196503 33.28375626
vertex -85.55527496 -50.59233856 41.68475723
vertex -84.11040497 -53.45287323 33.28377151

endloop
endfacet
facet normal -0.8386886716 -0.5445933938 0.004395407159
outer loop
vertex -81.30583954 -57.77196503 33.28377533
vertex -84.11040497 -53.45285797 33.28378677
vertex -79.64824677 -60.39601898 24.44767952

endloop
endfacet
facet normal -0.8579767346 -0.5127920508 -0.03033353761
outer loop
vertex -79.64824677 -60.39601898 24.44767952
vertex -84.11040497 -53.45285797 33.28378677
vertex -82.19612122 -56.13304901 24.44767952

endloop
endfacet
facet normal -0.8577171564 -0.5126368403 -0.0390481241
outer loop
vertex -79.64824677 -60.39601898 24.44767952
vertex -82.19612122 -56.13304901 24.44767952
vertex -77.85839081 -62.68404388 15.17029762

endloop
endfacet
facet normal -0.8665784597 -0.4960080087 -0.05493341386
outer loop
vertex -77.85839081 -62.68404388 15.17029762
vertex -82.19612122 -56.13304901 24.44767952
vertex -80.2824173 -58.44901276 15.17029762

endloop
endfacet
facet normal -0.866451025 -0.4959365129 -0.05752906948
outer loop
vertex -77.85839081 -62.68404388 15.17031384
vertex -80.28242493 -58.44901276 15.17031479
vertex -76.39219666 -64.128685 5.541532993

endloop
endfacet
facet normal -0.8639519215 -0.5007020831 -0.05370840058
outer loop
vertex -76.39219666 -64.128685 5.541532993
vertex -80.28242493 -58.44901276 15.17031479
vertex -78.76862335 -60.02820587 5.541532993

endloop
endfacet
facet normal -0.8633890152 -0.5003758669 -0.06467919797
outer loop
vertex -76.39219666 -64.128685 5.541532993
vertex -78.76862335 -60.02820587 5.541532993
vertex -75.30400085 -64.7543869 -4.143967152

endloop
endfacet
facet normal -0.8502505422 -0.5241503119 -0.0483782962
outer loop
vertex -75.30400085 -64.7543869 -4.143967152
vertex -78.76862335 -60.02820587 5.541532993
vertex -77.77307129 -60.74918365 -4.143967152

endloop
endfacet
facet normal -0.8487936854 -0.5232518315 -0.07587343454
outer loop
vertex -75.30400085 -64.7543869 -4.143949032
vertex -77.77307892 -60.7491684 -4.143949032
vertex -74.52529144 -64.65220642 -13.56002235

endloop
endfacet
facet normal -0.8347354531 -0.5472536683 -0.06107550859
outer loop
vertex -74.52529144 -64.65220642 -13.56002235
vertex -77.77307892 -60.7491684 -4.143949032
vertex -77.11933136 -60.69547272 -13.56002235

endloop
endfacet
facet normal -0.8308625221 -0.54471457 -0.1138129979
outer loop
vertex -74.52529144 -64.65220642 -13.56002235
vertex -77.11933136 -60.69547272 -13.56002235
vertex -73.79502869 -63.91139984 -22.43665504

endloop
endfacet
facet normal -0.822017014 -0.5596845746 -0.1050768271
outer loop
vertex -73.79502869 -63.91139984 -22.43665504
vertex -77.11933136 -60.69547272 -13.56002235
vertex -76.42585754 -60.04746246 -22.43665695

endloop
endfacet
facet normal -0.8170055151 -0.5562756062 -0.1518531293
outer loop
vertex -73.79502106 -63.91139984 -22.43664169
vertex -76.42586517 -60.04746246 -22.43664169
vertex -72.9202652 -62.81099701 -31.1740818

endloop
endfacet
facet normal -0.8118181229 -0.5651094317 -0.1469778419
outer loop
vertex -72.9202652 -62.81099701 -31.1740818
vertex -76.42586517 -60.04746246 -22.43664169
vertex -75.46273804 -59.15856171 -31.17408371

endloop
endfacet
facet normal -0.8018653393 -0.5581813455 -0.2131798118
outer loop
vertex -72.9202652 -62.81099701 -31.1740818
vertex -75.46273804 -59.15856171 -31.17408371
vertex -71.6415863 -61.14031219 -40.35822296

endloop
endfacet
facet normal -0.7999563217 -0.561484158 -0.2116728425
outer loop
vertex -71.6415863 -61.14031219 -40.35822296
vertex -75.46273804 -59.15856171 -31.17408371
vertex -73.95477295 -57.84467316 -40.35822678

endloop
endfacet
facet normal -0.7807425857 -0.5479961038 -0.3002354205
outer loop
vertex -71.64159393 -61.14031219 -40.3582077
vertex -73.95477295 -57.84467316 -40.3582077
vertex -69.14086151 -59.58266449 -49.70425034

endloop
endfacet
facet normal -0.7769486308 -0.5551295877 -0.2969547212
outer loop
vertex -69.14086151 -59.58266449 -49.70425034
vertex -73.95477295 -57.84467316 -40.3582077
vertex -71.22520447 -56.66545868 -49.70425034

endloop
endfacet
facet normal -0.7375662327 -0.5269909501 -0.4222282171
outer loop
vertex -69.14086151 -59.58266449 -49.70425034
vertex -71.22520447 -56.66545868 -49.70425034
vertex -65.87577057 -56.97180939 -58.66650772

endloop
endfacet
facet normal -0.7509636879 -0.5001703501 -0.4311417043
outer loop
vertex -65.87577057 -56.97180939 -58.66650772
vertex -71.22520447 -56.66545868 -49.70425034
vertex -67.61394501 -54.36208344 -58.66651154

endloop
endfacet
facet normal -0.6695165038 -0.4459263384 -0.5940517187
outer loop
vertex -65.8757782 -56.97182465 -58.66649246
vertex -67.61395264 -54.36211395 -58.66649628
vertex -62.48593903 -51.82967377 -66.34692383

endloop
endfacet
facet normal -0.7187872529 -0.3558595181 -0.5972511172
outer loop
vertex -62.48593903 -51.82967377 -66.34692383
vertex -67.61395264 -54.36211395 -58.66649628
vertex -63.5729599 -49.63404083 -66.34692383

endloop
endfacet
facet normal -0.5744699836 -0.2844104171 -0.7675252557
outer loop
vertex -62.48593903 -51.82967377 -66.34692383
vertex -63.5729599 -49.63404083 -66.34692383
vertex -57.53751373 -46.84175873 -71.89897156

endloop
endfacet
facet normal -0.6096557379 -0.2048212439 -0.7657468319
outer loop
vertex -57.53751373 -46.84175873 -71.89897156
vertex -63.5729599 -49.63404083 -66.34692383
vertex -58.01654816 -45.41587067 -71.89897919

endloop
endfacet
facet normal -0.3632938266 -0.1220553592 -0.9236450195
outer loop
vertex -57.53751373 -46.84174347 -71.89897919
vertex -58.01654816 -45.41585541 -71.89898682
vertex -49.27443695 -42.96595001 -75.66123199

endloop
endfacet
facet normal 0 0.8320503235 0.5547001958
outer loop
vertex -49.27443695 -42.96595001 -75.66123199
vertex -58.01654816 -45.41585541 -71.89898682
vertex -49.27442169 -42.96595001 -75.66123199

endloop
endfacet
facet normal 0.5354622006 -0.5763827562 0.6173033118
outer loop
vertex -39.92661285 -50.56755829 154.001358
vertex -39.9265976 -50.56752777 154.0013733
vertex -44.03542328 -55.95528412 152.5348511

endloop
endfacet
facet normal -0.3852752745 0.04290900007 0.921803534
outer loop
vertex -44.03542328 -55.95528412 152.5348511
vertex -39.9265976 -50.56752777 154.0013733
vertex -44.07779694 -53.77005768 152.4154205

endloop
endfacet
facet normal -0.2266852111 0.04876847193 0.9727463126
outer loop
vertex -44.03542328 -55.95528412 152.5348511
vertex -44.07779694 -53.77005768 152.4154205
vertex -55.52016449 -57.02875519 149.9123077

endloop
endfacet
facet normal -0.1977763623 -0.05721787363 0.9785757661
outer loop
vertex -55.52016449 -57.02875519 149.9123077
vertex -44.07779694 -53.77005768 152.4154205
vertex -55.75914764 -53.47013092 150.0720825

endloop
endfacet
facet normal -0.7276197076 -0.07945586741 0.6813635826
outer loop
vertex -55.52016449 -57.02875519 149.9123077
vertex -55.75914764 -53.47013092 150.0720825
vertex -61.67366791 -43.71472931 144.8936462

endloop
endfacet
facet normal -0.6778718829 -0.02088487148 0.7348833084
outer loop
vertex -61.67366791 -43.71472931 144.8936462
vertex -55.75914764 -53.47013092 150.0720825
vertex -62.04441071 -39.51441193 144.6710358

endloop
endfacet
facet normal -0.8395386338 -0.04541121051 0.5413988233
outer loop
vertex -61.67366791 -43.71471405 144.8936462
vertex -62.04441071 -39.51442719 144.671051
vertex -66.40475464 -32.24777985 138.519043

endloop
endfacet
facet normal -0.8209522367 -0.009264207445 0.5709217191
outer loop
vertex -66.40475464 -32.24777985 138.519043
vertex -62.04441071 -39.51442719 144.671051
vertex -66.64672089 -28.03861237 138.2394104

endloop
endfacet
facet normal -0.8424133658 -0.01263959333 0.5386834741
outer loop
vertex -66.40475464 -32.24777985 138.519043
vertex -66.64672089 -28.03861237 138.2394104
vertex -71.21710205 -29.22957611 131.0641327

endloop
endfacet
facet normal -0.8451371789 0.02675639279 0.5338793993
outer loop
vertex -71.21710205 -29.22957611 131.0641327
vertex -66.64672089 -28.03861237 138.2394104
vertex -71.27361298 -25.05344391 130.7653809

endloop
endfacet
facet normal -0.9269100428 0.01428471692 0.3750116229
outer loop
vertex -71.21710205 -29.22957611 131.0641327
vertex -71.27361298 -25.05344391 130.7653809
vertex -74.90388489 -28.89038849 121.938652

endloop
endfacet
facet normal -0.9243400097 -0.003202652559 0.3815562725
outer loop
vertex -74.90388489 -28.89038849 121.938652
vertex -71.27361298 -25.05344391 130.7653809
vertex -75.12883759 -24.65836334 121.4292145

endloop
endfacet
facet normal -0.920296967 -0.001824901672 0.3912162483
outer loop
vertex -74.90388489 -28.89038849 121.938652
vertex -75.12883759 -24.65836334 121.4292145
vertex -79.28086853 -27.79010773 111.6473694

endloop
endfacet
facet normal -0.9091670513 -0.07440774143 0.409730047
outer loop
vertex -79.28086853 -27.79010773 111.6473694
vertex -75.12883759 -24.65836334 121.4292145
vertex -79.75178528 -23.69258881 111.34655

endloop
endfacet
facet normal -0.9224297404 -0.07825019211 0.3781535923
outer loop
vertex -79.28086853 -27.79010773 111.6473694
vertex -79.75178528 -23.69258881 111.34655
vertex -83.49176788 -26.32859039 101.678154

endloop
endfacet
facet normal -0.9149051309 -0.1179251373 0.3860599101
outer loop
vertex -83.49176788 -26.32859039 101.678154
vertex -79.75178528 -23.69258881 111.34655
vertex -84.01990509 -22.3559494 101.6400223

endloop
endfacet
facet normal -0.9388854504 -0.1217281893 0.3219878674
outer loop
vertex -83.49176788 -26.32859039 101.678154
vertex -84.01990509 -22.3559494 101.6400223
vertex -86.47743225 -27.03108978 92.70666504

endloop
endfacet
facet normal -0.9023513794 -0.2264290154 0.3667311668
outer loop
vertex -86.47743225 -27.03108978 92.70666504
vertex -84.01990509 -22.3559494 101.6400223
vertex -87.48469543 -23.01680756 92.70678711

endloop
endfacet
facet normal -0.9158263206 -0.2298090458 0.3293173611
outer loop
vertex -86.47743225 -27.03108978 92.70666504
vertex -87.48469543 -23.01680756 92.70678711
vertex -89.4911499 -27.23213959 84.18526459

endloop
endfacet
facet normal -0.8658700585 -0.3363955021 0.3702798486
outer loop
vertex -89.4911499 -27.23213959 84.18526459
vertex -87.48469543 -23.01680756 92.70678711
vertex -91.03746796 -23.25193024 84.18530273

endloop
endfacet
facet normal -0.8694839478 -0.3377994597 0.3604012728
outer loop
vertex -89.4911499 -27.23213959 84.18526459
vertex -91.03746796 -23.25193024 84.18530273
vertex -93.12513733 -26.50458527 76.10003662

endloop
endfacet
facet normal -0.8404985666 -0.3915223181 0.3745294511
outer loop
vertex -93.12513733 -26.50458527 76.10003662
vertex -91.03746796 -23.25193024 84.18530273
vertex -94.92671967 -22.63689423 76.10019684

endloop
endfacet
facet normal -0.7768647671 -0.361887306 0.5152850747
outer loop
vertex -93.12513733 -26.50458527 76.10003662
vertex -94.92671967 -22.63689423 76.10019684
vertex -96.99331665 -28.1294632 69.12705231

endloop
endfacet
facet normal -0.7125310898 -0.4329133928 0.5521643162
outer loop
vertex -96.99331665 -28.1294632 69.12705231
vertex -94.92671967 -22.63689423 76.10019684
vertex -99.24688721 -24.4200058 69.12729645

endloop
endfacet
facet normal -0.8526904583 -0.5180311799 0.06754754484
outer loop
vertex -96.99331665 -28.1294632 69.12705231
vertex -99.24688721 -24.4200058 69.12729645
vertex -94.16471863 -33.57732391 63.05365372

endloop
endfacet
facet normal -0.71809268 -0.614818275 0.3261004984
outer loop
vertex -94.16471863 -33.57732391 63.05365372
vertex -99.24688721 -24.4200058 69.12729645
vertex -96.89547729 -30.38761139 63.05413055

endloop
endfacet
facet normal -0.7494290471 -0.6416214108 0.1633344442
outer loop
vertex -94.16471863 -33.57732391 63.05365372
vertex -96.89547729 -30.38761139 63.05413055
vertex -89.65678406 -40.49106598 56.57842636

endloop
endfacet
facet normal -0.7222809792 -0.6566379666 0.2171100825
outer loop
vertex -89.65678406 -40.49106598 56.57842636
vertex -96.89547729 -30.38761139 63.05413055
vertex -92.52875519 -37.33188629 56.57873535

endloop
endfacet
facet normal -0.7082247734 -0.6438666582 0.2895745337
outer loop
vertex -89.65678406 -40.49106598 56.57842636
vertex -92.52875519 -37.33188629 56.57873535
vertex -87.13949585 -46.47418976 49.43163681

endloop
endfacet
facet normal -0.7830337882 -0.5972721577 0.1735629588
outer loop
vertex -87.13949585 -46.47418976 49.43163681
vertex -92.52875519 -37.33188629 56.57873535
vertex -90.00362396 -42.71924591 49.43172073

endloop
endfacet
facet normal -0.7851397991 -0.5988782048 0.1577985138
outer loop
vertex -87.13949585 -46.47418976 49.43163681
vertex -90.00362396 -42.71924591 49.43172073
vertex -85.55529022 -50.59233856 41.68475342

endloop
endfacet
facet normal -0.8363867402 -0.5433927178 0.07198338211
outer loop
vertex -85.55529022 -50.59233856 41.68475342
vertex -90.00362396 -42.71924591 49.43172073
vertex -88.26642609 -46.41936493 41.68482208

endloop
endfacet
facet normal -0.8378486633 -0.5443419218 0.04124829918
outer loop
vertex -85.55529022 -50.59233856 41.68475342
vertex -88.26642609 -46.41936493 41.68482208
vertex -84.11042023 -53.45287323 33.2837677

endloop
endfacet
facet normal -0.8690570593 -0.4944544435 -0.01595706493
outer loop
vertex -84.11042023 -53.45287323 33.2837677
vertex -88.26642609 -46.41936493 41.68482208
vertex -86.49700928 -49.25818634 33.28377914

endloop
endfacet
facet normal -0.8685302734 -0.494156301 -0.03827181086
outer loop
vertex -84.1104126 -53.45285797 33.28378296
vertex -86.49700928 -49.25817108 33.28379822
vertex -82.19613647 -56.13304901 24.44767761

endloop
endfacet
facet normal -0.8865768313 -0.4561967552 -0.07658983022
outer loop
vertex -82.19613647 -56.13304901 24.44767761
vertex -86.49700928 -49.25817108 33.28379822
vertex -84.37043762 -51.90749359 24.44767952

endloop
endfacet
facet normal -0.8870672584 -0.456449151 -0.06903505325
outer loop
vertex -82.19613647 -56.13304901 24.44767761
vertex -84.37043762 -51.90749359 24.44767952
vertex -80.28243256 -58.44901276 15.17029762

endloop
endfacet
facet normal -0.8982658982 -0.4295059443 -0.09296741337
outer loop
vertex -80.28243256 -58.44901276 15.17029762
vertex -84.37043762 -51.90749359 24.44767952
vertex -82.33467102 -54.15697479 15.17029762

endloop
endfacet
facet normal -0.899900496 -0.4302921891 -0.07090718299
outer loop
vertex -80.28243256 -58.44901276 15.17031384
vertex -82.33468628 -54.15699005 15.17031479
vertex -78.76863098 -60.02822113 5.541532993

endloop
endfacet
facet normal -0.9021545053 -0.4248309433 -0.07507200539
outer loop
vertex -78.76863098 -60.02822113 5.541532993
vertex -82.33468628 -54.15699005 15.17031479
vertex -80.72770691 -55.86800385 5.541532993

endloop
endfacet
facet normal -0.903013587 -0.4252355397 -0.06116475537
outer loop
vertex -78.76863098 -60.02822113 5.541532993
vertex -80.72770691 -55.86800385 5.541532993
vertex -77.77308655 -60.74918365 -4.143966198

endloop
endfacet
facet normal -0.896394074 -0.440246731 -0.05158028379
outer loop
vertex -77.77308655 -60.74918365 -4.143966198
vertex -80.72770691 -55.86800385 5.541532993
vertex -79.79969788 -56.62276459 -4.143967152

endloop
endfacet
facet normal -0.8957090974 -0.4399086237 -0.06469669193
outer loop
vertex -77.77308655 -60.74918365 -4.143949032
vertex -79.79969025 -56.62276459 -4.143949986
vertex -77.11933899 -60.69548798 -13.5600214

endloop
endfacet
facet normal -0.8870334625 -0.4585152566 -0.05417923257
outer loop
vertex -77.11933899 -60.69548798 -13.5600214
vertex -79.79969025 -56.62276459 -4.143949986
vertex -79.28517151 -56.50551605 -13.56002331

endloop
endfacet
facet normal -0.8836702108 -0.4567767978 -0.1023809686
outer loop
vertex -77.11933899 -60.69548798 -13.5600214
vertex -79.28517151 -56.50551605 -13.56002331
vertex -76.4258728 -60.04746246 -22.43665504

endloop
endfacet
facet normal -0.879011929 -0.4668582082 -0.09685778618
outer loop
vertex -76.4258728 -60.04746246 -22.43665504
vertex -79.28517151 -56.50551605 -13.56002331
vertex -78.64211273 -55.87467194 -22.43665695

endloop
endfacet
facet normal -0.8740147352 -0.4642057121 -0.1435667872
outer loop
vertex -76.42586517 -60.04746246 -22.43664169
vertex -78.64211273 -55.87467194 -22.4366436
vertex -75.46274567 -59.15857697 -31.1740818

endloop
endfacet
facet normal -0.871735692 -0.4693039358 -0.1408214122
outer loop
vertex -75.46274567 -59.15857697 -31.1740818
vertex -78.64211273 -55.87467194 -22.4366436
vertex -77.56632996 -55.25115204 -31.17408371

endloop
endfacet
facet normal -0.8612982631 -0.4636849463 -0.207753703
outer loop
vertex -75.46274567 -59.15857697 -31.1740818
vertex -77.56632996 -55.25115204 -31.17408371
vertex -73.95478821 -57.84467316 -40.35821915

endloop
endfacet
facet normal -0.8627387285 -0.4603117704 -0.2092726529
outer loop
vertex -73.95478821 -57.84467316 -40.35821915
vertex -77.56632996 -55.25115204 -31.17408371
vertex -75.85889435 -54.27590179 -40.35822678

endloop
endfacet
facet normal -0.8410101533 -0.4487243593 -0.3022389412
outer loop
vertex -73.95478821 -57.84467316 -40.35820389
vertex -75.85890961 -54.27591705 -40.35821152
vertex -71.22521973 -56.66545868 -49.70424271

endloop
endfacet
facet normal -0.8458782434 -0.4354227781 -0.3080534041
outer loop
vertex -71.22521973 -56.66545868 -49.70424271
vertex -75.85890961 -54.27591705 -40.35821152
vertex -72.82041931 -53.56652069 -49.70425415

endloop
endfacet
facet normal -0.8028421998 -0.4132700861 -0.4297117591
outer loop
vertex -71.22521973 -56.66545868 -49.70424271
vertex -72.82041931 -53.56652069 -49.70425415
vertex -67.61396027 -54.36208344 -58.66650009

endloop
endfacet
facet normal -0.8227809072 -0.3512895107 -0.4467967749
outer loop
vertex -67.61396027 -54.36208344 -58.66650009
vertex -72.82041931 -53.56652069 -49.70425415
vertex -68.7526474 -51.69506073 -58.66651535

endloop
endfacet
facet normal -0.7443726063 -0.3178068399 -0.5872888565
outer loop
vertex -67.61398315 -54.36211395 -58.66648865
vertex -68.75265503 -51.69507599 -58.66650009
vertex -63.57297516 -49.63404083 -66.3469162

endloop
endfacet
facet normal -0.7823813558 -0.2137056589 -0.5849865079
outer loop
vertex -63.57297516 -49.63404083 -66.3469162
vertex -68.75265503 -51.69507599 -58.66650009
vertex -64.21955109 -47.26686859 -66.34693146

endloop
endfacet
facet normal -0.6281200647 -0.1715713292 -0.7589654326
outer loop
vertex -63.57297516 -49.63404083 -66.3469162
vertex -64.21955109 -47.26686859 -66.34693146
vertex -58.01654816 -45.41588593 -71.89897156

endloop
endfacet
facet normal -0.6461080313 -0.1031333134 -0.7562459707
outer loop
vertex -58.01654816 -45.41588593 -71.89897156
vertex -64.21955109 -47.26686859 -66.34693146
vertex -58.25885773 -43.89775848 -71.89898682

endloop
endfacet
facet normal -0.380179435 -0.06069003046 -0.9229193926
outer loop
vertex -58.01654816 -45.41585541 -71.89897919
vertex -58.25885773 -43.89772797 -71.89899445
vertex -49.27445221 -42.96596527 -75.66122437

endloop
endfacet
facet normal -0.3960028887 0.1685865968 -0.9026407003
outer loop
vertex -49.27445221 -42.96596527 -75.66122437
vertex -58.25885773 -43.89772797 -71.89899445
vertex -49.27442169 -42.96593475 -75.66123199

endloop
endfacet
facet normal 0.6320640445 -0.5479484797 -0.5479484797
outer loop
vertex -39.9265976 -50.56754303 154.001358
vertex -39.9265976 -50.56755829 154.0013733
vertex -44.07781219 -53.77007294 152.4154205

endloop
endfacet
facet normal -0.3456240594 -0.01661892794 0.9382258654
outer loop
vertex -44.07781219 -53.77007294 152.4154205
vertex -39.9265976 -50.56755829 154.0013733
vertex -44.15673065 -51.44051361 152.4276123

endloop
endfacet
facet normal -0.1969653517 -0.01180320978 0.9803394079
outer loop
vertex -44.07781219 -53.77007294 152.4154205
vertex -44.15673065 -51.44051361 152.4276123
vertex -55.7591629 -53.47016144 150.0720673

endloop
endfacet
facet normal -0.1861036718 -0.07326191664 0.9797949195
outer loop
vertex -55.7591629 -53.47016144 150.0720673
vertex -44.15673065 -51.44051361 152.4276123
vertex -55.93575287 -49.8564682 150.3087311

endloop
endfacet
facet normal -0.7456183434 -0.07976361364 0.6615821123
outer loop
vertex -55.7591629 -53.47016144 150.0720673
vertex -55.93575287 -49.8564682 150.3087311
vertex -62.04441071 -39.51442719 144.6710205

endloop
endfacet
facet normal -0.6923925877 -0.01574468054 0.7213491797
outer loop
vertex -62.04441071 -39.51442719 144.6710205
vertex -55.93575287 -49.8564682 150.3087311
vertex -62.06710052 -35.51053619 144.7366333

endloop
endfacet
facet normal -0.8247557282 -0.01392930001 0.5653175712
outer loop
vertex -62.04442596 -39.51444244 144.6710358
vertex -62.06708527 -35.51052094 144.7366333
vertex -66.64672089 -28.03864288 138.2393951

endloop
endfacet
facet normal -0.6932554841 0.1815631986 0.6974464655
outer loop
vertex -66.64672089 -28.03864288 138.2393951
vertex -62.06708527 -35.51052094 144.7366333
vertex -66.10540771 -24.20079803 137.7783661

endloop
endfacet
facet normal -0.8020559549 0.1814802885 0.5690090656
outer loop
vertex -66.64672089 -28.03864288 138.2393951
vertex -66.10540771 -24.20079803 137.7783661
vertex -71.27362061 -25.05347443 130.7653809

endloop
endfacet
facet normal -0.7857453823 0.2961489856 0.5430469513
outer loop
vertex -71.27362061 -25.05347443 130.7653809
vertex -66.10540771 -24.20079803 137.7783661
vertex -70.46904755 -21.34285736 129.9059601

endloop
endfacet
facet normal -0.8834343553 0.2787793279 0.3765976131
outer loop
vertex -71.27362061 -25.05347443 130.7653809
vertex -70.46904755 -21.34285736 129.9059601
vertex -75.12884521 -24.65839386 121.4292145

endloop
endfacet
facet normal -0.8898468614 0.1895343065 0.4150293469
outer loop
vertex -75.12884521 -24.65839386 121.4292145
vertex -70.46904755 -21.34285736 129.9059601
vertex -74.68042755 -20.7881546 120.6231995

endloop
endfacet
facet normal -0.8852324486 0.1909030974 0.4241692126
outer loop
vertex -75.12884521 -24.65839386 121.4292145
vertex -74.68042755 -20.7881546 120.6231995
vertex -79.75180054 -23.69261932 111.3465424

endloop
endfacet
facet normal -0.8856240511 0.09337381274 0.4549191296
outer loop
vertex -79.75180054 -23.69261932 111.3465424
vertex -74.68042755 -20.7881546 120.6231995
vertex -79.52278137 -19.64533234 110.9616699

endloop
endfacet
facet normal -0.9070115685 0.09043429047 0.4112804532
outer loop
vertex -79.75180054 -23.69261932 111.3465424
vertex -79.52278137 -19.64533234 110.9616699
vertex -84.01991272 -22.35597992 101.6400146

endloop
endfacet
facet normal -0.9040403366 0.03478390351 0.4260295928
outer loop
vertex -84.01991272 -22.35597992 101.6400146
vertex -79.52278137 -19.64533234 110.9616699
vertex -83.88529205 -18.28743744 101.5934982

endloop
endfacet
facet normal -0.9326292276 0.0349650979 0.3591380715
outer loop
vertex -84.01991272 -22.35597992 101.6400146
vertex -83.88529205 -18.28743744 101.5934982
vertex -87.48471069 -23.01683807 92.70677948

endloop
endfacet
facet normal -0.8885340691 -0.1429625899 0.4359689653
outer loop
vertex -87.48471069 -23.01683807 92.70677948
vertex -83.88529205 -18.28743744 101.5934982
vertex -88.12158203 -19.05809784 92.7069397

endloop
endfacet
facet normal -0.9115692973 -0.1466663331 0.3840969205
outer loop
vertex -87.48471069 -23.01683807 92.70677948
vertex -88.12158203 -19.05809784 92.7069397
vertex -91.03747559 -23.25196075 84.1852951

endloop
endfacet
facet normal -0.8782093525 -0.2353848368 0.4163440764
outer loop
vertex -91.03747559 -23.25196075 84.1852951
vertex -88.12158203 -19.05809784 92.7069397
vertex -92.07675171 -19.37445831 84.18530273

endloop
endfacet
facet normal -0.8824926019 -0.2365328223 0.4065207243
outer loop
vertex -91.03747559 -23.25196075 84.1852951
vertex -92.07675171 -19.37445831 84.18530273
vertex -94.92672729 -22.63694 76.10018921

endloop
endfacet
facet normal -0.9074244499 -0.1650257707 0.3864547908
outer loop
vertex -94.92672729 -22.63694 76.10018921
vertex -92.07675171 -19.37445831 84.18530273
vertex -95.62561035 -18.79418182 76.10011292

endloop
endfacet
facet normal -0.8229071498 -0.1496513784 0.5481133461
outer loop
vertex -94.92672729 -22.63694 76.10018921
vertex -95.62561035 -18.79418182 76.10011292
vertex -99.24689484 -24.42003632 69.12728882

endloop
endfacet
facet normal -0.8854908347 -0.005883093458 0.4646196663
outer loop
vertex -99.24689484 -24.42003632 69.12728882
vertex -95.62561035 -18.79418182 76.10011292
vertex -99.27180481 -20.70084381 69.12690735

endloop
endfacet
facet normal -0.9345901012 -0.006296068896 -0.3556707799
outer loop
vertex -99.24689484 -24.42003632 69.12728882
vertex -99.27180481 -20.70084381 69.12690735
vertex -96.89546967 -30.38764191 63.05412674

endloop
endfacet
facet normal -0.8380057812 -0.4222493768 0.34561795
outer loop
vertex -96.89546967 -30.38764191 63.05412674
vertex -99.27180481 -20.70084381 69.12690735
vertex -98.63689423 -26.93173981 63.05392075

endloop
endfacet
facet normal -0.8867047429 -0.4468164146 -0.1187845692
outer loop
vertex -96.89546967 -30.38764191 63.05412674
vertex -98.63689423 -26.93173981 63.05392075
vertex -92.52875519 -37.33190155 56.57873154

endloop
endfacet
facet normal -0.7424214482 -0.609355092 0.2783823311
outer loop
vertex -92.52875519 -37.33190155 56.57873154
vertex -98.63689423 -26.93173981 63.05392075
vertex -95.41197205 -33.81897736 56.57893372

endloop
endfacet
facet normal -0.7572128773 -0.6214906573 0.2009426802
outer loop
vertex -92.52875519 -37.33190155 56.57873154
vertex -95.41197205 -33.81897736 56.57893372
vertex -90.00362396 -42.71927643 49.4317131

endloop
endfacet
facet normal -0.816773653 -0.5696799755 0.09135385603
outer loop
vertex -90.00362396 -42.71927643 49.4317131
vertex -95.41197205 -33.81897736 56.57893372
vertex -92.83708954 -38.65679169 49.4318924

endloop
endfacet
facet normal -0.8169516921 -0.5698040724 0.0889564231
outer loop
vertex -90.00362396 -42.71927643 49.4317131
vertex -92.83708954 -38.65679169 49.4318924
vertex -88.26642609 -46.41939545 41.68481445

endloop
endfacet
facet normal -0.8579897285 -0.5135977268 0.008425544016
outer loop
vertex -88.26642609 -46.41939545 41.68481445
vertex -92.83708954 -38.65679169 49.4318924
vertex -90.93837738 -41.9557724 41.68479919

endloop
endfacet
facet normal -0.8579981327 -0.5136028528 -0.007158314344
outer loop
vertex -88.26642609 -46.41939545 41.68481445
vertex -90.93837738 -41.9557724 41.68479919
vertex -86.49700928 -49.2582016 33.28377533

endloop
endfacet
facet normal -0.8867630363 -0.4565952122 -0.07191820443
outer loop
vertex -86.49700928 -49.2582016 33.28377533
vertex -90.93837738 -41.9557724 41.68479919
vertex -88.83145905 -44.72441864 33.28377533

endloop
endfacet
facet normal -0.8864588737 -0.4564432502 -0.0764875263
outer loop
vertex -86.49700928 -49.25818634 33.2837944
vertex -88.83146667 -44.7244339 33.28379059
vertex -84.37043762 -51.90750885 24.44767952

endloop
endfacet
facet normal -0.9037770033 -0.4099381864 -0.1230359152
outer loop
vertex -84.37043762 -51.90750885 24.44767952
vertex -88.83146667 -44.7244339 33.28379059
vertex -86.46832275 -47.28237152 24.44767952

endloop
endfacet
facet normal -0.9062055945 -0.4110397398 -0.09918571264
outer loop
vertex -84.37043762 -51.90750885 24.44767952
vertex -86.46832275 -47.28237152 24.44767952
vertex -82.33467865 -54.15700531 15.17029762

endloop
endfacet
facet normal -0.9179974794 -0.3740189672 -0.13187249
outer loop
vertex -82.33467865 -54.15700531 15.17029762
vertex -86.46832275 -47.28237152 24.44767952
vertex -84.19015503 -49.60289764 15.17029762

endloop
endfacet
facet normal -0.9225599766 -0.3758766055 -0.08717662841
outer loop
vertex -82.33468628 -54.15702057 15.17031479
vertex -84.19016266 -49.60289764 15.17031479
vertex -80.72770691 -55.86803436 5.541532993

endloop
endfacet
facet normal -0.9288266897 -0.3561151922 -0.1022882089
outer loop
vertex -80.72770691 -55.86803436 5.541532993
vertex -84.19016266 -49.60289764 15.17031479
vertex -82.4338913 -51.4179306 5.541532993

endloop
endfacet
facet normal -0.9319596291 -0.3573163748 -0.06145046279
outer loop
vertex -80.72770691 -55.86803436 5.541532993
vertex -82.4338913 -51.4179306 5.541532993
vertex -79.79969788 -56.6227951 -4.143967152

endloop
endfacet
facet normal -0.9303283095 -0.362036705 -0.05847014114
outer loop
vertex -79.79969788 -56.6227951 -4.143967152
vertex -82.4338913 -51.4179306 5.541532993
vertex -81.51154327 -52.22385406 -4.143967152

endloop
endfacet
facet normal -0.9304933548 -0.3621022105 -0.05535345897
outer loop
vertex -79.79969025 -56.62277985 -4.143949032
vertex -81.51153564 -52.22385406 -4.143949986
vertex -79.28517151 -56.50553131 -13.56002235

endloop
endfacet
facet normal -0.9259616733 -0.3744694591 -0.04865834862
outer loop
vertex -79.28517151 -56.50553131 -13.56002235
vertex -81.51153564 -52.22385406 -4.143949986
vertex -81.06869507 -52.0953598 -13.56002331

endloop
endfacet
facet normal -0.9230079055 -0.3732749224 -0.09339346737
outer loop
vertex -79.28517151 -56.50553131 -13.56002235
vertex -81.06869507 -52.0953598 -13.56002331
vertex -78.64212036 -55.87468719 -22.43665504

endloop
endfacet
facet normal -0.9220705628 -0.3759258687 -0.09200856835
outer loop
vertex -78.64212036 -55.87468719 -22.43665504
vertex -81.06869507 -52.0953598 -13.56002331
vertex -80.40840912 -51.54233551 -22.43665695

endloop
endfacet
facet normal -0.9169352055 -0.3738305867 -0.13957268
outer loop
vertex -78.64211273 -55.87468719 -22.43664169
vertex -80.40839386 -51.54233551 -22.4366436
vertex -77.56632996 -55.25118256 -31.17408371

endloop
endfacet
facet normal -0.916038096 -0.3765583634 -0.1381229907
outer loop
vertex -77.56632996 -55.25118256 -31.17408371
vertex -80.40839386 -51.54233551 -22.4366436
vertex -79.22291565 -51.22127533 -31.1740818

endloop
endfacet
facet normal -0.9047347903 -0.3719118834 -0.207693249
outer loop
vertex -77.56632996 -55.25118256 -31.17408371
vertex -79.22291565 -51.22127533 -31.1740818
vertex -75.85889435 -54.27593231 -40.35822296

endloop
endfacet
facet normal -0.9072468877 -0.3636300266 -0.2113679051
outer loop
vertex -75.85889435 -54.27593231 -40.35822296
vertex -79.22291565 -51.22127533 -31.1740818
vertex -77.31192017 -50.65067291 -40.35822296

endloop
endfacet
facet normal -0.8814609647 -0.3532930315 -0.313385725
outer loop
vertex -75.85890198 -54.27593231 -40.3582077
vertex -77.31192017 -50.65067291 -40.3582077
vertex -72.82042694 -53.56655121 -49.70425034

endloop
endfacet
facet normal -0.8920438886 -0.3049616218 -0.333550632
outer loop
vertex -72.82042694 -53.56655121 -49.70425034
vertex -77.31192017 -50.65067291 -40.3582077
vertex -73.91394043 -50.36791229 -49.70425034

endloop
endfacet
facet normal -0.8473422527 -0.2896794975 -0.4450807273
outer loop
vertex -72.82042694 -53.56655121 -49.70425034
vertex -73.91394043 -50.36791229 -49.70425034
vertex -68.7526474 -51.69507599 -58.66651154

endloop
endfacet
facet normal -0.8618575931 -0.1975857615 -0.4670774937
outer loop
vertex -68.7526474 -51.69507599 -58.66651154
vertex -73.91394043 -50.36791229 -49.70425034
vertex -69.39235687 -48.90470123 -58.66651154

endloop
endfacet
facet normal -0.7969695926 -0.1827055067 -0.5757240653
outer loop
vertex -68.75266266 -51.69509125 -58.66649628
vertex -69.39235687 -48.90471649 -58.66649628
vertex -64.21955872 -47.26686859 -66.34692383

endloop
endfacet
facet normal -0.8168933392 -0.09094198793 -0.5695742369
outer loop
vertex -64.21955872 -47.26686859 -66.34692383
vertex -69.39235687 -48.90471649 -58.66649628
vertex -64.47602844 -44.96311188 -66.34692383

endloop
endfacet
facet normal -0.6572920084 -0.0731741786 -0.7500751019
outer loop
vertex -64.21955872 -47.26686859 -66.34692383
vertex -64.47602844 -44.96311188 -66.34692383
vertex -58.25885773 -43.89775848 -71.89897156

endloop
endfacet
facet normal -0.6647902131 -0.01296117716 -0.746917665
outer loop
vertex -58.25885773 -43.89775848 -71.89897156
vertex -64.47602844 -44.96311188 -66.34692383
vertex -58.28658295 -42.47525787 -71.89897919

endloop
endfacet
facet normal -0.3855793476 -0.007520155516 -0.9226440191
outer loop
vertex -58.25885773 -43.89772797 -71.89897919
vertex -58.28658295 -42.47524261 -71.89898682
vertex -49.27442169 -42.96596527 -75.66123199

endloop
endfacet
facet normal -0.3859796226 0 -0.9225072861
outer loop
vertex -49.27442169 -42.96596527 -75.66123199
vertex -58.28658295 -42.47524261 -71.89898682
vertex -49.27442169 -42.96595001 -75.66123199

endloop
endfacet
facet normal -0.3486866057 0 0.9372393489
outer loop
vertex -39.9265976 -50.56755829 154.0013733
vertex -39.9265976 -50.56754303 154.0013733
vertex -44.15673065 -51.44051361 152.4276123

endloop
endfacet
facet normal -0.3213948607 -0.1328588277 0.9375787377
outer loop
vertex -44.15673065 -51.44051361 152.4276123
vertex -39.9265976 -50.56754303 154.0013733
vertex -44.74994659 -49.89424896 152.4433746

endloop
endfacet
facet normal -0.187091127 -0.08175555617 0.978934586
outer loop
vertex -44.15673065 -51.44051361 152.4276123
vertex -44.74994659 -49.89424896 152.4433746
vertex -55.93575287 -49.8564682 150.3087311

endloop
endfacet
facet normal -0.1869543493 0.05752484873 0.9806829095
outer loop
vertex -55.93575287 -49.8564682 150.3087311
vertex -44.74994659 -49.89424896 152.4433746
vertex -56.09757233 -47.15622711 150.1194916

endloop
endfacet
facet normal -0.6547014117 0.01373090688 0.7557628751
outer loop
vertex -55.93575287 -49.8564682 150.3087311
vertex -56.09757233 -47.15622711 150.1194916
vertex -62.06710052 -35.51053619 144.7366333

endloop
endfacet
facet normal -0.6245812178 0.04033527896 0.7799175382
outer loop
vertex -62.06710052 -35.51053619 144.7366333
vertex -56.09757233 -47.15622711 150.1194916
vertex -61.95270538 -32.57019806 144.676178

endloop
endfacet
facet normal -0.8315706849 0.04373263568 0.5536945462
outer loop
vertex -62.06708527 -35.51052094 144.7366333
vertex -61.95270538 -32.5701828 144.676178
vertex -66.10540771 -24.20079803 137.7783661

endloop
endfacet
facet normal -0.7540382147 0.152426064 0.6388995647
outer loop
vertex -66.10540771 -24.20079803 137.7783661
vertex -61.95270538 -32.5701828 144.676178
vertex -65.59420013 -21.41677094 137.7174988

endloop
endfacet
facet normal -0.8360342383 0.1649547666 0.5232940912
outer loop
vertex -66.10540771 -24.20079803 137.7783661
vertex -65.59420013 -21.41677094 137.7174988
vertex -70.46904755 -21.34285736 129.9059601

endloop
endfacet
facet normal -0.835529983 0.1683701128 0.5230116844
outer loop
vertex -70.46904755 -21.34285736 129.9059601
vertex -65.59420013 -21.41677094 137.7174988
vertex -69.82962799 -18.5263443 130.020752

endloop
endfacet
facet normal -0.8906825185 0.1852870733 0.4151546955
outer loop
vertex -70.46904755 -21.34285736 129.9059601
vertex -69.82962799 -18.5263443 130.020752
vertex -74.68042755 -20.7881546 120.6231995

endloop
endfacet
facet normal -0.8935371637 0.08292011917 0.4412659407
outer loop
vertex -74.68042755 -20.7881546 120.6231995
vertex -69.82962799 -18.5263443 130.020752
vertex -74.2161026 -17.73273468 120.9892731

endloop
endfacet
facet normal -0.8872599006 0.08041577786 0.4542062581
outer loop
vertex -74.68042755 -20.7881546 120.6231995
vertex -74.2161026 -17.73273468 120.9892731
vertex -79.52278137 -19.64533234 110.9616699

endloop
endfacet
facet normal -0.886049509 0.13793616 0.4425946772
outer loop
vertex -79.52278137 -19.64533234 110.9616699
vertex -74.2161026 -17.73273468 120.9892731
vertex -78.92967224 -16.54349518 111.1823425

endloop
endfacet
facet normal -0.8898220658 0.139229998 0.4345477223
outer loop
vertex -79.52278137 -19.64533234 110.9616699
vertex -78.92967224 -16.54349518 111.1823425
vertex -83.88529205 -18.28743744 101.5934982

endloop
endfacet
facet normal -0.8879718184 0.1668297946 0.4285718799
outer loop
vertex -83.88529205 -18.28743744 101.5934982
vertex -78.92967224 -16.54349518 111.1823425
vertex -83.31820679 -15.34075165 101.6214066

endloop
endfacet
facet normal -0.8953797221 0.1684102267 0.4122294188
outer loop
vertex -83.88529205 -18.28743744 101.5934982
vertex -83.31820679 -15.34075165 101.6214066
vertex -88.12158203 -19.05809784 92.7069397

endloop
endfacet
facet normal -0.8824317455 0.0124825146 0.470274806
outer loop
vertex -88.12158203 -19.05809784 92.7069397
vertex -83.31820679 -15.34075165 101.6214066
vertex -88.0786972 -16.02410126 92.70687866

endloop
endfacet
facet normal -0.9071691632 0.01283108257 0.4205704331
outer loop
vertex -88.12158203 -19.05809784 92.7069397
vertex -88.0786972 -16.02410126 92.70687866
vertex -92.07675171 -19.37445831 84.18530273

endloop
endfacet
facet normal -0.8906684518 -0.07689124346 0.4481042027
outer loop
vertex -92.07675171 -19.37445831 84.18530273
vertex -88.0786972 -16.02410126 92.70687866
vertex -92.34394073 -16.27921295 84.18534851

endloop
endfacet
facet normal -0.9148880243 -0.07898119092 0.3959062696
outer loop
vertex -92.07675171 -19.37445831 84.18530273
vertex -92.34394073 -16.27921295 84.18534851
vertex -95.62561035 -18.79418182 76.10011292

endloop
endfacet
facet normal -0.9186252356 -0.05789787322 0.3908649981
outer loop
vertex -95.62561035 -18.79418182 76.10011292
vertex -92.34394073 -16.27921295 84.18534851
vertex -95.81063843 -15.85872746 76.10007477

endloop
endfacet
facet normal -0.8785118461 -0.05536834151 0.4745011032
outer loop
vertex -95.62561035 -18.79418182 76.10011292
vertex -95.81063843 -15.85872746 76.10007477
vertex -99.27180481 -20.70084381 69.12690735

endloop
endfacet
facet normal -0.8691698909 -0.08119989187 0.4878014326
outer loop
vertex -99.27180481 -20.70084381 69.12690735
vertex -95.81063843 -15.85872746 76.10007477
vertex -99.55230713 -17.69974518 69.12667084

endloop
endfacet
facet normal -0.9956234694 -0.09305816144 -0.008611273952
outer loop
vertex -99.27180481 -20.70084381 69.12690735
vertex -99.55230713 -17.69974518 69.12667084
vertex -98.63689423 -26.93173981 63.05392075

endloop
endfacet
facet normal -0.7232676744 -0.4281331003 0.5418358445
outer loop
vertex -98.63689423 -26.93173981 63.05392075
vertex -99.55230713 -17.69974518 69.12667084
vertex -100.9831543 -22.96843719 63.05363846

endloop
endfacet
facet normal -0.8550531864 -0.5061802268 0.1125413179
outer loop
vertex -98.63689423 -26.93173981 63.05392075
vertex -100.9831543 -22.96843719 63.05363846
vertex -95.41197205 -33.81897736 56.57893372

endloop
endfacet
facet normal -0.8007000089 -0.5511724353 0.2347092479
outer loop
vertex -95.41197205 -33.81897736 56.57893372
vertex -100.9831543 -22.96843719 63.05363846
vertex -98.57369232 -29.22588348 56.57892227

endloop
endfacet
facet normal -0.8206064105 -0.5648756623 0.08672100306
outer loop
vertex -95.41197205 -33.81897736 56.57893372
vertex -98.57369232 -29.22588348 56.57892227
vertex -92.83708954 -38.65679169 49.4318924

endloop
endfacet
facet normal -0.8688902855 -0.4927482307 -0.04721050337
outer loop
vertex -92.83708954 -38.65679169 49.4318924
vertex -98.57369232 -29.22588348 56.57892227
vertex -95.53871155 -33.89287567 49.43193054

endloop
endfacet
facet normal -0.8698558211 -0.4932961762 -0.003127774224
outer loop
vertex -92.83708954 -38.65679169 49.4318924
vertex -95.53871155 -33.89287567 49.43193054
vertex -90.93837738 -41.9557724 41.68479919

endloop
endfacet
facet normal -0.8931457996 -0.4446622133 -0.06757382303
outer loop
vertex -90.93837738 -41.9557724 41.68479919
vertex -95.53871155 -33.89287567 49.43193054
vertex -93.41416168 -36.98291779 41.68473434

endloop
endfacet
facet normal -0.8925065994 -0.4443441331 -0.0773961246
outer loop
vertex -90.93837738 -41.9557724 41.68479919
vertex -93.41416168 -36.98291779 41.68473434
vertex -88.83145905 -44.72441864 33.28377533

endloop
endfacet
facet normal -0.9096065164 -0.3933721483 -0.133694917
outer loop
vertex -88.83145905 -44.72441864 33.28377533
vertex -93.41416168 -36.98291779 41.68473434
vertex -91.05692291 -39.57840729 33.2837677

endloop
endfacet
facet normal -0.910122335 -0.3935940266 -0.1294643283
outer loop
vertex -88.83146667 -44.7244339 33.28379059
vertex -91.05693054 -39.57840729 33.28378296
vertex -86.46832275 -47.28237152 24.44767952

endloop
endfacet
facet normal -0.9215058088 -0.3455494046 -0.177264601
outer loop
vertex -86.46832275 -47.28237152 24.44767952
vertex -91.05693054 -39.57840729 33.28378296
vertex -88.41326904 -42.0956192 24.44767952

endloop
endfacet
facet normal -0.927020967 -0.3476175368 -0.1406920403
outer loop
vertex -86.46832275 -47.28237152 24.44767952
vertex -88.41326904 -42.0956192 24.44767952
vertex -84.19015503 -49.60289764 15.17029762

endloop
endfacet
facet normal -0.9365931749 -0.2969477177 -0.1860515028
outer loop
vertex -84.19015503 -49.60289764 15.17029762
vertex -88.41326904 -42.0956192 24.44767952
vertex -85.79642487 -44.53661346 15.17029762

endloop
endfacet
facet normal -0.9467895627 -0.300180465 -0.116108343
outer loop
vertex -84.19016266 -49.60289764 15.17031479
vertex -85.7964325 -44.53661346 15.17031479
vertex -82.4338913 -51.4179306 5.541532993

endloop
endfacet
facet normal -0.9556449056 -0.2507097721 -0.1545555592
outer loop
vertex -82.4338913 -51.4179306 5.541532993
vertex -85.7964325 -44.53661346 15.17031479
vertex -83.74437714 -46.42267609 5.541532993

endloop
endfacet
facet normal -0.9648388624 -0.2531217635 -0.07081929594
outer loop
vertex -82.4338913 -51.4179306 5.541532993
vertex -83.74437714 -46.42267609 5.541532993
vertex -81.51154327 -52.22385406 -4.143967152

endloop
endfacet
facet normal -0.9702854753 -0.2250421345 -0.08889335394
outer loop
vertex -81.51154327 -52.22385406 -4.143967152
vertex -83.74437714 -46.42267609 5.541532993
vertex -82.61672974 -47.45876312 -4.143967152

endloop
endfacet
facet normal -0.9729793668 -0.2256677896 -0.04883901402
outer loop
vertex -81.51153564 -52.22385406 -4.143949986
vertex -82.61672974 -47.45874786 -4.143949032
vertex -81.06869507 -52.0953598 -13.56002331

endloop
endfacet
facet normal -0.9754018784 -0.2133888751 -0.05528360605
outer loop
vertex -81.06869507 -52.0953598 -13.56002331
vertex -82.61672974 -47.45874786 -4.143949032
vertex -82.09508514 -47.40372467 -13.56002235

endloop
endfacet
facet normal -0.9733048081 -0.2129300833 -0.0856648013
outer loop
vertex -81.06869507 -52.0953598 -13.56002331
vertex -82.09508514 -47.40372467 -13.56002235
vertex -80.40840912 -51.54233551 -22.43665695

endloop
endfacet
facet normal -0.9732797146 -0.2130737156 -0.08559307456
outer loop
vertex -80.40840912 -51.54233551 -22.43665695
vertex -82.09508514 -47.40372467 -13.56002235
vertex -81.4180069 -46.93068695 -22.43665695

endloop
endfacet
facet normal -0.9673762918 -0.2117844522 -0.1390337944
outer loop
vertex -80.40839386 -51.54233551 -22.4366436
vertex -81.4180069 -46.93068695 -22.43664169
vertex -79.22291565 -51.22127533 -31.1740818

endloop
endfacet
facet normal -0.9667745829 -0.2159099877 -0.1368567497
outer loop
vertex -79.22291565 -51.22127533 -31.1740818
vertex -81.4180069 -46.93068695 -22.43664169
vertex -80.1649704 -47.00305939 -31.17408371

endloop
endfacet
facet normal -0.953836143 -0.2130204439 -0.2117047608
outer loop
vertex -79.22291565 -51.22127533 -31.1740818
vertex -80.1649704 -47.00305939 -31.17408371
vertex -77.31192017 -50.65067291 -40.35822296

endloop
endfacet
facet normal -0.9551468492 -0.2020996064 -0.2164493203
outer loop
vertex -77.31192017 -50.65067291 -40.35822296
vertex -80.1649704 -47.00305939 -31.17408371
vertex -78.08643341 -46.99022675 -40.35822678

endloop
endfacet
facet normal -0.9199308157 -0.1946480274 -0.3403520882
outer loop
vertex -77.31192017 -50.65067291 -40.3582077
vertex -78.08643341 -46.99022675 -40.3582077
vertex -73.91394043 -50.36791229 -49.70425034

endloop
endfacet
facet normal -0.9214693308 -0.1641779393 -0.3520508707
outer loop
vertex -73.91394043 -50.36791229 -49.70425034
vertex -78.08643341 -46.99022675 -40.3582077
vertex -74.48596191 -47.15737152 -49.70425034

endloop
endfacet
facet normal -0.8715524077 -0.1552843451 -0.4650624096
outer loop
vertex -73.91394043 -50.36791229 -49.70425034
vertex -74.48596191 -47.15737152 -49.70425034
vertex -69.39235687 -48.90470123 -58.66651154

endloop
endfacet
facet normal -0.8732995987 -0.08832927793 -0.4791093171
outer loop
vertex -69.39235687 -48.90470123 -58.66651154
vertex -74.48596191 -47.15737152 -49.70425034
vertex -69.66521454 -46.2069931 -58.66651154

endloop
endfacet
facet normal -0.8194732666 -0.08288732916 -0.5670920014
outer loop
vertex -69.39235687 -48.90471649 -58.66649628
vertex -69.66522217 -46.20700836 -58.66649628
vertex -64.47602844 -44.96311188 -66.34692383

endloop
endfacet
facet normal -0.8314119577 0.05341462046 -0.553083241
outer loop
vertex -64.47602844 -44.96311188 -66.34692383
vertex -69.66522217 -46.20700836 -58.66649628
vertex -64.35068512 -43.01210785 -66.34692383

endloop
endfacet
facet normal -0.6767339706 0.04347714409 -0.7349427938
outer loop
vertex -64.47602844 -44.96311188 -66.34692383
vertex -64.35068512 -43.01210785 -66.34692383
vertex -58.28658295 -42.47525787 -71.89897919

endloop
endfacet
facet normal -0.6739812493 0.1642469615 -0.720258534
outer loop
vertex -58.28658295 -42.47525787 -71.89897919
vertex -64.35068512 -43.01210785 -66.34692383
vertex -58.00016022 -41.29993439 -71.89897919

endloop
endfacet
facet normal -0.3793021441 0.09243356436 -0.9206443429
outer loop
vertex -58.28658295 -42.47524261 -71.89898682
vertex -58.00016022 -41.29990387 -71.89898682
vertex -49.27442169 -42.96595001 -75.66123199

endloop
endfacet
facet normal -nan(ind) -nan(ind) -nan(ind)
outer loop
vertex -49.27442169 -42.96595001 -75.66123199
vertex -58.00016022 -41.29990387 -71.89898682
vertex -49.27442169 -42.96595001 -75.66123199

endloop
endfacet
endsolid
