solid 
facet normal 0.317403 0 -0.948291
outer loop
vertex 76.23400116 15.21146393 48.43406677
vertex 76.23400116 15.21147919 48.43406677
vertex 87.38890839 12.98665619 52.16772842

endloop
endfacet
facet normal 0.3191890717 0.01005288027 -0.9476376772
outer loop
vertex 87.38890839 12.98665619 52.16772842
vertex 76.23400116 15.21147919 48.43406677
vertex 87.40193939 16.09870148 52.20513153

endloop
endfacet
facet normal 0.7348385453 0.005074465647 -0.6782231331
outer loop
vertex 87.38890839 12.98665619 52.16772842
vertex 87.40193939 16.09870148 52.20513153
vertex 89.80886078 14.09497833 54.79798126

endloop
endfacet
facet normal 0.7105072737 -0.05438381806 -0.7015852332
outer loop
vertex 89.80886078 14.09497833 54.79798126
vertex 87.40193939 16.09870148 52.20513153
vertex 90.14092255 17.95619965 54.83496094

endloop
endfacet
facet normal 0.7926168442 -0.06235558912 -0.6065232158
outer loop
vertex 89.80886078 14.09497833 54.79798126
vertex 90.14092255 17.95619965 54.83496094
vertex 91.72249603 15.16756439 57.18848801

endloop
endfacet
facet normal 0.7573044896 -0.1133018732 -0.643158257
outer loop
vertex 91.72249603 15.16756439 57.18848801
vertex 90.14092255 17.95619965 54.83496094
vertex 92.40041351 19.55005646 57.21467972

endloop
endfacet
facet normal 0.8138599992 -0.1224994659 -0.5680016279
outer loop
vertex 91.72249603 15.16756439 57.18848801
vertex 92.40041351 19.55005646 57.21467972
vertex 93.53826141 16.15976715 59.57621765

endloop
endfacet
facet normal 0.8201951981 -0.1150721312 -0.5603913069
outer loop
vertex 93.53826141 16.15976715 59.57621765
vertex 92.40041351 19.55005646 57.21467972
vertex 94.24285126 21.11548615 59.58984375

endloop
endfacet
facet normal 0.8702921867 -0.1224238798 -0.4770784676
outer loop
vertex 93.53826141 16.15976715 59.57621765
vertex 94.24285126 21.11548615 59.58984375
vertex 94.98625946 17.1634903 61.9601059

endloop
endfacet
facet normal 0.8248224258 -0.168529585 -0.5396904945
outer loop
vertex 94.98625946 17.1634903 61.9601059
vertex 94.24285126 21.11548615 59.58984375
vertex 96.07994843 22.50399017 61.96393585

endloop
endfacet
facet normal 0.8939582109 -0.182781592 -0.4091815352
outer loop
vertex 94.98622894 17.16347504 61.9601059
vertex 96.07991791 22.50397491 61.96393585
vertex 96.29018402 18.21807098 64.33782959

endloop
endfacet
facet normal 0.7829071879 -0.2716096342 -0.5597181916
outer loop
vertex 96.29018402 18.21807098 64.33782959
vertex 96.07991791 22.50397491 61.96393585
vertex 98.16072845 23.60959625 64.33795929

endloop
endfacet
facet normal 0.8489881158 -0.2945333123 -0.438713342
outer loop
vertex 96.29021454 18.21808624 64.33782959
vertex 98.16072845 23.60961151 64.33796692
vertex 97.84838104 19.17311859 66.71199036

endloop
endfacet
facet normal 0.8441883326 -0.2979043424 -0.4456444979
outer loop
vertex 97.84838104 19.17311859 66.71199036
vertex 98.16072845 23.60961151 64.33796692
vertex 99.83223724 24.79488373 66.71199036

endloop
endfacet
facet normal 0.8152244687 -0.2876877785 -0.5026378036
outer loop
vertex 97.84832001 19.17308807 66.71199036
vertex 99.83220673 24.79485321 66.71199036
vertex 99.62856293 20.06981659 69.08610535

endloop
endfacet
facet normal 0.9287949204 -0.1975689083 -0.3135387599
outer loop
vertex 99.62856293 20.06981659 69.08610535
vertex 99.83220673 24.79485321 66.71199036
vertex 100.9432297 26.25022125 69.08610535

endloop
endfacet
facet normal 0.8685099483 -0.1847453713 -0.4599561989
outer loop
vertex 99.62856293 20.06981659 69.08610535
vertex 100.9432297 26.25022125 69.08610535
vertex 101.0907211 21.03279877 71.46022797

endloop
endfacet
facet normal 0.9495412707 -0.1072697416 -0.2947281599
outer loop
vertex 101.0907211 21.03279877 71.46022797
vertex 100.9432297 26.25022125 69.08610535
vertex 101.8368759 27.63768768 71.46022797

endloop
endfacet
facet normal 0.9545312524 -0.1078334749 -0.277924329
outer loop
vertex 101.0907211 21.03279877 71.46022797
vertex 101.8368759 27.63768768 71.46022797
vertex 101.8933029 22.01833344 73.83431244

endloop
endfacet
facet normal 0.9677296281 -0.08976121247 -0.2354617715
outer loop
vertex 101.8933029 22.01833344 73.83431244
vertex 101.8368759 27.63768768 71.46022797
vertex 102.5150375 28.72135162 73.83431244

endloop
endfacet
facet normal 0.9764751196 -0.09057238698 -0.1956856847
outer loop
vertex 101.8933029 22.01833344 73.83431244
vertex 102.5150375 28.72135162 73.83431244
vertex 102.4665451 23.06929779 76.20836639

endloop
endfacet
facet normal 0.9799105525 -0.08432197571 -0.1807347834
outer loop
vertex 102.4665451 23.06929779 76.20836639
vertex 102.5150375 28.72135162 73.83431244
vertex 103.0537949 29.89376068 76.20836639

endloop
endfacet
facet normal 0.9694415927 -0.08342112601 -0.2307032496
outer loop
vertex 102.4665451 23.06929779 76.20836639
vertex 103.0537949 29.89376068 76.20836639
vertex 103.1371689 24.29712677 78.58242798

endloop
endfacet
facet normal 0.9921858907 -0.03590646014 -0.1194905117
outer loop
vertex 103.1371689 24.29712677 78.58242798
vertex 103.0537949 29.89376068 76.20836639
vertex 103.3979721 31.50377655 78.58242798

endloop
endfacet
facet normal 0.9957171679 -0.0360301137 -0.08514212072
outer loop
vertex 103.1371689 24.29711151 78.58242035
vertex 103.3979416 31.50374603 78.58242035
vertex 103.3904037 25.68540192 80.95645142

endloop
endfacet
facet normal 0.9991050959 -0.01708225347 -0.03869339824
outer loop
vertex 103.3904037 25.68540192 80.95645142
vertex 103.3979416 31.50374603 78.58242035
vertex 103.5139999 32.91428375 80.95645142

endloop
endfacet
facet normal 0.9997675419 -0.01709357835 0.01313679945
outer loop
vertex 103.3904037 25.68540192 80.95645142
vertex 103.5139999 32.91428375 80.95645142
vertex 103.3841171 27.14226532 83.33055878

endloop
endfacet
facet normal 0.9995033741 -0.02824191563 -0.01398191322
outer loop
vertex 103.3841171 27.14226532 83.33055878
vertex 103.5139999 32.91428375 80.95645142
vertex 103.5911179 34.4681778 83.33056641

endloop
endfacet
facet normal 0.9989521503 -0.0282263197 -0.0360250324
outer loop
vertex 103.3841171 27.14226532 83.33055878
vertex 103.5911179 34.4681778 83.33056641
vertex 103.5177536 28.84171295 85.70466614

endloop
endfacet
facet normal 0.9962832332 0.02213470452 0.08324490488
outer loop
vertex 103.5177536 28.84171295 85.70466614
vertex 103.5911179 34.4681778 83.33056641
vertex 103.3471909 36.5187149 85.70467377

endloop
endfacet
facet normal 0.9909508228 0.02201644704 -0.1324075013
outer loop
vertex 103.5177536 28.84171295 85.70466614
vertex 103.3471909 36.5187149 85.70467377
vertex 103.7940598 30.68300629 88.07873535

endloop
endfacet
facet normal 0.9821422696 0.1303851902 0.1356330365
outer loop
vertex 103.7940598 30.68300629 88.07873535
vertex 103.3471909 36.5187149 85.70467377
vertex 102.6906052 38.99491119 88.07873535

endloop
endfacet
facet normal 0.9483041167 0.1258964539 -0.2913234234
outer loop
vertex 103.7940903 30.68302155 88.07873535
vertex 102.6906052 38.99492645 88.07873535
vertex 104.2609482 32.65987396 90.4527359

endloop
endfacet
facet normal 0.96310848 0.261911422 0.06184159592
outer loop
vertex 104.2609482 32.65987396 90.4527359
vertex 102.6906052 38.99492645 88.07873535
vertex 102.014183 40.9217453 90.4527359

endloop
endfacet
facet normal 0.9629333019 0.2618637979 -0.06470546126
outer loop
vertex 104.2609482 32.65987396 90.4527359
vertex 102.014183 40.9217453 90.4527359
vertex 103.8575363 34.72992706 92.8267746

endloop
endfacet
facet normal 0.9610753655 0.274666965 -0.02987043746
outer loop
vertex 103.8575363 34.72992706 92.8267746
vertex 102.014183 40.9217453 90.4527359
vertex 101.4948349 42.99715424 92.8267746

endloop
endfacet
facet normal 0.9552302957 0.2729964852 0.1140524745
outer loop
vertex 103.8575363 34.72992706 92.8267746
vertex 101.4948349 42.99715424 92.8267746
vertex 102.9829025 36.79846954 95.20087433

endloop
endfacet
facet normal 0.9756416082 0.2102855295 -0.06247722358
outer loop
vertex 102.9829025 36.79846954 95.20087433
vertex 101.4948349 42.99715424 92.8267746
vertex 101.1767197 45.17844391 95.20087433

endloop
endfacet
facet normal 0.9775277376 0.2106920332 -0.006955405232
outer loop
vertex 102.9829025 36.79846954 95.20087433
vertex 101.1767197 45.17844391 95.20087433
vertex 102.5784225 38.75347137 97.57498169

endloop
endfacet
facet normal 0.9793652296 0.1789813787 -0.09385781735
outer loop
vertex 102.5784225 38.75347137 97.57498169
vertex 101.1767197 45.17844391 95.20087433
vertex 101.0343246 47.20259857 97.57498932

endloop
endfacet
facet normal 0.9790115356 0.1789167374 -0.09759712219
outer loop
vertex 102.5784225 38.75347137 97.57498169
vertex 101.0343246 47.20259857 97.57498932
vertex 102.5084457 40.43143463 99.94910431

endloop
endfacet
facet normal 0.9795396328 0.1891912669 -0.06862134486
outer loop
vertex 102.5084457 40.43143463 99.94910431
vertex 101.0343246 47.20259857 97.57498932
vertex 100.8802719 48.8613205 99.94910431

endloop
endfacet
facet normal 0.9748965502 0.188294515 -0.1188352704
outer loop
vertex 102.5084457 40.43143463 99.94910431
vertex 100.8802719 48.8613205 99.94910431
vertex 102.5372238 41.78073883 102.3231659

endloop
endfacet
facet normal 0.9761259556 0.2000934035 -0.08450329304
outer loop
vertex 102.5372238 41.78073883 102.3231659
vertex 100.8802719 48.8613205 99.94910431
vertex 100.812767 50.19324493 102.3231659

endloop
endfacet
facet normal 0.9796298146 0.2008116841 -0.0001476328907
outer loop
vertex 102.5371933 41.78075409 102.3231659
vertex 100.8127365 50.19326019 102.3231659
vertex 102.3340683 42.77341461 104.6972198

endloop
endfacet
facet normal 0.981449306 0.1840199977 -0.05379405245
outer loop
vertex 102.3340683 42.77341461 104.6972198
vertex 100.8127365 50.19326019 102.3231659
vertex 100.7165756 51.4001236 104.6972198

endloop
endfacet
facet normal 0.9544507265 0.1789578199 0.2387422621
outer loop
vertex 102.3340683 42.77341461 104.6972198
vertex 100.7165756 51.4001236 104.6972198
vertex 101.6455307 43.27849579 107.0712738

endloop
endfacet
facet normal 0.9807829261 0.1489996314 0.1259517223
outer loop
vertex 101.6455307 43.27849579 107.0712738
vertex 100.7165756 51.4001236 104.6972198
vertex 100.2871017 52.22028351 107.0712814

endloop
endfacet
facet normal 0.942565918 0.1431935877 0.301769793
outer loop
vertex 101.6455307 43.27849579 107.0712738
vertex 100.2871017 52.22028351 107.0712814
vertex 100.8682785 43.3914566 109.4453888

endloop
endfacet
facet normal 0.9702714086 0.1203354448 0.2099827528
outer loop
vertex 100.8682785 43.3914566 109.4453888
vertex 100.2871017 52.22028351 107.0712814
vertex 99.71230316 52.71215057 109.4453888

endloop
endfacet
facet normal 0.9076201916 0.1125623062 0.4044196904
outer loop
vertex 100.868248 43.39147186 109.4453964
vertex 99.71230316 52.71216583 109.4453964
vertex 99.80919647 43.40110016 111.8194962

endloop
endfacet
facet normal 0.957223773 0.08080299199 0.2778372765
outer loop
vertex 99.80919647 43.40110016 111.8194962
vertex 99.71230316 52.71216583 109.4453964
vertex 99.00365448 52.94391632 111.8194809

endloop
endfacet
facet normal 0.9124504924 0.07702372968 0.4018724263
outer loop
vertex 99.80919647 43.40110016 111.8194962
vertex 99.00365448 52.94391632 111.8194809
vertex 98.7649765 43.3841629 114.1936417

endloop
endfacet
facet normal 0.9741659164 0.03122501262 0.2236644626
outer loop
vertex 98.7649765 43.3841629 114.1936417
vertex 99.00365448 52.94391632 111.8194809
vertex 98.47411346 52.45885468 114.1936035

endloop
endfacet
facet normal 0.8923819661 0.02860499918 0.450373441
outer loop
vertex 98.76494598 43.38414764 114.1936417
vertex 98.47408295 52.45883942 114.1935959
vertex 97.56557465 43.4204483 116.5678024

endloop
endfacet
facet normal 0.9280658364 0.004533099476 0.3723886013
outer loop
vertex 97.56557465 43.4204483 116.5678024
vertex 98.47408295 52.45883942 114.1935959
vertex 97.52349091 52.03942108 116.5677643

endloop
endfacet
facet normal 0.8454611301 0.004130485002 0.5340209603
outer loop
vertex 97.56557465 43.4204483 116.5678024
vertex 97.52349091 52.03942108 116.5677643
vertex 96.06484222 43.66158295 118.9418945

endloop
endfacet
facet normal 0.8932738304 -0.02839661762 0.4486150444
outer loop
vertex 96.06484222 43.66158295 118.9418945
vertex 97.52349091 52.03942108 116.5677643
vertex 96.33110809 52.03691864 118.9418564

endloop
endfacet
facet normal 0.8336398005 -0.02650028467 0.5516723394
outer loop
vertex 96.06484222 43.66158295 118.9418945
vertex 96.33110809 52.03691864 118.9418564
vertex 94.50969696 44.16483307 121.3160706

endloop
endfacet
facet normal 0.8183248639 -0.0160624925 0.5745314956
outer loop
vertex 94.50969696 44.16483307 121.3160706
vertex 96.33110809 52.03691864 118.9418564
vertex 94.67568207 52.62088776 121.3160629

endloop
endfacet
facet normal 0.8371424079 -0.01643192396 0.5467382073
outer loop
vertex 94.50972748 44.16487885 121.3160858
vertex 94.67571259 52.62091827 121.3160782
vertex 92.97280121 44.8633194 123.6903534

endloop
endfacet
facet normal 0.8088339567 0.002420535544 0.5880321264
outer loop
vertex 92.97280121 44.8633194 123.6903534
vertex 94.67571259 52.62091827 121.3160782
vertex 92.94762421 53.28186798 123.6903305

endloop
endfacet
facet normal 0.7972693443 0.002386001172 0.6036189795
outer loop
vertex 92.97280121 44.8633194 123.6903534
vertex 92.94762421 53.28186798 123.6903305
vertex 91.17299652 45.60002899 126.0646515

endloop
endfacet
facet normal 0.8182329535 -0.01137229614 0.5747743249
outer loop
vertex 91.17299652 45.60002899 126.0646515
vertex 92.94762421 53.28186798 123.6903305
vertex 91.28777313 53.85623932 126.0646133

endloop
endfacet
facet normal 0.7594091296 -0.01055418793 0.6505278945
outer loop
vertex 91.17299652 45.60002899 126.0646515
vertex 91.28777313 53.85623932 126.0646133
vertex 89.14922333 46.33101654 128.4390106

endloop
endfacet
facet normal 0.7566503882 -0.008750020526 0.6537611485
outer loop
vertex 89.14922333 46.33101654 128.4390106
vertex 91.28777313 53.85623932 126.0646133
vertex 89.24111176 54.27584076 128.4389954

endloop
endfacet
facet normal 0.6901106238 -0.007978932932 0.723659873
outer loop
vertex 89.14922333 46.3310318 128.4390259
vertex 89.24111176 54.27584076 128.4389954
vertex 86.66790009 47.07135773 130.8134766

endloop
endfacet
facet normal 0.7141597867 -0.02451363951 0.6995533705
outer loop
vertex 86.66790009 47.07135773 130.8134766
vertex 89.24111176 54.27584076 128.4389954
vertex 86.9285202 54.66448212 130.8134918

endloop
endfacet
facet normal 0.6399179697 -0.02196555771 0.7681291699
outer loop
vertex 86.66790009 47.07135773 130.8134766
vertex 86.9285202 54.66448212 130.8134918
vertex 83.84404755 47.84224701 133.1880341

endloop
endfacet
facet normal 0.7331687212 -0.09721506387 0.6730622649
outer loop
vertex 83.84404755 47.84224701 133.1880341
vertex 86.9285202 54.66448212 130.8134918
vertex 84.81285858 55.14853668 133.1880035

endloop
endfacet
facet normal 0.6475891471 -0.08587117493 0.7571356297
outer loop
vertex 83.84404755 47.84226227 133.1880493
vertex 84.8128891 55.14855194 133.1880341
vertex 81.19539642 48.80458832 135.5626221

endloop
endfacet
facet normal 0.7273833156 -0.1654931605 0.6659771204
outer loop
vertex 81.19539642 48.80458832 135.5626221
vertex 84.8128891 55.14855194 133.1880341
vertex 82.76638031 55.70926666 135.5625763

endloop
endfacet
facet normal 0.6486663222 -0.1475825608 0.7466266751
outer loop
vertex 81.19539642 48.80458832 135.5626221
vertex 82.76638031 55.70926666 135.5625763
vertex 78.76296234 50.12450409 137.9368134

endloop
endfacet
facet normal 0.6623457074 -0.1640220582 0.7310231924
outer loop
vertex 78.76296234 50.12450409 137.9368134
vertex 82.76638031 55.70926666 135.5625763
vertex 80.35182953 56.54051971 137.9367981

endloop
endfacet
facet normal 0.6184481978 -0.1531511694 0.7707571387
outer loop
vertex 78.76296234 50.12450409 137.9368134
vertex 80.35182953 56.54051971 137.9367981
vertex 76.23900604 51.87656403 140.3101501

endloop
endfacet
facet normal 0.5957550406 -0.1213386208 0.7939476967
outer loop
vertex 76.23900604 51.87656403 140.3101501
vertex 80.35182953 56.54051971 137.9367981
vertex 77.45842743 57.86374664 140.3101501

endloop
endfacet
facet normal 0.5481268167 -0.1116387621 0.8289111853
outer loop
vertex 76.23900604 51.87659454 140.3101654
vertex 77.45845795 57.86377716 140.3101501
vertex 73.10982513 54.1352005 142.6835632

endloop
endfacet
facet normal 0.5417640805 -0.1006731987 0.8344798684
outer loop
vertex 73.10982513 54.1352005 142.6835632
vertex 77.45845795 57.86377716 140.3101501
vertex 74.10106659 59.46935272 142.683548

endloop
endfacet
facet normal 0.4289608002 -0.07971087843 0.8997993469
outer loop
vertex 73.10982513 54.1352005 142.6835632
vertex 74.10106659 59.46935272 142.683548
vertex 68.14104462 56.88608551 145.2960205

endloop
endfacet
facet normal 0.4340854585 -0.09559354931 0.8957855105
outer loop
vertex 68.14104462 56.88608551 145.2960205
vertex 74.10106659 59.46935272 142.683548
vertex 69.05962372 61.05687714 145.2959747

endloop
endfacet
facet normal 0.2175762504 -0.04790493101 0.9748670459
outer loop
vertex 68.1410141 56.88607025 145.2960205
vertex 69.0595932 61.05686188 145.2959595
vertex 52.0956955 60.56044769 149.057663

endloop
endfacet
facet normal 0.216265291 0 0.9763345718
outer loop
vertex 52.0956955 60.56044769 149.057663
vertex 69.0595932 61.05686188 145.2959595
vertex 52.0956955 60.56046295 149.057663

endloop
endfacet
facet normal -0.3199222386 0 0.9474437833
outer loop
vertex 76.23400116 15.21147919 48.43406677
vertex 76.23400116 15.21146393 48.43406677
vertex 87.40193939 16.09870148 52.20513153

endloop
endfacet
facet normal 0.3171336949 0.03615344688 -0.9476915002
outer loop
vertex 87.40193939 16.09870148 52.20513153
vertex 76.23400116 15.21146393 48.43406677
vertex 87.24443817 17.79436493 52.21711349

endloop
endfacet
facet normal 0.666937232 0.06719198078 -0.7420781851
outer loop
vertex 87.40193939 16.09870148 52.20513153
vertex 87.24443817 17.79436493 52.21711349
vertex 90.14092255 17.95619965 54.83496094

endloop
endfacet
facet normal 0.669534266 0.02517877705 -0.7423543334
outer loop
vertex 90.14092255 17.95619965 54.83496094
vertex 87.24443817 17.79436493 52.21711349
vertex 90.0630722 20.18143463 54.84022141

endloop
endfacet
facet normal 0.7159406543 0.02669659443 -0.6976505518
outer loop
vertex 90.14092255 17.95619965 54.83496094
vertex 90.0630722 20.18143463 54.84022141
vertex 92.40041351 19.55005646 57.21467972

endloop
endfacet
facet normal 0.7207286954 0.07739086449 -0.688883841
outer loop
vertex 92.40041351 19.55005646 57.21467972
vertex 90.0630722 20.18143463 54.84022141
vertex 92.13259125 22.05374908 57.21574783

endloop
endfacet
facet normal 0.7607261539 0.08165027201 -0.6439169645
outer loop
vertex 92.40041351 19.55005646 57.21467972
vertex 92.13259125 22.05374908 57.21574783
vertex 94.24285126 21.11548615 59.58984375

endloop
endfacet
facet normal 0.7604209185 0.07931331545 -0.6445692182
outer loop
vertex 94.24285126 21.11548615 59.58984375
vertex 92.13259125 22.05374908 57.21574783
vertex 93.95793915 23.84725189 59.58986282

endloop
endfacet
facet normal 0.7652137876 0.07981316 -0.6388096809
outer loop
vertex 94.24285126 21.11548615 59.58984375
vertex 93.95793915 23.84725189 59.58986282
vertex 96.07994843 22.50399017 61.96393585

endloop
endfacet
facet normal 0.7681811452 0.09433683008 -0.6332443953
outer loop
vertex 96.07994843 22.50399017 61.96393585
vertex 93.95793915 23.84725189 59.58986282
vertex 95.72631073 25.38367462 61.96393967

endloop
endfacet
facet normal 0.7280008197 0.08940160275 -0.6797220707
outer loop
vertex 96.07991791 22.50397491 61.96393585
vertex 95.72628021 25.38368988 61.96393967
vertex 98.16072845 23.60959625 64.33795929

endloop
endfacet
facet normal 0.7398860455 0.1327709109 -0.6595001221
outer loop
vertex 98.16072845 23.60959625 64.33795929
vertex 95.72628021 25.38368988 61.96393967
vertex 97.62117767 26.61632538 64.33795929

endloop
endfacet
facet normal 0.7756552696 0.1391888857 -0.6156178713
outer loop
vertex 98.16072845 23.60961151 64.33796692
vertex 97.62117767 26.6163559 64.33796692
vertex 99.83223724 24.79488373 66.71199036

endloop
endfacet
facet normal 0.7829005122 0.1705294251 -0.5983197093
outer loop
vertex 99.83223724 24.79488373 66.71199036
vertex 97.62117767 26.6163559 64.33796692
vertex 99.12664032 28.03427887 66.71199036

endloop
endfacet
facet normal 0.8423802853 0.1834780872 -0.5066864491
outer loop
vertex 99.83220673 24.79485321 66.71199036
vertex 99.12664032 28.03423309 66.71199036
vertex 100.9432297 26.25022125 69.08610535

endloop
endfacet
facet normal 0.8462677598 0.2103355676 -0.4894791543
outer loop
vertex 100.9432297 26.25022125 69.08610535
vertex 99.12664032 28.03423309 66.71199036
vertex 100.0941696 29.66634369 69.08610535

endloop
endfacet
facet normal 0.8658388853 0.2151998878 -0.4516769052
outer loop
vertex 100.9432297 26.25022125 69.08610535
vertex 100.0941696 29.66634369 69.08610535
vertex 101.8368759 27.63768768 71.46022797

endloop
endfacet
facet normal 0.870690465 0.2577353716 -0.418892175
outer loop
vertex 101.8368759 27.63768768 71.46022797
vertex 100.0941696 29.66634369 69.08610535
vertex 100.7976608 31.14839935 71.46022797

endloop
endfacet
facet normal 0.8892246485 0.2632217407 -0.3741576374
outer loop
vertex 101.8368759 27.63768768 71.46022797
vertex 100.7976608 31.14839935 71.46022797
vertex 102.5150375 28.72135162 73.83431244

endloop
endfacet
facet normal 0.891931057 0.3015129268 -0.3369700611
outer loop
vertex 102.5150375 28.72135162 73.83431244
vertex 100.7976608 31.14839935 71.46022797
vertex 101.2787094 32.37863922 73.83431244

endloop
endfacet
facet normal 0.8875615597 0.3000358045 -0.3495897949
outer loop
vertex 102.5150375 28.72135162 73.83431244
vertex 101.2787094 32.37863922 73.83431244
vertex 103.0537949 29.89376068 76.20836639

endloop
endfacet
facet normal 0.8870729804 0.2924005389 -0.3572162092
outer loop
vertex 103.0537949 29.89376068 76.20836639
vertex 101.2787094 32.37863922 73.83431244
vertex 101.8298264 33.606987 76.20836639

endloop
endfacet
facet normal 0.8964175582 0.2954807281 -0.3303432465
outer loop
vertex 103.0537949 29.89376068 76.20836639
vertex 101.8298264 33.606987 76.20836639
vertex 103.3979721 31.50377655 78.58242798

endloop
endfacet
facet normal 0.8955610991 0.260866344 -0.360442847
outer loop
vertex 103.3979721 31.50377655 78.58242798
vertex 101.8298264 33.606987 76.20836639
vertex 102.3102951 35.2378006 78.58242798

endloop
endfacet
facet normal 0.9390166402 0.2735156417 -0.2084155232
outer loop
vertex 103.3979416 31.50374603 78.58242035
vertex 102.3102951 35.23778534 78.58242035
vertex 103.5139999 32.91428375 80.95645142

endloop
endfacet
facet normal 0.9386273026 0.2789340913 -0.2029149383
outer loop
vertex 103.5139999 32.91428375 80.95645142
vertex 102.3102951 35.23778534 78.58242035
vertex 102.3760605 36.74350739 80.95645142

endloop
endfacet
facet normal 0.9366539121 0.278347671 -0.2126078755
outer loop
vertex 103.5139999 32.91428375 80.95645142
vertex 102.3760605 36.74350739 80.95645142
vertex 103.5911179 34.4681778 83.33056641

endloop
endfacet
facet normal 0.9317830205 0.3213080168 -0.1689422131
outer loop
vertex 103.5911179 34.4681778 83.33056641
vertex 102.3760605 36.74350739 80.95645142
vertex 102.2426682 38.37863922 83.33056641

endloop
endfacet
facet normal 0.929692328 0.320587039 -0.1813728362
outer loop
vertex 103.5911179 34.4681778 83.33056641
vertex 102.2426682 38.37863922 83.33056641
vertex 103.3471909 36.5187149 85.70467377

endloop
endfacet
facet normal 0.9115961194 0.3947069645 -0.1148867533
outer loop
vertex 103.3471909 36.5187149 85.70467377
vertex 102.2426682 38.37863922 83.33056641
vertex 101.6414413 40.45822906 85.70466614

endloop
endfacet
facet normal 0.9060572386 0.3923086226 -0.1586012095
outer loop
vertex 103.3471909 36.5187149 85.70467377
vertex 101.6414413 40.45822906 85.70466614
vertex 102.6906052 38.99491119 88.07873535

endloop
endfacet
facet normal 0.8835077882 0.4553744793 -0.1097637936
outer loop
vertex 102.6906052 38.99491119 88.07873535
vertex 101.6414413 40.45822906 85.70466614
vertex 100.5273361 43.19203949 88.07873535

endloop
endfacet
facet normal 0.8827009797 0.4549458027 -0.1177420467
outer loop
vertex 102.6906052 38.99492645 88.07873535
vertex 100.5273972 43.19205475 88.07873535
vertex 102.014183 40.9217453 90.4527359

endloop
endfacet
facet normal 0.8911144137 0.4290386438 -0.1477867216
outer loop
vertex 102.014183 40.9217453 90.4527359
vertex 100.5273972 43.19205475 88.07873535
vertex 99.91646576 45.27870941 90.4527359

endloop
endfacet
facet normal 0.8864263296 0.4267815351 -0.1791808754
outer loop
vertex 102.014183 40.9217453 90.4527359
vertex 99.91646576 45.27870941 90.4527359
vertex 101.4948349 42.99715424 92.8267746

endloop
endfacet
facet normal 0.8949807882 0.3854416907 -0.2245976776
outer loop
vertex 101.4948349 42.99715424 92.8267746
vertex 99.91646576 45.27870941 90.4527359
vertex 99.58721161 47.42658234 92.8267746

endloop
endfacet
facet normal 0.893012464 0.3845939338 -0.2337011993
outer loop
vertex 101.4948349 42.99715424 92.8267746
vertex 99.58721161 47.42658234 92.8267746
vertex 101.1767197 45.17844391 95.20087433

endloop
endfacet
facet normal 0.8925060034 0.3877827227 -0.2303425968
outer loop
vertex 101.1767197 45.17844391 95.20087433
vertex 99.58721161 47.42658234 92.8267746
vertex 99.27581024 49.55350494 95.20087433

endloop
endfacet
facet normal 0.8821049929 0.3832636178 -0.273860991
outer loop
vertex 101.1767197 45.17844391 95.20087433
vertex 99.27581024 49.55350494 95.20087433
vertex 101.0343246 47.20259857 97.57498932

endloop
endfacet
facet normal 0.8765097857 0.4223094881 -0.2310524583
outer loop
vertex 101.0343246 47.20259857 97.57498932
vertex 99.27581024 49.55350494 95.20087433
vertex 98.97283173 51.48125458 97.57498169

endloop
endfacet
facet normal 0.8750479221 0.4216051102 -0.2377821356
outer loop
vertex 101.0343246 47.20259857 97.57498932
vertex 98.97283173 51.48125458 97.57498169
vertex 100.8802719 48.8613205 99.94910431

endloop
endfacet
facet normal 0.8739622831 0.428496033 -0.2293055058
outer loop
vertex 100.8802719 48.8613205 99.94910431
vertex 98.97283173 51.48125458 97.57498169
vertex 98.80821991 53.08748627 99.94910431

endloop
endfacet
facet normal 0.8766487241 0.4298131764 -0.2162119895
outer loop
vertex 100.8802719 48.8613205 99.94910431
vertex 98.80821991 53.08748627 99.94910431
vertex 100.812767 50.19324493 102.3231659

endloop
endfacet
facet normal 0.8788645267 0.413438946 -0.2380449027
outer loop
vertex 100.812767 50.19324493 102.3231659
vertex 98.80821991 53.08748627 99.94910431
vertex 98.81789398 54.43383026 102.3231659

endloop
endfacet
facet normal 0.8906024694 0.4189637899 -0.1769087315
outer loop
vertex 100.8127365 50.19326019 102.3231659
vertex 98.81786346 54.433815 102.3231659
vertex 100.7165756 51.4001236 104.6972198

endloop
endfacet
facet normal 0.8847751021 0.4446876943 -0.1393767148
outer loop
vertex 100.7165756 51.4001236 104.6972198
vertex 98.81786346 54.433815 102.3231659
vertex 98.54543304 55.71994781 104.6972198

endloop
endfacet
facet normal 0.8934772611 0.4490614533 0.006496459711
outer loop
vertex 100.7165756 51.4001236 104.6972198
vertex 98.54543304 55.71994781 104.6972198
vertex 100.2871017 52.22028351 107.0712814

endloop
endfacet
facet normal 0.8823227286 0.4686281383 0.04352339357
outer loop
vertex 100.2871017 52.22028351 107.0712814
vertex 98.54543304 55.71994781 104.6972198
vertex 97.94728851 56.62563324 107.0712738

endloop
endfacet
facet normal 0.8772124052 0.4659139812 0.1158551797
outer loop
vertex 100.2871017 52.22028351 107.0712814
vertex 97.94728851 56.62563324 107.0712738
vertex 99.71230316 52.71215057 109.4453888

endloop
endfacet
facet normal 0.8974398971 0.4377672672 0.05442027003
outer loop
vertex 99.71230316 52.71215057 109.4453888
vertex 97.94728851 56.62563324 107.0712738
vertex 97.47649384 57.29564667 109.4453888

endloop
endfacet
facet normal 0.8767606616 0.4276785851 0.2199587226
outer loop
vertex 99.71230316 52.71216583 109.4453964
vertex 97.47649384 57.29567719 109.4453964
vertex 99.00365448 52.94391632 111.8194809

endloop
endfacet
facet normal 0.9189298749 0.3800445199 0.1055182815
outer loop
vertex 99.00365448 52.94391632 111.8194809
vertex 97.47649384 57.29567719 109.4453964
vertex 97.03920746 57.69385529 111.8194885

endloop
endfacet
facet normal 0.8888884783 0.3676199317 0.2733730972
outer loop
vertex 99.00365448 52.94391632 111.8194809
vertex 97.03920746 57.69385529 111.8194885
vertex 98.47411346 52.45885468 114.1936035

endloop
endfacet
facet normal 0.9356703758 0.3219651282 0.1444279999
outer loop
vertex 98.47411346 52.45885468 114.1936035
vertex 97.03920746 57.69385529 111.8194885
vertex 96.88909149 57.06511688 114.1936188

endloop
endfacet
facet normal 0.8667547703 0.2982506454 0.3997281492
outer loop
vertex 98.47408295 52.45883942 114.1935959
vertex 96.88906097 57.06508636 114.1936188
vertex 97.52349091 52.03942108 116.5677643

endloop
endfacet
facet normal 0.9146046042 0.2612512112 0.3086199164
outer loop
vertex 97.52349091 52.03942108 116.5677643
vertex 96.88906097 57.06508636 114.1936188
vertex 96.2465744 56.50971222 116.5677795

endloop
endfacet
facet normal 0.8657611012 0.2472988516 0.435087353
outer loop
vertex 97.52349091 52.03942108 116.5677643
vertex 96.2465744 56.50971222 116.5677795
vertex 96.33110809 52.03691864 118.9418564

endloop
endfacet
facet normal 0.9073472023 0.2103399336 0.3639754355
outer loop
vertex 96.33110809 52.03691864 118.9418564
vertex 96.2465744 56.50971222 116.5677795
vertex 95.28749847 56.53870392 118.9418869

endloop
endfacet
facet normal 0.8265758753 0.1916143 0.5292034745
outer loop
vertex 96.33110809 52.03691864 118.9418564
vertex 95.28749847 56.53870392 118.9418869
vertex 94.67568207 52.62088776 121.3160629

endloop
endfacet
facet normal 0.8947772384 0.1207685098 0.4298704863
outer loop
vertex 94.67568207 52.62088776 121.3160629
vertex 95.28749847 56.53870392 118.9418869
vertex 94.05541229 57.21648407 121.3160629

endloop
endfacet
facet normal 0.8179449439 0.1103984192 0.5646044612
outer loop
vertex 94.67571259 52.62091827 121.3160782
vertex 94.05544281 57.21651459 121.3160782
vertex 92.94762421 53.28186798 123.6903305

endloop
endfacet
facet normal 0.8478365541 0.07779441774 0.5245199203
outer loop
vertex 92.94762421 53.28186798 123.6903305
vertex 94.05544281 57.21651459 121.3160782
vertex 92.52819061 57.85318756 123.6903076

endloop
endfacet
facet normal 0.8257384896 0.0757670179 0.5589411855
outer loop
vertex 92.94762421 53.28186798 123.6903305
vertex 92.52819061 57.85318756 123.6903076
vertex 91.28777313 53.85623932 126.0646133

endloop
endfacet
facet normal 0.8159521818 0.08634464443 0.5716350675
outer loop
vertex 91.28777313 53.85623932 126.0646133
vertex 92.52819061 57.85318756 123.6903076
vertex 90.8174057 58.30118561 126.0646133

endloop
endfacet
facet normal 0.7619809508 0.08063337207 0.6425600052
outer loop
vertex 91.28777313 53.85623932 126.0646133
vertex 90.8174057 58.30118561 126.0646133
vertex 89.24111176 54.27584076 128.4389954

endloop
endfacet
facet normal 0.7657371759 0.07679820806 0.6385518909
outer loop
vertex 89.24111176 54.27584076 128.4389954
vertex 90.8174057 58.30118561 126.0646133
vertex 88.8090744 58.58345795 128.4390106

endloop
endfacet
facet normal 0.7203961015 0.07225049287 0.6897893548
outer loop
vertex 89.24111176 54.27584076 128.4389954
vertex 88.8090744 58.58345795 128.4390106
vertex 86.9285202 54.66448212 130.8134918

endloop
endfacet
facet normal 0.7603051066 0.02835360542 0.6489469409
outer loop
vertex 86.9285202 54.66448212 130.8134918
vertex 88.8090744 58.58345795 128.4390106
vertex 86.7715683 58.87351227 130.8134766

endloop
endfacet
facet normal 0.7491611242 0.02793811634 0.6617984176
outer loop
vertex 86.9285202 54.66448212 130.8134918
vertex 86.7715683 58.87351227 130.8134766
vertex 84.81285858 55.14853668 133.1880035

endloop
endfacet
facet normal 0.7906771302 -0.02583571151 0.6116879582
outer loop
vertex 84.81285858 55.14853668 133.1880035
vertex 86.7715683 58.87351227 130.8134766
vertex 84.94557953 59.20996857 133.1879883

endloop
endfacet
facet normal 0.7543756962 -0.02464107424 0.6559803486
outer loop
vertex 84.8128891 55.14855194 133.1880341
vertex 84.94557953 59.20999908 133.1880035
vertex 82.76638031 55.70926666 135.5625763

endloop
endfacet
facet normal 0.7622518539 -0.0361295715 0.6462714076
outer loop
vertex 82.76638031 55.70926666 135.5625763
vertex 84.94557953 59.20999908 133.1880035
vertex 82.94857025 59.55251312 135.5625458

endloop
endfacet
facet normal 0.69495821 -0.03293893859 0.7182953358
outer loop
vertex 82.76638031 55.70926666 135.5625763
vertex 82.94857025 59.55251312 135.5625458
vertex 80.35182953 56.54051971 137.9367981

endloop
endfacet
facet normal 0.6804016829 -0.008968032897 0.7327844501
outer loop
vertex 80.35182953 56.54051971 137.9367981
vertex 82.94857025 59.55251312 135.5625458
vertex 80.39989471 60.18346405 137.9367523

endloop
endfacet
facet normal 0.6319000125 -0.008327580988 0.7750051618
outer loop
vertex 80.35182953 56.54051971 137.9367981
vertex 80.39989471 60.18346405 137.9367523
vertex 77.45842743 57.86374664 140.3101501

endloop
endfacet
facet normal 0.6249049902 0.006343443878 0.7806751132
outer loop
vertex 77.45842743 57.86374664 140.3101501
vertex 80.39989471 60.18346405 137.9367523
vertex 77.42363739 61.29285431 140.3101349

endloop
endfacet
facet normal 0.5791118741 0.005884191953 0.8152268529
outer loop
vertex 77.45845795 57.86377716 140.3101501
vertex 77.42363739 61.29286957 140.3101349
vertex 74.10106659 59.46935272 142.683548

endloop
endfacet
facet normal 0.5807807446 0.001323308679 0.8140589595
outer loop
vertex 74.10106659 59.46935272 142.683548
vertex 77.42363739 61.29286957 140.3101349
vertex 74.09395599 62.57134247 142.6835785

endloop
endfacet
facet normal 0.4603469372 0.001046505757 0.8877384663
outer loop
vertex 74.10106659 59.46935272 142.683548
vertex 74.09395599 62.57134247 142.6835785
vertex 69.05962372 61.05687714 145.2959747

endloop
endfacet
facet normal 0.4600388408 0.002342164516 0.8878957629
outer loop
vertex 69.05962372 61.05687714 145.2959747
vertex 74.09395599 62.57134247 142.6835785
vertex 69.04708099 63.50307465 145.2960205

endloop
endfacet
facet normal 0.2164584696 0.001085524564 0.9762912393
outer loop
vertex 69.0595932 61.05686188 145.2959595
vertex 69.04705048 63.50304413 145.2960205
vertex 52.0956955 60.56046295 149.057663

endloop
endfacet
facet normal -0.2154096663 0 -0.9765238166
outer loop
vertex 52.0956955 60.56046295 149.057663
vertex 69.04705048 63.50304413 145.2960205
vertex 52.0956955 60.56044769 149.057663

endloop
endfacet
facet normal -0.3249421716 0 0.9457339048
outer loop
vertex 76.23400116 15.21146393 48.43406677
vertex 76.23400116 15.21144867 48.43406677
vertex 87.24443817 17.79436493 52.21711349

endloop
endfacet
facet normal 0.3001297712 0.1086382195 -0.9476919174
outer loop
vertex 87.24443817 17.79436493 52.21711349
vertex 76.23400116 15.21144867 48.43406677
vertex 86.76964569 19.15413666 52.22262573

endloop
endfacet
facet normal 0.5699173212 0.2022270113 -0.7964286208
outer loop
vertex 87.24443817 17.79436493 52.21711349
vertex 86.76964569 19.15413666 52.22262573
vertex 90.0630722 20.18143463 54.84022141

endloop
endfacet
facet normal 0.5810864568 0.1667791605 -0.796569705
outer loop
vertex 90.0630722 20.18143463 54.84022141
vertex 86.76964569 19.15413666 52.22262573
vertex 89.53081512 22.03818512 54.84069824

endloop
endfacet
facet normal 0.6613247395 0.1897620708 -0.7256996036
outer loop
vertex 90.0630722 20.18143463 54.84022141
vertex 89.53081512 22.03818512 54.84069824
vertex 92.13259125 22.05374908 57.21574783

endloop
endfacet
facet normal 0.6563893557 0.2236320376 -0.7205148935
outer loop
vertex 92.13259125 22.05374908 57.21574783
vertex 89.53081512 22.03818512 54.84069824
vertex 91.39891815 24.20717621 57.21574783

endloop
endfacet
facet normal 0.6789646149 0.2313233912 -0.696775794
outer loop
vertex 92.13259125 22.05374908 57.21574783
vertex 91.39891815 24.20717621 57.21574783
vertex 93.95793915 23.84725189 59.58986282

endloop
endfacet
facet normal 0.6773825288 0.2481193691 -0.6925241351
outer loop
vertex 93.95793915 23.84725189 59.58986282
vertex 91.39891815 24.20717621 57.21574783
vertex 93.1059494 26.17324066 59.58986282

endloop
endfacet
facet normal 0.6903395653 0.2528654635 -0.6778571606
outer loop
vertex 93.95793915 23.84725189 59.58986282
vertex 93.1059494 26.17324066 59.58986282
vertex 95.72631073 25.38367462 61.96393967

endloop
endfacet
facet normal 0.6899120808 0.2695469856 -0.6718375087
outer loop
vertex 95.72631073 25.38367462 61.96393967
vertex 93.1059494 26.17324066 59.58986282
vertex 94.75640106 27.86617279 61.96393585

endloop
endfacet
facet normal 0.6812494397 0.26615569 -0.6819533706
outer loop
vertex 95.72628021 25.38368988 61.96393967
vertex 94.75640106 27.86617279 61.96393585
vertex 97.62117767 26.61632538 64.33795929

endloop
endfacet
facet normal 0.6834962368 0.3277682364 -0.6522275805
outer loop
vertex 97.62117767 26.61632538 64.33795929
vertex 94.75640106 27.86617279 61.96393585
vertex 96.35222626 29.26247406 64.33795929

endloop
endfacet
facet normal 0.693810761 0.3327146173 -0.638692081
outer loop
vertex 97.62117767 26.6163559 64.33796692
vertex 96.35222626 29.26248932 64.33795929
vertex 99.12664032 28.03427887 66.71199036

endloop
endfacet
facet normal 0.6927824616 0.378793478 -0.6136513352
outer loop
vertex 99.12664032 28.03427887 66.71199036
vertex 96.35222626 29.26248932 64.33795929
vertex 97.63698578 30.75873566 66.71199036

endloop
endfacet
facet normal 0.7230616808 0.3953529894 -0.5664608479
outer loop
vertex 99.12664032 28.03423309 66.71199036
vertex 97.63695526 30.7587204 66.71199036
vertex 100.0941696 29.66634369 69.08610535

endloop
endfacet
facet normal 0.7167034745 0.4447544515 -0.5371495485
outer loop
vertex 100.0941696 29.66634369 69.08610535
vertex 97.63695526 30.7587204 66.71199036
vertex 98.43151093 32.34564972 69.08610535

endloop
endfacet
facet normal 0.7347112298 0.4559292495 -0.5023226142
outer loop
vertex 100.0941696 29.66634369 69.08610535
vertex 98.43151093 32.34564972 69.08610535
vertex 100.7976608 31.14839935 71.46022797

endloop
endfacet
facet normal 0.7277154922 0.4933564365 -0.4764761627
outer loop
vertex 100.7976608 31.14839935 71.46022797
vertex 98.43151093 32.34564972 69.08610535
vertex 98.96135712 33.85700226 71.46022797

endloop
endfacet
facet normal 0.7523976564 0.5100897551 -0.4167807102
outer loop
vertex 100.7976608 31.14839935 71.46022797
vertex 98.96135712 33.85700226 71.46022797
vertex 101.2787094 32.37863922 73.83431244

endloop
endfacet
facet normal 0.760607183 0.4654333889 -0.4526019692
outer loop
vertex 101.2787094 32.37863922 73.83431244
vertex 98.96135712 33.85700226 71.46022797
vertex 99.50734711 35.27338409 73.83431244

endloop
endfacet
facet normal 0.7725333571 0.4727312922 -0.4239308238
outer loop
vertex 101.2787094 32.37863922 73.83431244
vertex 99.50734711 35.27338409 73.83431244
vertex 101.8298264 33.606987 76.20836639

endloop
endfacet
facet normal 0.776496768 0.4409961104 -0.4500836432
outer loop
vertex 101.8298264 33.606987 76.20836639
vertex 99.50734711 35.27338409 73.83431244
vertex 100.1013718 36.65041351 76.20836639

endloop
endfacet
facet normal 0.7729872465 0.4390029609 -0.4580033422
outer loop
vertex 101.8298264 33.606987 76.20836639
vertex 100.1013718 36.65041351 76.20836639
vertex 102.3102951 35.2378006 78.58242798

endloop
endfacet
facet normal 0.7670410275 0.4754964709 -0.4307564795
outer loop
vertex 102.3102951 35.2378006 78.58242798
vertex 100.1013718 36.65041351 76.20836639
vertex 100.4124069 38.29935455 78.58242798

endloop
endfacet
facet normal 0.8002748489 0.496098429 -0.3368181288
outer loop
vertex 102.3102951 35.23778534 78.58242035
vertex 100.4124069 38.29933929 78.58242035
vertex 102.3760605 36.74350739 80.95645142

endloop
endfacet
facet normal 0.7901910543 0.5313668251 -0.3053641915
outer loop
vertex 102.3760605 36.74350739 80.95645142
vertex 100.4124069 38.29933929 78.58242035
vertex 100.3878098 39.7002182 80.95645142

endloop
endfacet
facet normal 0.7862067223 0.5286875367 -0.3199507594
outer loop
vertex 102.3760605 36.74350739 80.95645142
vertex 100.3878098 39.7002182 80.95645142
vertex 102.2426682 38.37863922 83.33056641

endloop
endfacet
facet normal 0.7772092223 0.5536518693 -0.2990244031
outer loop
vertex 102.2426682 38.37863922 83.33056641
vertex 100.3878098 39.7002182 80.95645142
vertex 100.1562119 41.30757904 83.33056641

endloop
endfacet
facet normal 0.7797030807 0.5554284453 -0.2890716493
outer loop
vertex 102.2426682 38.37863922 83.33056641
vertex 100.1562119 41.30757904 83.33056641
vertex 101.6414413 40.45822906 85.70466614

endloop
endfacet
facet normal 0.7790485024 0.5568159819 -0.2881657183
outer loop
vertex 101.6414413 40.45822906 85.70466614
vertex 100.1562119 41.30757904 83.33056641
vertex 99.38802338 43.61101532 85.70466614

endloop
endfacet
facet normal 0.7818232179 0.5587992072 -0.2765790522
outer loop
vertex 101.6414413 40.45822906 85.70466614
vertex 99.38802338 43.61101532 85.70466614
vertex 100.5273361 43.19203949 88.07873535

endloop
endfacet
facet normal 0.7922536135 0.5395557284 -0.2849806845
outer loop
vertex 100.5273361 43.19203949 88.07873535
vertex 99.38802338 43.61101532 85.70466614
vertex 98.08876801 46.77269745 88.07873535

endloop
endfacet
facet normal 0.7954864502 0.5417597294 -0.2714733183
outer loop
vertex 100.5273972 43.19205475 88.07873535
vertex 98.08882904 46.77269745 88.07873535
vertex 99.91646576 45.27870941 90.4527359

endloop
endfacet
facet normal 0.7924585342 0.5497869253 -0.2640905678
outer loop
vertex 99.91646576 45.27870941 90.4527359
vertex 98.08882904 46.77269745 88.07873535
vertex 97.39754486 48.90946198 90.4527359

endloop
endfacet
facet normal 0.7623966336 0.5289307833 -0.3728051782
outer loop
vertex 99.91646576 45.27870941 90.4527359
vertex 97.39754486 48.90946198 90.4527359
vertex 99.58721161 47.42658234 92.8267746

endloop
endfacet
facet normal 0.7567455173 0.5488004684 -0.3551818728
outer loop
vertex 99.58721161 47.42658234 92.8267746
vertex 97.39754486 48.90946198 90.4527359
vertex 97.01735687 50.9701767 92.8267746

endloop
endfacet
facet normal 0.7464317083 0.5413206816 -0.387055099
outer loop
vertex 99.58721161 47.42658234 92.8267746
vertex 97.01735687 50.9701767 92.8267746
vertex 99.27581024 49.55350494 95.20087433

endloop
endfacet
facet normal 0.743070364 0.5529888272 -0.3768949509
outer loop
vertex 99.27581024 49.55350494 95.20087433
vertex 97.01735687 50.9701767 92.8267746
vertex 96.70323944 53.01035309 95.2008667

endloop
endfacet
facet normal 0.7493149042 0.5576360226 -0.3571684659
outer loop
vertex 99.27581024 49.55350494 95.20087433
vertex 96.70323944 53.01035309 95.2008667
vertex 98.97283173 51.48125458 97.57498169

endloop
endfacet
facet normal 0.7408033609 0.5838598013 -0.3321416676
outer loop
vertex 98.97283173 51.48125458 97.57498169
vertex 96.70323944 53.01035309 95.2008667
vertex 96.35741425 54.79970551 97.57498169

endloop
endfacet
facet normal 0.7379391789 0.5816023946 -0.3423221409
outer loop
vertex 98.97283173 51.48125458 97.57498169
vertex 96.35741425 54.79970551 97.57498169
vertex 98.80821991 53.08748627 99.94910431

endloop
endfacet
facet normal 0.7294653654 0.6070577502 -0.3152161539
outer loop
vertex 98.80821991 53.08748627 99.94910431
vertex 96.35741425 54.79970551 97.57498169
vertex 96.14293671 56.29019928 99.94910431

endloop
endfacet
facet normal 0.7218490839 0.6007195115 -0.3436129689
outer loop
vertex 98.80821991 53.08748627 99.94910431
vertex 96.14293671 56.29019928 99.94910431
vertex 98.81789398 54.43383026 102.3231659

endloop
endfacet
facet normal 0.7105501294 0.6342824697 -0.3046378195
outer loop
vertex 98.81789398 54.43383026 102.3231659
vertex 96.14293671 56.29019928 99.94910431
vertex 96.02596283 57.56147003 102.3231659

endloop
endfacet
facet normal 0.7192823887 0.6420672536 -0.2652969956
outer loop
vertex 98.81786346 54.433815 102.3231659
vertex 96.02596283 57.56147003 102.3231659
vertex 98.54543304 55.71994781 104.6972198

endloop
endfacet
facet normal 0.6938493848 0.6918875575 -0.1996612996
outer loop
vertex 98.54543304 55.71994781 104.6972198
vertex 96.02596283 57.56147003 102.3231659
vertex 95.50505829 58.76894379 104.6972198

endloop
endfacet
facet normal 0.7051954865 0.7032015324 -0.09059211612
outer loop
vertex 98.54543304 55.71994781 104.6972198
vertex 95.50505829 58.76894379 104.6972198
vertex 97.94728851 56.62563324 107.0712738

endloop
endfacet
facet normal 0.6796658635 0.7325453162 -0.03783754259
outer loop
vertex 97.94728851 56.62563324 107.0712738
vertex 95.50505829 58.76894379 104.6972198
vertex 94.68968964 59.64807892 107.0712662

endloop
endfacet
facet normal 0.6783964634 0.7311770916 -0.07182171941
outer loop
vertex 97.94728851 56.62563324 107.0712738
vertex 94.68968964 59.64807892 107.0712662
vertex 97.47649384 57.29564667 109.4453888

endloop
endfacet
facet normal 0.664383769 0.7462995648 -0.04038893059
outer loop
vertex 97.47649384 57.29564667 109.4453888
vertex 94.68968964 59.64807892 107.0712662
vertex 94.00609589 60.38512421 109.4453812

endloop
endfacet
facet normal 0.6649166942 0.7469123006 -0.002798972419
outer loop
vertex 97.47649384 57.29567719 109.4453964
vertex 94.00606537 60.38512421 109.4453888
vertex 97.03920746 57.69385529 111.8194885

endloop
endfacet
facet normal 0.6721819639 0.7401217818 -0.01977862045
outer loop
vertex 97.03920746 57.69385529 111.8194885
vertex 94.00606537 60.38512421 109.4453888
vertex 93.60448456 60.81328583 111.8194885

endloop
endfacet
facet normal 0.6539629102 0.7200614214 0.2320430577
outer loop
vertex 97.03920746 57.69385529 111.8194885
vertex 93.60448456 60.81328583 111.8194885
vertex 96.88909149 57.06511688 114.1936188

endloop
endfacet
facet normal 0.7277117968 0.6822664738 0.07034283876
outer loop
vertex 96.88909149 57.06511688 114.1936188
vertex 93.60448456 60.81328583 111.8194885
vertex 93.92363739 60.22809601 114.193634

endloop
endfacet
facet normal 0.686961472 0.6440566182 0.3365635276
outer loop
vertex 96.88906097 57.06508636 114.1936188
vertex 93.92360687 60.22808075 114.193634
vertex 96.2465744 56.50971222 116.5677795

endloop
endfacet
facet normal 0.8391231298 0.5431344509 0.02961839363
outer loop
vertex 96.2465744 56.50971222 116.5677795
vertex 93.92360687 60.22808075 114.193634
vertex 93.98342133 60.0062027 116.5677643

endloop
endfacet
facet normal 0.7966107726 0.5156189799 0.3155128956
outer loop
vertex 96.2465744 56.50971222 116.5677795
vertex 93.98342133 60.0062027 116.5677643
vertex 95.28749847 56.53870392 118.9418869

endloop
endfacet
facet normal 0.8577371836 0.4680991769 0.2125323713
outer loop
vertex 95.28749847 56.53870392 118.9418869
vertex 93.98342133 60.0062027 116.5677643
vertex 93.27233124 60.23126984 118.9418716

endloop
endfacet
facet normal 0.8363262415 0.4564148188 0.303716749
outer loop
vertex 95.28749847 56.53870392 118.9418869
vertex 93.27233124 60.23126984 118.9418716
vertex 94.05541229 57.21648407 121.3160629

endloop
endfacet
facet normal 0.8792814612 0.4139429033 0.2356173098
outer loop
vertex 94.05541229 57.21648407 121.3160629
vertex 93.27233124 60.23126984 118.9418716
vertex 92.30873871 60.92670441 121.3160553

endloop
endfacet
facet normal 0.8195223808 0.385817796 0.4237070382
outer loop
vertex 94.05544281 57.21651459 121.3160782
vertex 92.30873871 60.92671967 121.3160782
vertex 92.52819061 57.85318756 123.6903076

endloop
endfacet
facet normal 0.8786844015 0.3295570314 0.3454068601
outer loop
vertex 92.52819061 57.85318756 123.6903076
vertex 92.30873871 60.92671967 121.3160782
vertex 91.14144135 61.55063629 123.6902924

endloop
endfacet
facet normal 0.7999043465 0.30001086 0.5197561383
outer loop
vertex 92.52819061 57.85318756 123.6903076
vertex 91.14144135 61.55063629 123.6902924
vertex 90.8174057 58.30118561 126.0646133

endloop
endfacet
facet normal 0.806771338 0.2940308452 0.5125092268
outer loop
vertex 90.8174057 58.30118561 126.0646133
vertex 91.14144135 61.55063629 123.6902924
vertex 89.50460052 61.90323639 126.0646515

endloop
endfacet
facet normal 0.7501993179 0.2734116614 0.6020358205
outer loop
vertex 90.8174057 58.30118561 126.0646133
vertex 89.50460052 61.90323639 126.0646515
vertex 88.8090744 58.58345795 128.4390106

endloop
endfacet
facet normal 0.7962907553 0.232562229 0.5584227443
outer loop
vertex 88.8090744 58.58345795 128.4390106
vertex 89.50460052 61.90323639 126.0646515
vertex 87.73705292 62.25397491 128.4390411

endloop
endfacet
facet normal 0.7534227967 0.2200416028 0.6196254492
outer loop
vertex 88.8090744 58.58345795 128.4390106
vertex 87.73705292 62.25397491 128.4390411
vertex 86.7715683 58.87351227 130.8134766

endloop
endfacet
facet normal 0.8278004527 0.1443660706 0.5421299934
outer loop
vertex 86.7715683 58.87351227 130.8134766
vertex 87.73705292 62.25397491 128.4390411
vertex 86.12563324 62.57738495 130.8134613

endloop
endfacet
facet normal 0.7944585085 0.1385516375 0.5913029313
outer loop
vertex 86.7715683 58.87351227 130.8134766
vertex 86.12563324 62.57738495 130.8134613
vertex 84.94557953 59.20996857 133.1879883

endloop
endfacet
facet normal 0.807174325 0.1240959391 0.5771220922
outer loop
vertex 84.94557953 59.20996857 133.1879883
vertex 86.12563324 62.57738495 130.8134613
vertex 84.39629364 62.78290558 133.1879578

endloop
endfacet
facet normal 0.768294394 0.1181197017 0.6291037202
outer loop
vertex 84.94557953 59.20999908 133.1880035
vertex 84.39629364 62.78292084 133.187973
vertex 82.94857025 59.55251312 135.5625458

endloop
endfacet
facet normal 0.7448699474 0.1449194252 0.651281178
outer loop
vertex 82.94857025 59.55251312 135.5625458
vertex 84.39629364 62.78292084 133.187973
vertex 82.29143524 62.93018341 135.5625305

endloop
endfacet
facet normal 0.6930605769 0.1348400265 0.7081561685
outer loop
vertex 82.94857025 59.55251312 135.5625458
vertex 82.29143524 62.93018341 135.5625305
vertex 80.39989471 60.18346405 137.9367523

endloop
endfacet
facet normal 0.6760502458 0.1567778885 0.7199838758
outer loop
vertex 80.39989471 60.18346405 137.9367523
vertex 82.29143524 62.93018341 135.5625305
vertex 79.68138885 63.28205109 137.9366913

endloop
endfacet
facet normal 0.6500890255 0.1507584751 0.7447524071
outer loop
vertex 80.39989471 60.18346405 137.9367523
vertex 79.68138885 63.28205109 137.9366913
vertex 77.42363739 61.29285431 140.3101349

endloop
endfacet
facet normal 0.6409118176 0.1666169316 0.7493135333
outer loop
vertex 77.42363739 61.29285431 140.3101349
vertex 79.68138885 63.28205109 137.9366913
vertex 76.67821503 64.16075897 140.3100128

endloop
endfacet
facet normal 0.6128645539 0.1593288183 0.7739582658
outer loop
vertex 77.42363739 61.29286957 140.3101349
vertex 76.67821503 64.16075897 140.3100128
vertex 74.09395599 62.57134247 142.6835785

endloop
endfacet
facet normal 0.6240084171 0.1348435432 0.7696951628
outer loop
vertex 74.09395599 62.57134247 142.6835785
vertex 76.67821503 64.16075897 140.3100128
vertex 73.52367401 65.21031952 142.6835938

endloop
endfacet
facet normal 0.472089529 0.1020133123 0.8756281734
outer loop
vertex 74.09395599 62.57134247 142.6835785
vertex 73.52367401 65.21031952 142.6835938
vertex 69.04708099 63.50307465 145.2960205

endloop
endfacet
facet normal 0.4732933939 0.09848102182 0.8753826618
outer loop
vertex 69.04708099 63.50307465 145.2960205
vertex 73.52367401 65.21031952 142.6835938
vertex 68.60765839 65.6140976 145.2961121

endloop
endfacet
facet normal 0.2092270106 0.0435196273 0.976898253
outer loop
vertex 69.04705048 63.50304413 145.2960205
vertex 68.60759735 65.61406708 145.2960968
vertex 52.0956955 60.56044769 149.057663

endloop
endfacet
facet normal -0.221621111 0 -0.9751328826
outer loop
vertex 52.0956955 60.56044769 149.057663
vertex 68.60759735 65.61406708 145.2960968
vertex 52.0956955 60.56043243 149.057663

endloop
endfacet
facet normal 0.4239325523 -0.3179251254 -0.8480594158
outer loop
vertex 76.23400116 15.21144867 48.43406677
vertex 76.23403168 15.21147919 48.43407059
vertex 86.76964569 19.15413666 52.22262573

endloop
endfacet
facet normal 0.2900822759 0.1352106333 -0.9474018812
outer loop
vertex 86.76964569 19.15413666 52.22262573
vertex 76.23403168 15.21147919 48.43407059
vertex 86.13756561 20.52651215 52.2249527

endloop
endfacet
facet normal 0.5224491954 0.2420126796 -0.8176042438
outer loop
vertex 86.76964569 19.15413666 52.22262573
vertex 86.13756561 20.52651215 52.2249527
vertex 89.53081512 22.03818512 54.84069824

endloop
endfacet
facet normal 0.5122203231 0.2642561495 -0.8171896338
outer loop
vertex 89.53081512 22.03818512 54.84069824
vertex 86.13756561 20.52651215 52.2249527
vertex 88.61287689 23.81752777 54.84071732

endloop
endfacet
facet normal 0.5925624967 0.3057027757 -0.7452620864
outer loop
vertex 89.53081512 22.03818512 54.84069824
vertex 88.61287689 23.81752777 54.84071732
vertex 91.39891815 24.20717621 57.21574783

endloop
endfacet
facet normal 0.5984460115 0.2849815786 -0.7487641573
outer loop
vertex 91.39891815 24.20717621 57.21574783
vertex 88.61287689 23.81752777 54.84071732
vertex 90.39928436 26.3063736 57.21575546

endloop
endfacet
facet normal 0.6367530823 0.3032231927 -0.708943665
outer loop
vertex 91.39891815 24.20717621 57.21574783
vertex 90.39928436 26.3063736 57.21575546
vertex 93.1059494 26.17324066 59.58986282

endloop
endfacet
facet normal 0.6254932284 0.3584652543 -0.6930086613
outer loop
vertex 93.1059494 26.17324066 59.58986282
vertex 90.39928436 26.3063736 57.21575546
vertex 91.84294891 28.37708282 59.58986664

endloop
endfacet
facet normal 0.6265985966 0.3590987623 -0.6916806698
outer loop
vertex 93.1059494 26.17324066 59.58986282
vertex 91.84294891 28.37708282 59.58986664
vertex 94.75640106 27.86617279 61.96393585

endloop
endfacet
facet normal 0.6250404716 0.369717598 -0.6874833703
outer loop
vertex 94.75640106 27.86617279 61.96393585
vertex 91.84294891 28.37708282 59.58986664
vertex 93.37477875 30.20194244 61.96394348

endloop
endfacet
facet normal 0.6467804313 0.38257429 -0.6597818136
outer loop
vertex 94.75640106 27.86617279 61.96393585
vertex 93.37477875 30.2019577 61.96394348
vertex 96.35222626 29.26247406 64.33795929

endloop
endfacet
facet normal 0.6472539306 0.3766456246 -0.6627218723
outer loop
vertex 96.35222626 29.26247406 64.33795929
vertex 93.37477875 30.2019577 61.96394348
vertex 94.89443207 31.76766205 64.33796692

endloop
endfacet
facet normal 0.6799480319 0.3956729174 -0.6173440218
outer loop
vertex 96.35222626 29.26248932 64.33795929
vertex 94.89443207 31.76766205 64.33796692
vertex 97.63698578 30.75873566 66.71199036

endloop
endfacet
facet normal 0.6726505756 0.4545398355 -0.5838961601
outer loop
vertex 97.63698578 30.75873566 66.71199036
vertex 94.89443207 31.76766205 64.33796692
vertex 95.92967987 33.28530121 66.71199799

endloop
endfacet
facet normal 0.6942118406 0.4691079259 -0.5459007025
outer loop
vertex 97.63695526 30.7587204 66.71199036
vertex 95.92964935 33.28528595 66.71199036
vertex 98.43151093 32.34564972 69.08610535

endloop
endfacet
facet normal 0.6768800616 0.5409550071 -0.4992004335
outer loop
vertex 98.43151093 32.34564972 69.08610535
vertex 95.92964935 33.28528595 66.71199036
vertex 96.46498871 34.8062973 69.08610535

endloop
endfacet
facet normal 0.6781522036 0.5419717431 -0.4963630438
outer loop
vertex 98.43151093 32.34564972 69.08610535
vertex 96.46498871 34.8062973 69.08610535
vertex 98.96135712 33.85700226 71.46022797

endloop
endfacet
facet normal 0.6754934788 0.5510693192 -0.4899297357
outer loop
vertex 98.96135712 33.85700226 71.46022797
vertex 96.46498871 34.8062973 69.08610535
vertex 96.90001678 36.38376617 71.46022797

endloop
endfacet
facet normal 0.6774136424 0.5526356697 -0.4854941666
outer loop
vertex 98.96135712 33.85700226 71.46022797
vertex 96.90001678 36.38376617 71.46022797
vertex 99.50734711 35.27338409 73.83431244

endloop
endfacet
facet normal 0.6865010262 0.5154418945 -0.5128703713
outer loop
vertex 99.50734711 35.27338409 73.83431244
vertex 96.90001678 36.38376617 71.46022797
vertex 97.45632172 38.00508881 73.83432007

endloop
endfacet
facet normal 0.7011811733 0.5264639258 -0.4808126688
outer loop
vertex 99.50734711 35.27338409 73.83431244
vertex 97.45632172 38.00508881 73.83432007
vertex 100.1013718 36.65041351 76.20836639

endloop
endfacet
facet normal 0.6970658898 0.545435667 -0.4654020369
outer loop
vertex 100.1013718 36.65041351 76.20836639
vertex 97.45632172 38.00508881 73.83432007
vertex 97.92488861 39.43196869 76.20838165

endloop
endfacet
facet normal 0.6955175996 0.544224143 -0.4691217542
outer loop
vertex 100.1013718 36.65041351 76.20836639
vertex 97.92488861 39.43196869 76.20838165
vertex 100.4124069 38.29935455 78.58242798

endloop
endfacet
facet normal 0.6795877814 0.5959902406 -0.4277338386
outer loop
vertex 100.4124069 38.29935455 78.58242798
vertex 97.92488861 39.43196869 76.20838165
vertex 98.06096649 40.98062897 78.58243561

endloop
endfacet
facet normal 0.7024978399 0.6160923839 -0.3562680185
outer loop
vertex 100.4124069 38.29933929 78.58242035
vertex 98.06093597 40.98059845 78.58242035
vertex 100.3878098 39.7002182 80.95645142

endloop
endfacet
facet normal 0.7080672383 0.6017941833 -0.3694382012
outer loop
vertex 100.3878098 39.7002182 80.95645142
vertex 98.06093597 40.98059845 78.58242035
vertex 98.0283432 42.47635651 80.95645905

endloop
endfacet
facet normal 0.7159850597 0.608523488 -0.3421469331
outer loop
vertex 100.3878098 39.7002182 80.95645142
vertex 98.0283432 42.47635651 80.95645905
vertex 100.1562119 41.30757904 83.33056641

endloop
endfacet
facet normal 0.7239145041 0.5892938972 -0.3587207496
outer loop
vertex 100.1562119 41.30757904 83.33056641
vertex 98.0283432 42.47635651 80.95645905
vertex 97.8458786 44.14569855 83.33057404

endloop
endfacet
facet normal 0.7293180227 0.5936924815 -0.3400358558
outer loop
vertex 100.1562119 41.30757904 83.33056641
vertex 97.8458786 44.14569855 83.33057404
vertex 99.38802338 43.61101532 85.70466614

endloop
endfacet
facet normal 0.7304801345 0.5915498734 -0.3412733078
outer loop
vertex 99.38802338 43.61101532 85.70466614
vertex 97.8458786 44.14569855 83.33057404
vertex 96.97173309 46.59479523 85.70467377

endloop
endfacet
facet normal 0.7183349133 0.5817146897 -0.3815796077
outer loop
vertex 99.38802338 43.61101532 85.70466614
vertex 96.97173309 46.59479523 85.70467377
vertex 98.08876801 46.77269745 88.07873535

endloop
endfacet
facet normal 0.6924968362 0.618027091 -0.3721434772
outer loop
vertex 98.08876801 46.77269745 88.07873535
vertex 96.97173309 46.59479523 85.70467377
vertex 95.23183441 49.97388458 88.07874298

endloop
endfacet
facet normal 0.6969404817 0.6220061183 -0.3569067121
outer loop
vertex 98.08882904 46.77269745 88.07873535
vertex 95.23183441 49.97388458 88.07874298
vertex 97.39754486 48.90946198 90.4527359

endloop
endfacet
facet normal 0.6923944354 0.6318612099 -0.3483408093
outer loop
vertex 97.39754486 48.90946198 90.4527359
vertex 95.23183441 49.97388458 88.07874298
vertex 94.45418549 52.13480377 90.45274353

endloop
endfacet
facet normal 0.6693190932 0.6108034253 -0.4230026305
outer loop
vertex 97.39754486 48.90946198 90.4527359
vertex 94.45418549 52.13480377 90.45274353
vertex 97.01735687 50.9701767 92.8267746

endloop
endfacet
facet normal 0.6555116773 0.6462655067 -0.3906985819
outer loop
vertex 97.01735687 50.9701767 92.8267746
vertex 94.45418549 52.13480377 90.45274353
vertex 93.96212006 54.06912994 92.82678223

endloop
endfacet
facet normal 0.634604454 0.6256533265 -0.4536904693
outer loop
vertex 97.01735687 50.9701767 92.8267746
vertex 93.96212006 54.06912994 92.82678223
vertex 96.70323944 53.01035309 95.2008667

endloop
endfacet
facet normal 0.6159033775 0.6718007922 -0.4115175903
outer loop
vertex 96.70323944 53.01035309 95.2008667
vertex 93.96212006 54.06912994 92.82678223
vertex 93.51604462 55.93236542 95.20088196

endloop
endfacet
facet normal 0.6146073341 0.6703872085 -0.4157389998
outer loop
vertex 96.70323944 53.01035309 95.2008667
vertex 93.51604462 55.93236542 95.20088196
vertex 96.35741425 54.79970551 97.57498169

endloop
endfacet
facet normal 0.5847874284 0.7313271761 -0.3509761393
outer loop
vertex 96.35741425 54.79970551 97.57498169
vertex 93.51604462 55.93236542 95.20088196
vertex 93.01961517 57.46869659 97.57498932

endloop
endfacet
facet normal 0.5729084611 0.7164716125 -0.398050487
outer loop
vertex 96.35741425 54.79970551 97.57498169
vertex 93.01961517 57.46869659 97.57498932
vertex 96.14293671 56.29019928 99.94910431

endloop
endfacet
facet normal 0.5385379791 0.7786639333 -0.3219615817
outer loop
vertex 96.14293671 56.29019928 99.94910431
vertex 93.01961517 57.46869659 97.57498932
vertex 92.63463593 58.71660614 99.94911194

endloop
endfacet
facet normal 0.5258662105 0.7603422999 -0.3812404275
outer loop
vertex 96.14293671 56.29019928 99.94910431
vertex 92.63463593 58.71660614 99.94911194
vertex 96.02596283 57.56147003 102.3231659

endloop
endfacet
facet normal 0.5120460391 0.7845388651 -0.349725157
outer loop
vertex 96.02596283 57.56147003 102.3231659
vertex 92.63463593 58.71660614 99.94911194
vertex 92.4373703 59.90364838 102.3231812

endloop
endfacet
facet normal 0.5226389766 0.8007686138 -0.2926058173
outer loop
vertex 96.02596283 57.56147003 102.3231659
vertex 92.4373703 59.90364838 102.3231812
vertex 95.50505829 58.76894379 104.6972198

endloop
endfacet
facet normal 0.5118103623 0.8149590492 -0.2718307674
outer loop
vertex 95.50505829 58.76894379 104.6972198
vertex 92.4373703 59.90364838 102.3231812
vertex 91.79488373 61.09900665 104.6972198

endloop
endfacet
facet normal 0.5273354053 0.8396796584 -0.1298285574
outer loop
vertex 95.50505829 58.76894379 104.6972198
vertex 91.79488373 61.09900665 104.6972198
vertex 94.68968964 59.64807892 107.0712662

endloop
endfacet
facet normal 0.4932322204 0.8669477105 -0.07157953084
outer loop
vertex 94.68968964 59.64807892 107.0712662
vertex 91.79488373 61.09900665 104.6972198
vertex 90.74028778 61.8950119 107.0712814

endloop
endfacet
facet normal 0.4905324876 0.8622027636 -0.1264292151
outer loop
vertex 94.68968964 59.64807892 107.0712662
vertex 90.74028778 61.8950119 107.0712814
vertex 94.00609589 60.38512421 109.4453812

endloop
endfacet
facet normal 0.4570747912 0.887080431 -0.06458314508
outer loop
vertex 94.00609589 60.38512421 109.4453812
vertex 90.74028778 61.8950119 107.0712814
vertex 89.78780365 62.5586319 109.4453964

endloop
endfacet
facet normal 0.4564726651 0.8858990073 -0.08255647868
outer loop
vertex 94.00606537 60.38512421 109.4453888
vertex 89.78783417 62.5586319 109.4454041
vertex 93.60448456 60.81328583 111.8194885

endloop
endfacet
facet normal 0.4625805616 0.8813987374 -0.09568417072
outer loop
vertex 93.60448456 60.81328583 111.8194885
vertex 89.78783417 62.5586319 109.4454041
vertex 89.3456955 63.04840851 111.8195038

endloop
endfacet
facet normal 0.4591752589 0.8749086857 0.1539251059
outer loop
vertex 93.60448456 60.81328583 111.8194885
vertex 89.3456955 63.04840851 111.8195038
vertex 93.92363739 60.22809601 114.193634

endloop
endfacet
facet normal 0.5484093428 0.8334941864 -0.06733918935
outer loop
vertex 93.92363739 60.22809601 114.193634
vertex 89.3456955 63.04840851 111.8195038
vertex 90.16072845 62.7039566 114.1936493

endloop
endfacet
facet normal 0.5485278964 0.8336722255 0.06409236044
outer loop
vertex 93.92360687 60.22808075 114.193634
vertex 90.16072845 62.70392609 114.1936417
vertex 93.98342133 60.0062027 116.5677643

endloop
endfacet
facet normal 0.6183242798 0.7779597044 -0.1115964055
outer loop
vertex 93.98342133 60.0062027 116.5677643
vertex 90.16072845 62.70392609 114.1936417
vertex 90.70592499 62.61116791 116.5677872

endloop
endfacet
facet normal 0.6183353662 0.7779717445 0.1114508212
outer loop
vertex 93.98342133 60.0062027 116.5677643
vertex 90.70592499 62.61116791 116.5677872
vertex 93.27233124 60.23126984 118.9418716

endloop
endfacet
facet normal 0.6373821497 0.7664548159 0.07931596041
outer loop
vertex 93.27233124 60.23126984 118.9418716
vertex 90.70592499 62.61116791 116.5677872
vertex 90.12612152 62.84764862 118.9418945

endloop
endfacet
facet normal 0.639020741 0.768425703 0.0342711322
outer loop
vertex 93.27233124 60.23126984 118.9418716
vertex 90.12612152 62.84764862 118.9418945
vertex 92.30873871 60.92670441 121.3160553

endloop
endfacet
facet normal 0.663829267 0.7478662729 -0.005170537159
outer loop
vertex 92.30873871 60.92670441 121.3160553
vertex 90.12612152 62.84764862 118.9418945
vertex 89.34630585 63.55625153 121.3160782

endloop
endfacet
facet normal 0.6583196521 0.7416421771 0.1287718415
outer loop
vertex 92.30873871 60.92671967 121.3160782
vertex 89.34633636 63.5562973 121.3160934
vertex 91.14144135 61.55063629 123.6902924

endloop
endfacet
facet normal 0.6896794438 0.7189978957 0.08593174815
outer loop
vertex 91.14144135 61.55063629 123.6902924
vertex 89.34633636 63.5562973 121.3160934
vertex 88.41628265 64.16466522 123.6903458

endloop
endfacet
facet normal 0.649217546 0.676810503 0.3470504284
outer loop
vertex 91.14144135 61.55063629 123.6902924
vertex 88.41628265 64.16466522 123.6903458
vertex 89.50460052 61.90323639 126.0646515

endloop
endfacet
facet normal 0.7426059842 0.6209133863 0.251003921
outer loop
vertex 89.50460052 61.90323639 126.0646515
vertex 88.41628265 64.16466522 123.6903458
vertex 87.07640839 64.80730438 126.0647125

endloop
endfacet
facet normal 0.6926045418 0.5791016817 0.430046618
outer loop
vertex 89.50460052 61.90323639 126.0646515
vertex 87.07640839 64.80730438 126.0647125
vertex 87.73705292 62.25397491 128.4390411

endloop
endfacet
facet normal 0.7863194942 0.5174075365 0.3376256526
outer loop
vertex 87.73705292 62.25397491 128.4390411
vertex 87.07640839 64.80730438 126.0647125
vertex 85.63317108 65.45128632 128.4390717

endloop
endfacet
facet normal 0.7495424151 0.4932138324 0.4415045381
outer loop
vertex 87.73705292 62.25397491 128.4390411
vertex 85.63314056 65.45128632 128.4390717
vertex 86.12563324 62.57738495 130.8134613

endloop
endfacet
facet normal 0.7908578515 0.4646246135 0.3983312547
outer loop
vertex 86.12563324 62.57738495 130.8134613
vertex 85.63314056 65.45128632 128.4390717
vertex 84.25279999 65.76519012 130.8134918

endloop
endfacet
facet normal 0.7445119619 0.437395364 0.5043680668
outer loop
vertex 86.12563324 62.57738495 130.8134613
vertex 84.25279999 65.76519012 130.8134918
vertex 84.39629364 62.78290558 133.1879578

endloop
endfacet
facet normal 0.730683744 0.4464192688 0.5165375471
outer loop
vertex 84.39629364 62.78290558 133.1879578
vertex 84.25279999 65.76519012 130.8134918
vertex 82.54061127 65.82015228 133.1880188

endloop
endfacet
facet normal 0.6911743283 0.4222736955 0.5864835382
outer loop
vertex 84.39629364 62.78292084 133.187973
vertex 82.54064178 65.82015228 133.1880341
vertex 82.29143524 62.93018341 135.5625305

endloop
endfacet
facet normal 0.7055870295 0.4125442207 0.5761545897
outer loop
vertex 82.29143524 62.93018341 135.5625305
vertex 82.54064178 65.82015228 133.1880341
vertex 80.5795517 65.85796356 135.5626068

endloop
endfacet
facet normal 0.6499246359 0.3799960911 0.6581799984
outer loop
vertex 82.29143524 62.93018341 135.5625305
vertex 80.5795517 65.85796356 135.5626068
vertex 79.68138885 63.28205109 137.9366913

endloop
endfacet
facet normal 0.7100520134 0.3271183372 0.6235542297
outer loop
vertex 79.68138885 63.28205109 137.9366913
vertex 80.5795517 65.85796356 135.5626068
vertex 78.34600067 66.18056488 137.9367523

endloop
endfacet
facet normal 0.6440405846 0.2967041731 0.7051086426
outer loop
vertex 79.68138885 63.28205109 137.9366913
vertex 78.34600067 66.18056488 137.9367523
vertex 76.67821503 64.16075897 140.3100128

endloop
endfacet
facet normal 0.6679983139 0.2653388083 0.6952506304
outer loop
vertex 76.67821503 64.16075897 140.3100128
vertex 78.34600067 66.18056488 137.9367523
vertex 75.56447601 66.96446991 140.3100739

endloop
endfacet
facet normal 0.6339703798 0.2518141568 0.7312121987
outer loop
vertex 76.67821503 64.16075897 140.3100128
vertex 75.56447601 66.96450043 140.3100891
vertex 73.52367401 65.21031952 142.6835938

endloop
endfacet
facet normal 0.6483955979 0.2283276618 0.7262572646
outer loop
vertex 73.52367401 65.21031952 142.6835938
vertex 75.56447601 66.96450043 140.3100891
vertex 72.6450119 67.70531464 142.6836548

endloop
endfacet
facet normal 0.4733551145 0.1666802168 0.8649581671
outer loop
vertex 73.52367401 65.21031952 142.6835938
vertex 72.6450119 67.70531464 142.6836548
vertex 68.60765839 65.6140976 145.2961121

endloop
endfacet
facet normal 0.4713114798 0.1709730178 0.8652362227
outer loop
vertex 68.60765839 65.6140976 145.2961121
vertex 72.6450119 67.70531464 142.6836548
vertex 67.89199066 67.58693695 145.2961121

endloop
endfacet
facet normal 0.2003344744 0.07267141342 0.9770286679
outer loop
vertex 68.60759735 65.61406708 145.2960968
vertex 67.89196014 67.58687592 145.2960968
vertex 52.0956955 60.56043243 149.057663

endloop
endfacet
facet normal 0.3114131093 -0.2076087296 0.9273189902
outer loop
vertex 52.0956955 60.56043243 149.057663
vertex 67.89196014 67.58687592 145.2960968
vertex 52.09572601 60.56047821 149.057663

endloop
endfacet
facet normal 0.1119675934 0.4302462041 -0.8957407475
outer loop
vertex 76.23403168 15.21147919 48.43407059
vertex 76.23400116 15.21147919 48.43406677
vertex 86.13756561 20.52651215 52.2249527

endloop
endfacet
facet normal 0.253203541 0.2028585225 -0.9459050298
outer loop
vertex 86.13756561 20.52651215 52.2249527
vertex 76.23400116 15.21147919 48.43406677
vertex 85.20049286 21.69763947 52.22527313

endloop
endfacet
facet normal 0.4280408919 0.3427239954 -0.8362543583
outer loop
vertex 86.13756561 20.52651215 52.2249527
vertex 85.20049286 21.69763947 52.22527313
vertex 88.61287689 23.81752777 54.84071732

endloop
endfacet
facet normal 0.4474721849 0.3131861091 -0.8376652598
outer loop
vertex 88.61287689 23.81752777 54.84071732
vertex 85.20049286 21.69763947 52.22527313
vertex 87.46559906 25.45668793 54.84070206

endloop
endfacet
facet normal 0.5200946331 0.3640164435 -0.7726535797
outer loop
vertex 88.61287689 23.81752777 54.84071732
vertex 87.46559906 25.45668793 54.84070206
vertex 90.39928436 26.3063736 57.21575546

endloop
endfacet
facet normal 0.5311307907 0.3379684985 -0.7769668698
outer loop
vertex 90.39928436 26.3063736 57.21575546
vertex 87.46559906 25.45668793 54.84070206
vertex 89.16017914 28.253685 57.21575928

endloop
endfacet
facet normal 0.6021835804 0.3831803799 -0.7003910542
outer loop
vertex 90.39928436 26.3063736 57.21575546
vertex 89.16017914 28.253685 57.21575928
vertex 91.84294891 28.37708282 59.58986664

endloop
endfacet
facet normal 0.599096477 0.3932908177 -0.6974281073
outer loop
vertex 91.84294891 28.37708282 59.58986664
vertex 89.16017914 28.253685 57.21575928
vertex 90.45531464 30.49086761 59.58987427

endloop
endfacet
facet normal 0.6026850939 0.3956465721 -0.6929895282
outer loop
vertex 91.84294891 28.37708282 59.58986664
vertex 90.45531464 30.49086761 59.58987427
vertex 93.37477875 30.20194244 61.96394348

endloop
endfacet
facet normal 0.5908784866 0.4458652735 -0.6723589897
outer loop
vertex 93.37477875 30.20194244 61.96394348
vertex 90.45531464 30.49086761 59.58987427
vertex 91.74080658 32.36734772 61.96394348

endloop
endfacet
facet normal 0.5909100771 0.4458839297 -0.6723189354
outer loop
vertex 93.37477875 30.2019577 61.96394348
vertex 91.7408371 32.36734772 61.96394348
vertex 94.89443207 31.76766205 64.33796692

endloop
endfacet
facet normal 0.5846077204 0.4774088562 -0.6559836864
outer loop
vertex 94.89443207 31.76766205 64.33796692
vertex 91.7408371 32.36734772 61.96394348
vertex 93.06597137 34.00669098 64.33796692

endloop
endfacet
facet normal 0.6219940186 0.5079242587 -0.5959331393
outer loop
vertex 94.89443207 31.76766205 64.33796692
vertex 93.06600189 34.0067215 64.33796692
vertex 95.92967987 33.28530121 66.71199799

endloop
endfacet
facet normal 0.6163805723 0.5298906565 -0.5824867487
outer loop
vertex 95.92967987 33.28530121 66.71199799
vertex 93.06600189 34.0067215 64.33796692
vertex 93.91695404 35.62654877 66.71199799

endloop
endfacet
facet normal 0.6534913182 0.5617976189 -0.5072796345
outer loop
vertex 95.92964935 33.28528595 66.71199036
vertex 93.91692352 35.62651825 66.71199036
vertex 96.46498871 34.8062973 69.08610535

endloop
endfacet
facet normal 0.6486240625 0.5764370561 -0.4969981015
outer loop
vertex 96.46498871 34.8062973 69.08610535
vertex 93.91692352 35.62651825 66.71199036
vertex 94.32231903 37.21729279 69.08610535

endloop
endfacet
facet normal 0.6470543146 0.5750419497 -0.5006471276
outer loop
vertex 96.46498871 34.8062973 69.08610535
vertex 94.32231903 37.21729279 69.08610535
vertex 96.90001678 36.38376617 71.46022797

endloop
endfacet
facet normal 0.6525354385 0.5581240058 -0.5125379562
outer loop
vertex 96.90001678 36.38376617 71.46022797
vertex 94.32231903 37.21729279 69.08610535
vertex 94.75884247 38.88713837 71.46022797

endloop
endfacet
facet normal 0.6453081369 0.5519423485 -0.5281449556
outer loop
vertex 96.90001678 36.38376617 71.46022797
vertex 94.75884247 38.88713837 71.46022797
vertex 97.45632172 38.00508881 73.83432007

endloop
endfacet
facet normal 0.6425638795 0.5613534451 -0.5215303302
outer loop
vertex 97.45632172 38.00508881 73.83432007
vertex 94.75884247 38.88713837 71.46022797
vertex 95.20134735 40.58628082 73.83431244

endloop
endfacet
facet normal 0.6615239382 0.577917397 -0.4779096544
outer loop
vertex 97.45632172 38.00508881 73.83432007
vertex 95.20134735 40.58628082 73.83431244
vertex 97.92488861 39.43196869 76.20838165

endloop
endfacet
facet normal 0.6448913217 0.6291502714 -0.4339183867
outer loop
vertex 97.92488861 39.43196869 76.20838165
vertex 95.20134735 40.58628082 73.83431244
vertex 95.42662811 41.99272919 76.20837402

endloop
endfacet
facet normal 0.6411007047 0.6254521608 -0.4447466433
outer loop
vertex 97.92488861 39.43196869 76.20838165
vertex 95.42662811 41.99272919 76.20837402
vertex 98.06096649 40.98062897 78.58243561

endloop
endfacet
facet normal 0.6369618773 0.6359847188 -0.4356638491
outer loop
vertex 98.06096649 40.98062897 78.58243561
vertex 95.42662811 41.99272919 76.20837402
vertex 95.49874115 43.54679108 78.58243561

endloop
endfacet
facet normal 0.6488024592 0.6478109956 -0.3992446363
outer loop
vertex 98.06093597 40.98059845 78.58242035
vertex 95.49871063 43.5467453 78.58242035
vertex 98.0283432 42.47635651 80.95645905

endloop
endfacet
facet normal 0.6590229273 0.62305516 -0.4212967157
outer loop
vertex 98.0283432 42.47635651 80.95645905
vertex 95.49871063 43.5467453 78.58242035
vertex 95.48503876 45.16648102 80.95645905

endloop
endfacet
facet normal 0.6682331562 0.631762743 -0.3928618133
outer loop
vertex 98.0283432 42.47635651 80.95645905
vertex 95.48503876 45.16648102 80.95645905
vertex 97.8458786 44.14569855 83.33057404

endloop
endfacet
facet normal 0.663931191 0.6414073706 -0.3844370544
outer loop
vertex 97.8458786 44.14569855 83.33057404
vertex 95.48503876 45.16648102 80.95645905
vertex 95.24526215 46.83763885 83.33057404

endloop
endfacet
facet normal 0.6553781033 0.6331444383 -0.4118345082
outer loop
vertex 97.8458786 44.14569855 83.33057404
vertex 95.24526215 46.83763885 83.33057404
vertex 96.97173309 46.59479523 85.70467377

endloop
endfacet
facet normal 0.628364265 0.6742601395 -0.3879840374
outer loop
vertex 96.97173309 46.59479523 85.70467377
vertex 95.24526215 46.83763885 83.33057404
vertex 94.14318085 49.23081207 85.70467377

endloop
endfacet
facet normal 0.5994891524 0.6432760358 -0.4762442708
outer loop
vertex 96.97173309 46.59479523 85.70467377
vertex 94.14318085 49.23081207 85.70467377
vertex 95.23183441 49.97388458 88.07874298

endloop
endfacet
facet normal 0.5461651683 0.6948050857 -0.4679203033
outer loop
vertex 95.23183441 49.97388458 88.07874298
vertex 94.14318085 49.23081207 85.70467377
vertex 91.90041351 52.59261322 88.07874298

endloop
endfacet
facet normal 0.5498252511 0.6994549036 -0.4565687478
outer loop
vertex 95.23183441 49.97388458 88.07874298
vertex 91.90044403 52.59261322 88.07874298
vertex 94.45418549 52.13480377 90.45274353

endloop
endfacet
facet normal 0.5567369461 0.6874526739 -0.4663183689
outer loop
vertex 94.45418549 52.13480377 90.45274353
vertex 91.90044403 52.59261322 88.07874298
vertex 91.14138031 54.81769562 90.45274353

endloop
endfacet
facet normal 0.5622940063 0.6943144202 -0.4491692185
outer loop
vertex 94.45418549 52.13480377 90.45274353
vertex 91.14138031 54.81769562 90.45274353
vertex 93.96212006 54.06912994 92.82678223

endloop
endfacet
facet normal 0.548540175 0.7202638388 -0.4246453047
outer loop
vertex 93.96212006 54.06912994 92.82678223
vertex 91.14138031 54.81769562 90.45274353
vertex 90.57106781 56.65169525 92.82678223

endloop
endfacet
facet normal 0.5396253467 0.7085581422 -0.4546974897
outer loop
vertex 93.96212006 54.06912994 92.82678223
vertex 90.57106781 56.65169525 92.82678223
vertex 93.51604462 55.93236542 95.20088196

endloop
endfacet
facet normal 0.5040752292 0.7695066929 -0.3921321034
outer loop
vertex 93.51604462 55.93236542 95.20088196
vertex 90.57106781 56.65169525 92.82678223
vertex 89.94368744 58.27248383 95.20088196

endloop
endfacet
facet normal 0.5039906502 0.7693775892 -0.3924940526
outer loop
vertex 93.51604462 55.93236542 95.20088196
vertex 89.94368744 58.27248383 95.20088196
vertex 93.01961517 57.46869659 97.57498932

endloop
endfacet
facet normal 0.4783578515 0.806877017 -0.3465878963
outer loop
vertex 93.01961517 57.46869659 97.57498932
vertex 89.94368744 58.27248383 95.20088196
vertex 89.33092499 59.65554047 97.57498932

endloop
endfacet
facet normal 0.4783642292 0.8068876863 -0.3465543687
outer loop
vertex 93.01961517 57.46869659 97.57498932
vertex 89.33092499 59.65554047 97.57498932
vertex 92.63463593 58.71660614 99.94911194

endloop
endfacet
facet normal 0.4579509497 0.8341504335 -0.3073661625
outer loop
vertex 92.63463593 58.71660614 99.94911194
vertex 89.33092499 59.65554047 97.57498932
vertex 88.84444427 60.79743195 99.94911194

endloop
endfacet
facet normal 0.4470875263 0.8143630028 -0.3700347841
outer loop
vertex 92.63463593 58.71660614 99.94911194
vertex 88.84444427 60.79743195 99.94911194
vertex 92.4373703 59.90364838 102.3231812

endloop
endfacet
facet normal 0.4098718166 0.8629826307 -0.2954082191
outer loop
vertex 92.4373703 59.90364838 102.3231812
vertex 88.84444427 60.79743195 99.94911194
vertex 88.52776337 61.76050568 102.3231735

endloop
endfacet
facet normal 0.406341821 0.8555501103 -0.3208118677
outer loop
vertex 92.4373703 59.90364838 102.3231812
vertex 88.52776337 61.76050568 102.3231735
vertex 91.79488373 61.09900665 104.6972198

endloop
endfacet
facet normal 0.3721216321 0.889795661 -0.2641765177
outer loop
vertex 91.79488373 61.09900665 104.6972198
vertex 88.52776337 61.76050568 102.3231735
vertex 87.72374725 62.8015976 104.6972198

endloop
endfacet
facet normal 0.3822093606 0.9139168262 -0.1366460323
outer loop
vertex 91.79488373 61.09900665 104.6972198
vertex 87.72374725 62.8015976 104.6972198
vertex 90.74028778 61.8950119 107.0712814

endloop
endfacet
facet normal 0.391495198 0.9077387452 -0.1508040875
outer loop
vertex 90.74028778 61.8950119 107.0712814
vertex 87.72374725 62.8015976 104.6972198
vertex 86.57216644 63.6926651 107.0712814

endloop
endfacet
facet normal 0.3941443264 0.9138810635 -0.0973219797
outer loop
vertex 90.74028778 61.8950119 107.0712814
vertex 86.57216644 63.6926651 107.0712814
vertex 89.78780365 62.5586319 109.4453964

endloop
endfacet
facet normal 0.4009858668 0.9096215367 -0.108623229
outer loop
vertex 89.78780365 62.5586319 109.4453964
vertex 86.57216644 63.6926651 107.0712814
vertex 85.51494598 64.4422226 109.4453888

endloop
endfacet
facet normal 0.4007901251 0.909183979 -0.1129237562
outer loop
vertex 89.78783417 62.5586319 109.4454041
vertex 85.51494598 64.4422226 109.4453964
vertex 89.3456955 63.04840851 111.8195038

endloop
endfacet
facet normal 0.3997310102 0.9099128842 -0.1107868254
outer loop
vertex 89.3456955 63.04840851 111.8195038
vertex 85.51494598 64.4422226 109.4453964
vertex 84.9701767 64.97060394 111.8195038

endloop
endfacet
facet normal 0.4022012949 0.9155362248 -0.005243638996
outer loop
vertex 89.3456955 63.04840851 111.8195038
vertex 84.9701767 64.97060394 111.8195038
vertex 90.16072845 62.7039566 114.1936493

endloop
endfacet
facet normal 0.4485789537 0.8830840588 -0.1376209557
outer loop
vertex 90.16072845 62.7039566 114.1936493
vertex 84.9701767 64.97060394 111.8195038
vertex 86.06850433 64.7826767 114.1936417

endloop
endfacet
facet normal 0.4518086016 0.8894423246 -0.069002226
outer loop
vertex 90.16072845 62.70392609 114.1936417
vertex 86.06850433 64.78264618 114.193634
vertex 90.70592499 62.61116791 116.5677872

endloop
endfacet
facet normal 0.4920458794 0.8512115479 -0.1825645119
outer loop
vertex 90.70592499 62.61116791 116.5677872
vertex 86.06850433 64.78264618 114.193634
vertex 86.9665451 64.77272797 116.5677795

endloop
endfacet
facet normal 0.5001325011 0.8652018905 0.03596090898
outer loop
vertex 90.70592499 62.61116791 116.5677872
vertex 86.9665451 64.77272797 116.5677795
vertex 90.12612152 62.84764862 118.9418945

endloop
endfacet
facet normal 0.5374919176 0.8426601291 -0.03203681484
outer loop
vertex 90.12612152 62.84764862 118.9418945
vertex 86.9665451 64.77272797 116.5677795
vertex 86.59764862 65.09828949 118.9418869

endloop
endfacet
facet normal 0.5362619162 0.84073174 -0.07478758693
outer loop
vertex 90.12612152 62.84764862 118.9418945
vertex 86.59764862 65.09828949 118.9418869
vertex 89.34630585 63.55625153 121.3160782

endloop
endfacet
facet normal 0.528480649 0.8466847539 -0.06191245839
outer loop
vertex 89.34630585 63.55625153 121.3160782
vertex 86.59764862 65.09828949 118.9418869
vertex 85.86806488 65.72728729 121.3160782

endloop
endfacet
facet normal 0.5294621587 0.8482751846 -0.009954828769
outer loop
vertex 89.34633636 63.5562973 121.3160934
vertex 85.8680954 65.72728729 121.3160934
vertex 88.41628265 64.16466522 123.6903458

endloop
endfacet
facet normal 0.5406153202 0.8408423662 -0.0268169865
outer loop
vertex 88.41628265 64.16466522 123.6903458
vertex 85.8680954 65.72728729 121.3160934
vertex 84.97362518 66.37810516 123.6903687

endloop
endfacet
facet normal 0.5391925573 0.8386283517 0.07729003578
outer loop
vertex 88.41628265 64.16466522 123.6903458
vertex 84.97362518 66.37810516 123.6903687
vertex 87.07640839 64.80730438 126.0647125

endloop
endfacet
facet normal 0.5967478156 0.8024253249 0.002366569825
outer loop
vertex 87.07640839 64.80730438 126.0647125
vertex 84.97362518 66.37810516 123.6903687
vertex 83.86522675 67.19539642 126.0647507

endloop
endfacet
facet normal 0.5905666351 0.7941114306 0.1435900182
outer loop
vertex 87.07640839 64.80730438 126.0647125
vertex 83.86522675 67.19539642 126.0647507
vertex 85.63317108 65.45128632 128.4390717

endloop
endfacet
facet normal 0.6357394457 0.7666635513 0.08979146928
outer loop
vertex 85.63317108 65.45128632 128.4390717
vertex 83.86522675 67.19539642 126.0647507
vertex 82.63362885 67.938591 128.4390869

endloop
endfacet
facet normal 0.6163648367 0.7432812452 0.2600527704
outer loop
vertex 85.63314056 65.45128632 128.4390717
vertex 82.63365936 67.938591 128.4391022
vertex 84.25279999 65.76519012 130.8134918

endloop
endfacet
facet normal 0.6427891254 0.7305732369 0.2304012924
outer loop
vertex 84.25279999 65.76519012 130.8134918
vertex 82.63365936 67.938591 128.4391022
vertex 81.38359833 68.2896347 130.8134918

endloop
endfacet
facet normal 0.6003571749 0.6823464632 0.4171026647
outer loop
vertex 84.25279999 65.76519012 130.8134918
vertex 81.38359833 68.2896347 130.8134918
vertex 82.54061127 65.82015228 133.1880188

endloop
endfacet
facet normal 0.6349062324 0.6690174341 0.3864062428
outer loop
vertex 82.54061127 65.82015228 133.1880188
vertex 81.38359833 68.2896347 130.8134918
vertex 79.85387421 68.36986542 133.1880798

endloop
endfacet
facet normal 0.6013894081 0.6336965561 0.4865792692
outer loop
vertex 82.54064178 65.82015228 133.1880341
vertex 79.85387421 68.36989594 133.1880951
vertex 80.5795517 65.85796356 135.5626068

endloop
endfacet
facet normal 0.6541181207 0.6107630134 0.4462038577
outer loop
vertex 80.5795517 65.85796356 135.5626068
vertex 79.85387421 68.36989594 133.1880951
vertex 78.19161224 68.41536713 135.5626678

endloop
endfacet
facet normal 0.6281647086 0.5865277052 0.5112674236
outer loop
vertex 80.5795517 65.85796356 135.5626068
vertex 78.19161224 68.41536713 135.5626678
vertex 78.34600067 66.18056488 137.9367523

endloop
endfacet
facet normal 0.7008267641 0.5415913463 0.4642421305
outer loop
vertex 78.34600067 66.18056488 137.9367523
vertex 78.19161224 68.41536713 135.5626678
vertex 76.37462616 68.73159027 137.9367065

endloop
endfacet
facet normal 0.6404955983 0.4949710667 0.5871703625
outer loop
vertex 78.34600067 66.18056488 137.9367523
vertex 76.37462616 68.73159027 137.9367065
vertex 75.56447601 66.96446991 140.3100739

endloop
endfacet
facet normal 0.6966390014 0.4408185482 0.5660151243
outer loop
vertex 75.56447601 66.96446991 140.3100739
vertex 76.37462616 68.73159027 137.9367065
vertex 73.99681854 69.4418869 140.3100739

endloop
endfacet
facet normal 0.6367414594 0.4029215872 0.6574302316
outer loop
vertex 75.56447601 66.96450043 140.3100891
vertex 73.99681854 69.4418869 140.3100891
vertex 72.6450119 67.70531464 142.6836548

endloop
endfacet
facet normal 0.643116951 0.3955731094 0.6556848288
outer loop
vertex 72.6450119 67.70531464 142.6836548
vertex 73.99681854 69.4418869 140.3100891
vertex 71.28154755 69.92198944 142.68367

endloop
endfacet
facet normal 0.4568822086 0.2810198963 0.8439706564
outer loop
vertex 72.6450119 67.70531464 142.6836548
vertex 71.28154755 69.92198944 142.68367
vertex 67.89199066 67.58693695 145.2961121

endloop
endfacet
facet normal 0.4297399223 0.3205907941 0.8441238403
outer loop
vertex 67.89199066 67.58693695 145.2961121
vertex 71.28154755 69.92198944 142.68367
vertex 66.65346527 69.2470932 145.2961273

endloop
endfacet
facet normal 0.1745083779 0.1301883906 0.9760112166
outer loop
vertex 67.89196014 67.58687592 145.2960968
vertex 66.65343475 69.24703217 145.2960968
vertex 52.09572601 60.56047821 149.057663

endloop
endfacet
facet normal -0.2503828108 0 -0.9681469202
outer loop
vertex 52.09572601 60.56047821 149.057663
vertex 66.65343475 69.24703217 145.2960968
vertex 52.09572601 60.56046295 149.057663

endloop
endfacet
facet normal -nan(ind) -nan(ind) -nan(ind)
outer loop
vertex 76.23400116 15.21146393 48.43406677
vertex 76.23400116 15.21146393 48.43406677
vertex 85.20046234 21.69763947 52.22526932

endloop
endfacet
facet normal 0.2140649855 0.2552033961 -0.9428931475
outer loop
vertex 85.20046234 21.69763947 52.22526932
vertex 76.23400116 15.21146393 48.43406677
vertex 84.00920868 22.69654083 52.22518158

endloop
endfacet
facet normal 0.3319206834 0.3957613707 -0.8562719226
outer loop
vertex 85.20046234 21.69763947 52.22526932
vertex 84.00920868 22.69654083 52.22518158
vertex 87.46556854 25.45668793 54.84070206

endloop
endfacet
facet normal 0.3546763659 0.3696683347 -0.858807385
outer loop
vertex 87.46556854 25.45668793 54.84070206
vertex 84.00920868 22.69654083 52.22518158
vertex 86.03075409 26.83336639 54.84072495

endloop
endfacet
facet normal 0.4133261442 0.4307939112 -0.8022331595
outer loop
vertex 87.46556854 25.45668793 54.84070206
vertex 86.03075409 26.83336639 54.84072495
vertex 89.16017914 28.25366974 57.21575928

endloop
endfacet
facet normal 0.4272622764 0.4078825116 -0.8068945408
outer loop
vertex 89.16017914 28.25366974 57.21575928
vertex 86.03075409 26.83336639 54.84072495
vertex 87.59618378 29.8919754 57.21575928

endloop
endfacet
facet normal 0.5000222325 0.4773422182 -0.7225801945
outer loop
vertex 89.16017914 28.25366974 57.21575928
vertex 87.59618378 29.8919754 57.21575928
vertex 90.45528412 30.49085236 59.58986664

endloop
endfacet
facet normal 0.5051068068 0.4666652977 -0.7260102034
outer loop
vertex 90.45528412 30.49085236 59.58986664
vertex 87.59618378 29.8919754 57.21575928
vertex 88.76155853 32.32410431 59.58987045

endloop
endfacet
facet normal 0.5367606878 0.4959099591 -0.6826135516
outer loop
vertex 90.45528412 30.49085236 59.58986664
vertex 88.76155853 32.32410431 59.58987045
vertex 91.74077606 32.36734772 61.96393967

endloop
endfacet
facet normal 0.5067589879 0.5704926848 -0.6463230252
outer loop
vertex 91.74077606 32.36734772 61.96393967
vertex 88.76155853 32.32410431 59.58987045
vertex 89.72792816 34.15532684 61.96393967

endloop
endfacet
facet normal 0.496825397 0.5593313575 -0.6635608673
outer loop
vertex 91.74080658 32.36734772 61.96393967
vertex 89.72789764 34.15531158 61.96393967
vertex 93.06597137 34.00669098 64.33796692

endloop
endfacet
facet normal 0.4891560972 0.5799033642 -0.6514894366
outer loop
vertex 93.06597137 34.00669098 64.33796692
vertex 89.72789764 34.15531158 61.96393967
vertex 90.85921478 35.86811066 64.33795929

endloop
endfacet
facet normal 0.515149653 0.6107270122 -0.6013596058
outer loop
vertex 93.06597137 34.0067215 64.33796692
vertex 90.85921478 35.86812592 64.33796692
vertex 93.91695404 35.62653351 66.71199799

endloop
endfacet
facet normal 0.5274491906 0.580570519 -0.6202702522
outer loop
vertex 93.91695404 35.62653351 66.71199799
vertex 90.85921478 35.86812592 64.33796692
vertex 91.64269257 37.69269562 66.71199036

endloop
endfacet
facet normal 0.5738592744 0.6316655874 -0.5212333202
outer loop
vertex 93.91692352 35.62650299 66.71199036
vertex 91.64263153 37.6926651 66.71199036
vertex 94.32231903 37.21726227 69.08610535

endloop
endfacet
facet normal 0.5776815414 0.6231236458 -0.5272580385
outer loop
vertex 94.32231903 37.21726227 69.08610535
vertex 91.64263153 37.6926651 66.71199036
vertex 91.95293427 39.41385651 69.08610535

endloop
endfacet
facet normal 0.5724179149 0.6174459457 -0.5395351648
outer loop
vertex 94.32231903 37.21726227 69.08610535
vertex 91.95293427 39.41385651 69.08610535
vertex 94.75884247 38.88712311 71.46022797

endloop
endfacet
facet normal 0.5720456839 0.6183493733 -0.5388948917
outer loop
vertex 94.75884247 38.88712311 71.46022797
vertex 91.95293427 39.41385651 69.08610535
vertex 92.28691864 41.17394257 71.46022797

endloop
endfacet
facet normal 0.5688717961 0.6149185896 -0.5461317897
outer loop
vertex 94.75884247 38.88712311 71.46022797
vertex 92.28691864 41.17394257 71.46022797
vertex 95.20134735 40.58626556 73.83431244

endloop
endfacet
facet normal 0.5607387424 0.6351971626 -0.5311277509
outer loop
vertex 95.20134735 40.58626556 73.83431244
vertex 92.28691864 41.17394257 71.46022797
vertex 92.60573578 42.87761688 73.83431244

endloop
endfacet
facet normal 0.5902891755 0.6686715484 -0.4521470368
outer loop
vertex 95.20134735 40.58626556 73.83431244
vertex 92.60573578 42.87761688 73.83431244
vertex 95.4265976 41.99272919 76.20837402

endloop
endfacet
facet normal 0.5818917751 0.6869181395 -0.4353681505
outer loop
vertex 95.4265976 41.99272919 76.20837402
vertex 92.60573578 42.87761688 73.83431244
vertex 92.75081635 44.25939178 76.20836639

endloop
endfacet
facet normal 0.573671937 0.6772146225 -0.4607393742
outer loop
vertex 95.4265976 41.99272919 76.20837402
vertex 92.75081635 44.25939178 76.20836639
vertex 95.49874115 43.54679108 78.58242798

endloop
endfacet
facet normal 0.5694065094 0.6858378053 -0.4532139599
outer loop
vertex 95.49874115 43.54679108 78.58242798
vertex 92.75081635 44.25939178 76.20836639
vertex 92.73757172 45.83921051 78.58242798

endloop
endfacet
facet normal 0.5664486885 0.6822659969 -0.4622218311
outer loop
vertex 95.49871063 43.5467453 78.58242035
vertex 92.7375412 45.83919525 78.58242035
vertex 95.48500824 45.16648102 80.95645142

endloop
endfacet
facet normal 0.5720988512 0.6707412004 -0.4720265269
outer loop
vertex 95.48500824 45.16648102 80.95645142
vertex 92.7375412 45.83919525 78.58242035
vertex 92.69252777 47.54828644 80.95645142

endloop
endfacet
facet normal 0.5873061419 0.6885704994 -0.4253730178
outer loop
vertex 95.48500824 45.16648102 80.95645142
vertex 92.69252777 47.54828644 80.95645142
vertex 95.24523163 46.83763885 83.33057404

endloop
endfacet
facet normal 0.5942984819 0.6752351522 -0.4368829727
outer loop
vertex 95.24523163 46.83763885 83.33057404
vertex 92.69252777 47.54828644 80.95645142
vertex 92.39858246 49.34307098 83.33056641

endloop
endfacet
facet normal 0.6024936438 0.6845465302 -0.4103624523
outer loop
vertex 95.24523163 46.83763885 83.33057404
vertex 92.39858246 49.34307098 83.33056641
vertex 94.14315033 49.23081207 85.70467377

endloop
endfacet
facet normal 0.5777048469 0.7167064548 -0.3906262815
outer loop
vertex 94.14315033 49.23081207 85.70467377
vertex 92.39858246 49.34307098 83.33056641
vertex 91.06804657 51.7095108 85.70466614

endloop
endfacet
facet normal 0.5591394305 0.6936737895 -0.4540702105
outer loop
vertex 94.14315033 49.23081207 85.70467377
vertex 91.06804657 51.7095108 85.70466614
vertex 91.90041351 52.59261322 88.07873535

endloop
endfacet
facet normal 0.4698659778 0.7607667446 -0.4477274418
outer loop
vertex 91.90041351 52.59261322 88.07873535
vertex 91.06804657 51.7095108 85.70466614
vertex 88.23949432 54.85367584 88.07873535

endloop
endfacet
facet normal 0.4447158277 0.7200469375 -0.5326914191
outer loop
vertex 91.90044403 52.59261322 88.07873535
vertex 88.23949432 54.8536911 88.07873535
vertex 91.14141083 54.81769562 90.4527359

endloop
endfacet
facet normal 0.4230846763 0.7517960668 -0.5057686567
outer loop
vertex 91.14141083 54.81769562 90.4527359
vertex 88.23949432 54.8536911 88.07873535
vertex 87.38707733 56.93050385 90.4527359

endloop
endfacet
facet normal 0.4287462234 0.7618563771 -0.4855424464
outer loop
vertex 91.14141083 54.81769562 90.4527359
vertex 87.38707733 56.93050385 90.4527359
vertex 90.57106781 56.65167999 92.82678223

endloop
endfacet
facet normal 0.4207303226 0.7738851905 -0.4733790159
outer loop
vertex 90.57106781 56.65167999 92.82678223
vertex 87.38707733 56.93050385 90.4527359
vertex 86.81182098 58.69542694 92.8267746

endloop
endfacet
facet normal 0.4316775501 0.7940216064 -0.4280001819
outer loop
vertex 90.57106781 56.65167999 92.82678223
vertex 86.81182098 58.69542694 92.8267746
vertex 89.94368744 58.27246857 95.20088196

endloop
endfacet
facet normal 0.4025164545 0.8315069675 -0.3828533888
outer loop
vertex 89.94368744 58.27246857 95.20088196
vertex 86.81182098 58.69542694 92.8267746
vertex 86.11370087 60.12648773 95.20087433

endloop
endfacet
facet normal 0.4028767645 0.8322512507 -0.3808517158
outer loop
vertex 89.94368744 58.27246857 95.20088196
vertex 86.11370087 60.12648773 95.20087433
vertex 89.33092499 59.65552521 97.57498932

endloop
endfacet
facet normal 0.3855246007 0.8523588181 -0.3533485234
outer loop
vertex 89.33092499 59.65552521 97.57498932
vertex 86.11370087 60.12648773 95.20087433
vertex 85.46645355 61.40343475 97.57498169

endloop
endfacet
facet normal 0.3885113895 0.8589624763 -0.3335300386
outer loop
vertex 89.33092499 59.65552521 97.57498932
vertex 85.46645355 61.40343475 97.57498169
vertex 88.84444427 60.79741669 99.94910431

endloop
endfacet
facet normal 0.3884532452 0.8590273261 -0.3334306479
outer loop
vertex 88.84444427 60.79741669 99.94910431
vertex 85.46645355 61.40343475 97.57498169
vertex 84.9514389 62.55783844 99.94910431

endloop
endfacet
facet normal 0.3930329084 0.8691549301 -0.3001582623
outer loop
vertex 88.84444427 60.79741669 99.94910431
vertex 84.9514389 62.55783844 99.94910431
vertex 88.52776337 61.76049042 102.3231659

endloop
endfacet
facet normal 0.3700787723 0.8925347328 -0.2577275336
outer loop
vertex 88.52776337 61.76049042 102.3231659
vertex 84.9514389 62.55783844 99.94910431
vertex 84.56389618 63.40406036 102.3231659

endloop
endfacet
facet normal 0.369270891 0.8905931115 -0.2654860616
outer loop
vertex 88.52776337 61.76049042 102.3231659
vertex 84.56386566 63.40406036 102.3231659
vertex 87.72371674 62.80158234 104.6972198

endloop
endfacet
facet normal 0.3433965743 0.9116680622 -0.2256991416
outer loop
vertex 87.72371674 62.80158234 104.6972198
vertex 84.56386566 63.40406036 102.3231659
vertex 83.61492157 64.34923553 104.6972198

endloop
endfacet
facet normal 0.3469004333 0.9209703803 -0.1774083376
outer loop
vertex 87.72371674 62.80158234 104.6972198
vertex 83.61492157 64.34923553 104.6972198
vertex 86.57213593 63.6926651 107.0712738

endloop
endfacet
facet normal 0.3611789644 0.9112591743 -0.1978800297
outer loop
vertex 86.57213593 63.6926651 107.0712738
vertex 83.61492157 64.34923553 104.6972198
vertex 82.36394501 65.36058807 107.0712738

endloop
endfacet
facet normal 0.3654170632 0.92195189 -0.1283550262
outer loop
vertex 86.57213593 63.6926651 107.0712738
vertex 82.36394501 65.36058807 107.0712738
vertex 85.51491547 64.4422226 109.4453888

endloop
endfacet
facet normal 0.3680701852 0.9203068018 -0.1325126588
outer loop
vertex 85.51491547 64.4422226 109.4453888
vertex 82.36394501 65.36058807 107.0712738
vertex 81.23757172 66.15291595 109.4453888

endloop
endfacet
facet normal 0.3686423898 0.9217209816 -0.1205532923
outer loop
vertex 85.51491547 64.4422226 109.4453964
vertex 81.23757172 66.15294647 109.4453964
vertex 84.9701767 64.97060394 111.8195038

endloop
endfacet
facet normal 0.3422458768 0.9368861318 -0.07149988413
outer loop
vertex 84.9701767 64.97060394 111.8195038
vertex 81.23757172 66.15294647 109.4453964
vertex 80.57952118 66.5745163 111.8194962

endloop
endfacet
facet normal 0.3419088721 0.9359634519 -0.0840876177
outer loop
vertex 84.9701767 64.97060394 111.8195038
vertex 80.57952118 66.5745163 111.8194962
vertex 86.06850433 64.7826767 114.193634

endloop
endfacet
facet normal 0.3736927807 0.9105571508 -0.1767467707
outer loop
vertex 86.06850433 64.7826767 114.193634
vertex 80.57952118 66.5745163 111.8194962
vertex 81.90468597 66.49150848 114.193634

endloop
endfacet
facet normal 0.376013875 0.9162195325 -0.1384032816
outer loop
vertex 86.06850433 64.78264618 114.193634
vertex 81.90465546 66.49147797 114.193634
vertex 86.9665451 64.77272797 116.5677719

endloop
endfacet
facet normal 0.4308406115 0.8499386907 -0.3032830358
outer loop
vertex 86.9665451 64.77272797 116.5677719
vertex 81.90465546 66.49147797 114.193634
vertex 83.1297226 66.71764374 116.5677719

endloop
endfacet
facet normal 0.4515245855 0.8907427788 -0.0519881025
outer loop
vertex 86.9665451 64.77272797 116.5677719
vertex 83.1297226 66.71764374 116.5677719
vertex 86.59764862 65.09828949 118.9418869

endloop
endfacet
facet normal 0.503344357 0.849981606 -0.1554851234
outer loop
vertex 86.59764862 65.09828949 118.9418869
vertex 83.1297226 66.71764374 116.5677719
vertex 83.03911591 67.20558929 118.9418793

endloop
endfacet
facet normal 0.5082480311 0.8582626581 -0.07119718194
outer loop
vertex 86.59764862 65.09828949 118.9418869
vertex 83.03911591 67.20558929 118.9418793
vertex 85.86806488 65.72728729 121.3160782

endloop
endfacet
facet normal 0.5288360715 0.8421052098 -0.1057891473
outer loop
vertex 85.86806488 65.72728729 121.3160782
vertex 83.03911591 67.20558929 118.9418793
vertex 82.36263275 67.92867279 121.3160706

endloop
endfacet
facet normal 0.5315538049 0.8464287519 -0.03176204488
outer loop
vertex 85.8680954 65.72728729 121.3160934
vertex 82.36263275 67.92870331 121.3160858
vertex 84.97362518 66.37810516 123.6903687

endloop
endfacet
facet normal 0.5561141968 0.828089118 -0.07074835896
outer loop
vertex 84.97362518 66.37810516 123.6903687
vertex 82.36263275 67.92870331 121.3160858
vertex 81.57878876 68.65795135 123.6903534

endloop
endfacet
facet normal 0.5573300123 0.8298997283 -0.02549134195
outer loop
vertex 84.97362518 66.37810516 123.6903687
vertex 81.57878876 68.65795135 123.6903534
vertex 83.86522675 67.19539642 126.0647507

endloop
endfacet
facet normal 0.5435744524 0.8393362761 -0.006432760973
outer loop
vertex 83.86522675 67.19539642 126.0647507
vertex 81.57878876 68.65795135 123.6903534
vertex 80.54088593 69.34832001 126.0647583

endloop
endfacet
facet normal 0.543485105 0.8391980529 0.01925159991
outer loop
vertex 83.86522675 67.19539642 126.0647507
vertex 80.54088593 69.34832001 126.0647583
vertex 82.63359833 67.93856049 128.4390869

endloop
endfacet
facet normal 0.5090786219 0.8585509658 0.06106794626
outer loop
vertex 82.63359833 67.93856049 128.4390869
vertex 80.54088593 69.34832001 126.0647583
vertex 79.29964447 69.91542816 128.4391327

endloop
endfacet
facet normal 0.5050024986 0.8516969085 0.1399457306
outer loop
vertex 82.63362885 67.938591 128.4391022
vertex 79.29964447 69.91542816 128.4391327
vertex 81.38359833 68.2896347 130.8134918

endloop
endfacet
facet normal 0.4998630583 0.8537353277 0.1458523124
outer loop
vertex 81.38359833 68.2896347 130.8134918
vertex 79.29964447 69.91542816 128.4391327
vertex 78.08946991 70.21834564 130.8135223

endloop
endfacet
facet normal 0.4844427109 0.8273960948 0.2841317952
outer loop
vertex 81.38359833 68.2896347 130.8134918
vertex 78.08946991 70.21834564 130.8135223
vertex 79.85384369 68.36986542 133.1880798

endloop
endfacet
facet normal 0.5588341355 0.8024057746 0.2094027549
outer loop
vertex 79.85384369 68.36986542 133.1880798
vertex 78.08946991 70.21834564 130.8135223
vertex 76.82732391 70.47768402 133.1880646

endloop
endfacet
facet normal 0.5334607959 0.7659632564 0.3587754965
outer loop
vertex 79.85387421 68.36986542 133.1880951
vertex 76.82735443 70.47771454 133.1880798
vertex 78.19158173 68.41533661 135.5626678

endloop
endfacet
facet normal 0.6030988693 0.7404643893 0.2966213524
outer loop
vertex 78.19158173 68.41533661 135.5626678
vertex 76.82735443 70.47771454 133.1880798
vertex 75.42827606 70.66603851 135.5626068

endloop
endfacet
facet normal 0.590325892 0.724783957 0.3552513421
outer loop
vertex 78.19158173 68.41533661 135.5626678
vertex 75.42827606 70.66603851 135.5626068
vertex 76.37462616 68.73159027 137.9367065

endloop
endfacet
facet normal 0.5874559283 0.7260465026 0.3574240804
outer loop
vertex 76.37462616 68.73159027 137.9367065
vertex 75.42827606 70.66603851 135.5626068
vertex 73.77294159 70.83669281 137.9366302

endloop
endfacet
facet normal 0.584515512 0.7224128246 0.3694067895
outer loop
vertex 76.37462616 68.73159027 137.9367065
vertex 73.77294159 70.83669281 137.9366302
vertex 73.99681854 69.4418869 140.3100739

endloop
endfacet
facet normal 0.5709013343 0.7302284837 0.3752839565
outer loop
vertex 73.99681854 69.4418869 140.3100739
vertex 73.77294159 70.83669281 137.9366302
vertex 71.70793915 71.23140717 140.3099823

endloop
endfacet
facet normal 0.5407617092 0.6916745901 0.4787097871
outer loop
vertex 73.99678802 69.4418869 140.3100891
vertex 71.70793915 71.23140717 140.3099976
vertex 71.28148651 69.92198944 142.68367

endloop
endfacet
facet normal 0.476834029 0.7306138277 0.4887051284
outer loop
vertex 71.28148651 69.92198944 142.68367
vertex 71.70793915 71.23140717 140.3099976
vertex 69.19011688 71.28691864 142.68367

endloop
endfacet
facet normal 0.3525587022 0.5401969552 0.764126718
outer loop
vertex 71.28148651 69.92198944 142.68367
vertex 69.19011688 71.28691864 142.68367
vertex 66.65343475 69.2470932 145.2961121

endloop
endfacet
facet normal 0.3627358377 0.530307889 0.7662872672
outer loop
vertex 66.65343475 69.2470932 145.2961121
vertex 69.19011688 71.28691864 142.68367
vertex 64.93712616 70.4210434 145.2961273

endloop
endfacet
facet normal 0.1340610236 0.1959787458 0.9714010358
outer loop
vertex 66.65340424 69.24703217 145.2960968
vertex 64.93709564 70.42101288 145.2961121
vertex 52.0956955 60.56046295 149.0576782

endloop
endfacet
facet normal -0.5176715255 0.3826267719 -0.7652535439
outer loop
vertex 52.0956955 60.56046295 149.0576782
vertex 64.93709564 70.42101288 145.2961121
vertex 52.0956955 60.56043243 149.057663

endloop
endfacet
facet normal 0.205540508 -0.6036546826 0.7702947855
outer loop
vertex 76.23400116 15.21146393 48.43406677
vertex 76.23403168 15.21147919 48.43407059
vertex 84.00920868 22.69654083 52.22518921

endloop
endfacet
facet normal 0.1742920727 0.2948139012 -0.939524889
outer loop
vertex 84.00920868 22.69654083 52.22518921
vertex 76.23403168 15.21147919 48.43407059
vertex 82.69734955 23.47229767 52.22525024

endloop
endfacet
facet normal 0.2519820333 0.4261876047 -0.8688321114
outer loop
vertex 84.00920868 22.69654083 52.22518921
vertex 82.69734955 23.47229767 52.22525024
vertex 86.03078461 26.83336639 54.84072876

endloop
endfacet
facet normal 0.2583332062 0.4205678403 -0.8697049022
outer loop
vertex 86.03078461 26.83336639 54.84072876
vertex 82.69734955 23.47229767 52.22525024
vertex 84.32570648 27.88089752 54.84082031

endloop
endfacet
facet normal 0.2982261479 0.4854978323 -0.8217986822
outer loop
vertex 86.03078461 26.83336639 54.84072876
vertex 84.32570648 27.88089752 54.84082031
vertex 87.59621429 29.8919754 57.21576309

endloop
endfacet
facet normal 0.2837538421 0.5027877092 -0.8165099025
outer loop
vertex 87.59621429 29.8919754 57.21576309
vertex 84.32570648 27.88089752 54.84082031
vertex 85.63057709 31.00130463 57.21576309

endloop
endfacet
facet normal 0.3251681328 0.5761703253 -0.7498622537
outer loop
vertex 87.59621429 29.8919754 57.21576309
vertex 85.63057709 31.00130463 57.21576309
vertex 88.76155853 32.32410431 59.58987045

endloop
endfacet
facet normal 0.3188735843 0.5844309926 -0.746163547
outer loop
vertex 88.76155853 32.32410431 59.58987045
vertex 85.63057709 31.00130463 57.21576309
vertex 86.58794403 33.51006317 59.58987427

endloop
endfacet
facet normal 0.360976994 0.6615974307 -0.6572552323
outer loop
vertex 88.76155853 32.32410431 59.58987045
vertex 86.58794403 33.51006317 59.58987427
vertex 89.72792816 34.15532684 61.96393967

endloop
endfacet
facet normal 0.3737248778 0.6425380111 -0.6689354777
outer loop
vertex 89.72792816 34.15532684 61.96393967
vertex 86.58794403 33.51006317 59.58987427
vertex 87.39009857 35.51509857 61.96393967

endloop
endfacet
facet normal 0.3805808425 0.6543424726 -0.653447926
outer loop
vertex 89.72795868 34.15531158 61.96393967
vertex 87.39006805 35.51508331 61.96393967
vertex 90.8592453 35.86811066 64.33796692

endloop
endfacet
facet normal 0.3866094947 0.643492341 -0.6606441736
outer loop
vertex 90.8592453 35.86811066 64.33796692
vertex 87.39006805 35.51508331 61.96393967
vertex 88.36074066 37.36920929 64.33796692

endloop
endfacet
facet normal 0.3965213001 0.6599968076 -0.6381027699
outer loop
vertex 90.8592453 35.86812592 64.33796692
vertex 88.36074066 37.36920929 64.33796692
vertex 91.64272308 37.69269562 66.71199799

endloop
endfacet
facet normal 0.4108428657 0.6347365975 -0.6544597149
outer loop
vertex 91.64272308 37.69269562 66.71199799
vertex 88.36074066 37.36920929 64.33796692
vertex 89.06282806 39.36257172 66.71199799

endloop
endfacet
facet normal 0.4494042993 0.694321394 -0.5620974898
outer loop
vertex 91.64269257 37.69268036 66.71199036
vertex 89.06279755 39.3625412 66.71199799
vertex 91.95293427 39.41387177 69.08610535

endloop
endfacet
facet normal 0.4696947038 0.6602416039 -0.5860612988
outer loop
vertex 91.95293427 39.41387177 69.08610535
vertex 89.06279755 39.3625412 66.71199799
vertex 89.34307098 41.2705307 69.08611298

endloop
endfacet
facet normal 0.4780952632 0.6720499396 -0.5654854774
outer loop
vertex 91.95293427 39.41387177 69.08610535
vertex 89.34307098 41.2705307 69.08611298
vertex 92.28691864 41.17394257 71.46022797

endloop
endfacet
facet normal 0.4665239453 0.6924725771 -0.5503064394
outer loop
vertex 92.28691864 41.17394257 71.46022797
vertex 89.34307098 41.2705307 69.08611298
vertex 89.51866913 43.0389328 71.46022797

endloop
endfacet
facet normal 0.4641414583 0.6889362335 -0.5567222238
outer loop
vertex 92.28691864 41.17394257 71.46022797
vertex 89.51866913 43.0389328 71.46022797
vertex 92.60573578 42.87763214 73.83432007

endloop
endfacet
facet normal 0.4456755817 0.721049428 -0.530528903
outer loop
vertex 92.60573578 42.87763214 73.83432007
vertex 89.51866913 43.0389328 71.46022797
vertex 89.70479584 44.67067719 73.83431244

endloop
endfacet
facet normal 0.4650869668 0.7524551153 -0.4663746655
outer loop
vertex 92.60573578 42.87763214 73.83432007
vertex 89.70479584 44.67067719 73.83431244
vertex 92.75081635 44.25940704 76.20837402

endloop
endfacet
facet normal 0.4630127847 0.7557204962 -0.4631476998
outer loop
vertex 92.75081635 44.25940704 76.20837402
vertex 89.70479584 44.67067719 73.83431244
vertex 89.83440399 46.0462265 76.20837402

endloop
endfacet
facet normal 0.4549404383 0.7425450683 -0.4915851653
outer loop
vertex 92.75081635 44.25940704 76.20837402
vertex 89.83440399 46.0462265 76.20837402
vertex 92.73757172 45.83921051 78.58242798

endloop
endfacet
facet normal 0.442927897 0.7601637244 -0.475358963
outer loop
vertex 92.73757172 45.83921051 78.58242798
vertex 89.83440399 46.0462265 76.20837402
vertex 89.66628265 47.62877655 78.58243561

endloop
endfacet
facet normal 0.4293213189 0.7368097901 -0.5222972631
outer loop
vertex 92.7375412 45.83919525 78.58242035
vertex 89.66625214 47.62876129 78.58242035
vertex 92.69252777 47.54828644 80.95645142

endloop
endfacet
facet normal 0.4363549948 0.7259209156 -0.531632483
outer loop
vertex 92.69252777 47.54828644 80.95645142
vertex 89.66625214 47.62876129 78.58242035
vertex 89.56401825 49.4288559 80.95645905

endloop
endfacet
facet normal 0.4448541403 0.7400600314 -0.5043964982
outer loop
vertex 92.69252777 47.54828644 80.95645142
vertex 89.56401825 49.4288559 80.95645905
vertex 92.39861298 49.34307098 83.33057404

endloop
endfacet
facet normal 0.4763284624 0.6909762025 -0.543749094
outer loop
vertex 92.39861298 49.34307098 83.33057404
vertex 89.56401825 49.4288559 80.95645905
vertex 89.35121918 51.44380951 83.33057404

endloop
endfacet
facet normal 0.5071210861 0.7356449366 -0.4490596652
outer loop
vertex 92.39861298 49.34307098 83.33057404
vertex 89.35121918 51.44380951 83.33057404
vertex 91.06804657 51.70952606 85.70467377

endloop
endfacet
facet normal 0.4810556769 0.762193501 -0.4331818521
outer loop
vertex 91.06804657 51.70952606 85.70467377
vertex 89.35121918 51.44380951 83.33057404
vertex 87.83574677 53.74958038 85.70467377

endloop
endfacet
facet normal 0.4804087281 0.7611684799 -0.4356949031
outer loop
vertex 91.06804657 51.70952606 85.70467377
vertex 87.83574677 53.74958038 85.70467377
vertex 88.23949432 54.85367584 88.07873535

endloop
endfacet
facet normal 0.3383924663 0.8299278617 -0.4435203969
outer loop
vertex 88.23949432 54.85367584 88.07873535
vertex 87.83574677 53.74958038 85.70467377
vertex 84.27391815 56.47058868 88.07873535

endloop
endfacet
facet normal 0.3130062521 0.7676784992 -0.5591930151
outer loop
vertex 88.23952484 54.85370636 88.07874298
vertex 84.27394867 56.47058868 88.07873535
vertex 87.38710785 56.93053436 90.45274353

endloop
endfacet
facet normal 0.2668799758 0.8186135888 -0.5085734725
outer loop
vertex 87.38710785 56.93053436 90.45274353
vertex 84.27394867 56.47058868 88.07873535
vertex 83.25270844 58.27840424 90.4527359

endloop
endfacet
facet normal 0.262052834 0.803806901 -0.5340625048
outer loop
vertex 87.38710785 56.93053436 90.45274353
vertex 83.25270844 58.27840424 90.4527359
vertex 86.8118515 58.69542694 92.82678223

endloop
endfacet
facet normal 0.2264320254 0.8432043195 -0.4875807464
outer loop
vertex 86.8118515 58.69542694 92.82678223
vertex 83.25270844 58.27840424 90.4527359
vertex 82.71407318 59.79582977 92.8267746

endloop
endfacet
facet normal 0.2314201444 0.8617798686 -0.4514202774
outer loop
vertex 86.8118515 58.69542694 92.82678223
vertex 82.71407318 59.79582977 92.8267746
vertex 86.11373138 60.12650299 95.20087433

endloop
endfacet
facet normal 0.2425024807 0.8510177732 -0.465790987
outer loop
vertex 86.11373138 60.12650299 95.20087433
vertex 82.71407318 59.79582977 92.8267746
vertex 82.02968597 61.29027557 95.20087433

endloop
endfacet
facet normal 0.2506020069 0.8794414997 -0.4046989679
outer loop
vertex 86.11373138 60.12650299 95.20087433
vertex 82.02968597 61.29027557 95.20087433
vertex 85.46648407 61.40345001 97.57498169

endloop
endfacet
facet normal 0.2445473522 0.8849987984 -0.3961990774
outer loop
vertex 85.46648407 61.40345001 97.57498169
vertex 82.02968597 61.29027557 95.20087433
vertex 81.38051605 62.53250885 97.57498932

endloop
endfacet
facet normal 0.2463568896 0.8915472627 -0.3800679743
outer loop
vertex 85.46648407 61.40345001 97.57498169
vertex 81.38051605 62.53250885 97.57498932
vertex 84.95146942 62.5578537 99.94910431

endloop
endfacet
facet normal 0.2252279967 0.9098526835 -0.348483026
outer loop
vertex 84.95146942 62.5578537 99.94910431
vertex 81.38051605 62.53250885 97.57498932
vertex 80.88497162 63.56449127 99.94911194

endloop
endfacet
facet normal 0.2297245711 0.9280169606 -0.2932766378
outer loop
vertex 84.95146942 62.5578537 99.94910431
vertex 80.88497162 63.56449127 99.94911194
vertex 84.56389618 63.40406036 102.3231735

endloop
endfacet
facet normal 0.2621528208 0.9011169672 -0.3453463018
outer loop
vertex 84.56389618 63.40406036 102.3231735
vertex 80.88497162 63.56449127 99.94911194
vertex 80.52172089 64.58000946 102.3231735

endloop
endfacet
facet normal 0.2696313262 0.9268544316 -0.2612276375
outer loop
vertex 84.56389618 63.40406036 102.3231735
vertex 80.52169037 64.57997894 102.3231735
vertex 83.61492157 64.34923553 104.6972198

endloop
endfacet
facet normal 0.2974988222 0.9065243006 -0.2995131612
outer loop
vertex 83.61492157 64.34923553 104.6972198
vertex 80.52169037 64.57997894 102.3231735
vertex 79.43791962 65.72002411 104.6972198

endloop
endfacet
facet normal 0.3031717837 0.9238107204 -0.2337962538
outer loop
vertex 83.61492157 64.34923553 104.6972198
vertex 79.43791962 65.72002411 104.6972198
vertex 82.36397552 65.36058807 107.0712814

endloop
endfacet
facet normal 0.2933168709 0.9301956892 -0.2206832916
outer loop
vertex 82.36397552 65.36058807 107.0712814
vertex 79.43791962 65.72002411 104.6972198
vertex 77.98766327 66.74056244 107.0712814

endloop
endfacet
facet normal 0.2961981297 0.9393331409 -0.1729739606
outer loop
vertex 82.36397552 65.36058807 107.0712814
vertex 77.98766327 66.74056244 107.0712814
vertex 81.23760223 66.15294647 109.4453888

endloop
endfacet
facet normal 0.2692865729 0.9538975358 -0.1325296015
outer loop
vertex 81.23760223 66.15294647 109.4453888
vertex 77.98766327 66.74056244 107.0712814
vertex 76.72841644 67.42589569 109.4453888

endloop
endfacet
facet normal 0.2704460919 0.958021462 -0.09515079856
outer loop
vertex 81.23760223 66.15297699 109.4453964
vertex 76.72844696 67.42589569 109.4453964
vertex 80.57952118 66.57454681 111.8194962

endloop
endfacet
facet normal 0.2689390779 0.9587090611 -0.09245967865
outer loop
vertex 80.57952118 66.57454681 111.8194962
vertex 76.72844696 67.42589569 109.4453964
vertex 76.05446625 67.84392548 111.8195038

endloop
endfacet
facet normal 0.2682631612 0.9562997222 -0.1163001359
outer loop
vertex 80.57952118 66.57454681 111.8194962
vertex 76.05446625 67.84392548 111.8195038
vertex 81.90468597 66.491539 114.193634

endloop
endfacet
facet normal 0.2987726629 0.9319716096 -0.2053382695
outer loop
vertex 81.90468597 66.491539 114.193634
vertex 76.05446625 67.84392548 111.8195038
vertex 77.6989975 67.8398056 114.1936417

endloop
endfacet
facet normal 0.2962789536 0.9242194891 -0.2409090251
outer loop
vertex 81.90468597 66.491539 114.193634
vertex 77.69896698 67.83977509 114.193634
vertex 83.1297226 66.71767426 116.5677719

endloop
endfacet
facet normal 0.3311574161 0.8794776797 -0.3418386877
outer loop
vertex 83.1297226 66.71767426 116.5677719
vertex 77.69896698 67.83977509 114.193634
vertex 79.21950531 68.19002533 116.5677795

endloop
endfacet
facet normal 0.3468786776 0.921228826 -0.1761037409
outer loop
vertex 83.1297226 66.71767426 116.5677719
vertex 79.21950531 68.19002533 116.5677795
vertex 83.03914642 67.20561981 118.9418869

endloop
endfacet
facet normal 0.4002746046 0.8717570305 -0.2825242877
outer loop
vertex 83.03914642 67.20561981 118.9418869
vertex 79.21950531 68.19002533 116.5677795
vertex 79.34227753 68.90306854 118.9418869

endloop
endfacet
facet normal 0.4121699035 0.8976636529 -0.1559356451
outer loop
vertex 83.03914642 67.20561981 118.9418869
vertex 79.34227753 68.90306854 118.9418869
vertex 82.36263275 67.92867279 121.3160706

endloop
endfacet
facet normal 0.4245773256 0.8881989121 -0.175604403
outer loop
vertex 82.36263275 67.92867279 121.3160706
vertex 79.34227753 68.90306854 118.9418869
vertex 78.67412567 69.69185638 121.3160782

endloop
endfacet
facet normal 0.4274178147 0.8941403031 -0.1335182935
outer loop
vertex 82.36266327 67.92870331 121.3160934
vertex 78.67415619 69.6918869 121.3160934
vertex 81.57878876 68.65795135 123.690361

endloop
endfacet
facet normal 0.4062854052 0.9080808163 -0.1015945822
outer loop
vertex 81.57878876 68.65795135 123.690361
vertex 78.67415619 69.6918869 121.3160934
vertex 77.96260834 70.27587128 123.6903687

endloop
endfacet
facet normal 0.4068651497 0.9093766212 -0.08657245338
outer loop
vertex 81.57878876 68.65795135 123.690361
vertex 77.96260834 70.27587128 123.6903687
vertex 80.54091644 69.34835052 126.0647736

endloop
endfacet
facet normal 0.3724400699 0.927093029 -0.04227047786
outer loop
vertex 80.54091644 69.34835052 126.0647736
vertex 77.96260834 70.27587128 123.6903687
vertex 76.97554779 70.78066254 126.0647812

endloop
endfacet
facet normal 0.3726401031 0.9275909066 -0.02673073858
outer loop
vertex 80.54091644 69.34835052 126.0647736
vertex 76.97554779 70.78066254 126.0647812
vertex 79.29964447 69.91542816 128.4391327

endloop
endfacet
facet normal 0.3779249489 0.9252566695 -0.03275431693
outer loop
vertex 79.29964447 69.91542816 128.4391327
vertex 76.97554779 70.78066254 126.0647812
vertex 75.79253387 71.34792328 128.4391632

endloop
endfacet
facet normal 0.3770775199 0.9231876731 0.07441067696
outer loop
vertex 79.29967499 69.91542816 128.4391479
vertex 75.79253387 71.34792328 128.4391785
vertex 78.08950043 70.21834564 130.8135376

endloop
endfacet
facet normal 0.3932852447 0.9177020788 0.05612156168
outer loop
vertex 78.08950043 70.21834564 130.8135376
vertex 75.79253387 71.34792328 128.4391785
vertex 74.67836761 71.68019867 130.8135834

endloop
endfacet
facet normal 0.3915883005 0.9137407541 0.1083348244
outer loop
vertex 78.08950043 70.21834564 130.8135376
vertex 74.67836761 71.68019867 130.8135834
vertex 76.82735443 70.47771454 133.1880798

endloop
endfacet
facet normal 0.4216597378 0.9035662413 0.07596677542
outer loop
vertex 76.82735443 70.47771454 133.1880798
vertex 74.67836761 71.68019867 130.8135834
vertex 73.5630722 72.00102997 133.1880798

endloop
endfacet
facet normal 0.4163783789 0.8922768831 0.1745598018
outer loop
vertex 76.82738495 70.47771454 133.1880951
vertex 73.5630722 72.00099945 133.1880798
vertex 75.42827606 70.66606903 135.5626068

endloop
endfacet
facet normal 0.4455212653 0.8831933737 0.146561265
outer loop
vertex 75.42827606 70.66606903 135.5626068
vertex 73.5630722 72.00099945 133.1880798
vertex 72.32579803 72.23110199 135.562561

endloop
endfacet
facet normal 0.4369503558 0.8662053943 0.2424098551
outer loop
vertex 75.42827606 70.66606903 135.5626068
vertex 72.32579803 72.23110199 135.562561
vertex 73.77297211 70.83669281 137.9366455

endloop
endfacet
facet normal 0.399245739 0.8758582473 0.2710631192
outer loop
vertex 73.77297211 70.83669281 137.9366455
vertex 72.32579803 72.23110199 135.562561
vertex 70.81426239 72.18538666 137.9365997

endloop
endfacet
facet normal 0.4059582651 0.8905816674 0.2050906122
outer loop
vertex 73.77297211 70.83669281 137.9366455
vertex 70.81426239 72.18538666 137.9365997
vertex 71.70796967 71.23143768 140.3099976

endloop
endfacet
facet normal 0.3356960416 0.9109528065 0.2397358119
outer loop
vertex 71.70796967 71.23143768 140.3099976
vertex 70.81426239 72.18538666 137.9365997
vertex 68.94661713 72.24904633 140.3099213

endloop
endfacet
facet normal 0.3268907964 0.8870508671 0.3260110617
outer loop
vertex 71.70796967 71.23143768 140.3099976
vertex 68.94664764 72.24904633 140.3099365
vertex 69.19011688 71.28691864 142.6836853

endloop
endfacet
facet normal 0.2594109476 0.9040117264 0.3398068845
outer loop
vertex 69.19011688 71.28691864 142.6836853
vertex 68.94664764 72.24904633 140.3099365
vertex 66.67092133 72.00984955 142.6835938

endloop
endfacet
facet normal 0.2187861651 0.7624806762 0.6088972092
outer loop
vertex 69.19011688 71.28691864 142.6836853
vertex 66.67092133 72.00984955 142.6835938
vertex 64.93712616 70.4210434 145.2961273

endloop
endfacet
facet normal 0.1991318315 0.7730488777 0.6022806764
outer loop
vertex 64.93712616 70.4210434 145.2961273
vertex 66.67092133 72.00984955 142.6835938
vertex 62.9522171 70.93236542 145.2960968

endloop
endfacet
facet normal 0.07056514919 0.273989439 0.95914042
outer loop
vertex 64.93709564 70.42101288 145.2961273
vertex 62.95215607 70.9323349 145.2960968
vertex 52.09571075 60.56046295 149.057663

endloop
endfacet
facet normal 0.700719595 -0.7130129337 0.02458665334
outer loop
vertex 52.09571075 60.56046295 149.057663
vertex 62.95215607 70.9323349 145.2960968
vertex 52.09572601 60.56047821 149.0576782

endloop
endfacet
facet normal 0.146002844 -0.5047177672 0.8508484364
outer loop
vertex 76.23397064 15.21144867 48.43406296
vertex 76.23403168 15.21147919 48.43407059
vertex 82.69731903 23.47228241 52.22524643

endloop
endfacet
facet normal 0.08296315372 0.3613222241 -0.9287428856
outer loop
vertex 82.69731903 23.47228241 52.22524643
vertex 76.23403168 15.21147919 48.43407059
vertex 81.21794891 23.81229401 52.22537613

endloop
endfacet
facet normal 0.1095406935 0.4769376814 -0.8720844388
outer loop
vertex 82.69731903 23.47228241 52.22524643
vertex 81.21794891 23.81229401 52.22537613
vertex 84.32570648 27.880867 54.84081268

endloop
endfacet
facet normal 0.1346753389 0.4609823823 -0.8771303892
outer loop
vertex 84.32570648 27.880867 54.84081268
vertex 81.21794891 23.81229401 52.22537613
vertex 82.41728973 28.43856049 54.84089279

endloop
endfacet
facet normal 0.1618347019 0.5539126992 -0.8166947365
outer loop
vertex 84.32570648 27.880867 54.84081268
vertex 82.41728973 28.43856049 54.84089279
vertex 85.63057709 31.00127411 57.21575928

endloop
endfacet
facet normal 0.1571899354 0.5579981208 -0.8148186803
outer loop
vertex 85.63057709 31.00127411 57.21575928
vertex 82.41728973 28.43856049 54.84089279
vertex 83.39360809 31.63144684 57.21576691

endloop
endfacet
facet normal 0.1800112426 0.6390078068 -0.7478402257
outer loop
vertex 85.63057709 31.00127411 57.21575928
vertex 83.39360809 31.63144684 57.21576691
vertex 86.58794403 33.51003265 59.58986664

endloop
endfacet
facet normal 0.1949537843 0.6243988872 -0.7563855052
outer loop
vertex 86.58794403 33.51003265 59.58986664
vertex 83.39360809 31.63144684 57.21576691
vertex 84.17440033 34.26361847 59.58987808

endloop
endfacet
facet normal 0.2207746208 0.7070951462 -0.6717700958
outer loop
vertex 86.58794403 33.51003265 59.58986664
vertex 84.17440033 34.26361847 59.58987808
vertex 87.39006805 35.5150528 61.96393585

endloop
endfacet
facet normal 0.2736751139 0.6469563246 -0.71172297
outer loop
vertex 87.39006805 35.5150528 61.96393585
vertex 84.17440033 34.26361847 59.58987808
vertex 84.90605927 36.5658493 61.9639473

endloop
endfacet
facet normal 0.2926801443 0.6918824315 -0.6600281596
outer loop
vertex 87.39003754 35.5150528 61.96393204
vertex 84.90602875 36.5658493 61.96394348
vertex 88.36067963 37.36917877 64.33795929

endloop
endfacet
facet normal 0.2989523411 0.6832107902 -0.6662211418
outer loop
vertex 88.36067963 37.36917877 64.33795929
vertex 84.90602875 36.5658493 61.96394348
vertex 85.67714691 38.54341888 64.33796692

endloop
endfacet
facet normal 0.2997826636 0.6850993633 -0.6639045477
outer loop
vertex 88.36067963 37.36917877 64.33795929
vertex 85.67714691 38.54343414 64.33796692
vertex 89.06276703 39.3625412 66.71198273

endloop
endfacet
facet normal 0.2760235369 0.7163629532 -0.6408081651
outer loop
vertex 89.06276703 39.3625412 66.71198273
vertex 85.67714691 38.54343414 64.33796692
vertex 86.18245697 40.47237396 66.71199799

endloop
endfacet
facet normal 0.2818055451 0.731364429 -0.6210407615
outer loop
vertex 89.06273651 39.36251068 66.71198273
vertex 86.18242645 40.47234344 66.71199036
vertex 89.34304047 41.27050018 69.08610535

endloop
endfacet
facet normal 0.2809040546 0.7324260473 -0.6201975346
outer loop
vertex 89.34304047 41.27050018 69.08610535
vertex 86.18242645 40.47234344 66.71199036
vertex 86.38527679 42.40488434 69.08611298

endloop
endfacet
facet normal 0.2903354764 0.757017076 -0.5853464007
outer loop
vertex 89.34304047 41.27050018 69.08610535
vertex 86.38527679 42.40488434 69.08611298
vertex 89.51860809 43.03890228 71.46022797

endloop
endfacet
facet normal 0.2765781581 0.7726819515 -0.5713729858
outer loop
vertex 89.51860809 43.03890228 71.46022797
vertex 86.38527679 42.40488434 69.08611298
vertex 86.45745087 44.13463593 71.4602356

endloop
endfacet
facet normal 0.2795163393 0.780890286 -0.5586420894
outer loop
vertex 89.51860809 43.03890228 71.46022797
vertex 86.45745087 44.13463593 71.4602356
vertex 89.70476532 44.67066193 73.83430481

endloop
endfacet
facet normal 0.2583140433 0.8044237494 -0.5349544287
outer loop
vertex 89.70476532 44.67066193 73.83430481
vertex 86.45745087 44.13463593 71.4602356
vertex 86.53264618 45.68929291 73.83432007

endloop
endfacet
facet normal 0.2658094764 0.8277648687 -0.4941159487
outer loop
vertex 89.70476532 44.67066193 73.83430481
vertex 86.53264618 45.68929291 73.83432007
vertex 89.83434296 46.04619598 76.20836639

endloop
endfacet
facet normal 0.2839536965 0.8079206944 -0.5163666606
outer loop
vertex 89.83434296 46.04619598 76.20836639
vertex 86.53264618 45.68929291 73.83432007
vertex 86.5772934 47.19094086 76.20838928

endloop
endfacet
facet normal 0.2836463153 0.8070461154 -0.5179009438
outer loop
vertex 89.83434296 46.04619598 76.20836639
vertex 86.5772934 47.19094086 76.20838928
vertex 89.66625214 47.62876129 78.58242035

endloop
endfacet
facet normal 0.2941203117 0.7957288027 -0.5294420123
outer loop
vertex 89.66625214 47.62876129 78.58242035
vertex 86.5772934 47.19094086 76.20838928
vertex 86.33562469 48.85985565 78.58244324

endloop
endfacet
facet normal 0.2845254242 0.7697583437 -0.5714168549
outer loop
vertex 89.66622162 47.62873077 78.58241272
vertex 86.33559418 48.85984039 78.58242798
vertex 89.56398773 49.42884064 80.95644379

endloop
endfacet
facet normal 0.3052385747 0.7446525097 -0.5935671926
outer loop
vertex 89.56398773 49.42884064 80.95644379
vertex 86.33559418 48.85984039 78.58242798
vertex 86.21172333 50.80297089 80.95645905

endloop
endfacet
facet normal 0.3032331765 0.7397602797 -0.60066998
outer loop
vertex 89.56398773 49.42884064 80.95644379
vertex 86.21172333 50.80297089 80.95645905
vertex 89.35121918 51.44379425 83.33056641

endloop
endfacet
facet normal 0.3118514419 0.7291281223 -0.6091968417
outer loop
vertex 89.35121918 51.44379425 83.33056641
vertex 86.21172333 50.80297089 80.95645905
vertex 85.96147919 52.89360809 83.33057404

endloop
endfacet
facet normal 0.3309276998 0.7737289667 -0.5402131677
outer loop
vertex 89.35121918 51.44379425 83.33056641
vertex 85.96147919 52.89360809 83.33057404
vertex 87.83571625 53.74956512 85.70466614

endloop
endfacet
facet normal 0.256187588 0.8270114064 -0.5004197359
outer loop
vertex 87.83571625 53.74956512 85.70466614
vertex 85.96147919 52.89360809 83.33057404
vertex 84.21376801 54.87155914 85.70467377

endloop
endfacet
facet normal 0.2479994744 0.8005794883 -0.5454985499
outer loop
vertex 87.83571625 53.74956512 85.70466614
vertex 84.21376801 54.87155914 85.70467377
vertex 84.27391815 56.47055817 88.07872772

endloop
endfacet
facet normal 0.09235038608 0.8247830868 -0.5578568578
outer loop
vertex 84.27391815 56.47055817 88.07872772
vertex 84.21376801 54.87155914 85.70467377
vertex 80.0522995 56.94326019 88.07874298

endloop
endfacet
facet normal 0.0907754451 0.8107385635 -0.5783275366
outer loop
vertex 84.27391815 56.47057343 88.07872772
vertex 80.05233002 56.94326019 88.07874298
vertex 83.25267792 58.27837372 90.45272827

endloop
endfacet
facet normal 0.06626190245 0.8288823366 -0.5554849505
outer loop
vertex 83.25267792 58.27837372 90.45272827
vertex 80.05233002 56.94326019 88.07874298
vertex 78.88622284 58.62744904 90.45275116

endloop
endfacet
facet normal 0.06775496155 0.8475564718 -0.5263623595
outer loop
vertex 83.25267792 58.27837372 90.45272827
vertex 78.88622284 58.62744904 90.45275116
vertex 82.71404266 59.79579926 92.8267746

endloop
endfacet
facet normal 0.07004659623 0.8456511497 -0.5291196704
outer loop
vertex 82.71404266 59.79579926 92.8267746
vertex 78.88622284 58.62744904 90.45275116
vertex 78.42250824 60.15128326 92.82678986

endloop
endfacet
facet normal 0.07067462057 0.8532323837 -0.5167199373
outer loop
vertex 82.71404266 59.79579926 92.8267746
vertex 78.42250824 60.15128326 92.82678986
vertex 82.02965546 61.29024506 95.2008667

endloop
endfacet
facet normal 0.09344808757 0.8348425031 -0.5424991846
outer loop
vertex 82.02965546 61.29024506 95.2008667
vertex 78.42250824 60.15128326 92.82678986
vertex 77.76338959 61.76779938 95.20088196

endloop
endfacet
facet normal 0.09990984946 0.8925659657 -0.4397090673
outer loop
vertex 82.02965546 61.29024506 95.2008667
vertex 77.76338959 61.76779938 95.20088196
vertex 81.38048553 62.53247833 97.57497406

endloop
endfacet
facet normal 0.105383411 0.8884449601 -0.4467211068
outer loop
vertex 81.38048553 62.53247833 97.57497406
vertex 77.76338959 61.76779938 95.20088196
vertex 77.11971283 63.03787994 97.57498932

endloop
endfacet
facet normal 0.1090977713 0.9197566509 -0.3770217299
outer loop
vertex 81.38048553 62.53247833 97.57497406
vertex 77.11971283 63.03787994 97.57498932
vertex 80.8849411 63.5644455 99.94909668

endloop
endfacet
facet normal 0.1139915884 0.9162657857 -0.3840088844
outer loop
vertex 80.8849411 63.5644455 99.94909668
vertex 77.11971283 63.03787994 97.57498932
vertex 76.69255829 64.08602142 99.94911194

endloop
endfacet
facet normal 0.1144053563 0.9195914865 -0.375849545
outer loop
vertex 80.8849411 63.5644455 99.94909668
vertex 76.69255829 64.08602142 99.94911194
vertex 80.52169037 64.57994843 102.3231583

endloop
endfacet
facet normal 0.143371895 0.8971118927 -0.4178931713
outer loop
vertex 80.52169037 64.57994843 102.3231583
vertex 76.69255829 64.08602142 99.94911194
vertex 76.36083221 65.24492645 102.3231812

endloop
endfacet
facet normal 0.1464189887 0.9161654711 -0.3730984032
outer loop
vertex 80.52165985 64.57994843 102.3231659
vertex 76.36083221 65.24492645 102.3231812
vertex 79.43785858 65.71996307 104.6972122

endloop
endfacet
facet normal 0.1344985664 0.9235471487 -0.3591251969
outer loop
vertex 79.43785858 65.71996307 104.6972122
vertex 76.36083221 65.24492645 102.3231812
vertex 75.15172577 66.34416962 104.6972275

endloop
endfacet
facet normal 0.1365511864 0.9376406074 -0.3196620941
outer loop
vertex 79.43785858 65.71996307 104.6972122
vertex 75.15172577 66.34416962 104.6972275
vertex 77.98760223 66.74053192 107.0712585

endloop
endfacet
facet normal 0.0986135155 0.9556924105 -0.2773578465
outer loop
vertex 77.98760223 66.74053192 107.0712585
vertex 75.15172577 66.34416962 104.6972275
vertex 73.51851654 67.20168304 107.0712814

endloop
endfacet
facet normal 0.099969998 0.9688357115 -0.2266348302
outer loop
vertex 77.98760223 66.74053192 107.0712585
vertex 73.51851654 67.20168304 107.0712814
vertex 76.72835541 67.42583466 109.4453812

endloop
endfacet
facet normal 0.08707273006 0.9738865495 -0.2096742988
outer loop
vertex 76.72835541 67.42583466 109.4453812
vertex 73.51851654 67.20168304 107.0712814
vertex 72.06002045 67.84322357 109.4454041

endloop
endfacet
facet normal 0.08805904537 0.9849932194 -0.1484383792
outer loop
vertex 76.72838593 67.42586517 109.4453888
vertex 72.06002045 67.84322357 109.4454117
vertex 76.05440521 67.84389496 111.8194809

endloop
endfacet
facet normal 0.1134642884 0.9749749899 -0.1911800206
outer loop
vertex 76.05440521 67.84389496 111.8194809
vertex 72.06002045 67.84322357 109.4454117
vertex 71.35683441 68.39058685 111.8195038

endloop
endfacet
facet normal 0.1152438521 0.9902614951 -0.07810910046
outer loop
vertex 76.05440521 67.84389496 111.8194809
vertex 71.35683441 68.39058685 111.8195038
vertex 77.69893646 67.83977509 114.1936264

endloop
endfacet
facet normal 0.1647969037 0.9621599913 -0.2170021534
outer loop
vertex 77.69893646 67.83977509 114.1936264
vertex 71.35683441 68.39058685 111.8195038
vertex 73.33116913 68.587883 114.1936493

endloop
endfacet
facet normal 0.1636430621 0.9554150701 -0.2457701266
outer loop
vertex 77.69890594 67.83974457 114.1936264
vertex 73.33116913 68.58785248 114.1936417
vertex 79.21947479 68.19002533 116.5677719

endloop
endfacet
facet normal 0.2010579407 0.9168016911 -0.3450366855
outer loop
vertex 79.21947479 68.19002533 116.5677719
vertex 73.33116913 68.58785248 114.1936417
vertex 75.11284637 69.09062958 116.5677872

endloop
endfacet
facet normal 0.2049277574 0.9344466329 -0.291228503
outer loop
vertex 79.21947479 68.19002533 116.5677719
vertex 75.11284637 69.09062958 116.5677872
vertex 79.34224701 68.90300751 118.941864

endloop
endfacet
facet normal 0.2414736003 0.9015867114 -0.3589315414
outer loop
vertex 79.34224701 68.90300751 118.941864
vertex 75.11284637 69.09062958 116.5677872
vertex 75.30254364 69.98497772 118.9418869

endloop
endfacet
facet normal 0.2510997057 0.9375247955 -0.2408239543
outer loop
vertex 79.34224701 68.90300751 118.941864
vertex 75.30254364 69.98497772 118.9418869
vertex 78.67409515 69.69182587 121.3160629

endloop
endfacet
facet normal 0.219773829 0.9560564756 -0.1940500736
outer loop
vertex 78.67409515 69.69182587 121.3160629
vertex 75.30254364 69.98497772 118.9418869
vertex 74.6288681 70.62172699 121.3160782

endloop
endfacet
facet normal 0.2207675725 0.9603862762 -0.1700582802
outer loop
vertex 78.67412567 69.69185638 121.3160782
vertex 74.6288681 70.62175751 121.3160934
vertex 77.96257782 70.27584076 123.6903458

endloop
endfacet
facet normal 0.1858818829 0.9753522277 -0.1188945174
outer loop
vertex 77.96257782 70.27584076 123.6903458
vertex 74.6288681 70.62175751 121.3160934
vertex 73.94219208 71.04204559 123.6903687

endloop
endfacet
facet normal 0.1856234521 0.97399652 -0.1299030036
outer loop
vertex 77.96257782 70.27584076 123.6903458
vertex 73.94219208 71.04204559 123.6903687
vertex 76.97551727 70.78063202 126.0647583

endloop
endfacet
facet normal 0.1493784189 0.9853448868 -0.08234991878
outer loop
vertex 76.97551727 70.78063202 126.0647583
vertex 73.94219208 71.04204559 123.6903687
vertex 73.00380707 71.38274384 126.0647583

endloop
endfacet
facet normal 0.1479696035 0.9760519266 -0.159460485
outer loop
vertex 76.97551727 70.78063202 126.0647583
vertex 73.00380707 71.38274384 126.0647583
vertex 75.79247284 71.34789276 128.4391479

endloop
endfacet
facet normal 0.1554098278 0.9734187126 -0.1682375073
outer loop
vertex 75.79247284 71.34789276 128.4391479
vertex 73.00380707 71.38274384 126.0647583
vertex 71.9863205 71.95555878 128.4391479

endloop
endfacet
facet normal 0.1573390961 0.9854628444 -0.06408899277
outer loop
vertex 75.79250336 71.34789276 128.4391479
vertex 71.9863205 71.95558929 128.4391632
vertex 74.6783371 71.68019867 130.8135529

endloop
endfacet
facet normal 0.1878885478 0.9771177769 -0.09969300032
outer loop
vertex 74.6783371 71.68019867 130.8135529
vertex 71.9863205 71.95558929 128.4391632
vertex 71.08220673 72.37169647 130.8135834

endloop
endfacet
facet normal 0.1886474788 0.9810620546 -0.04392420128
outer loop
vertex 74.6783371 71.68019867 130.8135529
vertex 71.08220673 72.37169647 130.8135834
vertex 73.56304169 72.00096893 133.1880493

endloop
endfacet
facet normal 0.1870158464 0.981451869 -0.04215862602
outer loop
vertex 73.56304169 72.00096893 133.1880493
vertex 71.08220673 72.37169647 130.8135834
vertex 70.12276459 72.65651703 133.1881104

endloop
endfacet
facet normal 0.1871893108 0.9823210239 0.002360780491
outer loop
vertex 73.5630722 72.00096893 133.1880646
vertex 70.12276459 72.65654755 133.1881256
vertex 72.32576752 72.23104095 135.5625458

endloop
endfacet
facet normal 0.2024749517 0.9792092443 -0.01237899717
outer loop
vertex 72.32576752 72.23104095 135.5625458
vertex 70.12276459 72.65654755 133.1881256
vertex 69.02361298 72.91384125 135.5626068

endloop
endfacet
facet normal 0.2003183663 0.968765378 0.1461714357
outer loop
vertex 72.32576752 72.23104095 135.5625458
vertex 69.02361298 72.91384125 135.5626068
vertex 70.81423187 72.18538666 137.9365845

endloop
endfacet
facet normal 0.2197291404 0.9667378664 0.1309083253
outer loop
vertex 70.81423187 72.18538666 137.9365845
vertex 69.02361298 72.91384125 135.5626068
vertex 67.67583466 72.89870453 137.9366302

endloop
endfacet
facet normal 0.2192398906 0.964584291 0.1466664672
outer loop
vertex 70.81423187 72.18538666 137.9365845
vertex 67.67583466 72.89870453 137.9366302
vertex 68.94658661 72.24901581 140.309906

endloop
endfacet
facet normal 0.1932942122 0.9677693248 0.1614308208
outer loop
vertex 68.94658661 72.24901581 140.309906
vertex 67.67583466 72.89870453 137.9366302
vertex 66.03096771 72.83135223 140.3099365

endloop
endfacet
facet normal 0.1882936805 0.9426774979 0.2755079865
outer loop
vertex 68.94661713 72.24901581 140.3099213
vertex 66.03099823 72.83138275 140.3099518
vertex 66.67089081 72.00984955 142.6835785

endloop
endfacet
facet normal 0.153216213 0.9458791614 0.2860724628
outer loop
vertex 66.67089081 72.00984955 142.6835785
vertex 66.03099823 72.83138275 140.3099518
vertex 64.04631805 72.43498993 142.6835632

endloop
endfacet
facet normal 0.1349988878 0.8334248662 0.5358902216
outer loop
vertex 66.67089081 72.00984955 142.6835785
vertex 64.04631805 72.43498993 142.6835632
vertex 62.95218658 70.93236542 145.2960968

endloop
endfacet
facet normal 0.02666423284 0.8616713881 0.5067657232
outer loop
vertex 62.95218658 70.93236542 145.2960968
vertex 64.04631805 72.43498993 142.6835632
vertex 60.8335495 70.99791718 145.2961121

endloop
endfacet
facet normal 0.01026100852 0.3314144611 0.9434294105
outer loop
vertex 62.95214081 70.93230438 145.2960815
vertex 60.83351898 70.99785614 145.2960968
vertex 52.09568024 60.56043243 149.057663

endloop
endfacet
facet normal 0.7878547311 -0.5886271 0.1811160296
outer loop
vertex 52.09568024 60.56043243 149.057663
vertex 60.83351898 70.99785614 145.2960968
vertex 52.09571075 60.56047821 149.0576782

endloop
endfacet
facet normal -0.4918436706 0.5737110972 -0.6549391747
outer loop
vertex 76.23403168 15.21147919 48.43407059
vertex 76.23400116 15.21144867 48.43406677
vertex 81.21794891 23.81229401 52.22537613

endloop
endfacet
facet normal -0.02438293956 0.4150336385 -0.9094792604
outer loop
vertex 81.21794891 23.81229401 52.22537613
vertex 76.23400116 15.21144867 48.43406677
vertex 79.62801361 23.71880341 52.22533798

endloop
endfacet
facet normal -0.02924333699 0.4976766407 -0.8668695688
outer loop
vertex 81.21794891 23.81229401 52.22537613
vertex 79.62801361 23.71880341 52.22533798
vertex 82.41728973 28.43856049 54.84089279

endloop
endfacet
facet normal -0.0003684049298 0.4848841429 -0.8745783567
outer loop
vertex 82.41728973 28.43856049 54.84089279
vertex 79.62801361 23.71880341 52.22533798
vertex 80.388237 28.43694305 54.84085083

endloop
endfacet
facet normal -0.0004592205514 0.5969026089 -0.8023135662
outer loop
vertex 82.41728973 28.43856049 54.84089279
vertex 80.388237 28.43694305 54.84085083
vertex 83.39360809 31.63144684 57.21576691

endloop
endfacet
facet normal 0.05027071014 0.5649801493 -0.823571682
outer loop
vertex 83.39360809 31.63144684 57.21576691
vertex 80.388237 28.43694305 54.84085083
vertex 81.13530731 31.83237457 57.21575928

endloop
endfacet
facet normal 0.05863300338 0.6589694619 -0.7498809695
outer loop
vertex 83.39360809 31.63144684 57.21576691
vertex 81.13530731 31.83237457 57.21575928
vertex 84.17440033 34.26361847 59.58987808

endloop
endfacet
facet normal 0.07863862067 0.6444344521 -0.7606052756
outer loop
vertex 84.17440033 34.26361847 59.58987808
vertex 81.13530731 31.83237457 57.21575928
vertex 81.76360321 34.55779266 59.58987045

endloop
endfacet
facet normal 0.08565363288 0.7019247413 -0.7070820928
outer loop
vertex 84.17440033 34.26361847 59.58987808
vertex 81.76360321 34.55779266 59.58987045
vertex 84.90605927 36.5658493 61.9639473

endloop
endfacet
facet normal 0.1159994528 0.6773468256 -0.7264608741
outer loop
vertex 84.90605927 36.5658493 61.9639473
vertex 81.76360321 34.55779266 59.58987045
vertex 82.30181122 37.01183319 61.96393967

endloop
endfacet
facet normal 0.1269742697 0.7414559126 -0.658878386
outer loop
vertex 84.90602875 36.5658493 61.96394348
vertex 82.30181122 37.01181793 61.96393967
vertex 85.67714691 38.54341888 64.33796692

endloop
endfacet
facet normal 0.1672653109 0.7029319406 -0.6913095713
outer loop
vertex 85.67714691 38.54341888 64.33796692
vertex 82.30181122 37.01181793 61.96393967
vertex 82.9240036 39.19853973 64.33796692

endloop
endfacet
facet normal 0.1772777885 0.7450093627 -0.6430659294
outer loop
vertex 85.67714691 38.54343414 64.33796692
vertex 82.9240036 39.19855499 64.33796692
vertex 86.18245697 40.47237396 66.71199799

endloop
endfacet
facet normal 0.1479015052 0.7725304961 -0.6175126433
outer loop
vertex 86.18245697 40.47237396 66.71199799
vertex 82.9240036 39.19855499 64.33796692
vertex 83.24895477 41.03398895 66.71199036

endloop
endfacet
facet normal 0.1457164586 0.761133492 -0.6320146322
outer loop
vertex 86.18242645 40.47234344 66.71199036
vertex 83.24889374 41.03395844 66.71199036
vertex 86.38527679 42.40488434 69.08611298

endloop
endfacet
facet normal 0.07953941077 0.8141384125 -0.5751975179
outer loop
vertex 86.38527679 42.40488434 69.08611298
vertex 83.24889374 41.03395844 66.71199036
vertex 83.22234344 42.71389008 69.08610535

endloop
endfacet
facet normal 0.07860671729 0.8045912385 -0.5886032581
outer loop
vertex 86.38527679 42.40488434 69.08611298
vertex 83.22234344 42.71389008 69.08610535
vertex 86.45745087 44.13463593 71.4602356

endloop
endfacet
facet normal 0.05390382558 0.8227660656 -0.5658181906
outer loop
vertex 86.45745087 44.13463593 71.4602356
vertex 83.22234344 42.71389008 69.08610535
vertex 83.12917328 44.35268402 71.46022797

endloop
endfacet
facet normal 0.05467519164 0.8345407844 -0.5482264757
outer loop
vertex 86.45745087 44.13463593 71.4602356
vertex 83.12917328 44.35268402 71.46022797
vertex 86.53264618 45.68929291 73.83432007

endloop
endfacet
facet normal 0.06650537997 0.8256835938 -0.5601995587
outer loop
vertex 86.53264618 45.68929291 73.83432007
vertex 83.12917328 44.35268402 71.46022797
vertex 83.10045624 45.96573639 73.83431244

endloop
endfacet
facet normal 0.06786814332 0.8426036835 -0.5342406034
outer loop
vertex 86.53264618 45.68929291 73.83432007
vertex 83.10045624 45.96573639 73.83431244
vertex 86.5772934 47.19094086 76.20838928

endloop
endfacet
facet normal 0.1111533418 0.8073872328 -0.5794574022
outer loop
vertex 86.5772934 47.19094086 76.20838928
vertex 83.10045624 45.96573639 73.83431244
vertex 83.10945892 47.66834259 76.20836639

endloop
endfacet
facet normal 0.112646766 0.818236351 -0.5637375712
outer loop
vertex 86.5772934 47.19094086 76.20838928
vertex 83.10945892 47.66834259 76.20836639
vertex 86.33562469 48.85985565 78.58244324

endloop
endfacet
facet normal 0.1461835653 0.7901555896 -0.5952180028
outer loop
vertex 86.33562469 48.85985565 78.58244324
vertex 83.10945892 47.66834259 76.20836639
vertex 82.86269379 49.50235748 78.58242798

endloop
endfacet
facet normal 0.1423731446 0.7695839405 -0.6224712729
outer loop
vertex 86.33559418 48.85984039 78.58242798
vertex 82.86266327 49.50232697 78.58242035
vertex 86.21172333 50.80297089 80.95645905

endloop
endfacet
facet normal 0.1476877928 0.7646664977 -0.6272746325
outer loop
vertex 86.21172333 50.80297089 80.95645905
vertex 82.86266327 49.50232697 78.58242035
vertex 82.70748138 51.47977448 80.95645142

endloop
endfacet
facet normal 0.1448741108 0.75009799 -0.6452631354
outer loop
vertex 86.21172333 50.80297089 80.95645905
vertex 82.70748138 51.47977448 80.95645142
vertex 85.96147919 52.89360809 83.33057404

endloop
endfacet
facet normal 0.13446787 0.7594207525 -0.6365520954
outer loop
vertex 85.96147919 52.89360809 83.33057404
vertex 82.70748138 51.47977448 80.95645142
vertex 82.33055878 53.53652191 83.33057404

endloop
endfacet
facet normal 0.1433717161 0.8097060919 -0.5690522194
outer loop
vertex 85.96147919 52.89360809 83.33057404
vertex 82.33055878 53.53652191 83.33057404
vertex 84.21376801 54.87155914 85.70467377

endloop
endfacet
facet normal 0.056877058 0.8502756357 -0.5232555866
outer loop
vertex 84.21376801 54.87155914 85.70467377
vertex 82.33055878 53.53652191 83.33057404
vertex 80.33568573 55.13097382 85.70467377

endloop
endfacet
facet normal 0.0532999225 0.7967995405 -0.601888299
outer loop
vertex 84.21376801 54.87155914 85.70467377
vertex 80.33568573 55.13097382 85.70467377
vertex 80.0522995 56.94326019 88.07874298

endloop
endfacet
facet normal -0.09032829106 0.7863919139 -0.6110879779
outer loop
vertex 80.0522995 56.94326019 88.07874298
vertex 80.33568573 55.13097382 85.70467377
vertex 75.77324677 56.45174408 88.07873535

endloop
endfacet
facet normal -0.09081342816 0.7906396389 -0.6055095792
outer loop
vertex 80.05233002 56.94326019 88.07874298
vertex 75.77327728 56.45175934 88.07873535
vertex 78.88622284 58.62744904 90.45275116

endloop
endfacet
facet normal -0.08838547021 0.7893665433 -0.6075265408
outer loop
vertex 78.88622284 58.62744904 90.45275116
vertex 75.77327728 56.45175934 88.07873535
vertex 74.51229095 58.13768768 90.4527359

endloop
endfacet
facet normal -0.09288734198 0.8295699358 -0.5506229997
outer loop
vertex 78.88622284 58.62744904 90.45275116
vertex 74.51229095 58.13768768 90.4527359
vertex 78.42250824 60.15128326 92.82678986

endloop
endfacet
facet normal -0.05286346003 0.8028277159 -0.5938629508
outer loop
vertex 78.42250824 60.15128326 92.82678986
vertex 74.51229095 58.13768768 90.4527359
vertex 74.18953705 59.87255096 92.82678223

endloop
endfacet
facet normal -0.05388605967 0.8183569312 -0.572178483
outer loop
vertex 78.42250824 60.15128326 92.82678986
vertex 74.18953705 59.87255096 92.82678223
vertex 77.76338959 61.76779938 95.20088196

endloop
endfacet
facet normal -0.07073082775 0.8287557364 -0.5551226139
outer loop
vertex 77.76338959 61.76779938 95.20088196
vertex 74.18953705 59.87255096 92.82678223
vertex 73.57170868 61.41005707 95.20088196

endloop
endfacet
facet normal -0.07431855053 0.8707934618 -0.485999465
outer loop
vertex 77.76338959 61.76779938 95.20088196
vertex 73.57170868 61.41005707 95.20088196
vertex 77.11971283 63.03787994 97.57498932

endloop
endfacet
facet normal -0.07593888044 0.8716681004 -0.4841777086
outer loop
vertex 77.11971283 63.03787994 97.57498932
vertex 73.57170868 61.41005707 95.20088196
vertex 72.90300751 62.6705246 97.57498932

endloop
endfacet
facet normal -0.07898449153 0.9066271186 -0.4144739509
outer loop
vertex 77.11971283 63.03787994 97.57498932
vertex 72.90300751 62.6705246 97.57498932
vertex 76.69255829 64.08602142 99.94911194

endloop
endfacet
facet normal -0.03497219831 0.8819624186 -0.4700204134
outer loop
vertex 76.69255829 64.08602142 99.94911194
vertex 72.90300751 62.6705246 97.57498932
vertex 72.45540619 63.9180069 99.94911194

endloop
endfacet
facet normal -0.03553326055 0.8961120248 -0.4424032271
outer loop
vertex 76.69255829 64.08602142 99.94911194
vertex 72.45540619 63.9180069 99.94911194
vertex 76.36083221 65.24492645 102.3231812

endloop
endfacet
facet normal -0.0298194699 0.892608881 -0.4498446882
outer loop
vertex 76.36083221 65.24492645 102.3231812
vertex 72.45540619 63.9180069 99.94911194
vertex 72.11040497 65.10292816 102.3231735

endloop
endfacet
facet normal -0.03010263853 0.9011006951 -0.4325636327
outer loop
vertex 76.36083221 65.24492645 102.3231812
vertex 72.11043549 65.10292816 102.3231659
vertex 75.15172577 66.34416962 104.6972275

endloop
endfacet
facet normal -0.08969184756 0.9251674414 -0.3688098192
outer loop
vertex 75.15172577 66.34416962 104.6972275
vertex 72.11043549 65.10292816 102.3231659
vertex 70.87001801 65.92906952 104.6972198

endloop
endfacet
facet normal -0.08877781034 0.9157396555 -0.391841054
outer loop
vertex 75.15172577 66.34416962 104.6972275
vertex 70.87001801 65.92906952 104.6972198
vertex 73.51851654 67.20168304 107.0712814

endloop
endfacet
facet normal -0.1334802806 0.9277831912 -0.3484270275
outer loop
vertex 73.51851654 67.20168304 107.0712814
vertex 70.87001801 65.92906952 104.6972198
vertex 69.07549286 66.56246185 107.0712738

endloop
endfacet
facet normal -0.1342006326 0.9327899814 -0.3345040679
outer loop
vertex 73.51851654 67.20168304 107.0712814
vertex 69.07549286 66.56246185 107.0712738
vertex 72.06002045 67.84322357 109.4454041

endloop
endfacet
facet normal -0.1511721462 0.9368534088 -0.3153612018
outer loop
vertex 72.06002045 67.84322357 109.4454041
vertex 69.07549286 66.56246185 107.0712738
vertex 67.40624237 67.09227753 109.4453888

endloop
endfacet
facet normal -0.1536070555 0.9519420862 -0.2649739385
outer loop
vertex 72.06002045 67.84322357 109.4454117
vertex 67.40624237 67.09227753 109.4453964
vertex 71.35683441 68.39058685 111.8195038

endloop
endfacet
facet normal -0.1462400854 0.9499289393 -0.2761318684
outer loop
vertex 71.35683441 68.39058685 111.8195038
vertex 67.40624237 67.09227753 109.4453964
vertex 66.69680023 67.67317963 111.8194962

endloop
endfacet
facet normal -0.1520067304 0.9873837233 0.04435499385
outer loop
vertex 71.35683441 68.39058685 111.8195038
vertex 66.69680023 67.67317963 111.8194962
vertex 73.33116913 68.587883 114.1936493

endloop
endfacet
facet normal -0.0166177135 0.9477121234 -0.318693608
outer loop
vertex 73.33116913 68.587883 114.1936493
vertex 66.69680023 67.67317963 111.8194962
vertex 68.91411591 68.51042938 114.1936417

endloop
endfacet
facet normal -0.01719652303 0.9806964397 -0.1947787553
outer loop
vertex 73.33116913 68.58785248 114.1936417
vertex 68.91408539 68.51039886 114.1936417
vertex 75.11284637 69.09062958 116.5677872

endloop
endfacet
facet normal 0.07678079605 0.9036560655 -0.4213199019
outer loop
vertex 75.11284637 69.09062958 116.5677872
vertex 68.91408539 68.51039886 114.1936417
vertex 70.86071014 69.45192719 116.5678024

endloop
endfacet
facet normal 0.0790848285 0.9307698011 -0.3569498062
outer loop
vertex 75.11284637 69.09062958 116.5677872
vertex 70.86071014 69.45192719 116.5678024
vertex 75.30254364 69.98497772 118.9418869

endloop
endfacet
facet normal 0.05540591851 0.947039783 -0.316300422
outer loop
vertex 75.30254364 69.98497772 118.9418869
vertex 70.86071014 69.45192719 116.5678024
vertex 71.06795502 70.23271942 118.9418869

endloop
endfacet
facet normal 0.05664506182 0.9682202339 -0.2436000556
outer loop
vertex 75.30254364 69.98497772 118.9418869
vertex 71.06795502 70.23271942 118.9418869
vertex 74.6288681 70.62172699 121.3160782

endloop
endfacet
facet normal 0.02890645154 0.9786068201 -0.203698352
outer loop
vertex 74.6288681 70.62172699 121.3160782
vertex 71.06795502 70.23271942 118.9418869
vertex 70.42797089 70.74581146 121.3160629

endloop
endfacet
facet normal 0.02911560424 0.9856852889 -0.1660627872
outer loop
vertex 74.6288681 70.62175751 121.3160934
vertex 70.4280014 70.74584198 121.3160782
vertex 73.94219208 71.04204559 123.6903687

endloop
endfacet
facet normal 0.02823888883 0.9859235287 -0.1647948921
outer loop
vertex 73.94219208 71.04204559 123.6903687
vertex 70.4280014 70.74584198 121.3160782
vertex 69.85167694 71.15920258 123.6903458

endloop
endfacet
facet normal 0.02838349901 0.9909790754 -0.1309769005
outer loop
vertex 73.94219208 71.04204559 123.6903687
vertex 69.85167694 71.15920258 123.6903458
vertex 73.00380707 71.38274384 126.0647583

endloop
endfacet
facet normal 0.01273101196 0.9937986732 -0.1104630306
outer loop
vertex 73.00380707 71.38274384 126.0647583
vertex 69.85167694 71.15920258 123.6903458
vertex 68.97960663 71.43428802 126.0646896

endloop
endfacet
facet normal 0.01246972568 0.9732410312 -0.229448095
outer loop
vertex 73.00380707 71.38274384 126.0647583
vertex 68.97960663 71.43428802 126.0646896
vertex 71.9863205 71.95555878 128.4391479

endloop
endfacet
facet normal -0.0189235229 0.9813162684 -0.1914684623
outer loop
vertex 71.9863205 71.95555878 128.4391479
vertex 68.97960663 71.43428802 126.0646896
vertex 68.05129242 71.87966156 128.4390717

endloop
endfacet
facet normal -0.01896700822 0.9835592508 -0.1795867532
outer loop
vertex 71.9863205 71.95558929 128.4391632
vertex 68.05129242 71.87969208 128.4390869
vertex 71.08220673 72.37169647 130.8135834

endloop
endfacet
facet normal -0.01438737009 0.9825896025 -0.1852315068
outer loop
vertex 71.08220673 72.37169647 130.8135834
vertex 68.05129242 71.87969208 128.4390869
vertex 67.29351044 72.31621552 130.8135529

endloop
endfacet
facet normal -0.01452663913 0.9920671582 -0.1248664036
outer loop
vertex 71.08220673 72.37169647 130.8135834
vertex 67.29351044 72.31621552 130.8135529
vertex 70.12276459 72.65651703 133.1881104

endloop
endfacet
facet normal -0.01472905837 0.9920940399 -0.1246290654
outer loop
vertex 70.12276459 72.65651703 133.1881104
vertex 67.29351044 72.31621552 130.8135529
vertex 66.55831146 72.60359955 133.1881256

endloop
endfacet
facet normal -0.01475568302 0.9933178425 -0.1144642308
outer loop
vertex 70.12276459 72.65654755 133.1881256
vertex 66.55831146 72.60359955 133.1881409
vertex 69.02361298 72.91384125 135.5626068

endloop
endfacet
facet normal -0.01849893667 0.9936898351 -0.1106263846
outer loop
vertex 69.02361298 72.91384125 135.5626068
vertex 66.55831146 72.60359955 133.1881409
vertex 65.68093109 72.85161591 135.5626373

endloop
endfacet
facet normal -0.01861204579 0.999818027 -0.004191596061
outer loop
vertex 69.02361298 72.91384125 135.5626068
vertex 65.68093109 72.85161591 135.5626373
vertex 67.67583466 72.89870453 137.9366302

endloop
endfacet
facet normal 0.03583077714 0.99811095 -0.04990689829
outer loop
vertex 67.67583466 72.89870453 137.9366302
vertex 65.68093109 72.85161591 135.5626373
vertex 64.45476532 73.01433563 137.936615

endloop
endfacet
facet normal 0.03582429141 0.997943759 0.05314948037
outer loop
vertex 67.67583466 72.89870453 137.9366302
vertex 64.45476532 73.01433563 137.936615
vertex 66.03096771 72.83135223 140.3099365

endloop
endfacet
facet normal 0.0456728451 0.9978688359 0.0466029495
outer loop
vertex 66.03096771 72.83135223 140.3099365
vertex 64.45476532 73.01433563 137.936615
vertex 63.01590729 72.96935272 140.3099365

endloop
endfacet
facet normal 0.04478931054 0.9785923958 0.2008751184
outer loop
vertex 66.03099823 72.83138275 140.3099518
vertex 63.01592255 72.96938324 140.3099365
vertex 64.04631805 72.43498993 142.6835632

endloop
endfacet
facet normal -0.02653572895 0.9727074504 0.2305125147
outer loop
vertex 64.04631805 72.43498993 142.6835632
vertex 63.01592255 72.96938324 140.3099365
vertex 61.40218353 72.36284637 142.683609

endloop
endfacet
facet normal -0.02422649972 0.8882169724 0.4587850273
outer loop
vertex 64.04631805 72.43498993 142.6835632
vertex 61.40218353 72.36284637 142.683609
vertex 60.8335495 70.99791718 145.2961121

endloop
endfacet
facet normal -0.08144708723 0.8905440569 0.4475463033
outer loop
vertex 60.8335495 70.99791718 145.2961121
vertex 61.40218353 72.36284637 142.683609
vertex 58.71701813 70.80434418 145.2961121

endloop
endfacet
facet normal -0.03322695196 0.3633641005 0.9310545325
outer loop
vertex 60.83351898 70.99785614 145.2960968
vertex 58.71697235 70.80431366 145.2960968
vertex 52.09571075 60.56047821 149.0576782

endloop
endfacet
facet normal -0.8542909026 0.4993390441 -0.1443872005
outer loop
vertex 52.09571075 60.56047821 149.0576782
vertex 58.71697235 70.80431366 145.2960968
vertex 52.0956955 60.56044769 149.057663

endloop
endfacet
facet normal 0.6235112548 0.09697213024 -0.7757770419
outer loop
vertex 76.23400116 15.21144867 48.43406677
vertex 76.23400116 15.21147919 48.43407059
vertex 79.62801361 23.71880341 52.22533798

endloop
endfacet
facet normal -0.1167780831 0.4427688122 -0.8889987469
outer loop
vertex 79.62801361 23.71880341 52.22533798
vertex 76.23400116 15.21147919 48.43407059
vertex 78.08834076 23.31246185 52.22520828

endloop
endfacet
facet normal -0.1310203671 0.4967243671 -0.8579618931
outer loop
vertex 79.62801361 23.71880341 52.22533798
vertex 78.08834076 23.31246185 52.22520828
vertex 80.388237 28.43694305 54.84085083

endloop
endfacet
facet normal -0.1362063587 0.4982016385 -0.8562961221
outer loop
vertex 80.388237 28.43694305 54.84085083
vertex 78.08834076 23.31246185 52.22520828
vertex 78.47847748 27.91466522 54.84075928

endloop
endfacet
facet normal -0.1611024737 0.5892256498 -0.7917443514
outer loop
vertex 80.388237 28.43694305 54.84085083
vertex 78.47847748 27.91466522 54.84075928
vertex 81.13530731 31.83237457 57.21575928

endloop
endfacet
facet normal -0.124516584 0.574753046 -0.8087982535
outer loop
vertex 81.13530731 31.83237457 57.21575928
vertex 78.47847748 27.91466522 54.84075928
vertex 78.99065399 31.3677597 57.21576691

endloop
endfacet
facet normal -0.1448658556 0.6686860323 -0.7292962074
outer loop
vertex 81.13530731 31.83237457 57.21575928
vertex 78.99065399 31.3677597 57.21576691
vertex 81.76360321 34.55779266 59.58987045

endloop
endfacet
facet normal -0.1395459771 0.6663916111 -0.7324269414
outer loop
vertex 81.76360321 34.55779266 59.58987045
vertex 78.99065399 31.3677597 57.21576691
vertex 79.388237 34.06038666 59.58987808

endloop
endfacet
facet normal -0.1474658996 0.7042138577 -0.6945046782
outer loop
vertex 81.76360321 34.55779266 59.58987045
vertex 79.388237 34.06038666 59.58987808
vertex 82.30181122 37.01183319 61.96393967

endloop
endfacet
facet normal -0.09363508224 0.6785033345 -0.7286052108
outer loop
vertex 82.30181122 37.01183319 61.96393967
vertex 79.388237 34.06038666 59.58987808
vertex 79.66338348 36.64772797 61.96394348

endloop
endfacet
facet normal -0.1027949005 0.7449103594 -0.6591978073
outer loop
vertex 82.30181122 37.01181793 61.96393967
vertex 79.66338348 36.64772797 61.96394348
vertex 82.9240036 39.19853973 64.33796692

endloop
endfacet
facet normal -0.03288431838 0.7031179667 -0.7103124261
outer loop
vertex 82.9240036 39.19853973 64.33796692
vertex 79.66338348 36.64772797 61.96394348
vertex 80.1142807 39.06713104 64.33796692

endloop
endfacet
facet normal -0.03708970919 0.7930358648 -0.6080448031
outer loop
vertex 82.9240036 39.19855499 64.33796692
vertex 80.1142807 39.0671463 64.33796692
vertex 83.24895477 41.03398895 66.71199036

endloop
endfacet
facet normal -0.02052468248 0.7830383778 -0.6216346025
outer loop
vertex 83.24895477 41.03398895 66.71199036
vertex 80.1142807 39.0671463 64.33796692
vertex 80.3234787 40.95731354 66.71199799

endloop
endfacet
facet normal -0.02138887718 0.8160058856 -0.577647686
outer loop
vertex 83.24889374 41.03395844 66.71199036
vertex 80.32344818 40.95728302 66.71199799
vertex 83.22234344 42.71389008 69.08610535

endloop
endfacet
facet normal -0.0649573952 0.8384667635 -0.5410673618
outer loop
vertex 83.22234344 42.71389008 69.08610535
vertex 80.32344818 40.95728302 66.71199799
vertex 80.1085434 42.47266388 69.08611298

endloop
endfacet
facet normal -0.06353801489 0.8201444745 -0.5686175227
outer loop
vertex 83.22234344 42.71389008 69.08610535
vertex 80.1085434 42.47266388 69.08611298
vertex 83.12917328 44.35268402 71.46022797

endloop
endfacet
facet normal -0.08301118016 0.8299589157 -0.5516133308
outer loop
vertex 83.12917328 44.35268402 71.46022797
vertex 80.1085434 42.47266388 69.08611298
vertex 79.81099701 44.02080536 71.46022797

endloop
endfacet
facet normal -0.08240161091 0.8238645792 -0.5607647896
outer loop
vertex 83.12917328 44.35268402 71.46022797
vertex 79.81099701 44.02080536 71.46022797
vertex 83.10045624 45.96573639 73.83431244

endloop
endfacet
facet normal -0.04874576628 0.8046907783 -0.5916895866
outer loop
vertex 83.10045624 45.96573639 73.83431244
vertex 79.81099701 44.02080536 71.46022797
vertex 79.6656723 45.75766754 73.83431244

endloop
endfacet
facet normal -0.04917201772 0.8117277622 -0.581962347
outer loop
vertex 83.10045624 45.96573639 73.83431244
vertex 79.6656723 45.75766754 73.83431244
vertex 83.10945892 47.66834259 76.20836639

endloop
endfacet
facet normal -0.02232056297 0.7944082022 -0.6069738865
outer loop
vertex 83.10945892 47.66834259 76.20836639
vertex 79.6656723 45.75766754 73.83431244
vertex 79.63738251 47.57079315 76.20837402

endloop
endfacet
facet normal -0.02219815738 0.7900509834 -0.6126391292
outer loop
vertex 83.10945892 47.66834259 76.20836639
vertex 79.63738251 47.57079315 76.20837402
vertex 82.86269379 49.50235748 78.58242798

endloop
endfacet
facet normal 0.01026296429 0.7687788606 -0.6394324303
outer loop
vertex 82.86269379 49.50235748 78.58242798
vertex 79.63738251 47.57079315 76.20837402
vertex 79.32671356 49.54956818 78.58243561

endloop
endfacet
facet normal 0.01026594732 0.7686557174 -0.6395801902
outer loop
vertex 82.86266327 49.50232697 78.58242035
vertex 79.32665253 49.54955292 78.58242035
vertex 82.70748138 51.47977448 80.95645142

endloop
endfacet
facet normal -0.006424151827 0.7803450823 -0.6253162026
outer loop
vertex 82.70748138 51.47977448 80.95645142
vertex 79.32665253 49.54955292 78.58242035
vertex 79.04793549 51.44965363 80.95645905

endloop
endfacet
facet normal -0.006218189839 0.755315721 -0.655331552
outer loop
vertex 82.70748138 51.47977448 80.95645142
vertex 79.04793549 51.44965363 80.95645905
vertex 82.33055878 53.53652191 83.33057404

endloop
endfacet
facet normal -0.03557931632 0.7744879723 -0.6315873265
outer loop
vertex 82.33055878 53.53652191 83.33057404
vertex 79.04793549 51.44965363 80.95645905
vertex 78.63503265 53.36675262 83.33057404

endloop
endfacet
facet normal -0.03742814809 0.8147332668 -0.5786266923
outer loop
vertex 82.33055878 53.53652191 83.33057404
vertex 78.63503265 53.36675262 83.33057404
vertex 80.33568573 55.13097382 85.70467377

endloop
endfacet
facet normal -0.1014854312 0.8319308162 -0.5455197692
outer loop
vertex 80.33568573 55.13097382 85.70467377
vertex 78.63503265 53.36675262 83.33057404
vertex 76.5047226 54.66364288 85.70467377

endloop
endfacet
facet normal -0.09525083005 0.7808223367 -0.6174494624
outer loop
vertex 80.33568573 55.13097382 85.70467377
vertex 76.5047226 54.66364288 85.70467377
vertex 75.77324677 56.45174408 88.07873535

endloop
endfacet
facet normal -0.2271666676 0.742975831 -0.629588902
outer loop
vertex 75.77324677 56.45174408 88.07873535
vertex 76.5047226 54.66364288 85.70467377
vertex 71.74019623 55.21863556 88.07874298

endloop
endfacet
facet normal -0.2244974822 0.7342514396 -0.6406837702
outer loop
vertex 75.77327728 56.45175934 88.07873535
vertex 71.74019623 55.21865082 88.07874298
vertex 74.51229095 58.13768768 90.4527359

endloop
endfacet
facet normal -0.2181629092 0.7320501208 -0.6453738809
outer loop
vertex 74.51229095 58.13768768 90.4527359
vertex 71.74019623 55.21865082 88.07874298
vertex 70.4280014 56.92050934 90.45274353

endloop
endfacet
facet normal -0.2296728343 0.7706725001 -0.5944025517
outer loop
vertex 74.51229095 58.13768768 90.4527359
vertex 70.4280014 56.92050934 90.45274353
vertex 74.18953705 59.87255096 92.82678223

endloop
endfacet
facet normal -0.253125906 0.7813254595 -0.5704891086
outer loop
vertex 74.18953705 59.87255096 92.82678223
vertex 70.4280014 56.92050934 90.45274353
vertex 70.15843964 58.56659698 92.82678223

endloop
endfacet
facet normal -0.2529262006 0.7807090878 -0.5714207888
outer loop
vertex 74.18953705 59.87255096 92.82678223
vertex 70.15843964 58.56659698 92.82678223
vertex 73.57170868 61.41005707 95.20088196

endloop
endfacet
facet normal -0.2834967375 0.791893363 -0.5408645868
outer loop
vertex 73.57170868 61.41005707 95.20088196
vertex 70.15843964 58.56659698 92.82678223
vertex 69.59038544 59.98474884 95.20088196

endloop
endfacet
facet normal -0.2896822393 0.809171319 -0.5112006068
outer loop
vertex 73.57170868 61.41005707 95.20088196
vertex 69.59038544 59.98474884 95.20088196
vertex 72.90300751 62.6705246 97.57498932

endloop
endfacet
facet normal -0.2739618421 0.8041781783 -0.5274868011
outer loop
vertex 72.90300751 62.6705246 97.57498932
vertex 69.59038544 59.98474884 95.20088196
vertex 68.87126923 61.29701996 97.57498932

endloop
endfacet
facet normal -0.2815789282 0.8265370727 -0.4873907268
outer loop
vertex 72.90300751 62.6705246 97.57498932
vertex 68.87126923 61.29701996 97.57498932
vertex 72.45540619 63.9180069 99.94911194

endloop
endfacet
facet normal -0.2678958774 0.8218184114 -0.502838254
outer loop
vertex 72.45540619 63.9180069 99.94911194
vertex 68.87126923 61.29701996 97.57498932
vertex 68.3401413 62.5765152 99.94911194

endloop
endfacet
facet normal -0.275021404 0.8436771631 -0.4610552788
outer loop
vertex 72.45540619 63.9180069 99.94911194
vertex 68.3401413 62.5765152 99.94911194
vertex 72.11040497 65.10292816 102.3231735

endloop
endfacet
facet normal -0.2626824081 0.8393015265 -0.4759945571
outer loop
vertex 72.11040497 65.10292816 102.3231735
vertex 68.3401413 62.5765152 99.94911194
vertex 67.96233368 63.80467987 102.3231812

endloop
endfacet
facet normal -0.2684116662 0.8576200008 -0.438683331
outer loop
vertex 72.11043549 65.10292816 102.3231659
vertex 67.96230316 63.80467987 102.3231735
vertex 70.87001801 65.92906952 104.6972198

endloop
endfacet
facet normal -0.271225661 0.8582186103 -0.4357723296
outer loop
vertex 70.87001801 65.92906952 104.6972198
vertex 67.96230316 63.80467987 102.3231735
vertex 66.68105316 64.60521698 104.6972198

endloop
endfacet
facet normal -0.2714364231 0.8588854074 -0.4343249202
outer loop
vertex 70.87001801 65.92906952 104.6972198
vertex 66.68105316 64.60521698 104.6972198
vertex 69.07549286 66.56246185 107.0712738

endloop
endfacet
facet normal -0.2899731994 0.861163795 -0.4175074399
outer loop
vertex 69.07549286 66.56246185 107.0712738
vertex 66.68105316 64.60521698 104.6972198
vertex 64.75328827 65.10707855 107.0712738

endloop
endfacet
facet normal -0.2925364375 0.8687761426 -0.3995626867
outer loop
vertex 69.07549286 66.56246185 107.0712738
vertex 64.75328827 65.10707855 107.0712738
vertex 67.40624237 67.09227753 109.4453888

endloop
endfacet
facet normal -0.3243601322 0.8719744682 -0.3666757345
outer loop
vertex 67.40624237 67.09227753 109.4453888
vertex 64.75328827 65.10707855 107.0712738
vertex 62.9253006 65.42543793 109.4453812

endloop
endfacet
facet normal -0.3307353854 0.8891098499 -0.3163824081
outer loop
vertex 67.40624237 67.09227753 109.4453964
vertex 62.92531586 65.42543793 109.4453888
vertex 66.69680023 67.67317963 111.8194962

endloop
endfacet
facet normal -0.3392514884 0.8902449012 -0.3039285243
outer loop
vertex 66.69680023 67.67317963 111.8194962
vertex 62.92531586 65.42543793 109.4453888
vertex 62.26430511 65.98406219 111.8195038

endloop
endfacet
facet normal -0.3560945392 0.9344450235 0.003036910901
outer loop
vertex 66.69680023 67.67317963 111.8194962
vertex 62.26430511 65.98406219 111.8195038
vertex 68.91411591 68.51042938 114.1936417

endloop
endfacet
facet normal -0.1971190125 0.8949635625 -0.4002304673
outer loop
vertex 68.91411591 68.51042938 114.1936417
vertex 62.26430511 65.98406219 111.8195038
vertex 64.63713837 67.56841278 114.1936493

endloop
endfacet
facet normal -0.2104682475 0.9555670619 -0.2063847482
outer loop
vertex 68.91408539 68.51039886 114.1936417
vertex 64.63713837 67.56838226 114.1936493
vertex 70.86071014 69.45192719 116.5678024

endloop
endfacet
facet normal -0.09535628557 0.8863013387 -0.4531854987
outer loop
vertex 70.86071014 69.45192719 116.5678024
vertex 64.63713837 67.56838226 114.1936493
vertex 66.73555756 69.00811005 116.5678101

endloop
endfacet
facet normal -0.1019511819 0.9476017952 -0.3027487993
outer loop
vertex 70.86071014 69.45192719 116.5678024
vertex 66.73555756 69.00811005 116.5678101
vertex 71.06795502 70.23271942 118.9418869

endloop
endfacet
facet normal -0.1139422655 0.9522492886 -0.2832638621
outer loop
vertex 71.06795502 70.23271942 118.9418869
vertex 66.73555756 69.00811005 116.5678101
vertex 66.97292328 69.74272919 118.9419022

endloop
endfacet
facet normal -0.1153523624 0.9640354514 -0.2394357175
outer loop
vertex 71.06795502 70.23271942 118.9418869
vertex 66.97292328 69.74272919 118.9419022
vertex 70.42797089 70.74581146 121.3160629

endloop
endfacet
facet normal -0.1187275872 0.9647585154 -0.2348293662
outer loop
vertex 70.42797089 70.74581146 121.3160629
vertex 66.97292328 69.74272919 118.9419022
vertex 66.31841278 70.24007416 121.3160782

endloop
endfacet
facet normal -0.1197073385 0.972779572 -0.198418662
outer loop
vertex 70.4280014 70.74584198 121.3160782
vertex 66.3184433 70.24013519 121.3160934
vertex 69.85167694 71.15920258 123.6903458

endloop
endfacet
facet normal -0.1255636513 0.9737092257 -0.1900635213
outer loop
vertex 69.85167694 71.15920258 123.6903458
vertex 66.3184433 70.24013519 121.3160934
vertex 65.80461884 70.63732147 123.690361

endloop
endfacet
facet normal -0.1262512952 0.9790427089 -0.1598001122
outer loop
vertex 69.85167694 71.15920258 123.6903458
vertex 65.80461884 70.63732147 123.690361
vertex 68.97960663 71.43428802 126.0646896

endloop
endfacet
facet normal -0.1205330044 0.9785155654 -0.1672697514
outer loop
vertex 68.97960663 71.43428802 126.0646896
vertex 65.80461884 70.63732147 123.690361
vertex 65.0082016 70.94509125 126.064682

endloop
endfacet
facet normal -0.1190405786 0.9664006829 -0.2278135419
outer loop
vertex 68.97960663 71.43428802 126.0646896
vertex 65.0082016 70.94509125 126.064682
vertex 68.05129242 71.87966156 128.4390717

endloop
endfacet
facet normal -0.1087904349 0.9645978808 -0.2402408272
outer loop
vertex 68.05129242 71.87966156 128.4390717
vertex 65.0082016 70.94509125 126.064682
vertex 64.19063568 71.44423676 128.4390411

endloop
endfacet
facet normal -0.1094975471 0.9708052278 -0.21341829
outer loop
vertex 68.05129242 71.87969208 128.4390869
vertex 64.19060516 71.44423676 128.4390564
vertex 67.29351044 72.31621552 130.8135529

endloop
endfacet
facet normal -0.08324024081 0.965723455 -0.2458642572
outer loop
vertex 67.29351044 72.31621552 130.8135529
vertex 64.19060516 71.44423676 128.4390564
vertex 63.53713226 71.99242401 130.8135071

endloop
endfacet
facet normal -0.08496242762 0.985688746 -0.1455990374
outer loop
vertex 67.29351044 72.31621552 130.8135529
vertex 63.53713226 71.99242401 130.8135071
vertex 66.55831146 72.60359955 133.1881256

endloop
endfacet
facet normal -0.07881532609 0.9850388765 -0.1532526016
outer loop
vertex 66.55831146 72.60359955 133.1881256
vertex 63.53713226 71.99242401 130.8135071
vertex 62.90938568 72.31163788 133.1881104

endloop
endfacet
facet normal -0.07904744893 0.9880381227 -0.1324088275
outer loop
vertex 66.55831146 72.60359955 133.1881409
vertex 62.90940094 72.3116684 133.1881256
vertex 65.68093109 72.85161591 135.5626373

endloop
endfacet
facet normal -0.1106956527 0.9892321825 -0.09574056417
outer loop
vertex 65.68093109 72.85161591 135.5626373
vertex 62.90940094 72.3116684 133.1881256
vertex 62.24030304 72.46660614 135.5626221

endloop
endfacet
facet normal -0.1103400439 0.9860554338 -0.1245781779
outer loop
vertex 65.68093109 72.85161591 135.5626373
vertex 62.24030304 72.46660614 135.5626221
vertex 64.45476532 73.01433563 137.936615

endloop
endfacet
facet normal -0.1384852082 0.9854846597 -0.0981926918
outer loop
vertex 64.45476532 73.01433563 137.936615
vertex 62.24030304 72.46660614 135.5626221
vertex 61.22441864 72.56038666 137.9365692

endloop
endfacet
facet normal -0.1388597339 0.9881464243 -0.06545666605
outer loop
vertex 64.45476532 73.01433563 137.936615
vertex 61.22441864 72.56038666 137.9365692
vertex 63.01590729 72.96935272 140.3099365

endloop
endfacet
facet normal -0.1818722636 0.9827991724 -0.03206810728
outer loop
vertex 63.01590729 72.96935272 140.3099365
vertex 61.22441864 72.56038666 137.9365692
vertex 60.00052643 72.41133881 140.3098907

endloop
endfacet
facet normal -0.1805039942 0.975402236 0.1265259087
outer loop
vertex 63.01592255 72.96938324 140.3099365
vertex 60.00051117 72.41136932 140.3098907
vertex 61.40218353 72.36284637 142.683609

endloop
endfacet
facet normal -0.2333884686 0.9595549107 0.1574300528
outer loop
vertex 61.40218353 72.36284637 142.683609
vertex 60.00051117 72.41136932 140.3098907
vertex 58.79135895 71.72783661 142.683548

endloop
endfacet
facet normal -0.2239811718 0.9208615422 0.3191338778
outer loop
vertex 61.40218353 72.36284637 142.683609
vertex 58.79135895 71.72783661 142.683548
vertex 58.71701813 70.80434418 145.2961121

endloop
endfacet
facet normal -0.2473510653 0.9157229662 0.3166525066
outer loop
vertex 58.71701813 70.80434418 145.2961121
vertex 58.79135895 71.72783661 142.683548
vertex 56.62973785 70.24053192 145.2961273

endloop
endfacet
facet normal -0.1091313884 0.4040351808 0.9082102776
outer loop
vertex 58.71697235 70.80431366 145.2960968
vertex 56.62970734 70.2405014 145.2961121
vertex 52.0956955 60.56044769 149.057663

endloop
endfacet
facet normal 0.9018259645 -0.4313080609 -0.02613988332
outer loop
vertex 52.0956955 60.56044769 149.057663
vertex 56.62970734 70.2405014 145.2961121
vertex 52.09571075 60.56047821 149.0576782

endloop
endfacet
facet normal -0.3555079401 -0.3281857073 0.8751618266
outer loop
vertex 76.23400116 15.21147919 48.43407059
vertex 76.23400116 15.21144867 48.43405914
vertex 78.08834076 23.31246185 52.22520828

endloop
endfacet
facet normal -0.1835526973 0.4508185387 -0.8735393882
outer loop
vertex 78.08834076 23.31246185 52.22520828
vertex 76.23400116 15.21144867 48.43405914
vertex 76.67211151 22.73578644 52.22518158

endloop
endfacet
facet normal -0.2022744864 0.4967951775 -0.8439666033
outer loop
vertex 78.08834076 23.31246185 52.22520828
vertex 76.67211151 22.73578644 52.22518158
vertex 78.47847748 27.91466522 54.84075928

endloop
endfacet
facet normal -0.2676210403 0.5071170926 -0.8192747831
outer loop
vertex 78.47847748 27.91466522 54.84075928
vertex 76.67211151 22.73578644 52.22518158
vertex 76.75740814 27.00629425 54.84069061

endloop
endfacet
facet normal -0.3009804189 0.5703182817 -0.7642956972
outer loop
vertex 78.47847748 27.91466522 54.84075928
vertex 76.75740814 27.00629425 54.84069061
vertex 78.99065399 31.3677597 57.21576691

endloop
endfacet
facet normal -0.2735100687 0.5642502904 -0.7789825201
outer loop
vertex 78.99065399 31.3677597 57.21576691
vertex 76.75740814 27.00629425 54.84069061
vertex 76.9825058 30.39432526 57.21575165

endloop
endfacet
facet normal -0.3166273832 0.6531977654 -0.687807858
outer loop
vertex 78.99065399 31.3677597 57.21576691
vertex 76.9825058 30.39432526 57.21575165
vertex 79.388237 34.06038666 59.58987808

endloop
endfacet
facet normal -0.2416863292 0.6342054009 -0.7344189286
outer loop
vertex 79.388237 34.06038666 59.58987808
vertex 76.9825058 30.39432526 57.21575165
vertex 77.07735443 33.17972565 59.58986282

endloop
endfacet
facet normal -0.2547005415 0.6683545113 -0.698877573
outer loop
vertex 79.388237 34.06038666 59.58987808
vertex 77.07735443 33.17972565 59.58986282
vertex 79.66338348 36.64772797 61.96394348

endloop
endfacet
facet normal -0.2299516499 0.6606609225 -0.7145974636
outer loop
vertex 79.66338348 36.64772797 61.96394348
vertex 77.07735443 33.17972565 59.58986282
vertex 77.13237762 35.76676178 61.96392822

endloop
endfacet
facet normal -0.2443348616 0.7019706368 -0.6689824462
outer loop
vertex 79.66338348 36.64772797 61.96394348
vertex 77.13237762 35.76674652 61.96392822
vertex 80.1142807 39.06713104 64.33796692

endloop
endfacet
facet normal -0.2262560427 0.6952006817 -0.6822786927
outer loop
vertex 80.1142807 39.06713104 64.33796692
vertex 77.13237762 35.76674652 61.96392822
vertex 77.38948822 38.18032074 64.33795166

endloop
endfacet
facet normal -0.2499901503 0.7680971622 -0.589518249
outer loop
vertex 80.1142807 39.0671463 64.33796692
vertex 77.38951874 38.18032074 64.33795929
vertex 80.3234787 40.95731354 66.71199799

endloop
endfacet
facet normal -0.2223299146 0.7585407495 -0.6125237942
outer loop
vertex 80.3234787 40.95731354 66.71199799
vertex 77.38951874 38.18032074 64.33795929
vertex 77.41057587 40.10352325 66.71198273

endloop
endfacet
facet normal -0.2371246219 0.809006691 -0.5378476977
outer loop
vertex 80.32344818 40.95728302 66.71199799
vertex 77.41057587 40.10349274 66.71198273
vertex 80.1085434 42.47266388 69.08611298

endloop
endfacet
facet normal -0.2166777849 0.8030432463 -0.5551326871
outer loop
vertex 80.1085434 42.47266388 69.08611298
vertex 77.41057587 40.10349274 66.71198273
vertex 76.99932098 41.6337204 69.08609772

endloop
endfacet
facet normal -0.2171970904 0.8049678206 -0.5521342754
outer loop
vertex 80.1085434 42.47266388 69.08611298
vertex 76.99932098 41.6337204 69.08609772
vertex 79.81099701 44.02080536 71.46022797

endloop
endfacet
facet normal -0.2069384754 0.8016029596 -0.5609002709
outer loop
vertex 79.81099701 44.02080536 71.46022797
vertex 76.99932098 41.6337204 69.08609772
vertex 76.59276581 43.18999481 71.46022034

endloop
endfacet
facet normal -0.2024988681 0.7844057679 -0.5862609148
outer loop
vertex 79.81099701 44.02080536 71.46022797
vertex 76.59276581 43.18999481 71.46022034
vertex 79.6656723 45.75766754 73.83431244

endloop
endfacet
facet normal -0.1866341978 0.7780151367 -0.5998834968
outer loop
vertex 79.6656723 45.75766754 73.83431244
vertex 76.59276581 43.18999481 71.46022034
vertex 76.41359711 44.97753143 73.83429718

endloop
endfacet
facet normal -0.1870229691 0.7796356082 -0.5976543427
outer loop
vertex 79.6656723 45.75766754 73.83431244
vertex 76.41359711 44.97753143 73.83429718
vertex 79.63738251 47.57079315 76.20837402

endloop
endfacet
facet normal -0.1642727405 0.7693642378 -0.6173273325
outer loop
vertex 79.63738251 47.57079315 76.20837402
vertex 76.41359711 44.97753143 73.83429718
vertex 76.26155853 46.84998322 76.20835876

endloop
endfacet
facet normal -0.1596944779 0.7479228973 -0.6442896128
outer loop
vertex 79.63738251 47.57079315 76.20837402
vertex 76.26155853 46.84998322 76.20835876
vertex 79.32671356 49.54956818 78.58243561

endloop
endfacet
facet normal -0.16370143 0.7497321367 -0.6411735415
outer loop
vertex 79.32671356 49.54956818 78.58243561
vertex 76.26155853 46.84998322 76.20835876
vertex 75.92345428 48.80646515 78.58242035

endloop
endfacet
facet normal -0.1660143435 0.7602952123 -0.628005147
outer loop
vertex 79.32665253 49.54955292 78.58242035
vertex 75.92345428 48.80643463 78.58240509
vertex 79.04793549 51.44965363 80.95645905

endloop
endfacet
facet normal -0.1268825233 0.7416189313 -0.6587125659
outer loop
vertex 79.04793549 51.44965363 80.95645905
vertex 75.92345428 48.80643463 78.58240509
vertex 75.53932953 50.8493576 80.95644379

endloop
endfacet
facet normal -0.1300663203 0.7602267861 -0.6365045309
outer loop
vertex 79.04793549 51.44965363 80.95645905
vertex 75.53932953 50.8493576 80.95644379
vertex 78.63503265 53.36675262 83.33057404

endloop
endfacet
facet normal -0.1521788538 0.7706926465 -0.6187685132
outer loop
vertex 78.63503265 53.36675262 83.33057404
vertex 75.53932953 50.8493576 80.95644379
vertex 74.98522186 52.64606476 83.33056641

endloop
endfacet
facet normal -0.157972753 0.8000344634 -0.5787826777
outer loop
vertex 78.63503265 53.36675262 83.33057404
vertex 74.98522186 52.64606476 83.33056641
vertex 76.5047226 54.66364288 85.70467377

endloop
endfacet
facet normal -0.2484418452 0.810780108 -0.5300117135
outer loop
vertex 76.5047226 54.66364288 85.70467377
vertex 74.98522186 52.64606476 83.33056641
vertex 72.83000946 53.53762054 85.70466614

endloop
endfacet
facet normal -0.2274957448 0.7424243689 -0.6301204562
outer loop
vertex 76.5047226 54.66364288 85.70467377
vertex 72.83000946 53.53762054 85.70466614
vertex 71.74019623 55.21863556 88.07874298

endloop
endfacet
facet normal -0.3807223439 0.6632060409 -0.6443665028
outer loop
vertex 71.74019623 55.21863556 88.07874298
vertex 72.83000946 53.53762054 85.70466614
vertex 68.13210297 53.1473465 88.07872772

endloop
endfacet
facet normal -0.3706299067 0.6456202269 -0.6676885486
outer loop
vertex 71.74019623 55.21865082 88.07874298
vertex 68.13213348 53.14736176 88.07872772
vertex 70.4280014 56.92050934 90.45274353

endloop
endfacet
facet normal -0.3830644488 0.6475544572 -0.658737421
outer loop
vertex 70.4280014 56.92050934 90.45274353
vertex 68.13213348 53.14736176 88.07872772
vertex 66.76161957 54.75162506 90.45272827

endloop
endfacet
facet normal -0.4259929955 0.7201220393 -0.5476807356
outer loop
vertex 70.4280014 56.92050934 90.45274353
vertex 66.76161957 54.75162506 90.45272827
vertex 70.15843964 58.56659698 92.82678223

endloop
endfacet
facet normal -0.3913984895 0.7115934491 -0.58347404
outer loop
vertex 70.15843964 58.56659698 92.82678223
vertex 66.76161957 54.75162506 90.45272827
vertex 66.4250412 56.51309967 92.82676697

endloop
endfacet
facet normal -0.4061620831 0.7384343147 -0.5382816195
outer loop
vertex 70.15843964 58.56659698 92.82678223
vertex 66.4250412 56.51309967 92.82676697
vertex 69.59038544 59.98474884 95.20088196

endloop
endfacet
facet normal -0.4002045691 0.7371934056 -0.5444099307
outer loop
vertex 69.59038544 59.98474884 95.20088196
vertex 66.4250412 56.51309967 92.82676697
vertex 65.84938812 57.95383453 95.20085907

endloop
endfacet
facet normal -0.403621316 0.7434868813 -0.5332138538
outer loop
vertex 69.59038544 59.98474884 95.20088196
vertex 65.84938812 57.95383453 95.20085907
vertex 68.87126923 61.29701996 97.57498932

endloop
endfacet
facet normal -0.3727332056 0.7371592522 -0.5636188984
outer loop
vertex 68.87126923 61.29701996 97.57498932
vertex 65.84938812 57.95383453 95.20085907
vertex 65.04955292 59.36461639 97.57497406

endloop
endfacet
facet normal -0.3900085092 0.7713241577 -0.5029437542
outer loop
vertex 68.87126923 61.29701996 97.57498932
vertex 65.04955292 59.36461639 97.57497406
vertex 68.3401413 62.5765152 99.94911194

endloop
endfacet
facet normal -0.374094516 0.7677639723 -0.5201843381
outer loop
vertex 68.3401413 62.5765152 99.94911194
vertex 65.04955292 59.36461639 97.57497406
vertex 64.4540329 60.68299103 99.94909668

endloop
endfacet
facet normal -0.3862607181 0.7927325368 -0.4715693891
outer loop
vertex 68.3401413 62.5765152 99.94911194
vertex 64.4540329 60.68299103 99.94909668
vertex 67.96233368 63.80467987 102.3231812

endloop
endfacet
facet normal -0.3722109795 0.7894740701 -0.4880467653
outer loop
vertex 67.96233368 63.80467987 102.3231812
vertex 64.4540329 60.68299103 99.94909668
vertex 64.0535202 61.96178436 102.3231506

endloop
endfacet
facet normal -0.3759940267 0.7974942327 -0.4718383253
outer loop
vertex 67.96230316 63.80467987 102.3231735
vertex 64.0535202 61.96179962 102.3231583
vertex 66.68105316 64.60521698 104.6972198

endloop
endfacet
facet normal -0.3647864163 0.7961621881 -0.4827594161
outer loop
vertex 66.68105316 64.60521698 104.6972198
vertex 64.0535202 61.96179962 102.3231583
vertex 62.6966629 62.7796402 104.6972122

endloop
endfacet
facet normal -0.3679800034 0.8031321764 -0.4685824513
outer loop
vertex 66.68105316 64.60521698 104.6972198
vertex 62.6966629 62.7796402 104.6972122
vertex 64.75328827 65.10707855 107.0712738

endloop
endfacet
facet normal -0.382607311 0.8034262657 -0.4561993182
outer loop
vertex 64.75328827 65.10707855 107.0712738
vertex 62.6966629 62.7796402 104.6972122
vertex 60.67531586 63.16504669 107.0712357

endloop
endfacet
facet normal -0.3917740285 0.8226740956 -0.4119713306
outer loop
vertex 64.75328827 65.10707855 107.0712738
vertex 60.67531586 63.16504669 107.0712357
vertex 62.9253006 65.42543793 109.4453812

endloop
endfacet
facet normal -0.3902910054 0.8226740956 -0.4133766592
outer loop
vertex 62.9253006 65.42543793 109.4453812
vertex 60.67531586 63.16504669 107.0712357
vertex 58.69463348 63.41831207 109.4453354

endloop
endfacet
facet normal -0.4068014622 0.8574794531 -0.3150263727
outer loop
vertex 62.92531586 65.42543793 109.4453888
vertex 58.69464874 63.41832733 109.445343
vertex 62.26430511 65.98406219 111.8195038

endloop
endfacet
facet normal -0.3991782665 0.8569797277 -0.325948298
outer loop
vertex 62.26430511 65.98406219 111.8195038
vertex 58.69464874 63.41832733 109.445343
vertex 57.92760468 63.9640274 111.8194656

endloop
endfacet
facet normal -0.4153470695 0.8916889429 -0.1799378097
outer loop
vertex 62.26430511 65.98406219 111.8195038
vertex 57.92760468 63.9640274 111.8194656
vertex 64.63713837 67.56841278 114.1936493

endloop
endfacet
facet normal -0.325946182 0.8621884584 -0.3878015876
outer loop
vertex 64.63713837 67.56841278 114.1936493
vertex 57.92760468 63.9640274 111.8194656
vertex 60.42462921 65.97588348 114.1936264

endloop
endfacet
facet normal -0.3426806033 0.9064528346 -0.2468062341
outer loop
vertex 64.63713837 67.56838226 114.1936493
vertex 60.42462921 65.97585297 114.1936188
vertex 66.73555756 69.00811005 116.5678101

endloop
endfacet
facet normal -0.27369681 0.8776738644 -0.3934190571
outer loop
vertex 66.73555756 69.00811005 116.5678101
vertex 60.42462921 65.97585297 114.1936188
vertex 62.72933197 67.75878143 116.5677795

endloop
endfacet
facet normal -0.2877266407 0.9226601124 -0.2567327917
outer loop
vertex 66.73555756 69.00811005 116.5678101
vertex 62.72933197 67.75878143 116.5677795
vertex 66.97292328 69.74272919 118.9419022

endloop
endfacet
facet normal -0.2197820842 0.9052463174 -0.363627404
outer loop
vertex 66.97292328 69.74272919 118.9419022
vertex 62.72933197 67.75878143 116.5677795
vertex 62.93860626 68.763237 118.9418716

endloop
endfacet
facet normal -0.2278569788 0.9385017753 -0.259413749
outer loop
vertex 66.97292328 69.74272919 118.9419022
vertex 62.93860626 68.763237 118.9418716
vertex 66.31841278 70.24007416 121.3160782

endloop
endfacet
facet normal -0.230668962 0.9388533235 -0.2556294203
outer loop
vertex 66.31841278 70.24007416 121.3160782
vertex 62.93860626 68.763237 118.9418716
vertex 62.31884003 69.25740814 121.3160706

endloop
endfacet
facet normal -0.2333233654 0.9495960474 -0.2093503773
outer loop
vertex 66.3184433 70.24013519 121.3160934
vertex 62.31887054 69.25740814 121.3160934
vertex 65.80461884 70.63732147 123.690361

endloop
endfacet
facet normal -0.2134172767 0.9476650953 -0.2374529243
outer loop
vertex 65.80461884 70.63732147 123.690361
vertex 62.31887054 69.25740814 121.3160934
vertex 61.83550262 69.74346161 123.6903534

endloop
endfacet
facet normal -0.2154282928 0.9565945268 -0.1962589324
outer loop
vertex 65.80461884 70.63732147 123.690361
vertex 61.83550262 69.74346161 123.6903534
vertex 65.0082016 70.94509125 126.064682

endloop
endfacet
facet normal -0.2038578242 0.9559096098 -0.2113733739
outer loop
vertex 65.0082016 70.94509125 126.064682
vertex 61.83550262 69.74346161 123.6903534
vertex 61.08997345 70.10948944 126.0646896

endloop
endfacet
facet normal -0.2009800673 0.9424151778 -0.2673212886
outer loop
vertex 65.0082016 70.94509125 126.064682
vertex 61.08997345 70.10948944 126.0646896
vertex 64.19063568 71.44423676 128.4390411

endloop
endfacet
facet normal -0.1986794621 0.9420971274 -0.2701469362
outer loop
vertex 64.19063568 71.44423676 128.4390411
vertex 61.08997345 70.10948944 126.0646896
vertex 60.40219879 70.64528656 128.4390259

endloop
endfacet
facet normal -0.1985707879 0.9415780902 -0.2720299661
outer loop
vertex 64.19060516 71.44423676 128.4390564
vertex 60.40218353 70.64528656 128.4390411
vertex 63.53713226 71.99242401 130.8135071

endloop
endfacet
facet normal -0.1999052912 0.9417715669 -0.2703778148
outer loop
vertex 63.53713226 71.99242401 130.8135071
vertex 60.40218353 70.64528656 128.4390411
vertex 59.87664032 71.21541595 130.8134613

endloop
endfacet
facet normal -0.2041245848 0.9616435766 -0.1832341999
outer loop
vertex 63.53713226 71.99242401 130.8135071
vertex 59.87664032 71.21541595 130.8134613
vertex 62.90938568 72.31163788 133.1881104

endloop
endfacet
facet normal -0.201441884 0.961558044 -0.1866208613
outer loop
vertex 62.90938568 72.31163788 133.1881104
vertex 59.87664032 71.21541595 130.8134613
vertex 59.32416534 71.56053925 133.1880493

endloop
endfacet
facet normal -0.2035448253 0.9715905786 -0.1207529828
outer loop
vertex 62.90940094 72.3116684 133.1881256
vertex 59.3241806 71.56056976 133.1880646
vertex 62.24030304 72.46660614 135.5626221

endloop
endfacet
facet normal -0.1771197617 0.9721576571 -0.1534211338
outer loop
vertex 62.24030304 72.46660614 135.5626221
vertex 59.3241806 71.56056976 133.1880646
vertex 58.77539825 71.83531952 135.5625763

endloop
endfacet
facet normal -0.1780572534 0.9773002863 -0.1148034334
outer loop
vertex 62.24030304 72.46660614 135.5626221
vertex 58.77539825 71.83531952 135.5625763
vertex 61.22441864 72.56038666 137.9365692

endloop
endfacet
facet normal -0.2052815557 0.9749179482 -0.08599109948
outer loop
vertex 61.22441864 72.56038666 137.9365692
vertex 58.77539825 71.83531952 135.5625763
vertex 58.0266037 71.88704681 137.9365845

endloop
endfacet
facet normal -0.2058380991 0.9775620103 -0.04475588724
outer loop
vertex 61.22441864 72.56038666 137.9365692
vertex 58.0266037 71.88704681 137.9365845
vertex 60.00052643 72.41133881 140.3098907

endloop
endfacet
facet normal -0.3141103983 0.9479704499 0.05183330923
outer loop
vertex 60.00052643 72.41133881 140.3098907
vertex 58.0266037 71.88704681 137.9365845
vertex 57.13970184 71.46340179 140.3099213

endloop
endfacet
facet normal -0.312541604 0.9432296753 0.11240796
outer loop
vertex 60.00051117 72.41136932 140.3098907
vertex 57.1397171 71.46343231 140.3099365
vertex 58.79135895 71.72783661 142.683548

endloop
endfacet
facet normal -0.3590987623 0.9216164351 0.1472116262
outer loop
vertex 58.79135895 71.72783661 142.683548
vertex 57.1397171 71.46343231 140.3099365
vertex 56.27062225 70.74565887 142.6835327

endloop
endfacet
facet normal -0.3538125157 0.9080483913 0.2241983116
outer loop
vertex 58.79135895 71.72783661 142.683548
vertex 56.27062225 70.74565887 142.6835327
vertex 56.62973785 70.24053192 145.2961273

endloop
endfacet
facet normal -0.3297106922 0.9174394608 0.2227010727
outer loop
vertex 56.62973785 70.24053192 145.2961273
vertex 56.27062225 70.74565887 142.6835327
vertex 54.6339035 69.52327728 145.2960815

endloop
endfacet
facet normal -0.1504205316 0.4185045958 0.8956716061
outer loop
vertex 56.62970734 70.2405014 145.2961121
vertex 54.63387299 69.52321625 145.2960815
vertex 52.09571075 60.56047821 149.0576782

endloop
endfacet
facet normal -0.8154481649 0.4046352506 0.4139017165
outer loop
vertex 52.09571075 60.56047821 149.0576782
vertex 54.63387299 69.52321625 145.2960815
vertex 52.09566498 60.56041718 149.0576477

endloop
endfacet
facet normal 0.1208959967 -0.452265352 0.8836516142
outer loop
vertex 76.23400116 15.21144867 48.43405914
vertex 76.23403168 15.21147919 48.43407059
vertex 76.67211151 22.73578644 52.22518158

endloop
endfacet
facet normal -0.2370183617 0.4481100142 -0.8619859219
outer loop
vertex 76.67211151 22.73578644 52.22518158
vertex 76.23403168 15.21147919 48.43407059
vertex 75.38280487 22.05406952 52.22530365

endloop
endfacet
facet normal -0.2681758404 0.5070446134 -0.8191382289
outer loop
vertex 76.67211151 22.73578644 52.22518158
vertex 75.38280487 22.05406952 52.22530365
vertex 76.75740814 27.00629425 54.84069061

endloop
endfacet
facet normal -0.29246822 0.5087950826 -0.809685111
outer loop
vertex 76.75740814 27.00629425 54.84069061
vertex 75.38280487 22.05406952 52.22530365
vertex 75.06682587 26.03458405 54.8407402

endloop
endfacet
facet normal -0.3206893802 0.5578965545 -0.7654473782
outer loop
vertex 76.75740814 27.00629425 54.84069061
vertex 75.06682587 26.03458405 54.8407402
vertex 76.9825058 30.39432526 57.21575165

endloop
endfacet
facet normal -0.3005814552 0.554723978 -0.7758427262
outer loop
vertex 76.9825058 30.39432526 57.21575165
vertex 75.06682587 26.03458405 54.8407402
vertex 75.00704193 29.3239212 57.21576309

endloop
endfacet
facet normal -0.3347744942 0.6178290844 -0.7114866972
outer loop
vertex 76.9825058 30.39432526 57.21575165
vertex 75.00704193 29.3239212 57.21576309
vertex 77.07735443 33.17972565 59.58986282

endloop
endfacet
facet normal -0.3163414001 0.6147268414 -0.722522676
outer loop
vertex 77.07735443 33.17972565 59.58986282
vertex 75.00704193 29.3239212 57.21576309
vertex 74.860466 32.03891754 59.58987427

endloop
endfacet
facet normal -0.3303617239 0.6419723034 -0.6919050813
outer loop
vertex 77.07735443 33.17972565 59.58986282
vertex 74.860466 32.03891754 59.58987427
vertex 77.13237762 35.76676178 61.96392822

endloop
endfacet
facet normal -0.3459833562 0.6448665261 -0.6815002561
outer loop
vertex 77.13237762 35.76676178 61.96392822
vertex 74.860466 32.03891754 59.58987427
vertex 74.76546478 34.49687958 61.96393967

endloop
endfacet
facet normal -0.3611731529 0.6731789708 -0.645278275
outer loop
vertex 77.13237762 35.76674652 61.96392822
vertex 74.76546478 34.49686432 61.96393967
vertex 77.38948822 38.18032074 64.33795166

endloop
endfacet
facet normal -0.3420010507 0.6689684987 -0.6599366069
outer loop
vertex 77.38948822 38.18032074 64.33795166
vertex 74.76546478 34.49686432 61.96393967
vertex 74.86910248 36.89182281 64.33796692

endloop
endfacet
facet normal -0.3698822856 0.7235191464 -0.5828438997
outer loop
vertex 77.38951874 38.18032074 64.33795929
vertex 74.86910248 36.89182281 64.33796692
vertex 77.41057587 40.10352325 66.71198273

endloop
endfacet
facet normal -0.3120763004 0.7119497061 -0.6290755868
outer loop
vertex 77.41057587 40.10352325 66.71198273
vertex 74.86910248 36.89182281 64.33796692
vertex 74.65969086 38.89771271 66.71199799

endloop
endfacet
facet normal -0.3350816667 0.7644460201 -0.5507654548
outer loop
vertex 77.41057587 40.10349274 66.71198273
vertex 74.65966034 38.89768219 66.71199036
vertex 76.99932098 41.6337204 69.08609772

endloop
endfacet
facet normal -0.3194793165 0.7619847059 -0.5633047819
outer loop
vertex 76.99932098 41.6337204 69.08609772
vertex 74.65966034 38.89768219 66.71199036
vertex 74.05950165 40.40114594 69.08611298

endloop
endfacet
facet normal -0.3211167157 0.7658901811 -0.5570423603
outer loop
vertex 76.99932098 41.6337204 69.08609772
vertex 74.05950165 40.40114594 69.08611298
vertex 76.59276581 43.18999481 71.46022034

endloop
endfacet
facet normal -0.3460988998 0.7703081965 -0.5355752707
outer loop
vertex 76.59276581 43.18999481 71.46022034
vertex 74.05950165 40.40114594 69.08611298
vertex 73.57466888 41.83397675 71.4602356

endloop
endfacet
facet normal -0.3329516947 0.7410458326 -0.5830902457
outer loop
vertex 76.59276581 43.18999481 71.46022034
vertex 73.57466888 41.83397675 71.4602356
vertex 76.41359711 44.97753143 73.83429718

endloop
endfacet
facet normal -0.3420817554 0.7431934476 -0.5750162005
outer loop
vertex 76.41359711 44.97753143 73.83429718
vertex 73.57466888 41.83397675 71.4602356
vertex 73.32222748 43.55463409 73.83432007

endloop
endfacet
facet normal -0.3355826437 0.7290732265 -0.5965203047
outer loop
vertex 76.41359711 44.97753143 73.83429718
vertex 73.32222748 43.55463409 73.83432007
vertex 76.26155853 46.84998322 76.20835876

endloop
endfacet
facet normal -0.3246792257 0.7261816263 -0.6060062647
outer loop
vertex 76.26155853 46.84998322 76.20835876
vertex 73.32222748 43.55463409 73.83432007
vertex 73.06697845 45.42168427 76.20837402

endloop
endfacet
facet normal -0.317098856 0.7092269063 -0.6296392083
outer loop
vertex 76.26155853 46.84998322 76.20835876
vertex 73.06697845 45.42168427 76.20837402
vertex 75.92345428 48.80646515 78.58242035

endloop
endfacet
facet normal -0.3313323855 0.7130184174 -0.617918849
outer loop
vertex 75.92345428 48.80646515 78.58242035
vertex 73.06697845 45.42168427 76.20837402
vertex 72.70034027 47.30872345 78.58242798

endloop
endfacet
facet normal -0.3213163614 0.6914671659 -0.6470154524
outer loop
vertex 75.92345428 48.80643463 78.58240509
vertex 72.70030975 47.30869293 78.58242035
vertex 75.53932953 50.8493576 80.95644379

endloop
endfacet
facet normal -0.3040484488 0.6865994334 -0.660405755
outer loop
vertex 75.53932953 50.8493576 80.95644379
vertex 72.70030975 47.30869293 78.58242035
vertex 72.24401093 49.39009857 80.95645905

endloop
endfacet
facet normal -0.3182675242 0.7187096477 -0.6181927323
outer loop
vertex 75.53932953 50.8493576 80.95644379
vertex 72.24401093 49.39009857 80.95645905
vertex 74.98522186 52.64606476 83.33056641

endloop
endfacet
facet normal -0.2792052627 0.7080277801 -0.6486455202
outer loop
vertex 74.98522186 52.64606476 83.33056641
vertex 72.24401093 49.39009857 80.95645905
vertex 71.5354538 51.28568268 83.33057404

endloop
endfacet
facet normal -0.3030213118 0.7684230208 -0.5636525154
outer loop
vertex 74.98522186 52.64606476 83.33056641
vertex 71.5354538 51.28568268 83.33057404
vertex 72.83000946 53.53762054 85.70466614

endloop
endfacet
facet normal -0.3774293065 0.7658327818 -0.520622015
outer loop
vertex 72.83000946 53.53762054 85.70466614
vertex 71.5354538 51.28568268 83.33057404
vertex 69.3615036 51.82822418 85.70467377

endloop
endfacet
facet normal -0.3575053215 0.7254049778 -0.5881986022
outer loop
vertex 72.83000946 53.53762054 85.70466614
vertex 69.3615036 51.82822418 85.70467377
vertex 68.13210297 53.1473465 88.07872772

endloop
endfacet
facet normal -0.5053316951 0.6162183881 -0.6040816903
outer loop
vertex 68.13210297 53.1473465 88.07872772
vertex 69.3615036 51.82822418 85.70467377
vertex 64.79872894 50.41381073 88.07873535

endloop
endfacet
facet normal -0.4740003943 0.5780169368 -0.6642439365
outer loop
vertex 68.13213348 53.14736176 88.07872772
vertex 64.79872894 50.41382599 88.07873535
vertex 66.76161957 54.75162506 90.45272827

endloop
endfacet
facet normal -0.5061669946 0.5789042711 -0.6392689943
outer loop
vertex 66.76161957 54.75162506 90.45272827
vertex 64.79872894 50.41382599 88.07873535
vertex 63.4184494 51.82852936 90.45274353

endloop
endfacet
facet normal -0.5514104366 0.6306500435 -0.5461018682
outer loop
vertex 66.76161957 54.75162506 90.45272827
vertex 63.4184494 51.82852936 90.45274353
vertex 66.4250412 56.51309967 92.82676697

endloop
endfacet
facet normal -0.4903940856 0.6233780384 -0.6090266109
outer loop
vertex 66.4250412 56.51309967 92.82676697
vertex 63.4184494 51.82852936 90.45274353
vertex 63.05016327 53.85819244 92.82678223

endloop
endfacet
facet normal -0.5238630772 0.6659237742 -0.5311432481
outer loop
vertex 66.4250412 56.51309967 92.82676697
vertex 63.05016327 53.85819244 92.82678223
vertex 65.84938812 57.95383453 95.20085907

endloop
endfacet
facet normal -0.4672318399 0.6602112055 -0.5880609155
outer loop
vertex 65.84938812 57.95383453 95.20085907
vertex 63.05016327 53.85819244 92.82678223
vertex 62.35391998 55.48011017 95.20088196

endloop
endfacet
facet normal -0.4777660668 0.6750967503 -0.5621245503
outer loop
vertex 65.84938812 57.95383453 95.20085907
vertex 62.35391998 55.48011017 95.20088196
vertex 65.04955292 59.36461639 97.57497406

endloop
endfacet
facet normal -0.4345788062 0.669651866 -0.6022520661
outer loop
vertex 65.04955292 59.36461639 97.57497406
vertex 62.35391998 55.48011017 95.20088196
vertex 61.45644379 57.03284454 97.57499695

endloop
endfacet
facet normal -0.4663105011 0.7185491323 -0.5159860253
outer loop
vertex 65.04955292 59.36461639 97.57497406
vertex 61.45644379 57.03284454 97.57499695
vertex 64.4540329 60.68299103 99.94909668

endloop
endfacet
facet normal -0.4220145941 0.7117742896 -0.56149894
outer loop
vertex 64.4540329 60.68299103 99.94909668
vertex 61.45644379 57.03284454 97.57499695
vertex 60.75019073 58.48697662 99.94911194

endloop
endfacet
facet normal -0.4469887018 0.7538968921 -0.4814982712
outer loop
vertex 64.4540329 60.68299103 99.94909668
vertex 60.75019073 58.48697662 99.94911194
vertex 64.0535202 61.96178436 102.3231506

endloop
endfacet
facet normal -0.4051170349 0.7461207509 -0.5283786058
outer loop
vertex 64.0535202 61.96178436 102.3231506
vertex 60.75019073 58.48697662 99.94911194
vertex 60.2017746 59.87044525 102.3231812

endloop
endfacet
facet normal -0.413574785 0.7616977096 -0.4987710118
outer loop
vertex 64.0535202 61.96179962 102.3231583
vertex 60.20175934 59.87044525 102.3231812
vertex 62.6966629 62.7796402 104.6972122

endloop
endfacet
facet normal -0.3957204819 0.7600404024 -0.5155034661
outer loop
vertex 62.6966629 62.7796402 104.6972122
vertex 60.20175934 59.87044525 102.3231812
vertex 58.75193024 60.72579193 104.6972198

endloop
endfacet
facet normal -0.4068254828 0.7813693285 -0.4732388854
outer loop
vertex 62.6966629 62.7796402 104.6972122
vertex 58.75193024 60.72579193 104.6972198
vertex 60.67531586 63.16504669 107.0712357

endloop
endfacet
facet normal -0.4049611092 0.7814014554 -0.4747823775
outer loop
vertex 60.67531586 63.16504669 107.0712357
vertex 58.75193024 60.72579193 104.6972198
vertex 56.63187408 61.06955719 107.0712738

endloop
endfacet
facet normal -0.4150439203 0.8008579612 -0.4317003489
outer loop
vertex 60.67531586 63.16504669 107.0712357
vertex 56.63187408 61.06955719 107.0712738
vertex 58.69463348 63.41831207 109.4453354

endloop
endfacet
facet normal -0.4297812581 0.8002163172 -0.4182606339
outer loop
vertex 58.69463348 63.41831207 109.4453354
vertex 56.63187408 61.06955719 107.0712738
vertex 54.57965851 61.20825958 109.4453812

endloop
endfacet
facet normal -0.4458400607 0.8301215768 -0.3348506391
outer loop
vertex 58.69464874 63.41832733 109.445343
vertex 54.57965851 61.20827484 109.4453888
vertex 57.92760468 63.9640274 111.8194656

endloop
endfacet
facet normal -0.4367714524 0.8298279643 -0.3472985029
outer loop
vertex 57.92760468 63.9640274 111.8194656
vertex 54.57965851 61.20827484 109.4453888
vertex 53.74047089 61.76018524 111.8194962

endloop
endfacet
facet normal -0.4507749081 0.8564347625 -0.251637429
outer loop
vertex 57.92760468 63.9640274 111.8194656
vertex 53.74047089 61.76018524 111.8194962
vertex 60.42462921 65.97588348 114.1936264

endloop
endfacet
facet normal -0.3505365849 0.8153203726 -0.4608435929
outer loop
vertex 60.42462921 65.97588348 114.1936264
vertex 53.74047089 61.76018524 111.8194962
vertex 56.34380341 64.2213974 114.1936493

endloop
endfacet
facet normal -0.3776316345 0.8783624768 -0.2930420339
outer loop
vertex 60.42462921 65.97585297 114.1936188
vertex 56.34378815 64.2213974 114.1936417
vertex 62.72933197 67.75878143 116.5677795

endloop
endfacet
facet normal -0.3089089692 0.8474277258 -0.4317886531
outer loop
vertex 62.72933197 67.75878143 116.5677795
vertex 56.34378815 64.2213974 114.1936417
vertex 58.72692108 66.29979706 116.5677719

endloop
endfacet
facet normal -0.3214797974 0.8819127083 -0.3447906375
outer loop
vertex 62.72933197 67.75878143 116.5677795
vertex 58.72692108 66.29979706 116.5677719
vertex 62.93860626 68.763237 118.9418716

endloop
endfacet
facet normal -0.2911626399 0.8735952377 -0.3899431825
outer loop
vertex 62.93860626 68.763237 118.9418716
vertex 58.72692108 66.29979706 116.5677719
vertex 58.96625519 67.43929291 118.9418945

endloop
endfacet
facet normal -0.3044813275 0.9135586619 -0.2696326375
outer loop
vertex 62.93860626 68.763237 118.9418716
vertex 58.96625519 67.43929291 118.9418945
vertex 62.31884003 69.25740814 121.3160706

endloop
endfacet
facet normal -0.3164945543 0.9141907692 -0.2531528175
outer loop
vertex 62.31884003 69.25740814 121.3160706
vertex 58.96625519 67.43929291 118.9418945
vertex 58.36379242 67.88817596 121.3161163

endloop
endfacet
facet normal -0.3166183233 0.9145532846 -0.2516847253
outer loop
vertex 62.31887054 69.25740814 121.3160934
vertex 58.36380768 67.88817596 121.3161316
vertex 61.83550262 69.74346161 123.6903534

endloop
endfacet
facet normal -0.3033306003 0.9137003422 -0.2704481781
outer loop
vertex 61.83550262 69.74346161 123.6903534
vertex 58.36380768 67.88817596 121.3161316
vertex 57.94747162 68.45272064 123.6903839

endloop
endfacet
facet normal -0.3060040772 0.9217544198 -0.2381813973
outer loop
vertex 61.83550262 69.74346161 123.6903534
vertex 57.94747162 68.45272064 123.6903839
vertex 61.08997345 70.10948944 126.0646896

endloop
endfacet
facet normal -0.2874029279 0.9211679101 -0.2623916566
outer loop
vertex 61.08997345 70.10948944 126.0646896
vertex 57.94747162 68.45272064 123.6903839
vertex 57.37929535 68.9517746 126.0647278

endloop
endfacet
facet normal -0.2851446271 0.9139288068 -0.2888367772
outer loop
vertex 61.08997345 70.10948944 126.0646896
vertex 57.37929535 68.9517746 126.0647278
vertex 60.40219879 70.64528656 128.4390259

endloop
endfacet
facet normal -0.3048524261 0.9149432778 -0.2644689083
outer loop
vertex 60.40219879 70.64528656 128.4390259
vertex 57.37929535 68.9517746 126.0647278
vertex 56.77643585 69.43721771 128.4390564

endloop
endfacet
facet normal -0.3029631078 0.9092686176 -0.2853837311
outer loop
vertex 60.40218353 70.64528656 128.4390411
vertex 56.77643585 69.43721771 128.4390717
vertex 59.87664032 71.21541595 130.8134613

endloop
endfacet
facet normal -0.3417565823 0.9098830223 -0.2351918668
outer loop
vertex 59.87664032 71.21541595 130.8134613
vertex 56.77643585 69.43721771 128.4390717
vertex 56.34830475 69.89015961 130.8134766

endloop
endfacet
facet normal -0.3435605466 0.9146861434 -0.2128740549
outer loop
vertex 59.87664032 71.21541595 130.8134613
vertex 56.34830475 69.89015961 130.8134766
vertex 59.32416534 71.56053925 133.1880493

endloop
endfacet
facet normal -0.3859761655 0.9092421532 -0.1558883786
outer loop
vertex 59.32416534 71.56053925 133.1880493
vertex 56.34830475 69.89015961 130.8134766
vertex 55.98659515 70.14373016 133.1880493

endloop
endfacet
facet normal -0.383404851 0.9031654596 -0.1931135207
outer loop
vertex 59.3241806 71.56056976 133.1880646
vertex 55.98661041 70.14373016 133.1880646
vertex 58.77539825 71.83531952 135.5625763

endloop
endfacet
facet normal -0.4073001444 0.8988201022 -0.1619536579
outer loop
vertex 58.77539825 71.83531952 135.5625763
vertex 55.98661041 70.14373016 133.1880646
vertex 55.60982513 70.40084076 135.5625763

endloop
endfacet
facet normal -0.4081805944 0.9007630348 -0.1483724266
outer loop
vertex 58.77539825 71.83531952 135.5625763
vertex 55.60982513 70.40084076 135.5625763
vertex 58.0266037 71.88704681 137.9365845

endloop
endfacet
facet normal -0.4055736363 0.9014293551 -0.1514434516
outer loop
vertex 58.0266037 71.88704681 137.9365845
vertex 55.60982513 70.40084076 135.5625763
vertex 55.04947662 70.54756927 137.9365845

endloop
endfacet
facet normal -0.4102878571 0.9119070768 0.009454960935
outer loop
vertex 58.0266037 71.88704681 137.9365845
vertex 55.04947662 70.54756927 137.9365845
vertex 57.13970184 71.46340179 140.3099213

endloop
endfacet
facet normal -0.4073911607 0.9132314324 0.006392802577
outer loop
vertex 57.13970184 71.46340179 140.3099213
vertex 55.04947662 70.54756927 137.9365845
vertex 54.39276886 70.23799896 140.3099365

endloop
endfacet
facet normal -0.4041639864 0.9059694409 0.1259792894
outer loop
vertex 57.1397171 71.46343231 140.3099365
vertex 54.39279938 70.23799896 140.3099365
vertex 56.27062225 70.74565887 142.6835327

endloop
endfacet
facet normal -0.3889172673 0.9144260883 0.1121084914
outer loop
vertex 56.27062225 70.74565887 142.6835327
vertex 54.39279938 70.23799896 140.3099365
vertex 53.85198212 69.71697235 142.6835938

endloop
endfacet
facet normal -0.3848271966 0.9048137069 0.1822640449
outer loop
vertex 56.27062225 70.74565887 142.6835327
vertex 53.85198212 69.71697235 142.6835938
vertex 54.6339035 69.52327728 145.2960815

endloop
endfacet
facet normal -0.4063849747 0.894167006 0.1879269481
outer loop
vertex 54.6339035 69.52327728 145.2960815
vertex 53.85198212 69.71697235 142.6835938
vertex 52.80939484 68.69405365 145.2961426

endloop
endfacet
facet normal -0.1934732944 0.425756216 0.8839116096
outer loop
vertex 54.63387299 69.52321625 145.2960815
vertex 52.80936432 68.69402313 145.2961273
vertex 52.09566498 60.56041718 149.0576477

endloop
endfacet
facet normal 0.731662035 -0.3379779756 -0.591981113
outer loop
vertex 52.09566498 60.56041718 149.0576477
vertex 52.80936432 68.69402313 145.2961273
vertex 52.09571075 60.56046295 149.0576782

endloop
endfacet
facet normal 0.1251451671 -0.4688783884 0.8743522167
outer loop
vertex 76.23400116 15.21146393 48.43406677
vertex 76.23403168 15.21147919 48.43407059
vertex 75.38277435 22.05405426 52.22529602

endloop
endfacet
facet normal -0.2919639647 0.4354828894 -0.851534903
outer loop
vertex 75.38277435 22.05405426 52.22529602
vertex 76.23403168 15.21147919 48.43407059
vertex 74.22444916 21.27732086 52.22521973

endloop
endfacet
facet normal -0.3344418108 0.4988240898 -0.7995768785
outer loop
vertex 75.38277435 22.05405426 52.22529602
vertex 74.22444916 21.27732086 52.22521973
vertex 75.06679535 26.03455353 54.84073639

endloop
endfacet
facet normal -0.3746502399 0.4967539012 -0.782861948
outer loop
vertex 75.06679535 26.03455353 54.84073639
vertex 74.22444916 21.27732086 52.22521973
vertex 73.60567474 24.93250275 54.8406868

endloop
endfacet
facet normal -0.4008595347 0.5315010548 -0.7462025881
outer loop
vertex 75.06679535 26.03455353 54.84073639
vertex 73.60567474 24.93250275 54.8406868
vertex 75.00701141 29.32389069 57.21576309

endloop
endfacet
facet normal -0.3861150444 0.5311232805 -0.7542036772
outer loop
vertex 75.00701141 29.32389069 57.21576309
vertex 73.60567474 24.93250275 54.8406868
vertex 73.23567963 28.03617096 57.21576309

endloop
endfacet
facet normal -0.4239119291 0.5831149817 -0.6930191517
outer loop
vertex 75.00701141 29.32389069 57.21576309
vertex 73.23567963 28.03617096 57.21576309
vertex 74.86043549 32.03890228 59.58986664

endloop
endfacet
facet normal -0.4291831851 0.5832554102 -0.6896483898
outer loop
vertex 74.86043549 32.03890228 59.58986664
vertex 73.23567963 28.03617096 57.21576309
vertex 72.84496307 30.55583954 59.58987045

endloop
endfacet
facet normal -0.4498884976 0.6113938093 -0.6509976387
outer loop
vertex 74.86043549 32.03890228 59.58986664
vertex 72.84496307 30.55583954 59.58987045
vertex 74.76543427 34.49684906 61.96393585

endloop
endfacet
facet normal -0.3993369341 0.6079764366 -0.6862176657
outer loop
vertex 74.76543427 34.49684906 61.96393585
vertex 72.84496307 30.55583954 59.58987045
vertex 72.54296112 33.03707123 61.96394348

endloop
endfacet
facet normal -0.4246816635 0.6465633512 -0.6337203383
outer loop
vertex 74.76543427 34.49684906 61.96393204
vertex 72.54296112 33.03707123 61.96393967
vertex 74.86907196 36.8917923 64.33795929

endloop
endfacet
facet normal -0.397728771 0.6430578828 -0.6544374824
outer loop
vertex 74.86907196 36.8917923 64.33795929
vertex 72.54296112 33.03707123 61.96393967
vertex 72.47194672 35.40918732 64.33796692

endloop
endfacet
facet normal -0.4177935421 0.6754908562 -0.6075859666
outer loop
vertex 74.86907196 36.89180756 64.33795929
vertex 72.47197723 35.40920258 64.33796692
vertex 74.65969086 38.89768219 66.71199036

endloop
endfacet
facet normal -0.4268063605 0.6762650609 -0.6004180908
outer loop
vertex 74.65969086 38.89768219 66.71199036
vertex 72.47197723 35.40920258 64.33796692
vertex 72.11153412 37.28948212 66.71199036

endloop
endfacet
facet normal -0.4433082342 0.7024034858 -0.5568727851
outer loop
vertex 74.65962982 38.89765167 66.71199036
vertex 72.1115036 37.2894516 66.71199036
vertex 74.05950165 40.40111542 69.08610535

endloop
endfacet
facet normal -0.4447880387 0.7024162412 -0.5556752682
outer loop
vertex 74.05950165 40.40111542 69.08610535
vertex 72.1115036 37.2894516 66.71199036
vertex 71.44115448 38.74311066 69.08610535

endloop
endfacet
facet normal -0.4548594356 0.718321085 -0.5264198184
outer loop
vertex 74.05950165 40.40111542 69.08610535
vertex 71.44115448 38.74311066 69.08610535
vertex 73.57466888 41.83397675 71.46022797

endloop
endfacet
facet normal -0.4411233962 0.7180246115 -0.5383778214
outer loop
vertex 73.57466888 41.83397675 71.46022797
vertex 71.44115448 38.74311066 69.08610535
vertex 70.83705902 40.15210724 71.46022797

endloop
endfacet
facet normal -0.4342346191 0.7068116665 -0.5584421158
outer loop
vertex 73.57466888 41.83397675 71.46022797
vertex 70.83705902 40.15210724 71.46022797
vertex 73.32222748 43.55461884 73.83431244

endloop
endfacet
facet normal -0.4188115895 0.7051307559 -0.5721777678
outer loop
vertex 73.32222748 43.55461884 73.83431244
vertex 70.83705902 40.15210724 71.46022797
vertex 70.38558197 41.81040192 73.83431244

endloop
endfacet
facet normal -0.4122472405 0.6940788627 -0.5901752114
outer loop
vertex 73.32222748 43.55461884 73.83431244
vertex 70.38558197 41.81040192 73.83431244
vertex 73.06694794 45.42165375 76.20836639

endloop
endfacet
facet normal -0.425142616 0.6960436106 -0.5785992742
outer loop
vertex 73.06694794 45.42165375 76.20836639
vertex 70.38558197 41.81040192 73.83431244
vertex 70.0908432 43.60385895 76.20837402

endloop
endfacet
facet normal -0.4152379632 0.6798276305 -0.6044929624
outer loop
vertex 73.06694794 45.42165375 76.20836639
vertex 70.0908432 43.60385895 76.20837402
vertex 72.70030975 47.30869293 78.58242798

endloop
endfacet
facet normal -0.4021950364 0.6777337193 -0.6155616045
outer loop
vertex 72.70030975 47.30869293 78.58242798
vertex 70.0908432 43.60385895 76.20837402
vertex 69.650383 45.49874115 78.58242798

endloop
endfacet
facet normal -0.3884569407 0.6545838714 -0.648553133
outer loop
vertex 72.70027924 47.30867767 78.58242035
vertex 69.65035248 45.49872589 78.58242035
vertex 72.24401093 49.39006805 80.95645142

endloop
endfacet
facet normal -0.3922330737 0.6552807689 -0.6455698609
outer loop
vertex 72.24401093 49.39006805 80.95645142
vertex 69.65035248 45.49872589 78.58242035
vertex 69.18877411 47.56128693 80.95645142

endloop
endfacet
facet normal -0.3935779035 0.6575273275 -0.6424595118
outer loop
vertex 72.24401093 49.39006805 80.95645142
vertex 69.18877411 47.56128693 80.95645142
vertex 71.53542328 51.2856369 83.33056641

endloop
endfacet
facet normal -0.422796756 0.6613455415 -0.6195683479
outer loop
vertex 71.53542328 51.2856369 83.33056641
vertex 69.18877411 47.56128693 80.95645142
vertex 68.50881195 49.3507309 83.33056641

endloop
endfacet
facet normal -0.4442151785 0.694848597 -0.5655602217
outer loop
vertex 71.53542328 51.2856369 83.33056641
vertex 68.50881195 49.3507309 83.33056641
vertex 69.36147308 51.82819366 85.70466614

endloop
endfacet
facet normal -0.5170589089 0.6782755852 -0.5221037865
outer loop
vertex 69.36147308 51.82819366 85.70466614
vertex 68.50881195 49.3507309 83.33056641
vertex 66.34801483 49.53099823 85.70467377

endloop
endfacet
facet normal -0.4986726046 0.6541562676 -0.5686872602
outer loop
vertex 69.36147308 51.82819366 85.70466614
vertex 66.34801483 49.53099823 85.70467377
vertex 64.79866791 50.41378021 88.07872772

endloop
endfacet
facet normal -0.612545073 0.5217537284 -0.5937690139
outer loop
vertex 64.79866791 50.41378021 88.07872772
vertex 66.34801483 49.53099823 85.70467377
vertex 62.0165329 47.1475296 88.07873535

endloop
endfacet
facet normal -0.5860621333 0.499198705 -0.6382254958
outer loop
vertex 64.79869843 50.41381073 88.07872772
vertex 62.01654816 47.14756012 88.07873535
vertex 63.41841888 51.8285141 90.45272827

endloop
endfacet
facet normal -0.5410010219 0.5036232471 -0.6735588908
outer loop
vertex 63.41841888 51.8285141 90.45272827
vertex 62.01654816 47.14756012 88.07873535
vertex 60.40206146 48.58831024 90.45274353

endloop
endfacet
facet normal -0.6007345915 0.5592306852 -0.571295917
outer loop
vertex 63.41841888 51.8285141 90.45272827
vertex 60.40206146 48.58831024 90.45274353
vertex 63.05014801 53.85817719 92.8267746

endloop
endfacet
facet normal -0.5016412735 0.5520965457 -0.6659920812
outer loop
vertex 63.05014801 53.85817719 92.8267746
vertex 60.40206146 48.58831024 90.45274353
vertex 59.85218048 50.9524765 92.82678223

endloop
endfacet
facet normal -0.5501805544 0.6055184007 -0.5750207305
outer loop
vertex 63.05014801 53.85817719 92.8267746
vertex 59.85218048 50.9524765 92.82678223
vertex 62.35391998 55.48009491 95.2008667

endloop
endfacet
facet normal -0.4798962176 0.6005333662 -0.6395773888
outer loop
vertex 62.35391998 55.48009491 95.2008667
vertex 59.85218048 50.9524765 92.82678223
vertex 58.98444366 52.78749847 95.20087433

endloop
endfacet
facet normal -0.5001555681 0.6258857846 -0.5984240174
outer loop
vertex 62.35391998 55.48009491 95.2008667
vertex 58.98444366 52.78749847 95.20087433
vertex 61.45641327 57.03282928 97.57498169

endloop
endfacet
facet normal -0.4429791272 0.6200564504 -0.6475334167
outer loop
vertex 61.45641327 57.03282928 97.57498169
vertex 58.98444366 52.78749847 95.20087433
vertex 57.98859406 54.55536652 97.57498932

endloop
endfacet
facet normal -0.4826451838 0.675579071 -0.5573567152
outer loop
vertex 61.45641327 57.03282928 97.57498169
vertex 57.98859406 54.55536652 97.57498932
vertex 60.75017548 58.48694611 99.94910431

endloop
endfacet
facet normal -0.4587603211 0.6727557182 -0.5804641843
outer loop
vertex 60.75017548 58.48694611 99.94910431
vertex 57.98859406 54.55536652 97.57498932
vertex 57.24337006 56.0956192 99.94911194

endloop
endfacet
facet normal -0.4806243479 0.7048187852 -0.5217573643
outer loop
vertex 60.75017548 58.48694611 99.94910431
vertex 57.24337006 56.0956192 99.94911194
vertex 60.20174408 59.87041473 102.3231659

endloop
endfacet
facet normal -0.4595866799 0.7021894455 -0.543792367
outer loop
vertex 60.20174408 59.87041473 102.3231659
vertex 57.24337006 56.0956192 99.94911194
vertex 56.56322479 57.48899078 102.3231735

endloop
endfacet
facet normal -0.4621097445 0.7060533166 -0.5366033912
outer loop
vertex 60.20175934 59.87041473 102.3231659
vertex 56.56319427 57.48899078 102.3231735
vertex 58.75189972 60.72577667 104.6972198

endloop
endfacet
facet normal -0.4578736424 0.7059461474 -0.5403626561
outer loop
vertex 58.75189972 60.72577667 104.6972198
vertex 56.56319427 57.48899078 102.3231735
vertex 55.00481415 58.29543304 104.6972198

endloop
endfacet
facet normal -0.4650821984 0.7170602679 -0.519156158
outer loop
vertex 58.75189972 60.72577667 104.6972198
vertex 55.00481415 58.29543304 104.6972198
vertex 56.63184357 61.06954193 107.0712662

endloop
endfacet
facet normal -0.4935850203 0.7141994834 -0.4962791204
outer loop
vertex 56.63184357 61.06954193 107.0712662
vertex 55.00481415 58.29543304 104.6972198
vertex 52.818367 58.43404388 107.0712738

endloop
endfacet
facet normal -0.5003628731 0.724006772 -0.4748169482
outer loop
vertex 56.63184357 61.06954193 107.0712662
vertex 52.818367 58.43404388 107.0712738
vertex 54.57964325 61.20824432 109.4453735

endloop
endfacet
facet normal -0.5367454886 0.7188385725 -0.441786468
outer loop
vertex 54.57964325 61.20824432 109.4453735
vertex 52.818367 58.43404388 107.0712738
vertex 50.75931549 58.35567474 109.4453888

endloop
endfacet
facet normal -0.5559340119 0.7445372939 -0.3695966303
outer loop
vertex 54.57964325 61.20825958 109.4453812
vertex 50.75931549 58.35569 109.4453964
vertex 53.74044037 61.76016998 111.8194809

endloop
endfacet
facet normal -0.5526217818 0.744763732 -0.3740803897
outer loop
vertex 53.74044037 61.76016998 111.8194809
vertex 50.75931549 58.35569 109.4453964
vertex 49.93740082 58.93828583 111.8194962

endloop
endfacet
facet normal -0.5865497589 0.7904893756 -0.1763119102
outer loop
vertex 53.74044037 61.76016998 111.8194809
vertex 49.93740082 58.93828583 111.8194962
vertex 56.34377289 64.2213974 114.1936264

endloop
endfacet
facet normal -0.4665382206 0.7651387453 -0.4437395632
outer loop
vertex 56.34377289 64.2213974 114.1936264
vertex 49.93740082 58.93828583 111.8194962
vertex 52.57207489 61.92163849 114.1936417

endloop
endfacet
facet normal -0.5079162121 0.8330017328 -0.2193838209
outer loop
vertex 56.34375763 64.2213974 114.1936264
vertex 52.57205963 61.92163849 114.1936417
vertex 58.72690582 66.29976654 116.5677567

endloop
endfacet
facet normal -0.4073019028 0.8057495356 -0.4299683571
outer loop
vertex 58.72690582 66.29976654 116.5677567
vertex 52.57205963 61.92163849 114.1936417
vertex 54.9164505 64.37361908 116.5677872

endloop
endfacet
facet normal -0.4213076234 0.833458066 -0.357557714
outer loop
vertex 58.72690582 66.29976654 116.5677567
vertex 54.9164505 64.37361908 116.5677872
vertex 58.96623993 67.43926239 118.9418869

endloop
endfacet
facet normal -0.3972482979 0.8292348385 -0.3931454122
outer loop
vertex 58.96623993 67.43926239 118.9418869
vertex 54.9164505 64.37361908 116.5677872
vertex 55.17247772 65.62184906 118.9418945

endloop
endfacet
facet normal -0.416021198 0.8684230447 -0.2697547972
outer loop
vertex 58.96623993 67.43926239 118.9418869
vertex 55.17247772 65.62184906 118.9418945
vertex 58.36377716 67.88814545 121.3161087

endloop
endfacet
facet normal -0.3878098428 0.8687589765 -0.3079957366
outer loop
vertex 58.36377716 67.88814545 121.3161087
vertex 55.17247772 65.62184906 118.9418945
vertex 54.66213226 66.23574066 121.3160858

endloop
endfacet
facet normal -0.3916482329 0.8773409128 -0.2772808075
outer loop
vertex 58.36380768 67.88817596 121.316124
vertex 54.66216278 66.23574066 121.3161011
vertex 57.94745636 68.45269012 123.6903763

endloop
endfacet
facet normal -0.3881547451 0.8773497343 -0.2821230888
outer loop
vertex 57.94745636 68.45269012 123.6903763
vertex 54.66216278 66.23574066 121.3161011
vertex 54.32978058 66.85216522 123.6903687

endloop
endfacet
facet normal -0.3886799812 0.8785369992 -0.2776700258
outer loop
vertex 57.94745636 68.45269012 123.6903763
vertex 54.32978058 66.85216522 123.6903687
vertex 57.37926483 68.95174408 126.0647125

endloop
endfacet
facet normal -0.3864610493 0.8785943389 -0.2805706859
outer loop
vertex 57.37926483 68.95174408 126.0647125
vertex 54.32978058 66.85216522 123.6903687
vertex 53.89824677 67.42058563 126.0647507

endloop
endfacet
facet normal -0.3867640197 0.8792831898 -0.2779830396
outer loop
vertex 57.37926483 68.95174408 126.0647125
vertex 53.89824677 67.42058563 126.0647507
vertex 56.77642059 69.43721771 128.4390564

endloop
endfacet
facet normal -0.4181326628 0.8767142892 -0.2377754897
outer loop
vertex 56.77642059 69.43721771 128.4390564
vertex 53.89824677 67.42058563 126.0647507
vertex 53.39409637 67.82408905 128.4390869

endloop
endfacet
facet normal -0.4176442325 0.8756923676 -0.2423557341
outer loop
vertex 56.77642059 69.43721771 128.4390717
vertex 53.39409637 67.82408905 128.4390869
vertex 56.34827423 69.89015961 130.8134766

endloop
endfacet
facet normal -0.4471561015 0.8713756204 -0.2018813044
outer loop
vertex 56.34827423 69.89015961 130.8134766
vertex 53.39409637 67.82408905 128.4390869
vertex 53.0089798 68.17656708 130.8134918

endloop
endfacet
facet normal -0.4504981339 0.8778886199 -0.1623668373
outer loop
vertex 56.34827423 69.89015961 130.8134766
vertex 53.0089798 68.17656708 130.8134918
vertex 55.9865799 70.14373016 133.1880341

endloop
endfacet
facet normal -0.475767076 0.8706849813 -0.1247125268
outer loop
vertex 55.9865799 70.14373016 133.1880341
vertex 53.0089798 68.17656708 130.8134918
vertex 52.75887299 68.38002777 133.1880951

endloop
endfacet
facet normal -0.4726415873 0.8649650216 -0.1686572731
outer loop
vertex 55.98659515 70.14373016 133.1880646
vertex 52.75888824 68.38002777 133.1881104
vertex 55.60980988 70.40084076 135.562561

endloop
endfacet
facet normal -0.4857076705 0.8611965179 -0.1497619748
outer loop
vertex 55.60980988 70.40084076 135.562561
vertex 52.75888824 68.38002777 133.1881104
vertex 52.53531647 68.66686249 135.5626221

endloop
endfacet
facet normal -0.4843167663 0.8587296605 -0.1673936099
outer loop
vertex 55.60980988 70.40084076 135.562561
vertex 52.53531647 68.66686249 135.5626221
vertex 55.04944611 70.54756927 137.9365692

endloop
endfacet
facet normal -0.4703218043 0.8627928495 -0.1854339689
outer loop
vertex 55.04944611 70.54756927 137.9365692
vertex 52.53531647 68.66686249 135.5626221
vertex 52.14057159 68.96190643 137.936615

endloop
endfacet
facet normal -0.4785439968 0.8778812289 -0.01789178886
outer loop
vertex 55.04944611 70.54756927 137.9365692
vertex 52.14057159 68.96190643 137.936615
vertex 54.3927536 70.23796844 140.3099213

endloop
endfacet
facet normal -0.4718209207 0.8813076019 -0.0261140205
outer loop
vertex 54.3927536 70.23796844 140.3099213
vertex 52.14057159 68.96190643 137.936615
vertex 51.71285248 68.80324554 140.309967

endloop
endfacet
facet normal -0.4702382386 0.8783726692 0.08565863222
outer loop
vertex 54.39276886 70.23796844 140.3099365
vertex 51.71286774 68.80327606 140.309967
vertex 53.85196686 69.71697235 142.6835785

endloop
endfacet
facet normal -0.4540575743 0.8884342313 0.06720353663
outer loop
vertex 53.85196686 69.71697235 142.6835785
vertex 51.71286774 68.80327606 140.309967
vertex 51.50873566 68.51940155 142.6835938

endloop
endfacet
facet normal -0.4488672018 0.8782798648 0.1647504866
outer loop
vertex 53.85196686 69.71697235 142.6835785
vertex 51.50873566 68.51940155 142.6835938
vertex 52.80936432 68.69405365 145.2961273

endloop
endfacet
facet normal -0.5590623021 0.7980195284 0.2249757349
outer loop
vertex 52.80936432 68.69405365 145.2961273
vertex 51.50873566 68.51940155 142.6835938
vertex 51.13965607 67.52431488 145.2961426

endloop
endfacet
facet normal -0.2957861125 0.4222331345 0.8568720818
outer loop
vertex 52.8093338 68.69399261 145.2961121
vertex 51.13962555 67.52428436 145.2961273
vertex 52.0956955 60.56044769 149.057663

endloop
endfacet
facet normal 0 -0.4770481884 -0.8788771629
outer loop
vertex 52.0956955 60.56044769 149.057663
vertex 51.13962555 67.52428436 145.2961273
vertex 52.09571075 60.56044769 149.057663

endloop
endfacet
facet normal -0.1383021027 0.4915530384 -0.859795332
outer loop
vertex 76.23403168 15.21147919 48.43407059
vertex 76.23397064 15.21144867 48.43406296
vertex 74.22444916 21.27732086 52.22521973

endloop
endfacet
facet normal -0.335937947 0.4166547358 -0.8447155952
outer loop
vertex 74.22444916 21.27732086 52.22521973
vertex 76.23397064 15.21144867 48.43406296
vertex 73.12563324 20.39070892 52.22489166

endloop
endfacet
facet normal -0.3947559297 0.4895255268 -0.7775168419
outer loop
vertex 74.22444916 21.27732086 52.22521973
vertex 73.12563324 20.39070892 52.22489166
vertex 73.60567474 24.93250275 54.8406868

endloop
endfacet
facet normal -0.3947789669 0.4895223975 -0.7775072455
outer loop
vertex 73.60567474 24.93250275 54.8406868
vertex 73.12563324 20.39070892 52.22489166
vertex 72.14437103 23.75397491 54.84065628

endloop
endfacet
facet normal -0.4191376269 0.5197247267 -0.7444527149
outer loop
vertex 73.60567474 24.93250275 54.8406868
vertex 72.14437103 23.75397491 54.84065628
vertex 73.23567963 28.03617096 57.21576309

endloop
endfacet
facet normal -0.4878425896 0.515182972 -0.7046957612
outer loop
vertex 73.23567963 28.03617096 57.21576309
vertex 72.14437103 23.75397491 54.84065628
vertex 71.60875702 26.49558258 57.21575928

endloop
endfacet
facet normal -0.5152045488 0.5440781713 -0.6622259617
outer loop
vertex 73.23567963 28.03617096 57.21576309
vertex 71.60875702 26.49558258 57.21575928
vertex 72.84496307 30.55583954 59.58987045

endloop
endfacet
facet normal -0.5641118288 0.5380002856 -0.6263653636
outer loop
vertex 72.84496307 30.55583954 59.58987045
vertex 71.60875702 26.49558258 57.21575928
vertex 71.1231308 28.75043488 59.58986664

endloop
endfacet
facet normal -0.5614016652 0.5354156494 -0.6309977174
outer loop
vertex 72.84496307 30.55583954 59.58987045
vertex 71.1231308 28.75043488 59.58986664
vertex 72.54296112 33.03707123 61.96394348

endloop
endfacet
facet normal -0.5484853983 0.5367539525 -0.6411387324
outer loop
vertex 72.54296112 33.03707123 61.96394348
vertex 71.1231308 28.75043488 59.58986664
vertex 70.65770721 31.11060333 61.96393585

endloop
endfacet
facet normal -0.579942584 0.5675423145 -0.5844332576
outer loop
vertex 72.54296112 33.03707123 61.96393967
vertex 70.65770721 31.11061859 61.96393204
vertex 72.47194672 35.40918732 64.33796692

endloop
endfacet
facet normal -0.5336546302 0.5701812506 -0.6245847344
outer loop
vertex 72.47194672 35.40918732 64.33796692
vertex 70.65770721 31.11061859 61.96393204
vertex 70.40575409 33.47534943 64.33795929

endloop
endfacet
facet normal -0.5645393729 0.603179574 -0.5634445548
outer loop
vertex 72.47197723 35.40920258 64.33796692
vertex 70.40578461 33.47536469 64.33795929
vertex 72.11153412 37.28948212 66.71199036

endloop
endfacet
facet normal -0.541411221 0.6053161621 -0.5834947824
outer loop
vertex 72.11153412 37.28948212 66.71199036
vertex 70.40578461 33.47536469 64.33795929
vertex 69.86989594 35.28449249 66.71198273

endloop
endfacet
facet normal -0.5603324771 0.6264789701 -0.5418040752
outer loop
vertex 72.1115036 37.2894516 66.71199036
vertex 69.8698349 35.28446198 66.71198273
vertex 71.44115448 38.74311066 69.08610535

endloop
endfacet
facet normal -0.5316741467 0.630061388 -0.5659905672
outer loop
vertex 71.44115448 38.74311066 69.08610535
vertex 69.8698349 35.28446198 66.71198273
vertex 69.04473114 36.72089386 69.08609772

endloop
endfacet
facet normal -0.5486856103 0.6502206326 -0.5255066156
outer loop
vertex 71.44115448 38.74311066 69.08610535
vertex 69.04473114 36.72089386 69.08609772
vertex 70.83705902 40.15210724 71.46022797

endloop
endfacet
facet normal -0.5439372659 0.6507178545 -0.5298100114
outer loop
vertex 70.83705902 40.15210724 71.46022797
vertex 69.04473114 36.72089386 69.08609772
vertex 68.34786224 38.07137299 71.46022034

endloop
endfacet
facet normal -0.5357941985 0.6409763694 -0.5496124625
outer loop
vertex 70.83705902 40.15210724 71.46022797
vertex 68.34786224 38.07137299 71.46022034
vertex 70.38558197 41.81040192 73.83431244

endloop
endfacet
facet normal -0.582895875 0.6375359893 -0.5037660599
outer loop
vertex 70.38558197 41.81040192 73.83431244
vertex 68.34786224 38.07137299 71.46022034
vertex 67.83037567 39.47418976 73.83431244

endloop
endfacet
facet normal -0.5680050254 0.6212492585 -0.5398330092
outer loop
vertex 70.38558197 41.81040192 73.83431244
vertex 67.83037567 39.47418976 73.83431244
vertex 70.0908432 43.60385895 76.20837402

endloop
endfacet
facet normal -0.5574113727 0.6215438843 -0.5504323244
outer loop
vertex 70.0908432 43.60385895 76.20837402
vertex 67.83037567 39.47418976 73.83431244
vertex 67.47283173 41.25597382 76.20836639

endloop
endfacet
facet normal -0.5423179269 0.604714036 -0.5832771063
outer loop
vertex 70.0908432 43.60385895 76.20837402
vertex 67.47283173 41.25597382 76.20836639
vertex 69.650383 45.49874115 78.58242798

endloop
endfacet
facet normal -0.5215343237 0.6045680046 -0.6020793915
outer loop
vertex 69.650383 45.49874115 78.58242798
vertex 67.47283173 41.25597382 76.20836639
vertex 66.98894501 43.20282745 78.58242035

endloop
endfacet
facet normal -0.5138375759 0.5956420302 -0.6173989773
outer loop
vertex 69.65035248 45.49872589 78.58242035
vertex 66.98891449 43.20279694 78.58241272
vertex 69.18877411 47.56128693 80.95645142

endloop
endfacet
facet normal -0.5700488687 0.5958492756 -0.5656923652
outer loop
vertex 69.18877411 47.56128693 80.95645142
vertex 66.98891449 43.20279694 78.58241272
vertex 66.59850311 45.08316803 80.95644379

endloop
endfacet
facet normal -0.5549918413 0.5801109076 -0.5962008238
outer loop
vertex 69.18877411 47.56128693 80.95645142
vertex 66.59850311 45.08316803 80.95644379
vertex 68.50881195 49.3507309 83.33056641

endloop
endfacet
facet normal -0.6122121215 0.5756199956 -0.5420866013
outer loop
vertex 68.50881195 49.3507309 83.33056641
vertex 66.59850311 45.08316803 80.95644379
vertex 65.97048187 46.65103912 83.33056641

endloop
endfacet
facet normal -0.5926130414 0.5571923256 -0.5816755295
outer loop
vertex 68.50881195 49.3507309 83.33056641
vertex 65.97048187 46.65103912 83.33056641
vertex 66.34801483 49.53099823 85.70467377

endloop
endfacet
facet normal -0.6455672383 0.5343889594 -0.5455926657
outer loop
vertex 66.34801483 49.53099823 85.70467377
vertex 65.97048187 46.65103912 83.33056641
vertex 63.85520172 46.51955414 85.70466614

endloop
endfacet
facet normal -0.6117441058 0.5063910484 -0.6077312231
outer loop
vertex 66.34801483 49.53099823 85.70467377
vertex 63.85520172 46.51955414 85.70466614
vertex 62.0165329 47.1475296 88.07873535

endloop
endfacet
facet normal -0.6602509618 0.4201950729 -0.6224987507
outer loop
vertex 62.0165329 47.1475296 88.07873535
vertex 63.85520172 46.51955414 85.70466614
vertex 59.73856354 43.56815338 88.07872772

endloop
endfacet
facet normal -0.6272060871 0.3991648555 -0.6687898636
outer loop
vertex 62.01654816 47.14756012 88.07873535
vertex 59.7385788 43.5681839 88.07872772
vertex 60.40206146 48.58831024 90.45274353

endloop
endfacet
facet normal -0.5879409313 0.4080090225 -0.6984655857
outer loop
vertex 60.40206146 48.58831024 90.45274353
vertex 59.7385788 43.5681839 88.07872772
vertex 57.97237396 45.0871048 90.45272827

endloop
endfacet
facet normal -0.6547068357 0.4543413222 -0.6040968299
outer loop
vertex 60.40206146 48.58831024 90.45274353
vertex 57.97237396 45.0871048 90.45272827
vertex 59.85218048 50.9524765 92.82678223

endloop
endfacet
facet normal -0.5903613567 0.4581666589 -0.6644974351
outer loop
vertex 59.85218048 50.9524765 92.82678223
vertex 57.97237396 45.0871048 90.45272827
vertex 57.21581268 47.55542755 92.8267746

endloop
endfacet
facet normal -0.6281709075 0.4875097275 -0.6064120531
outer loop
vertex 59.85218048 50.9524765 92.82678223
vertex 57.21581268 47.55542755 92.8267746
vertex 58.98444366 52.78749847 95.20087433

endloop
endfacet
facet normal -0.5700420737 0.4914599061 -0.6584217548
outer loop
vertex 58.98444366 52.78749847 95.20087433
vertex 57.21581268 47.55542755 92.8267746
vertex 56.17810822 49.53243256 95.2008667

endloop
endfacet
facet normal -0.5902835727 0.5089108348 -0.6265580654
outer loop
vertex 58.98444366 52.78749847 95.20087433
vertex 56.17810822 49.53243256 95.2008667
vertex 57.98859406 54.55536652 97.57498932

endloop
endfacet
facet normal -0.5608313084 0.5103037357 -0.6519650221
outer loop
vertex 57.98859406 54.55536652 97.57498932
vertex 56.17810822 49.53243256 95.2008667
vertex 55.09944916 51.38013458 97.57497406

endloop
endfacet
facet normal -0.6148145795 0.5594227314 -0.5559219718
outer loop
vertex 57.98859406 54.55536652 97.57498932
vertex 55.09944916 51.38013458 97.57497406
vertex 57.24337006 56.0956192 99.94911194

endloop
endfacet
facet normal -0.5686870217 0.5612912774 -0.601287961
outer loop
vertex 57.24337006 56.0956192 99.94911194
vertex 55.09944916 51.38013458 97.57497406
vertex 54.22324371 53.03568268 99.94909668

endloop
endfacet
facet normal -0.6059250832 0.5980445743 -0.5245927572
outer loop
vertex 57.24337006 56.0956192 99.94911194
vertex 54.22324371 53.03568268 99.94909668
vertex 56.56322479 57.48899078 102.3231735

endloop
endfacet
facet normal -0.5595750213 0.599242568 -0.5725244284
outer loop
vertex 56.56322479 57.48899078 102.3231735
vertex 54.22324371 53.03568268 99.94909668
vertex 53.39858246 54.53382111 102.3231583

endloop
endfacet
facet normal -0.5601064563 0.5998044014 -0.5714153051
outer loop
vertex 56.56319427 57.48899078 102.3231735
vertex 53.39858246 54.53382111 102.3231659
vertex 55.00481415 58.29543304 104.6972198

endloop
endfacet
facet normal -0.5861847997 0.5963921547 -0.5483646393
outer loop
vertex 55.00481415 58.29543304 104.6972198
vertex 53.39858246 54.53382111 102.3231659
vertex 51.82785797 55.17284393 104.6972122

endloop
endfacet
facet normal -0.5777093172 0.5877691507 -0.5663738251
outer loop
vertex 55.00481415 58.29543304 104.6972198
vertex 51.82785797 55.17284393 104.6972122
vertex 52.818367 58.43404388 107.0712738

endloop
endfacet
facet normal -0.5962051749 0.5829365253 -0.5520185232
outer loop
vertex 52.818367 58.43404388 107.0712738
vertex 51.82785797 55.17284393 104.6972122
vertex 49.62065887 55.16353607 107.0712585

endloop
endfacet
facet normal -0.6139201522 0.6002570391 -0.5126338005
outer loop
vertex 52.818367 58.43404388 107.0712738
vertex 49.62065887 55.16353607 107.0712585
vertex 50.75931549 58.35567474 109.4453888

endloop
endfacet
facet normal -0.6509181261 0.5886842608 -0.4793291092
outer loop
vertex 50.75931549 58.35567474 109.4453888
vertex 49.62065887 55.16353607 107.0712585
vertex 47.62502289 54.89002228 109.4453735

endloop
endfacet
facet normal -0.6834754944 0.6181262136 -0.3883055747
outer loop
vertex 50.75931549 58.35569 109.4453964
vertex 47.62503815 54.89003754 109.4453735
vertex 49.93740082 58.93828583 111.8194962

endloop
endfacet
facet normal -0.6826837659 0.6183142066 -0.3893973529
outer loop
vertex 49.93740082 58.93828583 111.8194962
vertex 47.62503815 54.89003754 109.4453735
vertex 46.76935577 55.44042206 111.8194809

endloop
endfacet
facet normal -0.741022706 0.6711506844 -0.02102895081
outer loop
vertex 49.93740082 58.93828583 111.8194962
vertex 46.76935577 55.44042206 111.8194809
vertex 52.57207489 61.92163849 114.1936417

endloop
endfacet
facet normal -0.5425346494 0.6709114909 -0.5055035353
outer loop
vertex 52.57207489 61.92163849 114.1936417
vertex 46.76935577 55.44042206 111.8194809
vertex 49.10861969 59.12088776 114.1936188

endloop
endfacet
facet normal -0.6186181903 0.7649834752 -0.1791976839
outer loop
vertex 52.57205963 61.92163849 114.1936417
vertex 49.10861969 59.12085724 114.1936188
vertex 54.9164505 64.37361908 116.5677872

endloop
endfacet
facet normal -0.4662451148 0.7368125319 -0.4896149635
outer loop
vertex 54.9164505 64.37361908 116.5677872
vertex 49.10861969 59.12085724 114.1936188
vertex 51.37529755 62.13280487 116.5677567

endloop
endfacet
facet normal -0.4987454712 0.7881710529 -0.3606097102
outer loop
vertex 54.9164505 64.37361908 116.5677872
vertex 51.37529755 62.13280487 116.5677567
vertex 55.17247772 65.62184906 118.9418945

endloop
endfacet
facet normal -0.4758334756 0.78618294 -0.394333303
outer loop
vertex 55.17247772 65.62184906 118.9418945
vertex 51.37529755 62.13280487 116.5677567
vertex 51.63329315 63.47975922 118.941864

endloop
endfacet
facet normal -0.4913419783 0.8118051291 -0.3155240715
outer loop
vertex 55.17247772 65.62184906 118.9418945
vertex 51.63329315 63.47975922 118.941864
vertex 54.66213226 66.23574066 121.3160858

endloop
endfacet
facet normal -0.5580896139 0.8007555008 -0.2175465077
outer loop
vertex 54.66213226 66.23574066 121.3160858
vertex 51.63329315 63.47975922 118.941864
vertex 51.29541779 63.88928986 121.3160629

endloop
endfacet
facet normal -0.5487060547 0.7872974873 -0.281219244
outer loop
vertex 54.66216278 66.23574066 121.3161011
vertex 51.2954483 63.88930511 121.3160782
vertex 54.32978058 66.85216522 123.6903687

endloop
endfacet
facet normal -0.5808516145 0.7803911567 -0.2315188497
outer loop
vertex 54.32978058 66.85216522 123.6903687
vertex 51.2954483 63.88930511 121.3160782
vertex 51.08203888 64.43483734 123.6903458

endloop
endfacet
facet normal -0.5718050599 0.7682374716 -0.2878370583
outer loop
vertex 54.32978058 66.85216522 123.6903687
vertex 51.08203888 64.43483734 123.6903458
vertex 53.89824677 67.42058563 126.0647507

endloop
endfacet
facet normal -0.5674383044 0.7691016197 -0.2941029668
outer loop
vertex 53.89824677 67.42058563 126.0647507
vertex 51.08203888 64.43483734 123.6903458
vertex 50.78224945 65.12160492 126.0647049

endloop
endfacet
facet normal -0.5741966367 0.7782608271 -0.2541815341
outer loop
vertex 53.89824677 67.42058563 126.0647507
vertex 50.78224945 65.12160492 126.0647049
vertex 53.39409637 67.82408905 128.4390869

endloop
endfacet
facet normal -0.5956228375 0.7716604471 -0.2230999172
outer loop
vertex 53.39409637 67.82408905 128.4390869
vertex 50.78224945 65.12160492 126.0647049
vertex 50.4444809 65.54735565 128.4390564

endloop
endfacet
facet normal -0.5971776843 0.773665309 -0.211709097
outer loop
vertex 53.39409637 67.82408905 128.4390869
vertex 50.44451141 65.54735565 128.4390717
vertex 53.0089798 68.17656708 130.8134918

endloop
endfacet
facet normal -0.596311152 0.7739807963 -0.212994352
outer loop
vertex 53.0089798 68.17656708 130.8134918
vertex 50.44451141 65.54735565 128.4390717
vertex 50.0681076 65.91078949 130.8135223

endloop
endfacet
facet normal -0.6050544977 0.7853302956 -0.1310164332
outer loop
vertex 53.0089798 68.17656708 130.8134918
vertex 50.0681076 65.91078949 130.8135223
vertex 52.75887299 68.38002777 133.1880951

endloop
endfacet
facet normal -0.5695696473 0.8004099131 -0.1869071722
outer loop
vertex 52.75887299 68.38002777 133.1880951
vertex 50.0681076 65.91078949 130.8135223
vertex 49.79839325 66.27336884 133.1881409

endloop
endfacet
facet normal -0.5731167793 0.8053944707 -0.1512511969
outer loop
vertex 52.75888824 68.38002777 133.1881104
vertex 49.79840851 66.27336884 133.1881714
vertex 52.53531647 68.66686249 135.5626221

endloop
endfacet
facet normal -0.5764153004 0.8040003777 -0.146043852
outer loop
vertex 52.53531647 68.66686249 135.5626221
vertex 49.79840851 66.27336884 133.1881714
vertex 49.7297287 66.65544891 135.5626678

endloop
endfacet
facet normal -0.5715789795 0.7972532511 -0.194125548
outer loop
vertex 52.53531647 68.66686249 135.5626221
vertex 49.7297287 66.65544891 135.5626678
vertex 52.14057159 68.96190643 137.936615

endloop
endfacet
facet normal -0.5740051866 0.7963225842 -0.1907573044
outer loop
vertex 52.14057159 68.96190643 137.936615
vertex 49.7297287 66.65544891 135.5626678
vertex 49.48767853 67.04964447 137.9365997

endloop
endfacet
facet normal -0.583979845 0.8101593256 -0.05108335987
outer loop
vertex 52.14057159 68.96190643 137.936615
vertex 49.48767853 67.04964447 137.9365997
vertex 51.71285248 68.80324554 140.309967

endloop
endfacet
facet normal -0.5643180609 0.8218496442 -0.07815507799
outer loop
vertex 51.71285248 68.80324554 140.309967
vertex 49.48767853 67.04964447 137.9365997
vertex 49.24654388 67.1097641 140.309906

endloop
endfacet
facet normal -0.5653479695 0.8233448863 0.04984816164
outer loop
vertex 51.71286774 68.80327606 140.309967
vertex 49.24655914 67.10979462 140.309906
vertex 51.50873566 68.51940155 142.6835938

endloop
endfacet
facet normal -0.6105288863 0.7833557129 0.1166541353
outer loop
vertex 51.50873566 68.51940155 142.6835938
vertex 49.24655914 67.10979462 140.309906
vertex 49.4709549 66.93120575 142.6835785

endloop
endfacet
facet normal -0.6011679769 0.7713440657 0.2088670284
outer loop
vertex 51.50873566 68.51940155 142.6835938
vertex 49.4709549 66.93120575 142.6835785
vertex 51.13965607 67.52431488 145.2961426

endloop
endfacet
facet normal -0.6039212942 0.768535614 0.2112632096
outer loop
vertex 51.13965607 67.52431488 145.2961426
vertex 49.4709549 66.93120575 142.6835785
vertex 49.56850433 66.28969574 145.2961273

endloop
endfacet
facet normal -0.325612247 0.4143572152 0.849873364
outer loop
vertex 51.13962555 67.52428436 145.2961273
vertex 49.56847382 66.28966522 145.2961121
vertex 52.09571075 60.56044769 149.057663

endloop
endfacet
facet normal -0.5390172601 0.2801471055 0.7943412066
outer loop
vertex 52.09571075 60.56044769 149.057663
vertex 49.56847382 66.28966522 145.2961121
vertex 52.09568024 60.56043243 149.0576477

endloop
endfacet
facet normal 0.1555594504 -0.5209431648 0.8392970562
outer loop
vertex 76.23397064 15.21144867 48.43406296
vertex 76.23400116 15.21146393 48.43406677
vertex 73.12563324 20.39070892 52.22489166

endloop
endfacet
facet normal -0.3830857277 0.3847403824 -0.8397738934
outer loop
vertex 73.12563324 20.39070892 52.22489166
vertex 76.23400116 15.21146393 48.43406677
vertex 72.05937958 19.32602692 52.22351074

endloop
endfacet
facet normal -0.4573206902 0.4589837193 -0.761703074
outer loop
vertex 73.12563324 20.39070892 52.22489166
vertex 72.05937958 19.32602692 52.22351074
vertex 72.14437103 23.75397491 54.84065628

endloop
endfacet
facet normal -0.4569851756 0.4590667784 -0.7618544698
outer loop
vertex 72.14437103 23.75397491 54.84065628
vertex 72.05937958 19.32602692 52.22351074
vertex 70.82772064 22.44335175 54.84069061

endloop
endfacet
facet normal -0.5045861602 0.50688833 -0.6988970041
outer loop
vertex 72.14437103 23.75397491 54.84065628
vertex 70.82772064 22.44335175 54.84069061
vertex 71.60875702 26.49558258 57.21575928

endloop
endfacet
facet normal -0.5153265595 0.5051041245 -0.6923209429
outer loop
vertex 71.60875702 26.49558258 57.21575928
vertex 70.82772064 22.44335175 54.84069061
vertex 70.07897186 24.93483734 57.21575928

endloop
endfacet
facet normal -0.5546973944 0.5436939597 -0.6298473477
outer loop
vertex 71.60875702 26.49558258 57.21575928
vertex 70.07897186 24.93483734 57.21575928
vertex 71.1231308 28.75043488 59.58986664

endloop
endfacet
facet normal -0.5713521242 0.5405806303 -0.6175186038
outer loop
vertex 71.1231308 28.75043488 59.58986664
vertex 70.07897186 24.93483734 57.21575928
vertex 69.46303558 26.99584198 59.58986664

endloop
endfacet
facet normal -0.5601424575 0.529974699 -0.6366844773
outer loop
vertex 71.1231308 28.75043488 59.58986664
vertex 69.46303558 26.99584198 59.58986664
vertex 70.65770721 31.11060333 61.96393585

endloop
endfacet
facet normal -0.5992447734 0.5234609842 -0.6057180166
outer loop
vertex 70.65770721 31.11060333 61.96393585
vertex 69.46303558 26.99584198 59.58986664
vertex 68.93056488 29.13341522 61.96393585

endloop
endfacet
facet normal -0.6067790985 0.5300332308 -0.5923544765
outer loop
vertex 70.65770721 31.11061859 61.96393204
vertex 68.93056488 29.13339996 61.96393585
vertex 70.40575409 33.47534943 64.33795929

endloop
endfacet
facet normal -0.6458007097 0.5233627558 -0.5559071302
outer loop
vertex 70.40575409 33.47534943 64.33795929
vertex 68.93056488 29.13339996 61.96393585
vertex 68.61522675 31.26593781 64.33795929

endloop
endfacet
facet normal -0.6498523951 0.5266497135 -0.5480254889
outer loop
vertex 70.40578461 33.47536469 64.33795929
vertex 68.61522675 31.26593781 64.33796692
vertex 69.86989594 35.28449249 66.71198273

endloop
endfacet
facet normal -0.639246881 0.5292018652 -0.5579504967
outer loop
vertex 69.86989594 35.28449249 66.71198273
vertex 68.61522675 31.26593781 64.33796692
vertex 67.94109344 32.95461273 66.71199036

endloop
endfacet
facet normal -0.6448040009 0.5338024497 -0.5470674634
outer loop
vertex 69.8698349 35.28446198 66.71198273
vertex 67.94103241 32.95458221 66.71199036
vertex 69.04473114 36.72089386 69.08609772

endloop
endfacet
facet normal -0.5771332383 0.5497784615 -0.6038715243
outer loop
vertex 69.04473114 36.72089386 69.08609772
vertex 67.94103241 32.95458221 66.71199036
vertex 66.8720932 34.44016266 69.08610535

endloop
endfacet
facet normal -0.6195372939 0.5901731849 -0.51756078
outer loop
vertex 69.04473114 36.72089386 69.08609772
vertex 66.8720932 34.44016266 69.08610535
vertex 68.34786224 38.07137299 71.46022034

endloop
endfacet
facet normal -0.5740751028 0.5985861421 -0.5586881638
outer loop
vertex 68.34786224 38.07137299 71.46022034
vertex 66.8720932 34.44016266 69.08610535
vertex 65.97545624 35.79611969 71.46022797

endloop
endfacet
facet normal -0.599445641 0.6250401139 -0.4999897778
outer loop
vertex 68.34786224 38.07137299 71.46022034
vertex 65.97545624 35.79611969 71.46022797
vertex 67.83037567 39.47418976 73.83431244

endloop
endfacet
facet normal -0.6445659399 0.6167299151 -0.4518618286
outer loop
vertex 67.83037567 39.47418976 73.83431244
vertex 65.97545624 35.79611969 71.46022797
vertex 65.47042084 37.00771332 73.83430481

endloop
endfacet
facet normal -0.6119712591 0.5855432153 -0.5316298604
outer loop
vertex 67.83037567 39.47418976 73.83431244
vertex 65.47042084 37.00771332 73.83430481
vertex 67.47283173 41.25597382 76.20836639

endloop
endfacet
facet normal -0.6721516252 0.5764732957 -0.4646404684
outer loop
vertex 67.47283173 41.25597382 76.20836639
vertex 65.47042084 37.00771332 73.83430481
vertex 65.23326874 38.64470673 76.20836639

endloop
endfacet
facet normal -0.6251851916 0.5361924171 -0.5671340823
outer loop
vertex 67.47283173 41.25597382 76.20836639
vertex 65.23326874 38.64470673 76.20836639
vertex 66.98894501 43.20282745 78.58242035

endloop
endfacet
facet normal -0.6378552318 0.534488678 -0.5544931293
outer loop
vertex 66.98894501 43.20282745 78.58242035
vertex 65.23326874 38.64470673 76.20836639
vertex 64.73799896 40.51656342 78.58242035

endloop
endfacet
facet normal -0.647118032 0.5422503948 -0.5359130502
outer loop
vertex 66.98891449 43.20279694 78.58241272
vertex 64.73796844 40.5165329 78.58241272
vertex 66.59850311 45.08316803 80.95644379

endloop
endfacet
facet normal -0.6737815738 0.5378965139 -0.506641686
outer loop
vertex 66.59850311 45.08316803 80.95644379
vertex 64.73796844 40.5165329 78.58241272
vertex 64.33577728 42.2488327 80.95645142

endloop
endfacet
facet normal -0.6645762324 0.5305475593 -0.5261726379
outer loop
vertex 66.59850311 45.08316803 80.95644379
vertex 64.33577728 42.2488327 80.95645142
vertex 65.97048187 46.65103912 83.33056641

endloop
endfacet
facet normal -0.6870032549 0.5256729126 -0.5016915798
outer loop
vertex 65.97048187 46.65103912 83.33056641
vertex 64.33577728 42.2488327 80.95645142
vertex 63.70127106 43.68540192 83.33056641

endloop
endfacet
facet normal -0.6585775018 0.5039224625 -0.5588719249
outer loop
vertex 65.97048187 46.65103912 83.33056641
vertex 63.70127106 43.68540192 83.33056641
vertex 63.85520172 46.51955414 85.70466614

endloop
endfacet
facet normal -0.706831634 0.4764094353 -0.5228987336
outer loop
vertex 63.85520172 46.51955414 85.70466614
vertex 63.70127106 43.68540192 83.33056641
vertex 61.7175827 43.34804535 85.70466614

endloop
endfacet
facet normal -0.6655932069 0.4486144781 -0.5964316726
outer loop
vertex 63.85520172 46.51955414 85.70466614
vertex 61.7175827 43.34804535 85.70466614
vertex 59.73856354 43.56815338 88.07872772

endloop
endfacet
facet normal -0.7296258211 0.2603369057 -0.6323533654
outer loop
vertex 59.73856354 43.56815338 88.07872772
vertex 61.7175827 43.34804535 85.70466614
vertex 58.37526703 39.74736786 88.07873535

endloop
endfacet
facet normal -0.6946098208 0.2478399873 -0.6753463149
outer loop
vertex 59.7385788 43.5681839 88.07872772
vertex 58.37529755 39.74739838 88.07873535
vertex 57.97237396 45.0871048 90.45272827

endloop
endfacet
facet normal -0.6945881844 0.2478498667 -0.675364852
outer loop
vertex 57.97237396 45.0871048 90.45272827
vertex 58.37529755 39.74739838 88.07873535
vertex 56.57555389 41.17259979 90.4527359

endloop
endfacet
facet normal -0.7898323536 0.2818362713 -0.544732213
outer loop
vertex 57.97237396 45.0871048 90.45272827
vertex 56.57555389 41.17259979 90.4527359
vertex 57.21581268 47.55542755 92.8267746

endloop
endfacet
facet normal -0.6773332953 0.3151867688 -0.6647382975
outer loop
vertex 57.21581268 47.55542755 92.8267746
vertex 56.57555389 41.17259979 90.4527359
vertex 55.44618988 43.75252533 92.8267746

endloop
endfacet
facet normal -0.7261453867 0.337900728 -0.5987786651
outer loop
vertex 57.21581268 47.55542755 92.8267746
vertex 55.44618988 43.75252533 92.8267746
vertex 56.17810822 49.53243256 95.2008667

endloop
endfacet
facet normal -0.6822696924 0.3500391543 -0.6418571472
outer loop
vertex 56.17810822 49.53243256 95.2008667
vertex 55.44618988 43.75252533 92.8267746
vertex 54.2700119 45.81331635 95.2008667

endloop
endfacet
facet normal -0.7085401416 0.3635172248 -0.6048356295
outer loop
vertex 56.17810822 49.53243256 95.2008667
vertex 54.2700119 45.81331635 95.2008667
vertex 55.09944916 51.38013458 97.57497406

endloop
endfacet
facet normal -0.6693680286 0.3735988736 -0.6421606541
outer loop
vertex 55.09944916 51.38013458 97.57497406
vertex 54.2700119 45.81331635 95.2008667
vertex 53.03626251 47.68358612 97.57498169

endloop
endfacet
facet normal -0.7280689478 0.4063622952 -0.5520735979
outer loop
vertex 55.09944916 51.38013458 97.57497406
vertex 53.03626251 47.68358612 97.57498169
vertex 54.22324371 53.03568268 99.94909668

endloop
endfacet
facet normal -0.6585354209 0.4223423302 -0.622862637
outer loop
vertex 54.22324371 53.03568268 99.94909668
vertex 53.03626251 47.68358612 97.57498169
vertex 51.9068985 49.42394257 99.94910431

endloop
endfacet
facet normal -0.7112209797 0.4561316967 -0.5348913074
outer loop
vertex 54.22324371 53.03568268 99.94909668
vertex 51.9068985 49.42394257 99.94910431
vertex 53.39858246 54.53382111 102.3231583

endloop
endfacet
facet normal -0.645516932 0.4686280489 -0.6030718684
outer loop
vertex 53.39858246 54.53382111 102.3231583
vertex 51.9068985 49.42394257 99.94910431
vertex 50.88529205 51.07186127 102.3231583

endloop
endfacet
facet normal -0.664963007 0.4827453792 -0.5698957443
outer loop
vertex 53.39858246 54.53382111 102.3231659
vertex 50.88529205 51.07186127 102.3231659
vertex 51.82785797 55.17284393 104.6972122

endloop
endfacet
facet normal -0.6888209581 0.4752265811 -0.5474352837
outer loop
vertex 51.82785797 55.17284393 104.6972122
vertex 50.88529205 51.07186127 102.3231659
vertex 49.35692596 51.59133148 104.6972122

endloop
endfacet
facet normal -0.6543726921 0.4514602423 -0.6066135168
outer loop
vertex 51.82785797 55.17284393 104.6972122
vertex 49.35692596 51.59133148 104.6972122
vertex 49.62065887 55.16353607 107.0712585

endloop
endfacet
facet normal -0.7342550159 0.4125273824 -0.5391575694
outer loop
vertex 49.62065887 55.16353607 107.0712585
vertex 49.35692596 51.59133148 104.6972122
vertex 47.4171524 51.24150848 107.0712433

endloop
endfacet
facet normal -0.7221385241 0.4057200849 -0.560274303
outer loop
vertex 49.62065887 55.16353607 107.0712585
vertex 47.4171524 51.24150848 107.0712433
vertex 47.62502289 54.89002228 109.4453735

endloop
endfacet
facet normal -0.7780230641 0.3731859326 -0.5053834319
outer loop
vertex 47.62502289 54.89002228 109.4453735
vertex 47.4171524 51.24150848 107.0712433
vertex 45.60649872 50.68172455 109.4453354

endloop
endfacet
facet normal -0.8297392726 0.397993803 -0.3913230598
outer loop
vertex 47.62503815 54.89003754 109.4453735
vertex 45.60649872 50.68173981 109.4453354
vertex 46.76935577 55.44042206 111.8194809

endloop
endfacet
facet normal -0.7918589711 0.4163874686 -0.4467446804
outer loop
vertex 46.76935577 55.44042206 111.8194809
vertex 45.60649872 50.68173981 109.4453354
vertex 44.57900238 51.27494049 111.8194733

endloop
endfacet
facet normal -0.8752249479 0.4602231085 0.148915872
outer loop
vertex 46.76935577 55.44042206 111.8194809
vertex 44.57900238 51.27494049 111.8194733
vertex 49.10861969 59.12088776 114.1936188

endloop
endfacet
facet normal -0.6038155556 0.5290235877 -0.5962724686
outer loop
vertex 49.10861969 59.12088776 114.1936188
vertex 44.57900238 51.27494049 111.8194733
vertex 46.19887543 55.79979706 114.1936417

endloop
endfacet
facet normal -0.746972084 0.6544588804 -0.117116496
outer loop
vertex 49.10861969 59.12085724 114.1936188
vertex 46.19886017 55.7997818 114.193634
vertex 51.37529755 62.13280487 116.5677567

endloop
endfacet
facet normal -0.4544205666 0.6135340333 -0.6458157897
outer loop
vertex 51.37529755 62.13280487 116.5677567
vertex 46.19886017 55.7997818 114.193634
vertex 47.98445892 59.62137604 116.5677872

endloop
endfacet
facet normal -0.5542724133 0.7483538389 -0.3643468022
outer loop
vertex 51.37529755 62.13280487 116.5677567
vertex 47.98445892 59.62137604 116.5677872
vertex 51.63329315 63.47975922 118.941864

endloop
endfacet
facet normal -0.494561106 0.7440788746 -0.4491725564
outer loop
vertex 51.63329315 63.47975922 118.941864
vertex 47.98445892 59.62137604 116.5677872
vertex 48.10581207 61.13518524 118.9418793

endloop
endfacet
facet normal -0.5403377414 0.8129527569 -0.2171241045
outer loop
vertex 51.63329315 63.47975922 118.941864
vertex 48.10581207 61.13518524 118.9418793
vertex 51.29541779 63.88928986 121.3160629

endloop
endfacet
facet normal -0.546713531 0.8113932014 -0.2067495137
outer loop
vertex 51.29541779 63.88928986 121.3160629
vertex 48.10581207 61.13518524 118.9418793
vertex 47.78678131 61.52518463 121.3160629

endloop
endfacet
facet normal -0.5432617068 0.8062694669 -0.2340861708
outer loop
vertex 51.2954483 63.88930511 121.3160782
vertex 47.78681183 61.52519989 121.3160858
vertex 51.08203888 64.43483734 123.6903458

endloop
endfacet
facet normal -0.607021451 0.7855433226 -0.1201943457
outer loop
vertex 51.08203888 64.43483734 123.6903458
vertex 47.78681183 61.52519989 121.3160858
vertex 47.86960602 61.95246124 123.690361

endloop
endfacet
facet normal -0.5846807957 0.7566313148 -0.2926730514
outer loop
vertex 51.08203888 64.43483734 123.6903458
vertex 47.86960602 61.95246124 123.690361
vertex 50.78224945 65.12160492 126.0647049

endloop
endfacet
facet normal -0.6347293854 0.7428369522 -0.2128658444
outer loop
vertex 50.78224945 65.12160492 126.0647049
vertex 47.86960602 61.95246124 123.690361
vertex 47.8549118 62.62029266 126.0647049

endloop
endfacet
facet normal -0.6332625151 0.7411202788 -0.2229782194
outer loop
vertex 50.78224945 65.12160492 126.0647049
vertex 47.8549118 62.62029266 126.0647049
vertex 50.4444809 65.54735565 128.4390564

endloop
endfacet
facet normal -0.6272600889 0.7433619499 -0.2322881967
outer loop
vertex 50.4444809 65.54735565 128.4390564
vertex 47.8549118 62.62029266 126.0647049
vertex 47.59983063 63.1470108 128.4391022

endloop
endfacet
facet normal -0.6299352646 0.7465467453 -0.2141254693
outer loop
vertex 50.44451141 65.54735565 128.4390717
vertex 47.59983063 63.14702606 128.4391022
vertex 50.0681076 65.91078949 130.8135223

endloop
endfacet
facet normal -0.6892669797 0.7151722312 -0.1159293652
outer loop
vertex 50.0681076 65.91078949 130.8135223
vertex 47.59983063 63.14702606 128.4391022
vertex 47.43302155 63.37116241 130.8135834

endloop
endfacet
facet normal -0.6819047928 0.7075317502 -0.1854848862
outer loop
vertex 50.0681076 65.91078949 130.8135223
vertex 47.43302155 63.37116241 130.8135834
vertex 49.79839325 66.27336884 133.1881409

endloop
endfacet
facet normal -0.744992137 0.6635118127 -0.06884008646
outer loop
vertex 49.79839325 66.27336884 133.1881409
vertex 47.43302155 63.37116241 130.8135834
vertex 47.46483612 63.65325165 133.1881866

endloop
endfacet
facet normal -0.7406626344 0.6596555114 -0.1275679916
outer loop
vertex 49.79840851 66.27336884 133.1881714
vertex 47.46485138 63.65325165 133.1882019
vertex 49.7297287 66.65544891 135.5626678

endloop
endfacet
facet normal -0.7069227099 0.6818865538 -0.187858969
outer loop
vertex 49.7297287 66.65544891 135.5626678
vertex 47.46485138 63.65325165 133.1882019
vertex 47.44719696 64.28911591 135.5626831

endloop
endfacet
facet normal -0.7072595358 0.6822113991 -0.1853957921
outer loop
vertex 49.7297287 66.65544891 135.5626678
vertex 47.44719696 64.28911591 135.5626831
vertex 49.48767853 67.04964447 137.9365997

endloop
endfacet
facet normal -0.6960473657 0.688793242 -0.2026867867
outer loop
vertex 49.48767853 67.04964447 137.9365997
vertex 47.44719696 64.28911591 135.5626831
vertex 47.27384186 64.81249237 137.9365997

endloop
endfacet
facet normal -0.7079373002 0.7005591393 -0.08967468888
outer loop
vertex 49.48767853 67.04964447 137.9365997
vertex 47.27384186 64.81249237 137.9365997
vertex 49.24654388 67.1097641 140.309906

endloop
endfacet
facet normal -0.7532752156 0.657622695 -0.0104285907
outer loop
vertex 49.24654388 67.1097641 140.309906
vertex 47.27384186 64.81249237 137.9365997
vertex 47.31481171 64.89705658 140.3098602

endloop
endfacet
facet normal -0.7478983998 0.6529086828 0.1198259369
outer loop
vertex 49.24655914 67.10979462 140.309906
vertex 47.31482697 64.89702606 140.3098755
vertex 49.4709549 66.93120575 142.6835785

endloop
endfacet
facet normal -0.7272612453 0.6821363568 0.0760332346
outer loop
vertex 49.4709549 66.93120575 142.6835785
vertex 47.31482697 64.89702606 140.3098755
vertex 47.710289 65.05406952 142.6835632

endloop
endfacet
facet normal -0.7158597708 0.6714414954 0.1916014701
outer loop
vertex 49.4709549 66.93120575 142.6835785
vertex 47.710289 65.05406952 142.6835632
vertex 49.56850433 66.28969574 145.2961273

endloop
endfacet
facet normal -0.6807891726 0.7180632353 0.1446069926
outer loop
vertex 49.56850433 66.28969574 145.2961273
vertex 47.710289 65.05406952 142.6835632
vertex 48.14507294 64.9401474 145.2961578

endloop
endfacet
facet normal -0.3700194061 0.3902957439 0.8430627584
outer loop
vertex 49.56847382 66.28966522 145.2961121
vertex 48.14504242 64.94011688 145.2961426
vertex 52.09568024 60.56043243 149.0576477

endloop
endfacet
facet normal 0.7380288243 0.6747692227 0
outer loop
vertex 52.09568024 60.56043243 149.0576477
vertex 48.14504242 64.94011688 145.2961426
vertex 52.09568024 60.56043243 149.057663

endloop
endfacet
facet normal 0.6721223593 0 0.7404401302
outer loop
vertex 76.23400116 15.21146393 48.43406677
vertex 76.23400116 15.21147919 48.43406677
vertex 72.05937958 19.32602692 52.22351074

endloop
endfacet
facet normal -0.3990938365 0.3683871925 -0.8396517038
outer loop
vertex 72.05937958 19.32602692 52.22351074
vertex 76.23400116 15.21147919 48.43406677
vertex 71.02431488 18.20110321 52.22193909

endloop
endfacet
facet normal -0.4815176427 0.4441096187 -0.7555841208
outer loop
vertex 72.05937958 19.32602692 52.22351074
vertex 71.02431488 18.20110321 52.22193909
vertex 70.82772064 22.44335175 54.84069061

endloop
endfacet
facet normal -0.558234036 0.4169316292 -0.7173163295
outer loop
vertex 70.82772064 22.44335175 54.84069061
vertex 71.02431488 18.20110321 52.22193909
vertex 69.72322845 20.96437836 54.84059906

endloop
endfacet
facet normal -0.6013840437 0.44915241 -0.6607566476
outer loop
vertex 70.82772064 22.44335175 54.84069061
vertex 69.72322845 20.96437836 54.84059906
vertex 70.07897186 24.93483734 57.21575928

endloop
endfacet
facet normal -0.5822824836 0.4551468492 -0.6736382246
outer loop
vertex 70.07897186 24.93483734 57.21575928
vertex 69.72322845 20.96437836 54.84059906
vertex 68.76061249 23.24822235 57.21575928

endloop
endfacet
facet normal -0.6336150169 0.4952714443 -0.5943384767
outer loop
vertex 70.07897186 24.93483734 57.21575928
vertex 68.76061249 23.24822235 57.21575928
vertex 69.46303558 26.99584198 59.58986664

endloop
endfacet
facet normal -0.6402145624 0.4931373 -0.589016974
outer loop
vertex 69.46303558 26.99584198 59.58986664
vertex 68.76061249 23.24822235 57.21575928
vertex 67.98143768 25.07236481 59.58987045

endloop
endfacet
facet normal -0.6407473683 0.4935477078 -0.5880930424
outer loop
vertex 69.46303558 26.99584198 59.58986664
vertex 67.98143768 25.07236481 59.58987045
vertex 68.93056488 29.13341522 61.96393585

endloop
endfacet
facet normal -0.6585502028 0.4885358214 -0.5724023581
outer loop
vertex 68.93056488 29.13341522 61.96393585
vertex 67.98143768 25.07236481 59.58987045
vertex 67.34249115 26.99268341 61.96393967

endloop
endfacet
facet normal -0.6758755445 0.5014016032 -0.5401746631
outer loop
vertex 68.93056488 29.13339996 61.96393585
vertex 67.34246063 26.99268341 61.96393967
vertex 68.61522675 31.26593781 64.33795929

endloop
endfacet
facet normal -0.6908085346 0.4973263443 -0.5248332024
outer loop
vertex 68.61522675 31.26593781 64.33795929
vertex 67.34246063 26.99268341 61.96393967
vertex 66.92824554 28.92264557 64.33795929

endloop
endfacet
facet normal -0.6816785932 0.4907567203 -0.5426529646
outer loop
vertex 68.61522675 31.26593781 64.33796692
vertex 66.92824554 28.92266083 64.33796692
vertex 67.94109344 32.95461273 66.71199036

endloop
endfacet
facet normal -0.6785467863 0.4917478561 -0.5456724167
outer loop
vertex 67.94109344 32.95461273 66.71199036
vertex 66.92824554 28.92266083 64.33796692
vertex 66.1533432 30.48775482 66.71199036

endloop
endfacet
facet normal -0.6534566283 0.473556757 -0.5905408859
outer loop
vertex 67.94103241 32.95458221 66.71199036
vertex 66.15331268 30.4877243 66.71199036
vertex 66.8720932 34.44016266 69.08610535

endloop
endfacet
facet normal -0.6219254732 0.4832319021 -0.616194427
outer loop
vertex 66.8720932 34.44016266 69.08610535
vertex 66.15331268 30.4877243 66.71199036
vertex 64.95610809 31.97426605 69.08610535

endloop
endfacet
facet normal -0.6624860168 0.5147472024 -0.5441945195
outer loop
vertex 66.8720932 34.44016266 69.08610535
vertex 64.95610809 31.97426605 69.08610535
vertex 65.97545624 35.79611969 71.46022797

endloop
endfacet
facet normal -0.6679912806 0.513028264 -0.5390636921
outer loop
vertex 65.97545624 35.79611969 71.46022797
vertex 64.95610809 31.97426605 69.08610535
vertex 64.03936005 33.27521515 71.46022797

endloop
endfacet
facet normal -0.7151091695 0.5492156148 -0.432412982
outer loop
vertex 65.97545624 35.79611969 71.46022797
vertex 64.03936005 33.27521515 71.46022797
vertex 65.47042084 37.00771332 73.83430481

endloop
endfacet
facet normal -0.7544445992 0.5329453349 -0.3831221461
outer loop
vertex 65.47042084 37.00771332 73.83430481
vertex 64.03936005 33.27521515 71.46022797
vertex 63.57784271 34.32855988 73.83431244

endloop
endfacet
facet normal -0.7364973426 0.5202670693 -0.4323121905
outer loop
vertex 65.47042084 37.00771332 73.83430481
vertex 63.57784271 34.32855988 73.83431244
vertex 65.23326874 38.64470673 76.20836639

endloop
endfacet
facet normal -0.745407939 0.5172123909 -0.4205452204
outer loop
vertex 65.23326874 38.64470673 76.20836639
vertex 63.57784271 34.32855988 73.83431244
vertex 63.2854538 35.83751678 76.20837402

endloop
endfacet
facet normal -0.6979984045 0.4843162 -0.5274809599
outer loop
vertex 65.23326874 38.64470673 76.20836639
vertex 63.2854538 35.83751678 76.20837402
vertex 64.73799896 40.51656342 78.58242035

endloop
endfacet
facet normal -0.7590488195 0.4662010968 -0.454424113
outer loop
vertex 64.73799896 40.51656342 78.58242035
vertex 63.2854538 35.83751678 76.20837402
vertex 62.8944931 37.5150528 78.58242798

endloop
endfacet
facet normal -0.7540698051 0.4631452858 -0.4656986594
outer loop
vertex 64.73796844 40.5165329 78.58241272
vertex 62.89446259 37.51503754 78.58242035
vertex 64.33577728 42.2488327 80.95645142

endloop
endfacet
facet normal -0.789589107 0.4497621357 -0.4174484015
outer loop
vertex 64.33577728 42.2488327 80.95645142
vertex 62.89446259 37.51503754 78.58242035
vertex 62.56143951 39.13385773 80.95645142

endloop
endfacet
facet normal -0.7672080398 0.4370135069 -0.4694795012
outer loop
vertex 64.33577728 42.2488327 80.95645142
vertex 62.56143951 39.13385773 80.95645142
vertex 63.70127106 43.68540192 83.33056641

endloop
endfacet
facet normal -0.7172650695 0.4549266994 -0.5277997851
outer loop
vertex 63.70127106 43.68540192 83.33056641
vertex 62.56143951 39.13385773 80.95645142
vertex 61.72905731 40.57588959 83.33056641

endloop
endfacet
facet normal -0.7146618366 0.4532755315 -0.5327286124
outer loop
vertex 63.70127106 43.68540192 83.33056641
vertex 61.72905731 40.57588959 83.33056641
vertex 61.7175827 43.34804535 85.70466614

endloop
endfacet
facet normal -0.8543387055 0.3360155523 -0.3964832127
outer loop
vertex 61.7175827 43.34804535 85.70466614
vertex 61.72905731 40.57588959 83.33056641
vertex 60.35366058 39.88019562 85.70466614

endloop
endfacet
facet normal -0.7426903844 0.2921037376 -0.6025664806
outer loop
vertex 61.7175827 43.34804535 85.70466614
vertex 60.35366058 39.88019562 85.70466614
vertex 58.37526703 39.74736786 88.07873535

endloop
endfacet
facet normal -0.7678133845 -0.01259320322 -0.6405498385
outer loop
vertex 58.37526703 39.74736786 88.07873535
vertex 60.35366058 39.88019562 85.70466614
vertex 58.44200897 35.6780777 88.07873535

endloop
endfacet
facet normal -0.8005993962 -0.01313092932 -0.5990561247
outer loop
vertex 58.37529755 39.74739838 88.07873535
vertex 58.44203949 35.67810822 88.07873535
vertex 56.57555389 41.17259979 90.4527359

endloop
endfacet
facet normal -0.7759371996 0.008939427324 -0.6307467818
outer loop
vertex 56.57555389 41.17259979 90.4527359
vertex 58.44203949 35.67810822 88.07873535
vertex 56.5270462 36.96216583 90.4527359

endloop
endfacet
facet normal -0.898568213 0.01035225019 -0.4387117624
outer loop
vertex 56.57555389 41.17259979 90.4527359
vertex 56.5270462 36.96216583 90.4527359
vertex 55.44618988 43.75252533 92.8267746

endloop
endfacet
facet normal -0.8363859653 0.05745308474 -0.5451216698
outer loop
vertex 55.44618988 43.75252533 92.8267746
vertex 56.5270462 36.96216583 90.4527359
vertex 55.15908051 39.57286835 92.8267746

endloop
endfacet
facet normal -0.872772336 0.05995256081 -0.4844316244
outer loop
vertex 55.44618988 43.75252533 92.8267746
vertex 55.15908051 39.57286835 92.8267746
vertex 54.2700119 45.81331635 95.2008667

endloop
endfacet
facet normal -0.8395992517 0.08452174813 -0.5365902781
outer loop
vertex 54.2700119 45.81331635 95.2008667
vertex 55.15908051 39.57286835 92.8267746
vertex 53.85381317 41.67899323 95.2008667

endloop
endfacet
facet normal -0.8547003865 0.08604194969 -0.511941433
outer loop
vertex 54.2700119 45.81331635 95.2008667
vertex 53.85381317 41.67899323 95.2008667
vertex 53.03626251 47.68358612 97.57498169

endloop
endfacet
facet normal -0.7629255652 0.1452034563 -0.6299686432
outer loop
vertex 53.03626251 47.68358612 97.57498169
vertex 53.85381317 41.67899323 95.2008667
vertex 52.2614975 43.61286163 97.57498932

endloop
endfacet
facet normal -0.8407477736 0.1600152552 -0.5172411799
outer loop
vertex 53.03626251 47.68358612 97.57498169
vertex 52.2614975 43.61286163 97.57498932
vertex 51.9068985 49.42394257 99.94910431

endloop
endfacet
facet normal -0.7539886236 0.2084861994 -0.6229242682
outer loop
vertex 51.9068985 49.42394257 99.94910431
vertex 52.2614975 43.61286163 97.57498932
vertex 50.77747345 45.33940887 99.94911194

endloop
endfacet
facet normal -0.8265693784 0.228555873 -0.5143396854
outer loop
vertex 51.9068985 49.42394257 99.94910431
vertex 50.77747345 45.33940887 99.94911194
vertex 50.88529205 51.07186127 102.3231583

endloop
endfacet
facet normal -0.7476856709 0.2660396397 -0.6084316969
outer loop
vertex 50.88529205 51.07186127 102.3231583
vertex 50.77747345 45.33940887 99.94911194
vertex 49.44411469 47.0215683 102.3231735

endloop
endfacet
facet normal -0.7791183591 0.277231127 -0.5622432232
outer loop
vertex 50.88529205 51.07186127 102.3231659
vertex 49.44408417 47.02155304 102.3231659
vertex 49.35692596 51.59133148 104.6972122

endloop
endfacet
facet normal -0.7772628069 0.2783195376 -0.5642701387
outer loop
vertex 49.35692596 51.59133148 104.6972122
vertex 49.44408417 47.02155304 102.3231659
vertex 47.90016937 47.52306366 104.6972198

endloop
endfacet
facet normal -0.7641835213 0.2736361027 -0.5840777755
outer loop
vertex 49.35692596 51.59133148 104.6972122
vertex 47.90016937 47.52306366 104.6972198
vertex 47.4171524 51.24150848 107.0712433

endloop
endfacet
facet normal -0.8017139435 0.2441696227 -0.5455601811
outer loop
vertex 47.4171524 51.24150848 107.0712433
vertex 47.90016937 47.52306366 104.6972198
vertex 46.10866547 46.9451828 107.0712433

endloop
endfacet
facet normal -0.7980755568 0.2430615127 -0.551358819
outer loop
vertex 47.4171524 51.24150848 107.0712433
vertex 46.10866547 46.9451828 107.0712433
vertex 45.60649872 50.68172455 109.4453354

endloop
endfacet
facet normal -0.7848624587 0.2537238002 -0.5653451681
outer loop
vertex 45.60649872 50.68172455 109.4453354
vertex 46.10866547 46.9451828 107.0712433
vertex 44.16912079 46.23534393 109.4453201

endloop
endfacet
facet normal -0.8549052477 0.2763643265 -0.4390442073
outer loop
vertex 45.60649872 50.68173981 109.4453354
vertex 44.16912079 46.23534393 109.4453278
vertex 44.57900238 51.27494049 111.8194733

endloop
endfacet
facet normal -0.8185412288 0.2979483306 -0.4911385775
outer loop
vertex 44.57900238 51.27494049 111.8194733
vertex 44.16912079 46.23534393 109.4453278
vertex 42.97753143 46.87529755 111.8194809

endloop
endfacet
facet normal -0.9396291971 0.3420252502 -0.01075532008
outer loop
vertex 44.57900238 51.27494049 111.8194733
vertex 42.97753143 46.87529755 111.8194809
vertex 46.19887543 55.79979706 114.1936417

endloop
endfacet
facet normal -0.6799424887 0.4075859189 -0.6095507145
outer loop
vertex 46.19887543 55.79979706 114.1936417
vertex 42.97753143 46.87529755 111.8194809
vertex 43.9411087 52.03334808 114.1936417

endloop
endfacet
facet normal -0.8437672853 0.5057855248 -0.1795492172
outer loop
vertex 46.19886017 55.7997818 114.193634
vertex 43.9411087 52.03333282 114.1936417
vertex 47.98445892 59.62137604 116.5677872

endloop
endfacet
facet normal -0.5061232448 0.4914444089 -0.7087466121
outer loop
vertex 47.98445892 59.62137604 116.5677872
vertex 43.9411087 52.03333282 114.1936417
vertex 45.06415558 56.61386871 116.5678024

endloop
endfacet
facet normal -0.6643816233 0.6451156735 -0.3773894608
outer loop
vertex 47.98445892 59.62137604 116.5677872
vertex 45.06415558 56.61386871 116.5678024
vertex 48.10581207 61.13518524 118.9418793

endloop
endfacet
facet normal -0.608436048 0.6490806937 -0.4566177428
outer loop
vertex 48.10581207 61.13518524 118.9418793
vertex 45.06415558 56.61386871 116.5678024
vertex 45.07170868 58.29108429 118.9418945

endloop
endfacet
facet normal -0.6690597534 0.7137557864 -0.2071511596
outer loop
vertex 48.10581207 61.13518524 118.9418793
vertex 45.07170868 58.29108429 118.9418945
vertex 47.78678131 61.52518463 121.3160629

endloop
endfacet
facet normal -0.6839244962 0.7068194151 -0.1807033718
outer loop
vertex 47.78678131 61.52518463 121.3160629
vertex 45.07170868 58.29108429 118.9418945
vertex 44.82001495 58.65451813 121.3160706

endloop
endfacet
facet normal -0.6915608048 0.7147189975 -0.1045011729
outer loop
vertex 47.78681183 61.52519989 121.3160858
vertex 44.82003021 58.65454865 121.3160934
vertex 47.86960602 61.95246124 123.690361

endloop
endfacet
facet normal -0.6876993179 0.7171689868 -0.1128639504
outer loop
vertex 47.86960602 61.95246124 123.690361
vertex 44.82003021 58.65454865 121.3160934
vertex 44.92008209 59.12413788 123.690361

endloop
endfacet
facet normal -0.677713275 0.7067549229 -0.2029830962
outer loop
vertex 47.86960602 61.95246124 123.690361
vertex 44.92008209 59.12413788 123.690361
vertex 47.8549118 62.62029266 126.0647049

endloop
endfacet
facet normal -0.7024543285 0.6947177649 -0.1546772867
outer loop
vertex 47.8549118 62.62029266 126.0647049
vertex 44.92008209 59.12413788 123.690361
vertex 45.05408478 59.78827667 126.0647125

endloop
endfacet
facet normal -0.6925593019 0.6849315166 -0.2263415158
outer loop
vertex 47.8549118 62.62029266 126.0647049
vertex 45.05408478 59.78827667 126.0647125
vertex 47.59983063 63.1470108 128.4391022

endloop
endfacet
facet normal -0.7111474872 0.6758649945 -0.1935866028
outer loop
vertex 47.59983063 63.1470108 128.4391022
vertex 45.05408478 59.78827667 126.0647125
vertex 44.93665314 60.34481049 128.4391174

endloop
endfacet
facet normal -0.7200391293 0.6843082309 -0.115177691
outer loop
vertex 47.59983063 63.14702606 128.4391022
vertex 44.9366684 60.34481049 128.4391174
vertex 47.43302155 63.37116241 130.8135834

endloop
endfacet
facet normal -0.7442544103 0.6647465229 -0.06478720158
outer loop
vertex 47.43302155 63.37116241 130.8135834
vertex 44.9366684 60.34481049 128.4391174
vertex 44.96291351 60.60561371 130.8135834

endloop
endfacet
facet normal -0.7440449595 0.6645594239 -0.0689772442
outer loop
vertex 47.43302155 63.37116241 130.8135834
vertex 44.96291351 60.60561371 130.8135834
vertex 47.46483612 63.65325165 133.1881866

endloop
endfacet
facet normal -0.7483988404 0.6605927944 -0.05929903314
outer loop
vertex 47.46483612 63.65325165 133.1881866
vertex 44.96291351 60.60561371 130.8135834
vertex 45.15904999 61.04097748 133.1881561

endloop
endfacet
facet normal -0.7375000119 0.6509708166 -0.1798073351
outer loop
vertex 47.46485138 63.65325165 133.1882019
vertex 45.15908051 61.04097748 133.1881561
vertex 47.44719696 64.28911591 135.5626831

endloop
endfacet
facet normal -0.7467976213 0.6448866725 -0.162525475
outer loop
vertex 47.44719696 64.28911591 135.5626831
vertex 45.15908051 61.04097748 133.1881561
vertex 45.27088165 61.76886749 135.5626373

endloop
endfacet
facet normal -0.7422533035 0.6409630775 -0.195515871
outer loop
vertex 47.44719696 64.28911591 135.5626831
vertex 45.27088165 61.76886749 135.5626373
vertex 47.27384186 64.81249237 137.9365997

endloop
endfacet
facet normal -0.7999910116 0.5937733054 -0.0863000378
outer loop
vertex 47.27384186 64.81249237 137.9365997
vertex 45.27088165 61.76886749 135.5626373
vertex 45.3758316 62.25530243 137.9365997

endloop
endfacet
facet normal -0.8029649258 0.5959806442 -0.00737429969
outer loop
vertex 47.27384186 64.81249237 137.9365997
vertex 45.3758316 62.25530243 137.9365997
vertex 47.31481171 64.89705658 140.3098602

endloop
endfacet
facet normal -0.7809593678 0.6221964359 -0.0545348376
outer loop
vertex 47.31481171 64.89705658 140.3098602
vertex 45.3758316 62.25530243 137.9365997
vertex 45.52132416 62.64594269 140.309967

endloop
endfacet
facet normal -0.7790336013 0.6206725836 0.08872503042
outer loop
vertex 47.31482697 64.89702606 140.3098755
vertex 45.52133942 62.64592743 140.309967
vertex 47.710289 65.05406952 142.6835632

endloop
endfacet
facet normal -0.7135848999 0.698723197 -0.05081891268
outer loop
vertex 47.710289 65.05406952 142.6835632
vertex 45.52133942 62.64592743 140.309967
vertex 45.90428925 63.20966339 142.6836548

endloop
endfacet
facet normal -0.706658721 0.6919511557 0.147773549
outer loop
vertex 47.710289 65.05406952 142.6835632
vertex 45.90428925 63.20966339 142.6836548
vertex 48.14507294 64.9401474 145.2961578

endloop
endfacet
facet normal -0.7228348851 0.6677954197 0.1776485443
outer loop
vertex 48.14507294 64.9401474 145.2961578
vertex 45.90428925 63.20966339 142.6836548
vertex 46.81127167 63.49640656 145.2961884

endloop
endfacet
facet normal -0.3961041868 0.365962863 0.8421238661
outer loop
vertex 48.14504242 64.94011688 145.2961426
vertex 46.81124115 63.4963913 145.2961731
vertex 52.09568024 60.56043243 149.057663

endloop
endfacet
facet normal 0.2678785026 -0.5446862578 -0.7947061658
outer loop
vertex 52.09568024 60.56043243 149.057663
vertex 46.81124115 63.4963913 145.2961731
vertex 52.09571075 60.56044769 149.057663

endloop
endfacet
facet normal -0.5451588035 0.103982389 -0.8318591118
outer loop
vertex 76.23400116 15.21147919 48.43407059
vertex 76.23400116 15.21144867 48.43406677
vertex 71.02431488 18.20111847 52.2219429

endloop
endfacet
facet normal -0.4995248318 0.1980656236 -0.8433534503
outer loop
vertex 71.02431488 18.20111847 52.2219429
vertex 76.23400116 15.21144867 48.43406677
vertex 70.5099411 16.88401031 52.21728134

endloop
endfacet
facet normal -0.7093408108 0.2793112397 -0.6471636295
outer loop
vertex 71.02431488 18.20111847 52.2219429
vertex 70.5099411 16.88401031 52.21728134
vertex 69.72325897 20.96437836 54.84060287

endloop
endfacet
facet normal -0.7084137797 0.2799618244 -0.6478976011
outer loop
vertex 69.72325897 20.96437836 54.84060287
vertex 70.5099411 16.88401031 52.21728134
vertex 69.05495453 19.27074432 54.83949661

endloop
endfacet
facet normal -0.7510811687 0.2967602909 -0.5897545218
outer loop
vertex 69.72325897 20.96437836 54.84060287
vertex 69.05495453 19.27074432 54.83949661
vertex 68.76064301 23.24823761 57.21576309

endloop
endfacet
facet normal -0.7314327955 0.3090355098 -0.6078677177
outer loop
vertex 68.76064301 23.24823761 57.21576309
vertex 69.05495453 19.27074432 54.83949661
vertex 67.93151093 21.28580475 57.21575165

endloop
endfacet
facet normal -0.7894119024 0.3335312307 -0.5153501034
outer loop
vertex 68.76064301 23.24823761 57.21576309
vertex 67.93151093 21.28580475 57.21575165
vertex 67.9814682 25.07238007 59.58987427

endloop
endfacet
facet normal -0.7294920087 0.3702228367 -0.5751316547
outer loop
vertex 67.9814682 25.07238007 59.58987427
vertex 67.93151093 21.28580475 57.21575165
vertex 66.8861618 22.91416168 59.58986664

endloop
endfacet
facet normal -0.7626033425 0.3870267272 -0.5183110833
outer loop
vertex 67.9814682 25.07238007 59.58987427
vertex 66.8861618 22.91416168 59.58986664
vertex 67.34249115 26.99271393 61.96394348

endloop
endfacet
facet normal -0.7278845906 0.4039604366 -0.5540758371
outer loop
vertex 67.34249115 26.99271393 61.96394348
vertex 66.8861618 22.91416168 59.58986664
vertex 66.04821014 24.66057587 61.96393585

endloop
endfacet
facet normal -0.7670913935 0.4257162213 -0.4799337685
outer loop
vertex 67.34249115 26.99271393 61.96394348
vertex 66.04821014 24.66056061 61.96393585
vertex 66.92824554 28.92266083 64.33796692

endloop
endfacet
facet normal -0.696708858 0.4534672499 -0.5558454394
outer loop
vertex 66.92824554 28.92266083 64.33796692
vertex 66.04821014 24.66056061 61.96393585
vertex 65.38811493 26.55638885 64.33795929

endloop
endfacet
facet normal -0.7081062198 0.4608715475 -0.5349607468
outer loop
vertex 66.92824554 28.92269135 64.33796692
vertex 65.38814545 26.55640411 64.33796692
vertex 66.1533432 30.48777008 66.71199799

endloop
endfacet
facet normal -0.6912807822 0.4673464894 -0.5511062741
outer loop
vertex 66.1533432 30.48777008 66.71199799
vertex 65.38814545 26.55640411 64.33796692
vertex 64.472435 28.0014267 66.71199036

endloop
endfacet
facet normal -0.6568980813 0.4440973997 -0.6093130708
outer loop
vertex 66.15331268 30.48775482 66.71199036
vertex 64.47240448 28.00139618 66.71199036
vertex 64.95613861 31.97428131 69.08611298

endloop
endfacet
facet normal -0.7610418797 0.3985334039 -0.5118461847
outer loop
vertex 64.95613861 31.97428131 69.08611298
vertex 64.47240448 28.00139618 66.71199036
vertex 63.50279999 29.19896698 69.08610535

endloop
endfacet
facet normal -0.7608827353 0.3984500766 -0.5121474862
outer loop
vertex 64.95613861 31.97428131 69.08611298
vertex 63.50279999 29.19896698 69.08610535
vertex 64.03939056 33.27523041 71.4602356

endloop
endfacet
facet normal -0.8539892435 0.341193378 -0.3927971423
outer loop
vertex 64.03939056 33.27523041 71.4602356
vertex 63.50279999 29.19896698 69.08610535
vertex 62.84139252 30.27669525 71.46022797

endloop
endfacet
facet normal -0.8778168559 0.3507130146 -0.326248467
outer loop
vertex 64.03939056 33.27523041 71.4602356
vertex 62.84139252 30.27669525 71.46022797
vertex 63.57788849 34.32859039 73.83432007

endloop
endfacet
facet normal -0.8732854724 0.3545366526 -0.3341799676
outer loop
vertex 63.57788849 34.32859039 73.83432007
vertex 62.84139252 30.27669525 71.46022797
vertex 62.32863617 31.25145721 73.83431244

endloop
endfacet
facet normal -0.8736591935 0.3546883464 -0.3330401182
outer loop
vertex 63.57788849 34.32859039 73.83432007
vertex 62.32863617 31.25145721 73.83431244
vertex 63.28549957 35.8375473 76.20838165

endloop
endfacet
facet normal -0.8081994057 0.3948230743 -0.436953485
outer loop
vertex 63.28549957 35.8375473 76.20838165
vertex 62.32863617 31.25145721 73.83431244
vertex 61.8025589 32.80196381 76.20836639

endloop
endfacet
facet normal -0.8168668747 0.3990572095 -0.4165114164
outer loop
vertex 63.28549957 35.8375473 76.20838165
vertex 61.8025589 32.80196381 76.20836639
vertex 62.89450836 37.51508331 78.58243561

endloop
endfacet
facet normal -0.7600579858 0.4241128266 -0.4923822582
outer loop
vertex 62.89450836 37.51508331 78.58243561
vertex 61.8025589 32.80196381 76.20836639
vertex 61.16693878 34.41907501 78.58242798

endloop
endfacet
facet normal -0.7949094176 0.4435636103 -0.4139688909
outer loop
vertex 62.8944931 37.51506805 78.58242035
vertex 61.16690826 34.41905975 78.58241272
vertex 62.56145477 39.13387299 80.95645905

endloop
endfacet
facet normal -0.8068828583 0.4381511211 -0.3961864114
outer loop
vertex 62.56145477 39.13387299 80.95645905
vertex 61.16690826 34.41905975 78.58241272
vertex 60.83055878 35.94631195 80.95645142

endloop
endfacet
facet normal -0.7542361021 0.4095633626 -0.5132111907
outer loop
vertex 62.56145477 39.13387299 80.95645905
vertex 60.83055878 35.94631195 80.95645142
vertex 61.72907257 40.5759201 83.33057404

endloop
endfacet
facet normal -0.8375676274 0.369110018 -0.4027882516
outer loop
vertex 61.72907257 40.5759201 83.33057404
vertex 60.83055878 35.94631195 80.95645142
vertex 60.26810455 37.26074982 83.33056641

endloop
endfacet
facet normal -0.8460963964 0.3728685379 -0.3809065819
outer loop
vertex 61.72907257 40.5759201 83.33057404
vertex 60.26810455 37.26074982 83.33056641
vertex 60.35367584 39.88021088 85.70467377

endloop
endfacet
facet normal -0.9745496511 0.1671861261 -0.1493378431
outer loop
vertex 60.35367584 39.88021088 85.70467377
vertex 60.26810455 37.26074982 83.33056641
vertex 59.73433685 36.26999664 85.70466614

endloop
endfacet
facet normal -0.883533299 0.1515727192 -0.4431643486
outer loop
vertex 60.35367584 39.88021088 85.70467377
vertex 59.73433685 36.26999664 85.70466614
vertex 58.44200897 35.67812347 88.07873535

endloop
endfacet
facet normal -0.8325044513 -0.2206473053 -0.5081840158
outer loop
vertex 58.44200897 35.67812347 88.07873535
vertex 59.73433685 36.26999664 85.70466614
vertex 59.48644257 31.7374649 88.07873535

endloop
endfacet
facet normal -0.8137357235 -0.2156696469 -0.5397413969
outer loop
vertex 58.44203949 35.67813873 88.07873535
vertex 59.48645782 31.73748016 88.07873535
vertex 56.52706146 36.96221161 90.45274353

endloop
endfacet
facet normal -0.8457148075 -0.2698426247 -0.4603818655
outer loop
vertex 56.52706146 36.96221161 90.45274353
vertex 59.48645782 31.73748016 88.07873535
vertex 57.82701874 32.88802338 90.4527359

endloop
endfacet
facet normal -0.9314598441 -0.2972018719 -0.2098892778
outer loop
vertex 56.52706146 36.96221161 90.45274353
vertex 57.82701874 32.88802338 90.4527359
vertex 55.15911102 39.57291412 92.82678223

endloop
endfacet
facet normal -0.9148523808 -0.2534927428 -0.3143032193
outer loop
vertex 55.15911102 39.57291412 92.82678223
vertex 57.82701874 32.88802338 90.4527359
vertex 56.29589081 35.47029877 92.8267746

endloop
endfacet
facet normal -0.9248212576 -0.2562550604 -0.2811389565
outer loop
vertex 55.15911102 39.57291412 92.82678223
vertex 56.29589081 35.47029877 92.8267746
vertex 53.85382843 41.67902374 95.20088196

endloop
endfacet
facet normal -0.8991567492 -0.2060268223 -0.3860958517
outer loop
vertex 53.85382843 41.67902374 95.20088196
vertex 56.29589081 35.47029877 92.8267746
vertex 54.80716705 37.51842499 95.2008667

endloop
endfacet
facet normal -0.8815411329 -0.2019903213 -0.4267143905
outer loop
vertex 53.85382843 41.67902374 95.20088196
vertex 54.80716705 37.51842499 95.2008667
vertex 52.26151276 43.61289215 97.57499695

endloop
endfacet
facet normal -0.8388742805 -0.146137327 -0.5243413448
outer loop
vertex 52.26151276 43.61289215 97.57499695
vertex 54.80716705 37.51842499 95.2008667
vertex 52.99233246 39.41783905 97.57497406

endloop
endfacet
facet normal -0.8843168616 -0.1540543288 -0.440739125
outer loop
vertex 52.26151276 43.61289215 97.57499695
vertex 52.99233246 39.41783905 97.57497406
vertex 50.77748871 45.33943939 99.94911194

endloop
endfacet
facet normal -0.7935241461 -0.05377411842 -0.6061581969
outer loop
vertex 50.77748871 45.33943939 99.94911194
vertex 52.99233246 39.41783905 97.57497406
vertex 51.06258392 41.13248444 99.94910431

endloop
endfacet
facet normal -0.8879172802 -0.06017118692 -0.4560509324
outer loop
vertex 50.77748871 45.33943939 99.94911194
vertex 51.06258392 41.13248444 99.94910431
vertex 49.44412994 47.0215683 102.3231812

endloop
endfacet
facet normal -0.7423331141 0.06483329833 -0.6668869257
outer loop
vertex 49.44412994 47.0215683 102.3231812
vertex 51.06258392 41.13248444 99.94910431
vertex 49.0691452 42.72788239 102.3231659

endloop
endfacet
facet normal -0.8290510178 0.07240630686 -0.5544652343
outer loop
vertex 49.44412994 47.0215683 102.3231812
vertex 49.0691452 42.72788239 102.3231659
vertex 47.90018463 47.52307892 104.6972198

endloop
endfacet
facet normal -0.765171051 0.1260520071 -0.6313668489
outer loop
vertex 47.90018463 47.52307892 104.6972198
vertex 49.0691452 42.72788239 102.3231659
vertex 47.17101288 43.09668732 104.697197

endloop
endfacet
facet normal -0.8064265847 0.1328478605 -0.5762184262
outer loop
vertex 47.90018463 47.52307892 104.6972198
vertex 47.17101288 43.09668732 104.697197
vertex 46.10866547 46.94521332 107.0712509

endloop
endfacet
facet normal -0.7780294418 0.1599917412 -0.6075136065
outer loop
vertex 46.10866547 46.94521332 107.0712509
vertex 47.17101288 43.09668732 104.697197
vertex 45.1891098 42.47292328 107.071106

endloop
endfacet
facet normal -0.7873669863 0.1619112343 -0.5948428512
outer loop
vertex 46.10866547 46.94521332 107.0712509
vertex 45.1891098 42.47292328 107.071106
vertex 44.16912079 46.23537445 109.4453278

endloop
endfacet
facet normal -0.7562452555 0.1900574118 -0.6260761619
outer loop
vertex 44.16912079 46.23537445 109.4453278
vertex 45.1891098 42.47292328 107.071106
vertex 43.0318985 41.70879364 109.4448624

endloop
endfacet
facet normal -0.8489109278 0.2133276761 -0.4835716188
outer loop
vertex 44.16913605 46.23535919 109.4453354
vertex 43.0318985 41.7088089 109.44487
vertex 42.97754669 46.87531281 111.8194885

endloop
endfacet
facet normal -0.8130518794 0.2360509634 -0.5321903825
outer loop
vertex 42.97754669 46.87531281 111.8194885
vertex 43.0318985 41.7088089 109.44487
vertex 41.65140533 42.30594635 111.8187714

endloop
endfacet
facet normal -0.9387453794 0.272479862 -0.2109785229
outer loop
vertex 42.97754669 46.87531281 111.8194885
vertex 41.65140533 42.30594635 111.8187714
vertex 43.94113922 52.03336334 114.1936493

endloop
endfacet
facet normal -0.670742631 0.3211132884 -0.6685734987
outer loop
vertex 43.94113922 52.03336334 114.1936493
vertex 41.65140533 42.30594635 111.8187714
vertex 42.01839447 48.01677704 114.1934814

endloop
endfacet
facet normal -0.8356029987 0.4000191987 -0.3765002489
outer loop
vertex 43.94112396 52.03336334 114.1936417
vertex 42.01837921 48.01677704 114.1934814
vertex 45.06417084 56.61388397 116.5678101

endloop
endfacet
facet normal -0.5525558591 0.3980066776 -0.7323064208
outer loop
vertex 45.06417084 56.61388397 116.5678101
vertex 42.01837921 48.01677704 114.1934814
vertex 42.54131317 53.11136627 116.5678024

endloop
endfacet
facet normal -0.7506819963 0.5407158136 -0.379609108
outer loop
vertex 45.06417084 56.61388397 116.5678101
vertex 42.54131317 53.11136627 116.5678024
vertex 45.07172394 58.29109955 118.9419022

endloop
endfacet
facet normal -0.7011901736 0.5503157377 -0.4533043802
outer loop
vertex 45.07172394 58.29109955 118.9419022
vertex 42.54131317 53.11136627 116.5678024
vertex 42.48171234 54.99100494 118.9418945

endloop
endfacet
facet normal -0.7744945884 0.6078466773 -0.1751583666
outer loop
vertex 45.07172394 58.29109955 118.9419022
vertex 42.48171234 54.99100494 118.9418945
vertex 44.82003021 58.65454865 121.3160782

endloop
endfacet
facet normal -0.7753407359 0.6072643399 -0.1734264195
outer loop
vertex 44.82003021 58.65454865 121.3160782
vertex 42.48171234 54.99100494 118.9418945
vertex 42.28287506 55.41516876 121.3160782

endloop
endfacet
facet normal -0.7841842771 0.6141936779 -0.08843609691
outer loop
vertex 44.82004547 58.6545639 121.3160934
vertex 42.28289032 55.41519928 121.3160934
vertex 44.92008209 59.12415314 123.6903687

endloop
endfacet
facet normal -0.7439463139 0.6437397003 -0.1792849451
outer loop
vertex 44.92008209 59.12415314 123.6903687
vertex 42.28289032 55.41519928 121.3160934
vertex 42.30094147 56.09731293 123.6903839

endloop
endfacet
facet normal -0.7488586903 0.647990644 -0.1389923692
outer loop
vertex 44.92008209 59.12415314 123.6903687
vertex 42.30094147 56.09731293 123.6903839
vertex 45.05408478 59.78830719 126.0647202

endloop
endfacet
facet normal -0.7620655894 0.6383199096 -0.1086449027
outer loop
vertex 45.05408478 59.78830719 126.0647202
vertex 42.30094147 56.09731293 123.6903839
vertex 42.5194931 56.76235199 126.0646973

endloop
endfacet
facet normal -0.7533476353 0.6310182214 -0.1851578504
outer loop
vertex 45.05408478 59.78830719 126.0647202
vertex 42.5194931 56.76235199 126.0646973
vertex 44.9366684 60.344841 128.4391174

endloop
endfacet
facet normal -0.7942670584 0.5998582244 -0.09648793936
outer loop
vertex 44.9366684 60.344841 128.4391174
vertex 42.5194931 56.76235199 126.0646973
vertex 42.57849884 57.22240448 128.4390869

endloop
endfacet
facet normal -0.7966755629 0.6016865969 -0.05728150904
outer loop
vertex 44.93668365 60.34482574 128.4391327
vertex 42.57849884 57.22241974 128.4391022
vertex 44.96292877 60.60562897 130.8135986

endloop
endfacet
facet normal -0.7809500098 0.6172814965 -0.09529261291
outer loop
vertex 44.96292877 60.60562897 130.8135986
vertex 42.57849884 57.22241974 128.4391022
vertex 42.62004852 57.64154816 130.8135986

endloop
endfacet
facet normal -0.7835842371 0.6193637252 -0.04882889986
outer loop
vertex 44.96292877 60.60562897 130.8135986
vertex 42.62004852 57.64154816 130.8135986
vertex 45.15908051 61.04099274 133.1881561

endloop
endfacet
facet normal -0.7661932707 0.6360827684 -0.09135973454
outer loop
vertex 45.15908051 61.04099274 133.1881561
vertex 42.62004852 57.64154816 130.8135986
vertex 42.87740326 58.29259491 133.1881256

endloop
endfacet
facet normal -0.7597945929 0.6307756305 -0.1575888395
outer loop
vertex 45.15909576 61.04099274 133.1881714
vertex 42.87740326 58.29259491 133.1881409
vertex 45.27089691 61.76888275 135.5626373

endloop
endfacet
facet normal -0.7871844172 0.6088910699 -0.09794058651
outer loop
vertex 45.27089691 61.76888275 135.5626373
vertex 42.87740326 58.29259491 133.1881409
vertex 43.17629242 59.06093597 135.5625916

endloop
endfacet
facet normal -0.7877754569 0.6093480587 -0.09002573043
outer loop
vertex 45.27089691 61.76888275 135.5626373
vertex 43.17629242 59.06093597 135.5625916
vertex 45.37586212 62.25531769 137.936615

endloop
endfacet
facet normal -0.7786292434 0.6177918911 -0.1098616049
outer loop
vertex 45.37586212 62.25531769 137.936615
vertex 43.17629242 59.06093597 135.5625916
vertex 43.36194611 59.71709442 137.936615

endloop
endfacet
facet normal -0.7822194695 0.6206405759 -0.05420292169
outer loop
vertex 45.37586212 62.25531769 137.936615
vertex 43.36194611 59.71709442 137.936615
vertex 45.52133942 62.64594269 140.309967

endloop
endfacet
facet normal -0.7511847019 0.649458766 -0.1180031225
outer loop
vertex 45.52133942 62.64594269 140.309967
vertex 43.36194611 59.71709442 137.936615
vertex 43.63961029 60.46947479 140.309967

endloop
endfacet
facet normal -0.7560464144 0.6536719799 -0.03326909617
outer loop
vertex 45.52135468 62.64594269 140.309967
vertex 43.63961029 60.46949005 140.309967
vertex 45.9043045 63.20967865 142.6836548

endloop
endfacet
facet normal -0.7996076345 0.5958099365 0.07508787513
outer loop
vertex 45.9043045 63.20967865 142.6836548
vertex 43.63961029 60.46949005 140.309967
vertex 44.41216278 61.20714569 142.68367

endloop
endfacet
facet normal -0.7843102217 0.5844124556 0.2081332952
outer loop
vertex 45.9043045 63.20967865 142.6836548
vertex 44.41216278 61.20714569 142.68367
vertex 46.81127167 63.49643707 145.2962036

endloop
endfacet
facet normal -0.796754241 0.5504897833 0.249286145
outer loop
vertex 46.81127167 63.49643707 145.2962036
vertex 44.41216278 61.20714569 142.68367
vertex 45.72301483 61.92136383 145.2961578

endloop
endfacet
facet normal -0.4361466467 0.3013226986 0.8479273319
outer loop
vertex 46.81124115 63.49640656 145.2961884
vertex 45.72298431 61.92134857 145.2961426
vertex 52.09571075 60.56046295 149.0576782

endloop
endfacet
facet normal -0.5255511403 -0.1554447114 0.8364405632
outer loop
vertex 52.09571075 60.56046295 149.0576782
vertex 45.72298431 61.92134857 145.2961426
vertex 52.0956955 60.56043243 149.057663

endloop
endfacet
facet normal 0.04351883754 0.9364278316 -0.3481507003
outer loop
vertex 76.23400116 15.21144867 48.43406677
vertex 76.23397064 15.21144867 48.43406296
vertex 70.5099411 16.88401031 52.21728134

endloop
endfacet
facet normal -0.4778419137 0.2615454197 -0.8386066556
outer loop
vertex 70.5099411 16.88401031 52.21728134
vertex 76.23397064 15.21144867 48.43406296
vertex 69.85634613 15.66268158 52.20879364

endloop
endfacet
facet normal -0.6463339329 0.3505961001 -0.6777425408
outer loop
vertex 70.5099411 16.88401031 52.21728134
vertex 69.85634613 15.66268158 52.20879364
vertex 69.05495453 19.27074432 54.83949661

endloop
endfacet
facet normal -0.63727355 0.356574297 -0.6831816435
outer loop
vertex 69.05495453 19.27074432 54.83949661
vertex 69.85634613 15.66268158 52.20879364
vertex 68.18785858 17.71547699 54.83658218

endloop
endfacet
facet normal -0.6727124453 0.3762459755 -0.6371002793
outer loop
vertex 69.05495453 19.27074432 54.83949661
vertex 68.18785858 17.71547699 54.83658218
vertex 67.93151093 21.28580475 57.21575165

endloop
endfacet
facet normal -0.6875404119 0.3678405285 -0.6260842681
outer loop
vertex 67.93151093 21.28580475 57.21575165
vertex 68.18785858 17.71547699 54.83658218
vertex 66.92690277 19.40753937 57.21544266

endloop
endfacet
facet normal -0.7183523774 0.3843130171 -0.5798909068
outer loop
vertex 67.93151093 21.28580475 57.21575165
vertex 66.92690277 19.40753937 57.21544266
vertex 66.8861618 22.91416168 59.58986664

endloop
endfacet
facet normal -0.7177732587 0.3846526444 -0.5803825855
outer loop
vertex 66.8861618 22.91416168 59.58986664
vertex 66.92690277 19.40753937 57.21544266
vertex 65.74730682 20.78897858 59.58983612

endloop
endfacet
facet normal -0.7361189127 0.3944834173 -0.5500107408
outer loop
vertex 66.8861618 22.91416168 59.58986664
vertex 65.74730682 20.78897858 59.58983612
vertex 66.04821014 24.66057587 61.96393585

endloop
endfacet
facet normal -0.7527090311 0.3856810331 -0.5335534215
outer loop
vertex 66.04821014 24.66057587 61.96393585
vertex 65.74730682 20.78897858 59.58983612
vertex 64.84825897 22.3187027 61.96393204

endloop
endfacet
facet normal -0.7592255473 0.3890225291 -0.5217643976
outer loop
vertex 66.04821014 24.66056061 61.96393585
vertex 64.84825897 22.3187027 61.96393204
vertex 65.38811493 26.55638885 64.33795929

endloop
endfacet
facet normal -0.7304804921 0.4022449851 -0.5519034266
outer loop
vertex 65.38811493 26.55638885 64.33795929
vertex 64.84825897 22.3187027 61.96393204
vertex 64.02672577 24.08408356 64.33795166

endloop
endfacet
facet normal -0.7406527996 0.4078530371 -0.5339375734
outer loop
vertex 65.38814545 26.55640411 64.33796692
vertex 64.02672577 24.08408356 64.33795929
vertex 64.472435 28.0014267 66.71199036

endloop
endfacet
facet normal -0.7572383881 0.399363786 -0.5168158412
outer loop
vertex 64.472435 28.0014267 66.71199036
vertex 64.02672577 24.08408356 64.33795929
vertex 63.07245636 25.34690094 66.71198273

endloop
endfacet
facet normal -0.7596232295 0.4006238282 -0.5123211741
outer loop
vertex 64.47240448 28.00139618 66.71199036
vertex 63.07242584 25.34688568 66.71198273
vertex 63.50279999 29.19896698 69.08610535

endloop
endfacet
facet normal -0.8454678655 0.3454526067 -0.4072426558
outer loop
vertex 63.50279999 29.19896698 69.08610535
vertex 63.07242584 25.34688568 66.71198273
vertex 62.31397247 26.28940582 69.08610535

endloop
endfacet
facet normal -0.8505449891 0.3475270867 -0.3947128057
outer loop
vertex 63.50279999 29.19896698 69.08610535
vertex 62.31397247 26.28940582 69.08610535
vertex 62.84139252 30.27669525 71.46022797

endloop
endfacet
facet normal -0.890163362 0.3142158985 -0.3299660385
outer loop
vertex 62.84139252 30.27669525 71.46022797
vertex 62.31397247 26.28940582 69.08610535
vertex 61.76544952 27.22858429 71.46022797

endloop
endfacet
facet normal -0.8926946521 0.3151094317 -0.3221838176
outer loop
vertex 62.84139252 30.27669525 71.46022797
vertex 61.76544952 27.22858429 71.46022797
vertex 62.32863617 31.25145721 73.83431244

endloop
endfacet
facet normal -0.8905554414 0.3171234131 -0.3261039257
outer loop
vertex 62.32863617 31.25145721 73.83431244
vertex 61.76544952 27.22858429 71.46022797
vertex 61.21233368 28.1166153 73.83430481

endloop
endfacet
facet normal -0.8661114573 0.308419168 -0.3933556378
outer loop
vertex 62.32863617 31.25145721 73.83431244
vertex 61.21233368 28.1166153 73.83430481
vertex 61.8025589 32.80196381 76.20836639

endloop
endfacet
facet normal -0.8889372349 0.2911449075 -0.3535890281
outer loop
vertex 61.8025589 32.80196381 76.20836639
vertex 61.21233368 28.1166153 73.83430481
vertex 60.73595428 29.54535675 76.20836639

endloop
endfacet
facet normal -0.8612430692 0.2820745111 -0.4227224886
outer loop
vertex 61.8025589 32.80196381 76.20836639
vertex 60.73595428 29.54535675 76.20836639
vertex 61.16693878 34.41907501 78.58242798

endloop
endfacet
facet normal -0.892426908 0.2589122355 -0.3695114851
outer loop
vertex 61.16693878 34.41907501 78.58242798
vertex 60.73595428 29.54535675 76.20836639
vertex 60.2014389 31.09114838 78.58242035

endloop
endfacet
facet normal -0.9159443378 0.2657330334 -0.3007191122
outer loop
vertex 61.16690826 34.41905975 78.58241272
vertex 60.20140839 31.09111786 78.58241272
vertex 60.83055878 35.94631195 80.95645142

endloop
endfacet
facet normal -0.9071651101 0.2737875283 -0.3195181191
outer loop
vertex 60.83055878 35.94631195 80.95645142
vertex 60.20140839 31.09111786 78.58241272
vertex 59.8061142 32.55191803 80.95644379

endloop
endfacet
facet normal -0.8928897381 0.2694792747 -0.3607337773
outer loop
vertex 60.83055878 35.94631195 80.95645142
vertex 59.8061142 32.55191803 80.95644379
vertex 60.26810455 37.26074982 83.33056641

endloop
endfacet
facet normal -0.9533829093 0.2051260322 -0.2213239819
outer loop
vertex 60.26810455 37.26074982 83.33056641
vertex 59.8061142 32.55191803 80.95644379
vertex 59.50310516 33.70519257 83.33056641

endloop
endfacet
facet normal -0.9692178369 0.2085330039 -0.1308843195
outer loop
vertex 60.26810455 37.26074982 83.33056641
vertex 59.50310516 33.70519257 83.33056641
vertex 59.73433685 36.26999664 85.70466614

endloop
endfacet
facet normal -0.991253376 -0.02966584451 0.1285945475
outer loop
vertex 59.73433685 36.26999664 85.70466614
vertex 59.50310516 33.70519257 83.33056641
vertex 59.83853912 32.78818512 85.70466614

endloop
endfacet
facet normal -0.9867694974 -0.02953164466 -0.1594172716
outer loop
vertex 59.73433685 36.26999664 85.70466614
vertex 59.83853912 32.78818512 85.70466614
vertex 59.48644257 31.7374649 88.07873535

endloop
endfacet
facet normal -0.7985197306 -0.4976556599 -0.3386813104
outer loop
vertex 59.48644257 31.7374649 88.07873535
vertex 59.83853912 32.78818512 85.70466614
vertex 61.47609711 28.54494476 88.07872772

endloop
endfacet
facet normal -0.8042598963 -0.5012369752 -0.3192608654
outer loop
vertex 59.48645782 31.73748016 88.07873535
vertex 61.47612762 28.54496002 88.07872772
vertex 57.82701874 32.88802338 90.4527359

endloop
endfacet
facet normal -0.8044161797 -0.503846705 -0.3147270083
outer loop
vertex 57.82701874 32.88802338 90.4527359
vertex 61.47612762 28.54496002 88.07872772
vertex 60.0714035 29.30475616 90.45272827

endloop
endfacet
facet normal -0.8470813632 -0.5305707455 0.03078706004
outer loop
vertex 57.82701874 32.88802338 90.4527359
vertex 60.0714035 29.30475616 90.45272827
vertex 56.29589081 35.47029877 92.8267746

endloop
endfacet
facet normal -0.8675211072 -0.4771824777 -0.1403713524
outer loop
vertex 56.29589081 35.47029877 92.8267746
vertex 60.0714035 29.30475616 90.45272827
vertex 58.36655426 31.70581818 92.8267746

endloop
endfacet
facet normal -0.8684735298 -0.4777063429 -0.1324777007
outer loop
vertex 56.29589081 35.47029877 92.8267746
vertex 58.36655426 31.70581818 92.8267746
vertex 54.80716705 37.51842499 95.2008667

endloop
endfacet
facet normal -0.8615381718 -0.5045569539 -0.05634029955
outer loop
vertex 54.80716705 37.51842499 95.2008667
vertex 58.36655426 31.70581818 92.8267746
vertex 56.95101166 33.85778046 95.20085907

endloop
endfacet
facet normal -0.8360882401 -0.489651829 -0.2473814934
outer loop
vertex 54.80716705 37.51842499 95.2008667
vertex 56.95101166 33.85778046 95.20085907
vertex 52.99233246 39.41783905 97.57497406

endloop
endfacet
facet normal -0.8361055851 -0.4898956418 -0.2468395084
outer loop
vertex 52.99233246 39.41783905 97.57497406
vertex 56.95101166 33.85778046 95.20085907
vertex 55.14334869 35.74671173 97.57494354

endloop
endfacet
facet normal -0.8178225756 -0.4791824818 -0.3186698556
outer loop
vertex 52.99233246 39.41783905 97.57497406
vertex 55.14334869 35.74671173 97.57494354
vertex 51.06258392 41.13248444 99.94910431

endloop
endfacet
facet normal -0.7908378243 -0.392034024 -0.4699838161
outer loop
vertex 51.06258392 41.13248444 99.94910431
vertex 55.14334869 35.74671173 97.57494354
vertex 52.92932892 37.36681366 99.94905853

endloop
endfacet
facet normal -0.815864265 -0.4044409692 -0.4132711291
outer loop
vertex 51.06258392 41.13248444 99.94910431
vertex 52.92932892 37.36681366 99.94905853
vertex 49.0691452 42.72788239 102.3231659

endloop
endfacet
facet normal -0.6561133265 -0.1444070041 -0.740717113
outer loop
vertex 49.0691452 42.72788239 102.3231659
vertex 52.92932892 37.36681366 99.94905853
vertex 49.94304657 38.75754547 102.3231201

endloop
endfacet
facet normal -0.7822530866 -0.1721747667 -0.5986952186
outer loop
vertex 49.0691452 42.72788239 102.3231659
vertex 49.94304657 38.75756073 102.3231277
vertex 47.17101288 43.09668732 104.697197

endloop
endfacet
facet normal -0.6093106866 0.04391558096 -0.7917145491
outer loop
vertex 47.17101288 43.09668732 104.697197
vertex 49.94304657 38.75756073 102.3231277
vertex 46.86385345 38.8294754 104.6968918

endloop
endfacet
facet normal -0.7736037374 0.05573013797 -0.6312142611
outer loop
vertex 47.17101288 43.09668732 104.697197
vertex 46.86385345 38.8294754 104.6968918
vertex 45.1891098 42.47292328 107.071106

endloop
endfacet
facet normal -0.7032975554 0.1319240332 -0.6985475421
outer loop
vertex 45.1891098 42.47292328 107.071106
vertex 46.86385345 38.8294754 104.6968918
vertex 44.34648895 37.97409821 107.0698318

endloop
endfacet
facet normal -0.7548594475 0.1415650249 -0.6404268742
outer loop
vertex 45.1891098 42.47292328 107.071106
vertex 44.34648895 37.97409821 107.0698318
vertex 43.0318985 41.70879364 109.4448624

endloop
endfacet
facet normal -0.7262275219 0.1682537645 -0.6665465236
outer loop
vertex 43.0318985 41.70879364 109.4448624
vertex 44.34648895 37.97409821 107.0698318
vertex 41.95664215 37.05132294 109.4407272

endloop
endfacet
facet normal -0.8268034458 0.1913506389 -0.5289433002
outer loop
vertex 43.0318985 41.7088089 109.44487
vertex 41.95664215 37.05132294 109.4407349
vertex 41.65140533 42.30594635 111.8187714

endloop
endfacet
facet normal -0.7821953893 0.2185983062 -0.5834252834
outer loop
vertex 41.65140533 42.30594635 111.8187714
vertex 41.95664215 37.05132294 109.4407349
vertex 40.35700226 37.65749359 111.8124847

endloop
endfacet
facet normal -0.8622598648 0.2407065779 -0.4456099868
outer loop
vertex 41.65140533 42.30594635 111.8187714
vertex 40.35700226 37.65749359 111.8124847
vertex 42.01839447 48.01677704 114.1934814

endloop
endfacet
facet normal -0.7302110195 0.2621250153 -0.6309376359
outer loop
vertex 42.01839447 48.01677704 114.1934814
vertex 40.35700226 37.65749359 111.8124847
vertex 40.48480988 43.74121857 114.19207

endloop
endfacet
facet normal -0.8359374404 0.2999910712 -0.459580332
outer loop
vertex 42.01837921 48.01677704 114.1934814
vertex 40.48479462 43.74121857 114.19207
vertex 42.54131317 53.11136627 116.5678024

endloop
endfacet
facet normal -0.7050891519 0.315736413 -0.6349486709
outer loop
vertex 42.54131317 53.11136627 116.5678024
vertex 40.48479462 43.74121857 114.19207
vertex 40.79506683 49.21170807 116.5677948

endloop
endfacet
facet normal -0.8623749018 0.386167556 -0.3273898959
outer loop
vertex 42.54131317 53.11136627 116.5678024
vertex 40.79506683 49.21170807 116.5677948
vertex 42.48171234 54.99100494 118.9418945

endloop
endfacet
facet normal -0.7947050929 0.4142028093 -0.4437114596
outer loop
vertex 42.48171234 54.99100494 118.9418945
vertex 40.79506683 49.21170807 116.5677948
vertex 40.5338974 51.25383759 118.9418793

endloop
endfacet
facet normal -0.8760703802 0.4566093087 -0.154946968
outer loop
vertex 42.48171234 54.99100494 118.9418945
vertex 40.5338974 51.25383759 118.9418793
vertex 42.28287506 55.41516876 121.3160782

endloop
endfacet
facet normal -0.8264434934 0.4976166189 -0.263379842
outer loop
vertex 42.28287506 55.41516876 121.3160782
vertex 40.5338974 51.25383759 118.9418793
vertex 40.12999725 51.83965302 121.3160629

endloop
endfacet
facet normal -0.8482206464 0.5107284188 -0.140279144
outer loop
vertex 42.28289032 55.41519928 121.3160934
vertex 40.13001251 51.83968353 121.3160782
vertex 42.30094147 56.09731293 123.6903839

endloop
endfacet
facet normal -0.8571923375 0.501762569 -0.1159983277
outer loop
vertex 42.30094147 56.09731293 123.6903839
vertex 40.13001251 51.83968353 121.3160782
vertex 40.27306366 52.63295746 123.690361

endloop
endfacet
facet normal -0.8613613248 0.5042025447 -0.0619389005
outer loop
vertex 42.30094147 56.09731293 123.6903839
vertex 40.27306366 52.63295746 123.690361
vertex 42.5194931 56.76235199 126.0646973

endloop
endfacet
facet normal -0.851857543 0.5157924891 -0.09108777344
outer loop
vertex 42.5194931 56.76235199 126.0646973
vertex 40.27306366 52.63295746 123.690361
vertex 40.47223663 53.3812027 126.0646896

endloop
endfacet
facet normal -0.8527501225 0.516332984 -0.07885105163
outer loop
vertex 42.5194931 56.76235199 126.0646973
vertex 40.47223663 53.3812027 126.0646896
vertex 42.57849884 57.22240448 128.4390869

endloop
endfacet
facet normal -0.8659369946 0.4986637533 -0.03856872395
outer loop
vertex 42.57849884 57.22240448 128.4390869
vertex 40.47223663 53.3812027 126.0646896
vertex 40.63376617 53.84534454 128.4390564

endloop
endfacet
facet normal -0.8642859459 0.4977151453 -0.07272943109
outer loop
vertex 42.57849884 57.22241974 128.4391022
vertex 40.63375092 53.84534454 128.4390564
vertex 42.62004852 57.64154816 130.8135986

endloop
endfacet
facet normal -0.8625981212 0.4998978674 -0.07763076574
outer loop
vertex 42.62004852 57.64154816 130.8135986
vertex 40.63375092 53.84534454 128.4390564
vertex 40.71996307 54.36284637 130.8135223

endloop
endfacet
facet normal -0.8643844128 0.5009323359 -0.04366210476
outer loop
vertex 42.62004852 57.64154816 130.8135986
vertex 40.71996307 54.36284637 130.8135223
vertex 42.87740326 58.29259491 133.1881256

endloop
endfacet
facet normal -0.8437308073 0.5264613032 -0.1046750993
outer loop
vertex 42.87740326 58.29259491 133.1881256
vertex 40.71996307 54.36284637 130.8135223
vertex 40.94506073 55.19571686 133.1880341

endloop
endfacet
facet normal -0.8466345072 0.5282677412 -0.06436852366
outer loop
vertex 42.87740326 58.29259491 133.1881409
vertex 40.94507599 55.19571686 133.1880493
vertex 43.17629242 59.06093597 135.5625916

endloop
endfacet
facet normal -0.8565542698 0.5149744749 -0.03340902925
outer loop
vertex 43.17629242 59.06093597 135.5625916
vertex 40.94507599 55.19571686 133.1880493
vertex 41.39369965 56.0959549 135.5625305

endloop
endfacet
facet normal -0.8546069264 0.5138045549 -0.07517880946
outer loop
vertex 43.17629242 59.06093597 135.5625916
vertex 41.39369965 56.0959549 135.5625305
vertex 43.36194611 59.71709442 137.936615

endloop
endfacet
facet normal -0.8441333175 0.5261934996 -0.1027587131
outer loop
vertex 43.36194611 59.71709442 137.936615
vertex 41.39369965 56.0959549 135.5625305
vertex 41.64965057 56.9701767 137.9365692

endloop
endfacet
facet normal -0.8466468453 0.52775985 -0.06825479865
outer loop
vertex 43.36194611 59.71709442 137.936615
vertex 41.64965057 56.9701767 137.9365692
vertex 43.63961029 60.46947479 140.309967

endloop
endfacet
facet normal -0.8223143816 0.554448843 -0.1280059814
outer loop
vertex 43.63961029 60.46947479 140.309967
vertex 41.64965057 56.9701767 137.9365692
vertex 41.99237823 58.02642059 140.3099213

endloop
endfacet
facet normal -0.825333178 0.5564799905 0.09568285942
outer loop
vertex 43.63961029 60.46949005 140.309967
vertex 41.99237823 58.02643585 140.3099213
vertex 44.41216278 61.20714569 142.68367

endloop
endfacet
facet normal -0.830349803 0.5449954271 0.1161854863
outer loop
vertex 44.41216278 61.20714569 142.68367
vertex 41.99237823 58.02643585 140.3099213
vertex 43.00139618 59.05773163 142.6835938

endloop
endfacet
facet normal -0.8072194457 0.5298087597 0.2601912022
outer loop
vertex 44.41216278 61.20714569 142.68367
vertex 43.00139618 59.05773163 142.6835938
vertex 45.72301483 61.92136383 145.2961578

endloop
endfacet
facet normal -0.8163872957 0.4709036052 0.3343075812
outer loop
vertex 45.72301483 61.92136383 145.2961578
vertex 43.00139618 59.05773163 142.6835938
vertex 44.7423172 60.22119904 145.2961121

endloop
endfacet
facet normal -0.4493041337 0.2591522038 0.8549654484
outer loop
vertex 45.72298431 61.92134857 145.2961426
vertex 44.74228668 60.22116852 145.2961121
vertex 52.0956955 60.56043243 149.057663

endloop
endfacet
facet normal 0.09190447628 -0.9917134047 -0.08976716548
outer loop
vertex 52.0956955 60.56043243 149.057663
vertex 44.74228668 60.22116852 145.2961121
vertex 52.09568024 60.56043243 149.0576477

endloop
endfacet
facet normal 0.2989750803 -0.7465446591 0.5943778753
outer loop
vertex 76.23397064 15.21144867 48.43406296
vertex 76.23403168 15.21147919 48.43407059
vertex 69.85634613 15.66268158 52.20879364

endloop
endfacet
facet normal -0.4624894559 0.333948791 -0.8213292956
outer loop
vertex 69.85634613 15.66268158 52.20879364
vertex 76.23403168 15.21147919 48.43407059
vertex 69.00728607 14.46193695 52.19868088

endloop
endfacet
facet normal -0.5829321742 0.418065697 -0.6967145205
outer loop
vertex 69.85634613 15.66268158 52.20879364
vertex 69.00728607 14.46193695 52.19868088
vertex 68.18785858 17.71547699 54.83658218

endloop
endfacet
facet normal -0.6249291897 0.3906307518 -0.6759224534
outer loop
vertex 68.18785858 17.71547699 54.83658218
vertex 69.00728607 14.46193695 52.19868088
vertex 67.24004364 16.18395233 54.82778931

endloop
endfacet
facet normal -0.6538457274 0.4083028436 -0.6370043755
outer loop
vertex 68.18785858 17.71547699 54.83658218
vertex 67.24004364 16.18395233 54.82778931
vertex 66.92690277 19.40753937 57.21544266

endloop
endfacet
facet normal -0.6486439109 0.4113084078 -0.6403799653
outer loop
vertex 66.92690277 19.40753937 57.21544266
vertex 67.24004364 16.18395233 54.82778931
vertex 65.77919769 17.59165192 57.21163559

endloop
endfacet
facet normal -0.6818373203 0.4321826398 -0.59018296
outer loop
vertex 66.92690277 19.40753937 57.21544266
vertex 65.77919769 17.59165192 57.21163559
vertex 65.74730682 20.78897858 59.58983612

endloop
endfacet
facet normal -0.7104171515 0.4154520631 -0.5680730939
outer loop
vertex 65.74730682 20.78897858 59.58983612
vertex 65.77919769 17.59165192 57.21163559
vertex 64.54097748 18.72437286 59.58852005

endloop
endfacet
facet normal -0.7230614424 0.4228261113 -0.5462601781
outer loop
vertex 65.74730682 20.78897858 59.58983612
vertex 64.54097748 18.72437286 59.58852005
vertex 64.84825897 22.3187027 61.96393204

endloop
endfacet
facet normal -0.7800586224 0.3900334835 -0.4892672598
outer loop
vertex 64.84825897 22.3187027 61.96393204
vertex 64.54097748 18.72437286 59.58852005
vertex 63.69142914 20.00432587 61.96334076

endloop
endfacet
facet normal -0.7526243329 0.3763385415 -0.5403016806
outer loop
vertex 64.84825897 22.3187027 61.96393204
vertex 63.69141388 20.00432587 61.96334076
vertex 64.02672577 24.08408356 64.33795166

endloop
endfacet
facet normal -0.8284432888 0.3310395181 -0.4517683685
outer loop
vertex 64.02672577 24.08408356 64.33795166
vertex 63.69141388 20.00432587 61.96334076
vertex 62.99250031 21.49570465 64.33782196

endloop
endfacet
facet normal -0.8065277934 0.3222836852 -0.4956270456
outer loop
vertex 64.02672577 24.08408356 64.33795929
vertex 62.99251556 21.49571991 64.33782196
vertex 63.07245636 25.34690094 66.71198273

endloop
endfacet
facet normal -0.8576983809 0.2825963199 -0.4295262992
outer loop
vertex 63.07245636 25.34690094 66.71198273
vertex 62.99251556 21.49571991 64.33782196
vertex 62.13437653 22.49977875 66.71199036

endloop
endfacet
facet normal -0.8732689619 0.2877297997 -0.3932083845
outer loop
vertex 63.07242584 25.34688568 66.71198273
vertex 62.13433075 22.49974823 66.71199036
vertex 62.31397247 26.28940582 69.08610535

endloop
endfacet
facet normal -0.8857160807 0.2758835554 -0.3733570874
outer loop
vertex 62.31397247 26.28940582 69.08610535
vertex 62.13433075 22.49974823 66.71199036
vertex 61.37854767 23.28626251 69.08611298

endloop
endfacet
facet normal -0.9044233561 0.2817107141 -0.3204019964
outer loop
vertex 62.31397247 26.28940582 69.08610535
vertex 61.37854767 23.28626251 69.08611298
vertex 61.76544952 27.22858429 71.46022797

endloop
endfacet
facet normal -0.9197661281 0.2647431791 -0.2897262871
outer loop
vertex 61.76544952 27.22858429 71.46022797
vertex 61.37854767 23.28626251 69.08611298
vertex 60.87715912 24.14250946 71.4602356

endloop
endfacet
facet normal -0.9132928848 0.2628798783 -0.3111113608
outer loop
vertex 61.76544952 27.22858429 71.46022797
vertex 60.87715912 24.14250946 71.4602356
vertex 61.21233368 28.1166153 73.83430481

endloop
endfacet
facet normal -0.9236974716 0.2508800626 -0.2895551622
outer loop
vertex 61.21233368 28.1166153 73.83430481
vertex 60.87715912 24.14250946 71.4602356
vertex 60.34468842 24.92211151 73.83432007

endloop
endfacet
facet normal -0.9104657769 0.2472860515 -0.3315141201
outer loop
vertex 61.21233368 28.1166153 73.83430481
vertex 60.34468842 24.92211151 73.83432007
vertex 60.73595428 29.54535675 76.20836639

endloop
endfacet
facet normal -0.9236899614 0.2339709848 -0.3034047186
outer loop
vertex 60.73595428 29.54535675 76.20836639
vertex 60.34468842 24.92211151 73.83432007
vertex 59.89704132 26.23343658 76.20837402

endloop
endfacet
facet normal -0.9067255855 0.2296737432 -0.353693068
outer loop
vertex 60.73595428 29.54535675 76.20836639
vertex 59.89704132 26.23343658 76.20837402
vertex 60.2014389 31.09114838 78.58242035

endloop
endfacet
facet normal -0.9684622288 0.1557376087 -0.1944911033
outer loop
vertex 60.2014389 31.09114838 78.58242035
vertex 59.89704132 26.23343658 76.20837402
vertex 59.65209198 27.67502594 78.58243561

endloop
endfacet
facet normal -0.955059588 0.1535783708 -0.2535252571
outer loop
vertex 60.20140839 31.09111786 78.58241272
vertex 59.65207672 27.67499542 78.58242035
vertex 59.8061142 32.55191803 80.95644379

endloop
endfacet
facet normal -0.9808359146 0.1094456539 -0.161191538
outer loop
vertex 59.8061142 32.55191803 80.95644379
vertex 59.65207672 27.67499542 78.58242035
vertex 59.41390228 29.03699493 80.95645905

endloop
endfacet
facet normal -0.9779912233 0.1091281548 -0.1778319627
outer loop
vertex 59.8061142 32.55191803 80.95644379
vertex 59.41390228 29.03699493 80.95645905
vertex 59.50310516 33.70519257 83.33056641

endloop
endfacet
facet normal -0.9991937876 0.03165259957 -0.02469543926
outer loop
vertex 59.50310516 33.70519257 83.33056641
vertex 59.41390228 29.03699493 80.95645905
vertex 59.38944244 30.11714935 83.33057404

endloop
endfacet
facet normal -0.987935245 0.03129632771 0.1516726613
outer loop
vertex 59.50310516 33.70519257 83.33056641
vertex 59.38944244 30.11714935 83.33057404
vertex 59.83853912 32.78818512 85.70466614

endloop
endfacet
facet normal -0.8537709713 -0.2582683563 0.4520758688
outer loop
vertex 59.83853912 32.78818512 85.70466614
vertex 59.38944244 30.11714935 83.33057404
vertex 60.75859833 29.74671173 85.70467377

endloop
endfacet
facet normal -0.947563827 -0.2866418958 0.1412769407
outer loop
vertex 59.83853912 32.78818512 85.70466614
vertex 60.75859833 29.74671173 85.70467377
vertex 61.47609711 28.54494476 88.07872772

endloop
endfacet
facet normal -0.4172075987 -0.8554140925 -0.306927532
outer loop
vertex 61.47609711 28.54494476 88.07872772
vertex 60.75859833 29.74671173 85.70467377
vertex 64.56829071 27.03679657 88.07874298

endloop
endfacet
facet normal -0.4381925464 -0.8984367847 0.02825994417
outer loop
vertex 61.47612762 28.54496002 88.07872772
vertex 64.56832123 27.03681183 88.07874298
vertex 60.0714035 29.30475616 90.45272827

endloop
endfacet
facet normal -0.5267111063 -0.8234193325 -0.2110828012
outer loop
vertex 60.0714035 29.30475616 90.45272827
vertex 64.56832123 27.03681183 88.07874298
vertex 63.4005661 27.17520905 90.45274353

endloop
endfacet
facet normal -0.4886084199 -0.7638480067 0.4216610789
outer loop
vertex 60.0714035 29.30475616 90.45272827
vertex 63.4005661 27.17520905 90.45274353
vertex 58.36655426 31.70581818 92.8267746

endloop
endfacet
facet normal -0.670275569 -0.7420949936 -0.005068645813
outer loop
vertex 58.36655426 31.70581818 92.8267746
vertex 63.4005661 27.17520905 90.45274353
vertex 61.42275238 28.94539642 92.82678223

endloop
endfacet
facet normal -0.6466189027 -0.7159026861 0.2633769214
outer loop
vertex 58.36655426 31.70581818 92.8267746
vertex 61.42275238 28.94539642 92.82678223
vertex 56.95101166 33.85778046 95.20085907

endloop
endfacet
facet normal -0.642962575 -0.7163101435 0.2711067796
outer loop
vertex 56.95101166 33.85778046 95.20085907
vertex 61.42275238 28.94539642 92.82678223
vertex 60.06108856 31.06616974 95.20087433

endloop
endfacet
facet normal -0.6656620502 -0.7416000962 0.08320640773
outer loop
vertex 56.95101166 33.85778046 95.20085907
vertex 60.06108856 31.06616974 95.20087433
vertex 55.14334869 35.74671173 97.57494354

endloop
endfacet
facet normal -0.6535497308 -0.7473646402 0.1196613908
outer loop
vertex 55.14334869 35.74671173 97.57494354
vertex 60.06108856 31.06616974 95.20087433
vertex 58.34212494 32.94947052 97.57494354

endloop
endfacet
facet normal -0.655000031 -0.7490231991 -0.09969566762
outer loop
vertex 55.14334869 35.74671173 97.57494354
vertex 58.34212494 32.94947052 97.57494354
vertex 52.92932892 37.36681366 99.94905853

endloop
endfacet
facet normal -0.6670665145 -0.7248098254 -0.1722585112
outer loop
vertex 52.92932892 37.36681366 99.94905853
vertex 58.34212494 32.94947052 97.57494354
vertex 56.04109955 34.50296783 99.94897461

endloop
endfacet
facet normal -0.6241835356 -0.6782081127 -0.3878513277
outer loop
vertex 52.92932892 37.36681366 99.94905853
vertex 56.04109955 34.50296783 99.94897461
vertex 49.94304657 38.75754547 102.3231201

endloop
endfacet
facet normal -0.5898005962 -0.4850858748 -0.645621419
outer loop
vertex 49.94304657 38.75754547 102.3231201
vertex 56.04109955 34.50296783 99.94897461
vertex 52.41956329 35.74677277 102.3228607

endloop
endfacet
facet normal -0.5508960485 -0.4530733526 -0.7008838058
outer loop
vertex 49.94304657 38.75756073 102.3231277
vertex 52.41954803 35.74677277 102.3228607
vertex 46.86385345 38.8294754 104.6968918

endloop
endfacet
facet normal -0.4574967921 -0.1494561583 -0.8765612245
outer loop
vertex 46.86385345 38.8294754 104.6968918
vertex 52.41954803 35.74677277 102.3228607
vertex 48.00514984 35.3423233 104.6957932

endloop
endfacet
facet normal -0.6329339147 -0.2069154233 -0.7460433841
outer loop
vertex 46.86385345 38.8294754 104.6968918
vertex 48.00514984 35.3423233 104.6957932
vertex 44.34648895 37.97409821 107.0698318

endloop
endfacet
facet normal -0.5286753774 0.03025226295 -0.848284781
outer loop
vertex 44.34648895 37.97409821 107.0698318
vertex 48.00514984 35.3423233 104.6957932
vertex 44.10321808 33.62653351 107.0663986

endloop
endfacet
facet normal -0.7115246654 0.04036780819 -0.7015005946
outer loop
vertex 44.34648895 37.97409821 107.0698318
vertex 44.10321808 33.62653351 107.0663986
vertex 41.95664215 37.05132294 109.4407272

endloop
endfacet
facet normal -0.6565471888 0.1062105075 -0.7467697859
outer loop
vertex 41.95664215 37.05132294 109.4407272
vertex 44.10321808 33.62653351 107.0663986
vertex 41.19680023 32.29535675 109.4323425

endloop
endfacet
facet normal -0.8063393831 0.1298420131 -0.5770250559
outer loop
vertex 41.95664215 37.05132294 109.4407349
vertex 41.19680023 32.29535675 109.4323578
vertex 40.35700226 37.65749359 111.8124847

endloop
endfacet
facet normal -0.7858287096 0.1439043581 -0.6014688611
outer loop
vertex 40.35700226 37.65749359 111.8124847
vertex 41.19680023 32.29535675 109.4323578
vertex 39.50196075 32.9413681 111.8012543

endloop
endfacet
facet normal -0.9116422534 0.166177392 -0.3758901954
outer loop
vertex 40.35700226 37.65749359 111.8124847
vertex 39.50196075 32.9413681 111.8012543
vertex 40.48480988 43.74121857 114.19207

endloop
endfacet
facet normal -0.8134819865 0.1953044534 -0.5478166938
outer loop
vertex 40.48480988 43.74121857 114.19207
vertex 39.50196075 32.9413681 111.8012543
vertex 39.45220184 39.43119049 114.188858

endloop
endfacet
facet normal -0.8996728659 0.2158287317 -0.3794822693
outer loop
vertex 40.48479462 43.74121857 114.19207
vertex 39.45218658 39.43117523 114.1888504
vertex 40.79506683 49.21170807 116.5677948

endloop
endfacet
facet normal -0.7172110677 0.2561097443 -0.6480864286
outer loop
vertex 40.79506683 49.21170807 116.5677948
vertex 39.45218658 39.43117523 114.1888504
vertex 39.35800934 45.18680573 116.5675735

endloop
endfacet
facet normal -0.8765503168 0.3129850328 -0.3656500578
outer loop
vertex 40.79506683 49.21170807 116.5677948
vertex 39.35800934 45.18680573 116.5675735
vertex 40.5338974 51.25383759 118.9418793

endloop
endfacet
facet normal -0.8174433708 0.340305537 -0.4647348821
outer loop
vertex 40.5338974 51.25383759 118.9418793
vertex 39.35800934 45.18680573 116.5675735
vertex 38.92470551 47.38845062 118.9419022

endloop
endfacet
facet normal -0.8952316642 0.372690767 -0.2442575395
outer loop
vertex 40.5338974 51.25383759 118.9418793
vertex 38.92470551 47.38845062 118.9419022
vertex 40.12999725 51.83965302 121.3160629

endloop
endfacet
facet normal -0.876163125 0.3890369833 -0.2845847905
outer loop
vertex 40.12999725 51.83965302 121.3160629
vertex 38.92470551 47.38845062 118.9419022
vertex 38.44039154 48.03444672 121.3160782

endloop
endfacet
facet normal -0.9110068679 0.4045054615 -0.08026131988
outer loop
vertex 40.13001251 51.83968353 121.3160782
vertex 38.44042206 48.03447723 121.3161011
vertex 40.27306366 52.63295746 123.690361

endloop
endfacet
facet normal -0.9027986526 0.4160383344 -0.108933948
outer loop
vertex 40.27306366 52.63295746 123.690361
vertex 38.44042206 48.03447723 121.3161011
vertex 38.5472641 48.88799286 123.6903687

endloop
endfacet
facet normal -0.9067973495 0.4178810716 -0.0556233488
outer loop
vertex 40.27306366 52.63295746 123.690361
vertex 38.5472641 48.88799286 123.6903687
vertex 40.47223663 53.3812027 126.0646896

endloop
endfacet
facet normal -0.8984324932 0.4305367768 -0.08635490388
outer loop
vertex 40.47223663 53.3812027 126.0646896
vertex 38.5472641 48.88799286 123.6903687
vertex 38.76802826 49.82491302 126.0647202

endloop
endfacet
facet normal -0.9015599489 0.4320360124 -0.0231208615
outer loop
vertex 40.47223663 53.3812027 126.0646896
vertex 38.76802826 49.82491302 126.0647202
vertex 40.63376617 53.84534454 128.4390564

endloop
endfacet
facet normal -0.9084103703 0.4180370271 0.005966506433
outer loop
vertex 40.63376617 53.84534454 128.4390564
vertex 38.76802826 49.82491302 126.0647202
vertex 39.0348587 50.37085724 128.4390869

endloop
endfacet
facet normal -0.9068968892 0.417337507 -0.05802878737
outer loop
vertex 40.63375092 53.84534454 128.4390564
vertex 39.0348587 50.3708725 128.4391022
vertex 40.71996307 54.36284637 130.8135223

endloop
endfacet
facet normal -0.9188095927 0.394541055 -0.01124791987
outer loop
vertex 40.71996307 54.36284637 130.8135223
vertex 39.0348587 50.3708725 128.4391022
vertex 39.23838043 50.91252899 130.8135834

endloop
endfacet
facet normal -0.9176617265 0.3940473497 -0.05122184008
outer loop
vertex 40.71996307 54.36284637 130.8135223
vertex 39.23838043 50.91252899 130.8135834
vertex 40.94506073 55.19571686 133.1880341

endloop
endfacet
facet normal -0.9130862951 0.4019317031 -0.06873282045
outer loop
vertex 40.94506073 55.19571686 133.1880341
vertex 39.23838043 50.91252899 130.8135834
vertex 39.47205353 51.84944916 133.1882019

endloop
endfacet
facet normal -0.9150614142 0.4028097987 0.02017005719
outer loop
vertex 40.94507599 55.19571686 133.1880493
vertex 39.47205353 51.84944916 133.1882172
vertex 41.39369965 56.0959549 135.5625305

endloop
endfacet
facet normal -0.9030752778 0.4280763865 -0.03472073004
outer loop
vertex 41.39369965 56.0959549 135.5625305
vertex 39.47205353 51.84944916 133.1882172
vertex 39.88079071 52.90431976 135.5627289

endloop
endfacet
facet normal -0.9019820094 0.4275566041 -0.06019958109
outer loop
vertex 41.39369965 56.0959549 135.5625305
vertex 39.88079071 52.90431976 135.5627289
vertex 41.64965057 56.9701767 137.9365692

endloop
endfacet
facet normal -0.9069988132 0.4190453291 -0.0418833755
outer loop
vertex 41.64965057 56.9701767 137.9365692
vertex 39.88079071 52.90431976 135.5627289
vertex 40.25315094 53.94754791 137.9366913

endloop
endfacet
facet normal -0.9063974619 0.418766886 -0.05547953025
outer loop
vertex 41.64965057 56.9701767 137.9365692
vertex 40.25315094 53.94754791 137.9366913
vertex 41.99237823 58.02642059 140.3099213

endloop
endfacet
facet normal -0.9130488634 0.4067490697 -0.02994991653
outer loop
vertex 41.99237823 58.02642059 140.3099213
vertex 40.25315094 53.94754791 137.9366913
vertex 40.76305389 55.26689911 140.3099365

endloop
endfacet
facet normal -0.8936890364 0.398124814 0.2069214731
outer loop
vertex 41.99237823 58.02643585 140.3099213
vertex 40.76305389 55.26689911 140.3099518
vertex 43.00139618 59.05773163 142.6835938

endloop
endfacet
facet normal -0.8732870817 0.4846919477 0.04943024367
outer loop
vertex 43.00139618 59.05773163 142.6835938
vertex 40.76305389 55.26689911 140.3099518
vertex 41.73786163 56.78118134 142.6835327

endloop
endfacet
facet normal -0.8209497929 0.455635637 0.3441475034
outer loop
vertex 43.00139618 59.05773163 142.6835938
vertex 41.73786163 56.78118134 142.6835327
vertex 44.7423172 60.22119904 145.2961121

endloop
endfacet
facet normal -0.8174809217 0.5083513856 0.2707467973
outer loop
vertex 44.7423172 60.22119904 145.2961121
vertex 41.73786163 56.78118134 142.6835327
vertex 43.64861298 58.46239471 145.2961426

endloop
endfacet
facet normal -0.4475640357 0.2783253789 0.8498361111
outer loop
vertex 44.74228668 60.22116852 145.2961121
vertex 43.64858246 58.46237946 145.2961273
vertex 52.09568024 60.56043243 149.0576477

endloop
endfacet
facet normal 0.2067220807 0.5795946121 -0.7882486582
outer loop
vertex 52.09568024 60.56043243 149.0576477
vertex 43.64858246 58.46237946 145.2961273
vertex 52.09571075 60.56046295 149.0576782

endloop
endfacet
facet normal -0.3394009173 0.8017759919 -0.4918966293
outer loop
vertex 76.23403168 15.21147919 48.43407059
vertex 76.23400116 15.21146393 48.43406677
vertex 69.00728607 14.46193695 52.19868088

endloop
endfacet
facet normal -0.4676523209 0.2486356646 -0.8482226729
outer loop
vertex 69.00728607 14.46193695 52.19868088
vertex 76.23400116 15.21146393 48.43406677
vertex 68.33202362 13.16246796 52.19006729

endloop
endfacet
facet normal -0.6577693224 0.3462404609 -0.6689223051
outer loop
vertex 69.00728607 14.46193695 52.19868088
vertex 68.33202362 13.16246796 52.19006729
vertex 67.24004364 16.18395233 54.82778931

endloop
endfacet
facet normal -0.6775964499 0.3292177618 -0.6576311588
outer loop
vertex 67.24004364 16.18395233 54.82778931
vertex 68.33202362 13.16246796 52.19006729
vertex 66.47194672 14.57485199 54.81367111

endloop
endfacet
facet normal -0.699405849 0.3393771946 -0.6290109158
outer loop
vertex 67.24004364 16.18395233 54.82778931
vertex 66.47194672 14.57485199 54.81367111
vertex 65.77919769 17.59165192 57.21163559

endloop
endfacet
facet normal -0.7156070471 0.3265042007 -0.6174961925
outer loop
vertex 65.77919769 17.59165192 57.21163559
vertex 66.47194672 14.57485199 54.81367111
vertex 64.93764496 15.71855927 57.19649124

endloop
endfacet
facet normal -0.7555526495 0.3439662457 -0.5575190783
outer loop
vertex 65.77919769 17.59165192 57.21163559
vertex 64.93764496 15.71855927 57.19649124
vertex 64.54097748 18.72437286 59.58852005

endloop
endfacet
facet normal -0.7822311521 0.3214513659 -0.5336509943
outer loop
vertex 64.54097748 18.72437286 59.58852005
vertex 64.93764496 15.71855927 57.19649124
vertex 63.65268707 16.53911591 59.57426834

endloop
endfacet
facet normal -0.8155754805 0.3346041441 -0.4720981717
outer loop
vertex 64.54097748 18.72437286 59.58852005
vertex 63.65268707 16.53911591 59.57426834
vertex 63.69142914 20.00432587 61.96334076

endloop
endfacet
facet normal -0.8104221225 0.3386501372 -0.4780501723
outer loop
vertex 63.69142914 20.00432587 61.96334076
vertex 63.65268707 16.53911591 59.57426834
vertex 62.6871109 17.58827972 61.95440292

endloop
endfacet
facet normal -0.820763588 0.3428657055 -0.4569357634
outer loop
vertex 63.69141388 20.00432587 61.96334076
vertex 62.6871109 17.58827972 61.95440292
vertex 62.99250031 21.49570465 64.33782196

endloop
endfacet
facet normal -0.8374149799 0.3308305442 -0.4350715578
outer loop
vertex 62.99250031 21.49570465 64.33782196
vertex 62.6871109 17.58827972 61.95440292
vertex 61.95462799 18.86426544 64.33453369

endloop
endfacet
facet normal -0.8346582651 0.3297556639 -0.4411426187
outer loop
vertex 62.99251556 21.49571991 64.33782196
vertex 61.95462799 18.8642807 64.33453369
vertex 62.13437653 22.49977875 66.71199036

endloop
endfacet
facet normal -0.8696961999 0.2995474935 -0.3923006058
outer loop
vertex 62.13437653 22.49977875 66.71199036
vertex 61.95462799 18.8642807 64.33453369
vertex 61.15729523 19.66083527 66.71037292

endloop
endfacet
facet normal -0.8751658201 0.301420033 -0.3784584105
outer loop
vertex 62.13433075 22.49974823 66.71199036
vertex 61.15726471 19.66082001 66.7103653
vertex 61.37854767 23.28626251 69.08611298

endloop
endfacet
facet normal -0.8886455297 0.2880681157 -0.3568275869
outer loop
vertex 61.37854767 23.28626251 69.08611298
vertex 61.15726471 19.66082001 66.7103653
vertex 60.40544891 20.28264618 69.08469391

endloop
endfacet
facet normal -0.9080771208 0.2943356931 -0.297930479
outer loop
vertex 61.37854767 23.28626251 69.08611298
vertex 60.40544891 20.28264618 69.08469391
vertex 60.87715912 24.14250946 71.4602356

endloop
endfacet
facet normal -0.9149207473 0.2866823673 -0.2841361463
outer loop
vertex 60.87715912 24.14250946 71.4602356
vertex 60.40544891 20.28264618 69.08469391
vertex 59.88234711 20.96663666 71.45920563

endloop
endfacet
facet normal -0.9108866453 0.2854232788 -0.2980252206
outer loop
vertex 60.87715912 24.14250946 71.4602356
vertex 59.88234711 20.96663666 71.45920563
vertex 60.34468842 24.92211151 73.83432007

endloop
endfacet
facet normal -0.9205426574 0.2744949162 -0.2779457569
outer loop
vertex 60.34468842 24.92211151 73.83432007
vertex 59.88234711 20.96663666 71.45920563
vertex 59.36165619 21.62479401 73.83369446

endloop
endfacet
facet normal -0.9076960683 0.2706730962 -0.3206616342
outer loop
vertex 60.34468842 24.92211151 73.83432007
vertex 59.36165619 21.62479401 73.83369446
vertex 59.89704132 26.23343658 76.20837402

endloop
endfacet
facet normal -0.938015461 0.2385342717 -0.251452744
outer loop
vertex 59.89704132 26.23343658 76.20837402
vertex 59.36165619 21.62479401 73.83369446
vertex 59.04639435 22.88825226 76.2082901

endloop
endfacet
facet normal -0.9402962923 0.2391140312 -0.2422132641
outer loop
vertex 59.89704132 26.23343658 76.20837402
vertex 59.04639435 22.88825226 76.2082901
vertex 59.65209198 27.67502594 78.58243561

endloop
endfacet
facet normal -0.9871592522 0.1509003341 -0.05240019411
outer loop
vertex 59.65209198 27.67502594 78.58243561
vertex 59.04639435 22.88825226 76.2082901
vertex 59.12499237 24.22684479 78.58242798

endloop
endfacet
facet normal -0.9718727469 0.1485641301 -0.1827348322
outer loop
vertex 59.65207672 27.67499542 78.58242035
vertex 59.12497711 24.22682953 78.58242035
vertex 59.41390228 29.03699493 80.95645905

endloop
endfacet
facet normal -0.9961564541 0.0174728334 0.08583156019
outer loop
vertex 59.41390228 29.03699493 80.95645905
vertex 59.12497711 24.22682953 78.58242035
vertex 59.35085297 25.44248199 80.95645142

endloop
endfacet
facet normal -0.9996791482 0.01753484458 -0.01827726327
outer loop
vertex 59.41390228 29.03699493 80.95645905
vertex 59.35085297 25.44248199 80.95645142
vertex 59.38944244 30.11714935 83.33057404

endloop
endfacet
facet normal -0.9340847731 -0.1555195451 0.3214021325
outer loop
vertex 59.38944244 30.11714935 83.33057404
vertex 59.35085297 25.44248199 80.95645142
vertex 59.97812653 26.58138275 83.33057404

endloop
endfacet
facet normal -0.8667776585 -0.1443133205 0.477357626
outer loop
vertex 59.38944244 30.11714935 83.33057404
vertex 59.97812653 26.58138275 83.33057404
vertex 60.75859833 29.74671173 85.70467377

endloop
endfacet
facet normal -0.6111925244 -0.3729151487 0.6981247067
outer loop
vertex 60.75859833 29.74671173 85.70467377
vertex 59.97812653 26.58138275 83.33057404
vertex 62.36168671 27.1193161 85.70467377

endloop
endfacet
facet normal -0.6746295094 -0.4116208255 0.6127342582
outer loop
vertex 60.75859833 29.74671173 85.70467377
vertex 62.36168671 27.1193161 85.70467377
vertex 64.56829071 27.03679657 88.07874298

endloop
endfacet
facet normal -0.0500917621 -0.9986743331 0.01184571534
outer loop
vertex 64.56829071 27.03679657 88.07874298
vertex 62.36168671 27.1193161 85.70467377
vertex 68.19298553 26.8549881 88.07873535

endloop
endfacet
facet normal -0.05006323755 -0.9981818199 0.03356527165
outer loop
vertex 64.56832123 27.03681183 88.07874298
vertex 68.19298553 26.85501862 88.07873535
vertex 63.4005661 27.17520905 90.45274353

endloop
endfacet
facet normal -0.07454362512 -0.9970893264 -0.01600072905
outer loop
vertex 63.4005661 27.17520905 90.45274353
vertex 68.19298553 26.85501862 88.07873535
vertex 67.54808807 26.86513519 90.45274353

endloop
endfacet
facet normal -0.06160818413 -0.8240659237 0.5631338358
outer loop
vertex 63.4005661 27.17520905 90.45274353
vertex 67.54808807 26.86513519 90.45274353
vertex 61.42275238 28.94539642 92.82678223

endloop
endfacet
facet normal -0.1491864175 -0.9018970728 0.4053702354
outer loop
vertex 61.42275238 28.94539642 92.82678223
vertex 67.54808807 26.86513519 90.45274353
vertex 65.60094452 28.25426483 92.82678223

endloop
endfacet
facet normal -0.1281992495 -0.7750203609 0.6187958717
outer loop
vertex 61.42275238 28.94539642 92.82678223
vertex 65.60094452 28.25426483 92.82678223
vertex 60.06108856 31.06616974 95.20087433

endloop
endfacet
facet normal -0.1630641967 -0.8040271997 0.571795702
outer loop
vertex 60.06108856 31.06616974 95.20087433
vertex 65.60094452 28.25426483 92.82678223
vertex 64.22942352 30.22078705 95.2008667

endloop
endfacet
facet normal -0.1679033488 -0.8278871179 0.535174191
outer loop
vertex 60.06108856 31.06616974 95.20087433
vertex 64.22942352 30.22078705 95.2008667
vertex 58.34212494 32.94947052 97.57494354

endloop
endfacet
facet normal -0.318103224 -0.9119122624 0.259280324
outer loop
vertex 58.34212494 32.94947052 97.57494354
vertex 64.22942352 30.22078705 95.2008667
vertex 62.37439728 31.54288483 97.57492828

endloop
endfacet
facet normal -0.315595746 -0.9047243595 0.2861348093
outer loop
vertex 58.34212494 32.94947052 97.57494354
vertex 62.37439728 31.54288483 97.57492828
vertex 56.04109955 34.50296783 99.94897461

endloop
endfacet
facet normal -0.4686370492 -0.8670538664 -0.169106558
outer loop
vertex 56.04109955 34.50296783 99.94897461
vertex 62.37439728 31.54288483 97.57492828
vertex 59.82744598 32.45648956 99.94888306

endloop
endfacet
facet normal -0.4596839547 -0.8504852057 -0.25566715
outer loop
vertex 56.04109955 34.50296783 99.94897461
vertex 59.82744598 32.45648956 99.94888306
vertex 52.41956329 35.74677277 102.3228607

endloop
endfacet
facet normal -0.4615709186 -0.8455093503 -0.2684516609
outer loop
vertex 52.41956329 35.74677277 102.3228607
vertex 59.82744598 32.45648956 99.94888306
vertex 56.09568024 33.74002838 102.3226089

endloop
endfacet
facet normal -0.3319603801 -0.6080261469 -0.7211841345
outer loop
vertex 52.41954803 35.74677277 102.3228607
vertex 56.09566498 33.74004364 102.3226089
vertex 48.00514984 35.3423233 104.6957932

endloop
endfacet
facet normal -0.3314036727 -0.6198699474 -0.7112896442
outer loop
vertex 48.00514984 35.3423233 104.6957932
vertex 56.09566498 33.74004364 102.3226089
vertex 51.38600922 33.53572845 104.6949844

endloop
endfacet
facet normal -0.2722268701 -0.5090795159 -0.8165357113
outer loop
vertex 48.00514984 35.3423233 104.6957932
vertex 51.38600922 33.53572845 104.6949844
vertex 44.10321808 33.62653351 107.0663986

endloop
endfacet
facet normal -0.3045777082 -0.2188670635 -0.9270002842
outer loop
vertex 44.10321808 33.62653351 107.0663986
vertex 51.38600922 33.53572845 104.6949844
vertex 46.21245575 30.70522308 107.0631104

endloop
endfacet
facet normal -0.488681227 -0.3519378901 -0.7983297706
outer loop
vertex 44.10321808 33.62653351 107.0663986
vertex 46.21245575 30.70522308 107.0631104
vertex 41.19680023 32.29535675 109.4323425

endloop
endfacet
facet normal -0.4536108077 -0.1138184145 -0.8839019537
outer loop
vertex 41.19680023 32.29535675 109.4323425
vertex 46.21245575 30.70522308 107.0631104
vertex 42.25684357 28.1394577 109.4234848

endloop
endfacet
facet normal -0.8214324713 -0.208392784 -0.5308683515
outer loop
vertex 41.19680023 32.29535675 109.4323578
vertex 42.25685883 28.13947296 109.4234848
vertex 39.50196075 32.9413681 111.8012543

endloop
endfacet
facet normal -0.7788004279 -0.1445586979 -0.6103872657
outer loop
vertex 39.50196075 32.9413681 111.8012543
vertex 42.25685883 28.13947296 109.4234848
vertex 40.31244659 28.63632965 111.7867126

endloop
endfacet
facet normal -0.8833546042 -0.1677825749 0.4376456141
outer loop
vertex 39.50196075 32.9413681 111.8012543
vertex 40.31244659 28.63632965 111.7867126
vertex 39.45220184 39.43119049 114.188858

endloop
endfacet
facet normal -0.8172318339 0.06236566231 -0.5729245543
outer loop
vertex 39.45220184 39.43119049 114.188858
vertex 40.31244659 28.63632965 111.7867126
vertex 39.14672089 35.3061142 114.1755676

endloop
endfacet
facet normal -0.9739463925 0.07282425463 -0.2147677839
outer loop
vertex 39.45218658 39.43117523 114.1888504
vertex 39.14667511 35.3061142 114.1755676
vertex 39.35800934 45.18680573 116.5675735

endloop
endfacet
facet normal -0.6688556075 0.1883977056 -0.7191234231
outer loop
vertex 39.35800934 45.18680573 116.5675735
vertex 39.14667511 35.3061142 114.1755676
vertex 38.22336578 41.14446259 116.5638809

endloop
endfacet
facet normal -0.8854786754 0.2489030957 -0.3923961818
outer loop
vertex 39.35800934 45.18680573 116.5675735
vertex 38.22336578 41.14446259 116.5638809
vertex 38.92470551 47.38845062 118.9419022

endloop
endfacet
facet normal -0.8673373461 0.2592365146 -0.4248791635
outer loop
vertex 38.92470551 47.38845062 118.9419022
vertex 38.22336578 41.14446259 116.5638809
vertex 37.7234726 43.36882782 118.9415283

endloop
endfacet
facet normal -0.9242137671 0.2762185931 -0.2636896968
outer loop
vertex 38.92470551 47.38845062 118.9419022
vertex 37.7234726 43.36882782 118.9415283
vertex 38.44039154 48.03444672 121.3160782

endloop
endfacet
facet normal -0.9316189289 0.268058151 -0.2454199493
outer loop
vertex 38.44039154 48.03444672 121.3160782
vertex 37.7234726 43.36882782 118.9415283
vertex 37.28495026 44.0187149 121.3160019

endloop
endfacet
facet normal -0.9594981074 0.2760789096 -0.05606907606
outer loop
vertex 38.44042206 48.03447723 121.3161011
vertex 37.28496552 44.01873016 121.3160172
vertex 38.5472641 48.88799286 123.6903687

endloop
endfacet
facet normal -0.9359353185 0.3172181249 -0.1529632211
outer loop
vertex 38.5472641 48.88799286 123.6903687
vertex 37.28496552 44.01873016 121.3160172
vertex 37.22901154 44.99855804 123.6903687

endloop
endfacet
facet normal -0.9463757277 0.3207566738 -0.03857792914
outer loop
vertex 38.5472641 48.88799286 123.6903687
vertex 37.22901154 44.99855804 123.6903687
vertex 38.76802826 49.82491302 126.0647202

endloop
endfacet
facet normal -0.9347563982 0.3432282507 -0.09178738296
outer loop
vertex 38.76802826 49.82491302 126.0647202
vertex 37.22901154 44.99855804 123.6903687
vertex 37.400383 46.10025787 126.0648117

endloop
endfacet
facet normal -0.9383951426 0.3445672393 0.0262292698
outer loop
vertex 38.76802826 49.82491302 126.0647202
vertex 37.400383 46.10025787 126.0648117
vertex 39.0348587 50.37085724 128.4390869

endloop
endfacet
facet normal -0.9320899844 0.3620982468 -0.009644282982
outer loop
vertex 39.0348587 50.37085724 128.4390869
vertex 37.400383 46.10025787 126.0648117
vertex 37.63152313 46.75849152 128.4394684

endloop
endfacet
facet normal -0.9321302772 0.3621131182 -0.00270890235
outer loop
vertex 39.0348587 50.3708725 128.4391022
vertex 37.63152313 46.75849152 128.4394684
vertex 39.23838043 50.91252899 130.8135834

endloop
endfacet
facet normal -0.9366804361 0.3494609296 0.0225085374
outer loop
vertex 39.23838043 50.91252899 130.8135834
vertex 37.63152313 46.75849152 128.4394684
vertex 37.91150665 47.35596466 130.8146362

endloop
endfacet
facet normal -0.9359470606 0.3491671681 -0.04566468671
outer loop
vertex 39.23838043 50.91252899 130.8135834
vertex 37.91150665 47.35596466 130.8146362
vertex 39.47205353 51.84944916 133.1882019

endloop
endfacet
facet normal -0.9342526197 0.352607578 -0.05329179764
outer loop
vertex 39.47205353 51.84944916 133.1882019
vertex 37.91150665 47.35596466 130.8146362
vertex 38.17293549 48.40766144 133.190155

endloop
endfacet
facet normal -0.9355631471 0.3531348109 0.004164177459
outer loop
vertex 39.47205353 51.84944916 133.1882172
vertex 38.17293549 48.40766144 133.190155
vertex 39.88079071 52.90431976 135.5627289

endloop
endfacet
facet normal -0.9214267135 0.3833614886 -0.06329931319
outer loop
vertex 39.88079071 52.90431976 135.5627289
vertex 38.17293549 48.40766144 133.190155
vertex 38.52458954 49.6450119 135.5650482

endloop
endfacet
facet normal -0.9230025411 0.3840451837 -0.02399248816
outer loop
vertex 39.88079071 52.90431976 135.5627289
vertex 38.52458954 49.6450119 135.5650482
vertex 40.25315094 53.94754791 137.9366913

endloop
endfacet
facet normal -0.9378256798 0.3409770727 0.06494363397
outer loop
vertex 40.25315094 53.94754791 137.9366913
vertex 38.52458954 49.6450119 135.5650482
vertex 39.12454987 50.8431015 137.938446

endloop
endfacet
facet normal -0.9397518635 0.3416473567 0.01197908726
outer loop
vertex 40.25315094 53.94754791 137.9366913
vertex 39.12454987 50.8431015 137.938446
vertex 40.76305389 55.26689911 140.3099365

endloop
endfacet
facet normal -0.9502070546 0.2874991894 0.120211266
outer loop
vertex 40.76305389 55.26689911 140.3099365
vertex 39.12454987 50.8431015 137.938446
vertex 39.89061737 52.38311005 140.3106995

endloop
endfacet
facet normal -0.9370254874 0.2835339308 0.2039404958
outer loop
vertex 40.76305389 55.26689911 140.3099518
vertex 39.89061737 52.38312531 140.3106995
vertex 41.73786163 56.78118134 142.6835327

endloop
endfacet
facet normal -0.937748611 0.3153753281 0.1454852968
outer loop
vertex 41.73786163 56.78118134 142.6835327
vertex 39.89061737 52.38312531 140.3106995
vertex 40.89105988 54.26320648 142.68367

endloop
endfacet
facet normal -0.8517906666 0.2864834368 0.4386113584
outer loop
vertex 41.73786163 56.78118134 142.6835327
vertex 40.89105988 54.26320648 142.68367
vertex 43.64861298 58.46239471 145.2961426

endloop
endfacet
facet normal -0.8724281192 0.3880859911 0.2970829606
outer loop
vertex 43.64861298 58.46239471 145.2961426
vertex 40.89105988 54.26320648 142.68367
vertex 42.78572845 56.5226059 145.2961426

endloop
endfacet
facet normal -0.4390348792 0.1952977628 0.8769875169
outer loop
vertex 43.64858246 58.46237946 145.2961273
vertex 42.78569794 56.52259064 145.2961273
vertex 52.09571075 60.56046295 149.0576782

endloop
endfacet
facet normal -0.5025188923 0.5025188923 0.7035264969
outer loop
vertex 52.09571075 60.56046295 149.0576782
vertex 42.78569794 56.52259064 145.2961273
vertex 52.0956955 60.56044769 149.0576782

endloop
endfacet
facet normal 0.4073762298 -0.8147524595 0.4125806987
outer loop
vertex 76.23400116 15.21146393 48.43406677
vertex 76.23403168 15.21147919 48.43406677
vertex 68.33202362 13.16246796 52.19006729

endloop
endfacet
facet normal -0.4618426263 0.1950048506 -0.8652598858
outer loop
vertex 68.33202362 13.16246796 52.19006729
vertex 76.23403168 15.21147919 48.43406677
vertex 67.753685 11.76328278 52.1834259

endloop
endfacet
facet normal -0.6989988685 0.2920224071 -0.6527813077
outer loop
vertex 68.33202362 13.16246796 52.19006729
vertex 67.753685 11.76328278 52.1834259
vertex 66.47194672 14.57485199 54.81367111

endloop
endfacet
facet normal -0.6404875517 0.3483113348 -0.6844376326
outer loop
vertex 66.47194672 14.57485199 54.81367111
vertex 67.753685 11.76328278 52.1834259
vertex 65.58779144 12.92328644 54.80056763

endloop
endfacet
facet normal -0.6880885959 0.3733007312 -0.6222384572
outer loop
vertex 66.47194672 14.57485199 54.81367111
vertex 65.58779144 12.92328644 54.80056763
vertex 64.93764496 15.71855927 57.19649124

endloop
endfacet
facet normal -0.7301542163 0.3387823403 -0.5933813453
outer loop
vertex 64.93764496 15.71855927 57.19649124
vertex 65.58779144 12.92328644 54.80056763
vertex 64.06890106 13.80965424 57.17561722

endloop
endfacet
facet normal -0.7660014033 0.3544719219 -0.5362756252
outer loop
vertex 64.93764496 15.71855927 57.19649124
vertex 64.06890106 13.80965424 57.17561722
vertex 63.65268707 16.53911591 59.57426834

endloop
endfacet
facet normal -0.7941782475 0.3282928467 -0.5113752484
outer loop
vertex 63.65268707 16.53911591 59.57426834
vertex 64.06890106 13.80965424 57.17561722
vertex 62.76058197 14.33968353 59.54773712

endloop
endfacet
facet normal -0.8122869134 0.3352267742 -0.4772976339
outer loop
vertex 63.65268707 16.53911591 59.57426834
vertex 62.76058197 14.33968353 59.54773712
vertex 62.6871109 17.58827972 61.95440292

endloop
endfacet
facet normal -0.823246479 0.3257897496 -0.4648938477
outer loop
vertex 62.6871109 17.58827972 61.95440292
vertex 62.76058197 14.33968353 59.54773712
vertex 61.73192596 15.13352203 61.92561722

endloop
endfacet
facet normal -0.8373576403 0.3309292793 -0.4351068437
outer loop
vertex 62.6871109 17.58827972 61.95440292
vertex 61.73192596 15.13350677 61.92561722
vertex 61.95462799 18.86426544 64.33453369

endloop
endfacet
facet normal -0.8396285772 0.3291189671 -0.4320932031
outer loop
vertex 61.95462799 18.86426544 64.33453369
vertex 61.73192596 15.13350677 61.92561722
vertex 60.91869354 16.1860733 64.30758667

endloop
endfacet
facet normal -0.8539766669 0.3343259394 -0.3986854255
outer loop
vertex 61.95462799 18.8642807 64.33453369
vertex 60.9187088 16.1860733 64.30758667
vertex 61.15729523 19.66083527 66.71037292

endloop
endfacet
facet normal -0.8788662553 0.3106887043 -0.362031281
outer loop
vertex 61.15729523 19.66083527 66.71037292
vertex 60.9187088 16.1860733 64.30758667
vertex 60.15427399 16.79137421 66.68278503

endloop
endfacet
facet normal -0.8796271682 0.3109395206 -0.3599619269
outer loop
vertex 61.15726471 19.66082001 66.7103653
vertex 60.15422821 16.79135895 66.6827774
vertex 60.40544891 20.28264618 69.08469391

endloop
endfacet
facet normal -0.9045906067 0.2838746607 -0.3180110455
outer loop
vertex 60.40544891 20.28264618 69.08469391
vertex 60.15422821 16.79135895 66.6827774
vertex 59.47071075 17.27495575 69.05874634

endloop
endfacet
facet normal -0.9148833752 0.2867813706 -0.2841564715
outer loop
vertex 60.40544891 20.28264618 69.08469391
vertex 59.47071075 17.27495575 69.05874634
vertex 59.88234711 20.96663666 71.45920563

endloop
endfacet
facet normal -0.8897403479 0.3143948019 -0.330934912
outer loop
vertex 59.88234711 20.96663666 71.45920563
vertex 59.47071075 17.27495575 69.05874634
vertex 58.79827118 17.87804413 71.43959045

endloop
endfacet
facet normal -0.903439045 0.318920821 -0.2865090668
outer loop
vertex 59.88234711 20.96663666 71.45920563
vertex 58.79827118 17.87804413 71.43959045
vertex 59.36165619 21.62479401 73.83369446

endloop
endfacet
facet normal -0.8953034282 0.3275388777 -0.3019107878
outer loop
vertex 59.36165619 21.62479401 73.83369446
vertex 58.79827118 17.87804413 71.43959045
vertex 58.20334625 18.4466629 73.8207016

endloop
endfacet
facet normal -0.897664845 0.3283667564 -0.293893069
outer loop
vertex 59.36165619 21.62479401 73.83369446
vertex 58.20334625 18.4466629 73.8207016
vertex 59.04639435 22.88825226 76.2082901

endloop
endfacet
facet normal -0.957790792 0.2540783584 -0.1344653964
outer loop
vertex 59.04639435 22.88825226 76.2082901
vertex 58.20334625 18.4466629 73.8207016
vertex 58.15447235 19.52402496 76.2045517

endloop
endfacet
facet normal -0.9605101943 0.254774183 -0.1118488908
outer loop
vertex 59.04639435 22.88825226 76.2082901
vertex 58.15447235 19.52402496 76.2045517
vertex 59.12499237 24.22684479 78.58242798

endloop
endfacet
facet normal -0.9825248122 0.1811629683 0.04272015393
outer loop
vertex 59.12499237 24.22684479 78.58242798
vertex 58.15447235 19.52402496 76.2045517
vertex 58.46924591 20.67087555 78.58061981

endloop
endfacet
facet normal -0.9834186435 0.1813483834 0.0007051054854
outer loop
vertex 59.12497711 24.22682953 78.58242035
vertex 58.46923065 20.67084503 78.58061218
vertex 59.35085297 25.44248199 80.95645142

endloop
endfacet
facet normal -0.9764087796 0.08067698777 0.2002923936
outer loop
vertex 59.35085297 25.44248199 80.95645142
vertex 58.46923065 20.67084503 78.58061218
vertex 59.05167389 21.82431793 80.95536041

endloop
endfacet
facet normal -0.972542882 0.08035185188 0.2184123397
outer loop
vertex 59.35085297 25.44248199 80.95645142
vertex 59.05167389 21.82431793 80.95536041
vertex 59.97812653 26.58138275 83.33057404

endloop
endfacet
facet normal -0.8028811812 -0.1337067634 0.5809512138
outer loop
vertex 59.97812653 26.58138275 83.33057404
vertex 59.05167389 21.82431793 80.95536041
vertex 60.55089569 23.14102936 83.33034515

endloop
endfacet
facet normal -0.6879511476 -0.1145816147 0.7166548967
outer loop
vertex 59.97812653 26.58138275 83.33057404
vertex 60.55089569 23.14102936 83.33034515
vertex 62.36168671 27.1193161 85.70467377

endloop
endfacet
facet normal -0.3921218216 -0.3332508206 0.857428968
outer loop
vertex 62.36168671 27.1193161 85.70467377
vertex 60.55089569 23.14102936 83.33034515
vertex 64.34993744 24.77980804 85.70466614

endloop
endfacet
facet normal -0.3701274991 -0.3145588338 0.874104321
outer loop
vertex 62.36168671 27.1193161 85.70467377
vertex 64.34993744 24.77980804 85.70466614
vertex 68.19298553 26.8549881 88.07873535

endloop
endfacet
facet normal 0.08293908089 -0.8129734993 0.5763638616
outer loop
vertex 68.19298553 26.8549881 88.07873535
vertex 64.34993744 24.77980804 85.70466614
vertex 71.79576874 27.22254181 88.07873535

endloop
endfacet
facet normal 0.1014320925 -0.9943343997 0.03179121017
outer loop
vertex 68.19298553 26.85501862 88.07873535
vertex 71.79579926 27.22254181 88.07873535
vertex 67.54808807 26.86513519 90.45274353

endloop
endfacet
facet normal 0.1715419888 -0.971998632 0.1605984718
outer loop
vertex 67.54808807 26.86513519 90.45274353
vertex 71.79579926 27.22254181 88.07873535
vertex 71.73033905 27.60323334 90.4527359

endloop
endfacet
facet normal 0.1411256939 -0.7996478677 0.5836495161
outer loop
vertex 67.54808807 26.86513519 90.45274353
vertex 71.73033905 27.60323334 90.4527359
vertex 65.60094452 28.25426483 92.82678223

endloop
endfacet
facet normal 0.149702251 -0.7845947146 0.601664722
outer loop
vertex 65.60094452 28.25426483 92.82678223
vertex 71.73033905 27.60323334 90.4527359
vertex 70.00078583 29.09375763 92.8267746

endloop
endfacet
facet normal 0.1377968788 -0.7221970558 0.6778225899
outer loop
vertex 65.60094452 28.25426483 92.82678223
vertex 70.00078583 29.09375763 92.8267746
vertex 64.22942352 30.22078705 95.2008667

endloop
endfacet
facet normal 0.1448518038 -0.7099735737 0.6891701221
outer loop
vertex 64.22942352 30.22078705 95.2008667
vertex 70.00078583 29.09375763 92.8267746
vertex 68.66576385 31.1259079 95.2008667

endloop
endfacet
facet normal 0.1636268049 -0.8019970059 0.5744798183
outer loop
vertex 64.22942352 30.22078705 95.2008667
vertex 68.66576385 31.1259079 95.2008667
vertex 62.37439728 31.54288483 97.57492828

endloop
endfacet
facet normal 0.08082738519 -0.9229637384 0.3763041794
outer loop
vertex 62.37439728 31.54288483 97.57492828
vertex 68.66576385 31.1259079 95.2008667
vertex 66.72219086 31.92363739 97.57492828

endloop
endfacet
facet normal 0.07874142379 -0.8991442323 0.4305107296
outer loop
vertex 62.37439728 31.54288483 97.57492828
vertex 66.72219086 31.92363739 97.57492828
vertex 59.82744598 32.45648956 99.94888306

endloop
endfacet
facet normal -0.1698911786 -0.9444204569 -0.2814374566
outer loop
vertex 59.82744598 32.45648956 99.94888306
vertex 66.72219086 31.92363739 97.57492828
vertex 63.93102264 31.71829987 99.94888306

endloop
endfacet
facet normal -0.1716048717 -0.9539468884 0.2460430115
outer loop
vertex 59.82744598 32.45648956 99.94888306
vertex 63.93102264 31.71829987 99.94888306
vertex 56.09568024 33.74002838 102.3226089

endloop
endfacet
facet normal -0.3313864172 -0.877607584 -0.3463928998
outer loop
vertex 56.09568024 33.74002838 102.3226089
vertex 63.93102264 31.71829987 99.94888306
vertex 59.96523285 32.27889252 102.3225708

endloop
endfacet
facet normal -0.2782940865 -0.7369980812 -0.6159434319
outer loop
vertex 56.09566498 33.74004364 102.3226089
vertex 59.96523285 32.27890778 102.3225708
vertex 51.38600922 33.53572845 104.6949844

endloop
endfacet
facet normal -0.1883352101 -0.9675427079 -0.1684958935
outer loop
vertex 51.38600922 33.53572845 104.6949844
vertex 59.96523285 32.27890778 102.3225708
vertex 55.47614288 32.73955536 104.695076

endloop
endfacet
facet normal -0.1016788334 -0.5224460959 -0.8465881944
outer loop
vertex 51.38600922 33.53572845 104.6949844
vertex 55.47614288 32.73955536 104.695076
vertex 46.21245575 30.70522308 107.0631104

endloop
endfacet
facet normal -0.09793752432 -0.5326042175 -0.8406789303
outer loop
vertex 46.21245575 30.70522308 107.0631104
vertex 55.47614288 32.73955536 104.695076
vertex 50.28791046 29.95687103 107.062439

endloop
endfacet
facet normal -0.106500566 -0.5792669654 -0.8081505895
outer loop
vertex 46.21245575 30.70522308 107.0631104
vertex 50.28791046 29.95687103 107.062439
vertex 42.25684357 28.1394577 109.4234848

endloop
endfacet
facet normal -0.1973028332 -0.3282162547 -0.9237671494
outer loop
vertex 42.25684357 28.1394577 109.4234848
vertex 50.28791046 29.95687103 107.062439
vertex 45.77129364 26.03742218 109.4197083

endloop
endfacet
facet normal -0.499081105 -0.8340008259 -0.2352885455
outer loop
vertex 42.25685883 28.13947296 109.4234848
vertex 45.77129364 26.03743744 109.4197083
vertex 40.31244659 28.63632965 111.7867126

endloop
endfacet
facet normal -0.539945066 -0.5704109669 -0.6189430952
outer loop
vertex 40.31244659 28.63632965 111.7867126
vertex 45.77129364 26.03743744 109.4197083
vertex 43.19901276 25.91564178 111.7759247

endloop
endfacet
facet normal -0.3448944986 -0.3693440855 0.8629209995
outer loop
vertex 40.31244659 28.63632965 111.7867126
vertex 43.19901276 25.91564178 111.7759247
vertex 39.14672089 35.3061142 114.1755676

endloop
endfacet
facet normal -0.684479475 -0.1112603322 -0.7204921246
outer loop
vertex 39.14672089 35.3061142 114.1755676
vertex 43.19901276 25.91564178 111.7759247
vertex 39.75206757 31.7181015 114.1545486

endloop
endfacet
facet normal -0.9857096672 -0.1664583087 0.02584533393
outer loop
vertex 39.14667511 35.3061142 114.1755676
vertex 39.75203705 31.7181015 114.154541
vertex 38.22336578 41.14446259 116.5638809

endloop
endfacet
facet normal -0.5940674543 0.107423909 -0.7972101569
outer loop
vertex 38.22336578 41.14446259 116.5638809
vertex 39.75203705 31.7181015 114.154541
vertex 37.50177765 37.03610992 116.5479965

endloop
endfacet
facet normal -0.923443377 0.1635351181 -0.347143501
outer loop
vertex 38.22336578 41.14446259 116.5638809
vertex 37.50177765 37.03610992 116.5479965
vertex 37.7234726 43.36882782 118.9415283

endloop
endfacet
facet normal -0.8990564942 0.1819860041 -0.3982189894
outer loop
vertex 37.7234726 43.36882782 118.9415283
vertex 37.50177765 37.03610992 116.5479965
vertex 36.87709808 39.17028046 118.9336472

endloop
endfacet
facet normal -0.9541527629 0.1927750409 -0.2289767861
outer loop
vertex 37.7234726 43.36882782 118.9415283
vertex 36.87709808 39.17028046 118.9336472
vertex 37.28495026 44.0187149 121.3160019

endloop
endfacet
facet normal -0.9504363537 0.1978167146 -0.2398735136
outer loop
vertex 37.28495026 44.0187149 121.3160019
vertex 36.87709808 39.17028046 118.9336472
vertex 36.4260788 39.88787079 121.3124695

endloop
endfacet
facet normal -0.973474741 0.2024940103 -0.1065044999
outer loop
vertex 37.28496552 44.01873016 121.3160172
vertex 36.42609406 39.88791656 121.3124924
vertex 37.22901154 44.99855804 123.6903687

endloop
endfacet
facet normal -0.957074821 0.2315049917 -0.1743938774
outer loop
vertex 37.22901154 44.99855804 123.6903687
vertex 36.42609406 39.88791656 121.3124924
vertex 36.25977325 40.98983002 123.6880341

endloop
endfacet
facet normal -0.9712531567 0.2348541617 -0.03886961192
outer loop
vertex 37.22901154 44.99855804 123.6903687
vertex 36.25977325 40.98983002 123.6880341
vertex 37.400383 46.10025787 126.0648117

endloop
endfacet
facet normal -0.9577322006 0.2653829157 -0.1109996885
outer loop
vertex 37.400383 46.10025787 126.0648117
vertex 36.25977325 40.98983002 123.6880341
vertex 36.3197403 42.1996994 126.0632324

endloop
endfacet
facet normal -0.9635123014 0.2669313252 0.01979369111
outer loop
vertex 37.400383 46.10025787 126.0648117
vertex 36.3197403 42.1996994 126.0632324
vertex 37.63152313 46.75849152 128.4394684

endloop
endfacet
facet normal -0.950637877 0.3045481443 -0.05948109925
outer loop
vertex 37.63152313 46.75849152 128.4394684
vertex 36.3197403 42.1996994 126.0632324
vertex 36.42722321 42.99941254 128.4400177

endloop
endfacet
facet normal -0.9517211914 0.304905355 0.03548944741
outer loop
vertex 37.63152313 46.75849152 128.4394684
vertex 36.42723846 42.99941254 128.440033
vertex 37.91150665 47.35596466 130.8146362

endloop
endfacet
facet normal -0.9491691589 0.3143283427 0.0166064091
outer loop
vertex 37.91150665 47.35596466 130.8146362
vertex 36.42723846 42.99941254 128.440033
vertex 36.72106171 43.76099396 130.8187103

endloop
endfacet
facet normal -0.94874686 0.3141304255 -0.03466197103
outer loop
vertex 37.91150665 47.35596466 130.8146362
vertex 36.72106171 43.76099396 130.8187103
vertex 38.17293549 48.40766144 133.190155

endloop
endfacet
facet normal -0.9497991204 0.3115221262 -0.02890698798
outer loop
vertex 38.17293549 48.40766144 133.190155
vertex 36.72106171 43.76099396 130.8187103
vertex 37.03353119 44.93450165 133.1984253

endloop
endfacet
facet normal -0.9499664903 0.3115982115 -0.02168380655
outer loop
vertex 38.17293549 48.40766144 133.190155
vertex 37.03353119 44.93454742 133.1984406
vertex 38.52458954 49.6450119 135.5650482

endloop
endfacet
facet normal -0.953207016 0.3023158014 -0.001166446251
outer loop
vertex 38.52458954 49.6450119 135.5650482
vertex 37.03353119 44.93454742 133.1984406
vertex 37.46195221 46.29454803 135.5780945

endloop
endfacet
facet normal -0.9494248629 0.3014627397 0.08782253414
outer loop
vertex 38.52458954 49.6450119 135.5650482
vertex 37.46195221 46.29454803 135.5780945
vertex 39.12454987 50.8431015 137.938446

endloop
endfacet
facet normal -0.9508467317 0.2614394724 0.1659515947
outer loop
vertex 39.12454987 50.8431015 137.938446
vertex 37.46195221 46.29454803 135.5780945
vertex 38.26464081 47.70523834 137.954834

endloop
endfacet
facet normal -0.9550247192 0.2624386251 0.138035655
outer loop
vertex 39.12454987 50.8431015 137.938446
vertex 38.26464081 47.70523834 137.954834
vertex 39.89061737 52.38311005 140.3106995

endloop
endfacet
facet normal -0.954421699 0.2484744936 0.1653470993
outer loop
vertex 39.89061737 52.38311005 140.3106995
vertex 38.26464081 47.70523834 137.954834
vertex 39.14000702 49.4917984 140.3229065

endloop
endfacet
facet normal -0.9473772645 0.2468033433 0.2038736045
outer loop
vertex 39.89061737 52.38312531 140.3106995
vertex 39.14002228 49.49181366 140.3229065
vertex 40.89105988 54.26320648 142.68367

endloop
endfacet
facet normal -0.9462888241 0.2401819974 0.2164489031
outer loop
vertex 40.89105988 54.26320648 142.68367
vertex 39.14002228 49.49181366 140.3229065
vertex 40.22022247 51.61782074 142.6862946

endloop
endfacet
facet normal -0.8703613281 0.2211494446 0.439959228
outer loop
vertex 40.89105988 54.26320648 142.68367
vertex 40.22022247 51.61782074 142.6862946
vertex 42.78572845 56.5226059 145.2961426

endloop
endfacet
facet normal -0.8860011697 0.2586636543 0.3848312795
outer loop
vertex 42.78572845 56.5226059 145.2961426
vertex 40.22022247 51.61782074 142.6862946
vertex 42.17998505 54.44754791 145.2962799

endloop
endfacet
facet normal -0.4167557359 0.121714361 0.9008330703
outer loop
vertex 42.78569794 56.52259064 145.2961273
vertex 42.17996979 54.44753265 145.2962646
vertex 52.0956955 60.56044769 149.0576782

endloop
endfacet
facet normal 0.5223121047 -0.8527544141 0
outer loop
vertex 52.0956955 60.56044769 149.0576782
vertex 42.17996979 54.44753265 145.2962646
vertex 52.0956955 60.56044769 149.057663

endloop
endfacet
facet normal -0.4394395947 0.8788791895 -0.1856455952
outer loop
vertex 76.23403168 15.21147919 48.43406677
vertex 76.23397064 15.21144867 48.43406677
vertex 67.753685 11.76328278 52.1834259

endloop
endfacet
facet normal -0.449813664 0.1486667991 -0.8806622028
outer loop
vertex 67.753685 11.76328278 52.1834259
vertex 76.23397064 15.21144867 48.43406677
vertex 67.28948212 10.32659054 52.17799377

endloop
endfacet
facet normal -0.6980239153 0.2281016707 -0.6787726283
outer loop
vertex 67.753685 11.76328278 52.1834259
vertex 67.28948212 10.32659054 52.17799377
vertex 65.58779144 12.92328644 54.80056763

endloop
endfacet
facet normal -0.6237303615 0.3141254187 -0.7157412767
outer loop
vertex 65.58779144 12.92328644 54.80056763
vertex 67.28948212 10.32659054 52.17799377
vertex 64.72853851 11.19481659 54.79076767

endloop
endfacet
facet normal -0.7188117504 0.3607035875 -0.5943085551
outer loop
vertex 65.58779144 12.92328644 54.80056763
vertex 64.72853851 11.19481659 54.79076767
vertex 64.06890106 13.80965424 57.17561722

endloop
endfacet
facet normal -0.7585160136 0.3242113292 -0.5652790666
outer loop
vertex 64.06890106 13.80965424 57.17561722
vertex 64.72853851 11.19481659 54.79076767
vertex 63.22014618 11.79468536 57.15884399

endloop
endfacet
facet normal -0.7904641032 0.3372195065 -0.5113213062
outer loop
vertex 64.06890106 13.80965424 57.17561722
vertex 63.22014618 11.79468536 57.15884399
vertex 62.76058197 14.33968353 59.54773712

endloop
endfacet
facet normal -0.8138773441 0.3127075732 -0.4897117913
outer loop
vertex 62.76058197 14.33968353 59.54773712
vertex 63.22014618 11.79468536 57.15884399
vertex 61.91831207 12.10849762 59.5228157

endloop
endfacet
facet normal -0.8271334171 0.317422092 -0.4637818635
outer loop
vertex 62.76058197 14.33968353 59.54773712
vertex 61.91831207 12.10849762 59.5228157
vertex 61.73192596 15.13352203 61.92561722

endloop
endfacet
facet normal -0.8512837291 0.2931910455 -0.4351493418
outer loop
vertex 61.73192596 15.13352203 61.92561722
vertex 61.91831207 12.10849762 59.5228157
vertex 60.90322113 12.67383575 61.88954926

endloop
endfacet
facet normal -0.8568723202 0.2948935032 -0.4228565693
outer loop
vertex 61.73192596 15.13350677 61.92561722
vertex 60.90322113 12.67381954 61.88954926
vertex 60.91869354 16.1860733 64.30758667

endloop
endfacet
facet normal -0.8819326758 0.2699297965 -0.3864358068
outer loop
vertex 60.91869354 16.1860733 64.30758667
vertex 60.90322113 12.67381954 61.88954926
vertex 60.11901093 13.50815582 64.26208496

endloop
endfacet
facet normal -0.8933506608 0.2728400826 -0.357047528
outer loop
vertex 60.9187088 16.1860733 64.30758667
vertex 60.11902618 13.50815582 64.26208496
vertex 60.15427399 16.79137421 66.68278503

endloop
endfacet
facet normal -0.9003604054 0.2644511163 -0.3455673754
outer loop
vertex 60.15427399 16.79137421 66.68278503
vertex 60.11902618 13.50815582 64.26208496
vertex 59.34111786 13.9522171 66.62871552

endloop
endfacet
facet normal -0.91041255 0.2667660415 -0.3162036836
outer loop
vertex 60.15422821 16.79135895 66.6827774
vertex 59.34108734 13.95220184 66.62870789
vertex 59.47071075 17.27495575 69.05874634

endloop
endfacet
facet normal -0.9115440249 0.265314579 -0.3141586483
outer loop
vertex 59.47071075 17.27495575 69.05874634
vertex 59.34108734 13.95220184 66.62870789
vertex 58.62323761 14.29084015 68.99756622

endloop
endfacet
facet normal -0.9084337354 0.2646249831 -0.3236075342
outer loop
vertex 59.47071075 17.27495575 69.05874634
vertex 58.62323761 14.29084015 68.99756622
vertex 58.79827118 17.87804413 71.43959045

endloop
endfacet
facet normal -0.898214221 0.2764633 -0.3417298496
outer loop
vertex 58.79827118 17.87804413 71.43959045
vertex 58.62323761 14.29084015 68.99756622
vertex 57.8824234 14.82176971 71.37427521

endloop
endfacet
facet normal -0.9134988785 0.2800473273 -0.2951157689
outer loop
vertex 58.79827118 17.87804413 71.43959045
vertex 57.8824234 14.82176971 71.37427521
vertex 58.20334625 18.4466629 73.8207016

endloop
endfacet
facet normal -0.9212792516 0.2702832222 -0.2796275318
outer loop
vertex 58.20334625 18.4466629 73.8207016
vertex 57.8824234 14.82176971 71.37427521
vertex 57.30930328 15.3298111 73.75357819

endloop
endfacet
facet normal -0.9503794312 0.2757114768 -0.1440903544
outer loop
vertex 58.20334625 18.4466629 73.8207016
vertex 57.30930328 15.3298111 73.75357819
vertex 58.15447235 19.52402496 76.2045517

endloop
endfacet
facet normal -0.9686854482 0.2375027835 -0.07239346951
outer loop
vertex 58.15447235 19.52402496 76.2045517
vertex 57.30930328 15.3298111 73.75357819
vertex 57.35112762 16.22925568 76.14476013

endloop
endfacet
facet normal -0.9714962244 0.2366113067 0.01449601725
outer loop
vertex 58.15447235 19.52402496 76.2045517
vertex 57.35112762 16.22925568 76.14476013
vertex 58.46924591 20.67087555 78.58061981

endloop
endfacet
facet normal -0.9697224498 0.2442098409 -0.0001735159021
outer loop
vertex 58.46924591 20.67087555 78.58061981
vertex 57.35112762 16.22925568 76.14476013
vertex 57.60890961 17.25457001 78.53549957

endloop
endfacet
facet normal -0.9631810784 0.240995571 0.1191774681
outer loop
vertex 58.46923065 20.67084503 78.58061218
vertex 57.60886383 17.25455475 78.53548431
vertex 59.05167389 21.82431793 80.95536041

endloop
endfacet
facet normal -0.962567687 0.2202947289 0.1579037905
outer loop
vertex 59.05167389 21.82431793 80.95536041
vertex 57.60886383 17.25455475 78.53548431
vertex 58.25041962 18.34351349 80.92712402

endloop
endfacet
facet normal -0.8746858239 0.1977562457 0.4425123632
outer loop
vertex 59.05167389 21.82431793 80.95536041
vertex 58.25041962 18.34351349 80.92712402
vertex 60.55089569 23.14102936 83.33034515

endloop
endfacet
facet normal -0.8316884041 0.1281815022 0.5402442813
outer loop
vertex 60.55089569 23.14102936 83.33034515
vertex 58.25041962 18.34351349 80.92712402
vertex 60.02548981 19.76251984 83.32310486

endloop
endfacet
facet normal -0.5540180802 0.08438271284 0.8282170892
outer loop
vertex 60.55089569 23.14102936 83.33034515
vertex 60.02548981 19.76251984 83.32310486
vertex 64.34993744 24.77980804 85.70466614

endloop
endfacet
facet normal -0.4143078029 -0.07350839674 0.9071635008
outer loop
vertex 64.34993744 24.77980804 85.70466614
vertex 60.02548981 19.76251984 83.32310486
vertex 64.81313324 22.15718842 85.7036972

endloop
endfacet
facet normal -0.2880828679 -0.05123323947 0.9562339783
outer loop
vertex 64.34993744 24.77980804 85.70466614
vertex 64.81313324 22.15718842 85.7036972
vertex 71.79576874 27.22254181 88.07873535

endloop
endfacet
facet normal -0.1334341615 -0.2639607489 0.9552591443
outer loop
vertex 71.79576874 27.22254181 88.07873535
vertex 64.81313324 22.15718842 85.7036972
vertex 73.17531586 26.52445221 88.07853699

endloop
endfacet
facet normal -0.4476925433 -0.8847555518 0.1295336187
outer loop
vertex 71.79579926 27.22254181 88.07873535
vertex 73.17534637 26.52445221 88.07853699
vertex 71.73033905 27.60323334 90.4527359

endloop
endfacet
facet normal 0.07051440328 -0.8912975192 0.447902143
outer loop
vertex 71.73033905 27.60323334 90.4527359
vertex 73.17534637 26.52445221 88.07853699
vertex 74.31383514 27.80762482 90.4527359

endloop
endfacet
facet normal 0.06511647254 -0.8230683804 0.5641970634
outer loop
vertex 71.73033905 27.60323334 90.4527359
vertex 74.31383514 27.80762482 90.4527359
vertex 70.00078583 29.09375763 92.8267746

endloop
endfacet
facet normal 0.1908749044 -0.6751656532 0.7125434279
outer loop
vertex 70.00078583 29.09375763 92.8267746
vertex 74.31383514 27.80762482 90.4527359
vertex 73.46556854 30.07328033 92.8267746

endloop
endfacet
facet normal 0.1946227103 -0.6884225011 0.69871068
outer loop
vertex 70.00078583 29.09375763 92.8267746
vertex 73.46556854 30.07328033 92.8267746
vertex 68.66576385 31.1259079 95.2008667

endloop
endfacet
facet normal 0.2221229821 -0.6420739889 0.7337591648
outer loop
vertex 68.66576385 31.1259079 95.2008667
vertex 73.46556854 30.07328033 92.8267746
vertex 72.49382782 32.45020294 95.20085907

endloop
endfacet
facet normal 0.2821688354 -0.8156464696 0.5050757527
outer loop
vertex 68.66576385 31.1259079 95.2008667
vertex 72.49382782 32.45020294 95.20085907
vertex 66.72219086 31.92363739 97.57492828

endloop
endfacet
facet normal 0.2789435387 -0.8224658966 0.495722115
outer loop
vertex 66.72219086 31.92363739 97.57492828
vertex 72.49382782 32.45020294 95.20085907
vertex 70.73778534 33.28556061 97.57495117

endloop
endfacet
facet normal 0.3080015481 -0.9081391692 0.2835812867
outer loop
vertex 66.72219086 31.92363739 97.57492828
vertex 70.73778534 33.28556061 97.57495117
vertex 63.93102264 31.71829987 99.94888306

endloop
endfacet
facet normal 0.2230794877 -0.9747924209 -0.003919546492
outer loop
vertex 63.93102264 31.71829987 99.94888306
vertex 70.73778534 33.28556061 97.57495117
vertex 68.02455902 32.65509796 99.94895935

endloop
endfacet
facet normal 0.1910357028 -0.83481282 0.5163263083
outer loop
vertex 63.93102264 31.71829987 99.94888306
vertex 68.02455902 32.65509796 99.94895935
vertex 59.96523285 32.27889252 102.3225708

endloop
endfacet
facet normal -0.1178635657 -0.8378717899 -0.532990694
outer loop
vertex 59.96523285 32.27889252 102.3225708
vertex 68.02455902 32.65509796 99.94895935
vertex 63.74823761 31.74672699 102.3225861

endloop
endfacet
facet normal -0.138952449 -0.9877408743 -0.07113558799
outer loop
vertex 59.96523285 32.27890778 102.3225708
vertex 63.74822235 31.74672699 102.3225861
vertex 55.47614288 32.73955536 104.695076

endloop
endfacet
facet normal -0.208717376 -0.9152007103 -0.3447388411
outer loop
vertex 55.47614288 32.73955536 104.695076
vertex 63.74822235 31.74672699 102.3225861
vertex 59.1568985 31.90003204 104.6953506

endloop
endfacet
facet normal -0.1160633415 -0.5091401339 -0.8528222442
outer loop
vertex 55.47614288 32.73955536 104.695076
vertex 59.1568985 31.90003204 104.6953506
vertex 50.28791046 29.95687103 107.062439

endloop
endfacet
facet normal 0.07611127198 -0.8914698958 -0.4466412961
outer loop
vertex 50.28791046 29.95687103 107.062439
vertex 59.1568985 31.90003204 104.6953506
vertex 54.53435516 30.31885529 107.0635681

endloop
endfacet
facet normal 0.04748275504 -0.5544294119 -0.8308750987
outer loop
vertex 50.28791046 29.95687103 107.062439
vertex 54.53435516 30.31885529 107.0635681
vertex 45.77129364 26.03742218 109.4197083

endloop
endfacet
facet normal 0.0005207832437 -0.4829489589 -0.8756483793
outer loop
vertex 45.77129364 26.03742218 109.4197083
vertex 54.53435516 30.31885529 107.0635681
vertex 50.29000092 26.03908539 109.4214783

endloop
endfacet
facet normal 0.0003844462917 -0.9986881614 -0.05120369047
outer loop
vertex 45.77129364 26.03743744 109.4197083
vertex 50.29000092 26.03908539 109.4214935
vertex 43.19901276 25.91564178 111.7759247

endloop
endfacet
facet normal -0.20679757 -0.7216382623 -0.6606609821
outer loop
vertex 43.19901276 25.91564178 111.7759247
vertex 50.29000092 26.03908539 109.4214935
vertex 47.05200958 24.81464386 111.7724915

endloop
endfacet
facet normal -0.1245993525 -0.4388165474 0.8898960948
outer loop
vertex 43.19901276 25.91564178 111.7759247
vertex 47.05200958 24.81464386 111.7724915
vertex 39.75206757 31.7181015 114.1545486

endloop
endfacet
facet normal -0.4679217935 -0.1975660324 -0.8614040017
outer loop
vertex 39.75206757 31.7181015 114.1545486
vertex 47.05200958 24.81464386 111.7724915
vertex 41.0591507 28.7148056 114.1333466

endloop
endfacet
facet normal -0.9165766239 -0.3990786374 0.0249716118
outer loop
vertex 39.75203705 31.7181015 114.154541
vertex 41.05910492 28.71479034 114.1333389
vertex 37.50177765 37.03610992 116.5479965

endloop
endfacet
facet normal -0.4772676229 0.05054369196 -0.8773033023
outer loop
vertex 37.50177765 37.03610992 116.5479965
vertex 41.05910492 28.71479034 114.1333389
vertex 37.13854218 33.00908661 116.5135956

endloop
endfacet
facet normal -0.9416278601 0.08771092445 -0.3250290453
outer loop
vertex 37.50177765 37.03610992 116.5479965
vertex 37.13854218 33.00908661 116.5135956
vertex 36.87709808 39.17028046 118.9336472

endloop
endfacet
facet normal -0.8607819676 0.1540198624 -0.4851106107
outer loop
vertex 36.87709808 39.17028046 118.9336472
vertex 37.13854218 33.00908661 116.5135956
vertex 36.14270782 34.92288971 118.8882294

endloop
endfacet
facet normal -0.9579915404 0.1681249738 -0.2323492169
outer loop
vertex 36.87709808 39.17028046 118.9336472
vertex 36.14270782 34.92288971 118.8882294
vertex 36.4260788 39.88787079 121.3124695

endloop
endfacet
facet normal -0.956302762 0.1705387235 -0.2374901175
outer loop
vertex 36.4260788 39.88787079 121.3124695
vertex 36.14270782 34.92288971 118.8882294
vertex 35.69478607 35.70665741 121.2546921

endloop
endfacet
facet normal -0.9738298655 0.1723691374 -0.1481363326
outer loop
vertex 36.42609406 39.88791656 121.3124924
vertex 35.69480133 35.70668793 121.2547073
vertex 36.25977325 40.98983002 123.6880341

endloop
endfacet
facet normal -0.9608340263 0.1939289868 -0.1979635954
outer loop
vertex 36.25977325 40.98983002 123.6880341
vertex 35.69480133 35.70668793 121.2547073
vertex 35.45719147 36.95107269 123.6269913

endloop
endfacet
facet normal -0.9778516293 0.1954502612 -0.07486972958
outer loop
vertex 36.25977325 40.98983002 123.6880341
vertex 35.45719147 36.95107269 123.6269913
vertex 36.3197403 42.1996994 126.0632324

endloop
endfacet
facet normal -0.9630239606 0.2261955738 -0.1463570148
outer loop
vertex 36.3197403 42.1996994 126.0632324
vertex 35.45719147 36.95107269 123.6269913
vertex 35.39585114 38.23133087 126.0092545

endloop
endfacet
facet normal -0.9733451009 0.2270481437 -0.0323779434
outer loop
vertex 36.3197403 42.1996994 126.0632324
vertex 35.39585114 38.23133087 126.0092545
vertex 36.42722321 42.99941254 128.4400177

endloop
endfacet
facet normal -0.9678156376 0.2429007292 -0.06581990421
outer loop
vertex 36.42722321 42.99941254 128.4400177
vertex 35.39585114 38.23133087 126.0092545
vertex 35.4670639 39.16529083 128.4088135

endloop
endfacet
facet normal -0.9692652822 0.2423852682 0.04212280363
outer loop
vertex 36.42723846 42.99941254 128.440033
vertex 35.46707916 39.16529083 128.4088287
vertex 36.72106171 43.76099396 130.8187103

endloop
endfacet
facet normal -0.9642766118 0.264876157 -0.003363665426
outer loop
vertex 36.72106171 43.76099396 130.8187103
vertex 35.46707916 39.16529083 128.4088287
vertex 35.72093964 40.12006378 130.8183594

endloop
endfacet
facet normal -0.9642742276 0.264875561 -0.004003487062
outer loop
vertex 36.72106171 43.76099396 130.8187103
vertex 35.72093964 40.12006378 130.8183594
vertex 37.03353119 44.93450165 133.1984253

endloop
endfacet
facet normal -0.9619031549 0.2725893855 -0.02091489173
outer loop
vertex 37.03353119 44.93450165 133.1984253
vertex 35.72093964 40.12006378 130.8183594
vertex 36.03572845 41.41509247 133.2192688

endloop
endfacet
facet normal -0.9619125724 0.2728115916 0.01726291329
outer loop
vertex 37.03353119 44.93454742 133.1984406
vertex 36.03574371 41.41510773 133.2192688
vertex 37.46195221 46.29454803 135.5780945

endloop
endfacet
facet normal -0.9631367922 0.267429769 0.02913581394
outer loop
vertex 37.46195221 46.29454803 135.5780945
vertex 36.03574371 41.41510773 133.2192688
vertex 36.52800751 42.92728424 135.6120758

endloop
endfacet
facet normal -0.9502270818 0.2652051747 0.1635072082
outer loop
vertex 37.46195221 46.29454803 135.5780945
vertex 36.52800751 42.92728424 135.6120758
vertex 38.26464081 47.70523834 137.954834

endloop
endfacet
facet normal -0.9504856467 0.2701635063 0.1535865963
outer loop
vertex 38.26464081 47.70523834 137.954834
vertex 36.52800751 42.92728424 135.6120758
vertex 37.391716 44.60878754 137.9994049

endloop
endfacet
facet normal -0.951366663 0.2703275681 0.1477310061
outer loop
vertex 38.26464081 47.70523834 137.954834
vertex 37.391716 44.60878754 137.9994049
vertex 39.14000702 49.4917984 140.3229065

endloop
endfacet
facet normal -0.9472159147 0.2357602865 0.2172535807
outer loop
vertex 39.14000702 49.4917984 140.3229065
vertex 37.391716 44.60878754 137.9994049
vertex 38.45333099 46.693367 140.3658447

endloop
endfacet
facet normal -0.9464685917 0.2356286645 0.2206270695
outer loop
vertex 39.14002228 49.49181366 140.3229065
vertex 38.45334625 46.69338226 140.3658447
vertex 40.22022247 51.61782074 142.6862946

endloop
endfacet
facet normal -0.9291102886 0.1815530509 0.3221684992
outer loop
vertex 40.22022247 51.61782074 142.6862946
vertex 38.45334625 46.69338226 140.3658447
vertex 39.73638153 49.09586334 142.7121429

endloop
endfacet
facet normal -0.8680204153 0.1713074893 0.4660410881
outer loop
vertex 40.22022247 51.61782074 142.6862946
vertex 39.73638153 49.09586334 142.7121429
vertex 42.17998505 54.44754791 145.2962799

endloop
endfacet
facet normal -0.867737174 0.1708410829 0.4667392671
outer loop
vertex 42.17998505 54.44754791 145.2962799
vertex 39.73638153 49.09586334 142.7121429
vertex 41.77326202 52.36829376 145.3011932

endloop
endfacet
facet normal -0.3960978389 0.07964579016 0.9147474766
outer loop
vertex 42.17996979 54.44753265 145.2962646
vertex 41.77323151 52.36829376 145.301178
vertex 52.0956955 60.56044769 149.057663

endloop
endfacet
facet normal -0.6616216302 0.6616216302 0.3528648615
outer loop
vertex 52.0956955 60.56044769 149.057663
vertex 41.77323151 52.36829376 145.301178
vertex 52.09568024 60.56043243 149.057663

endloop
endfacet
facet normal 0.4741473496 -0.2135394067 0.8541576266
outer loop
vertex 76.23400116 15.21144867 48.43406296
vertex 76.23400116 15.21146393 48.43406677
vertex 67.28948212 10.32657623 52.17799377

endloop
endfacet
facet normal -0.4125374854 0.05865697563 -0.909050107
outer loop
vertex 67.28948212 10.32657623 52.17799377
vertex 76.23400116 15.21146393 48.43406677
vertex 67.08943939 8.853157043 52.17370224

endloop
endfacet
facet normal -0.6946303844 0.09638473392 -0.7128805518
outer loop
vertex 67.28948212 10.32657623 52.17799377
vertex 67.08943939 8.853157043 52.17370224
vertex 64.72853851 11.19480133 54.79076385

endloop
endfacet
facet normal -0.6622918248 0.1521779001 -0.7336289287
outer loop
vertex 64.72853851 11.19480133 54.79076385
vertex 67.08943939 8.853157043 52.17370224
vertex 64.31603241 9.360679626 54.7827034

endloop
endfacet
facet normal -0.8072404265 0.1840182543 -0.560803175
outer loop
vertex 64.72853851 11.19480133 54.79076385
vertex 64.31603241 9.360679626 54.7827034
vertex 63.22014618 11.79468536 57.15884018

endloop
endfacet
facet normal -0.8069846034 0.1843774319 -0.5610532165
outer loop
vertex 63.22014618 11.79468536 57.15884018
vertex 64.31603241 9.360679626 54.7827034
vertex 62.75243378 9.703453064 57.14433289

endloop
endfacet
facet normal -0.8483993411 0.1931668967 -0.4928541183
outer loop
vertex 63.22014618 11.79468536 57.15884018
vertex 62.75243378 9.703453064 57.14433289
vertex 61.91831207 12.10849762 59.52281189

endloop
endfacet
facet normal -0.8469272852 0.195333764 -0.4945290089
outer loop
vertex 61.91831207 12.10849762 59.52281189
vertex 62.75243378 9.703453064 57.14433289
vertex 61.39229584 9.767814636 59.4991188

endloop
endfacet
facet normal -0.8815642595 0.2024286389 -0.4264587164
outer loop
vertex 61.91831207 12.10849762 59.52281189
vertex 61.39229584 9.767814636 59.4991188
vertex 60.90320587 12.67380524 61.88954926

endloop
endfacet
facet normal -0.8628895879 0.2264387757 -0.4518263936
outer loop
vertex 60.90320587 12.67380524 61.88954926
vertex 61.39229584 9.767814636 59.4991188
vertex 60.25255585 10.12595367 61.85525894

endloop
endfacet
facet normal -0.8956719041 0.2338260263 -0.3782818913
outer loop
vertex 60.90320587 12.67380524 61.88954926
vertex 60.25254059 10.12595367 61.85525894
vertex 60.11899567 13.50814056 64.26207733

endloop
endfacet
facet normal -0.8834587336 0.2479831576 -0.397498548
outer loop
vertex 60.11899567 13.50814056 64.26207733
vertex 60.25254059 10.12595367 61.85525894
vertex 59.38918304 10.83467865 64.21625519

endloop
endfacet
facet normal -0.9040977955 0.2527156174 -0.3445896804
outer loop
vertex 60.11902618 13.50814056 64.26207733
vertex 59.3891983 10.83467865 64.21625519
vertex 59.34113312 13.9522171 66.62870789

endloop
endfacet
facet normal -0.8793427944 0.2828717828 -0.3830663264
outer loop
vertex 59.34113312 13.9522171 66.62870789
vertex 59.3891983 10.83467865 64.21625519
vertex 58.47692108 11.18547821 66.56946564

endloop
endfacet
facet normal -0.9039105177 0.2890874445 -0.3152369857
outer loop
vertex 59.34108734 13.95220184 66.62870026
vertex 58.47689056 11.18546295 66.56946564
vertex 58.62325287 14.29084015 68.99756622

endloop
endfacet
facet normal -0.8933266997 0.3021930158 -0.3326360881
outer loop
vertex 58.62325287 14.29084015 68.99756622
vertex 58.47689056 11.18546295 66.56946564
vertex 57.65824127 11.35427094 68.92138672

endloop
endfacet
facet normal -0.8891990781 0.301142782 -0.3444387019
outer loop
vertex 58.62325287 14.29084015 68.99756622
vertex 57.65824127 11.35427094 68.92138672
vertex 57.8824234 14.82176971 71.37427521

endloop
endfacet
facet normal -0.91565907 0.2699037492 -0.2978596687
outer loop
vertex 57.8824234 14.82176971 71.37427521
vertex 57.65824127 11.35427094 68.92138672
vertex 57.00046539 11.72690582 71.28113556

endloop
endfacet
facet normal -0.9210729599 0.2709003687 -0.2797096372
outer loop
vertex 57.8824234 14.82176971 71.37427521
vertex 57.00046539 11.72690582 71.28113556
vertex 57.30930328 15.3298111 73.75357819

endloop
endfacet
facet normal -0.9405952096 0.2432086617 -0.2369180769
outer loop
vertex 57.30930328 15.3298111 73.75357819
vertex 57.00046539 11.72690582 71.28113556
vertex 56.51940155 12.17075253 73.64665222

endloop
endfacet
facet normal -0.966802001 0.2442801297 -0.07497416437
outer loop
vertex 57.30930328 15.3298111 73.75357819
vertex 56.51940155 12.17075253 73.64665222
vertex 57.35112762 16.22924042 76.14476013

endloop
endfacet
facet normal -0.9660774469 0.2461244762 -0.07821179181
outer loop
vertex 57.35112762 16.22924042 76.14476013
vertex 56.51940155 12.17075253 73.64665222
vertex 56.53890228 13.00467682 76.03005219

endloop
endfacet
facet normal -0.9697086215 0.244264245 -0.0002060879488
outer loop
vertex 57.35112762 16.22924042 76.14476013
vertex 56.53890228 13.00467682 76.03005219
vertex 57.60889435 17.25457001 78.53549194

endloop
endfacet
facet normal -0.9645405412 0.261939019 -0.03239441663
outer loop
vertex 57.60889435 17.25457001 78.53549194
vertex 56.53890228 13.00467682 76.03005219
vertex 56.73453522 14.02152348 78.42725372

endloop
endfacet
facet normal -0.9568579793 0.2540531456 0.1409956962
outer loop
vertex 57.60886383 17.25455475 78.53548431
vertex 56.73451996 14.02152348 78.42724609
vertex 58.25040436 18.34351349 80.92711639

endloop
endfacet
facet normal -0.9555286765 0.2776335478 0.09942175448
outer loop
vertex 58.25040436 18.34351349 80.92711639
vertex 56.73451996 14.02152348 78.42724609
vertex 57.27811432 15.0316391 80.83092499

endloop
endfacet
facet normal -0.8423155546 0.2331706733 0.4859382212
outer loop
vertex 58.25040436 18.34351349 80.92711639
vertex 57.27811432 15.0316391 80.83092499
vertex 60.02547455 19.76251984 83.32309723

endloop
endfacet
facet normal -0.8878145814 0.3752095699 0.2664642334
outer loop
vertex 60.02547455 19.76251984 83.32309723
vertex 57.27811432 15.0316391 80.83092499
vertex 58.56760406 16.36537933 83.24924469

endloop
endfacet
facet normal -0.5155308843 0.2031411678 0.8324431777
outer loop
vertex 60.02547455 19.76251984 83.32309723
vertex 58.56760406 16.36537933 83.24924469
vertex 64.81310272 22.15718842 85.7036972

endloop
endfacet
facet normal -0.5972470641 0.335252434 0.7286300063
outer loop
vertex 64.81310272 22.15718842 85.7036972
vertex 58.56760406 16.36537933 83.24924469
vertex 62.94374847 18.90418243 85.66816711

endloop
endfacet
facet normal -0.3621610105 0.1981693506 0.9108064175
outer loop
vertex 64.81310272 22.15718842 85.7036972
vertex 62.94374847 18.90418243 85.66816711
vertex 73.17531586 26.52443695 88.07852936

endloop
endfacet
facet normal -0.4427177608 0.330814302 0.8334043622
outer loop
vertex 73.17531586 26.52443695 88.07852936
vertex 62.94374847 18.90418243 85.66816711
vertex 71.05544281 23.70626068 88.07107544

endloop
endfacet
facet normal -0.7978649139 0.6000080109 0.05832699314
outer loop
vertex 73.17531586 26.52445221 88.07852936
vertex 71.05544281 23.70626068 88.07107544
vertex 74.31383514 27.80760956 90.45272827

endloop
endfacet
facet normal -0.7373090386 0.2135992199 0.6408983469
outer loop
vertex 74.31383514 27.80760956 90.45272827
vertex 71.05544281 23.70626068 88.07107544
vertex 73.81203461 26.07566071 90.45266724

endloop
endfacet
facet normal -0.8204109073 0.237717405 -0.5200157762
outer loop
vertex 74.31383514 27.80760956 90.45272827
vertex 73.81203461 26.07566071 90.45266724
vertex 73.46553802 30.07328033 92.8267746

endloop
endfacet
facet normal -0.2079556733 -0.5127208829 0.8329896927
outer loop
vertex 73.46553802 30.07328033 92.8267746
vertex 73.81203461 26.07566071 90.45266724
vertex 74.87508392 29.50157928 92.8267746

endloop
endfacet
facet normal -0.2972316146 -0.7328333855 0.6120528579
outer loop
vertex 73.46553802 30.07328033 92.8267746
vertex 74.87508392 29.50157928 92.8267746
vertex 72.49382782 32.45020294 95.20085907

endloop
endfacet
facet normal 0.09721913189 -0.5753544569 0.8121057749
outer loop
vertex 72.49382782 32.45020294 95.20085907
vertex 74.87508392 29.50157928 92.8267746
vertex 75.29897308 32.92421722 95.20087433

endloop
endfacet
facet normal 0.1507798731 -0.8923062682 0.4255053997
outer loop
vertex 72.49382782 32.45020294 95.20085907
vertex 75.29897308 32.92421722 95.20087433
vertex 70.73775482 33.28557587 97.57495117

endloop
endfacet
facet normal 0.2456713617 -0.7697606683 0.5891638994
outer loop
vertex 70.73775482 33.28557587 97.57495117
vertex 75.29897308 32.92421722 95.20087433
vertex 74.16338348 34.37889862 97.57498169

endloop
endfacet
facet normal 0.3027003706 -0.9484316111 0.09407491237
outer loop
vertex 70.73775482 33.28557587 97.57495117
vertex 74.16338348 34.37889862 97.57498169
vertex 68.02455902 32.65511322 99.94895935

endloop
endfacet
facet normal 0.3812053502 -0.8468546867 0.3708362579
outer loop
vertex 68.02455902 32.65511322 99.94895935
vertex 74.16338348 34.37889862 97.57498169
vertex 71.78884125 34.349617 99.9490509

endloop
endfacet
facet normal 0.3823498487 -0.8493968248 0.3637768626
outer loop
vertex 68.02455902 32.65511322 99.94895935
vertex 71.78884125 34.349617 99.9490509
vertex 63.74823761 31.74672699 102.3225861

endloop
endfacet
facet normal 0.2754469216 -0.9545683861 -0.1137026027
outer loop
vertex 63.74823761 31.74672699 102.3225861
vertex 71.78884125 34.349617 99.9490509
vertex 67.7399826 32.89855194 102.3227463

endloop
endfacet
facet normal 0.2378696352 -0.8244252801 0.5135571957
outer loop
vertex 63.74822235 31.74672699 102.3225861
vertex 67.73995209 32.89855194 102.3227463
vertex 59.1568985 31.90006256 104.6953506

endloop
endfacet
facet normal -0.03846827894 -0.8636505008 -0.5026212335
outer loop
vertex 59.1568985 31.90006256 104.6953506
vertex 67.73995209 32.89855194 102.3227463
vertex 63.09893036 31.72429657 104.6956635

endloop
endfacet
facet normal -0.03552129492 -0.7977331877 -0.6019634008
outer loop
vertex 59.1568985 31.90006256 104.6953506
vertex 63.09893036 31.72429657 104.6956635
vertex 54.53435516 30.31885529 107.0635681

endloop
endfacet
facet normal 0.09106716514 -0.9655624032 -0.2437132001
outer loop
vertex 54.53435516 30.31885529 107.0635681
vertex 63.09893036 31.72429657 104.6956635
vertex 58.72084808 30.71331024 107.0651321

endloop
endfacet
facet normal 0.04921650887 -0.5189689398 -0.8533750772
outer loop
vertex 54.53435516 30.31885529 107.0635681
vertex 58.72084808 30.71331024 107.0651321
vertex 50.29000092 26.03908539 109.4214706

endloop
endfacet
facet normal 0.1992816776 -0.7033946514 -0.6822922826
outer loop
vertex 50.29000092 26.03908539 109.4214706
vertex 58.72084808 30.71331024 107.0651321
vertex 54.79764557 27.31182098 109.4259491

endloop
endfacet
facet normal 0.2696889341 -0.9546968341 -0.125784561
outer loop
vertex 50.29001617 26.03908539 109.4214859
vertex 54.79763031 27.31183624 109.4259567
vertex 47.05202484 24.81464386 111.7724915

endloop
endfacet
facet normal 0.04110012576 -0.7489414215 -0.661360383
outer loop
vertex 47.05202484 24.81464386 111.7724915
vertex 54.79763031 27.31183624 109.4259567
vertex 51.17168427 25.03964996 111.7737045

endloop
endfacet
facet normal 0.02637919411 -0.4876838923 0.8726216555
outer loop
vertex 47.05202484 24.81464386 111.7724915
vertex 51.17168427 25.03964996 111.7737045
vertex 41.0591507 28.7148056 114.1333466

endloop
endfacet
facet normal -0.301096946 -0.2351460159 -0.9241465926
outer loop
vertex 41.0591507 28.7148056 114.1333466
vertex 51.17168427 25.03964996 111.7737045
vertex 43.07784271 26.20789337 114.1135101

endloop
endfacet
facet normal -0.7704196572 -0.6191788912 -0.1518916786
outer loop
vertex 41.05910492 28.71479034 114.1333389
vertex 43.07779694 26.20787811 114.1135025
vertex 37.13854218 33.00908661 116.5135956

endloop
endfacet
facet normal -0.4012615681 -0.02731496468 -0.9155561328
outer loop
vertex 37.13854218 33.00908661 116.5135956
vertex 43.07779694 26.20787811 114.1135025
vertex 37.50533295 29.17363739 116.4672699

endloop
endfacet
facet normal -0.9416200519 -0.08611758053 -0.3254772723
outer loop
vertex 37.13854218 33.00908661 116.5135956
vertex 37.50533295 29.17363739 116.4672699
vertex 36.14270782 34.92287445 118.8882217

endloop
endfacet
facet normal -0.7851381898 0.07289227843 -0.6150159836
outer loop
vertex 36.14270782 34.92287445 118.8882217
vertex 37.50533295 29.17363739 116.4672699
vertex 35.81815338 30.74983978 118.8079605

endloop
endfacet
facet normal -0.9742532372 0.07982713729 -0.2108512521
outer loop
vertex 36.14270782 34.92287445 118.8882217
vertex 35.81815338 30.74983978 118.8079605
vertex 35.69477081 35.70664215 121.2546768

endloop
endfacet
facet normal -0.9523386359 0.1156294495 -0.2822780609
outer loop
vertex 35.69477081 35.70664215 121.2546768
vertex 35.81815338 30.74983978 118.8079605
vertex 35.22629547 31.5639267 121.1382217

endloop
endfacet
facet normal -0.9805642366 0.1153444499 -0.1587118804
outer loop
vertex 35.69478607 35.70667267 121.2546997
vertex 35.22632599 31.56395721 121.138237
vertex 35.45719147 36.95105743 123.6269836

endloop
endfacet
facet normal -0.9485102892 0.1654349416 -0.2701103985
outer loop
vertex 35.45719147 36.95105743 123.6269836
vertex 35.22632599 31.56395721 121.138237
vertex 34.80188751 32.97168732 123.4908752

endloop
endfacet
facet normal -0.9796434045 0.1652228832 -0.1140185148
outer loop
vertex 35.45719147 36.95105743 123.6269836
vertex 34.80188751 32.97168732 123.4908752
vertex 35.39585114 38.23133087 126.0092468

endloop
endfacet
facet normal -0.9477774501 0.2183423191 -0.2324745655
outer loop
vertex 35.39585114 38.23133087 126.0092468
vertex 34.80188751 32.97168732 123.4908752
vertex 34.53105927 34.32198334 125.8632278

endloop
endfacet
facet normal -0.9744334817 0.2176395208 -0.05578936636
outer loop
vertex 35.39585114 38.23133087 126.0092468
vertex 34.53105927 34.32198334 125.8632278
vertex 35.4670639 39.16527557 128.4088287

endloop
endfacet
facet normal -0.9659743309 0.2388412952 -0.09923853725
outer loop
vertex 35.4670639 39.16527557 128.4088287
vertex 34.53105927 34.32198334 125.8632278
vertex 34.54705048 35.38382721 128.2631531

endloop
endfacet
facet normal -0.9716947675 0.2360746562 0.008830463514
outer loop
vertex 35.46707916 39.16527557 128.408844
vertex 34.54705048 35.38384247 128.2631531
vertex 35.72093964 40.12004852 130.8183746

endloop
endfacet
facet normal -0.9579613805 0.2772451639 -0.07379003614
outer loop
vertex 35.72093964 40.12004852 130.8183746
vertex 34.54705048 35.38384247 128.2631531
vertex 34.68335724 36.50070953 130.6898956

endloop
endfacet
facet normal -0.960806787 0.2762596011 -0.0230463054
outer loop
vertex 35.72093964 40.12004852 130.8183746
vertex 34.68335724 36.50070953 130.6898956
vertex 36.0357132 41.41509247 133.2192688

endloop
endfacet
facet normal -0.9438331127 0.3134819865 -0.1044417173
outer loop
vertex 36.0357132 41.41509247 133.2192688
vertex 34.68335724 36.50070953 130.6898956
vertex 34.90050507 37.9706955 133.1397095

endloop
endfacet
facet normal -0.9497272372 0.3130689859 -0.002461368218
outer loop
vertex 36.03572845 41.41509247 133.2192841
vertex 34.90052032 37.9706955 133.1397247
vertex 36.52800751 42.92728424 135.6120911

endloop
endfacet
facet normal -0.9466534853 0.3215377927 -0.02146290056
outer loop
vertex 36.52800751 42.92728424 135.6120911
vertex 34.90052032 37.9706955 133.1397247
vertex 35.43386078 39.70652008 135.6204987

endloop
endfacet
facet normal -0.9404808879 0.3197970688 0.1150025204
outer loop
vertex 36.52800751 42.92728424 135.6120911
vertex 35.43386078 39.70652008 135.6204987
vertex 37.39170074 44.60878754 137.9994049

endloop
endfacet
facet normal -0.9406849146 0.3169826865 0.1209700927
outer loop
vertex 37.39170074 44.60878754 137.9994049
vertex 35.43386078 39.70652008 135.6204987
vertex 36.39006805 41.60601044 138.0788269

endloop
endfacet
facet normal -0.9378898144 0.3166029751 0.141863212
outer loop
vertex 37.39170074 44.60878754 137.9994049
vertex 36.39006805 41.60601044 138.0788269
vertex 38.45333099 46.69335175 140.36586

endloop
endfacet
facet normal -0.9173221588 0.2240906805 0.3290950656
outer loop
vertex 38.45333099 46.69335175 140.36586
vertex 36.39006805 41.60601044 138.0788269
vertex 37.82242584 43.98180389 140.4536438

endloop
endfacet
facet normal -0.9333376288 0.2261948436 0.2787773013
outer loop
vertex 38.45334625 46.693367 140.3658752
vertex 37.82242584 43.98181915 140.4536743
vertex 39.73639679 49.09584808 142.7121582

endloop
endfacet
facet normal -0.8564610481 0.09659284353 0.5070939064
outer loop
vertex 39.73639679 49.09584808 142.7121582
vertex 37.82242584 43.98181915 140.4536743
vertex 39.51044464 46.72727203 142.7817078

endloop
endfacet
facet normal -0.8375278711 0.09569267929 0.5379498601
outer loop
vertex 39.73639679 49.09584808 142.7121582
vertex 39.51044464 46.72727203 142.7817078
vertex 41.77324677 52.3682785 145.3011932

endloop
endfacet
facet normal -0.8517948985 0.1132327914 0.5114916563
outer loop
vertex 41.77324677 52.3682785 145.3011932
vertex 39.51044464 46.72727203 142.7817078
vertex 41.52906036 50.40566254 145.3290253

endloop
endfacet
facet normal -0.3835859299 0.06078605726 0.9215025306
outer loop
vertex 41.77321625 52.36826324 145.3011932
vertex 41.52902985 50.40564728 145.32901
vertex 52.09568024 60.56043243 149.0576477

endloop
endfacet
facet normal -0.4009978175 0.647765696 -0.647765696
outer loop
vertex 52.09568024 60.56043243 149.0576477
vertex 41.52902985 50.40564728 145.32901
vertex 52.09568024 60.56044769 149.057663

endloop
endfacet
facet normal 0.4112621546 -0.8225243092 -0.3928323388
outer loop
vertex 76.23400116 15.21146393 48.43406677
vertex 76.23403168 15.21147919 48.43406677
vertex 67.08943939 8.853157043 52.17370224

endloop
endfacet
facet normal -0.3831259906 0.007763753179 -0.923663497
outer loop
vertex 67.08943939 8.853157043 52.17370224
vertex 76.23403168 15.21147919 48.43406677
vertex 67.05968475 7.283638 52.17285156

endloop
endfacet
facet normal -0.6838294864 0.01335930359 -0.729519546
outer loop
vertex 67.08943939 8.853157043 52.17370224
vertex 67.05968475 7.283638 52.17285156
vertex 64.31603241 9.360679626 54.7827034

endloop
endfacet
facet normal -0.6786331534 0.02587978169 -0.7340212464
outer loop
vertex 64.31603241 9.360679626 54.7827034
vertex 67.05968475 7.283638 52.17285156
vertex 64.24684906 7.440163136 54.77895355

endloop
endfacet
facet normal -0.8313288093 0.03103069402 -0.554913938
outer loop
vertex 64.31603241 9.360679626 54.7827034
vertex 64.24684906 7.440163136 54.77895355
vertex 62.75243378 9.703453064 57.14433289

endloop
endfacet
facet normal -0.7881897092 0.1120187715 -0.6051518321
outer loop
vertex 62.75243378 9.703453064 57.14433289
vertex 64.24684906 7.440163136 54.77895355
vertex 62.46154022 7.590857983 57.13215256

endloop
endfacet
facet normal -0.8581269383 0.1210365295 -0.4989672601
outer loop
vertex 62.75243378 9.703453064 57.14433289
vertex 62.46154022 7.590857983 57.13215256
vertex 61.39229584 9.767814636 59.4991188

endloop
endfacet
facet normal -0.8246852756 0.1784801185 -0.5366926789
outer loop
vertex 61.39229584 9.767814636 59.4991188
vertex 62.46154022 7.590857983 57.13215256
vertex 60.90085602 7.422690868 59.47438431

endloop
endfacet
facet normal -0.8727353811 0.1876423508 -0.4506919682
outer loop
vertex 61.39229584 9.767814636 59.4991188
vertex 60.90085602 7.422690868 59.47438431
vertex 60.25255585 10.12595367 61.85525894

endloop
endfacet
facet normal -0.8740015626 0.1858345568 -0.4489841461
outer loop
vertex 60.25255585 10.12595367 61.85525894
vertex 60.90085602 7.422690868 59.47438431
vertex 59.72531891 7.555229187 61.81756592

endloop
endfacet
facet normal -0.902096808 0.19069013 -0.3871158063
outer loop
vertex 60.25254059 10.12595367 61.85525894
vertex 59.72530365 7.555229187 61.8175621
vertex 59.38918304 10.83467865 64.21625519

endloop
endfacet
facet normal -0.8937718272 0.2014910132 -0.400715977
outer loop
vertex 59.38918304 10.83467865 64.21625519
vertex 59.72530365 7.555229187 61.8175621
vertex 58.79839325 8.11441803 64.16615295

endloop
endfacet
facet normal -0.9023994803 0.2029838413 -0.3800956905
outer loop
vertex 59.3891983 10.83467865 64.21625519
vertex 58.79840851 8.114402771 64.16615295
vertex 58.47692108 11.18547821 66.56946564

endloop
endfacet
facet normal -0.8977840543 0.209287867 -0.3875338733
outer loop
vertex 58.47692108 11.18547821 66.56946564
vertex 58.79840851 8.114402771 64.16615295
vertex 57.83473969 8.311515808 66.50509644

endloop
endfacet
facet normal -0.9179902077 0.2126224935 -0.3347920179
outer loop
vertex 58.47689056 11.18546295 66.56946564
vertex 57.83470917 8.311500549 66.50508881
vertex 57.65824127 11.35427094 68.92138672

endloop
endfacet
facet normal -0.946103394 0.1659742147 -0.2781023979
outer loop
vertex 57.65824127 11.35427094 68.92138672
vertex 57.83470917 8.311500549 66.50508881
vertex 57.15251923 8.341377258 68.84372711

endloop
endfacet
facet normal -0.9428792596 0.1657137722 -0.2889943123
outer loop
vertex 57.65824127 11.35427094 68.92138672
vertex 57.15251923 8.341377258 68.84372711
vertex 57.00046539 11.72690582 71.28113556

endloop
endfacet
facet normal -0.9658012986 0.1215217486 -0.2290420979
outer loop
vertex 57.00046539 11.72690582 71.28113556
vertex 57.15251923 8.341377258 68.84372711
vertex 56.63384247 8.646156311 71.1925354

endloop
endfacet
facet normal -0.9679811597 0.121511139 -0.2196530849
outer loop
vertex 57.00046539 11.72690582 71.28113556
vertex 56.63384247 8.646156311 71.1925354
vertex 56.51940155 12.17075253 73.64665222

endloop
endfacet
facet normal -0.9612759948 0.1357718706 -0.2398216426
outer loop
vertex 56.51940155 12.17075253 73.64665222
vertex 56.63384247 8.646156311 71.1925354
vertex 56.10263824 9.042457581 73.54611969

endloop
endfacet
facet normal -0.9903447628 0.1331745386 -0.03849334642
outer loop
vertex 56.51940155 12.17075253 73.64665222
vertex 56.10263824 9.042457581 73.54611969
vertex 56.53890228 13.00467682 76.03005219

endloop
endfacet
facet normal -0.9818724394 0.1657494158 -0.09194287658
outer loop
vertex 56.53890228 13.00467682 76.03005219
vertex 56.10263824 9.042457581 73.54611969
vertex 56.01108551 9.808540344 75.90487671

endloop
endfacet
facet normal -0.986643374 0.1624822021 0.01159704849
outer loop
vertex 56.53890228 13.00467682 76.03005219
vertex 56.01108551 9.808540344 75.90487671
vertex 56.73453522 14.02152348 78.42725372

endloop
endfacet
facet normal -0.980425179 0.1926618665 -0.04059381038
outer loop
vertex 56.73453522 14.02152348 78.42725372
vertex 56.01108551 9.808540344 75.90487671
vertex 56.09597015 10.73616791 78.25733948

endloop
endfacet
facet normal -0.9728114009 0.1816552579 0.143663913
outer loop
vertex 56.73451996 14.02152348 78.42724609
vertex 56.09593964 10.73613739 78.25733185
vertex 57.27811432 15.0316391 80.83092499

endloop
endfacet
facet normal -0.9709115624 0.2321995497 0.05842942744
outer loop
vertex 57.27811432 15.0316391 80.83092499
vertex 56.09593964 10.73613739 78.25733185
vertex 56.47620392 11.72750092 80.6364212

endloop
endfacet
facet normal -0.9060727358 0.1978868544 0.3739959598
outer loop
vertex 57.27811432 15.0316391 80.83092499
vertex 56.47620392 11.72750092 80.6364212
vertex 58.56760406 16.36537933 83.24924469

endloop
endfacet
facet normal -0.9306041002 0.3270447552 0.1643706262
outer loop
vertex 58.56760406 16.36537933 83.24924469
vertex 56.47620392 11.72750092 80.6364212
vertex 57.35442352 13.00037384 83.07595825

endloop
endfacet
facet normal -0.5449380875 0.1540217549 0.8242086172
outer loop
vertex 58.56760406 16.36537933 83.24924469
vertex 57.35442352 13.00037384 83.07595825
vertex 62.94374847 18.90418243 85.66816711

endloop
endfacet
facet normal -0.7087350488 0.4231252372 0.5644993782
outer loop
vertex 62.94374847 18.90418243 85.66816711
vertex 57.35442352 13.00037384 83.07595825
vertex 60.84520721 15.53366947 85.55982208

endloop
endfacet
facet normal -0.3925220072 0.2156502455 0.8941036463
outer loop
vertex 62.94374847 18.90418243 85.66816711
vertex 60.84520721 15.53366947 85.55982208
vertex 71.05544281 23.70626068 88.07107544

endloop
endfacet
facet normal -0.5675674081 0.5106187463 0.645860374
outer loop
vertex 71.05544281 23.70626068 88.07107544
vertex 60.84520721 15.53366947 85.55982208
vertex 67.85201263 20.1807785 88.04322815

endloop
endfacet
facet normal -0.727922678 0.6599611044 0.1859569997
outer loop
vertex 71.05544281 23.70626068 88.07107544
vertex 67.85201263 20.18079376 88.04322815
vertex 73.81203461 26.07566071 90.45266724

endloop
endfacet
facet normal -0.7249517441 0.5830937624 0.366669625
outer loop
vertex 73.81203461 26.07566071 90.45266724
vertex 67.85201263 20.18079376 88.04322815
vertex 71.22121429 22.8549118 90.45206451

endloop
endfacet
facet normal -0.6810467243 0.5479354262 -0.4857387245
outer loop
vertex 73.81203461 26.07566071 90.45266724
vertex 71.22121429 22.8549118 90.45206451
vertex 74.87508392 29.50157928 92.8267746

endloop
endfacet
facet normal -0.8547748923 0.3254564404 0.4042745531
outer loop
vertex 74.87508392 29.50157928 92.8267746
vertex 71.22121429 22.8549118 90.45206451
vertex 73.6979599 26.4101944 92.82661438

endloop
endfacet
facet normal -0.8831173778 0.336286515 -0.3271316588
outer loop
vertex 74.87508392 29.50157928 92.8267746
vertex 73.6979599 26.4101944 92.82661438
vertex 75.29897308 32.92421722 95.20087433

endloop
endfacet
facet normal -0.5640786886 -0.1568441987 0.8106880188
outer loop
vertex 75.29897308 32.92421722 95.20087433
vertex 73.6979599 26.4101944 92.82661438
vertex 75.86104584 30.90276337 95.20087433

endloop
endfacet
facet normal -0.9236528873 -0.2568251193 -0.2844403088
outer loop
vertex 75.29897308 32.92421722 95.20087433
vertex 75.86104584 30.90276337 95.20087433
vertex 74.16338348 34.37889862 97.57498169

endloop
endfacet
facet normal -0.1037576348 -0.5950016975 0.7969989181
outer loop
vertex 74.16338348 34.37889862 97.57498169
vertex 75.86104584 30.90276337 95.20087433
vertex 76.21691132 34.02082062 97.57499695

endloop
endfacet
facet normal -0.1689438373 -0.9688772559 -0.1809275746
outer loop
vertex 74.16338348 34.37889862 97.57498169
vertex 76.21691132 34.02082062 97.57499695
vertex 71.78884125 34.349617 99.9490509

endloop
endfacet
facet normal 0.298879832 -0.6951856017 0.6537489891
outer loop
vertex 71.78884125 34.349617 99.9490509
vertex 76.21691132 34.02082062 97.57499695
vertex 74.79061127 35.64020538 99.94909668

endloop
endfacet
facet normal 0.3925220668 -0.9129681587 0.1114254668
outer loop
vertex 71.78884125 34.349617 99.9490509
vertex 74.79061127 35.64020538 99.94909668
vertex 67.7399826 32.89855194 102.3227463

endloop
endfacet
facet normal 0.4467315674 -0.7970983982 0.4062818587
outer loop
vertex 67.7399826 32.89855194 102.3227463
vertex 74.79061127 35.64020538 99.94909668
vertex 71.42595673 34.96445465 102.3229599

endloop
endfacet
facet normal 0.4329528213 -0.7725285888 0.4644905031
outer loop
vertex 67.73995209 32.89855194 102.3227463
vertex 71.42595673 34.96445465 102.3229675
vertex 63.09893036 31.72429657 104.6956635

endloop
endfacet
facet normal 0.2427715063 -0.8960653543 -0.3716568649
outer loop
vertex 63.09893036 31.72429657 104.6956635
vertex 71.42595673 34.96445465 102.3229675
vertex 67.18920135 32.83228302 104.6961288

endloop
endfacet
facet normal 0.2607916594 -0.9627750516 0.07107720524
outer loop
vertex 63.09893036 31.72429657 104.6956635
vertex 67.18920135 32.83228302 104.6961288
vertex 58.72084808 30.71331024 107.0651321

endloop
endfacet
facet normal 0.1757470965 -0.9575978518 -0.2282967567
outer loop
vertex 58.72084808 30.71331024 107.0651321
vertex 67.18920135 32.83228302 104.6961288
vertex 63.01869965 31.50167084 107.0668945

endloop
endfacet
facet normal 0.1206686273 -0.6561757326 -0.7448976636
outer loop
vertex 58.72084808 30.71331024 107.0651321
vertex 63.01869965 31.50167084 107.0668945
vertex 54.79764557 27.31182098 109.4259491

endloop
endfacet
facet normal 0.4686153531 -0.8807141781 0.06886324286
outer loop
vertex 54.79764557 27.31182098 109.4259491
vertex 63.01869965 31.50167084 107.0668945
vertex 59.29869843 29.70723724 109.4319687

endloop
endfacet
facet normal 0.4661037624 -0.8755011559 -0.1274560839
outer loop
vertex 54.79763031 27.31183624 109.4259567
vertex 59.29868317 29.7072525 109.4319839
vertex 51.17168427 25.03964996 111.7737045

endloop
endfacet
facet normal 0.4085769355 -0.8619674444 -0.3001284003
outer loop
vertex 51.17168427 25.03964996 111.7737045
vertex 59.29868317 29.7072525 109.4319839
vertex 55.52555084 27.1011734 111.7801132

endloop
endfacet
facet normal 0.1962798536 -0.4172947407 0.8873214126
outer loop
vertex 51.17168427 25.03964996 111.7737045
vertex 55.52555084 27.1011734 111.7801132
vertex 43.07784271 26.20789337 114.1135101

endloop
endfacet
facet normal -0.1504633874 -0.3339503407 -0.9305040836
outer loop
vertex 43.07784271 26.20789337 114.1135101
vertex 55.52555084 27.1011734 111.7801132
vertex 46.07500458 24.89200592 114.1011276

endloop
endfacet
facet normal -0.3931995332 -0.8974567652 0.1999137402
outer loop
vertex 43.07779694 26.20787811 114.1135025
vertex 46.07494354 24.89199066 114.10112
vertex 37.50533295 29.17363739 116.4672699

endloop
endfacet
facet normal -0.3248644173 -0.1327287257 -0.9364006519
outer loop
vertex 37.50533295 29.17363739 116.4672699
vertex 46.07494354 24.89199066 114.10112
vertex 39.03627777 25.74710846 116.4218292

endloop
endfacet
facet normal -0.8530591726 -0.3763463497 -0.3614600599
outer loop
vertex 37.50533295 29.17363739 116.4672699
vertex 39.03627777 25.74710846 116.4218292
vertex 35.81815338 30.74983978 118.8079605

endloop
endfacet
facet normal -0.7183890343 -0.136802569 -0.6820573807
outer loop
vertex 35.81815338 30.74983978 118.8079605
vertex 39.03627777 25.74710846 116.4218292
vertex 36.63043976 26.87935638 118.7287216

endloop
endfacet
facet normal -0.9642130733 -0.1987643093 -0.1754591614
outer loop
vertex 35.81815338 30.74983978 118.8079605
vertex 36.63043976 26.87935638 118.7287216
vertex 35.22629547 31.5639267 121.1382217

endloop
endfacet
facet normal -0.9179993868 -0.07484369725 -0.3894554973
outer loop
vertex 35.22629547 31.5639267 121.1382217
vertex 36.63043976 26.87935638 118.7287216
vertex 35.59125519 27.69808197 121.0208817

endloop
endfacet
facet normal -0.9881474376 -0.08949774504 -0.12471921
outer loop
vertex 35.22632599 31.56395721 121.138237
vertex 35.59127045 27.69811249 121.0208969
vertex 34.80188751 32.97168732 123.4908752

endloop
endfacet
facet normal -0.9341497421 0.02684885077 -0.3558700085
outer loop
vertex 34.80188751 32.97168732 123.4908752
vertex 35.59127045 27.69811249 121.0208969
vertex 34.75293732 29.17488861 123.3329163

endloop
endfacet
facet normal -0.9921858907 0.01792861149 -0.1234727576
outer loop
vertex 34.80188751 32.97168732 123.4908752
vertex 34.75293732 29.17488861 123.3329163
vertex 34.53105927 34.32198334 125.8632278

endloop
endfacet
facet normal -0.9568560123 0.09392438084 -0.2749633491
outer loop
vertex 34.53105927 34.32198334 125.8632278
vertex 34.75293732 29.17488861 123.3329163
vertex 34.22724152 30.61405182 125.6539078

endloop
endfacet
facet normal -0.9960642457 0.08332122117 -0.03022838198
outer loop
vertex 34.53105927 34.32198334 125.8632278
vertex 34.22724152 30.61405182 125.6539078
vertex 34.54705048 35.38382721 128.2631531

endloop
endfacet
facet normal -0.9775204062 0.1477974504 -0.1503656507
outer loop
vertex 34.54705048 35.38382721 128.2631531
vertex 34.22724152 30.61405182 125.6539078
vertex 34.04511261 31.78206635 127.9859848

endloop
endfacet
facet normal -0.9903093576 0.1386381388 -0.008181541227
outer loop
vertex 34.54705048 35.38384247 128.2631531
vertex 34.04511261 31.7820816 127.9859924
vertex 34.68335724 36.50070953 130.6898956

endloop
endfacet
facet normal -0.9743021727 0.1956943572 -0.1115297899
outer loop
vertex 34.68335724 36.50070953 130.6898956
vertex 34.04511261 31.7820816 127.9859924
vertex 34.03409576 33.08010101 130.359787

endloop
endfacet
facet normal -0.9816504121 0.1888653785 -0.0263147261
outer loop
vertex 34.68335724 36.50070953 130.6898956
vertex 34.03409576 33.08010101 130.359787
vertex 34.90050507 37.9706955 133.1397095

endloop
endfacet
facet normal -0.9661989808 0.2333982289 -0.1094751135
outer loop
vertex 34.90050507 37.9706955 133.1397095
vertex 34.03409576 33.08010101 130.359787
vertex 34.15422821 34.73784637 132.8338013

endloop
endfacet
facet normal -0.9740017056 0.2195700258 0.05576460436
outer loop
vertex 34.90052032 37.9706955 133.1397247
vertex 34.15422821 34.73787689 132.8338013
vertex 35.43386078 39.70652008 135.6204987

endloop
endfacet
facet normal -0.9671036005 0.254216969 -0.009177929722
outer loop
vertex 35.43386078 39.70652008 135.6204987
vertex 34.15422821 34.73787689 132.8338013
vertex 34.62436676 36.61972809 135.4188995

endloop
endfacet
facet normal -0.9531488419 0.237741977 0.1870455146
outer loop
vertex 35.43386078 39.70652008 135.6204987
vertex 34.62436676 36.61972809 135.4188995
vertex 36.39006805 41.60601044 138.0788269

endloop
endfacet
facet normal -0.9542860389 0.2531633079 0.1588916779
outer loop
vertex 36.39006805 41.60601044 138.0788269
vertex 34.62436676 36.61972809 135.4188995
vertex 35.61095428 38.69893646 138.0314178

endloop
endfacet
facet normal -0.91867733 0.2411085814 0.3128874302
outer loop
vertex 36.39006805 41.60601044 138.0788269
vertex 35.61095428 38.69893646 138.0314178
vertex 37.82242584 43.98180389 140.4536438

endloop
endfacet
facet normal -0.9084168077 0.2162149847 0.3578126431
outer loop
vertex 37.82242584 43.98180389 140.4536438
vertex 35.61095428 38.69893646 138.0314178
vertex 37.21915436 41.30146027 140.5417023

endloop
endfacet
facet normal -0.8932715058 0.2140252292 0.3952963054
outer loop
vertex 37.82242584 43.98181915 140.4536743
vertex 37.21918488 41.30147552 140.5417175
vertex 39.51044464 46.72727203 142.7817078

endloop
endfacet
facet normal -0.8259426951 0.1215178296 0.5505016446
outer loop
vertex 39.51044464 46.72727203 142.7817078
vertex 37.21918488 41.30147552 140.5417175
vertex 39.23999786 44.42116547 142.8849945

endloop
endfacet
facet normal -0.856515646 0.1228984818 0.501275301
outer loop
vertex 39.51044464 46.72727203 142.7817078
vertex 39.23999786 44.42116547 142.8849945
vertex 41.52906036 50.40566254 145.3290253

endloop
endfacet
facet normal -0.828628242 0.09139853716 0.5522874594
outer loop
vertex 41.52906036 50.40566254 145.3290253
vertex 39.23999786 44.42116547 142.8849945
vertex 41.37505341 48.63553619 145.3908997

endloop
endfacet
facet normal -0.3877357244 0.06586946547 0.9194141626
outer loop
vertex 41.52902985 50.40564728 145.32901
vertex 41.37503815 48.63553619 145.3908844
vertex 52.09568024 60.56044769 149.057663

endloop
endfacet
facet normal -0.3734113872 0.5502904654 -0.7468227744
outer loop
vertex 52.09568024 60.56044769 149.057663
vertex 41.37503815 48.63553619 145.3908844
vertex 52.0956955 60.56047821 149.0576782

endloop
endfacet
facet normal -0.6882401109 0.6882401109 -0.2294583023
outer loop
vertex 76.23403168 15.21147919 48.43406677
vertex 76.23400116 15.21144867 48.43406677
vertex 67.05968475 7.283638 52.17285156

endloop
endfacet
facet normal -0.3309145272 -0.0611538142 -0.9416770935
outer loop
vertex 67.05968475 7.283638 52.17285156
vertex 76.23400116 15.21144867 48.43406677
vertex 67.31813812 5.80115509 52.17830276

endloop
endfacet
facet normal -0.6782619357 -0.1209121197 -0.724804163
outer loop
vertex 67.05968475 7.283638 52.17285156
vertex 67.31813812 5.80115509 52.17830276
vertex 64.24684906 7.440163136 54.77895355

endloop
endfacet
facet normal -0.671339035 -0.09087663889 -0.7355577946
outer loop
vertex 64.24684906 7.440163136 54.77895355
vertex 67.31813812 5.80115509 52.17830276
vertex 64.49440765 5.566184998 54.78453445

endloop
endfacet
facet normal -0.7953932285 -0.1068507656 -0.5966008902
outer loop
vertex 64.24684906 7.440163136 54.77895355
vertex 64.49440765 5.566184998 54.78453445
vertex 62.46154022 7.590857983 57.13215256

endloop
endfacet
facet normal -0.7719321847 -0.03936840594 -0.6344846487
outer loop
vertex 62.46154022 7.590857983 57.13215256
vertex 64.49440765 5.566184998 54.78453445
vertex 62.57233429 5.416144848 57.1322937

endloop
endfacet
facet normal -0.8300315142 -0.04232330993 -0.5561082363
outer loop
vertex 62.46154022 7.590857983 57.13215256
vertex 62.57233429 5.416144848 57.1322937
vertex 60.90085602 7.422690868 59.47438431

endloop
endfacet
facet normal -0.8177142143 -0.009372175671 -0.5755481124
outer loop
vertex 60.90085602 7.422690868 59.47438431
vertex 62.57233429 5.416144848 57.1322937
vertex 60.93286896 5.065544128 59.46728516

endloop
endfacet
facet normal -0.8940167427 -0.01079286635 -0.4479035437
outer loop
vertex 60.90085602 7.422690868 59.47438431
vertex 60.93286896 5.065544128 59.46728516
vertex 59.72531891 7.555229187 61.81756592

endloop
endfacet
facet normal -0.9047757387 -0.03843422607 -0.4241504967
outer loop
vertex 59.72531891 7.555229187 61.81756592
vertex 60.93286896 5.065544128 59.46728516
vertex 59.83982086 5.051887989 61.80015564

endloop
endfacet
facet normal -0.9326559305 -0.04017131403 -0.3585235476
outer loop
vertex 59.72530365 7.555229187 61.8175621
vertex 59.83982086 5.051871777 61.80015182
vertex 58.79839325 8.11441803 64.16615295

endloop
endfacet
facet normal -0.9307003021 -0.03521038219 -0.3640841842
outer loop
vertex 58.79839325 8.11441803 64.16615295
vertex 59.83982086 5.051871777 61.80015182
vertex 58.91484833 5.430503845 64.12802124

endloop
endfacet
facet normal -0.9250677228 -0.03476025164 -0.378208071
outer loop
vertex 58.79840851 8.114402771 64.16615295
vertex 58.91484833 5.430503845 64.12802124
vertex 57.83473969 8.311515808 66.50509644

endloop
endfacet
facet normal -0.9407248497 -0.08092051744 -0.3293762505
outer loop
vertex 57.83473969 8.311515808 66.50509644
vertex 58.91484833 5.430503845 64.12802124
vertex 58.10037994 5.4897542 66.43965149

endloop
endfacet
facet normal -0.9569138288 -0.08363331854 -0.2780670822
outer loop
vertex 57.83470917 8.311500549 66.50508881
vertex 58.10034943 5.489723206 66.43963623
vertex 57.15251923 8.341377258 68.84372711

endloop
endfacet
facet normal -0.9685243964 -0.1641976088 -0.1870818883
outer loop
vertex 57.15251923 8.341377258 68.84372711
vertex 58.10034943 5.489723206 66.43963623
vertex 57.66481781 5.420508862 68.75513458

endloop
endfacet
facet normal -0.9675396681 -0.1638637632 -0.1923946142
outer loop
vertex 57.15251923 8.341377258 68.84372711
vertex 57.66481781 5.420508862 68.75513458
vertex 56.63384247 8.646156311 71.1925354

endloop
endfacet
facet normal -0.9687969685 -0.1850395352 -0.1649025083
outer loop
vertex 56.63384247 8.646156311 71.1925354
vertex 57.66481781 5.420508862 68.75513458
vertex 57.23667145 5.587852001 71.08270264

endloop
endfacet
facet normal -0.9650819302 -0.1835166067 -0.1869181842
outer loop
vertex 56.63384247 8.646156311 71.1925354
vertex 57.23667145 5.587852001 71.08270264
vertex 56.10263824 9.042457581 73.54611969

endloop
endfacet
facet normal -0.9652801156 -0.1863087267 -0.1830938607
outer loop
vertex 56.10263824 9.042457581 73.54611969
vertex 57.23667145 5.587852001 71.08270264
vertex 56.74233246 5.852989197 73.41909027

endloop
endfacet
facet normal -0.9799379706 -0.1975817233 0.02613580041
outer loop
vertex 56.10263824 9.042457581 73.54611969
vertex 56.74233246 5.852989197 73.41909027
vertex 56.01108551 9.808540344 75.90487671

endloop
endfacet
facet normal -0.9876773357 -0.1438600421 -0.06162646785
outer loop
vertex 56.01108551 9.808540344 75.90487671
vertex 56.74233246 5.852989197 73.41909027
vertex 56.48990631 6.584540844 75.75695801

endloop
endfacet
facet normal -0.9840490222 -0.1505005509 0.09485340863
outer loop
vertex 56.01108551 9.808540344 75.90487671
vertex 56.48990631 6.584540844 75.75695801
vertex 56.09597015 10.73616791 78.25733948

endloop
endfacet
facet normal -0.996637702 -0.06306464225 -0.05230832472
outer loop
vertex 56.09597015 10.73616791 78.25733948
vertex 56.48990631 6.584540844 75.75695801
vertex 56.31194305 7.491477966 78.05428314

endloop
endfacet
facet normal -0.9790406227 -0.0769713968 0.1885598898
outer loop
vertex 56.09593964 10.73613739 78.25733185
vertex 56.3119278 7.49143219 78.05427551
vertex 56.47620392 11.72750092 80.6364212

endloop
endfacet
facet normal -0.9940913916 -0.02572912723 0.1054533198
outer loop
vertex 56.47620392 11.72750092 80.6364212
vertex 56.3119278 7.49143219 78.05427551
vertex 56.53644562 8.385154724 80.38882446

endloop
endfacet
facet normal -0.9325819612 -0.0433543995 0.3583451807
outer loop
vertex 56.47620392 11.72750092 80.6364212
vertex 56.53644562 8.385154724 80.38882446
vertex 57.35442352 13.00037384 83.07595825

endloop
endfacet
facet normal -0.9781070352 0.05678908527 0.2002043426
outer loop
vertex 57.35442352 13.00037384 83.07595825
vertex 56.53644562 8.385154724 80.38882446
vertex 57.11486053 9.682182312 82.8467865

endloop
endfacet
facet normal -0.5722933412 -0.01530924719 0.8199061155
outer loop
vertex 57.35442352 13.00037384 83.07595825
vertex 57.11486053 9.682182312 82.8467865
vertex 60.84520721 15.53366947 85.55982208

endloop
endfacet
facet normal -0.8266268969 0.3088729382 0.4704099298
outer loop
vertex 60.84520721 15.53366947 85.55982208
vertex 57.11486053 9.682182312 82.8467865
vertex 59.51302338 12.25395966 85.37231445

endloop
endfacet
facet normal -0.3951763213 0.1083646864 0.9121911526
outer loop
vertex 60.84520721 15.53366947 85.55982208
vertex 59.51302338 12.25395966 85.37231445
vertex 67.85201263 20.1807785 88.04322815

endloop
endfacet
facet normal -0.6857609749 0.5681329966 0.4549250603
outer loop
vertex 67.85201263 20.1807785 88.04322815
vertex 59.51302338 12.25395966 85.37231445
vertex 65.16283417 16.99532318 87.96767426

endloop
endfacet
facet normal -0.7219712138 0.6013762355 0.3422048092
outer loop
vertex 67.85201263 20.18079376 88.04322815
vertex 65.16283417 16.99533844 87.96768188
vertex 71.22121429 22.8549118 90.45206451

endloop
endfacet
facet normal -0.7224918604 0.6055345535 0.3336666822
outer loop
vertex 71.22121429 22.8549118 90.45206451
vertex 65.16283417 16.99533844 87.96768188
vertex 68.39366913 19.50295258 90.41265106

endloop
endfacet
facet normal -0.7524630427 0.6367211938 -0.168480143
outer loop
vertex 71.22121429 22.8549118 90.45206451
vertex 68.39366913 19.50295258 90.41265106
vertex 73.6979599 26.4101944 92.82661438

endloop
endfacet
facet normal -0.7967449427 0.4866132736 0.3583364487
outer loop
vertex 73.6979599 26.4101944 92.82661438
vertex 68.39366913 19.50295258 90.41265106
vertex 71.25463104 22.42313385 92.80832672

endloop
endfacet
facet normal -0.8333925605 0.5116733909 -0.2089190334
outer loop
vertex 73.6979599 26.4101944 92.82661438
vertex 71.25463104 22.42313385 92.80832672
vertex 75.86104584 30.90276337 95.20087433

endloop
endfacet
facet normal -0.8440228105 0.3419223726 0.4131762385
outer loop
vertex 75.86104584 30.90276337 95.20087433
vertex 71.25463104 22.42313385 92.80832672
vertex 74.13436127 26.64115143 95.20034027

endloop
endfacet
facet normal -0.8735846877 0.3539936841 -0.3339734375
outer loop
vertex 75.86104584 30.90276337 95.20087433
vertex 74.13436127 26.64115143 95.20034027
vertex 76.21691132 34.02082062 97.57499695

endloop
endfacet
facet normal -0.8159082532 0.04475912824 0.5764463544
outer loop
vertex 76.21691132 34.02082062 97.57499695
vertex 74.13436127 26.64115143 95.20034027
vertex 76.07125092 31.36579132 97.57498169

endloop
endfacet
facet normal -0.8420597911 0.04620023072 -0.5374019742
outer loop
vertex 76.21691132 34.02082062 97.57499695
vertex 76.07125092 31.36579132 97.57498169
vertex 74.79061127 35.64020538 99.94909668

endloop
endfacet
facet normal -0.1691197902 -0.5168010592 0.8392348886
outer loop
vertex 74.79061127 35.64020538 99.94909668
vertex 76.07125092 31.36579132 97.57498169
vertex 76.2075119 35.1765213 99.94908905

endloop
endfacet
facet normal -0.2534389198 -0.7744353414 -0.5796710253
outer loop
vertex 74.79061127 35.64020538 99.94909668
vertex 76.2075119 35.1765213 99.94908905
vertex 71.42595673 34.96445465 102.3229599

endloop
endfacet
facet normal 0.3219949901 -0.7468328476 0.5818591118
outer loop
vertex 71.42595673 34.96445465 102.3229599
vertex 76.2075119 35.1765213 99.94908905
vertex 73.9842453 36.06754303 102.3230743

endloop
endfacet
facet normal 0.3932136297 -0.911930263 -0.1173294708
outer loop
vertex 71.42595673 34.96445465 102.3229675
vertex 73.9842453 36.06754303 102.3230896
vertex 67.18920135 32.83228302 104.6961288

endloop
endfacet
facet normal 0.4639658928 -0.8755208254 0.1349033266
outer loop
vertex 67.18920135 32.83228302 104.6961288
vertex 73.9842453 36.06754303 102.3230896
vertex 70.75054169 34.71962738 104.69664

endloop
endfacet
facet normal 0.4449381828 -0.8396641612 0.3114386201
outer loop
vertex 67.18920135 32.83228302 104.6961288
vertex 70.75054169 34.71962738 104.69664
vertex 63.01869965 31.50167084 107.0668945

endloop
endfacet
facet normal 0.3991855085 -0.914901793 0.0600463748
outer loop
vertex 63.01869965 31.50167084 107.0668945
vertex 70.75054169 34.71962738 104.69664
vertex 66.95513153 33.21930695 107.0685883

endloop
endfacet
facet normal 0.3990763426 -0.9145271182 -0.06616858393
outer loop
vertex 63.01869965 31.50167084 107.0668945
vertex 66.95513153 33.21930695 107.0685883
vertex 59.29869843 29.70723724 109.4319687

endloop
endfacet
facet normal 0.4829855859 -0.7583758831 0.4377109408
outer loop
vertex 59.29869843 29.70723724 109.4319687
vertex 66.95513153 33.21930695 107.0685883
vertex 63.21396637 32.20389557 109.4374237

endloop
endfacet
facet normal 0.5363516808 -0.840960741 -0.07149700075
outer loop
vertex 59.29868317 29.7072525 109.4319839
vertex 63.21396637 32.20389557 109.437439
vertex 55.52555084 27.1011734 111.7801132

endloop
endfacet
facet normal 0.5892326236 -0.7509943247 0.2980141044
outer loop
vertex 55.52555084 27.1011734 111.7801132
vertex 63.21396637 32.20389557 109.437439
vertex 59.47719574 30.20552826 111.7898941

endloop
endfacet
facet normal 0.3046451807 -0.3905308843 0.8687214851
outer loop
vertex 55.52555084 27.1011734 111.7801132
vertex 59.47719574 30.20552826 111.7898941
vertex 46.07500458 24.89200592 114.1011276

endloop
endfacet
facet normal 0.04293722287 -0.4875998795 -0.8720107675
outer loop
vertex 46.07500458 24.89200592 114.1011276
vertex 59.47719574 30.20552826 111.7898941
vertex 49.77774811 25.21825409 114.1010208

endloop
endfacet
facet normal 0.07416270673 -0.8415715694 0.5350301266
outer loop
vertex 46.07494354 24.89199066 114.10112
vertex 49.77768707 25.21822357 114.1010132
vertex 39.03627777 25.74710846 116.4218292

endloop
endfacet
facet normal -0.2161349058 -0.2605039179 -0.9409694076
outer loop
vertex 39.03627777 25.74710846 116.4218292
vertex 49.77768707 25.21822357 114.1010132
vertex 41.96781158 23.43395233 116.3888626

endloop
endfacet
facet normal -0.6007885933 -0.7577687502 -0.2546359301
outer loop
vertex 39.03627777 25.74710846 116.4218292
vertex 41.96781158 23.43395233 116.3888626
vertex 36.63043976 26.87935638 118.7287216

endloop
endfacet
facet normal -0.5873830914 -0.4557376802 -0.6687931418
outer loop
vertex 36.63043976 26.87935638 118.7287216
vertex 41.96781158 23.43395233 116.3888626
vertex 39.15618134 23.72631073 118.6590195

endloop
endfacet
facet normal -0.7751847506 -0.6180716157 -0.1306754053
outer loop
vertex 36.63043976 26.87935638 118.7287216
vertex 39.15618134 23.72631073 118.6590195
vertex 35.59125519 27.69808197 121.0208817

endloop
endfacet
facet normal -0.7911080718 -0.5037146211 -0.3470153213
outer loop
vertex 35.59125519 27.69808197 121.0208817
vertex 39.15618134 23.72631073 118.6590195
vertex 37.70963287 24.44849396 120.908493

endloop
endfacet
facet normal -0.8361030221 -0.5466412306 0.04599180818
outer loop
vertex 35.59127045 27.69811249 121.0208969
vertex 37.70964813 24.44853973 120.9085159
vertex 34.75293732 29.17488861 123.3329163

endloop
endfacet
facet normal -0.8737567663 -0.431250155 -0.2248833627
outer loop
vertex 34.75293732 29.17488861 123.3329163
vertex 37.70964813 24.44853973 120.9085159
vertex 36.45616913 25.81349945 123.1612244

endloop
endfacet
facet normal -0.8874752522 -0.4537931383 0.08037099242
outer loop
vertex 34.75293732 29.17488861 123.3329163
vertex 36.45616913 25.81349945 123.1612244
vertex 34.22724152 30.61405182 125.6539078

endloop
endfacet
facet normal -0.9242786765 -0.3497710824 -0.1528697163
outer loop
vertex 34.22724152 30.61405182 125.6539078
vertex 36.45616913 25.81349945 123.1612244
vertex 35.55254364 27.21770477 125.4118423

endloop
endfacet
facet normal -0.9229564071 -0.3681550026 0.1123090386
outer loop
vertex 34.22724152 30.61405182 125.6539078
vertex 35.55254364 27.21770477 125.4118423
vertex 34.04511261 31.78206635 127.9859848

endloop
endfacet
facet normal -0.947758019 -0.3188235164 0.01031257119
outer loop
vertex 34.04511261 31.78206635 127.9859848
vertex 35.55254364 27.21770477 125.4118423
vertex 35.14925385 28.48941803 127.6645279

endloop
endfacet
facet normal -0.92815727 -0.3283523023 0.1752393991
outer loop
vertex 34.04511261 31.7820816 127.9859924
vertex 35.14925385 28.48943329 127.6645355
vertex 34.03409576 33.08010101 130.359787

endloop
endfacet
facet normal -0.9283133745 -0.3281390071 0.1748116016
outer loop
vertex 34.03409576 33.08010101 130.359787
vertex 35.14925385 28.48943329 127.6645355
vertex 35.06529999 29.95006561 129.9604645

endloop
endfacet
facet normal -0.9048274755 -0.3320938051 0.2664600909
outer loop
vertex 34.03409576 33.08010101 130.359787
vertex 35.06529999 29.95006561 129.9604645
vertex 34.15422821 34.73784637 132.8338013

endloop
endfacet
facet normal -0.9600514174 -0.2536300421 0.1182072833
outer loop
vertex 34.15422821 34.73784637 132.8338013
vertex 35.06529999 29.95006561 129.9604645
vertex 34.8970871 31.70911407 132.3685608

endloop
endfacet
facet normal -0.891123414 -0.2741139233 0.3616083562
outer loop
vertex 34.15422821 34.73787689 132.8338013
vertex 34.89710236 31.70912933 132.368576
vertex 34.62436676 36.61972809 135.4188995

endloop
endfacet
facet normal -0.9909569621 -0.1060786545 0.08216847479
outer loop
vertex 34.62436676 36.61972809 135.4188995
vertex 34.89710236 31.70912933 132.368576
vertex 34.89507294 33.68592072 134.8961182

endloop
endfacet
facet normal -0.8734235764 -0.1623971462 0.459084332
outer loop
vertex 34.62436676 36.61972809 135.4188995
vertex 34.89507294 33.68592072 134.8961182
vertex 35.61095428 38.69893646 138.0314178

endloop
endfacet
facet normal -0.9542849064 -0.04821613431 0.2949839234
outer loop
vertex 35.61095428 38.69893646 138.0314178
vertex 34.89507294 33.68592072 134.8961182
vertex 35.61502838 35.93796539 137.5933075

endloop
endfacet
facet normal -0.789087534 -0.09740509838 0.6065089703
outer loop
vertex 35.61095428 38.69893646 138.0314178
vertex 35.61502838 35.93796539 137.5933075
vertex 37.21915436 41.30146027 140.5417023

endloop
endfacet
facet normal -0.893797636 0.02105996944 0.4479755759
outer loop
vertex 37.21915436 41.30146027 140.5417023
vertex 35.61502838 35.93796539 137.5933075
vertex 37.08626556 38.68695831 140.3994751

endloop
endfacet
facet normal -0.7594017386 0.003218275495 0.6506140828
outer loop
vertex 37.21918488 41.30147552 140.5417175
vertex 37.08626556 38.68700409 140.3995056
vertex 39.23999786 44.42116547 142.8849945

endloop
endfacet
facet normal -0.7889587879 0.03032133356 0.6136975884
outer loop
vertex 39.23999786 44.42116547 142.8849945
vertex 37.08626556 38.68700409 140.3995056
vertex 39.20894623 42.06687164 142.9613953

endloop
endfacet
facet normal -0.785508275 0.03041882813 0.6181030869
outer loop
vertex 39.23999786 44.42116547 142.8849945
vertex 39.20894623 42.06687164 142.9613953
vertex 41.37505341 48.63553619 145.3908997

endloop
endfacet
facet normal -0.6545853615 -0.06278728694 0.7533761859
outer loop
vertex 41.37505341 48.63553619 145.3908997
vertex 39.20894623 42.06687164 142.9613953
vertex 41.64336395 46.79894257 145.4709625

endloop
endfacet
facet normal -0.3184321225 -0.005204818677 0.9479314089
outer loop
vertex 41.37503815 48.63553619 145.3908844
vertex 41.64334869 46.79895782 145.470932
vertex 52.0956955 60.56047821 149.0576782

endloop
endfacet
facet normal 0.5576753616 -0.5743223429 0.5992928743
outer loop
vertex 52.0956955 60.56047821 149.0576782
vertex 41.64334869 46.79895782 145.470932
vertex 52.09568024 60.56043243 149.0576477

endloop
endfacet
facet normal 0.1195245162 0.2672132552 0.9561961293
outer loop
vertex 76.23400116 15.21146393 48.43406296
vertex 76.23397064 15.21146393 48.43406677
vertex 67.31813812 5.801139832 52.17830276

endloop
endfacet
facet normal -0.2296949178 -0.1640798599 -0.9593320489
outer loop
vertex 67.31813812 5.801139832 52.17830276
vertex 76.23397064 15.21146393 48.43406677
vertex 68.15526581 4.584618092 52.18593597

endloop
endfacet
facet normal -0.5979227424 -0.4157498777 -0.6853032112
outer loop
vertex 67.31813812 5.801139832 52.17830276
vertex 68.15526581 4.584618092 52.18593597
vertex 64.49440765 5.566170216 54.78453827

endloop
endfacet
facet normal -0.6043342948 -0.3011846244 -0.7376095057
outer loop
vertex 64.49440765 5.566170216 54.78453827
vertex 68.15526581 4.584618092 52.18593597
vertex 65.31633759 3.876121998 54.8012085

endloop
endfacet
facet normal -0.7128775716 -0.3526764214 -0.6061557531
outer loop
vertex 64.49440765 5.566170216 54.78453827
vertex 65.31633759 3.876121998 54.8012085
vertex 62.57234955 5.416130066 57.13229752

endloop
endfacet
facet normal -0.7110131979 -0.3160993755 -0.6281253099
outer loop
vertex 62.57234955 5.416130066 57.13229752
vertex 65.31633759 3.876121998 54.8012085
vertex 63.4424057 3.413033009 57.1554718

endloop
endfacet
facet normal -0.7479891777 -0.3315451443 -0.5749694705
outer loop
vertex 62.57234955 5.416130066 57.13229752
vertex 63.4424057 3.413033009 57.1554718
vertex 60.93286896 5.065544128 59.46728897

endloop
endfacet
facet normal -0.7495007515 -0.3749834597 -0.5455601811
outer loop
vertex 60.93286896 5.065544128 59.46728897
vertex 63.4424057 3.413033009 57.1554718
vertex 61.97084808 2.950844049 59.49480438

endloop
endfacet
facet normal -0.8249966502 -0.410002023 -0.3889457583
outer loop
vertex 60.93286896 5.065544128 59.46728897
vertex 61.97084808 2.950844049 59.49480438
vertex 59.83982086 5.051887989 61.80015945

endloop
endfacet
facet normal -0.8256793022 -0.3841222823 -0.4131629765
outer loop
vertex 59.83982086 5.051887989 61.80015945
vertex 61.97084808 2.950844049 59.49480438
vertex 60.91132355 2.7239151 61.82317352

endloop
endfacet
facet normal -0.870898068 -0.4036229551 -0.2804015577
outer loop
vertex 59.83982086 5.051871777 61.80015945
vertex 60.91132355 2.72390008 61.82317352
vertex 58.91484833 5.430489063 64.12802887

endloop
endfacet
facet normal -0.8713155985 -0.3965187669 -0.2891055644
outer loop
vertex 58.91484833 5.430489063 64.12802887
vertex 60.91132355 2.72390008 61.82317352
vertex 60.0832901 2.871650934 64.11608124

endloop
endfacet
facet normal -0.8693621755 -0.3955971003 -0.2961625755
outer loop
vertex 58.91484833 5.430489063 64.12802887
vertex 60.0832901 2.871665955 64.11608887
vertex 58.1003952 5.489737988 66.43965149

endloop
endfacet
facet normal -0.8586884141 -0.470941186 -0.2021597624
outer loop
vertex 58.1003952 5.489737988 66.43965149
vertex 60.0832901 2.871665955 64.11608887
vertex 59.52098846 2.934928894 66.35713196

endloop
endfacet
facet normal -0.8626794815 -0.4739806652 -0.176426813
outer loop
vertex 58.10036469 5.489723206 66.43963623
vertex 59.52094269 2.934883118 66.3571167
vertex 57.66484833 5.420508862 68.75514221

endloop
endfacet
facet normal -0.858466506 -0.4875764251 -0.1590735465
outer loop
vertex 57.66484833 5.420508862 68.75514221
vertex 59.52094269 2.934883118 66.3571167
vertex 59.13001251 2.890708923 68.60223389

endloop
endfacet
facet normal -0.8619647622 -0.4917707145 -0.1232005656
outer loop
vertex 57.66484833 5.420508862 68.75514221
vertex 59.13001251 2.890708923 68.60223389
vertex 57.23668671 5.587868214 71.08271027

endloop
endfacet
facet normal -0.8747361898 -0.4510134161 -0.177266553
outer loop
vertex 57.23668671 5.587868214 71.08271027
vertex 59.13001251 2.890708923 68.60223389
vertex 58.65909576 2.904532909 70.89083862

endloop
endfacet
facet normal -0.8794802427 -0.4566026628 -0.1342702657
outer loop
vertex 57.23668671 5.587868214 71.08271027
vertex 58.65909576 2.904532909 70.89083862
vertex 56.74234772 5.852989197 73.41909027

endloop
endfacet
facet normal -0.8814048767 -0.450094521 -0.1433192194
outer loop
vertex 56.74234772 5.852989197 73.41909027
vertex 58.65909576 2.904532909 70.89083862
vertex 58.24454498 2.971642017 73.22954559

endloop
endfacet
facet normal -0.8842774034 -0.464297235 0.04981615022
outer loop
vertex 56.74234772 5.852989197 73.41909027
vertex 58.24454498 2.971642017 73.22954559
vertex 56.48993683 6.584557056 75.75695801

endloop
endfacet
facet normal -0.8922464848 -0.4508524537 0.0250646323
outer loop
vertex 56.48993683 6.584557056 75.75695801
vertex 58.24454498 2.971642017 73.22954559
vertex 58.00951385 3.568993092 75.60785675

endloop
endfacet
facet normal -0.8854481578 -0.4516103864 0.1096796244
outer loop
vertex 56.48993683 6.584557056 75.75695801
vertex 58.00951385 3.568993092 75.60785675
vertex 56.31194305 7.491477966 78.05429077

endloop
endfacet
facet normal -0.874176383 -0.4652020335 0.1392932236
outer loop
vertex 56.31194305 7.491477966 78.05429077
vertex 58.00951385 3.568993092 75.60785675
vertex 57.91118622 4.450157166 77.93362427

endloop
endfacet
facet normal -0.8511040211 -0.4577433169 0.2570855618
outer loop
vertex 56.3119278 7.491446972 78.05428314
vertex 57.91117096 4.450127125 77.93361664
vertex 56.53644562 8.385154724 80.38882446

endloop
endfacet
facet normal -0.9120136499 -0.3926313818 0.1186241955
outer loop
vertex 56.53644562 8.385154724 80.38882446
vertex 57.91117096 4.450127125 77.93361664
vertex 57.84549713 5.29801178 80.23509216

endloop
endfacet
facet normal -0.8384276032 -0.3752060831 0.3952968121
outer loop
vertex 56.53644562 8.385154724 80.38882446
vertex 57.84549713 5.29801178 80.23509216
vertex 57.11487579 9.682182312 82.8467865

endloop
endfacet
facet normal -0.9580777287 -0.2465773076 0.1458995044
outer loop
vertex 57.11487579 9.682182312 82.8467865
vertex 57.84549713 5.29801178 80.23509216
vertex 57.90361786 6.483147144 82.61968994

endloop
endfacet
facet normal -0.5987426043 -0.2026321292 0.7748854756
outer loop
vertex 57.11487579 9.682182312 82.8467865
vertex 57.90361786 6.483147144 82.61968994
vertex 59.51302338 12.2539444 85.37231445

endloop
endfacet
facet normal -0.9395957589 0.1069484353 0.3251489699
outer loop
vertex 59.51302338 12.2539444 85.37231445
vertex 57.90361786 6.483147144 82.61968994
vertex 59.06926727 9.06778717 85.13796997

endloop
endfacet
facet normal -0.4105557203 -0.009881635197 0.9117819667
outer loop
vertex 59.51302338 12.2539444 85.37231445
vertex 59.06926727 9.06778717 85.13796997
vertex 65.16280365 16.99530792 87.96767426

endloop
endfacet
facet normal -0.7921954393 0.6102559566 -0.003726738039
outer loop
vertex 65.16280365 16.99530792 87.96767426
vertex 59.06926727 9.06778717 85.13796997
vertex 62.83388519 13.97112274 87.81508636

endloop
endfacet
facet normal -0.7323366404 0.5432439446 0.4105715752
outer loop
vertex 65.16280365 16.99533844 87.96768188
vertex 62.83391571 13.971138 87.81508636
vertex 68.39366913 19.50295258 90.41265106

endloop
endfacet
facet normal -0.7389420271 0.6277258992 0.2447954714
outer loop
vertex 68.39366913 19.50295258 90.41265106
vertex 62.83391571 13.971138 87.81508636
vertex 65.43636322 16.07622528 90.27281189

endloop
endfacet
facet normal -0.7544870973 0.6465215683 0.1129565611
outer loop
vertex 68.39366913 19.50295258 90.41265106
vertex 65.43636322 16.07622528 90.27281189
vertex 71.25463104 22.42311859 92.80833435

endloop
endfacet
facet normal -0.7298790216 0.4712821841 0.4951461852
outer loop
vertex 71.25463104 22.42311859 92.80833435
vertex 65.43636322 16.07622528 90.27281189
vertex 68.79512787 18.68854523 92.73744202

endloop
endfacet
facet normal -0.8349110484 0.5491549373 0.03677449375
outer loop
vertex 71.25463104 22.42311859 92.80833435
vertex 68.79512787 18.68854523 92.73744202
vertex 74.13436127 26.64115143 95.2003479

endloop
endfacet
facet normal -0.7833881974 0.3716737628 0.4981582165
outer loop
vertex 74.13436127 26.64115143 95.2003479
vertex 68.79512787 18.68854523 92.73744202
vertex 72.1516037 22.47289276 95.19224548

endloop
endfacet
facet normal -0.8966724873 0.4267580509 -0.1177113205
outer loop
vertex 74.13436127 26.64115143 95.2003479
vertex 72.1516037 22.47289276 95.19224548
vertex 76.07125092 31.36579132 97.57498932

endloop
endfacet
facet normal -0.8995298743 0.3155218959 0.3021456897
outer loop
vertex 76.07125092 31.36579132 97.57498932
vertex 72.1516037 22.47289276 95.19224548
vertex 74.60274506 27.17946625 97.5746994

endloop
endfacet
facet normal -0.8516192436 0.2987662852 -0.4306776822
outer loop
vertex 76.07125092 31.36579132 97.57498932
vertex 74.60274506 27.17946625 97.5746994
vertex 76.2075119 35.1765213 99.94909668

endloop
endfacet
facet normal -0.9724743366 0.1397982836 0.186413601
outer loop
vertex 76.2075119 35.1765213 99.94909668
vertex 74.60274506 27.17946625 97.5746994
vertex 75.70717621 31.69608307 99.94907379

endloop
endfacet
facet normal -0.7068064809 0.1016126499 -0.7000710368
outer loop
vertex 76.2075119 35.1765213 99.94909668
vertex 75.70717621 31.69608307 99.94907379
vertex 73.9842453 36.06754303 102.323082

endloop
endfacet
facet normal -0.7392057776 -0.5222679377 0.425218761
outer loop
vertex 73.9842453 36.06754303 102.323082
vertex 75.70717621 31.69608307 99.94907379
vertex 75.07982635 34.51691437 102.3231201

endloop
endfacet
facet normal -0.4657660723 -0.3290933669 -0.8214374185
outer loop
vertex 73.9842453 36.06754303 102.3230896
vertex 75.07979584 34.51691437 102.3231277
vertex 70.75054169 34.7196579 104.6966476

endloop
endfacet
facet normal 0.2999282479 -0.7336683273 0.6097325087
outer loop
vertex 70.75054169 34.7196579 104.6966476
vertex 75.07979584 34.51691437 102.3231277
vertex 73.37014008 35.79087067 104.6970139

endloop
endfacet
facet normal 0.3784199059 -0.9254143238 0.02016933821
outer loop
vertex 70.75054169 34.7196579 104.6966476
vertex 73.37014008 35.79087067 104.6970139
vertex 66.95513153 33.21933746 107.0686035

endloop
endfacet
facet normal 0.4662025273 -0.7826898098 0.4123734534
outer loop
vertex 66.95513153 33.21933746 107.0686035
vertex 73.37014008 35.79087067 104.6970139
vertex 70.16353607 35.13101959 107.0697861

endloop
endfacet
facet normal 0.4684185088 -0.7864029408 0.4026842415
outer loop
vertex 66.95513153 33.21933746 107.0686035
vertex 70.16353607 35.13101959 107.0697861
vertex 63.21398163 32.20391083 109.4374313

endloop
endfacet
facet normal 0.4668515325 -0.7948458195 0.3876465559
outer loop
vertex 63.21398163 32.20391083 109.4374313
vertex 70.16353607 35.13101959 107.0697861
vertex 66.51158905 34.14260101 109.4412155

endloop
endfacet
facet normal 0.5054129362 -0.8598332405 0.07241921127
outer loop
vertex 63.21396637 32.20391083 109.4374466
vertex 66.51161957 34.14260101 109.4412231
vertex 59.47719574 30.20555878 111.7899017

endloop
endfacet
facet normal 0.5424455404 -0.6565033793 0.5241717696
outer loop
vertex 59.47719574 30.20555878 111.7899017
vertex 66.51161957 34.14260101 109.4412231
vertex 62.81928253 32.97406769 111.7987442

endloop
endfacet
facet normal 0.4486155808 -0.5438246727 0.7092241645
outer loop
vertex 59.47719574 30.20555878 111.7899017
vertex 62.81928253 32.97406769 111.7987442
vertex 49.77774811 25.21826935 114.1010361

endloop
endfacet
facet normal 0.1251117736 -0.4697845578 -0.8738704324
outer loop
vertex 49.77774811 25.21826935 114.1010361
vertex 62.81928253 32.97406769 111.7987442
vertex 53.68262482 26.24364471 114.1088638

endloop
endfacet
facet normal 0.2521930933 -0.9612656832 0.1112067327
outer loop
vertex 49.77768707 25.21823883 114.1010284
vertex 53.68257904 26.2436142 114.1088638
vertex 41.96781158 23.43395233 116.3888702

endloop
endfacet
facet normal -0.09163241833 -0.3686137199 -0.9250554442
outer loop
vertex 41.96781158 23.43395233 116.3888702
vertex 53.68257904 26.2436142 114.1088638
vertex 46.00302887 22.45468903 116.3793716

endloop
endfacet
facet normal -0.2329643667 -0.9583669901 -0.1651068628
outer loop
vertex 41.96781158 23.43395233 116.3888702
vertex 46.00302887 22.45468903 116.3793716
vertex 39.15621185 23.72631073 118.6590118

endloop
endfacet
facet normal -0.3414878249 -0.6850230694 -0.6435289383
outer loop
vertex 39.15621185 23.72631073 118.6590118
vertex 46.00302887 22.45468903 116.3793716
vertex 42.98445892 21.85161591 118.6231308

endloop
endfacet
facet normal -0.4397497177 -0.8981032968 0.005543139298
outer loop
vertex 39.15621185 23.72631073 118.6590118
vertex 42.98445892 21.85161591 118.6231308
vertex 37.70964813 24.44849396 120.908493

endloop
endfacet
facet normal -0.4816366732 -0.8672351837 -0.1262112707
outer loop
vertex 37.70964813 24.44849396 120.908493
vertex 42.98445892 21.85161591 118.6231308
vertex 41.44190216 22.38637543 120.8352127

endloop
endfacet
facet normal -0.4636461437 -0.8482393026 0.2559731603
outer loop
vertex 37.70967865 24.44853973 120.9085159
vertex 41.44191742 22.38639069 120.8352356
vertex 36.45618439 25.81349945 123.161232

endloop
endfacet
facet normal -0.5778833032 -0.8152579665 -0.03748684749
outer loop
vertex 36.45618439 25.81349945 123.161232
vertex 41.44191742 22.38639069 120.8352356
vertex 39.81145477 23.44159698 123.0213852

endloop
endfacet
facet normal -0.5476092696 -0.7907689214 0.2735117376
outer loop
vertex 36.45618439 25.81349945 123.161232
vertex 39.81145477 23.44159698 123.0213852
vertex 35.5525589 27.21770477 125.4118423

endloop
endfacet
facet normal -0.6607046127 -0.7505971789 0.008560598828
outer loop
vertex 35.5525589 27.21770477 125.4118423
vertex 39.81145477 23.44159698 123.0213852
vertex 38.48918915 24.63021088 125.1875

endloop
endfacet
facet normal -0.6176815629 -0.7270238996 0.2998428941
outer loop
vertex 35.5525589 27.21770477 125.4118423
vertex 38.48918915 24.63021088 125.1875
vertex 35.14925385 28.48941803 127.6645279

endloop
endfacet
facet normal -0.609775126 -0.7283421159 0.3125575185
outer loop
vertex 35.14925385 28.48941803 127.6645279
vertex 38.48918915 24.63021088 125.1875
vertex 38.01387787 25.9540329 127.3450623

endloop
endfacet
facet normal -0.5729204416 -0.7008593082 0.4249218106
outer loop
vertex 35.1492691 28.48941803 127.6645355
vertex 38.01387787 25.95404816 127.3450775
vertex 35.06529999 29.95005035 129.9604645

endloop
endfacet
facet normal -0.558259666 -0.7016815543 0.4427066147
outer loop
vertex 35.06529999 29.95005035 129.9604645
vertex 38.01387787 25.95404816 127.3450775
vertex 37.85990143 27.45717621 129.5333405

endloop
endfacet
facet normal -0.5471564531 -0.6936497688 0.4684760571
outer loop
vertex 35.06529999 29.95005035 129.9604645
vertex 37.85990143 27.45717621 129.5333405
vertex 34.8970871 31.70911407 132.3685608

endloop
endfacet
facet normal -0.6799273491 -0.6709920764 0.2957506776
outer loop
vertex 34.8970871 31.70911407 132.3685608
vertex 37.85990143 27.45717621 129.5333405
vertex 37.24747467 29.08652496 131.8220062

endloop
endfacet
facet normal -0.5927968621 -0.634606123 0.495849669
outer loop
vertex 34.89710236 31.70912933 132.368576
vertex 37.24748993 29.08654022 131.8220215
vertex 34.89507294 33.68592072 134.8961182

endloop
endfacet
facet normal -0.7617166638 -0.5811050534 0.2865389287
outer loop
vertex 34.89507294 33.68592072 134.8961182
vertex 37.24748993 29.08654022 131.8220215
vertex 36.72460175 30.96993256 134.2515564

endloop
endfacet
facet normal -0.5857503414 -0.5383542776 0.6058639884
outer loop
vertex 34.89507294 33.68592072 134.8961182
vertex 36.72460175 30.96993256 134.2515564
vertex 35.6150589 35.93796539 137.5933075

endloop
endfacet
facet normal -0.6804561615 -0.507522583 0.5285832882
outer loop
vertex 35.6150589 35.93796539 137.5933075
vertex 36.72460175 30.96993256 134.2515564
vertex 37.0318985 33.29659271 136.8811035

endloop
endfacet
facet normal -0.5074504018 -0.4673879743 0.7239078879
outer loop
vertex 35.6150589 35.93796539 137.5933075
vertex 37.0318985 33.29659271 136.8811035
vertex 37.08626556 38.68697357 140.3994904

endloop
endfacet
facet normal -0.697301209 -0.3868359923 0.6034309268
outer loop
vertex 37.08626556 38.68697357 140.3994904
vertex 37.0318985 33.29659271 136.8811035
vertex 37.99796295 36.12789154 139.8124847

endloop
endfacet
facet normal -0.4436240494 -0.3475427628 0.82608217
outer loop
vertex 37.08626556 38.68698883 140.3995056
vertex 37.99797821 36.12792206 139.8124847
vertex 39.20894623 42.0668869 142.9613953

endloop
endfacet
facet normal -0.6752073765 -0.233338818 0.6997485161
outer loop
vertex 39.20894623 42.0668869 142.9613953
vertex 37.99797821 36.12792206 139.8124847
vertex 39.88230133 39.67615509 142.8139191

endloop
endfacet
facet normal -0.4978232682 -0.1923797578 0.8456724882
outer loop
vertex 39.20894623 42.0668869 142.9613953
vertex 39.88230133 39.67615509 142.8139191
vertex 41.64337921 46.79895782 145.4709625

endloop
endfacet
facet normal -0.5326313376 -0.1770406663 0.8276233673
outer loop
vertex 41.64337921 46.79895782 145.4709625
vertex 39.88230133 39.67615509 142.8139191
vertex 42.36969757 44.95862579 145.5447235

endloop
endfacet
facet normal -0.2516517937 -0.06061243266 0.9659179449
outer loop
vertex 41.64333344 46.79895782 145.4709473
vertex 42.36965179 44.95862579 145.544693
vertex 52.0956955 60.56044769 149.057663

endloop
endfacet
facet normal -nan(ind) -nan(ind) -nan(ind)
outer loop
vertex 52.0956955 60.56044769 149.057663
vertex 42.36965179 44.95862579 145.544693
vertex 52.0956955 60.56044769 149.057663

endloop
endfacet
facet normal -nan(ind) -nan(ind) -nan(ind)
outer loop
vertex 76.23397064 15.21146393 48.43406677
vertex 76.23397064 15.21146393 48.43406677
vertex 68.15526581 4.584618092 52.18593597

endloop
endfacet
facet normal -0.1496164799 -0.2260920703 -0.9625473619
outer loop
vertex 68.15526581 4.584618092 52.18593597
vertex 76.23397064 15.21146393 48.43406677
vertex 69.3693161 3.744483948 52.19456482

endloop
endfacet
facet normal -0.4333054125 -0.6327469945 -0.641776979
outer loop
vertex 68.15526581 4.584618092 52.18593597
vertex 69.3693161 3.744483948 52.19456482
vertex 65.31633759 3.876121998 54.8012085

endloop
endfacet
facet normal -0.4842257202 -0.4846826792 -0.7284286022
outer loop
vertex 65.31633759 3.876121998 54.8012085
vertex 69.3693161 3.744483948 52.19456482
vertex 66.62114716 2.531075001 54.8288002

endloop
endfacet
facet normal -0.5809856057 -0.5754135251 -0.5756344199
outer loop
vertex 65.31633759 3.876121998 54.8012085
vertex 66.62114716 2.531075001 54.8288002
vertex 63.4424057 3.413033009 57.1554718

endloop
endfacet
facet normal -0.5894833207 -0.5401710272 -0.6006035209
outer loop
vertex 63.4424057 3.413033009 57.1554718
vertex 66.62114716 2.531075001 54.8288002
vertex 64.93306732 1.737694025 57.19917679

endloop
endfacet
facet normal -0.6344647408 -0.5779162049 -0.5132907629
outer loop
vertex 63.4424057 3.413033009 57.1554718
vertex 64.93306732 1.737694025 57.19917679
vertex 61.97084808 2.950844049 59.49480438

endloop
endfacet
facet normal -0.625639081 -0.61183393 -0.4839782119
outer loop
vertex 61.97084808 2.950844049 59.49480438
vertex 64.93306732 1.737694025 57.19917679
vertex 63.67420197 1.169044018 59.54538727

endloop
endfacet
facet normal -0.6672325134 -0.6482698917 -0.3668062985
outer loop
vertex 61.97084808 2.950844049 59.49480438
vertex 63.67420197 1.169044018 59.54538727
vertex 60.91132355 2.7239151 61.82317352

endloop
endfacet
facet normal -0.681530416 -0.60243541 -0.4154368341
outer loop
vertex 60.91132355 2.7239151 61.82317352
vertex 63.67420197 1.169044018 59.54538727
vertex 62.62647247 0.746284008 61.8772583

endloop
endfacet
facet normal -0.733327806 -0.6421066523 -0.2234490514
outer loop
vertex 60.91132355 2.72390008 61.82317352
vertex 62.62645721 0.746284008 61.8772583
vertex 60.0832901 2.871650934 64.11608124

endloop
endfacet
facet normal -0.7407457232 -0.6238538623 -0.2492031306
outer loop
vertex 60.0832901 2.871650934 64.11608124
vertex 62.62645721 0.746284008 61.8772583
vertex 61.88747406 0.723838985 64.13004303

endloop
endfacet
facet normal -0.7538428903 -0.6343482733 -0.1712400615
outer loop
vertex 60.0832901 2.871665955 64.11608887
vertex 61.88747406 0.7238540053 64.13004303
vertex 59.52098846 2.934928894 66.35713196

endloop
endfacet
facet normal -0.6998929381 -0.7133667469 -0.03546291217
outer loop
vertex 59.52098846 2.934928894 66.35713196
vertex 61.88747406 0.7238540053 64.13004303
vertex 61.70038605 0.8007280231 66.27600861

endloop
endfacet
facet normal -0.6958118677 -0.7054153085 -0.1350375116
outer loop
vertex 59.52094269 2.934883118 66.3571167
vertex 61.70034027 0.8006820083 66.27600861
vertex 59.13001251 2.890708923 68.60223389

endloop
endfacet
facet normal -0.6386386752 -0.7693719864 -0.01440215204
outer loop
vertex 59.13001251 2.890708923 68.60223389
vertex 61.70034027 0.8006820083 66.27600861
vertex 61.68656158 0.772010982 68.41862488

endloop
endfacet
facet normal -0.6383259296 -0.759257555 -0.1267594844
outer loop
vertex 59.13001251 2.890708923 68.60223389
vertex 61.68656158 0.772010982 68.41862488
vertex 58.65909576 2.904532909 70.89083862

endloop
endfacet
facet normal -0.6159097552 -0.7839445472 -0.07801383734
outer loop
vertex 58.65909576 2.904532909 70.89083862
vertex 61.68656158 0.772010982 68.41862488
vertex 61.38185883 0.787940979 70.66413879

endloop
endfacet
facet normal -0.6159180403 -0.7830241323 -0.08670657128
outer loop
vertex 58.65909576 2.904532909 70.89083862
vertex 61.38185883 0.787940979 70.66413879
vertex 58.24454498 2.971642017 73.22954559

endloop
endfacet
facet normal -0.5989983678 -0.7990347743 -0.0523866266
outer loop
vertex 58.24454498 2.971642017 73.22954559
vertex 61.38185883 0.787940979 70.66413879
vertex 61.01519012 0.9085620046 73.01690674

endloop
endfacet
facet normal -0.5840163231 -0.7990505099 0.1429803073
outer loop
vertex 58.24454498 2.971642017 73.22954559
vertex 61.01519012 0.9085620046 73.01690674
vertex 58.00951385 3.568993092 75.60785675

endloop
endfacet
facet normal -0.6198734045 -0.7803830504 0.08221558481
outer loop
vertex 58.00951385 3.568993092 75.60785675
vertex 61.01519012 0.9085620046 73.01690674
vertex 60.705513 1.408455014 75.42700195

endloop
endfacet
facet normal -0.5924506187 -0.7613303065 0.2633981109
outer loop
vertex 58.00951385 3.568993092 75.60785675
vertex 60.705513 1.408455014 75.42700195
vertex 57.91118622 4.450157166 77.93362427

endloop
endfacet
facet normal -0.6807905436 -0.7228703499 0.118248865
outer loop
vertex 57.91118622 4.450157166 77.93362427
vertex 60.705513 1.408455014 75.42700195
vertex 60.48368073 2.012336969 77.84146118

endloop
endfacet
facet normal -0.6627993584 -0.7085691094 0.2421300262
outer loop
vertex 57.91117096 4.450127125 77.93361664
vertex 60.48363495 2.012336969 77.84145355
vertex 57.84549713 5.29801178 80.23509216

endloop
endfacet
facet normal -0.7273628116 -0.6748346686 0.1246654168
outer loop
vertex 57.84549713 5.29801178 80.23509216
vertex 60.48363495 2.012336969 77.84145355
vertex 60.36688995 2.577384949 80.21900177

endloop
endfacet
facet normal -0.6899293065 -0.6413898468 0.3355840445
outer loop
vertex 57.84549713 5.29801178 80.23509216
vertex 60.36688995 2.577384949 80.21900177
vertex 57.90361786 6.483147144 82.61968994

endloop
endfacet
facet normal -0.7868098617 -0.5956291556 0.1617281735
outer loop
vertex 57.90361786 6.483147144 82.61968994
vertex 60.36688995 2.577384949 80.21900177
vertex 60.02507782 3.671226978 82.58459473

endloop
endfacet
facet normal -0.5622138381 -0.4329576194 0.7046014667
outer loop
vertex 57.90361786 6.483147144 82.61968994
vertex 60.02507782 3.671226978 82.58459473
vertex 59.06926727 9.06778717 85.13796997

endloop
endfacet
facet normal -0.8958556652 -0.3095158637 0.3188143373
outer loop
vertex 59.06926727 9.06778717 85.13796997
vertex 60.02507782 3.671226978 82.58459473
vertex 60.00991058 6.215857983 85.01239014

endloop
endfacet
facet normal -0.4095080197 -0.1744970083 0.8954630494
outer loop
vertex 59.06926727 9.06778717 85.13796997
vertex 60.00991058 6.215857983 85.01239014
vertex 62.83388519 13.97112274 87.81508636

endloop
endfacet
facet normal -0.7047111988 0.4537310004 -0.5454450846
outer loop
vertex 62.83388519 13.97112274 87.81508636
vertex 60.00991058 6.215857983 85.01239014
vertex 61.08422089 11.0477066 87.64378357

endloop
endfacet
facet normal -0.7785538435 0.4397366047 0.4477560818
outer loop
vertex 62.83391571 13.971138 87.81508636
vertex 61.08422089 11.04772186 87.6437912
vertex 65.43636322 16.07622528 90.27281189

endloop
endfacet
facet normal -0.7781662345 0.6195116043 0.1032604352
outer loop
vertex 65.43636322 16.07622528 90.27281189
vertex 61.08422089 11.04772186 87.6437912
vertex 62.81201935 12.80931854 90.0956955

endloop
endfacet
facet normal -0.726770401 0.5624468923 0.3942819834
outer loop
vertex 65.43636322 16.07622528 90.27281189
vertex 62.81201935 12.80931854 90.0956955
vertex 68.79512787 18.68854523 92.73744202

endloop
endfacet
facet normal -0.6699613333 0.4010882974 0.6247240305
outer loop
vertex 68.79512787 18.68854523 92.73744202
vertex 62.81201935 12.80931854 90.0956955
vertex 66.53914642 15.13613129 92.59883881

endloop
endfacet
facet normal -0.8022426367 0.4965369701 0.3314479589
outer loop
vertex 68.79512787 18.68854523 92.73744202
vertex 66.53914642 15.13613129 92.59883881
vertex 72.1516037 22.47289276 95.19224548

endloop
endfacet
facet normal -0.7171815038 0.3320525289 0.6126922965
outer loop
vertex 72.1516037 22.47289276 95.19224548
vertex 66.53914642 15.13613129 92.59883881
vertex 70.12200165 18.20272064 95.13076019

endloop
endfacet
facet normal -0.900498867 0.4268054366 0.08330018073
outer loop
vertex 72.1516037 22.47289276 95.19224548
vertex 70.12200165 18.20272064 95.13076019
vertex 74.60274506 27.17946625 97.5746994

endloop
endfacet
facet normal -0.8622580767 0.3245369792 0.3888275623
outer loop
vertex 74.60274506 27.17946625 97.5746994
vertex 70.12200165 18.20272064 95.13076019
vertex 72.79012299 22.37607574 97.56423187

endloop
endfacet
facet normal -0.9101431966 0.3439576924 -0.2309384644
outer loop
vertex 74.60274506 27.17946625 97.5746994
vertex 72.79012299 22.37607574 97.56423187
vertex 75.70717621 31.69608307 99.94907379

endloop
endfacet
facet normal -0.956612289 0.2878271043 0.04526022822
outer loop
vertex 75.70717621 31.69608307 99.94907379
vertex 72.79012299 22.37607574 97.56423187
vertex 74.26042938 26.88780975 99.9485321

endloop
endfacet
facet normal -0.8227536678 0.2476134896 -0.511628747
outer loop
vertex 75.70717621 31.69608307 99.94907379
vertex 74.26042938 26.88780975 99.9485321
vertex 75.07982635 34.51691437 102.3231201

endloop
endfacet
facet normal -0.9694104195 0.161615476 -0.1847265363
outer loop
vertex 75.07982635 34.51691437 102.3231201
vertex 74.26042938 26.88780975 99.9485321
vertex 74.32640839 29.99762726 102.3230362

endloop
endfacet
facet normal -0.7707499266 0.1284952462 -0.6240460873
outer loop
vertex 75.07979584 34.51691437 102.3231277
vertex 74.3264389 29.99762726 102.3230362
vertex 73.37014008 35.79087067 104.6970139

endloop
endfacet
facet normal -0.9880051613 -0.1520531476 -0.02693673596
outer loop
vertex 73.37014008 35.79087067 104.6970139
vertex 74.3264389 29.99762726 102.3230362
vertex 73.7927475 33.04486847 104.6970139

endloop
endfacet
facet normal -0.580501318 -0.08933865279 -0.8093435168
outer loop
vertex 73.37014008 35.79087067 104.6970139
vertex 73.7927475 33.04486847 104.6970139
vertex 70.16353607 35.13101959 107.0697861

endloop
endfacet
facet normal 0.1155161485 -0.6516809464 0.7496452928
outer loop
vertex 70.16353607 35.13101959 107.0697861
vertex 73.7927475 33.04486847 104.6970139
vertex 72.00237274 35.45790863 107.0706024

endloop
endfacet
facet normal 0.1733773798 -0.9749453068 -0.1393627673
outer loop
vertex 70.16353607 35.13101959 107.0697861
vertex 72.00237274 35.45790863 107.0706024
vertex 66.51158905 34.14260101 109.4412155

endloop
endfacet
facet normal 0.4374103844 -0.5648600459 0.6997181177
outer loop
vertex 66.51158905 34.14260101 109.4412155
vertex 72.00237274 35.45790863 107.0706024
vertex 69.26354218 36.27710724 109.4440231

endloop
endfacet
facet normal 0.5327143073 -0.6874444485 0.4935943782
outer loop
vertex 66.51161957 34.14260101 109.4412231
vertex 69.26351166 36.27710724 109.4440231
vertex 62.81928253 32.97406769 111.7987442

endloop
endfacet
facet normal 0.5321215391 -0.6609103084 0.5291921496
outer loop
vertex 62.81928253 32.97406769 111.7987442
vertex 69.26351166 36.27710724 109.4440231
vertex 65.60970306 35.22568512 111.8049316

endloop
endfacet
facet normal 0.6137236953 -0.7611616254 0.2097051144
outer loop
vertex 62.81928253 32.97406769 111.7987442
vertex 65.60970306 35.22568512 111.8049316
vertex 53.68262482 26.24364471 114.1088638

endloop
endfacet
facet normal 0.1057404876 -0.3764888048 -0.9203668237
outer loop
vertex 53.68262482 26.24364471 114.1088638
vertex 65.60970306 35.22568512 111.8049316
vertex 57.35608673 27.24925995 114.119545

endloop
endfacet
facet normal 0.2169386446 -0.7863383293 -0.5784544945
outer loop
vertex 53.68257904 26.2436142 114.1088638
vertex 57.35604095 27.24921417 114.1195374
vertex 46.00302887 22.45468903 116.3793716

endloop
endfacet
facet normal -0.01615927927 -0.3947315514 -0.9186544418
outer loop
vertex 46.00302887 22.45468903 116.3793716
vertex 57.35604095 27.24921417 114.1195374
vertex 50.28156281 22.258461 116.3884277

endloop
endfacet
facet normal -0.04285724834 -0.9488857985 -0.3126963079
outer loop
vertex 46.00302887 22.45468903 116.3793716
vertex 50.28156281 22.258461 116.3884277
vertex 42.98445892 21.85161591 118.6231308

endloop
endfacet
facet normal -0.1479353458 -0.7681752443 -0.6229140162
outer loop
vertex 42.98445892 21.85161591 118.6231308
vertex 50.28156281 22.258461 116.3884277
vertex 47.30184174 21.02040863 118.6228409

endloop
endfacet
facet normal -0.1880025417 -0.9765426517 0.104973942
outer loop
vertex 42.98445892 21.85161591 118.6231308
vertex 47.30184174 21.02040863 118.6228409
vertex 41.44190216 22.38637543 120.8352127

endloop
endfacet
facet normal -0.2432511598 -0.9688671231 -0.04610295966
outer loop
vertex 41.44190216 22.38637543 120.8352127
vertex 47.30184174 21.02040863 118.6228409
vertex 45.8484726 21.28104401 120.8138657

endloop
endfacet
facet normal -0.2325422168 -0.9324179292 0.2766242325
outer loop
vertex 41.44191742 22.38639069 120.8352356
vertex 45.84848785 21.28107452 120.8138962
vertex 39.81145477 23.44159698 123.0213852

endloop
endfacet
facet normal -0.2794674635 -0.9463946819 0.1619724631
outer loop
vertex 39.81145477 23.44159698 123.0213852
vertex 45.84848785 21.28107452 120.8138962
vertex 44.08437347 22.16831207 122.9541626

endloop
endfacet
facet normal -0.2642361224 -0.9044148922 0.3349820673
outer loop
vertex 39.81145477 23.44159698 123.0213852
vertex 44.08437347 22.16831207 122.9541626
vertex 38.48918915 24.63021088 125.1875

endloop
endfacet
facet normal -0.3413111866 -0.9253594875 0.1649739593
outer loop
vertex 38.48918915 24.63021088 125.1875
vertex 44.08437347 22.16831207 122.9541626
vertex 42.63692474 23.07410431 125.0402679

endloop
endfacet
facet normal -0.2996139228 -0.8411976099 0.4501311481
outer loop
vertex 38.48918915 24.63021088 125.1875
vertex 42.63692474 23.07410431 125.0402679
vertex 38.01387787 25.9540329 127.3450623

endloop
endfacet
facet normal -0.3519279063 -0.8602319956 0.3689819872
outer loop
vertex 38.01387787 25.9540329 127.3450623
vertex 42.63692474 23.07410431 125.0402679
vertex 42.06218719 24.19008636 127.0938568

endloop
endfacet
facet normal -0.3130854964 -0.7929689884 0.5226639509
outer loop
vertex 38.01387787 25.95404816 127.3450775
vertex 42.06218719 24.19008636 127.0938644
vertex 37.85990143 27.45717621 129.5333405

endloop
endfacet
facet normal -0.3453148901 -0.8047226667 0.4828861952
outer loop
vertex 37.85990143 27.45717621 129.5333405
vertex 42.06218719 24.19008636 127.0938644
vertex 41.71305084 25.57627106 129.1542511

endloop
endfacet
facet normal -0.3459368944 -0.8056086302 0.4809598625
outer loop
vertex 37.85990143 27.45717621 129.5333405
vertex 41.71305084 25.57627106 129.1542511
vertex 37.24747467 29.08652496 131.8220062

endloop
endfacet
facet normal -0.3890700042 -0.817571938 0.4245004952
outer loop
vertex 37.24747467 29.08652496 131.8220062
vertex 41.71305084 25.57627106 129.1542511
vertex 40.88182831 27.08626556 131.3005981

endloop
endfacet
facet normal -0.3512292206 -0.7750782371 0.5252539515
outer loop
vertex 37.24748993 29.08654022 131.8220215
vertex 40.88182831 27.08628082 131.3006134
vertex 36.72460175 30.96993256 134.2515564

endloop
endfacet
facet normal -0.3447149992 -0.7733197212 0.5321166515
outer loop
vertex 36.72460175 30.96993256 134.2515564
vertex 40.88182831 27.08628082 131.3006134
vertex 40.23162079 28.98934174 133.6450958

endloop
endfacet
facet normal -0.2831594944 -0.7016093135 0.6538845897
outer loop
vertex 36.72460175 30.96993256 134.2515564
vertex 40.23162079 28.98934174 133.6450958
vertex 37.0318985 33.29659271 136.8811035

endloop
endfacet
facet normal -0.2928511202 -0.7038042545 0.6472231746
outer loop
vertex 37.0318985 33.29659271 136.8811035
vertex 40.23162079 28.98934174 133.6450958
vertex 40.23940277 31.36736298 136.2345276

endloop
endfacet
facet normal -0.2495110184 -0.6541395187 0.7140347958
outer loop
vertex 37.0318985 33.29659271 136.8811035
vertex 40.23940277 31.36736298 136.2345276
vertex 37.99796295 36.12789154 139.8124847

endloop
endfacet
facet normal -0.3522410393 -0.6626167297 0.6609578133
outer loop
vertex 37.99796295 36.12789154 139.8124847
vertex 40.23940277 31.36736298 136.2345276
vertex 40.34954071 34.18430328 139.1172333

endloop
endfacet
facet normal -0.2241938859 -0.5572425127 0.7995110154
outer loop
vertex 37.99797821 36.12792206 139.8124847
vertex 40.34955597 34.18431854 139.1172485
vertex 39.88230133 39.67615509 142.8139191

endloop
endfacet
facet normal -0.365509063 -0.5409661531 0.7574685812
outer loop
vertex 39.88230133 39.67615509 142.8139191
vertex 40.34955597 34.18431854 139.1172485
vertex 41.47986603 37.92308807 142.3328094

endloop
endfacet
facet normal -0.1588914096 -0.3933201134 0.905567646
outer loop
vertex 39.88230133 39.67615509 142.8139191
vertex 41.47986603 37.92308807 142.3328094
vertex 42.36969757 44.95862579 145.5447235

endloop
endfacet
facet normal -0.2758499384 -0.3700942695 0.8870946765
outer loop
vertex 42.36969757 44.95862579 145.5447235
vertex 41.47986603 37.92308807 142.3328094
vertex 44.08759308 43.73407745 145.5680389

endloop
endfacet
facet normal -0.1183524355 -0.1473270357 0.9819813967
outer loop
vertex 42.36965179 44.95862579 145.544693
vertex 44.0875473 43.73409271 145.5680237
vertex 52.0956955 60.56044769 149.057663

endloop
endfacet
facet normal -0.4008188546 0 0.9161573648
outer loop
vertex 52.0956955 60.56044769 149.057663
vertex 44.0875473 43.73409271 145.5680237
vertex 52.0956955 60.56043243 149.057663

endloop
endfacet
facet normal 0.3366780579 -0.4692672789 -0.8163554072
outer loop
vertex 76.23397064 15.21144867 48.43406296
vertex 76.23400116 15.21146393 48.43406677
vertex 69.3693161 3.744468927 52.19455719

endloop
endfacet
facet normal -0.08894687891 -0.2618988752 -0.9609878063
outer loop
vertex 69.3693161 3.744468927 52.19455719
vertex 76.23400116 15.21146393 48.43406677
vertex 70.81163788 3.218636036 52.20436478

endloop
endfacet
facet normal -0.2655855417 -0.7400075197 -0.6179426312
outer loop
vertex 69.3693161 3.744468927 52.19455719
vertex 70.81163788 3.218636036 52.20436478
vertex 66.62114716 2.531059027 54.82879257

endloop
endfacet
facet normal -0.3051146567 -0.6810702085 -0.6656187773
outer loop
vertex 66.62114716 2.531059027 54.82879257
vertex 70.81163788 3.218636036 52.20436478
vertex 68.40630341 1.698402047 54.86247635

endloop
endfacet
facet normal -0.3546205461 -0.7810727358 -0.5139742494
outer loop
vertex 66.62114716 2.531059027 54.82879257
vertex 68.40630341 1.698402047 54.86247635
vertex 64.9330368 1.737694025 57.19917297

endloop
endfacet
facet normal -0.3880401254 -0.728510499 -0.564532876
outer loop
vertex 64.9330368 1.737694025 57.19917297
vertex 68.40630341 1.698402047 54.86247635
vertex 66.92366791 0.6422809958 57.24447632

endloop
endfacet
facet normal -0.4292846322 -0.7976359129 -0.4236645103
outer loop
vertex 64.9330368 1.737694025 57.19917297
vertex 66.92366791 0.6422809958 57.24447632
vertex 63.67418671 1.169013977 59.54537964

endloop
endfacet
facet normal -0.4539398551 -0.7585867047 -0.4674235582
outer loop
vertex 63.67418671 1.169013977 59.54537964
vertex 66.92366791 0.6422809958 57.24447632
vertex 65.84682465 -0.1528699994 59.58071518

endloop
endfacet
facet normal -0.4804777205 -0.7993538976 -0.360796988
outer loop
vertex 63.67418671 1.169013977 59.54537964
vertex 65.84682465 -0.1528699994 59.58071518
vertex 62.62645721 0.7462689877 61.87725449

endloop
endfacet
facet normal -0.498452872 -0.7705221772 -0.3972912431
outer loop
vertex 62.62645721 0.7462689877 61.87725449
vertex 65.84682465 -0.1528699994 59.58071518
vertex 64.85686493 -0.7128679752 61.90882874

endloop
endfacet
facet normal -0.5362692475 -0.823720336 -0.1841198504
outer loop
vertex 62.62644196 0.7462689877 61.87725067
vertex 64.85686493 -0.7128679752 61.90882492
vertex 61.8874588 0.7238240242 64.1300354

endloop
endfacet
facet normal -0.5610666275 -0.7930936217 -0.2370795161
outer loop
vertex 61.8874588 0.7238240242 64.1300354
vertex 64.85686493 -0.7128679752 61.90882492
vertex 64.13881683 -0.886909008 64.19035339

endloop
endfacet
facet normal -0.5813447833 -0.8133715987 -0.02155972458
outer loop
vertex 61.88747406 0.723838985 64.13004303
vertex 64.13884735 -0.8868939877 64.19036102
vertex 61.70035553 0.8006970286 66.27600098

endloop
endfacet
facet normal -0.6264131069 -0.7720125318 -0.1077183634
outer loop
vertex 61.70035553 0.8006970286 66.27600098
vertex 64.13884735 -0.8868939877 64.19036102
vertex 63.99149323 -1.075706005 66.40047455

endloop
endfacet
facet normal -0.6330789328 -0.7739526629 -0.01443219092
outer loop
vertex 61.70034027 0.8006669879 66.27600098
vertex 63.99144745 -1.075737 66.40045929
vertex 61.68654633 0.7719960213 68.41861725

endloop
endfacet
facet normal -0.6333814859 -0.7736940384 -0.01501452643
outer loop
vertex 61.68654633 0.7719960213 68.41861725
vertex 63.99144745 -1.075737 66.40045929
vertex 64.16170502 -1.258064032 68.61347198

endloop
endfacet
facet normal -0.6283760071 -0.7738077641 -0.07978165895
outer loop
vertex 61.68654633 0.7719960213 68.41861725
vertex 64.16170502 -1.258064032 68.61347198
vertex 61.38182831 0.7879260182 70.66413116

endloop
endfacet
facet normal -0.5617967844 -0.8249836564 0.06153265759
outer loop
vertex 61.38182831 0.7879260182 70.66413116
vertex 64.16170502 -1.258064032 68.61347198
vertex 64.19582367 -1.11174798 70.88667297

endloop
endfacet
facet normal -0.556568563 -0.8296251893 -0.04419882968
outer loop
vertex 61.38182831 0.7879260182 70.66413116
vertex 64.19582367 -1.11174798 70.88667297
vertex 61.01519012 0.9085459709 73.01690674

endloop
endfacet
facet normal -0.4836518168 -0.8692654371 0.1022670045
outer loop
vertex 61.01519012 0.9085459709 73.01690674
vertex 64.19582367 -1.11174798 70.88667297
vertex 64.05626678 -0.7623519897 73.19651794

endloop
endfacet
facet normal -0.4835264385 -0.8673698306 0.1177786812
outer loop
vertex 61.01519012 0.9085459709 73.01690674
vertex 64.05626678 -0.7623519897 73.19651794
vertex 60.705513 1.408439994 75.42698669

endloop
endfacet
facet normal -0.4539042711 -0.8747817278 0.1694925725
outer loop
vertex 60.705513 1.408439994 75.42698669
vertex 64.05626678 -0.7623519897 73.19651794
vertex 63.85330963 -0.2039110065 75.53520966

endloop
endfacet
facet normal -0.4535164237 -0.8735333681 0.1768115759
outer loop
vertex 60.705513 1.408439994 75.42698669
vertex 63.85330963 -0.2039110065 75.53520966
vertex 60.48368073 2.012320995 77.84145355

endloop
endfacet
facet normal -0.4748941362 -0.8686870337 0.1409196258
outer loop
vertex 60.48368073 2.012320995 77.84145355
vertex 63.85330963 -0.2039110065 75.53520966
vertex 63.79270172 0.2198099941 77.94295502

endloop
endfacet
facet normal -0.472673744 -0.8622980118 0.1817184836
outer loop
vertex 60.48361969 2.012305975 77.84144592
vertex 63.79268646 0.2198099941 77.94293976
vertex 60.36687469 2.577338934 80.21899414

endloop
endfacet
facet normal -0.4766019285 -0.8615242839 0.1750045568
outer loop
vertex 60.36687469 2.577338934 80.21899414
vertex 63.79268646 0.2198099941 77.94293976
vertex 63.91284943 0.6441569924 80.35919189

endloop
endfacet
facet normal -0.4637694061 -0.8277784586 0.315754354
outer loop
vertex 60.36687469 2.577338934 80.21899414
vertex 63.91284943 0.6441569924 80.35919189
vertex 60.02507782 3.671180964 82.58457947

endloop
endfacet
facet normal -0.4722699225 -0.8282635212 0.3015637994
outer loop
vertex 60.02507782 3.671180964 82.58457947
vertex 63.91284943 0.6441569924 80.35919189
vertex 63.63167572 1.653053045 82.68984985

endloop
endfacet
facet normal -0.3778189421 -0.6403160095 0.6687662005
outer loop
vertex 60.02507782 3.671180964 82.58457947
vertex 63.63167572 1.653053045 82.68984985
vertex 60.00989532 6.21581316 85.01238251

endloop
endfacet
facet normal -0.5765123963 -0.6846356988 0.4459905028
outer loop
vertex 60.00989532 6.21581316 85.01238251
vertex 63.63167572 1.653053045 82.68984985
vertex 62.61937714 4.033760071 85.0358963

endloop
endfacet
facet normal -0.3354595602 -0.3919393718 0.8566507101
outer loop
vertex 60.00989532 6.21581316 85.01238251
vertex 62.61937714 4.033760071 85.0358963
vertex 61.08420563 11.04767609 87.64377594

endloop
endfacet
facet normal -0.7166321874 0.09980128706 -0.690273881
outer loop
vertex 61.08420563 11.04767609 87.64377594
vertex 62.61937714 4.033760071 85.0358963
vertex 60.80254364 8.310585022 87.54045868

endloop
endfacet
facet normal -0.8372761607 0.06566927582 0.5428224802
outer loop
vertex 61.08422089 11.04767609 87.64378357
vertex 60.8025589 8.310600281 87.54045868
vertex 62.81200409 12.80927277 90.09568787

endloop
endfacet
facet normal -0.9292523265 0.3528058231 0.1096276566
outer loop
vertex 62.81200409 12.80927277 90.09568787
vertex 60.8025589 8.310600281 87.54045868
vertex 61.66641998 9.829017639 89.97632599

endloop
endfacet
facet normal -0.6330391765 0.2135334164 0.7440866232
outer loop
vertex 62.81200409 12.80927277 90.09568787
vertex 61.66641998 9.829017639 89.97632599
vertex 66.53911591 15.13608646 92.59883118

endloop
endfacet
facet normal -0.6649726629 0.2656055093 0.6980437636
outer loop
vertex 66.53911591 15.13608646 92.59883118
vertex 61.66641998 9.829017639 89.97632599
vertex 65.02794647 11.87236786 92.40110016

endloop
endfacet
facet normal -0.7043411732 0.2867838144 0.6493524909
outer loop
vertex 66.53911591 15.13608646 92.59883118
vertex 65.02794647 11.87236786 92.40110016
vertex 70.12197113 18.20267487 95.13074493

endloop
endfacet
facet normal -0.7095116973 0.2949852645 0.6399818659
outer loop
vertex 70.12197113 18.20267487 95.13074493
vertex 65.02794647 11.87236786 92.40110016
vertex 68.61043549 14.92470646 94.96589661

endloop
endfacet
facet normal -0.8739497662 0.3882957697 0.292298317
outer loop
vertex 70.12197113 18.20267487 95.13074493
vertex 68.61043549 14.92470646 94.96589661
vertex 72.79009247 22.37604523 97.56422424

endloop
endfacet
facet normal -0.8149563074 0.2802481949 0.5072545409
outer loop
vertex 72.79009247 22.37604523 97.56422424
vertex 68.61043549 14.92470646 94.96589661
vertex 71.55968475 18.88135529 97.51819611

endloop
endfacet
facet normal -0.9419654012 0.332277149 -0.04788541421
outer loop
vertex 72.79009247 22.37604523 97.56422424
vertex 71.55968475 18.88135529 97.51819611
vertex 74.26039886 26.88779449 99.9485321

endloop
endfacet
facet normal -0.9514043927 0.2871907055 0.111135371
outer loop
vertex 74.26039886 26.88779449 99.9485321
vertex 71.55968475 18.88135529 97.51819611
vertex 73.05843353 22.90683746 99.94618225

endloop
endfacet
facet normal -0.9028999805 0.2728075385 -0.3321862519
outer loop
vertex 74.26039886 26.88779449 99.9485321
vertex 73.05843353 22.90683746 99.94618225
vertex 74.32640839 29.99759674 102.3230362

endloop
endfacet
facet normal -0.9509485364 0.2367808819 -0.1990772486
outer loop
vertex 74.32640839 29.99759674 102.3230362
vertex 73.05843353 22.90683746 99.94618225
vertex 73.32305145 25.96790314 102.3229675

endloop
endfacet
facet normal -0.8580026627 0.2136353999 -0.4671095312
outer loop
vertex 74.32640839 29.99759674 102.3230362
vertex 73.32308197 25.96790314 102.3229752
vertex 73.79271698 33.04482269 104.6970062

endloop
endfacet
facet normal -0.9336460829 0.1680706292 -0.3163182437
outer loop
vertex 73.79271698 33.04482269 104.6970062
vertex 73.32308197 25.96790314 102.3229752
vertex 73.04415131 28.88593292 104.6967163

endloop
endfacet
facet normal -0.7233793139 0.130249545 -0.6780541539
outer loop
vertex 73.79271698 33.04482269 104.6970062
vertex 73.04415131 28.88593292 104.6967163
vertex 72.00234222 35.45789337 107.0705948

endloop
endfacet
facet normal -0.8955253959 0.0186408665 -0.4446198344
outer loop
vertex 72.00234222 35.45789337 107.0705948
vertex 73.04415131 28.88593292 104.6967163
vertex 71.93508148 32.21970367 107.0703049

endloop
endfacet
facet normal -0.6524979472 0.01362093166 -0.7576680183
outer loop
vertex 72.00234222 35.45789337 107.0705948
vertex 71.93508148 32.21970367 107.0703049
vertex 69.26348114 36.27707672 109.4440079

endloop
endfacet
facet normal -0.0828762576 -0.5433220267 0.835423708
outer loop
vertex 69.26348114 36.27707672 109.4440079
vertex 71.93508148 32.21970367 107.0703049
vertex 70.61309052 36.07154083 109.4442215

endloop
endfacet
facet normal -0.1248190254 -0.820120275 -0.5584110618
outer loop
vertex 69.26348114 36.27709198 109.4440155
vertex 70.61306 36.07154083 109.4442368
vertex 65.60967255 35.22566986 111.804924

endloop
endfacet
facet normal 0.3669157922 -0.7872586846 0.4955771565
outer loop
vertex 65.60967255 35.22566986 111.804924
vertex 70.61306 36.07154083 109.4442368
vertex 67.79421234 36.24571991 111.8079529

endloop
endfacet
facet normal 0.2247637957 -0.4788343906 -0.8486453295
outer loop
vertex 65.60967255 35.22566986 111.804924
vertex 67.79421234 36.24571991 111.8079529
vertex 57.35608673 27.24924469 114.1195297

endloop
endfacet
facet normal 0.1308823079 -0.386439234 -0.9129810929
outer loop
vertex 57.35608673 27.24924469 114.1195297
vertex 67.79421234 36.24571991 111.8079529
vertex 60.6687088 28.34307098 114.1314316

endloop
endfacet
facet normal 0.2135785222 -0.6387828588 -0.7391486764
outer loop
vertex 57.35604095 27.24921417 114.1195221
vertex 60.66866302 28.34302521 114.131424
vertex 50.28154755 22.258461 116.3884125

endloop
endfacet
facet normal 0.02651202865 -0.3871308267 -0.9216434956
outer loop
vertex 50.28154755 22.258461 116.3884125
vertex 60.66866302 28.34302521 114.131424
vertex 54.22071075 22.48619843 116.4060669

endloop
endfacet
facet normal 0.05407974496 -0.9022506475 -0.4278073013
outer loop
vertex 50.28154755 22.258461 116.3884125
vertex 54.22071075 22.48619843 116.4060669
vertex 47.30182648 21.02039337 118.6228409

endloop
endfacet
facet normal -0.0115129929 -0.8171737194 -0.5762764215
outer loop
vertex 47.30182648 21.02039337 118.6228409
vertex 54.22071075 22.48619843 116.4060669
vertex 51.51726532 20.94449615 118.6462479

endloop
endfacet
facet normal -0.01848866418 -0.9941933155 0.1060080528
outer loop
vertex 47.30182648 21.02039337 118.6228409
vertex 51.51726532 20.94449615 118.6462479
vertex 45.84845734 21.28104401 120.8138657

endloop
endfacet
facet normal -0.08465325087 -0.9941530228 -0.06703349203
outer loop
vertex 45.84845734 21.28104401 120.8138657
vertex 51.51726532 20.94449615 118.6462479
vertex 50.23148346 20.90650177 120.8334808

endloop
endfacet
facet normal -0.08200516552 -0.9427607656 0.3232293725
outer loop
vertex 45.8484726 21.28105927 120.8138809
vertex 50.23151398 20.90653229 120.8335037
vertex 44.08434296 22.16831207 122.954155

endloop
endfacet
facet normal -0.1593399495 -0.9797707796 0.1210784093
outer loop
vertex 44.08434296 22.16831207 122.954155
vertex 50.23151398 20.90653229 120.8335037
vertex 48.6085434 21.43149567 122.9456863

endloop
endfacet
facet normal -0.1526565701 -0.9408196807 0.3025794625
outer loop
vertex 44.08434296 22.16831207 122.954155
vertex 48.6085434 21.43149567 122.9456863
vertex 42.63690948 23.07408905 125.0402603

endloop
endfacet
facet normal -0.1698083878 -0.9502629042 0.2610850632
outer loop
vertex 42.63690948 23.07408905 125.0402603
vertex 48.6085434 21.43149567 122.9456863
vertex 47.33629608 22.21822357 124.9816513

endloop
endfacet
facet normal -0.1558213979 -0.8855524063 0.437626183
outer loop
vertex 42.63690948 23.07408905 125.0402603
vertex 47.33629608 22.21822357 124.9816513
vertex 42.06217194 24.19007111 127.0938492

endloop
endfacet
facet normal -0.1395090222 -0.8732504845 0.466873467
outer loop
vertex 42.06217194 24.19007111 127.0938492
vertex 47.33629608 22.21822357 124.9816513
vertex 46.87023163 23.34857941 126.9566269

endloop
endfacet
facet normal -0.1303765625 -0.8327113986 0.5381391048
outer loop
vertex 42.06217194 24.19007111 127.0938644
vertex 46.87023163 23.34859467 126.9566345
vertex 41.71305084 25.5762558 129.1542511

endloop
endfacet
facet normal -0.1287932992 -0.8314068317 0.5405321121
outer loop
vertex 41.71305084 25.5762558 129.1542511
vertex 46.87023163 23.34859467 126.9566345
vertex 46.50629425 24.66230011 128.890564

endloop
endfacet
facet normal -0.1294893175 -0.8338977695 0.5365137458
outer loop
vertex 41.71305084 25.5762558 129.1542511
vertex 46.50629425 24.66230011 128.890564
vertex 40.88181305 27.08625031 131.3005981

endloop
endfacet
facet normal -0.1254972517 -0.8306120634 0.5425256491
outer loop
vertex 40.88181305 27.08625031 131.3005981
vertex 46.50629425 24.66230011 128.890564
vertex 45.66013336 26.0905838 130.881546

endloop
endfacet
facet normal -0.1105725169 -0.7864297032 0.6077021956
outer loop
vertex 40.88181305 27.08625031 131.3006134
vertex 45.66013336 26.09059906 130.8815613
vertex 40.23160553 28.98931122 133.6450653

endloop
endfacet
facet normal -0.09426961839 -0.7737547159 0.6264318228
outer loop
vertex 40.23160553 28.98931122 133.6450653
vertex 45.66013336 26.09059906 130.8815613
vertex 44.90392303 28.00954437 133.1380005

endloop
endfacet
facet normal -0.08073751628 -0.7340085506 0.674323976
outer loop
vertex 40.23160553 28.98931122 133.6450653
vertex 44.90392303 28.00954437 133.1380005
vertex 40.23937225 31.36734772 136.2345123

endloop
endfacet
facet normal -0.07147206366 -0.728035152 0.6818038821
outer loop
vertex 40.23937225 31.36734772 136.2345123
vertex 44.90392303 28.00954437 133.1380005
vertex 44.49742889 30.50685883 135.7620392

endloop
endfacet
facet normal -0.06643618643 -0.7123678327 0.6986546516
outer loop
vertex 40.23937225 31.36734772 136.2345123
vertex 44.49742889 30.50685883 135.7620392
vertex 40.34952545 34.18427277 139.1172028

endloop
endfacet
facet normal -0.06124461442 -0.70955199 0.7019864917
outer loop
vertex 40.34952545 34.18427277 139.1172028
vertex 44.49742889 30.50685883 135.7620392
vertex 43.94927216 33.45346832 138.6925812

endloop
endfacet
facet normal -0.04075590149 -0.6444120407 0.7635915875
outer loop
vertex 40.34954071 34.18430328 139.1172333
vertex 43.94930267 33.45348358 138.6926117
vertex 41.47986603 37.92307281 142.3327942

endloop
endfacet
facet normal -0.06288224459 -0.6509032845 0.7565518022
outer loop
vertex 41.47986603 37.92307281 142.3327942
vertex 43.94930267 33.45348358 138.6926117
vertex 44.45215607 37.24817657 141.9991913

endloop
endfacet
facet normal -0.01126931049 -0.4825413525 0.8758006692
outer loop
vertex 41.47986603 37.92307281 142.3327942
vertex 44.45215607 37.24817657 141.9991913
vertex 44.08756256 43.73406219 145.5680389

endloop
endfacet
facet normal -0.05043902248 -0.4836470783 0.8738086224
outer loop
vertex 44.08756256 43.73406219 145.5680389
vertex 44.45215607 37.24817657 141.9991913
vertex 46.62944794 43.40065765 145.5302277

endloop
endfacet
facet normal -0.01137365587 -0.1978634596 0.9801636338
outer loop
vertex 44.0875473 43.73406219 145.5680237
vertex 46.62941742 43.4006424 145.5302124
vertex 52.09568024 60.56041718 149.0576477

endloop
endfacet
facet normal -0.752938211 0.1070692018 0.6493228674
outer loop
vertex 52.09568024 60.56041718 149.0576477
vertex 46.62941742 43.4006424 145.5302124
vertex 52.09571075 60.56044769 149.0576782

endloop
endfacet
facet normal -0.5532255769 0.4669978023 0.6898220181
outer loop
vertex 76.23400116 15.21146393 48.43406677
vertex 76.23397064 15.21143341 48.43406296
vertex 70.81163788 3.218636036 52.20436478

endloop
endfacet
facet normal -0.04075348005 -0.2828447223 -0.9582995176
outer loop
vertex 70.81163788 3.218636036 52.20436478
vertex 76.23397064 15.21143341 48.43406296
vertex 72.42928314 3.035743952 52.18955231

endloop
endfacet
facet normal -0.09817050397 -0.8229837418 -0.5595178604
outer loop
vertex 70.81163788 3.218636036 52.20436478
vertex 72.42928314 3.035743952 52.18955231
vertex 68.40630341 1.698402047 54.86247635

endloop
endfacet
facet normal -0.15942505 -0.7657442093 -0.6230725646
outer loop
vertex 68.40630341 1.698402047 54.86247635
vertex 72.42928314 3.035743952 52.18955231
vertex 70.41426849 1.263648987 54.88300323

endloop
endfacet
facet normal -0.1796745807 -0.8529877663 -0.4900295138
outer loop
vertex 68.40630341 1.698402047 54.86247635
vertex 70.41426849 1.263648987 54.88300323
vertex 66.92366791 0.6422809958 57.24447632

endloop
endfacet
facet normal -0.167930454 -0.8635646105 -0.4754530191
outer loop
vertex 66.92366791 0.6422809958 57.24447632
vertex 70.41426849 1.263648987 54.88300323
vertex 69.1677475 0.1816789955 57.28845596

endloop
endfacet
facet normal -0.1778465062 -0.9036733508 -0.389544785
outer loop
vertex 66.92366791 0.6422809958 57.24447632
vertex 69.1677475 0.1816789955 57.28845596
vertex 65.84682465 -0.1528699994 59.58071518

endloop
endfacet
facet normal -0.1821012348 -0.9003537893 -0.3952243328
outer loop
vertex 65.84682465 -0.1528699994 59.58071518
vertex 69.1677475 0.1816789955 57.28845596
vertex 68.29549408 -0.669426024 59.62923813

endloop
endfacet
facet normal -0.1907429546 -0.9328908324 -0.3055026233
outer loop
vertex 65.84682465 -0.1528699994 59.58071518
vertex 68.29549408 -0.669426024 59.62923813
vertex 64.85686493 -0.7128679752 61.90882874

endloop
endfacet
facet normal -0.2644085586 -0.8703476787 -0.4154309928
outer loop
vertex 64.85686493 -0.7128679752 61.90882874
vertex 68.29549408 -0.669426024 59.62923813
vertex 67.38869476 -1.486793995 61.9188118

endloop
endfacet
facet normal -0.2878499329 -0.9437733293 -0.1625863463
outer loop
vertex 64.85686493 -0.7128679752 61.90882492
vertex 67.38869476 -1.486793995 61.9188118
vertex 64.13881683 -0.886909008 64.19035339

endloop
endfacet
facet normal -0.3480224311 -0.9006964564 -0.2600507438
outer loop
vertex 64.13881683 -0.886909008 64.19035339
vertex 67.38869476 -1.486793995 61.9188118
vertex 66.6651535 -1.883308053 64.2604599

endloop
endfacet
facet normal -0.362454474 -0.9262593389 -0.1032969877
outer loop
vertex 64.13884735 -0.8868939877 64.19036102
vertex 66.66518402 -1.883293033 64.26046753
vertex 63.99149323 -1.075706005 66.40047455

endloop
endfacet
facet normal -0.4128133357 -0.8931083679 -0.1787248701
outer loop
vertex 63.99149323 -1.075706005 66.40047455
vertex 66.66518402 -1.883293033 64.26046753
vertex 66.39055634 -2.252892017 66.74172211

endloop
endfacet
facet normal -0.4354872704 -0.8992794752 -0.04058627412
outer loop
vertex 63.99144745 -1.075737 66.40045929
vertex 66.39052582 -2.252922058 66.74171448
vertex 64.16170502 -1.258064032 68.61347198

endloop
endfacet
facet normal -0.4669585824 -0.8798506856 -0.08838778734
outer loop
vertex 64.16170502 -1.258064032 68.61347198
vertex 66.39052582 -2.252922058 66.74171448
vertex 66.49474335 -2.561362982 69.26148224

endloop
endfacet
facet normal -0.5000192523 -0.8637125492 0.06309824437
outer loop
vertex 64.16170502 -1.258064032 68.61347198
vertex 66.49474335 -2.561362982 69.26148224
vertex 64.19582367 -1.11174798 70.88667297

endloop
endfacet
facet normal -0.4466313422 -0.8813101053 0.1543146074
outer loop
vertex 64.19582367 -1.11174798 70.88667297
vertex 66.49474335 -2.561362982 69.26148224
vertex 66.72859955 -2.262901068 71.6428833

endloop
endfacet
facet normal -0.438000381 -0.8924002647 0.1085246429
outer loop
vertex 64.19582367 -1.11174798 70.88667297
vertex 66.72859955 -2.262901068 71.6428833
vertex 64.05626678 -0.7623519897 73.19651794

endloop
endfacet
facet normal -0.370319128 -0.8995149732 0.2318115234
outer loop
vertex 64.05626678 -0.7623519897 73.19651794
vertex 66.72859955 -2.262901068 71.6428833
vertex 66.80974579 -1.714301944 73.90128326

endloop
endfacet
facet normal -0.3633072078 -0.9128244519 0.1864387542
outer loop
vertex 64.05626678 -0.7623519897 73.19651794
vertex 66.80974579 -1.714301944 73.90128326
vertex 63.85330963 -0.2039110065 75.53520966

endloop
endfacet
facet normal -0.370876193 -0.9125270247 0.1724685133
outer loop
vertex 63.85330963 -0.2039110065 75.53520966
vertex 66.80974579 -1.714301944 73.90128326
vertex 66.75075531 -1.261878967 76.16819

endloop
endfacet
facet normal -0.3681547642 -0.9172309637 0.1521493942
outer loop
vertex 63.85330963 -0.2039110065 75.53520966
vertex 66.75075531 -1.261878967 76.16819
vertex 63.79270172 0.2198099941 77.94295502

endloop
endfacet
facet normal -0.3727405965 -0.9166862369 0.1440512836
outer loop
vertex 63.79270172 0.2198099941 77.94295502
vertex 66.75075531 -1.261878967 76.16819
vertex 66.88127899 -0.9557719827 78.45387268

endloop
endfacet
facet normal -0.3756602108 -0.9094250798 0.1783970445
outer loop
vertex 63.79268646 0.2198099941 77.94293976
vertex 66.88124847 -0.9557719827 78.45385742
vertex 63.91284943 0.6441569924 80.35919189

endloop
endfacet
facet normal -0.364594847 -0.910236299 0.1963174641
outer loop
vertex 63.91284943 0.6441569924 80.35919189
vertex 66.88124847 -0.9557719827 78.45385742
vertex 67.10936737 -0.5588610172 80.71781158

endloop
endfacet
facet normal -0.3646394908 -0.8697559834 0.3325097561
outer loop
vertex 63.91284943 0.6441569924 80.35919189
vertex 67.10936737 -0.5588610172 80.71781158
vertex 63.63167572 1.653053045 82.68984985

endloop
endfacet
facet normal -0.3371757567 -0.863835156 0.3743010163
outer loop
vertex 63.63167572 1.653053045 82.68984985
vertex 67.10936737 -0.5588610172 80.71781158
vertex 67.11244965 0.3863910139 82.90209961

endloop
endfacet
facet normal -0.3033298552 -0.7311524749 0.6110703945
outer loop
vertex 63.63167572 1.653053045 82.68984985
vertex 67.11244965 0.3863910139 82.90209961
vertex 62.61937714 4.033760071 85.0358963

endloop
endfacet
facet normal -0.4531000853 -0.7945894599 0.4041385055
outer loop
vertex 62.61937714 4.033760071 85.0358963
vertex 67.11244965 0.3863910139 82.90209961
vertex 65.80184174 2.294228077 85.18376923

endloop
endfacet
facet normal -0.3510473073 -0.5797327757 0.7353065014
outer loop
vertex 62.61937714 4.033760071 85.0358963
vertex 65.80184174 2.294228077 85.18376923
vertex 60.80254364 8.310585022 87.54045868

endloop
endfacet
facet normal -0.7585700154 -0.4432540238 -0.4775953591
outer loop
vertex 60.80254364 8.310585022 87.54045868
vertex 65.80184174 2.294228077 85.18376923
vertex 62.50748444 5.445655823 87.4914093

endloop
endfacet
facet normal -0.7241089344 -0.4400151372 0.5310864449
outer loop
vertex 60.8025589 8.310600281 87.54045868
vertex 62.50749969 5.445671082 87.4914093
vertex 61.66641998 9.829017639 89.97632599

endloop
endfacet
facet normal -0.8091512918 -0.3995242119 0.4308765233
outer loop
vertex 61.66641998 9.829017639 89.97632599
vertex 62.50749969 5.445671082 87.4914093
vertex 63.14154816 6.768196106 89.90839386

endloop
endfacet
facet normal -0.4657710195 -0.243355453 0.8507851958
outer loop
vertex 61.66641998 9.829017639 89.97632599
vertex 63.14154816 6.768196106 89.90839386
vertex 65.02794647 11.87236786 92.40110016

endloop
endfacet
facet normal -0.693139255 -0.09290958941 0.7147907615
outer loop
vertex 65.02794647 11.87236786 92.40110016
vertex 63.14154816 6.768196106 89.90839386
vertex 65.37252045 8.882865906 92.3466568

endloop
endfacet
facet normal -0.5361225605 -0.07710301131 0.840611577
outer loop
vertex 65.02794647 11.87236786 92.40110016
vertex 65.37252045 8.882865906 92.3466568
vertex 68.61043549 14.92470646 94.96589661

endloop
endfacet
facet normal -0.7557473183 0.1264663786 0.6425358653
outer loop
vertex 68.61043549 14.92470646 94.96589661
vertex 65.37252045 8.882865906 92.3466568
vertex 68.08110809 12.26309967 94.86717224

endloop
endfacet
facet normal -0.7381238937 0.1221835986 0.6635090709
outer loop
vertex 68.61043549 14.92470646 94.96589661
vertex 68.08110809 12.26309967 94.86717224
vertex 71.55968475 18.88135529 97.51819611

endloop
endfacet
facet normal -0.7880817652 0.1782021224 0.5892122984
outer loop
vertex 71.55968475 18.88135529 97.51819611
vertex 68.08110809 12.26309967 94.86717224
vertex 70.86922455 16.05381012 97.44985962

endloop
endfacet
facet normal -0.9508660436 0.2271072119 0.2104185224
outer loop
vertex 71.55968475 18.88135529 97.51819611
vertex 70.86922455 16.05381012 97.44985962
vertex 73.05843353 22.90683746 99.94618225

endloop
endfacet
facet normal -0.953643322 0.2371609509 0.1852541864
outer loop
vertex 73.05843353 22.90683746 99.94618225
vertex 70.86922455 16.05381012 97.44985962
vertex 72.23705292 19.61296844 99.93470001

endloop
endfacet
facet normal -0.9504538774 0.2377096862 -0.2003284842
outer loop
vertex 73.05843353 22.90683746 99.94618225
vertex 72.23705292 19.61296844 99.93470001
vertex 73.32305145 25.96790314 102.3229675

endloop
endfacet
facet normal -0.9664261341 0.2169132084 -0.1377282292
outer loop
vertex 73.32305145 25.96790314 102.3229675
vertex 72.23705292 19.61296844 99.93470001
vertex 72.53282928 22.44602203 102.3211441

endloop
endfacet
facet normal -0.9108367562 0.2045705318 -0.3585071564
outer loop
vertex 73.32308197 25.96790314 102.3229752
vertex 72.53279877 22.44603729 102.3211594
vertex 73.04415131 28.88593292 104.6967163

endloop
endfacet
facet normal -0.9286355376 0.1910487115 -0.3180195391
outer loop
vertex 73.04415131 28.88593292 104.6967163
vertex 72.53279877 22.44603729 102.3211594
vertex 72.25276947 25.03850555 104.6962738

endloop
endfacet
facet normal -0.787060678 0.1619598866 -0.5952347517
outer loop
vertex 73.04415131 28.88593292 104.6967163
vertex 72.25276947 25.03850555 104.6962738
vertex 71.93508148 32.21970367 107.0703049

endloop
endfacet
facet normal -0.8138515353 0.1496159732 -0.5614808202
outer loop
vertex 71.93508148 32.21970367 107.0703049
vertex 72.25276947 25.03850555 104.6962738
vertex 71.21627045 28.30599213 107.0693283

endloop
endfacet
facet normal -0.7526586652 0.1383975148 -0.6437010765
outer loop
vertex 71.93508148 32.21970367 107.0703049
vertex 71.21627045 28.30599213 107.0693283
vertex 70.61309052 36.07154083 109.4442215

endloop
endfacet
facet normal -0.8196331859 0.1083756834 -0.5625444055
outer loop
vertex 70.61309052 36.07154083 109.4442215
vertex 71.21627045 28.30599213 107.0693283
vertex 70.10295868 32.20079803 109.4417801

endloop
endfacet
facet normal -0.6371717453 0.08444743603 -0.7660814524
outer loop
vertex 70.61306 36.07154083 109.4442368
vertex 70.1029892 32.20081329 109.4417953
vertex 67.79421234 36.24571991 111.8079529

endloop
endfacet
facet normal -0.7448288798 -0.03536063805 -0.6663178802
outer loop
vertex 67.79421234 36.24571991 111.8079529
vertex 70.1029892 32.20081329 109.4417953
vertex 67.94264984 33.14479828 111.8065872

endloop
endfacet
facet normal -0.2961616516 -0.0137563087 -0.9550387859
outer loop
vertex 67.79421234 36.24571991 111.8079529
vertex 67.94264984 33.14479828 111.8065872
vertex 60.6687088 28.34307098 114.1314316

endloop
endfacet
facet normal -0.02328027226 -0.4068708718 -0.9131889939
outer loop
vertex 60.6687088 28.34307098 114.1314316
vertex 67.94264984 33.14479828 111.8065872
vertex 62.83985138 28.19942474 114.1400833

endloop
endfacet
facet normal -0.01899733581 -0.3437221348 -0.9388792515
outer loop
vertex 60.66866302 28.34302521 114.131424
vertex 62.83982086 28.19939423 114.1400757
vertex 54.22071075 22.48619843 116.4060669

endloop
endfacet
facet normal 0.04295210913 -0.4236645699 -0.9048001766
outer loop
vertex 54.22071075 22.48619843 116.4060669
vertex 62.83982086 28.19939423 114.1400757
vertex 57.89910126 22.81397247 116.4272079

endloop
endfacet
facet normal 0.07980829477 -0.8635175228 -0.4979639947
outer loop
vertex 54.22071075 22.48619843 116.4060669
vertex 57.89910126 22.81397247 116.4272079
vertex 51.51726532 20.94449615 118.6462479

endloop
endfacet
facet normal 0.03137682006 -0.8070368171 -0.589666903
outer loop
vertex 51.51726532 20.94449615 118.6462479
vertex 57.89910126 22.81397247 116.4272079
vertex 55.49144745 21.07552338 118.6783905

endloop
endfacet
facet normal 0.03293547779 -0.9994553924 0.001999856438
outer loop
vertex 51.51726532 20.94449615 118.6462479
vertex 55.49144745 21.07552338 118.6783905
vertex 50.23148346 20.90650177 120.8334808

endloop
endfacet
facet normal -0.01743760519 -0.9925714731 -0.1204066426
outer loop
vertex 50.23148346 20.90650177 120.8334808
vertex 55.49144745 21.07552338 118.6783905
vertex 54.18743134 20.83209991 120.8739014

endloop
endfacet
facet normal -0.02062678151 -0.9738635421 0.2261954099
outer loop
vertex 50.23151398 20.90653229 120.8335037
vertex 54.18746185 20.83213043 120.8739166
vertex 48.6085434 21.43149567 122.9456863

endloop
endfacet
facet normal -0.09027143568 -0.9949116111 0.04474359378
outer loop
vertex 48.6085434 21.43149567 122.9456863
vertex 54.18746185 20.83213043 120.8739166
vertex 52.77814484 21.05484772 122.9828873

endloop
endfacet
facet normal -0.08826500922 -0.9464451075 0.3105652332
outer loop
vertex 48.6085434 21.43149567 122.9456863
vertex 52.77814484 21.05484772 122.9828873
vertex 47.33629608 22.21822357 124.9816513

endloop
endfacet
facet normal -0.09499315172 -0.9508263469 0.2947972417
outer loop
vertex 47.33629608 22.21822357 124.9816513
vertex 52.77814484 21.05484772 122.9828873
vertex 51.81130219 21.77677155 124.9998016

endloop
endfacet
facet normal -0.08809747547 -0.8733488917 0.4790620506
outer loop
vertex 47.33629608 22.21822357 124.9816513
vertex 51.81130219 21.77677155 124.9998016
vertex 46.87023163 23.34857941 126.9566269

endloop
endfacet
facet normal -0.08299907297 -0.8687518239 0.488243252
outer loop
vertex 46.87023163 23.34857941 126.9566269
vertex 51.81130219 21.77677155 124.9998016
vertex 51.52082062 22.88362885 126.919899

endloop
endfacet
facet normal -0.07878669351 -0.831455946 0.5499760509
outer loop
vertex 46.87023163 23.34859467 126.9566345
vertex 51.52080536 22.88362885 126.9199142
vertex 46.50629425 24.66230011 128.890564

endloop
endfacet
facet normal -0.05205498263 -0.803614974 0.5928686857
outer loop
vertex 46.50629425 24.66230011 128.890564
vertex 51.52080536 22.88362885 126.9199142
vertex 51.32605743 24.24906158 128.7536163

endloop
endfacet
facet normal -0.05438809097 -0.8221456409 0.5666732192
outer loop
vertex 46.50629425 24.66230011 128.890564
vertex 51.32605743 24.24906158 128.7536163
vertex 45.66013336 26.0905838 130.881546

endloop
endfacet
facet normal 0.001609264989 -0.7540356517 0.6568315625
outer loop
vertex 45.66013336 26.0905838 130.881546
vertex 51.32605743 24.24906158 128.7536163
vertex 50.83325958 25.83081818 130.5706635

endloop
endfacet
facet normal 0.0006916833809 -0.7616627812 0.647973299
outer loop
vertex 45.66013336 26.09059906 130.8815613
vertex 50.83325958 25.83081818 130.5706787
vertex 44.90392303 28.00954437 133.1380005

endloop
endfacet
facet normal 0.01025675796 -0.7506006956 0.6606764197
outer loop
vertex 44.90392303 28.00954437 133.1380005
vertex 50.83325958 25.83081818 130.5706787
vertex 50.04631805 27.56929779 132.5579987

endloop
endfacet
facet normal 0.01599139161 -0.723050952 0.6906094551
outer loop
vertex 44.90392303 28.00954437 133.1380005
vertex 50.04631805 27.56929779 132.5579987
vertex 44.49742889 30.50685883 135.7620392

endloop
endfacet
facet normal 0.008670238778 -0.7295417786 0.6838813424
outer loop
vertex 44.49742889 30.50685883 135.7620392
vertex 50.04631805 27.56929779 132.5579987
vertex 49.09281158 29.95839691 135.1186981

endloop
endfacet
facet normal 0.01547302585 -0.7036380172 0.7103900909
outer loop
vertex 44.49742889 30.50685883 135.7620392
vertex 49.09281158 29.95839691 135.1186981
vertex 43.94927216 33.45346832 138.6925812

endloop
endfacet
facet normal 0.04281587526 -0.6827927828 0.7293564081
outer loop
vertex 43.94927216 33.45346832 138.6925812
vertex 49.09281158 29.95839691 135.1186981
vertex 48.11367035 33.37931061 138.3786926

endloop
endfacet
facet normal 0.04480612651 -0.6596614718 0.7502260208
outer loop
vertex 43.94930267 33.45348358 138.6926117
vertex 48.11368561 33.37934113 138.3787079
vertex 44.45215607 37.24817657 141.9991913

endloop
endfacet
facet normal 0.07709108293 -0.641379416 0.7633408904
outer loop
vertex 44.45215607 37.24817657 141.9991913
vertex 48.11368561 33.37934113 138.3787079
vertex 48.04964447 37.61850739 141.9470367

endloop
endfacet
facet normal 0.06531073898 -0.5139905214 0.8553059101
outer loop
vertex 44.45215607 37.24817657 141.9991913
vertex 48.04964447 37.61850739 141.9470367
vertex 46.62944794 43.40065765 145.5302277

endloop
endfacet
facet normal 0.1191239282 -0.5016992688 0.8568005562
outer loop
vertex 46.62944794 43.40065765 145.5302277
vertex 48.04964447 37.61850739 141.9470367
vertex 49.29323578 44.0382309 145.5332031

endloop
endfacet
facet normal 0.05074939132 -0.2165814042 0.9749445915
outer loop
vertex 46.62941742 43.4006424 145.5302124
vertex 49.29320526 44.03821564 145.5331879
vertex 52.09571075 60.56044769 149.0576782

endloop
endfacet
facet normal 0.5063120723 0.09736771137 -0.8568358421
outer loop
vertex 52.09571075 60.56044769 149.0576782
vertex 49.29320526 44.03821564 145.5331879
vertex 52.09566498 60.56041718 149.0576477

endloop
endfacet
facet normal 0.3902012706 -0.3805327117 -0.8384138942
outer loop
vertex 76.23397064 15.21143341 48.43406296
vertex 76.23403168 15.21147919 48.43407059
vertex 72.42928314 3.035743952 52.18955231

endloop
endfacet
facet normal -0.04467366263 -0.2816706598 -0.958470583
outer loop
vertex 72.42928314 3.035743952 52.18955231
vertex 76.23403168 15.21147919 48.43407059
vertex 74.03047943 2.881247997 52.1603241

endloop
endfacet
facet normal -0.08806958795 -0.8006341457 -0.5926454067
outer loop
vertex 72.42928314 3.035743952 52.18955231
vertex 74.03047943 2.881247997 52.1603241
vertex 70.41426849 1.263648987 54.88300323

endloop
endfacet
facet normal -0.06538060308 -0.8173391819 -0.5724352002
outer loop
vertex 70.41426849 1.263648987 54.88300323
vertex 74.03047943 2.881247997 52.1603241
vertex 72.53133392 1.121711969 54.84386444

endloop
endfacet
facet normal -0.0681886822 -0.8961731791 -0.4384334683
outer loop
vertex 70.41426849 1.263648987 54.88300323
vertex 72.53133392 1.121711969 54.84386444
vertex 69.1677475 0.1816789955 57.28845596

endloop
endfacet
facet normal -0.02012352832 -0.923593998 -0.3828434944
outer loop
vertex 69.1677475 0.1816789955 57.28845596
vertex 72.53133392 1.121711969 54.84386444
vertex 71.56014252 0.1338270009 57.27814484

endloop
endfacet
facet normal -0.02024606243 -0.9371657372 -0.3482964635
outer loop
vertex 69.1677475 0.1816789955 57.28845596
vertex 71.56014252 0.1338270009 57.27814484
vertex 68.29549408 -0.669426024 59.62923813

endloop
endfacet
facet normal 0.002120827325 -0.9471907616 -0.3206636608
outer loop
vertex 68.29549408 -0.669426024 59.62923813
vertex 71.56014252 0.1338270009 57.27814484
vertex 70.83821869 -0.6863780022 59.69612885

endloop
endfacet
facet normal 0.002540311543 -0.9421008825 -0.3353199065
outer loop
vertex 68.29549408 -0.669426024 59.62923813
vertex 70.83821869 -0.6863780022 59.69612885
vertex 67.38869476 -1.486793995 61.9188118

endloop
endfacet
facet normal -0.02161835879 -0.929469645 -0.3682646453
outer loop
vertex 67.38869476 -1.486793995 61.9188118
vertex 70.83821869 -0.6863780022 59.69612885
vertex 70.14452362 -1.622856021 62.10044479

endloop
endfacet
facet normal -0.03682626411 -0.9833605886 -0.1778924912
outer loop
vertex 67.38869476 -1.486793995 61.9188118
vertex 70.14452362 -1.622856021 62.10044479
vertex 66.6651535 -1.883308053 64.2604599

endloop
endfacet
facet normal -0.07633687556 -0.9678496122 -0.2396662086
outer loop
vertex 66.6651535 -1.883308053 64.2604599
vertex 70.14452362 -1.622856021 62.10044479
vertex 69.52950287 -2.168998957 64.50183868

endloop
endfacet
facet normal -0.08500798792 -0.9840929508 -0.1559958011
outer loop
vertex 66.66518402 -1.883293033 64.26046753
vertex 69.52953339 -2.168982983 64.50183868
vertex 66.39055634 -2.252892017 66.74172211

endloop
endfacet
facet normal -0.08025244623 -0.9855169654 -0.149384737
outer loop
vertex 66.39055634 -2.252892017 66.74172211
vertex 69.52953339 -2.168982983 64.50183868
vertex 69.24834442 -2.521003962 66.97524261

endloop
endfacet
facet normal -0.08322241902 -0.9895572066 -0.117688112
outer loop
vertex 66.39052582 -2.252922058 66.74171448
vertex 69.24828339 -2.521034002 66.97523499
vertex 66.49474335 -2.561362982 69.26148224

endloop
endfacet
facet normal -0.07006217539 -0.9923256636 -0.1018868163
outer loop
vertex 66.49474335 -2.561362982 69.26148224
vertex 69.24828339 -2.521034002 66.97523499
vertex 69.35912323 -2.783484936 69.45515442

endloop
endfacet
facet normal -0.08551565558 -0.98753196 0.1321654916
outer loop
vertex 66.49474335 -2.561362982 69.26148224
vertex 69.35912323 -2.783484936 69.45515442
vertex 66.72859955 -2.262901068 71.6428833

endloop
endfacet
facet normal -0.08211987466 -0.9872737527 0.1361871213
outer loop
vertex 66.72859955 -2.262901068 71.6428833
vertex 69.35912323 -2.783484936 69.45515442
vertex 69.66228485 -2.484443903 71.80582428

endloop
endfacet
facet normal -0.08627939224 -0.9674016833 0.238096416
outer loop
vertex 66.72859955 -2.262901068 71.6428833
vertex 69.66228485 -2.484443903 71.80582428
vertex 66.80974579 -1.714301944 73.90128326

endloop
endfacet
facet normal -0.1104499027 -0.9721031785 0.2069211155
outer loop
vertex 66.80974579 -1.714301944 73.90128326
vertex 69.66228485 -2.484443903 71.80582428
vertex 69.82515717 -2.018302917 74.08266449

endloop
endfacet
facet normal -0.1098585352 -0.9752694368 0.1917827874
outer loop
vertex 66.80974579 -1.714301944 73.90128326
vertex 69.82515717 -2.018302917 74.08266449
vertex 66.75075531 -1.261878967 76.16819

endloop
endfacet
facet normal -0.1985325962 -0.9781249762 0.06209857389
outer loop
vertex 66.75075531 -1.261878967 76.16819
vertex 69.82515717 -2.018302917 74.08266449
vertex 69.70800018 -1.848212957 76.38722229

endloop
endfacet
facet normal -0.2025944293 -0.9690087438 0.1413423419
outer loop
vertex 66.75075531 -1.261878967 76.16819
vertex 69.70800018 -1.848212957 76.38722229
vertex 66.88127899 -0.9557719827 78.45387268

endloop
endfacet
facet normal -0.2079776675 -0.9689195752 0.1339407414
outer loop
vertex 66.88127899 -0.9557719827 78.45387268
vertex 69.70800018 -1.848212957 76.38722229
vertex 69.77950287 -1.541893005 78.71414948

endloop
endfacet
facet normal -0.2109560519 -0.9589746594 0.1893813014
outer loop
vertex 66.88124847 -0.9557719827 78.45385742
vertex 69.77947235 -1.541924 78.71414185
vertex 67.10936737 -0.5588610172 80.71781158

endloop
endfacet
facet normal -0.1221745834 -0.9457073212 0.3011827767
outer loop
vertex 67.10936737 -0.5588610172 80.71781158
vertex 69.77947235 -1.541924 78.71414185
vertex 70.12300873 -0.8530809879 81.01644897

endloop
endfacet
facet normal -0.1279052645 -0.9101468325 0.3940470815
outer loop
vertex 67.10936737 -0.5588610172 80.71781158
vertex 70.12300873 -0.8530809879 81.01644897
vertex 67.11244965 0.3863910139 82.90209961

endloop
endfacet
facet normal -0.1325550228 -0.9121131897 0.3879159689
outer loop
vertex 67.11244965 0.3863910139 82.90209961
vertex 70.12300873 -0.8530809879 81.01644897
vertex 70.26409149 0.07106799632 83.23762512

endloop
endfacet
facet normal -0.1421869099 -0.7980285883 0.5856050253
outer loop
vertex 67.11244965 0.3863910139 82.90209961
vertex 70.26409149 0.07106799632 83.23762512
vertex 65.80184174 2.294228077 85.18376923

endloop
endfacet
facet normal -0.2611362934 -0.8770760894 0.4031690359
outer loop
vertex 65.80184174 2.294228077 85.18376923
vertex 70.26409149 0.07106799632 83.23762512
vertex 69.24614716 1.379402041 85.42451477

endloop
endfacet
facet normal -0.2374047041 -0.7231319547 0.6486287713
outer loop
vertex 65.80184174 2.294228077 85.18376923
vertex 69.24614716 1.379402041 85.42451477
vertex 62.50748444 5.445655823 87.4914093

endloop
endfacet
facet normal -0.5204153657 -0.8537416458 -0.01711442508
outer loop
vertex 62.50748444 5.445655823 87.4914093
vertex 69.24614716 1.379402041 85.42451477
vertex 65.9489975 3.345710993 87.59622955

endloop
endfacet
facet normal -0.4575145543 -0.724032104 0.5161956549
outer loop
vertex 62.50749969 5.445671082 87.4914093
vertex 65.9489975 3.345726013 87.59622955
vertex 63.14154816 6.768196106 89.90839386

endloop
endfacet
facet normal -0.4778859615 -0.7260493636 0.494446516
outer loop
vertex 63.14154816 6.768196106 89.90839386
vertex 65.9489975 3.345726013 87.59622955
vertex 66.61241913 4.576285839 90.04439545

endloop
endfacet
facet normal -0.357732296 -0.5182674527 0.776805222
outer loop
vertex 63.14154816 6.768196106 89.90839386
vertex 66.61241913 4.576285839 90.04439545
vertex 65.37252045 8.882865906 92.3466568

endloop
endfacet
facet normal -0.4962912798 -0.5160868168 0.6981041431
outer loop
vertex 65.37252045 8.882865906 92.3466568
vertex 66.61241913 4.576285839 90.04439545
vertex 68.08351898 6.451285839 92.47634888

endloop
endfacet
facet normal -0.3597716689 -0.3550935984 0.8628284335
outer loop
vertex 65.37252045 8.882865906 92.3466568
vertex 68.08351898 6.451285839 92.47634888
vertex 68.08110809 12.26309967 94.86717224

endloop
endfacet
facet normal -0.6433922648 -0.2914690375 0.7078786492
outer loop
vertex 68.08110809 12.26309967 94.86717224
vertex 68.08351898 6.451285839 92.47634888
vertex 69.50289154 9.19606781 94.89658356

endloop
endfacet
facet normal -0.4872689247 -0.2177737057 0.8456615806
outer loop
vertex 68.08110809 12.26309967 94.86717224
vertex 69.50289154 9.19606781 94.89658356
vertex 70.86922455 16.05381012 97.44985962

endloop
endfacet
facet normal -0.7817406654 -0.07475246489 0.6191070676
outer loop
vertex 70.86922455 16.05381012 97.44985962
vertex 69.50289154 9.19606781 94.89658356
vertex 71.16481781 12.57106781 97.40258789

endloop
endfacet
facet normal -0.8223865032 -0.07744925469 0.5636329055
outer loop
vertex 70.86922455 16.05381012 97.44985962
vertex 71.16481781 12.57106781 97.40258789
vertex 72.23705292 19.61296844 99.93470001

endloop
endfacet
facet normal -0.9633337259 0.05203691497 0.2632116675
outer loop
vertex 72.23705292 19.61296844 99.93470001
vertex 71.16481781 12.57106781 97.40258789
vertex 72.02498627 15.91638947 99.88936615

endloop
endfacet
facet normal -0.9968041778 0.05649236962 0.05647951365
outer loop
vertex 72.23705292 19.61296844 99.93470001
vertex 72.02498627 15.91638947 99.88936615
vertex 72.53282928 22.44602203 102.3211441

endloop
endfacet
facet normal -0.9958928227 0.08690899611 -0.02538332529
outer loop
vertex 72.53282928 22.44602203 102.3211441
vertex 72.02498627 15.91638947 99.88936615
vertex 72.18538666 18.46073151 102.3076706

endloop
endfacet
facet normal -0.9743011594 0.08563036472 -0.2083381116
outer loop
vertex 72.53279877 22.44603729 102.3211594
vertex 72.18541718 18.46071625 102.3076706
vertex 72.25276947 25.03850555 104.6962738

endloop
endfacet
facet normal -0.9468439817 0.1183230206 -0.2991420925
outer loop
vertex 72.25276947 25.03850555 104.6962738
vertex 72.18541718 18.46071625 102.3076706
vertex 71.72893524 20.83867645 104.6931076

endloop
endfacet
facet normal -0.8491868973 0.1063069254 -0.5172817707
outer loop
vertex 72.25276947 25.03850555 104.6962738
vertex 71.72893524 20.83867645 104.6931076
vertex 71.21627045 28.30599213 107.0693283

endloop
endfacet
facet normal -0.8142492771 0.1245272905 -0.5670018196
outer loop
vertex 71.21627045 28.30599213 107.0693283
vertex 71.72893524 20.83867645 104.6931076
vertex 70.55556488 23.9805069 107.068161

endloop
endfacet
facet normal -0.8052241206 0.1231522262 -0.5800410509
outer loop
vertex 71.21627045 28.30599213 107.0693283
vertex 70.55556488 23.9805069 107.068161
vertex 70.10295868 32.20079803 109.4417801

endloop
endfacet
facet normal -0.7574528456 0.1422863156 -0.6371968389
outer loop
vertex 70.10295868 32.20079803 109.4417801
vertex 70.55556488 23.9805069 107.068161
vertex 69.18843842 27.31856537 109.4386902

endloop
endfacet
facet normal -0.7048912644 0.1324824095 -0.6968333125
outer loop
vertex 70.1029892 32.20081329 109.4417953
vertex 69.18843842 27.31856537 109.4387054
vertex 67.94264984 33.14479828 111.8065872

endloop
endfacet
facet normal -0.7765862942 0.08751223236 -0.6239032149
outer loop
vertex 67.94264984 33.14479828 111.8065872
vertex 69.18843842 27.31856537 109.4387054
vertex 67.44576263 28.70630646 111.8025055

endloop
endfacet
facet normal -0.456495285 0.05192125961 -0.8882095218
outer loop
vertex 67.94264984 33.14479828 111.8065872
vertex 67.44576263 28.70630646 111.8025055
vertex 62.83985138 28.19942474 114.1400833

endloop
endfacet
facet normal -0.3728354275 -0.4223436117 -0.8262079358
outer loop
vertex 62.83985138 28.19942474 114.1400833
vertex 67.44576263 28.70630646 111.8025055
vertex 64.48305511 26.73900604 114.1451111

endloop
endfacet
facet normal -0.1968126148 -0.22473602 -0.9543367028
outer loop
vertex 62.83982086 28.19939423 114.1400757
vertex 64.4830246 26.73897552 114.1451111
vertex 57.89910126 22.81397247 116.4272079

endloop
endfacet
facet normal 0.05696550384 -0.5715168118 -0.8186106682
outer loop
vertex 57.89910126 22.81397247 116.4272079
vertex 64.4830246 26.73897552 114.1451111
vertex 61.42716217 23.13152313 116.4510193

endloop
endfacet
facet normal 0.07825645059 -0.8277891874 -0.5555546284
outer loop
vertex 57.89910126 22.81397247 116.4272079
vertex 61.42716217 23.13152313 116.4510193
vertex 55.49144745 21.07552338 118.6783905

endloop
endfacet
facet normal 0.1011542752 -0.8507561088 -0.5157342553
outer loop
vertex 55.49144745 21.07552338 118.6783905
vertex 61.42716217 23.13152313 116.4510193
vertex 59.43408966 21.51988983 118.7186584

endloop
endfacet
facet normal 0.1123305485 -0.9927248359 -0.04334829003
outer loop
vertex 55.49144745 21.07552338 118.6783905
vertex 59.43408966 21.51988983 118.7186584
vertex 54.18743134 20.83209991 120.8739014

endloop
endfacet
facet normal 0.1121796742 -0.9927258492 -0.0437159054
outer loop
vertex 54.18743134 20.83209991 120.8739014
vertex 59.43408966 21.51988983 118.7186584
vertex 57.91973114 21.25138092 120.9301071

endloop
endfacet
facet normal 0.1073081121 -0.9786919355 0.1750629991
outer loop
vertex 54.18746185 20.83213043 120.8739166
vertex 57.91976166 21.25141144 120.93013
vertex 52.77814484 21.05484772 122.9828873

endloop
endfacet
facet normal 0.0291428864 -0.9993175864 -0.02269533835
outer loop
vertex 52.77814484 21.05484772 122.9828873
vertex 57.91976166 21.25141144 120.93013
vertex 56.30966949 21.15627289 123.0517502

endloop
endfacet
facet normal 0.0202079583 -0.9382005334 0.3455016315
outer loop
vertex 52.77814484 21.05484772 122.9828873
vertex 56.30966949 21.15627289 123.0517502
vertex 51.81130219 21.77677155 124.9998016

endloop
endfacet
facet normal -0.04890084639 -0.9788085818 0.1988527924
outer loop
vertex 51.81130219 21.77677155 124.9998016
vertex 56.30966949 21.15627289 123.0517502
vertex 55.35697174 21.61499786 125.0754395

endloop
endfacet
facet normal -0.05014621094 -0.8685333133 0.4930874109
outer loop
vertex 51.81130219 21.77677155 124.9998016
vertex 55.35697174 21.61499786 125.0754395
vertex 51.52082062 22.88362885 126.919899

endloop
endfacet
facet normal -0.05984633788 -0.8762124181 0.4781946242
outer loop
vertex 51.52082062 22.88362885 126.919899
vertex 55.35697174 21.61499786 125.0754395
vertex 55.2859726 22.66391754 126.9885254

endloop
endfacet
facet normal -0.05769126117 -0.8036513925 0.592297256
outer loop
vertex 51.52080536 22.88362885 126.9199142
vertex 55.2859726 22.66390228 126.9885178
vertex 51.32605743 24.24906158 128.7536163

endloop
endfacet
facet normal -0.03598208353 -0.7823166251 0.6218408942
outer loop
vertex 51.32605743 24.24906158 128.7536163
vertex 55.2859726 22.66390228 126.9885178
vertex 55.46894073 24.0721817 128.770813

endloop
endfacet
facet normal -0.03508444875 -0.7584812045 0.6507498622
outer loop
vertex 51.32605743 24.24906158 128.7536163
vertex 55.46894073 24.0721817 128.770813
vertex 50.83325958 25.83081818 130.5706635

endloop
endfacet
facet normal 0.01208308619 -0.6994626522 0.7145670056
outer loop
vertex 50.83325958 25.83081818 130.5706635
vertex 55.46894073 24.0721817 128.770813
vertex 55.56183624 25.76428986 130.4255829

endloop
endfacet
facet normal 0.009707252495 -0.7507130504 0.6605570912
outer loop
vertex 50.83325958 25.83081818 130.5706787
vertex 55.56186676 25.76430511 130.4255981
vertex 50.04631805 27.56929779 132.5579987

endloop
endfacet
facet normal 0.08607014269 -0.6395131946 0.7639468312
outer loop
vertex 50.04631805 27.56929779 132.5579987
vertex 55.56186676 25.76430511 130.4255981
vertex 55.02875519 27.59651947 132.0194397

endloop
endfacet
facet normal 0.07909305394 -0.7140305638 0.6956324577
outer loop
vertex 50.04631805 27.56929779 132.5579987
vertex 55.02875519 27.59651947 132.0194397
vertex 49.09281158 29.95839691 135.1186981

endloop
endfacet
facet normal 0.1318768561 -0.6502895355 0.7481523752
outer loop
vertex 49.09281158 29.95839691 135.1186981
vertex 55.02875519 27.59651947 132.0194397
vertex 53.79706573 30.09059906 134.4043884

endloop
endfacet
facet normal 0.1304399818 -0.6641605496 0.7361223698
outer loop
vertex 49.09281158 29.95839691 135.1186981
vertex 53.79706573 30.09059906 134.4043884
vertex 48.11367035 33.37931061 138.3786926

endloop
endfacet
facet normal 0.1103937477 -0.682426095 0.7225703001
outer loop
vertex 48.11367035 33.37931061 138.3786926
vertex 53.79706573 30.09059906 134.4043884
vertex 52.56783295 33.89029694 138.1807861

endloop
endfacet
facet normal 0.1071750969 -0.6393204927 0.7614347339
outer loop
vertex 48.11368561 33.37934113 138.3787079
vertex 52.56786346 33.89032745 138.1808014
vertex 48.04964447 37.61850739 141.9470367

endloop
endfacet
facet normal 0.142043367 -0.6129995584 0.7772099376
outer loop
vertex 48.04964447 37.61850739 141.9470367
vertex 52.56786346 33.89032745 138.1808014
vertex 51.9026413 38.77750397 142.1569824

endloop
endfacet
facet normal 0.1036469936 -0.5002846718 0.8596351743
outer loop
vertex 48.04964447 37.61850739 141.9470367
vertex 51.9026413 38.77750397 142.1569824
vertex 49.29323578 44.0382309 145.5332031

endloop
endfacet
facet normal 0.1822138131 -0.4654667974 0.8661055565
outer loop
vertex 49.29323578 44.0382309 145.5332031
vertex 51.9026413 38.77750397 142.1569824
vertex 51.60388947 45.03427887 145.5823822

endloop
endfacet
facet normal 0.07416379452 -0.2200644761 0.9726620317
outer loop
vertex 49.29320526 44.03821564 145.5331879
vertex 51.60385895 45.03429413 145.5823669
vertex 52.09566498 60.56041718 149.0576477

endloop
endfacet
facet normal -0.1792039424 -0.2095104903 0.9612447023
outer loop
vertex 52.09566498 60.56041718 149.0576477
vertex 51.60385895 45.03429413 145.5823669
vertex 52.09571075 60.56044769 149.057663

endloop
endfacet
facet normal -0.6556379199 0.3233707547 0.6823270917
outer loop
vertex 76.23403168 15.21149445 48.4340744
vertex 76.23400116 15.21144867 48.43406677
vertex 74.03050995 2.881263971 52.16032791

endloop
endfacet
facet normal 0.04520210251 -0.2963825762 -0.9539990425
outer loop
vertex 74.03050995 2.881263971 52.16032791
vertex 76.23400116 15.21144867 48.43406677
vertex 75.50936127 3.182579041 52.13678741

endloop
endfacet
facet normal 0.1686877608 -0.8648577929 -0.4728271067
outer loop
vertex 74.03050995 2.881263971 52.16032791
vertex 75.50936127 3.182579041 52.13678741
vertex 72.53136444 1.12174201 54.84386444

endloop
endfacet
facet normal 0.06983729452 -0.8292652369 -0.5544745326
outer loop
vertex 72.53136444 1.12174201 54.84386444
vertex 75.50936127 3.182579041 52.13678741
vertex 74.60320282 1.335960031 54.78443527

endloop
endfacet
facet normal 0.08675508946 -0.9346931577 -0.3447061181
outer loop
vertex 72.53136444 1.12174201 54.84386444
vertex 74.60320282 1.335960031 54.78443527
vertex 71.56017303 0.1338579953 57.27814865

endloop
endfacet
facet normal 0.06843126565 -0.9287943244 -0.364222765
outer loop
vertex 71.56017303 0.1338579953 57.27814865
vertex 74.60320282 1.335960031 54.78443527
vertex 74.06249237 0.3510670066 57.19439316

endloop
endfacet
facet normal 0.07246808708 -0.9508913159 -0.300922066
outer loop
vertex 71.56017303 0.1338579953 57.27814865
vertex 74.06249237 0.3510670066 57.19439316
vertex 70.83824921 -0.6863629818 59.69613266

endloop
endfacet
facet normal 0.1005638242 -0.9582249522 -0.2677533329
outer loop
vertex 70.83824921 -0.6863629818 59.69613266
vertex 74.06249237 0.3510670066 57.19439316
vertex 73.55980682 -0.3835070133 59.63445663

endloop
endfacet
facet normal 0.09658590704 -0.9365648031 -0.3369237483
outer loop
vertex 70.83824921 -0.6863629818 59.69613266
vertex 73.55980682 -0.3835070133 59.63445663
vertex 70.14455414 -1.622841001 62.10044861

endloop
endfacet
facet normal 0.1568192095 -0.9523904324 -0.2614577115
outer loop
vertex 70.14455414 -1.622841001 62.10044861
vertex 73.55980682 -0.3835070133 59.63445663
vertex 73.02892303 -1.146996021 62.09713745

endloop
endfacet
facet normal 0.1599202603 -0.9706193805 -0.1797876656
outer loop
vertex 70.14455414 -1.622841001 62.10044861
vertex 73.02892303 -1.146996021 62.09713745
vertex 69.52953339 -2.168982983 64.50184631

endloop
endfacet
facet normal 0.1368034035 -0.9676140547 -0.2121506035
outer loop
vertex 69.52953339 -2.168982983 64.50184631
vertex 73.02892303 -1.146996021 62.09713745
vertex 72.58931732 -1.74407196 64.53691101

endloop
endfacet
facet normal 0.137882635 -0.9826336503 -0.1241752803
outer loop
vertex 69.5295639 -2.168967962 64.50184631
vertex 72.58931732 -1.744057059 64.53691864
vertex 69.24837494 -2.520987988 66.97525024

endloop
endfacet
facet normal 0.1393836439 -0.9826778769 -0.1221327037
outer loop
vertex 69.24837494 -2.520987988 66.97525024
vertex 72.58931732 -1.744057059 64.53691864
vertex 72.45748138 -2.061928034 66.94404602

endloop
endfacet
facet normal 0.1396905333 -0.9840227365 -0.110388957
outer loop
vertex 69.2483139 -2.521003962 66.97524261
vertex 72.45742035 -2.061943054 66.94403839
vertex 69.35915375 -2.783469915 69.45516205

endloop
endfacet
facet normal 0.1715745032 -0.9826344848 -0.07065110654
outer loop
vertex 69.35915375 -2.783469915 69.45516205
vertex 72.45742035 -2.061943054 66.94403839
vertex 72.69512177 -2.191108942 69.31776428

endloop
endfacet
facet normal 0.1779827178 -0.9787785411 0.1015618518
outer loop
vertex 69.35915375 -2.783469915 69.45516205
vertex 72.69512177 -2.191108942 69.31776428
vertex 69.66231537 -2.484427929 71.80583191

endloop
endfacet
facet normal 0.1094814911 -0.9938553572 0.01628552377
outer loop
vertex 69.66231537 -2.484427929 71.80583191
vertex 72.69512177 -2.191108942 69.31776428
vertex 73.07259369 -2.111243963 71.65407562

endloop
endfacet
facet normal 0.1151794046 -0.9747459888 0.191321522
outer loop
vertex 69.66231537 -2.484427929 71.80583191
vertex 73.07259369 -2.111243963 71.65407562
vertex 69.82518768 -2.018287897 74.08267212

endloop
endfacet
facet normal 0.03842040524 -0.9952484369 0.08946774155
outer loop
vertex 69.82518768 -2.018287897 74.08267212
vertex 73.07259369 -2.111243963 71.65407562
vertex 73.25884247 -1.895545959 73.97354126

endloop
endfacet
facet normal 0.03801781312 -0.9964222908 0.07548049092
outer loop
vertex 69.82518768 -2.018287897 74.08267212
vertex 73.25884247 -1.895545959 73.97354126
vertex 69.70806122 -1.848183036 76.38722992

endloop
endfacet
facet normal 0.04749507457 -0.9948635101 0.08939191699
outer loop
vertex 69.70806122 -1.848183036 76.38722992
vertex 73.25884247 -1.895545959 73.97354126
vertex 73.17644501 -1.689857006 76.30648041

endloop
endfacet
facet normal 0.04821513221 -0.9904837608 0.1289075613
outer loop
vertex 69.70806122 -1.848183036 76.38722992
vertex 73.17644501 -1.689857006 76.30648041
vertex 69.7795639 -1.541862011 78.7141571

endloop
endfacet
facet normal 0.09416271001 -0.9766926765 0.1928851902
outer loop
vertex 69.7795639 -1.541862011 78.7141571
vertex 73.17644501 -1.689857006 76.30648041
vertex 73.21385956 -1.219658017 78.66911316

endloop
endfacet
facet normal 0.09342566878 -0.9575893879 0.2725697756
outer loop
vertex 69.77953339 -1.541908026 78.71414948
vertex 73.21379852 -1.219673038 78.6690979
vertex 70.12300873 -0.8530650139 81.0164566

endloop
endfacet
facet normal 0.1386483312 -0.9342810512 0.3284745812
outer loop
vertex 70.12300873 -0.8530650139 81.0164566
vertex 73.21379852 -1.219673038 78.6690979
vertex 73.50655365 -0.345084995 81.0331192

endloop
endfacet
facet normal 0.1359442919 -0.9177371264 0.3731992543
outer loop
vertex 70.12300873 -0.8530650139 81.0164566
vertex 73.50655365 -0.345084995 81.0331192
vertex 70.26412201 0.07108300179 83.23763275

endloop
endfacet
facet normal 0.09494713694 -0.9434098005 0.3177465498
outer loop
vertex 70.26412201 0.07108300179 83.23763275
vertex 73.50655365 -0.345084995 81.0331192
vertex 73.5033493 0.4486620128 83.39076233

endloop
endfacet
facet normal 0.0726153478 -0.8406317234 0.5367171764
outer loop
vertex 70.26412201 0.07108300179 83.23763275
vertex 73.5033493 0.4486620128 83.39076233
vertex 69.24617767 1.379416943 85.42453003

endloop
endfacet
facet normal -0.04152808338 -0.9385612607 0.3426046968
outer loop
vertex 69.24617767 1.379416943 85.42453003
vertex 73.5033493 0.4486620128 83.39076233
vertex 72.63323212 1.320091009 85.67256165

endloop
endfacet
facet normal -0.05906127766 -0.7829702497 0.6192490458
outer loop
vertex 69.24617767 1.379416943 85.42453003
vertex 72.63323212 1.320091009 85.67256165
vertex 65.94902802 3.345726013 87.59623718

endloop
endfacet
facet normal -0.2463063151 -0.9571862817 0.1520778835
outer loop
vertex 65.94902802 3.345726013 87.59623718
vertex 72.63323212 1.320091009 85.67256165
vertex 69.90630341 2.363976002 87.82627869

endloop
endfacet
facet normal -0.2368827164 -0.8407751918 0.4868096709
outer loop
vertex 65.94902802 3.345741034 87.59623718
vertex 69.90633392 2.363991022 87.82627869
vertex 66.61244965 4.576316833 90.04440308

endloop
endfacet
facet normal -0.2440336496 -0.8433494568 0.4787581265
outer loop
vertex 66.61244965 4.576316833 90.04440308
vertex 69.90633392 2.363991022 87.82627869
vertex 70.70891571 3.507117987 90.24903107

endloop
endfacet
facet normal -0.2176950425 -0.7048568726 0.6751189828
outer loop
vertex 66.61244965 4.576316833 90.04440308
vertex 70.70891571 3.507117987 90.24903107
vertex 68.0835495 6.451316833 92.47635651

endloop
endfacet
facet normal -0.2876144946 -0.7276118994 0.6227831244
outer loop
vertex 68.0835495 6.451316833 92.47635651
vertex 70.70891571 3.507117987 90.24903107
vertex 71.89742279 5.100165844 92.65910339

endloop
endfacet
facet normal -0.2394463718 -0.5695294738 0.78632164
outer loop
vertex 68.0835495 6.451316833 92.47635651
vertex 71.89742279 5.100165844 92.65910339
vertex 69.50292206 9.196083069 94.89659882

endloop
endfacet
facet normal -0.4305736125 -0.6133949757 0.6620823145
outer loop
vertex 69.50292206 9.196083069 94.89659882
vertex 71.89742279 5.100165844 92.65910339
vertex 72.67275238 7.112953186 95.02809906

endloop
endfacet
facet normal -0.3313159049 -0.4518663287 0.8282792568
outer loop
vertex 69.50292206 9.196083069 94.89659882
vertex 72.67275238 7.112953186 95.02809906
vertex 71.16484833 12.57108307 97.40260315

endloop
endfacet
facet normal -0.5465204716 -0.4564382136 0.7021250129
outer loop
vertex 71.16484833 12.57108307 97.40260315
vertex 72.67275238 7.112953186 95.02809906
vertex 73.48897552 9.854072571 97.44538116

endloop
endfacet
facet normal -0.5102648139 -0.424705565 0.7478334904
outer loop
vertex 71.16484833 12.57108307 97.40260315
vertex 73.48897552 9.854072571 97.44538116
vertex 72.02501678 15.91640472 99.88937378

endloop
endfacet
facet normal -0.7127364278 -0.4034380615 0.5737982392
outer loop
vertex 72.02501678 15.91640472 99.88937378
vertex 73.48897552 9.854072571 97.44538116
vertex 73.76720428 12.8063736 99.866745

endloop
endfacet
facet normal -0.7546738982 -0.4263840616 0.4986620545
outer loop
vertex 72.02501678 15.91640472 99.88937378
vertex 73.76720428 12.8063736 99.866745
vertex 72.18541718 18.46074677 102.3076782

endloop
endfacet
facet normal -0.8884717226 -0.3673168123 0.2751297057
outer loop
vertex 72.18541718 18.46074677 102.3076782
vertex 73.76720428 12.8063736 99.866745
vertex 73.53020477 15.185112 102.2771835

endloop
endfacet
facet normal -0.9058762789 -0.3737568259 0.1992337704
outer loop
vertex 72.18541718 18.46073151 102.3076782
vertex 73.53020477 15.185112 102.2771912
vertex 71.72893524 20.83869171 104.6931305

endloop
endfacet
facet normal -0.9571533203 -0.2294771969 -0.1766284853
outer loop
vertex 71.72893524 20.83869171 104.6931305
vertex 73.53020477 15.185112 102.2771912
vertex 72.57656097 17.31554413 104.6771317

endloop
endfacet
facet normal -0.9583693743 -0.2298022509 -0.1694670469
outer loop
vertex 71.72893524 20.83869171 104.6931305
vertex 72.57656097 17.31554413 104.6771317
vertex 70.5555954 23.98052216 107.0681839

endloop
endfacet
facet normal -0.8570371866 -0.07710681856 -0.5094524622
outer loop
vertex 70.5555954 23.98052216 107.0681839
vertex 72.57656097 17.31554413 104.6771317
vertex 70.91905975 19.96135712 107.0650482

endloop
endfacet
facet normal -0.9089035392 -0.08187568933 -0.4088895917
outer loop
vertex 70.5555954 23.98052216 107.0681839
vertex 70.91905975 19.96135712 107.0650482
vertex 69.18846893 27.31856537 109.4387054

endloop
endfacet
facet normal -0.7732461691 0.02256617509 -0.6337043047
outer loop
vertex 69.18846893 27.31856537 109.4387054
vertex 70.91905975 19.96135712 107.0650482
vertex 69.06365204 22.98741913 109.4367752

endloop
endfacet
facet normal -0.7981134653 0.02326886542 -0.6020576954
outer loop
vertex 69.18846893 27.31858063 109.4387131
vertex 69.06365204 22.9874649 109.4367828
vertex 67.44579315 28.70632172 111.8025131

endloop
endfacet
facet normal -0.8279827833 -0.002269477816 -0.5607488751
outer loop
vertex 67.44579315 28.70632172 111.8025131
vertex 69.06365204 22.9874649 109.4367828
vertex 67.45879364 24.64571381 111.7997513

endloop
endfacet
facet normal -0.6196408272 -0.001450006617 -0.7848841548
outer loop
vertex 67.44579315 28.70632172 111.8025131
vertex 67.45879364 24.64571381 111.7997513
vertex 64.48305511 26.7390213 114.145134

endloop
endfacet
facet normal -0.7246630192 -0.5058933496 -0.4679054022
outer loop
vertex 64.48305511 26.7390213 114.145134
vertex 67.45879364 24.64571381 111.7997513
vertex 66.3463974 24.06545258 114.1499329

endloop
endfacet
facet normal -0.3686149418 -0.2585102022 -0.8929139972
outer loop
vertex 64.4830246 26.73899078 114.1451263
vertex 66.34636688 24.06543732 114.1499252
vertex 61.42719269 23.13155365 116.4510422

endloop
endfacet
facet normal -0.1517648548 -0.7594305277 -0.6326394677
outer loop
vertex 61.42719269 23.13155365 116.4510422
vertex 66.34636688 24.06543732 114.1499252
vertex 65.03496552 22.3899765 116.475769

endloop
endfacet
facet normal -0.1476655453 -0.7402630448 -0.655900538
outer loop
vertex 61.42719269 23.13155365 116.4510422
vertex 65.03496552 22.3899765 116.475769
vertex 59.43412018 21.51992035 118.7186737

endloop
endfacet
facet normal 0.02517426014 -0.9516086578 -0.3062795401
outer loop
vertex 59.43412018 21.51992035 118.7186737
vertex 65.03496552 22.3899765 116.475769
vertex 63.5364151 21.61356354 118.7649078

endloop
endfacet
facet normal 0.02387212031 -0.9942517281 -0.1043725312
outer loop
vertex 59.43412018 21.51992035 118.7186737
vertex 63.5364151 21.61356354 118.7649078
vertex 57.91976166 21.25141144 120.9301224

endloop
endfacet
facet normal 0.138196677 -0.9707941413 0.1961134523
outer loop
vertex 57.91976166 21.25141144 120.9301224
vertex 63.5364151 21.61356354 118.7649078
vertex 61.83249664 21.82219696 120.9983902

endloop
endfacet
facet normal 0.1429561079 -0.9876442552 0.06420571357
outer loop
vertex 57.91979218 21.2514267 120.9301376
vertex 61.83252716 21.82221222 120.9984131
vertex 56.30973053 21.15630341 123.0517578

endloop
endfacet
facet normal 0.197871998 -0.9546128511 0.2226229757
outer loop
vertex 56.30973053 21.15630341 123.0517578
vertex 61.83252716 21.82221222 120.9984131
vertex 59.89362335 21.92073822 123.1442337

endloop
endfacet
facet normal 0.1914215833 -0.9339514971 0.301815182
outer loop
vertex 56.30973053 21.15630341 123.0517578
vertex 59.89362335 21.92073822 123.1442337
vertex 55.35701752 21.61501312 125.0754547

endloop
endfacet
facet normal 0.1516473293 -0.9673444629 0.2030957043
outer loop
vertex 55.35701752 21.61501312 125.0754547
vertex 59.89362335 21.92073822 123.1442337
vertex 58.4817276 22.12944794 125.1925507

endloop
endfacet
facet normal 0.1248974353 -0.8680209517 0.4805625379
outer loop
vertex 55.35701752 21.61501312 125.0754547
vertex 58.4817276 22.12944794 125.1925507
vertex 55.28600311 22.6639328 126.988533

endloop
endfacet
facet normal 0.04313139617 -0.9339844584 0.354700923
outer loop
vertex 55.28600311 22.6639328 126.988533
vertex 58.4817276 22.12944794 125.1925507
vertex 57.94124603 22.84223175 127.1351471

endloop
endfacet
facet normal 0.01857526228 -0.7854195237 0.6186849475
outer loop
vertex 55.28600311 22.6639328 126.988533
vertex 57.94126129 22.84223175 127.1351624
vertex 55.46898651 24.07219696 128.7708282

endloop
endfacet
facet normal -0.09081991762 -0.8570359349 0.5071895123
outer loop
vertex 55.46898651 24.07219696 128.7708282
vertex 57.94126129 22.84223175 127.1351624
vertex 57.80319977 23.91384125 128.9212189

endloop
endfacet
facet normal -0.09307711571 -0.6935197115 0.7143998146
outer loop
vertex 55.46898651 24.07219696 128.7708282
vertex 57.80319977 23.91384125 128.9212189
vertex 55.56188202 25.76432037 130.4255981

endloop
endfacet
facet normal -0.06319842488 -0.6745211482 0.7355455756
outer loop
vertex 55.56188202 25.76432037 130.4255981
vertex 57.80319977 23.91384125 128.9212189
vertex 58.82271576 25.40685272 130.3779602

endloop
endfacet
facet normal -0.06205756962 -0.6652715206 0.744017899
outer loop
vertex 55.56189728 25.76432037 130.4256134
vertex 58.82273102 25.40686798 130.3779755
vertex 55.02878571 27.59654999 132.019455

endloop
endfacet
facet normal 0.07244174927 -0.5148428082 0.8542184234
outer loop
vertex 55.02878571 27.59654999 132.019455
vertex 58.82273102 25.40686798 130.3779755
vertex 59.62090302 27.63768768 131.6548157

endloop
endfacet
facet normal 0.06454657018 -0.6728423834 0.7369645834
outer loop
vertex 55.02878571 27.59654999 132.019455
vertex 59.62090302 27.63768768 131.6548157
vertex 53.79711151 30.09062958 134.4044037

endloop
endfacet
facet normal 0.1347319186 -0.5803728104 0.8031281233
outer loop
vertex 53.79711151 30.09062958 134.4044037
vertex 59.62090302 27.63768768 131.6548157
vertex 58.41220856 30.56201935 133.9708252

endloop
endfacet
facet normal 0.1370638907 -0.6756169796 0.7243998647
outer loop
vertex 53.79711151 30.09062958 134.4044037
vertex 58.41220856 30.56201935 133.9708252
vertex 52.56789398 33.89032745 138.1808014

endloop
endfacet
facet normal 0.1062221751 -0.7029883265 0.7032242417
outer loop
vertex 52.56789398 33.89032745 138.1808014
vertex 58.41220856 30.56201935 133.9708252
vertex 56.93973541 34.53400421 138.1638947

endloop
endfacet
facet normal 0.09437008202 -0.6205270886 0.7784859538
outer loop
vertex 52.56789398 33.89035797 138.1808167
vertex 56.93973541 34.53401947 138.1639099
vertex 51.90268707 38.77753448 142.1569977

endloop
endfacet
facet normal 0.1168465316 -0.6035062671 0.7887503505
outer loop
vertex 51.90268707 38.77753448 142.1569977
vertex 56.93973541 34.53401947 138.1639099
vertex 55.89028168 40.12197113 142.5949554

endloop
endfacet
facet normal 0.06449063122 -0.476842761 0.8766195774
outer loop
vertex 51.90268707 38.77753448 142.1569977
vertex 55.89028168 40.12197113 142.5949554
vertex 51.60391998 45.03432465 145.5823975

endloop
endfacet
facet normal 0.163425073 -0.4045971334 0.8997740746
outer loop
vertex 51.60391998 45.03432465 145.5823975
vertex 55.89028168 40.12197113 142.5949554
vertex 53.96657562 46.16907501 145.6635284

endloop
endfacet
facet normal 0.07227741927 -0.220038116 0.9728099108
outer loop
vertex 51.60387421 45.03430939 145.5823822
vertex 53.96652985 46.16907501 145.6635132
vertex 52.09572601 60.56049347 149.0576782

endloop
endfacet
facet normal 0.01440987457 0.231758818 -0.9726665616
outer loop
vertex 52.09572601 60.56049347 149.0576782
vertex 53.96652985 46.16907501 145.6635132
vertex 52.09568024 60.56043243 149.057663

endloop
endfacet
facet normal 0.981382966 0 0.1920612752
outer loop
vertex 76.23400116 15.21144867 48.43406677
vertex 76.23400116 15.21146393 48.43406677
vertex 75.50936127 3.182579041 52.13678741

endloop
endfacet
facet normal 0.1151112691 -0.2985687256 -0.9474207759
outer loop
vertex 75.50936127 3.182579041 52.13678741
vertex 76.23400116 15.21146393 48.43406677
vertex 76.87432098 3.75505805 52.12221909

endloop
endfacet
facet normal 0.3398719728 -0.8219847083 -0.4569771588
outer loop
vertex 75.50936127 3.182579041 52.13678741
vertex 76.87432098 3.75505805 52.12221909
vertex 74.60320282 1.335960031 54.78443527

endloop
endfacet
facet normal 0.2201560885 -0.8080444932 -0.5464388132
outer loop
vertex 74.60320282 1.335960031 54.78443527
vertex 76.87432098 3.75505805 52.12221909
vertex 76.44469452 1.855247021 54.75846481

endloop
endfacet
facet normal 0.2532942891 -0.9140705466 -0.3167286813
outer loop
vertex 74.60320282 1.335960031 54.78443527
vertex 76.44469452 1.855247021 54.75846481
vertex 74.06249237 0.3510670066 57.19439316

endloop
endfacet
facet normal 0.2276515961 -0.9122102261 -0.3406570852
outer loop
vertex 74.06249237 0.3510670066 57.19439316
vertex 76.44469452 1.855247021 54.75846481
vertex 76.24959564 0.91495502 57.14599609

endloop
endfacet
facet normal 0.2378090918 -0.9425174594 -0.2347502708
outer loop
vertex 74.06249237 0.3510670066 57.19439316
vertex 76.24959564 0.91495502 57.14599609
vertex 73.55980682 -0.3835070133 59.63445663

endloop
endfacet
facet normal 0.2322534323 -0.9424032569 -0.2406958938
outer loop
vertex 73.55980682 -0.3835070133 59.63445663
vertex 76.24959564 0.91495502 57.14599609
vertex 76.12142181 0.2706530094 59.54497147

endloop
endfacet
facet normal 0.2321273834 -0.9420923591 -0.2420307547
outer loop
vertex 73.55980682 -0.3835070133 59.63445663
vertex 76.12142181 0.2706530094 59.54497147
vertex 73.02892303 -1.146996021 62.09713745

endloop
endfacet
facet normal 0.3337699473 -0.9355823398 -0.115252763
outer loop
vertex 73.02892303 -1.146996021 62.09713745
vertex 76.12142181 0.2706530094 59.54497147
vertex 75.72731781 -0.1668779999 61.95537949

endloop
endfacet
facet normal 0.3287124336 -0.9293308854 -0.1682029963
outer loop
vertex 73.02892303 -1.146996021 62.09713745
vertex 75.72731781 -0.1668930054 61.95537949
vertex 72.58931732 -1.74407196 64.53691101

endloop
endfacet
facet normal 0.3540879786 -0.9254214764 -0.1349691004
outer loop
vertex 72.58931732 -1.74407196 64.53691101
vertex 75.72731781 -0.1668930054 61.95537949
vertex 75.44121552 -0.6306989789 64.38490295

endloop
endfacet
facet normal 0.3569589257 -0.9284183979 -0.1030511633
outer loop
vertex 72.58931732 -1.744057059 64.53691864
vertex 75.44121552 -0.6306840181 64.38490295
vertex 72.45748138 -2.061928034 66.94404602

endloop
endfacet
facet normal 0.2964773774 -0.9381169081 -0.1789913476
outer loop
vertex 72.45748138 -2.061928034 66.94404602
vertex 75.44121552 -0.6306840181 64.38490295
vertex 75.58638763 -1.045920968 66.80167389

endloop
endfacet
facet normal 0.3044121563 -0.9489937425 -0.08212273568
outer loop
vertex 72.45742035 -2.061943054 66.94403839
vertex 75.5863266 -1.045951962 66.80166626
vertex 72.69512177 -2.191108942 69.31776428

endloop
endfacet
facet normal 0.3102060556 -0.9477154613 -0.07488333434
outer loop
vertex 72.69512177 -2.191108942 69.31776428
vertex 75.5863266 -1.045951962 66.80166626
vertex 75.9771347 -1.104804993 69.16543579

endloop
endfacet
facet normal 0.3134098053 -0.9494438171 -0.01818083785
outer loop
vertex 72.69512177 -2.191108942 69.31776428
vertex 75.9771347 -1.104804993 69.16543579
vertex 73.07259369 -2.111243963 71.65407562

endloop
endfacet
facet normal 0.3192250133 -0.9476190209 -0.01065586787
outer loop
vertex 73.07259369 -2.111243963 71.65407562
vertex 75.9771347 -1.104804993 69.16543579
vertex 76.35732269 -1.003013968 71.5027771

endloop
endfacet
facet normal 0.3216323853 -0.94483006 0.06203771755
outer loop
vertex 73.07259369 -2.111243963 71.65407562
vertex 76.35732269 -1.003013968 71.5027771
vertex 73.25884247 -1.895545959 73.97354126

endloop
endfacet
facet normal 0.2752078176 -0.9613823891 -0.002160705859
outer loop
vertex 73.25884247 -1.895545959 73.97354126
vertex 76.35732269 -1.003013968 71.5027771
vertex 76.58592987 -0.9428330064 73.84347534

endloop
endfacet
facet normal 0.2774631083 -0.9561170936 0.09409805387
outer loop
vertex 73.25884247 -1.895545959 73.97354126
vertex 76.58592987 -0.9428330064 73.84347534
vertex 73.17644501 -1.689857006 76.30648041

endloop
endfacet
facet normal 0.2765144408 -0.9565322995 0.09265882522
outer loop
vertex 73.17644501 -1.689857006 76.30648041
vertex 76.58592987 -0.9428330064 73.84347534
vertex 76.66017914 -0.6932749748 76.19812775

endloop
endfacet
facet normal 0.2756376565 -0.9435989261 0.1834252179
outer loop
vertex 73.17644501 -1.689857006 76.30648041
vertex 76.66017914 -0.6932749748 76.19812775
vertex 73.21385956 -1.219658017 78.66911316

endloop
endfacet
facet normal 0.330681473 -0.9047501087 0.26847139
outer loop
vertex 73.21385956 -1.219658017 78.66911316
vertex 76.66017914 -0.6932749748 76.19812775
vertex 76.70241547 0.03138000146 78.5881958

endloop
endfacet
facet normal 0.3288763165 -0.8982322216 0.2915806472
outer loop
vertex 73.21379852 -1.219673038 78.6690979
vertex 76.70238495 0.03136400133 78.58818817
vertex 73.50655365 -0.345084995 81.0331192

endloop
endfacet
facet normal 0.3327813745 -0.8949494362 0.2971904874
outer loop
vertex 73.50655365 -0.345084995 81.0331192
vertex 76.70238495 0.03136400133 78.58818817
vertex 77.04613495 0.950600028 80.97142792

endloop
endfacet
facet normal 0.3323981166 -0.8937050104 0.3013352156
outer loop
vertex 73.50655365 -0.345084995 81.0331192
vertex 77.04613495 0.950600028 80.97142792
vertex 73.5033493 0.4486620128 83.39076233

endloop
endfacet
facet normal 0.280400157 -0.9351263046 0.2165976763
outer loop
vertex 73.5033493 0.4486620128 83.39076233
vertex 77.04613495 0.950600028 80.97142792
vertex 77.09905243 1.520774961 83.36456299

endloop
endfacet
facet normal 0.2608916759 -0.8644917607 0.429638803
outer loop
vertex 73.5033493 0.4486620128 83.39076233
vertex 77.09905243 1.520774961 83.36456299
vertex 72.63323212 1.320091009 85.67256165

endloop
endfacet
facet normal 0.1868942976 -0.9417076707 0.2797448039
outer loop
vertex 72.63323212 1.320091009 85.67256165
vertex 77.09905243 1.520774961 83.36456299
vertex 76.33889008 2.076407909 85.74285126

endloop
endfacet
facet normal 0.1522499621 -0.7999134064 0.5804812908
outer loop
vertex 72.63323212 1.320091009 85.67256165
vertex 76.33889008 2.076407909 85.74285126
vertex 69.90630341 2.363976002 87.82627869

endloop
endfacet
facet normal 0.007945359685 -0.986961782 0.1607581079
outer loop
vertex 69.90630341 2.363976002 87.82627869
vertex 76.33889008 2.076407909 85.74285126
vertex 73.8832016 2.433204889 88.05474854

endloop
endfacet
facet normal -0.008929758333 -0.9032047391 0.429117173
outer loop
vertex 69.90633392 2.363991022 87.82627869
vertex 73.8832016 2.43321991 88.05474854
vertex 70.70891571 3.507117987 90.24903107

endloop
endfacet
facet normal -0.01266954839 -0.9052432775 0.4247047901
outer loop
vertex 70.70891571 3.507117987 90.24903107
vertex 73.8832016 2.43321991 88.05474854
vertex 74.65090179 3.543937922 90.44510651

endloop
endfacet
facet normal -0.02001524158 -0.8294914365 0.5581607819
outer loop
vertex 70.70891571 3.507117987 90.24903107
vertex 74.65090179 3.543937922 90.44510651
vertex 71.89742279 5.100165844 92.65910339

endloop
endfacet
facet normal -0.04482015967 -0.8426641226 0.5365707874
outer loop
vertex 71.89742279 5.100165844 92.65910339
vertex 74.65090179 3.543937922 90.44510651
vertex 75.87569427 4.988808155 92.81652832

endloop
endfacet
facet normal -0.04703944549 -0.7535830736 0.6556674838
outer loop
vertex 71.89742279 5.100165844 92.65910339
vertex 75.87569427 4.988808155 92.81652832
vertex 72.67275238 7.112953186 95.02809906

endloop
endfacet
facet normal -0.08353883028 -0.7763807774 0.6247032285
outer loop
vertex 72.67275238 7.112953186 95.02809906
vertex 75.87569427 4.988808155 92.81652832
vertex 76.64785004 6.792090893 95.16090393

endloop
endfacet
facet normal -0.07753206789 -0.6463360786 0.7591037154
outer loop
vertex 72.67275238 7.112953186 95.02809906
vertex 76.64785004 6.792090893 95.16090393
vertex 73.48897552 9.854072571 97.44538116

endloop
endfacet
facet normal -0.2110074162 -0.7149786353 0.6665443182
outer loop
vertex 73.48897552 9.854072571 97.44538116
vertex 76.64785004 6.792090893 95.16090393
vertex 77.169487 8.841423035 97.52428436

endloop
endfacet
facet normal -0.1850533485 -0.612716496 0.7683317661
outer loop
vertex 73.48897552 9.854072571 97.44538116
vertex 77.169487 8.841423035 97.52428436
vertex 73.76720428 12.8063736 99.866745

endloop
endfacet
facet normal -0.3524289429 -0.6813955307 0.6414779425
outer loop
vertex 73.76720428 12.8063736 99.866745
vertex 77.169487 8.841423035 97.52428436
vertex 77.21312714 11.05547333 99.90008545

endloop
endfacet
facet normal -0.3532327116 -0.6830188632 0.6393057704
outer loop
vertex 73.76720428 12.8063736 99.866745
vertex 77.21312714 11.05547333 99.90008545
vertex 73.53020477 15.185112 102.2771835

endloop
endfacet
facet normal -0.396845907 -0.6974213719 0.5967552662
outer loop
vertex 73.53020477 15.185112 102.2771835
vertex 77.21312714 11.05547333 99.90008545
vertex 76.88375092 13.28223419 102.2834396

endloop
endfacet
facet normal -0.428489238 -0.7535060048 0.4986237288
outer loop
vertex 73.53020477 15.185112 102.2771912
vertex 76.8837204 13.28223419 102.2834396
vertex 72.57656097 17.31554413 104.6771317

endloop
endfacet
facet normal -0.5650328398 -0.7736132741 0.2868104577
outer loop
vertex 72.57656097 17.31554413 104.6771317
vertex 76.8837204 13.28223419 102.2834396
vertex 75.62075043 15.08953094 104.6701355

endloop
endfacet
facet normal -0.530277431 -0.726555407 0.4369475245
outer loop
vertex 72.57656097 17.31554413 104.6771317
vertex 75.62075043 15.08953094 104.6701355
vertex 70.91905975 19.96135712 107.0650482

endloop
endfacet
facet normal -0.7536677122 -0.6197112799 -0.2189586163
outer loop
vertex 70.91905975 19.96135712 107.0650482
vertex 75.62075043 15.08953094 104.6701355
vertex 73.41613007 16.92772675 107.0559769

endloop
endfacet
facet normal -0.7556702495 -0.6226220727 0.2032345086
outer loop
vertex 70.91905975 19.96135712 107.0650482
vertex 73.41613007 16.92772675 107.0559769
vertex 69.06365204 22.98741913 109.4367752

endloop
endfacet
facet normal -0.8080720901 -0.4168907702 -0.4161989689
outer loop
vertex 69.06365204 22.98741913 109.4367752
vertex 73.41613007 16.92772675 107.0559769
vertex 70.93248749 19.36559296 109.4361801

endloop
endfacet
facet normal -0.8553726077 -0.4413253963 -0.2712371051
outer loop
vertex 69.06365204 22.9874649 109.4367828
vertex 70.93251801 19.36560822 109.4361954
vertex 67.45879364 24.64571381 111.7997513

endloop
endfacet
facet normal -0.8486000299 -0.4069877565 -0.3379926085
outer loop
vertex 67.45879364 24.64571381 111.7997513
vertex 70.93251801 19.36560822 109.4361954
vertex 69.07628632 21.27141571 111.8018036

endloop
endfacet
facet normal -0.7954780459 -0.3816040754 -0.470736742
outer loop
vertex 67.45879364 24.64571381 111.7997513
vertex 69.07628632 21.27141571 111.8018036
vertex 66.3463974 24.06545258 114.1499329

endloop
endfacet
facet normal -0.7139641047 -0.7001754045 0.003097495297
outer loop
vertex 66.3463974 24.06545258 114.1499329
vertex 69.07628632 21.27141571 111.8018036
vertex 68.99922943 21.36042023 114.1594925

endloop
endfacet
facet normal -0.527590096 -0.519788444 -0.6719141603
outer loop
vertex 66.34636688 24.06543732 114.1499252
vertex 68.99922943 21.36038971 114.1594925
vertex 65.03496552 22.3899765 116.475769

endloop
endfacet
facet normal -0.3439339995 -0.9217943549 -0.1788982302
outer loop
vertex 65.03496552 22.3899765 116.475769
vertex 68.99922943 21.36038971 114.1594925
vertex 68.83171844 20.9681015 116.5028458

endloop
endfacet
facet normal -0.3048960865 -0.8232650757 -0.4788245857
outer loop
vertex 65.03496552 22.3899765 116.475769
vertex 68.83171844 20.9681015 116.5028458
vertex 63.5364151 21.61356354 118.7649078

endloop
endfacet
facet normal -0.09657322615 -0.9936656952 0.05746478587
outer loop
vertex 63.5364151 21.61356354 118.7649078
vertex 68.83171844 20.9681015 116.5028458
vertex 67.65221405 21.21639252 118.8139954

endloop
endfacet
facet normal -0.09626528621 -0.9951642752 0.01951945014
outer loop
vertex 63.5364151 21.61356354 118.7649078
vertex 67.65221405 21.21639252 118.8139954
vertex 61.83249664 21.82219696 120.9983902

endloop
endfacet
facet normal 0.005389676895 -0.959824264 0.2805500627
outer loop
vertex 61.83249664 21.82219696 120.9983902
vertex 67.65221405 21.21639252 118.8139954
vertex 65.88149261 21.86688995 121.0735092

endloop
endfacet
facet normal 0.01000275835 -0.9984427094 0.05488200858
outer loop
vertex 61.83252716 21.82221222 120.9984131
vertex 65.88152313 21.86690521 121.0735245
vertex 59.89362335 21.92073822 123.1442337

endloop
endfacet
facet normal 0.08965562284 -0.9546008706 0.284075588
outer loop
vertex 59.89362335 21.92073822 123.1442337
vertex 65.88152313 21.86690521 121.0735245
vertex 63.78920746 22.31856537 123.2516174

endloop
endfacet
facet normal 0.09565747529 -0.9814848304 0.165942952
outer loop
vertex 59.89362335 21.92073822 123.1442337
vertex 63.78920746 22.31856537 123.2516174
vertex 58.4817276 22.12944794 125.1925507

endloop
endfacet
facet normal 0.142804563 -0.9436486959 0.2985532582
outer loop
vertex 58.4817276 22.12944794 125.1925507
vertex 63.78920746 22.31856537 123.2516174
vertex 62.01934052 22.7108078 125.3379593

endloop
endfacet
facet normal 0.1353757679 -0.9173832536 0.3742744327
outer loop
vertex 58.4817276 22.12944794 125.1925507
vertex 62.01934052 22.7108078 125.3379593
vertex 57.94124603 22.84223175 127.1351471

endloop
endfacet
facet normal 0.08758687228 -0.959180057 0.2688905299
outer loop
vertex 57.94124603 22.84223175 127.1351471
vertex 62.01934052 22.7108078 125.3379593
vertex 61.0217514 23.17636871 127.3236465

endloop
endfacet
facet normal 0.06097821146 -0.8538158536 0.5169914365
outer loop
vertex 57.94126129 22.84223175 127.1351624
vertex 61.0217514 23.17636871 127.3236542
vertex 57.80319977 23.91384125 128.9212189

endloop
endfacet
facet normal 0.01394362282 -0.8968567252 0.4421012998
outer loop
vertex 57.80319977 23.91384125 128.9212189
vertex 61.0217514 23.17636871 127.3236542
vertex 60.56475067 24.06899261 129.1488647

endloop
endfacet
facet normal -0.0207527671 -0.69091326 0.7226397395
outer loop
vertex 57.80319977 23.91384125 128.9212189
vertex 60.56475067 24.06899261 129.1488647
vertex 58.82271576 25.40685272 130.3779602

endloop
endfacet
facet normal -0.0685890317 -0.7219098806 0.6885794997
outer loop
vertex 58.82271576 25.40685272 130.3779602
vertex 60.56475067 24.06899261 129.1488647
vertex 60.77205658 25.48871613 130.657959

endloop
endfacet
facet normal -0.1067241207 -0.4648765624 0.878919661
outer loop
vertex 58.82273102 25.40686798 130.3779755
vertex 60.77205658 25.48873138 130.6579742
vertex 59.62090302 27.63768768 131.6548157

endloop
endfacet
facet normal -0.2979750335 -0.528393805 0.794991076
outer loop
vertex 59.62090302 27.63768768 131.6548157
vertex 60.77205658 25.48873138 130.6579742
vertex 60.7494278 27.58959198 132.0458374

endloop
endfacet
facet normal -0.2699369192 -0.6638998985 0.6974030733
outer loop
vertex 59.62090302 27.63768768 131.6548157
vertex 60.7494278 27.58959198 132.0458374
vertex 58.41220856 30.56201935 133.9708252

endloop
endfacet
facet normal -0.2476028949 -0.6562718153 0.7127412558
outer loop
vertex 58.41220856 30.56201935 133.9708252
vertex 60.7494278 27.58959198 132.0458374
vertex 59.48291779 30.4797287 134.2670135

endloop
endfacet
facet normal -0.2302985042 -0.745562911 0.6253786683
outer loop
vertex 58.41220856 30.56201935 133.9708252
vertex 59.48291779 30.4797287 134.2670135
vertex 56.93973541 34.53400421 138.1638947

endloop
endfacet
facet normal -0.02507508919 -0.7008870244 0.712831378
outer loop
vertex 56.93973541 34.53400421 138.1638947
vertex 59.48291779 30.4797287 134.2670135
vertex 58.66510773 34.58914948 138.2788086

endloop
endfacet
facet normal -0.03199243918 -0.6246916652 0.7802158594
outer loop
vertex 56.93973541 34.53401947 138.1639099
vertex 58.66512299 34.58917999 138.2788239
vertex 55.89028168 40.12197113 142.5949554

endloop
endfacet
facet normal 0.0169957839 -0.6096791625 0.792466104
outer loop
vertex 55.89028168 40.12197113 142.5949554
vertex 58.66512299 34.58917999 138.2788239
vertex 58.69623566 40.52829742 142.8473816

endloop
endfacet
facet normal -0.01401782036 -0.4560151994 0.8898615837
outer loop
vertex 55.89028168 40.12197113 142.5949554
vertex 58.69623566 40.52829742 142.8473816
vertex 53.96657562 46.16907501 145.6635284

endloop
endfacet
facet normal 0.08980432898 -0.3835762143 0.9191324711
outer loop
vertex 53.96657562 46.16907501 145.6635284
vertex 58.69623566 40.52829742 142.8473816
vertex 55.75273895 46.56879425 145.6558228

endloop
endfacet
facet normal 0.05400713533 -0.2225573659 0.9734225273
outer loop
vertex 53.96652985 46.16907501 145.6635132
vertex 55.75267792 46.56880951 145.6558075
vertex 52.09568024 60.56043243 149.057663

endloop
endfacet
facet normal 0.177034691 -0.183843717 0.966881752
outer loop
vertex 52.09568024 60.56043243 149.057663
vertex 55.75267792 46.56880951 145.6558075
vertex 52.0956955 60.56044769 149.057663

endloop
endfacet
facet normal -0.9852612615 0 0.1710564643
outer loop
vertex 76.23400116 15.21146393 48.43406677
vertex 76.23400116 15.21144867 48.43406677
vertex 76.87432098 3.75505805 52.12221909

endloop
endfacet
facet normal 0.09706561267 -0.3000746667 -0.948964417
outer loop
vertex 76.87432098 3.75505805 52.12221909
vertex 76.23400116 15.21144867 48.43406677
vertex 78.23461151 4.234931946 52.10961533

endloop
endfacet
facet normal 0.2774058878 -0.8003185987 -0.5315412283
outer loop
vertex 76.87432098 3.75505805 52.12221909
vertex 78.23461151 4.234931946 52.10961533
vertex 76.44469452 1.855247021 54.75846481

endloop
endfacet
facet normal 0.2651550174 -0.7994536161 -0.5390424728
outer loop
vertex 76.44469452 1.855247021 54.75846481
vertex 78.23461151 4.234931946 52.10961533
vertex 78.22112274 2.451591015 54.74785233

endloop
endfacet
facet normal 0.2988241613 -0.8960020542 -0.3284577727
outer loop
vertex 76.44469452 1.855247021 54.75846481
vertex 78.22112274 2.451591015 54.74785233
vertex 76.24959564 0.91495502 57.14599609

endloop
endfacet
facet normal 0.3339334428 -0.8941210508 -0.2983890176
outer loop
vertex 76.24959564 0.91495502 57.14599609
vertex 78.22112274 2.451591015 54.74785233
vertex 78.26732635 1.671288013 57.13773346

endloop
endfacet
facet normal 0.3410344422 -0.9122828245 -0.2267942876
outer loop
vertex 76.24959564 0.91495502 57.14599609
vertex 78.26732635 1.671288013 57.13773346
vertex 76.12142181 0.2706530094 59.54497147

endloop
endfacet
facet normal 0.3908340931 -0.9032537937 -0.1771475077
outer loop
vertex 76.12142181 0.2706530094 59.54497147
vertex 78.26732635 1.671288013 57.13773346
vertex 78.3599472 1.244789004 59.51674652

endloop
endfacet
facet normal 0.39591524 -0.9127221107 -0.1009424254
outer loop
vertex 76.12142181 0.2706530094 59.54497147
vertex 78.3599472 1.244789004 59.51674652
vertex 75.72731781 -0.1668779999 61.95537949

endloop
endfacet
facet normal 0.4156910181 -0.9063337445 -0.07589542866
outer loop
vertex 75.72731781 -0.1668779999 61.95537949
vertex 78.3599472 1.244789004 59.51674652
vertex 78.18126678 0.9639049768 61.89236832

endloop
endfacet
facet normal 0.4126803279 -0.9024398327 -0.1236819923
outer loop
vertex 75.72731781 -0.1668930054 61.95537949
vertex 78.18123627 0.9639049768 61.89236832
vertex 75.44121552 -0.6306989789 64.38490295

endloop
endfacet
facet normal 0.426220417 -0.8983650208 -0.106190607
outer loop
vertex 75.44121552 -0.6306989789 64.38490295
vertex 78.18123627 0.9639049768 61.89236832
vertex 78.12682343 0.6561200023 64.27780914

endloop
endfacet
facet normal 0.4194137752 -0.8901462555 -0.1781338751
outer loop
vertex 75.44121552 -0.6306840181 64.38490295
vertex 78.12682343 0.6561359763 64.27780914
vertex 75.58638763 -1.045920968 66.80167389

endloop
endfacet
facet normal 0.4236130416 -0.8891270757 -0.1732197553
outer loop
vertex 75.58638763 -1.045920968 66.80167389
vertex 78.12682343 0.6561359763 64.27780914
vertex 78.43416595 0.3387530148 66.65853119

endloop
endfacet
facet normal 0.4315392375 -0.8972161412 -0.09368634969
outer loop
vertex 75.5863266 -1.045951962 66.80166626
vertex 78.43413544 0.3387219906 66.65852356
vertex 75.9771347 -1.104804993 69.16543579

endloop
endfacet
facet normal 0.4865893424 -0.8732459545 -0.02592978254
outer loop
vertex 75.9771347 -1.104804993 69.16543579
vertex 78.43413544 0.3387219906 66.65852356
vertex 78.8102951 0.4782029986 69.02005768

endloop
endfacet
facet normal 0.4857541919 -0.8731339574 -0.04098700732
outer loop
vertex 75.9771347 -1.104804993 69.16543579
vertex 78.8102951 0.4782029986 69.02005768
vertex 76.35732269 -1.003013968 71.5027771

endloop
endfacet
facet normal 0.5486337543 -0.8349070549 0.04394580051
outer loop
vertex 76.35732269 -1.003013968 71.5027771
vertex 78.8102951 0.4782029986 69.02005768
vertex 79.19551849 0.8551560044 71.37236786

endloop
endfacet
facet normal 0.5464475751 -0.8368873596 -0.0318524912
outer loop
vertex 76.35732269 -1.003013968 71.5027771
vertex 79.19551849 0.8551560044 71.37236786
vertex 76.58592987 -0.9428330064 73.84347534

endloop
endfacet
facet normal 0.5391283631 -0.8411415815 -0.04267729074
outer loop
vertex 76.58592987 -0.9428330064 73.84347534
vertex 79.19551849 0.8551560044 71.37236786
vertex 79.53859711 0.9557110071 73.72449493

endloop
endfacet
facet normal 0.5414888859 -0.837644577 0.07170305401
outer loop
vertex 76.58592987 -0.9428330064 73.84347534
vertex 79.53859711 0.9557110071 73.72449493
vertex 76.66017914 -0.6932749748 76.19812775

endloop
endfacet
facet normal 0.5276411772 -0.8480738997 0.04863695055
outer loop
vertex 76.66017914 -0.6932749748 76.19812775
vertex 79.53859711 0.9557110071 73.72449493
vertex 79.73308563 1.212684989 76.09538269

endloop
endfacet
facet normal 0.5174796581 -0.8213806152 0.2398932576
outer loop
vertex 76.66017914 -0.6932749748 76.19812775
vertex 79.73308563 1.212684989 76.09538269
vertex 76.70241547 0.03138000146 78.5881958

endloop
endfacet
facet normal 0.4990305305 -0.8412386179 0.208053112
outer loop
vertex 76.70241547 0.03138000146 78.5881958
vertex 79.73308563 1.212684989 76.09538269
vertex 79.98802948 1.958260059 78.49852753

endloop
endfacet
facet normal 0.4949256778 -0.8323030472 0.249640137
outer loop
vertex 76.70238495 0.03136400133 78.58818817
vertex 79.98799896 1.958243966 78.49851227
vertex 77.04613495 0.950600028 80.97142792

endloop
endfacet
facet normal 0.4791751802 -0.8485839367 0.2242687941
outer loop
vertex 77.04613495 0.950600028 80.97142792
vertex 79.98799896 1.958243966 78.49851227
vertex 80.42082977 2.836570978 80.89711761

endloop
endfacet
facet normal 0.4819078147 -0.854706347 0.1929815114
outer loop
vertex 77.04613495 0.950600028 80.97142792
vertex 80.42082977 2.836570978 80.89711761
vertex 77.09905243 1.520774961 83.36456299

endloop
endfacet
facet normal 0.4175047576 -0.9052033424 0.07935124636
outer loop
vertex 77.09905243 1.520774961 83.36456299
vertex 80.42082977 2.836570978 80.89711761
vertex 80.69731903 3.173774958 83.28904724

endloop
endfacet
facet normal 0.4000509381 -0.8558587432 0.3278185427
outer loop
vertex 77.09905243 1.520774961 83.36456299
vertex 80.69731903 3.173774958 83.28904724
vertex 76.33889008 2.076407909 85.74285126

endloop
endfacet
facet normal 0.3510396481 -0.9110913277 0.2160644233
outer loop
vertex 76.33889008 2.076407909 85.74285126
vertex 80.69731903 3.173774958 83.28904724
vertex 80.13420868 3.526679993 85.69204712

endloop
endfacet
facet normal 0.3209134936 -0.8234282136 0.4679534733
outer loop
vertex 76.33889008 2.076407909 85.74285126
vertex 80.13420868 3.526679993 85.69204712
vertex 73.8832016 2.433204889 88.05474854

endloop
endfacet
facet normal 0.2204447985 -0.9658386111 0.1362345815
outer loop
vertex 73.8832016 2.433204889 88.05474854
vertex 80.13420868 3.526679993 85.69204712
vertex 77.9703598 3.376686096 88.13004303

endloop
endfacet
facet normal 0.2037528008 -0.9112278819 0.3579782844
outer loop
vertex 73.8832016 2.43321991 88.05474854
vertex 77.9703598 3.376701117 88.13005066
vertex 74.65090179 3.543937922 90.44510651

endloop
endfacet
facet normal 0.1940498054 -0.9184785485 0.3445893228
outer loop
vertex 74.65090179 3.543937922 90.44510651
vertex 77.9703598 3.376701117 88.13005066
vertex 78.7844162 4.450951099 90.53496552

endloop
endfacet
facet normal 0.183236286 -0.8787255883 0.4407558739
outer loop
vertex 74.65090179 3.543937922 90.44510651
vertex 78.7844162 4.450951099 90.53496552
vertex 75.87569427 4.988808155 92.81652832

endloop
endfacet
facet normal 0.1628081053 -0.893633008 0.4182266295
outer loop
vertex 75.87569427 4.988808155 92.81652832
vertex 78.7844162 4.450951099 90.53496552
vertex 79.98021698 5.774756908 92.89806366

endloop
endfacet
facet normal 0.1430792212 -0.8066974282 0.5733825564
outer loop
vertex 75.87569427 4.988808155 92.81652832
vertex 79.98021698 5.774756908 92.89806366
vertex 76.64785004 6.792090893 95.16090393

endloop
endfacet
facet normal 0.1343634725 -0.8146768808 0.5641347766
outer loop
vertex 76.64785004 6.792090893 95.16090393
vertex 79.98021698 5.774756908 92.89806366
vertex 80.77089691 7.522209167 95.23326874

endloop
endfacet
facet normal 0.123993665 -0.7630726099 0.6343073845
outer loop
vertex 76.64785004 6.792090893 95.16090393
vertex 80.77089691 7.522209167 95.23326874
vertex 77.169487 8.841423035 97.52428436

endloop
endfacet
facet normal 0.08494733274 -0.7998778224 0.5941208005
outer loop
vertex 77.169487 8.841423035 97.52428436
vertex 80.77089691 7.522209167 95.23326874
vertex 81.27437592 9.317513466 97.57833862

endloop
endfacet
facet normal 0.0757433027 -0.730163753 0.679060936
outer loop
vertex 77.169487 8.841423035 97.52428436
vertex 81.27437592 9.317513466 97.57833862
vertex 77.21312714 11.05547333 99.90008545

endloop
endfacet
facet normal -0.0005888227606 -0.8010478616 0.5986000299
outer loop
vertex 77.21312714 11.05547333 99.90008545
vertex 81.27437592 9.317513466 97.57833862
vertex 81.31182098 11.08557892 99.9444046

endloop
endfacet
facet normal -0.002012201352 -0.7308412194 0.6825446486
outer loop
vertex 77.21312714 11.05547333 99.90008545
vertex 81.31182098 11.08557892 99.9444046
vertex 76.88375092 13.28223419 102.2834396

endloop
endfacet
facet normal -0.07946546376 -0.7972997427 0.5983296037
outer loop
vertex 76.88375092 13.28223419 102.2834396
vertex 81.31182098 11.08557892 99.9444046
vertex 81.04225922 12.89128876 102.3147888

endloop
endfacet
facet normal -0.0809257552 -0.8147504926 0.5741363764
outer loop
vertex 76.8837204 13.28223419 102.2834396
vertex 81.0422287 12.89128876 102.3148041
vertex 75.62075043 15.08953094 104.6701355

endloop
endfacet
facet normal -0.2036029845 -0.9042641521 0.3753027618
outer loop
vertex 75.62075043 15.08953094 104.6701355
vertex 81.0422287 12.89128876 102.3148041
vertex 79.82540131 14.14923859 104.6856079

endloop
endfacet
facet normal -0.1930621713 -0.8553958535 0.4806506336
outer loop
vertex 75.62075043 15.08953094 104.6701355
vertex 79.82540131 14.14923859 104.6856079
vertex 73.41613007 16.92772675 107.0559769

endloop
endfacet
facet normal -0.3649690449 -0.9258086681 0.09836561978
outer loop
vertex 73.41613007 16.92772675 107.0559769
vertex 79.82540131 14.14923859 104.6856079
vertex 77.47093964 15.32958221 107.0590668

endloop
endfacet
facet normal -0.3189298213 -0.8082311153 0.4950214922
outer loop
vertex 73.41613007 16.92772675 107.0559769
vertex 77.47093964 15.32958221 107.0590668
vertex 70.93248749 19.36559296 109.4361801

endloop
endfacet
facet normal -0.5401714444 -0.8393658996 -0.06065979227
outer loop
vertex 70.93248749 19.36559296 109.4361801
vertex 77.47093964 15.32958221 107.0590668
vertex 74.56038666 17.03081512 109.4369278

endloop
endfacet
facet normal -0.5247170925 -0.8152429461 0.2450530827
outer loop
vertex 70.93251801 19.36560822 109.4361954
vertex 74.56038666 17.03081512 109.4369354
vertex 69.07628632 21.27141571 111.8018036

endloop
endfacet
facet normal -0.609262228 -0.7929182649 0.008962308057
outer loop
vertex 69.07628632 21.27141571 111.8018036
vertex 74.56038666 17.03081512 109.4369354
vertex 72.39665985 18.7201767 111.8078384

endloop
endfacet
facet normal -0.6092572212 -0.7929093242 0.01002045255
outer loop
vertex 69.07628632 21.27141571 111.8018036
vertex 72.39665985 18.7201767 111.8078384
vertex 68.99922943 21.36042023 114.1594925

endloop
endfacet
facet normal -0.4856161773 -0.8401114941 0.2416392714
outer loop
vertex 68.99922943 21.36042023 114.1594925
vertex 72.39665985 18.7201767 111.8078384
vertex 72.54363251 19.31571198 114.1737137

endloop
endfacet
facet normal -0.4911915064 -0.8527001143 -0.1778580099
outer loop
vertex 68.99922943 21.36038971 114.1594925
vertex 72.54363251 19.31569672 114.1737137
vertex 68.83171844 20.9681015 116.5028458

endloop
endfacet
facet normal -0.2951429486 -0.9356658459 0.1934425831
outer loop
vertex 68.83171844 20.9681015 116.5028458
vertex 72.54363251 19.31569672 114.1737137
vertex 72.79970551 19.72246552 116.5319214

endloop
endfacet
facet normal -0.2987996638 -0.9529993534 -0.05011112615
outer loop
vertex 68.83171844 20.9681015 116.5028458
vertex 72.79970551 19.72246552 116.5319214
vertex 67.65221405 21.21639252 118.8139954

endloop
endfacet
facet normal -0.1617604643 -0.9523515105 0.2585731745
outer loop
vertex 67.65221405 21.21639252 118.8139954
vertex 72.79970551 19.72246552 116.5319214
vertex 71.71141815 20.54058075 118.8643036

endloop
endfacet
facet normal -0.1641533077 -0.974660635 0.1519550532
outer loop
vertex 67.65221405 21.21639252 118.8139954
vertex 71.71141815 20.54058075 118.8643036
vertex 65.88149261 21.86688995 121.0735092

endloop
endfacet
facet normal -0.06576707959 -0.9225261807 0.3802895248
outer loop
vertex 65.88149261 21.86688995 121.0735092
vertex 71.71141815 20.54058075 118.8643036
vertex 69.87529755 21.61466217 121.1523285

endloop
endfacet
facet normal -0.06518387794 -0.9876899719 0.1421954781
outer loop
vertex 65.88152313 21.86690521 121.0735245
vertex 69.87532806 21.61467743 121.1523514
vertex 63.78920746 22.31856537 123.2516174

endloop
endfacet
facet normal 0.0166250132 -0.9324724078 0.3608584404
outer loop
vertex 63.78920746 22.31856537 123.2516174
vertex 69.87532806 21.61467743 121.1523514
vertex 67.75499725 22.43474579 123.3691254

endloop
endfacet
facet normal 0.02265413664 -0.9788649082 0.2032491118
outer loop
vertex 63.78920746 22.31856537 123.2516174
vertex 67.75499725 22.43474579 123.3691254
vertex 62.01934052 22.7108078 125.3379593

endloop
endfacet
facet normal 0.07606040686 -0.9327649474 0.3523696661
outer loop
vertex 62.01934052 22.7108078 125.3379593
vertex 67.75499725 22.43474579 123.3691254
vertex 65.95339203 23.09496307 125.5056839

endloop
endfacet
facet normal 0.08240725845 -0.9602920413 0.2665490508
outer loop
vertex 62.01934052 22.7108078 125.3379593
vertex 65.95339203 23.09496307 125.5056839
vertex 61.0217514 23.17636871 127.3236465

endloop
endfacet
facet normal 0.1069782227 -0.9371345043 0.3321664333
outer loop
vertex 61.0217514 23.17636871 127.3236465
vertex 65.95339203 23.09496307 125.5056839
vertex 64.82274628 23.6901474 127.5490036

endloop
endfacet
facet normal 0.09260559082 -0.8851194382 0.4560567439
outer loop
vertex 61.0217514 23.17636871 127.3236542
vertex 64.82274628 23.69016266 127.5490112
vertex 60.56475067 24.06899261 129.1488647

endloop
endfacet
facet normal 0.09951236099 -0.8758345842 0.4722404778
outer loop
vertex 60.56475067 24.06899261 129.1488647
vertex 64.82274628 23.69016266 127.5490112
vertex 64.04567719 24.62117767 129.4394531

endloop
endfacet
facet normal 0.05923809484 -0.7311139703 0.6796787381
outer loop
vertex 60.56475067 24.06899261 129.1488647
vertex 64.04567719 24.62117767 129.4394531
vertex 60.77205658 25.48871613 130.657959

endloop
endfacet
facet normal 0.03673537448 -0.764806807 0.6432115436
outer loop
vertex 60.77205658 25.48871613 130.657959
vertex 64.04567719 24.62117767 129.4394531
vertex 63.13370514 25.95714569 131.0800629

endloop
endfacet
facet normal -0.03966528177 -0.551064074 0.8335196376
outer loop
vertex 60.77205658 25.48873138 130.6579742
vertex 63.1337204 25.95717621 131.0800629
vertex 60.7494278 27.58959198 132.0458374

endloop
endfacet
facet normal -0.1330648959 -0.6413809061 0.7555952668
outer loop
vertex 60.7494278 27.58959198 132.0458374
vertex 63.1337204 25.95717621 131.0800629
vertex 62.07382965 27.78525543 132.4451599

endloop
endfacet
facet normal -0.1335777044 -0.6400416493 0.7566397786
outer loop
vertex 60.7494278 27.58959198 132.0458374
vertex 62.07382965 27.78525543 132.4451599
vertex 59.48291779 30.4797287 134.2670135

endloop
endfacet
facet normal 0.007488359232 -0.5551570058 0.8317118287
outer loop
vertex 59.48291779 30.4797287 134.2670135
vertex 62.07382965 27.78525543 132.4451599
vertex 60.84217072 30.59812164 134.3338013

endloop
endfacet
facet normal 0.02532901987 -0.695746541 0.7178407311
outer loop
vertex 59.48291779 30.4797287 134.2670135
vertex 60.84217072 30.59812164 134.3338013
vertex 58.66510773 34.58914948 138.2788086

endloop
endfacet
facet normal 0.2144361436 -0.6249818206 0.7506096959
outer loop
vertex 58.66510773 34.58914948 138.2788086
vertex 60.84217072 30.59812164 134.3338013
vertex 59.68979645 34.71845245 138.0937347

endloop
endfacet
facet normal 0.2149439007 -0.5961672664 0.7735527158
outer loop
vertex 58.66512299 34.58917999 138.2788239
vertex 59.68981171 34.71848297 138.09375
vertex 58.69623566 40.52829742 142.8473816

endloop
endfacet
facet normal -0.2004821301 -0.6407021284 0.7411529422
outer loop
vertex 58.69623566 40.52829742 142.8473816
vertex 59.68981171 34.71848297 138.09375
vertex 58.89191437 40.23387909 142.6457977

endloop
endfacet
facet normal 0.7752664089 0.08690623194 0.6256271601
outer loop
vertex 58.69623566 40.52829742 142.8473816
vertex 58.89191437 40.23387909 142.6457977
vertex 55.75273895 46.56879425 145.6558228

endloop
endfacet
facet normal 0.3502141237 -0.2547384501 0.9013647437
outer loop
vertex 55.75273895 46.56879425 145.6558228
vertex 58.89191437 40.23387909 142.6457977
vertex 56.1623764 46.59426117 145.5038605

endloop
endfacet
facet normal 0.3519795835 -0.1332612634 0.9264727831
outer loop
vertex 55.75267792 46.56880951 145.6558075
vertex 56.16234589 46.59426117 145.50383
vertex 52.0956955 60.56044769 149.057663

endloop
endfacet
facet normal -nan(ind) -nan(ind) -nan(ind)
outer loop
vertex 52.0956955 60.56044769 149.057663
vertex 56.16234589 46.59426117 145.50383
vertex 52.0956955 60.56044769 149.057663

endloop
endfacet
facet normal 0.9520828128 0.07417719066 -0.2967087626
outer loop
vertex 76.23400116 15.21144867 48.43406296
vertex 76.23400116 15.21147919 48.43407059
vertex 78.23464203 4.234931946 52.10961533

endloop
endfacet
facet normal 0.1049470752 -0.2985198796 -0.948615849
outer loop
vertex 78.23464203 4.234931946 52.10961533
vertex 76.23400116 15.21147919 48.43407059
vertex 79.5767746 4.749015808 52.09632111

endloop
endfacet
facet normal 0.2979136705 -0.7915686369 -0.5335415602
outer loop
vertex 78.23464203 4.234931946 52.10961533
vertex 79.5767746 4.749015808 52.09632111
vertex 78.22112274 2.451591015 54.74785233

endloop
endfacet
facet normal 0.262106657 -0.7916404605 -0.5519108772
outer loop
vertex 78.22112274 2.451591015 54.74785233
vertex 79.5767746 4.749015808 52.09632111
vertex 80.04299164 3.068993092 54.72749329

endloop
endfacet
facet normal 0.3030440509 -0.9041693211 -0.3010682464
outer loop
vertex 78.22112274 2.451591015 54.74785233
vertex 80.04299164 3.068993092 54.72749329
vertex 78.26729584 1.671288013 57.13773727

endloop
endfacet
facet normal 0.3325203359 -0.9012895226 -0.2776822448
outer loop
vertex 78.26729584 1.671288013 57.13773727
vertex 80.04299164 3.068993092 54.72749329
vertex 80.3420639 2.441886902 57.12106323

endloop
endfacet
facet normal 0.3413062096 -0.9228034616 -0.1787284315
outer loop
vertex 78.26729584 1.671288013 57.13773727
vertex 80.3420639 2.441886902 57.12106323
vertex 78.3599472 1.244789004 59.51675034

endloop
endfacet
facet normal 0.4387800694 -0.8946580887 -0.08401763439
outer loop
vertex 78.3599472 1.244789004 59.51675034
vertex 80.3420639 2.441886902 57.12106323
vertex 80.52285004 2.30678606 59.50382996

endloop
endfacet
facet normal 0.4392216802 -0.8954213262 -0.072835356
outer loop
vertex 78.3599472 1.244789004 59.51675034
vertex 80.52285004 2.30678606 59.50382996
vertex 78.18126678 0.9639049768 61.89237213

endloop
endfacet
facet normal 0.4390391707 -0.8954929113 -0.07305452973
outer loop
vertex 78.18126678 0.9639049768 61.89237213
vertex 80.52285004 2.30678606 59.50382996
vertex 80.51061249 2.106758118 61.88220215

endloop
endfacet
facet normal 0.4376573563 -0.8929632306 -0.1052269414
outer loop
vertex 78.18123627 0.9639049768 61.89237213
vertex 80.51058197 2.106758118 61.88219833
vertex 78.12682343 0.6561359763 64.27780914

endloop
endfacet
facet normal 0.472135663 -0.8792972565 -0.06264396012
outer loop
vertex 78.12682343 0.6561359763 64.27780914
vertex 80.51058197 2.106758118 61.88219833
vertex 80.61302948 1.993049979 64.25038147

endloop
endfacet
facet normal 0.4647390544 -0.8678410649 -0.175697282
outer loop
vertex 78.12685394 0.6561509967 64.27781677
vertex 80.61302948 1.99308002 64.2503891
vertex 78.43419647 0.3387530148 66.65853119

endloop
endfacet
facet normal 0.5808899403 -0.8133070469 -0.03314329684
outer loop
vertex 78.43419647 0.3387530148 66.65853119
vertex 80.61302948 1.99308002 64.2503891
vertex 80.86467743 2.076775074 66.60712433

endloop
endfacet
facet normal 0.5804735422 -0.8130660057 -0.04443136603
outer loop
vertex 78.43416595 0.338737011 66.65853119
vertex 80.86464691 2.07674408 66.6071167
vertex 78.8102951 0.4782179892 69.02005768

endloop
endfacet
facet normal 0.6192060113 -0.785197258 0.007007430773
outer loop
vertex 78.8102951 0.4782179892 69.02005768
vertex 80.86464691 2.07674408 66.6071167
vertex 81.23574066 2.390465021 68.96880341

endloop
endfacet
facet normal 0.6192635894 -0.7848056555 0.02434554696
outer loop
vertex 78.8102951 0.4782179892 69.02005768
vertex 81.23574066 2.390465021 68.96880341
vertex 79.19551849 0.8551560044 71.37236786

endloop
endfacet
facet normal 0.6057875752 -0.7956036925 0.006009246223
outer loop
vertex 79.19551849 0.8551560044 71.37236786
vertex 81.23574066 2.390465021 68.96880341
vertex 81.82894135 2.859977961 71.33060455

endloop
endfacet
facet normal 0.6043053865 -0.7949101329 -0.05415512994
outer loop
vertex 79.19551849 0.8551560044 71.37236786
vertex 81.82894135 2.859977961 71.33060455
vertex 79.53859711 0.9557269812 73.7244873

endloop
endfacet
facet normal 0.6411591172 -0.7674022317 0.002986219013
outer loop
vertex 79.53859711 0.9557269812 73.7244873
vertex 81.82894135 2.859977961 71.33060455
vertex 82.24971771 3.220695019 73.68490601

endloop
endfacet
facet normal 0.6410999894 -0.7668504119 0.03051739745
outer loop
vertex 79.53859711 0.9557269812 73.7244873
vertex 82.24971771 3.220695019 73.68490601
vertex 79.73311615 1.212700009 76.09538269

endloop
endfacet
facet normal 0.6490473151 -0.7594153285 0.04500824586
outer loop
vertex 79.73311615 1.212700009 76.09538269
vertex 82.24971771 3.220695019 73.68490601
vertex 82.47676849 3.555335999 76.05702209

endloop
endfacet
facet normal 0.6418446898 -0.7490262985 0.1643015891
outer loop
vertex 79.73311615 1.212700009 76.09538269
vertex 82.47676849 3.555335999 76.05702209
vertex 79.98802948 1.958274961 78.49852753

endloop
endfacet
facet normal 0.5527771711 -0.8331236839 0.018500356
outer loop
vertex 79.98802948 1.958274961 78.49852753
vertex 82.47676849 3.555335999 76.05702209
vertex 83.08037567 4.009056091 78.45398712

endloop
endfacet
facet normal 0.5434792042 -0.8151465058 0.2004154325
outer loop
vertex 79.98799896 1.958260059 78.4985199
vertex 83.08034515 4.009056091 78.45397949
vertex 80.42082977 2.836570978 80.89712524

endloop
endfacet
facet normal 0.5005800128 -0.8551771045 0.1345059425
outer loop
vertex 80.42082977 2.836570978 80.89712524
vertex 83.08034515 4.009056091 78.45397949
vertex 83.62566376 4.706855774 80.8610611

endloop
endfacet
facet normal 0.5035530329 -0.8616455197 0.06325689703
outer loop
vertex 80.42082977 2.836570978 80.89712524
vertex 83.62566376 4.706855774 80.8610611
vertex 80.69738007 3.173789978 83.28904724

endloop
endfacet
facet normal 0.4882915318 -0.8718346357 0.03841713816
outer loop
vertex 80.69738007 3.173789978 83.28904724
vertex 83.62566376 4.706855774 80.8610611
vertex 84.03221893 5.040581226 83.26717377

endloop
endfacet
facet normal 0.4758474529 -0.8472900987 0.2359422892
outer loop
vertex 80.69738007 3.173789978 83.28904724
vertex 84.03221893 5.040581226 83.26717377
vertex 80.1342392 3.526679993 85.69204712

endloop
endfacet
facet normal 0.4277755916 -0.8946148753 0.1291209608
outer loop
vertex 80.1342392 3.526679993 85.69204712
vertex 84.03221893 5.040581226 83.26717377
vertex 83.77736664 5.266426086 85.6762619

endloop
endfacet
facet normal 0.4105617702 -0.8569117785 0.3116748631
outer loop
vertex 80.1342392 3.526679993 85.69204712
vertex 83.77736664 5.266426086 85.6762619
vertex 77.97039032 3.376686096 88.13004303

endloop
endfacet
facet normal 0.3497714102 -0.9301909208 0.1113772616
outer loop
vertex 77.97039032 3.376686096 88.13004303
vertex 83.77736664 5.266426086 85.6762619
vertex 82.10124969 4.9272542 88.10730743

endloop
endfacet
facet normal 0.338114053 -0.8965802193 0.2860465944
outer loop
vertex 77.97039032 3.376701117 88.13005066
vertex 82.10128021 4.927268982 88.10731506
vertex 78.7844162 4.450951099 90.53496552

endloop
endfacet
facet normal 0.3476711214 -0.8880648613 0.3007750213
outer loop
vertex 78.7844162 4.450951099 90.53496552
vertex 82.10128021 4.927268982 88.10731506
vertex 82.93682098 6.06778717 90.5089798

endloop
endfacet
facet normal 0.3455646336 -0.882355094 0.3194282949
outer loop
vertex 78.7844162 4.450951099 90.53496552
vertex 82.93682098 6.06778717 90.5089798
vertex 79.98021698 5.774756908 92.89806366

endloop
endfacet
facet normal 0.3740856051 -0.8555015922 0.3580180705
outer loop
vertex 79.98021698 5.774756908 92.89806366
vertex 82.93682098 6.06778717 90.5089798
vertex 83.94322968 7.501976013 92.88446808

endloop
endfacet
facet normal 0.3515204191 -0.8027533889 0.4816849828
outer loop
vertex 79.98021698 5.774756908 92.89806366
vertex 83.94322968 7.501976013 92.88446808
vertex 80.77089691 7.522209167 95.23326874

endloop
endfacet
facet normal 0.337719202 -0.8193916082 0.4631881416
outer loop
vertex 80.77089691 7.522209167 95.23326874
vertex 83.94322968 7.501976013 92.88446808
vertex 84.71141815 9.150123596 95.2399826

endloop
endfacet
facet normal 0.3228559792 -0.7836920023 0.5306513309
outer loop
vertex 80.77089691 7.522209167 95.23326874
vertex 84.71141815 9.150123596 95.2399826
vertex 81.27437592 9.317513466 97.57833862

endloop
endfacet
facet normal 0.3074707389 -0.8036813736 0.5094681978
outer loop
vertex 81.27437592 9.317513466 97.57833862
vertex 84.71141815 9.150123596 95.2399826
vertex 85.28810883 10.86466217 97.59661102

endloop
endfacet
facet normal 0.2934466302 -0.7680051327 0.5692600608
outer loop
vertex 81.27437592 9.317513466 97.57833862
vertex 85.28810883 10.86466217 97.59661102
vertex 81.31182098 11.08559418 99.9444046

endloop
endfacet
facet normal 0.2769782543 -0.7922899127 0.5436540246
outer loop
vertex 81.31182098 11.08559418 99.9444046
vertex 85.28810883 10.86466217 97.59661102
vertex 85.32933807 12.50307465 99.96333313

endloop
endfacet
facet normal 0.2627927363 -0.7528823614 0.6034137607
outer loop
vertex 81.31182098 11.08559418 99.9444046
vertex 85.32933807 12.50307465 99.96333313
vertex 81.0422287 12.89128876 102.3147888

endloop
endfacet
facet normal 0.210203141 -0.8279440999 0.5199261904
outer loop
vertex 81.0422287 12.89128876 102.3147888
vertex 85.32933807 12.50307465 99.96333313
vertex 85.05315399 13.9202652 102.3317642

endloop
endfacet
facet normal 0.2071077079 -0.8162031174 0.5393689871
outer loop
vertex 81.04219818 12.89130402 102.3148041
vertex 85.05312347 13.9202652 102.3317642
vertex 79.82540131 14.14923859 104.6856079

endloop
endfacet
facet normal 0.1107609794 -0.9349868894 0.3369445205
outer loop
vertex 79.82540131 14.14923859 104.6856079
vertex 85.05312347 13.9202652 102.3317642
vertex 84.01222992 14.65117645 104.7021332

endloop
endfacet
facet normal 0.09960911423 -0.8480098844 0.5205355883
outer loop
vertex 79.82540131 14.14923859 104.6856079
vertex 84.01222992 14.65117645 104.7021332
vertex 77.47097015 15.32958221 107.0590591

endloop
endfacet
facet normal -0.025785584 -0.9774108529 0.2097694129
outer loop
vertex 77.47097015 15.32958221 107.0590591
vertex 84.01222992 14.65117645 104.7021332
vertex 81.88445282 15.21598053 107.072258

endloop
endfacet
facet normal -0.0229485482 -0.8261527419 0.5629787445
outer loop
vertex 77.47097015 15.32958221 107.0590591
vertex 81.88445282 15.21598053 107.072258
vertex 74.56041718 17.03081512 109.4369202

endloop
endfacet
facet normal -0.1916513294 -0.9698211551 0.1507208943
outer loop
vertex 74.56041718 17.03081512 109.4369202
vertex 81.88445282 15.21598053 107.072258
vertex 78.98812103 16.15676117 109.4428864

endloop
endfacet
facet normal -0.1723106652 -0.8697341681 0.462462455
outer loop
vertex 74.56041718 17.03081512 109.4369278
vertex 78.98812103 16.15677643 109.442894
vertex 72.39665985 18.7201767 111.8078384

endloop
endfacet
facet normal -0.2902325988 -0.9348720312 0.2043998092
outer loop
vertex 72.39665985 18.7201767 111.8078384
vertex 78.98812103 16.15677643 109.442894
vertex 76.75643158 17.36833954 111.8154373

endloop
endfacet
facet normal -0.2871114016 -0.924546361 0.2505615652
outer loop
vertex 72.39665985 18.7201767 111.8078384
vertex 76.75643158 17.36833954 111.8154373
vertex 72.54363251 19.31571198 114.1737137

endloop
endfacet
facet normal -0.1892962307 -0.8959869742 0.4017142653
outer loop
vertex 72.54363251 19.31571198 114.1737137
vertex 76.75643158 17.36833954 111.8154373
vertex 76.72963715 18.43733978 114.1871185

endloop
endfacet
facet normal -0.2022913545 -0.961158514 0.1877566725
outer loop
vertex 72.54363251 19.31569672 114.1737061
vertex 76.72960663 18.43730927 114.1871109
vertex 72.79970551 19.72246552 116.5319214

endloop
endfacet
facet normal -0.1046369374 -0.935534656 0.3373813629
outer loop
vertex 72.79970551 19.72246552 116.5319214
vertex 76.72960663 18.43730927 114.1871109
vertex 76.92665863 19.26967621 116.5563202

endloop
endfacet
facet normal -0.1062123328 -0.9527361393 0.2846272588
outer loop
vertex 72.79970551 19.72246552 116.5319214
vertex 76.92665863 19.26967621 116.5563202
vertex 71.71144867 20.54058075 118.8643112

endloop
endfacet
facet normal -0.08862634748 -0.9435061812 0.3192825615
outer loop
vertex 71.71144867 20.54058075 118.8643112
vertex 76.92665863 19.26967621 116.5563202
vertex 75.84642792 20.16837311 118.9121933

endloop
endfacet
facet normal -0.08766323328 -0.9269517064 0.3647956252
outer loop
vertex 71.71144867 20.54058075 118.8643112
vertex 75.84642792 20.16837311 118.9121933
vertex 69.87529755 21.61466217 121.1523285

endloop
endfacet
facet normal -0.05187402666 -0.8963003159 0.4404031634
outer loop
vertex 69.87529755 21.61466217 121.1523285
vertex 75.84642792 20.16837311 118.9121933
vertex 73.93489838 21.42040253 121.2351456

endloop
endfacet
facet normal -0.0517103672 -0.9517101049 0.3026117682
outer loop
vertex 69.87532806 21.61467743 121.1523514
vertex 73.93492889 21.42043304 121.2351608
vertex 67.75499725 22.43474579 123.369133

endloop
endfacet
facet normal 0.02375651896 -0.8744915128 0.4844587445
outer loop
vertex 67.75499725 22.43474579 123.369133
vertex 73.93492889 21.42043304 121.2351608
vertex 71.77632904 22.6145401 123.4964828

endloop
endfacet
facet normal 0.0322111398 -0.946944952 0.3197776079
outer loop
vertex 67.75499725 22.43474579 123.369133
vertex 71.77632904 22.6145401 123.4964828
vertex 65.95339203 23.09496307 125.5056839

endloop
endfacet
facet normal 0.07270917296 -0.901647687 0.4263153672
outer loop
vertex 65.95339203 23.09496307 125.5056839
vertex 71.77632904 22.6145401 123.4964828
vertex 69.97234344 23.5063858 125.6903915

endloop
endfacet
facet normal 0.08189881593 -0.9437913299 0.320235163
outer loop
vertex 65.95339203 23.09496307 125.5056839
vertex 69.97234344 23.5063858 125.6903915
vertex 64.82274628 23.69016266 127.5490036

endloop
endfacet
facet normal 0.1410123259 -0.8677899241 0.4765040874
outer loop
vertex 64.82274628 23.69016266 127.5490036
vertex 69.97234344 23.5063858 125.6903915
vertex 68.70693207 24.46048737 127.8024368

endloop
endfacet
facet normal 0.1398830116 -0.8642901182 0.4831513762
outer loop
vertex 64.82274628 23.69017792 127.5490189
vertex 68.70693207 24.46048737 127.8024368
vertex 64.04567719 24.62119293 129.4394531

endloop
endfacet
facet normal 0.1599716246 -0.82838732 0.5368272662
outer loop
vertex 64.04567719 24.62119293 129.4394531
vertex 68.70693207 24.46048737 127.8024368
vertex 67.54723358 25.51006317 129.7676392

endloop
endfacet
facet normal 0.1239533052 -0.7345939279 0.6670886874
outer loop
vertex 64.04567719 24.62119293 129.4394531
vertex 67.54723358 25.51006317 129.7676392
vertex 63.13373566 25.95716095 131.0800629

endloop
endfacet
facet normal 0.0965064764 -0.7971019149 0.5960831642
outer loop
vertex 63.13373566 25.95716095 131.0800629
vertex 67.54723358 25.51006317 129.7676392
vertex 66.32720184 26.64110565 131.4776306

endloop
endfacet
facet normal 0.02547014505 -0.5886093974 0.808016181
outer loop
vertex 63.13375092 25.95717621 131.0800781
vertex 66.32723236 26.64110565 131.4776306
vertex 62.07384491 27.78525543 132.4451752

endloop
endfacet
facet normal 0.0395183973 -0.5554764867 0.8305926323
outer loop
vertex 62.07384491 27.78525543 132.4451752
vertex 66.32723236 26.64110565 131.4776306
vertex 65.2312851 28.37909698 132.6920929

endloop
endfacet
facet normal 0.0371838212 -0.5457726121 0.8371077776
outer loop
vertex 62.07384491 27.78525543 132.4451752
vertex 65.2312851 28.37909698 132.6920929
vertex 60.84217072 30.59812164 134.3338013

endloop
endfacet
facet normal 0.163643986 -0.3567783833 0.9197444916
outer loop
vertex 60.84217072 30.59812164 134.3338013
vertex 65.2312851 28.37909698 132.6920929
vertex 63.94930267 31.2363205 134.0285339

endloop
endfacet
facet normal 0.2028632611 -0.6284819841 0.750903964
outer loop
vertex 60.84217072 30.59812164 134.3338013
vertex 63.94930267 31.2363205 134.0285339
vertex 59.68979645 34.71846771 138.0937195

endloop
endfacet
facet normal 0.3359300494 -0.5120121241 0.7905659676
outer loop
vertex 59.68979645 34.71846771 138.0937195
vertex 63.94930267 31.2363205 134.0285339
vertex 61.92649078 35.19838715 137.4541168

endloop
endfacet
facet normal 0.3366399705 -0.5699381828 0.7495625019
outer loop
vertex 59.68981171 34.71849823 138.09375
vertex 61.92650604 35.1984024 137.4541168
vertex 58.89189911 40.23389435 142.6457977

endloop
endfacet
facet normal 0.344568938 -0.565168798 0.7495709062
outer loop
vertex 58.89189911 40.23389435 142.6457977
vertex 61.92650604 35.1984024 137.4541168
vertex 59.54393768 40.24112701 142.3515167

endloop
endfacet
facet normal 0.4028320909 -0.2257057875 0.8870080709
outer loop
vertex 58.89189911 40.23389435 142.6457977
vertex 59.54393768 40.24112701 142.3515167
vertex 56.1623764 46.59426117 145.5038452

endloop
endfacet
facet normal 0.3167845309 -0.2809033394 0.9059474468
outer loop
vertex 56.1623764 46.59426117 145.5038452
vertex 59.54393768 40.24112701 142.3515167
vertex 56.77329254 46.87549591 145.3774261

endloop
endfacet
facet normal 0.2711241543 -0.1624691039 0.9487336874
outer loop
vertex 56.16234589 46.59426117 145.50383
vertex 56.77324677 46.87549591 145.3774109
vertex 52.0956955 60.56044769 149.057663

endloop
endfacet
facet normal 0.1950974613 -0.1885942072 0.9624807835
outer loop
vertex 52.0956955 60.56044769 149.057663
vertex 56.77324677 46.87549591 145.3774109
vertex 52.09571075 60.56046295 149.057663

endloop
endfacet
facet normal -0.8277660012 -0.0695925951 0.5567407608
outer loop
vertex 76.23400116 15.21147919 48.43407059
vertex 76.23400116 15.21144867 48.43406677
vertex 79.5767746 4.749015808 52.09632111

endloop
endfacet
facet normal 0.1626190394 -0.2792963088 -0.946334362
outer loop
vertex 79.5767746 4.749015808 52.09632111
vertex 76.23400116 15.21144867 48.43406677
vertex 80.7604599 5.468056202 52.08751297

endloop
endfacet
facet normal 0.4346698523 -0.7221459746 -0.5381145477
outer loop
vertex 79.5767746 4.749015808 52.09632111
vertex 80.7604599 5.468056202 52.08751297
vertex 80.04299164 3.068993092 54.72749329

endloop
endfacet
facet normal 0.3373854458 -0.7404997349 -0.5812324286
outer loop
vertex 80.04299164 3.068993092 54.72749329
vertex 80.7604599 5.468056202 52.08751297
vertex 81.74111176 3.859961987 54.7054863

endloop
endfacet
facet normal 0.402528286 -0.8719376922 -0.278739512
outer loop
vertex 80.04299164 3.068993092 54.72749329
vertex 81.74111176 3.859961987 54.7054863
vertex 80.3420639 2.441886902 57.12106323

endloop
endfacet
facet normal 0.3829297721 -0.8762133121 -0.2926005423
outer loop
vertex 80.3420639 2.441886902 57.12106323
vertex 81.74111176 3.859961987 54.7054863
vertex 82.3106308 3.310508966 57.09619904

endloop
endfacet
facet normal 0.4014588594 -0.9121826291 -0.08217960596
outer loop
vertex 80.3420639 2.441886902 57.12106323
vertex 82.3106308 3.310508966 57.09619904
vertex 80.52285004 2.30678606 59.50382996

endloop
endfacet
facet normal 0.3952162862 -0.9143887162 -0.08773465455
outer loop
vertex 80.52285004 2.30678606 59.50382996
vertex 82.3106308 3.310508966 57.09619904
vertex 82.69033051 3.24593401 59.47963715

endloop
endfacet
facet normal 0.3957516849 -0.9152945876 -0.07494263351
outer loop
vertex 80.52285004 2.30678606 59.50382996
vertex 82.69033051 3.24593401 59.47963715
vertex 80.51061249 2.106758118 61.88220215

endloop
endfacet
facet normal 0.4856732488 -0.8737434149 0.02633989416
outer loop
vertex 80.51061249 2.106758118 61.88220215
vertex 82.69033051 3.24593401 59.47963715
vertex 82.72667694 3.337959051 61.86209869

endloop
endfacet
facet normal 0.4842536449 -0.8726674318 -0.06284984946
outer loop
vertex 80.51058197 2.106758118 61.88219833
vertex 82.72667694 3.337944031 61.86209106
vertex 80.61302948 1.993049979 64.25038147

endloop
endfacet
facet normal 0.5848053098 -0.8087925315 0.06210799515
outer loop
vertex 80.61302948 1.993049979 64.25038147
vertex 82.72667694 3.337944031 61.86209106
vertex 82.82350922 3.590569019 64.24009705

endloop
endfacet
facet normal 0.5853025913 -0.8101130724 -0.03372793645
outer loop
vertex 80.61302948 1.99308002 64.2503891
vertex 82.82350922 3.590569019 64.24009705
vertex 80.86467743 2.076775074 66.60712433

endloop
endfacet
facet normal 0.6326169372 -0.7739380002 0.02856220677
outer loop
vertex 80.86467743 2.076775074 66.60712433
vertex 82.82350922 3.590569019 64.24009705
vertex 83.11638641 3.91759491 66.61451721

endloop
endfacet
facet normal 0.6329210997 -0.7742089629 0.003392710816
outer loop
vertex 80.86464691 2.07674408 66.6071167
vertex 83.1163559 3.917563915 66.61450958
vertex 81.23574066 2.390465021 68.96880341

endloop
endfacet
facet normal 0.6280284524 -0.7781842351 -0.003094146028
outer loop
vertex 81.23574066 2.390465021 68.96880341
vertex 83.1163559 3.917563915 66.61450958
vertex 83.60988617 4.306435108 68.98595428

endloop
endfacet
facet normal 0.6280282736 -0.7781845331 -0.003039662493
outer loop
vertex 81.23574066 2.390465021 68.96880341
vertex 83.60988617 4.306435108 68.98595428
vertex 81.82894135 2.859977961 71.33060455

endloop
endfacet
facet normal 0.6120018363 -0.7905268073 -0.02282717638
outer loop
vertex 81.82894135 2.859977961 71.33060455
vertex 83.60988617 4.306435108 68.98595428
vertex 84.3670578 4.824409008 71.34796906

endloop
endfacet
facet normal 0.6119707227 -0.7907925844 0.01178677566
outer loop
vertex 81.82894135 2.859977961 71.33060455
vertex 84.3670578 4.824409008 71.34796906
vertex 82.24971771 3.220695019 73.68490601

endloop
endfacet
facet normal 0.6234462857 -0.7813403606 0.02867059037
outer loop
vertex 82.24971771 3.220695019 73.68490601
vertex 84.3670578 4.824409008 71.34796906
vertex 84.88286591 5.322638988 73.70957184

endloop
endfacet
facet normal 0.6227805018 -0.7807629108 0.05053395405
outer loop
vertex 82.24971771 3.220695019 73.68490601
vertex 84.88286591 5.322638988 73.70957184
vertex 82.47676849 3.555335999 76.05702209

endloop
endfacet
facet normal 0.6201210618 -0.7831559777 0.04600639269
outer loop
vertex 82.47676849 3.555335999 76.05702209
vertex 84.88286591 5.322638988 73.70957184
vertex 85.17980194 5.697441101 76.08733368

endloop
endfacet
facet normal 0.6211310029 -0.7836651206 -0.008074576035
outer loop
vertex 82.47676849 3.555335999 76.05702209
vertex 85.17980194 5.697441101 76.08733368
vertex 83.08037567 4.009056091 78.45398712

endloop
endfacet
facet normal 0.5873122811 -0.8074848056 -0.05506775528
outer loop
vertex 83.08037567 4.009056091 78.45398712
vertex 85.17980194 5.697441101 76.08733368
vertex 85.90071869 6.058448792 78.48247528

endloop
endfacet
facet normal 0.5841519237 -0.8053207397 0.1011198387
outer loop
vertex 83.08034515 4.009056091 78.45397949
vertex 85.90071869 6.05843401 78.48246002
vertex 83.62566376 4.706855774 80.8610611

endloop
endfacet
facet normal 0.535961926 -0.8435857892 0.03328457847
outer loop
vertex 83.62566376 4.706855774 80.8610611
vertex 85.90071869 6.05843401 78.48246002
vertex 86.60823822 6.602668762 80.88312531

endloop
endfacet
facet normal 0.5361077189 -0.8437354565 0.02644041553
outer loop
vertex 83.62566376 4.706855774 80.8610611
vertex 86.60823822 6.602668762 80.88312531
vertex 84.03221893 5.040581226 83.26717377

endloop
endfacet
facet normal 0.5357621908 -0.8439711332 0.02591262758
outer loop
vertex 84.03221893 5.040581226 83.26717377
vertex 86.60823822 6.602668762 80.88312531
vertex 87.12563324 7.004845142 83.28444672

endloop
endfacet
facet normal 0.5306326747 -0.836848557 0.1345866024
outer loop
vertex 84.03221893 5.040581226 83.26717377
vertex 87.12563324 7.004845142 83.28444672
vertex 83.77736664 5.266426086 85.6762619

endloop
endfacet
facet normal 0.5006260872 -0.8625003695 0.07393653691
outer loop
vertex 83.77736664 5.266426086 85.6762619
vertex 87.12563324 7.004845142 83.28444672
vertex 87.12560272 7.210503101 85.68373871

endloop
endfacet
facet normal 0.4894834161 -0.843870461 0.2197467089
outer loop
vertex 83.77736664 5.266426086 85.6762619
vertex 87.12560272 7.210503101 85.68373871
vertex 82.10124969 4.9272542 88.10730743

endloop
endfacet
facet normal 0.4419647455 -0.8939721584 0.07403378934
outer loop
vertex 82.10124969 4.9272542 88.10730743
vertex 87.12560272 7.210503101 85.68373871
vertex 86.01280975 6.859032154 88.08277893

endloop
endfacet
facet normal 0.4287148118 -0.864762485 0.261513859
outer loop
vertex 82.10128021 4.927268982 88.10731506
vertex 86.01284027 6.859046936 88.08278656
vertex 82.93682098 6.06778717 90.5089798

endloop
endfacet
facet normal 0.4542835951 -0.8378511071 0.3027076423
outer loop
vertex 82.93682098 6.06778717 90.5089798
vertex 86.01284027 6.859046936 88.08278656
vertex 86.78173065 8.137657166 90.46789551

endloop
endfacet
facet normal 0.4528935552 -0.8350785375 0.3122997582
outer loop
vertex 82.93682098 6.06778717 90.5089798
vertex 86.78173065 8.137657166 90.46789551
vertex 83.94322968 7.501976013 92.88446808

endloop
endfacet
facet normal 0.4896739423 -0.7908405066 0.367138803
outer loop
vertex 83.94322968 7.501976013 92.88446808
vertex 86.78173065 8.137657166 90.46789551
vertex 87.63549042 9.770744324 92.84696198

endloop
endfacet
facet normal 0.4850278795 -0.782907784 0.3896195889
outer loop
vertex 83.94322968 7.501976013 92.88446808
vertex 87.63549042 9.770744324 92.84696198
vertex 84.71141815 9.150123596 95.2399826

endloop
endfacet
facet normal 0.4972347021 -0.7650794387 0.4091590643
outer loop
vertex 84.71141815 9.150123596 95.2399826
vertex 87.63549042 9.770744324 92.84696198
vertex 88.32393646 11.48755646 95.22055817

endloop
endfacet
facet normal 0.4920206666 -0.7568459511 0.4302323759
outer loop
vertex 84.71141815 9.150123596 95.2399826
vertex 88.32393646 11.48755646 95.22055817
vertex 85.28810883 10.86466217 97.59661102

endloop
endfacet
facet normal 0.4871644974 -0.7645830512 0.4219994247
outer loop
vertex 85.28810883 10.86466217 97.59661102
vertex 88.32393646 11.48755646 95.22055817
vertex 88.87267303 13.14557552 97.5911026

endloop
endfacet
facet normal 0.466057986 -0.7312294245 0.4980898499
outer loop
vertex 85.28810883 10.86466217 97.59661102
vertex 88.87267303 13.14557552 97.5911026
vertex 85.32933807 12.50307465 99.96333313

endloop
endfacet
facet normal 0.4361243546 -0.7857586741 0.4386100769
outer loop
vertex 85.32933807 12.50307465 99.96333313
vertex 88.87267303 13.14557552 97.5911026
vertex 88.99633026 14.53717804 99.96116638

endloop
endfacet
facet normal 0.4198749065 -0.7563977242 0.5015651584
outer loop
vertex 85.32933807 12.50307465 99.96333313
vertex 88.99633026 14.53717804 99.96116638
vertex 85.05315399 13.9202652 102.3317642

endloop
endfacet
facet normal 0.3843957782 -0.8188462257 0.4262990057
outer loop
vertex 85.05315399 13.9202652 102.3317642
vertex 88.99633026 14.53717804 99.96116638
vertex 88.80550385 15.68123627 102.3307724

endloop
endfacet
facet normal 0.3852103949 -0.8205911517 0.4221884608
outer loop
vertex 85.05312347 13.9202652 102.3317642
vertex 88.80550385 15.68123627 102.3307724
vertex 84.01222992 14.65117645 104.7021332

endloop
endfacet
facet normal 0.3512897789 -0.8764177561 0.3293743432
outer loop
vertex 84.01222992 14.65117645 104.7021332
vertex 88.80550385 15.68123627 102.3307724
vertex 87.93340302 16.22309113 104.7026978

endloop
endfacet
facet normal 0.3252597749 -0.8115414977 0.4853931069
outer loop
vertex 84.01222992 14.65117645 104.7021332
vertex 87.93340302 16.22309113 104.7026978
vertex 81.88445282 15.21598053 107.072258

endloop
endfacet
facet normal 0.2549388111 -0.9329214096 0.2542907894
outer loop
vertex 81.88445282 15.21598053 107.072258
vertex 87.93340302 16.22309113 104.7026978
vertex 86.11138153 16.37192535 107.0753937

endloop
endfacet
facet normal 0.2152437717 -0.7886415124 0.5759468675
outer loop
vertex 81.88445282 15.21598053 107.072258
vertex 86.11138153 16.37192535 107.0753937
vertex 78.98812103 16.15676117 109.4428864

endloop
endfacet
facet normal 0.1026552469 -0.9699203968 0.2207178921
outer loop
vertex 78.98812103 16.15676117 109.4428864
vertex 86.11138153 16.37192535 107.0753937
vertex 83.50740814 16.63599396 109.4469147

endloop
endfacet
facet normal 0.08970514685 -0.8503015041 0.518594563
outer loop
vertex 78.98812103 16.15677643 109.442894
vertex 83.50740814 16.63600922 109.4469223
vertex 76.75643158 17.36833954 111.8154373

endloop
endfacet
facet normal -0.0002443791891 -0.9555711746 0.2947601974
outer loop
vertex 76.75643158 17.36833954 111.8154373
vertex 83.50740814 16.63600922 109.4469223
vertex 81.43169403 17.36840057 111.8195114

endloop
endfacet
facet normal -0.0003461792076 -0.9116719365 0.4109187722
outer loop
vertex 76.75643158 17.36833954 111.8154373
vertex 81.43169403 17.36840057 111.8195114
vertex 76.72963715 18.43733978 114.1871185

endloop
endfacet
facet normal 0.05987808853 -0.85980165 0.5071051717
outer loop
vertex 76.72963715 18.43733978 114.1871185
vertex 81.43169403 17.36840057 111.8195114
vertex 81.19554901 18.75197601 114.1932602

endloop
endfacet
facet normal 0.06599962711 -0.9431142807 0.3258520663
outer loop
vertex 76.72960663 18.43730927 114.1871109
vertex 81.19551849 18.75196075 114.1932602
vertex 76.92665863 19.26967621 116.5563202

endloop
endfacet
facet normal 0.1094274148 -0.9111413956 0.3972994089
outer loop
vertex 76.92665863 19.26967621 116.5563202
vertex 81.19551849 18.75196075 114.1932602
vertex 81.15032196 19.7816391 116.5671082

endloop
endfacet
facet normal 0.1094067395 -0.9109788537 0.3976777792
outer loop
vertex 76.92665863 19.26967621 116.5563202
vertex 81.15032196 19.7816391 116.5671082
vertex 75.84642792 20.16837311 118.9121933

endloop
endfacet
facet normal 0.1045572758 -0.9159113765 0.3875231147
outer loop
vertex 75.84642792 20.16837311 118.9121933
vertex 81.15032196 19.7816391 116.5671082
vertex 80.04488373 20.65872955 118.9383698

endloop
endfacet
facet normal 0.09497478604 -0.8415644169 0.5317416787
outer loop
vertex 75.84642792 20.16837311 118.9121933
vertex 80.04488373 20.65872955 118.9383698
vertex 73.93489838 21.42040253 121.2351456

endloop
endfacet
facet normal 0.09532216191 -0.8410487771 0.5324947834
outer loop
vertex 73.93489838 21.42040253 121.2351456
vertex 80.04488373 20.65872955 118.9383698
vertex 78.0087204 21.92005157 121.2950592

endloop
endfacet
facet normal 0.09515022486 -0.8398963809 0.5343410969
outer loop
vertex 73.93492889 21.42043304 121.2351608
vertex 78.0087204 21.92006683 121.2950821
vertex 71.77632904 22.6145401 123.4964828

endloop
endfacet
facet normal 0.1223539189 -0.7931492329 0.5966103077
outer loop
vertex 71.77632904 22.6145401 123.4964828
vertex 78.0087204 21.92006683 121.2950821
vertex 75.76015472 23.31845856 123.6152802

endloop
endfacet
facet normal 0.1400316954 -0.8717477322 0.4695180357
outer loop
vertex 71.77632904 22.6145401 123.4964828
vertex 75.76015472 23.31845856 123.6152802
vertex 69.97234344 23.5063858 125.6903915

endloop
endfacet
facet normal 0.1755108386 -0.8078246117 0.5626859069
outer loop
vertex 69.97234344 23.5063858 125.6903915
vertex 75.76015472 23.31845856 123.6152802
vertex 73.77651215 24.45894623 125.8713608

endloop
endfacet
facet normal 0.1886509955 -0.8476198316 0.4959347546
outer loop
vertex 69.97234344 23.5063858 125.6903915
vertex 73.77651215 24.45894623 125.8713608
vertex 68.70693207 24.46048737 127.8024368

endloop
endfacet
facet normal 0.2142013311 -0.7982359529 0.5629716516
outer loop
vertex 68.70693207 24.46048737 127.8024368
vertex 73.77651215 24.45894623 125.8713608
vertex 72.31972504 25.60871124 128.0558929

endloop
endfacet
facet normal 0.2160517126 -0.8025335073 0.5561130047
outer loop
vertex 68.70693207 24.46048737 127.8024368
vertex 72.31972504 25.6087265 128.0558929
vertex 67.54723358 25.51006317 129.7676392

endloop
endfacet
facet normal 0.226339668 -0.7778947353 0.5862168074
outer loop
vertex 67.54723358 25.51006317 129.7676392
vertex 72.31972504 25.6087265 128.0558929
vertex 70.96297455 26.76294708 130.1113586

endloop
endfacet
facet normal 0.2076267004 -0.7411884665 0.6383814812
outer loop
vertex 67.54723358 25.51006317 129.7676392
vertex 70.96297455 26.76294708 130.1113586
vertex 66.32720184 26.64110565 131.4776306

endloop
endfacet
facet normal 0.1971808523 -0.7754064798 0.5998871326
outer loop
vertex 66.32720184 26.64110565 131.4776306
vertex 70.96297455 26.76294708 130.1113586
vertex 69.62895966 27.84145355 131.9439087

endloop
endfacet
facet normal 0.0770425573 -0.537986517 0.839425385
outer loop
vertex 66.32723236 26.64110565 131.4776306
vertex 69.62895966 27.84146881 131.9439087
vertex 65.2312851 28.37909698 132.6920929

endloop
endfacet
facet normal 0.05267870426 -0.6380937696 0.7681543827
outer loop
vertex 65.2312851 28.37909698 132.6920929
vertex 69.62895966 27.84146881 131.9439087
vertex 68.46068573 29.45404816 133.3635712

endloop
endfacet
facet normal -0.04080542177 -0.4382953942 0.8979042768
outer loop
vertex 65.2312851 28.37909698 132.6920929
vertex 68.46068573 29.45404816 133.3635712
vertex 63.94930267 31.2363205 134.0285339

endloop
endfacet
facet normal -0.04750742391 -0.4524971843 0.8904995322
outer loop
vertex 63.94930267 31.2363205 134.0285339
vertex 68.46068573 29.45404816 133.3635712
vertex 66.91280365 32.13669586 134.6441498

endloop
endfacet
facet normal 0.03639567271 -0.6429040432 0.7650815248
outer loop
vertex 63.94930267 31.2363205 134.0285339
vertex 66.91280365 32.13669586 134.6441498
vertex 61.92649078 35.19838715 137.4541168

endloop
endfacet
facet normal 0.1079443395 -0.5710684657 0.8137744069
outer loop
vertex 61.92649078 35.19838715 137.4541168
vertex 66.91280365 32.13669586 134.6441498
vertex 64.48799896 35.91313934 137.615921

endloop
endfacet
facet normal 0.1362552196 -0.656316936 0.7420799732
outer loop
vertex 61.92650604 35.1984024 137.4541168
vertex 64.48802948 35.9131546 137.6159363
vertex 59.54393768 40.24112701 142.3515167

endloop
endfacet
facet normal 0.2233115882 -0.5921152234 0.774294138
outer loop
vertex 59.54393768 40.24112701 142.3515167
vertex 64.48802948 35.9131546 137.6159363
vertex 61.56069183 40.95886993 142.3187408

endloop
endfacet
facet normal 0.1432887018 -0.360532105 0.9216750264
outer loop
vertex 59.54393768 40.24112701 142.3515167
vertex 61.56069183 40.95886993 142.3187408
vertex 56.77329254 46.87549591 145.3774261

endloop
endfacet
facet normal 0.1642436832 -0.3448666036 0.9241704345
outer loop
vertex 56.77329254 46.87549591 145.3774261
vertex 61.56069183 40.95886993 142.3187408
vertex 58.2452774 47.46596527 145.3361664

endloop
endfacet
facet normal 0.1157419905 -0.2208707631 0.9684109688
outer loop
vertex 56.77324677 46.87549591 145.3774109
vertex 58.24523163 47.46595001 145.3361511
vertex 52.09571075 60.56046295 149.057663

endloop
endfacet
facet normal -0.190102011 0.190102011 -0.9631835222
outer loop
vertex 52.09571075 60.56046295 149.057663
vertex 58.24523163 47.46595001 145.3361511
vertex 52.0956955 60.56044769 149.057663

endloop
endfacet
facet normal -0 0.3510959446 0.936339438
outer loop
vertex 76.23403168 15.21146393 48.43406677
vertex 76.23400116 15.21146393 48.43406677
vertex 80.7604599 5.468070984 52.08751297

endloop
endfacet
facet normal 0.1779644042 -0.2719356418 -0.9457165003
outer loop
vertex 80.7604599 5.468070984 52.08751297
vertex 76.23400116 15.21146393 48.43406677
vertex 81.93996429 6.24718523 52.08544159

endloop
endfacet
facet normal 0.4467789531 -0.67793262 -0.5837773085
outer loop
vertex 80.7604599 5.468070984 52.08751297
vertex 81.93996429 6.24718523 52.08544159
vertex 81.74111176 3.859977961 54.7054863

endloop
endfacet
facet normal 0.4255844653 -0.6847531796 -0.5916002989
outer loop
vertex 81.74111176 3.859977961 54.7054863
vertex 81.93996429 6.24718523 52.08544159
vertex 83.28203583 4.827721119 54.69387054

endloop
endfacet
facet normal 0.5047127604 -0.8073174953 -0.3057834506
outer loop
vertex 81.74111176 3.859977961 54.7054863
vertex 83.28203583 4.827721119 54.69387054
vertex 82.31066132 3.310523987 57.09620667

endloop
endfacet
facet normal 0.5331576467 -0.7958366871 -0.2870311737
outer loop
vertex 82.31066132 3.310523987 57.09620667
vertex 83.28203583 4.827721119 54.69387054
vertex 84.03487396 4.471518993 57.07988358

endloop
endfacet
facet normal 0.554379344 -0.8248736858 -0.1106654555
outer loop
vertex 82.31066132 3.310523987 57.09620667
vertex 84.03487396 4.471518993 57.07988358
vertex 82.69036102 3.24594903 59.47964096

endloop
endfacet
facet normal 0.5695855021 -0.8161084652 -0.09766946733
outer loop
vertex 82.69036102 3.24594903 59.47964096
vertex 84.03487396 4.471518993 57.07988358
vertex 84.53032684 4.532035828 59.46358109

endloop
endfacet
facet normal 0.5728812814 -0.8193179369 0.02291494794
outer loop
vertex 82.69036102 3.24594903 59.47964096
vertex 84.53032684 4.532035828 59.46358109
vertex 82.72667694 3.337975025 61.86209869

endloop
endfacet
facet normal 0.6311810613 -0.7702576518 0.09117931128
outer loop
vertex 82.72667694 3.337975025 61.86209869
vertex 84.53032684 4.532035828 59.46358109
vertex 84.66326141 4.923072815 61.84672546

endloop
endfacet
facet normal 0.6326592565 -0.7723820806 0.05628656596
outer loop
vertex 82.72667694 3.337959051 61.86209488
vertex 84.6632309 4.923072815 61.84672165
vertex 82.82350922 3.590569019 64.24009705

endloop
endfacet
facet normal 0.6564812064 -0.7492533922 0.08747468144
outer loop
vertex 82.82350922 3.590569019 64.24009705
vertex 84.6632309 4.923072815 61.84672165
vertex 84.90215302 5.410393238 64.22773743

endloop
endfacet
facet normal 0.6586171389 -0.7521466017 0.02234065905
outer loop
vertex 82.82350922 3.59058404 64.24009705
vertex 84.90218353 5.41040802 64.22773743
vertex 83.11641693 3.91759491 66.61451721

endloop
endfacet
facet normal 0.6429389119 -0.765914917 0.001998924417
outer loop
vertex 83.11641693 3.91759491 66.61451721
vertex 84.90218353 5.41040802 64.22773743
vertex 85.36992645 5.809257984 66.60653687

endloop
endfacet
facet normal 0.6428973079 -0.7659084201 -0.008201607503
outer loop
vertex 83.11638641 3.917563915 66.61451721
vertex 85.36989594 5.80922699 66.60653687
vertex 83.60991669 4.306435108 68.98595428

endloop
endfacet
facet normal 0.6576096416 -0.7532835007 0.01065431163
outer loop
vertex 83.60991669 4.306435108 68.98595428
vertex 85.36989594 5.80922699 66.60653687
vertex 85.95110321 6.350257874 68.98511505

endloop
endfacet
facet normal 0.6569527388 -0.7525539994 -0.04555876553
outer loop
vertex 83.60991669 4.306435108 68.98595428
vertex 85.95110321 6.350257874 68.98511505
vertex 84.36708832 4.82442522 71.34796906

endloop
endfacet
facet normal 0.6824896932 -0.7307540774 -0.01436171774
outer loop
vertex 84.36708832 4.82442522 71.34796906
vertex 85.95110321 6.350257874 68.98511505
vertex 86.69689178 7.000069141 71.36231995

endloop
endfacet
facet normal 0.6824869514 -0.7308797836 0.005134103354
outer loop
vertex 84.36708832 4.82442522 71.34796906
vertex 86.69689178 7.000069141 71.36231995
vertex 84.88289642 5.322669983 73.70957184

endloop
endfacet
facet normal 0.6573495269 -0.7529848814 -0.03008930571
outer loop
vertex 84.88289642 5.322669983 73.70957184
vertex 86.69689178 7.000069141 71.36231995
vertex 87.30821991 7.438713074 73.7407074

endloop
endfacet
facet normal 0.6567169428 -0.7532428503 0.03671593592
outer loop
vertex 84.88289642 5.322669983 73.70957184
vertex 87.30821991 7.438713074 73.7407074
vertex 85.17983246 5.697455883 76.08733368

endloop
endfacet
facet normal 0.6242995858 -0.7810711861 -0.0133358743
outer loop
vertex 85.17983246 5.697455883 76.08733368
vertex 87.30821991 7.438713074 73.7407074
vertex 87.78664398 7.780403137 76.12493134

endloop
endfacet
facet normal 0.6233145595 -0.7788115144 -0.07022549957
outer loop
vertex 85.17983246 5.697455883 76.08733368
vertex 87.78664398 7.780403137 76.12493134
vertex 85.90074921 6.05846405 78.48248291

endloop
endfacet
facet normal 0.6538790464 -0.7560377121 -0.02914204448
outer loop
vertex 85.90074921 6.05846405 78.48248291
vertex 87.78664398 7.780403137 76.12493134
vertex 88.51442719 8.317695618 78.51559448

endloop
endfacet
facet normal 0.6539515257 -0.7562365532 -0.02129949816
outer loop
vertex 85.90071869 6.058448792 78.48246765
vertex 88.51439667 8.317680359 78.51557922
vertex 86.60826874 6.602684021 80.88312531

endloop
endfacet
facet normal 0.6426135302 -0.765296936 -0.0369909741
outer loop
vertex 86.60826874 6.602684021 80.88312531
vertex 88.51439667 8.317680359 78.51557922
vertex 89.32726288 8.884773254 80.90438843

endloop
endfacet
facet normal 0.6428970695 -0.7658840418 -0.01024106331
outer loop
vertex 86.60826874 6.602684021 80.88312531
vertex 89.32726288 8.884773254 80.90438843
vertex 87.12563324 7.004859924 83.28444672

endloop
endfacet
facet normal 0.6206011772 -0.7828747034 -0.04428577051
outer loop
vertex 87.12563324 7.004859924 83.28444672
vertex 89.32726288 8.884773254 80.90438843
vertex 89.97801971 9.265586853 83.29186249

endloop
endfacet
facet normal 0.6196360588 -0.7820221186 0.06702704728
outer loop
vertex 87.12563324 7.004859924 83.28444672
vertex 89.97801971 9.265586853 83.29186249
vertex 87.12563324 7.210503101 85.68373871

endloop
endfacet
facet normal 0.6032783389 -0.7967690229 0.03484952822
outer loop
vertex 87.12563324 7.210503101 85.68373871
vertex 89.97801971 9.265586853 83.29186249
vertex 90.16637421 9.512641907 85.67971802

endloop
endfacet
facet normal 0.5958635211 -0.786754787 0.1611322761
outer loop
vertex 87.12563324 7.210503101 85.68373871
vertex 90.16637421 9.512641907 85.67971802
vertex 86.01284027 6.859046936 88.08277893

endloop
endfacet
facet normal 0.5533772111 -0.8320795298 0.03764741868
outer loop
vertex 86.01284027 6.859046936 88.08277893
vertex 90.16637421 9.512641907 85.67971802
vertex 89.53920746 9.203590393 88.06777954

endloop
endfacet
facet normal 0.5356305838 -0.8039701581 0.2583251595
outer loop
vertex 86.01287079 6.859046936 88.08277893
vertex 89.53923798 9.203605652 88.06777954
vertex 86.78176117 8.137672424 90.46789551

endloop
endfacet
facet normal 0.5508203506 -0.7846973538 0.2843359709
outer loop
vertex 86.78176117 8.137672424 90.46789551
vertex 89.53923798 9.203605652 88.06777954
vertex 90.25045013 10.56719208 90.45317078

endloop
endfacet
facet normal 0.5414991379 -0.7710822821 0.3349789083
outer loop
vertex 86.78176117 8.137672424 90.46789551
vertex 90.25045013 10.56719208 90.45317078
vertex 87.63552094 9.770759583 92.84695435

endloop
endfacet
facet normal 0.5553682446 -0.7511986494 0.3567446768
outer loop
vertex 87.63552094 9.770759583 92.84695435
vertex 90.25045013 10.56719208 90.45317078
vertex 91.01094818 12.26013947 92.83409882

endloop
endfacet
facet normal 0.5502789021 -0.7441846728 0.3786585033
outer loop
vertex 87.63552094 9.770759583 92.84695435
vertex 91.01094818 12.26013947 92.83409882
vertex 88.32396698 11.48757172 95.2205658

endloop
endfacet
facet normal 0.5649415851 -0.7200292945 0.4029873013
outer loop
vertex 88.32396698 11.48757172 95.2205658
vertex 91.01094818 12.26013947 92.83409882
vertex 91.6163559 14.06414032 95.20864868

endloop
endfacet
facet normal 0.5715865493 -0.7286390662 0.3773247898
outer loop
vertex 88.32396698 11.48757172 95.2205658
vertex 91.6163559 14.06414032 95.20864868
vertex 88.87267303 13.14559174 97.59111023

endloop
endfacet
facet normal 0.5740427375 -0.724363327 0.3818019032
outer loop
vertex 88.87267303 13.14559174 97.59111023
vertex 91.6163559 14.06414032 95.20864868
vertex 92.17681122 15.75865936 97.58087921

endloop
endfacet
facet normal 0.5710690618 -0.7205582261 0.393288672
outer loop
vertex 88.87267303 13.14559174 97.59111023
vertex 92.17681122 15.75865936 97.58087921
vertex 88.99633026 14.5371933 99.96115875

endloop
endfacet
facet normal 0.5533282161 -0.7549674511 0.3519262075
outer loop
vertex 88.99633026 14.5371933 99.96115875
vertex 92.17681122 15.75865936 97.58087921
vertex 92.4068222 17.03316498 99.95336151

endloop
endfacet
facet normal 0.5417671204 -0.7390187979 0.4004241526
outer loop
vertex 88.99633026 14.5371933 99.96115875
vertex 92.4068222 17.03316498 99.95336151
vertex 88.80553436 15.68125153 102.3307648

endloop
endfacet
facet normal 0.529319346 -0.7650523782 0.366764307
outer loop
vertex 88.80553436 15.68125153 102.3307648
vertex 92.4068222 17.03316498 99.95336151
vertex 92.27150726 18.07660675 102.3252182

endloop
endfacet
facet normal 0.5288167 -0.7643082738 0.3690336049
outer loop
vertex 88.80553436 15.68125153 102.3307648
vertex 92.27147675 18.07662201 102.3252182
vertex 87.93343353 16.22310638 104.7027054

endloop
endfacet
facet normal 0.5177910924 -0.7896496058 0.329159379
outer loop
vertex 87.93343353 16.22310638 104.7027054
vertex 92.27147675 18.07662201 102.3252182
vertex 91.5651474 18.60245514 104.6977921

endloop
endfacet
facet normal 0.495680958 -0.7556975484 0.4280439913
outer loop
vertex 87.93343353 16.22310638 104.7027054
vertex 91.5651474 18.60245514 104.6977921
vertex 86.11141205 16.37194061 107.0753937

endloop
endfacet
facet normal 0.4692197442 -0.8321185708 0.2956541479
outer loop
vertex 86.11141205 16.37194061 107.0753937
vertex 91.5651474 18.60245514 104.6977921
vertex 90.04680634 18.58971405 107.0716248

endloop
endfacet
facet normal 0.4145517647 -0.734701097 0.5369926095
outer loop
vertex 86.11141205 16.37194061 107.0753937
vertex 90.04680634 18.58971405 107.0716248
vertex 83.50743866 16.63600922 109.4469223

endloop
endfacet
facet normal 0.3717570901 -0.8780985475 0.3012299836
outer loop
vertex 83.50743866 16.63600922 109.4469223
vertex 90.04680634 18.58971405 107.0716248
vertex 87.7781601 18.44361115 109.4455338

endloop
endfacet
facet normal 0.3306186199 -0.7807248831 0.5302452445
outer loop
vertex 83.50743866 16.63602448 109.4469299
vertex 87.7781601 18.4436264 109.4455338
vertex 81.43172455 17.36840057 111.819519

endloop
endfacet
facet normal 0.2780657709 -0.899975419 0.3357433975
outer loop
vertex 81.43172455 17.36840057 111.819519
vertex 87.7781601 18.4436264 109.4455338
vertex 85.90807343 18.75145721 111.8195114

endloop
endfacet
facet normal 0.2546633184 -0.8242309093 0.5057567954
outer loop
vertex 81.43172455 17.36840057 111.819519
vertex 85.90807343 18.75145721 111.8195114
vertex 81.19554901 18.75199127 114.1932755

endloop
endfacet
facet normal 0.2554342747 -0.823051095 0.5072870851
outer loop
vertex 81.19554901 18.75199127 114.1932755
vertex 85.90807343 18.75145721 111.8195114
vertex 85.51088715 20.09148407 114.1936417

endloop
endfacet
facet normal 0.2733013332 -0.8805731535 0.3871658146
outer loop
vertex 81.19551849 18.75196075 114.1932755
vertex 85.51088715 20.09146881 114.193634
vertex 81.15032196 19.78165436 116.5671234

endloop
endfacet
facet normal 0.3067644536 -0.8362983465 0.454423368
outer loop
vertex 81.15032196 19.78165436 116.5671234
vertex 85.51088715 20.09146881 114.193634
vertex 85.13207245 21.24256134 116.5677719

endloop
endfacet
facet normal 0.3070553243 -0.8370904326 0.4527654946
outer loop
vertex 81.15032196 19.78165436 116.5671234
vertex 85.13207245 21.24256134 116.5677719
vertex 80.04488373 20.65872955 118.9383774

endloop
endfacet
facet normal 0.3126158118 -0.8270578384 0.467168808
outer loop
vertex 80.04488373 20.65872955 118.9383774
vertex 85.13207245 21.24256134 116.5677719
vertex 83.94539642 22.1349411 118.9416962

endloop
endfacet
facet normal 0.2751254439 -0.7283596992 0.6275333762
outer loop
vertex 80.04488373 20.65872955 118.9383774
vertex 83.94539642 22.1349411 118.9416962
vertex 78.0087204 21.92005157 121.2950592

endloop
endfacet
facet normal 0.2792786658 -0.7166448832 0.6390801668
outer loop
vertex 78.0087204 21.92005157 121.2950592
vertex 83.94539642 22.1349411 118.9416962
vertex 81.83794403 23.42975616 121.314621

endloop
endfacet
facet normal 0.2678588331 -0.688134253 0.6743314862
outer loop
vertex 78.00875092 21.92008209 121.2950745
vertex 81.83794403 23.42978668 121.3146439
vertex 75.76015472 23.31847382 123.6152802

endloop
endfacet
facet normal 0.2736239731 -0.6696258187 0.6904572248
outer loop
vertex 75.76015472 23.31847382 123.6152802
vertex 81.83794403 23.42978668 121.3146439
vertex 79.46877289 24.90100861 123.6803665

endloop
endfacet
facet normal 0.2968496084 -0.7213901877 0.6256808043
outer loop
vertex 75.76015472 23.31847382 123.6152802
vertex 79.46877289 24.90100861 123.6803665
vertex 73.77651215 24.45897675 125.8713684

endloop
endfacet
facet normal 0.3088707924 -0.6796559095 0.6653320193
outer loop
vertex 73.77651215 24.45897675 125.8713684
vertex 79.46877289 24.90100861 123.6803665
vertex 77.29564667 26.18846893 126.0043869

endloop
endfacet
facet normal 0.3332093656 -0.724421978 0.6034768224
outer loop
vertex 73.77651215 24.45897675 125.8713684
vertex 77.29564667 26.18846893 126.0043869
vertex 72.31972504 25.6087265 128.0559082

endloop
endfacet
facet normal 0.3338783681 -0.722242415 0.605715394
outer loop
vertex 72.31972504 25.6087265 128.0559082
vertex 77.29564667 26.18846893 126.0043869
vertex 75.6667099 27.3476181 128.2844238

endloop
endfacet
facet normal 0.3288021088 -0.7141000628 0.6180211902
outer loop
vertex 72.31972504 25.6087265 128.0559082
vertex 75.66674042 27.3476181 128.2844391
vertex 70.96300507 26.76294708 130.1113739

endloop
endfacet
facet normal 0.3229893744 -0.7348156571 0.5964258909
outer loop
vertex 70.96300507 26.76294708 130.1113739
vertex 75.66674042 27.3476181 128.2844391
vertex 74.15132904 28.44408417 130.4559784

endloop
endfacet
facet normal 0.3041467369 -0.7075693011 0.6378403902
outer loop
vertex 70.96300507 26.76294708 130.1113739
vertex 74.15132904 28.44408417 130.4559784
vertex 69.62895966 27.84146881 131.943924

endloop
endfacet
facet normal 0.2956889868 -0.7461547256 0.5965073109
outer loop
vertex 69.62895966 27.84146881 131.943924
vertex 74.15132904 28.44408417 130.4559784
vertex 72.73690033 29.48522186 132.4594421

endloop
endfacet
facet normal 0.1729364395 -0.5772716999 0.7980290651
outer loop
vertex 69.62895966 27.84148407 131.943924
vertex 72.73693085 29.48523712 132.4594574
vertex 68.46074677 29.45407867 133.3635864

endloop
endfacet
facet normal 0.1524415761 -0.7008416653 0.696837604
outer loop
vertex 68.46074677 29.45407867 133.3635864
vertex 72.73693085 29.48523712 132.4594574
vertex 71.4673996 31.00687408 134.2675629

endloop
endfacet
facet normal -0.03725166619 -0.4479143918 0.8933000565
outer loop
vertex 68.46074677 29.45407867 133.3635864
vertex 71.4673996 31.00687408 134.2675629
vertex 66.91283417 32.13671112 134.6441498

endloop
endfacet
facet normal -0.09481321275 -0.6371522546 0.7648838758
outer loop
vertex 66.91283417 32.13671112 134.6441498
vertex 71.4673996 31.00687408 134.2675629
vertex 69.64189911 33.46500397 136.088913

endloop
endfacet
facet normal -0.08432088792 -0.6490809321 0.756031692
outer loop
vertex 66.91283417 32.13671112 134.6441498
vertex 69.64189911 33.46500397 136.088913
vertex 64.48799896 35.9131546 137.615921

endloop
endfacet
facet normal -0.08760903776 -0.6534274817 0.7519023418
outer loop
vertex 64.48799896 35.9131546 137.615921
vertex 69.64189911 33.46500397 136.088913
vertex 66.86928558 37.00676727 138.8437653

endloop
endfacet
facet normal -0.0495245941 -0.6962014437 0.7161361575
outer loop
vertex 64.48802948 35.91318512 137.6159363
vertex 66.86925507 37.00681305 138.8437958
vertex 61.56069183 40.95888519 142.3187408

endloop
endfacet
facet normal 0.1967826635 -0.4849268198 0.8521282673
outer loop
vertex 61.56069183 40.95888519 142.3187408
vertex 66.86925507 37.00681305 138.8437958
vertex 63.52484894 42.02339935 142.4709473

endloop
endfacet
facet normal 0.1257126927 -0.363914609 0.9229097366
outer loop
vertex 61.56069183 40.95888519 142.3187408
vertex 63.52484894 42.02339935 142.4709473
vertex 58.2452774 47.46596527 145.3361664

endloop
endfacet
facet normal 0.1570021957 -0.3365057111 0.9285011292
outer loop
vertex 58.2452774 47.46596527 145.3361664
vertex 63.52484894 42.02339935 142.4709473
vertex 59.88509369 48.1571579 145.3093872

endloop
endfacet
facet normal 0.1100452691 -0.2235598713 0.9684580564
outer loop
vertex 58.24523163 47.46596527 145.3361511
vertex 59.88504791 48.15714264 145.3093719
vertex 52.0956955 60.56044769 149.057663

endloop
endfacet
facet normal -nan(ind) -nan(ind) -nan(ind)
outer loop
vertex 52.0956955 60.56044769 149.057663
vertex 59.88504791 48.15714264 145.3093719
vertex 52.0956955 60.56044769 149.057663

endloop
endfacet
facet normal 0.5390074253 0 -0.8423010111
outer loop
vertex 76.23400116 15.21146393 48.43406677
vertex 76.23400116 15.21147919 48.43406677
vertex 81.93996429 6.24718523 52.08544159

endloop
endfacet
facet normal 0.1741449237 -0.2743695974 -0.9457244873
outer loop
vertex 81.93996429 6.24718523 52.08544159
vertex 76.23400116 15.21147919 48.43406677
vertex 83.19579315 7.030464172 52.08944702

endloop
endfacet
facet normal 0.4279197156 -0.6830557585 -0.5918781161
outer loop
vertex 81.93996429 6.24718523 52.08544159
vertex 83.19579315 7.030464172 52.08944702
vertex 83.28203583 4.827721119 54.69387054

endloop
endfacet
facet normal 0.5233469009 -0.6419963837 -0.5603112578
outer loop
vertex 83.28203583 4.827721119 54.69387054
vertex 83.19579315 7.030464172 52.08944702
vertex 84.68410492 5.968605042 54.69623566

endloop
endfacet
facet normal 0.6023039818 -0.7395679951 -0.3004481196
outer loop
vertex 83.28203583 4.827721119 54.69387054
vertex 84.68410492 5.968605042 54.69623566
vertex 84.03487396 4.471518993 57.07988358

endloop
endfacet
facet normal 0.6864812374 -0.685207963 -0.24337928
outer loop
vertex 84.03487396 4.471518993 57.07988358
vertex 84.68410492 5.968605042 54.69623566
vertex 85.50957489 5.94863081 57.08081055

endloop
endfacet
facet normal 0.7018938661 -0.7006677985 -0.1281006187
outer loop
vertex 84.03487396 4.471518993 57.07988358
vertex 85.50957489 5.94863081 57.08081055
vertex 84.53032684 4.532035828 59.46358109

endloop
endfacet
facet normal 0.7692218423 -0.6359700561 -0.06196690723
outer loop
vertex 84.53032684 4.532035828 59.46358109
vertex 85.50957489 5.94863081 57.08081055
vertex 86.02214813 6.336188793 59.46607208

endloop
endfacet
facet normal 0.7691619396 -0.6360909343 0.06146789342
outer loop
vertex 84.53032684 4.532035828 59.46358109
vertex 86.02214813 6.336188793 59.46607208
vertex 84.66326141 4.923072815 61.84672546

endloop
endfacet
facet normal 0.7377917767 -0.6747128367 0.02063639089
outer loop
vertex 84.66326141 4.923072815 61.84672546
vertex 86.02214813 6.336188793 59.46607208
vertex 86.39128876 6.812720776 61.8489151

endloop
endfacet
facet normal 0.7364133596 -0.6735025644 0.0639500916
outer loop
vertex 84.6632309 4.923072815 61.84672165
vertex 86.39125824 6.812720776 61.8489151
vertex 84.90215302 5.410393238 64.22773743

endloop
endfacet
facet normal 0.7000691295 -0.7138628364 0.01740653999
outer loop
vertex 84.90215302 5.410393238 64.22773743
vertex 86.39125824 6.812720776 61.8489151
vertex 86.87575531 7.345940113 64.23101044

endloop
endfacet
facet normal 0.7000893354 -0.7138290405 -0.01797172613
outer loop
vertex 84.90218353 5.41040802 64.22773743
vertex 86.87578583 7.345940113 64.23101044
vertex 85.36992645 5.809257984 66.60653687

endloop
endfacet
facet normal 0.7037577033 -0.7103142142 -0.01337261964
outer loop
vertex 85.36992645 5.809257984 66.60653687
vertex 86.87578583 7.345940113 64.23101044
vertex 87.47441864 7.894187927 66.61380768

endloop
endfacet
facet normal 0.7037748694 -0.7103469968 -0.01039251219
outer loop
vertex 85.36989594 5.80922699 66.60653687
vertex 87.47438812 7.894142151 66.61380005
vertex 85.95110321 6.350257874 68.98511505

endloop
endfacet
facet normal 0.7055267096 -0.7086364031 -0.00815346837
outer loop
vertex 85.95110321 6.350257874 68.98511505
vertex 87.47438812 7.894142151 66.61380005
vertex 88.15901947 8.548332214 68.99840546

endloop
endfacet
facet normal 0.7053391933 -0.7083300948 -0.02765979804
outer loop
vertex 85.95110321 6.350257874 68.98511505
vertex 88.15901947 8.548332214 68.99840546
vertex 86.69689178 7.000069141 71.36231995

endloop
endfacet
facet normal 0.7170010805 -0.6969509125 -0.01299379673
outer loop
vertex 86.69689178 7.000069141 71.36231995
vertex 88.15901947 8.548332214 68.99840546
vertex 88.90123749 9.267433167 71.38362122

endloop
endfacet
facet normal 0.7161467671 -0.6957185268 -0.05576381832
outer loop
vertex 86.69689178 7.000069141 71.36231995
vertex 88.90123749 9.267433167 71.38362122
vertex 87.30821991 7.438713074 73.7407074

endloop
endfacet
facet normal 0.7115715742 -0.6998661757 -0.06207380444
outer loop
vertex 87.30821991 7.438713074 73.7407074
vertex 88.90123749 9.267433167 71.38362122
vertex 89.569664 9.735649109 73.76699066

endloop
endfacet
facet normal 0.7121902704 -0.700699389 -0.04249055311
outer loop
vertex 87.30821991 7.438713074 73.7407074
vertex 89.569664 9.735649109 73.76699066
vertex 87.78664398 7.780403137 76.12493134

endloop
endfacet
facet normal 0.6713098288 -0.7342338562 -0.1012107432
outer loop
vertex 87.78664398 7.780403137 76.12493134
vertex 89.569664 9.735649109 73.76699066
vertex 90.26668549 10.04447174 76.14983368

endloop
endfacet
facet normal 0.6739111543 -0.7377638221 -0.03934736922
outer loop
vertex 87.78664398 7.780403137 76.12493134
vertex 90.26668549 10.04447174 76.14983368
vertex 88.51442719 8.317695618 78.51559448

endloop
endfacet
facet normal 0.6812152267 -0.7314941883 -0.02936122939
outer loop
vertex 88.51442719 8.317695618 78.51559448
vertex 90.26668549 10.04447174 76.14983368
vertex 91.04586029 10.67429447 78.53645325

endloop
endfacet
facet normal 0.6804805994 -0.7304552794 -0.05814766884
outer loop
vertex 88.51439667 8.317680359 78.51557922
vertex 91.04582977 10.674263 78.53643799
vertex 89.32726288 8.884773254 80.90438843

endloop
endfacet
facet normal 0.6929085255 -0.7198522687 -0.04111514986
outer loop
vertex 89.32726288 8.884773254 80.90438843
vertex 91.04582977 10.674263 78.53643799
vertex 91.88976288 11.35036469 80.92181396

endloop
endfacet
facet normal 0.6917119622 -0.7183766365 -0.07395626605
outer loop
vertex 89.32726288 8.884773254 80.90438843
vertex 91.88976288 11.35036469 80.92181396
vertex 89.97801971 9.265586853 83.29186249

endloop
endfacet
facet normal 0.6843643188 -0.724171102 -0.0849801898
outer loop
vertex 89.97801971 9.265586853 83.29186249
vertex 91.88976288 11.35036469 80.92181396
vertex 92.64647675 11.7858963 83.30435181

endloop
endfacet
facet normal 0.6864335537 -0.7268875241 0.02106010728
outer loop
vertex 89.97801971 9.265586853 83.29186249
vertex 92.64647675 11.7858963 83.30435181
vertex 90.16637421 9.512641907 85.67971802

endloop
endfacet
facet normal 0.6766366363 -0.7363148928 0.001808973379
outer loop
vertex 90.16637421 9.512641907 85.67971802
vertex 92.64647675 11.7858963 83.30435181
vertex 92.99806976 12.11484528 85.68655396

endloop
endfacet
facet normal 0.6742486954 -0.7339273095 0.08209371567
outer loop
vertex 90.16637421 9.512641907 85.67971802
vertex 92.99806976 12.11484528 85.68655396
vertex 89.53920746 9.203590393 88.06777954

endloop
endfacet
facet normal 0.6725610495 -0.7360154986 0.07708933949
outer loop
vertex 89.53920746 9.203590393 88.06777954
vertex 92.99806976 12.11484528 85.68655396
vertex 92.60655975 12.00655365 88.06833649

endloop
endfacet
facet normal 0.658677578 -0.7208507061 0.2156806439
outer loop
vertex 89.53923798 9.203605652 88.06777954
vertex 92.60659027 12.00656891 88.06834412
vertex 90.25045013 10.56719208 90.45317078

endloop
endfacet
facet normal 0.6808062196 -0.685097456 0.2591221929
outer loop
vertex 90.25045013 10.56719208 90.45317078
vertex 92.60659027 12.00656891 88.06834412
vertex 93.19445038 13.49140167 90.44960022

endloop
endfacet
facet normal 0.6789218187 -0.6831883192 0.2689216733
outer loop
vertex 90.25045013 10.56719208 90.45317078
vertex 93.19445038 13.49140167 90.44960022
vertex 91.01094818 12.26013947 92.83409882

endloop
endfacet
facet normal 0.6857097149 -0.6713402271 0.2812553048
outer loop
vertex 91.01094818 12.26013947 92.83409882
vertex 93.19445038 13.49140167 90.44960022
vertex 93.91332245 15.22203827 92.82789612

endloop
endfacet
facet normal 0.674651742 -0.6604029536 0.329716444
outer loop
vertex 91.01094818 12.26013947 92.83409882
vertex 93.91332245 15.22203827 92.82789612
vertex 91.6163559 14.06414032 95.20864868

endloop
endfacet
facet normal 0.6639608741 -0.6806947589 0.3095327616
outer loop
vertex 91.6163559 14.06414032 95.20864868
vertex 93.91332245 15.22203827 92.82789612
vertex 94.56877899 16.94120026 95.20252991

endloop
endfacet
facet normal 0.6598191857 -0.6764068007 0.327280581
outer loop
vertex 91.6163559 14.06414032 95.20864868
vertex 94.56877899 16.94120026 95.20252991
vertex 92.17681122 15.75865936 97.58087921

endloop
endfacet
facet normal 0.6541206241 -0.6871158481 0.3162246943
outer loop
vertex 92.17681122 15.75865936 97.58087921
vertex 94.56877899 16.94120026 95.20252991
vertex 95.20668793 18.64072418 97.57584381

endloop
endfacet
facet normal 0.6562607884 -0.6893824339 0.3067144156
outer loop
vertex 92.17681122 15.75865936 97.58087921
vertex 95.20668793 18.64072418 97.57584381
vertex 92.4068222 17.03316498 99.95336151

endloop
endfacet
facet normal 0.6648789644 -0.6701750159 0.3298506737
outer loop
vertex 92.4068222 17.03316498 99.95336151
vertex 95.20668793 18.64072418 97.57584381
vertex 95.45467377 20.05503082 99.94950104

endloop
endfacet
facet normal 0.6642412543 -0.6695284843 0.3324382305
outer loop
vertex 92.4068222 17.03316498 99.95336151
vertex 95.45467377 20.05503082 99.94950104
vertex 92.27150726 18.07660675 102.3252182

endloop
endfacet
facet normal 0.6712847352 -0.6480200291 0.3597872555
outer loop
vertex 92.27150726 18.07660675 102.3252182
vertex 95.45467377 20.05503082 99.94950104
vertex 95.30330658 21.21620941 102.3233414

endloop
endfacet
facet normal 0.6751611233 -0.6517816186 0.345453769
outer loop
vertex 92.27147675 18.07662201 102.3252182
vertex 95.30330658 21.21620941 102.3233414
vertex 91.5651474 18.60245514 104.6977921

endloop
endfacet
facet normal 0.6725242138 -0.6628869772 0.3290776908
outer loop
vertex 91.5651474 18.60245514 104.6977921
vertex 95.30330658 21.21620941 102.3233414
vertex 94.71370697 21.79651642 104.6972427

endloop
endfacet
facet normal 0.649040699 -0.6397238374 0.4117031097
outer loop
vertex 91.5651474 18.60245514 104.6977921
vertex 94.71370697 21.79651642 104.6972427
vertex 90.04680634 18.58971405 107.0716248

endloop
endfacet
facet normal 0.6424587965 -0.6933796406 0.3262996078
outer loop
vertex 90.04680634 18.58971405 107.0716248
vertex 94.71370697 21.79651642 104.6972427
vertex 93.43239594 21.72650909 107.0712814

endloop
endfacet
facet normal 0.5816850066 -0.6277646422 0.5172563195
outer loop
vertex 90.04680634 18.58971405 107.0716248
vertex 93.43239594 21.72650909 107.0712814
vertex 87.7781601 18.44361115 109.4455338

endloop
endfacet
facet normal 0.5777019858 -0.7279687524 0.3692178428
outer loop
vertex 87.7781601 18.44361115 109.4455338
vertex 93.43239594 21.72650909 107.0712814
vertex 91.5134201 21.40776825 109.4453888

endloop
endfacet
facet normal 0.5350937247 -0.6742741466 0.508949101
outer loop
vertex 87.7781601 18.4436264 109.4455338
vertex 91.5134201 21.40776825 109.4453964
vertex 85.90807343 18.75145721 111.8195114

endloop
endfacet
facet normal 0.5250974298 -0.752097249 0.3982743621
outer loop
vertex 85.90807343 18.75145721 111.8195114
vertex 91.5134201 21.40776825 109.4453964
vertex 89.80886078 21.47489166 111.8194962

endloop
endfacet
facet normal 0.4997798204 -0.7158340812 0.4876491725
outer loop
vertex 85.90807343 18.75145721 111.8195114
vertex 89.80886078 21.47489166 111.8194962
vertex 85.51088715 20.09148407 114.1936417

endloop
endfacet
facet normal 0.4964585304 -0.7261671424 0.4756155908
outer loop
vertex 85.51088715 20.09148407 114.1936417
vertex 89.80886078 21.47489166 111.8194962
vertex 89.18367767 22.60245514 114.193634

endloop
endfacet
facet normal 0.506747663 -0.7412167788 0.4402323961
outer loop
vertex 85.51088715 20.09146881 114.193634
vertex 89.18364716 22.60242462 114.193634
vertex 85.13207245 21.24256134 116.5677719

endloop
endfacet
facet normal 0.5164179206 -0.7144801021 0.4720494747
outer loop
vertex 85.13207245 21.24256134 116.5677719
vertex 89.18364716 22.60242462 114.193634
vertex 88.53066254 23.69901276 116.5677567

endloop
endfacet
facet normal 0.5028697252 -0.6957354546 0.512907505
outer loop
vertex 85.13207245 21.24256134 116.5677719
vertex 88.53066254 23.69901276 116.5677567
vertex 83.94539642 22.1349411 118.9416962

endloop
endfacet
facet normal 0.4914911985 -0.7372434735 0.4635822475
outer loop
vertex 83.94539642 22.1349411 118.9416962
vertex 88.53066254 23.69901276 116.5677567
vertex 87.3660202 24.4154129 118.9418182

endloop
endfacet
facet normal 0.4028196633 -0.6042515039 0.6874710321
outer loop
vertex 83.94539642 22.1349411 118.9416962
vertex 87.3660202 24.4154129 118.9418182
vertex 81.83794403 23.42975616 121.314621

endloop
endfacet
facet normal 0.392658174 -0.6597467661 0.6407445669
outer loop
vertex 81.83794403 23.42975616 121.314621
vertex 87.3660202 24.4154129 118.9418182
vertex 85.40233612 25.55252838 121.3160324

endloop
endfacet
facet normal 0.3532814085 -0.593683064 0.723002553
outer loop
vertex 81.83794403 23.42978668 121.3146439
vertex 85.40233612 25.5525589 121.3160553
vertex 79.46877289 24.90100861 123.6803665

endloop
endfacet
facet normal 0.3541319072 -0.5889646411 0.7264373899
outer loop
vertex 79.46877289 24.90100861 123.6803665
vertex 85.40233612 25.5525589 121.3160553
vertex 82.9623642 27.01325226 123.6897888

endloop
endfacet
facet normal 0.3724831343 -0.6191602945 0.6913007498
outer loop
vertex 79.46877289 24.90100861 123.6803665
vertex 82.9623642 27.01325226 123.6897888
vertex 77.29564667 26.18846893 126.0043869

endloop
endfacet
facet normal 0.3771701455 -0.591538012 0.7126187682
outer loop
vertex 77.29564667 26.18846893 126.0043869
vertex 82.9623642 27.01325226 123.6897888
vertex 80.62963104 28.38056183 126.059433

endloop
endfacet
facet normal 0.4188381135 -0.6528654695 0.6311429143
outer loop
vertex 77.29564667 26.18846893 126.0043869
vertex 80.62963104 28.38056183 126.059433
vertex 75.6667099 27.3476181 128.2844238

endloop
endfacet
facet normal 0.4232283533 -0.6291732788 0.6519345641
outer loop
vertex 75.6667099 27.3476181 128.2844238
vertex 80.62963104 28.38056183 126.059433
vertex 78.8179245 29.60842133 128.4205627

endloop
endfacet
facet normal 0.4350851476 -0.6443012357 0.6289489865
outer loop
vertex 75.66674042 27.3476181 128.2844391
vertex 78.8179245 29.60843658 128.4205627
vertex 74.15132904 28.44408417 130.4559784

endloop
endfacet
facet normal 0.4320062995 -0.6633891463 0.6109709144
outer loop
vertex 74.15132904 28.44408417 130.4559784
vertex 78.8179245 29.60843658 128.4205627
vertex 77.1389389 30.62397003 130.7104034

endloop
endfacet
facet normal 0.4198901951 -0.6494650841 0.6339457631
outer loop
vertex 74.15132904 28.44408417 130.4559784
vertex 77.1389389 30.62397003 130.7104034
vertex 72.73690033 29.48522186 132.4594421

endloop
endfacet
facet normal 0.4147736132 -0.6870437264 0.5966017842
outer loop
vertex 72.73690033 29.48522186 132.4594421
vertex 77.1389389 30.62397003 130.7104034
vertex 75.56151581 31.57363129 132.9006958

endloop
endfacet
facet normal 0.3271689117 -0.5972212553 0.7323163152
outer loop
vertex 72.73693085 29.48523712 132.4594574
vertex 75.56151581 31.57364655 132.9006958
vertex 71.4673996 31.00687408 134.2675629

endloop
endfacet
facet normal 0.3205160201 -0.6472007036 0.691665113
outer loop
vertex 71.4673996 31.00687408 134.2675629
vertex 75.56151581 31.57364655 132.9006958
vertex 74.06597137 33.0717392 134.9955139

endloop
endfacet
facet normal 0.164402768 -0.5055046082 0.8470163941
outer loop
vertex 71.4673996 31.00687408 134.2675629
vertex 74.06597137 33.0717392 134.9955139
vertex 69.64189911 33.46500397 136.088913

endloop
endfacet
facet normal 0.1334913373 -0.6285738349 0.7662081718
outer loop
vertex 69.64189911 33.46500397 136.088913
vertex 74.06597137 33.0717392 134.9955139
vertex 72.03762054 35.33243561 137.2035065

endloop
endfacet
facet normal 0.07127231359 -0.577039659 0.8136003017
outer loop
vertex 69.64189911 33.46500397 136.088913
vertex 72.03762054 35.33243561 137.2035065
vertex 66.86928558 37.00676727 138.8437653

endloop
endfacet
facet normal 0.05554863811 -0.6059466004 0.7935635448
outer loop
vertex 66.86928558 37.00676727 138.8437653
vertex 72.03762054 35.33243561 137.2035065
vertex 69.20131683 38.52384186 139.8389282

endloop
endfacet
facet normal 0.02488514222 -0.5747924447 0.8179206848
outer loop
vertex 66.86925507 37.00681305 138.8437958
vertex 69.20131683 38.52385712 139.8389435
vertex 63.52484894 42.02339935 142.4709473

endloop
endfacet
facet normal 0.1607768238 -0.4133065045 0.8962859511
outer loop
vertex 63.52484894 42.02339935 142.4709473
vertex 69.20131683 38.52385712 139.8389435
vertex 65.75978851 43.20830536 142.6164398

endloop
endfacet
facet normal 0.1270681918 -0.353469938 0.9267753959
outer loop
vertex 63.52484894 42.02339935 142.4709473
vertex 65.75978851 43.20830536 142.6164398
vertex 59.88509369 48.1571579 145.3093872

endloop
endfacet
facet normal 0.1594095379 -0.319123745 0.9342101812
outer loop
vertex 59.88509369 48.1571579 145.3093872
vertex 65.75978851 43.20830536 142.6164398
vertex 61.64058685 48.99842072 145.2972107

endloop
endfacet
facet normal 0.1129816249 -0.2217400819 0.9685383439
outer loop
vertex 59.88504791 48.15714264 145.3093719
vertex 61.64054108 48.99842072 145.2971954
vertex 52.0956955 60.56044769 149.057663

endloop
endfacet
facet normal -0.4996751249 -0.6125050187 0.6125050187
outer loop
vertex 52.0956955 60.56044769 149.057663
vertex 61.64054108 48.99842072 145.2971954
vertex 52.0956955 60.56046295 149.0576782

endloop
endfacet
facet normal -0.4648776948 0 0.8853748441
outer loop
vertex 76.23400116 15.21147919 48.43406677
vertex 76.23400116 15.21146393 48.43406677
vertex 83.19579315 7.030464172 52.08944702

endloop
endfacet
facet normal 0.21414271 -0.2407548875 -0.9466677904
outer loop
vertex 83.19579315 7.030464172 52.08944702
vertex 76.23400116 15.21146393 48.43406677
vertex 84.26348114 7.935585022 52.10077667

endloop
endfacet
facet normal 0.53798455 -0.6275663972 -0.5627904534
outer loop
vertex 83.19579315 7.030464172 52.08944702
vertex 84.26348114 7.935585022 52.10077667
vertex 84.68410492 5.968605042 54.69623566

endloop
endfacet
facet normal 0.6425644755 -0.556954205 -0.52622509
outer loop
vertex 84.68410492 5.968605042 54.69623566
vertex 84.26348114 7.935585022 52.10077667
vertex 85.87090302 7.323616028 54.71127701

endloop
endfacet
facet normal 0.7283156514 -0.6350437999 -0.2574409246
outer loop
vertex 84.68410492 5.968605042 54.69623566
vertex 85.87090302 7.323616028 54.71127701
vertex 85.50957489 5.94863081 57.08081055

endloop
endfacet
facet normal 0.7525448799 -0.612899065 -0.2408961803
outer loop
vertex 85.50957489 5.94863081 57.08081055
vertex 85.87090302 7.323616028 54.71127701
vertex 86.84615326 7.5835042 57.09667969

endloop
endfacet
facet normal 0.7729381919 -0.6312932372 -0.06352542341
outer loop
vertex 85.50957489 5.94863081 57.08081055
vertex 86.84615326 7.5835042 57.09667969
vertex 86.02214813 6.336188793 59.46607208

endloop
endfacet
facet normal 0.7481697202 -0.6578918695 -0.08614146709
outer loop
vertex 86.02214813 6.336188793 59.46607208
vertex 86.84615326 7.5835042 57.09667969
vertex 87.57424164 8.099113464 59.4825058

endloop
endfacet
facet normal 0.7503930926 -0.6608005166 0.01590203121
outer loop
vertex 86.02214813 6.336188793 59.46607208
vertex 87.57424164 8.099113464 59.4825058
vertex 86.39128876 6.812720776 61.8489151

endloop
endfacet
facet normal 0.7112093568 -0.7024863958 -0.02634632587
outer loop
vertex 86.39128876 6.812720776 61.8489151
vertex 87.57424164 8.099113464 59.4825058
vertex 88.18770599 8.63079071 61.86635208

endloop
endfacet
facet normal 0.7111999393 -0.7028753757 0.01268315502
outer loop
vertex 86.39125824 6.812720776 61.8489151
vertex 88.18773651 8.63079071 61.86635208
vertex 86.87575531 7.345940113 64.23101044

endloop
endfacet
facet normal 0.7130169868 -0.7009924054 0.01471432764
outer loop
vertex 86.87575531 7.345940113 64.23101044
vertex 88.18773651 8.63079071 61.86635208
vertex 88.78090668 9.284187317 64.25080872

endloop
endfacet
facet normal 0.7131545544 -0.7007775307 -0.0179276783
outer loop
vertex 86.87578583 7.345940113 64.23101044
vertex 88.78090668 9.284202576 64.25080872
vertex 87.47441864 7.894187927 66.61380768

endloop
endfacet
facet normal 0.6925319433 -0.7202339768 -0.04077492654
outer loop
vertex 87.47441864 7.894187927 66.61380768
vertex 88.78090668 9.284202576 64.25080872
vertex 89.56325531 9.901496887 66.63475037

endloop
endfacet
facet normal 0.6929063797 -0.7210267186 -0.001130987075
outer loop
vertex 87.47438812 7.894142151 66.61380005
vertex 89.56319427 9.901451111 66.63474274
vertex 88.15901947 8.548332214 68.99840546

endloop
endfacet
facet normal 0.6786612868 -0.7342507839 -0.01716387272
outer loop
vertex 88.15901947 8.548332214 68.99840546
vertex 89.56319427 9.901451111 66.63474274
vertex 90.41674042 10.63462067 69.01988983

endloop
endfacet
facet normal 0.6785847545 -0.7344504595 0.01026583277
outer loop
vertex 88.15901947 8.548332214 68.99840546
vertex 90.41674042 10.63462067 69.01988983
vertex 88.90123749 9.267433167 71.38362122

endloop
endfacet
facet normal 0.6917448044 -0.7216703892 0.02609542757
outer loop
vertex 88.90123749 9.267433167 71.38362122
vertex 90.41674042 10.63462067 69.01988983
vertex 91.18312836 11.45549774 71.40566254

endloop
endfacet
facet normal 0.6914258599 -0.7205474377 -0.05236098543
outer loop
vertex 88.90123749 9.267433167 71.38362122
vertex 91.18312836 11.45549774 71.40566254
vertex 89.569664 9.735649109 73.76699066

endloop
endfacet
facet normal 0.6668291092 -0.7404955626 -0.08369669318
outer loop
vertex 89.569664 9.735649109 73.76699066
vertex 91.18312836 11.45549774 71.40566254
vertex 92.00893402 11.92992401 73.78760529

endloop
endfacet
facet normal 0.6659630537 -0.7393892407 -0.09897857904
outer loop
vertex 89.569664 9.735649109 73.76699066
vertex 92.00893402 11.92992401 73.78760529
vertex 90.26668549 10.04447174 76.14983368

endloop
endfacet
facet normal 0.6599084139 -0.7437041998 -0.1068881899
outer loop
vertex 90.26668549 10.04447174 76.14983368
vertex 92.00893402 11.92992401 73.78760529
vertex 92.82302094 12.31008053 76.16858673

endloop
endfacet
facet normal 0.6632267237 -0.7481750846 -0.01908631623
outer loop
vertex 90.26668549 10.04447174 76.14983368
vertex 92.82302094 12.31008053 76.16858673
vertex 91.04586029 10.67429447 78.53645325

endloop
endfacet
facet normal 0.6828027368 -0.7305613756 0.007774136495
outer loop
vertex 91.04586029 10.67429447 78.53645325
vertex 92.82302094 12.31008053 76.16858673
vertex 93.53655243 13.00232697 78.55177307

endloop
endfacet
facet normal 0.682556808 -0.7300143242 -0.03457247838
outer loop
vertex 91.04582977 10.674263 78.53643799
vertex 93.53652191 13.00231171 78.55176544
vertex 91.88976288 11.35036469 80.92181396

endloop
endfacet
facet normal 0.7038823366 -0.7102911472 -0.006007834338
outer loop
vertex 91.88976288 11.35036469 80.92181396
vertex 93.53652191 13.00231171 78.55176544
vertex 94.34020233 13.77858734 80.93443298

endloop
endfacet
facet normal 0.7010437846 -0.7069724202 -0.09342169762
outer loop
vertex 91.88976288 11.35036469 80.92181396
vertex 94.34020233 13.77858734 80.93443298
vertex 92.64647675 11.7858963 83.30435181

endloop
endfacet
facet normal 0.7007595897 -0.7072016001 -0.09381745011
outer loop
vertex 92.64647675 11.7858963 83.30435181
vertex 94.34020233 13.77858734 80.93443298
vertex 95.19130707 14.30615997 83.31479645

endloop
endfacet
facet normal 0.7036691904 -0.7105045319 -0.005744881462
outer loop
vertex 92.64647675 11.7858963 83.30435181
vertex 95.19130707 14.30615997 83.31479645
vertex 92.99806976 12.11484528 85.68655396

endloop
endfacet
facet normal 0.7362305522 -0.6742528677 0.05785923079
outer loop
vertex 92.99806976 12.11484528 85.68655396
vertex 95.19130707 14.30615997 83.31479645
vertex 95.52803802 14.87807465 85.69477081

endloop
endfacet
facet normal 0.7344160676 -0.6726875901 0.09013624489
outer loop
vertex 92.99806976 12.11484528 85.68655396
vertex 95.52803802 14.87807465 85.69477081
vertex 92.60655975 12.00655365 88.06833649

endloop
endfacet
facet normal 0.7513651252 -0.6434485912 0.146370858
outer loop
vertex 92.60655975 12.00655365 88.06833649
vertex 95.52803802 14.87807465 85.69477081
vertex 95.26595306 15.11293793 88.07259369

endloop
endfacet
facet normal 0.7420480251 -0.635566771 0.2131185681
outer loop
vertex 92.60659027 12.00656891 88.06834412
vertex 95.26598358 15.11293793 88.07260132
vertex 93.19445038 13.49140167 90.44960022

endloop
endfacet
facet normal 0.7570523024 -0.6047877073 0.2471914142
outer loop
vertex 93.19445038 13.49140167 90.44960022
vertex 95.26598358 15.11293793 88.07260132
vertex 95.80587006 16.76070404 90.45062256

endloop
endfacet
facet normal 0.7633720636 -0.6098250747 0.2130175084
outer loop
vertex 93.19445038 13.49140167 90.44960022
vertex 95.80587006 16.76070404 90.45062256
vertex 93.91332245 15.22203827 92.82789612

endloop
endfacet
facet normal 0.7610480785 -0.6143672466 0.2082275599
outer loop
vertex 93.91332245 15.22203827 92.82789612
vertex 95.80587006 16.76070404 90.45062256
vertex 96.5639267 18.50507355 92.82670593

endloop
endfacet
facet normal 0.7566280961 -0.610789597 0.2333452255
outer loop
vertex 93.91332245 15.22203827 92.82789612
vertex 96.5639267 18.50507355 92.82670593
vertex 94.56877899 16.94120026 95.20252991

endloop
endfacet
facet normal 0.7642536163 -0.5942090154 0.2506630719
outer loop
vertex 94.56877899 16.94120026 95.20252991
vertex 96.5639267 18.50507355 92.82670593
vertex 97.14498138 20.25399017 95.20100403

endloop
endfacet
facet normal 0.7698048353 -0.5985391736 0.2217011005
outer loop
vertex 94.56877899 16.94120026 95.20252991
vertex 97.14498138 20.25399017 95.20100403
vertex 95.20668793 18.64072418 97.57584381

endloop
endfacet
facet normal 0.7904093862 -0.5486907363 0.2723810077
outer loop
vertex 95.20668793 18.64072418 97.57584381
vertex 97.14498138 20.25399017 95.20100403
vertex 97.58333588 22.06397247 97.5750351

endloop
endfacet
facet normal 0.7961927056 -0.5527120829 0.2461433411
outer loop
vertex 95.20668793 18.64072418 97.57584381
vertex 97.58333588 22.06397247 97.5750351
vertex 95.45467377 20.05503082 99.94950104

endloop
endfacet
facet normal 0.7967870831 -0.5509464741 0.2481699586
outer loop
vertex 95.45467377 20.05503082 99.94950104
vertex 97.58333588 22.06397247 97.5750351
vertex 97.83840179 23.50223541 99.94910431

endloop
endfacet
facet normal 0.7809402943 -0.539980948 0.3139314055
outer loop
vertex 95.45467377 20.05503082 99.94950104
vertex 97.83840179 23.50223541 99.94910431
vertex 95.30330658 21.21620941 102.3233414

endloop
endfacet
facet normal 0.773651123 -0.5695032477 0.2777228951
outer loop
vertex 95.30330658 21.21620941 102.3233414
vertex 97.83840179 23.50223541 99.94910431
vertex 97.82711029 24.64463043 102.3231735

endloop
endfacet
facet normal 0.7613148689 -0.5604196787 0.3260819018
outer loop
vertex 95.30330658 21.21620941 102.3233414
vertex 97.82711029 24.64463043 102.3231735
vertex 94.71370697 21.79651642 104.6972427

endloop
endfacet
facet normal 0.7626113892 -0.5504626036 0.3397274315
outer loop
vertex 94.71370697 21.79651642 104.6972427
vertex 97.82711029 24.64463043 102.3231735
vertex 97.29308319 25.36997223 104.6972198

endloop
endfacet
facet normal 0.7474799156 -0.5395401716 0.3875178695
outer loop
vertex 94.71370697 21.79651642 104.6972427
vertex 97.29308319 25.36997223 104.6972198
vertex 93.43239594 21.72650909 107.0712814

endloop
endfacet
facet normal 0.7472707629 -0.5349251628 0.3942606151
outer loop
vertex 93.43239594 21.72650909 107.0712814
vertex 97.29308319 25.36997223 104.6972198
vertex 96.10832977 25.46466827 107.0712509

endloop
endfacet
facet normal 0.7036614418 -0.5037068129 0.5011388063
outer loop
vertex 93.43239594 21.72650909 107.0712814
vertex 96.10832977 25.46466827 107.0712509
vertex 91.5134201 21.40776825 109.4453888

endloop
endfacet
facet normal 0.7138835788 -0.572902143 0.4026826322
outer loop
vertex 91.5134201 21.40776825 109.4453888
vertex 96.10832977 25.46466827 107.0712509
vertex 94.48162079 25.10637665 109.4453659

endloop
endfacet
facet normal 0.675334096 -0.5419626236 0.5002003908
outer loop
vertex 91.5134201 21.40776825 109.4453964
vertex 94.48162079 25.10639191 109.4453735
vertex 89.80886078 21.47489166 111.8194962

endloop
endfacet
facet normal 0.6804110408 -0.6097344756 0.406527698
outer loop
vertex 89.80886078 21.47489166 111.8194962
vertex 94.48162079 25.10639191 109.4453735
vertex 92.96205902 24.99358368 111.8194885

endloop
endfacet
facet normal 0.66260463 -0.5937775373 0.4564903378
outer loop
vertex 89.80886078 21.47489166 111.8194962
vertex 92.96205902 24.99358368 111.8194885
vertex 89.18367767 22.60245514 114.193634

endloop
endfacet
facet normal 0.6644351482 -0.5699859262 0.4833653271
outer loop
vertex 89.18367767 22.60245514 114.193634
vertex 92.96205902 24.99358368 111.8194885
vertex 92.10308075 26.00562286 114.1936417

endloop
endfacet
facet normal 0.6762763858 -0.5801412463 0.453967303
outer loop
vertex 89.18364716 22.60242462 114.193634
vertex 92.10305023 26.0056076 114.1936417
vertex 88.53066254 23.69901276 116.5677567

endloop
endfacet
facet normal 0.6748407483 -0.5928320885 0.4394772053
outer loop
vertex 88.53066254 23.69901276 116.5677567
vertex 92.10305023 26.0056076 114.1936417
vertex 91.35958099 26.91928864 116.5677872

endloop
endfacet
facet normal 0.653337121 -0.5739423633 0.4937010109
outer loop
vertex 88.53066254 23.69901276 116.5677567
vertex 91.35958099 26.91928864 116.5677872
vertex 87.3660202 24.4154129 118.9418182

endloop
endfacet
facet normal 0.6458562613 -0.649225831 0.4017156661
outer loop
vertex 87.3660202 24.4154129 118.9418182
vertex 91.35958099 26.91928864 116.5677872
vertex 90.29601288 27.33020782 118.9418335

endloop
endfacet
facet normal 0.5182859898 -0.5209919214 0.6781939864
outer loop
vertex 87.3660202 24.4154129 118.9418182
vertex 90.29601288 27.33020782 118.9418335
vertex 85.40233612 25.55252838 121.3160324

endloop
endfacet
facet normal 0.5146822333 -0.6035791636 0.6089288592
outer loop
vertex 85.40233612 25.55252838 121.3160324
vertex 90.29601288 27.33020782 118.9418335
vertex 88.5641098 28.24863434 121.31604

endloop
endfacet
facet normal 0.4288951755 -0.5029782057 0.750374496
outer loop
vertex 85.40233612 25.5525589 121.3160553
vertex 88.56414032 28.24866486 121.3160553
vertex 82.9623642 27.01325226 123.6897888

endloop
endfacet
facet normal 0.4270790219 -0.5327941179 0.7305709124
outer loop
vertex 82.9623642 27.01325226 123.6897888
vertex 88.56414032 28.24866486 121.3160553
vertex 86.18810272 29.59966278 123.6903076

endloop
endfacet
facet normal 0.4279277623 -0.533852458 0.7293005586
outer loop
vertex 82.9623642 27.01325226 123.6897888
vertex 86.18810272 29.59966278 123.6903076
vertex 80.62963104 28.38056183 126.059433

endloop
endfacet
facet normal 0.4290283024 -0.5178233981 0.7401308417
outer loop
vertex 80.62963104 28.38056183 126.059433
vertex 86.18810272 29.59966278 123.6903076
vertex 83.70638275 30.93715668 126.0646362

endloop
endfacet
facet normal 0.4767259061 -0.5750722289 0.6648492217
outer loop
vertex 80.62963104 28.38056183 126.059433
vertex 83.70638275 30.93715668 126.0646362
vertex 78.8179245 29.60842133 128.4205627

endloop
endfacet
facet normal 0.4790107608 -0.5516937971 0.6827756166
outer loop
vertex 78.8179245 29.60842133 128.4205627
vertex 83.70638275 30.93715668 126.0646362
vertex 81.73503876 32.16327667 128.438385

endloop
endfacet
facet normal 0.5083452463 -0.5848315954 0.6321052909
outer loop
vertex 78.8179245 29.60843658 128.4205627
vertex 81.73500824 32.16327667 128.438385
vertex 77.1389389 30.62397003 130.7104034

endloop
endfacet
facet normal 0.5101667643 -0.5609505177 0.6519696116
outer loop
vertex 77.1389389 30.62397003 130.7104034
vertex 81.73500824 32.16327667 128.438385
vertex 79.87358856 33.21880341 130.8031158

endloop
endfacet
facet normal 0.524710834 -0.5753993392 0.6273707747
outer loop
vertex 77.1389389 30.62397003 130.7104034
vertex 79.87358856 33.21880341 130.8031158
vertex 75.56151581 31.57363129 132.9006958

endloop
endfacet
facet normal 0.5257692933 -0.53800565 0.658875227
outer loop
vertex 75.56151581 31.57363129 132.9006958
vertex 79.87358856 33.21880341 130.8031158
vertex 77.99758148 34.25681305 133.1477203

endloop
endfacet
facet normal 0.4870304763 -0.5076173544 0.7107221484
outer loop
vertex 75.56151581 31.57364655 132.9006958
vertex 77.997612 34.25682831 133.1477356
vertex 74.06597137 33.0717392 134.9955139

endloop
endfacet
facet normal 0.4862586558 -0.5300611258 0.6946853995
outer loop
vertex 74.06597137 33.0717392 134.9955139
vertex 77.997612 34.25682831 133.1477356
vertex 76.26033783 35.66182709 135.4358215

endloop
endfacet
facet normal 0.3739243448 -0.4542547166 0.8085995913
outer loop
vertex 74.06597137 33.0717392 134.9955139
vertex 76.26033783 35.66182709 135.4358215
vertex 72.03762054 35.33243561 137.2035065

endloop
endfacet
facet normal 0.3629613817 -0.5262061357 0.7690033317
outer loop
vertex 72.03762054 35.33243561 137.2035065
vertex 76.26033783 35.66182709 135.4358215
vertex 74.18260956 37.64542389 137.7738037

endloop
endfacet
facet normal 0.2699527144 -0.459038496 0.8464095592
outer loop
vertex 72.03762054 35.33243561 137.2035065
vertex 74.18260956 37.64542389 137.7738037
vertex 69.20131683 38.52384186 139.8389282

endloop
endfacet
facet normal 0.268719703 -0.4625087082 0.8449114561
outer loop
vertex 69.20131683 38.52384186 139.8389282
vertex 74.18260956 37.64542389 137.7738037
vertex 71.37248993 40.53917694 140.2516022

endloop
endfacet
facet normal 0.1927170306 -0.3918237984 0.8996300697
outer loop
vertex 69.20131683 38.52385712 139.8389435
vertex 71.37248993 40.53920746 140.2516022
vertex 65.75978851 43.20830536 142.6164398

endloop
endfacet
facet normal 0.2270396054 -0.3333255351 0.9150667191
outer loop
vertex 65.75978851 43.20830536 142.6164398
vertex 71.37248993 40.53920746 140.2516022
vertex 67.86663055 44.80927277 142.6768799

endloop
endfacet
facet normal 0.1962344199 -0.2935610116 0.9355822206
outer loop
vertex 65.75978851 43.20830536 142.6164398
vertex 67.86663055 44.80927277 142.6768799
vertex 61.64058685 48.99842072 145.2972107

endloop
endfacet
facet normal 0.2059642076 -0.2803293169 0.9375469089
outer loop
vertex 61.64058685 48.99842072 145.2972107
vertex 67.86663055 44.80927277 142.6768799
vertex 63.32146454 50.2294693 145.2960358

endloop
endfacet
facet normal 0.1443976909 -0.1962378621 0.9698659182
outer loop
vertex 61.64054108 48.99842072 145.2971954
vertex 63.32141876 50.22945404 145.2960205
vertex 52.0956955 60.56046295 149.0576782

endloop
endfacet
facet normal -0.3226739168 0 -0.9465101957
outer loop
vertex 52.0956955 60.56046295 149.0576782
vertex 63.32141876 50.22945404 145.2960205
vertex 52.0956955 60.56044769 149.0576782

endloop
endfacet
facet normal -0.1915212423 0.2649097145 0.9450622201
outer loop
vertex 76.23403168 15.21149445 48.43407059
vertex 76.23397064 15.21146393 48.43406677
vertex 84.26348114 7.935599804 52.10077667

endloop
endfacet
facet normal 0.2517656088 -0.1994122863 -0.9470210075
outer loop
vertex 84.26348114 7.935599804 52.10077667
vertex 76.23397064 15.21146393 48.43406677
vertex 85.11431122 8.931724548 52.11721802

endloop
endfacet
facet normal 0.6499094367 -0.5463944077 -0.5282715559
outer loop
vertex 84.26348114 7.935599804 52.10077667
vertex 85.11431122 8.931724548 52.11721802
vertex 85.87090302 7.32363081 54.71128082

endloop
endfacet
facet normal 0.6863883734 -0.5112960935 -0.5171531439
outer loop
vertex 85.87090302 7.32363081 54.71128082
vertex 85.11431122 8.931724548 52.11721802
vertex 86.94927216 8.74912262 54.73319244

endloop
endfacet
facet normal 0.7734487653 -0.5812180638 -0.2529080212
outer loop
vertex 85.87090302 7.32363081 54.71128082
vertex 86.94927216 8.74912262 54.73319244
vertex 86.84618378 7.5835042 57.09667969

endloop
endfacet
facet normal 0.7598908544 -0.595543623 -0.2605643868
outer loop
vertex 86.84618378 7.5835042 57.09667969
vertex 86.94927216 8.74912262 54.73319244
vertex 88.1896286 9.287528992 57.11989975

endloop
endfacet
facet normal 0.7815979719 -0.6147682667 -0.1056622788
outer loop
vertex 86.84618378 7.5835042 57.09667969
vertex 88.1896286 9.287528992 57.11989975
vertex 87.57427216 8.099113464 59.48250961

endloop
endfacet
facet normal 0.7245087028 -0.6728069782 -0.1497256011
outer loop
vertex 87.57427216 8.099113464 59.48250961
vertex 88.1896286 9.287528992 57.11989975
vertex 89.22402191 9.870628357 59.50502014

endloop
endfacet
facet normal 0.7315552235 -0.680809021 -0.03641248867
outer loop
vertex 87.57427216 8.099113464 59.48250961
vertex 89.22402191 9.870628357 59.50502014
vertex 88.18773651 8.630805969 61.86635971

endloop
endfacet
facet normal 0.7156086564 -0.6965858936 -0.05169435963
outer loop
vertex 88.18773651 8.630805969 61.86635971
vertex 89.22402191 9.870628357 59.50502014
vertex 90.00191498 10.49285126 61.88894272

endloop
endfacet
facet normal 0.7161157131 -0.6978592277 0.01307132468
outer loop
vertex 88.18773651 8.630805969 61.8663559
vertex 90.00191498 10.49286747 61.88894272
vertex 88.78093719 9.284187317 64.25080872

endloop
endfacet
facet normal 0.6916988492 -0.7220872045 -0.01194965094
outer loop
vertex 88.78093719 9.284187317 64.25080872
vertex 90.00191498 10.49286747 61.88894272
vertex 90.77165985 11.19077301 64.2725296

endloop
endfacet
facet normal 0.6913442016 -0.7214133143 -0.04007530212
outer loop
vertex 88.78093719 9.284202576 64.25081635
vertex 90.77169037 11.19077301 64.27253723
vertex 89.56328583 9.901512146 66.63475037

endloop
endfacet
facet normal 0.6717508435 -0.7383945584 -0.05936654285
outer loop
vertex 89.56328583 9.901512146 66.63475037
vertex 90.77169037 11.19077301 64.27253723
vertex 91.72704315 11.86832428 66.6553421

endloop
endfacet
facet normal 0.6726354361 -0.7398549914 -0.01327614207
outer loop
vertex 89.56322479 9.90146637 66.63474274
vertex 91.72701263 11.86829376 66.65532684
vertex 90.41674042 10.63463593 69.01989746

endloop
endfacet
facet normal 0.6838563681 -0.729614675 -0.001715688035
outer loop
vertex 90.41674042 10.63463593 69.01989746
vertex 91.72701263 11.86829376 66.65532684
vertex 92.68938446 12.76470184 69.04013062

endloop
endfacet
facet normal 0.6833620071 -0.7294021845 0.03144401684
outer loop
vertex 90.41674042 10.63463593 69.01989746
vertex 92.68938446 12.76470184 69.04013062
vertex 91.18312836 11.45549774 71.40566254

endloop
endfacet
facet normal 0.6707770824 -0.7414698601 0.01675170101
outer loop
vertex 91.18312836 11.45549774 71.40566254
vertex 92.68938446 12.76470184 69.04013062
vertex 93.58315277 13.6271286 71.42461395

endloop
endfacet
facet normal 0.6688950658 -0.7385036349 -0.08480491489
outer loop
vertex 91.18312836 11.45549774 71.40566254
vertex 93.58315277 13.6271286 71.42461395
vertex 92.00893402 11.92993927 73.78760529

endloop
endfacet
facet normal 0.659688592 -0.7453967333 -0.0958891362
outer loop
vertex 92.00893402 11.92993927 73.78760529
vertex 93.58315277 13.6271286 71.42461395
vertex 94.47405243 14.10932159 73.80539703

endloop
endfacet
facet normal 0.6590198278 -0.7445539832 -0.1064531133
outer loop
vertex 92.00893402 11.92993927 73.78760529
vertex 94.47405243 14.10932159 73.80539703
vertex 92.82302094 12.31008053 76.16859436

endloop
endfacet
facet normal 0.6904004812 -0.72039783 -0.06613766402
outer loop
vertex 92.82302094 12.31008053 76.16859436
vertex 94.47405243 14.10932159 73.80539703
vertex 95.26906586 14.65267181 76.18602753

endloop
endfacet
facet normal 0.6916565299 -0.7222215533 0.002700922079
outer loop
vertex 92.82302094 12.31008053 76.16859436
vertex 95.26906586 14.65267181 76.18602753
vertex 93.53658295 13.00235653 78.55177307

endloop
endfacet
facet normal 0.7015733123 -0.7123988867 0.01681545377
outer loop
vertex 93.53658295 13.00235653 78.55177307
vertex 95.26906586 14.65267181 76.18602753
vertex 95.972435 15.40155792 78.56720734

endloop
endfacet
facet normal 0.7017338276 -0.7124244571 -0.004583708942
outer loop
vertex 93.53655243 13.00234222 78.55176544
vertex 95.97240448 15.40154266 78.56720734
vertex 94.34020233 13.7786026 80.93443298

endloop
endfacet
facet normal 0.7197803855 -0.6938973665 0.02056131326
outer loop
vertex 94.34020233 13.7786026 80.93443298
vertex 95.97240448 15.40154266 78.56720734
vertex 96.73314667 16.26119232 80.94747162

endloop
endfacet
facet normal 0.7164103985 -0.6899989247 -0.1032353267
outer loop
vertex 94.34020233 13.7786026 80.93443298
vertex 96.73314667 16.26119232 80.94747162
vertex 95.19133759 14.30617523 83.31479645

endloop
endfacet
facet normal 0.7462372184 -0.662843883 -0.06138396636
outer loop
vertex 95.19133759 14.30617523 83.31479645
vertex 96.73314667 16.26119232 80.94747162
vertex 97.54875946 16.95920563 83.32540131

endloop
endfacet
facet normal 0.7463347912 -0.6633911133 0.05381948501
outer loop
vertex 95.19133759 14.30617523 83.31479645
vertex 97.54875946 16.95920563 83.32540131
vertex 95.52806854 14.8780899 85.69477081

endloop
endfacet
facet normal 0.7756855488 -0.620223701 0.1167666838
outer loop
vertex 95.52806854 14.8780899 85.69477081
vertex 97.54875946 16.95920563 83.32540131
vertex 97.87957001 17.82048798 85.70264435

endloop
endfacet
facet normal 0.772598207 -0.6178351045 0.14619115
outer loop
vertex 95.52806854 14.8780899 85.69477081
vertex 97.87957001 17.82048798 85.70264435
vertex 95.26595306 15.11295319 88.07259369

endloop
endfacet
facet normal 0.7893730402 -0.5759464502 0.2125462294
outer loop
vertex 95.26595306 15.11295319 88.07259369
vertex 97.87957001 17.82048798 85.70264435
vertex 97.75298309 18.52353668 88.07785797

endloop
endfacet
facet normal 0.7881223559 -0.575042069 0.21952191
outer loop
vertex 95.26598358 15.11296844 88.07260132
vertex 97.75301361 18.5235672 88.07785797
vertex 95.80587006 16.7607193 90.45063019

endloop
endfacet
facet normal 0.7979753017 -0.5501564145 0.2460962236
outer loop
vertex 95.80587006 16.7607193 90.45063019
vertex 97.75301361 18.5235672 88.07785797
vertex 98.23812103 20.28939056 90.45243835

endloop
endfacet
facet normal 0.8137257695 -0.5609648824 0.1522127092
outer loop
vertex 95.80587006 16.7607193 90.45063019
vertex 98.23812103 20.28939056 90.45243835
vertex 96.5639267 18.50507355 92.82672119

endloop
endfacet
facet normal 0.820450604 -0.5465394855 0.167795524
outer loop
vertex 96.5639267 18.50507355 92.82672119
vertex 98.23812103 20.28939056 90.45243835
vertex 98.93547821 22.06519318 92.82675171

endloop
endfacet
facet normal 0.8153421879 -0.5431368947 0.2005480081
outer loop
vertex 96.5639267 18.50507355 92.82672119
vertex 98.93547821 22.06519318 92.82675171
vertex 97.14498138 20.25402069 95.20101166

endloop
endfacet
facet normal 0.8267778158 -0.5120609403 0.2328778058
outer loop
vertex 97.14498138 20.25402069 95.20101166
vertex 98.93547821 22.06519318 92.82675171
vertex 99.4156723 23.92023468 95.20087433

endloop
endfacet
facet normal 0.8258343339 -0.5114763975 0.2374649197
outer loop
vertex 97.14498138 20.25402069 95.20101166
vertex 99.4156723 23.92023468 95.20087433
vertex 97.58333588 22.06398773 97.5750351

endloop
endfacet
facet normal 0.8397119045 -0.4602052569 0.28826195
outer loop
vertex 97.58333588 22.06398773 97.5750351
vertex 99.4156723 23.92023468 95.20087433
vertex 99.62822723 25.79515839 97.57498169

endloop
endfacet
facet normal 0.8604081273 -0.4715493023 0.1932334155
outer loop
vertex 97.58333588 22.06398773 97.5750351
vertex 99.62822723 25.79515839 97.57498169
vertex 97.83840179 23.50225067 99.94911194

endloop
endfacet
facet normal 0.8687090874 -0.437358588 0.2325124592
outer loop
vertex 97.83840179 23.50225067 99.94911194
vertex 99.62822723 25.79515839 97.57498169
vertex 99.74752045 27.29425812 99.94910431

endloop
endfacet
facet normal 0.8722127676 -0.4391225576 0.2154444903
outer loop
vertex 97.83840179 23.50225067 99.94911194
vertex 99.74752045 27.29425812 99.94910431
vertex 97.82714081 24.64466095 102.3231812

endloop
endfacet
facet normal 0.8727900386 -0.4360178113 0.2193764746
outer loop
vertex 97.82714081 24.64466095 102.3231812
vertex 99.74752045 27.29425812 99.94910431
vertex 99.7453537 28.48439789 102.3231659

endloop
endfacet
facet normal 0.8475339413 -0.4234036505 0.32002455
outer loop
vertex 97.82714081 24.64464569 102.3231812
vertex 99.74538422 28.48441315 102.3231659
vertex 97.29308319 25.37000275 104.6972198

endloop
endfacet
facet normal 0.847212851 -0.4386643767 0.2996730506
outer loop
vertex 97.29308319 25.37000275 104.6972198
vertex 99.74538422 28.48441315 102.3231659
vertex 99.28243256 29.21212006 104.6972122

endloop
endfacet
facet normal 0.8063060045 -0.4174836576 0.4190203547
outer loop
vertex 97.29308319 25.37000275 104.6972198
vertex 99.28243256 29.21212006 104.6972122
vertex 96.10836029 25.46468353 107.0712738

endloop
endfacet
facet normal 0.8114167452 -0.4543694854 0.3676292598
outer loop
vertex 96.10836029 25.46468353 107.0712738
vertex 99.28243256 29.21212006 104.6972122
vertex 98.27675629 29.33699799 107.0712433

endloop
endfacet
facet normal 0.7728096247 -0.4327497482 0.4642121196
outer loop
vertex 96.10836029 25.46468353 107.0712738
vertex 98.27675629 29.33699799 107.0712433
vertex 94.48165131 25.10639191 109.4453735

endloop
endfacet
facet normal 0.7829781175 -0.4810796082 0.3943446279
outer loop
vertex 94.48165131 25.10639191 109.4453735
vertex 98.27675629 29.33699799 107.0712433
vertex 96.89263153 29.0303421 109.445343

endloop
endfacet
facet normal 0.75578475 -0.4643807411 0.4616708159
outer loop
vertex 94.48162079 25.10639191 109.4453812
vertex 96.89266205 29.03035736 109.4453506
vertex 92.96208954 24.99359894 111.8194962

endloop
endfacet
facet normal 0.761351943 -0.495223701 0.4184455276
outer loop
vertex 92.96208954 24.99359894 111.8194962
vertex 96.89266205 29.03035736 109.4453506
vertex 95.52913666 28.94013214 111.8194733

endloop
endfacet
facet normal 0.7389185429 -0.4806314409 0.4722212255
outer loop
vertex 92.96208954 24.99359894 111.8194962
vertex 95.52913666 28.94013214 111.8194733
vertex 92.10311127 26.00562286 114.1936493

endloop
endfacet
facet normal 0.7393339276 -0.4867789447 0.4652222097
outer loop
vertex 92.10311127 26.00562286 114.1936493
vertex 95.52913666 28.94013214 111.8194733
vertex 94.61934662 29.82733917 114.193634

endloop
endfacet
facet normal 0.7549687624 -0.4970780909 0.4277096391
outer loop
vertex 92.10308075 26.0056076 114.1936417
vertex 94.61934662 29.82733917 114.193634
vertex 91.35964203 26.91930389 116.5678024

endloop
endfacet
facet normal 0.755007565 -0.4992325604 0.42512393
outer loop
vertex 91.35964203 26.91930389 116.5678024
vertex 94.61934662 29.82733917 114.193634
vertex 93.74858856 30.53218842 116.5677948

endloop
endfacet
facet normal 0.75515306 -0.4993287623 0.4247524738
outer loop
vertex 91.35964203 26.91930389 116.5678024
vertex 93.74858856 30.53218842 116.5677948
vertex 90.2960434 27.3302536 118.9418411

endloop
endfacet
facet normal 0.7528322339 -0.4703843296 0.4604152739
outer loop
vertex 90.2960434 27.3302536 118.9418411
vertex 93.74858856 30.53218842 116.5677948
vertex 92.51335907 30.87899017 118.9418488

endloop
endfacet
facet normal 0.6546219587 -0.4090211391 0.6357450485
outer loop
vertex 90.2960434 27.3302536 118.9418411
vertex 92.51335907 30.87899017 118.9418488
vertex 88.56414032 28.2486496 121.31604

endloop
endfacet
facet normal 0.6625777483 -0.4643461704 0.5876847506
outer loop
vertex 88.56414032 28.2486496 121.31604
vertex 92.51335907 30.87899017 118.9418488
vertex 90.91002655 31.59601593 121.3160477

endloop
endfacet
facet normal 0.5383936167 -0.3773163557 0.7535015941
outer loop
vertex 88.56417084 28.24868011 121.3160629
vertex 90.91005707 31.59604645 121.3160706
vertex 86.18813324 29.59967804 123.6903076

endloop
endfacet
facet normal 0.5449678898 -0.4406237304 0.7133448124
outer loop
vertex 86.18813324 29.59967804 123.6903076
vertex 90.91005707 31.59604645 121.3160706
vertex 88.76207733 32.7831955 123.6903305

endloop
endfacet
facet normal 0.5059956312 -0.4091140926 0.7593379617
outer loop
vertex 86.18813324 29.59967804 123.6903076
vertex 88.76207733 32.7831955 123.6903305
vertex 83.70644379 30.93718719 126.0646362

endloop
endfacet
facet normal 0.5099585056 -0.4699337482 0.7204892039
outer loop
vertex 83.70644379 30.93718719 126.0646362
vertex 88.76207733 32.7831955 123.6903305
vertex 86.4681015 33.93410492 126.0646667

endloop
endfacet
facet normal 0.5302909017 -0.4886698127 0.6928154826
outer loop
vertex 83.70644379 30.93718719 126.0646362
vertex 86.4681015 33.93410492 126.0646667
vertex 81.73506927 32.16330719 128.438385

endloop
endfacet
facet normal 0.5303317904 -0.4916834533 0.6906487346
outer loop
vertex 81.73506927 32.16330719 128.438385
vertex 86.4681015 33.93410492 126.0646667
vertex 84.40343475 35.04227448 128.4389954

endloop
endfacet
facet normal 0.5503265262 -0.5102088451 0.6609293818
outer loop
vertex 81.73503876 32.16330719 128.4384003
vertex 84.40343475 35.04228973 128.4389954
vertex 79.87361908 33.21881866 130.8031311

endloop
endfacet
facet normal 0.5490788817 -0.4554922879 0.7007418871
outer loop
vertex 79.87361908 33.21881866 130.8031311
vertex 84.40343475 35.04228973 128.4389954
vertex 82.25173187 36.10129547 130.8133698

endloop
endfacet
facet normal 0.5726059079 -0.4747877121 0.6683555841
outer loop
vertex 79.87361908 33.21881866 130.8031311
vertex 82.25173187 36.10129547 130.8133698
vertex 77.99764252 34.25682831 133.1477356

endloop
endfacet
facet normal 0.5697376132 -0.4200996161 0.7063393593
outer loop
vertex 77.99764252 34.25682831 133.1477356
vertex 82.25173187 36.10129547 130.8133698
vertex 80.08690643 37.15526581 133.1863861

endloop
endfacet
facet normal 0.5762312412 -0.4246716499 0.6982919574
outer loop
vertex 77.99764252 34.25684357 133.1477509
vertex 80.08690643 37.15526581 133.1863861
vertex 76.26036835 35.6618576 135.4358215

endloop
endfacet
facet normal 0.576169908 -0.4220187366 0.6999489069
outer loop
vertex 76.26036835 35.6618576 135.4358215
vertex 80.08690643 37.15526581 133.1863861
vertex 78.16658783 38.45566559 135.5511627

endloop
endfacet
facet normal 0.5084617734 -0.3788482547 0.7732661963
outer loop
vertex 76.26036835 35.6618576 135.4358215
vertex 78.16658783 38.45566559 135.5511627
vertex 74.18267059 37.64543915 137.7738342

endloop
endfacet
facet normal 0.5072499514 -0.3997646868 0.7634694576
outer loop
vertex 74.18267059 37.64543915 137.7738342
vertex 78.16658783 38.45566559 135.5511627
vertex 76.01894379 40.25795746 137.9217682

endloop
endfacet
facet normal 0.4063127041 -0.3337521553 0.8505995274
outer loop
vertex 74.18267059 37.64543915 137.7738342
vertex 76.01894379 40.25795746 137.9217682
vertex 71.37252045 40.53920746 140.2516174

endloop
endfacet
facet normal 0.4077689648 -0.3266714215 0.8526489139
outer loop
vertex 71.37252045 40.53920746 140.2516174
vertex 76.01894379 40.25795746 137.9217682
vertex 73.18315887 42.94698334 140.3081818

endloop
endfacet
facet normal 0.3159281611 -0.2590250075 0.9127405882
outer loop
vertex 71.37252045 40.53922272 140.2516174
vertex 73.18315887 42.9469986 140.308197
vertex 67.86666107 44.80927277 142.6768951

endloop
endfacet
facet normal 0.3012402356 -0.2938396335 0.9071453214
outer loop
vertex 67.86666107 44.80927277 142.6768951
vertex 73.18315887 42.9469986 140.308197
vertex 69.73970795 46.75022125 142.683609

endloop
endfacet
facet normal 0.2493075877 -0.24382779 0.9372266531
outer loop
vertex 67.86666107 44.80927277 142.6768951
vertex 69.73970795 46.75022125 142.683609
vertex 63.32149506 50.22948456 145.296051

endloop
endfacet
facet normal 0.2236614078 -0.2868400216 0.9315032363
outer loop
vertex 63.32149506 50.22948456 145.296051
vertex 69.73970795 46.75022125 142.683609
vertex 64.969841 51.51467133 145.2960205

endloop
endfacet
facet normal 0.149109304 -0.191222325 0.9701548815
outer loop
vertex 63.32144928 50.22948456 145.2960358
vertex 64.96981049 51.51467133 145.2960052
vertex 52.09571075 60.56046295 149.0576782

endloop
endfacet
facet normal 0.1398726106 0.5461692214 -0.8259144425
outer loop
vertex 52.09571075 60.56046295 149.0576782
vertex 64.96981049 51.51467133 145.2960052
vertex 52.09568024 60.56044769 149.057663

endloop
endfacet
facet normal 0.2317613512 -0.2270464003 -0.9459052086
outer loop
vertex 76.23397064 15.21146393 48.43406677
vertex 76.23400116 15.21147919 48.43407059
vertex 85.11431122 8.931724548 52.11721802

endloop
endfacet
facet normal 0.2844501436 -0.1528450996 -0.9464282393
outer loop
vertex 85.11431122 8.931724548 52.11721802
vertex 76.23400116 15.21147919 48.43407059
vertex 85.88265228 10.23445892 52.13775635

endloop
endfacet
facet normal 0.7284617424 -0.4211209416 -0.540370822
outer loop
vertex 85.11431122 8.931724548 52.11721802
vertex 85.88265228 10.23445892 52.13775635
vertex 86.94927216 8.74912262 54.73319244

endloop
endfacet
facet normal 0.72548455 -0.4249787331 -0.5413550735
outer loop
vertex 86.94927216 8.74912262 54.73319244
vertex 85.88265228 10.23445892 52.13775635
vertex 88.01070404 10.52902985 54.75836945

endloop
endfacet
facet normal 0.816921711 -0.4826990068 -0.3156591058
outer loop
vertex 86.94927216 8.74912262 54.73319244
vertex 88.01070404 10.52902985 54.75836945
vertex 88.1896286 9.287528992 57.11989975

endloop
endfacet
facet normal 0.759329319 -0.550500989 -0.3469403386
outer loop
vertex 88.1896286 9.287528992 57.11989975
vertex 88.01070404 10.52902985 54.75836945
vertex 89.6108017 11.23255157 57.14411545

endloop
endfacet
facet normal 0.791885078 -0.5760857463 -0.2025916129
outer loop
vertex 88.1896286 9.287528992 57.11989975
vertex 89.6108017 11.23255157 57.14411545
vertex 89.22402191 9.870628357 59.50502014

endloop
endfacet
facet normal 0.7237054706 -0.6424385905 -0.252037853
outer loop
vertex 89.22402191 9.870628357 59.50502014
vertex 89.6108017 11.23255157 57.14411545
vertex 90.99202728 11.85356903 59.52722931

endloop
endfacet
facet normal 0.7449626327 -0.6634312272 -0.06992638111
outer loop
vertex 89.22402191 9.870628357 59.50502014
vertex 90.99202728 11.85356903 59.52722931
vertex 90.00191498 10.49285126 61.88894272

endloop
endfacet
facet normal 0.7348570228 -0.6734921336 -0.07995964587
outer loop
vertex 90.00191498 10.49285126 61.88894272
vertex 90.99202728 11.85356903 59.52722931
vertex 91.95738983 12.62386322 61.91113663

endloop
endfacet
facet normal 0.7364199758 -0.6753363609 -0.04008014873
outer loop
vertex 90.00191498 10.49286747 61.88894272
vertex 91.95735931 12.62386322 61.91113281
vertex 90.77165985 11.19077301 64.2725296

endloop
endfacet
facet normal 0.7377206683 -0.6740006208 -0.03861641511
outer loop
vertex 90.77165985 11.19077301 64.2725296
vertex 91.95735931 12.62386322 61.91113281
vertex 92.87300873 13.48944855 64.29582977

endloop
endfacet
facet normal 0.734614253 -0.6704854369 -0.103880696
outer loop
vertex 90.77169037 11.19077301 64.27253723
vertex 92.87300873 13.48946381 64.29582977
vertex 91.72704315 11.86832428 66.6553421

endloop
endfacet
facet normal 0.7229423523 -0.6809719205 -0.1167543754
outer loop
vertex 91.72704315 11.86832428 66.6553421
vertex 92.87300873 13.48946381 64.29582977
vertex 93.97054291 14.24599457 66.67927551

endloop
endfacet
facet normal 0.7270468473 -0.6856608987 -0.03566642106
outer loop
vertex 91.72701263 11.86829376 66.65532684
vertex 93.97051239 14.24596405 66.67926788
vertex 92.68938446 12.76470184 69.04013062

endloop
endfacet
facet normal 0.6896156073 -0.7200133204 -0.0775321424
outer loop
vertex 92.68938446 12.76470184 69.04013062
vertex 93.97051239 14.24596405 66.67926788
vertex 95.14855194 15.11759186 69.06293488

endloop
endfacet
facet normal 0.691308856 -0.722555995 0.002215021057
outer loop
vertex 92.68938446 12.76470184 69.04013062
vertex 95.14855194 15.11759186 69.06293488
vertex 93.58315277 13.6271286 71.42461395

endloop
endfacet
facet normal 0.6815730333 -0.7316818237 -0.009997562505
outer loop
vertex 93.58315277 13.6271286 71.42461395
vertex 95.14855194 15.11759186 69.06293488
vertex 96.19072723 16.05583954 71.44549561

endloop
endfacet
facet normal 0.678145349 -0.7271721363 -0.1064868644
outer loop
vertex 93.58315277 13.6271286 71.42461395
vertex 96.19072723 16.05583954 71.44549561
vertex 94.47405243 14.10932159 73.80539703

endloop
endfacet
facet normal 0.7115340233 -0.7000966072 -0.05986608192
outer loop
vertex 94.47405243 14.10932159 73.80539703
vertex 96.19072723 16.05583954 71.44549561
vertex 97.06002045 16.73587799 73.82479095

endloop
endfacet
facet normal 0.710719943 -0.6991629601 -0.07776995748
outer loop
vertex 94.47405243 14.10932159 73.80539703
vertex 97.06002045 16.73587799 73.82479095
vertex 95.26906586 14.65267181 76.18602753

endloop
endfacet
facet normal 0.7087432146 -0.7008309364 -0.080740951
outer loop
vertex 95.26906586 14.65267181 76.18602753
vertex 97.06002045 16.73587799 73.82479095
vertex 97.94106293 17.3529129 76.20271301

endloop
endfacet
facet normal 0.7107345462 -0.7033700943 0.01126973983
outer loop
vertex 95.26906586 14.65267181 76.18602753
vertex 97.94106293 17.3529129 76.20271301
vertex 95.972435 15.40155792 78.56720734

endloop
endfacet
facet normal 0.7223998308 -0.6907627583 0.03138644993
outer loop
vertex 95.972435 15.40155792 78.56720734
vertex 97.94106293 17.3529129 76.20271301
vertex 98.68422699 18.23812103 78.57976532

endloop
endfacet
facet normal 0.7226576805 -0.6909562945 0.01857949048
outer loop
vertex 95.97240448 15.40154266 78.56720734
vertex 98.68419647 18.23809052 78.57975769
vertex 96.73314667 16.26119232 80.94747162

endloop
endfacet
facet normal 0.7466619611 -0.6622795463 0.06230290979
outer loop
vertex 96.73314667 16.26119232 80.94747162
vertex 98.68419647 18.23809052 78.57975769
vertex 99.36815643 19.23265839 80.95516968

endloop
endfacet
facet normal 0.7468447685 -0.6621201038 -0.06180480868
outer loop
vertex 96.73314667 16.26119232 80.94747162
vertex 99.36815643 19.23265839 80.95516968
vertex 97.54875946 16.95920563 83.32540131

endloop
endfacet
facet normal 0.8134393096 -0.5773460269 0.07062602788
outer loop
vertex 97.54875946 16.95920563 83.32540131
vertex 99.36815643 19.23265839 80.95516968
vertex 99.90886688 20.28498077 83.32991791

endloop
endfacet
facet normal 0.8117098212 -0.5761528611 0.09578666836
outer loop
vertex 97.54875946 16.95920563 83.32540131
vertex 99.90886688 20.28498077 83.32991791
vertex 97.87957001 17.82048798 85.70264435

endloop
endfacet
facet normal 0.8391237855 -0.510710597 0.1872059852
outer loop
vertex 97.87957001 17.82048798 85.70264435
vertex 99.90886688 20.28498077 83.32991791
vertex 100.1255112 21.51137543 85.70452881

endloop
endfacet
facet normal 0.8377296329 -0.5098664761 0.1955640912
outer loop
vertex 97.87957001 17.82048798 85.70264435
vertex 100.1255112 21.51137543 85.70452881
vertex 97.75298309 18.52353668 88.07785797

endloop
endfacet
facet normal 0.839399755 -0.5030273199 0.2058437616
outer loop
vertex 97.75298309 18.52353668 88.07785797
vertex 100.1255112 21.51137543 85.70452881
vertex 100.2275925 22.65326691 88.07873535

endloop
endfacet
facet normal 0.8399577141 -0.5033631921 0.2027224451
outer loop
vertex 97.75301361 18.5235672 88.07785797
vertex 100.227623 22.65328217 88.07874298
vertex 98.23812103 20.28939056 90.45243835

endloop
endfacet
facet normal 0.8487059474 -0.4691469371 0.2441297472
outer loop
vertex 98.23812103 20.28939056 90.45243835
vertex 100.227623 22.65328217 88.07874298
vertex 100.561821 24.49321747 90.45274353

endloop
endfacet
facet normal 0.8704265952 -0.4811430573 0.1042056531
outer loop
vertex 98.23812103 20.28939056 90.45243835
vertex 100.561821 24.49321747 90.45274353
vertex 98.93547821 22.06519318 92.82675171

endloop
endfacet
facet normal 0.8895661831 -0.4198415577 0.1800137311
outer loop
vertex 98.93547821 22.06519318 92.82675171
vertex 100.561821 24.49321747 90.45274353
vertex 100.9608994 26.35669708 92.82678223

endloop
endfacet
facet normal 0.8942577839 -0.4220556021 0.1489027292
outer loop
vertex 98.93547821 22.06519318 92.82675171
vertex 100.9608994 26.35669708 92.82678223
vertex 99.4156723 23.92023468 95.20087433

endloop
endfacet
facet normal 0.8965827823 -0.4131269157 0.1595792174
outer loop
vertex 99.4156723 23.92023468 95.20087433
vertex 100.9608994 26.35669708 92.82678223
vertex 101.3928757 28.21123505 95.20088196

endloop
endfacet
facet normal 0.88127321 -0.4060727358 0.2417904586
outer loop
vertex 99.4156723 23.92023468 95.20087433
vertex 101.3928757 28.21123505 95.20088196
vertex 99.62822723 25.79515839 97.57498169

endloop
endfacet
facet normal 0.8812571764 -0.4061786532 0.2416706681
outer loop
vertex 99.62822723 25.79515839 97.57498169
vertex 101.3928757 28.21123505 95.20088196
vertex 101.5940475 30.06026459 97.57498932

endloop
endfacet
facet normal 0.8872119188 -0.4089232087 0.2136276662
outer loop
vertex 99.62822723 25.79515839 97.57498169
vertex 101.5940475 30.06026459 97.57498932
vertex 99.74752045 27.29425812 99.94910431

endloop
endfacet
facet normal 0.8920667768 -0.3409313262 0.2966187894
outer loop
vertex 99.74752045 27.29425812 99.94910431
vertex 101.5940475 30.06026459 97.57498932
vertex 101.442894 31.73030853 99.94911194

endloop
endfacet
facet normal 0.9193599224 -0.3513620496 0.1769802421
outer loop
vertex 99.74752045 27.29425812 99.94910431
vertex 101.442894 31.73030853 99.94911194
vertex 99.7453537 28.48439789 102.3231659

endloop
endfacet
facet normal 0.9195897579 -0.2775438428 0.2780720592
outer loop
vertex 99.7453537 28.48439789 102.3231659
vertex 101.442894 31.73030853 99.94911194
vertex 101.1266708 33.0611496 102.3231812

endloop
endfacet
facet normal 0.9230207801 -0.2785745859 0.2653842866
outer loop
vertex 99.74538422 28.48441315 102.3231659
vertex 101.1266708 33.06113434 102.3231735
vertex 99.28243256 29.21212006 104.6972122

endloop
endfacet
facet normal 0.9231494665 -0.279542625 0.2639149129
outer loop
vertex 99.28243256 29.21212006 104.6972122
vertex 101.1266708 33.06113434 102.3231735
vertex 100.6737595 33.80678558 104.6972198

endloop
endfacet
facet normal 0.8821980953 -0.2671421766 0.3877648413
outer loop
vertex 99.28243256 29.21212006 104.6972122
vertex 100.6737595 33.80678558 104.6972198
vertex 98.27675629 29.33699799 107.0712433

endloop
endfacet
facet normal 0.8976754546 -0.3211206794 0.3017618358
outer loop
vertex 98.27675629 29.33699799 107.0712433
vertex 100.6737595 33.80678558 104.6972198
vertex 99.94753265 34.00759125 107.0712738

endloop
endfacet
facet normal 0.8403283358 -0.3006072938 0.4510915279
outer loop
vertex 98.27675629 29.33699799 107.0712433
vertex 99.94753265 34.00759125 107.0712738
vertex 96.89263153 29.0303421 109.445343

endloop
endfacet
facet normal 0.8564519882 -0.3406611085 0.3878660202
outer loop
vertex 96.89263153 29.0303421 109.445343
vertex 99.94753265 34.00759125 107.0712738
vertex 98.81426239 33.86153412 109.4453812

endloop
endfacet
facet normal 0.8245265484 -0.3279580176 0.4610851705
outer loop
vertex 96.89266205 29.03035736 109.4453506
vertex 98.81426239 33.86154938 109.4453888
vertex 95.52913666 28.94013214 111.8194733

endloop
endfacet
facet normal 0.8291019201 -0.3389438987 0.4446427524
outer loop
vertex 95.52913666 28.94013214 111.8194733
vertex 98.81426239 33.86154938 109.4453888
vertex 97.53069305 33.83623505 111.8194962

endloop
endfacet
facet normal 0.829199791 -0.3389839828 0.4444292784
outer loop
vertex 95.52913666 28.94013214 111.8194733
vertex 97.53069305 33.83623505 111.8194962
vertex 94.61934662 29.82733917 114.193634

endloop
endfacet
facet normal 0.8396098018 -0.3797084093 0.3884288371
outer loop
vertex 94.61934662 29.82733917 114.193634
vertex 97.53069305 33.83623505 111.8194962
vertex 96.64586639 34.30838776 114.1936493

endloop
endfacet
facet normal 0.8288704157 -0.3748478591 0.4152864218
outer loop
vertex 94.61934662 29.82733917 114.193634
vertex 96.64583588 34.30835724 114.1936417
vertex 93.74858856 30.53218842 116.5677948

endloop
endfacet
facet normal 0.8306626678 -0.3836088479 0.4035390317
outer loop
vertex 93.74858856 30.53218842 116.5677948
vertex 96.64583588 34.30835724 114.1936417
vertex 95.70107269 34.76009369 116.5678101

endloop
endfacet
facet normal 0.8009649515 -0.3698944449 0.4707793593
outer loop
vertex 93.74858856 30.53218842 116.5677948
vertex 95.70107269 34.76009369 116.5678101
vertex 92.51335907 30.87899017 118.9418488

endloop
endfacet
facet normal 0.7886821628 -0.3307787776 0.5182334185
outer loop
vertex 92.51335907 30.87899017 118.9418488
vertex 95.70107269 34.76009369 116.5678101
vertex 94.31252289 35.16883087 118.9418869

endloop
endfacet
facet normal 0.7414378524 -0.310965091 0.5946180224
outer loop
vertex 92.51335907 30.87899017 118.9418488
vertex 94.31252289 35.16883087 118.9418869
vertex 90.91002655 31.59601593 121.3160477

endloop
endfacet
facet normal 0.7410356998 -0.309869647 0.5956901908
outer loop
vertex 90.91002655 31.59601593 121.3160477
vertex 94.31252289 35.16883087 118.9418869
vertex 92.66350555 35.78939056 121.3160629

endloop
endfacet
facet normal 0.6434414983 -0.2690619528 0.716651082
outer loop
vertex 90.91005707 31.59604645 121.3160706
vertex 92.66353607 35.78942108 121.3160934
vertex 88.76207733 32.7831955 123.6903305

endloop
endfacet
facet normal 0.6699985862 -0.3543053865 0.6523569226
outer loop
vertex 88.76207733 32.7831955 123.6903305
vertex 92.66353607 35.78942108 121.3160934
vertex 90.82982635 36.69333649 123.6903229

endloop
endfacet
facet normal 0.6003957391 -0.3174980283 0.7339754701
outer loop
vertex 88.76207733 32.7831955 123.6903305
vertex 90.82982635 36.69333649 123.6903229
vertex 86.4681015 33.93410492 126.0646667

endloop
endfacet
facet normal 0.614425838 -0.3730239868 0.6952222586
outer loop
vertex 86.4681015 33.93410492 126.0646667
vertex 90.82982635 36.69333649 123.6903229
vertex 88.7543869 37.69991302 126.0646439

endloop
endfacet
facet normal 0.6088238955 -0.3696230054 0.7019346952
outer loop
vertex 86.4681015 33.93410492 126.0646667
vertex 88.7543869 37.69991302 126.0646439
vertex 84.40343475 35.04227448 128.4389954

endloop
endfacet
facet normal 0.6024723053 -0.3420930505 0.7211099267
outer loop
vertex 84.40343475 35.04227448 128.4389954
vertex 88.7543869 37.69991302 126.0646439
vertex 86.50441742 38.74245453 128.4390259

endloop
endfacet
facet normal 0.6123597026 -0.3477034271 0.7100126743
outer loop
vertex 84.40343475 35.04228973 128.4389954
vertex 86.5043869 38.74245453 128.4390259
vertex 82.25173187 36.10129547 130.8133698

endloop
endfacet
facet normal 0.6092252731 -0.3346399963 0.7189301252
outer loop
vertex 82.25173187 36.10129547 130.8133698
vertex 86.5043869 38.74245453 128.4390259
vertex 84.21923065 39.68343353 130.8134766

endloop
endfacet
facet normal 0.6156219244 -0.3381531835 0.7118018866
outer loop
vertex 82.25173187 36.10129547 130.8133698
vertex 84.21923065 39.68343353 130.8134766
vertex 80.08690643 37.15526581 133.1863861

endloop
endfacet
facet normal 0.6128891706 -0.326336354 0.719632864
outer loop
vertex 80.08690643 37.15526581 133.1863861
vertex 84.21923065 39.68343353 130.8134766
vertex 81.93508148 40.6299057 133.1880188

endloop
endfacet
facet normal 0.6319331527 -0.3364574909 0.6981810927
outer loop
vertex 80.08690643 37.15526581 133.1863861
vertex 81.93508148 40.62992096 133.1880341
vertex 78.16658783 38.45566559 135.5511627

endloop
endfacet
facet normal 0.6217047572 -0.284347713 0.7298147082
outer loop
vertex 78.16658783 38.45566559 135.5511627
vertex 81.93508148 40.62992096 133.1880341
vertex 79.71678925 41.87439728 135.5625916

endloop
endfacet
facet normal 0.5995848775 -0.2743911445 0.7518028021
outer loop
vertex 78.16658783 38.45566559 135.5511627
vertex 79.71678925 41.87439728 135.5625916
vertex 76.01894379 40.25795746 137.9217682

endloop
endfacet
facet normal 0.5966771841 -0.2539818883 0.761228919
outer loop
vertex 76.01894379 40.25795746 137.9217682
vertex 79.71678925 41.87439728 135.5625916
vertex 77.39702606 43.54047394 137.9367828

endloop
endfacet
facet normal 0.5017886758 -0.2144964039 0.8379734159
outer loop
vertex 76.01894379 40.25795746 137.9217682
vertex 77.39702606 43.54047394 137.9367828
vertex 73.18315887 42.94698334 140.3081818

endloop
endfacet
facet normal 0.5012799501 -0.2536883652 0.8272609115
outer loop
vertex 73.18315887 42.94698334 140.3081818
vertex 77.39702606 43.54047394 137.9367828
vertex 74.65694427 45.86565399 140.3101807

endloop
endfacet
facet normal 0.3963198662 -0.2007309645 0.8959004283
outer loop
vertex 73.18315887 42.9469986 140.308197
vertex 74.65694427 45.86566925 140.3101807
vertex 69.73970795 46.75022125 142.683609

endloop
endfacet
facet normal 0.3750854135 -0.2832416296 0.8826580048
outer loop
vertex 69.73970795 46.75022125 142.683609
vertex 74.65694427 45.86566925 140.3101807
vertex 71.48784637 49.06516266 142.6835938

endloop
endfacet
facet normal 0.2907455862 -0.2195516974 0.9312701225
outer loop
vertex 69.73970795 46.75022125 142.683609
vertex 71.48784637 49.06516266 142.6835938
vertex 64.969841 51.51467133 145.2960205

endloop
endfacet
facet normal 0.2637726367 -0.281932354 0.922463119
outer loop
vertex 64.969841 51.51467133 145.2960205
vertex 71.48784637 49.06516266 142.6835938
vertex 66.64492035 53.08185577 145.2960205

endloop
endfacet
facet normal 0.1621031165 -0.1732633114 0.9714434743
outer loop
vertex 64.96981049 51.51467133 145.2960052
vertex 66.64488983 53.08185577 145.2960052
vertex 52.09568024 60.56044769 149.057663

endloop
endfacet
facet normal -0.100969471 -0.5990855098 0.7942931652
outer loop
vertex 52.09568024 60.56044769 149.057663
vertex 66.64488983 53.08185577 145.2960052
vertex 52.09571075 60.56046295 149.0576782

endloop
endfacet
facet normal 0.4584310353 0.8887299895 0
outer loop
vertex 76.23400116 15.21146393 48.43406296
vertex 76.23400116 15.21146393 48.43406677
vertex 85.88262177 10.23444366 52.13775253

endloop
endfacet
facet normal 0.2874611616 -0.1470192969 -0.946441412
outer loop
vertex 85.88262177 10.23444366 52.13775253
vertex 76.23400116 15.21146393 48.43406677
vertex 87.38890839 12.98665619 52.16772842

endloop
endfacet
facet normal 0.7341622114 -0.3957985342 -0.5516786575
outer loop
vertex 85.88262177 10.23444366 52.13775253
vertex 87.38890839 12.98665619 52.16772842
vertex 88.01067352 10.52902985 54.75836945

endloop
endfacet
facet normal 0.7555524707 -0.3750331402 -0.5371131897
outer loop
vertex 88.01067352 10.52902985 54.75836945
vertex 87.38890839 12.98665619 52.16772842
vertex 89.80886078 14.09497833 54.79798126

endloop
endfacet
facet normal 0.8103780746 -0.4039317667 -0.4244131148
outer loop
vertex 88.01067352 10.52902985 54.75836945
vertex 89.80886078 14.09497833 54.79798126
vertex 89.6108017 11.23253632 57.14411163

endloop
endfacet
facet normal 0.7911362648 -0.4195362926 -0.4450761378
outer loop
vertex 89.6108017 11.23253632 57.14411163
vertex 89.80886078 14.09497833 54.79798126
vertex 91.72249603 15.16756439 57.18848801

endloop
endfacet
facet normal 0.8227804303 -0.4374448955 -0.3628695309
outer loop
vertex 89.6108017 11.23253632 57.14411163
vertex 91.72249603 15.16756439 57.18848801
vertex 90.99199677 11.85355377 59.52722549

endloop
endfacet
facet normal 0.7880616784 -0.4613439441 -0.4075789452
outer loop
vertex 90.99199677 11.85355377 59.52722549
vertex 91.72249603 15.16756439 57.18848801
vertex 93.53826141 16.15976715 59.57621765

endloop
endfacet
facet normal 0.8473222852 -0.4989522099 -0.181911096
outer loop
vertex 90.99199677 11.85355377 59.52722549
vertex 93.53826141 16.15976715 59.57621765
vertex 91.95738983 12.62384796 61.91113281

endloop
endfacet
facet normal 0.8037323356 -0.5334100723 -0.2636058331
outer loop
vertex 91.95738983 12.62384796 61.91113281
vertex 93.53826141 16.15976715 59.57621765
vertex 94.98625946 17.1634903 61.9601059

endloop
endfacet
facet normal 0.826649785 -0.5502768755 -0.1176674739
outer loop
vertex 91.95735931 12.62384796 61.91113281
vertex 94.98622894 17.16347504 61.9601059
vertex 92.87300873 13.48944855 64.29582977

endloop
endfacet
facet normal 0.7976694107 -0.5748211145 -0.1824943572
outer loop
vertex 92.87300873 13.48944855 64.29582977
vertex 94.98622894 17.16347504 61.9601059
vertex 96.29018402 18.21807098 64.33782959

endloop
endfacet
facet normal 0.7973329425 -0.5745575428 -0.1847804189
outer loop
vertex 92.87303925 13.48946381 64.29582977
vertex 96.29021454 18.21808624 64.33782959
vertex 93.97054291 14.24597931 66.67927551

endloop
endfacet
facet normal 0.7598705888 -0.5963272452 -0.2588253319
outer loop
vertex 93.97054291 14.24597931 66.67927551
vertex 96.29021454 18.21808624 64.33782959
vertex 97.84838104 19.17311859 66.71199036

endloop
endfacet
facet normal 0.7761321068 -0.6097746491 -0.1606041789
outer loop
vertex 93.97051239 14.24596405 66.67926788
vertex 97.84832001 19.17308807 66.71199036
vertex 95.14855194 15.1175766 69.06293488

endloop
endfacet
facet normal 0.7102909684 -0.6412011981 -0.2904270291
outer loop
vertex 95.14855194 15.1175766 69.06293488
vertex 97.84832001 19.17308807 66.71199036
vertex 99.62856293 20.06981659 69.08610535

endloop
endfacet
facet normal 0.7403740883 -0.6694927812 -0.06021235138
outer loop
vertex 95.14855194 15.1175766 69.06293488
vertex 99.62856293 20.06981659 69.08610535
vertex 96.19072723 16.05580902 71.44549561

endloop
endfacet
facet normal 0.7044640183 -0.6931135654 -0.1527224183
outer loop
vertex 96.19072723 16.05580902 71.44549561
vertex 99.62856293 20.06981659 69.08610535
vertex 101.0907211 21.03279877 71.46022797

endloop
endfacet
facet normal 0.7114121914 -0.700229466 -0.0597608313
outer loop
vertex 96.19072723 16.05580902 71.44549561
vertex 101.0907211 21.03279877 71.46022797
vertex 97.05995941 16.73586273 73.82479095

endloop
endfacet
facet normal 0.7373962402 -0.6747567058 0.03082258254
outer loop
vertex 97.05995941 16.73586273 73.82479095
vertex 101.0907211 21.03279877 71.46022797
vertex 101.8933029 22.01833344 73.83431244

endloop
endfacet
facet normal 0.7343265414 -0.6717162132 -0.09778414667
outer loop
vertex 97.05995941 16.73586273 73.82479095
vertex 101.8933029 22.01833344 73.83431244
vertex 97.94103241 17.35289764 76.20271301

endloop
endfacet
facet normal 0.7811530232 -0.6185010672 0.08518455178
outer loop
vertex 97.94103241 17.35289764 76.20271301
vertex 101.8933029 22.01833344 73.83431244
vertex 102.4665451 23.06929779 76.20836639

endloop
endfacet
facet normal 0.7839739919 -0.6206362844 -0.01397298556
outer loop
vertex 97.94103241 17.35289764 76.20271301
vertex 102.4665451 23.06929779 76.20836639
vertex 98.68416595 18.23809052 78.57975769

endloop
endfacet
facet normal 0.8032899499 -0.590401113 0.0784336254
outer loop
vertex 98.68416595 18.23809052 78.57975769
vertex 102.4665451 23.06929779 76.20836639
vertex 103.1371689 24.29712677 78.58242798

endloop
endfacet
facet normal 0.8056806326 -0.592136085 0.01592670195
outer loop
vertex 98.68413544 18.23809052 78.57975006
vertex 103.1371689 24.29711151 78.58242035
vertex 99.36812592 19.23264313 80.95516205

endloop
endfacet
facet normal 0.8289918303 -0.5167884231 0.213781029
outer loop
vertex 99.36812592 19.23264313 80.95516205
vertex 103.1371689 24.29711151 78.58242035
vertex 103.3904037 25.68540192 80.95645142

endloop
endfacet
facet normal 0.8479072452 -0.528544724 0.04115593433
outer loop
vertex 99.36812592 19.23264313 80.95516205
vertex 103.3904037 25.68540192 80.95645142
vertex 99.90883636 20.28498077 83.32991791

endloop
endfacet
facet normal 0.85899055 -0.4353626966 0.2694335282
outer loop
vertex 99.90883636 20.28498077 83.32991791
vertex 103.3904037 25.68540192 80.95645142
vertex 103.3841171 27.14226532 83.33055878

endloop
endfacet
facet normal 0.881839633 -0.446931541 0.1503699124
outer loop
vertex 99.90883636 20.28498077 83.32991791
vertex 103.3841171 27.14226532 83.33055878
vertex 100.1254807 21.51137543 85.70452118

endloop
endfacet
facet normal 0.8805273175 -0.4074879587 0.242126286
outer loop
vertex 100.1254807 21.51137543 85.70452118
vertex 103.3841171 27.14226532 83.33055878
vertex 103.5177536 28.84171295 85.70466614

endloop
endfacet
facet normal 0.8957141042 -0.4145143628 0.1608542502
outer loop
vertex 100.1254807 21.51137543 85.70452118
vertex 103.5177536 28.84171295 85.70466614
vertex 100.227562 22.65328217 88.07872772

endloop
endfacet
facet normal 0.8946741819 -0.3973804116 0.2040757388
outer loop
vertex 100.227562 22.65328217 88.07872772
vertex 103.5177536 28.84171295 85.70466614
vertex 103.7940598 30.68300629 88.07873535

endloop
endfacet
facet normal 0.8985053897 -0.3990820646 0.1828158945
outer loop
vertex 100.2275925 22.65329742 88.07872772
vertex 103.7940903 30.68302155 88.07873535
vertex 100.5617905 24.49323273 90.4527359

endloop
endfacet
facet normal 0.898837626 -0.4071370065 0.1622663289
outer loop
vertex 100.5617905 24.49323273 90.4527359
vertex 103.7940903 30.68302155 88.07873535
vertex 104.2609482 32.65987396 90.4527359

endloop
endfacet
facet normal 0.8979167342 -0.406719923 0.168298766
outer loop
vertex 100.5617905 24.49323273 90.4527359
vertex 104.2609482 32.65987396 90.4527359
vertex 100.9608994 26.35671234 92.8267746

endloop
endfacet
facet normal 0.8632069826 -0.2986185551 0.407063365
outer loop
vertex 100.9608994 26.35671234 92.8267746
vertex 104.2609482 32.65987396 90.4527359
vertex 103.8575363 34.72992706 92.8267746

endloop
endfacet
facet normal 0.9417765737 -0.3257989883 0.08313764632
outer loop
vertex 100.9608994 26.35671234 92.8267746
vertex 103.8575363 34.72992706 92.8267746
vertex 101.3928757 28.21123505 95.2008667

endloop
endfacet
facet normal 0.8720723987 -0.161474824 0.4619694352
outer loop
vertex 101.3928757 28.21123505 95.2008667
vertex 103.8575363 34.72992706 92.8267746
vertex 102.9829025 36.79846954 95.20087433

endloop
endfacet
facet normal 0.9816091657 -0.1817564666 0.05837884918
outer loop
vertex 101.3928757 28.21123505 95.2008667
vertex 102.9829025 36.79846954 95.20087433
vertex 101.5940475 30.06024933 97.57498169

endloop
endfacet
facet normal 0.9612204432 -0.1088435724 0.2533936799
outer loop
vertex 101.5940475 30.06024933 97.57498169
vertex 102.9829025 36.79846954 95.20087433
vertex 102.5784225 38.75347137 97.57498169

endloop
endfacet
facet normal 0.9837230444 -0.1113916561 0.1409996599
outer loop
vertex 101.5940475 30.06024933 97.57498169
vertex 102.5784225 38.75347137 97.57498169
vertex 101.4428635 31.73027802 99.94910431

endloop
endfacet
facet normal 0.9860665798 -0.1207580864 0.1144125536
outer loop
vertex 101.4428635 31.73027802 99.94910431
vertex 102.5784225 38.75347137 97.57498169
vertex 102.5084457 40.43143463 99.94910431

endloop
endfacet
facet normal 0.9732431769 -0.1191876829 0.1964481473
outer loop
vertex 101.4428635 31.73027802 99.94910431
vertex 102.5084457 40.43143463 99.94910431
vertex 101.1266403 33.06110382 102.3231659

endloop
endfacet
facet normal 0.9841159582 -0.1592013538 0.07855318487
outer loop
vertex 101.1266403 33.06110382 102.3231659
vertex 102.5084457 40.43143463 99.94910431
vertex 102.5372238 41.78073883 102.3231659

endloop
endfacet
facet normal 0.9602380991 -0.1553349793 0.2319781184
outer loop
vertex 101.1266403 33.06110382 102.3231659
vertex 102.5371933 41.78075409 102.3231659
vertex 100.6737289 33.80675507 104.6972198

endloop
endfacet
facet normal 0.9708961248 -0.1797789931 0.1582410485
outer loop
vertex 100.6737289 33.80675507 104.6972198
vertex 102.5371933 41.78075409 102.3231659
vertex 102.3340683 42.77341461 104.6972198

endloop
endfacet
facet normal 0.9375357032 -0.1736017168 0.3014782965
outer loop
vertex 100.6737289 33.80675507 104.6972198
vertex 102.3340683 42.77341461 104.6972198
vertex 99.94750214 34.00754547 107.0712585

endloop
endfacet
facet normal 0.9358544946 -0.1714077145 0.3078893125
outer loop
vertex 99.94750214 34.00754547 107.0712585
vertex 102.3340683 42.77341461 104.6972198
vertex 101.6455307 43.27849579 107.0712738

endloop
endfacet
facet normal 0.8941503167 -0.1637695283 0.4167431295
outer loop
vertex 99.94750214 34.00754547 107.0712585
vertex 101.6455307 43.27849579 107.0712738
vertex 98.81423187 33.86151886 109.4453812

endloop
endfacet
facet normal 0.9282935858 -0.2000811249 0.3134302795
outer loop
vertex 98.81423187 33.86151886 109.4453812
vertex 101.6455307 43.27849579 107.0712738
vertex 100.8682785 43.3914566 109.4453888

endloop
endfacet
facet normal 0.8650687337 -0.1864509135 0.465716958
outer loop
vertex 98.81423187 33.86151886 109.4453888
vertex 100.868248 43.39147186 109.4453964
vertex 97.53066254 33.83621979 111.8194885

endloop
endfacet
facet normal 0.8920738697 -0.2125090808 0.3988030851
outer loop
vertex 97.53066254 33.83621979 111.8194885
vertex 100.868248 43.39147186 109.4453964
vertex 99.80919647 43.40110016 111.8194962

endloop
endfacet
facet normal 0.9004979134 -0.2145158052 0.378267765
outer loop
vertex 97.53066254 33.83621979 111.8194885
vertex 99.80919647 43.40110016 111.8194962
vertex 96.64583588 34.30835724 114.1936417

endloop
endfacet
facet normal 0.8956795931 -0.2091352642 0.3924546242
outer loop
vertex 96.64583588 34.30835724 114.1936417
vertex 99.80919647 43.40110016 111.8194962
vertex 98.7649765 43.3841629 114.1936417

endloop
endfacet
facet normal 0.8943541646 -0.208825767 0.395629108
outer loop
vertex 96.64580536 34.30834198 114.1936417
vertex 98.76494598 43.38414764 114.1936417
vertex 95.70104218 34.76007843 116.5678024

endloop
endfacet
facet normal 0.8754123449 -0.1884717345 0.445119828
outer loop
vertex 95.70104218 34.76007843 116.5678024
vertex 98.76494598 43.38414764 114.1936417
vertex 97.56557465 43.4204483 116.5678024

endloop
endfacet
facet normal 0.835311532 -0.1798381954 0.5195314884
outer loop
vertex 95.70104218 34.76007843 116.5678024
vertex 97.56557465 43.4204483 116.5678024
vertex 94.31246185 35.16881561 118.9418716

endloop
endfacet
facet normal 0.8250391483 -0.1702383757 0.5388221145
outer loop
vertex 94.31246185 35.16881561 118.9418716
vertex 97.56557465 43.4204483 116.5678024
vertex 96.06484222 43.66158295 118.9418945

endloop
endfacet
facet normal 0.789873004 -0.1629824042 0.5912168026
outer loop
vertex 94.31246185 35.16881561 118.9418716
vertex 96.06484222 43.66158295 118.9418945
vertex 92.66344452 35.78939056 121.3160553

endloop
endfacet
facet normal 0.8055491447 -0.177573368 0.565294981
outer loop
vertex 92.66344452 35.78939056 121.3160553
vertex 96.06484222 43.66158295 118.9418945
vertex 94.50969696 44.16483307 121.3160706

endloop
endfacet
facet normal 0.7491633296 -0.1651434302 0.6414685845
outer loop
vertex 92.66347504 35.78940582 121.3160706
vertex 94.50972748 44.16487885 121.3160858
vertex 90.82979584 36.69330597 123.6903076

endloop
endfacet
facet normal 0.7921333313 -0.207780838 0.5738919377
outer loop
vertex 90.82979584 36.69330597 123.6903076
vertex 94.50972748 44.16487885 121.3160858
vertex 92.97280121 44.8633194 123.6903534

endloop
endfacet
facet normal 0.7001975179 -0.1836666167 0.6899203062
outer loop
vertex 90.82979584 36.69330597 123.6903076
vertex 92.97280121 44.8633194 123.6903534
vertex 88.75435638 37.69988251 126.0646286

endloop
endfacet
facet normal 0.7409658432 -0.2268494815 0.6320671439
outer loop
vertex 88.75435638 37.69988251 126.0646286
vertex 92.97280121 44.8633194 123.6903534
vertex 91.17299652 45.60002899 126.0646515

endloop
endfacet
facet normal 0.6645237803 -0.2034469098 0.7190393209
outer loop
vertex 88.75435638 37.69988251 126.0646286
vertex 91.17299652 45.60002899 126.0646515
vertex 86.5043869 38.74243927 128.4389954

endloop
endfacet
facet normal 0.6997295618 -0.2438771427 0.6714927554
outer loop
vertex 86.5043869 38.74243927 128.4389954
vertex 91.17299652 45.60002899 126.0646515
vertex 89.14922333 46.33101654 128.4390106

endloop
endfacet
facet normal 0.6547549963 -0.2282049358 0.7205681801
outer loop
vertex 86.50435638 38.74245453 128.4390106
vertex 89.14922333 46.3310318 128.4390259
vertex 84.21920013 39.68343353 130.8134613

endloop
endfacet
facet normal 0.6416892409 -0.2126870304 0.7368846536
outer loop
vertex 84.21920013 39.68343353 130.8134613
vertex 89.14922333 46.3310318 128.4390259
vertex 86.66790009 47.07135773 130.8134766

endloop
endfacet
facet normal 0.6584125757 -0.2182298452 0.72032547
outer loop
vertex 84.21920013 39.68343353 130.8134613
vertex 86.66790009 47.07135773 130.8134766
vertex 81.93505096 40.62987518 133.1880188

endloop
endfacet
facet normal 0.6090269089 -0.1612010896 0.7765954137
outer loop
vertex 81.93505096 40.62987518 133.1880188
vertex 86.66790009 47.07135773 130.8134766
vertex 83.84404755 47.84224701 133.1880341

endloop
endfacet
facet normal 0.6709711552 -0.1775952727 0.7199011445
outer loop
vertex 81.93508148 40.62989044 133.1880188
vertex 83.84404755 47.84226227 133.1880493
vertex 79.71675873 41.87438202 135.5625763

endloop
endfacet
facet normal 0.6337149739 -0.1352152824 0.7616574764
outer loop
vertex 79.71675873 41.87438202 135.5625763
vertex 83.84404755 47.84226227 133.1880493
vertex 81.19539642 48.80458832 135.5626221

endloop
endfacet
facet normal 0.6572141051 -0.140228942 0.7405440807
outer loop
vertex 79.71675873 41.87438202 135.5625763
vertex 81.19539642 48.80458832 135.5626221
vertex 77.39702606 43.54045868 137.9367676

endloop
endfacet
facet normal 0.6533918977 -0.1355588734 0.7447836995
outer loop
vertex 77.39702606 43.54045868 137.9367676
vertex 81.19539642 48.80458832 135.5626221
vertex 78.76296234 50.12450409 137.9368134

endloop
endfacet
facet normal 0.5885843039 -0.1221141666 0.7991599441
outer loop
vertex 77.39702606 43.54045868 137.9367676
vertex 78.76296234 50.12450409 137.9368134
vertex 74.65691376 45.86563873 140.3101654

endloop
endfacet
facet normal 0.6141509414 -0.16164428 0.772456944
outer loop
vertex 74.65691376 45.86563873 140.3101654
vertex 78.76296234 50.12450409 137.9368134
vertex 76.23900604 51.87656403 140.3101501

endloop
endfacet
facet normal 0.5047212243 -0.13284114 0.8530004025
outer loop
vertex 74.65694427 45.86565399 140.3101654
vertex 76.23900604 51.87659454 140.3101654
vertex 71.48784637 49.0651474 142.6835938

endloop
endfacet
facet normal 0.5173612237 -0.1655058116 0.8396101594
outer loop
vertex 71.48784637 49.0651474 142.6835938
vertex 76.23900604 51.87659454 140.3101654
vertex 73.10982513 54.1352005 142.6835632

endloop
endfacet
facet normal 0.3891146779 -0.1244775727 0.912740469
outer loop
vertex 71.48784637 49.0651474 142.6835938
vertex 73.10982513 54.1352005 142.6835632
vertex 66.64488983 53.08184052 145.2960052

endloop
endfacet
facet normal 0.391661495 -0.1540385038 0.9071237445
outer loop
vertex 66.64488983 53.08184052 145.2960052
vertex 73.10982513 54.1352005 142.6835632
vertex 68.14104462 56.88608551 145.2960205

endloop
endfacet
facet normal 0.2095452398 -0.08241368085 0.9743196964
outer loop
vertex 66.64488983 53.08184052 145.2960052
vertex 68.1410141 56.88607025 145.2960205
vertex 52.09568024 60.56044769 149.057663

endloop
endfacet
facet normal 0 -0.7310553193 0.6823182702
outer loop
vertex 52.09568024 60.56044769 149.057663
vertex 68.1410141 56.88607025 145.2960205
vertex 52.0956955 60.56044769 149.057663

endloop
endfacet
endsolid
