solid 
facet normal 0 -0.755675 0.654946
outer loop
vertex 112.1324997 29.08104706 103.7969666
vertex 112.1325302 29.08104706 103.7969666
vertex 116.873497 32.48719025 107.7269669

endloop
endfacet
facet normal 0.5724874139 0.1360602081 -0.8085455298
outer loop
vertex 116.873497 32.48719025 107.7269669
vertex 112.1325302 29.08104706 103.7969666
vertex 116.2959518 34.69611359 107.6897507

endloop
endfacet
facet normal 0.8399575949 0.2111935169 -0.4998684525
outer loop
vertex 116.873497 32.48719025 107.7269669
vertex 116.2959518 34.69611359 107.6897507
vertex 118.0627975 34.57393646 110.6070633

endloop
endfacet
facet normal 0.8190259337 0.3095788062 -0.4830709696
outer loop
vertex 118.0627975 34.57393646 110.6070633
vertex 116.2959518 34.69611359 107.6897507
vertex 116.9479294 37.51570892 110.6021042

endloop
endfacet
facet normal 0.8039132357 0.3038038015 -0.5112990737
outer loop
vertex 118.0627975 34.57393646 110.6070633
vertex 116.9479294 37.51570892 110.6021042
vertex 119.1011887 36.22953033 113.2234421

endloop
endfacet
facet normal 0.8009802103 0.3478088081 -0.4872983992
outer loop
vertex 119.1011887 36.22953033 113.2234421
vertex 116.9479294 37.51570892 110.6021042
vertex 117.6282883 39.61621857 113.2196579

endloop
endfacet
facet normal 0.7978697419 0.3464493155 -0.4933322966
outer loop
vertex 119.1011887 36.22953033 113.2234421
vertex 117.6282883 39.61621857 113.2196579
vertex 119.9663925 37.90705109 115.8008041

endloop
endfacet
facet normal 0.7900076509 0.4469726384 -0.4196466208
outer loop
vertex 119.9663925 37.90705109 115.8008041
vertex 117.6282883 39.61621857 113.2196579
vertex 117.9474716 41.49044037 115.816803

endloop
endfacet
facet normal 0.7876667976 0.4456793666 -0.4253832698
outer loop
vertex 119.9663925 37.90705109 115.8008041
vertex 117.9474716 41.49044037 115.816803
vertex 120.3866196 39.60752106 118.360527

endloop
endfacet
facet normal 0.778159678 0.5067191124 -0.3710840642
outer loop
vertex 120.3866196 39.60752106 118.360527
vertex 117.9474716 41.49044037 115.816803
vertex 117.8538742 43.53443146 118.4116211

endloop
endfacet
facet normal 0.7893441319 0.5134881735 -0.3365498185
outer loop
vertex 120.3866196 39.60749054 118.3605194
vertex 117.8538437 43.5344162 118.4116211
vertex 120.474144 41.14646149 120.9138718

endloop
endfacet
facet normal 0.7914085984 0.5001857877 -0.3514065146
outer loop
vertex 120.474144 41.14646149 120.9138718
vertex 117.8538437 43.5344162 118.4116211
vertex 117.7776413 45.4837265 121.0146179

endloop
endfacet
facet normal 0.8290292025 0.5201833844 -0.2052313536
outer loop
vertex 120.4741745 41.14646149 120.9138794
vertex 117.7776413 45.48374176 121.0146255
vertex 120.3816452 42.2988205 123.4608994

endloop
endfacet
facet normal 0.8387748599 0.4469693899 -0.3109262884
outer loop
vertex 120.3816452 42.2988205 123.4608994
vertex 117.7776413 45.48374176 121.0146255
vertex 117.8538437 47.16030121 123.6303177

endloop
endfacet
facet normal 0.8641792536 0.4567103088 -0.211210534
outer loop
vertex 120.3816147 42.29878998 123.4608917
vertex 117.8537827 47.16025543 123.6303024
vertex 120.5254135 43.20566559 126.010231

endloop
endfacet
facet normal 0.8653100133 0.4389742017 -0.2419509739
outer loop
vertex 120.5254135 43.20566559 126.010231
vertex 117.8537827 47.16025543 123.6303024
vertex 117.8945541 48.52463531 126.2515259

endloop
endfacet
facet normal 0.8686828613 0.4399910569 -0.2275918126
outer loop
vertex 120.5254135 43.20566559 126.010231
vertex 117.8945541 48.52463531 126.2515259
vertex 120.7552414 44.07881927 128.57547

endloop
endfacet
facet normal 0.865796566 0.4752912819 -0.1565078348
outer loop
vertex 120.7552414 44.07881927 128.57547
vertex 117.8945541 48.52463531 126.2515259
vertex 117.7992477 49.56291962 128.8774109

endloop
endfacet
facet normal 0.8701050878 0.4760289788 -0.1277251095
outer loop
vertex 120.7552414 44.07881927 128.57547
vertex 117.7992477 49.56291962 128.8774109
vertex 120.7063217 44.86191559 131.1607971

endloop
endfacet
facet normal 0.871229291 0.4700498283 -0.1414661109
outer loop
vertex 120.7063217 44.86191559 131.1607971
vertex 117.7992477 49.56291962 128.8774109
vertex 117.6993637 50.54421234 131.5228119

endloop
endfacet
facet normal 0.8586475253 0.4677350521 -0.2096385509
outer loop
vertex 120.7063217 44.86191559 131.1607971
vertex 117.6993637 50.54421234 131.5228119
vertex 120.9500351 45.585289 133.7729645

endloop
endfacet
facet normal 0.8543547988 0.5057012439 -0.1197665259
outer loop
vertex 120.9500351 45.585289 133.7729645
vertex 117.6993637 50.54421234 131.5228119
vertex 117.5302048 51.46169281 134.1900787

endloop
endfacet
facet normal 0.836546123 0.5023592114 -0.2186913639
outer loop
vertex 120.9500351 45.585289 133.7729645
vertex 117.5302048 51.46169281 134.1900787
vertex 121.2019272 46.31845856 136.4206848

endloop
endfacet
facet normal 0.8275649548 0.5554098487 -0.08158580959
outer loop
vertex 121.2019272 46.31845856 136.4206848
vertex 117.5302048 51.46169281 134.1900787
vertex 117.2225876 52.31508636 136.8793945

endloop
endfacet
facet normal 0.8219633698 0.5551734567 -0.1271172166
outer loop
vertex 121.2018967 46.3184433 136.4206543
vertex 117.2225876 52.31505585 136.8793945
vertex 121.1420822 47.02040863 139.0996552

endloop
endfacet
facet normal 0.8188640475 0.565885365 -0.09610130638
outer loop
vertex 121.1420822 47.02040863 139.0996552
vertex 117.2225876 52.31505585 136.8793945
vertex 116.9833908 53.12128448 139.5886536

endloop
endfacet
facet normal 0.8186570406 0.5658847094 -0.09785338491
outer loop
vertex 121.1420822 47.02040863 139.0996552
vertex 116.9833908 53.12128448 139.5886536
vertex 120.9865341 47.71321869 141.8048248

endloop
endfacet
facet normal 0.7983636856 0.6016142368 0.02599318512
outer loop
vertex 120.9865341 47.71321869 141.8048248
vertex 116.9833908 53.12128448 139.5886536
vertex 116.3846359 53.79840851 142.3069305

endloop
endfacet
facet normal 0.7985705137 0.6003353596 0.04338821024
outer loop
vertex 120.9865341 47.71321869 141.8048248
vertex 116.3846359 53.79840851 142.3069305
vertex 120.2868881 48.44654083 144.5354614

endloop
endfacet
facet normal 0.808482945 0.5885148644 -0.002356060781
outer loop
vertex 120.2868881 48.44654083 144.5354614
vertex 116.3846359 53.79840851 142.3069305
vertex 115.6429672 54.82833099 145.0650177

endloop
endfacet
facet normal 0.8064351678 0.5755839944 0.1355190277
outer loop
vertex 120.2868881 48.44654083 144.5354614
vertex 115.6429672 54.82833099 145.0650177
vertex 119.0787277 49.48601532 147.309967

endloop
endfacet
facet normal 0.8236900568 0.5618621111 0.07645730674
outer loop
vertex 119.0787277 49.48601532 147.309967
vertex 115.6429672 54.82833099 145.0650177
vertex 114.5339279 56.07549286 147.8479004

endloop
endfacet
facet normal 0.8200455308 0.5698788762 -0.05256757513
outer loop
vertex 119.0787582 49.48601532 147.309967
vertex 114.5339584 56.07552338 147.8479156
vertex 118.4046555 50.71437836 150.110611

endloop
endfacet
facet normal 0.7978693247 0.6001263261 0.05703540519
outer loop
vertex 118.4046555 50.71437836 150.110611
vertex 114.5339584 56.07552338 147.8479156
vertex 113.0582199 57.77016449 150.6610413

endloop
endfacet
facet normal 0.7978100181 0.5996385217 0.06271255016
outer loop
vertex 118.4046555 50.71437836 150.110611
vertex 113.0582199 57.77016449 150.6610413
vertex 117.3376389 51.84160614 152.906662

endloop
endfacet
facet normal 0.7988576889 0.5986953378 0.05822600052
outer loop
vertex 117.3376389 51.84160614 152.906662
vertex 113.0582199 57.77016449 150.6610413
vertex 111.5968857 59.44663239 153.47258

endloop
endfacet
facet normal 0.7971366048 0.5934430361 0.1113493443
outer loop
vertex 117.3376389 51.84160614 152.906662
vertex 111.5968857 59.44663239 153.47258
vertex 116.2879257 52.73061371 155.6834106

endloop
endfacet
facet normal 0.7918075919 0.59640944 0.1316681653
outer loop
vertex 116.2879257 52.73061371 155.6834106
vertex 111.5968857 59.44663239 153.47258
vertex 110.2730331 60.59107208 156.2498779

endloop
endfacet
facet normal 0.7942860723 0.6017760634 0.08351773769
outer loop
vertex 116.2879257 52.73061371 155.6834106
vertex 110.2730331 60.59107208 156.2498779
vertex 115.4396591 53.46666718 158.4472198

endloop
endfacet
facet normal 0.7791656852 0.6097975373 0.1450783014
outer loop
vertex 115.4396591 53.46666718 158.4472198
vertex 110.2730331 60.59107208 156.2498779
vertex 109.0518112 61.49475861 159.0102386

endloop
endfacet
facet normal 0.7821698189 0.6156333685 0.09594773501
outer loop
vertex 115.4396591 53.46666718 158.4472198
vertex 109.0518112 61.49475861 159.0102386
vertex 114.5916367 54.11455536 161.2032623

endloop
endfacet
facet normal 0.7935102582 0.6072912812 0.03922659531
outer loop
vertex 114.5916367 54.11455536 161.2032623
vertex 109.0518112 61.49475861 159.0102386
vertex 108.2084274 62.41847992 161.7702484

endloop
endfacet
facet normal 0.791556716 0.6008649468 0.1113524139
outer loop
vertex 114.5916367 54.11455536 161.2032623
vertex 108.2084274 62.41847992 161.7702484
vertex 113.7968674 54.65265656 163.9493103

endloop
endfacet
facet normal 0.8026528358 0.5936865807 0.05731265619
outer loop
vertex 113.7968674 54.65265656 163.9493103
vertex 108.2084274 62.41847992 161.7702484
vertex 107.4208908 63.21759796 164.521698

endloop
endfacet
facet normal 0.8008939028 0.588994503 0.1079558805
outer loop
vertex 113.7968674 54.6526413 163.9493256
vertex 107.4208603 63.21759796 164.5217133
vertex 113.0251999 55.19852448 166.6958313

endloop
endfacet
facet normal 0.8051502109 0.586524725 0.08787444979
outer loop
vertex 113.0251999 55.19852448 166.6958313
vertex 107.4208603 63.21759796 164.5217133
vertex 106.5734482 63.96923065 167.2693024

endloop
endfacet
facet normal 0.8035184145 0.5833010674 0.118819274
outer loop
vertex 113.0251999 55.19852448 166.6958313
vertex 106.5734482 63.96923065 167.2693024
vertex 112.1904526 55.78720856 169.4508972

endloop
endfacet
facet normal 0.8246439099 0.5656494498 -0.001774987672
outer loop
vertex 112.1904526 55.78720856 169.4508972
vertex 106.5734482 63.96923065 167.2693024
vertex 106.0396957 64.75600433 170.0199585

endloop
endfacet
facet normal 0.815997839 0.5479198098 0.1842047125
outer loop
vertex 112.1904526 55.78720856 169.4508972
vertex 106.0396957 64.75600433 170.0199585
vertex 111.186058 56.34830475 172.2312164

endloop
endfacet
facet normal 0.8345100284 0.5398284197 0.110355325
outer loop
vertex 111.186058 56.34830475 172.2312164
vertex 106.0396957 64.75600433 170.0199585
vertex 105.2325363 65.44203949 172.7678223

endloop
endfacet
facet normal 0.8364900947 0.5435186028 0.06979908049
outer loop
vertex 111.186058 56.34832001 172.2312164
vertex 105.2325363 65.44203949 172.7678528
vertex 110.3762436 57.22780609 175.0877686

endloop
endfacet
facet normal 0.8168609738 0.5554555058 0.1555866301
outer loop
vertex 110.3762436 57.22780609 175.0877686
vertex 105.2325363 65.44203949 172.7678528
vertex 104.1332016 66.28670502 175.5240631

endloop
endfacet
facet normal 0.8236759305 0.5667679906 0.01822060533
outer loop
vertex 110.3762436 57.22780609 175.0877686
vertex 104.1332016 66.28670502 175.5240631
vertex 109.5092697 58.39437103 177.9929352

endloop
endfacet
facet normal 0.806961298 0.5816795826 0.1022858992
outer loop
vertex 109.5092697 58.39437103 177.9929352
vertex 104.1332016 66.28670502 175.5240631
vertex 103.0171432 67.34926605 178.286377

endloop
endfacet
facet normal 0.8072289824 0.5820100904 0.09821274877
outer loop
vertex 109.5092392 58.39434052 177.9929352
vertex 103.0170822 67.34923553 178.2863617
vertex 108.4313278 59.40537262 180.8610992

endloop
endfacet
facet normal 0.7842077613 0.5933377743 0.1815722734
outer loop
vertex 108.4313278 59.40537262 180.8610992
vertex 103.0170822 67.34923553 178.2863617
vertex 101.5743027 68.41243744 181.043396

endloop
endfacet
facet normal 0.7944185138 0.6033790708 0.06951844692
outer loop
vertex 108.4313278 59.40537262 180.8610992
vertex 101.5743027 68.41243744 181.043396
vertex 107.0790939 60.86431122 183.6509552

endloop
endfacet
facet normal 0.760461092 0.6206223369 0.1911199242
outer loop
vertex 107.0790939 60.86431122 183.6509552
vertex 101.5743027 68.41243744 181.043396
vertex 100.1607895 69.29918671 183.7881927

endloop
endfacet
facet normal 0.7631472349 0.6231505871 0.1711417288
outer loop
vertex 107.0790939 60.86431122 183.6509552
vertex 100.1607895 69.29918671 183.7881927
vertex 105.3642502 62.22003937 186.3613129

endloop
endfacet
facet normal 0.7421509027 0.6293215156 0.2305787504
outer loop
vertex 105.3642502 62.22003937 186.3613129
vertex 100.1607895 69.29918671 183.7881927
vertex 98.72847748 69.98467255 186.5273895

endloop
endfacet
facet normal 0.7524386048 0.6396868825 0.1569612622
outer loop
vertex 105.3642807 62.22005463 186.3613434
vertex 98.728508 69.98470306 186.52742
vertex 104.1871872 62.9409256 189.0662079

endloop
endfacet
facet normal 0.7115492225 0.6487172842 0.2699325979
outer loop
vertex 104.1871872 62.9409256 189.0662079
vertex 98.728508 69.98470306 186.52742
vertex 97.5298996 70.1649704 189.2537537

endloop
endfacet
facet normal 0.7317172289 0.6712354422 0.1184607148
outer loop
vertex 104.1871872 62.9409256 189.0662079
vertex 97.5298996 70.1649704 189.2537537
vertex 103.4647446 63.24906158 191.7826538

endloop
endfacet
facet normal 0.6908627748 0.6813155413 0.2419044077
outer loop
vertex 103.4647446 63.24906158 191.7826538
vertex 97.5298996 70.1649704 189.2537537
vertex 96.65453339 70.08672333 191.9741211

endloop
endfacet
facet normal 0.6866728663 0.6764609814 0.2662346363
outer loop
vertex 103.4647446 63.24906158 191.7826538
vertex 96.65453339 70.08672333 191.9741211
vertex 102.3686142 63.29669952 194.4887543

endloop
endfacet
facet normal 0.7012779117 0.6750373244 0.2292028069
outer loop
vertex 102.3686142 63.29669952 194.4887543
vertex 96.65453339 70.08672333 191.9741211
vertex 95.7710495 70.0797348 194.6978455

endloop
endfacet
facet normal 0.6455748081 0.6139199138 0.4542415738
outer loop
vertex 102.3686142 63.29671478 194.4887695
vertex 95.77108002 70.0797348 194.6978455
vertex 100.9553757 62.79610443 197.1738739

endloop
endfacet
facet normal 0.7471562028 0.6163570285 0.2487199455
outer loop
vertex 100.9553757 62.79610443 197.1738739
vertex 95.77108002 70.0797348 194.6978455
vertex 94.96169281 69.96364594 197.4169312

endloop
endfacet
facet normal 0.6583610773 0.5324985385 0.5319829583
outer loop
vertex 100.9553757 62.79610443 197.1738739
vertex 94.96169281 69.96364594 197.4169312
vertex 99.6674118 61.72606659 199.8388824

endloop
endfacet
facet normal 0.7856450081 0.5384048223 0.3047657013
outer loop
vertex 99.6674118 61.72606659 199.8388824
vertex 94.96169281 69.96364594 197.4169312
vertex 94.62664032 68.93416595 200.09935

endloop
endfacet
facet normal 0.6800813079 0.4548177421 0.5750045776
outer loop
vertex 99.6674118 61.72608185 199.8388977
vertex 94.62664032 68.93416595 200.0993652
vertex 98.25093842 60.48790741 202.4935913

endloop
endfacet
facet normal 0.7309169769 0.4572515786 0.5066372156
outer loop
vertex 98.25093842 60.48790741 202.4935913
vertex 94.62664032 68.93416595 200.0993652
vertex 93.93224335 67.11135101 202.7462921

endloop
endfacet
facet normal 0.6877852678 0.4260337651 0.587747097
outer loop
vertex 98.25093842 60.48790741 202.4935913
vertex 93.93224335 67.11135101 202.7462921
vertex 96.43264008 59.74080658 205.1629181

endloop
endfacet
facet normal 0.6333076358 0.4265633821 0.6457283497
outer loop
vertex 96.43264008 59.74080658 205.1629181
vertex 93.93224335 67.11135101 202.7462921
vertex 92.32506561 65.49105072 205.3929138

endloop
endfacet
facet normal 0.7013860345 0.4799433351 0.5269839168
outer loop
vertex 96.43264008 59.74080658 205.1629181
vertex 92.32506561 65.49105072 205.3929138
vertex 94.71190643 59.30738068 207.8478546

endloop
endfacet
facet normal 0.6065849662 0.4844075143 0.6303998828
outer loop
vertex 94.71190643 59.30738068 207.8478546
vertex 92.32506561 65.49105072 205.3929138
vertex 90.86217499 63.88106537 208.037674

endloop
endfacet
facet normal 0.6428171396 0.5176329017 0.5646612644
outer loop
vertex 94.71190643 59.30739594 207.8478546
vertex 90.86217499 63.88108063 208.037674
vertex 93.2589035 58.19217682 210.5243073

endloop
endfacet
facet normal 0.5578278899 0.5183385611 0.6481922269
outer loop
vertex 93.2589035 58.19217682 210.5243073
vertex 90.86217499 63.88108063 208.037674
vertex 89.70845795 61.82080841 210.6780853

endloop
endfacet
facet normal 0.550417006 0.5105623603 0.6605809331
outer loop
vertex 93.2589035 58.19217682 210.5243073
vertex 89.70845795 61.82080841 210.6780853
vertex 90.83946991 56.95224762 213.4985962

endloop
endfacet
facet normal 0.5260717869 0.5145058036 0.6771500707
outer loop
vertex 90.83946991 56.95224762 213.4985962
vertex 89.70845795 61.82080841 210.6780853
vertex 87.99776459 59.6939621 213.6231079

endloop
endfacet
facet normal 0.3345396817 0.3062677085 0.8912256956
outer loop
vertex 90.83943939 56.95223236 213.4985962
vertex 87.99776459 59.69394684 213.6230927
vertex 80.59990692 55.74645233 217.7565765

endloop
endfacet
facet normal 0.4767630696 -0.8790318966 0
outer loop
vertex 80.59990692 55.74645233 217.7565765
vertex 87.99776459 59.69394684 213.6230927
vertex 80.59990692 55.74645233 217.7565918

endloop
endfacet
facet normal -0.1845778227 0.6487121582 -0.7383112907
outer loop
vertex 112.1325302 29.08104706 103.7969666
vertex 112.1324997 29.08104706 103.7969742
vertex 116.2959518 34.69611359 107.6897507

endloop
endfacet
facet normal 0.6053718328 0.09867857397 -0.789802134
outer loop
vertex 116.2959518 34.69611359 107.6897507
vertex 112.1324997 29.08104706 103.7969742
vertex 116.0839767 35.98615265 107.6884537

endloop
endfacet
facet normal 0.9232232571 0.1513459831 -0.3532041311
outer loop
vertex 116.2959518 34.69611359 107.6897507
vertex 116.0839767 35.98615265 107.6884537
vertex 116.9479294 37.51570892 110.6021042

endloop
endfacet
facet normal 0.8716376424 0.2774153054 -0.4040896595
outer loop
vertex 116.9479294 37.51570892 110.6021042
vertex 116.0839767 35.98615265 107.6884537
vertex 116.442894 39.08550262 110.590416

endloop
endfacet
facet normal 0.8555158973 0.2719566822 -0.4406042993
outer loop
vertex 116.9479294 37.51570892 110.6021042
vertex 116.442894 39.08550262 110.590416
vertex 117.6282883 39.61621857 113.2196579

endloop
endfacet
facet normal 0.7935805321 0.4180007875 -0.4421599209
outer loop
vertex 117.6282883 39.61621857 113.2196579
vertex 116.442894 39.08550262 110.590416
vertex 116.7061386 41.35469818 113.2080917

endloop
endfacet
facet normal 0.8081620336 0.4259710908 -0.406722039
outer loop
vertex 117.6282883 39.61621857 113.2196579
vertex 116.7061386 41.35469818 113.2080917
vertex 117.9474716 41.49044037 115.816803

endloop
endfacet
facet normal 0.8261278868 0.383278966 -0.4130494595
outer loop
vertex 117.9474716 41.49044037 115.816803
vertex 116.7061386 41.35469818 113.2080917
vertex 116.9699326 43.60391998 115.8228073

endloop
endfacet
facet normal 0.8693873882 0.4029268026 -0.2860340774
outer loop
vertex 117.9474716 41.49044037 115.816803
vertex 116.9699326 43.60391998 115.8228073
vertex 117.8538742 43.53443146 118.4116211

endloop
endfacet
facet normal 0.8890008926 0.3509519398 -0.2941261232
outer loop
vertex 117.8538742 43.53443146 118.4116211
vertex 116.9699326 43.60391998 115.8228073
vertex 116.9008713 45.97740936 118.4461212

endloop
endfacet
facet normal 0.9032564163 0.3557360172 -0.2399578691
outer loop
vertex 117.8538437 43.5344162 118.4116211
vertex 116.9008713 45.9773941 118.4461136
vertex 117.7776413 45.4837265 121.0146179

endloop
endfacet
facet normal 0.8911335468 0.3917770684 -0.2288925648
outer loop
vertex 117.7776413 45.4837265 121.0146179
vertex 116.9008713 45.9773941 118.4461136
vertex 116.6773911 48.02194977 121.0755539

endloop
endfacet
facet normal 0.8798893094 0.3879960179 -0.2743243873
outer loop
vertex 117.7776413 45.48374176 121.0146255
vertex 116.6773911 48.02194977 121.0755615
vertex 117.8538437 47.16030121 123.6303177

endloop
endfacet
facet normal 0.8591800332 0.4497748613 -0.2439515442
outer loop
vertex 117.8538437 47.16030121 123.6303177
vertex 116.6773911 48.02194977 121.0755615
vertex 116.5034409 49.78702545 123.7172012

endloop
endfacet
facet normal 0.8583891392 0.4494564235 -0.2472994775
outer loop
vertex 117.8537827 47.16025543 123.6303024
vertex 116.5034409 49.78699493 123.717186
vertex 117.8945541 48.52463531 126.2515259

endloop
endfacet
facet normal 0.8572282195 0.4529639184 -0.2449150831
outer loop
vertex 117.8945541 48.52463531 126.2515259
vertex 116.5034409 49.78699493 123.717186
vertex 116.3981247 51.42150116 126.3715439

endloop
endfacet
facet normal 0.8759270906 0.4586729407 -0.1495691836
outer loop
vertex 117.8945541 48.52463531 126.2515259
vertex 116.3981247 51.42150116 126.3715439
vertex 117.7992477 49.56291962 128.8774109

endloop
endfacet
facet normal 0.8811130524 0.4437213242 -0.1635583937
outer loop
vertex 117.7992477 49.56291962 128.8774109
vertex 116.3981247 51.42150116 126.3715439
vertex 116.2274399 52.74115753 129.0321655

endloop
endfacet
facet normal 0.8860334754 0.4445919693 -0.1314636916
outer loop
vertex 117.7992477 49.56291962 128.8774109
vertex 116.2274399 52.74115753 129.0321655
vertex 117.6993637 50.54421234 131.5228119

endloop
endfacet
facet normal 0.8605489135 0.5054965019 -0.06268024445
outer loop
vertex 117.6993637 50.54421234 131.5228119
vertex 116.2274399 52.74115753 129.0321655
vertex 115.8208237 53.76407623 131.699173

endloop
endfacet
facet normal 0.8546841741 0.5051909089 -0.1195700839
outer loop
vertex 117.6993637 50.54421234 131.5228119
vertex 115.8208237 53.76407623 131.699173
vertex 117.5302048 51.46169281 134.1900787

endloop
endfacet
facet normal 0.8199813962 0.5713427663 -0.03461012989
outer loop
vertex 117.5302048 51.46169281 134.1900787
vertex 115.8208237 53.76407623 131.699173
vertex 115.3303757 54.63039398 134.3806458

endloop
endfacet
facet normal 0.8157675862 0.5716332793 -0.08808333427
outer loop
vertex 117.5302048 51.46169281 134.1900787
vertex 115.3303757 54.63039398 134.3806458
vertex 117.2225876 52.31508636 136.8793945

endloop
endfacet
facet normal 0.8134018779 0.5758367777 -0.08239699155
outer loop
vertex 117.2225876 52.31508636 136.8793945
vertex 115.3303757 54.63039398 134.3806458
vertex 114.9311142 55.58187103 137.0886993

endloop
endfacet
facet normal 0.8115845323 0.5756727457 -0.09965657443
outer loop
vertex 117.2225876 52.31505585 136.8793945
vertex 114.9310837 55.58185577 137.0886993
vertex 116.9833908 53.12128448 139.5886536

endloop
endfacet
facet normal 0.7957268357 0.6026697159 -0.06006667763
outer loop
vertex 116.9833908 53.12128448 139.5886536
vertex 114.9310837 55.58185577 137.0886993
vertex 114.529747 56.38259125 139.8060913

endloop
endfacet
facet normal 0.7996675372 0.5998482108 0.026720291
outer loop
vertex 116.9833908 53.12128448 139.5886536
vertex 114.529747 56.38259125 139.8060913
vertex 116.3846359 53.79840851 142.3069305

endloop
endfacet
facet normal 0.8083732128 0.5886068344 0.008647176437
outer loop
vertex 116.3846359 53.79840851 142.3069305
vertex 114.529747 56.38259125 139.8060913
vertex 113.9164963 57.18468475 142.5373535

endloop
endfacet
facet normal 0.8080327511 0.5891313553 -0.002707331674
outer loop
vertex 116.3846359 53.79840851 142.3069305
vertex 113.9164963 57.18468475 142.5373535
vertex 115.6429672 54.82833099 145.0650177

endloop
endfacet
facet normal 0.7991911769 0.6009066105 0.01430894341
outer loop
vertex 115.6429672 54.82833099 145.0650177
vertex 113.9164963 57.18468475 142.5373535
vertex 113.0174179 58.31467438 145.2990723

endloop
endfacet
facet normal 0.7994202971 0.5986633897 0.0502926074
outer loop
vertex 115.6429672 54.82833099 145.0650177
vertex 113.0174179 58.31467438 145.2990723
vertex 114.5339279 56.07549286 147.8479004

endloop
endfacet
facet normal 0.7509570122 0.6487672925 0.1231444329
outer loop
vertex 114.5339279 56.07549286 147.8479004
vertex 113.0174179 58.31467438 145.2990723
vertex 111.5010605 59.54369354 148.0711975

endloop
endfacet
facet normal 0.7527135611 0.6583458781 -0.001724597299
outer loop
vertex 114.5339584 56.07552338 147.8479156
vertex 111.501091 59.5437088 148.0711975
vertex 113.0582199 57.77016449 150.6610413

endloop
endfacet
facet normal 0.7545449734 0.6562344432 -0.004271662328
outer loop
vertex 113.0582199 57.77016449 150.6610413
vertex 111.501091 59.5437088 148.0711975
vertex 109.7690048 61.5535965 150.8852234

endloop
endfacet
facet normal 0.7547082305 0.6560596824 0.001073471154
outer loop
vertex 113.0582199 57.77016449 150.6610413
vertex 109.7690048 61.5535965 150.8852234
vertex 111.5968857 59.44663239 153.47258

endloop
endfacet
facet normal 0.7514974475 0.6597058773 0.006311010569
outer loop
vertex 111.5968857 59.44663239 153.47258
vertex 109.7690048 61.5535965 150.8852234
vertex 108.0445175 63.49115753 153.6941833

endloop
endfacet
facet normal 0.750806272 0.6546154022 0.08813922107
outer loop
vertex 111.5968857 59.44663239 153.47258
vertex 108.0445175 63.49115753 153.6941833
vertex 110.2730331 60.59107208 156.2498779

endloop
endfacet
facet normal 0.732673347 0.6697212458 0.1210922822
outer loop
vertex 110.2730331 60.59107208 156.2498779
vertex 108.0445175 63.49115753 153.6941833
vertex 106.5215073 64.65676117 156.4626465

endloop
endfacet
facet normal 0.7336143851 0.6714451909 0.104743585
outer loop
vertex 110.2730331 60.59107208 156.2498779
vertex 106.5215073 64.65676117 156.4626465
vertex 109.0518112 61.49475861 159.0102386

endloop
endfacet
facet normal 0.7442292571 0.6627031565 0.0833504498
outer loop
vertex 109.0518112 61.49475861 159.0102386
vertex 106.5215073 64.65676117 156.4626465
vertex 105.2850876 65.69826508 159.2217407

endloop
endfacet
facet normal 0.7448405027 0.6672286987 0.004294575658
outer loop
vertex 109.0518112 61.49475861 159.0102386
vertex 105.2850876 65.69826508 159.2217407
vertex 108.2084274 62.41847992 161.7702484

endloop
endfacet
facet normal 0.7508768439 0.6603422165 -0.01149206795
outer loop
vertex 108.2084274 62.41847992 161.7702484
vertex 105.2850876 65.69826508 159.2217407
vertex 104.3931503 66.76049042 161.9799194

endloop
endfacet
facet normal 0.7515575886 0.6592435241 0.02364783734
outer loop
vertex 108.2084274 62.41847992 161.7702484
vertex 104.3931503 66.76049042 161.9799194
vertex 107.4208908 63.21759796 164.521698

endloop
endfacet
facet normal 0.7613357306 0.64835006 -0.003183729481
outer loop
vertex 107.4208908 63.21759796 164.521698
vertex 104.3931503 66.76049042 161.9799194
vertex 103.6031113 67.70171356 164.7305145

endloop
endfacet
facet normal 0.761459887 0.6455903053 0.0582414493
outer loop
vertex 107.4208603 63.21759796 164.5217133
vertex 103.6031113 67.70171356 164.7305145
vertex 106.5734482 63.96923065 167.2693024

endloop
endfacet
facet normal 0.7801631093 0.6255382895 0.006878802553
outer loop
vertex 106.5734482 63.96923065 167.2693024
vertex 103.6031113 67.70171356 164.7305145
vertex 102.8352585 68.62914276 167.4792328

endloop
endfacet
facet normal 0.7791107297 0.626263082 -0.0279478915
outer loop
vertex 106.5734482 63.96923065 167.2693024
vertex 102.8352585 68.62914276 167.4792328
vertex 106.0396957 64.75600433 170.0199585

endloop
endfacet
facet normal 0.7717551589 0.6359074116 -0.003968795296
outer loop
vertex 106.0396957 64.75600433 170.0199585
vertex 102.8352585 68.62914276 167.4792328
vertex 102.231102 69.37947845 170.221405

endloop
endfacet
facet normal 0.7714893818 0.6325221658 0.06870150566
outer loop
vertex 106.0396957 64.75600433 170.0199585
vertex 102.231102 69.37947845 170.221405
vertex 105.2325363 65.44203949 172.7678223

endloop
endfacet
facet normal 0.7565506697 0.6452806592 0.1060377136
outer loop
vertex 105.2325363 65.44203949 172.7678223
vertex 102.231102 69.37947845 170.221405
vertex 101.3386459 69.97618866 172.9576263

endloop
endfacet
facet normal 0.7566766143 0.6454648376 0.1039974988
outer loop
vertex 105.2325363 65.44203949 172.7678528
vertex 101.3386765 69.97621918 172.9576569
vertex 104.1332016 66.28670502 175.5240631

endloop
endfacet
facet normal 0.723565042 0.6682678461 0.1728343368
outer loop
vertex 104.1332016 66.28670502 175.5240631
vertex 101.3386765 69.97621918 172.9576569
vertex 100.1231613 70.58486176 175.6930389

endloop
endfacet
facet normal 0.7314347625 0.6810864806 0.03353265673
outer loop
vertex 104.1332016 66.28670502 175.5240631
vertex 100.1231613 70.58486176 175.6930389
vertex 103.0171432 67.34926605 178.286377

endloop
endfacet
facet normal 0.7050427198 0.7033352256 0.09074303508
outer loop
vertex 103.0171432 67.34926605 178.286377
vertex 100.1231613 70.58486176 175.6930389
vertex 98.91652679 71.44063568 178.4352112

endloop
endfacet
facet normal 0.7047026157 0.7027326226 0.09778037667
outer loop
vertex 103.0170822 67.34923553 178.2863617
vertex 98.91649628 71.44060516 178.4352112
vertex 101.5743027 68.41243744 181.043396

endloop
endfacet
facet normal 0.6914622784 0.7120258212 0.122062169
outer loop
vertex 101.5743027 68.41243744 181.043396
vertex 98.91649628 71.44060516 178.4352112
vertex 97.55199432 72.29543304 181.178421

endloop
endfacet
facet normal 0.691184938 0.7115997672 0.1260524839
outer loop
vertex 101.5743027 68.41243744 181.043396
vertex 97.55199432 72.29543304 181.178421
vertex 100.1607895 69.29918671 183.7881927

endloop
endfacet
facet normal 0.6898976564 0.7124450207 0.1283097118
outer loop
vertex 100.1607895 69.29918671 183.7881927
vertex 97.55199432 72.29543304 181.178421
vertex 96.33345795 72.98247528 183.9154358

endloop
endfacet
facet normal 0.6850125194 0.7055267692 0.1816309839
outer loop
vertex 100.1607895 69.29918671 183.7881927
vertex 96.33345795 72.98247528 183.9154358
vertex 98.72847748 69.98467255 186.5273895

endloop
endfacet
facet normal 0.6650092006 0.7160862684 0.2120923996
outer loop
vertex 98.72847748 69.98467255 186.5273895
vertex 96.33345795 72.98247528 183.9154358
vertex 94.94277191 73.46492767 186.6469879

endloop
endfacet
facet normal 0.6605769992 0.7101872563 0.2434586883
outer loop
vertex 98.728508 69.98470306 186.52742
vertex 94.94280243 73.46495819 186.6470184
vertex 97.5298996 70.1649704 189.2537537

endloop
endfacet
facet normal 0.6288244724 0.7216501832 0.2894835472
outer loop
vertex 97.5298996 70.1649704 189.2537537
vertex 94.94280243 73.46495819 186.6470184
vertex 93.7432785 73.41939545 189.3662415

endloop
endfacet
facet normal 0.6386995316 0.7353112102 0.2266723365
outer loop
vertex 97.5298996 70.1649704 189.2537537
vertex 93.7432785 73.41939545 189.3662415
vertex 96.65453339 70.08672333 191.9741211

endloop
endfacet
facet normal 0.58575809 0.7507195473 0.3054630458
outer loop
vertex 96.65453339 70.08672333 191.9741211
vertex 93.7432785 73.41939545 189.3662415
vertex 92.83666229 73.02364349 192.0773926

endloop
endfacet
facet normal 0.6011202335 0.7745044827 0.1969702244
outer loop
vertex 96.65453339 70.08672333 191.9741211
vertex 92.83666229 73.02364349 192.0773926
vertex 95.7710495 70.0797348 194.6978455

endloop
endfacet
facet normal 0.5782758594 0.7823479176 0.2313627899
outer loop
vertex 95.7710495 70.0797348 194.6978455
vertex 92.83666229 73.02364349 192.0773926
vertex 92.00798798 72.83217621 194.796051

endloop
endfacet
facet normal 0.5811394453 0.7871442437 0.2065935582
outer loop
vertex 95.77108002 70.0797348 194.6978455
vertex 92.00798798 72.83220673 194.796051
vertex 94.96169281 69.96364594 197.4169312

endloop
endfacet
facet normal 0.5655578971 0.7921075821 0.229586184
outer loop
vertex 94.96169281 69.96364594 197.4169312
vertex 92.00798798 72.83220673 194.796051
vertex 91.31624603 72.53929901 197.5106506

endloop
endfacet
facet normal 0.5447292328 0.7579217553 0.3589216173
outer loop
vertex 94.96169281 69.96364594 197.4169312
vertex 91.31624603 72.53929901 197.5106506
vertex 94.62664032 68.93416595 200.09935

endloop
endfacet
facet normal 0.5256250501 0.7588165998 0.3845980763
outer loop
vertex 94.62664032 68.93416595 200.09935
vertex 91.31624603 72.53929901 197.5106506
vertex 91.12056732 71.3167038 200.1902771

endloop
endfacet
facet normal 0.4676104486 0.6659323573 0.5812698007
outer loop
vertex 94.62664032 68.93416595 200.0993652
vertex 91.12059784 71.3167038 200.1902924
vertex 93.93224335 67.11135101 202.7462921

endloop
endfacet
facet normal 0.4641904831 0.6655634046 0.5844250321
outer loop
vertex 93.93224335 67.11135101 202.7462921
vertex 91.12059784 71.3167038 200.1902924
vertex 90.69350433 69.29262543 202.83461

endloop
endfacet
facet normal 0.4377095699 0.6236857772 0.6476313472
outer loop
vertex 93.93224335 67.11135101 202.7462921
vertex 90.69350433 69.29262543 202.83461
vertex 92.32506561 65.49105072 205.3929138

endloop
endfacet
facet normal 0.4065026045 0.6237384677 0.6676121354
outer loop
vertex 92.32506561 65.49105072 205.3929138
vertex 90.69350433 69.29262543 202.83461
vertex 89.4439621 67.28627777 205.4699402

endloop
endfacet
facet normal 0.4226589799 0.6512708068 0.6302425861
outer loop
vertex 92.32506561 65.49105072 205.3929138
vertex 89.4439621 67.28627777 205.4699402
vertex 90.86217499 63.88106537 208.037674

endloop
endfacet
facet normal 0.4198695421 0.651407063 0.6319639087
outer loop
vertex 90.86217499 63.88106537 208.037674
vertex 89.4439621 67.28627777 205.4699402
vertex 88.41274261 65.3990097 208.1004028

endloop
endfacet
facet normal 0.4052532017 0.6264194846 0.6658592224
outer loop
vertex 90.86217499 63.88108063 208.037674
vertex 88.41274261 65.39897919 208.1004486
vertex 89.70845795 61.82080841 210.6780853

endloop
endfacet
facet normal 0.4846459031 0.6199935675 0.6170302033
outer loop
vertex 89.70845795 61.82080841 210.6780853
vertex 88.41274261 65.39897919 208.1004486
vertex 87.79036713 63.26995087 210.7285461

endloop
endfacet
facet normal 0.4534384012 0.5765038133 0.6797329783
outer loop
vertex 89.70845795 61.82080841 210.6780853
vertex 87.79036713 63.26995087 210.7285461
vertex 87.99776459 59.6939621 213.6231079

endloop
endfacet
facet normal 0.4718100429 0.5711016059 0.6717427373
outer loop
vertex 87.99776459 59.6939621 213.6231079
vertex 87.79036713 63.26995087 210.7285461
vertex 86.62346649 60.78144073 213.6638184

endloop
endfacet
facet normal 0.3056327701 0.3531328738 0.8842430115
outer loop
vertex 87.99776459 59.69394684 213.6230927
vertex 86.62346649 60.78141022 213.6638184
vertex 80.59990692 55.74645233 217.7565918

endloop
endfacet
facet normal -0.6401844025 0.7682212591 0
outer loop
vertex 80.59990692 55.74645233 217.7565918
vertex 86.62346649 60.78141022 213.6638184
vertex 80.59990692 55.74645233 217.7565765

endloop
endfacet
facet normal 0.4746586978 -0.6223741174 0.6223741174
outer loop
vertex 112.1324997 29.08104706 103.7969742
vertex 112.1324997 29.0810318 103.7969589
vertex 116.0839767 35.98615265 107.6884537

endloop
endfacet
facet normal 0.4862709641 0.2009766102 -0.8503816128
outer loop
vertex 116.0839767 35.98615265 107.6884537
vertex 112.1324997 29.0810318 103.7969589
vertex 115.6583176 37.06031036 107.6989136

endloop
endfacet
facet normal 0.8256983757 0.3316451609 -0.4563263357
outer loop
vertex 116.0839767 35.98615265 107.6884537
vertex 115.6583176 37.06031036 107.6989136
vertex 116.442894 39.08550262 110.590416

endloop
endfacet
facet normal 0.8297502398 0.3256905079 -0.4532551467
outer loop
vertex 116.442894 39.08550262 110.590416
vertex 115.6583176 37.06031036 107.6989136
vertex 115.8814316 40.49800873 110.5775452

endloop
endfacet
facet normal 0.8607026935 0.3386602104 -0.3801316917
outer loop
vertex 116.442894 39.08550262 110.590416
vertex 115.8814316 40.49800873 110.5775452
vertex 116.7061386 41.35469818 113.2080917

endloop
endfacet
facet normal 0.8639973998 0.3316121101 -0.3788692951
outer loop
vertex 116.7061386 41.35469818 113.2080917
vertex 115.8814316 40.49800873 110.5775452
vertex 116.0199814 43.13434601 113.201004

endloop
endfacet
facet normal 0.8660818934 0.3324378133 -0.3733459711
outer loop
vertex 116.7061386 41.35469818 113.2080917
vertex 116.0199814 43.13434601 113.201004
vertex 116.9699326 43.60391998 115.8228073

endloop
endfacet
facet normal 0.8798596263 0.2959819138 -0.3718086779
outer loop
vertex 116.9699326 43.60391998 115.8228073
vertex 116.0199814 43.13434601 113.201004
vertex 116.2700424 45.70175934 115.8365707

endloop
endfacet
facet normal 0.9169505239 0.3075843751 -0.2541527748
outer loop
vertex 116.9699326 43.60391998 115.8228073
vertex 116.2700424 45.70175934 115.8365707
vertex 116.9008713 45.97740936 118.4461212

endloop
endfacet
facet normal 0.9145200849 0.3146119118 -0.2543075681
outer loop
vertex 116.9008713 45.97740936 118.4461212
vertex 116.2700424 45.70175934 115.8365707
vertex 116.1097031 48.30834198 118.4846573

endloop
endfacet
facet normal 0.9324575663 0.319301039 -0.1690256894
outer loop
vertex 116.9008713 45.9773941 118.4461136
vertex 116.1096725 48.30834198 118.4846573
vertex 116.6773911 48.02194977 121.0755539

endloop
endfacet
facet normal 0.9162656069 0.3671470284 -0.1601889133
outer loop
vertex 116.6773911 48.02194977 121.0755539
vertex 116.1096725 48.30834198 118.4846573
vertex 115.7013474 50.48334503 121.1341019

endloop
endfacet
facet normal 0.9121111035 0.3660621941 -0.1845314354
outer loop
vertex 116.6773911 48.02194977 121.0755615
vertex 115.7013779 50.48337555 121.1341019
vertex 116.5034409 49.78702545 123.7172012

endloop
endfacet
facet normal 0.8880940676 0.4310848713 -0.1595452875
outer loop
vertex 116.5034409 49.78702545 123.7172012
vertex 115.7013779 50.48337555 121.1341019
vertex 115.2543259 52.38915253 123.79496

endloop
endfacet
facet normal 0.8750479221 0.4268923402 -0.2281536907
outer loop
vertex 116.5034409 49.78699493 123.717186
vertex 115.2542648 52.38912201 123.7949371
vertex 116.3981247 51.42150116 126.3715439

endloop
endfacet
facet normal 0.8518067002 0.4859451652 -0.1956592202
outer loop
vertex 116.3981247 51.42150116 126.3715439
vertex 115.2542648 52.38912201 123.7949371
vertex 114.8516159 54.17205048 126.4701309

endloop
endfacet
facet normal 0.853488028 0.4865650833 -0.1865809411
outer loop
vertex 116.3981247 51.42150116 126.3715439
vertex 114.8516159 54.17205048 126.4701309
vertex 116.2274399 52.74115753 129.0321655

endloop
endfacet
facet normal 0.8492507339 0.4968868494 -0.1785407662
outer loop
vertex 116.2274399 52.74115753 129.0321655
vertex 114.8516159 54.17205048 126.4701309
vertex 114.5837631 55.59371185 129.1526031

endloop
endfacet
facet normal 0.8637804389 0.500261724 -0.06017979234
outer loop
vertex 116.2274399 52.74115753 129.0321655
vertex 114.5837631 55.59371185 129.1526031
vertex 115.8208237 53.76407623 131.699173

endloop
endfacet
facet normal 0.8578270078 0.5115826726 -0.04915398359
outer loop
vertex 115.8208237 53.76407623 131.699173
vertex 114.5837631 55.59371185 129.1526031
vertex 114.0778122 56.7002182 131.8390808

endloop
endfacet
facet normal 0.8597079515 0.5107268691 -0.007760548498
outer loop
vertex 115.8208237 53.76407623 131.699173
vertex 114.0778122 56.7002182 131.8390808
vertex 115.3303757 54.63039398 134.3806458

endloop
endfacet
facet normal 0.8214811683 0.5673595667 0.05719989538
outer loop
vertex 115.3303757 54.63039398 134.3806458
vertex 114.0778122 56.7002182 131.8390808
vertex 113.2850266 57.57660675 134.5319366

endloop
endfacet
facet normal 0.8168668151 0.5712149739 -0.0802622512
outer loop
vertex 115.3303757 54.63039398 134.3806458
vertex 113.2850266 57.57660675 134.5319366
vertex 114.9311142 55.58187103 137.0886993

endloop
endfacet
facet normal 0.7911326885 0.6107622981 -0.03284011781
outer loop
vertex 114.9311142 55.58187103 137.0886993
vertex 113.2850266 57.57660675 134.5319366
vertex 112.6633224 58.52783966 137.2458954

endloop
endfacet
facet normal 0.7891715765 0.6108859777 -0.06345588714
outer loop
vertex 114.9310837 55.58185577 137.0886993
vertex 112.6632919 58.5278244 137.2458801
vertex 114.529747 56.38259125 139.8060913

endloop
endfacet
facet normal 0.7740581036 0.632167995 -0.03460536897
outer loop
vertex 114.529747 56.38259125 139.8060913
vertex 112.6632919 58.5278244 137.2458801
vertex 112.1190109 59.34328461 139.9680786

endloop
endfacet
facet normal 0.7750912309 0.6317446828 -0.0114939874
outer loop
vertex 114.529747 56.38259125 139.8060913
vertex 112.1190109 59.34328461 139.9680786
vertex 113.9164963 57.18468475 142.5373535

endloop
endfacet
facet normal 0.77215451 0.6354029179 -0.006365896668
outer loop
vertex 113.9164963 57.18468475 142.5373535
vertex 112.1190109 59.34328461 139.9680786
vertex 111.4446945 60.19013214 142.7034302

endloop
endfacet
facet normal 0.7720790505 0.6354675293 -0.008658446372
outer loop
vertex 113.9164963 57.18468475 142.5373535
vertex 111.4446945 60.19013214 142.7034302
vertex 113.0174179 58.31467438 145.2990723

endloop
endfacet
facet normal 0.7571977377 0.6530549526 0.01306589693
outer loop
vertex 113.0174179 58.31467438 145.2990723
vertex 111.4446945 60.19013214 142.7034302
vertex 110.4266281 61.31537628 145.4610901

endloop
endfacet
facet normal 0.7541742921 0.6442990303 0.1268852651
outer loop
vertex 113.0174179 58.31467438 145.2990723
vertex 110.4266281 61.31537628 145.4610901
vertex 111.5010605 59.54369354 148.0711975

endloop
endfacet
facet normal 0.7549179196 0.6435833573 0.1260933876
outer loop
vertex 111.5010605 59.54369354 148.0711975
vertex 110.4266281 61.31537628 145.4610901
vertex 108.7745285 62.71035004 148.232193

endloop
endfacet
facet normal 0.7578148842 0.6524695754 0.0004299709108
outer loop
vertex 111.501091 59.5437088 148.0711975
vertex 108.774559 62.71035004 148.2322235
vertex 109.7690048 61.5535965 150.8852234

endloop
endfacet
facet normal 0.7553325295 0.6553364992 0.002610468306
outer loop
vertex 109.7690048 61.5535965 150.8852234
vertex 108.774559 62.71035004 148.2322235
vertex 106.7638168 65.016716 151.0413666

endloop
endfacet
facet normal 0.7554898858 0.6550509334 0.01197297685
outer loop
vertex 109.7690048 61.5535965 150.8852234
vertex 106.7638168 65.016716 151.0413666
vertex 108.0445175 63.49115753 153.6941833

endloop
endfacet
facet normal 0.7598913312 0.65001297 0.006950912997
outer loop
vertex 108.0445175 63.49115753 153.6941833
vertex 106.7638168 65.016716 151.0413666
vertex 104.8582687 67.21440887 153.8439484

endloop
endfacet
facet normal 0.7545514703 0.6398622394 0.1456995308
outer loop
vertex 108.0445175 63.49115753 153.6941833
vertex 104.8582687 67.21440887 153.8439484
vertex 106.5215073 64.65676117 156.4626465

endloop
endfacet
facet normal 0.7664361596 0.6294426918 0.1279744208
outer loop
vertex 106.5215073 64.65676117 156.4626465
vertex 104.8582687 67.21440887 153.8439484
vertex 103.2794418 68.57433319 156.6107178

endloop
endfacet
facet normal 0.7680397034 0.6316093802 0.1057578027
outer loop
vertex 106.5215073 64.65676117 156.4626465
vertex 103.2794418 68.57433319 156.6107178
vertex 105.2850876 65.69826508 159.2217407

endloop
endfacet
facet normal 0.7773936987 0.6227177382 0.08877830207
outer loop
vertex 105.2850876 65.69826508 159.2217407
vertex 103.2794418 68.57433319 156.6107178
vertex 101.9853134 69.79659271 159.3695526

endloop
endfacet
facet normal 0.7790498137 0.6268740296 0.01050763018
outer loop
vertex 105.2850876 65.69826508 159.2217407
vertex 101.9853134 69.79659271 159.3695526
vertex 104.3931503 66.76049042 161.9799194

endloop
endfacet
facet normal 0.7882965207 0.615185976 -0.01161595341
outer loop
vertex 104.3931503 66.76049042 161.9799194
vertex 101.9853134 69.79659271 159.3695526
vertex 101.1110764 70.96886444 162.125

endloop
endfacet
facet normal 0.788711369 0.6145490408 0.01624557562
outer loop
vertex 104.3931503 66.76049042 161.9799194
vertex 101.1110764 70.96886444 162.125
vertex 103.6031113 67.70171356 164.7305145

endloop
endfacet
facet normal 0.7802597284 0.6243805289 0.03665724024
outer loop
vertex 103.6031113 67.70171356 164.7305145
vertex 101.1110764 70.96886444 162.125
vertex 100.2590561 71.87245941 164.8696136

endloop
endfacet
facet normal 0.7802844048 0.6253860593 0.006964056287
outer loop
vertex 103.6031113 67.70171356 164.7305145
vertex 100.2590561 71.87248993 164.8696136
vertex 102.8352585 68.62914276 167.4792328

endloop
endfacet
facet normal 0.7384679317 0.666862905 0.09979429841
outer loop
vertex 102.8352585 68.62914276 167.4792328
vertex 100.2590561 71.87248993 164.8696136
vertex 99.20867157 72.62569427 167.6091614

endloop
endfacet
facet normal 0.7400525808 0.672224462 -0.02089085989
outer loop
vertex 102.8352585 68.62914276 167.4792328
vertex 99.20867157 72.62569427 167.6091614
vertex 102.231102 69.37947845 170.221405

endloop
endfacet
facet normal 0.7128053308 0.6999139786 0.0450444445
outer loop
vertex 102.231102 69.37947845 170.221405
vertex 99.20867157 72.62569427 167.6091614
vertex 98.4335556 73.23906708 170.3442078

endloop
endfacet
facet normal 0.7118000388 0.6978130937 0.07998550683
outer loop
vertex 102.231102 69.37947845 170.221405
vertex 98.4335556 73.23906708 170.3442078
vertex 101.3386459 69.97618866 172.9576263

endloop
endfacet
facet normal 0.7240999341 0.6876110435 0.05357569456
outer loop
vertex 101.3386459 69.97618866 172.9576263
vertex 98.4335556 73.23906708 170.3442078
vertex 97.62282562 73.87975311 173.0787811

endloop
endfacet
facet normal 0.7166255713 0.6769682765 0.1678147167
outer loop
vertex 101.3386765 69.97621918 172.9576569
vertex 97.6227951 73.87975311 173.0787811
vertex 100.1231613 70.58486176 175.6930389

endloop
endfacet
facet normal 0.7047250271 0.68407619 0.1881551892
outer loop
vertex 100.1231613 70.58486176 175.6930389
vertex 97.6227951 73.87975311 173.0787811
vertex 96.419487 74.36885834 175.8074646

endloop
endfacet
facet normal 0.712754786 0.6946971416 0.09683235735
outer loop
vertex 100.1231613 70.58486176 175.6930389
vertex 96.419487 74.36885834 175.8074646
vertex 98.91652679 71.44063568 178.4352112

endloop
endfacet
facet normal 0.6271920204 0.743385911 0.2323953211
outer loop
vertex 98.91652679 71.44063568 178.4352112
vertex 96.419487 74.36885834 175.8074646
vertex 94.96733856 74.74187469 178.5333405

endloop
endfacet
facet normal 0.6404513717 0.7637611032 0.08056719601
outer loop
vertex 98.91649628 71.44060516 178.4352112
vertex 94.96730804 74.74184418 178.5333252
vertex 97.55199432 72.29543304 181.178421

endloop
endfacet
facet normal 0.5730990767 0.7995828986 0.179512307
outer loop
vertex 97.55199432 72.29543304 181.178421
vertex 94.96730804 74.74184418 178.5333252
vertex 93.51912689 75.16725922 181.2618103

endloop
endfacet
facet normal 0.5799529552 0.8128476739 0.05415865034
outer loop
vertex 97.55199432 72.29543304 181.178421
vertex 93.51912689 75.16725922 181.2618103
vertex 96.33345795 72.98247528 183.9154358

endloop
endfacet
facet normal 0.5414552093 0.8332633376 0.1117965579
outer loop
vertex 96.33345795 72.98247528 183.9154358
vertex 93.51912689 75.16725922 181.2618103
vertex 92.28533173 75.6029892 183.9896851

endloop
endfacet
facet normal 0.5405798554 0.8314415216 0.1283687055
outer loop
vertex 96.33345795 72.98247528 183.9154358
vertex 92.28533173 75.6029892 183.9896851
vertex 94.94277191 73.46492767 186.6469879

endloop
endfacet
facet normal 0.5284668803 0.8365499377 0.1445924938
outer loop
vertex 94.94277191 73.46492767 186.6469879
vertex 92.28533173 75.6029892 183.9896851
vertex 90.99376678 75.94762421 186.7162781

endloop
endfacet
facet normal 0.519362092 0.8193259239 0.2428333461
outer loop
vertex 94.94280243 73.46495819 186.6470184
vertex 90.9937973 75.94765472 186.7163086
vertex 93.7432785 73.41939545 189.3662415

endloop
endfacet
facet normal 0.5300987959 0.8164436221 0.2289433628
outer loop
vertex 93.7432785 73.41939545 189.3662415
vertex 90.9937973 75.94765472 186.7163086
vertex 89.98213959 75.84221649 189.4347229

endloop
endfacet
facet normal 0.5217647552 0.8017375469 0.291510731
outer loop
vertex 93.7432785 73.41939545 189.3662415
vertex 89.98213959 75.84221649 189.4347229
vertex 92.83666229 73.02364349 192.0773926

endloop
endfacet
facet normal 0.5229864717 0.8015086055 0.2899467647
outer loop
vertex 92.83666229 73.02364349 192.0773926
vertex 89.98213959 75.84221649 189.4347229
vertex 89.21880341 75.35936737 192.1463318

endloop
endfacet
facet normal 0.5320843458 0.8176717162 0.2197708786
outer loop
vertex 92.83666229 73.02364349 192.0773926
vertex 89.21880341 75.35936737 192.1463318
vertex 92.00798798 72.83217621 194.796051

endloop
endfacet
facet normal 0.4897216558 0.8277224898 0.2739493251
outer loop
vertex 92.00798798 72.83217621 194.796051
vertex 89.21880341 75.35936737 192.1463318
vertex 88.46239471 74.90871429 194.8601379

endloop
endfacet
facet normal 0.4962370098 0.840591073 0.2171531022
outer loop
vertex 92.00798798 72.83220673 194.796051
vertex 88.46242523 74.90874481 194.8601532
vertex 91.31624603 72.53929901 197.5106506

endloop
endfacet
facet normal 0.3981620371 0.8540438414 0.3347777128
outer loop
vertex 91.31624603 72.53929901 197.5106506
vertex 88.46242523 74.90874481 194.8601532
vertex 87.71672821 74.19615936 197.5648956

endloop
endfacet
facet normal 0.3871652484 0.8278225064 0.4059714675
outer loop
vertex 91.31624603 72.53929901 197.5106506
vertex 87.71672821 74.19615936 197.5648956
vertex 91.12056732 71.3167038 200.1902771

endloop
endfacet
facet normal 0.2876049578 0.8083392978 0.5136837959
outer loop
vertex 91.12056732 71.3167038 200.1902771
vertex 87.71672821 74.19615936 197.5648956
vertex 87.48259735 72.58159637 200.2366791

endloop
endfacet
facet normal 0.2665241063 0.7440932393 0.6126093268
outer loop
vertex 91.12059784 71.3167038 200.1902924
vertex 87.48259735 72.58159637 200.2366791
vertex 90.69350433 69.29262543 202.83461

endloop
endfacet
facet normal 0.230350554 0.731656909 0.6415736675
outer loop
vertex 90.69350433 69.29262543 202.83461
vertex 87.48259735 72.58159637 200.2366791
vertex 87.32756805 70.31487274 202.8773346

endloop
endfacet
facet normal 0.226993382 0.7200085521 0.6557908058
outer loop
vertex 90.69350433 69.29262543 202.83461
vertex 87.32756805 70.31487274 202.8773346
vertex 89.4439621 67.28627777 205.4699402

endloop
endfacet
facet normal 0.211063683 0.7165868282 0.6647973061
outer loop
vertex 89.4439621 67.28627777 205.4699402
vertex 87.32756805 70.31487274 202.8773346
vertex 86.5779953 68.09609222 205.5069427

endloop
endfacet
facet normal 0.2199065834 0.7497406602 0.6241235137
outer loop
vertex 89.4439621 67.28627777 205.4699402
vertex 86.5779953 68.09609222 205.5069427
vertex 88.41274261 65.3990097 208.1004028

endloop
endfacet
facet normal 0.2148657888 0.7489299774 0.6268464923
outer loop
vertex 88.41274261 65.3990097 208.1004028
vertex 86.5779953 68.09609222 205.5069427
vertex 85.99648285 66.06642914 208.1312256

endloop
endfacet
facet normal 0.2111019194 0.7344620228 0.6449818015
outer loop
vertex 88.41274261 65.39897919 208.1004486
vertex 85.99648285 66.06642914 208.1312408
vertex 87.79036713 63.26995087 210.7285461

endloop
endfacet
facet normal 0.2758606076 0.7431521416 0.6096113324
outer loop
vertex 87.79036713 63.26995087 210.7285461
vertex 85.99648285 66.06642914 208.1312408
vertex 85.78993988 63.98812103 210.7582855

endloop
endfacet
facet normal 0.2559840381 0.6847761273 0.6823150516
outer loop
vertex 87.79036713 63.26995087 210.7285461
vertex 85.78993988 63.98812103 210.7582855
vertex 86.62346649 60.78144073 213.6638184

endloop
endfacet
facet normal 0.2567210793 0.6847450733 0.682069242
outer loop
vertex 86.62346649 60.78144073 213.6638184
vertex 85.78993988 63.98812103 210.7582855
vertex 85.15325165 61.30849457 213.6880646

endloop
endfacet
facet normal 0.1851380467 0.4769400954 0.8592159748
outer loop
vertex 86.62346649 60.78141022 213.6638184
vertex 85.15325165 61.30846405 213.6880493
vertex 80.59990692 55.74645233 217.7565765

endloop
endfacet
facet normal -0.7724255323 0.6351054311 0
outer loop
vertex 80.59990692 55.74645233 217.7565765
vertex 85.15325165 61.30846405 213.6880493
vertex 80.59990692 55.74645233 217.7565613

endloop
endfacet
facet normal 0.4765712321 -0.5471001267 0.6881579161
outer loop
vertex 112.1324997 29.0810318 103.7969589
vertex 112.1325302 29.08107758 103.7969742
vertex 115.6583176 37.06031036 107.6989136

endloop
endfacet
facet normal 0.428342551 0.2371217757 -0.8719494939
outer loop
vertex 115.6583176 37.06031036 107.6989136
vertex 112.1325302 29.08107758 103.7969742
vertex 115.0954514 38.1193924 107.7104187

endloop
endfacet
facet normal 0.7429892421 0.4006974995 -0.5361048579
outer loop
vertex 115.6583176 37.06031036 107.6989136
vertex 115.0954514 38.1193924 107.7104187
vertex 115.8814316 40.49800873 110.5775452

endloop
endfacet
facet normal 0.7862395048 0.3521973789 -0.5077248216
outer loop
vertex 115.8814316 40.49800873 110.5775452
vertex 115.0954514 38.1193924 107.7104187
vertex 115.1817551 42.04044342 110.5640106

endloop
endfacet
facet normal 0.8287408352 0.3722653389 -0.4178601801
outer loop
vertex 115.8814316 40.49800873 110.5775452
vertex 115.1817551 42.04044342 110.5640106
vertex 116.0199814 43.13434601 113.201004

endloop
endfacet
facet normal 0.8490697742 0.3346889615 -0.4087342918
outer loop
vertex 116.0199814 43.13434601 113.201004
vertex 115.1817551 42.04044342 110.5640106
vertex 115.2733078 45.0213089 113.1950531

endloop
endfacet
facet normal 0.8498076797 0.3349865675 -0.4069533348
outer loop
vertex 116.0199814 43.13434601 113.201004
vertex 115.2733078 45.0213089 113.1950531
vertex 116.2700424 45.70175934 115.8365707

endloop
endfacet
facet normal 0.8459729552 0.3436323404 -0.4077335596
outer loop
vertex 116.2700424 45.70175934 115.8365707
vertex 115.2733078 45.0213089 113.1950531
vertex 115.4547043 47.72348785 115.8487778

endloop
endfacet
facet normal 0.8842885494 0.3584296107 -0.299268961
outer loop
vertex 116.2700424 45.70175934 115.8365707
vertex 115.4547043 47.72348785 115.8487778
vertex 116.1097031 48.30834198 118.4846573

endloop
endfacet
facet normal 0.8527361155 0.4234335423 -0.3058515787
outer loop
vertex 116.1097031 48.30834198 118.4846573
vertex 115.4547043 47.72348785 115.8487778
vertex 115.0563889 50.44889069 118.5114059

endloop
endfacet
facet normal 0.8740530014 0.4328449368 -0.2206277847
outer loop
vertex 116.1096725 48.30834198 118.4846573
vertex 115.0563889 50.44889069 118.5113983
vertex 115.7013474 50.48334503 121.1341019

endloop
endfacet
facet normal 0.8288995028 0.5182219744 -0.2106455117
outer loop
vertex 115.7013474 50.48334503 121.1341019
vertex 115.0563889 50.44889069 118.5113983
vertex 114.3026657 52.73551178 121.1709213

endloop
endfacet
facet normal 0.8248272538 0.5160338283 -0.2310174704
outer loop
vertex 115.7013779 50.48337555 121.1341019
vertex 114.3026962 52.73551178 121.170929
vertex 115.2543259 52.38915253 123.79496

endloop
endfacet
facet normal 0.7943637371 0.5688756108 -0.2129947096
outer loop
vertex 115.2543259 52.38915253 123.79496
vertex 114.3026962 52.73551178 121.170929
vertex 113.5867233 54.73696136 123.8462677

endloop
endfacet
facet normal 0.785176158 0.5633121133 -0.2572505176
outer loop
vertex 115.2542648 52.38912201 123.7949371
vertex 113.5866928 54.73691559 123.8462601
vertex 114.8516159 54.17205048 126.4701309

endloop
endfacet
facet normal 0.7654206157 0.5969030857 -0.2404952347
outer loop
vertex 114.8516159 54.17205048 126.4701309
vertex 113.5866928 54.73691559 123.8462601
vertex 112.9789658 56.60097504 126.5386047

endloop
endfacet
facet normal 0.7655358911 0.5969765186 -0.2399456352
outer loop
vertex 114.8516159 54.17205048 126.4701309
vertex 112.9789658 56.60097504 126.5386047
vertex 114.5837631 55.59371185 129.1526031

endloop
endfacet
facet normal 0.7440949082 0.6332782507 -0.2127941996
outer loop
vertex 114.5837631 55.59371185 129.1526031
vertex 112.9789658 56.60097504 126.5386047
vertex 112.5044785 58.0647049 129.2355042

endloop
endfacet
facet normal 0.7574615479 0.6414648294 -0.1215519011
outer loop
vertex 114.5837631 55.59371185 129.1526031
vertex 112.5044785 58.0647049 129.2355042
vertex 114.0778122 56.7002182 131.8390808

endloop
endfacet
facet normal 0.7524961233 0.6485030651 -0.1148626655
outer loop
vertex 114.0778122 56.7002182 131.8390808
vertex 112.5044785 58.0647049 129.2355042
vertex 111.834343 59.32067108 131.9363251

endloop
endfacet
facet normal 0.7598000765 0.6500435472 0.01213132124
outer loop
vertex 114.0778122 56.7002182 131.8390808
vertex 111.834343 59.32067108 131.9363251
vertex 113.2850266 57.57660675 134.5319366

endloop
endfacet
facet normal 0.7582145333 0.6518498063 0.0142311696
outer loop
vertex 113.2850266 57.57660675 134.5319366
vertex 111.834343 59.32067108 131.9363251
vertex 110.8780746 60.37398529 134.6384125

endloop
endfacet
facet normal 0.755807519 0.6524343491 -0.05553816631
outer loop
vertex 113.2850266 57.57660675 134.5319366
vertex 110.8780746 60.37398529 134.6384125
vertex 112.6633224 58.52783966 137.2458954

endloop
endfacet
facet normal 0.7380514145 0.6741634011 -0.0279966481
outer loop
vertex 112.6633224 58.52783966 137.2458954
vertex 110.8780746 60.37398529 134.6384125
vertex 110.0857468 61.35411835 137.3527069

endloop
endfacet
facet normal 0.7367384434 0.6739706993 -0.05458953232
outer loop
vertex 112.6632919 58.5278244 137.2458801
vertex 110.0857162 61.35410309 137.3526764
vertex 112.1190109 59.34328461 139.9680786

endloop
endfacet
facet normal 0.7399550676 0.6699594259 -0.06017427891
outer loop
vertex 112.1190109 59.34328461 139.9680786
vertex 110.0857162 61.35410309 137.3526764
vertex 109.5251389 62.21828461 140.0808258

endloop
endfacet
facet normal 0.7417694926 0.6702024341 -0.02463010885
outer loop
vertex 112.1190109 59.34328461 139.9680786
vertex 109.5251389 62.21828461 140.0808258
vertex 111.4446945 60.19013214 142.7034302

endloop
endfacet
facet normal 0.7353637815 0.6775220633 -0.01428110339
outer loop
vertex 111.4446945 60.19013214 142.7034302
vertex 109.5251389 62.21828461 140.0808258
vertex 108.7295151 63.13957977 142.8204498

endloop
endfacet
facet normal 0.7356172204 0.6773802638 -0.004826935939
outer loop
vertex 111.4446945 60.19013214 142.7034302
vertex 108.7295151 63.13957977 142.8204498
vertex 110.4266281 61.31537628 145.4610901

endloop
endfacet
facet normal 0.7260104418 0.6876320839 0.008429385722
outer loop
vertex 110.4266281 61.31537628 145.4610901
vertex 108.7295151 63.13957977 142.8204498
vertex 107.5558395 64.34496307 145.5775299

endloop
endfacet
facet normal 0.7247415185 0.683368504 0.08807469159
outer loop
vertex 110.4266281 61.31537628 145.4610901
vertex 107.5558395 64.34496307 145.5775299
vertex 108.7745285 62.71035004 148.232193

endloop
endfacet
facet normal 0.7601115108 0.6478677988 0.0499775894
outer loop
vertex 108.7745285 62.71035004 148.232193
vertex 107.5558395 64.34496307 145.5775299
vertex 105.9153976 66.05532074 148.3554382

endloop
endfacet
facet normal 0.760306716 0.6494714022 0.01098629553
outer loop
vertex 108.774559 62.71035004 148.2322235
vertex 105.9154282 66.05532074 148.3554382
vertex 106.7638168 65.016716 151.0413666

endloop
endfacet
facet normal 0.7753261328 0.6315606833 -0.0006835478125
outer loop
vertex 106.7638168 65.016716 151.0413666
vertex 105.9154282 66.05532074 148.3554382
vertex 103.7919235 68.66524506 151.1600037

endloop
endfacet
facet normal 0.7754422426 0.6305674314 0.03277300298
outer loop
vertex 106.7638168 65.016716 151.0413666
vertex 103.7919235 68.66524506 151.1600037
vertex 104.8582687 67.21440887 153.8439484

endloop
endfacet
facet normal 0.7670508623 0.6402528286 0.04134250805
outer loop
vertex 104.8582687 67.21440887 153.8439484
vertex 103.7919235 68.66524506 151.1600037
vertex 101.6917953 71.00106049 153.9511414

endloop
endfacet
facet normal 0.7629756927 0.634519279 0.1235044524
outer loop
vertex 104.8582687 67.21440887 153.8439484
vertex 101.6917953 71.00106049 153.9511414
vertex 103.2794418 68.57433319 156.6107178

endloop
endfacet
facet normal 0.764410615 0.6331903338 0.121435307
outer loop
vertex 103.2794418 68.57433319 156.6107178
vertex 101.6917953 71.00106049 153.9511414
vertex 100.0197067 72.48943329 156.7158966

endloop
endfacet
facet normal 0.7671932578 0.6366792917 0.0778079778
outer loop
vertex 103.2794418 68.57433319 156.6107178
vertex 100.0197067 72.48943329 156.7158966
vertex 101.9853134 69.79659271 159.3695526

endloop
endfacet
facet normal 0.7547323108 0.6485129595 0.09904640913
outer loop
vertex 101.9853134 69.79659271 159.3695526
vertex 100.0197067 72.48943329 156.7158966
vertex 98.56298065 73.76357269 159.4736176

endloop
endfacet
facet normal 0.7561299205 0.6533148289 -0.03804312646
outer loop
vertex 101.9853134 69.79659271 159.3695526
vertex 98.56298065 73.76357269 159.4736176
vertex 101.1110764 70.96886444 162.125

endloop
endfacet
facet normal 0.7226356864 0.6904280782 0.03326570615
outer loop
vertex 101.1110764 70.96886444 162.125
vertex 98.56298065 73.76357269 159.4736176
vertex 97.38542938 74.86351776 162.2244263

endloop
endfacet
facet normal 0.7225658894 0.6912943125 -0.003282582387
outer loop
vertex 101.1110764 70.96886444 162.125
vertex 97.38542938 74.86351776 162.2244263
vertex 100.2590561 71.87245941 164.8696136

endloop
endfacet
facet normal 0.6970671415 0.7151607275 0.05140531063
outer loop
vertex 100.2590561 71.87245941 164.8696136
vertex 97.38542938 74.86351776 162.2244263
vertex 96.36052704 75.66558075 164.9638672

endloop
endfacet
facet normal 0.6964856386 0.7140775919 0.07071660459
outer loop
vertex 100.2590561 71.87248993 164.8696136
vertex 96.36055756 75.66561127 164.9638672
vertex 99.20867157 72.62569427 167.6091614

endloop
endfacet
facet normal 0.6721622348 0.7311729789 0.1165506244
outer loop
vertex 99.20867157 72.62569427 167.6091614
vertex 96.36055756 75.66561127 164.9638672
vertex 95.21215057 76.28572845 167.6966095

endloop
endfacet
facet normal 0.6754594445 0.7369331121 0.02615847066
outer loop
vertex 99.20867157 72.62569427 167.6091614
vertex 95.21215057 76.28572845 167.6966095
vertex 98.4335556 73.23906708 170.3442078

endloop
endfacet
facet normal 0.6230103374 0.7713969946 0.129633233
outer loop
vertex 98.4335556 73.23906708 170.3442078
vertex 95.21215057 76.28572845 167.6966095
vertex 94.22283173 76.62639618 170.4240417

endloop
endfacet
facet normal 0.626842916 0.7791386843 0.003297420684
outer loop
vertex 98.4335556 73.23906708 170.3442078
vertex 94.22283173 76.62639618 170.4240417
vertex 97.62282562 73.87975311 173.0787811

endloop
endfacet
facet normal 0.5801030397 0.8090845942 0.09414095432
outer loop
vertex 97.62282562 73.87975311 173.0787811
vertex 94.22283173 76.62639618 170.4240417
vertex 93.30773163 76.9651413 173.1516418

endloop
endfacet
facet normal 0.579305172 0.807556808 0.1107136086
outer loop
vertex 97.6227951 73.87975311 173.0787811
vertex 93.30776215 76.96517181 173.1516724
vertex 96.419487 74.36885834 175.8074646

endloop
endfacet
facet normal 0.5734778047 0.8103450537 0.1202671751
outer loop
vertex 96.419487 74.36885834 175.8074646
vertex 93.30776215 76.96517181 173.1516724
vertex 92.11235809 77.40651703 175.878067

endloop
endfacet
facet normal 0.5676335096 0.8003709912 0.192868948
outer loop
vertex 96.419487 74.36885834 175.8074646
vertex 92.11235809 77.40651703 175.878067
vertex 94.96733856 74.74187469 178.5333405

endloop
endfacet
facet normal 0.5444818139 0.8079334497 0.2253510654
outer loop
vertex 94.96733856 74.74187469 178.5333405
vertex 92.11235809 77.40651703 175.878067
vertex 90.71077728 77.59236908 178.598175

endloop
endfacet
facet normal 0.5505695343 0.8183966279 0.1646210998
outer loop
vertex 94.96730804 74.74184418 178.5333252
vertex 90.71074677 77.59236908 178.5981598
vertex 93.51912689 75.16725922 181.2618103

endloop
endfacet
facet normal 0.4955612719 0.835321486 0.2380274683
outer loop
vertex 93.51912689 75.16725922 181.2618103
vertex 90.71074677 77.59236908 178.5981598
vertex 89.19054413 77.71886444 181.3192291

endloop
endfacet
facet normal 0.5065604448 0.8572627306 0.09218047559
outer loop
vertex 93.51912689 75.16725922 181.2618103
vertex 89.19054413 77.71886444 181.3192291
vertex 92.28533173 75.6029892 183.9896851

endloop
endfacet
facet normal 0.4895482361 0.8640537262 0.1172766313
outer loop
vertex 92.28533173 75.6029892 183.9896851
vertex 89.19054413 77.71886444 181.3192291
vertex 88.08629608 77.97493744 184.042038

endloop
endfacet
facet normal 0.4892806709 0.8634619713 0.1226286739
outer loop
vertex 92.28533173 75.6029892 183.9896851
vertex 88.08629608 77.97493744 184.042038
vertex 90.99376678 75.94762421 186.7162781

endloop
endfacet
facet normal 0.4676808417 0.870788157 0.1516662538
outer loop
vertex 90.99376678 75.94762421 186.7162781
vertex 88.08629608 77.97493744 184.042038
vertex 86.92058563 78.12691498 186.7640686

endloop
endfacet
facet normal 0.4635190964 0.861826241 0.2059259713
outer loop
vertex 90.9937973 75.94765472 186.7163086
vertex 86.92058563 78.1269455 186.7640991
vertex 89.98213959 75.84221649 189.4347229

endloop
endfacet
facet normal 0.459731847 0.862636745 0.2109608799
outer loop
vertex 89.98213959 75.84221649 189.4347229
vertex 86.92058563 78.1269455 186.7640991
vertex 86.0446701 77.92900848 189.4822998

endloop
endfacet
facet normal 0.452413708 0.8472946286 0.2782330811
outer loop
vertex 89.98213959 75.84221649 189.4347229
vertex 86.0446701 77.92900848 189.4822998
vertex 89.21880341 75.35936737 192.1463318

endloop
endfacet
facet normal 0.450329572 0.847515285 0.2809290588
outer loop
vertex 89.21880341 75.35936737 192.1463318
vertex 86.0446701 77.92900848 189.4822998
vertex 85.44164276 77.3502121 192.1950836

endloop
endfacet
facet normal 0.452002883 0.851023674 0.2673054934
outer loop
vertex 89.21880341 75.35936737 192.1463318
vertex 85.44164276 77.3502121 192.1950836
vertex 88.46239471 74.90871429 194.8601379

endloop
endfacet
facet normal 0.3778496385 0.8550764918 0.3550686538
outer loop
vertex 88.46239471 74.90871429 194.8601379
vertex 85.44164276 77.3502121 192.1950836
vertex 84.653862 76.57357025 194.903717

endloop
endfacet
facet normal 0.3809601367 0.8627970219 0.3323411942
outer loop
vertex 88.46242523 74.90874481 194.8601532
vertex 84.653862 76.57360077 194.903717
vertex 87.71672821 74.19615936 197.5648956

endloop
endfacet
facet normal 0.2848198116 0.8540884852 0.4352132976
outer loop
vertex 87.71672821 74.19615936 197.5648956
vertex 84.653862 76.57360077 194.903717
vertex 83.87993622 75.45702362 197.6014404

endloop
endfacet
facet normal 0.2720288336 0.8128518462 0.5150458217
outer loop
vertex 87.71672821 74.19615936 197.5648956
vertex 83.87993622 75.45702362 197.6014404
vertex 87.48259735 72.58159637 200.2366791

endloop
endfacet
facet normal 0.2325251549 0.7992438674 0.5542033911
outer loop
vertex 87.48259735 72.58159637 200.2366791
vertex 83.87993622 75.45702362 197.6014404
vertex 83.87993622 73.6054306 200.2717133

endloop
endfacet
facet normal 0.2150608897 0.7347563505 0.6433365345
outer loop
vertex 87.48259735 72.58159637 200.2366791
vertex 83.87996674 73.60540009 200.2717133
vertex 87.32756805 70.31487274 202.8773346

endloop
endfacet
facet normal 0.2205584347 0.7369989753 0.6388946772
outer loop
vertex 87.32756805 70.31487274 202.8773346
vertex 83.87996674 73.60540009 200.2717133
vertex 84.10582733 71.24633026 202.9150543

endloop
endfacet
facet normal 0.2146356553 0.7154613733 0.664865911
outer loop
vertex 87.32756805 70.31487274 202.8773346
vertex 84.10582733 71.24633026 202.9150543
vertex 86.5779953 68.09609222 205.5069427

endloop
endfacet
facet normal 0.2349166125 0.7208476067 0.6520682573
outer loop
vertex 86.5779953 68.09609222 205.5069427
vertex 84.10582733 71.24633026 202.9150543
vertex 83.83415985 68.9540329 205.5470123

endloop
endfacet
facet normal 0.2408980727 0.741166234 0.6266104579
outer loop
vertex 86.5779953 68.09609222 205.5069427
vertex 83.83415985 68.9540329 205.5470123
vertex 85.99648285 66.06642914 208.1312256

endloop
endfacet
facet normal 0.2553832233 0.7439106107 0.6175567508
outer loop
vertex 85.99648285 66.06642914 208.1312256
vertex 83.83415985 68.9540329 205.5470123
vertex 83.80931854 66.7861557 208.1687164

endloop
endfacet
facet normal 0.2566601932 0.7480627298 0.6119866371
outer loop
vertex 85.99648285 66.06642914 208.1312408
vertex 83.80931854 66.78618622 208.1687164
vertex 85.78993988 63.98812103 210.7582855

endloop
endfacet
facet normal 0.2504550517 0.7471129894 0.6157064438
outer loop
vertex 85.78993988 63.98812103 210.7582855
vertex 83.80931854 66.78618622 208.1687164
vertex 84.00600433 64.563591 210.7856598

endloop
endfacet
facet normal 0.233609736 0.6916738749 0.6833840609
outer loop
vertex 85.78993988 63.98812103 210.7582855
vertex 84.00600433 64.563591 210.7856598
vertex 85.15325165 61.30849457 213.6880646

endloop
endfacet
facet normal 0.2244958133 0.6914134622 0.686694324
outer loop
vertex 85.15325165 61.30849457 213.6880646
vertex 84.00600433 64.563591 210.7856598
vertex 83.75392914 61.74315643 213.7078857

endloop
endfacet
facet normal 0.1646294594 0.490986973 0.8554700017
outer loop
vertex 85.15325165 61.30846405 213.6880493
vertex 83.75392914 61.74312592 213.7078705
vertex 80.59990692 55.74645233 217.7565613

endloop
endfacet
facet normal 0.9112781882 -0.390917629 0.1294429302
outer loop
vertex 80.59990692 55.74645233 217.7565613
vertex 83.75392914 61.74312592 213.7078705
vertex 80.59990692 55.74646759 217.7566071

endloop
endfacet
facet normal 0.03692715615 0.3868476748 -0.9214040041
outer loop
vertex 112.1325302 29.08107758 103.7969742
vertex 112.1324997 29.08106232 103.7969666
vertex 115.0954514 38.1193924 107.7104187

endloop
endfacet
facet normal 0.5402137637 0.1789419651 -0.8222827911
outer loop
vertex 115.0954514 38.1193924 107.7104187
vertex 112.1324997 29.08106232 103.7969666
vertex 114.688591 39.32649994 107.7058105

endloop
endfacet
facet normal 0.8596329093 0.2881319821 -0.421913743
outer loop
vertex 115.0954514 38.1193924 107.7104187
vertex 114.688591 39.32649994 107.7058105
vertex 115.1817551 42.04044342 110.5640106

endloop
endfacet
facet normal 0.8431469798 0.3096904159 -0.4395395815
outer loop
vertex 115.1817551 42.04044342 110.5640106
vertex 114.688591 39.32649994 107.7058105
vertex 114.5707932 43.68605804 110.5514984

endloop
endfacet
facet normal 0.8641303182 0.3178560734 -0.3901874125
outer loop
vertex 115.1817551 42.04044342 110.5640106
vertex 114.5707932 43.68605804 110.5514984
vertex 115.2733078 45.0213089 113.1950531

endloop
endfacet
facet normal 0.817402184 0.3967810869 -0.4176343679
outer loop
vertex 115.2733078 45.0213089 113.1950531
vertex 114.5707932 43.68605804 110.5514984
vertex 114.3683395 46.87647247 113.1863632

endloop
endfacet
facet normal 0.8027847409 0.3894920051 -0.4514783919
outer loop
vertex 115.2733078 45.0213089 113.1950531
vertex 114.3683395 46.87647247 113.1863632
vertex 115.4547043 47.72348785 115.8487778

endloop
endfacet
facet normal 0.7606129646 0.461065501 -0.4570410848
outer loop
vertex 115.4547043 47.72348785 115.8487778
vertex 114.3683395 46.87647247 113.1863632
vertex 114.2909775 49.6439743 115.8494873

endloop
endfacet
facet normal 0.793284595 0.4808321297 -0.3734970093
outer loop
vertex 115.4547043 47.72348785 115.8487778
vertex 114.2909775 49.6439743 115.8494873
vertex 115.0563889 50.44889069 118.5114059

endloop
endfacet
facet normal 0.7128878236 0.5876606107 -0.3826827109
outer loop
vertex 115.0563889 50.44889069 118.5114059
vertex 114.2909775 49.6439743 115.8494873
vertex 113.5133286 52.31929779 118.5091476

endloop
endfacet
facet normal 0.7330872416 0.6044033766 -0.311896801
outer loop
vertex 115.0563889 50.44889069 118.5113983
vertex 113.5133591 52.31928253 118.50914
vertex 114.3026657 52.73551178 121.1709213

endloop
endfacet
facet normal 0.7063425183 0.6368475556 -0.3090394437
outer loop
vertex 114.3026657 52.73551178 121.1709213
vertex 113.5133591 52.31928253 118.50914
vertex 112.4980087 54.73937225 121.1756058

endloop
endfacet
facet normal 0.7109791636 0.6409720778 -0.2892462313
outer loop
vertex 114.3026962 52.73551178 121.170929
vertex 112.4980392 54.73938751 121.1756134
vertex 113.5867233 54.73696136 123.8462677

endloop
endfacet
facet normal 0.7201523185 0.6289146543 -0.2929965854
outer loop
vertex 113.5867233 54.73696136 123.8462677
vertex 112.4980392 54.73938751 121.1756134
vertex 111.6314926 56.98609161 123.8682709

endloop
endfacet
facet normal 0.7244086266 0.6324279308 -0.2743484676
outer loop
vertex 113.5866928 54.73691559 123.8462601
vertex 111.6314621 56.9860611 123.8682632
vertex 112.9789658 56.60097504 126.5386047

endloop
endfacet
facet normal 0.7023561597 0.6631144285 -0.2587951422
outer loop
vertex 112.9789658 56.60097504 126.5386047
vertex 111.6314621 56.9860611 123.8682632
vertex 110.7987289 58.92221832 126.569313

endloop
endfacet
facet normal 0.7064642906 0.6666919589 -0.2375500351
outer loop
vertex 112.9789658 56.60097504 126.5386047
vertex 110.7987289 58.92221832 126.569313
vertex 112.5044785 58.0647049 129.2355042

endloop
endfacet
facet normal 0.6811956167 0.7012562752 -0.2102671564
outer loop
vertex 112.5044785 58.0647049 129.2355042
vertex 110.7987289 58.92221832 126.569313
vertex 110.1250229 60.3867569 129.2710724

endloop
endfacet
facet normal 0.6883945465 0.7078381777 -0.1583604068
outer loop
vertex 112.5044785 58.0647049 129.2355042
vertex 110.1250229 60.3867569 129.2710724
vertex 111.834343 59.32067108 131.9363251

endloop
endfacet
facet normal 0.6977965236 0.6960482001 -0.1691061258
outer loop
vertex 111.834343 59.32067108 131.9363251
vertex 110.1250229 60.3867569 129.2710724
vertex 109.385582 61.78549957 131.9771423

endloop
endfacet
facet normal 0.7090167999 0.7047892809 -0.02381649427
outer loop
vertex 111.834343 59.32067108 131.9363251
vertex 109.385582 61.78549957 131.9771423
vertex 110.8780746 60.37398529 134.6384125

endloop
endfacet
facet normal 0.7364146113 0.6742604971 -0.05537395924
outer loop
vertex 110.8780746 60.37398529 134.6384125
vertex 109.385582 61.78549957 131.9771423
vertex 108.4162827 63.06604767 134.6790771

endloop
endfacet
facet normal 0.737452209 0.6748019457 -0.02840208448
outer loop
vertex 110.8780746 60.37398529 134.6384125
vertex 108.4162827 63.06604767 134.6790771
vertex 110.0857468 61.35411835 137.3527069

endloop
endfacet
facet normal 0.732016027 0.6809617877 -0.02106348984
outer loop
vertex 110.0857468 61.35411835 137.3527069
vertex 108.4162827 63.06604767 134.6790771
vertex 107.4316025 64.20833588 137.3876953

endloop
endfacet
facet normal 0.7303459048 0.6799479127 -0.06531277299
outer loop
vertex 110.0857162 61.35410309 137.3526764
vertex 107.431572 64.20833588 137.3876801
vertex 109.5251389 62.21828461 140.0808258

endloop
endfacet
facet normal 0.7192182541 0.6932015419 -0.04686897248
outer loop
vertex 109.5251389 62.21828461 140.0808258
vertex 107.431572 64.20833588 137.3876801
vertex 106.7065964 65.1453476 140.1213074

endloop
endfacet
facet normal 0.7199565768 0.6935984492 -0.02416181192
outer loop
vertex 109.5251389 62.21828461 140.0808258
vertex 106.7065964 65.1453476 140.1213074
vertex 108.7295151 63.13957977 142.8204498

endloop
endfacet
facet normal 0.7297156453 0.6826002002 -0.03964880481
outer loop
vertex 108.7295151 63.13957977 142.8204498
vertex 106.7065964 65.1453476 140.1213074
vertex 105.9257126 66.14028168 142.8784943

endloop
endfacet
facet normal 0.7307364345 0.6825422049 0.01266648713
outer loop
vertex 108.7295151 63.13957977 142.8204498
vertex 105.9257126 66.14028168 142.8784943
vertex 107.5558395 64.34496307 145.5775299

endloop
endfacet
facet normal 0.7405122519 0.6720429063 -0.0002215094864
outer loop
vertex 107.5558395 64.34496307 145.5775299
vertex 105.9257126 66.14028168 142.8784943
vertex 104.706871 67.48421478 145.6487732

endloop
endfacet
facet normal 0.740573287 0.6715519428 0.02385737933
outer loop
vertex 107.5558395 64.34496307 145.5775299
vertex 104.706871 67.48421478 145.6487732
vertex 105.9153976 66.05532074 148.3554382

endloop
endfacet
facet normal 0.7531186938 0.6577928066 0.01099218987
outer loop
vertex 105.9153976 66.05532074 148.3554382
vertex 104.706871 67.48421478 145.6487732
vertex 103.0054245 69.38573456 148.4312286

endloop
endfacet
facet normal 0.7518594861 0.6579208374 -0.04298220947
outer loop
vertex 105.9154282 66.05532074 148.3554382
vertex 103.005455 69.38573456 148.4312286
vertex 103.7919235 68.66524506 151.1600037

endloop
endfacet
facet normal 0.7427252531 0.6685428619 -0.03754502162
outer loop
vertex 103.7919235 68.66524506 151.1600037
vertex 103.005455 69.38573456 148.4312286
vertex 100.5860825 72.2302475 151.2212067

endloop
endfacet
facet normal 0.7435692549 0.6686589718 -9.788219904e-05
outer loop
vertex 103.7919235 68.66524506 151.1600037
vertex 100.5860825 72.2302475 151.2212067
vertex 101.6917953 71.00106049 153.9511414

endloop
endfacet
facet normal 0.7109929323 0.7026258111 0.02839058265
outer loop
vertex 101.6917953 71.00106049 153.9511414
vertex 100.5860825 72.2302475 151.2212067
vertex 98.17714691 74.5557785 153.9953003

endloop
endfacet
facet normal 0.710468173 0.7018152475 0.05186824501
outer loop
vertex 101.6917953 71.00106049 153.9511414
vertex 98.17714691 74.5557785 153.9953003
vertex 100.0197067 72.48943329 156.7158966

endloop
endfacet
facet normal 0.6588715911 0.7429358363 0.1180445403
outer loop
vertex 100.0197067 72.48943329 156.7158966
vertex 98.17714691 74.5557785 153.9953003
vertex 96.19609833 75.87355804 156.7589264

endloop
endfacet
facet normal 0.6627812982 0.748801589 0.004138637334
outer loop
vertex 100.0197067 72.48943329 156.7158966
vertex 96.19609833 75.87355804 156.7589264
vertex 98.56298065 73.76357269 159.4736176

endloop
endfacet
facet normal 0.6165205836 0.7840517163 0.0718703419
outer loop
vertex 98.56298065 73.76357269 159.4736176
vertex 96.19609833 75.87355804 156.7589264
vertex 94.50713348 76.94823456 159.5233459

endloop
endfacet
facet normal 0.616407454 0.7858160138 -0.05034992844
outer loop
vertex 98.56298065 73.76357269 159.4736176
vertex 94.50713348 76.94823456 159.5233459
vertex 97.38542938 74.86351776 162.2244263

endloop
endfacet
facet normal 0.5794209242 0.8149465919 0.01154643577
outer loop
vertex 97.38542938 74.86351776 162.2244263
vertex 94.50713348 76.94823456 159.5233459
vertex 93.07537079 77.92717743 162.2780609

endloop
endfacet
facet normal 0.5790424347 0.8150010109 -0.02198270895
outer loop
vertex 97.38542938 74.86351776 162.2244263
vertex 93.07537079 77.92717743 162.2780609
vertex 96.36052704 75.66558075 164.9638672

endloop
endfacet
facet normal 0.5361691713 0.8424109221 0.05353858322
outer loop
vertex 96.36052704 75.66558075 164.9638672
vertex 93.07537079 77.92717743 162.2780609
vertex 91.78121185 78.57686615 165.0159607

endloop
endfacet
facet normal 0.5364626646 0.8432350159 0.03409504518
outer loop
vertex 96.36055756 75.66561127 164.9638672
vertex 91.78121185 78.57686615 165.0159607
vertex 95.21215057 76.28572845 167.6966095

endloop
endfacet
facet normal 0.4950882494 0.8626398444 0.1036349908
outer loop
vertex 95.21215057 76.28572845 167.6966095
vertex 91.78121185 78.57686615 165.0159607
vertex 90.52925873 78.96764374 167.7440643

endloop
endfacet
facet normal 0.4962351024 0.8652032018 0.0719313845
outer loop
vertex 95.21215057 76.28572845 167.6966095
vertex 90.52925873 78.96764374 167.7440643
vertex 94.22283173 76.62639618 170.4240417

endloop
endfacet
facet normal 0.4583321512 0.8783654571 0.1356681436
outer loop
vertex 94.22283173 76.62639618 170.4240417
vertex 90.52925873 78.96764374 167.7440643
vertex 89.47255707 79.09841156 170.4673157

endloop
endfacet
facet normal 0.4614857137 0.8860161901 0.04479096457
outer loop
vertex 94.22283173 76.62639618 170.4240417
vertex 89.47255707 79.09841156 170.4673157
vertex 93.30773163 76.9651413 173.1516418

endloop
endfacet
facet normal 0.4021390378 0.9041810036 0.144017145
outer loop
vertex 93.30773163 76.9651413 173.1516418
vertex 89.47255707 79.09841156 170.4673157
vertex 88.43553925 79.12606049 173.1893921

endloop
endfacet
facet normal 0.4054435492 0.913631916 0.02987165749
outer loop
vertex 93.30776215 76.96517181 173.1516724
vertex 88.43553925 79.126091 173.1893921
vertex 92.11235809 77.40651703 175.878067

endloop
endfacet
facet normal 0.3712011278 0.9247617722 0.08381715417
outer loop
vertex 92.11235809 77.40651703 175.878067
vertex 88.43553925 79.126091 173.1893921
vertex 87.18239594 79.38228607 175.9125671

endloop
endfacet
facet normal 0.3697319925 0.9203310609 0.1276286691
outer loop
vertex 92.11235809 77.40651703 175.878067
vertex 87.18239594 79.38228607 175.9125671
vertex 90.71077728 77.59236908 178.598175

endloop
endfacet
facet normal 0.3653737605 0.9211773872 0.1339186728
outer loop
vertex 90.71077728 77.59236908 178.598175
vertex 87.18239594 79.38228607 175.9125671
vertex 85.95104218 79.4753952 178.6316376

endloop
endfacet
facet normal 0.3640614748 0.9173984528 0.1607458293
outer loop
vertex 90.71074677 77.59236908 178.5981598
vertex 85.95101166 79.47536469 178.6316223
vertex 89.19054413 77.71886444 181.3192291

endloop
endfacet
facet normal 0.3705945015 0.9162524343 0.1521222442
outer loop
vertex 89.19054413 77.71886444 181.3192291
vertex 85.95101166 79.47536469 178.6316223
vertex 84.4771347 79.61971283 181.3527985

endloop
endfacet
facet normal 0.3736319542 0.9253315926 0.06450325251
outer loop
vertex 89.19054413 77.71886444 181.3192291
vertex 84.4771347 79.61971283 181.3527985
vertex 88.08629608 77.97493744 184.042038

endloop
endfacet
facet normal 0.353664428 0.930585146 0.09451425076
outer loop
vertex 88.08629608 77.97493744 184.042038
vertex 84.4771347 79.61971283 181.3527985
vertex 83.62136078 79.6687851 184.0718689

endloop
endfacet
facet normal 0.3535221815 0.9301229715 0.0994649902
outer loop
vertex 88.08629608 77.97493744 184.042038
vertex 83.62136078 79.6687851 184.0718689
vertex 86.92058563 78.12691498 186.7640686

endloop
endfacet
facet normal 0.3016691506 0.9385261536 0.1678222716
outer loop
vertex 86.92058563 78.12691498 186.7640686
vertex 83.62136078 79.6687851 184.0718689
vertex 82.58827972 79.51491547 186.7893829

endloop
endfacet
facet normal 0.3017674387 0.9388873577 0.1656107903
outer loop
vertex 86.92058563 78.1269455 186.7640991
vertex 82.58831024 79.51491547 186.7894135
vertex 86.0446701 77.92900848 189.4822998

endloop
endfacet
facet normal 0.2396923602 0.9392902851 0.2455224097
outer loop
vertex 86.0446701 77.92900848 189.4822998
vertex 82.58831024 79.51491547 186.7894135
vertex 81.81874847 79.00167084 189.5042114

endloop
endfacet
facet normal 0.2392446697 0.9373701811 0.2531781197
outer loop
vertex 86.0446701 77.92900848 189.4822998
vertex 81.81874847 79.00167084 189.5042114
vertex 85.44164276 77.3502121 192.1950836

endloop
endfacet
facet normal 0.2057600766 0.9329134822 0.2955254316
outer loop
vertex 85.44164276 77.3502121 192.1950836
vertex 81.81874847 79.00167084 189.5042114
vertex 81.3128891 78.25429535 192.2157288

endloop
endfacet
facet normal 0.2038995773 0.9237628579 0.3241712749
outer loop
vertex 85.44164276 77.3502121 192.1950836
vertex 81.3128891 78.25429535 192.2157288
vertex 84.653862 76.57357025 194.903717

endloop
endfacet
facet normal 0.1731925607 0.9173825383 0.3583483398
outer loop
vertex 84.653862 76.57357025 194.903717
vertex 81.3128891 78.25429535 192.2157288
vertex 80.57686615 77.33562469 194.9232788

endloop
endfacet
facet normal 0.1688518226 0.8926596642 0.4179087579
outer loop
vertex 84.653862 76.57360077 194.903717
vertex 80.57689667 77.33562469 194.9232788
vertex 83.87993622 75.45702362 197.6014404

endloop
endfacet
facet normal 0.1445277333 0.8850206137 0.4425497353
outer loop
vertex 83.87993622 75.45702362 197.6014404
vertex 80.57689667 77.33562469 194.9232788
vertex 79.92284393 76.09383392 197.6202393

endloop
endfacet
facet normal 0.1337408572 0.8143856525 0.5647028685
outer loop
vertex 83.87993622 75.45702362 197.6014404
vertex 79.92284393 76.09383392 197.6202393
vertex 83.87993622 73.6054306 200.2717133

endloop
endfacet
facet normal 0.1522351056 0.8238489032 0.5459831357
outer loop
vertex 83.87993622 73.6054306 200.2717133
vertex 79.92284393 76.09383392 197.6202393
vertex 80.22621918 74.26558685 200.294342

endloop
endfacet
facet normal 0.138610661 0.7447380424 0.6528035402
outer loop
vertex 83.87996674 73.60540009 200.2717133
vertex 80.22621918 74.26558685 200.2943573
vertex 84.10582733 71.24633026 202.9150543

endloop
endfacet
facet normal 0.1619956046 0.757299602 0.6326570511
outer loop
vertex 84.10582733 71.24633026 202.9150543
vertex 80.22621918 74.26558685 200.2943573
vertex 80.80538177 71.92916107 202.9427948

endloop
endfacet
facet normal 0.1579030901 0.7364990115 0.6577505469
outer loop
vertex 84.10582733 71.24633026 202.9150543
vertex 80.80538177 71.92916107 202.9427948
vertex 83.83415985 68.9540329 205.5470123

endloop
endfacet
facet normal 0.1552165598 0.7353988886 0.6596183181
outer loop
vertex 83.83415985 68.9540329 205.5470123
vertex 80.80538177 71.92916107 202.9427948
vertex 81.00157928 69.52654266 205.5752716

endloop
endfacet
facet normal 0.1598920524 0.759995997 0.629952848
outer loop
vertex 83.83415985 68.9540329 205.5470123
vertex 81.00157928 69.52654266 205.5752716
vertex 83.80931854 66.7861557 208.1687164

endloop
endfacet
facet normal 0.1384743005 0.7518932223 0.6445785165
outer loop
vertex 83.80931854 66.7861557 208.1687164
vertex 81.00157928 69.52654266 205.5752716
vertex 81.60695648 67.17238617 208.1913147

endloop
endfacet
facet normal 0.1397702545 0.7598756552 0.6348647475
outer loop
vertex 83.80931854 66.78618622 208.1687164
vertex 81.606987 67.17238617 208.19133
vertex 84.00600433 64.563591 210.7856598

endloop
endfacet
facet normal 0.0739992708 0.736594975 0.6722736955
outer loop
vertex 84.00600433 64.563591 210.7856598
vertex 81.606987 67.17238617 208.19133
vertex 82.17726898 64.73567963 210.7984009

endloop
endfacet
facet normal 0.07208836079 0.714541018 0.695869565
outer loop
vertex 84.00600433 64.563591 210.7856598
vertex 82.17726898 64.73567963 210.7984009
vertex 83.75392914 61.74315643 213.7078857

endloop
endfacet
facet normal 0.1135651171 0.7226919532 0.6817765832
outer loop
vertex 83.75392914 61.74315643 213.7078857
vertex 82.17726898 64.73567963 210.7984009
vertex 82.39458466 61.93976593 213.7259064

endloop
endfacet
facet normal 0.0872329697 0.5255125761 0.8463019133
outer loop
vertex 83.75392914 61.74312592 213.7078705
vertex 82.39458466 61.93975067 213.7258911
vertex 80.59990692 55.74646759 217.7566071

endloop
endfacet
facet normal -0.4106360674 -0.4126892388 -0.8130593896
outer loop
vertex 80.59990692 55.74646759 217.7566071
vertex 82.39458466 61.93975067 213.7258911
vertex 80.59993744 55.74646759 217.7565918

endloop
endfacet
facet normal 0.9702605605 -0.2420629859 0
outer loop
vertex 112.1324997 29.08104706 103.7969666
vertex 112.1324997 29.08104706 103.7969589
vertex 114.6885605 39.32649994 107.7058029

endloop
endfacet
facet normal 0.4964651167 0.1985426247 -0.8450463414
outer loop
vertex 114.6885605 39.32649994 107.7058029
vertex 112.1324997 29.08104706 103.7969589
vertex 114.1646652 40.53595734 107.6821747

endloop
endfacet
facet normal 0.805161953 0.3392654061 -0.4864290953
outer loop
vertex 114.6885605 39.32649994 107.7058029
vertex 114.1646652 40.53595734 107.6821747
vertex 114.5707932 43.68605804 110.5514908

endloop
endfacet
facet normal 0.7835449576 0.3601565659 -0.5063049197
outer loop
vertex 114.5707932 43.68605804 110.5514908
vertex 114.1646652 40.53595734 107.6821747
vertex 113.8268356 45.28249359 110.5357742

endloop
endfacet
facet normal 0.8319474459 0.3837519288 -0.4007466733
outer loop
vertex 114.5707932 43.68605804 110.5514908
vertex 113.8268356 45.28249359 110.5357742
vertex 114.3683701 46.87645721 113.1863632

endloop
endfacet
facet normal 0.7992784381 0.4287315607 -0.4211212695
outer loop
vertex 114.3683701 46.87645721 113.1863632
vertex 113.8268356 45.28249359 110.5357742
vertex 113.3827744 48.70375824 113.1760483

endloop
endfacet
facet normal 0.7988824248 0.428512454 -0.4220949113
outer loop
vertex 114.3683701 46.87645721 113.1863632
vertex 113.3827744 48.70375824 113.1760483
vertex 114.2909775 49.6439743 115.8494797

endloop
endfacet
facet normal 0.7467108965 0.5060672164 -0.4316466749
outer loop
vertex 114.2909775 49.6439743 115.8494797
vertex 113.3827744 48.70375824 113.1760483
vertex 112.9565964 51.60398102 115.8390503

endloop
endfacet
facet normal 0.7873694897 0.534409225 -0.3073371053
outer loop
vertex 114.2909775 49.6439743 115.8494797
vertex 112.9565964 51.60398102 115.8390503
vertex 113.5133286 52.31928253 118.50914

endloop
endfacet
facet normal 0.7248331904 0.6125704646 -0.3152368069
outer loop
vertex 113.5133286 52.31928253 118.50914
vertex 112.9565964 51.60398102 115.8390503
vertex 111.864006 54.2604599 118.4889145

endloop
endfacet
facet normal 0.7323244214 0.6192740202 -0.2831970155
outer loop
vertex 113.5133591 52.31928253 118.50914
vertex 111.8640366 54.26044464 118.4889145
vertex 112.4980087 54.73937225 121.1755981

endloop
endfacet
facet normal 0.7110134363 0.643909812 -0.2825598419
outer loop
vertex 112.4980087 54.73937225 121.1755981
vertex 111.8640366 54.26044464 118.4889145
vertex 110.6595993 56.76023102 121.1547775

endloop
endfacet
facet normal 0.7058104873 0.638921082 -0.3059595823
outer loop
vertex 112.4980087 54.73938751 121.1755981
vertex 110.6596298 56.76026154 121.1547852
vertex 111.6314621 56.98609161 123.8682709

endloop
endfacet
facet normal 0.7023928165 0.6430932283 -0.305082798
outer loop
vertex 111.6314621 56.98609161 123.8682709
vertex 110.6596298 56.76026154 121.1547852
vertex 109.6054916 59.19120026 123.8520889

endloop
endfacet
facet normal 0.7141299248 0.65428859 -0.2488468438
outer loop
vertex 111.6314316 56.9860611 123.8682632
vertex 109.6054611 59.19116974 123.8520737
vertex 110.7987289 58.92221832 126.569313

endloop
endfacet
facet normal 0.6904592514 0.6839579344 -0.2355152667
outer loop
vertex 110.7987289 58.92221832 126.569313
vertex 109.6054611 59.19116974 123.8520737
vertex 108.4770737 61.25769806 126.545372

endloop
endfacet
facet normal 0.6958506107 0.6896779537 -0.2003405392
outer loop
vertex 110.7987289 58.92221832 126.569313
vertex 108.4770737 61.25769806 126.545372
vertex 110.1250534 60.38674164 129.2710724

endloop
endfacet
facet normal 0.677321434 0.712890923 -0.1817202866
outer loop
vertex 110.1250534 60.38674164 129.2710724
vertex 108.4770737 61.25769806 126.545372
vertex 107.5516281 62.8217392 129.2317352

endloop
endfacet
facet normal 0.677128613 0.7126611471 -0.1833331138
outer loop
vertex 110.1250534 60.38674164 129.2710724
vertex 107.5516281 62.8217392 129.2317352
vertex 109.385582 61.78548431 131.9771423

endloop
endfacet
facet normal 0.6842179298 0.7036988735 -0.1914516538
outer loop
vertex 109.385582 61.78548431 131.9771423
vertex 107.5516281 62.8217392 129.2317352
vertex 106.7473984 64.33678436 131.926239

endloop
endfacet
facet normal 0.6932359934 0.71504426 -0.09019695222
outer loop
vertex 109.385582 61.78548431 131.9771423
vertex 106.7473984 64.33678436 131.926239
vertex 108.4162827 63.06604767 134.6790771

endloop
endfacet
facet normal 0.6943895221 0.7137597203 -0.09148920327
outer loop
vertex 108.4162827 63.06604767 134.6790771
vertex 106.7473984 64.33678436 131.926239
vertex 105.6835251 65.71614838 134.6128082

endloop
endfacet
facet normal 0.6959398389 0.7164178491 -0.04912327975
outer loop
vertex 108.4162827 63.06604767 134.6790771
vertex 105.6835251 65.71614838 134.6128082
vertex 107.431572 64.20833588 137.3876953

endloop
endfacet
facet normal 0.6665663719 0.7452962399 -0.01492752414
outer loop
vertex 107.431572 64.20833588 137.3876953
vertex 105.6835251 65.71614838 134.6128082
vertex 104.4193954 66.90068817 137.3062744

endloop
endfacet
facet normal 0.6655566096 0.7422694564 -0.07791288197
outer loop
vertex 107.431572 64.20830536 137.3876801
vertex 104.4193649 66.90065765 137.3062592
vertex 106.7065353 65.1453476 140.1213074

endloop
endfacet
facet normal 0.6682992578 0.7393645644 -0.08195254207
outer loop
vertex 106.7065353 65.1453476 140.1213074
vertex 104.4193649 66.90065765 137.3062592
vertex 103.583519 67.96205902 140.0659943

endloop
endfacet
facet normal 0.6684909463 0.7396629453 -0.07757905871
outer loop
vertex 106.7065353 65.1453476 140.1213074
vertex 103.583519 67.96205902 140.0659943
vertex 105.9256821 66.14025116 142.8784943

endloop
endfacet
facet normal 0.6870597601 0.7187393308 -0.1065959036
outer loop
vertex 105.9256821 66.14025116 142.8784943
vertex 103.583519 67.96205902 140.0659943
vertex 102.8832626 69.0462265 142.8626862

endloop
endfacet
facet normal 0.6900767088 0.7222233415 -0.046771314
outer loop
vertex 105.9256821 66.14025116 142.8784943
vertex 102.8832626 69.0462265 142.8626862
vertex 104.706871 67.48421478 145.6487579

endloop
endfacet
facet normal 0.6977525949 0.7141199112 -0.0563387461
outer loop
vertex 104.706871 67.48421478 145.6487579
vertex 102.8832626 69.0462265 142.8626862
vertex 101.6422348 70.47914886 145.6555786

endloop
endfacet
facet normal 0.6975409389 0.7139146924 -0.0613390319
outer loop
vertex 104.706871 67.48421478 145.6487579
vertex 101.6422348 70.47914886 145.6555786
vertex 103.005394 69.38573456 148.4312134

endloop
endfacet
facet normal 0.673443079 0.7381586432 -0.03995367885
outer loop
vertex 103.005394 69.38573456 148.4312134
vertex 101.6422348 70.47914886 145.6555786
vertex 99.64821625 72.4484787 148.4292908

endloop
endfacet
facet normal 0.6646350026 0.7284231186 -0.1663128883
outer loop
vertex 103.0054245 69.38573456 148.4312286
vertex 99.64821625 72.44850922 148.4292908
vertex 100.5860519 72.2302475 151.2212067

endloop
endfacet
facet normal 0.6075900197 0.7812680602 -0.1430196017
outer loop
vertex 100.5860519 72.2302475 151.2212067
vertex 99.64821625 72.44850922 148.4292908
vertex 96.59590912 75.32622528 151.1821747

endloop
endfacet
facet normal 0.6087761521 0.7829893231 -0.1277469695
outer loop
vertex 100.5860519 72.2302475 151.2212067
vertex 96.59590912 75.32622528 151.1821747
vertex 98.17714691 74.5557785 153.9953003

endloop
endfacet
facet normal 0.5386704803 0.8393564224 -0.07290346175
outer loop
vertex 98.17714691 74.5557785 153.9953003
vertex 96.59590912 75.32622528 151.1821747
vertex 93.7877121 77.36934662 153.9559021

endloop
endfacet
facet normal 0.539678216 0.8417462111 -0.0145184733
outer loop
vertex 98.17714691 74.5557785 153.9953003
vertex 93.7877121 77.36934662 153.9559021
vertex 96.19612885 75.87355804 156.7589264

endloop
endfacet
facet normal 0.4665875137 0.8817307949 0.06961967051
outer loop
vertex 96.19612885 75.87355804 156.7589264
vertex 93.7877121 77.36934662 153.9559021
vertex 91.58287811 78.31539154 156.7509613

endloop
endfacet
facet normal 0.4671175182 0.8823170662 -0.05760106817
outer loop
vertex 96.19612885 75.87355804 156.7589264
vertex 91.58287811 78.31539154 156.7509613
vertex 94.507164 76.94820404 159.5233459

endloop
endfacet
facet normal 0.3965072632 0.9173951745 0.03417658061
outer loop
vertex 94.507164 76.94820404 159.5233459
vertex 91.58287811 78.31539154 156.7509613
vertex 89.71102142 79.02059174 159.5381775

endloop
endfacet
facet normal 0.3935004175 0.9115356207 -0.119416289
outer loop
vertex 94.507164 76.94820404 159.5233459
vertex 89.71102142 79.02059174 159.5381775
vertex 93.07537079 77.92717743 162.2780609

endloop
endfacet
facet normal 0.3505710065 0.9347736835 -0.0574288778
outer loop
vertex 93.07537079 77.92717743 162.2780609
vertex 89.71102142 79.02059174 159.5381775
vertex 88.11501312 79.78884125 162.300293

endloop
endfacet
facet normal 0.3506025672 0.9348419905 -0.05610934645
outer loop
vertex 93.07537079 77.92717743 162.2780609
vertex 88.11501312 79.78884125 162.300293
vertex 91.78121185 78.57686615 165.0159454

endloop
endfacet
facet normal 0.3221298754 0.946614027 -0.01241670921
outer loop
vertex 91.78121185 78.57686615 165.0159454
vertex 88.11501312 79.78884125 162.300293
vertex 86.62145233 80.33300018 165.0375671

endloop
endfacet
facet normal 0.3222232163 0.9465839863 0.012291844
outer loop
vertex 91.78121185 78.57686615 165.0159454
vertex 86.62145233 80.33300018 165.0375824
vertex 90.52925873 78.96761322 167.7440491

endloop
endfacet
facet normal 0.2829277515 0.9562880993 0.07392529398
outer loop
vertex 90.52925873 78.96761322 167.7440491
vertex 86.62145233 80.33300018 165.0375824
vertex 85.27797699 80.51985931 167.7621613

endloop
endfacet
facet normal 0.283092469 0.9569625258 0.06388474256
outer loop
vertex 90.52925873 78.96761322 167.7440491
vertex 85.27797699 80.51985931 167.7621613
vertex 89.47255707 79.09841156 170.4673157

endloop
endfacet
facet normal 0.2627165616 0.9599784613 0.09706416726
outer loop
vertex 89.47255707 79.09841156 170.4673157
vertex 85.27797699 80.51985931 167.7621613
vertex 84.23891449 80.52895355 170.4845734

endloop
endfacet
facet normal 0.2628621459 0.9605917931 0.09037074447
outer loop
vertex 89.47255707 79.09841156 170.4673157
vertex 84.23891449 80.52895355 170.4845734
vertex 88.43556976 79.126091 173.1893921

endloop
endfacet
facet normal 0.2379992306 0.9625324011 0.1299532056
outer loop
vertex 88.43556976 79.126091 173.1893921
vertex 84.23891449 80.52895355 170.4845734
vertex 83.15850067 80.4285202 173.2071533

endloop
endfacet
facet normal 0.2396306992 0.9706789255 0.01896246895
outer loop
vertex 88.43556976 79.126091 173.1893921
vertex 83.15850067 80.42848969 173.2071533
vertex 87.18242645 79.38225555 175.9125671

endloop
endfacet
facet normal 0.1959940642 0.9768059254 0.08623529226
outer loop
vertex 87.18242645 79.38225555 175.9125671
vertex 83.15850067 80.42848969 173.2071533
vertex 81.94924164 80.43096161 175.927536

endloop
endfacet
facet normal 0.1963396072 0.9789706469 0.05538235605
outer loop
vertex 87.18242645 79.38225555 175.9125671
vertex 81.94924164 80.43096161 175.927536
vertex 85.95104218 79.4753952 178.6316376

endloop
endfacet
facet normal 0.1797747612 0.9804160595 0.08040740341
outer loop
vertex 85.95104218 79.4753952 178.6316376
vertex 81.94924164 80.43096161 175.927536
vertex 80.86626434 80.40666962 178.64505

endloop
endfacet
facet normal 0.1800830513 0.9826023579 0.04541745782
outer loop
vertex 85.95101166 79.47536469 178.6316223
vertex 80.86623383 80.4066391 178.64505
vertex 84.47710419 79.61971283 181.3527985

endloop
endfacet
facet normal 0.1596377939 0.9844564795 0.07322072983
outer loop
vertex 84.47710419 79.61971283 181.3527985
vertex 80.86623383 80.4066391 178.64505
vertex 79.48921967 80.42763519 181.3649597

endloop
endfacet
facet normal 0.1598857194 0.9865998626 0.03251546621
outer loop
vertex 84.47710419 79.61971283 181.3527985
vertex 79.48921967 80.42763519 181.3649597
vertex 83.62133026 79.6687851 184.0718536

endloop
endfacet
facet normal 0.1250614226 0.9883990288 0.08617961407
outer loop
vertex 83.62133026 79.6687851 184.0718536
vertex 79.48921967 80.42763519 181.3649597
vertex 78.84960175 80.27169037 184.0816956

endloop
endfacet
facet normal 0.1248912588 0.986771822 0.1033617854
outer loop
vertex 83.62133026 79.6687851 184.0718536
vertex 78.84960175 80.27169037 184.0816956
vertex 82.58824921 79.51488495 186.7893677

endloop
endfacet
facet normal 0.1048735753 0.9858536124 0.1307447851
outer loop
vertex 82.58824921 79.51488495 186.7893677
vertex 78.84960175 80.27169037 184.0816956
vertex 77.95684052 80.0064621 186.797699

endloop
endfacet
facet normal 0.1035098433 0.9715506434 0.2130142748
outer loop
vertex 82.58827972 79.51491547 186.7893982
vertex 77.95687103 80.00652313 186.7977295
vertex 81.81877899 79.00167084 189.5042114

endloop
endfacet
facet normal 0.07053687423 0.9637855887 0.25718081
outer loop
vertex 81.81877899 79.00167084 189.5042114
vertex 77.95687103 80.00652313 186.7977295
vertex 77.40554047 79.32299042 189.5104828

endloop
endfacet
facet normal 0.07016167045 0.9582411647 0.277220875
outer loop
vertex 81.81877899 79.00167084 189.5042114
vertex 77.40554047 79.32299042 189.5104828
vertex 81.3128891 78.25426483 192.2157288

endloop
endfacet
facet normal 0.07158303261 0.9586780071 0.2753405273
outer loop
vertex 81.3128891 78.25426483 192.2157288
vertex 77.40554047 79.32299042 189.5104828
vertex 77.03707123 78.57134247 192.2233582

endloop
endfacet
facet normal 0.07021077722 0.9386752844 0.3375783265
outer loop
vertex 81.3128891 78.25426483 192.2157288
vertex 77.03707123 78.57134247 192.2233582
vertex 80.57686615 77.33559418 194.9232788

endloop
endfacet
facet normal 0.07432895899 0.9400591254 0.3328123689
outer loop
vertex 80.57686615 77.33559418 194.9232788
vertex 77.03707123 78.57134247 192.2233582
vertex 76.37386322 77.66472626 194.9322968

endloop
endfacet
facet normal 0.07135071605 0.8993321657 0.4314054549
outer loop
vertex 80.57689667 77.33562469 194.9232788
vertex 76.37386322 77.66475677 194.9322968
vertex 79.92284393 76.09380341 197.620224

endloop
endfacet
facet normal 0.05325483903 0.8911719322 0.4505290389
outer loop
vertex 79.92284393 76.09380341 197.620224
vertex 76.37386322 77.66475677 194.9322968
vertex 75.89766693 76.33037567 197.628067

endloop
endfacet
facet normal 0.04970281944 0.8271124363 0.5598344207
outer loop
vertex 79.92284393 76.09380341 197.620224
vertex 75.89766693 76.33037567 197.628067
vertex 80.22618866 74.26558685 200.294342

endloop
endfacet
facet normal 0.05629278719 0.8315576315 0.5525785685
outer loop
vertex 80.22618866 74.26558685 200.294342
vertex 75.89766693 76.33037567 197.628067
vertex 76.50719452 74.5109787 200.3039246

endloop
endfacet
facet normal 0.0514739044 0.7544654608 0.6543182135
outer loop
vertex 80.22621918 74.26555634 200.2943573
vertex 76.50719452 74.5109787 200.3039398
vertex 80.80532074 71.92916107 202.9427948

endloop
endfacet
facet normal 0.05140933394 0.7544184923 0.6543774605
outer loop
vertex 80.80532074 71.92916107 202.9427948
vertex 76.50719452 74.5109787 200.3039398
vertex 77.36492157 72.15447235 202.9533234

endloop
endfacet
facet normal 0.05048691481 0.7395469546 0.6712089777
outer loop
vertex 80.80532074 71.92916107 202.9427948
vertex 77.36492157 72.15447235 202.9533234
vertex 81.00154877 69.52654266 205.5752716

endloop
endfacet
facet normal 0.05270881951 0.7409287095 0.6695120335
outer loop
vertex 81.00154877 69.52654266 205.5752716
vertex 77.36492157 72.15447235 202.9533234
vertex 77.9592514 69.73162079 205.5878296

endloop
endfacet
facet normal 0.05317593366 0.748370111 0.6611462831
outer loop
vertex 81.00154877 69.52654266 205.5752716
vertex 77.9592514 69.73162079 205.5878296
vertex 81.60695648 67.17238617 208.1913147

endloop
endfacet
facet normal 0.1372278184 0.7957140803 0.5899217129
outer loop
vertex 81.60695648 67.17238617 208.1913147
vertex 77.9592514 69.73162079 205.5878296
vertex 79.22576141 67.56615448 208.2140961

endloop
endfacet
facet normal 0.1284258664 0.738381505 0.6620419621
outer loop
vertex 81.606987 67.17238617 208.19133
vertex 79.22576141 67.56612396 208.2141113
vertex 82.17726898 64.73567963 210.7983856

endloop
endfacet
facet normal 0.1374571621 0.7422094345 0.6559197307
outer loop
vertex 82.17726898 64.73567963 210.7983856
vertex 79.22576141 67.56612396 208.2141113
vertex 80.26210785 65.07039642 210.8209839

endloop
endfacet
facet normal 0.1341283619 0.7215909958 0.679202497
outer loop
vertex 82.17726898 64.73567963 210.7983856
vertex 80.26210785 65.07039642 210.8209839
vertex 82.39458466 61.93975067 213.7258911

endloop
endfacet
facet normal 0.0971653387 0.7117257118 0.695704937
outer loop
vertex 82.39458466 61.93975067 213.7258911
vertex 80.26210785 65.07039642 210.8209839
vertex 80.93364716 62.12067413 213.7448425

endloop
endfacet
facet normal 0.07638160139 0.5282369256 0.8456545472
outer loop
vertex 82.39458466 61.93973541 213.7258759
vertex 80.93364716 62.12064362 213.7448273
vertex 80.59990692 55.74646759 217.7565918

endloop
endfacet
facet normal -0.9990237355 0.03960681707 -0.01957042702
outer loop
vertex 80.59990692 55.74646759 217.7565918
vertex 80.93364716 62.12064362 213.7448273
vertex 80.59990692 55.74645233 217.7565613

endloop
endfacet
facet normal 0.4382978678 0.2179982513 -0.8719930053
outer loop
vertex 112.1324997 29.08104706 103.7969666
vertex 112.1324997 29.08107758 103.7969742
vertex 114.1647263 40.5359726 107.6821747

endloop
endfacet
facet normal 0.341796577 0.2469100952 -0.9067582488
outer loop
vertex 114.1647263 40.5359726 107.6821747
vertex 112.1324997 29.08107758 103.7969742
vertex 113.3264999 41.57691193 107.6496582

endloop
endfacet
facet normal 0.5833455324 0.4485933781 -0.6771056056
outer loop
vertex 114.1647263 40.5359726 107.6821747
vertex 113.3264999 41.57691193 107.6496582
vertex 113.8268967 45.28250885 110.5357819

endloop
endfacet
facet normal 0.6267821193 0.4243485332 -0.6535078287
outer loop
vertex 113.8268967 45.28250885 110.5357819
vertex 113.3264999 41.57691193 107.6496582
vertex 112.7731857 46.80506134 110.5138168

endloop
endfacet
facet normal 0.7113310099 0.484950453 -0.5087545514
outer loop
vertex 113.8268967 45.28250885 110.5357819
vertex 112.7731857 46.80506134 110.5138168
vertex 113.3828049 48.7037735 113.1760483

endloop
endfacet
facet normal 0.6991258264 0.4966809452 -0.5143259168
outer loop
vertex 113.3828049 48.7037735 113.1760483
vertex 112.7731857 46.80506134 110.5138168
vertex 112.1635361 50.39429474 113.1512146

endloop
endfacet
facet normal 0.7281295657 0.5185704827 -0.4482320547
outer loop
vertex 113.3828049 48.7037735 113.1760483
vertex 112.1635361 50.39429474 113.1512146
vertex 112.9565964 51.60401154 115.8390503

endloop
endfacet
facet normal 0.6629140377 0.5898724198 -0.4610808194
outer loop
vertex 112.9565964 51.60401154 115.8390503
vertex 112.1635361 50.39429474 113.1512146
vertex 111.3854904 53.33768463 115.7981415

endloop
endfacet
facet normal 0.7008976936 0.6271578074 -0.3397286832
outer loop
vertex 112.9565964 51.60401154 115.8390503
vertex 111.3854904 53.33768463 115.7981415
vertex 111.864006 54.26049042 118.4889221

endloop
endfacet
facet normal 0.7087962627 0.6189836264 -0.3383299708
outer loop
vertex 111.864006 54.26049042 118.4889221
vertex 111.3854904 53.33768463 115.7981415
vertex 110.1138229 56.23667145 118.4377899

endloop
endfacet
facet normal 0.7246741652 0.6348736286 -0.2679230571
outer loop
vertex 111.8640366 54.26047516 118.4889221
vertex 110.1138229 56.23667145 118.4377899
vertex 110.6596298 56.76026154 121.1547852

endloop
endfacet
facet normal 0.7003754973 0.6614826918 -0.2681696117
outer loop
vertex 110.6596298 56.76026154 121.1547852
vertex 110.1138229 56.23667145 118.4377899
vertex 108.6635666 58.84693146 121.0887909

endloop
endfacet
facet normal 0.6904812455 0.6504802108 -0.3164033592
outer loop
vertex 110.6596298 56.76027679 121.1548004
vertex 108.6635971 58.84694672 121.0887909
vertex 109.6055222 59.19121552 123.8521042

endloop
endfacet
facet normal 0.6381885409 0.7066394091 -0.3055750728
outer loop
vertex 109.6055222 59.19121552 123.8521042
vertex 108.6635971 58.84694672 121.0887909
vertex 107.227623 61.29758453 123.7568588

endloop
endfacet
facet normal 0.6431630254 0.7134882212 -0.2779854536
outer loop
vertex 109.6054611 59.191185 123.8520889
vertex 107.2275925 61.29756927 123.7568436
vertex 108.4770737 61.25769806 126.5453796

endloop
endfacet
facet normal 0.644548595 0.7119857073 -0.2786277831
outer loop
vertex 108.4770737 61.25769806 126.5453796
vertex 107.2275925 61.29756927 123.7568436
vertex 105.8946152 63.54889679 126.4261551

endloop
endfacet
facet normal 0.6555845737 0.7286009789 -0.1983673424
outer loop
vertex 108.4770737 61.25769806 126.5453796
vertex 105.8946152 63.54889679 126.4261551
vertex 107.5516586 62.82175446 129.2317352

endloop
endfacet
facet normal 0.6501867175 0.7346946597 -0.1935999393
outer loop
vertex 107.5516586 62.82175446 129.2317352
vertex 105.8946152 63.54889679 126.4261551
vertex 104.8041306 65.21501923 129.0866547

endloop
endfacet
facet normal 0.6476218104 0.7303116918 -0.2173267007
outer loop
vertex 107.5516586 62.82175446 129.2317352
vertex 104.8041306 65.21501923 129.0866547
vertex 106.7473984 64.33678436 131.926239

endloop
endfacet
facet normal 0.6139611006 0.7679103017 -0.182662338
outer loop
vertex 106.7473984 64.33678436 131.926239
vertex 104.8041306 65.21501923 129.0866547
vertex 103.7345505 66.70360565 131.7496033

endloop
endfacet
facet normal 0.6160229445 0.7727620006 -0.1528226286
outer loop
vertex 106.7473984 64.33678436 131.926239
vertex 103.7345505 66.70360565 131.7496033
vertex 105.6835556 65.71614838 134.6128082

endloop
endfacet
facet normal 0.6011841297 0.7871465087 -0.1377607584
outer loop
vertex 105.6835556 65.71614838 134.6128082
vertex 103.7345505 66.70360565 131.7496033
vertex 102.4641037 68.14284515 134.4290314

endloop
endfacet
facet normal 0.6030054688 0.794952333 -0.06659654528
outer loop
vertex 105.6835556 65.71614838 134.6128082
vertex 102.4641037 68.14284515 134.4290314
vertex 104.419426 66.90068817 137.3062744

endloop
endfacet
facet normal 0.6000116467 0.7974689603 -0.06347549707
outer loop
vertex 104.419426 66.90068817 137.3062744
vertex 102.4641037 68.14284515 134.4290314
vertex 101.0811081 69.39943695 137.1431427

endloop
endfacet
facet normal 0.5985217094 0.7915800214 -0.1231778637
outer loop
vertex 104.4193954 66.90065765 137.3062744
vertex 101.0810776 69.39940643 137.1431274
vertex 103.5835495 67.96208954 140.0659943

endloop
endfacet
facet normal 0.6086296439 0.781581521 -0.1367486566
outer loop
vertex 103.5835495 67.96208954 140.0659943
vertex 101.0810776 69.39940643 137.1431274
vertex 100.2447128 70.54064178 139.9433899

endloop
endfacet
facet normal 0.6077510715 0.779807806 -0.1501276344
outer loop
vertex 103.5835495 67.96208954 140.0659943
vertex 100.2447128 70.54064178 139.9433899
vertex 102.8832932 69.04625702 142.8626862

endloop
endfacet
facet normal 0.6112193465 0.7761035562 -0.1551586688
outer loop
vertex 102.8832932 69.04625702 142.8626862
vertex 100.2447128 70.54064178 139.9433899
vertex 99.46752167 71.71797943 142.7708282

endloop
endfacet
facet normal 0.6131921411 0.7795767784 -0.1274966598
outer loop
vertex 102.8832932 69.04625702 142.8626862
vertex 99.46752167 71.71797943 142.7708282
vertex 101.6422653 70.47917938 145.6555786

endloop
endfacet
facet normal 0.6132063866 0.7795627713 -0.1275133938
outer loop
vertex 101.6422653 70.47917938 145.6555786
vertex 99.46752167 71.71797943 142.7708282
vertex 98.1918869 73.18047333 145.5774231

endloop
endfacet
facet normal 0.6140807271 0.7810963988 -0.1131080687
outer loop
vertex 101.6422653 70.47917938 145.6555786
vertex 98.1918869 73.18047333 145.5774231
vertex 99.64821625 72.44850922 148.4292908

endloop
endfacet
facet normal 0.5712597966 0.8166512251 -0.08211566508
outer loop
vertex 99.64821625 72.44850922 148.4292908
vertex 98.1918869 73.18047333 145.5774231
vertex 95.91710663 75.04927826 148.3378143

endloop
endfacet
facet normal 0.5623273253 0.7992728353 -0.2120165527
outer loop
vertex 99.64821625 72.44853973 148.4292908
vertex 95.91713715 75.04927826 148.3378448
vertex 96.59590912 75.32622528 151.1821899

endloop
endfacet
facet normal 0.4298723638 0.8829810619 -0.1885581017
outer loop
vertex 96.59590912 75.32622528 151.1821899
vertex 95.91713715 75.04927826 148.3378448
vertex 92.11437225 77.48601532 151.0791168

endloop
endfacet
facet normal 0.4281210303 0.8781606555 -0.2134157121
outer loop
vertex 96.59590912 75.32622528 151.1821899
vertex 92.11437225 77.48601532 151.0791168
vertex 93.78774261 77.36934662 153.9559021

endloop
endfacet
facet normal 0.3133829534 0.9386110902 -0.1442232281
outer loop
vertex 93.78774261 77.36934662 153.9559021
vertex 92.11437225 77.48601532 151.0791168
vertex 88.84688568 79.00908661 153.8914032

endloop
endfacet
facet normal 0.3150114417 0.946365416 -0.07183533907
outer loop
vertex 93.78774261 77.36934662 153.9559021
vertex 88.84688568 79.00908661 153.8914032
vertex 91.58290863 78.31542206 156.7509766

endloop
endfacet
facet normal 0.2396235913 0.9708458781 0.006233715918
outer loop
vertex 91.58290863 78.31542206 156.7509766
vertex 88.84688568 79.00908661 153.8914032
vertex 86.48534393 79.57372284 156.7318115

endloop
endfacet
facet normal 0.2390981019 0.9673401117 -0.08417396247
outer loop
vertex 91.58290863 78.31542206 156.7509766
vertex 86.48534393 79.57372284 156.7318115
vertex 89.71105194 79.02062225 159.5381927

endloop
endfacet
facet normal 0.1648129076 0.986312449 0.00495003676
outer loop
vertex 89.71105194 79.02062225 159.5381927
vertex 86.48534393 79.57372284 156.7318115
vertex 84.45580292 79.89879608 159.5339661

endloop
endfacet
facet normal 0.1623780429 0.9708695412 -0.1761978418
outer loop
vertex 89.71105194 79.02062225 159.5381927
vertex 84.45580292 79.89879608 159.5339661
vertex 88.11501312 79.78884125 162.3003082

endloop
endfacet
facet normal 0.111039862 0.987972796 -0.1076098979
outer loop
vertex 88.11501312 79.78884125 162.3003082
vertex 84.45580292 79.89879608 159.5339661
vertex 82.73213959 80.39345551 162.2968597

endloop
endfacet
facet normal 0.1106785238 0.9845976233 -0.1353435963
outer loop
vertex 88.11501312 79.78884125 162.3003082
vertex 82.73213959 80.39345551 162.2968597
vertex 86.62145233 80.33300018 165.0375824

endloop
endfacet
facet normal 0.0910320729 0.9900457263 -0.1073434651
outer loop
vertex 86.62145233 80.33300018 165.0375824
vertex 82.73213959 80.39345551 162.2968597
vertex 81.16173553 80.83483124 165.035965

endloop
endfacet
facet normal 0.09150562435 0.9955353141 -0.02315561287
outer loop
vertex 86.62145233 80.33300018 165.0375977
vertex 81.16170502 80.83480072 165.0359802
vertex 85.27797699 80.51985931 167.7621765

endloop
endfacet
facet normal 0.08316870779 0.9964805841 -0.01045853551
outer loop
vertex 85.27797699 80.51985931 167.7621765
vertex 81.16170502 80.83480072 165.0359802
vertex 79.77696991 80.97899628 167.7630768

endloop
endfacet
facet normal 0.08314601332 0.9961324334 0.02840658091
outer loop
vertex 85.27797699 80.51985931 167.7621765
vertex 79.77696991 80.97899628 167.7630768
vertex 84.23891449 80.52895355 170.4846039

endloop
endfacet
facet normal 0.08201889694 0.9961712956 0.03026089631
outer loop
vertex 84.23891449 80.52895355 170.4846039
vertex 79.77696991 80.97899628 167.7630768
vertex 78.73253632 80.98223114 170.4874115

endloop
endfacet
facet normal 0.08187973499 0.9942398667 0.06915849447
outer loop
vertex 84.23891449 80.52895355 170.4846039
vertex 78.73253632 80.98223114 170.4874115
vertex 83.15850067 80.42855072 173.2071686

endloop
endfacet
facet normal 0.06413508207 0.9931364059 0.09781040996
outer loop
vertex 83.15850067 80.42855072 173.2071686
vertex 78.73253632 80.98223114 170.4874115
vertex 77.66735077 80.78273773 173.2114563

endloop
endfacet
facet normal 0.0643696636 0.9975414276 0.02770703658
outer loop
vertex 83.15850067 80.42855072 173.2071686
vertex 77.66732025 80.78276825 173.2114563
vertex 81.94924164 80.43102264 175.9275513

endloop
endfacet
facet normal 0.0449019745 0.9972849488 0.05836462975
outer loop
vertex 81.94924164 80.43102264 175.9275513
vertex 77.66732025 80.78276825 173.2114563
vertex 76.57683563 80.67269135 175.9313049

endloop
endfacet
facet normal 0.04494040459 0.9986289144 0.02684704959
outer loop
vertex 81.94924164 80.43102264 175.9275513
vertex 76.57683563 80.67269135 175.9313049
vertex 80.86629486 80.40670013 178.6450653

endloop
endfacet
facet normal 0.0417127423 0.9986187816 0.03194780648
outer loop
vertex 80.86629486 80.40670013 178.6450653
vertex 76.57683563 80.67269135 175.9313049
vertex 75.64189911 80.62480927 178.6486969

endloop
endfacet
facet normal 0.04171738401 0.9990393519 0.01341995783
outer loop
vertex 80.86626434 80.40666962 178.6450653
vertex 75.64186859 80.62477875 178.6486816
vertex 79.48921967 80.42763519 181.3649902

endloop
endfacet
facet normal 0.01970933378 0.9988116026 0.04457540438
outer loop
vertex 79.48921967 80.42763519 181.3649902
vertex 75.64186859 80.62477875 178.6486816
vertex 74.376091 80.52843475 181.367157

endloop
endfacet
facet normal 0.01969845034 0.9978868365 0.06191787496
outer loop
vertex 79.48921967 80.42763519 181.3649902
vertex 74.376091 80.52843475 181.367157
vertex 78.84966278 80.27169037 184.0817108

endloop
endfacet
facet normal -0.02116006799 0.9914649129 0.128645137
outer loop
vertex 78.84966278 80.27169037 184.0817108
vertex 74.376091 80.52843475 181.367157
vertex 74.04186249 80.16912079 184.0814056

endloop
endfacet
facet normal -0.02124782838 0.9956926107 0.09024849534
outer loop
vertex 78.84966278 80.27169037 184.0817108
vertex 74.04186249 80.16912079 184.0814056
vertex 77.95690155 80.0064621 186.7977295

endloop
endfacet
facet normal -0.001507535228 0.9980788231 0.06193968654
outer loop
vertex 77.95690155 80.0064621 186.7977295
vertex 74.04186249 80.16912079 184.0814056
vertex 73.25963593 79.99929047 186.7989655

endloop
endfacet
facet normal -0.00142267812 0.9697588086 0.2440610528
outer loop
vertex 77.95693207 80.00652313 186.7977448
vertex 73.25966644 79.99932098 186.7989807
vertex 77.40557098 79.32299042 189.510498

endloop
endfacet
facet normal 0.03039667569 0.979750514 0.197901547
outer loop
vertex 77.40557098 79.32299042 189.510498
vertex 73.25966644 79.99932098 186.7989807
vertex 72.88057709 79.46269989 189.513855

endloop
endfacet
facet normal 0.02990910411 0.9622105956 0.2706589997
outer loop
vertex 77.40557098 79.32299042 189.510498
vertex 72.88057709 79.46269989 189.513855
vertex 77.03710175 78.57134247 192.2233734

endloop
endfacet
facet normal 0.02524963021 0.9604704976 0.2772344053
outer loop
vertex 77.03710175 78.57134247 192.2233734
vertex 72.88057709 79.46269989 189.513855
vertex 72.72298431 78.68379974 192.2266846

endloop
endfacet
facet normal 0.02491139434 0.9461548328 0.3227542639
outer loop
vertex 77.03710175 78.57134247 192.2233734
vertex 72.72298431 78.68379974 192.2266846
vertex 76.37386322 77.66472626 194.932312

endloop
endfacet
facet normal 0.002505710116 0.9369283319 0.3495125473
outer loop
vertex 76.37386322 77.66472626 194.932312
vertex 72.72298431 78.68379974 192.2266846
vertex 72.18920135 77.67537689 194.9337616

endloop
endfacet
facet normal 0.002429444343 0.8960414529 0.4439638257
outer loop
vertex 76.37386322 77.66475677 194.932312
vertex 72.18920135 77.67537689 194.9337769
vertex 75.89766693 76.33037567 197.628067

endloop
endfacet
facet normal -0.0147319762 0.8863642216 0.4627541602
outer loop
vertex 75.89766693 76.33037567 197.628067
vertex 72.18920135 77.67537689 194.9337769
vertex 71.87184906 76.26351166 197.6279755

endloop
endfacet
facet normal -0.01372206025 0.8254192472 0.5643534064
outer loop
vertex 75.89766693 76.33037567 197.628067
vertex 71.87184906 76.26351166 197.6279755
vertex 76.50719452 74.5109787 200.3039246

endloop
endfacet
facet normal -0.007129450794 0.8308316469 0.5564781427
outer loop
vertex 76.50719452 74.5109787 200.3039246
vertex 71.87184906 76.26351166 197.6279755
vertex 72.73912811 74.47771454 200.3053131

endloop
endfacet
facet normal -0.006347817834 0.7461671829 0.665728271
outer loop
vertex 76.50719452 74.5109787 200.3039398
vertex 72.73912811 74.47768402 200.3053284
vertex 77.36492157 72.15450287 202.9533234

endloop
endfacet
facet normal 8.762691868e-05 0.751781702 0.6594120264
outer loop
vertex 77.36492157 72.15450287 202.9533234
vertex 72.73912811 74.47768402 200.3053284
vertex 73.88799286 72.15300751 202.9554901

endloop
endfacet
facet normal 0.0001052662556 0.7360672951 0.6769084334
outer loop
vertex 77.36492157 72.15450287 202.9533234
vertex 73.88799286 72.15300751 202.9554901
vertex 77.95928192 69.73165131 205.5878296

endloop
endfacet
facet normal 0.0216115173 0.7522459626 0.6585278511
outer loop
vertex 77.95928192 69.73165131 205.5878296
vertex 73.88799286 72.15300751 202.9554901
vertex 74.88219452 69.81432343 205.5943756

endloop
endfacet
facet normal 0.02220395394 0.7765858769 0.629619956
outer loop
vertex 77.95928192 69.73165131 205.5878296
vertex 74.88219452 69.81432343 205.5943756
vertex 79.22576141 67.566185 208.2140961

endloop
endfacet
facet normal 0.1266811937 0.8467828035 0.5166339278
outer loop
vertex 79.22576141 67.566185 208.2140961
vertex 74.88219452 69.81432343 205.5943756
vertex 76.71938324 67.92855072 208.2347412

endloop
endfacet
facet normal 0.1124139577 0.7396996617 0.6634814143
outer loop
vertex 79.22576141 67.56615448 208.2141266
vertex 76.71938324 67.92855072 208.2347565
vertex 80.26210785 65.07039642 210.8209991

endloop
endfacet
facet normal 0.1798222512 0.773186326 0.608150363
outer loop
vertex 80.26210785 65.07039642 210.8209991
vertex 76.71938324 67.92855072 208.2347565
vertex 78.27056122 65.5144577 210.8453064

endloop
endfacet
facet normal 0.1672939658 0.71301651 0.6808965802
outer loop
vertex 80.26210785 65.07039642 210.8209991
vertex 78.27056122 65.5144577 210.8453064
vertex 80.93364716 62.12068939 213.7448578

endloop
endfacet
facet normal 0.1565307528 0.7096973062 0.6868971586
outer loop
vertex 80.93364716 62.12068939 213.7448578
vertex 78.27056122 65.5144577 210.8453064
vertex 79.43074799 62.4341507 213.7634735

endloop
endfacet
facet normal 0.1198090017 0.5243198276 0.8430507183
outer loop
vertex 80.93364716 62.12065887 213.7448425
vertex 79.43074799 62.43412018 213.7634735
vertex 80.59990692 55.74645233 217.7565918

endloop
endfacet
facet normal 0.9586468935 0 -0.2845982909
outer loop
vertex 80.59990692 55.74645233 217.7565918
vertex 79.43074799 62.43412018 213.7634735
vertex 80.59990692 55.74646759 217.7565918

endloop
endfacet
facet normal -0.01932058111 -0.2928895652 0.955951035
outer loop
vertex 112.1324692 29.08101654 103.7969589
vertex 112.1325302 29.08106232 103.7969742
vertex 113.3264694 41.57688141 107.6496429

endloop
endfacet
facet normal 0.3220387995 0.2507014275 -0.9129292965
outer loop
vertex 113.3264694 41.57688141 107.6496429
vertex 112.1325302 29.08106232 103.7969742
vertex 112.3936691 42.66664886 107.6198578

endloop
endfacet
facet normal 0.5444269776 0.4466028214 -0.7100318074
outer loop
vertex 113.3264694 41.57688141 107.6496429
vertex 112.3936691 42.66664886 107.6198578
vertex 112.7731247 46.80501556 110.5138016

endloop
endfacet
facet normal 0.5746833086 0.432949096 -0.6944740415
outer loop
vertex 112.7731247 46.80501556 110.5138016
vertex 112.3936691 42.66664886 107.6198578
vertex 111.6223984 48.29123688 110.4881058

endloop
endfacet
facet normal 0.6705539823 0.5098683238 -0.5388801098
outer loop
vertex 112.7731247 46.80501556 110.5138016
vertex 111.6223984 48.29123688 110.4881058
vertex 112.163475 50.39426422 113.1511993

endloop
endfacet
facet normal 0.6204524636 0.5492434502 -0.559795022
outer loop
vertex 112.163475 50.39426422 113.1511993
vertex 111.6223984 48.29123688 110.4881058
vertex 110.7521896 51.94379425 113.1073151

endloop
endfacet
facet normal 0.6623165607 0.590154171 -0.4615786672
outer loop
vertex 112.163475 50.39426422 113.1511993
vertex 110.7521896 51.94379425 113.1073151
vertex 111.3854599 53.33765411 115.7981186

endloop
endfacet
facet normal 0.6055491567 0.6394333839 -0.4737457931
outer loop
vertex 111.3854599 53.33765411 115.7981186
vertex 110.7521896 51.94379425 113.1073151
vertex 109.643364 54.93305206 115.7247162

endloop
endfacet
facet normal 0.6212300658 0.6588318944 -0.4242802262
outer loop
vertex 111.3854599 53.33765411 115.7981186
vertex 109.643364 54.93305206 115.7247162
vertex 110.1137924 56.23665619 118.4377823

endloop
endfacet
facet normal 0.6450558901 0.6390711069 -0.4189165831
outer loop
vertex 110.1137924 56.23665619 118.4377823
vertex 109.643364 54.93305206 115.7247162
vertex 108.2459335 58.06316376 118.3480148

endloop
endfacet
facet normal 0.6750358343 0.6757666469 -0.2960846722
outer loop
vertex 110.1137924 56.23665619 118.4377823
vertex 108.2459335 58.06316376 118.3480148
vertex 108.6635056 58.84690094 121.0887833

endloop
endfacet
facet normal 0.6680755615 0.6822978854 -0.2968918681
outer loop
vertex 108.6635056 58.84690094 121.0887833
vertex 108.2459335 58.06316376 118.3480148
vertex 106.5530014 60.86467743 120.9767838

endloop
endfacet
facet normal 0.6727549434 0.6886604428 -0.2704581916
outer loop
vertex 108.6635361 58.8469162 121.0887833
vertex 106.5530319 60.86469269 120.9767914
vertex 107.227562 61.29755402 123.7568436

endloop
endfacet
facet normal 0.6249915957 0.7339428663 -0.2659198642
outer loop
vertex 107.227562 61.29755402 123.7568436
vertex 106.5530319 60.86469269 120.9767914
vertex 104.6863632 63.40320587 123.5958939

endloop
endfacet
facet normal 0.6195467114 0.724631846 -0.3017789125
outer loop
vertex 107.2275314 61.2975235 123.7568283
vertex 104.6863327 63.40317535 123.5958862
vertex 105.8945541 63.54885101 126.4261398

endloop
endfacet
facet normal 0.6043725014 0.7396446466 -0.2960738242
outer loop
vertex 105.8945541 63.54885101 126.4261398
vertex 104.6863327 63.40317535 123.5958862
vertex 103.1309433 65.72640228 126.2247162

endloop
endfacet
facet normal 0.613278389 0.7576943636 -0.2231340855
outer loop
vertex 105.8945541 63.54885101 126.4261398
vertex 103.1309433 65.72640228 126.2247162
vertex 104.8041 65.21495819 129.0866394

endloop
endfacet
facet normal 0.6057647467 0.7653756738 -0.2173686773
outer loop
vertex 104.8041 65.21495819 129.0866394
vertex 103.1309433 65.72640228 126.2247162
vertex 101.8920212 67.45742035 128.867157

endloop
endfacet
facet normal 0.608168304 0.7714707255 -0.1869869828
outer loop
vertex 104.8041 65.21495819 129.0866394
vertex 101.8920212 67.45742035 128.867157
vertex 103.73452 66.70357513 131.7496033

endloop
endfacet
facet normal 0.5860291719 0.7928420305 -0.1672460586
outer loop
vertex 103.73452 66.70357513 131.7496033
vertex 101.8920212 67.45742035 128.867157
vertex 100.5522079 69.00850677 131.5254974

endloop
endfacet
facet normal 0.5868982673 0.7957983613 -0.1491824538
outer loop
vertex 103.73452 66.70357513 131.7496033
vertex 100.5522079 69.00850677 131.5254974
vertex 102.4640732 68.14281464 134.4290161

endloop
endfacet
facet normal 0.5948096514 0.7884702086 -0.1565767229
outer loop
vertex 102.4640732 68.14281464 134.4290161
vertex 100.5522079 69.00850677 131.5254974
vertex 99.19304657 70.57234955 134.2372742

endloop
endfacet
facet normal 0.5974564552 0.7992148399 -0.06558579952
outer loop
vertex 102.4640732 68.14281464 134.4290161
vertex 99.19304657 70.57234955 134.2372742
vertex 101.0810776 69.39940643 137.1431274

endloop
endfacet
facet normal 0.6261435747 0.7739703059 -0.09441474825
outer loop
vertex 101.0810776 69.39940643 137.1431274
vertex 99.19304657 70.57234955 134.2372742
vertex 97.82512665 72.01586151 136.9987183

endloop
endfacet
facet normal 0.624720633 0.7703883052 -0.1273809373
outer loop
vertex 101.0810471 69.39940643 137.1431122
vertex 97.82509613 72.01583099 136.9986877
vertex 100.2446823 70.54064178 139.9433746

endloop
endfacet
facet normal 0.5947526097 0.7990329266 -0.08840685338
outer loop
vertex 100.2446823 70.54064178 139.9433746
vertex 97.82509613 72.01583099 136.9986877
vertex 96.8496933 73.05239105 139.8052826

endloop
endfacet
facet normal 0.5908395648 0.7894605398 -0.1663147956
outer loop
vertex 100.2446823 70.54064178 139.9433746
vertex 96.8496933 73.05239105 139.8052826
vertex 99.46749115 71.71794891 142.7707977

endloop
endfacet
facet normal 0.5416184068 0.8343306184 -0.1026740745
outer loop
vertex 99.46749115 71.71794891 142.7707977
vertex 96.8496933 73.05239105 139.8052826
vertex 95.77117157 74.09804535 142.6129456

endloop
endfacet
facet normal 0.5376574993 0.8227620125 -0.1843553185
outer loop
vertex 99.46749115 71.71794891 142.7707977
vertex 95.77117157 74.09804535 142.6129456
vertex 98.19182587 73.18044281 145.5774078

endloop
endfacet
facet normal 0.523729682 0.8349076509 -0.1692229956
outer loop
vertex 98.19182587 73.18044281 145.5774078
vertex 95.77117157 74.09804535 142.6129456
vertex 94.38030243 75.5382309 145.4138794

endloop
endfacet
facet normal 0.5254153013 0.8399595022 -0.1356715411
outer loop
vertex 98.19182587 73.18044281 145.5774078
vertex 94.38030243 75.5382309 145.4138794
vertex 95.91707611 75.04921722 148.3377991

endloop
endfacet
facet normal 0.4324400723 0.898365736 -0.0770368129
outer loop
vertex 95.91707611 75.04921722 148.3377991
vertex 94.38030243 75.5382309 145.4138794
vertex 91.86431122 76.98717499 148.187439

endloop
endfacet
facet normal 0.4292983115 0.8830736876 -0.189430669
outer loop
vertex 95.91710663 75.04924774 148.3378143
vertex 91.86434174 76.98720551 148.187439
vertex 92.11437225 77.48595428 151.0791016

endloop
endfacet
facet normal 0.2074854523 0.9608418345 -0.1836647242
outer loop
vertex 92.11437225 77.48595428 151.0791016
vertex 91.86434174 76.98720551 148.187439
vertex 87.49959564 78.46434784 150.9842682

endloop
endfacet
facet normal 0.2049604654 0.9404476881 -0.2711999714
outer loop
vertex 92.11437225 77.48595428 151.0791016
vertex 87.49959564 78.46434784 150.9842682
vertex 88.84688568 79.00905609 153.8913879

endloop
endfacet
facet normal 0.06615246087 0.9747453332 -0.213296473
outer loop
vertex 88.84688568 79.00905609 153.8913879
vertex 87.49959564 78.46434784 150.9842682
vertex 83.8319931 79.33873749 153.8426666

endloop
endfacet
facet normal 0.0663074851 0.987754643 -0.1412234008
outer loop
vertex 88.84688568 79.00905609 153.8913879
vertex 83.8319931 79.33873749 153.8426666
vertex 86.48531342 79.57369232 156.7317963

endloop
endfacet
facet normal 0.0245178435 0.9943397045 -0.1033801362
outer loop
vertex 86.48531342 79.57369232 156.7317963
vertex 83.8319931 79.33873749 153.8426666
vertex 81.27416229 79.69844818 156.6958466

endloop
endfacet
facet normal 0.0244923234 0.9949164987 -0.09767932445
outer loop
vertex 86.48531342 79.57369232 156.7317963
vertex 81.27416229 79.69844818 156.6958466
vertex 84.4557724 79.89876556 159.5339508

endloop
endfacet
facet normal 0.007021015044 0.9969103336 -0.07823412865
outer loop
vertex 84.4557724 79.89876556 159.5339508
vertex 81.27416229 79.69844818 156.6958466
vertex 79.07698822 79.93410492 159.5015564

endloop
endfacet
facet normal 0.007506415714 0.9851224422 -0.1716901213
outer loop
vertex 84.4557724 79.89876556 159.5339508
vertex 79.07698822 79.93410492 159.5015564
vertex 82.73210907 80.39342499 162.2968445

endloop
endfacet
facet normal -0.02723016031 0.9914885759 -0.1273146272
outer loop
vertex 82.73210907 80.39342499 162.2968445
vertex 79.07698822 79.93410492 159.5015564
vertex 77.31386566 80.24147797 162.2723846

endloop
endfacet
facet normal -0.02682028152 0.9843844175 -0.1739772409
outer loop
vertex 82.73210907 80.39342499 162.2968445
vertex 77.31386566 80.24147797 162.2723846
vertex 81.16170502 80.83473969 165.0359497

endloop
endfacet
facet normal -0.05768190324 0.9895543456 -0.132117033
outer loop
vertex 81.16170502 80.83473969 165.0359497
vertex 77.31386566 80.24147797 162.2723846
vertex 75.72917938 80.5161972 165.0218964

endloop
endfacet
facet normal -0.05813198909 0.9949243665 -0.08213569224
outer loop
vertex 81.1616745 80.83473969 165.0359497
vertex 75.72917938 80.51616669 165.0218964
vertex 79.77690887 80.97896576 167.7630615

endloop
endfacet
facet normal -0.0516095683 0.9944495559 -0.09168683738
outer loop
vertex 79.77690887 80.97896576 167.7630615
vertex 75.72917938 80.51616669 165.0218964
vertex 74.19121552 80.68862152 167.7580719

endloop
endfacet
facet normal -0.05187959969 0.9984309673 -0.02107401937
outer loop
vertex 79.77690887 80.97896576 167.7630615
vertex 74.19121552 80.68862152 167.7580719
vertex 78.7325058 80.98220062 170.4874115

endloop
endfacet
facet normal -0.03032448329 0.9979200959 -0.05688416958
outer loop
vertex 78.7325058 80.98220062 170.4874115
vertex 74.19121552 80.68862152 167.7580719
vertex 73.05754852 80.80971527 170.4867706

endloop
endfacet
facet normal -0.03033004701 0.997664392 0.06120323762
outer loop
vertex 78.7325058 80.98220062 170.4874115
vertex 73.05754852 80.80971527 170.4867706
vertex 77.66728973 80.78270721 173.211441

endloop
endfacet
facet normal -0.02150174417 0.9986971617 0.04627727717
outer loop
vertex 77.66728973 80.78270721 173.211441
vertex 73.05754852 80.80971527 170.4867706
vertex 72.05336761 80.6618576 173.2110748

endloop
endfacet
facet normal -0.02151317336 0.9992625713 0.03180542216
outer loop
vertex 77.66728973 80.78273773 173.2114563
vertex 72.05339813 80.66188812 173.2110748
vertex 76.57680511 80.67269135 175.9312897

endloop
endfacet
facet normal -0.0409421362 0.9971018434 0.06412215531
outer loop
vertex 76.57680511 80.67269135 175.9312897
vertex 72.05339813 80.66188812 173.2110748
vertex 71.0729599 80.44680023 175.9296875

endloop
endfacet
facet normal -0.04100865871 0.9991526604 0.00349683431
outer loop
vertex 76.57680511 80.67269135 175.9312897
vertex 71.0729599 80.44680023 175.9296875
vertex 75.64189911 80.62480927 178.6486816

endloop
endfacet
facet normal -0.03289119527 0.9994072914 -0.01016024314
outer loop
vertex 75.64189911 80.62480927 178.6486816
vertex 71.0729599 80.44680023 175.9296875
vertex 70.32137299 80.4496994 178.647934

endloop
endfacet
facet normal -0.03289049119 0.9992565513 0.02011069655
outer loop
vertex 75.64186859 80.62477875 178.6486664
vertex 70.32134247 80.44966888 178.6479187
vertex 74.37606049 80.52840424 181.3671112

endloop
endfacet
facet normal -0.01413267013 0.9998691082 -0.007877727039
outer loop
vertex 74.37606049 80.52840424 181.3671112
vertex 70.32134247 80.44966888 178.6479187
vertex 69.16591644 80.45476532 181.3676147

endloop
endfacet
facet normal -0.01400075853 0.9914757013 0.1295378506
outer loop
vertex 74.37606049 80.52840424 181.3671112
vertex 69.16591644 80.45476532 181.3676147
vertex 74.04183197 80.16905975 184.0813904

endloop
endfacet
facet normal -0.01532639377 0.9911465049 0.1318849921
outer loop
vertex 74.04183197 80.16905975 184.0813904
vertex 69.16591644 80.45476532 181.3676147
vertex 69.16545868 80.09368134 184.081192

endloop
endfacet
facet normal -0.01543243043 0.9982008338 0.05793964863
outer loop
vertex 74.04183197 80.16905975 184.0813904
vertex 69.16545868 80.09368134 184.081192
vertex 73.25963593 79.99922943 186.7989349

endloop
endfacet
facet normal -0.004469531588 0.9991303086 0.04145675525
outer loop
vertex 73.25963593 79.99922943 186.7989349
vertex 69.16545868 80.09368134 184.081192
vertex 68.52770233 79.97801971 186.799942

endloop
endfacet
facet normal -0.00436280854 0.9811258912 0.1933208704
outer loop
vertex 73.25966644 79.99929047 186.7989655
vertex 68.52770233 79.97805023 186.7999725
vertex 72.88057709 79.46266937 189.5138245

endloop
endfacet
facet normal 0.01592136919 0.9866881967 0.1618424654
outer loop
vertex 72.88057709 79.46266937 189.5138245
vertex 68.52770233 79.97805023 186.7999725
vertex 68.31172943 79.5359726 189.5163879

endloop
endfacet
facet normal 0.01557066385 0.9608104825 0.2767684162
outer loop
vertex 72.88057709 79.46266937 189.5138245
vertex 68.31172943 79.5359726 189.5163879
vertex 72.7229538 78.68376923 192.2266693

endloop
endfacet
facet normal -0.0113653345 0.9484501481 0.3167226017
outer loop
vertex 72.7229538 78.68376923 192.2266693
vertex 68.31172943 79.5359726 189.5163879
vertex 68.38503265 78.63173676 192.2268219

endloop
endfacet
facet normal -0.01123597939 0.9377558827 0.3471133411
outer loop
vertex 72.7229538 78.68376923 192.2266693
vertex 68.38503265 78.63173676 192.2268219
vertex 72.18920135 77.67534637 194.9337311

endloop
endfacet
facet normal -0.02116313949 0.9329557419 0.3593685329
outer loop
vertex 72.18920135 77.67534637 194.9337311
vertex 68.38503265 78.63173676 192.2268219
vertex 68.02873993 77.58104706 194.9335327

endloop
endfacet
facet normal -0.02012252063 0.8865411878 0.4622119069
outer loop
vertex 72.18920135 77.67534637 194.9337463
vertex 68.02873993 77.58101654 194.933548
vertex 71.87184906 76.26348114 197.6279449

endloop
endfacet
facet normal -0.007147615775 0.8942644 0.4474819899
outer loop
vertex 71.87184906 76.26348114 197.6279449
vertex 68.02873993 77.58101654 194.933548
vertex 67.84468842 76.23070526 197.6291199

endloop
endfacet
facet normal -0.006600209512 0.8309096694 0.5563681126
outer loop
vertex 71.87184906 76.26348114 197.6279449
vertex 67.84468842 76.23070526 197.6291199
vertex 72.73906708 74.4776535 200.3052826

endloop
endfacet
facet normal -0.017052982 0.8218016028 0.5695185065
outer loop
vertex 72.73906708 74.4776535 200.3052826
vertex 67.84468842 76.23070526 197.6291199
vertex 68.92559052 74.39879608 200.3048859

endloop
endfacet
facet normal -0.01553158555 0.7483309507 0.663143754
outer loop
vertex 72.73906708 74.47762299 200.3052979
vertex 68.92562103 74.3988266 200.3049011
vertex 73.88793182 72.15297699 202.9554749

endloop
endfacet
facet normal -0.01513881516 0.7487075925 0.6627275348
outer loop
vertex 73.88793182 72.15297699 202.9554749
vertex 68.92562103 74.3988266 200.3049011
vertex 70.44023895 72.08330536 202.9554291

endloop
endfacet
facet normal -0.01507357042 0.7454761267 0.6663618684
outer loop
vertex 73.88793182 72.15297699 202.9554749
vertex 70.44023895 72.08330536 202.9554291
vertex 74.882164 69.81426239 205.5943451

endloop
endfacet
facet normal 0.006330951583 0.7634736896 0.6458079219
outer loop
vertex 74.882164 69.81426239 205.5943451
vertex 70.44023895 72.08330536 202.9554291
vertex 71.91161346 69.8363266 205.5973816

endloop
endfacet
facet normal 0.006651404779 0.8159326315 0.5781087875
outer loop
vertex 74.882164 69.81426239 205.5943451
vertex 71.91161346 69.8363266 205.5973816
vertex 76.71935272 67.9285202 208.2347107

endloop
endfacet
facet normal 0.009675496258 0.8184868097 0.5744438171
outer loop
vertex 76.71935272 67.9285202 208.2347107
vertex 71.91161346 69.8363266 205.5973816
vertex 74.23397064 67.95522308 208.2385254

endloop
endfacet
facet normal 0.008949819021 0.7368065715 0.6760444641
outer loop
vertex 76.71938324 67.9285202 208.2347412
vertex 74.23403168 67.95522308 208.2385406
vertex 78.27050018 65.51442719 210.8452759

endloop
endfacet
facet normal 0.03467996791 0.7557509542 0.6539402604
outer loop
vertex 78.27050018 65.51442719 210.8452759
vertex 74.23403168 67.95522308 208.2385406
vertex 76.22603607 65.60210419 210.8523712

endloop
endfacet
facet normal 0.03224889934 0.6937592626 0.7194846869
outer loop
vertex 78.27050018 65.51442719 210.8452759
vertex 76.22603607 65.60210419 210.8523712
vertex 79.43068695 62.43410492 213.7634583

endloop
endfacet
facet normal 0.06933180243 0.7121117711 0.6986343861
outer loop
vertex 79.43068695 62.43410492 213.7634583
vertex 76.22603607 65.60210419 210.8523712
vertex 77.9431076 62.5636673 213.7790222

endloop
endfacet
facet normal 0.05414011702 0.5188661218 0.8531394601
outer loop
vertex 79.43068695 62.4340744 213.763443
vertex 77.9431076 62.56365204 213.7790375
vertex 80.59990692 55.74643707 217.7565613

endloop
endfacet
facet normal 0.947820127 0.2639762163 -0.1787555516
outer loop
vertex 80.59990692 55.74643707 217.7565613
vertex 77.9431076 62.56365204 213.7790375
vertex 80.59990692 55.74646759 217.7566071

endloop
endfacet
facet normal 0.1057015359 0.2674720883 -0.95775038
outer loop
vertex 112.1325302 29.08106232 103.7969742
vertex 112.1324997 29.08104706 103.7969666
vertex 112.3936691 42.66664886 107.6198578

endloop
endfacet
facet normal 0.3081170321 0.2522013485 -0.9173104167
outer loop
vertex 112.3936691 42.66664886 107.6198578
vertex 112.1324997 29.08104706 103.7969666
vertex 111.4955673 43.75720978 107.6180267

endloop
endfacet
facet normal 0.5364903808 0.4406036139 -0.7197545767
outer loop
vertex 112.3936691 42.66664886 107.6198578
vertex 111.4955673 43.75720978 107.6180267
vertex 111.6223984 48.29123688 110.4881058

endloop
endfacet
facet normal 0.5038010478 0.4519142509 -0.7361779809
outer loop
vertex 111.6223984 48.29123688 110.4881058
vertex 111.4955673 43.75720978 107.6180267
vertex 110.3755417 49.62758636 110.455162

endloop
endfacet
facet normal 0.607974112 0.5532202125 -0.5694864988
outer loop
vertex 111.6223984 48.29123688 110.4881058
vertex 110.3755417 49.62758636 110.455162
vertex 110.7521896 51.94379425 113.1073151

endloop
endfacet
facet normal 0.5812108517 0.5702318549 -0.5805424452
outer loop
vertex 110.7521896 51.94379425 113.1073151
vertex 110.3755417 49.62758636 110.455162
vertex 109.1871872 53.47258759 113.0421524

endloop
endfacet
facet normal 0.6334492564 0.6292586923 -0.4503060579
outer loop
vertex 110.7521896 51.94379425 113.1073151
vertex 109.1871872 53.47258759 113.0421524
vertex 109.643364 54.93305206 115.7247162

endloop
endfacet
facet normal 0.6365272403 0.6267499924 -0.4494636655
outer loop
vertex 109.643364 54.93305206 115.7247162
vertex 109.1871872 53.47258759 113.0421524
vertex 107.8712387 56.66277313 115.627037

endloop
endfacet
facet normal 0.6463363767 0.638595283 -0.4176666737
outer loop
vertex 109.643364 54.93305206 115.7247162
vertex 107.8712387 56.66277313 115.627037
vertex 108.2459335 58.06316376 118.3480148

endloop
endfacet
facet normal 0.6265197396 0.6545397043 -0.4231438041
outer loop
vertex 108.2459335 58.06316376 118.3480148
vertex 107.8712387 56.66277313 115.627037
vertex 106.2661972 59.87664032 118.2219315

endloop
endfacet
facet normal 0.6518619061 0.6897121668 -0.3152350783
outer loop
vertex 108.2459335 58.06316376 118.3480148
vertex 106.2661972 59.87662506 118.2219238
vertex 106.5530014 60.86467743 120.9767838

endloop
endfacet
facet normal 0.6331665516 0.7052804232 -0.318872422
outer loop
vertex 106.5530014 60.86467743 120.9767838
vertex 106.2661972 59.87662506 118.2219238
vertex 104.3396835 62.78290558 120.8246536

endloop
endfacet
facet normal 0.6447975636 0.724737525 -0.2428818345
outer loop
vertex 106.5530319 60.86469269 120.9767914
vertex 104.3396835 62.78292084 120.8246613
vertex 104.6863632 63.40320587 123.5958939

endloop
endfacet
facet normal 0.6060063839 0.7567286491 -0.2451896518
outer loop
vertex 104.6863632 63.40320587 123.5958939
vertex 104.3396835 62.78292084 120.8246613
vertex 102.1876755 65.34398651 123.4100113

endloop
endfacet
facet normal 0.5987612009 0.7420166731 -0.3014900982
outer loop
vertex 104.6863327 63.40317535 123.5958862
vertex 102.1876144 65.34395599 123.409996
vertex 103.1309433 65.72640228 126.2247162

endloop
endfacet
facet normal 0.5482609868 0.7843019962 -0.2903108299
outer loop
vertex 103.1309433 65.72640228 126.2247162
vertex 102.1876144 65.34395599 123.409996
vertex 100.3206406 67.61220551 126.0120468

endloop
endfacet
facet normal 0.5514786839 0.7924523354 -0.2605583966
outer loop
vertex 103.1309433 65.72640228 126.2247162
vertex 100.3206406 67.61220551 126.0120468
vertex 101.8920212 67.45742035 128.867157

endloop
endfacet
facet normal 0.5456510782 0.7976083755 -0.2570715547
outer loop
vertex 101.8920212 67.45742035 128.867157
vertex 100.3206406 67.61220551 126.0120468
vertex 98.88665009 69.44808197 128.6644287

endloop
endfacet
facet normal 0.5506672859 0.8114108443 -0.1959030479
outer loop
vertex 101.8920212 67.45742035 128.867157
vertex 98.88665009 69.44808197 128.6644287
vertex 100.5522079 69.00850677 131.5254974

endloop
endfacet
facet normal 0.5677289367 0.7964705825 -0.2081308812
outer loop
vertex 100.5522079 69.00850677 131.5254974
vertex 98.88665009 69.44808197 128.6644287
vertex 97.44454193 71.18062592 131.3607788

endloop
endfacet
facet normal 0.5701336861 0.8022787571 -0.1769076884
outer loop
vertex 100.5522079 69.00850677 131.5254974
vertex 97.44454193 71.18062592 131.3607788
vertex 99.19304657 70.57234955 134.2372742

endloop
endfacet
facet normal 0.5770820975 0.7960454226 -0.1824494749
outer loop
vertex 99.19304657 70.57234955 134.2372742
vertex 97.44454193 71.18062592 131.3607788
vertex 95.99590302 72.86077118 134.1094208

endloop
endfacet
facet normal 0.5804039836 0.8034772873 -0.1324969381
outer loop
vertex 99.19304657 70.57234955 134.2372742
vertex 95.99590302 72.86077118 134.1094208
vertex 97.82512665 72.01586151 136.9987183

endloop
endfacet
facet normal 0.5628201962 0.8182505369 -0.1170444861
outer loop
vertex 97.82512665 72.01586151 136.9987183
vertex 95.99590302 72.86077118 134.1094208
vertex 94.50060272 74.28557587 136.879837

endloop
endfacet
facet normal 0.563223362 0.8193641305 -0.1068734378
outer loop
vertex 97.82509613 72.01583099 136.9986877
vertex 94.5005722 74.28557587 136.879837
vertex 96.8496933 73.05239105 139.8052826

endloop
endfacet
facet normal 0.4832418859 0.8752789497 -0.01907845028
outer loop
vertex 96.8496933 73.05239105 139.8052826
vertex 94.5005722 74.28557587 136.879837
vertex 93.19304657 75.06789398 139.652359

endloop
endfacet
facet normal 0.4825608134 0.8651095033 -0.1368231177
outer loop
vertex 96.8496933 73.05239105 139.8052826
vertex 93.19304657 75.06789398 139.652359
vertex 95.77117157 74.09804535 142.6129456

endloop
endfacet
facet normal 0.4053447843 0.9125654101 -0.0540362969
outer loop
vertex 95.77117157 74.09804535 142.6129456
vertex 93.19304657 75.06789398 139.652359
vertex 91.78273773 75.8585434 142.4256439

endloop
endfacet
facet normal 0.4005402327 0.8804275393 -0.2538010478
outer loop
vertex 95.77117157 74.09804535 142.6129456
vertex 91.78273773 75.8585434 142.4256439
vertex 94.38030243 75.5382309 145.4138794

endloop
endfacet
facet normal 0.3429446518 0.9178782701 -0.1997209042
outer loop
vertex 94.38030243 75.5382309 145.4138794
vertex 91.78273773 75.8585434 142.4256439
vertex 90.12245941 77.08879852 145.2287598

endloop
endfacet
facet normal 0.3437070847 0.9234448671 -0.1706312448
outer loop
vertex 94.38030243 75.5382309 145.4138794
vertex 90.12245941 77.08879852 145.2287598
vertex 91.86431122 76.98717499 148.187439

endloop
endfacet
facet normal 0.2297654003 0.9678837061 -0.1020244211
outer loop
vertex 91.86431122 76.98717499 148.187439
vertex 90.12245941 77.08879852 145.2287598
vertex 87.32576752 78.05052948 148.0541687

endloop
endfacet
facet normal 0.2297124267 0.961717248 -0.1494395137
outer loop
vertex 91.86434174 76.98720551 148.187439
vertex 87.32579803 78.05056 148.054184
vertex 87.49959564 78.46434784 150.9842682

endloop
endfacet
facet normal 0.002380062127 0.9901527166 -0.1399710029
outer loop
vertex 87.49959564 78.46434784 150.9842682
vertex 87.32579803 78.05056 148.054184
vertex 82.72252655 78.46443939 150.9036865

endloop
endfacet
facet normal 0.004856474232 0.9579737782 -0.2868147194
outer loop
vertex 87.49959564 78.46434784 150.9842682
vertex 82.72252655 78.46443939 150.9036865
vertex 83.8319931 79.33873749 153.8426666

endloop
endfacet
facet normal -0.1345752329 0.9625053406 -0.2355272323
outer loop
vertex 83.8319931 79.33873749 153.8426666
vertex 82.72252655 78.46443939 150.9036865
vertex 78.77867889 78.61336517 153.7657166

endloop
endfacet
facet normal -0.1342756152 0.961055994 -0.2415397912
outer loop
vertex 83.8319931 79.33873749 153.8426666
vertex 78.77867889 78.61336517 153.7657166
vertex 81.27416229 79.69844818 156.6958466

endloop
endfacet
facet normal -0.1567109823 0.9621750712 -0.2228468508
outer loop
vertex 81.27416229 79.69844818 156.6958466
vertex 78.77867889 78.61336517 153.7657166
vertex 76.05651093 78.83159637 156.6222534

endloop
endfacet
facet normal -0.1576170921 0.9660778642 -0.2045738846
outer loop
vertex 81.27416229 79.69844818 156.6958466
vertex 76.05651093 78.83159637 156.6222534
vertex 79.07698822 79.93410492 159.5015564

endloop
endfacet
facet normal -0.1358159631 0.9644227028 -0.2268102169
outer loop
vertex 79.07698822 79.93410492 159.5015564
vertex 76.05651093 78.83159637 156.6222534
vertex 73.75514984 79.17418671 159.4570618

endloop
endfacet
facet normal -0.1370490491 0.9711924791 -0.1949426681
outer loop
vertex 79.07698822 79.93410492 159.5015564
vertex 73.75514984 79.17418671 159.4570618
vertex 77.31386566 80.24147797 162.2723846

endloop
endfacet
facet normal -0.146714747 0.9720914364 -0.1830655336
outer loop
vertex 77.31386566 80.24147797 162.2723846
vertex 73.75514984 79.17418671 159.4570618
vertex 71.91866302 79.42342377 162.2523499

endloop
endfacet
facet normal -0.1467565745 0.9723347425 -0.1817349046
outer loop
vertex 77.31386566 80.24147797 162.2723846
vertex 71.91866302 79.42342377 162.2523499
vertex 75.72917938 80.5161972 165.0218964

endloop
endfacet
facet normal -0.159146145 0.9733537436 -0.1650905907
outer loop
vertex 75.72917938 80.5161972 165.0218964
vertex 71.91866302 79.42342377 162.2523499
vertex 70.31884003 79.62987518 165.0117798

endloop
endfacet
facet normal -0.1595331281 0.9755513668 -0.1511579603
outer loop
vertex 75.72917938 80.51616669 165.0218964
vertex 70.31887054 79.62984467 165.0117798
vertex 74.19121552 80.68862152 167.7580719

endloop
endfacet
facet normal -0.1328479499 0.9731689095 -0.1878662854
outer loop
vertex 74.19121552 80.68862152 167.7580719
vertex 70.31887054 79.62984467 165.0117798
vertex 68.67449188 79.9345932 167.7532196

endloop
endfacet
facet normal -0.1346606016 0.985863626 -0.09969667345
outer loop
vertex 74.19121552 80.68862152 167.7580719
vertex 68.67449188 79.9345932 167.7532196
vertex 73.05754852 80.80971527 170.4867706

endloop
endfacet
facet normal -0.1005320027 0.983019948 -0.1535091102
outer loop
vertex 73.05754852 80.80971527 170.4867706
vertex 68.67449188 79.9345932 167.7532196
vertex 67.43199921 80.23403168 170.4844208

endloop
endfacet
facet normal -0.1017951071 0.9946691394 0.01646245457
outer loop
vertex 73.05754852 80.80971527 170.4867706
vertex 67.43199921 80.23403168 170.4844208
vertex 72.05336761 80.6618576 173.2110748

endloop
endfacet
facet normal -0.07124137133 0.9968214631 -0.03566035256
outer loop
vertex 72.05336761 80.6618576 173.2110748
vertex 67.43199921 80.23403168 170.4844208
vertex 66.46697235 80.26250458 173.2082367

endloop
endfacet
facet normal -0.07123596966 0.9960443974 0.05311334133
outer loop
vertex 72.05339813 80.66188812 173.2110748
vertex 66.46697235 80.26250458 173.2082367
vertex 71.0729599 80.44680023 175.9296875

endloop
endfacet
facet normal -0.1016576514 0.9892562628 0.1050609723
outer loop
vertex 71.0729599 80.44680023 175.9296875
vertex 66.46697235 80.26250458 173.2082367
vertex 65.52419281 79.87722015 175.9238434

endloop
endfacet
facet normal -0.1020389944 0.9943495393 -0.02927400358
outer loop
vertex 71.0729599 80.44680023 175.9296875
vertex 65.52419281 79.87722015 175.9238434
vertex 70.32137299 80.4496994 178.647934

endloop
endfacet
facet normal -0.1020848155 0.9943472147 -0.02919281647
outer loop
vertex 70.32137299 80.4496994 178.647934
vertex 65.52419281 79.87722015 175.9238434
vertex 65.00392914 79.90361786 178.6423035

endloop
endfacet
facet normal -0.1020071879 0.9937562943 -0.04519856721
outer loop
vertex 70.32134247 80.44966888 178.6479187
vertex 65.00389862 79.90358734 178.6422882
vertex 69.16591644 80.45476532 181.3676147

endloop
endfacet
facet normal -0.09808989614 0.9938595891 -0.05120179057
outer loop
vertex 69.16591644 80.45476532 181.3676147
vertex 65.00389862 79.90358734 178.6422882
vertex 64.00511932 79.94515228 181.3625031

endloop
endfacet
facet normal -0.09754756093 0.9865372777 0.1312577873
outer loop
vertex 69.16591644 80.45476532 181.3676147
vertex 64.00511932 79.94515228 181.3625031
vertex 69.16545868 80.09368134 184.081192

endloop
endfacet
facet normal -0.03200247884 0.999468863 0.00614027027
outer loop
vertex 69.16545868 80.09368134 184.081192
vertex 64.00511932 79.94515228 181.3625031
vertex 64.14440155 79.93291473 184.080368

endloop
endfacet
facet normal -0.03198821843 0.9988755584 0.0349906683
outer loop
vertex 69.16545868 80.09368134 184.081192
vertex 64.14440155 79.93291473 184.080368
vertex 68.52770233 79.97801971 186.799942

endloop
endfacet
facet normal -0.0374161005 0.9983416796 0.0437479727
outer loop
vertex 68.52770233 79.97801971 186.799942
vertex 64.14440155 79.93291473 184.080368
vertex 63.77355194 79.79988861 186.7988892

endloop
endfacet
facet normal -0.03700269759 0.9868010283 0.1576530188
outer loop
vertex 68.52770233 79.97805023 186.7999725
vertex 63.7735672 79.79994965 186.7989197
vertex 68.31172943 79.5359726 189.5163879

endloop
endfacet
facet normal -0.04125458375 0.9854929447 0.1646265835
outer loop
vertex 68.31172943 79.5359726 189.5163879
vertex 63.7735672 79.79994965 186.7989197
vertex 63.77967072 79.3463974 189.5155182

endloop
endfacet
facet normal -0.03969601542 0.9475332499 0.3171828985
outer loop
vertex 68.31172943 79.5359726 189.5163879
vertex 63.77967072 79.3463974 189.5155182
vertex 68.38503265 78.63173676 192.2268219

endloop
endfacet
facet normal -0.01924358495 0.9582543373 0.2852688134
outer loop
vertex 68.38503265 78.63173676 192.2268219
vertex 63.77967072 79.3463974 189.5155182
vertex 63.97266388 78.54299164 192.2272797

endloop
endfacet
facet normal -0.01872579008 0.932893455 0.3596651852
outer loop
vertex 68.38503265 78.63173676 192.2268219
vertex 63.97266388 78.54299164 192.2272797
vertex 68.02873993 77.58104706 194.9335327

endloop
endfacet
facet normal -0.01684850268 0.9338756204 0.3572006524
outer loop
vertex 68.02873993 77.58104706 194.9335327
vertex 63.97266388 78.54299164 192.2272797
vertex 63.75000763 77.50377655 194.9337311

endloop
endfacet
facet normal -0.01612528786 0.8944160938 0.446944952
outer loop
vertex 68.02873993 77.58101654 194.933548
vertex 63.74999237 77.50377655 194.9337463
vertex 67.84468842 76.23070526 197.6291199

endloop
endfacet
facet normal -0.0208530575 0.8914142847 0.4527094066
outer loop
vertex 67.84468842 76.23070526 197.6291199
vertex 63.74999237 77.50377655 194.9337463
vertex 63.74240875 76.1349411 197.6287231

endloop
endfacet
facet normal -0.01922896877 0.8213556409 0.5700922608
outer loop
vertex 67.84468842 76.23070526 197.6291199
vertex 63.74240875 76.1349411 197.6287231
vertex 68.92559052 74.39879608 200.3048859

endloop
endfacet
facet normal -0.03368937969 0.8073981404 0.5890443921
outer loop
vertex 68.92559052 74.39879608 200.3048859
vertex 63.74240875 76.1349411 197.6287231
vertex 65.02449799 74.23821259 200.3018799

endloop
endfacet
facet normal -0.03113975376 0.7438467145 0.6676245332
outer loop
vertex 68.92562103 74.3988266 200.3049011
vertex 65.0245285 74.23821259 200.3018951
vertex 70.44023895 72.08330536 202.9554291

endloop
endfacet
facet normal -0.03500821441 0.7396336198 0.6720985174
outer loop
vertex 70.44023895 72.08330536 202.9554291
vertex 65.0245285 74.23821259 200.3018951
vertex 66.86684418 71.91759491 202.9516602

endloop
endfacet
facet normal -0.03554059938 0.7514152527 0.6588717103
outer loop
vertex 70.44023895 72.08330536 202.9554291
vertex 66.86684418 71.91759491 202.9516602
vertex 71.91161346 69.8363266 205.5973816

endloop
endfacet
facet normal -0.01885550469 0.7680345178 0.6401307583
outer loop
vertex 71.91161346 69.8363266 205.5973816
vertex 66.86684418 71.91759491 202.9516602
vertex 68.87459564 69.76296234 205.5959473

endloop
endfacet
facet normal -0.01975149661 0.8060773611 0.5914804339
outer loop
vertex 71.91161346 69.8363266 205.5973816
vertex 68.87459564 69.76296234 205.5959473
vertex 74.23397064 67.95522308 208.2385254

endloop
endfacet
facet normal -0.02286992781 0.8029213548 0.5956459641
outer loop
vertex 74.23397064 67.95522308 208.2385254
vertex 68.87459564 69.76296234 205.5959473
vertex 71.77419281 67.88600922 208.237381

endloop
endfacet
facet normal -0.02099738829 0.7350256443 0.6777140498
outer loop
vertex 74.23403168 67.95522308 208.2385406
vertex 71.77422333 67.88600922 208.2373962
vertex 76.22603607 65.60210419 210.8523712

endloop
endfacet
facet normal 0.005521250889 0.7578023076 0.6524608731
outer loop
vertex 76.22603607 65.60210419 210.8523712
vertex 71.77422333 67.88600922 208.2373962
vertex 74.20793915 65.61421967 210.8553772

endloop
endfacet
facet normal 0.005244506989 0.6952600479 0.718739152
outer loop
vertex 76.22603607 65.60210419 210.8523712
vertex 74.20793915 65.61421967 210.8553772
vertex 77.9431076 62.5636673 213.7790222

endloop
endfacet
facet normal 0.009067528881 0.6976662278 0.7163654566
outer loop
vertex 77.9431076 62.5636673 213.7790222
vertex 74.20793915 65.61421967 210.8553772
vertex 76.44408417 62.57097626 213.7908783

endloop
endfacet
facet normal 0.009266156703 0.506624043 0.8621172905
outer loop
vertex 77.9431076 62.56365204 213.7790375
vertex 76.44408417 62.57094574 213.790863
vertex 80.59990692 55.74646759 217.7566071

endloop
endfacet
facet normal -0.8547044396 -0.5191149712 0
outer loop
vertex 80.59990692 55.74646759 217.7566071
vertex 76.44408417 62.57094574 213.790863
vertex 80.59990692 55.74646759 217.7565613

endloop
endfacet
facet normal -0.2345527709 -0.2544503808 0.9382110834
outer loop
vertex 112.1324997 29.08104706 103.7969666
vertex 112.1325302 29.08104706 103.7969742
vertex 111.4955673 43.75720978 107.6180267

endloop
endfacet
facet normal 0.1431358308 0.2551769912 -0.956240952
outer loop
vertex 111.4955673 43.75720978 107.6180267
vertex 112.1325302 29.08104706 103.7969742
vertex 110.5031357 44.41478729 107.6449509

endloop
endfacet
facet normal 0.2823420167 0.4605728388 -0.8415198326
outer loop
vertex 111.4955673 43.75720978 107.6180267
vertex 110.5031357 44.41478729 107.6449509
vertex 110.3755417 49.62758636 110.455162

endloop
endfacet
facet normal 0.334506005 0.4535290003 -0.8260855079
outer loop
vertex 110.3755417 49.62758636 110.455162
vertex 110.5031357 44.41478729 107.6449509
vertex 108.9001083 50.63188934 110.4090881

endloop
endfacet
facet normal 0.4244182408 0.5920900106 -0.6850537062
outer loop
vertex 110.3755417 49.62758636 110.455162
vertex 108.9001083 50.63188934 110.4090881
vertex 109.1871872 53.47258759 113.0421524

endloop
endfacet
facet normal 0.4749408662 0.571936667 -0.6688196063
outer loop
vertex 109.1871872 53.47258759 113.0421524
vertex 108.9001083 50.63188934 110.4090881
vertex 107.4314194 54.82596588 112.9526825

endloop
endfacet
facet normal 0.5319674611 0.6546263695 -0.5370985866
outer loop
vertex 109.1871872 53.47258759 113.0421524
vertex 107.4314194 54.82596588 112.9526825
vertex 107.8712387 56.66277313 115.627037

endloop
endfacet
facet normal 0.5451241136 0.6465307474 -0.5337019563
outer loop
vertex 107.8712387 56.66277313 115.627037
vertex 107.4314194 54.82596588 112.9526825
vertex 105.9318771 58.19246674 115.4992523

endloop
endfacet
facet normal 0.5613298416 0.6712180376 -0.4841229916
outer loop
vertex 107.8712387 56.66277313 115.627037
vertex 105.9318771 58.19246674 115.4992523
vertex 106.2661972 59.87664032 118.2219315

endloop
endfacet
facet normal 0.5415991545 0.6835435629 -0.4893244803
outer loop
vertex 106.2661972 59.87664032 118.2219315
vertex 105.9318771 58.19246674 115.4992523
vertex 104.0387802 61.52857208 118.0641632

endloop
endfacet
facet normal 0.5658939481 0.7256467938 -0.3914085031
outer loop
vertex 106.2661972 59.87662506 118.2219238
vertex 104.0387802 61.52857208 118.0641556
vertex 104.3396835 62.78290558 120.8246536

endloop
endfacet
facet normal 0.5410637856 0.7418724895 -0.3960747123
outer loop
vertex 104.3396835 62.78290558 120.8246536
vertex 104.0387802 61.52857208 118.0641556
vertex 101.8473129 64.50588226 120.6471558

endloop
endfacet
facet normal 0.5563997626 0.7736165524 -0.3032108545
outer loop
vertex 104.3396835 62.78292084 120.8246613
vertex 101.8473129 64.50591278 120.6471634
vertex 102.1876755 65.34398651 123.4100113

endloop
endfacet
facet normal 0.5024735332 0.8082270026 -0.307066083
outer loop
vertex 102.1876755 65.34398651 123.4100113
vertex 101.8473129 64.50591278 120.6471634
vertex 99.48531342 66.95769501 123.2353821

endloop
endfacet
facet normal 0.4985098243 0.7982173562 -0.3381376266
outer loop
vertex 102.1876144 65.34395599 123.409996
vertex 99.4852829 66.95766449 123.2353668
vertex 100.3206406 67.61220551 126.0120468

endloop
endfacet
facet normal 0.4391807616 0.8359205127 -0.3291763365
outer loop
vertex 100.3206406 67.61220551 126.0120468
vertex 99.4852829 66.95766449 123.2353668
vertex 97.34328461 69.11626434 125.859169

endloop
endfacet
facet normal 0.4379580915 0.8324593306 -0.3394174576
outer loop
vertex 100.3206406 67.61220551 126.0120468
vertex 97.34328461 69.11626434 125.859169
vertex 98.88665009 69.44808197 128.6644287

endloop
endfacet
facet normal 0.3995751739 0.8585178256 -0.3213826716
outer loop
vertex 98.88665009 69.44808197 128.6644287
vertex 97.34328461 69.11626434 125.859169
vertex 95.70571136 70.88304901 128.5428314

endloop
endfacet
facet normal 0.397975713 0.8537566066 -0.3357304335
outer loop
vertex 98.88665009 69.44808197 128.6644287
vertex 95.70571136 70.88304901 128.5428314
vertex 97.44454193 71.18062592 131.3607788

endloop
endfacet
facet normal 0.3506620526 0.8838080764 -0.3097086847
outer loop
vertex 97.44454193 71.18062592 131.3607788
vertex 95.70571136 70.88304901 128.5428314
vertex 94.1566391 72.45119476 131.2639008

endloop
endfacet
facet normal 0.3466825485 0.8704849482 -0.3493810594
outer loop
vertex 97.44454193 71.18062592 131.3607788
vertex 94.1566391 72.45119476 131.2639008
vertex 95.99590302 72.86077118 134.1094208

endloop
endfacet
facet normal 0.307927072 0.8932281137 -0.3276042044
outer loop
vertex 95.99590302 72.86077118 134.1094208
vertex 94.1566391 72.45119476 131.2639008
vertex 92.51729584 74.02370453 134.0105438

endloop
endfacet
facet normal 0.3103422821 0.9030603766 -0.2969336212
outer loop
vertex 95.99590302 72.86077118 134.1094208
vertex 92.51729584 74.02370453 134.0105438
vertex 94.50060272 74.28557587 136.879837

endloop
endfacet
facet normal 0.2618283033 0.9278309941 -0.2656606138
outer loop
vertex 94.50060272 74.28557587 136.879837
vertex 92.51729584 74.02370453 134.0105438
vertex 90.77867889 75.30190277 136.7611694

endloop
endfacet
facet normal 0.2649429739 0.9534386992 -0.1440827847
outer loop
vertex 94.5005722 74.28557587 136.879837
vertex 90.77861786 75.30190277 136.7611542
vertex 93.19304657 75.06789398 139.652359

endloop
endfacet
facet normal 0.2026397437 0.9750808477 -0.09030204266
outer loop
vertex 93.19304657 75.06789398 139.652359
vertex 90.77861786 75.30190277 136.7611542
vertex 89.10643768 75.903862 139.5086975

endloop
endfacet
facet normal 0.2032265216 0.9639981985 -0.1714834571
outer loop
vertex 93.19304657 75.06789398 139.652359
vertex 89.10643768 75.903862 139.5086975
vertex 91.78273773 75.8585434 142.4256439

endloop
endfacet
facet normal 0.1606556773 0.9781162739 -0.1322053522
outer loop
vertex 91.78273773 75.8585434 142.4256439
vertex 89.10643768 75.903862 139.5086975
vertex 87.53142548 76.53762054 142.2835846

endloop
endfacet
facet normal 0.1599441767 0.9352668524 -0.3157432675
outer loop
vertex 91.78273773 75.8585434 142.4256439
vertex 87.53142548 76.53762054 142.2835846
vertex 90.12245941 77.08879852 145.2287598

endloop
endfacet
facet normal 0.06311332434 0.9694680572 -0.2369564176
outer loop
vertex 90.12245941 77.08879852 145.2287598
vertex 87.53142548 76.53762054 142.2835846
vertex 85.76070404 77.34368134 145.1098175

endloop
endfacet
facet normal 0.06344788522 0.9622334838 -0.2647282481
outer loop
vertex 90.12245941 77.08879852 145.2287598
vertex 85.76070404 77.34368134 145.1098175
vertex 87.32576752 78.05052948 148.0541687

endloop
endfacet
facet normal -0.04250333458 0.9763866663 -0.2118078321
outer loop
vertex 87.32576752 78.05052948 148.0541687
vertex 85.76070404 77.34368134 145.1098175
vertex 82.89562225 77.83992767 147.9723358

endloop
endfacet
facet normal -0.04254513979 0.976649344 -0.2105847597
outer loop
vertex 87.32579803 78.05056 148.054184
vertex 82.89565277 77.83992767 147.9723511
vertex 82.72252655 78.46443939 150.9036865

endloop
endfacet
facet normal -0.2409027368 0.9462485313 -0.215823099
outer loop
vertex 82.72252655 78.46443939 150.9036865
vertex 82.89565277 77.83992767 147.9723511
vertex 78.17943573 77.28340912 150.7966309

endloop
endfacet
facet normal -0.2268167585 0.9051007628 -0.3596480787
outer loop
vertex 82.72252655 78.46443939 150.9036865
vertex 78.17943573 77.28340912 150.7966309
vertex 78.77867889 78.61336517 153.7657166

endloop
endfacet
facet normal -0.3167638183 0.8878416419 -0.3337632716
outer loop
vertex 78.77867889 78.61336517 153.7657166
vertex 78.17943573 77.28340912 150.7966309
vertex 74.07460785 76.89592743 153.6616516

endloop
endfacet
facet normal -0.312224865 0.8772753477 -0.3645593822
outer loop
vertex 78.77867889 78.61336517 153.7657166
vertex 74.07460785 76.89592743 153.6616516
vertex 76.05651093 78.83159637 156.6222534

endloop
endfacet
facet normal -0.3182228208 0.8768844604 -0.3602886796
outer loop
vertex 76.05651093 78.83159637 156.6222534
vertex 74.07460785 76.89592743 153.6616516
vertex 71.14235687 77.02767181 156.5721893

endloop
endfacet
facet normal -0.3177271187 0.8756304979 -0.3637591004
outer loop
vertex 76.05651093 78.83159637 156.6222534
vertex 71.14235687 77.02767181 156.5721893
vertex 73.75514984 79.17418671 159.4570618

endloop
endfacet
facet normal -0.2847800851 0.8744535446 -0.3927231431
outer loop
vertex 73.75514984 79.17418671 159.4570618
vertex 71.14235687 77.02767181 156.5721893
vertex 68.62059784 77.49919891 159.4507446

endloop
endfacet
facet normal -0.2976870239 0.9135825634 -0.2770365179
outer loop
vertex 73.75514984 79.17418671 159.4570618
vertex 68.62059784 77.49919891 159.4507446
vertex 71.91866302 79.42342377 162.2523499

endloop
endfacet
facet normal -0.2509391904 0.9101268053 -0.3296948373
outer loop
vertex 71.91866302 79.42342377 162.2523499
vertex 68.62059784 77.49919891 159.4507446
vertex 66.58901215 77.9552536 162.2559814

endloop
endfacet
facet normal -0.2591759562 0.9402970672 -0.2206112146
outer loop
vertex 71.91866302 79.42342377 162.2523499
vertex 66.58901215 77.9552536 162.2559814
vertex 70.31884003 79.62987518 165.0117798

endloop
endfacet
facet normal -0.2320668995 0.9383717179 -0.2561318874
outer loop
vertex 70.31884003 79.62987518 165.0117798
vertex 66.58901215 77.9552536 162.2559814
vertex 64.89315033 78.28716278 165.0084991

endloop
endfacet
facet normal -0.232806623 0.9413424134 -0.2442858219
outer loop
vertex 70.31887054 79.62984467 165.0117798
vertex 64.89311981 78.28713226 165.0084991
vertex 68.67449188 79.9345932 167.7532196

endloop
endfacet
facet normal -0.213040784 0.9389694333 -0.2700927258
outer loop
vertex 68.67449188 79.9345932 167.7532196
vertex 64.89311981 78.28713226 165.0084991
vertex 63.26931 78.70555878 167.7439575

endloop
endfacet
facet normal -0.2167600542 0.9548230767 -0.2032927871
outer loop
vertex 68.67449188 79.9345932 167.7532196
vertex 63.26931 78.70555878 167.7439575
vertex 67.43199921 80.23403168 170.4844208

endloop
endfacet
facet normal -0.2004714906 0.9530301094 -0.2270346731
outer loop
vertex 67.43199921 80.23403168 170.4844208
vertex 63.26931 78.70555878 167.7439575
vertex 62.05135345 79.09951019 170.473114

endloop
endfacet
facet normal -0.2054374516 0.9751461744 -0.08297841251
outer loop
vertex 67.43199921 80.23403168 170.4844208
vertex 62.05135345 79.09951019 170.473114
vertex 66.46697235 80.26250458 173.2082367

endloop
endfacet
facet normal -0.1889799386 0.9758191705 -0.109833777
outer loop
vertex 66.46697235 80.26250458 173.2082367
vertex 62.05135345 79.09951019 170.473114
vertex 61.06816864 79.2156601 173.1967163

endloop
endfacet
facet normal -0.190000385 0.9790703654 0.0729458034
outer loop
vertex 66.46697235 80.26250458 173.2082367
vertex 61.06816864 79.2156601 173.1967163
vertex 65.52419281 79.87722015 175.9238434

endloop
endfacet
facet normal -0.1729193926 0.9839593768 0.04385009035
outer loop
vertex 65.52419281 79.87722015 175.9238434
vertex 61.06816864 79.2156601 173.1967163
vertex 60.13291168 78.9302597 175.9127502

endloop
endfacet
facet normal -0.1727560312 0.9840422273 -0.04261791706
outer loop
vertex 65.52419281 79.87722015 175.9238434
vertex 60.13291168 78.9302597 175.9127502
vertex 65.00392914 79.90361786 178.6423035

endloop
endfacet
facet normal -0.1774377227 0.9835416079 -0.03408470005
outer loop
vertex 65.00392914 79.90361786 178.6423035
vertex 60.13291168 78.9302597 175.9127502
vertex 59.8015213 78.96468353 178.6312256

endloop
endfacet
facet normal -0.1768672019 0.9809837937 -0.07992963493
outer loop
vertex 65.00389862 79.90358734 178.6422882
vertex 59.80149078 78.96471405 178.6312256
vertex 64.00511932 79.94515228 181.3625031

endloop
endfacet
facet normal -0.1883921921 0.9801418185 -0.06188961864
outer loop
vertex 64.00511932 79.94515228 181.3625031
vertex 59.80149078 78.96471405 178.6312256
vertex 58.9863205 78.97975922 181.3508759

endloop
endfacet
facet normal -0.1889052987 0.9818940163 0.01410192717
outer loop
vertex 64.00511932 79.94515228 181.3625031
vertex 58.9863205 78.97975922 181.3508759
vertex 64.14440155 79.93291473 184.080368

endloop
endfacet
facet normal -0.1561235338 0.9864986539 -0.04945562035
outer loop
vertex 64.14440155 79.93291473 184.080368
vertex 58.9863205 78.97975922 181.3508759
vertex 59.20250702 79.15035248 184.0712585

endloop
endfacet
facet normal -0.1563954651 0.987326026 0.02697825991
outer loop
vertex 64.14440155 79.93291473 184.080368
vertex 59.20250702 79.15035248 184.0712585
vertex 63.77355194 79.79988861 186.7988892

endloop
endfacet
facet normal -0.1837400794 0.9801466465 0.07451284677
outer loop
vertex 63.77355194 79.79988861 186.7988892
vertex 59.20250702 79.15035248 184.0712585
vertex 59.11556244 78.92754364 186.7877045

endloop
endfacet
facet normal -0.182020396 0.9698039293 0.1623234898
outer loop
vertex 63.7735672 79.79994965 186.7989197
vertex 59.11559296 78.92757416 186.7877502
vertex 63.77967072 79.3463974 189.5155182

endloop
endfacet
facet normal -0.1588740796 0.9798305035 0.1212072745
outer loop
vertex 63.77967072 79.3463974 189.5155182
vertex 59.11559296 78.92757416 186.7877502
vertex 59.26551056 78.61562347 189.5060425

endloop
endfacet
facet normal -0.1534966081 0.9444144964 0.290723145
outer loop
vertex 63.77967072 79.3463974 189.5155182
vertex 59.26551056 78.61562347 189.5060425
vertex 63.97266388 78.54299164 192.2272797

endloop
endfacet
facet normal -0.09926470369 0.9752165079 0.1977357715
outer loop
vertex 63.97266388 78.54299164 192.2272797
vertex 59.26551056 78.61562347 189.5060425
vertex 59.52654266 78.09166718 192.2211914

endloop
endfacet
facet normal -0.09507706016 0.9319086075 0.3500096202
outer loop
vertex 63.97266388 78.54299164 192.2272797
vertex 59.52654266 78.09166718 192.2211914
vertex 63.75000763 77.50377655 194.9337311

endloop
endfacet
facet normal -0.1128245145 0.9200994968 0.3750832677
outer loop
vertex 63.75000763 77.50377655 194.9337311
vertex 59.52654266 78.09166718 192.2211914
vertex 59.46172333 76.98195648 194.9238739

endloop
endfacet
facet normal -0.1088988855 0.8864057064 0.4499176443
outer loop
vertex 63.74999237 77.50377655 194.9337463
vertex 59.46173859 76.98195648 194.9238739
vertex 63.74240875 76.1349411 197.6287231

endloop
endfacet
facet normal -0.1303151697 0.8685230017 0.4782109559
outer loop
vertex 63.74240875 76.1349411 197.6287231
vertex 59.46173859 76.98195648 194.9238739
vertex 59.69339752 75.53466034 197.6155701

endloop
endfacet
facet normal -0.1179638654 0.7822871804 0.6116464138
outer loop
vertex 63.74240875 76.1349411 197.6287231
vertex 59.69339752 75.53466034 197.6155701
vertex 65.02449799 74.23821259 200.3018799

endloop
endfacet
facet normal -0.09300175309 0.8118691444 0.576384604
outer loop
vertex 65.02449799 74.23821259 200.3018799
vertex 59.69339752 75.53466034 197.6155701
vertex 61.14347076 73.80117035 200.2912598

endloop
endfacet
facet normal -0.08299976587 0.7203756571 0.6886000037
outer loop
vertex 65.0245285 74.23821259 200.3018951
vertex 61.14348602 73.80120087 200.291275
vertex 66.86684418 71.91759491 202.9516602

endloop
endfacet
facet normal -0.06448917836 0.7437568903 0.6653321385
outer loop
vertex 66.86684418 71.91759491 202.9516602
vertex 61.14348602 73.80120087 200.291275
vertex 63.18280792 71.60652924 202.9423065

endloop
endfacet
facet normal -0.06490823627 0.7488950491 0.6595021486
outer loop
vertex 66.86684418 71.91759491 202.9516602
vertex 63.18280792 71.60652924 202.9423065
vertex 68.87459564 69.76296234 205.5959473

endloop
endfacet
facet normal -0.06630063057 0.7471850514 0.6613007784
outer loop
vertex 68.87459564 69.76296234 205.5959473
vertex 63.18280792 71.60652924 202.9423065
vertex 65.6986618 69.48973846 205.5862427

endloop
endfacet
facet normal -0.0686821565 0.7760905027 0.6268702149
outer loop
vertex 68.87459564 69.76296234 205.5959473
vertex 65.6986618 69.48973846 205.5862427
vertex 71.77419281 67.88600922 208.237381

endloop
endfacet
facet normal -0.05030195042 0.7993178368 0.5987995267
outer loop
vertex 71.77419281 67.88600922 208.237381
vertex 65.6986618 69.48973846 205.5862427
vertex 69.20531464 67.72832489 208.2320709

endloop
endfacet
facet normal -0.04636691138 0.7327289581 0.6789392233
outer loop
vertex 71.77422333 67.88600922 208.2373962
vertex 69.20531464 67.72835541 208.2321014
vertex 74.20793915 65.61421967 210.8553772

endloop
endfacet
facet normal 0.02125078812 0.7978538275 0.6024763584
outer loop
vertex 74.20793915 65.61421967 210.8553772
vertex 69.20531464 67.72835541 208.2321014
vertex 72.07430267 65.67021942 210.8564758

endloop
endfacet
facet normal 0.01877181977 0.7012400031 0.7126781344
outer loop
vertex 74.20793915 65.61421967 210.8553772
vertex 72.07430267 65.67021942 210.8564758
vertex 76.44408417 62.57097626 213.7908783

endloop
endfacet
facet normal 0.06080645695 0.7301311493 0.6805961132
outer loop
vertex 76.44408417 62.57097626 213.7908783
vertex 72.07430267 65.67021942 210.8564758
vertex 74.87758636 62.69322968 213.7996826

endloop
endfacet
facet normal 0.04557758197 0.5225105882 0.8514137268
outer loop
vertex 76.44408417 62.57094574 213.790863
vertex 74.87761688 62.69321442 213.7996826
vertex 80.59990692 55.74646759 217.7565613

endloop
endfacet
facet normal 0.6991648674 0.176365912 -0.692866087
outer loop
vertex 80.59990692 55.74646759 217.7565613
vertex 74.87761688 62.69321442 213.7996826
vertex 80.59993744 55.74646759 217.7565918

endloop
endfacet
facet normal 0.113600038 0.2531650364 -0.960730195
outer loop
vertex 112.1325302 29.08104706 103.7969742
vertex 112.1324692 29.08101654 103.7969589
vertex 110.5031357 44.41478729 107.6449509

endloop
endfacet
facet normal -0.02343508415 0.2409915179 -0.9702442884
outer loop
vertex 110.5031357 44.41478729 107.6449509
vertex 112.1324692 29.08101654 103.7969589
vertex 109.480278 44.35945892 107.6559143

endloop
endfacet
facet normal -0.03141919151 0.3992830217 -0.9162892103
outer loop
vertex 110.5031357 44.41478729 107.6449509
vertex 109.480278 44.35945892 107.6559143
vertex 108.9001083 50.63188934 110.4090881

endloop
endfacet
facet normal 0.09964089841 0.4076325595 -0.9076935053
outer loop
vertex 108.9001083 50.63188934 110.4090881
vertex 109.480278 44.35945892 107.6559143
vertex 107.3948593 50.87300873 110.3521347

endloop
endfacet
facet normal 0.1186987832 0.5449524522 -0.8300225735
outer loop
vertex 108.9001083 50.63188934 110.4090881
vertex 107.3948593 50.87300873 110.3521347
vertex 107.4314194 54.82596588 112.9526825

endloop
endfacet
facet normal 0.2063834816 0.5364391804 -0.8183146715
outer loop
vertex 107.4314194 54.82596588 112.9526825
vertex 107.3948593 50.87300873 110.3521347
vertex 105.623436 55.36408234 112.8494568

endloop
endfacet
facet normal 0.2349196225 0.6507921219 -0.7219988704
outer loop
vertex 107.4314194 54.82596588 112.9526825
vertex 105.623436 55.36408234 112.8494568
vertex 105.9318771 58.19246674 115.4992523

endloop
endfacet
facet normal 0.2476755381 0.6478686929 -0.7203630805
outer loop
vertex 105.9318771 58.19246674 115.4992523
vertex 105.623436 55.36408234 112.8494568
vertex 103.7513657 58.86399078 115.3534927

endloop
endfacet
facet normal 0.2544279397 0.6760520935 -0.6915344596
outer loop
vertex 105.9318771 58.19246674 115.4992523
vertex 103.7513657 58.86399078 115.3534927
vertex 104.0387802 61.52857208 118.0641632

endloop
endfacet
facet normal 0.2566216588 0.6755199432 -0.6912439466
outer loop
vertex 104.0387802 61.52857208 118.0641632
vertex 103.7513657 58.86399078 115.3534927
vertex 101.6459885 62.27544403 117.9057312

endloop
endfacet
facet normal 0.2709950507 0.7368280292 -0.6193916798
outer loop
vertex 104.0387802 61.52857208 118.0641556
vertex 101.6459579 62.27544403 117.9057312
vertex 101.8473129 64.50588226 120.6471558

endloop
endfacet
facet normal 0.3026916087 0.728300333 -0.6147816181
outer loop
vertex 101.8473129 64.50588226 120.6471558
vertex 101.6459579 62.27544403 117.9057312
vertex 99.27587128 65.4517746 120.5016403

endloop
endfacet
facet normal 0.3273363411 0.8168188334 -0.4750346839
outer loop
vertex 101.8473129 64.50591278 120.6471634
vertex 99.27587128 65.4517746 120.5016403
vertex 99.48531342 66.95769501 123.2353821

endloop
endfacet
facet normal 0.3003841043 0.8255332112 -0.4777702391
outer loop
vertex 99.48531342 66.95769501 123.2353821
vertex 99.27587128 65.4517746 120.5016403
vertex 96.75585175 67.88939667 123.1291885

endloop
endfacet
facet normal 0.3048560023 0.8424586058 -0.4442141354
outer loop
vertex 99.4852829 66.95766449 123.2353668
vertex 96.75582123 67.88936615 123.1291733
vertex 97.34328461 69.11626434 125.859169

endloop
endfacet
facet normal 0.1739707142 0.8836747408 -0.4345722497
outer loop
vertex 97.34328461 69.11626434 125.859169
vertex 96.75582123 67.88936615 123.1291733
vertex 94.43843842 69.6554184 125.7926178

endloop
endfacet
facet normal 0.1717381328 0.8677099347 -0.4664606154
outer loop
vertex 97.34328461 69.11626434 125.859169
vertex 94.43843842 69.6554184 125.7926178
vertex 95.70571136 70.88304901 128.5428314

endloop
endfacet
facet normal 0.02610845864 0.9083113074 -0.4174793363
outer loop
vertex 95.70571136 70.88304901 128.5428314
vertex 94.43843842 69.6554184 125.7926178
vertex 92.52645111 70.94872284 128.4868927

endloop
endfacet
facet normal 0.02660655417 0.8725914359 -0.4877255559
outer loop
vertex 95.70571136 70.88304901 128.5428314
vertex 92.52645111 70.94872284 128.4868927
vertex 94.1566391 72.45119476 131.2639008

endloop
endfacet
facet normal -0.09579487145 0.8979321718 -0.429582566
outer loop
vertex 94.1566391 72.45119476 131.2639008
vertex 92.52645111 70.94872284 128.4868927
vertex 90.83385468 72.06755829 131.2029724

endloop
endfacet
facet normal -0.08733014762 0.84115237 -0.5337004066
outer loop
vertex 94.1566391 72.45119476 131.2639008
vertex 90.83385468 72.06755829 131.2029724
vertex 92.51729584 74.02370453 134.0105438

endloop
endfacet
facet normal -0.1745928675 0.8539077044 -0.4902641475
outer loop
vertex 92.51729584 74.02370453 134.0105438
vertex 90.83385468 72.06755829 131.2029724
vertex 89.12752533 73.28801727 133.9363403

endloop
endfacet
facet normal -0.1728087217 0.8469517231 -0.502802074
outer loop
vertex 92.51729584 74.02370453 134.0105438
vertex 89.12752533 73.28801727 133.9363403
vertex 90.77867889 75.30190277 136.7611694

endloop
endfacet
facet normal -0.1929115802 0.848756671 -0.4923384488
outer loop
vertex 90.77867889 75.30190277 136.7611694
vertex 89.12752533 73.28801727 133.9363403
vertex 87.21303558 74.44234467 136.6764679

endloop
endfacet
facet normal -0.2136754245 0.9189815521 -0.3313844502
outer loop
vertex 90.77861786 75.30190277 136.7611542
vertex 87.21303558 74.44231415 136.6764526
vertex 89.10643768 75.903862 139.5086975

endloop
endfacet
facet normal -0.1802957654 0.9180110097 -0.3531984687
outer loop
vertex 89.10643768 75.903862 139.5086975
vertex 87.21303558 74.44231415 136.6764526
vertex 85.31569672 75.12734222 139.4254608

endloop
endfacet
facet normal -0.1836638749 0.9305486679 -0.3167754114
outer loop
vertex 89.10643768 75.903862 139.5086975
vertex 85.31569672 75.12734222 139.4254608
vertex 87.53142548 76.53762054 142.2835846

endloop
endfacet
facet normal -0.2162281573 0.9316344857 -0.2920660675
outer loop
vertex 87.53142548 76.53762054 142.2835846
vertex 85.31569672 75.12734222 139.4254608
vertex 83.60597992 75.60280609 142.2078705

endloop
endfacet
facet normal -0.2066677511 0.8990894556 -0.3859100938
outer loop
vertex 87.53142548 76.53762054 142.2835846
vertex 83.60597992 75.60280609 142.2078705
vertex 85.76070404 77.34368134 145.1098175

endloop
endfacet
facet normal -0.2787984312 0.9006590247 -0.3332939744
outer loop
vertex 85.76070404 77.34368134 145.1098175
vertex 83.60597992 75.60280609 142.2078705
vertex 81.92723846 76.13039398 145.0378265

endloop
endfacet
facet normal -0.2670078576 0.8684199452 -0.417796284
outer loop
vertex 85.76070404 77.34368134 145.1098175
vertex 81.92723846 76.13039398 145.0378265
vertex 82.89562225 77.83992767 147.9723358

endloop
endfacet
facet normal -0.3926147223 0.845130384 -0.362778604
outer loop
vertex 82.89562225 77.83992767 147.9723358
vertex 81.92723846 76.13039398 145.0378265
vertex 79.12389374 76.04619598 147.8755798

endloop
endfacet
facet normal -0.3713567853 0.8057613969 -0.4613487422
outer loop
vertex 82.89565277 77.83992767 147.9723511
vertex 79.12392426 76.0462265 147.8755951
vertex 78.17943573 77.28340912 150.7966309

endloop
endfacet
facet normal -0.4773855507 0.7430244684 -0.4690603614
outer loop
vertex 78.17943573 77.28340912 150.7966309
vertex 79.12392426 76.0462265 147.8755951
vertex 74.24358368 74.68520355 150.6865997

endloop
endfacet
facet normal -0.4497134089 0.704492867 -0.5490424633
outer loop
vertex 78.17943573 77.28340912 150.7966309
vertex 74.24358368 74.68520355 150.6865997
vertex 74.07460785 76.89592743 153.6616516

endloop
endfacet
facet normal -0.4680340886 0.6963816881 -0.5440557599
outer loop
vertex 74.07460785 76.89592743 153.6616516
vertex 74.24358368 74.68520355 150.6865997
vertex 69.98714447 74.12108612 153.6262207

endloop
endfacet
facet normal -0.4786068499 0.7115769386 -0.5143865943
outer loop
vertex 74.07460785 76.89592743 153.6616516
vertex 69.98714447 74.12108612 153.6262207
vertex 71.14235687 77.02767181 156.5721893

endloop
endfacet
facet normal -0.4057068825 0.7251570225 -0.5563716292
outer loop
vertex 71.14235687 77.02767181 156.5721893
vertex 69.98714447 74.12108612 153.6262207
vertex 66.69536591 74.5623703 156.6017456

endloop
endfacet
facet normal -0.4236928523 0.7583317161 -0.4953961074
outer loop
vertex 71.14235687 77.02767181 156.5721893
vertex 66.69536591 74.5623703 156.6017456
vertex 68.62059784 77.49919891 159.4507446

endloop
endfacet
facet normal -0.3256082535 0.7596130967 -0.5629984736
outer loop
vertex 68.62059784 77.49919891 159.4507446
vertex 66.69536591 74.5623703 156.6017456
vertex 63.7355423 75.42339325 159.4752655

endloop
endfacet
facet normal -0.3604399264 0.8435305953 -0.3981698453
outer loop
vertex 68.62059784 77.49919891 159.4507446
vertex 63.7355423 75.42339325 159.4752655
vertex 66.58901215 77.9552536 162.2559814

endloop
endfacet
facet normal -0.2785982788 0.8350459337 -0.4744273126
outer loop
vertex 66.58901215 77.9552536 162.2559814
vertex 63.7355423 75.42339325 159.4752655
vertex 61.42557526 76.23207855 162.255127

endloop
endfacet
facet normal -0.3023754656 0.9062046409 -0.2955710888
outer loop
vertex 66.58901215 77.9552536 162.2559814
vertex 61.42557526 76.23207855 162.255127
vertex 64.89315033 78.28716278 165.0084991

endloop
endfacet
facet normal -0.2657541931 0.9024987817 -0.3389256895
outer loop
vertex 64.89315033 78.28716278 165.0084991
vertex 61.42557526 76.23207855 162.255127
vertex 59.57590485 76.71559906 164.9929962

endloop
endfacet
facet normal -0.2695767581 0.9150578976 -0.2999957204
outer loop
vertex 64.89311981 78.28713226 165.0084991
vertex 59.57590485 76.71559906 164.9930115
vertex 63.26931 78.70555878 167.7439575

endloop
endfacet
facet normal -0.2749920189 0.9156612754 -0.29316172
outer loop
vertex 63.26931 78.70555878 167.7439575
vertex 59.57590485 76.71559906 164.9930115
vertex 57.9733963 77.10808563 167.7220917

endloop
endfacet
facet normal -0.2780635953 0.9253582954 -0.2576677203
outer loop
vertex 63.26931 78.70555878 167.7439575
vertex 57.9733963 77.10808563 167.7220917
vertex 62.05135345 79.09951019 170.473114

endloop
endfacet
facet normal -0.2995623946 0.9267296195 -0.2267918438
outer loop
vertex 62.05135345 79.09951019 170.473114
vertex 57.9733963 77.10808563 167.7220917
vertex 56.82558441 77.40425873 170.4484406

endloop
endfacet
facet normal -0.3044390976 0.9406449795 -0.1500130147
outer loop
vertex 62.05135345 79.09951019 170.473114
vertex 56.82558441 77.40425873 170.4484406
vertex 61.06816864 79.2156601 173.1967163

endloop
endfacet
facet normal -0.3043458462 0.9406514764 -0.1501612365
outer loop
vertex 61.06816864 79.2156601 173.1967163
vertex 56.82558441 77.40425873 170.4484406
vertex 55.79178619 77.50441742 173.1711578

endloop
endfacet
facet normal -0.3084684908 0.9512138963 -0.006266685668
outer loop
vertex 61.06816864 79.2156601 173.1967163
vertex 55.79178619 77.50441742 173.1711884
vertex 60.13291168 78.9302597 175.9127502

endloop
endfacet
facet normal -0.2474163324 0.9627646208 -0.108947061
outer loop
vertex 60.13291168 78.9302597 175.9127502
vertex 55.79178619 77.50441742 173.1711884
vertex 54.9376297 77.59285736 175.8925018

endloop
endfacet
facet normal -0.2489165515 0.967587769 -0.04259615391
outer loop
vertex 60.13291168 78.9302597 175.9127502
vertex 54.9376297 77.59285736 175.8925018
vertex 59.8015213 78.96468353 178.6312256

endloop
endfacet
facet normal -0.2092819512 0.9710996747 -0.1147451624
outer loop
vertex 59.8015213 78.96468353 178.6312256
vertex 54.9376297 77.59285736 175.8925018
vertex 54.7032547 77.86406708 178.6152496

endloop
endfacet
facet normal -0.2103311867 0.9752317667 -0.06843827665
outer loop
vertex 59.80149078 78.96471405 178.6312256
vertex 54.70323944 77.86403656 178.6152344
vertex 58.9863205 78.97975922 181.3508759

endloop
endfacet
facet normal -0.2059765309 0.9756458402 -0.0754250586
outer loop
vertex 58.9863205 78.97975922 181.3508759
vertex 54.70323944 77.86403656 178.6152344
vertex 53.96411896 77.9182663 181.3351593

endloop
endfacet
facet normal -0.2064486444 0.9774271846 -0.04488745332
outer loop
vertex 58.9863205 78.97975922 181.3508759
vertex 53.96411896 77.9182663 181.3351593
vertex 59.20250702 79.15035248 184.0712585

endloop
endfacet
facet normal -0.229881525 0.9732168317 0.001871868968
outer loop
vertex 59.20250702 79.15035248 184.0712585
vertex 53.96411896 77.9182663 181.3351593
vertex 54.39324188 78.01439667 184.0552979

endloop
endfacet
facet normal -0.2295021564 0.9706216455 0.07226689905
outer loop
vertex 59.20250702 79.15035248 184.0712585
vertex 54.39324188 78.01439667 184.0552979
vertex 59.11556244 78.92754364 186.7877045

endloop
endfacet
facet normal -0.2453854829 0.9640538692 0.1019124016
outer loop
vertex 59.11556244 78.92754364 186.7877045
vertex 54.39324188 78.01439667 184.0552979
vertex 54.50022125 77.75466156 186.7698822

endloop
endfacet
facet normal -0.244851321 0.9616167545 0.1238588318
outer loop
vertex 59.11559296 78.92757416 186.7877502
vertex 54.50025177 77.75469208 186.7699127
vertex 59.26551056 78.61562347 189.5060425

endloop
endfacet
facet normal -0.2451894581 0.9614477158 0.1245009601
outer loop
vertex 59.26551056 78.61562347 189.5060425
vertex 54.50025177 77.75469208 186.7699127
vertex 54.85344696 77.49297333 189.4865875

endloop
endfacet
facet normal -0.2421454638 0.9480682015 0.2062332481
outer loop
vertex 59.26551056 78.61562347 189.5060425
vertex 54.85344696 77.49297333 189.4865875
vertex 59.52654266 78.09166718 192.2211914

endloop
endfacet
facet normal -0.2187160999 0.9620555043 0.1631331444
outer loop
vertex 59.52654266 78.09166718 192.2211914
vertex 54.85344696 77.49297333 189.4865875
vertex 55.29894257 77.13353729 192.203598

endloop
endfacet
facet normal -0.2070318311 0.9067507386 0.3673429489
outer loop
vertex 59.52654266 78.09166718 192.2211914
vertex 55.29894257 77.13353729 192.203598
vertex 59.46172333 76.98195648 194.9238739

endloop
endfacet
facet normal -0.1787729412 0.9285532236 0.3253138363
outer loop
vertex 59.46172333 76.98195648 194.9238739
vertex 55.29894257 77.13353729 192.203598
vertex 55.35332489 76.19649506 194.9081116

endloop
endfacet
facet normal -0.1666980237 0.8623759747 0.4780370593
outer loop
vertex 59.46173859 76.98195648 194.9238739
vertex 55.35332489 76.19652557 194.9081268
vertex 59.69339752 75.53466034 197.6155701

endloop
endfacet
facet normal -0.1490304023 0.8786126375 0.4536848366
outer loop
vertex 59.69339752 75.53466034 197.6155701
vertex 55.35332489 76.19652557 194.9081268
vertex 55.69803619 74.86507416 197.5998688

endloop
endfacet
facet normal -0.1357686371 0.7962967157 0.5894730091
outer loop
vertex 59.69339752 75.53466034 197.6155701
vertex 55.69803619 74.86507416 197.5998688
vertex 61.14347076 73.80117035 200.2912598

endloop
endfacet
facet normal -0.118054539 0.8184119463 0.5623745322
outer loop
vertex 61.14347076 73.80117035 200.2912598
vertex 55.69803619 74.86507416 197.5998688
vertex 57.3667984 73.26625824 200.2769012

endloop
endfacet
facet normal -0.1052436978 0.7247388363 0.6809386015
outer loop
vertex 61.14348602 73.80120087 200.291275
vertex 57.36681366 73.26625824 200.2769165
vertex 63.18280792 71.60652924 202.9423065

endloop
endfacet
facet normal -0.09696578234 0.736065805 0.669928968
outer loop
vertex 63.18280792 71.60652924 202.9423065
vertex 57.36681366 73.26625824 200.2769165
vertex 59.69707489 71.16036224 202.9279938

endloop
endfacet
facet normal -0.0962556079 0.7303133011 0.6762967706
outer loop
vertex 63.18280792 71.60652924 202.9423065
vertex 59.69707489 71.16036224 202.9279938
vertex 65.6986618 69.48973846 205.5862427

endloop
endfacet
facet normal -0.09396646172 0.7335183024 0.6731427312
outer loop
vertex 65.6986618 69.48973846 205.5862427
vertex 59.69707489 71.16036224 202.9279938
vertex 62.60361481 69.10597992 205.5723724

endloop
endfacet
facet normal -0.09757796675 0.7639197111 0.6378911734
outer loop
vertex 65.6986618 69.48973846 205.5862427
vertex 62.60361481 69.10597992 205.5723724
vertex 69.20531464 67.72832489 208.2320709

endloop
endfacet
facet normal -0.06389692426 0.8124971986 0.5794526339
outer loop
vertex 69.20531464 67.72832489 208.2320709
vertex 62.60361481 69.10597992 205.5723724
vertex 66.59850311 67.52861786 208.2246399

endloop
endfacet
facet normal -0.05955205113 0.7528373003 0.6555069685
outer loop
vertex 69.20531464 67.72835541 208.2321014
vertex 66.59850311 67.52861786 208.2246704
vertex 72.07430267 65.67021942 210.8564758

endloop
endfacet
facet normal -0.01288183033 0.8039798737 0.594516933
outer loop
vertex 72.07430267 65.67021942 210.8564758
vertex 66.59850311 67.52861786 208.2246704
vertex 69.84090424 65.63637543 210.8538513

endloop
endfacet
facet normal -0.01141242497 0.6975593567 0.7164360285
outer loop
vertex 72.07430267 65.67021942 210.8564758
vertex 69.84090424 65.63637543 210.8538513
vertex 74.87758636 62.69322968 213.7996826

endloop
endfacet
facet normal 0.05511018261 0.7518910766 0.6569799185
outer loop
vertex 74.87758636 62.69322968 213.7996826
vertex 69.84090424 65.63637543 210.8538513
vertex 73.18001556 62.81102753 213.8072662

endloop
endfacet
facet normal 0.03983174637 0.5191238523 0.8537704349
outer loop
vertex 74.87761688 62.69321442 213.7996826
vertex 73.18001556 62.81099701 213.8072662
vertex 80.59993744 55.74646759 217.7565918

endloop
endfacet
facet normal -0.5438780785 -0.1071274951 0.8322982192
outer loop
vertex 80.59993744 55.74646759 217.7565918
vertex 73.18001556 62.81099701 213.8072662
vertex 80.5998764 55.74642181 217.756546

endloop
endfacet
facet normal -0.1001861989 -0.2599661648 0.9604063034
outer loop
vertex 112.1324692 29.08101654 103.7969589
vertex 112.1325302 29.08107758 103.7969818
vertex 109.480278 44.35945892 107.6559143

endloop
endfacet
facet normal -0.2002192587 0.2071109861 -0.9576101899
outer loop
vertex 109.480278 44.35945892 107.6559143
vertex 112.1325302 29.08107758 103.7969818
vertex 108.679863 43.47498322 107.6319733

endloop
endfacet
facet normal -0.2885582149 0.2858681381 -0.9137907028
outer loop
vertex 109.480278 44.35945892 107.6559143
vertex 108.679863 43.47498322 107.6319733
vertex 107.3948593 50.87300873 110.3521347

endloop
endfacet
facet normal -0.2123094201 0.3045347631 -0.9285382628
outer loop
vertex 107.3948593 50.87300873 110.3521347
vertex 108.679863 43.47498322 107.6319733
vertex 106.2089157 49.86986542 110.2942963

endloop
endfacet
facet normal -0.27875489 0.3803946376 -0.8818138838
outer loop
vertex 107.3948593 50.87300873 110.3521347
vertex 106.2089157 49.86986542 110.2942963
vertex 105.623436 55.36408234 112.8494568

endloop
endfacet
facet normal -0.1709971577 0.4004405737 -0.900226295
outer loop
vertex 105.623436 55.36408234 112.8494568
vertex 106.2089157 49.86986542 110.2942963
vertex 103.9756393 54.43093109 112.7473679

endloop
endfacet
facet normal -0.2226685137 0.4856753945 -0.8453035951
outer loop
vertex 105.623436 55.36408234 112.8494568
vertex 103.9756393 54.43093109 112.7473679
vertex 103.7513657 58.86399078 115.3534927

endloop
endfacet
facet normal -0.1305301338 0.4975432754 -0.8575619459
outer loop
vertex 103.7513657 58.86399078 115.3534927
vertex 103.9756393 54.43093109 112.7473679
vertex 101.7057419 58.10590363 115.225029

endloop
endfacet
facet normal -0.1454154253 0.5335744023 -0.8331582546
outer loop
vertex 103.7513657 58.86399078 115.3534927
vertex 101.7057419 58.10590363 115.225029
vertex 101.6459885 62.27544403 117.9057312

endloop
endfacet
facet normal -0.1399538368 0.5340556502 -0.8337849975
outer loop
vertex 101.6459885 62.27544403 117.9057312
vertex 101.7057419 58.10590363 115.225029
vertex 99.444664 61.496315 117.7761841

endloop
endfacet
facet normal -0.1489624083 0.5567376614 -0.8172229528
outer loop
vertex 101.6459579 62.27544403 117.9057312
vertex 99.444664 61.49629974 117.7761841
vertex 99.27587128 65.4517746 120.5016403

endloop
endfacet
facet normal -0.150305286 0.5565832853 -0.8170822263
outer loop
vertex 99.27587128 65.4517746 120.5016403
vertex 99.444664 61.49629974 117.7761841
vertex 97.07433319 64.71303558 120.4034042

endloop
endfacet
facet normal -0.1778607965 0.6305162311 -0.7555229664
outer loop
vertex 99.27587128 65.4517746 120.5016403
vertex 97.07433319 64.71303558 120.4034042
vertex 96.75585175 67.88939667 123.1291885

endloop
endfacet
facet normal -0.2436995655 0.6174089313 -0.7479416132
outer loop
vertex 96.75585175 67.88939667 123.1291885
vertex 97.07433319 64.71303558 120.4034042
vertex 94.60634613 66.972435 123.0726242

endloop
endfacet
facet normal -0.2707594931 0.6769333482 -0.6844344139
outer loop
vertex 96.75582123 67.88936615 123.1291733
vertex 94.6062851 66.97240448 123.0726089
vertex 94.43843842 69.6554184 125.7926178

endloop
endfacet
facet normal -0.4386742413 0.626093924 -0.6446481347
outer loop
vertex 94.43843842 69.6554184 125.7926178
vertex 94.6062851 66.97240448 123.0726089
vertex 92.33785248 68.14394379 125.7540665

endloop
endfacet
facet normal -0.4483693838 0.6390652657 -0.6249483228
outer loop
vertex 94.43843842 69.6554184 125.7926178
vertex 92.33785248 68.14394379 125.7540665
vertex 92.52645111 70.94872284 128.4868927

endloop
endfacet
facet normal -0.5902625322 0.5833320022 -0.557955265
outer loop
vertex 92.52645111 70.94872284 128.4868927
vertex 92.33785248 68.14394379 125.7540665
vertex 90.49501801 68.85063934 128.4424438

endloop
endfacet
facet normal -0.5732331872 0.5675439835 -0.5910138488
outer loop
vertex 92.52645111 70.94872284 128.4868927
vertex 90.49501801 68.85063934 128.4424438
vertex 90.83385468 72.06755829 131.2029724

endloop
endfacet
facet normal -0.6461237669 0.5350888371 -0.5442461371
outer loop
vertex 90.83385468 72.06755829 131.2029724
vertex 90.49501801 68.85063934 128.4424438
vertex 88.82167816 69.58071136 131.1468048

endloop
endfacet
facet normal -0.6105334163 0.5077279806 -0.6078333855
outer loop
vertex 90.83385468 72.06755829 131.2029724
vertex 88.82167816 69.58071136 131.1468048
vertex 89.12752533 73.28801727 133.9363403

endloop
endfacet
facet normal -0.6197070479 0.5038833618 -0.6017181277
outer loop
vertex 89.12752533 73.28801727 133.9363403
vertex 88.82167816 69.58071136 131.1468048
vertex 86.95836639 70.54055023 133.8695984

endloop
endfacet
facet normal -0.6030679941 0.491393894 -0.6283637881
outer loop
vertex 89.12752533 73.28801727 133.9363403
vertex 86.95836639 70.54055023 133.8695984
vertex 87.21303558 74.44234467 136.6764679

endloop
endfacet
facet normal -0.6044558883 0.4908375144 -0.6274644136
outer loop
vertex 87.21303558 74.44234467 136.6764679
vertex 86.95836639 70.54055023 133.8695984
vertex 84.89434052 71.49407196 136.6038361

endloop
endfacet
facet normal -0.6390634179 0.5166317821 -0.5698153973
outer loop
vertex 87.21303558 74.44231415 136.6764526
vertex 84.89434052 71.49404144 136.6038361
vertex 85.31569672 75.12734222 139.4254608

endloop
endfacet
facet normal -0.5869514942 0.5379555225 -0.6050551534
outer loop
vertex 85.31569672 75.12734222 139.4254608
vertex 84.89434052 71.49404144 136.6038361
vertex 82.81093597 72.31349945 139.3534851

endloop
endfacet
facet normal -0.642737627 0.5847956538 -0.4948762357
outer loop
vertex 85.31569672 75.12734222 139.4254608
vertex 82.81093597 72.31349945 139.3534851
vertex 83.60597992 75.60280609 142.2078705

endloop
endfacet
facet normal -0.5884425044 0.6063596606 -0.5348489881
outer loop
vertex 83.60597992 75.60280609 142.2078705
vertex 82.81093597 72.31349945 139.3534851
vertex 80.78874969 72.79607391 142.1253967

endloop
endfacet
facet normal -0.611995399 0.6283944845 -0.480189532
outer loop
vertex 83.60597992 75.60280609 142.2078705
vertex 80.78874969 72.79607391 142.1253967
vertex 81.92723846 76.13039398 145.0378265

endloop
endfacet
facet normal -0.5749326348 0.6407462955 -0.5088188052
outer loop
vertex 81.92723846 76.13039398 145.0378265
vertex 80.78874969 72.79607391 142.1253967
vertex 78.88140106 73.30901337 144.9265137

endloop
endfacet
facet normal -0.5625717044 0.6285178661 -0.5371018052
outer loop
vertex 81.92723846 76.13039398 145.0378265
vertex 78.88140106 73.30901337 144.9265137
vertex 79.12389374 76.04619598 147.8755798

endloop
endfacet
facet normal -0.5738943815 0.6232252121 -0.5312584043
outer loop
vertex 79.12389374 76.04619598 147.8755798
vertex 78.88140106 73.30901337 144.9265137
vertex 75.93474579 72.98903656 147.7342834

endloop
endfacet
facet normal -0.5228968263 0.5745809674 -0.6296313405
outer loop
vertex 79.12392426 76.0462265 147.8755951
vertex 75.93474579 72.98906708 147.7342834
vertex 74.24358368 74.68520355 150.6865997

endloop
endfacet
facet normal -0.532833457 0.5651033521 -0.6298783422
outer loop
vertex 74.24358368 74.68520355 150.6865997
vertex 75.93474579 72.98906708 147.7342834
vertex 70.8425827 71.44341278 150.6551971

endloop
endfacet
facet normal -0.5216835737 0.5535924435 -0.6491391659
outer loop
vertex 74.24358368 74.68520355 150.6865997
vertex 70.8425827 71.44341278 150.6551971
vertex 69.98714447 74.12108612 153.6262207

endloop
endfacet
facet normal -0.4745602012 0.581540525 -0.6607596278
outer loop
vertex 69.98714447 74.12108612 153.6262207
vertex 70.8425827 71.44341278 150.6551971
vertex 66.08281708 71.00835419 153.6907806

endloop
endfacet
facet normal -0.4898902476 0.6013833284 -0.6311461926
outer loop
vertex 69.98714447 74.12108612 153.6262207
vertex 66.08281708 71.00835419 153.6907806
vertex 66.69536591 74.5623703 156.6017456

endloop
endfacet
facet normal -0.3759827018 0.625077188 -0.684043467
outer loop
vertex 66.69536591 74.5623703 156.6017456
vertex 66.08281708 71.00835419 153.6907806
vertex 62.24701691 71.93642426 156.6471863

endloop
endfacet
facet normal -0.4042058885 0.6740246415 -0.6183109879
outer loop
vertex 66.69536591 74.5623703 156.6017456
vertex 62.24701691 71.93642426 156.6471863
vertex 63.7355423 75.42339325 159.4752655

endloop
endfacet
facet normal -0.3277687132 0.675563693 -0.6604403853
outer loop
vertex 63.7355423 75.42339325 159.4752655
vertex 62.24701691 71.93642426 156.6471863
vertex 58.98374176 73.10842133 159.4655457

endloop
endfacet
facet normal -0.3705622256 0.7628550529 -0.5298451781
outer loop
vertex 63.7355423 75.42339325 159.4752655
vertex 58.98374176 73.10842133 159.4655457
vertex 61.42557526 76.23207855 162.255127

endloop
endfacet
facet normal -0.3431429863 0.7605220675 -0.5512340665
outer loop
vertex 61.42557526 76.23207855 162.255127
vertex 58.98374176 73.10842133 159.4655457
vertex 56.47237396 73.9703598 162.2180634

endloop
endfacet
facet normal -0.3777457476 0.8338646889 -0.4024647772
outer loop
vertex 61.42557526 76.23207855 162.255127
vertex 56.47237396 73.9703598 162.2180634
vertex 59.57590485 76.71559906 164.9929962

endloop
endfacet
facet normal -0.3697993159 0.8333436847 -0.4108367264
outer loop
vertex 59.57590485 76.71559906 164.9929962
vertex 56.47237396 73.9703598 162.2180634
vertex 54.52458954 74.45253754 164.9493408

endloop
endfacet
facet normal -0.3809592426 0.8570261598 -0.3469526768
outer loop
vertex 59.57590485 76.71559906 164.9930115
vertex 54.52457428 74.45253754 164.9493408
vertex 57.9733963 77.10808563 167.7220917

endloop
endfacet
facet normal -0.3906937838 0.857341826 -0.3351469636
outer loop
vertex 57.9733963 77.10808563 167.7220917
vertex 54.52457428 74.45253754 164.9493408
vertex 52.94696808 74.79976654 167.6766663

endloop
endfacet
facet normal -0.4005608857 0.8774267435 -0.263956964
outer loop
vertex 57.9733963 77.10808563 167.7220917
vertex 52.94696808 74.79976654 167.6766663
vertex 56.82558441 77.40425873 170.4484406

endloop
endfacet
facet normal -0.4096487164 0.8770623207 -0.2508976758
outer loop
vertex 56.82558441 77.40425873 170.4484406
vertex 52.94696808 74.79976654 167.6766663
vertex 51.79517365 75.04143524 170.4020386

endloop
endfacet
facet normal -0.4159072638 0.8892031312 -0.1906278431
outer loop
vertex 56.82558441 77.40425873 170.4484406
vertex 51.79517365 75.04143524 170.4020386
vertex 55.79178619 77.50441742 173.1711578

endloop
endfacet
facet normal -0.4364847243 0.8857544065 -0.1578613222
outer loop
vertex 55.79178619 77.50441742 173.1711578
vertex 51.79517365 75.04143524 170.4020386
vertex 50.84366608 75.05736542 173.1223297

endloop
endfacet
facet normal -0.4358641803 0.8846542239 -0.1655579209
outer loop
vertex 55.79178619 77.50441742 173.1711884
vertex 50.84366608 75.05736542 173.122345
vertex 54.9376297 77.59285736 175.8925018

endloop
endfacet
facet normal -0.4079372883 0.8884572983 -0.2103114724
outer loop
vertex 54.9376297 77.59285736 175.8925018
vertex 50.84366608 75.05736542 173.122345
vertex 50.06224823 75.34352875 175.8469391

endloop
endfacet
facet normal -0.41465047 0.9012892842 -0.1254695803
outer loop
vertex 54.9376297 77.59285736 175.8925018
vertex 50.06224823 75.34352875 175.8469391
vertex 54.7032547 77.86406708 178.6152496

endloop
endfacet
facet normal -0.3391791284 0.9053149223 -0.2556607425
outer loop
vertex 54.7032547 77.86406708 178.6152496
vertex 50.06224823 75.34352875 175.8469391
vertex 49.75258636 75.99892426 178.5785675

endloop
endfacet
facet normal -0.3495382369 0.9300186038 -0.1135271862
outer loop
vertex 54.70323944 77.86403656 178.6152344
vertex 49.75255585 75.99889374 178.5785522
vertex 53.96411896 77.9182663 181.3351593

endloop
endfacet
facet normal -0.322737813 0.9334047437 -0.1568307877
outer loop
vertex 53.96411896 77.9182663 181.3351593
vertex 49.75255585 75.99889374 178.5785522
vertex 49.01459503 76.20122528 181.3013916

endloop
endfacet
facet normal -0.3278052509 0.9445673823 0.01833260804
outer loop
vertex 53.96411896 77.9182663 181.3351593
vertex 49.01459503 76.20122528 181.3013916
vertex 54.39324188 78.01439667 184.0552979

endloop
endfacet
facet normal -0.2905893624 0.9548918009 -0.0611513108
outer loop
vertex 54.39324188 78.01439667 184.0552979
vertex 49.01459503 76.20122528 181.3013916
vertex 49.64855194 76.56871796 184.0273285

endloop
endfacet
facet normal -0.2904829979 0.9513769746 0.1024767384
outer loop
vertex 54.39324188 78.01439667 184.0552979
vertex 49.64855194 76.56871796 184.0273285
vertex 54.50022125 77.75466156 186.7698822

endloop
endfacet
facet normal -0.2524698675 0.9671880603 0.02839322761
outer loop
vertex 54.50022125 77.75466156 186.7698822
vertex 49.64855194 76.56871796 184.0273285
vertex 49.87398529 76.54775238 186.7460327

endloop
endfacet
facet normal -0.2510550618 0.9598535895 0.1251099855
outer loop
vertex 54.50025177 77.75469208 186.7699127
vertex 49.87401581 76.5477829 186.7460632
vertex 54.85344696 77.49297333 189.4865875

endloop
endfacet
facet normal -0.2907310426 0.9343681335 0.2059895843
outer loop
vertex 54.85344696 77.49297333 189.4865875
vertex 49.87401581 76.5477829 186.7460632
vertex 50.45633698 76.13100433 189.4584503

endloop
endfacet
facet normal -0.2924506962 0.9406143427 0.1723866016
outer loop
vertex 54.85344696 77.49297333 189.4865875
vertex 50.45633698 76.13100433 189.4584503
vertex 55.29894257 77.13353729 192.203598

endloop
endfacet
facet normal -0.2889437675 0.9429596066 0.1653435826
outer loop
vertex 55.29894257 77.13353729 192.203598
vertex 50.45633698 76.13100433 189.4584503
vertex 51.08164215 75.84609222 192.1760559

endloop
endfacet
facet normal -0.2785872221 0.9057385921 0.319416225
outer loop
vertex 55.29894257 77.13353729 192.203598
vertex 51.08164215 75.84609222 192.1760559
vertex 55.35332489 76.19649506 194.9081116

endloop
endfacet
facet normal -0.2392292023 0.9371940494 0.2538439333
outer loop
vertex 55.35332489 76.19649506 194.9081116
vertex 51.08164215 75.84609222 192.1760559
vertex 51.20059967 75.14311981 194.8835449

endloop
endfacet
facet normal -0.2214871347 0.8625081778 0.4549978673
outer loop
vertex 55.35332489 76.19652557 194.9081268
vertex 51.20059967 75.14308929 194.8835602
vertex 55.69803619 74.86507416 197.5998688

endloop
endfacet
facet normal -0.1873688251 0.8962799311 0.4019641578
outer loop
vertex 55.69803619 74.86507416 197.5998688
vertex 51.20059967 75.14308929 194.8835602
vertex 51.50507355 73.9986496 197.577301

endloop
endfacet
facet normal -0.1677755713 0.796811223 0.5804681778
outer loop
vertex 55.69803619 74.86507416 197.5998688
vertex 51.50507355 73.9986496 197.577301
vertex 57.3667984 73.26625824 200.2769012

endloop
endfacet
facet normal -0.1471276581 0.8263220191 0.543640852
outer loop
vertex 57.3667984 73.26625824 200.2769012
vertex 51.50507355 73.9986496 197.577301
vertex 53.35448456 72.56551361 200.2561493

endloop
endfacet
facet normal -0.1289618313 0.7181569338 0.6838271022
outer loop
vertex 57.36681366 73.26625824 200.2769165
vertex 53.35449982 72.56551361 200.2561646
vertex 59.69707489 71.16036224 202.9279938

endloop
endfacet
facet normal -0.120983474 0.7309535742 0.6716173887
outer loop
vertex 59.69707489 71.16036224 202.9279938
vertex 53.35449982 72.56551361 200.2561646
vertex 56.121315 70.5865097 202.9084167

endloop
endfacet
facet normal -0.1187689826 0.7166205049 0.6872765422
outer loop
vertex 59.69707489 71.16036224 202.9279938
vertex 56.121315 70.5865097 202.9084167
vertex 62.60361481 69.10597992 205.5723724

endloop
endfacet
facet normal -0.09802865237 0.7492792606 0.6549588442
outer loop
vertex 62.60361481 69.10597992 205.5723724
vertex 56.121315 70.5865097 202.9084167
vertex 59.46645355 68.70864105 205.5573883

endloop
endfacet
facet normal -0.1017596275 0.7801588178 0.6172496676
outer loop
vertex 62.60361481 69.10597992 205.5723724
vertex 59.46645355 68.70864105 205.5573883
vertex 66.59850311 67.52861786 208.2246399

endloop
endfacet
facet normal -0.07038725913 0.8289129138 0.5549314618
outer loop
vertex 66.59850311 67.52861786 208.2246399
vertex 59.46645355 68.70864105 205.5573883
vertex 63.98682404 67.3068161 208.2246857

endloop
endfacet
facet normal -0.06536972523 0.7699456215 0.6347523332
outer loop
vertex 66.59850311 67.52861786 208.2246704
vertex 63.98685455 67.30684662 208.2247162
vertex 69.84090424 65.63637543 210.8538513

endloop
endfacet
facet normal -0.05099180341 0.787661612 0.61399436
outer loop
vertex 69.84090424 65.63637543 210.8538513
vertex 63.98685455 67.30684662 208.2247162
vertex 67.63460541 65.48180389 210.8689117

endloop
endfacet
facet normal -0.04391765222 0.6966350079 0.716080308
outer loop
vertex 69.84090424 65.63637543 210.8538513
vertex 67.63460541 65.48180389 210.8689117
vertex 73.18001556 62.81102753 213.8072662

endloop
endfacet
facet normal 0.01198470034 0.7510979772 0.660081923
outer loop
vertex 73.18001556 62.81102753 213.8072662
vertex 67.63460541 65.48180389 210.8689117
vertex 71.3597641 62.83016205 213.8185425

endloop
endfacet
facet normal 0.01058825757 0.4963784218 0.8680416942
outer loop
vertex 73.18001556 62.81099701 213.8072662
vertex 71.35979462 62.83013153 213.8185272
vertex 80.5998764 55.74642181 217.756546

endloop
endfacet
facet normal 0.5809322596 0.3463671505 -0.7365782261
outer loop
vertex 80.5998764 55.74642181 217.756546
vertex 71.35979462 62.83013153 213.8185272
vertex 80.59990692 55.74646759 217.7565918

endloop
endfacet
facet normal -0.05297885463 -0.2689346969 0.9617002606
outer loop
vertex 112.1324692 29.08104706 103.7969666
vertex 112.1325302 29.08106232 103.7969742
vertex 108.6798325 43.47498322 107.631958

endloop
endfacet
facet normal -0.2931696177 0.179853037 -0.9389912486
outer loop
vertex 108.6798325 43.47498322 107.631958
vertex 112.1325302 29.08106232 103.7969742
vertex 108.0762863 42.30364227 107.5960388

endloop
endfacet
facet normal -0.3831826746 0.2249109596 -0.8958716989
outer loop
vertex 108.6798325 43.47498322 107.631958
vertex 108.0762863 42.30364227 107.5960388
vertex 106.2088852 49.86985016 110.294281

endloop
endfacet
facet normal -0.449082464 0.1997337788 -0.8708796501
outer loop
vertex 106.2088852 49.86985016 110.294281
vertex 108.0762863 42.30364227 107.5960388
vertex 105.5375595 48.18383026 110.2537766

endloop
endfacet
facet normal -0.4891706705 0.2150801271 -0.8452529311
outer loop
vertex 106.2088852 49.86985016 110.294281
vertex 105.5375595 48.18383026 110.2537766
vertex 103.9755783 54.43093109 112.7473526

endloop
endfacet
facet normal -0.484574616 0.217080757 -0.847386241
outer loop
vertex 103.9755783 54.43093109 112.7473526
vertex 105.5375595 48.18383026 110.2537766
vertex 103.2224045 52.51624298 112.6875534

endloop
endfacet
facet normal -0.522113502 0.2310229242 -0.8209908605
outer loop
vertex 103.9755783 54.43093109 112.7473526
vertex 103.2224045 52.51624298 112.6875534
vertex 101.7056808 58.10588837 115.2250214

endloop
endfacet
facet normal -0.4598251879 0.2605988979 -0.8489105105
outer loop
vertex 101.7056808 58.10588837 115.2250214
vertex 103.2224045 52.51624298 112.6875534
vertex 100.7890244 56.27126312 115.1583481

endloop
endfacet
facet normal -0.5021494031 0.2806219459 -0.8179836869
outer loop
vertex 101.7056808 58.10588837 115.2250214
vertex 100.7890244 56.27126312 115.1583481
vertex 99.44463348 61.49628448 117.7761765

endloop
endfacet
facet normal -0.5513661504 0.2559567094 -0.794028759
outer loop
vertex 99.44463348 61.49628448 117.7761765
vertex 100.7890244 56.27126312 115.1583481
vertex 98.56438446 59.39395905 117.7097244

endloop
endfacet
facet normal -0.5437057614 0.2529460192 -0.8002514839
outer loop
vertex 99.44463348 61.49626923 117.7761765
vertex 98.56438446 59.39394379 117.7097244
vertex 97.07430267 64.71303558 120.403389

endloop
endfacet
facet normal -0.6120640039 0.2140630186 -0.7612849474
outer loop
vertex 97.07430267 64.71303558 120.403389
vertex 98.56438446 59.39394379 117.7097244
vertex 96.28026581 62.21947479 120.3406296

endloop
endfacet
facet normal -0.6189006567 0.2160872519 -0.755161047
outer loop
vertex 97.07433319 64.71303558 120.4033966
vertex 96.28029633 62.21949005 120.3406372
vertex 94.60631561 66.972435 123.0726089

endloop
endfacet
facet normal -0.660757184 0.1853610426 -0.7273521423
outer loop
vertex 94.60631561 66.972435 123.0726089
vertex 96.28029633 62.21949005 120.3406372
vertex 93.88710785 64.16866302 123.0114441

endloop
endfacet
facet normal -0.7048767209 0.1956867874 -0.6818031073
outer loop
vertex 94.60625458 66.97237396 123.0725937
vertex 93.88704681 64.16863251 123.0114288
vertex 92.33782196 68.14394379 125.7540512

endloop
endfacet
facet normal -0.7470073104 0.1549210697 -0.6465132833
outer loop
vertex 92.33782196 68.14394379 125.7540512
vertex 93.88704681 64.16863251 123.0114288
vertex 91.7542038 65.0667038 125.6910019

endloop
endfacet
facet normal -0.7934166193 0.1624950767 -0.5865880251
outer loop
vertex 92.33782196 68.14394379 125.7540512
vertex 91.7542038 65.0667038 125.6910019
vertex 90.49498749 68.85063934 128.4424286

endloop
endfacet
facet normal -0.8130610585 0.1402787119 -0.5650251508
outer loop
vertex 90.49498749 68.85063934 128.4424286
vertex 91.7542038 65.0667038 125.6910019
vertex 89.98818207 65.64785004 128.3765564

endloop
endfacet
facet normal -0.8242257833 0.1417002976 -0.5482452512
outer loop
vertex 90.49498749 68.85063934 128.4424286
vertex 89.98818207 65.64785004 128.3765564
vertex 88.82164764 69.58071136 131.1468048

endloop
endfacet
facet normal -0.8202484846 0.1462294608 -0.5530003309
outer loop
vertex 88.82164764 69.58071136 131.1468048
vertex 89.98818207 65.64785004 128.3765564
vertex 88.2677536 66.19814301 131.0739288

endloop
endfacet
facet normal -0.792686522 0.1425720453 -0.592723608
outer loop
vertex 88.82164764 69.58071136 131.1468048
vertex 88.2677536 66.19814301 131.0739288
vertex 86.95833588 70.54051971 133.8695984

endloop
endfacet
facet normal -0.7783263326 0.1567271799 -0.6079841256
outer loop
vertex 86.95833588 70.54051971 133.8695984
vertex 88.2677536 66.19814301 131.0739288
vertex 86.29665375 66.93837738 133.7881012

endloop
endfacet
facet normal -0.7619818449 0.1541997045 -0.6289722919
outer loop
vertex 86.95833588 70.54051971 133.8695984
vertex 86.29665375 66.93837738 133.7881012
vertex 84.89434052 71.49404144 136.6038361

endloop
endfacet
facet normal -0.7233533263 0.187984556 -0.6643957496
outer loop
vertex 84.89434052 71.49404144 136.6038361
vertex 86.29665375 66.93837738 133.7881012
vertex 84.02272797 67.83208466 136.5166779

endloop
endfacet
facet normal -0.7531406879 0.1942246109 -0.6285346746
outer loop
vertex 84.89431 71.49404144 136.6038208
vertex 84.02269745 67.83205414 136.5166321
vertex 82.81090546 72.31346893 139.3534698

endloop
endfacet
facet normal -0.6950460076 0.2408754826 -0.6774141788
outer loop
vertex 82.81090546 72.31346893 139.3534698
vertex 84.02269745 67.83205414 136.5166321
vertex 81.575737 68.46260834 139.2514954

endloop
endfacet
facet normal -0.7582581639 0.2590551972 -0.5982765555
outer loop
vertex 82.81090546 72.31346893 139.3534698
vertex 81.575737 68.46260834 139.2514954
vertex 80.78871918 72.79607391 142.1253662

endloop
endfacet
facet normal -0.6748647094 0.3187991083 -0.6655259132
outer loop
vertex 80.78871918 72.79607391 142.1253662
vertex 81.575737 68.46260834 139.2514954
vertex 79.15288544 69.08083344 142.0044861

endloop
endfacet
facet normal -0.7446612716 0.3464386761 -0.5704908371
outer loop
vertex 80.78871918 72.79607391 142.1253662
vertex 79.15288544 69.08083344 142.0044861
vertex 78.88137054 73.30898285 144.9264984

endloop
endfacet
facet normal -0.6700912118 0.3924056292 -0.6300758123
outer loop
vertex 78.88137054 73.30898285 144.9264984
vertex 79.15288544 69.08083344 142.0044861
vertex 76.83577728 69.57341766 144.775528

endloop
endfacet
facet normal -0.6579065323 0.3863938451 -0.646420002
outer loop
vertex 78.88137054 73.30898285 144.9264984
vertex 76.83577728 69.57341766 144.775528
vertex 75.93471527 72.98903656 147.7342682

endloop
endfacet
facet normal -0.6243512034 0.4108143747 -0.6643923521
outer loop
vertex 75.93471527 72.98903656 147.7342682
vertex 76.83577728 69.57341766 144.775528
vertex 73.66533661 69.32289886 147.5999908

endloop
endfacet
facet normal -0.5441182256 0.3644965291 -0.7556967735
outer loop
vertex 75.93471527 72.98903656 147.7342682
vertex 73.66533661 69.32292938 147.5999908
vertex 70.8425827 71.44338226 150.6551971

endloop
endfacet
facet normal -0.5133173466 0.4060353339 -0.7560691833
outer loop
vertex 70.8425827 71.44338226 150.6551971
vertex 73.66533661 69.32292938 147.5999908
vertex 68.04528046 67.91118622 150.6574554

endloop
endfacet
facet normal -0.5169719458 0.4089321494 -0.752006948
outer loop
vertex 70.8425827 71.44338226 150.6551971
vertex 68.04528046 67.91118622 150.6574554
vertex 66.08281708 71.00835419 153.6907654

endloop
endfacet
facet normal -0.4253692925 0.4811748564 -0.7665061951
outer loop
vertex 66.08281708 71.00835419 153.6907654
vertex 68.04528046 67.91118622 150.6574554
vertex 62.4275589 67.83934784 153.7298889

endloop
endfacet
facet normal -0.4464726746 0.5058673024 -0.7380788326
outer loop
vertex 66.08281708 71.00835419 153.6907654
vertex 62.4275589 67.83934784 153.7298889
vertex 62.24701691 71.93642426 156.647171

endloop
endfacet
facet normal -0.3576541841 0.5311504602 -0.7680902481
outer loop
vertex 62.24701691 71.93642426 156.647171
vertex 62.4275589 67.83934784 153.7298889
vertex 57.97870636 69.02898407 156.624115

endloop
endfacet
facet normal -0.3970101774 0.5884222984 -0.7043735981
outer loop
vertex 62.24701691 71.93642426 156.647171
vertex 57.97870636 69.02898407 156.624115
vertex 58.9837265 73.10842133 159.4655457

endloop
endfacet
facet normal -0.3654625416 0.590956986 -0.7191710472
outer loop
vertex 58.9837265 73.10842133 159.4655457
vertex 57.97870636 69.02898407 156.624115
vertex 54.44063568 70.22023773 159.4009399

endloop
endfacet
facet normal -0.4234576821 0.6794977188 -0.5991380215
outer loop
vertex 58.9837265 73.10842133 159.4655457
vertex 54.44063568 70.22023773 159.4009399
vertex 56.47234344 73.97032928 162.2180481

endloop
endfacet
facet normal -0.4141520858 0.6793993115 -0.6057181954
outer loop
vertex 56.47234344 73.97032928 162.2180481
vertex 54.44063568 70.22023773 159.4009399
vertex 51.79178619 71.05135345 162.1442719

endloop
endfacet
facet normal -0.4635246992 0.754981935 -0.4638395607
outer loop
vertex 56.47234344 73.97032928 162.2180481
vertex 51.79178619 71.05135345 162.1442719
vertex 54.52457428 74.45250702 164.9493256

endloop
endfacet
facet normal -0.4753632545 0.7547715306 -0.4520507455
outer loop
vertex 54.52457428 74.45250702 164.9493256
vertex 51.79178619 71.05135345 162.1442719
vertex 49.85637665 71.46675873 164.8730774

endloop
endfacet
facet normal -0.4929287136 0.7804999352 -0.3845011294
outer loop
vertex 54.52455902 74.45250702 164.9493256
vertex 49.85636139 71.46672821 164.8730927
vertex 52.94695282 74.79973602 167.676651

endloop
endfacet
facet normal -0.517854929 0.7784962058 -0.3546406627
outer loop
vertex 52.94695282 74.79973602 167.676651
vertex 49.85636139 71.46672821 164.8730927
vertex 48.34349823 71.70128632 167.5971069

endloop
endfacet
facet normal -0.5300964117 0.7951405644 -0.2945322692
outer loop
vertex 52.94695282 74.79973602 167.676651
vertex 48.34349823 71.70128632 167.5971069
vertex 51.79517365 75.04140472 170.4020386

endloop
endfacet
facet normal -0.5249697566 0.795856595 -0.3016937375
outer loop
vertex 51.79517365 75.04140472 170.4020386
vertex 48.34349823 71.70128632 167.5971069
vertex 47.15309906 71.94911957 170.3222656

endloop
endfacet
facet normal -0.5415287018 0.8179418445 -0.1942107528
outer loop
vertex 51.79517365 75.04140472 170.4020386
vertex 47.15309906 71.94911957 170.3222656
vertex 50.84365082 75.0573349 173.1223145

endloop
endfacet
facet normal -0.5365790725 0.8192657828 -0.2022040933
outer loop
vertex 50.84365082 75.0573349 173.1223145
vertex 47.15309906 71.94911957 170.3222656
vertex 46.26770782 72.04091644 173.0437164

endloop
endfacet
facet normal -0.5317211151 0.8128267527 -0.2378768623
outer loop
vertex 50.84365082 75.0573349 173.1223297
vertex 46.26770782 72.04091644 173.0437164
vertex 50.06224823 75.34352875 175.8469086

endloop
endfacet
facet normal -0.5536595583 0.8078057766 -0.2022643834
outer loop
vertex 50.06224823 75.34352875 175.8469086
vertex 46.26770782 72.04091644 173.0437164
vertex 45.66861725 72.31243134 175.7679901

endloop
endfacet
facet normal -0.5462283492 0.7983672023 -0.2534650266
outer loop
vertex 50.06224823 75.34352875 175.8469086
vertex 45.66861725 72.31243134 175.7679901
vertex 49.75257111 75.99889374 178.5785522

endloop
endfacet
facet normal -0.4885776043 0.8024489284 -0.342589587
outer loop
vertex 49.75257111 75.99889374 178.5785522
vertex 45.66861725 72.31243134 175.7679901
vertex 45.2851181 73.24974823 178.5103912

endloop
endfacet
facet normal -0.511202395 0.8357080817 -0.2006592602
outer loop
vertex 49.75255585 75.99886322 178.578537
vertex 45.28508759 73.24974823 178.510376
vertex 49.01459503 76.20122528 181.3013763

endloop
endfacet
facet normal -0.4632668197 0.8432295918 -0.2726677358
outer loop
vertex 49.01459503 76.20122528 181.3013763
vertex 45.28508759 73.24974823 178.510376
vertex 44.60552216 73.75948334 181.241333

endloop
endfacet
facet normal -0.4844066799 0.8748270273 -0.005285129882
outer loop
vertex 49.01459503 76.20122528 181.3013763
vertex 44.60552216 73.75948334 181.241333
vertex 49.64853668 76.56871796 184.0273132

endloop
endfacet
facet normal -0.4360849857 0.8930210471 -0.1111002192
outer loop
vertex 49.64853668 76.56871796 184.0273132
vertex 44.60552216 73.75948334 181.241333
vertex 45.28061676 74.42940521 183.9763031

endloop
endfacet
facet normal -0.4398491383 0.897022903 0.04338954389
outer loop
vertex 49.64853668 76.56871796 184.0273132
vertex 45.28061676 74.42940521 183.9763031
vertex 49.87397003 76.54775238 186.7460175

endloop
endfacet
facet normal -0.4085616469 0.9125040174 -0.02033870108
outer loop
vertex 49.87397003 76.54775238 186.7460175
vertex 45.28061676 74.42940521 183.9763031
vertex 45.56101227 74.61565399 186.6998749

endloop
endfacet
facet normal -0.4005550742 0.8888269663 0.2225808799
outer loop
vertex 49.87398529 76.5477829 186.7460327
vertex 45.56105804 74.61568451 186.6999207
vertex 50.45632172 76.13097382 189.4584351

endloop
endfacet
facet normal -0.360589534 0.9232278466 0.1327611506
outer loop
vertex 50.45632172 76.13097382 189.4584351
vertex 45.56105804 74.61568451 186.6999207
vertex 46.14199066 74.45180511 189.4174042

endloop
endfacet
facet normal -0.3583518565 0.9163606763 0.1785130352
outer loop
vertex 50.45632172 76.13097382 189.4584351
vertex 46.14199066 74.45180511 189.4174042
vertex 51.08161163 75.84609222 192.1760406

endloop
endfacet
facet normal -0.3530084789 0.9206344485 0.166785121
outer loop
vertex 51.08161163 75.84609222 192.1760406
vertex 46.14199066 74.45180511 189.4174042
vertex 46.93296051 74.26259613 192.1359406

endloop
endfacet
facet normal -0.3473867476 0.9038001299 0.2499357611
outer loop
vertex 51.08161163 75.84609222 192.1760406
vertex 46.93296051 74.26259613 192.1359406
vertex 51.20056915 75.14308929 194.8835297

endloop
endfacet
facet normal -0.3288076818 0.9193404913 0.2160983682
outer loop
vertex 51.20056915 75.14308929 194.8835297
vertex 46.93296051 74.26259613 192.1359406
vertex 47.1003952 73.68584442 194.8443604

endloop
endfacet
facet normal -0.3101447821 0.8618714809 0.4012328386
outer loop
vertex 51.20056915 75.14308929 194.8835449
vertex 47.1003952 73.68587494 194.8443756
vertex 51.50504303 73.99861908 197.5772858

endloop
endfacet
facet normal -0.2796327472 0.8947029114 0.3482992649
outer loop
vertex 51.50504303 73.99861908 197.5772858
vertex 47.1003952 73.68587494 194.8443756
vertex 47.49393463 72.7592392 197.5406494

endloop
endfacet
facet normal -0.2446537912 0.77455163 0.583278954
outer loop
vertex 51.50504303 73.99861908 197.5772858
vertex 47.49393463 72.7592392 197.5406494
vertex 53.3544693 72.56548309 200.2561188

endloop
endfacet
facet normal -0.2341091037 0.7934094667 0.5618669391
outer loop
vertex 53.3544693 72.56548309 200.2561188
vertex 47.49393463 72.7592392 197.5406494
vertex 49.57442474 71.47563934 200.2200775

endloop
endfacet
facet normal -0.2008501291 0.67309618 0.7117589116
outer loop
vertex 53.35448456 72.56548309 200.256134
vertex 49.57444 71.47563934 200.2200928
vertex 56.12129974 70.58647919 202.9084015

endloop
endfacet
facet normal -0.1790290326 0.7173954844 0.6732699275
outer loop
vertex 56.12129974 70.58647919 202.9084015
vertex 49.57444 71.47563934 200.2200928
vertex 52.57472992 69.73113251 202.8767395

endloop
endfacet
facet normal -0.1721962392 0.6878862977 0.7050964236
outer loop
vertex 56.12129974 70.58647919 202.9084015
vertex 52.57472992 69.73113251 202.8767395
vertex 59.46643829 68.70861053 205.557373

endloop
endfacet
facet normal -0.1449306905 0.7412774563 0.6553646326
outer loop
vertex 59.46643829 68.70861053 205.557373
vertex 52.57472992 69.73113251 202.8767395
vertex 56.360466 68.12374115 205.5320435

endloop
endfacet
facet normal -0.146716103 0.7512739897 0.643476367
outer loop
vertex 59.46643829 68.70861053 205.557373
vertex 56.360466 68.12374115 205.5320435
vertex 63.98680878 67.3068161 208.2246704

endloop
endfacet
facet normal -0.1392963529 0.766418457 0.6270560622
outer loop
vertex 63.98680878 67.3068161 208.2246704
vertex 56.360466 68.12374115 205.5320435
vertex 61.45426178 66.84374237 208.2280731

endloop
endfacet
facet normal -0.1311256588 0.7220691442 0.6792807579
outer loop
vertex 63.98683929 67.30684662 208.2247009
vertex 61.4542923 66.84374237 208.2281036
vertex 67.63457489 65.48177338 210.8688812

endloop
endfacet
facet normal -0.09682954103 0.7739647031 0.6257817149
outer loop
vertex 67.63457489 65.48177338 210.8688812
vertex 61.4542923 66.84374237 208.2281036
vertex 65.51509857 65.17705536 210.9178009

endloop
endfacet
facet normal -0.08216315508 0.6873458028 0.7216681242
outer loop
vertex 67.63457489 65.48177338 210.8688812
vertex 65.51509857 65.17705536 210.9178009
vertex 71.35973358 62.83013153 213.8185272

endloop
endfacet
facet normal -0.05389206856 0.7204071283 0.6914544702
outer loop
vertex 71.35973358 62.83013153 213.8185272
vertex 65.51509857 65.17705536 210.9178009
vertex 69.62349701 62.67908478 213.8405762

endloop
endfacet
facet normal -0.02847373672 0.4570702016 0.8889747262
outer loop
vertex 71.3597641 62.83010101 213.8185272
vertex 69.62349701 62.67905426 213.8405762
vertex 80.59990692 55.74645233 217.7565765

endloop
endfacet
facet normal 0.5729514956 0.5795370936 -0.5795370936
outer loop
vertex 80.59990692 55.74645233 217.7565765
vertex 69.62349701 62.67905426 213.8405762
vertex 80.59990692 55.74646759 217.7565918

endloop
endfacet
facet normal 0.1524196714 0.3158274293 -0.9364941716
outer loop
vertex 112.1325302 29.08106232 103.7969742
vertex 112.1324997 29.0810318 103.7969589
vertex 108.0762863 42.30364227 107.5960388

endloop
endfacet
facet normal -0.392103821 0.140906781 -0.9090654254
outer loop
vertex 108.0762863 42.30364227 107.5960388
vertex 112.1324997 29.0810318 103.7969589
vertex 107.6791916 40.98836517 107.563446

endloop
endfacet
facet normal -0.4958079159 0.1707887799 -0.8514726758
outer loop
vertex 108.0762863 42.30364227 107.5960388
vertex 107.6791916 40.98836517 107.563446
vertex 105.5375595 48.18383026 110.2537766

endloop
endfacet
facet normal -0.5434471965 0.1472457349 -0.8264283538
outer loop
vertex 105.5375595 48.18383026 110.2537766
vertex 107.6791916 40.98836517 107.563446
vertex 105.0953598 46.42357635 110.2309341

endloop
endfacet
facet normal -0.5659542084 0.1526888311 -0.8101740479
outer loop
vertex 105.5375595 48.18383026 110.2537766
vertex 105.0953598 46.42357635 110.2309341
vertex 103.2224045 52.51624298 112.6875534

endloop
endfacet
facet normal -0.6819010973 0.08337844908 -0.7266765833
outer loop
vertex 103.2224045 52.51624298 112.6875534
vertex 105.0953598 46.42357635 110.2309341
vertex 103.0134201 50.51265717 112.6537704

endloop
endfacet
facet normal -0.6465252042 0.08022792637 -0.7586624622
outer loop
vertex 103.2224045 52.51624298 112.6875534
vertex 103.0134201 50.51265717 112.6537704
vertex 100.7890244 56.27126312 115.1583481

endloop
endfacet
facet normal -0.6711095572 0.06207336858 -0.7387549281
outer loop
vertex 100.7890244 56.27126312 115.1583481
vertex 103.0134201 50.51265717 112.6537704
vertex 100.6169052 53.91452789 115.116684

endloop
endfacet
facet normal -0.7118121982 0.0643504858 -0.699415803
outer loop
vertex 100.7890244 56.27126312 115.1583481
vertex 100.6169052 53.91452789 115.116684
vertex 98.56438446 59.39395905 117.7097244

endloop
endfacet
facet normal -0.7147190571 0.06195843592 -0.6966619492
outer loop
vertex 98.56438446 59.39395905 117.7097244
vertex 100.6169052 53.91452789 115.116684
vertex 98.38353729 56.75894928 117.6609116

endloop
endfacet
facet normal -0.719619751 0.06220922247 -0.6915760636
outer loop
vertex 98.56438446 59.39394379 117.7097244
vertex 98.38350677 56.75894928 117.6609116
vertex 96.28026581 62.21947479 120.3406296

endloop
endfacet
facet normal -0.736088872 0.04782602564 -0.6751931906
outer loop
vertex 96.28026581 62.21947479 120.3406296
vertex 98.38350677 56.75894928 117.6609116
vertex 96.14492035 59.31616974 120.2825317

endloop
endfacet
facet normal -0.7263982892 0.04759039357 -0.6856242418
outer loop
vertex 96.28029633 62.21949005 120.3406372
vertex 96.14492035 59.31616974 120.2825394
vertex 93.88710785 64.16866302 123.0114441

endloop
endfacet
facet normal -0.7648835182 0.006352527998 -0.6441372633
outer loop
vertex 93.88710785 64.16866302 123.0114441
vertex 96.14492035 59.31616974 120.2825394
vertex 93.91780853 61.13480377 122.9450684

endloop
endfacet
facet normal -0.7814565897 0.005734972656 -0.6239332557
outer loop
vertex 93.88704681 64.16863251 123.0114288
vertex 93.91777802 61.13480377 122.9450531
vertex 91.7542038 65.0667038 125.6910019

endloop
endfacet
facet normal -0.8078622222 -0.03360176086 -0.5884127617
outer loop
vertex 91.7542038 65.0667038 125.6910019
vertex 93.91777802 61.13480377 122.9450531
vertex 91.93984222 61.90868378 125.6164703

endloop
endfacet
facet normal -0.8385787606 -0.03646594286 -0.5435586572
outer loop
vertex 91.7542038 65.0667038 125.6910019
vertex 91.93984222 61.90868378 125.6164703
vertex 89.98818207 65.64785004 128.3765564

endloop
endfacet
facet normal -0.8151630759 0.002085306682 -0.5792278051
outer loop
vertex 89.98818207 65.64785004 128.3765564
vertex 91.93984222 61.90868378 125.6164703
vertex 90.041008 62.20700836 128.2898254

endloop
endfacet
facet normal -0.8430492878 0.0006138499011 -0.5378359556
outer loop
vertex 89.98818207 65.64785004 128.3765564
vertex 90.041008 62.20700836 128.2898254
vertex 88.2677536 66.19814301 131.0739288

endloop
endfacet
facet normal -0.8149625063 0.0411458239 -0.5780512094
outer loop
vertex 88.2677536 66.19814301 131.0739288
vertex 90.041008 62.20700836 128.2898254
vertex 88.15462494 62.57840729 130.975769

endloop
endfacet
facet normal -0.803072989 0.04121902958 -0.5944533348
outer loop
vertex 88.2677536 66.19814301 131.0739288
vertex 88.15462494 62.57840729 130.975769
vertex 86.29665375 66.93837738 133.7881012

endloop
endfacet
facet normal -0.800164938 0.04481280968 -0.5981035829
outer loop
vertex 86.29665375 66.93837738 133.7881012
vertex 88.15462494 62.57840729 130.975769
vertex 86.16799164 63.181633 133.6787567

endloop
endfacet
facet normal -0.7601491809 0.04490030929 -0.6481952667
outer loop
vertex 86.29665375 66.93837738 133.7881012
vertex 86.16799164 63.181633 133.6787567
vertex 84.02272797 67.83208466 136.5166779

endloop
endfacet
facet normal -0.7387686968 0.06836397946 -0.6704827547
outer loop
vertex 84.02272797 67.83208466 136.5166779
vertex 86.16799164 63.181633 133.6787567
vertex 83.77108002 63.93447113 136.3965454

endloop
endfacet
facet normal -0.7356341481 0.0682599619 -0.6739310026
outer loop
vertex 84.02269745 67.83205414 136.5166321
vertex 83.7710495 63.93444061 136.3965454
vertex 81.575737 68.46260834 139.2514954

endloop
endfacet
facet normal -0.7141161561 0.09136970341 -0.6940386295
outer loop
vertex 81.575737 68.46260834 139.2514954
vertex 83.7710495 63.93444061 136.3965454
vertex 81.20070648 64.52300262 139.1187286

endloop
endfacet
facet normal -0.7370308638 0.09272303432 -0.6694683433
outer loop
vertex 81.575737 68.46260834 139.2514954
vertex 81.20070648 64.52300262 139.1187286
vertex 79.15288544 69.08083344 142.0044861

endloop
endfacet
facet normal -0.6804972887 0.1485556066 -0.7175337076
outer loop
vertex 79.15288544 69.08083344 142.0044861
vertex 81.20070648 64.52300262 139.1187286
vertex 78.46352386 65.21587372 141.858078

endloop
endfacet
facet normal -0.7436638474 0.1572561413 -0.6497958302
outer loop
vertex 79.15288544 69.08083344 142.0044861
vertex 78.46352386 65.21587372 141.858078
vertex 76.83577728 69.57341766 144.775528

endloop
endfacet
facet normal -0.6700730324 0.2235934138 -0.707819283
outer loop
vertex 76.83577728 69.57341766 144.775528
vertex 78.46352386 65.21587372 141.858078
vertex 75.70659637 65.69283295 144.6186523

endloop
endfacet
facet normal -0.658455193 0.2206865549 -0.7195374966
outer loop
vertex 76.83577728 69.57341766 144.775528
vertex 75.70659637 65.69283295 144.6186523
vertex 73.66533661 69.32289886 147.5999908

endloop
endfacet
facet normal -0.6059182286 0.2729712129 -0.747228086
outer loop
vertex 73.66533661 69.32289886 147.5999908
vertex 75.70659637 65.69283295 144.6186523
vertex 72.05684662 65.40465546 147.4729156

endloop
endfacet
facet normal -0.5094615221 0.2359722108 -0.8275059462
outer loop
vertex 73.66533661 69.32292938 147.5999908
vertex 72.05687714 65.40465546 147.4729156
vertex 68.04528046 67.91118622 150.6574554

endloop
endfacet
facet normal -0.4537253976 0.3270302713 -0.8289658427
outer loop
vertex 68.04528046 67.91118622 150.6574554
vertex 72.05687714 65.40465546 147.4729156
vertex 65.46715546 64.23873138 150.6197662

endloop
endfacet
facet normal -0.4563835561 0.3288738132 -0.8267745376
outer loop
vertex 68.04528046 67.91118622 150.6574554
vertex 65.46715546 64.23873138 150.6197662
vertex 62.4275589 67.83934784 153.7298889

endloop
endfacet
facet normal -0.3996908665 0.3822403252 -0.8331503868
outer loop
vertex 62.4275589 67.83934784 153.7298889
vertex 65.46715546 64.23873138 150.6197662
vertex 59.15024567 64.27754974 153.6680145

endloop
endfacet
facet normal -0.4214132726 0.4018770158 -0.8129610419
outer loop
vertex 62.4275589 67.83934784 153.7298889
vertex 59.15024567 64.27754974 153.6680145
vertex 57.97870636 69.02898407 156.624115

endloop
endfacet
facet normal -0.3795038462 0.4194722772 -0.8246332407
outer loop
vertex 57.97870636 69.02898407 156.624115
vertex 59.15024567 64.27754974 153.6680145
vertex 54.327034 65.49901581 156.5090332

endloop
endfacet
facet normal -0.4374159873 0.4773427546 -0.7621096373
outer loop
vertex 57.97870636 69.02898407 156.624115
vertex 54.327034 65.49901581 156.5090332
vertex 54.44063568 70.22023773 159.4009399

endloop
endfacet
facet normal -0.4235057831 0.4805662632 -0.7679185867
outer loop
vertex 54.44063568 70.22023773 159.4009399
vertex 54.327034 65.49901581 156.5090332
vertex 50.69451141 66.72389984 159.2789001

endloop
endfacet
facet normal -0.5032896399 0.5621528029 -0.6562650204
outer loop
vertex 54.44063568 70.22023773 159.4009399
vertex 50.69451141 66.72389984 159.2789001
vertex 51.79178619 71.05135345 162.1442719

endloop
endfacet
facet normal -0.5120390058 0.5606982708 -0.6507177949
outer loop
vertex 51.79178619 71.05135345 162.1442719
vertex 50.69451141 66.72389984 159.2789001
vertex 48.0411911 67.48470306 162.0223083

endloop
endfacet
facet normal -0.5838857889 0.6314470172 -0.5102469325
outer loop
vertex 51.79178619 71.05135345 162.1442719
vertex 48.0411911 67.48470306 162.0223083
vertex 49.85637665 71.46675873 164.8730774

endloop
endfacet
facet normal -0.591396451 0.6299606562 -0.5033884048
outer loop
vertex 49.85637665 71.46675873 164.8730774
vertex 48.0411911 67.48470306 162.0223083
vertex 46.00659943 67.75130463 164.7462463

endloop
endfacet
facet normal -0.6277250648 0.6642792821 -0.4058254063
outer loop
vertex 49.85636139 71.46672821 164.8730927
vertex 46.00658417 67.75130463 164.7462463
vertex 48.34349823 71.70128632 167.5971069

endloop
endfacet
facet normal -0.6539332867 0.6572783589 -0.3746418059
outer loop
vertex 48.34349823 71.70128632 167.5971069
vertex 46.00658417 67.75130463 164.7462463
vertex 44.51683807 67.81819916 167.4639435

endloop
endfacet
facet normal -0.6613900065 0.6637566686 -0.3492711186
outer loop
vertex 48.34349823 71.70128632 167.5971069
vertex 44.51683807 67.81819916 167.4639435
vertex 47.15309906 71.94911957 170.3222656

endloop
endfacet
facet normal -0.6698188782 0.6612203717 -0.3378316164
outer loop
vertex 47.15309906 71.94911957 170.3222656
vertex 44.51683807 67.81819916 167.4639435
vertex 43.36373138 68.0422287 170.1886902

endloop
endfacet
facet normal -0.6911910772 0.6788704991 -0.2477695942
outer loop
vertex 47.15309906 71.94911957 170.3222656
vertex 43.36373138 68.0422287 170.1886902
vertex 46.26770782 72.04091644 173.0437164

endloop
endfacet
facet normal -0.6416922808 0.6960267425 -0.3221456707
outer loop
vertex 46.26770782 72.04091644 173.0437164
vertex 43.36373138 68.0422287 170.1886902
vertex 42.30808258 68.33089447 172.9151611

endloop
endfacet
facet normal -0.6636328697 0.7158079147 -0.2172795087
outer loop
vertex 46.26770782 72.04091644 173.0437164
vertex 42.30808258 68.33089447 172.9151917
vertex 45.66861725 72.31243134 175.7679901

endloop
endfacet
facet normal -0.6177086234 0.7303288579 -0.2916433811
outer loop
vertex 45.66861725 72.31243134 175.7679901
vertex 42.30808258 68.33089447 172.9151917
vertex 41.60694122 68.82918549 175.6480408

endloop
endfacet
facet normal -0.608512342 0.7209784985 -0.3315157294
outer loop
vertex 45.66861725 72.31243134 175.7679901
vertex 41.60694122 68.82918549 175.6480408
vertex 45.2851181 73.24974823 178.5103912

endloop
endfacet
facet normal -0.5977589488 0.722418189 -0.3475576043
outer loop
vertex 45.2851181 73.24974823 178.5103912
vertex 41.60694122 68.82918549 175.6480408
vertex 41.46115875 70.0354538 178.4060669

endloop
endfacet
facet normal -0.6112391949 0.7365664244 -0.2895800471
outer loop
vertex 45.28508759 73.24974823 178.510376
vertex 41.46112823 70.03542328 178.4060516
vertex 44.60552216 73.75948334 181.241333

endloop
endfacet
facet normal -0.6408346295 0.7275588512 -0.2449267507
outer loop
vertex 44.60552216 73.75948334 181.241333
vertex 41.46112823 70.03542328 178.4060516
vertex 40.98757172 70.53795624 181.1378632

endloop
endfacet
facet normal -0.6645850539 0.7469730377 -0.01892367005
outer loop
vertex 44.60552216 73.75948334 181.241333
vertex 40.98757172 70.53795624 181.1378632
vertex 45.28061676 74.42940521 183.9763031

endloop
endfacet
facet normal -0.6023311019 0.7818599939 -0.1609101593
outer loop
vertex 45.28061676 74.42940521 183.9763031
vertex 40.98757172 70.53795624 181.1378632
vertex 41.51595306 71.51082611 183.887146

endloop
endfacet
facet normal -0.6128069758 0.7901807427 0.009053584188
outer loop
vertex 45.28061676 74.42940521 183.9763031
vertex 41.51595306 71.51082611 183.887146
vertex 45.56101227 74.61565399 186.6998749

endloop
endfacet
facet normal -0.5661437511 0.8193506598 -0.09025313705
outer loop
vertex 45.56101227 74.61565399 186.6998749
vertex 41.51595306 71.51082611 183.887146
vertex 41.73456573 71.96297455 186.6205902

endloop
endfacet
facet normal -0.5638766289 0.8083219528 0.1692896038
outer loop
vertex 45.56105804 74.61568451 186.6999207
vertex 41.73461151 71.96300507 186.6206207
vertex 46.14199066 74.45180511 189.4174042

endloop
endfacet
facet normal -0.5074616075 0.8610233665 0.03348866105
outer loop
vertex 46.14199066 74.45180511 189.4174042
vertex 41.73461151 71.96300507 186.6206207
vertex 42.36234283 72.22679901 189.3504028

endloop
endfacet
facet normal -0.4993303418 0.8420795202 0.2038906515
outer loop
vertex 46.14199066 74.45180511 189.4174042
vertex 42.36234283 72.22679901 189.3504028
vertex 46.93296051 74.26259613 192.1359406

endloop
endfacet
facet normal -0.461517632 0.8797333837 0.1143269092
outer loop
vertex 46.93296051 74.26259613 192.1359406
vertex 42.36234283 72.22679901 189.3504028
vertex 43.16266632 72.29244232 192.0760498

endloop
endfacet
facet normal -0.4552198946 0.8647037745 0.2122783959
outer loop
vertex 46.93296051 74.26259613 192.1359406
vertex 43.16266632 72.29244232 192.0760498
vertex 47.1003952 73.68584442 194.8443604

endloop
endfacet
facet normal -0.4514745474 0.8683935404 0.2050937116
outer loop
vertex 47.1003952 73.68584442 194.8443604
vertex 43.16266632 72.29244232 192.0760498
vertex 43.40856171 71.78084564 194.7835083

endloop
endfacet
facet normal -0.4342957139 0.830494523 0.3488067091
outer loop
vertex 47.1003952 73.68587494 194.8443756
vertex 43.40856171 71.78084564 194.7835083
vertex 47.49393463 72.7592392 197.5406494

endloop
endfacet
facet normal -0.4284060895 0.8382604718 0.337324053
outer loop
vertex 47.49393463 72.7592392 197.5406494
vertex 43.40856171 71.78084564 194.7835083
vertex 43.91689301 70.95598602 197.4788971

endloop
endfacet
facet normal -0.362888813 0.6987359524 0.6165061593
outer loop
vertex 47.49393463 72.7592392 197.5406494
vertex 43.91689301 70.95598602 197.4788971
vertex 49.57442474 71.47563934 200.2200775

endloop
endfacet
facet normal -0.3422722518 0.7515423894 0.5639448762
outer loop
vertex 49.57442474 71.47563934 200.2200775
vertex 43.91689301 70.95598602 197.4788971
vertex 46.14324188 69.95537567 200.1635895

endloop
endfacet
facet normal -0.286603719 0.6197197437 0.7306200862
outer loop
vertex 49.57444 71.47563934 200.2200928
vertex 46.14325714 69.95540619 200.1636047
vertex 52.57472992 69.73113251 202.8767395

endloop
endfacet
facet normal -0.25682199 0.6997406483 0.6666374207
outer loop
vertex 52.57472992 69.73113251 202.8767395
vertex 46.14325714 69.95540619 200.1636047
vertex 49.32826996 68.58657074 202.8274384

endloop
endfacet
facet normal -0.2377210557 0.6429142952 0.7281139493
outer loop
vertex 52.57472992 69.73113251 202.8767395
vertex 49.32826996 68.58657074 202.8274384
vertex 56.360466 68.12374115 205.5320435

endloop
endfacet
facet normal -0.2046028674 0.7262589335 0.6562663913
outer loop
vertex 56.360466 68.12374115 205.5320435
vertex 49.32826996 68.58657074 202.8274384
vertex 53.37783051 67.31893158 205.4927979

endloop
endfacet
facet normal -0.1953871548 0.6901282668 0.6968118548
outer loop
vertex 56.360466 68.12374115 205.5320435
vertex 53.37783051 67.31893158 205.4927979
vertex 61.45426178 66.84374237 208.2280731

endloop
endfacet
facet normal -0.1542383581 0.7904824018 0.5927462578
outer loop
vertex 61.45426178 66.84374237 208.2280731
vertex 53.37783051 67.31893158 205.4927979
vertex 58.94539642 66.35793304 208.223114

endloop
endfacet
facet normal -0.1427429467 0.7303022146 0.6680442691
outer loop
vertex 61.4542923 66.84374237 208.2281036
vertex 58.94542694 66.35790253 208.2231445
vertex 65.51509857 65.17705536 210.9178009

endloop
endfacet
facet normal -0.1151109338 0.7756671906 0.6205561161
outer loop
vertex 65.51509857 65.17705536 210.9178009
vertex 58.94542694 66.35790253 208.2231445
vertex 63.52968597 64.85497284 210.9521027

endloop
endfacet
facet normal -0.09845647216 0.6839036942 0.7228984237
outer loop
vertex 65.51509857 65.17705536 210.9178009
vertex 63.52968597 64.85497284 210.9521027
vertex 69.62349701 62.67908478 213.8405762

endloop
endfacet
facet normal -0.04818847403 0.7463062406 0.6638559699
outer loop
vertex 69.62349701 62.67908478 213.8405762
vertex 63.52968597 64.85497284 210.9521027
vertex 68.10137177 62.56027985 213.8636475

endloop
endfacet
facet normal -0.02279715054 0.4640939832 0.8854925632
outer loop
vertex 69.62349701 62.67905426 213.8405762
vertex 68.10137177 62.56026459 213.8636475
vertex 80.59990692 55.74646759 217.7565918

endloop
endfacet
facet normal -0.3462393582 -0.1134232357 0.9312644601
outer loop
vertex 80.59990692 55.74646759 217.7565918
vertex 68.10137177 62.56026459 213.8636475
vertex 80.5998764 55.74643707 217.7565765

endloop
endfacet
facet normal -0.93663764 -0.3502997458 -0
outer loop
vertex 112.1324997 29.0810318 103.7969589
vertex 112.1324997 29.0810318 103.7969666
vertex 107.6791916 40.98836517 107.563446

endloop
endfacet
facet normal -0.4533286691 0.1102379411 -0.8845002651
outer loop
vertex 107.6791916 40.98836517 107.563446
vertex 112.1324997 29.0810318 103.7969666
vertex 107.3928452 39.68093109 107.5472565

endloop
endfacet
facet normal -0.5622707605 0.1332513094 -0.8161469102
outer loop
vertex 107.6791916 40.98836517 107.563446
vertex 107.3928452 39.68093109 107.5472565
vertex 105.0953598 46.42357635 110.2309341

endloop
endfacet
facet normal -0.6448110938 0.08272060007 -0.7598525882
outer loop
vertex 105.0953598 46.42357635 110.2309341
vertex 107.3928452 39.68093109 107.5472565
vertex 104.8793869 44.66429901 110.2226868

endloop
endfacet
facet normal -0.678540647 0.08671869338 -0.7294262052
outer loop
vertex 105.0953598 46.42357635 110.2309341
vertex 104.8793869 44.66429901 110.2226868
vertex 103.0134201 50.51265717 112.6537704

endloop
endfacet
facet normal -0.7455859184 0.03866546229 -0.665286839
outer loop
vertex 103.0134201 50.51265717 112.6537704
vertex 104.8793869 44.66429901 110.2226868
vertex 102.9313583 48.47185516 112.6271286

endloop
endfacet
facet normal -0.6900501847 0.03718323261 -0.7228057384
outer loop
vertex 103.0134201 50.51265717 112.6537704
vertex 102.9313583 48.47185516 112.6271286
vertex 100.6169052 53.91452789 115.116684

endloop
endfacet
facet normal -0.7412926555 -0.008243892342 -0.6711313725
outer loop
vertex 100.6169052 53.91452789 115.116684
vertex 102.9313583 48.47185516 112.6271286
vertex 100.674614 51.58179474 115.0815964

endloop
endfacet
facet normal -0.7563946843 -0.008874296211 -0.6540552378
outer loop
vertex 100.6169052 53.91452789 115.116684
vertex 100.674614 51.58179474 115.0815964
vertex 98.38353729 56.75894928 117.6609116

endloop
endfacet
facet normal -0.7556527257 -0.00811393559 -0.6549223661
outer loop
vertex 98.38353729 56.75894928 117.6609116
vertex 100.674614 51.58179474 115.0815964
vertex 98.44747162 54.26866913 117.6179962

endloop
endfacet
facet normal -0.7645378113 -0.008521252312 -0.6445224881
outer loop
vertex 98.38350677 56.75894928 117.6609116
vertex 98.4474411 54.26866913 117.6179962
vertex 96.14492035 59.31616974 120.2825317

endloop
endfacet
facet normal -0.7764267921 -0.02169865742 -0.6298338175
outer loop
vertex 96.14492035 59.31616974 120.2825317
vertex 98.4474411 54.26866913 117.6179962
vertex 96.2614975 56.6827774 120.2295456

endloop
endfacet
facet normal -0.774050951 -0.02153494209 -0.6327570081
outer loop
vertex 96.14492035 59.31616974 120.2825394
vertex 96.2614975 56.68280792 120.2295532
vertex 93.91780853 61.13480377 122.9450684

endloop
endfacet
facet normal -0.8096368313 -0.070837304 -0.5826407075
outer loop
vertex 93.91780853 61.13480377 122.9450684
vertex 96.2614975 56.68280792 120.2295532
vertex 94.22512054 58.1815567 122.8770828

endloop
endfacet
facet normal -0.8113886118 -0.07106580585 -0.5801707506
outer loop
vertex 93.91777802 61.13480377 122.9450531
vertex 94.22505951 58.18152618 122.8770599
vertex 91.93984222 61.90868378 125.6164703

endloop
endfacet
facet normal -0.8191108108 -0.08529032022 -0.5672592521
outer loop
vertex 91.93984222 61.90868378 125.6164703
vertex 94.22505951 58.18152618 122.8770599
vertex 92.33394623 58.69174957 125.5310745

endloop
endfacet
facet normal -0.8167793155 -0.08491419256 -0.5706673265
outer loop
vertex 91.93984222 61.90868378 125.6164703
vertex 92.33394623 58.69174957 125.5310745
vertex 90.041008 62.20700836 128.2898254

endloop
endfacet
facet normal -0.7941294312 -0.04218957573 -0.6062825322
outer loop
vertex 90.041008 62.20700836 128.2898254
vertex 92.33394623 58.69174957 125.5310745
vertex 90.29598236 58.87175751 128.1879425

endloop
endfacet
facet normal -0.8204357624 -0.04531080648 -0.5699403882
outer loop
vertex 90.041008 62.20700836 128.2898254
vertex 90.29598236 58.87175751 128.1879425
vertex 88.15462494 62.57840729 130.975769

endloop
endfacet
facet normal -0.7966029048 -0.005566686857 -0.6044772863
outer loop
vertex 88.15462494 62.57840729 130.975769
vertex 90.29598236 58.87175751 128.1879425
vertex 88.27071381 59.0920639 130.8548889

endloop
endfacet
facet normal -0.8064326048 -0.0063511841 -0.5912919044
outer loop
vertex 88.15462494 62.57840729 130.975769
vertex 88.27071381 59.0920639 130.8548889
vertex 86.16799164 63.181633 133.6787567

endloop
endfacet
facet normal -0.7958363891 0.008871039376 -0.6054466963
outer loop
vertex 86.16799164 63.181633 133.6787567
vertex 88.27071381 59.0920639 130.8548889
vertex 86.23281097 59.53755951 133.5401611

endloop
endfacet
facet normal -0.7483006716 0.01191511191 -0.6632527113
outer loop
vertex 86.16799164 63.181633 133.6787567
vertex 86.23281097 59.53755951 133.5401611
vertex 83.77108002 63.93447113 136.3965454

endloop
endfacet
facet normal -0.7209958434 0.04551577568 -0.6914429069
outer loop
vertex 83.77108002 63.93447113 136.3965454
vertex 86.23281097 59.53755951 133.5401611
vertex 83.67772675 60.13584137 136.2438354

endloop
endfacet
facet normal -0.7214109898 0.04550574347 -0.6910104156
outer loop
vertex 83.7710495 63.93444061 136.3965454
vertex 83.67772675 60.13582611 136.2438202
vertex 81.20070648 64.52300262 139.1187286

endloop
endfacet
facet normal -0.7021203041 0.06805412471 -0.7087987661
outer loop
vertex 81.20070648 64.52300262 139.1187286
vertex 83.67772675 60.13582611 136.2438202
vertex 80.9943161 60.68236542 138.954422

endloop
endfacet
facet normal -0.6970976591 0.06799580902 -0.7137446404
outer loop
vertex 81.20070648 64.52300262 139.1187286
vertex 80.9943161 60.68236542 138.954422
vertex 78.46352386 65.21587372 141.858078

endloop
endfacet
facet normal -0.6902840734 0.07553964108 -0.7195843458
outer loop
vertex 78.46352386 65.21587372 141.858078
vertex 80.9943161 60.68236542 138.954422
vertex 78.21703339 61.24651337 141.6778412

endloop
endfacet
facet normal -0.6989744306 0.07569537312 -0.7111293077
outer loop
vertex 78.46352386 65.21587372 141.858078
vertex 78.21703339 61.24651337 141.6778412
vertex 75.70659637 65.69283295 144.6186523

endloop
endfacet
facet normal -0.6638050675 0.1140872538 -0.7391529083
outer loop
vertex 75.70659637 65.69283295 144.6186523
vertex 78.21703339 61.24651337 141.6778412
vertex 75.22393036 61.69293976 144.4347382

endloop
endfacet
facet normal -0.6176620722 0.1103359684 -0.778665185
outer loop
vertex 75.70659637 65.69283295 144.6186523
vertex 75.22393036 61.69293976 144.4347382
vertex 72.05684662 65.40465546 147.4729156

endloop
endfacet
facet normal -0.5437170863 0.2026997209 -0.8144228458
outer loop
vertex 72.05684662 65.40465546 147.4729156
vertex 75.22393036 61.69293976 144.4347382
vertex 70.78188324 61.33222198 147.3105164

endloop
endfacet
facet normal -0.4493579268 0.1756122559 -0.8759211302
outer loop
vertex 72.05687714 65.40465546 147.4729156
vertex 70.78191376 61.3322525 147.3105164
vertex 65.46715546 64.23873138 150.6197662

endloop
endfacet
facet normal -0.3842257857 0.2939021587 -0.8752096891
outer loop
vertex 65.46715546 64.23873138 150.6197662
vertex 70.78191376 61.3322525 147.3105164
vertex 62.80431366 60.38970184 150.4962463

endloop
endfacet
facet normal -0.4113407731 0.3120572865 -0.8563987613
outer loop
vertex 65.46715546 64.23873138 150.6197662
vertex 62.80431366 60.38970184 150.4962463
vertex 59.15024567 64.27754974 153.6680145

endloop
endfacet
facet normal -0.38489905 0.3386824429 -0.8585725427
outer loop
vertex 59.15024567 64.27754974 153.6680145
vertex 62.80431366 60.38970184 150.4962463
vertex 56.10424042 60.39421844 153.5016785

endloop
endfacet
facet normal -0.406213522 0.3546967208 -0.8421288133
outer loop
vertex 59.15024567 64.27754974 153.6680145
vertex 56.10424042 60.39421844 153.5016785
vertex 54.327034 65.49901581 156.5090332

endloop
endfacet
facet normal -0.4378736019 0.3382773995 -0.832967639
outer loop
vertex 54.327034 65.49901581 156.5090332
vertex 56.10424042 60.39421844 153.5016785
vertex 51.53829193 61.37194061 156.2989655

endloop
endfacet
facet normal -0.4827671647 0.3666945398 -0.7952804565
outer loop
vertex 54.327034 65.49901581 156.5090332
vertex 51.53829193 61.37194061 156.2989655
vertex 50.69451141 66.72389984 159.2789001

endloop
endfacet
facet normal -0.5081172585 0.3564532101 -0.7840650082
outer loop
vertex 50.69451141 66.72389984 159.2789001
vertex 51.53829193 61.37194061 156.2989655
vertex 47.97711945 62.3771286 159.0637817

endloop
endfacet
facet normal -0.5973044634 0.4075892866 -0.6907230616
outer loop
vertex 50.69451141 66.72389984 159.2789001
vertex 47.97711945 62.3771286 159.0637817
vertex 48.0411911 67.48470306 162.0223083

endloop
endfacet
facet normal -0.6063860059 0.4042435884 -0.6847503781
outer loop
vertex 48.0411911 67.48470306 162.0223083
vertex 47.97711945 62.3771286 159.0637817
vertex 45.29004669 62.98810577 161.8040314

endloop
endfacet
facet normal -0.6931734681 0.4513806403 -0.5619305372
outer loop
vertex 48.0411911 67.48470306 162.0223083
vertex 45.29004669 62.98810577 161.8040314
vertex 46.00659943 67.75130463 164.7462463

endloop
endfacet
facet normal -0.6734604836 0.4591617286 -0.5793283582
outer loop
vertex 46.00659943 67.75130463 164.7462463
vertex 45.29004669 62.98810577 161.8040314
vertex 43.09192657 63.19348907 164.5220947

endloop
endfacet
facet normal -0.7529284358 0.5023872852 -0.4250949025
outer loop
vertex 46.00658417 67.75130463 164.7462463
vertex 43.09194183 63.19347382 164.52211
vertex 44.51683807 67.81819916 167.4639435

endloop
endfacet
facet normal -0.7075768113 0.5213982463 -0.4769475758
outer loop
vertex 44.51683807 67.81819916 167.4639435
vertex 43.09194183 63.19347382 164.52211
vertex 41.39862823 63.38596344 167.2446594

endloop
endfacet
facet normal -0.7532553077 0.54793787 -0.3638275564
outer loop
vertex 44.51683807 67.81819916 167.4639435
vertex 41.39862823 63.38596344 167.2446594
vertex 43.36373138 68.0422287 170.1886902

endloop
endfacet
facet normal -0.7336180806 0.5563466549 -0.3902344406
outer loop
vertex 43.36373138 68.0422287 170.1886902
vertex 41.39862823 63.38596344 167.2446594
vertex 40.23119354 63.76595306 169.9811096

endloop
endfacet
facet normal -0.7477331758 0.5646993518 -0.349298805
outer loop
vertex 43.36373138 68.0422287 170.1886902
vertex 40.23119354 63.76595306 169.9811096
vertex 42.30808258 68.33089447 172.9151611

endloop
endfacet
facet normal -0.7487626672 0.5642328858 -0.3478442729
outer loop
vertex 42.30808258 68.33089447 172.9151611
vertex 40.23119354 63.76595306 169.9811096
vertex 39.11138153 63.95986176 172.706131

endloop
endfacet
facet normal -0.7630620599 0.5724086761 -0.3001410961
outer loop
vertex 42.30808258 68.33089447 172.9151917
vertex 39.11139679 63.95987701 172.7061615
vertex 41.60694122 68.82918549 175.6480408

endloop
endfacet
facet normal -0.7298970819 0.5863488913 -0.3513478637
outer loop
vertex 41.60694122 68.82918549 175.6480408
vertex 39.11139679 63.95987701 172.7061615
vertex 38.30049896 64.59670258 175.4535065

endloop
endfacet
facet normal -0.745015502 0.595797658 -0.2999617159
outer loop
vertex 41.60694122 68.82918549 175.6480408
vertex 38.30049896 64.59670258 175.4535065
vertex 41.46115875 70.0354538 178.4060669

endloop
endfacet
facet normal -0.747261405 0.5949593186 -0.2960131764
outer loop
vertex 41.46115875 70.0354538 178.4060669
vertex 38.30049896 64.59670258 175.4535065
vertex 38.25409698 65.92147064 178.2333069

endloop
endfacet
facet normal -0.7601364851 0.6027552485 -0.2426492125
outer loop
vertex 41.46112823 70.03542328 178.4060516
vertex 38.25406647 65.92144012 178.2332916
vertex 40.98757172 70.53795624 181.1378632

endloop
endfacet
facet normal -0.7970497012 0.5793050528 -0.1706383526
outer loop
vertex 40.98757172 70.53795624 181.1378632
vertex 38.25406647 65.92144012 178.2332916
vertex 37.9970932 66.37310028 180.9669647

endloop
endfacet
facet normal -0.8102506995 0.5838699341 -0.05088896304
outer loop
vertex 40.98757172 70.53795624 181.1378632
vertex 37.9970932 66.37310028 180.9669647
vertex 41.51595306 71.51082611 183.887146

endloop
endfacet
facet normal -0.7521264553 0.6282511353 -0.1990131438
outer loop
vertex 41.51595306 71.51082611 183.887146
vertex 37.9970932 66.37310028 180.9669647
vertex 38.44618988 67.79006195 183.7428131

endloop
endfacet
facet normal -0.7697864175 0.6367990971 -0.04376990721
outer loop
vertex 41.51595306 71.51082611 183.887146
vertex 38.44618988 67.79006195 183.7428131
vertex 41.73456573 71.96297455 186.6205902

endloop
endfacet
facet normal -0.7290147543 0.6702609658 -0.1388801783
outer loop
vertex 41.73456573 71.96297455 186.6205902
vertex 38.44618988 67.79006195 183.7428131
vertex 38.64054108 68.57131195 186.4930725

endloop
endfacet
facet normal -0.7366673946 0.6680790186 0.1048413068
outer loop
vertex 41.73461151 71.96300507 186.6206207
vertex 38.64055634 68.57131195 186.4930878
vertex 42.36234283 72.22679901 189.3504028

endloop
endfacet
facet normal -0.7211215496 0.6905546784 0.05583810434
outer loop
vertex 42.36234283 72.22679901 189.3504028
vertex 38.64055634 68.57131195 186.4930878
vertex 39.32482147 69.06414032 189.2351837

endloop
endfacet
facet normal -0.711229682 0.676073432 0.1925540119
outer loop
vertex 42.36234283 72.22679901 189.3504028
vertex 39.32482147 69.06414032 189.2351837
vertex 43.16266632 72.29244232 192.0760498

endloop
endfacet
facet normal -0.6854270101 0.7201452851 0.1076136529
outer loop
vertex 43.16266632 72.29244232 192.0760498
vertex 39.32482147 69.06414032 189.2351837
vertex 40.17354584 69.46199799 191.9785461

endloop
endfacet
facet normal -0.6776583791 0.7089136243 0.1955010295
outer loop
vertex 43.16266632 72.29244232 192.0760498
vertex 40.17354584 69.46199799 191.9785461
vertex 43.40856171 71.78084564 194.7835083

endloop
endfacet
facet normal -0.6537345648 0.7438417673 0.1390342712
outer loop
vertex 43.40856171 71.78084564 194.7835083
vertex 40.17354584 69.46199799 191.9785461
vertex 40.40378571 69.15486908 194.7042847

endloop
endfacet
facet normal -0.6252809763 0.7054098248 0.3337974548
outer loop
vertex 43.40856171 71.78084564 194.7835083
vertex 40.40378571 69.15486908 194.7042999
vertex 43.91689301 70.95598602 197.4788971

endloop
endfacet
facet normal -0.5931902528 0.7634457946 0.2554914057
outer loop
vertex 43.91689301 70.95598602 197.4788971
vertex 40.40378571 69.15486908 194.7042999
vertex 40.83301544 68.58437347 197.4055939

endloop
endfacet
facet normal -0.4836314321 0.6094629169 0.628216207
outer loop
vertex 43.91689301 70.95598602 197.4788971
vertex 40.83301544 68.58437347 197.4055939
vertex 46.14324188 69.95537567 200.1635895

endloop
endfacet
facet normal -0.4611164033 0.7067945004 0.5364821553
outer loop
vertex 46.14324188 69.95537567 200.1635895
vertex 40.83301544 68.58437347 197.4055939
vertex 43.0767746 67.99959564 200.1045685

endloop
endfacet
facet normal -0.3737383485 0.5637511611 0.7365489006
outer loop
vertex 46.14325714 69.95540619 200.1636047
vertex 43.07678986 67.99962616 200.1045685
vertex 49.32826996 68.58657074 202.8274384

endloop
endfacet
facet normal -0.3544624448 0.6479979157 0.6741328239
outer loop
vertex 49.32826996 68.58657074 202.8274384
vertex 43.07678986 67.99962616 200.1045685
vertex 46.44606781 67.0378952 202.8005981

endloop
endfacet
facet normal -0.3162479401 0.5754904151 0.7541869879
outer loop
vertex 49.32826996 68.58657074 202.8274384
vertex 46.44606781 67.0378952 202.8005981
vertex 53.37783051 67.31893158 205.4927979

endloop
endfacet
facet normal -0.2839353681 0.697163403 0.6582885981
outer loop
vertex 53.37783051 67.31893158 205.4927979
vertex 46.44606781 67.0378952 202.8005981
vertex 50.62654877 66.20940399 205.4811554

endloop
endfacet
facet normal -0.2546916902 0.6238021255 0.7389201522
outer loop
vertex 53.37783051 67.31893158 205.4927979
vertex 50.62654877 66.20940399 205.4811554
vertex 58.94539642 66.35793304 208.223114

endloop
endfacet
facet normal -0.1982569993 0.8059228063 0.5578373075
outer loop
vertex 58.94539642 66.35793304 208.223114
vertex 50.62654877 66.20940399 205.4811554
vertex 56.33028412 65.69078827 208.2575378

endloop
endfacet
facet normal -0.1724655628 0.7112667561 0.6814361811
outer loop
vertex 58.94542694 66.35790253 208.2231445
vertex 56.33031464 65.69081879 208.2575684
vertex 63.52968597 64.85497284 210.9521027

endloop
endfacet
facet normal -0.1118587703 0.8245368004 0.5546409488
outer loop
vertex 63.52968597 64.85497284 210.9521027
vertex 56.33031464 65.69081879 208.2575684
vertex 61.40668488 64.49025726 211.0661316

endloop
endfacet
facet normal -0.08514826 0.7131845951 0.6957855225
outer loop
vertex 63.52968597 64.85497284 210.9521027
vertex 61.40668488 64.49025726 211.0661316
vertex 68.10137177 62.56027985 213.8636475

endloop
endfacet
facet normal -0.0569857806 0.752831161 0.6557421684
outer loop
vertex 68.10137177 62.56027985 213.8636475
vertex 61.40668488 64.49025726 211.0661316
vertex 66.56429291 62.39836884 213.9159546

endloop
endfacet
facet normal -0.01935285889 0.4689814448 0.8829959035
outer loop
vertex 68.10137177 62.56026459 213.8636475
vertex 66.56432343 62.39835358 213.9159546
vertex 80.5998764 55.74643707 217.7565765

endloop
endfacet
facet normal 0.1347049624 -0.2607192993 -0.9559707046
outer loop
vertex 80.5998764 55.74643707 217.7565765
vertex 66.56432343 62.39835358 213.9159546
vertex 80.59990692 55.74645233 217.7565765

endloop
endfacet
facet normal 0.6205059886 0 0.7842017412
outer loop
vertex 112.1324997 29.0810318 103.7969666
vertex 112.1324997 29.08104706 103.7969666
vertex 107.3928452 39.68093109 107.5472565

endloop
endfacet
facet normal -0.5657980442 0.03841854632 -0.8236483932
outer loop
vertex 107.3928452 39.68093109 107.5472565
vertex 112.1324997 29.08104706 103.7969666
vertex 107.3149948 38.40143585 107.5410538

endloop
endfacet
facet normal -0.6847042441 0.04518689588 -0.7274188995
outer loop
vertex 107.3928452 39.68093109 107.5472565
vertex 107.3149948 38.40143585 107.5410538
vertex 104.8793869 44.66429901 110.2226868

endloop
endfacet
facet normal -0.7683144808 -0.02493699826 -0.6395866275
outer loop
vertex 104.8793869 44.66429901 110.2226868
vertex 107.3149948 38.40143585 107.5410538
vertex 104.9343185 42.88280487 110.2261581

endloop
endfacet
facet normal -0.7962785959 -0.02573061176 -0.6043826342
outer loop
vertex 104.8793869 44.66429901 110.2226868
vertex 104.9343185 42.88280487 110.2261581
vertex 102.9313583 48.47185516 112.6271286

endloop
endfacet
facet normal -0.7667099237 0.001022843062 -0.6419929266
outer loop
vertex 102.9313583 48.47185516 112.6271286
vertex 104.9343185 42.88280487 110.2261581
vertex 102.942131 46.3471756 112.610878

endloop
endfacet
facet normal -0.7352141142 0.001456673141 -0.6778334379
outer loop
vertex 102.9313583 48.47185516 112.6271286
vertex 102.942131 46.3471756 112.610878
vertex 100.674614 51.58179474 115.0815964

endloop
endfacet
facet normal -0.7617356777 -0.02438259497 -0.6474289894
outer loop
vertex 100.674614 51.58179474 115.0815964
vertex 102.942131 46.3471756 112.610878
vertex 100.7764816 49.22994232 115.0503159

endloop
endfacet
facet normal -0.7639369965 -0.02451260015 -0.6448250413
outer loop
vertex 100.674614 51.58179474 115.0815964
vertex 100.7764816 49.22994232 115.0503159
vertex 98.44747162 54.26866913 117.6179962

endloop
endfacet
facet normal -0.7819622755 -0.04461474717 -0.6217270494
outer loop
vertex 98.44747162 54.26866913 117.6179962
vertex 100.7764816 49.22994232 115.0503159
vertex 98.62178802 51.78914642 117.576683

endloop
endfacet
facet normal -0.7861347795 -0.04500630498 -0.6164142489
outer loop
vertex 98.4474411 54.26866913 117.6179962
vertex 98.62178802 51.78914642 117.576683
vertex 96.2614975 56.6827774 120.2295456

endloop
endfacet
facet normal -0.8060780764 -0.07023087144 -0.5876271725
outer loop
vertex 96.2614975 56.6827774 120.2295456
vertex 98.62178802 51.78914642 117.576683
vertex 96.53014374 54.04514313 120.1762695

endloop
endfacet
facet normal -0.8096063733 -0.07068932801 -0.5827010274
outer loop
vertex 96.2614975 56.68280792 120.2295532
vertex 96.53014374 54.04515839 120.1762772
vertex 94.22512054 58.1815567 122.8770828

endloop
endfacet
facet normal -0.8164332509 -0.08172392845 -0.5716274977
outer loop
vertex 94.22512054 58.1815567 122.8770828
vertex 96.53014374 54.04515839 120.1762772
vertex 94.56255341 55.30039215 122.8070526

endloop
endfacet
facet normal -0.8190453053 -0.0821345672 -0.5678192377
outer loop
vertex 94.22505951 58.18152618 122.8770599
vertex 94.56252289 55.30037689 122.807045
vertex 92.33394623 58.69174957 125.5310745

endloop
endfacet
facet normal -0.811609745 -0.06720648706 -0.580321312
outer loop
vertex 92.33394623 58.69174957 125.5310745
vertex 94.56252289 55.30037689 122.807045
vertex 92.6533432 55.61664581 125.440506

endloop
endfacet
facet normal -0.7939080596 -0.06465307623 -0.6045907736
outer loop
vertex 92.33394623 58.69174957 125.5310745
vertex 92.6533432 55.61664581 125.440506
vertex 90.29598236 58.87175751 128.1879425

endloop
endfacet
facet normal -0.7874914408 -0.05195306614 -0.6141319871
outer loop
vertex 90.29598236 58.87175751 128.1879425
vertex 92.6533432 55.61664581 125.440506
vertex 90.59780121 55.6530838 128.0732117

endloop
endfacet
facet normal -0.7973774076 -0.05334391817 -0.6011187434
outer loop
vertex 90.29598236 58.87175751 128.1879425
vertex 90.59780121 55.6530838 128.0732117
vertex 88.27071381 59.0920639 130.8548889

endloop
endfacet
facet normal -0.780827105 -0.02338651381 -0.6243094206
outer loop
vertex 88.27071381 59.0920639 130.8548889
vertex 90.59780121 55.6530838 128.0732117
vertex 88.48705292 55.67836761 130.7121887

endloop
endfacet
facet normal -0.7983474135 -0.02544363774 -0.6016594768
outer loop
vertex 88.27071381 59.0920639 130.8548889
vertex 88.48705292 55.67836761 130.7121887
vertex 86.23281097 59.53755951 133.5401611

endloop
endfacet
facet normal -0.754039228 0.03997350112 -0.6556118727
outer loop
vertex 86.23281097 59.53755951 133.5401611
vertex 88.48705292 55.67836761 130.7121887
vertex 86.18746185 55.96852875 133.3747101

endloop
endfacet
facet normal -0.7216114998 0.04120526463 -0.6910708547
outer loop
vertex 86.23281097 59.53755951 133.5401611
vertex 86.18746185 55.96852875 133.3747101
vertex 83.67772675 60.13584137 136.2438354

endloop
endfacet
facet normal -0.6737060547 0.09851304442 -0.7324038148
outer loop
vertex 83.67772675 60.13584137 136.2438354
vertex 86.18746185 55.96852875 133.3747101
vertex 83.3380661 56.47299957 136.0635986

endloop
endfacet
facet normal -0.6970179677 0.09958329797 -0.7101049423
outer loop
vertex 83.67772675 60.13582611 136.2438202
vertex 83.33803558 56.47298431 136.0635834
vertex 80.9943161 60.68236542 138.954422

endloop
endfacet
facet normal -0.7003489137 0.09582906216 -0.7073388696
outer loop
vertex 80.9943161 60.68236542 138.954422
vertex 83.33803558 56.47298431 136.0635834
vertex 80.67409515 56.89638519 138.7585602

endloop
endfacet
facet normal -0.6870138049 0.09537472576 -0.7203580737
outer loop
vertex 80.9943161 60.68236542 138.954422
vertex 80.67409515 56.89638519 138.7585602
vertex 78.21703339 61.24651337 141.6778412

endloop
endfacet
facet normal -0.7222393155 0.05475192517 -0.6894727349
outer loop
vertex 78.21703339 61.24651337 141.6778412
vertex 80.67409515 56.89638519 138.7585602
vertex 78.1180954 57.23787689 141.46315

endloop
endfacet
facet normal -0.671876967 0.05613642931 -0.738532424
outer loop
vertex 78.21703339 61.24651337 141.6778412
vertex 78.1180954 57.23787689 141.46315
vertex 75.22393036 61.69293976 144.4347382

endloop
endfacet
facet normal -0.6574242711 0.07314893603 -0.7499617934
outer loop
vertex 75.22393036 61.69293976 144.4347382
vertex 78.1180954 57.23787689 141.46315
vertex 75.02050018 57.60341644 144.2141876

endloop
endfacet
facet normal -0.5461588502 0.07217692584 -0.8345663548
outer loop
vertex 75.22393036 61.69293976 144.4347382
vertex 75.02050018 57.60341644 144.2141876
vertex 70.78188324 61.33222198 147.3105164

endloop
endfacet
facet normal -0.4817411005 0.1667694449 -0.8602984548
outer loop
vertex 70.78188324 61.33222198 147.3105164
vertex 75.02050018 57.60341644 144.2141876
vertex 69.80605316 57.49048615 147.1122284

endloop
endfacet
facet normal -0.3816221356 0.1440592706 -0.9130232334
outer loop
vertex 70.78191376 61.3322525 147.3105164
vertex 69.80608368 57.4905014 147.1122284
vertex 62.80431366 60.38970184 150.4962463

endloop
endfacet
facet normal -0.3441432416 0.2310860753 -0.9100356102
outer loop
vertex 62.80431366 60.38970184 150.4962463
vertex 69.80608368 57.4905014 147.1122284
vertex 60.86620331 56.63904572 150.2767639

endloop
endfacet
facet normal -0.3954965472 0.2559860349 -0.8820735216
outer loop
vertex 62.80431366 60.38970184 150.4962463
vertex 60.86620331 56.63904572 150.2767639
vertex 56.10424042 60.39421844 153.5016785

endloop
endfacet
facet normal -0.388356775 0.2653801441 -0.8824694753
outer loop
vertex 56.10424042 60.39421844 153.5016785
vertex 60.86620331 56.63904572 150.2767639
vertex 54.01482391 56.45374298 153.2361908

endloop
endfacet
facet normal -0.4519904852 0.2963515818 -0.8413562775
outer loop
vertex 56.10424042 60.39421844 153.5016785
vertex 54.01482391 56.45374298 153.2361908
vertex 51.53829193 61.37194061 156.2989655

endloop
endfacet
facet normal -0.4792708158 0.2772417665 -0.8327283263
outer loop
vertex 51.53829193 61.37194061 156.2989655
vertex 54.01482391 56.45374298 153.2361908
vertex 49.56510162 57.03946686 155.9922028

endloop
endfacet
facet normal -0.5314228535 0.2981735468 -0.7928949594
outer loop
vertex 51.53829193 61.37194061 156.2989655
vertex 49.56510162 57.03946686 155.9922028
vertex 47.97711945 62.3771286 159.0637817

endloop
endfacet
facet normal -0.550519228 0.2872793376 -0.7838361859
outer loop
vertex 47.97711945 62.3771286 159.0637817
vertex 49.56510162 57.03946686 155.9922028
vertex 46.04282379 57.7678299 158.7329865

endloop
endfacet
facet normal -0.6402301192 0.3188305497 -0.6988936663
outer loop
vertex 47.97711945 62.3771286 159.0637817
vertex 46.04282379 57.7678299 158.7329865
vertex 45.29004669 62.98810577 161.8040314

endloop
endfacet
facet normal -0.6675005555 0.3037004769 -0.679859519
outer loop
vertex 45.29004669 62.98810577 161.8040314
vertex 46.04282379 57.7678299 158.7329865
vertex 43.48012543 58.23166656 161.4562988

endloop
endfacet
facet normal -0.7246007323 0.320335269 -0.6101958752
outer loop
vertex 45.29004669 62.98810577 161.8040314
vertex 43.48012543 58.23166656 161.4562988
vertex 43.09192657 63.19348907 164.5220947

endloop
endfacet
facet normal -0.7449281216 0.3075260818 -0.5920388103
outer loop
vertex 43.09192657 63.19348907 164.5220947
vertex 43.48012543 58.23166656 161.4562988
vertex 41.39150238 58.38147736 164.1621094

endloop
endfacet
facet normal -0.7943953872 0.3193699121 -0.5166612864
outer loop
vertex 43.09194183 63.19347382 164.52211
vertex 41.39150238 58.3814621 164.1621246
vertex 41.39862823 63.38596344 167.2446594

endloop
endfacet
facet normal -0.7532490492 0.3457252383 -0.5595443249
outer loop
vertex 41.39862823 63.38596344 167.2446594
vertex 41.39150238 58.3814621 164.1621246
vertex 39.5117569 58.70696259 166.8937225

endloop
endfacet
facet normal -0.835858047 0.3676459789 -0.4076490402
outer loop
vertex 41.39862823 63.38596344 167.2446594
vertex 39.5117569 58.70696259 166.8937225
vertex 40.23119354 63.76595306 169.9811096

endloop
endfacet
facet normal -0.7808067799 0.4026024938 -0.4777571559
outer loop
vertex 40.23119354 63.76595306 169.9811096
vertex 39.5117569 58.70696259 166.8937225
vertex 38.06101227 59.16231537 169.6484222

endloop
endfacet
facet normal -0.829506278 0.4178163409 -0.3706060648
outer loop
vertex 40.23119354 63.76595306 169.9811096
vertex 38.06101227 59.16231537 169.6484222
vertex 39.11138153 63.95986176 172.706131

endloop
endfacet
facet normal -0.8603052497 0.3942944109 -0.3231202662
outer loop
vertex 39.11138153 63.95986176 172.706131
vertex 38.06101227 59.16231537 169.6484222
vertex 37.12459564 59.36968231 172.3946686

endloop
endfacet
facet normal -0.8533790708 0.3926422596 -0.3428938985
outer loop
vertex 39.11139679 63.95987701 172.7061615
vertex 37.12459564 59.36969757 172.3946838
vertex 38.30049896 64.59670258 175.4535065

endloop
endfacet
facet normal -0.8551905155 0.3912993968 -0.3399029374
outer loop
vertex 38.30049896 64.59670258 175.4535065
vertex 37.12459564 59.36969757 172.3946838
vertex 36.38185883 60.16820526 175.1826477

endloop
endfacet
facet normal -0.8933834434 0.3996173441 -0.2053582668
outer loop
vertex 38.30049896 64.59670258 175.4535065
vertex 36.38185883 60.16820526 175.1826477
vertex 38.25409698 65.92147064 178.2333069

endloop
endfacet
facet normal -0.8243724704 0.450203836 -0.343112886
outer loop
vertex 38.25409698 65.92147064 178.2333069
vertex 36.38185883 60.16820526 175.1826477
vertex 35.8996048 61.42389679 177.9889374

endloop
endfacet
facet normal -0.8711528182 0.4646703005 -0.1586642414
outer loop
vertex 38.25406647 65.92144012 178.2332916
vertex 35.89958954 61.42388153 177.9889221
vertex 37.9970932 66.37310028 180.9669647

endloop
endfacet
facet normal -0.8178408146 0.5085911751 -0.269205302
outer loop
vertex 37.9970932 66.37310028 180.9669647
vertex 35.89958954 61.42388153 177.9889221
vertex 35.42009735 62.11135101 180.7444

endloop
endfacet
facet normal -0.8457579613 0.5180783272 -0.1276258528
outer loop
vertex 37.9970932 66.37310028 180.9669647
vertex 35.42009735 62.11135101 180.7444
vertex 38.44618988 67.79006195 183.7428131

endloop
endfacet
facet normal -0.8042349219 0.548886776 -0.2278804928
outer loop
vertex 38.44618988 67.79006195 183.7428131
vertex 35.42009735 62.11135101 180.7444
vertex 35.8167038 63.85819244 183.5522461

endloop
endfacet
facet normal -0.8248553872 0.5564683676 -0.09978310019
outer loop
vertex 38.44618988 67.79006195 183.7428131
vertex 35.8167038 63.85819244 183.5522461
vertex 38.64054108 68.57131195 186.4930725

endloop
endfacet
facet normal -0.8138979673 0.5669387579 -0.1270849407
outer loop
vertex 38.64054108 68.57131195 186.4930725
vertex 35.8167038 63.85819244 183.5522461
vertex 36.08460236 64.86400604 186.3235626

endloop
endfacet
facet normal -0.8210470676 0.5613065362 0.1040029824
outer loop
vertex 38.64055634 68.57131195 186.4930878
vertex 36.08461761 64.86403656 186.3235931
vertex 39.32482147 69.06414032 189.2351837

endloop
endfacet
facet normal -0.8005920053 0.5985797644 0.02747095004
outer loop
vertex 39.32482147 69.06414032 189.2351837
vertex 36.08461761 64.86403656 186.3235931
vertex 36.69768524 65.5568161 189.0950012

endloop
endfacet
facet normal -0.7930990458 0.5876647234 0.1601376235
outer loop
vertex 39.32482147 69.06414032 189.2351837
vertex 36.69768524 65.5568161 189.0950012
vertex 40.17354584 69.46199799 191.9785461

endloop
endfacet
facet normal -0.7798917294 0.6171702147 0.1042581126
outer loop
vertex 40.17354584 69.46199799 191.9785461
vertex 36.69768524 65.5568161 189.0950012
vertex 37.47499847 66.06905365 191.8773499

endloop
endfacet
facet normal -0.7774476409 0.6143127084 0.1348891854
outer loop
vertex 40.17354584 69.46199799 191.9785461
vertex 37.47499847 66.06905365 191.8773499
vertex 40.40378571 69.15486908 194.7042847

endloop
endfacet
facet normal -0.7390924692 0.6728800535 0.03122144938
outer loop
vertex 40.40378571 69.15486908 194.7042847
vertex 37.47499847 66.06905365 191.8773499
vertex 37.45088959 65.91259003 194.6787109

endloop
endfacet
facet normal -0.7165927887 0.6506561637 0.2512793541
outer loop
vertex 40.40378571 69.15486908 194.7042999
vertex 37.45087433 65.91259003 194.6787262
vertex 40.83301544 68.58437347 197.4055939

endloop
endfacet
facet normal -0.6710724235 0.7324721813 0.1146569774
outer loop
vertex 40.83301544 68.58437347 197.4055939
vertex 37.45087433 65.91259003 194.6787262
vertex 37.78540802 65.7929306 197.4011383

endloop
endfacet
facet normal -0.5481749177 0.5975456238 0.5851867199
outer loop
vertex 40.83301544 68.58437347 197.4055939
vertex 37.78540802 65.7929306 197.4011383
vertex 43.0767746 67.99959564 200.1045685

endloop
endfacet
facet normal -0.5460578203 0.6223765612 0.5607747436
outer loop
vertex 43.0767746 67.99959564 200.1045685
vertex 37.78540802 65.7929306 197.4011383
vertex 40.47966766 65.68431854 200.1452332

endloop
endfacet
facet normal -0.4436355233 0.5105692744 0.7365503907
outer loop
vertex 43.07678986 67.99962616 200.1045685
vertex 40.47969818 65.68431854 200.1452484
vertex 46.44606781 67.0378952 202.8005981

endloop
endfacet
facet normal -0.4453370869 0.4789611101 0.7564860582
outer loop
vertex 46.44606781 67.0378952 202.8005981
vertex 40.47969818 65.68431854 200.1452484
vertex 44.72148895 65.15270233 202.9789429

endloop
endfacet
facet normal -0.4152567983 0.4544315934 0.7880695462
outer loop
vertex 46.44606781 67.0378952 202.8005981
vertex 44.72148895 65.15270233 202.9789429
vertex 50.62654877 66.20940399 205.4811554

endloop
endfacet
facet normal -0.3969801664 0.6234990358 0.6735395789
outer loop
vertex 50.62654877 66.20940399 205.4811554
vertex 44.72148895 65.15270233 202.9789429
vertex 49.04730988 64.98235321 205.6862488

endloop
endfacet
facet normal -0.3254166842 0.5476566553 0.7708283067
outer loop
vertex 50.62654877 66.20940399 205.4811554
vertex 49.04730988 64.98235321 205.6862488
vertex 56.33028412 65.69078827 208.2575378

endloop
endfacet
facet normal -0.231607303 0.8806074262 0.4133867621
outer loop
vertex 56.33028412 65.69078827 208.2575378
vertex 49.04730988 64.98235321 205.6862488
vertex 53.94766998 65.00286102 208.3880768

endloop
endfacet
facet normal -0.1797079742 0.7444485426 0.6430407166
outer loop
vertex 56.33031464 65.69081879 208.2575684
vertex 53.9477005 65.00289154 208.3881226
vertex 61.40668488 64.49025726 211.0661316

endloop
endfacet
facet normal -0.1756962389 0.7534543872 0.6335908175
outer loop
vertex 61.40668488 64.49025726 211.0661316
vertex 53.9477005 65.00289154 208.3881226
vertex 59.29666901 63.86589813 211.2234955

endloop
endfacet
facet normal -0.1402148455 0.6598997712 0.7381545901
outer loop
vertex 61.40668488 64.49025726 211.0661316
vertex 59.29666901 63.86589813 211.2234955
vertex 66.56429291 62.39836884 213.9159546

endloop
endfacet
facet normal -0.1954605132 0.5372797847 0.8204422593
outer loop
vertex 66.56429291 62.39836884 213.9159546
vertex 59.29666901 63.86589813 211.2234955
vertex 65.2173996 61.69745636 214.0540771

endloop
endfacet
facet normal -0.08788601309 0.3524861336 0.9316810369
outer loop
vertex 66.56432343 62.39835358 213.9159546
vertex 65.2173996 61.6974411 214.0540771
vertex 80.59990692 55.74645233 217.7565765

endloop
endfacet
facet normal -nan(ind) -nan(ind) -nan(ind)
outer loop
vertex 80.59990692 55.74645233 217.7565765
vertex 65.2173996 61.6974411 214.0540771
vertex 80.59990692 55.74645233 217.7565765

endloop
endfacet
facet normal 0.03595810756 0.3884646893 -0.9207618237
outer loop
vertex 112.1325302 29.08106232 103.7969742
vertex 112.1324997 29.08104706 103.7969666
vertex 107.3149948 38.40145111 107.5410614

endloop
endfacet
facet normal -0.6841192842 -0.06165964156 -0.7267591953
outer loop
vertex 107.3149948 38.40145111 107.5410614
vertex 112.1324997 29.08104706 103.7969666
vertex 107.4167099 37.11617279 107.5543594

endloop
endfacet
facet normal -0.801229775 -0.06955705583 -0.5943000913
outer loop
vertex 107.3149948 38.40145111 107.5410614
vertex 107.4167099 37.11617279 107.5543594
vertex 104.9343185 42.88282013 110.2261658

endloop
endfacet
facet normal -0.7730913758 -0.03948383406 -0.633064568
outer loop
vertex 104.9343185 42.88282013 110.2261658
vertex 107.4167099 37.11617279 107.5543594
vertex 105.0181808 41.11896515 110.2337646

endloop
endfacet
facet normal -0.7949142456 -0.04040213674 -0.6053751111
outer loop
vertex 104.9343185 42.88282013 110.2261658
vertex 105.0181808 41.11896515 110.2337646
vertex 102.942131 46.34719086 112.6108856

endloop
endfacet
facet normal -0.7601643205 -0.006450862158 -0.6496987939
outer loop
vertex 102.942131 46.34719086 112.6108856
vertex 105.0181808 41.11896515 110.2337646
vertex 102.9645615 44.20267487 112.6059341

endloop
endfacet
facet normal -0.7515175939 -0.006337305065 -0.6596826315
outer loop
vertex 102.942131 46.34719086 112.6108856
vertex 102.9645615 44.20267487 112.6059341
vertex 100.7764816 49.22995758 115.0503235

endloop
endfacet
facet normal -0.772793293 -0.02806692757 -0.6340368986
outer loop
vertex 100.7764816 49.22995758 115.0503235
vertex 102.9645615 44.20267487 112.6059341
vertex 100.8784103 46.9174118 115.0284576

endloop
endfacet
facet normal -0.7744593024 -0.02815965749 -0.6319966912
outer loop
vertex 100.7764816 49.22995758 115.0503235
vertex 100.8784103 46.9174118 115.0284576
vertex 98.62178802 51.78917694 117.5766907

endloop
endfacet
facet normal -0.8189966679 -0.08233696967 -0.5678601265
outer loop
vertex 98.62178802 51.78917694 117.5766907
vertex 100.8784103 46.9174118 115.0284576
vertex 98.90193939 49.26468658 117.538681

endloop
endfacet
facet normal -0.8097470403 -0.08109889179 -0.58114779
outer loop
vertex 98.62178802 51.78917694 117.5766907
vertex 98.90190887 49.26468658 117.5386734
vertex 96.53014374 54.04517365 120.1762772

endloop
endfacet
facet normal -0.822175324 -0.09858409315 -0.5606325865
outer loop
vertex 96.53014374 54.04517365 120.1762772
vertex 98.90190887 49.26468658 117.5386734
vertex 96.89376068 51.32015228 120.1222076

endloop
endfacet
facet normal -0.8188159466 -0.09804387391 -0.5656216741
outer loop
vertex 96.53014374 54.0451889 120.1762848
vertex 96.8937912 51.32015228 120.1222076
vertex 94.56255341 55.30040741 122.8070679

endloop
endfacet
facet normal -0.8121400476 -0.08644279093 -0.577023387
outer loop
vertex 94.56255341 55.30040741 122.8070679
vertex 96.8937912 51.32015228 120.1222076
vertex 94.91652679 52.45493317 122.7351379

endloop
endfacet
facet normal -0.8114978075 -0.08633875102 -0.5779419541
outer loop
vertex 94.56252289 55.30039215 122.8070526
vertex 94.91649628 52.45488739 122.7351227
vertex 92.6533432 55.61667633 125.4405136

endloop
endfacet
facet normal -0.7979149222 -0.05774428695 -0.5999977589
outer loop
vertex 92.6533432 55.61667633 125.4405136
vertex 94.91649628 52.45488739 122.7351227
vertex 92.94976044 52.54807281 125.3416443

endloop
endfacet
facet normal -0.7873367071 -0.05627295747 -0.6139495969
outer loop
vertex 92.6533432 55.61667633 125.4405136
vertex 92.94976044 52.54807281 125.3416443
vertex 90.59780121 55.65311432 128.0732269

endloop
endfacet
facet normal -0.7819709778 -0.04542801902 -0.6216571927
outer loop
vertex 90.59780121 55.65311432 128.0732269
vertex 92.94976044 52.54807281 125.3416443
vertex 90.89446259 52.35358429 127.9411774

endloop
endfacet
facet normal -0.7803426981 -0.04519917816 -0.6237165928
outer loop
vertex 90.59780121 55.65311432 128.0732269
vertex 90.89446259 52.35358429 127.9411774
vertex 88.48705292 55.67839813 130.7121887

endloop
endfacet
facet normal -0.7714393735 -0.02880636416 -0.635650456
outer loop
vertex 88.48705292 55.67839813 130.7121887
vertex 90.89446259 52.35358429 127.9411774
vertex 88.75063324 52.24700165 130.5478058

endloop
endfacet
facet normal -0.7579830289 -0.02700316347 -0.6517150998
outer loop
vertex 88.48705292 55.67839813 130.7121887
vertex 88.75063324 52.24700165 130.5478058
vertex 86.18746185 55.96857452 133.3747253

endloop
endfacet
facet normal -0.7117663026 0.04236912727 -0.7011373639
outer loop
vertex 86.18746185 55.96857452 133.3747253
vertex 88.75063324 52.24700165 130.5478058
vertex 86.16542816 52.38401031 133.180481

endloop
endfacet
facet normal -0.6815598011 0.04377198592 -0.7304520607
outer loop
vertex 86.18746185 55.96857452 133.3747253
vertex 86.16542816 52.38401031 133.180481
vertex 83.33809662 56.47301483 136.0635986

endloop
endfacet
facet normal -0.6708173156 0.05750190839 -0.7393900752
outer loop
vertex 83.33809662 56.47301483 136.0635986
vertex 86.16542816 52.38401031 133.180481
vertex 83.26024628 52.81047821 135.8493958

endloop
endfacet
facet normal -0.7056238651 0.05631231144 -0.706345439
outer loop
vertex 83.3380661 56.47298431 136.0635986
vertex 83.26021576 52.81046295 135.8493805
vertex 80.67412567 56.89641571 138.7585754

endloop
endfacet
facet normal -0.7460204959 0.00196171226 -0.6659201384
outer loop
vertex 80.67412567 56.89641571 138.7585754
vertex 83.26021576 52.81046295 135.8493805
vertex 80.8698349 53.16584015 138.5283356

endloop
endfacet
facet normal -0.7265123129 0.004294740502 -0.6871400476
outer loop
vertex 80.67412567 56.89641571 138.7585754
vertex 80.8698349 53.16584015 138.5283356
vertex 78.11812592 57.23789215 141.4631653

endloop
endfacet
facet normal -0.7852894068 -0.08908488601 -0.6126862168
outer loop
vertex 78.11812592 57.23789215 141.4631653
vertex 80.8698349 53.16584015 138.5283356
vertex 78.7436142 53.42089081 141.2164612

endloop
endfacet
facet normal -0.666821897 -0.06126892567 -0.7426942587
outer loop
vertex 78.11812592 57.23789215 141.4631653
vertex 78.7436142 53.42089081 141.2164612
vertex 75.02050018 57.6034317 144.2141876

endloop
endfacet
facet normal -0.6906942725 -0.1016779765 -0.7159629464
outer loop
vertex 75.02050018 57.6034317 144.2141876
vertex 78.7436142 53.42089081 141.2164612
vertex 75.8493576 53.82924652 143.9505768

endloop
endfacet
facet normal -0.4845351875 -0.0453931056 -0.8735932708
outer loop
vertex 75.02050018 57.6034317 144.2141876
vertex 75.8493576 53.82924652 143.9505768
vertex 69.80605316 57.49051666 147.1122284

endloop
endfacet
facet normal -0.5135701299 -0.1132212803 -0.8505449295
outer loop
vertex 69.80605316 57.49051666 147.1122284
vertex 75.8493576 53.82924652 143.9505768
vertex 71.08693695 54.03925323 146.798233

endloop
endfacet
facet normal -0.3303480446 -0.03679384664 -0.9431417584
outer loop
vertex 69.8061142 57.49051666 147.1122284
vertex 71.08696747 54.03925323 146.798233
vertex 60.86621857 56.63906097 150.2767639

endloop
endfacet
facet normal -0.33113572 -0.04046115279 -0.9427152276
outer loop
vertex 60.86621857 56.63906097 150.2767639
vertex 71.08696747 54.03925323 146.798233
vertex 62.38095856 53.2458725 149.8903351

endloop
endfacet
facet normal -0.3938916326 -0.07147560269 -0.9163736105
outer loop
vertex 60.86621857 56.63906097 150.2767639
vertex 62.38095856 53.2458725 149.8903351
vertex 54.01485443 56.45374298 153.2361908

endloop
endfacet
facet normal -0.3828386068 -0.03560348228 -0.9231289625
outer loop
vertex 54.01485443 56.45374298 153.2361908
vertex 62.38095856 53.2458725 149.8903351
vertex 55.2773056 52.79291534 152.8538208

endloop
endfacet
facet normal -0.533228159 -0.09609687328 -0.8404958248
outer loop
vertex 54.01485443 56.45374298 153.2361908
vertex 55.2773056 52.79291534 152.8538208
vertex 49.56513214 57.03948212 155.992218

endloop
endfacet
facet normal -0.5067158341 -0.04534007981 -0.860920012
outer loop
vertex 49.56513214 57.03948212 155.992218
vertex 55.2773056 52.79291534 152.8538208
vertex 50.56797028 53.01584625 155.6138763

endloop
endfacet
facet normal -0.6225484014 -0.08198088408 -0.7782754898
outer loop
vertex 49.56513214 57.03948212 155.992218
vertex 50.56797028 53.01584625 155.6138763
vertex 46.04283905 57.76786041 158.7330017

endloop
endfacet
facet normal -0.6120755672 -0.06557542831 -0.7880757451
outer loop
vertex 46.04283905 57.76786041 158.7330017
vertex 50.56797028 53.01584625 155.6138763
vertex 47.0358963 53.45746613 158.3203888

endloop
endfacet
facet normal -0.7330904007 -0.1045626253 -0.6720454693
outer loop
vertex 46.04283905 57.76786041 158.7330017
vertex 47.0358963 53.45746613 158.3203888
vertex 43.48014069 58.23169708 161.4563141

endloop
endfacet
facet normal -0.7903381586 -0.2107602358 -0.5752788186
outer loop
vertex 43.48014069 58.23169708 161.4563141
vertex 47.0358963 53.45746613 158.3203888
vertex 44.9444046 53.9088974 161.0283661

endloop
endfacet
facet normal -0.7801380157 -0.2057686448 -0.5907993317
outer loop
vertex 43.48014069 58.23169708 161.4563141
vertex 44.9444046 53.9088974 161.0283661
vertex 41.39151764 58.38149261 164.1621246

endloop
endfacet
facet normal -0.8302268386 -0.3632670343 -0.4228008091
outer loop
vertex 41.39151764 58.38149261 164.1621246
vertex 44.9444046 53.9088974 161.0283661
vertex 43.37532806 54.32527924 163.751709

endloop
endfacet
facet normal -0.7938673496 -0.3370442688 -0.5061380863
outer loop
vertex 41.39151764 58.38149261 164.1621399
vertex 43.37529755 54.32527924 163.751709
vertex 39.51177216 58.70697784 166.8937378

endloop
endfacet
facet normal -0.794038713 -0.3377035558 -0.5054293871
outer loop
vertex 39.51177216 58.70697784 166.8937378
vertex 43.37529755 54.32527924 163.751709
vertex 41.37093353 54.9021225 166.5151825

endloop
endfacet
facet normal -0.8444857597 -0.3745516837 -0.382824719
outer loop
vertex 39.51177216 58.70697784 166.8937378
vertex 41.37093353 54.9021225 166.5151825
vertex 38.06104279 59.16233063 169.6484375

endloop
endfacet
facet normal -0.8473795056 -0.4425337017 -0.2934482098
outer loop
vertex 38.06104279 59.16233063 169.6484375
vertex 41.37093353 54.9021225 166.5151825
vertex 40.08896637 55.50986481 169.3005676

endloop
endfacet
facet normal -0.8549901247 -0.4501784742 -0.2575485408
outer loop
vertex 38.06104279 59.16233063 169.6484375
vertex 40.08896637 55.50986481 169.3005676
vertex 37.1246109 59.36969757 172.3946686

endloop
endfacet
facet normal -0.7450849414 -0.6582747102 0.1073441133
outer loop
vertex 37.1246109 59.36969757 172.3946686
vertex 40.08896637 55.50986481 169.3005676
vertex 40.07250214 55.98227692 172.0832977

endloop
endfacet
facet normal -0.7548892498 -0.6557173133 -0.01330314763
outer loop
vertex 37.1246109 59.36971283 172.3946838
vertex 40.0725174 55.98227692 172.0832977
vertex 36.38187408 60.16822052 175.1826477

endloop
endfacet
facet normal -0.8155644536 -0.4821908772 -0.3199166954
outer loop
vertex 36.38187408 60.16822052 175.1826477
vertex 40.0725174 55.98227692 172.0832977
vertex 38.47634125 56.80835724 174.9073334

endloop
endfacet
facet normal -0.8414358497 -0.5321984291 0.09354417771
outer loop
vertex 36.38187408 60.16822052 175.1826477
vertex 38.47634125 56.80835724 174.9073334
vertex 35.89963531 61.42392731 177.9889374

endloop
endfacet
facet normal -0.6099579334 0.17542696 -0.7727721334
outer loop
vertex 35.89963531 61.42392731 177.9889374
vertex 38.47634125 56.80835724 174.9073334
vertex 35.15048981 57.44001007 177.6758575

endloop
endfacet
facet normal -0.9564626813 0.1967929304 -0.2155268043
outer loop
vertex 35.8996048 61.42389679 177.9889221
vertex 35.15045929 57.43997955 177.6758423
vertex 35.42014313 62.11138153 180.7444

endloop
endfacet
facet normal -0.7872036695 0.3696844876 -0.4936028123
outer loop
vertex 35.42014313 62.11138153 180.7444
vertex 35.15045929 57.43997955 177.6758423
vertex 33.68799591 58.00597382 180.4320984

endloop
endfacet
facet normal -0.9119312167 0.3935891092 -0.1160561591
outer loop
vertex 35.42014313 62.11138153 180.7444
vertex 33.68799591 58.00597382 180.4320984
vertex 35.81673431 63.8582077 183.5522461

endloop
endfacet
facet normal -0.8051695824 0.4791738391 -0.3494199514
outer loop
vertex 35.81673431 63.8582077 183.5522461
vertex 33.68799591 58.00597382 180.4320984
vertex 33.59664154 59.95743561 183.3187256

endloop
endfacet
facet normal -0.8625041842 0.4966876805 -0.09689103067
outer loop
vertex 35.81673431 63.8582077 183.5522461
vertex 33.59664154 59.95743561 183.3187256
vertex 36.08461761 64.86400604 186.3235779

endloop
endfacet
facet normal -0.8140107989 0.541484952 -0.2101915479
outer loop
vertex 36.08461761 64.86400604 186.3235779
vertex 33.59664154 59.95743561 183.3187256
vertex 33.5532608 60.98665619 186.1381531

endloop
endfacet
facet normal -0.8374118209 0.5443576574 0.04915482551
outer loop
vertex 36.08464813 64.86403656 186.3235931
vertex 33.55329132 60.98667145 186.1381683
vertex 36.69768524 65.55684662 189.0950012

endloop
endfacet
facet normal -0.7835741043 0.6112214923 -0.1114446819
outer loop
vertex 36.69768524 65.55684662 189.0950012
vertex 33.55329132 60.98667145 186.1381683
vertex 33.91918182 61.96918488 188.9541931

endloop
endfacet
facet normal -0.7880054116 0.6060176492 0.1085823551
outer loop
vertex 36.69768524 65.55684662 189.0950012
vertex 33.91918182 61.96918488 188.9541931
vertex 37.47501373 66.06908417 191.8773499

endloop
endfacet
facet normal -0.7671203613 0.6405626535 0.03472574428
outer loop
vertex 37.47501373 66.06908417 191.8773499
vertex 33.91918182 61.96918488 188.9541931
vertex 34.64722443 62.68679047 191.8000641

endloop
endfacet
facet normal -0.7671940327 0.6407507658 0.02918493561
outer loop
vertex 37.47501373 66.06908417 191.8773499
vertex 34.64722443 62.68679047 191.8000641
vertex 37.45090485 65.91262054 194.6787262

endloop
endfacet
facet normal -0.7735168338 0.6321799159 0.04494766518
outer loop
vertex 37.45090485 65.91262054 194.6787262
vertex 34.64722443 62.68679047 191.8000641
vertex 34.8799057 62.76950836 194.6409302

endloop
endfacet
facet normal -0.7689643502 0.6275284886 0.1220727265
outer loop
vertex 37.45088959 65.91262054 194.6787262
vertex 34.8799057 62.76952362 194.6409454
vertex 37.78542328 65.79296112 197.4011536

endloop
endfacet
facet normal -0.7846927047 0.5948339701 0.1744416952
outer loop
vertex 37.78542328 65.79296112 197.4011536
vertex 34.8799057 62.76952362 194.6409454
vertex 35.63039398 62.95310211 197.3908844

endloop
endfacet
facet normal -0.6209022999 0.4689006805 0.6281818748
outer loop
vertex 37.78542328 65.79296112 197.4011536
vertex 35.63039398 62.95310211 197.3908844
vertex 40.47968292 65.68434906 200.1452637

endloop
endfacet
facet normal -0.5480991006 0.1418659985 0.8242944479
outer loop
vertex 40.47968292 65.68434906 200.1452637
vertex 35.63039398 62.95310211 197.3908844
vertex 40.00687408 63.43297577 200.2183533

endloop
endfacet
facet normal -0.5378381014 0.1399477869 0.831351161
outer loop
vertex 40.47971344 65.68434906 200.1452637
vertex 40.0069046 63.43300629 200.2183685
vertex 44.72150421 65.15273285 202.9789581

endloop
endfacet
facet normal -0.3651223779 -0.3702050149 0.8541861176
outer loop
vertex 44.72150421 65.15273285 202.9789581
vertex 40.0069046 63.43300629 200.2183685
vertex 46.49918365 63.61992645 203.0745087

endloop
endfacet
facet normal -0.4726506174 -0.5030542612 0.7235591412
outer loop
vertex 44.72150421 65.15273285 202.9789581
vertex 46.49918365 63.61992645 203.0745087
vertex 49.04732513 64.98238373 205.6862793

endloop
endfacet
facet normal -0.538808763 -0.4066181481 0.7377986312
outer loop
vertex 49.04732513 64.98238373 205.6862793
vertex 46.49918365 63.61992645 203.0745087
vertex 50.06050873 63.85150909 205.802948

endloop
endfacet
facet normal -0.4559255838 -0.3229133487 0.8293725252
outer loop
vertex 49.04732513 64.98238373 205.6862793
vertex 50.06050873 63.85150909 205.802948
vertex 53.94768524 65.00289154 208.3881073

endloop
endfacet
facet normal -0.4569732547 0.8310836554 0.316978693
outer loop
vertex 53.94768524 65.00289154 208.3881073
vertex 50.06050873 63.85150909 205.802948
vertex 52.41712189 64.08068085 208.5995026

endloop
endfacet
facet normal -0.2653133869 0.6112629771 0.7456315756
outer loop
vertex 53.9477005 65.00289154 208.3881226
vertex 52.41713715 64.08068085 208.5995331
vertex 59.29666901 63.86589813 211.2235107

endloop
endfacet
facet normal -0.2984687388 0.4846747518 0.8221963048
outer loop
vertex 59.29666901 63.86589813 211.2235107
vertex 52.41713715 64.08068085 208.5995331
vertex 57.93096161 62.79502106 211.3590088

endloop
endfacet
facet normal -0.2543733716 0.4337751567 0.8643686771
outer loop
vertex 59.29666901 63.86589813 211.2235107
vertex 57.93096161 62.79502106 211.3590088
vertex 65.2173996 61.69748688 214.0541077

endloop
endfacet
facet normal -0.2811541557 0.338509351 0.897977531
outer loop
vertex 65.2173996 61.69748688 214.0541077
vertex 57.93096161 62.79502106 211.3590088
vertex 64.40523529 60.65474701 214.1929016

endloop
endfacet
facet normal -0.1397878826 0.236839205 0.9614398479
outer loop
vertex 65.21743011 61.69745636 214.0541077
vertex 64.40526581 60.65473175 214.1928864
vertex 80.59993744 55.74646759 217.7565918

endloop
endfacet
facet normal -0.2943640053 -0.3203372955 0.9004075527
outer loop
vertex 80.59993744 55.74646759 217.7565918
vertex 64.40526581 60.65473175 214.1928864
vertex 80.59990692 55.74645233 217.7565765

endloop
endfacet
facet normal 0.01130536012 0.4290049672 -0.9032313824
outer loop
vertex 112.1324997 29.08104706 103.7969666
vertex 112.1324692 29.0810318 103.7969589
vertex 107.4167099 37.11617279 107.5543594

endloop
endfacet
facet normal -0.6855150461 -0.06315077096 -0.7253144979
outer loop
vertex 107.4167099 37.11617279 107.5543594
vertex 112.1324692 29.0810318 103.7969589
vertex 107.5196457 35.79680634 107.5719452

endloop
endfacet
facet normal -0.7929059267 -0.0699300617 -0.6053181291
outer loop
vertex 107.4167099 37.11617279 107.5543594
vertex 107.5196457 35.79680634 107.5719452
vertex 105.0181808 41.11896515 110.2337646

endloop
endfacet
facet normal -0.7498877048 -0.0217587892 -0.6612071395
outer loop
vertex 105.0181808 41.11896515 110.2337646
vertex 107.5196457 35.79680634 107.5719452
vertex 105.0650558 39.30410004 110.2403259

endloop
endfacet
facet normal -0.7699552178 -0.02219220623 -0.6377119422
outer loop
vertex 105.0181808 41.11896515 110.2337646
vertex 105.0650558 39.30410004 110.2403259
vertex 102.9645615 44.20267487 112.6059341

endloop
endfacet
facet normal -0.7766096592 -0.02910327353 -0.629309535
outer loop
vertex 102.9645615 44.20267487 112.6059341
vertex 105.0650558 39.30410004 110.2403259
vertex 103.0406418 42.06856537 112.6107407

endloop
endfacet
facet normal -0.7732722163 -0.0289935004 -0.6334109902
outer loop
vertex 102.9645615 44.20267487 112.6059341
vertex 103.0406418 42.06856537 112.6107407
vertex 100.8784103 46.9174118 115.0284576

endloop
endfacet
facet normal -0.8048368096 -0.06473691016 -0.5899549127
outer loop
vertex 100.8784103 46.9174118 115.0284576
vertex 103.0406418 42.06856537 112.6107407
vertex 101.0763779 44.55791473 115.0172958

endloop
endfacet
facet normal -0.8128419518 -0.06546137482 -0.5787941813
outer loop
vertex 100.8784103 46.9174118 115.0284576
vertex 101.0763779 44.55791473 115.0172958
vertex 98.90193939 49.26468658 117.538681

endloop
endfacet
facet normal -0.8256838918 -0.08249676228 -0.5580685139
outer loop
vertex 98.90193939 49.26468658 117.538681
vertex 101.0763779 44.55791473 115.0172958
vertex 99.16973114 46.78980255 117.5083237

endloop
endfacet
facet normal -0.8172771931 -0.08144693822 -0.5704597831
outer loop
vertex 98.90190887 49.26468658 117.5386734
vertex 99.16973114 46.78980255 117.5083237
vertex 96.89376068 51.32015228 120.1222076

endloop
endfacet
facet normal -0.7883899212 -0.04196124151 -0.6137430072
outer loop
vertex 96.89376068 51.32015228 120.1222076
vertex 99.16973114 46.78980255 117.5083237
vertex 97.07332611 48.68756866 120.0715332

endloop
endfacet
facet normal -0.8056772947 -0.04357561097 -0.5907498598
outer loop
vertex 96.8937912 51.32015228 120.1222076
vertex 97.07332611 48.68758392 120.0715408
vertex 94.91652679 52.45493317 122.7351379

endloop
endfacet
facet normal -0.7898991704 -0.01884886809 -0.6129469275
outer loop
vertex 94.91652679 52.45493317 122.7351379
vertex 97.07332611 48.68758392 120.0715408
vertex 95.04491425 49.55684662 122.6588058

endloop
endfacet
facet normal -0.7984387279 -0.01951352134 -0.6017597318
outer loop
vertex 94.91649628 52.45488739 122.7351227
vertex 95.04485321 49.5568161 122.6587906
vertex 92.94976044 52.54807281 125.3416443

endloop
endfacet
facet normal -0.8122839928 -0.04754209518 -0.5813211799
outer loop
vertex 92.94976044 52.54807281 125.3416443
vertex 95.04485321 49.5568161 122.6587906
vertex 93.21373749 49.38636017 125.2313614

endloop
endfacet
facet normal -0.7821004391 -0.04361625761 -0.6216240525
outer loop
vertex 92.94976044 52.54807281 125.3416443
vertex 93.21373749 49.38636017 125.2313614
vertex 90.89446259 52.35358429 127.9411774

endloop
endfacet
facet normal -0.7881161571 -0.05623801798 -0.6129519939
outer loop
vertex 90.89446259 52.35358429 127.9411774
vertex 93.21373749 49.38636017 125.2313614
vertex 91.24633026 49.02642059 127.7940216

endloop
endfacet
facet normal -0.7701675296 -0.05333784968 -0.6356076002
outer loop
vertex 90.89446259 52.35358429 127.9411774
vertex 91.24633026 49.02642059 127.7940216
vertex 88.75063324 52.24700165 130.5478058

endloop
endfacet
facet normal -0.7592351437 -0.03255842626 -0.6500014663
outer loop
vertex 88.75063324 52.24700165 130.5478058
vertex 91.24633026 49.02642059 127.7940216
vertex 89.05242157 48.83585358 130.3661652

endloop
endfacet
facet normal -0.7139443159 -0.02590387128 -0.6997230649
outer loop
vertex 88.75063324 52.24700165 130.5478058
vertex 89.05242157 48.83585358 130.3661652
vertex 86.16542816 52.38401031 133.180481

endloop
endfacet
facet normal -0.7215944529 -0.03886970505 -0.691223979
outer loop
vertex 86.16542816 52.38401031 133.180481
vertex 89.05242157 48.83585358 130.3661652
vertex 86.55516815 48.9245224 132.9681549

endloop
endfacet
facet normal -0.6786912084 -0.03142622486 -0.7337511182
outer loop
vertex 86.16542816 52.38401031 133.180481
vertex 86.55516815 48.9245224 132.9681549
vertex 83.26024628 52.81047821 135.8493958

endloop
endfacet
facet normal -0.7235018015 -0.1079140529 -0.6818355322
outer loop
vertex 83.26024628 52.81047821 135.8493958
vertex 86.55516815 48.9245224 132.9681549
vertex 83.99874115 49.35085297 135.613327

endloop
endfacet
facet normal -0.7487245798 -0.1152802706 -0.6527801752
outer loop
vertex 83.26021576 52.81046295 135.8493805
vertex 83.99871063 49.35082245 135.6133118
vertex 80.8698349 53.16584015 138.5283356

endloop
endfacet
facet normal -0.8037682176 -0.2449272573 -0.5421874523
outer loop
vertex 80.8698349 53.16584015 138.5283356
vertex 83.99871063 49.35082245 135.6133118
vertex 82.11312103 49.6570816 138.2702637

endloop
endfacet
facet normal -0.7736808062 -0.2307448238 -0.5900634527
outer loop
vertex 80.8698349 53.16584015 138.5283356
vertex 82.11312103 49.6570816 138.2702637
vertex 78.7436142 53.42089081 141.2164612

endloop
endfacet
facet normal -0.7968323231 -0.3051605821 -0.521474123
outer loop
vertex 78.7436142 53.42089081 141.2164612
vertex 82.11312103 49.6570816 138.2702637
vertex 80.24965668 49.94889069 140.9469452

endloop
endfacet
facet normal -0.6839932799 -0.2433100492 -0.6877160072
outer loop
vertex 78.7436142 53.42089081 141.2164612
vertex 80.24965668 49.94889069 140.9469452
vertex 75.8493576 53.82924652 143.9505768

endloop
endfacet
facet normal -0.7267005444 -0.3822593093 -0.5707749724
outer loop
vertex 75.8493576 53.82924652 143.9505768
vertex 80.24965668 49.94889069 140.9469452
vertex 77.80788422 50.52390289 143.6706696

endloop
endfacet
facet normal -0.5068898797 -0.2299976498 -0.8307610154
outer loop
vertex 75.8493576 53.82924652 143.9505768
vertex 77.80788422 50.52390289 143.6706696
vertex 71.08693695 54.03925323 146.798233

endloop
endfacet
facet normal -0.5691165924 -0.5252274275 -0.6326471567
outer loop
vertex 71.08693695 54.03925323 146.798233
vertex 77.80788422 50.52390289 143.6706696
vertex 74.03926849 51.23032379 146.4743652

endloop
endfacet
facet normal -0.3089395761 -0.2179724574 -0.9257668853
outer loop
vertex 71.08696747 54.03925323 146.798233
vertex 74.03929901 51.23033905 146.4743652
vertex 62.38095856 53.2458725 149.8903351

endloop
endfacet
facet normal -0.3220792413 -0.4806680977 -0.8156120777
outer loop
vertex 62.38095856 53.2458725 149.8903351
vertex 74.03929901 51.23033905 146.4743652
vertex 66.49324799 51.22716522 149.4561157

endloop
endfacet
facet normal -0.3155046105 -0.4647568166 -0.8273196816
outer loop
vertex 62.38095856 53.2458725 149.8903351
vertex 66.49324799 51.22716522 149.4561157
vertex 55.2773056 52.79291534 152.8538208

endloop
endfacet
facet normal -0.3038040102 -0.6350533366 -0.7102186084
outer loop
vertex 55.2773056 52.79291534 152.8538208
vertex 66.49324799 51.22716522 149.4561157
vertex 60.22444916 50.91170502 152.4197388

endloop
endfacet
facet normal -0.3428200483 -0.7811232209 -0.5218438506
outer loop
vertex 55.2773056 52.79291534 152.8538208
vertex 60.22444916 50.91170502 152.4197388
vertex 50.56797028 53.01584625 155.6138763

endloop
endfacet
facet normal -0.3619982004 -0.6561110616 -0.6621749401
outer loop
vertex 50.56797028 53.01584625 155.6138763
vertex 60.22444916 50.91170502 152.4197388
vertex 55.39839935 50.70482635 155.263031

endloop
endfacet
facet normal -0.4173526466 -0.809709847 -0.4125369191
outer loop
vertex 50.56797028 53.01584625 155.6138763
vertex 55.39839935 50.70482635 155.263031
vertex 47.0358963 53.45746613 158.3203888

endloop
endfacet
facet normal -0.4370441437 -0.6988751888 -0.5661853552
outer loop
vertex 47.0358963 53.45746613 158.3203888
vertex 55.39839935 50.70482635 155.263031
vertex 51.55339813 50.88820648 158.0046692

endloop
endfacet
facet normal -0.4924767613 -0.8363084197 -0.2409456372
outer loop
vertex 47.0358963 53.45746613 158.3203888
vertex 51.55339813 50.88820648 158.0046692
vertex 44.9444046 53.9088974 161.0283661

endloop
endfacet
facet normal -0.4749856293 -0.8619987965 -0.1770498753
outer loop
vertex 44.9444046 53.9088974 161.0283661
vertex 51.55339813 50.88820648 158.0046692
vertex 49.5608902 51.42746735 160.7246399

endloop
endfacet
facet normal -0.4758966863 -0.8680482507 -0.1414727718
outer loop
vertex 44.9444046 53.9088974 161.0283661
vertex 49.5608902 51.42746735 160.7246399
vertex 43.37532806 54.32527924 163.751709

endloop
endfacet
facet normal -0.412516892 -0.9104984403 0.02867607027
outer loop
vertex 43.37532806 54.32527924 163.751709
vertex 49.5608902 51.42746735 160.7246399
vertex 48.3730545 52.0524826 163.4821014

endloop
endfacet
facet normal -0.4163588583 -0.9020639658 -0.1136921048
outer loop
vertex 43.37529755 54.32527924 163.751709
vertex 48.3730545 52.0524826 163.4821014
vertex 41.37093353 54.9021225 166.5151825

endloop
endfacet
facet normal -0.3142795563 -0.936676383 0.154485479
outer loop
vertex 41.37093353 54.9021225 166.5151825
vertex 48.3730545 52.0524826 163.4821014
vertex 46.98586273 52.98079681 166.2886047

endloop
endfacet
facet normal -0.3210859001 -0.9452438354 0.05846336111
outer loop
vertex 41.37093353 54.9021225 166.5151825
vertex 46.98586273 52.98079681 166.2886047
vertex 40.08896637 55.50986481 169.3005676

endloop
endfacet
facet normal -0.2149032205 -0.9323450327 0.2907734513
outer loop
vertex 40.08896637 55.50986481 169.3005676
vertex 46.98586273 52.98079681 166.2886047
vertex 45.9958725 54.09296417 169.1230164

endloop
endfacet
facet normal -0.2255829126 -0.9607008696 0.1617593914
outer loop
vertex 40.08896637 55.50986481 169.3005676
vertex 45.9958725 54.09296417 169.1230164
vertex 40.07250214 55.98227692 172.0832977

endloop
endfacet
facet normal -0.1789716482 -0.9517428279 0.2493089139
outer loop
vertex 40.07250214 55.98227692 172.0832977
vertex 45.9958725 54.09296417 169.1230164
vertex 45.64316559 54.89977264 171.9498291

endloop
endfacet
facet normal -0.1835361272 -0.9665774703 0.1790043116
outer loop
vertex 40.0725174 55.98227692 172.0832977
vertex 45.64318085 54.8997879 171.9498291
vertex 38.47634125 56.80835724 174.9073334

endloop
endfacet
facet normal -0.2274495065 -0.9708695412 0.07536011934
outer loop
vertex 38.47634125 56.80835724 174.9073334
vertex 45.64318085 54.8997879 171.9498291
vertex 43.4095993 55.64380646 174.7937469

endloop
endfacet
facet normal -0.2306016982 -0.9714711308 -0.05537773296
outer loop
vertex 38.47634125 56.80835724 174.9073334
vertex 43.4095993 55.64380646 174.7937469
vertex 35.15048981 57.44001007 177.6758575

endloop
endfacet
facet normal -0.3704541624 -0.66829741 -0.645090878
outer loop
vertex 35.15048981 57.44001007 177.6758575
vertex 43.4095993 55.64380646 174.7937469
vertex 38.78536224 55.56652069 177.5293579

endloop
endfacet
facet normal -0.4592334628 -0.8861706853 -0.06169406325
outer loop
vertex 35.15045929 57.43997955 177.6758423
vertex 38.78533173 55.56650543 177.5293579
vertex 33.68799591 58.00597382 180.4320984

endloop
endfacet
facet normal -0.5878089666 -0.6410831809 -0.4934500754
outer loop
vertex 33.68799591 58.00597382 180.4320984
vertex 38.78533173 55.56650543 177.5293579
vertex 36.63324738 55.44904327 180.245575

endloop
endfacet
facet normal -0.5698356032 -0.6890414953 0.4477824867
outer loop
vertex 33.68799591 58.00597382 180.4320984
vertex 36.63324738 55.44904327 180.245575
vertex 33.59664154 59.95743561 183.3187256

endloop
endfacet
facet normal -0.7382181287 -0.03814284131 -0.6734828353
outer loop
vertex 33.59664154 59.95743561 183.3187256
vertex 36.63324738 55.44904327 180.245575
vertex 33.97888947 56.69503021 183.0845032

endloop
endfacet
facet normal -0.9925851226 -0.11830277 0.02791366726
outer loop
vertex 33.59664154 59.95743561 183.3187256
vertex 33.97888947 56.69503021 183.0845032
vertex 33.5532608 60.98665619 186.1381531

endloop
endfacet
facet normal -0.6252799034 0.4103215337 -0.6638231874
outer loop
vertex 33.5532608 60.98665619 186.1381531
vertex 33.97888947 56.69503021 183.0845032
vertex 31.28604889 57.05309296 185.8423157

endloop
endfacet
facet normal -0.8626077771 0.5019295812 -0.06304372847
outer loop
vertex 33.55329132 60.98667145 186.1381683
vertex 31.28607941 57.05312347 185.8423462
vertex 33.91918182 61.96918488 188.9541931

endloop
endfacet
facet normal -0.72501266 0.601120472 -0.3361708522
outer loop
vertex 33.91918182 61.96918488 188.9541931
vertex 31.28607941 57.05312347 185.8423462
vertex 30.86577606 58.11724091 188.6515961

endloop
endfacet
facet normal -0.7845779657 0.618411243 0.04477745295
outer loop
vertex 33.91918182 61.96918488 188.9541931
vertex 30.86577606 58.11724091 188.6515961
vertex 34.64722443 62.68679047 191.8000641

endloop
endfacet
facet normal -0.817866087 0.3777371645 0.4340618253
outer loop
vertex 34.64722443 62.68679047 191.8000641
vertex 30.86577606 58.11724091 188.6515961
vertex 33.00870514 59.38376617 191.5871582

endloop
endfacet
facet normal -0.8957371712 0.4404427111 0.06054096296
outer loop
vertex 34.64722443 62.68679047 191.8000641
vertex 33.00870514 59.38376617 191.5871582
vertex 34.8799057 62.76950836 194.6409302

endloop
endfacet
facet normal -0.858774364 0.01264218614 0.5121980309
outer loop
vertex 34.8799057 62.76950836 194.6409302
vertex 33.00870514 59.38376617 191.5871582
vertex 34.74910736 59.93550873 194.4915771

endloop
endfacet
facet normal -0.9647821188 0.03075343743 0.2612465322
outer loop
vertex 34.8799057 62.76952362 194.6409454
vertex 34.74912262 59.93552399 194.4915771
vertex 35.63039398 62.95310211 197.3908844

endloop
endfacet
facet normal -0.6947965026 -0.3823590279 0.6091463566
outer loop
vertex 35.63039398 62.95310211 197.3908844
vertex 34.74912262 59.93552399 194.4915771
vertex 36.82814789 60.69844818 197.3418121

endloop
endfacet
facet normal -0.498475641 -0.2826453447 0.8195325732
outer loop
vertex 35.63039398 62.95310211 197.3908844
vertex 36.82814789 60.69844818 197.3418121
vertex 40.00687408 63.43297577 200.2183533

endloop
endfacet
facet normal -0.2519368231 -0.5469537973 0.7983540893
outer loop
vertex 40.00687408 63.43297577 200.2183533
vertex 36.82814789 60.69844818 197.3418121
vertex 43.1951828 62.02552032 200.2602386

endloop
endfacet
facet normal -0.2929672301 -0.6425819397 0.7079962492
outer loop
vertex 40.0069046 63.43300629 200.2183685
vertex 43.19521332 62.02553558 200.2602539
vertex 46.49918365 63.61992645 203.0745087

endloop
endfacet
facet normal -0.1530835181 -0.7719015479 0.6170359254
outer loop
vertex 46.49918365 63.61992645 203.0745087
vertex 43.19521332 62.02553558 200.2602539
vertex 50.59262848 62.83322906 203.1059265

endloop
endfacet
facet normal -0.1814079136 -0.931311667 0.3158318698
outer loop
vertex 46.49918365 63.61992645 203.0745087
vertex 50.59262848 62.83322906 203.1059265
vertex 50.06050873 63.85150909 205.802948

endloop
endfacet
facet normal -0.2939767838 -0.9119256139 0.2863028049
outer loop
vertex 50.06050873 63.85150909 205.802948
vertex 50.59262848 62.83322906 203.1059265
vertex 52.71256256 63.01534271 205.8627472

endloop
endfacet
facet normal -0.2914816737 -0.9016368985 0.3195143342
outer loop
vertex 50.06050873 63.85150909 205.802948
vertex 52.71256256 63.01534271 205.8627472
vertex 52.41712189 64.08068085 208.5995026

endloop
endfacet
facet normal -0.7348203659 -0.6551123261 0.1756899208
outer loop
vertex 52.41712189 64.08068085 208.5995026
vertex 52.71256256 63.01534271 205.8627472
vertex 53.50873566 62.88018036 208.688736

endloop
endfacet
facet normal -0.4833042324 -0.3808920681 0.7882501483
outer loop
vertex 52.41713715 64.08068085 208.5995331
vertex 53.50875092 62.88019562 208.6887512
vertex 57.93096161 62.79502106 211.3590088

endloop
endfacet
facet normal -0.495167315 -0.3141114414 0.8100267649
outer loop
vertex 57.93096161 62.79502106 211.3590088
vertex 53.50875092 62.88019562 208.6887512
vertex 58.77881622 61.49591827 211.3735352

endloop
endfacet
facet normal -0.4629919231 -0.292815268 0.8365988731
outer loop
vertex 57.93096161 62.79502106 211.3590088
vertex 58.77881622 61.49591827 211.3735352
vertex 64.40523529 60.65474701 214.1929016

endloop
endfacet
facet normal -0.4630957842 -0.2190846652 0.8588039875
outer loop
vertex 64.40523529 60.65474701 214.1929016
vertex 58.77881622 61.49591827 211.3735352
vertex 64.96968842 59.48345184 214.1984711

endloop
endfacet
facet normal -0.2463803738 -0.1141431332 0.9624282122
outer loop
vertex 64.40526581 60.65473175 214.1928864
vertex 64.96971893 59.48343658 214.1984711
vertex 80.59990692 55.74645233 217.7565765

endloop
endfacet
facet normal -0.2857835293 -0.3321928084 0.8988747001
outer loop
vertex 80.59990692 55.74645233 217.7565765
vertex 64.96971893 59.48343658 214.1984711
vertex 80.5998764 55.74643707 217.7565613

endloop
endfacet
facet normal 0.1013937145 -0.4336452484 0.8953608871
outer loop
vertex 112.1324692 29.0810318 103.7969589
vertex 112.1325302 29.08107758 103.7969742
vertex 107.5196457 35.79680634 107.5719452

endloop
endfacet
facet normal -0.5919601321 0.04570804909 -0.804670155
outer loop
vertex 107.5196457 35.79680634 107.5719452
vertex 112.1325302 29.08107758 103.7969742
vertex 107.4207382 34.3705368 107.5636902

endloop
endfacet
facet normal -0.6995278001 0.05263491347 -0.7126643658
outer loop
vertex 107.5196457 35.79680634 107.5719452
vertex 107.4207382 34.3705368 107.5636902
vertex 105.0650558 39.30410004 110.2403259

endloop
endfacet
facet normal -0.7480532527 0.002863372909 -0.6636325121
outer loop
vertex 105.0650558 39.30410004 110.2403259
vertex 107.4207382 34.3705368 107.5636902
vertex 105.0602036 37.45998383 110.2378387

endloop
endfacet
facet normal -0.7587622404 0.002874977421 -0.6513614058
outer loop
vertex 105.0650558 39.30410004 110.2403259
vertex 105.0602036 37.45998383 110.2378387
vertex 103.0406418 42.06856537 112.6107407

endloop
endfacet
facet normal -0.8328060508 -0.08316122741 -0.5472826958
outer loop
vertex 103.0406418 42.06856537 112.6107407
vertex 105.0602036 37.45998383 110.2378387
vertex 103.2441025 39.96923065 112.6201324

endloop
endfacet
facet normal -0.8116647005 -0.0812516883 -0.5784449577
outer loop
vertex 103.0406418 42.06856537 112.6107407
vertex 103.2441025 39.96923065 112.6201324
vertex 101.0763779 44.55791473 115.0172958

endloop
endfacet
facet normal -0.8297094107 -0.1056225225 -0.548111558
outer loop
vertex 101.0763779 44.55791473 115.0172958
vertex 103.2441025 39.96923065 112.6201324
vertex 101.3783493 42.19364166 115.0157852

endloop
endfacet
facet normal -0.8332019448 -0.1060720906 -0.5426999927
outer loop
vertex 101.0763779 44.55791473 115.0172958
vertex 101.3783493 42.19364166 115.0157852
vertex 99.16973114 46.78980255 117.5083237

endloop
endfacet
facet normal -0.81925565 -0.08624325693 -0.5669058561
outer loop
vertex 99.16973114 46.78980255 117.5083237
vertex 101.3783493 42.19364166 115.0157852
vertex 99.44387054 44.3438797 117.4842529

endloop
endfacet
facet normal -0.8008902073 -0.08391904831 -0.5929017663
outer loop
vertex 99.16973114 46.78980255 117.5083237
vertex 99.44384003 44.3438797 117.4842529
vertex 97.07332611 48.68756866 120.0715332

endloop
endfacet
facet normal -0.80802387 -0.09460052848 -0.5815050602
outer loop
vertex 97.07332611 48.68756866 120.0715332
vertex 99.44384003 44.3438797 117.4842529
vertex 97.4094162 46.11974335 120.0222626

endloop
endfacet
facet normal -0.7985050082 -0.09310958534 -0.5947440267
outer loop
vertex 97.07332611 48.68758392 120.0715408
vertex 97.40944672 46.11974335 120.0222702
vertex 95.04491425 49.55684662 122.6588058

endloop
endfacet
facet normal -0.8114759326 -0.1194414869 -0.572049439
outer loop
vertex 95.04491425 49.55684662 122.6588058
vertex 97.40944672 46.11974335 120.0222702
vertex 95.5149765 46.7443924 122.5792313

endloop
endfacet
facet normal -0.8052733541 -0.118159987 -0.5810101628
outer loop
vertex 95.04485321 49.5568161 122.6587906
vertex 95.51494598 46.74436188 122.579216
vertex 93.21373749 49.38636017 125.2313614

endloop
endfacet
facet normal -0.8169057965 -0.153400749 -0.5559973717
outer loop
vertex 93.21373749 49.38636017 125.2313614
vertex 95.51494598 46.74436188 122.579216
vertex 93.8599472 46.3667984 125.1150131

endloop
endfacet
facet normal -0.775388062 -0.1422322392 -0.6152587533
outer loop
vertex 93.21373749 49.38636017 125.2313614
vertex 93.8599472 46.3667984 125.1150131
vertex 91.24633026 49.02642059 127.7940216

endloop
endfacet
facet normal -0.7908306122 -0.1916637719 -0.5812504292
outer loop
vertex 91.24633026 49.02642059 127.7940216
vertex 93.8599472 46.3667984 125.1150131
vertex 92.11965179 45.87526703 127.6448822

endloop
endfacet
facet normal -0.742613256 -0.175217554 -0.6463933587
outer loop
vertex 91.24633026 49.02642059 127.7940216
vertex 92.11965179 45.87526703 127.6448822
vertex 89.05242157 48.83585358 130.3661652

endloop
endfacet
facet normal -0.7617625594 -0.2338639945 -0.6041733623
outer loop
vertex 89.05242157 48.83585358 130.3661652
vertex 92.11965179 45.87526703 127.6448822
vertex 90.17888641 45.61432648 130.1928711

endloop
endfacet
facet normal -0.7087311745 -0.2116186619 -0.6729915738
outer loop
vertex 89.05242157 48.83585358 130.3661652
vertex 90.17888641 45.61432648 130.1928711
vertex 86.55516815 48.9245224 132.9681549

endloop
endfacet
facet normal -0.7463601828 -0.3348010182 -0.5751996636
outer loop
vertex 86.55516815 48.9245224 132.9681549
vertex 90.17888641 45.61432648 130.1928711
vertex 88.1361618 45.74010468 132.7702332

endloop
endfacet
facet normal -0.7078024745 -0.3120177984 -0.6337669492
outer loop
vertex 86.55516815 48.9245224 132.9681549
vertex 88.1361618 45.74010468 132.7702332
vertex 83.99874115 49.35085297 135.613327

endloop
endfacet
facet normal -0.7416775823 -0.4851312339 -0.4632084966
outer loop
vertex 83.99874115 49.35085297 135.613327
vertex 88.1361618 45.74010468 132.7702332
vertex 86.12242889 46.31726837 135.3900909

endloop
endfacet
facet normal -0.739356935 -0.4830811918 -0.469024539
outer loop
vertex 83.99871063 49.35082245 135.6133118
vertex 86.12239838 46.31726837 135.3900604
vertex 82.11312103 49.6570816 138.2702637

endloop
endfacet
facet normal -0.7388688326 -0.5438025594 -0.3979341388
outer loop
vertex 82.11312103 49.6570816 138.2702637
vertex 86.12239838 46.31726837 135.3900604
vertex 84.48470306 46.61658478 138.0218353

endloop
endfacet
facet normal -0.7230854034 -0.5275735855 -0.4458853304
outer loop
vertex 82.11312103 49.6570816 138.2702637
vertex 84.48470306 46.61658478 138.0218353
vertex 80.24965668 49.94889069 140.9469452

endloop
endfacet
facet normal -0.7220624685 -0.5543999672 -0.4138435125
outer loop
vertex 80.24965668 49.94889069 140.9469452
vertex 84.48470306 46.61658478 138.0218353
vertex 82.70348358 46.94869232 140.6847534

endloop
endfacet
facet normal -0.6881890893 -0.5185117722 -0.5074853897
outer loop
vertex 80.24965668 49.94889069 140.9469452
vertex 82.70348358 46.94869232 140.6847534
vertex 77.80788422 50.52390289 143.6706696

endloop
endfacet
facet normal -0.6889255047 -0.5772762895 -0.4383307397
outer loop
vertex 77.80788422 50.52390289 143.6706696
vertex 82.70348358 46.94869232 140.6847534
vertex 80.45241547 47.57543182 143.3973541

endloop
endfacet
facet normal -0.5835922956 -0.4614964426 -0.6681624651
outer loop
vertex 77.80788422 50.52390289 143.6706696
vertex 80.45241547 47.57543182 143.3973541
vertex 74.03926849 51.23032379 146.4743652

endloop
endfacet
facet normal -0.5906229019 -0.7033734322 -0.3955128193
outer loop
vertex 74.03926849 51.23032379 146.4743652
vertex 80.45241547 47.57543182 143.3973541
vertex 77.1760788 48.75119781 146.1989746

endloop
endfacet
facet normal -0.3454781771 -0.3399723768 -0.8746791482
outer loop
vertex 74.03929901 51.23033905 146.4743652
vertex 77.17610931 48.75121307 146.1989899
vertex 66.49324799 51.22716522 149.4561157

endloop
endfacet
facet normal -0.2840518951 -0.9325799346 -0.2227312624
outer loop
vertex 66.49324799 51.22716522 149.4561157
vertex 77.17610931 48.75121307 146.1989899
vertex 70.73351288 50.01331329 149.1308746

endloop
endfacet
facet normal -0.2586898804 -0.7360548377 -0.6255420446
outer loop
vertex 66.49324799 51.22716522 149.4561157
vertex 70.73351288 50.01331329 149.1308746
vertex 60.22444916 50.91170502 152.4197388

endloop
endfacet
facet normal -0.1133526564 -0.9892894626 -0.09196513891
outer loop
vertex 60.22444916 50.91170502 152.4197388
vertex 70.73351288 50.01331329 149.1308746
vertex 65.25154877 50.36733246 152.0794678

endloop
endfacet
facet normal -0.1219340861 -0.9532973766 -0.2763264775
outer loop
vertex 60.22444916 50.91170502 152.4197388
vertex 65.25154877 50.36733246 152.0794678
vertex 55.39839935 50.70482635 155.263031

endloop
endfacet
facet normal -0.1216170937 -0.9536318779 -0.2753098905
outer loop
vertex 55.39839935 50.70482635 155.263031
vertex 65.25154877 50.36733246 152.0794678
vertex 61.04134369 50.07013702 154.96875

endloop
endfacet
facet normal -0.1162326634 -0.9884845614 -0.09689325839
outer loop
vertex 55.39839935 50.70482635 155.263031
vertex 61.04134369 50.07013702 154.96875
vertex 51.55339813 50.88820648 158.0046692

endloop
endfacet
facet normal -0.1073994488 -0.9918618202 -0.0683773607
outer loop
vertex 51.55339813 50.88820648 158.0046692
vertex 61.04134369 50.07013702 154.96875
vertex 57.82727814 50.2234726 157.7928009

endloop
endfacet
facet normal -0.1004938707 -0.9874112606 0.1221473888
outer loop
vertex 51.55339813 50.88820648 158.0046692
vertex 57.82727814 50.2234726 157.7928009
vertex 49.5608902 51.42746735 160.7246399

endloop
endfacet
facet normal -0.07716920972 -0.9797483087 0.1847650111
outer loop
vertex 49.5608902 51.42746735 160.7246399
vertex 57.82727814 50.2234726 157.7928009
vertex 56.16228485 50.88207245 160.5897369

endloop
endfacet
facet normal -0.07702688128 -0.9790047407 0.1887234449
outer loop
vertex 49.5608902 51.42746735 160.7246399
vertex 56.16228485 50.88207245 160.5897369
vertex 48.3730545 52.0524826 163.4821014

endloop
endfacet
facet normal -0.065582335 -0.9738627672 0.2174632698
outer loop
vertex 48.3730545 52.0524826 163.4821014
vertex 56.16228485 50.88207245 160.5897369
vertex 55.26842499 51.56864166 163.3948212

endloop
endfacet
facet normal -0.06350535154 -0.9564300179 0.2849715054
outer loop
vertex 48.3730545 52.0524826 163.4821014
vertex 55.26840973 51.56864166 163.3948364
vertex 46.98586273 52.98079681 166.2886047

endloop
endfacet
facet normal -0.04414601624 -0.9418061376 0.3332453072
outer loop
vertex 46.98586273 52.98079681 166.2886047
vertex 55.26840973 51.56864166 163.3948364
vertex 54.15694427 52.63008881 166.2474213

endloop
endfacet
facet normal -0.04371284693 -0.9351100326 0.3516509831
outer loop
vertex 46.98586273 52.98079681 166.2886047
vertex 54.15694427 52.63008881 166.2474213
vertex 45.9958725 54.09296417 169.1230164

endloop
endfacet
facet normal -0.01444212906 -0.9071727991 0.4205103517
outer loop
vertex 45.9958725 54.09296417 169.1230164
vertex 54.15694427 52.63008881 166.2474213
vertex 52.85327911 53.98757172 169.1311646

endloop
endfacet
facet normal -0.01510891411 -0.9619867206 0.272678107
outer loop
vertex 45.9958725 54.09296417 169.1230164
vertex 52.85327911 53.98757172 169.1311646
vertex 45.64316559 54.89977264 171.9498291

endloop
endfacet
facet normal 0.005445298273 -0.9472387433 0.3204827309
outer loop
vertex 45.64316559 54.89977264 171.9498291
vertex 52.85327911 53.98757172 169.1311646
vertex 51.96170807 54.94733429 171.9830475

endloop
endfacet
facet normal 0.0059153568 -0.96627599 0.2574405372
outer loop
vertex 45.64318085 54.8997879 171.9498291
vertex 51.96172333 54.94731903 171.9830475
vertex 43.4095993 55.64380646 174.7937469

endloop
endfacet
facet normal 0.004616330843 -0.9672634006 0.2537326515
outer loop
vertex 43.4095993 55.64380646 174.7937469
vertex 51.96172333 54.94731903 171.9830475
vertex 49.50173187 55.68190765 174.8281555

endloop
endfacet
facet normal 0.006351973396 -0.9998264909 -0.01750955358
outer loop
vertex 43.4095993 55.64380646 174.7937469
vertex 49.50173187 55.68190765 174.8281555
vertex 38.78536224 55.56652069 177.5293579

endloop
endfacet
facet normal -0.02005754225 -0.9923319817 -0.1219628081
outer loop
vertex 38.78536224 55.56652069 177.5293579
vertex 49.50173187 55.68190765 174.8281555
vertex 44.57045746 55.44704437 177.5500641

endloop
endfacet
facet normal -0.02039958723 -0.9980304241 -0.0593223758
outer loop
vertex 38.78533173 55.56650543 177.5293579
vertex 44.57042694 55.44702911 177.5500488
vertex 36.63324738 55.44904327 180.245575

endloop
endfacet
facet normal -0.06885948777 -0.976955235 -0.2020319402
outer loop
vertex 36.63324738 55.44904327 180.245575
vertex 44.57042694 55.44702911 177.5500488
vertex 42.3022995 55.04715729 180.2567444

endloop
endfacet
facet normal -0.06698048115 -0.9351682067 0.3478133976
outer loop
vertex 36.63324738 55.44904327 180.245575
vertex 42.3022995 55.04715729 180.2567444
vertex 33.97888947 56.69503021 183.0845032

endloop
endfacet
facet normal -0.1951013654 -0.9807792902 -0.00272624311
outer loop
vertex 33.97888947 56.69503021 183.0845032
vertex 42.3022995 55.04715729 180.2567444
vertex 38.81884003 55.73230743 183.0615997

endloop
endfacet
facet normal -0.1949864626 -0.9787601233 -0.06331465393
outer loop
vertex 33.97888947 56.69503021 183.0845032
vertex 38.81884003 55.73230743 183.0615997
vertex 31.28604889 57.05309296 185.8423157

endloop
endfacet
facet normal -0.3535381258 -0.6925997138 -0.6287420392
outer loop
vertex 31.28604889 57.05309296 185.8423157
vertex 38.81884003 55.73230743 183.0615997
vertex 34.61185455 55.45145416 185.7365417

endloop
endfacet
facet normal -0.4110135138 -0.8711904287 0.2685053349
outer loop
vertex 31.28607941 57.05312347 185.8423462
vertex 34.61186981 55.45146942 185.7365723
vertex 30.86577606 58.11724091 188.6515961

endloop
endfacet
facet normal -0.4953729808 -0.8562495708 0.146431759
outer loop
vertex 30.86577606 58.11724091 188.6515961
vertex 34.61186981 55.45146942 185.7365723
vertex 33.65737152 56.48812103 188.5692902

endloop
endfacet
facet normal -0.3934991062 -0.7041452527 0.5910481215
outer loop
vertex 30.86577606 58.11724091 188.6515961
vertex 33.65737152 56.48812103 188.5692902
vertex 33.00870514 59.38376617 191.5871582

endloop
endfacet
facet normal -0.2067953795 -0.7277963161 0.6538717151
outer loop
vertex 33.00870514 59.38376617 191.5871582
vertex 33.65737152 56.48812103 188.5692902
vertex 36.87993622 58.26186371 191.5627441

endloop
endfacet
facet normal -0.2609623373 -0.9076302648 0.3287947476
outer loop
vertex 33.00870514 59.38376617 191.5871582
vertex 36.87993622 58.26186371 191.5627441
vertex 34.74910736 59.93550873 194.4915771

endloop
endfacet
facet normal -0.1508179158 -0.9015802145 0.4054714143
outer loop
vertex 34.74910736 59.93550873 194.4915771
vertex 36.87993622 58.26186371 191.5627441
vertex 39.52162933 59.13448334 194.4856415

endloop
endfacet
facet normal -0.1540738344 -0.9206086993 0.3588047922
outer loop
vertex 34.74912262 59.93552399 194.4915771
vertex 39.52164459 59.13448334 194.4856567
vertex 36.82814789 60.69844818 197.3418121

endloop
endfacet
facet normal -0.1163236052 -0.913272202 0.3903878331
outer loop
vertex 36.82814789 60.69844818 197.3418121
vertex 39.52164459 59.13448334 194.4856567
vertex 41.50484467 60.11406708 197.3682251

endloop
endfacet
facet normal -0.1034089923 -0.8009059429 0.5897933841
outer loop
vertex 36.82814789 60.69844818 197.3418121
vertex 41.50484467 60.11406708 197.3682251
vertex 43.1951828 62.02552032 200.2602386

endloop
endfacet
facet normal -0.07435852289 -0.8113962412 0.5797472596
outer loop
vertex 43.1951828 62.02552032 200.2602386
vertex 41.50484467 60.11406708 197.3682251
vertex 47.21456146 61.67615509 200.2868042

endloop
endfacet
facet normal -0.07994167507 -0.884852767 0.4589605927
outer loop
vertex 43.19521332 62.02553558 200.2602539
vertex 47.21459198 61.67618561 200.2868195
vertex 50.59262848 62.83322906 203.1059265

endloop
endfacet
facet normal -0.08410974592 -0.8823882341 0.4629434943
outer loop
vertex 50.59262848 62.83322906 203.1059265
vertex 47.21459198 61.67618561 200.2868195
vertex 53.92691803 62.51656342 203.108139

endloop
endfacet
facet normal -0.09374281764 -0.9860938191 0.13722682
outer loop
vertex 50.59262848 62.83322906 203.1059265
vertex 53.92691803 62.51656342 203.108139
vertex 52.71256256 63.01534271 205.8627472

endloop
endfacet
facet normal -0.1942729056 -0.9766981006 0.09120731801
outer loop
vertex 52.71256256 63.01534271 205.8627472
vertex 53.92691803 62.51656342 203.108139
vertex 55.76792145 62.40769196 205.8636475

endloop
endfacet
facet normal -0.1950560361 -0.9807590842 0.008045565337
outer loop
vertex 52.71256256 63.01534271 205.8627472
vertex 55.76792145 62.40769196 205.8636475
vertex 53.50873566 62.88018036 208.688736

endloop
endfacet
facet normal -0.3392870724 -0.9336047769 -0.11518047
outer loop
vertex 53.50873566 62.88018036 208.688736
vertex 55.76792145 62.40769196 205.8636475
vertex 56.27039337 61.87992096 208.6614075

endloop
endfacet
facet normal -0.3335875273 -0.9258711338 0.1774316281
outer loop
vertex 53.50875092 62.88019562 208.6887512
vertex 56.27042389 61.87993622 208.6614075
vertex 58.77881622 61.49591827 211.3735352

endloop
endfacet
facet normal -0.4145601392 -0.8721091151 0.2599338889
outer loop
vertex 58.77881622 61.49591827 211.3735352
vertex 56.27042389 61.87993622 208.6614075
vertex 60.8950882 60.47725677 211.3309784

endloop
endfacet
facet normal -0.4111991525 -0.8661369085 0.2841162086
outer loop
vertex 58.77881622 61.49591827 211.3735352
vertex 60.8950882 60.47725677 211.3309784
vertex 64.96968842 59.48345184 214.1984711

endloop
endfacet
facet normal -0.4755170643 -0.7809100151 0.4050469995
outer loop
vertex 64.96968842 59.48345184 214.1984711
vertex 60.8950882 60.47725677 211.3309784
vertex 66.57341766 58.48123932 214.1490021

endloop
endfacet
facet normal -0.3066698015 -0.5297408104 0.7907770872
outer loop
vertex 64.96971893 59.48343658 214.1984711
vertex 66.57341766 58.48122406 214.1490173
vertex 80.5998764 55.74643707 217.7565613

endloop
endfacet
facet normal 0.3041300774 0.4387450218 -0.8455812931
outer loop
vertex 80.5998764 55.74643707 217.7565613
vertex 66.57341766 58.48122406 214.1490173
vertex 80.59993744 55.74648285 217.7566071

endloop
endfacet
facet normal -0.2083114386 0.4374028742 -0.8748057485
outer loop
vertex 112.1325302 29.08107758 103.7969742
vertex 112.1325302 29.08106232 103.7969666
vertex 107.4207382 34.3705368 107.5636902

endloop
endfacet
facet normal -0.6215180159 0.004224360455 -0.7833884954
outer loop
vertex 107.4207382 34.3705368 107.5636902
vertex 112.1325302 29.08106232 103.7969666
vertex 107.4514389 32.98896027 107.5318832

endloop
endfacet
facet normal -0.7505378127 -0.001464393805 -0.660825789
outer loop
vertex 107.4207382 34.3705368 107.5636902
vertex 107.4514389 32.98896027 107.5318832
vertex 105.0602036 37.45998383 110.2378387

endloop
endfacet
facet normal -0.7682462335 -0.02371203527 -0.6397151351
outer loop
vertex 105.0602036 37.45998383 110.2378387
vertex 107.4514389 32.98896027 107.5318832
vertex 105.1290207 35.68958282 110.2208176

endloop
endfacet
facet normal -0.8078920245 -0.02574292012 -0.5887680054
outer loop
vertex 105.0602036 37.45998383 110.2378387
vertex 105.1290207 35.68958282 110.2208176
vertex 103.2441025 39.96923065 112.6201324

endloop
endfacet
facet normal -0.8488858938 -0.08104799688 -0.5223255754
outer loop
vertex 103.2441025 39.96923065 112.6201324
vertex 105.1290207 35.68958282 110.2208176
vertex 103.435173 37.92324066 112.6270752

endloop
endfacet
facet normal -0.8205668926 -0.07855203003 -0.566126883
outer loop
vertex 103.2441025 39.96923065 112.6201324
vertex 103.435173 37.92324066 112.6270752
vertex 101.3783493 42.19364166 115.0157852

endloop
endfacet
facet normal -0.8449284434 -0.114727892 -0.5224304199
outer loop
vertex 101.3783493 42.19364166 115.0157852
vertex 103.435173 37.92324066 112.6270752
vertex 101.6781845 39.95885468 115.0216293

endloop
endfacet
facet normal -0.8272996545 -0.1124358326 -0.550393939
outer loop
vertex 101.3783493 42.19364166 115.0157852
vertex 101.6781845 39.95885468 115.0216293
vertex 99.44387054 44.3438797 117.4842529

endloop
endfacet
facet normal -0.8271722198 -0.1122411564 -0.5506250262
outer loop
vertex 99.44387054 44.3438797 117.4842529
vertex 101.6781845 39.95885468 115.0216293
vertex 99.78853607 41.90552521 117.4635239

endloop
endfacet
facet normal -0.8116407394 -0.1098475233 -0.5737358332
outer loop
vertex 99.44384003 44.3438797 117.4842529
vertex 99.78850555 41.90552521 117.4635162
vertex 97.4094162 46.11974335 120.0222626

endloop
endfacet
facet normal -0.8342491388 -0.1485604346 -0.5309972167
outer loop
vertex 97.4094162 46.11974335 120.0222626
vertex 99.78850555 41.90552521 117.4635162
vertex 97.92482758 43.43793488 119.9628067

endloop
endfacet
facet normal -0.8116239905 -0.1434202194 -0.5663012266
outer loop
vertex 97.40944672 46.11974335 120.0222702
vertex 97.92482758 43.43793488 119.9628143
vertex 95.5149765 46.7443924 122.5792313

endloop
endfacet
facet normal -0.8313336968 -0.193686381 -0.5209317803
outer loop
vertex 95.5149765 46.7443924 122.5792313
vertex 97.92482758 43.43793488 119.9628143
vertex 96.2410202 43.91625214 122.4720917

endloop
endfacet
facet normal -0.8097230196 -0.1868079156 -0.5562835932
outer loop
vertex 95.51494598 46.74436188 122.579216
vertex 96.2410202 43.91622162 122.4720764
vertex 93.8599472 46.3667984 125.1150131

endloop
endfacet
facet normal -0.8239591122 -0.2546468675 -0.5062077641
outer loop
vertex 93.8599472 46.3667984 125.1150131
vertex 96.2410202 43.91622162 122.4720764
vertex 94.84554291 43.47338104 124.9662781

endloop
endfacet
facet normal -0.778780818 -0.2353894711 -0.5814569592
outer loop
vertex 93.8599472 46.3667984 125.1150131
vertex 94.84554291 43.47338104 124.9662781
vertex 92.11965179 45.87526703 127.6448822

endloop
endfacet
facet normal -0.7964795828 -0.3744745553 -0.4747515321
outer loop
vertex 92.11965179 45.87526703 127.6448822
vertex 94.84554291 43.47338104 124.9662781
vertex 93.59395599 42.95557404 127.474472

endloop
endfacet
facet normal -0.7325820327 -0.3353462219 -0.5923398137
outer loop
vertex 92.11965179 45.87526703 127.6448822
vertex 93.59395599 42.95557404 127.474472
vertex 90.17888641 45.61432648 130.1928711

endloop
endfacet
facet normal -0.7400131226 -0.5385212898 -0.4029583335
outer loop
vertex 90.17888641 45.61432648 130.1928711
vertex 93.59395599 42.95557404 127.474472
vertex 92.28020477 42.85532379 130.0210876

endloop
endfacet
facet normal -0.6926198006 -0.4948394299 -0.5247969031
outer loop
vertex 90.17888641 45.61432648 130.1928711
vertex 92.28020477 42.85532379 130.0210876
vertex 88.1361618 45.74010468 132.7702332

endloop
endfacet
facet normal -0.6738612056 -0.6688532829 -0.3139209747
outer loop
vertex 88.1361618 45.74010468 132.7702332
vertex 92.28020477 42.85532379 130.0210876
vertex 90.76644135 43.16858673 132.6030731

endloop
endfacet
facet normal -0.6625525951 -0.6539530754 -0.3651977181
outer loop
vertex 88.1361618 45.74010468 132.7702332
vertex 90.76644135 43.16858673 132.6030731
vertex 86.12242889 46.31726837 135.3900909

endloop
endfacet
facet normal -0.6469959617 -0.7114313245 -0.2743385434
outer loop
vertex 86.12242889 46.31726837 135.3900909
vertex 90.76644135 43.16858673 132.6030731
vertex 89.07180023 43.70503998 135.2085266

endloop
endfacet
facet normal -0.6394453049 -0.6998452544 -0.3183180094
outer loop
vertex 86.12239838 46.31726837 135.3900604
vertex 89.07176971 43.70502472 135.2084961
vertex 84.48470306 46.61658478 138.0218353

endloop
endfacet
facet normal -0.6028760672 -0.7776969075 -0.17812334
outer loop
vertex 84.48470306 46.61658478 138.0218353
vertex 89.07176971 43.70502472 135.2084961
vertex 87.68282318 44.18178558 137.8279572

endloop
endfacet
facet normal -0.5892063975 -0.7499904633 -0.3005832434
outer loop
vertex 84.48470306 46.61658478 138.0218353
vertex 87.68282318 44.18178558 137.8279572
vertex 82.70348358 46.94869232 140.6847534

endloop
endfacet
facet normal -0.5610730648 -0.80325073 -0.1999629736
outer loop
vertex 82.70348358 46.94869232 140.6847534
vertex 87.68282318 44.18178558 137.8279572
vertex 86.06130219 44.65468597 140.4781189

endloop
endfacet
facet normal -0.5534855127 -0.785123229 -0.2779125571
outer loop
vertex 82.70348358 46.94869232 140.6847534
vertex 86.06130219 44.65468597 140.4781189
vertex 80.45241547 47.57543182 143.3973541

endloop
endfacet
facet normal -0.5460886955 -0.7998890281 -0.248927176
outer loop
vertex 80.45241547 47.57543182 143.3973541
vertex 86.06130219 44.65468597 140.4781189
vertex 83.98412323 45.23499298 143.1702423

endloop
endfacet
facet normal -0.5400508046 -0.7856428027 -0.3018453121
outer loop
vertex 80.45241547 47.57543182 143.3973541
vertex 83.98412323 45.23499298 143.1702423
vertex 77.1760788 48.75119781 146.1989746

endloop
endfacet
facet normal -0.533180654 -0.8030196428 -0.2662288845
outer loop
vertex 77.1760788 48.75119781 146.1989746
vertex 83.98412323 45.23499298 143.1702423
vertex 80.66762543 46.5092392 145.9687653

endloop
endfacet
facet normal -0.4266442358 -0.5944390297 -0.681628108
outer loop
vertex 77.17610931 48.75121307 146.1989899
vertex 80.66762543 46.50925446 145.9687653
vertex 70.73351288 50.01331329 149.1308746

endloop
endfacet
facet normal -0.261143446 -0.939686358 0.2208928317
outer loop
vertex 70.73351288 50.01331329 149.1308746
vertex 80.66762543 46.50925446 145.9687653
vertex 74.61205292 48.88829803 148.9302979

endloop
endfacet
facet normal -0.2739931643 -0.8724589944 -0.4046517909
outer loop
vertex 70.73351288 50.01331329 149.1308746
vertex 74.61205292 48.88829803 148.9302979
vertex 65.25154877 50.36733246 152.0794678

endloop
endfacet
facet normal -0.04512260854 -0.94912678 0.3116443753
outer loop
vertex 65.25154877 50.36733246 152.0794678
vertex 74.61205292 48.88829803 148.9302979
vertex 69.26903534 50.11055756 151.8791351

endloop
endfacet
facet normal -0.07265178114 -0.9758008122 -0.2062389255
outer loop
vertex 65.25154877 50.36733246 152.0794678
vertex 69.26903534 50.11055756 151.8791351
vertex 61.04134369 50.07013702 154.96875

endloop
endfacet
facet normal 0.002035723766 -0.9999685884 -0.007661133539
outer loop
vertex 61.04134369 50.07013702 154.96875
vertex 69.26903534 50.11055756 151.8791351
vertex 65.58885956 50.0810318 154.7550812

endloop
endfacet
facet normal 0.005216872785 -0.9981765747 0.0601346679
outer loop
vertex 61.04134369 50.07013702 154.96875
vertex 65.58885956 50.0810318 154.7550812
vertex 57.82727814 50.2234726 157.7928009

endloop
endfacet
facet normal 0.03113360517 -0.9915362597 0.1260423064
outer loop
vertex 57.82727814 50.2234726 157.7928009
vertex 65.58885956 50.0810318 154.7550812
vertex 63.25241852 50.37340546 157.6322174

endloop
endfacet
facet normal 0.0341033414 -0.9680929184 0.2482601404
outer loop
vertex 57.82727814 50.2234726 157.7928009
vertex 63.25241852 50.37340546 157.6322174
vertex 56.16228485 50.88207245 160.5897369

endloop
endfacet
facet normal 0.04288122803 -0.9623749852 0.2683201432
outer loop
vertex 56.16228485 50.88207245 160.5897369
vertex 63.25241852 50.37340546 157.6322174
vertex 62.22983551 51.13019562 160.5099945

endloop
endfacet
facet normal 0.04284274206 -0.9671985507 0.2503825724
outer loop
vertex 56.16228485 50.88207245 160.5897369
vertex 62.22983551 51.13019562 160.5099945
vertex 55.26842499 51.56864166 163.3948212

endloop
endfacet
facet normal 0.04056165367 -0.9686493278 0.2450985312
outer loop
vertex 55.26842499 51.56864166 163.3948212
vertex 62.22983551 51.13019562 160.5099945
vertex 61.71051788 51.83052826 163.3637085

endloop
endfacet
facet normal 0.03960724548 -0.9313421845 0.3619849086
outer loop
vertex 55.26840973 51.56864166 163.3948364
vertex 61.71051788 51.830513 163.3637238
vertex 54.15694427 52.63008881 166.2474213

endloop
endfacet
facet normal 0.02788254432 -0.9420725107 0.334248364
outer loop
vertex 54.15694427 52.63008881 166.2474213
vertex 61.71051788 51.830513 163.3637238
vertex 60.81162262 52.82842255 166.251297

endloop
endfacet
facet normal 0.02656267397 -0.8997671008 0.4355613887
outer loop
vertex 54.15694427 52.63008881 166.2474213
vertex 60.81162262 52.82842255 166.251297
vertex 52.85327911 53.98757172 169.1311646

endloop
endfacet
facet normal 0.01558254939 -0.9119055271 0.4101042151
outer loop
vertex 52.85327911 53.98757172 169.1311646
vertex 60.81162262 52.82842255 166.251297
vertex 59.61283112 54.11759186 169.1634369

endloop
endfacet
facet normal 0.0166524183 -0.9460518956 0.3235868812
outer loop
vertex 52.85327911 53.98757172 169.1311646
vertex 59.61283112 54.11759186 169.1634369
vertex 51.96170807 54.94733429 171.9830475

endloop
endfacet
facet normal 0.01540695317 -0.9471162558 0.3205205202
outer loop
vertex 51.96170807 54.94733429 171.9830475
vertex 59.61283112 54.11759186 169.1634369
vertex 58.61559296 55.06847382 172.0211639

endloop
endfacet
facet normal 0.01606079377 -0.9646732807 0.2629592419
outer loop
vertex 51.96172333 54.94731903 171.9830475
vertex 58.61559296 55.06848907 172.0211639
vertex 49.50173187 55.68190765 174.8281555

endloop
endfacet
facet normal 0.02449464239 -0.9571093917 0.2886896431
outer loop
vertex 49.50173187 55.68190765 174.8281555
vertex 58.61559296 55.06848907 172.0211639
vertex 55.98769379 55.85675812 174.8575287

endloop
endfacet
facet normal 0.02709785476 -0.9989441037 -0.03710203245
outer loop
vertex 49.50173187 55.68190765 174.8281555
vertex 55.98769379 55.85675812 174.8575287
vertex 44.57045746 55.44704437 177.5500641

endloop
endfacet
facet normal 0.06615673006 -0.9893062115 0.1299870461
outer loop
vertex 44.57045746 55.44704437 177.5500641
vertex 55.98769379 55.85675812 174.8575287
vertex 50.76688385 55.86849213 177.6039581

endloop
endfacet
facet normal 0.06836077571 -0.9936370254 -0.08951006085
outer loop
vertex 44.57042694 55.44702911 177.5500488
vertex 50.76683807 55.86847687 177.6039581
vertex 42.3022995 55.04715729 180.2567444

endloop
endfacet
facet normal 0.1070136502 -0.9936825633 0.03380987048
outer loop
vertex 42.3022995 55.04715729 180.2567444
vertex 50.76683807 55.86847687 177.6039581
vertex 48.36173248 55.70241547 180.335907

endloop
endfacet
facet normal 0.09632463008 -0.9327304959 0.3474701047
outer loop
vertex 42.3022995 55.04715729 180.2567444
vertex 48.36173248 55.70241547 180.335907
vertex 38.81884003 55.73230743 183.0615997

endloop
endfacet
facet normal 0.09011823684 -0.9411225319 0.3258330226
outer loop
vertex 38.81884003 55.73230743 183.0615997
vertex 48.36173248 55.70241547 180.335907
vertex 45.18465424 56.38089752 183.1743164

endloop
endfacet
facet normal 0.1002811566 -0.9935249686 0.05340177938
outer loop
vertex 38.81884003 55.73230743 183.0615997
vertex 45.18465424 56.38089752 183.1743164
vertex 34.61185455 55.45145416 185.7365417

endloop
endfacet
facet normal 0.07604882121 -0.9959730506 -0.04747886956
outer loop
vertex 34.61185455 55.45145416 185.7365417
vertex 45.18465424 56.38089752 183.1743164
vertex 40.70993805 55.91161346 185.8512421

endloop
endfacet
facet normal 0.06338590384 -0.9301208854 0.3617420197
outer loop
vertex 34.61186981 55.45146942 185.7365723
vertex 40.70993805 55.91164398 185.8512573
vertex 33.65737152 56.48812103 188.5692902

endloop
endfacet
facet normal 0.05153629556 -0.9413816333 0.3333837986
outer loop
vertex 33.65737152 56.48812103 188.5692902
vertex 40.70993805 55.91164398 185.8512573
vertex 39.45894623 56.84870148 188.6906281

endloop
endfacet
facet normal 0.04478939623 -0.8798528314 0.473131001
outer loop
vertex 33.65737152 56.48812103 188.5692902
vertex 39.45894623 56.84870148 188.6906281
vertex 36.87993622 58.26186371 191.5627441

endloop
endfacet
facet normal 0.06476623565 -0.8711236119 0.4867741168
outer loop
vertex 36.87993622 58.26186371 191.5627441
vertex 39.45894623 56.84870148 188.6906281
vertex 42.80680084 58.7675705 191.6791687

endloop
endfacet
facet normal 0.07867120951 -0.9724957347 0.2192323357
outer loop
vertex 36.87993622 58.26186371 191.5627441
vertex 42.80680084 58.7675705 191.6791687
vertex 39.52162933 59.13448334 194.4856415

endloop
endfacet
facet normal 0.09131845832 -0.968069315 0.2334581167
outer loop
vertex 39.52162933 59.13448334 194.4856415
vertex 42.80680084 58.7675705 191.6791687
vertex 45.25728607 59.69928741 194.5841522

endloop
endfacet
facet normal 0.09001289308 -0.9602089524 0.2643793225
outer loop
vertex 39.52164459 59.13448334 194.4856567
vertex 45.25728607 59.69928741 194.5841827
vertex 41.50484467 60.11406708 197.3682251

endloop
endfacet
facet normal 0.06851994991 -0.9691531658 0.2367428392
outer loop
vertex 41.50484467 60.11406708 197.3682251
vertex 45.25728607 59.69928741 194.5841827
vertex 46.81197357 60.50936127 197.4504089

endloop
endfacet
facet normal 0.06321763992 -0.9260833263 0.3719854057
outer loop
vertex 41.50484467 60.11406708 197.3682251
vertex 46.81197357 60.50936127 197.4504089
vertex 47.21456146 61.67615509 200.2868042

endloop
endfacet
facet normal 0.01826926507 -0.9255634546 0.378151387
outer loop
vertex 47.21456146 61.67615509 200.2868042
vertex 46.81197357 60.50936127 197.4504089
vertex 51.49417877 61.77675629 200.3262787

endloop
endfacet
facet normal 0.02059637196 -0.9705326557 0.2400878519
outer loop
vertex 47.21459198 61.67618561 200.2868195
vertex 51.49420929 61.77677155 200.3262939
vertex 53.92691803 62.51656342 203.108139

endloop
endfacet
facet normal -0.06614977121 -0.9484115243 0.3100640774
outer loop
vertex 53.92691803 62.51656342 203.108139
vertex 51.49420929 61.77677155 200.3262939
vertex 57.15155792 62.28554535 203.0894623

endloop
endfacet
facet normal -0.07140806317 -0.997412622 0.008300729096
outer loop
vertex 53.92691803 62.51656342 203.108139
vertex 57.15155792 62.28554535 203.0894623
vertex 55.76792145 62.40769196 205.8636475

endloop
endfacet
facet normal -0.1669869274 -0.9851510525 -0.0399094969
outer loop
vertex 55.76792145 62.40769196 205.8636475
vertex 57.15155792 62.28554535 203.0894623
vertex 58.82375336 61.89159393 205.8173065

endloop
endfacet
facet normal -0.1668174416 -0.9739246368 -0.1537616253
outer loop
vertex 55.76792145 62.40769196 205.8636475
vertex 58.82375336 61.89159393 205.8173065
vertex 56.27039337 61.87992096 208.6614075

endloop
endfacet
facet normal -0.2535518408 -0.9392152429 -0.2314870507
outer loop
vertex 56.27039337 61.87992096 208.6614075
vertex 58.82375336 61.89159393 205.8173065
vertex 58.90570831 61.18021393 208.6138306

endloop
endfacet
facet normal -0.2571668327 -0.9644250274 -0.06123411283
outer loop
vertex 56.27042389 61.87993622 208.6614075
vertex 58.90572357 61.18024445 208.6138611
vertex 60.8950882 60.47725677 211.3309784

endloop
endfacet
facet normal -0.3364630044 -0.9416928291 0.00270474283
outer loop
vertex 60.8950882 60.47725677 211.3309784
vertex 58.90572357 61.18024445 208.6138611
vertex 62.9653244 59.73744965 211.2891235

endloop
endfacet
facet normal -0.3363027275 -0.9416937232 0.01064601075
outer loop
vertex 60.8950882 60.47725677 211.3309784
vertex 62.9653244 59.73744965 211.2891235
vertex 66.57341766 58.48123932 214.1490021

endloop
endfacet
facet normal -0.3808407485 -0.9215374589 0.07568994164
outer loop
vertex 66.57341766 58.48123932 214.1490021
vertex 62.9653244 59.73744965 211.2891235
vertex 68.3391037 57.74893951 214.1173401

endloop
endfacet
facet normal -0.2985833585 -0.7457073331 0.5956245065
outer loop
vertex 66.57341766 58.48122406 214.1490173
vertex 68.33913422 57.74892426 214.1173401
vertex 80.59993744 55.74648285 217.7566071

endloop
endfacet
facet normal -0.3074221015 -0.692640841 0.6524877548
outer loop
vertex 80.59993744 55.74648285 217.7566071
vertex 68.33913422 57.74892426 214.1173401
vertex 80.59990692 55.74646759 217.7565765

endloop
endfacet
facet normal -0.6236807704 0 -0.7816791534
outer loop
vertex 112.1325302 29.08106232 103.7969666
vertex 112.1325302 29.08104706 103.7969666
vertex 107.4514389 32.98896027 107.5318832

endloop
endfacet
facet normal -0.6963267326 -0.166959852 -0.698035419
outer loop
vertex 107.4514389 32.98896027 107.5318832
vertex 112.1325302 29.08104706 103.7969666
vertex 107.7916183 31.76873016 107.4843979

endloop
endfacet
facet normal -0.8350505829 -0.2130584866 -0.5072440505
outer loop
vertex 107.4514389 32.98896027 107.5318832
vertex 107.7916183 31.76873016 107.4843979
vertex 105.1290207 35.68958282 110.2208176

endloop
endfacet
facet normal -0.7695579529 -0.08047759533 -0.6334856153
outer loop
vertex 105.1290207 35.68958282 110.2208176
vertex 107.7916183 31.76873016 107.4843979
vertex 105.3358994 33.9564743 110.1896744

endloop
endfacet
facet normal -0.8526118398 -0.0925335288 -0.5142865777
outer loop
vertex 105.1290207 35.68958282 110.2208176
vertex 105.3358994 33.9564743 110.1896744
vertex 103.435173 37.92324066 112.6270752

endloop
endfacet
facet normal -0.8385754228 -0.06982889771 -0.5402917266
outer loop
vertex 103.435173 37.92324066 112.6270752
vertex 105.3358994 33.9564743 110.1896744
vertex 103.610405 35.84792328 112.6233215

endloop
endfacet
facet normal -0.8314659595 -0.06920877099 -0.5512481928
outer loop
vertex 103.435173 37.92324066 112.6270752
vertex 103.610405 35.84792328 112.6233215
vertex 101.6781845 39.95885468 115.0216293

endloop
endfacet
facet normal -0.8840506673 -0.1591388136 -0.4394648671
outer loop
vertex 101.6781845 39.95885468 115.0216293
vertex 103.610405 35.84792328 112.6233215
vertex 102.0685043 37.74823761 115.0369492

endloop
endfacet
facet normal -0.8364927173 -0.1513460279 -0.5266634226
outer loop
vertex 101.6781845 39.95885468 115.0216293
vertex 102.0685043 37.74823761 115.0369492
vertex 99.78853607 41.90552521 117.4635239

endloop
endfacet
facet normal -0.8777631521 -0.2390393019 -0.4152012765
outer loop
vertex 99.78853607 41.90552521 117.4635239
vertex 102.0685043 37.74823761 115.0369492
vertex 100.417778 39.59584808 117.4629898

endloop
endfacet
facet normal -0.842430532 -0.2294094265 -0.4875264466
outer loop
vertex 99.78850555 41.90552521 117.4635162
vertex 100.417778 39.59584808 117.4629898
vertex 97.92482758 43.43793488 119.9628067

endloop
endfacet
facet normal -0.8396803141 -0.222493872 -0.4954124987
outer loop
vertex 97.92482758 43.43793488 119.9628067
vertex 100.417778 39.59584808 117.4629898
vertex 98.63335419 40.87215424 119.9142303

endloop
endfacet
facet normal -0.8289996982 -0.2191927135 -0.5145036578
outer loop
vertex 97.92482758 43.43793488 119.9628143
vertex 98.6333847 40.87216949 119.9142303
vertex 96.2410202 43.91625214 122.4720917

endloop
endfacet
facet normal -0.8388729095 -0.255335778 -0.4807244837
outer loop
vertex 96.2410202 43.91625214 122.4720917
vertex 98.6333847 40.87216949 119.9142303
vertex 97.13652802 41.15766144 122.3746338

endloop
endfacet
facet normal -0.8253774643 -0.2500552833 -0.5061860681
outer loop
vertex 96.2410202 43.91622162 122.4720764
vertex 97.13652802 41.15763092 122.3746185
vertex 94.84554291 43.47338104 124.9662781

endloop
endfacet
facet normal -0.834143579 -0.3986464441 -0.3811630905
outer loop
vertex 94.84554291 43.47338104 124.9662781
vertex 97.13652802 41.15763092 122.3746185
vertex 96.21352386 40.72809601 124.8437729

endloop
endfacet
facet normal -0.7960215807 -0.3754748702 -0.4747295082
outer loop
vertex 94.84554291 43.47338104 124.9662781
vertex 96.21352386 40.72809601 124.8437729
vertex 93.59395599 42.95557404 127.474472

endloop
endfacet
facet normal -0.7726666927 -0.5635528564 -0.2922231257
outer loop
vertex 93.59395599 42.95557404 127.474472
vertex 96.21352386 40.72809601 124.8437729
vertex 95.54109955 40.35662079 127.3381195

endloop
endfacet
facet normal -0.7421585321 -0.5348359346 -0.403919965
outer loop
vertex 93.59395599 42.95557404 127.474472
vertex 95.54109955 40.35662079 127.3381195
vertex 92.28020477 42.85532379 130.0210876

endloop
endfacet
facet normal -0.6646630764 -0.7372429967 -0.1212259158
outer loop
vertex 92.28020477 42.85532379 130.0210876
vertex 95.54109955 40.35662079 127.3381195
vertex 94.83452606 40.57750702 129.8688202

endloop
endfacet
facet normal -0.6459798217 -0.7047946453 -0.2932141125
outer loop
vertex 92.28020477 42.85532379 130.0210876
vertex 94.83452606 40.57750702 129.8688202
vertex 90.76644135 43.16858673 132.6030731

endloop
endfacet
facet normal -0.5482094884 -0.8360136151 -0.02340112068
outer loop
vertex 90.76644135 43.16858673 132.6030731
vertex 94.83452606 40.57750702 129.8688202
vertex 93.81096649 41.17664337 132.4430084

endloop
endfacet
facet normal -0.5447750092 -0.8177008629 -0.185971424
outer loop
vertex 90.76644135 43.16858673 132.6030731
vertex 93.81096649 41.17664337 132.4430084
vertex 89.07180023 43.70503998 135.2085266

endloop
endfacet
facet normal -0.5282638669 -0.8375350237 -0.1395433694
outer loop
vertex 89.07180023 43.70503998 135.2085266
vertex 93.81096649 41.17664337 132.4430084
vertex 92.32933807 41.6778183 135.0439148

endloop
endfacet
facet normal -0.5286803246 -0.8391765952 -0.1275919825
outer loop
vertex 89.07176971 43.70502472 135.2084961
vertex 92.32930756 41.67780304 135.0439148
vertex 87.68282318 44.18178558 137.8279572

endloop
endfacet
facet normal -0.4912835062 -0.8702017665 -0.03727349266
outer loop
vertex 87.68282318 44.18178558 137.8279572
vertex 92.32930756 41.67780304 135.0439148
vertex 91.21141815 42.19658661 137.6665344

endloop
endfacet
facet normal -0.4901192188 -0.8592461944 -0.1465573311
outer loop
vertex 87.68282318 44.18178558 137.8279572
vertex 91.21141815 42.19658661 137.6665344
vertex 86.06130219 44.65468597 140.4781189

endloop
endfacet
facet normal -0.4334171712 -0.9011731744 -0.006037660409
outer loop
vertex 86.06130219 44.65468597 140.4781189
vertex 91.21141815 42.19658661 137.6665344
vertex 89.80654144 42.85443878 140.3263245

endloop
endfacet
facet normal -0.4334858954 -0.8897958398 -0.1426655054
outer loop
vertex 86.06130219 44.65468597 140.4781189
vertex 89.80654144 42.85443878 140.3263245
vertex 83.98412323 45.23499298 143.1702423

endloop
endfacet
facet normal -0.3823726475 -0.9239601493 -0.009422304109
outer loop
vertex 83.98412323 45.23499298 143.1702423
vertex 89.80654144 42.85443878 140.3263245
vertex 88.01894379 43.56674957 143.0201111

endloop
endfacet
facet normal -0.3829395473 -0.9231666923 -0.03347349912
outer loop
vertex 83.98412323 45.23499298 143.1702423
vertex 88.01894379 43.56674957 143.0201111
vertex 80.66762543 46.5092392 145.9687653

endloop
endfacet
facet normal -0.3653104007 -0.9307115674 0.01800685935
outer loop
vertex 80.66762543 46.5092392 145.9687653
vertex 88.01894379 43.56674957 143.0201111
vertex 84.73427582 44.91014862 145.8186951

endloop
endfacet
facet normal -0.3659625649 -0.930629313 -0.0007108206628
outer loop
vertex 80.66762543 46.50925446 145.9687653
vertex 84.73430634 44.91017914 145.8186951
vertex 74.61205292 48.88829803 148.9302979

endloop
endfacet
facet normal -0.2756721973 -0.9198155403 0.2791847289
outer loop
vertex 74.61205292 48.88829803 148.9302979
vertex 84.73430634 44.91017914 145.8186951
vertex 78.48012543 47.685112 148.7856293

endloop
endfacet
facet normal -0.2987605333 -0.9423489571 -0.1507332325
outer loop
vertex 74.61205292 48.88829803 148.9302979
vertex 78.48012543 47.685112 148.7856293
vertex 69.26903534 50.11055756 151.8791351

endloop
endfacet
facet normal -0.07704343647 -0.8830360174 0.4629380107
outer loop
vertex 69.26903534 50.11055756 151.8791351
vertex 78.48012543 47.685112 148.7856293
vertex 73.52944183 49.67160797 151.750885

endloop
endfacet
facet normal -0.105728209 -0.9837085605 -0.1453932524
outer loop
vertex 69.26903534 50.11055756 151.8791351
vertex 73.52944183 49.67160797 151.750885
vertex 65.58885956 50.0810318 154.7550812

endloop
endfacet
facet normal 0.03158716112 -0.9757775664 0.2164729238
outer loop
vertex 65.58885956 50.0810318 154.7550812
vertex 73.52944183 49.67160797 151.750885
vertex 70.31887054 50.20789337 154.636734

endloop
endfacet
facet normal 0.0297240112 -0.9917218685 0.124916479
outer loop
vertex 65.58885956 50.0810318 154.7550812
vertex 70.31887054 50.20789337 154.636734
vertex 63.25241852 50.37340546 157.6322174

endloop
endfacet
facet normal 0.06859986484 -0.9740580916 0.2156499922
outer loop
vertex 63.25241852 50.37340546 157.6322174
vertex 70.31887054 50.20789337 154.636734
vertex 68.03237152 50.68950653 157.5394592

endloop
endfacet
facet normal 0.0687552169 -0.9585489035 0.2765079737
outer loop
vertex 63.25241852 50.37340546 157.6322174
vertex 68.03237152 50.68950653 157.5394592
vertex 62.22983551 51.13019562 160.5099945

endloop
endfacet
facet normal 0.0741552487 -0.9551888108 0.2865577042
outer loop
vertex 62.22983551 51.13019562 160.5099945
vertex 68.03237152 50.68950653 157.5394592
vertex 67.14369965 51.49610138 160.4580688

endloop
endfacet
facet normal 0.07452343404 -0.9652578831 0.2504465878
outer loop
vertex 62.22983551 51.13019562 160.5099945
vertex 67.14369965 51.49610138 160.4580688
vertex 61.71051788 51.83052826 163.3637085

endloop
endfacet
facet normal 0.0704093948 -0.9674655795 0.243007943
outer loop
vertex 61.71051788 51.83052826 163.3637085
vertex 67.14369965 51.49610138 160.4580688
vertex 66.89192963 52.20317841 163.3460388

endloop
endfacet
facet normal 0.06851127744 -0.9361540079 0.3448506296
outer loop
vertex 61.71051788 51.830513 163.3637238
vertex 66.89192963 52.20319366 163.3460388
vertex 60.81162262 52.82842255 166.251297

endloop
endfacet
facet normal 0.04859952256 -0.9506915808 0.3063066304
outer loop
vertex 60.81162262 52.82842255 166.251297
vertex 66.89192963 52.20319366 163.3460388
vertex 66.38231659 53.1120224 166.2476501

endloop
endfacet
facet normal 0.04640960693 -0.9062101245 0.4202729762
outer loop
vertex 60.81162262 52.82842255 166.251297
vertex 66.38231659 53.1120224 166.2476501
vertex 59.61283112 54.11759186 169.1634369

endloop
endfacet
facet normal 0.02357308567 -0.9269630909 0.3744112551
outer loop
vertex 59.61283112 54.11759186 169.1634369
vertex 66.38231659 53.1120224 166.2476501
vertex 65.69237518 54.27057648 169.1594238

endloop
endfacet
facet normal 0.02401924133 -0.9460371733 0.3231668472
outer loop
vertex 59.61283112 54.11759186 169.1634369
vertex 65.69237518 54.27057648 169.1594238
vertex 58.61559296 55.06847382 172.0211639

endloop
endfacet
facet normal 0.01513394155 -0.9528412819 0.3030914664
outer loop
vertex 58.61559296 55.06847382 172.0211639
vertex 65.69237518 54.27057648 169.1594238
vertex 64.7168808 55.16799164 172.0293732

endloop
endfacet
facet normal 0.01527145412 -0.9596315622 0.2808452845
outer loop
vertex 58.61559296 55.06848907 172.0211639
vertex 64.71691132 55.16799164 172.0293884
vertex 55.98769379 55.85675812 174.8575287

endloop
endfacet
facet normal 0.02438352257 -0.9514076114 0.3069674075
outer loop
vertex 55.98769379 55.85675812 174.8575287
vertex 64.71691132 55.16799164 172.0293884
vertex 62.11277008 56.01869965 174.8729095

endloop
endfacet
facet normal 0.02625511214 -0.9981862903 0.05417422578
outer loop
vertex 55.98769379 55.85675812 174.8575287
vertex 62.11277008 56.01869965 174.8729095
vertex 50.76688385 55.86849213 177.6039581

endloop
endfacet
facet normal 0.07173838466 -0.9669032097 0.2448508143
outer loop
vertex 50.76688385 55.86849213 177.6039581
vertex 62.11277008 56.01869965 174.8729095
vertex 57.03783417 56.34604645 177.6524811

endloop
endfacet
facet normal 0.07588165998 -0.9970975518 0.006194862537
outer loop
vertex 50.76683807 55.86847687 177.6039581
vertex 57.03781891 56.34601593 177.6524811
vertex 48.36173248 55.70241547 180.335907

endloop
endfacet
facet normal 0.1189053431 -0.9816617966 0.1490016729
outer loop
vertex 48.36173248 55.70241547 180.335907
vertex 57.03781891 56.34601593 177.6524811
vertex 54.58768463 56.46874237 180.416275

endloop
endfacet
facet normal 0.1102130935 -0.9317106009 0.3460757136
outer loop
vertex 48.36173248 55.70241547 180.335907
vertex 54.58768463 56.46874237 180.416275
vertex 45.18465424 56.38089752 183.1743164

endloop
endfacet
facet normal 0.1208877414 -0.9158143997 0.3829752803
outer loop
vertex 45.18465424 56.38089752 183.1743164
vertex 54.58768463 56.46874237 180.416275
vertex 51.1283493 57.19939423 183.2554474

endloop
endfacet
facet normal 0.1355173439 -0.9893516302 0.05308880657
outer loop
vertex 45.18465424 56.38089752 183.1743164
vertex 51.1283493 57.19939423 183.2554474
vertex 40.70993805 55.91161346 185.8512421

endloop
endfacet
facet normal 0.1539177448 -0.979232192 0.1319603324
outer loop
vertex 40.70993805 55.91161346 185.8512421
vertex 51.1283493 57.19939423 183.2554474
vertex 46.24571991 56.79969025 185.9844513

endloop
endfacet
facet normal 0.1389006078 -0.9205830693 0.3650114536
outer loop
vertex 40.70993805 55.91164398 185.8512573
vertex 46.24573517 56.79972076 185.9844666
vertex 39.45894623 56.84870148 188.6906281

endloop
endfacet
facet normal 0.1299122274 -0.9304382205 0.3426478803
outer loop
vertex 39.45894623 56.84870148 188.6906281
vertex 46.24573517 56.79972076 185.9844666
vertex 44.54306793 57.60988617 188.8299713

endloop
endfacet
facet normal 0.1215233058 -0.8915524483 0.4363099635
outer loop
vertex 39.45894623 56.84870148 188.6906281
vertex 44.54306793 57.60988617 188.8299713
vertex 42.80680084 58.7675705 191.6791687

endloop
endfacet
facet normal 0.1092001051 -0.8959236741 0.4305764735
outer loop
vertex 42.80680084 58.7675705 191.6791687
vertex 44.54306793 57.60988617 188.8299713
vertex 46.63809967 59.27309418 191.7593689

endloop
endfacet
facet normal 0.1237231046 -0.9705064893 0.2069050074
outer loop
vertex 42.80680084 58.7675705 191.6791687
vertex 46.63809967 59.27309418 191.7593689
vertex 45.25728607 59.69928741 194.5841522

endloop
endfacet
facet normal 0.121303387 -0.9710459709 0.2058036029
outer loop
vertex 45.25728607 59.69928741 194.5841522
vertex 46.63809967 59.27309418 191.7593689
vertex 48.43991852 60.10327911 194.6144257

endloop
endfacet
facet normal 0.121210508 -0.9704744816 0.2085360736
outer loop
vertex 45.25728607 59.69928741 194.5841827
vertex 48.43991852 60.10329437 194.6144409
vertex 46.81197357 60.50936127 197.4504089

endloop
endfacet
facet normal 0.09256612509 -0.976822257 0.193002075
outer loop
vertex 46.81197357 60.50936127 197.4504089
vertex 48.43991852 60.10329437 194.6144409
vertex 51.11182404 60.92380524 197.485733

endloop
endfacet
facet normal 0.08999288827 -0.957138896 0.27529338
outer loop
vertex 46.81197357 60.50936127 197.4504089
vertex 51.11182404 60.92380524 197.485733
vertex 51.49417877 61.77675629 200.3262787

endloop
endfacet
facet normal 0.0372274369 -0.9584585428 0.2827921808
outer loop
vertex 51.49417877 61.77675629 200.3262787
vertex 51.11182404 60.92380524 197.485733
vertex 56.13852692 61.96550751 200.3546143

endloop
endfacet
facet normal 0.03977551311 -0.9940308332 0.1015909463
outer loop
vertex 51.49420929 61.77677155 200.3262939
vertex 56.13854218 61.96550751 200.3546295
vertex 57.15155792 62.28554535 203.0894623

endloop
endfacet
facet normal -0.06736001372 -0.9877803326 0.1405438185
outer loop
vertex 57.15155792 62.28554535 203.0894623
vertex 56.13854218 61.96550751 200.3546295
vertex 60.74619293 62.041008 203.0936279

endloop
endfacet
facet normal -0.06739976257 -0.9924966097 -0.1020182446
outer loop
vertex 57.15155792 62.28554535 203.0894623
vertex 60.74619293 62.041008 203.0936279
vertex 58.82375336 61.89159393 205.8173065

endloop
endfacet
facet normal -0.1675495952 -0.9708289504 -0.171517849
outer loop
vertex 58.82375336 61.89159393 205.8173065
vertex 60.74619293 62.041008 203.0936279
vertex 61.77825165 61.38324738 205.8085175

endloop
endfacet
facet normal -0.165359512 -0.9569407105 -0.2385806292
outer loop
vertex 58.82375336 61.89159393 205.8173065
vertex 61.77825165 61.38324738 205.8085175
vertex 58.90570831 61.18021393 208.6138306

endloop
endfacet
facet normal -0.2442436367 -0.9166309237 -0.3164378405
outer loop
vertex 58.90570831 61.18021393 208.6138306
vertex 61.77825165 61.38324738 205.8085175
vertex 61.31510162 60.55324554 208.570282

endloop
endfacet
facet normal -0.2518208325 -0.9583510756 -0.1347201318
outer loop
vertex 58.90572357 61.18024445 208.6138611
vertex 61.31513214 60.5532608 208.5702972
vertex 62.9653244 59.73744965 211.2891235

endloop
endfacet
facet normal -0.3212300837 -0.9429075122 -0.08795814961
outer loop
vertex 62.9653244 59.73744965 211.2891235
vertex 61.31513214 60.5532608 208.5702972
vertex 65.06609344 59.02588654 211.244873

endloop
endfacet
facet normal -0.3213642836 -0.9454088807 -0.05410277471
outer loop
vertex 62.9653244 59.73744965 211.2891235
vertex 65.06609344 59.02588654 211.244873
vertex 68.3391037 57.74893951 214.1173401

endloop
endfacet
facet normal -0.3309851289 -0.9427036047 -0.04193769768
outer loop
vertex 68.3391037 57.74893951 214.1173401
vertex 65.06609344 59.02588654 211.244873
vertex 70.12258148 57.12380219 214.0938416

endloop
endfacet
facet normal -0.281390965 -0.8214482069 0.4960260093
outer loop
vertex 68.33913422 57.74892426 214.1173401
vertex 70.122612 57.12378693 214.0938263
vertex 80.59990692 55.74646759 217.7565765

endloop
endfacet
facet normal -0.330602169 0 0.9437702298
outer loop
vertex 80.59990692 55.74646759 217.7565765
vertex 70.122612 57.12378693 214.0938263
vertex 80.59990692 55.74645233 217.7565765

endloop
endfacet
facet normal -0.1028184369 0.7423255444 -0.6621035933
outer loop
vertex 112.1325302 29.08104706 103.7969666
vertex 112.1324692 29.0810318 103.7969589
vertex 107.7916183 31.76873016 107.4843979

endloop
endfacet
facet normal -0.7036380172 -0.2016473562 -0.6813456416
outer loop
vertex 107.7916183 31.76873016 107.4843979
vertex 112.1324692 29.0810318 103.7969589
vertex 108.1637497 30.64446259 107.4328232

endloop
endfacet
facet normal -0.8078778982 -0.2427712083 -0.537024498
outer loop
vertex 107.7916183 31.76873016 107.4843979
vertex 108.1637497 30.64446259 107.4328232
vertex 105.3358994 33.9564743 110.1896744

endloop
endfacet
facet normal -0.7632654905 -0.1238787398 -0.6340976357
outer loop
vertex 105.3358994 33.9564743 110.1896744
vertex 108.1637497 30.64446259 107.4328232
vertex 105.6371384 32.31212616 110.1483154

endloop
endfacet
facet normal -0.8567211628 -0.1444949061 -0.4951263368
outer loop
vertex 105.3358994 33.9564743 110.1896744
vertex 105.6371384 32.31212616 110.1483154
vertex 103.610405 35.84792328 112.6233215

endloop
endfacet
facet normal -0.8287300467 -0.08817888796 -0.5526581407
outer loop
vertex 103.610405 35.84792328 112.6233215
vertex 105.6371384 32.31212616 110.1483154
vertex 103.8380966 33.80890656 112.6072235

endloop
endfacet
facet normal -0.8707761168 -0.09342619777 -0.4827219844
outer loop
vertex 103.610405 35.84792328 112.6233215
vertex 103.8380966 33.80890656 112.6072235
vertex 102.0685043 37.74823761 115.0369492

endloop
endfacet
facet normal -0.8826043606 -0.1153836176 -0.4557369351
outer loop
vertex 102.0685043 37.74823761 115.0369492
vertex 103.8380966 33.80890656 112.6072235
vertex 102.356163 35.49185944 115.0511246

endloop
endfacet
facet normal -0.859315753 -0.1126856506 -0.4988770783
outer loop
vertex 102.0685043 37.74823761 115.0369492
vertex 102.356163 35.49185944 115.0511246
vertex 100.417778 39.59584808 117.4629898

endloop
endfacet
facet normal -0.9182723165 -0.2563975155 -0.3017219901
outer loop
vertex 100.417778 39.59584808 117.4629898
vertex 102.356163 35.49185944 115.0511246
vertex 101.0492172 37.30783844 117.4855499

endloop
endfacet
facet normal -0.8399934173 -0.2366321981 -0.4882789254
outer loop
vertex 100.417778 39.59584808 117.4629898
vertex 101.0492172 37.30782318 117.4855499
vertex 98.63335419 40.87215424 119.9142303

endloop
endfacet
facet normal -0.8630135059 -0.3168292344 -0.3934804499
outer loop
vertex 98.63335419 40.87215424 119.9142303
vertex 101.0492172 37.30782318 117.4855499
vertex 99.52681732 38.43595123 119.9162369

endloop
endfacet
facet normal -0.8290460706 -0.30442518 -0.4690499604
outer loop
vertex 98.6333847 40.87216949 119.9142303
vertex 99.52681732 38.43596649 119.9162445
vertex 97.13652802 41.15766144 122.3746338

endloop
endfacet
facet normal -0.8377124071 -0.3966141641 -0.3754133582
outer loop
vertex 97.13652802 41.15766144 122.3746338
vertex 99.52681732 38.43596649 119.9162445
vertex 98.36968231 38.56755829 122.3592987

endloop
endfacet
facet normal -0.8356040716 -0.3955664635 -0.3811732829
outer loop
vertex 97.13652802 41.15763092 122.3746185
vertex 98.36965179 38.56752777 122.3592834
vertex 96.21352386 40.72809601 124.8437729

endloop
endfacet
facet normal -0.8044756651 -0.5527415276 -0.2174759805
outer loop
vertex 96.21352386 40.72809601 124.8437729
vertex 98.36965179 38.56752777 122.3592834
vertex 97.95949554 38.1954422 124.8222122

endloop
endfacet
facet normal -0.7883272767 -0.5409654379 -0.2930810452
outer loop
vertex 96.21352386 40.72809601 124.8437729
vertex 97.95949554 38.1954422 124.8222122
vertex 95.54109955 40.35662079 127.3381195

endloop
endfacet
facet normal -0.703230679 -0.7076966763 -0.06805944443
outer loop
vertex 95.54109955 40.35662079 127.3381195
vertex 97.95949554 38.1954422 124.8222122
vertex 97.80931854 38.10573578 127.3067169

endloop
endfacet
facet normal -0.6989848018 -0.7025004029 -0.133840993
outer loop
vertex 95.54109955 40.35662079 127.3381195
vertex 97.80931854 38.10573578 127.3067169
vertex 94.83452606 40.57750702 129.8688202

endloop
endfacet
facet normal -0.5572263002 -0.8180837631 0.1422593743
outer loop
vertex 94.83452606 40.57750702 129.8688202
vertex 97.80931854 38.10573578 127.3067169
vertex 97.61907196 38.67197418 129.8177643

endloop
endfacet
facet normal -0.5648542643 -0.8245429397 -0.03268930689
outer loop
vertex 94.83452606 40.57750702 129.8688202
vertex 97.61907196 38.67197418 129.8177643
vertex 93.81096649 41.17664337 132.4430084

endloop
endfacet
facet normal -0.4624279737 -0.8719036579 0.1610729098
outer loop
vertex 93.81096649 41.17664337 132.4430084
vertex 97.61907196 38.67197418 129.8177643
vertex 96.9154892 39.51519012 132.3622437

endloop
endfacet
facet normal -0.4715120792 -0.8761982918 -0.09976409376
outer loop
vertex 93.81096649 41.17664337 132.4430084
vertex 96.9154892 39.51519012 132.3622437
vertex 92.32933807 41.6778183 135.0439148

endloop
endfacet
facet normal -0.3668783307 -0.9229018688 0.1168428957
outer loop
vertex 92.32933807 41.6778183 135.0439148
vertex 96.9154892 39.51519012 132.3622437
vertex 95.74748993 40.30731964 134.9515686

endloop
endfacet
facet normal -0.3714379668 -0.9281140566 0.02526623756
outer loop
vertex 92.32930756 41.67780304 135.0439148
vertex 95.74745941 40.30731964 134.9515533
vertex 91.21141815 42.19658661 137.6665344

endloop
endfacet
facet normal -0.3322974145 -0.9381096363 0.09761577845
outer loop
vertex 91.21141815 42.19658661 137.6665344
vertex 95.74745941 40.30731964 134.9515533
vertex 94.85509491 40.89775848 137.5880737

endloop
endfacet
facet normal -0.3341620266 -0.9408386946 0.05619853362
outer loop
vertex 91.21141815 42.19658661 137.6665344
vertex 94.85509491 40.89775848 137.5880737
vertex 89.80654144 42.85443878 140.3263245

endloop
endfacet
facet normal -0.3161168098 -0.9442575574 0.09191176295
outer loop
vertex 89.80654144 42.85443878 140.3263245
vertex 94.85509491 40.89775848 137.5880737
vertex 93.61067963 41.57376862 140.2530975

endloop
endfacet
facet normal -0.318129003 -0.9472299218 0.03936298564
outer loop
vertex 89.80654144 42.85443878 140.3263245
vertex 93.61067963 41.57376862 140.2530975
vertex 88.01894379 43.56674957 143.0201111

endloop
endfacet
facet normal -0.2994550765 -0.950779438 0.07965682447
outer loop
vertex 88.01894379 43.56674957 143.0201111
vertex 93.61067963 41.57376862 140.2530975
vertex 91.94481659 42.32402802 142.9456482

endloop
endfacet
facet normal -0.2982953191 -0.9486504197 0.1052729115
outer loop
vertex 88.01894379 43.56674957 143.0201111
vertex 91.94481659 42.32402802 142.9456482
vertex 84.73427582 44.91014862 145.8186951

endloop
endfacet
facet normal -0.267267704 -0.9464411139 0.1811548769
outer loop
vertex 84.73427582 44.91014862 145.8186951
vertex 91.94481659 42.32402802 142.9456482
vertex 88.88289642 43.72333527 145.7388916

endloop
endfacet
facet normal -0.2552880943 -0.9136379957 0.3163757324
outer loop
vertex 84.73430634 44.91017914 145.8186951
vertex 88.88292694 43.72335052 145.7389221
vertex 78.48012543 47.685112 148.7856293

endloop
endfacet
facet normal -0.3057365716 -0.93618536 0.1734418869
outer loop
vertex 78.48012543 47.685112 148.7856293
vertex 88.88292694 43.72335052 145.7389221
vertex 82.68422699 46.28949738 148.6633606

endloop
endfacet
facet normal -0.3099695444 -0.943795383 0.1147572622
outer loop
vertex 78.48012543 47.685112 148.7856293
vertex 82.68422699 46.28949738 148.6633606
vertex 73.52944183 49.67160797 151.750885

endloop
endfacet
facet normal -0.1673354656 -0.8723281026 0.4593937695
outer loop
vertex 73.52944183 49.67160797 151.750885
vertex 82.68422699 46.28949738 148.6633606
vertex 78.12252045 48.72928619 151.6345825

endloop
endfacet
facet normal -0.2018294334 -0.9784892201 -0.04270434007
outer loop
vertex 73.52944183 49.67160797 151.750885
vertex 78.12252045 48.72928619 151.6345825
vertex 70.31887054 50.20789337 154.636734

endloop
endfacet
facet normal -0.01103070192 -0.9081102014 0.4185858965
outer loop
vertex 70.31887054 50.20789337 154.636734
vertex 78.12252045 48.72928619 151.6345825
vertex 75.30037689 50.11792755 154.5728302

endloop
endfacet
facet normal -0.01590645313 -0.9883365035 0.1514527798
outer loop
vertex 70.31887054 50.20789337 154.636734
vertex 75.30037689 50.11792755 154.5728302
vertex 68.03237152 50.68950653 157.5394592

endloop
endfacet
facet normal 0.06428948045 -0.9388093948 0.3383840919
outer loop
vertex 68.03237152 50.68950653 157.5394592
vertex 75.30037689 50.11792755 154.5728302
vertex 72.92507172 51.01517487 157.5134277

endloop
endfacet
facet normal 0.06518181413 -0.956546545 0.2842006087
outer loop
vertex 68.03237152 50.68950653 157.5394592
vertex 72.92507172 51.01517487 157.5134277
vertex 67.14369965 51.49610138 160.4580688

endloop
endfacet
facet normal 0.07931879163 -0.9472771287 0.3104426563
outer loop
vertex 67.14369965 51.49610138 160.4580688
vertex 72.92507172 51.01517487 157.5134277
vertex 71.80922699 51.88677216 160.4580994

endloop
endfacet
facet normal 0.08092661202 -0.9664729834 0.2436818033
outer loop
vertex 67.14369965 51.49610138 160.4580688
vertex 71.80922699 51.88677216 160.4580994
vertex 66.89192963 52.20317841 163.3460388

endloop
endfacet
facet normal 0.08582051843 -0.9639818072 0.2517417371
outer loop
vertex 66.89192963 52.20317841 163.3460388
vertex 71.80922699 51.88677216 160.4580994
vertex 71.4943161 52.61951447 163.3713074

endloop
endfacet
facet normal 0.08392230421 -0.9466201663 0.3112351596
outer loop
vertex 66.89192963 52.20319366 163.3460388
vertex 71.4943161 52.61952972 163.3713226
vertex 66.38231659 53.1120224 166.2476501

endloop
endfacet
facet normal 0.06616644561 -0.9572764635 0.2815028727
outer loop
vertex 66.38231659 53.1120224 166.2476501
vertex 71.4943161 52.61952972 163.3713226
vertex 70.93502045 53.43343353 166.2705383

endloop
endfacet
facet normal 0.06317607313 -0.9220642447 0.3818459809
outer loop
vertex 66.38231659 53.1120224 166.2476501
vertex 70.93502045 53.43343353 166.2705383
vertex 65.69237518 54.27057648 169.1594238

endloop
endfacet
facet normal 0.02987748198 -0.9442578554 0.327848196
outer loop
vertex 65.69237518 54.27057648 169.1594238
vertex 70.93502045 53.43343353 166.2705383
vertex 70.24129486 54.41559601 169.1625519

endloop
endfacet
facet normal 0.03010743298 -0.9510341287 0.3076159358
outer loop
vertex 65.69237518 54.27057648 169.1594238
vertex 70.24129486 54.41559601 169.1625519
vertex 64.7168808 55.16799164 172.0293732

endloop
endfacet
facet normal 0.01638612896 -0.9589086771 0.2832413912
outer loop
vertex 64.7168808 55.16799164 172.0293732
vertex 70.24129486 54.41559601 169.1625519
vertex 69.42156219 55.251091 172.0385284

endloop
endfacet
facet normal 0.01626786962 -0.9537283182 0.3002292514
outer loop
vertex 64.71691132 55.16799164 172.0293884
vertex 69.42156219 55.25112152 172.0385437
vertex 62.11277008 56.01869965 174.8729095

endloop
endfacet
facet normal 0.02372426726 -0.9478401542 0.3178619742
outer loop
vertex 62.11277008 56.01869965 174.8729095
vertex 69.42156219 55.25112152 172.0385437
vertex 67.08290863 56.15291595 174.9021759

endloop
endfacet
facet normal 0.02567423694 -0.9862869978 0.1630298048
outer loop
vertex 62.11277008 56.01869965 174.8729095
vertex 67.08290863 56.15291595 174.9021759
vertex 57.03783417 56.34604645 177.6524811

endloop
endfacet
facet normal 0.0690523982 -0.9453744292 0.3185890615
outer loop
vertex 57.03783417 56.34604645 177.6524811
vertex 67.08290863 56.15291595 174.9021759
vertex 62.63057709 56.77523041 177.7138367

endloop
endfacet
facet normal 0.07484894991 -0.9910689592 0.1103628948
outer loop
vertex 57.03781891 56.34601593 177.6524811
vertex 62.63054657 56.77523041 177.7138367
vertex 54.58768463 56.46874237 180.416275

endloop
endfacet
facet normal 0.1124043912 -0.9679090977 0.22476013
outer loop
vertex 54.58768463 56.46874237 180.416275
vertex 62.63054657 56.77523041 177.7138367
vertex 60.06594086 57.12406158 180.4986267

endloop
endfacet
facet normal 0.105106391 -0.9246519208 0.3660210669
outer loop
vertex 54.58768463 56.46874237 180.416275
vertex 60.06594086 57.12406158 180.4986267
vertex 51.1283493 57.19939423 183.2554474

endloop
endfacet
facet normal 0.1175069362 -0.9064101577 0.4057250917
outer loop
vertex 51.1283493 57.19939423 183.2554474
vertex 60.06594086 57.12406158 180.4986267
vertex 55.4990921 57.78833771 183.3053131

endloop
endfacet
facet normal 0.1319538206 -0.9870217443 0.09152244031
outer loop
vertex 51.1283493 57.19939423 183.2554474
vertex 55.4990921 57.78833771 183.3053131
vertex 46.24571991 56.79969025 185.9844513

endloop
endfacet
facet normal 0.1647827923 -0.9628747106 0.2138197869
outer loop
vertex 46.24571991 56.79969025 185.9844513
vertex 55.4990921 57.78833771 183.3053131
vertex 51.43648529 57.7125473 186.0949097

endloop
endfacet
facet normal 0.1545887589 -0.9219928384 0.3550090194
outer loop
vertex 46.24573517 56.79972076 185.9844666
vertex 51.43650055 57.71257782 186.0949249
vertex 44.54306793 57.60988617 188.8299713

endloop
endfacet
facet normal 0.1490036547 -0.9282909632 0.3406958878
outer loop
vertex 44.54306793 57.60988617 188.8299713
vertex 51.43650055 57.71257782 186.0949249
vertex 49.97524261 58.53368378 188.9712677

endloop
endfacet
facet normal 0.1425780356 -0.901047945 0.4096148014
outer loop
vertex 44.54306793 57.60988617 188.8299713
vertex 49.97524261 58.53368378 188.9712677
vertex 46.63809967 59.27309418 191.7593689

endloop
endfacet
facet normal 0.1280220747 -0.90991503 0.3945440054
outer loop
vertex 46.63809967 59.27309418 191.7593689
vertex 49.97524261 58.53368378 188.9712677
vertex 50.60622406 59.86890411 191.845871

endloop
endfacet
facet normal 0.141578272 -0.9709355235 0.1929760724
outer loop
vertex 46.63809967 59.27309418 191.7593689
vertex 50.60622406 59.86890411 191.845871
vertex 48.43991852 60.10327911 194.6144257

endloop
endfacet
facet normal 0.1312193573 -0.9739152789 0.185122788
outer loop
vertex 48.43991852 60.10327911 194.6144257
vertex 50.60622406 59.86890411 191.845871
vertex 51.91257477 60.57662201 194.6431427

endloop
endfacet
facet normal 0.132110849 -0.978761375 0.1567575186
outer loop
vertex 48.43991852 60.10329437 194.6144409
vertex 51.91257477 60.57662201 194.6431427
vertex 51.11182404 60.92380524 197.485733

endloop
endfacet
facet normal 0.1154327542 -0.9815545678 0.1524004936
outer loop
vertex 51.11182404 60.92380524 197.485733
vertex 51.91257477 60.57662201 194.6431427
vertex 54.58083344 61.33358002 197.497406

endloop
endfacet
facet normal 0.1153957769 -0.9812903404 0.1541200727
outer loop
vertex 51.11182404 60.92380524 197.485733
vertex 54.58083344 61.33358002 197.497406
vertex 56.13852692 61.96550751 200.3546143

endloop
endfacet
facet normal 0.03746481612 -0.9798310995 0.1962837279
outer loop
vertex 56.13852692 61.96550751 200.3546143
vertex 54.58083344 61.33358002 197.497406
vertex 59.2609024 62.08531952 200.3567352

endloop
endfacet
facet normal 0.03834252805 -0.998580277 -0.03697544709
outer loop
vertex 56.13854218 61.96550751 200.3546295
vertex 59.26091766 62.08531952 200.3567352
vertex 60.74619293 62.041008 203.0936279

endloop
endfacet
facet normal -0.1121665984 -0.9926789403 0.04479940608
outer loop
vertex 60.74619293 62.041008 203.0936279
vertex 59.26091766 62.08531952 200.3567352
vertex 63.80509186 61.6954422 203.0951996

endloop
endfacet
facet normal -0.1100177988 -0.9747456312 -0.1943373531
outer loop
vertex 60.74619293 62.041008 203.0936279
vertex 63.80509186 61.6954422 203.0951996
vertex 61.77825165 61.38324738 205.8085175

endloop
endfacet
facet normal -0.2057373077 -0.942836225 -0.26216802
outer loop
vertex 61.77825165 61.38324738 205.8085175
vertex 63.80509186 61.6954422 203.0951996
vertex 64.65944672 60.75609589 205.8029175

endloop
endfacet
facet normal -0.2025940418 -0.9279432893 -0.3128528893
outer loop
vertex 61.77825165 61.38324738 205.8085175
vertex 64.65944672 60.75609589 205.8029175
vertex 61.31510162 60.55324554 208.570282

endloop
endfacet
facet normal -0.2213328481 -0.9159910083 -0.3346225023
outer loop
vertex 61.31510162 60.55324554 208.570282
vertex 64.65944672 60.75609589 205.8029175
vertex 63.87751007 59.94982147 208.5272064

endloop
endfacet
facet normal -0.2270018905 -0.9480137825 -0.223024711
outer loop
vertex 61.31513214 60.5532608 208.5702972
vertex 63.87751007 59.94983673 208.5272064
vertex 65.06609344 59.02588654 211.244873

endloop
endfacet
facet normal -0.2758783996 -0.9403573871 -0.1990453601
outer loop
vertex 65.06609344 59.02588654 211.244873
vertex 63.87751007 59.94983673 208.5272064
vertex 67.3391037 58.36708832 211.2068481

endloop
endfacet
facet normal -0.2777629197 -0.9501869082 -0.1413952857
outer loop
vertex 65.06609344 59.02588654 211.244873
vertex 67.3391037 58.36708832 211.2068481
vertex 70.12258148 57.12380219 214.0938416

endloop
endfacet
facet normal -0.3360634744 -0.9384253621 -0.08011997491
outer loop
vertex 70.12258148 57.12380219 214.0938416
vertex 67.3391037 58.36708832 211.2068481
vertex 71.82045746 56.51715851 214.0775604

endloop
endfacet
facet normal -0.2850366533 -0.8114402294 0.5102145076
outer loop
vertex 70.122612 57.12378693 214.0938263
vertex 71.82045746 56.51714325 214.0775452
vertex 80.59990692 55.74645233 217.7565765

endloop
endfacet
facet normal -0.3905361295 -0.07209897786 0.9177598953
outer loop
vertex 80.59990692 55.74645233 217.7565765
vertex 71.82045746 56.51714325 214.0775452
vertex 80.5998764 55.74642181 217.7565613

endloop
endfacet
facet normal -0.07975641638 -0.9443841577 0.3190256655
outer loop
vertex 112.1324692 29.08104706 103.7969589
vertex 112.1324997 29.08104706 103.7969666
vertex 108.1637497 30.64446259 107.4328232

endloop
endfacet
facet normal -0.7031465173 -0.1942573935 -0.6839949489
outer loop
vertex 108.1637497 30.64446259 107.4328232
vertex 112.1324997 29.08104706 103.7969666
vertex 108.4976425 29.57538605 107.3932037

endloop
endfacet
facet normal -0.7779964805 -0.2211903781 -0.5880444646
outer loop
vertex 108.1637497 30.64446259 107.4328232
vertex 108.4976425 29.57538605 107.3932037
vertex 105.6371384 32.31209564 110.1483154

endloop
endfacet
facet normal -0.7749096751 -0.2096701413 -0.5962830186
outer loop
vertex 105.6371384 32.31209564 110.1483154
vertex 108.4976425 29.57538605 107.3932037
vertex 106.0589828 30.87491608 110.1054535

endloop
endfacet
facet normal -0.8470478654 -0.2344005257 -0.4770390987
outer loop
vertex 105.6371384 32.31209564 110.1483154
vertex 106.0589828 30.87491608 110.1054535
vertex 103.8381271 33.80890656 112.6072235

endloop
endfacet
facet normal -0.825902462 -0.1656112671 -0.5389416814
outer loop
vertex 103.8381271 33.80890656 112.6072235
vertex 106.0589828 30.87491608 110.1054535
vertex 104.2300644 31.92910004 112.5842438

endloop
endfacet
facet normal -0.891233325 -0.1807358712 -0.4159779847
outer loop
vertex 103.8381271 33.80890656 112.6072235
vertex 104.2300644 31.92910004 112.5842438
vertex 102.356163 35.49185944 115.0511169

endloop
endfacet
facet normal -0.8683693409 -0.1243244931 -0.4800814688
outer loop
vertex 102.356163 35.49185944 115.0511169
vertex 104.2300644 31.92910004 112.5842438
vertex 102.6823654 33.23007965 115.0468063

endloop
endfacet
facet normal -0.9108399153 -0.1306185275 -0.3915474713
outer loop
vertex 102.356163 35.49185944 115.0511169
vertex 102.6823654 33.23007965 115.0468063
vertex 101.0492477 37.30783844 117.4855347

endloop
endfacet
facet normal -0.9323171377 -0.1889877915 -0.3083316088
outer loop
vertex 101.0492477 37.30783844 117.4855347
vertex 102.6823654 33.23007965 115.0468063
vertex 101.5431137 34.85315704 117.4967728

endloop
endfacet
facet normal -0.8689769506 -0.176939711 -0.4621379673
outer loop
vertex 101.0492477 37.30782318 117.4855347
vertex 101.5430832 34.8531723 117.4967728
vertex 99.52684784 38.43595123 119.9162369

endloop
endfacet
facet normal -0.9061290026 -0.3398554623 -0.2518500984
outer loop
vertex 99.52684784 38.43595123 119.9162369
vertex 101.5430832 34.8531723 117.4967728
vertex 100.4603806 35.92925262 119.9401169

endloop
endfacet
facet normal -0.8614704609 -0.3245318234 -0.390573591
outer loop
vertex 99.52687836 38.43596649 119.9162521
vertex 100.4603806 35.92925262 119.9401245
vertex 98.36968231 38.56754303 122.3592987

endloop
endfacet
facet normal -0.8491689563 -0.4881825745 -0.2014690489
outer loop
vertex 98.36968231 38.56754303 122.3592987
vertex 100.4603806 35.92925262 119.9401245
vertex 99.79277802 36.08252716 122.3825912

endloop
endfacet
facet normal -0.8467033505 -0.4868800044 -0.2145724595
outer loop
vertex 98.36968231 38.56752777 122.3592834
vertex 99.7927475 36.08249664 122.382576
vertex 97.95949554 38.19542694 124.8222046

endloop
endfacet
facet normal -0.7891321182 -0.610889852 -0.06390731782
outer loop
vertex 97.95949554 38.19542694 124.8222046
vertex 99.7927475 36.08249664 122.382576
vertex 99.80059052 35.81664276 124.8270264

endloop
endfacet
facet normal -0.7888180017 -0.6106586456 -0.06972915679
outer loop
vertex 97.95949554 38.19542694 124.8222046
vertex 99.80059052 35.81664276 124.8270264
vertex 97.80931854 38.10572052 127.3067093

endloop
endfacet
facet normal -0.6797065139 -0.7232897282 0.121864818
outer loop
vertex 97.80931854 38.10572052 127.3067093
vertex 99.80059052 35.81664276 124.8270264
vertex 100.1173325 35.93497467 127.29599

endloop
endfacet
facet normal -0.6805476546 -0.7241341472 0.1117352843
outer loop
vertex 97.80931854 38.10572052 127.3067093
vertex 100.1173325 35.93497467 127.29599
vertex 97.61907196 38.67197418 129.817749

endloop
endfacet
facet normal -0.5037161708 -0.7873278856 0.3555065095
outer loop
vertex 97.61907196 38.67197418 129.817749
vertex 100.1173325 35.93497467 127.29599
vertex 100.4398422 36.87023163 129.824234

endloop
endfacet
facet normal -0.5339984894 -0.8355516195 0.1292252094
outer loop
vertex 97.61907196 38.67197418 129.817749
vertex 100.4398422 36.87023163 129.824234
vertex 96.9154892 39.51515961 132.3622437

endloop
endfacet
facet normal -0.3843441904 -0.8523813486 0.3545780778
outer loop
vertex 96.9154892 39.51515961 132.3622437
vertex 100.4398422 36.87023163 129.824234
vertex 100.0666428 38.10607147 132.3905792

endloop
endfacet
facet normal -0.4070992172 -0.9085024595 0.09430551529
outer loop
vertex 96.9154892 39.51515961 132.3622437
vertex 100.0666428 38.10607147 132.3905792
vertex 95.74748993 40.30731964 134.9515686

endloop
endfacet
facet normal -0.3511860073 -0.9158009291 0.1948773414
outer loop
vertex 95.74748993 40.30731964 134.9515686
vertex 100.0666428 38.10607147 132.3905792
vertex 99.12187958 39.01622772 134.9651947

endloop
endfacet
facet normal -0.3562815189 -0.9302489758 0.08775208145
outer loop
vertex 95.74745941 40.30728912 134.9515533
vertex 99.12184906 39.0161972 134.9651794
vertex 94.85512543 40.89775848 137.588089

endloop
endfacet
facet normal -0.3009846807 -0.9361172915 0.1819138378
outer loop
vertex 94.85512543 40.89775848 137.588089
vertex 99.12184906 39.0161972 134.9651794
vertex 98.37044525 39.76978302 137.5998535

endloop
endfacet
facet normal -0.3043513 -0.9474821091 0.09822352231
outer loop
vertex 94.85512543 40.89775848 137.588089
vertex 98.37044525 39.76978302 137.5998535
vertex 93.61071014 41.57376862 140.2531128

endloop
endfacet
facet normal -0.2940966487 -0.9485452175 0.1173423454
outer loop
vertex 93.61071014 41.57376862 140.2531128
vertex 98.37044525 39.76978302 137.5998535
vertex 97.25804901 40.44283295 140.2524872

endloop
endfacet
facet normal -0.2951351702 -0.951875329 0.08263532072
outer loop
vertex 93.61071014 41.57376862 140.2531128
vertex 97.25804901 40.44283295 140.2524872
vertex 91.94484711 42.32402802 142.9456482

endloop
endfacet
facet normal -0.3375692666 -0.9412623644 -0.008493944071
outer loop
vertex 91.94484711 42.32402802 142.9456482
vertex 97.25804901 40.44283295 140.2524872
vertex 95.74401093 40.96189117 142.9041138

endloop
endfacet
facet normal -0.3347358406 -0.9367389679 0.1023330316
outer loop
vertex 91.94484711 42.32402802 142.9456482
vertex 95.74401093 40.96189117 142.9041138
vertex 88.88289642 43.72333527 145.7388916

endloop
endfacet
facet normal -0.3437376022 -0.9356923103 0.07952617109
outer loop
vertex 88.88289642 43.72333527 145.7388916
vertex 95.74401093 40.96189117 142.9041138
vertex 92.95522308 42.22058868 145.6597137

endloop
endfacet
facet normal -0.3431061506 -0.9346889257 0.0929229185
outer loop
vertex 88.88292694 43.72335052 145.7389221
vertex 92.9552536 42.22060394 145.6597137
vertex 82.68425751 46.28949738 148.6633606

endloop
endfacet
facet normal -0.2722168863 -0.9125193357 0.3052974045
outer loop
vertex 82.68425751 46.28949738 148.6633606
vertex 92.9552536 42.22060394 145.6597137
vertex 87.21367645 44.91503143 148.5937805

endloop
endfacet
facet normal -0.2695528269 -0.9049526453 0.329244554
outer loop
vertex 82.68425751 46.28949738 148.6633606
vertex 87.21367645 44.91503143 148.5937805
vertex 78.12255096 48.72927094 151.6345825

endloop
endfacet
facet normal -0.2146592438 -0.8682380915 0.4473075569
outer loop
vertex 78.12255096 48.72927094 151.6345825
vertex 87.21367645 44.91503143 148.5937805
vertex 82.72423553 47.55730438 151.5680695

endloop
endfacet
facet normal -0.2378526032 -0.9463371634 0.2187969983
outer loop
vertex 78.12255096 48.72927094 151.6345825
vertex 82.72423553 47.55730438 151.5680695
vertex 75.30040741 50.11792755 154.5728455

endloop
endfacet
facet normal -0.1424872875 -0.8990156651 0.4140872657
outer loop
vertex 75.30040741 50.11792755 154.5728455
vertex 82.72423553 47.55730438 151.5680695
vertex 79.70211029 49.39240265 154.5122986

endloop
endfacet
facet normal -0.1580230147 -0.9728326201 0.1691904813
outer loop
vertex 75.30040741 50.11792755 154.5728455
vertex 79.70211029 49.39240265 154.5122986
vertex 72.92510223 51.01517487 157.5134277

endloop
endfacet
facet normal -0.04780313373 -0.9198195934 0.3894185126
outer loop
vertex 72.92510223 51.01517487 157.5134277
vertex 79.70211029 49.39240265 154.5122986
vertex 77.36220551 50.76848602 157.4754181

endloop
endfacet
facet normal -0.05125037208 -0.9627364278 0.2655409873
outer loop
vertex 72.92510223 51.01517487 157.5134277
vertex 77.36220551 50.76848602 157.4754181
vertex 71.80925751 51.88677216 160.4580994

endloop
endfacet
facet normal 0.02246130258 -0.9216513634 0.387368381
outer loop
vertex 71.80925751 51.88677216 160.4580994
vertex 77.36220551 50.76848602 157.4754181
vertex 76.29363251 51.99869537 160.4643707

endloop
endfacet
facet normal 0.02383799478 -0.9689054489 0.2462802529
outer loop
vertex 71.80925751 51.88677216 160.4580994
vertex 76.29363251 51.99869537 160.4643707
vertex 71.4943161 52.61951447 163.3713074

endloop
endfacet
facet normal 0.06511900574 -0.9484800696 0.3100725412
outer loop
vertex 71.4943161 52.61951447 163.3713074
vertex 76.29363251 51.99869537 160.4643707
vertex 75.86196136 52.9333725 163.4141083

endloop
endfacet
facet normal 0.06602988392 -0.9572911263 0.2814849019
outer loop
vertex 71.49434662 52.61952972 163.3713074
vertex 75.86193085 52.9333725 163.4141083
vertex 70.93502045 53.43344879 166.2705383

endloop
endfacet
facet normal 0.04804819822 -0.9665118456 0.2520834804
outer loop
vertex 70.93502045 53.43344879 166.2705383
vertex 75.86193085 52.9333725 163.4141083
vertex 74.9852829 53.6432724 166.3030243

endloop
endfacet
facet normal 0.04616761208 -0.9424507618 0.3311420977
outer loop
vertex 70.93502045 53.43344879 166.2705383
vertex 74.9852829 53.6432724 166.3030243
vertex 70.24129486 54.41561127 169.1625519

endloop
endfacet
facet normal 0.00580719905 -0.9629231691 0.2697131336
outer loop
vertex 70.24129486 54.41561127 169.1625519
vertex 74.9852829 53.6432724 166.3030243
vertex 73.83879852 54.43839264 169.1664276

endloop
endfacet
facet normal 0.005776055157 -0.9598402381 0.2804877758
outer loop
vertex 70.24129486 54.41561127 169.1625519
vertex 73.83879852 54.43839264 169.1664276
vertex 69.42159271 55.25110626 172.0385284

endloop
endfacet
facet normal -0.02291928791 -0.9706472158 0.2394132614
outer loop
vertex 69.42159271 55.25110626 172.0385284
vertex 73.83879852 54.43839264 169.1664276
vertex 72.98970795 55.16065216 172.013382

endloop
endfacet
facet normal -0.02230749279 -0.9586592317 0.2836809754
outer loop
vertex 69.42159271 55.25112152 172.0385437
vertex 72.98970795 55.16065216 172.0133972
vertex 67.08290863 56.15293121 174.9021759

endloop
endfacet
facet normal -0.03178559616 -0.9634625316 0.2659506202
outer loop
vertex 67.08290863 56.15293121 174.9021759
vertex 72.98970795 55.16065216 172.0133972
vertex 71.00222015 56.01544952 174.8725433

endloop
endfacet
facet normal -0.03332471102 -0.9856649041 0.165391013
outer loop
vertex 67.08290863 56.15293121 174.9021759
vertex 71.00222015 56.01544952 174.8725433
vertex 62.63057709 56.77524567 177.7138214

endloop
endfacet
facet normal 0.0496911183 -0.9185978174 0.3920571506
outer loop
vertex 62.63057709 56.77524567 177.7138214
vertex 71.00222015 56.01544952 174.8725433
vertex 67.18257904 57.04056549 177.7585297

endloop
endfacet
facet normal 0.05558739975 -0.9831150174 0.1743408889
outer loop
vertex 62.63056183 56.77523041 177.7138214
vertex 67.18254852 57.04053497 177.7585144
vertex 60.06597137 57.12406158 180.4985962

endloop
endfacet
facet normal 0.1076133847 -0.9451804757 0.3083071113
outer loop
vertex 60.06597137 57.12406158 180.4985962
vertex 67.18254852 57.04053497 177.7585144
vertex 64.2854538 57.62819672 180.5713348

endloop
endfacet
facet normal 0.1029668823 -0.917304337 0.3846433461
outer loop
vertex 60.06597137 57.12406158 180.4985962
vertex 64.2854538 57.62819672 180.5713348
vertex 55.49910736 57.78833771 183.3052979

endloop
endfacet
facet normal 0.1177906096 -0.8946518302 0.4309566021
outer loop
vertex 55.49910736 57.78833771 183.3052979
vertex 64.2854538 57.62819672 180.5713348
vertex 58.70320892 58.24199677 183.3713226

endloop
endfacet
facet normal 0.1347273439 -0.9762465954 0.1696792245
outer loop
vertex 55.49910736 57.78833771 183.3052979
vertex 58.70320892 58.24199677 183.3713226
vertex 51.43650055 57.71253204 186.0949097

endloop
endfacet
facet normal 0.1689112037 -0.9490088224 0.266179055
outer loop
vertex 51.43650055 57.71253204 186.0949097
vertex 58.70320892 58.24199677 183.3713226
vertex 56.05428314 58.56348419 186.1984711

endloop
endfacet
facet normal 0.1624942422 -0.9239388704 0.3463127911
outer loop
vertex 51.43653107 57.71256256 186.0949249
vertex 56.05431366 58.56351471 186.1984863
vertex 49.97525787 58.53368378 188.9712677

endloop
endfacet
facet normal 0.1564634889 -0.9298450947 0.3330273926
outer loop
vertex 49.97525787 58.53368378 188.9712677
vertex 56.05431366 58.56351471 186.1984863
vertex 55.21033478 59.45160675 189.074646

endloop
endfacet
facet normal 0.1516624689 -0.9087470174 0.3888152242
outer loop
vertex 49.97525787 58.53368378 188.9712677
vertex 55.21033478 59.45160675 189.074646
vertex 50.60622406 59.86890411 191.8458557

endloop
endfacet
facet normal 0.1336274594 -0.9229463935 0.3609898984
outer loop
vertex 50.60622406 59.86890411 191.8458557
vertex 55.21033478 59.45160675 189.074646
vertex 55.74112701 60.64807892 191.9371948

endloop
endfacet
facet normal 0.1444987357 -0.973226428 0.1787469387
outer loop
vertex 50.60622406 59.86890411 191.8458557
vertex 55.74112701 60.64807892 191.9371948
vertex 51.91257477 60.57662201 194.6431274

endloop
endfacet
facet normal 0.1361762583 -0.9765273333 0.1668845415
outer loop
vertex 51.91257477 60.57662201 194.6431274
vertex 55.74112701 60.64807892 191.9371948
vertex 57.0754776 61.30640411 194.7005768

endloop
endfacet
facet normal 0.137294963 -0.9816954732 0.1320003867
outer loop
vertex 51.91259003 60.57662201 194.6431274
vertex 57.0754776 61.30640411 194.700592
vertex 54.58083344 61.33358002 197.497406

endloop
endfacet
facet normal 0.1171635389 -0.9865373373 0.1140910313
outer loop
vertex 54.58083344 61.33358002 197.497406
vertex 57.0754776 61.30640411 194.700592
vertex 58.31487274 61.77979279 197.5211792

endloop
endfacet
facet normal 0.1179617792 -0.9907289743 0.06738846004
outer loop
vertex 54.58083344 61.33358002 197.497406
vertex 58.31487274 61.77979279 197.5211792
vertex 59.2609024 62.08530426 200.3567352

endloop
endfacet
facet normal -0.01902269199 -0.9933701158 0.1133752763
outer loop
vertex 59.2609024 62.08530426 200.3567352
vertex 58.31487274 61.77979279 197.5211792
vertex 61.91359711 62.03424835 200.3544769

endloop
endfacet
facet normal -0.01921424828 -0.9937903285 -0.1095971763
outer loop
vertex 59.26091766 62.08530426 200.3567352
vertex 61.91361237 62.03426361 200.3544922
vertex 63.80510712 61.6954422 203.0951996

endloop
endfacet
facet normal -0.1734579206 -0.984839201 -0.002039565705
outer loop
vertex 63.80510712 61.6954422 203.0951996
vertex 61.91361237 62.03426361 200.3544922
vertex 66.87133026 61.15546417 203.0612946

endloop
endfacet
facet normal -0.1697067916 -0.9464138746 -0.2747733593
outer loop
vertex 63.80510712 61.6954422 203.0951996
vertex 66.87133026 61.15546417 203.0612946
vertex 64.65944672 60.75611115 205.8029175

endloop
endfacet
facet normal -0.2319235802 -0.9182881117 -0.3208716512
outer loop
vertex 64.65944672 60.75611115 205.8029175
vertex 66.87133026 61.15546417 203.0612946
vertex 67.62398529 60.02335358 205.7572174

endloop
endfacet
facet normal -0.2308477908 -0.9129633904 -0.3364625871
outer loop
vertex 64.65944672 60.75611115 205.8029175
vertex 67.62398529 60.02335358 205.7572174
vertex 63.87751007 59.94982147 208.5272064

endloop
endfacet
facet normal -0.2097983956 -0.9278371334 -0.3083876073
outer loop
vertex 63.87751007 59.94982147 208.5272064
vertex 67.62398529 60.02335358 205.7572174
vertex 66.47048187 59.37851715 208.4820557

endloop
endfacet
facet normal -0.2111942768 -0.9364029169 -0.2802616358
outer loop
vertex 63.87751007 59.94983673 208.5272064
vertex 66.47048187 59.37853241 208.4820709
vertex 67.33913422 58.36710358 211.2068481

endloop
endfacet
facet normal -0.2707650661 -0.9274431467 -0.2579447627
outer loop
vertex 67.33913422 58.36710358 211.2068481
vertex 66.47048187 59.37853241 208.4820709
vertex 69.55339813 57.7309494 211.1698303

endloop
endfacet
facet normal -0.274384141 -0.9445546865 -0.1803600341
outer loop
vertex 67.33913422 58.36710358 211.2068481
vertex 69.55339813 57.7309494 211.1698303
vertex 71.82048798 56.51715851 214.0775604

endloop
endfacet
facet normal -0.3723911941 -0.9231976271 -0.09503109008
outer loop
vertex 71.82048798 56.51715851 214.0775604
vertex 69.55339813 57.7309494 211.1698303
vertex 73.36421967 55.89603424 214.0622864

endloop
endfacet
facet normal -0.3035694063 -0.7683424354 0.5634673238
outer loop
vertex 71.82048798 56.51714325 214.0775604
vertex 73.36421967 55.89601898 214.0622864
vertex 80.59990692 55.74643707 217.7565613

endloop
endfacet
facet normal 0.3511977792 0.6624218225 -0.6617079973
outer loop
vertex 80.59990692 55.74643707 217.7565613
vertex 73.36421967 55.89601898 214.0622864
vertex 80.59990692 55.74645233 217.7565765

endloop
endfacet
facet normal 0.7033202052 0 0.7108731866
outer loop
vertex 112.1324997 29.08104706 103.7969666
vertex 112.1324997 29.08106232 103.7969666
vertex 108.4976425 29.57538605 107.3932037

endloop
endfacet
facet normal -0.7016622424 -0.2130452096 -0.6799131036
outer loop
vertex 108.4976425 29.57538605 107.3932037
vertex 112.1324997 29.08106232 103.7969666
vertex 108.8593674 28.48212433 107.3624725

endloop
endfacet
facet normal -0.7762630582 -0.240459457 -0.5827476978
outer loop
vertex 108.4976425 29.57538605 107.3932037
vertex 108.8593674 28.48212433 107.3624725
vertex 106.0589828 30.87491608 110.1054535

endloop
endfacet
facet normal -0.7874484658 -0.312620461 -0.5312187076
outer loop
vertex 106.0589828 30.87491608 110.1054535
vertex 108.8593674 28.48212433 107.3624725
vertex 106.6240158 29.50714874 110.0728073

endloop
endfacet
facet normal -0.8213964701 -0.3281899095 -0.4664753675
outer loop
vertex 106.0589828 30.87491608 110.1054535
vertex 106.6240158 29.50714874 110.0728073
vertex 104.2300644 31.92910004 112.5842438

endloop
endfacet
facet normal -0.8214043379 -0.3282717764 -0.4664039016
outer loop
vertex 104.2300644 31.92910004 112.5842438
vertex 106.6240158 29.50714874 110.0728073
vertex 104.9525375 30.14641571 112.5665817

endloop
endfacet
facet normal -0.8656650186 -0.3472575545 -0.3606055975
outer loop
vertex 104.2300644 31.92910004 112.5842438
vertex 104.9525375 30.14641571 112.5665817
vertex 102.6823654 33.23007965 115.0468063

endloop
endfacet
facet normal -0.8558863401 -0.2807821035 -0.4343040884
outer loop
vertex 102.6823654 33.23007965 115.0468063
vertex 104.9525375 30.14641571 112.5665817
vertex 103.414238 31.02046967 115.0330353

endloop
endfacet
facet normal -0.9246974587 -0.3048594892 -0.228024587
outer loop
vertex 102.6823654 33.23007965 115.0468063
vertex 103.414238 31.02046967 115.0330353
vertex 101.5431137 34.85315704 117.4967728

endloop
endfacet
facet normal -0.9213255644 -0.2699053586 -0.2798398733
outer loop
vertex 101.5431137 34.85315704 117.4967728
vertex 103.414238 31.02046967 115.0330353
vertex 102.2635727 32.41039276 117.4808273

endloop
endfacet
facet normal -0.9188399911 -0.2691097558 -0.2886399925
outer loop
vertex 101.5430832 34.8531723 117.4967728
vertex 102.2635422 32.41036224 117.4808273
vertex 100.4603806 35.92925262 119.9401169

endloop
endfacet
facet normal -0.9134981036 -0.3920029104 -0.10888087
outer loop
vertex 100.4603806 35.92925262 119.9401169
vertex 102.2635422 32.41036224 117.4808273
vertex 101.5209274 33.4622879 119.9240417

endloop
endfacet
facet normal -0.8965179324 -0.383974582 -0.2209504992
outer loop
vertex 100.4603806 35.92925262 119.9401245
vertex 101.5209274 33.46230316 119.9240417
vertex 99.79277802 36.08252716 122.3825912

endloop
endfacet
facet normal -0.8459888101 -0.5325100422 -0.0271295812
outer loop
vertex 99.79277802 36.08252716 122.3825912
vertex 101.5209274 33.46230316 119.9240417
vertex 101.2981796 33.69229889 122.3555984

endloop
endfacet
facet normal -0.8451566696 -0.5316699743 -0.05511174724
outer loop
vertex 99.7927475 36.08249664 122.382576
vertex 101.2981491 33.69226837 122.3555832
vertex 99.80059052 35.81664276 124.8270264

endloop
endfacet
facet normal -0.7574537992 -0.6457754374 0.09611280262
outer loop
vertex 99.80059052 35.81664276 124.8270264
vertex 101.2981491 33.69226837 122.3555832
vertex 101.732872 33.54375458 124.7837296

endloop
endfacet
facet normal -0.7544517517 -0.6438239217 0.1276451945
outer loop
vertex 99.80059052 35.81664276 124.8270264
vertex 101.732872 33.54375458 124.7837296
vertex 100.1173325 35.93497467 127.29599

endloop
endfacet
facet normal -0.6936244369 -0.6890926957 0.209848702
outer loop
vertex 100.1173325 35.93497467 127.29599
vertex 101.732872 33.54375458 124.7837296
vertex 102.3892746 33.63074493 127.2390289

endloop
endfacet
facet normal -0.6676467657 -0.6664916873 0.3317177892
outer loop
vertex 100.1173325 35.93497467 127.29599
vertex 102.3892746 33.63074493 127.2390289
vertex 100.4398422 36.87023163 129.824234

endloop
endfacet
facet normal -0.63163203 -0.6788747907 0.3743927181
outer loop
vertex 100.4398422 36.87023163 129.824234
vertex 102.3892746 33.63074493 127.2390289
vertex 102.8479843 34.59908295 129.7687683

endloop
endfacet
facet normal -0.6622593403 -0.7081826925 0.244723767
outer loop
vertex 100.4398422 36.87023163 129.824234
vertex 102.8479843 34.59908295 129.7687683
vertex 100.0666428 38.10607147 132.3905792

endloop
endfacet
facet normal -0.53673774 -0.7351921201 0.4140112102
outer loop
vertex 100.0666428 38.10607147 132.3905792
vertex 102.8479843 34.59908295 129.7687683
vertex 102.7845688 36.10181427 132.355072

endloop
endfacet
facet normal -0.5916035771 -0.803445518 0.06693651527
outer loop
vertex 100.0666428 38.10607147 132.3905792
vertex 102.7845688 36.10181427 132.355072
vertex 99.12187958 39.01622772 134.9651947

endloop
endfacet
facet normal -0.6017335653 -0.7973744273 0.04594262689
outer loop
vertex 99.12187958 39.01622772 134.9651947
vertex 102.7845688 36.10181427 132.355072
vertex 102.035881 36.81433868 134.9156189

endloop
endfacet
facet normal -0.6012907028 -0.7970312834 0.05648486689
outer loop
vertex 99.12184906 39.0161972 134.9651794
vertex 102.0358505 36.81432343 134.9156036
vertex 98.37044525 39.76978302 137.5998535

endloop
endfacet
facet normal -0.6338615417 -0.7733179331 -0.01410060655
outer loop
vertex 98.37044525 39.76978302 137.5998535
vertex 102.0358505 36.81432343 134.9156036
vertex 101.1360397 37.50437164 137.5203705

endloop
endfacet
facet normal -0.6333298087 -0.7707060575 -0.0700397566
outer loop
vertex 98.37044525 39.76978302 137.5998535
vertex 101.1360397 37.50437164 137.5203705
vertex 97.25804901 40.44283295 140.2524872

endloop
endfacet
facet normal -0.5913302898 -0.8059607744 0.02749197185
outer loop
vertex 97.25804901 40.44283295 140.2524872
vertex 101.1360397 37.50437164 137.5203705
vertex 100.1982346 38.28261566 140.1641083

endloop
endfacet
facet normal -0.5859377384 -0.7901367545 -0.1798915267
outer loop
vertex 97.25804901 40.44283295 140.2524872
vertex 100.1982346 38.28261566 140.1641083
vertex 95.74401093 40.96189117 142.9041138

endloop
endfacet
facet normal -0.5569982529 -0.8245708346 -0.09917579591
outer loop
vertex 95.74401093 40.96189117 142.9041138
vertex 100.1982346 38.28261566 140.1641083
vertex 99.08370209 38.72171783 142.7728271

endloop
endfacet
facet normal -0.5522238016 -0.8122559786 -0.1878539473
outer loop
vertex 95.74401093 40.96189117 142.9041138
vertex 99.08370209 38.72171783 142.7728271
vertex 92.95522308 42.22058868 145.6597137

endloop
endfacet
facet normal -0.5128276348 -0.8570374846 -0.04994647205
outer loop
vertex 92.95522308 42.22058868 145.6597137
vertex 99.08370209 38.72171783 142.7728271
vertex 96.75197601 39.95914459 145.4807739

endloop
endfacet
facet normal -0.5062801242 -0.8320596218 -0.2266212404
outer loop
vertex 92.9552536 42.22060394 145.6597137
vertex 96.75200653 39.95914459 145.4807739
vertex 87.21367645 44.91503143 148.5937805

endloop
endfacet
facet normal -0.3057150841 -0.8534841537 0.4220225513
outer loop
vertex 87.21367645 44.91503143 148.5937805
vertex 96.75200653 39.95914459 145.4807739
vertex 91.44399261 43.36603546 148.5256042

endloop
endfacet
facet normal -0.3227539361 -0.8949952722 0.3079179227
outer loop
vertex 87.21367645 44.91503143 148.5937805
vertex 91.44399261 43.36603546 148.5256042
vertex 82.72423553 47.55730438 151.5680695

endloop
endfacet
facet normal -0.2389576882 -0.8447458744 0.4788565338
outer loop
vertex 82.72423553 47.55730438 151.5680695
vertex 91.44399261 43.36603546 148.5256042
vertex 87.2861557 46.26538849 151.5654907

endloop
endfacet
facet normal -0.2593406737 -0.9163737893 0.3049613237
outer loop
vertex 82.72423553 47.55730438 151.5680695
vertex 87.2861557 46.26538849 151.5654907
vertex 79.70211029 49.39240265 154.5122986

endloop
endfacet
facet normal -0.3178890646 -0.9325069785 0.1713980585
outer loop
vertex 79.70211029 49.39240265 154.5122986
vertex 87.2861557 46.26538849 151.5654907
vertex 84.07683563 47.88903046 154.4467926

endloop
endfacet
facet normal -0.3171415329 -0.9307858944 0.1818211973
outer loop
vertex 79.70211029 49.39240265 154.5122986
vertex 84.07683563 47.88903046 154.4467926
vertex 77.36220551 50.76848602 157.4754181

endloop
endfacet
facet normal -0.327432245 -0.9313137531 0.1595080793
outer loop
vertex 77.36220551 50.76848602 157.4754181
vertex 84.07683563 47.88903046 154.4467926
vertex 81.45449066 49.3094101 157.3568573

endloop
endfacet
facet normal -0.3173982203 -0.9114732742 0.2616768479
outer loop
vertex 77.36220551 50.76848602 157.4754181
vertex 81.45449066 49.3094101 157.3568573
vertex 76.29363251 51.99869537 160.4643707

endloop
endfacet
facet normal -0.2632457912 -0.9016517401 0.3431119323
outer loop
vertex 76.29363251 51.99869537 160.4643707
vertex 81.45449066 49.3094101 157.3568573
vertex 80.25572968 50.79860687 160.3505402

endloop
endfacet
facet normal -0.2736976743 -0.9276973605 0.253903985
outer loop
vertex 76.29363251 51.99869537 160.4643707
vertex 80.25572968 50.79860687 160.3505402
vertex 75.86196136 52.9333725 163.4141083

endloop
endfacet
facet normal -0.2483104318 -0.9247878194 0.2882869244
outer loop
vertex 75.86196136 52.9333725 163.4141083
vertex 80.25572968 50.79860687 160.3505402
vertex 79.72844696 51.86217499 163.3081665

endloop
endfacet
facet normal -0.2597861886 -0.9530849457 0.1553710252
outer loop
vertex 75.86193085 52.9333725 163.4141083
vertex 79.72844696 51.86219025 163.3081665
vertex 74.9852829 53.6432724 166.3030243

endloop
endfacet
facet normal -0.2817125618 -0.9519678354 0.1199803203
outer loop
vertex 74.9852829 53.6432724 166.3030243
vertex 79.72844696 51.86219025 163.3081665
vertex 78.76744843 52.50933075 166.1864014

endloop
endfacet
facet normal -0.27959162 -0.9481179118 0.1513305306
outer loop
vertex 74.9852829 53.6432724 166.3030243
vertex 78.76744843 52.50933075 166.1864014
vertex 73.83879852 54.43839264 169.1664276

endloop
endfacet
facet normal -0.3014696538 -0.9466152787 0.1141738519
outer loop
vertex 73.83879852 54.43839264 169.1664276
vertex 78.76744843 52.50933075 166.1864014
vertex 77.44057465 53.27571869 169.0369873

endloop
endfacet
facet normal -0.2988376617 -0.9424467087 0.1499675661
outer loop
vertex 73.83879852 54.43839264 169.1664276
vertex 77.44057465 53.27571869 169.0369873
vertex 72.98970795 55.16065216 172.013382

endloop
endfacet
facet normal -0.2884708941 -0.9430186749 0.165832147
outer loop
vertex 72.98970795 55.16065216 172.013382
vertex 77.44057465 53.27571869 169.0369873
vertex 76.62969208 54.02112579 171.8652496

endloop
endfacet
facet normal -0.2948493361 -0.9522122145 0.07972277701
outer loop
vertex 72.98970795 55.16065216 172.0133972
vertex 76.62969208 54.02114105 171.8652649
vertex 71.00222015 56.01544952 174.8725433

endloop
endfacet
facet normal -0.2422212809 -0.9535487294 0.1790912002
outer loop
vertex 71.00222015 56.01544952 174.8725433
vertex 76.62969208 54.02114105 171.8652649
vertex 74.93422699 54.98819733 174.7211151

endloop
endfacet
facet normal -0.2524116933 -0.967572093 0.009615960531
outer loop
vertex 71.00222015 56.01544952 174.8725433
vertex 74.93422699 54.98819733 174.7211151
vertex 67.18257904 57.04056549 177.7585297

endloop
endfacet
facet normal -0.04085562006 -0.8731575012 0.4857230186
outer loop
vertex 67.18257904 57.04056549 177.7585297
vertex 74.93422699 54.98819733 174.7211151
vertex 70.99266815 56.82964325 177.6998444

endloop
endfacet
facet normal -0.05228566378 -0.9869437218 0.1523426473
outer loop
vertex 67.18254852 57.04053497 177.7585144
vertex 70.99263763 56.82962799 177.6998291
vertex 64.2854538 57.62819672 180.5713348

endloop
endfacet
facet normal 0.0630851835 -0.91370368 0.4014545679
outer loop
vertex 64.2854538 57.62819672 180.5713348
vertex 70.99263763 56.82962799 177.6998291
vertex 67.93972015 57.88391876 180.5791168

endloop
endfacet
facet normal 0.06504629552 -0.9397264719 0.3356830776
outer loop
vertex 64.2854538 57.62819672 180.5713348
vertex 67.93972015 57.88391876 180.5791168
vertex 58.70320892 58.24199677 183.3713226

endloop
endfacet
facet normal 0.09859899431 -0.892277658 0.4405892193
outer loop
vertex 58.70320892 58.24199677 183.3713226
vertex 67.93972015 57.88391876 180.5791168
vertex 63.08281708 58.76129913 183.4429016

endloop
endfacet
facet normal 0.1115352511 -0.9702603221 0.2148366421
outer loop
vertex 58.70320892 58.24199677 183.3713226
vertex 63.08281708 58.76129913 183.4429016
vertex 56.05428314 58.56348419 186.1984711

endloop
endfacet
facet normal 0.1498278677 -0.9372313023 0.3148793578
outer loop
vertex 56.05428314 58.56348419 186.1984711
vertex 63.08281708 58.76129913 183.4429016
vertex 60.63063812 59.32639313 186.2917023

endloop
endfacet
facet normal 0.1485803872 -0.9317522049 0.3313030303
outer loop
vertex 56.05431366 58.56351471 186.1984863
vertex 60.63065338 59.32642365 186.2917175
vertex 55.21033478 59.45160675 189.074646

endloop
endfacet
facet normal 0.1493469775 -0.9311076403 0.3327671885
outer loop
vertex 55.21033478 59.45160675 189.074646
vertex 60.63065338 59.32642365 186.2917175
vertex 59.74169159 60.20986176 189.1626129

endloop
endfacet
facet normal 0.1473326236 -0.9220033288 0.3580544591
outer loop
vertex 55.21033478 59.45160675 189.074646
vertex 59.74169159 60.20986176 189.1626129
vertex 55.74112701 60.64807892 191.9371948

endloop
endfacet
facet normal 0.1292660385 -0.9337189198 0.3338552713
outer loop
vertex 55.74112701 60.64807892 191.9371948
vertex 59.74169159 60.20986176 189.1626129
vertex 60.18740082 61.2881546 192.0057831

endloop
endfacet
facet normal 0.1380036324 -0.9764252901 0.1659778357
outer loop
vertex 55.74112701 60.64807892 191.9371948
vertex 60.18740082 61.2881546 192.0057831
vertex 57.0754776 61.30640411 194.7005768

endloop
endfacet
facet normal 0.1290555447 -0.9793432355 0.1556644142
outer loop
vertex 57.0754776 61.30640411 194.7005768
vertex 60.18740082 61.2881546 192.0057831
vertex 61.40000153 61.87786102 194.7105255

endloop
endfacet
facet normal 0.1299924999 -0.9855833054 0.1082937121
outer loop
vertex 57.0754776 61.30640411 194.700592
vertex 61.40001678 61.87787628 194.7105255
vertex 58.31487274 61.77979279 197.5211792

endloop
endfacet
facet normal 0.09867943078 -0.9923874736 0.07368514687
outer loop
vertex 58.31487274 61.77979279 197.5211792
vertex 61.40001678 61.87787628 194.7105255
vertex 62.50589752 62.19641876 197.5196381

endloop
endfacet
facet normal 0.09884333611 -0.9944429994 -0.03623636439
outer loop
vertex 58.31487274 61.77979279 197.5211792
vertex 62.50589752 62.19641876 197.5196381
vertex 61.91359711 62.03424835 200.3544769

endloop
endfacet
facet normal -0.04910039902 -0.9965261817 -0.06726634502
outer loop
vertex 61.91359711 62.03424835 200.3544769
vertex 62.50589752 62.19641876 197.5196381
vertex 65.79723358 61.84375763 200.3417053

endloop
endfacet
facet normal -0.04845206439 -0.9726772904 -0.2270489484
outer loop
vertex 61.91361237 62.03426361 200.3544922
vertex 65.7972641 61.84378815 200.3417206
vertex 66.87133026 61.15546417 203.0612946

endloop
endfacet
facet normal -0.2160225213 -0.9634328485 -0.1585290283
outer loop
vertex 66.87133026 61.15546417 203.0612946
vertex 65.7972641 61.84378815 200.3417206
vertex 70.37715912 60.37996674 202.9969635

endloop
endfacet
facet normal -0.2097547799 -0.9210221767 -0.3282089233
outer loop
vertex 66.87133026 61.15546417 203.0612946
vertex 70.37715912 60.37996674 202.9969635
vertex 67.62398529 60.02335358 205.7572174

endloop
endfacet
facet normal -0.2330486625 -0.9074184895 -0.3496855199
outer loop
vertex 67.62398529 60.02335358 205.7572174
vertex 70.37715912 60.37996674 202.9969635
vertex 70.74294281 59.24736786 205.6922302

endloop
endfacet
facet normal -0.2351990789 -0.9187989235 -0.3170015514
outer loop
vertex 67.62398529 60.02335358 205.7572174
vertex 70.74294281 59.24736786 205.6922302
vertex 66.47048187 59.37851715 208.4820557

endloop
endfacet
facet normal -0.243188411 -0.9122833014 -0.3295430541
outer loop
vertex 66.47048187 59.37851715 208.4820557
vertex 70.74294281 59.24736786 205.6922302
vertex 69.08904266 58.69713593 208.4359589

endloop
endfacet
facet normal -0.246045351 -0.9262381196 -0.2855601609
outer loop
vertex 66.47048187 59.37853241 208.4820709
vertex 69.08904266 58.69715118 208.4359741
vertex 69.55339813 57.7309494 211.1698303

endloop
endfacet
facet normal -0.2917914391 -0.9163118005 -0.2742818892
outer loop
vertex 69.55339813 57.7309494 211.1698303
vertex 69.08904266 58.69715118 208.4359741
vertex 71.74889374 57.04418182 211.1285095

endloop
endfacet
facet normal -0.2958283722 -0.9335386157 -0.2024628222
outer loop
vertex 69.55339813 57.7309494 211.1698303
vertex 71.74889374 57.04418182 211.1285095
vertex 73.36421967 55.89603424 214.0622864

endloop
endfacet
facet normal -0.3119100034 -0.930428803 -0.192391336
outer loop
vertex 73.36421967 55.89603424 214.0622864
vertex 71.74889374 57.04418182 211.1285095
vertex 75.00115204 55.35457611 214.0270081

endloop
endfacet
facet normal -0.2650983632 -0.8330757022 0.4854974449
outer loop
vertex 73.36421967 55.89601898 214.0622864
vertex 75.00115204 55.35456085 214.0270081
vertex 80.59990692 55.74645233 217.7565765

endloop
endfacet
facet normal 0.3858100772 -0.776473105 -0.4982369244
outer loop
vertex 80.59990692 55.74645233 217.7565765
vertex 75.00115204 55.35456085 214.0270081
vertex 80.59993744 55.74646759 217.7565765

endloop
endfacet
facet normal -0.7366648912 0 -0.6762579083
outer loop
vertex 112.1324997 29.08106232 103.7969666
vertex 112.1324997 29.0810318 103.7969666
vertex 108.8593674 28.48212433 107.3624725

endloop
endfacet
facet normal -0.6948079467 -0.2396591753 -0.6780894995
outer loop
vertex 108.8593674 28.48212433 107.3624725
vertex 112.1324997 29.0810318 103.7969666
vertex 109.2704391 27.37397003 107.3329239

endloop
endfacet
facet normal -0.7899903655 -0.278483361 -0.5462254286
outer loop
vertex 108.8593674 28.48212433 107.3624725
vertex 109.2704391 27.37397003 107.3329239
vertex 106.6240158 29.50714874 110.0728073

endloop
endfacet
facet normal -0.7951779962 -0.3562213778 -0.4907120466
outer loop
vertex 106.6240158 29.50714874 110.0728073
vertex 109.2704391 27.37397003 107.3329239
vertex 107.2870102 28.05899811 110.0497055

endloop
endfacet
facet normal -0.8138467073 -0.3653886914 -0.451823622
outer loop
vertex 106.6240158 29.50714874 110.0728073
vertex 107.2870102 28.05899811 110.0497055
vertex 104.9525375 30.14641571 112.5665817

endloop
endfacet
facet normal -0.8131217957 -0.4035395384 -0.4195100665
outer loop
vertex 104.9525375 30.14641571 112.5665817
vertex 107.2870102 28.05899811 110.0497055
vertex 105.8208542 28.40143585 112.5621033

endloop
endfacet
facet normal -0.8313277364 -0.4127203524 -0.3722313046
outer loop
vertex 104.9525375 30.14641571 112.5665817
vertex 105.8208542 28.40143585 112.5621033
vertex 103.414238 31.02046967 115.0330353

endloop
endfacet
facet normal -0.8294889927 -0.3568567932 -0.4296523631
outer loop
vertex 103.414238 31.02046967 115.0330353
vertex 105.8208542 28.40143585 112.5621033
vertex 104.2718735 29.0268631 115.0331116

endloop
endfacet
facet normal -0.899456501 -0.3869476616 -0.2030997574
outer loop
vertex 103.414238 31.02046967 115.0330353
vertex 104.2718735 29.0268631 115.0331116
vertex 102.2635727 32.41039276 117.4808273

endloop
endfacet
facet normal -0.8998595476 -0.382625401 -0.2094051987
outer loop
vertex 102.2635727 32.41039276 117.4808273
vertex 104.2718735 29.0268631 115.0331116
vertex 103.2091293 30.19281769 117.4695206

endloop
endfacet
facet normal -0.9144563675 -0.3893599808 -0.1103100553
outer loop
vertex 102.2635422 32.41036224 117.4808273
vertex 103.2090988 30.19281769 117.4695206
vertex 101.5209274 33.4622879 119.9240417

endloop
endfacet
facet normal -0.8901157975 -0.4557047784 -0.005196390674
outer loop
vertex 101.5209274 33.4622879 119.9240417
vertex 103.2090988 30.19281769 117.4695206
vertex 102.740654 31.08020782 119.8908463

endloop
endfacet
facet normal -0.8896526694 -0.4550155103 -0.03845956549
outer loop
vertex 101.5209274 33.46230316 119.9240417
vertex 102.7406845 31.08022308 119.8908463
vertex 101.2981796 33.69229889 122.3555984

endloop
endfacet
facet normal -0.842933774 -0.5332112312 0.07175242901
outer loop
vertex 101.2981796 33.69229889 122.3555984
vertex 102.7406845 31.08022308 119.8908463
vertex 102.8223495 31.27629852 122.3073196

endloop
endfacet
facet normal -0.8388231397 -0.5315354466 0.1176680699
outer loop
vertex 101.2981491 33.69226837 122.3555832
vertex 102.822319 31.27626801 122.3073044
vertex 101.732872 33.54375458 124.7837296

endloop
endfacet
facet normal -0.747015655 -0.6202498078 0.2392860949
outer loop
vertex 101.732872 33.54375458 124.7837296
vertex 102.822319 31.27626801 122.3073044
vertex 103.6726913 31.18947601 124.7370682

endloop
endfacet
facet normal -0.7502308488 -0.6225687861 0.2226249427
outer loop
vertex 101.732872 33.54375458 124.7837296
vertex 103.6726913 31.18947601 124.7370682
vertex 102.3892746 33.63074493 127.2390289

endloop
endfacet
facet normal -0.7134369612 -0.6480996609 0.2664104998
outer loop
vertex 102.3892746 33.63074493 127.2390289
vertex 103.6726913 31.18947601 124.7370682
vertex 104.6047287 31.16730499 127.1790924

endloop
endfacet
facet normal -0.6878367662 -0.6274730563 0.3649085164
outer loop
vertex 102.3892746 33.63074493 127.2390289
vertex 104.6047287 31.16730499 127.1790924
vertex 102.8479843 34.59908295 129.7687683

endloop
endfacet
facet normal -0.8067341447 -0.5585405827 0.1929050982
outer loop
vertex 102.8479843 34.59908295 129.7687683
vertex 104.6047287 31.16730499 127.1790924
vertex 104.8134384 31.72037506 129.6532898

endloop
endfacet
facet normal -0.7826666236 -0.5463341475 0.2982482016
outer loop
vertex 102.8479843 34.59908295 129.7687683
vertex 104.8134384 31.72037506 129.6532898
vertex 102.7845688 36.10181427 132.355072

endloop
endfacet
facet normal -0.8695082068 -0.4783944488 0.1228586808
outer loop
vertex 102.7845688 36.10181427 132.355072
vertex 104.8134384 31.72037506 129.6532898
vertex 104.5459824 32.85579681 132.1815948

endloop
endfacet
facet normal -0.8747761846 -0.4679770768 -0.1255548596
outer loop
vertex 102.7845688 36.10181427 132.355072
vertex 104.5459824 32.85579681 132.1815948
vertex 102.035881 36.81433868 134.9156189

endloop
endfacet
facet normal -0.8497781754 -0.5268545747 -0.01735664532
outer loop
vertex 102.035881 36.81433868 134.9156189
vertex 104.5459824 32.85579681 132.1815948
vertex 104.0870285 33.51236725 134.7219391

endloop
endfacet
facet normal -0.8432423472 -0.5147199035 -0.1549378484
outer loop
vertex 102.0358505 36.81432343 134.9156036
vertex 104.086998 33.51232147 134.7219238
vertex 101.1360397 37.50437164 137.5203705

endloop
endfacet
facet normal -0.8278901577 -0.5549604297 -0.08134493977
outer loop
vertex 101.1360397 37.50437164 137.5203705
vertex 104.086998 33.51232147 134.7219238
vertex 103.2923508 34.31754303 137.3159943

endloop
endfacet
facet normal -0.8249797225 -0.5498201251 -0.1307906508
outer loop
vertex 101.1360397 37.50437164 137.5203705
vertex 103.2923508 34.31754303 137.3159943
vertex 100.1982346 38.28261566 140.1641083

endloop
endfacet
facet normal -0.8092284203 -0.5837202668 -0.0664838627
outer loop
vertex 100.1982346 38.28261566 140.1641083
vertex 103.2923508 34.31754303 137.3159943
vertex 102.550499 35.04819489 139.9306335

endloop
endfacet
facet normal -0.7924984097 -0.5587002039 -0.2445409894
outer loop
vertex 100.1982346 38.28261566 140.1641083
vertex 102.550499 35.04819489 139.9306335
vertex 99.08370209 38.72171783 142.7728271

endloop
endfacet
facet normal -0.7658135295 -0.6323716044 -0.1167719588
outer loop
vertex 99.08370209 38.72171783 142.7728271
vertex 102.550499 35.04819489 139.9306335
vertex 101.7761459 35.50791168 142.5194244

endloop
endfacet
facet normal -0.7285541892 -0.5818645954 -0.3614450097
outer loop
vertex 99.08370209 38.72171783 142.7728271
vertex 101.7761459 35.50791168 142.5194244
vertex 96.75197601 39.95914459 145.4807739

endloop
endfacet
facet normal -0.7020896077 -0.6976978183 -0.1424357295
outer loop
vertex 96.75197601 39.95914459 145.4807739
vertex 101.7761459 35.50791168 142.5194244
vertex 99.88851166 36.85817719 145.2098389

endloop
endfacet
facet normal -0.6500911117 -0.6190511584 -0.4406329095
outer loop
vertex 96.75200653 39.95914459 145.4807739
vertex 99.88854218 36.85817719 145.2098541
vertex 91.44399261 43.36603546 148.5256042

endloop
endfacet
facet normal -0.5437830687 -0.8125527501 0.2098999619
outer loop
vertex 91.44399261 43.36603546 148.5256042
vertex 99.88854218 36.85817719 145.2098541
vertex 95.14138031 40.8392868 148.322937

endloop
endfacet
facet normal -0.5635032058 -0.8259385228 0.01701783948
outer loop
vertex 91.44399261 43.36603546 148.5256042
vertex 95.14138031 40.8392868 148.322937
vertex 87.2861557 46.26538849 151.5654907

endloop
endfacet
facet normal -0.4426144063 -0.8354408741 0.3257775605
outer loop
vertex 87.2861557 46.26538849 151.5654907
vertex 95.14138031 40.8392868 148.322937
vertex 91.41359711 44.03980255 151.4657898

endloop
endfacet
facet normal -0.4749756157 -0.8793603182 -0.03352034464
outer loop
vertex 87.2861557 46.26538849 151.5654907
vertex 91.41359711 44.03980255 151.4657898
vertex 84.07683563 47.88903046 154.4467926

endloop
endfacet
facet normal -0.4661032259 -0.8847174644 -0.004766523838
outer loop
vertex 84.07683563 47.88903046 154.4467926
vertex 91.41359711 44.03980255 151.4657898
vertex 88.3486557 45.63889313 154.3684692

endloop
endfacet
facet normal -0.4658326805 -0.8847902417 0.01208361238
outer loop
vertex 84.07683563 47.88903046 154.4467926
vertex 88.3486557 45.63889313 154.3684692
vertex 81.45449066 49.3094101 157.3568573

endloop
endfacet
facet normal -0.5219079256 -0.83381778 -0.1798886061
outer loop
vertex 81.45449066 49.3094101 157.3568573
vertex 88.3486557 45.63889313 154.3684692
vertex 85.39665985 46.8755722 157.2008057

endloop
endfacet
facet normal -0.5072493553 -0.8352249265 0.2123616785
outer loop
vertex 81.45449066 49.3094101 157.3568573
vertex 85.39665985 46.8755722 157.2008057
vertex 80.25572968 50.79860687 160.3505402

endloop
endfacet
facet normal -0.6510747671 -0.7475118637 -0.1316349506
outer loop
vertex 80.25572968 50.79860687 160.3505402
vertex 85.39665985 46.8755722 157.2008057
vertex 83.56887054 47.95893097 160.0891266

endloop
endfacet
facet normal -0.635299623 -0.7558185458 0.1585332006
outer loop
vertex 80.25572968 50.79860687 160.3505402
vertex 83.56887054 47.95893097 160.0891266
vertex 79.72844696 51.86217499 163.3081665

endloop
endfacet
facet normal -0.7129558325 -0.7012088299 -0.0003302519617
outer loop
vertex 79.72844696 51.86217499 163.3081665
vertex 83.56887054 47.95893097 160.0891266
vertex 82.75676727 48.78327179 162.9919586

endloop
endfacet
facet normal -0.7147348523 -0.6945144534 -0.08248484135
outer loop
vertex 79.72844696 51.86219025 163.3081665
vertex 82.75673676 48.78328705 162.9919739
vertex 78.76744843 52.50933075 166.1864014

endloop
endfacet
facet normal -0.6645666957 -0.7461370826 0.04038000107
outer loop
vertex 78.76744843 52.50933075 166.1864014
vertex 82.75673676 48.78328705 162.9919739
vertex 82.09343719 49.52962494 165.8662567

endloop
endfacet
facet normal -0.6689864993 -0.7344916463 -0.1139257252
outer loop
vertex 78.76744843 52.50933075 166.1864014
vertex 82.09343719 49.52962494 165.8662567
vertex 77.44057465 53.27571869 169.0369873

endloop
endfacet
facet normal -0.6058146954 -0.7940841913 0.04918155447
outer loop
vertex 77.44057465 53.27571869 169.0369873
vertex 82.09343719 49.52962494 165.8662567
vertex 81.17671967 50.40540314 168.7144928

endloop
endfacet
facet normal -0.6069315076 -0.7939721942 0.03524507582
outer loop
vertex 77.44057465 53.27571869 169.0369873
vertex 81.17671967 50.40540314 168.7144928
vertex 76.62969208 54.02112579 171.8652496

endloop
endfacet
facet normal -0.5444962978 -0.8235080242 0.1592432261
outer loop
vertex 76.62969208 54.02112579 171.8652496
vertex 81.17671967 50.40540314 168.7144928
vertex 80.6049118 51.33115387 171.5467377

endloop
endfacet
facet normal -0.5625906587 -0.8249266148 -0.05466050282
outer loop
vertex 76.62969208 54.02114105 171.8652649
vertex 80.60494232 51.33116913 171.5467682
vertex 74.93422699 54.98819733 174.7211151

endloop
endfacet
facet normal -0.4403644502 -0.8712010384 0.2169974744
outer loop
vertex 74.93422699 54.98819733 174.7211151
vertex 80.60494232 51.33116913 171.5467682
vertex 79.09493256 52.81676483 174.4467926

endloop
endfacet
facet normal -0.4651595354 -0.882456243 -0.06998235732
outer loop
vertex 74.93422699 54.98819733 174.7211151
vertex 79.09493256 52.81676483 174.4467926
vertex 70.99266815 56.82964325 177.6998444

endloop
endfacet
facet normal -0.2431497574 -0.857888937 0.4526641369
outer loop
vertex 70.99266815 56.82964325 177.6998444
vertex 79.09493256 52.81676483 174.4467926
vertex 74.9960556 55.59607697 177.5124207

endloop
endfacet
facet normal -0.292534709 -0.9554316998 0.03966903314
outer loop
vertex 70.99263763 56.82962799 177.6998291
vertex 74.9960556 55.59607697 177.5124054
vertex 67.93972015 57.88391876 180.5791168

endloop
endfacet
facet normal -0.1237392053 -0.9105074406 0.3945436478
outer loop
vertex 67.93972015 57.88391876 180.5791168
vertex 74.9960556 55.59607697 177.5124054
vertex 71.7962265 57.30872345 180.4612122

endloop
endfacet
facet normal -0.1456243694 -0.9877735376 0.05564998835
outer loop
vertex 67.93972015 57.88391876 180.5791168
vertex 71.7962265 57.30872345 180.4612122
vertex 63.08281708 58.76129913 183.4429016

endloop
endfacet
facet normal 0.01873392984 -0.8761925697 0.4815968573
outer loop
vertex 63.08281708 58.76129913 183.4429016
vertex 71.7962265 57.30872345 180.4612122
vertex 67.43999481 58.84146881 183.4192657

endloop
endfacet
facet normal 0.01912540011 -0.9774391651 0.21034953
outer loop
vertex 63.08281708 58.76129913 183.4429016
vertex 67.43999481 58.84146881 183.4192657
vertex 60.63063812 59.32639313 186.2917023

endloop
endfacet
facet normal 0.1092576608 -0.9047278166 0.4117406309
outer loop
vertex 60.63063812 59.32639313 186.2917023
vertex 67.43999481 58.84146881 183.4192657
vertex 64.50710297 59.81433868 186.3352356

endloop
endfacet
facet normal 0.1145416573 -0.938957572 0.3244054317
outer loop
vertex 60.63065338 59.32642365 186.2917175
vertex 64.50713348 59.81435394 186.3352661
vertex 59.74169159 60.20986176 189.1626129

endloop
endfacet
facet normal 0.1227251068 -0.9333235025 0.3374103606
outer loop
vertex 59.74169159 60.20986176 189.1626129
vertex 64.50713348 59.81435394 186.3352661
vertex 63.57459259 60.72736359 189.1999664

endloop
endfacet
facet normal 0.1228617132 -0.9341634512 0.3350278437
outer loop
vertex 59.74169159 60.20986176 189.1626129
vertex 63.57459259 60.72736359 189.1999664
vertex 60.18740082 61.2881546 192.0057831

endloop
endfacet
facet normal 0.09734663367 -0.9467984438 0.3067512512
outer loop
vertex 60.18740082 61.2881546 192.0057831
vertex 63.57459259 60.72736359 189.1999664
vertex 63.78517914 61.65657806 192.0011902

endloop
endfacet
facet normal 0.1006238908 -0.9805232882 0.168668285
outer loop
vertex 60.18740082 61.2881546 192.0057831
vertex 63.78517914 61.65657806 192.0011902
vertex 61.40000153 61.87786102 194.7105255

endloop
endfacet
facet normal 0.1059413478 -0.9791653752 0.1732386053
outer loop
vertex 61.40000153 61.87786102 194.7105255
vertex 63.78517914 61.65657806 192.0011902
vertex 64.51952362 62.21561432 194.711853

endloop
endfacet
facet normal 0.1073434353 -0.9917404652 0.07020097971
outer loop
vertex 61.40001678 61.87787628 194.7105255
vertex 64.5194931 62.21561432 194.711853
vertex 62.50589752 62.19641876 197.5196381

endloop
endfacet
facet normal 0.0657235533 -0.997023046 0.0403172709
outer loop
vertex 62.50589752 62.19641876 197.5196381
vertex 64.5194931 62.21561432 194.711853
vertex 65.72789764 62.40917206 197.5285339

endloop
endfacet
facet normal 0.06512597948 -0.9780012369 -0.1981719285
outer loop
vertex 62.50589752 62.19641876 197.5196381
vertex 65.72789764 62.40917206 197.5285339
vertex 65.79723358 61.84375763 200.3417053

endloop
endfacet
facet normal -0.1281974316 -0.972909987 -0.192383796
outer loop
vertex 65.79723358 61.84375763 200.3417053
vertex 65.72789764 62.40917206 197.5285339
vertex 69.26128387 61.39485931 200.3035278

endloop
endfacet
facet normal -0.1257361323 -0.9444112182 -0.3037729859
outer loop
vertex 65.7972641 61.84378815 200.3417206
vertex 69.26131439 61.39487457 200.3035431
vertex 70.37715912 60.37996674 202.9969635

endloop
endfacet
facet normal -0.2719347775 -0.9322600961 -0.238626346
outer loop
vertex 70.37715912 60.37996674 202.9969635
vertex 69.26131439 61.39487457 200.3035431
vertex 73.68593597 59.43747711 202.908432

endloop
endfacet
facet normal -0.2658385932 -0.9010939002 -0.3425777853
outer loop
vertex 70.37715912 60.37996674 202.9969635
vertex 73.68593597 59.43747711 202.908432
vertex 70.74294281 59.24736786 205.6922302

endloop
endfacet
facet normal -0.2620833516 -0.9036260247 -0.3387807608
outer loop
vertex 70.74294281 59.24736786 205.6922302
vertex 73.68593597 59.43747711 202.908432
vertex 73.7740097 58.40059662 205.605957

endloop
endfacet
facet normal -0.2620570064 -0.9034935832 -0.3391542435
outer loop
vertex 70.74294281 59.24736786 205.6922302
vertex 73.7740097 58.40059662 205.605957
vertex 69.08904266 58.69713593 208.4359589

endloop
endfacet
facet normal -0.2677920759 -0.897957027 -0.3492285907
outer loop
vertex 69.08904266 58.69713593 208.4359589
vertex 73.7740097 58.40059662 205.605957
vertex 71.80654144 57.90477753 208.3895111

endloop
endfacet
facet normal -0.2721970379 -0.9163382053 -0.2936546206
outer loop
vertex 69.08904266 58.69715118 208.4359741
vertex 71.80657196 57.90479279 208.3895416
vertex 71.74889374 57.04418182 211.1285095

endloop
endfacet
facet normal -0.2294757664 -0.9271636009 -0.2961564064
outer loop
vertex 71.74889374 57.04418182 211.1285095
vertex 71.80657196 57.90479279 208.3895416
vertex 73.96498871 56.5074234 211.0917816

endloop
endfacet
facet normal -0.2301365882 -0.9307028651 -0.2843048871
outer loop
vertex 71.74889374 57.04418182 211.1285095
vertex 73.96498871 56.5074234 211.0917816
vertex 75.00115204 55.35457611 214.0270081

endloop
endfacet
facet normal -0.1353890151 -0.9375441074 -0.3204386234
outer loop
vertex 75.00115204 55.35457611 214.0270081
vertex 73.96498871 56.5074234 211.0917816
vertex 76.59340668 55.1462326 213.9638367

endloop
endfacet
facet normal -0.1142403856 -0.9555194974 0.2719032764
outer loop
vertex 75.00115204 55.35456085 214.0270081
vertex 76.59340668 55.14621735 213.9638367
vertex 80.59993744 55.74646759 217.7565765

endloop
endfacet
facet normal -0.4220686853 0.8511137366 0.3121913075
outer loop
vertex 80.59993744 55.74646759 217.7565765
vertex 76.59340668 55.14621735 213.9638367
vertex 80.59990692 55.74645233 217.7565765

endloop
endfacet
facet normal -0.4461273551 0.8922547102 0.0696568042
outer loop
vertex 112.1324997 29.08104706 103.7969666
vertex 112.1324692 29.0810318 103.7969666
vertex 109.2704391 27.37397003 107.3329315

endloop
endfacet
facet normal -0.6408769488 -0.34547019 -0.6855123043
outer loop
vertex 109.2704391 27.37397003 107.3329315
vertex 112.1324692 29.0810318 103.7969666
vertex 109.8684921 26.33921051 107.2952957

endloop
endfacet
facet normal -0.7767382264 -0.4322655797 -0.4580655992
outer loop
vertex 109.2704391 27.37397003 107.3329315
vertex 109.8684921 26.33921051 107.2952957
vertex 107.2870407 28.05901337 110.0497055

endloop
endfacet
facet normal -0.7822803855 -0.3598355353 -0.5084838271
outer loop
vertex 107.2870407 28.05901337 110.0497055
vertex 109.8684921 26.33921051 107.2952957
vertex 108.0003586 26.55419159 110.0172043

endloop
endfacet
facet normal -0.8205887675 -0.3797519505 -0.4271095395
outer loop
vertex 107.2870407 28.05901337 110.0497055
vertex 108.0003586 26.55419159 110.0172043
vertex 105.8208847 28.40143585 112.5621185

endloop
endfacet
facet normal -0.8158305883 -0.4303028882 -0.3863418698
outer loop
vertex 105.8208847 28.40143585 112.5621185
vertex 108.0003586 26.55419159 110.0172043
vertex 106.719017 26.71051788 112.5488739

endloop
endfacet
facet normal -0.8107103109 -0.4274761081 -0.4000163078
outer loop
vertex 105.8208847 28.40143585 112.5621185
vertex 106.719017 26.71051788 112.5488739
vertex 104.2718735 29.02687836 115.0331116

endloop
endfacet
facet normal -0.7939776182 -0.5406659245 -0.2779926658
outer loop
vertex 104.2718735 29.02687836 115.0331116
vertex 106.719017 26.71051788 112.5488739
vertex 105.4996567 27.21918488 115.0421982

endloop
endfacet
facet normal -0.8235647082 -0.5598230958 -0.09132029861
outer loop
vertex 104.2718735 29.02687836 115.0331116
vertex 105.4996567 27.21918488 115.0421982
vertex 103.2091599 30.19281769 117.4695206

endloop
endfacet
facet normal -0.8122955561 -0.5806280971 -0.05519888178
outer loop
vertex 103.2091599 30.19281769 117.4695206
vertex 105.4996567 27.21918488 115.0421982
vertex 104.6341782 28.19800568 117.4823456

endloop
endfacet
facet normal -0.8126309514 -0.5801398158 0.05539475381
outer loop
vertex 103.2091599 30.19281769 117.4695206
vertex 104.6341476 28.19799042 117.4823456
vertex 102.740715 31.08019257 119.8908463

endloop
endfacet
facet normal -0.8103479743 -0.582826972 0.06040511653
outer loop
vertex 102.740715 31.08019257 119.8908463
vertex 104.6341476 28.19799042 117.4823456
vertex 104.2713242 28.95218658 119.8919525

endloop
endfacet
facet normal -0.8095774651 -0.5822537541 0.07459796965
outer loop
vertex 102.7407455 31.08020782 119.8908463
vertex 104.2713242 28.95220184 119.8919525
vertex 102.8223801 31.27629852 122.3073196

endloop
endfacet
facet normal -0.7896583676 -0.6040519476 0.1075216755
outer loop
vertex 102.8223801 31.27629852 122.3073196
vertex 104.2713242 28.95220184 119.8919525
vertex 104.5490646 29.01685333 122.2949371

endloop
endfacet
facet normal -0.7690525055 -0.5890641212 0.2481162399
outer loop
vertex 102.8223495 31.27626801 122.3073044
vertex 104.5490036 29.01682281 122.2949295
vertex 103.6727219 31.18949127 124.7370682

endloop
endfacet
facet normal -0.7409392595 -0.6113262773 0.2780095041
outer loop
vertex 103.6727219 31.18949127 124.7370682
vertex 104.5490036 29.01682281 122.2949295
vertex 105.6584396 28.7634964 124.6947021

endloop
endfacet
facet normal -0.7411035299 -0.6114484072 0.2773017883
outer loop
vertex 103.6727219 31.18949127 124.7370682
vertex 105.6584396 28.7634964 124.6947021
vertex 104.6047592 31.16732025 127.1791

endloop
endfacet
facet normal -0.7391675711 -0.6128147244 0.2794449031
outer loop
vertex 104.6047592 31.16732025 127.1791
vertex 105.6584396 28.7634964 124.6947021
vertex 106.7401352 28.54453278 127.0757446

endloop
endfacet
facet normal -0.7554081678 -0.6230238676 0.2029772699
outer loop
vertex 104.6047592 31.16732025 127.1791
vertex 106.7401352 28.54453278 127.0757446
vertex 104.8134384 31.72037506 129.6532898

endloop
endfacet
facet normal -0.8084676862 -0.5784682631 0.1084178686
outer loop
vertex 104.8134384 31.72037506 129.6532898
vertex 106.7401352 28.54453278 127.0757446
vertex 106.8813095 28.79915619 129.48703

endloop
endfacet
facet normal -0.7990621328 -0.5755392909 0.173936978
outer loop
vertex 104.8134384 31.72037506 129.6532898
vertex 106.8813095 28.79915619 129.48703
vertex 104.5459824 32.85579681 132.1815948

endloop
endfacet
facet normal -0.8533539772 -0.519584775 0.04264425486
outer loop
vertex 104.5459824 32.85579681 132.1815948
vertex 106.8813095 28.79915619 129.48703
vertex 106.4661789 29.68585968 131.9835968

endloop
endfacet
facet normal -0.8557064533 -0.5170369744 -0.02095791139
outer loop
vertex 104.5459824 32.85579681 132.1815948
vertex 106.4661789 29.68585968 131.9835968
vertex 104.087059 33.51235199 134.7219391

endloop
endfacet
facet normal -0.858876884 -0.5111888051 -0.0318846181
outer loop
vertex 104.087059 33.51235199 134.7219391
vertex 106.4661789 29.68585968 131.9835968
vertex 106.0695724 30.19463348 134.5101013

endloop
endfacet
facet normal -0.8565668464 -0.5051140785 -0.1056081504
outer loop
vertex 104.086998 33.51233673 134.7219238
vertex 106.0695724 30.19460297 134.5100708
vertex 103.2923508 34.31752777 137.3159943

endloop
endfacet
facet normal -0.8341673017 -0.5512911677 -0.01558686886
outer loop
vertex 103.2923508 34.31752777 137.3159943
vertex 106.0695724 30.19460297 134.5100708
vertex 105.5961227 30.83776093 137.1000061

endloop
endfacet
facet normal -0.8332810402 -0.5464764237 -0.08370307088
outer loop
vertex 103.2923508 34.31752777 137.3159943
vertex 105.5961227 30.83776093 137.1000061
vertex 102.5505295 35.04819489 139.9306335

endloop
endfacet
facet normal -0.8387588263 -0.5335033536 -0.1088936478
outer loop
vertex 102.5505295 35.04819489 139.9306335
vertex 105.5961227 30.83776093 137.1000061
vertex 104.8915024 31.4174881 139.6871185

endloop
endfacet
facet normal -0.8348886371 -0.5278483033 -0.1560036242
outer loop
vertex 102.5505295 35.04819489 139.9306335
vertex 104.8915024 31.4174881 139.6871185
vertex 101.7761459 35.50791168 142.5194397

endloop
endfacet
facet normal -0.8299092054 -0.5427931547 -0.1289433837
outer loop
vertex 101.7761459 35.50791168 142.5194397
vertex 104.8915024 31.4174881 139.6871185
vertex 104.2175827 31.83419037 142.2704926

endloop
endfacet
facet normal -0.802397728 -0.5125300884 -0.3057300448
outer loop
vertex 101.7761459 35.50791168 142.5194397
vertex 104.2175827 31.83419037 142.2704926
vertex 99.88857269 36.85816193 145.2098541

endloop
endfacet
facet normal -0.7881752849 -0.6006475091 -0.1341729909
outer loop
vertex 99.88857269 36.85816193 145.2098541
vertex 104.2175827 31.83419037 142.2704926
vertex 102.5866013 33.36954498 144.9781342

endloop
endfacet
facet normal -0.7288572788 -0.5353332162 -0.4268318713
outer loop
vertex 99.88857269 36.85817719 145.2098541
vertex 102.5866013 33.36956024 144.9781342
vertex 95.14144135 40.83927155 148.3229523

endloop
endfacet
facet normal -0.7276055217 -0.6777609587 -0.1059730873
outer loop
vertex 95.14144135 40.83927155 148.3229523
vertex 102.5866013 33.36956024 144.9781342
vertex 98.30913544 37.4890213 148.0005798

endloop
endfacet
facet normal -0.7234268785 -0.6667777896 -0.1790557355
outer loop
vertex 95.14144135 40.83927155 148.3229523
vertex 98.30913544 37.4890213 148.0005798
vertex 91.41365814 44.03978729 151.4658051

endloop
endfacet
facet normal -0.6843477488 -0.7289738655 0.01628567278
outer loop
vertex 91.41365814 44.03978729 151.4658051
vertex 98.30913544 37.4890213 148.0005798
vertex 94.85811615 40.79897308 151.1427002

endloop
endfacet
facet normal -0.6630903482 -0.6718527675 -0.3300380409
outer loop
vertex 91.41365814 44.03978729 151.4658051
vertex 94.85811615 40.79897308 151.1427002
vertex 88.34868622 45.63889313 154.3684692

endloop
endfacet
facet normal -0.6293407679 -0.7682188153 -0.1173461974
outer loop
vertex 88.34868622 45.63889313 154.3684692
vertex 94.85811615 40.79897308 151.1427002
vertex 92.11321259 42.5880661 154.1514435

endloop
endfacet
facet normal -0.608271718 -0.7280845046 -0.3160671294
outer loop
vertex 88.34868622 45.63889313 154.3684692
vertex 92.11321259 42.5880661 154.1514435
vertex 85.39669037 46.8755722 157.2008057

endloop
endfacet
facet normal -0.6028823256 -0.7490320802 -0.2747435272
outer loop
vertex 85.39669037 46.8755722 157.2008057
vertex 92.11321259 42.5880661 154.1514435
vertex 89.24846649 43.84653473 157.0067291

endloop
endfacet
facet normal -0.6182038188 -0.7797930837 -0.09872545302
outer loop
vertex 85.39669037 46.8755722 157.2008057
vertex 89.24846649 43.84653473 157.0067291
vertex 83.56890106 47.95893097 160.0891266

endloop
endfacet
facet normal -0.6395661235 -0.7468820214 -0.1819956899
outer loop
vertex 83.56890106 47.95893097 160.0891266
vertex 89.24846649 43.84653473 157.0067291
vertex 87.31475067 44.81241608 159.8383331

endloop
endfacet
facet normal -0.6412190795 -0.7664042115 0.03824611008
outer loop
vertex 83.56890106 47.95893097 160.0891266
vertex 87.31475067 44.81241608 159.8383331
vertex 82.75676727 48.78327179 162.9919739

endloop
endfacet
facet normal -0.6185416579 -0.7806936502 0.08901432157
outer loop
vertex 82.75676727 48.78327179 162.9919739
vertex 87.31475067 44.81241608 159.8383331
vertex 86.5681076 45.73183441 162.7137604

endloop
endfacet
facet normal -0.6212345958 -0.7813605666 0.05952562764
outer loop
vertex 82.75673676 48.78328705 162.9919739
vertex 86.56807709 45.73181915 162.7137756
vertex 82.09343719 49.52962494 165.866272

endloop
endfacet
facet normal -0.5752362013 -0.8037751317 0.1518183351
outer loop
vertex 82.09343719 49.52962494 165.866272
vertex 86.56807709 45.73181915 162.7137756
vertex 86.01613617 46.66863251 165.5822754

endloop
endfacet
facet normal -0.5853458643 -0.8085440993 0.06022192538
outer loop
vertex 82.09343719 49.52962494 165.866272
vertex 86.01613617 46.66863251 165.5822754
vertex 81.17675018 50.40540314 168.7145081

endloop
endfacet
facet normal -0.5975381136 -0.8011776805 0.03259645402
outer loop
vertex 81.17675018 50.40540314 168.7145081
vertex 86.01613617 46.66863251 165.5822754
vertex 85.13140106 47.4429245 168.394928

endloop
endfacet
facet normal -0.5860363245 -0.7976707816 0.1424178183
outer loop
vertex 81.17675018 50.40540314 168.7145081
vertex 85.13140106 47.4429245 168.394928
vertex 80.60497284 51.33115387 171.5467529

endloop
endfacet
facet normal -0.6141717434 -0.7844985127 0.08576177806
outer loop
vertex 80.60497284 51.33115387 171.5467529
vertex 85.13140106 47.4429245 168.394928
vertex 84.50514984 48.23838043 171.1864777

endloop
endfacet
facet normal -0.6145983338 -0.7845769525 0.08190084994
outer loop
vertex 80.60500336 51.33116913 171.5467682
vertex 84.50514984 48.23838043 171.1864929
vertex 79.09499359 52.81676483 174.4467926

endloop
endfacet
facet normal -0.5467687249 -0.806440711 0.2251605988
outer loop
vertex 79.09499359 52.81676483 174.4467926
vertex 84.50514984 48.23838043 171.1864929
vertex 83.03307343 50.05321503 174.1118317

endloop
endfacet
facet normal -0.575841248 -0.8170402646 -0.02918999456
outer loop
vertex 79.09499359 52.81676483 174.4467926
vertex 83.03307343 50.05321503 174.1118317
vertex 74.99608612 55.59610748 177.5124054

endloop
endfacet
facet normal -0.4567236006 -0.84070158 0.290902704
outer loop
vertex 74.99608612 55.59610748 177.5124054
vertex 83.03307343 50.05321503 174.1118317
vertex 79.06963348 53.29329681 177.2528992

endloop
endfacet
facet normal -0.4933565259 -0.8692935109 -0.03046549484
outer loop
vertex 74.9960556 55.59607697 177.5123901
vertex 79.06960297 53.29328156 177.2528839
vertex 71.7962265 57.30875397 180.4612122

endloop
endfacet
facet normal -0.3624680936 -0.8864628077 0.287751019
outer loop
vertex 71.7962265 57.30875397 180.4612122
vertex 79.06960297 53.29328156 177.2528839
vertex 75.92412567 55.55934906 180.271637

endloop
endfacet
facet normal -0.3921343088 -0.9140246511 -0.1038727686
outer loop
vertex 71.7962265 57.30875397 180.4612122
vertex 75.92412567 55.55934906 180.271637
vertex 67.44002533 58.84148407 183.419281

endloop
endfacet
facet normal -0.1641156524 -0.8700405359 0.4648607671
outer loop
vertex 67.44002533 58.84148407 183.419281
vertex 75.92412567 55.55934906 180.271637
vertex 71.65309906 57.97100067 183.2774658

endloop
endfacet
facet normal -0.1966233552 -0.9722695351 0.1266144514
outer loop
vertex 67.44002533 58.84148407 183.419281
vertex 71.65309906 57.97100067 183.2774658
vertex 64.50713348 59.81433868 186.3352356

endloop
endfacet
facet normal -0.02540220134 -0.8812829852 0.4719056487
outer loop
vertex 64.50713348 59.81433868 186.3352356
vertex 71.65309906 57.97100067 183.2774658
vertex 68.26421356 59.6699295 186.2677917

endloop
endfacet
facet normal -0.03143556789 -0.9552265406 0.294200778
outer loop
vertex 64.507164 59.8143692 186.3352509
vertex 68.26424408 59.66996002 186.2678223
vertex 63.57462311 60.72736359 189.1999664

endloop
endfacet
facet normal 0.02055667154 -0.9295589328 0.3680998981
outer loop
vertex 63.57462311 60.72736359 189.1999664
vertex 68.26424408 59.66996002 186.2678223
vertex 67.12758636 60.78765106 189.1537933

endloop
endfacet
facet normal 0.02018270269 -0.9494014978 0.3134157062
outer loop
vertex 63.57462311 60.72736359 189.1999664
vertex 67.12758636 60.78765106 189.1537933
vertex 63.78520966 61.65657806 192.0011902

endloop
endfacet
facet normal 0.01597085223 -0.9509463906 0.3089431226
outer loop
vertex 63.78520966 61.65657806 192.0011902
vertex 67.12758636 60.78765106 189.1537933
vertex 67.25218964 61.69855499 191.9511719

endloop
endfacet
facet normal 0.01472477149 -0.9800640345 0.1981355697
outer loop
vertex 63.78520966 61.65657806 192.0011902
vertex 67.25218964 61.69855499 191.9511719
vertex 64.51952362 62.21561432 194.711853

endloop
endfacet
facet normal 0.01074259169 -0.9808743596 0.1943455637
outer loop
vertex 64.51952362 62.21561432 194.711853
vertex 67.25218964 61.69855499 191.9511719
vertex 67.60961151 62.25873566 194.7586823

endloop
endfacet
facet normal 0.01297609136 -0.9979282618 0.0630145818
outer loop
vertex 64.51952362 62.21561432 194.7118683
vertex 67.60961151 62.25875092 194.7586823
vertex 65.72789764 62.40918732 197.5285492

endloop
endfacet
facet normal -0.06653923541 -0.9977433681 0.008985673077
outer loop
vertex 65.72789764 62.40918732 197.5285492
vertex 67.60961151 62.25875092 194.7586823
vertex 68.84868622 62.20139313 197.5652313

endloop
endfacet
facet normal -0.06070001051 -0.9599294066 -0.2735894024
outer loop
vertex 65.72789764 62.40918732 197.5285492
vertex 68.84868622 62.20139313 197.5652313
vertex 69.26131439 61.39485931 200.3035278

endloop
endfacet
facet normal -0.1829847395 -0.9501916766 -0.252294451
outer loop
vertex 69.26131439 61.39485931 200.3035278
vertex 68.84868622 62.20139313 197.5652313
vertex 72.51018524 60.78624725 200.2393341

endloop
endfacet
facet normal -0.1775459349 -0.9076064229 -0.3804313242
outer loop
vertex 69.26131439 61.39488983 200.3035431
vertex 72.51021576 60.78624725 200.2393494
vertex 73.68596649 59.43747711 202.908432

endloop
endfacet
facet normal -0.2623097897 -0.9028437734 -0.3406854868
outer loop
vertex 73.68596649 59.43747711 202.908432
vertex 72.51021576 60.78624725 200.2393494
vertex 76.60549164 58.62430573 202.8155212

endloop
endfacet
facet normal -0.2624413073 -0.9035383463 -0.3387372792
outer loop
vertex 73.68596649 59.43747711 202.908432
vertex 76.60549164 58.62430573 202.8155212
vertex 73.77404022 58.40059662 205.6059418

endloop
endfacet
facet normal -0.2737862468 -0.8959857821 -0.3496436179
outer loop
vertex 73.77404022 58.40059662 205.6059418
vertex 76.60549164 58.62430573 202.8155212
vertex 76.47441864 57.60878754 205.5204926

endloop
endfacet
facet normal -0.2735495865 -0.8948448896 -0.3527369201
outer loop
vertex 73.77404022 58.40059662 205.6059418
vertex 76.47441864 57.60878754 205.5204926
vertex 71.80657196 57.90479279 208.3895111

endloop
endfacet
facet normal -0.2332360595 -0.9301760197 -0.2835022509
outer loop
vertex 71.80657196 57.90479279 208.3895111
vertex 76.47441864 57.60878754 205.5204926
vertex 74.32820892 57.28568268 208.346283

endloop
endfacet
facet normal -0.2326737046 -0.927175343 -0.2936133742
outer loop
vertex 71.80660248 57.90480804 208.3895264
vertex 74.32820892 57.28569794 208.3463135
vertex 73.96501923 56.5074234 211.0917664

endloop
endfacet
facet normal -0.1729904711 -0.9413438439 -0.289734453
outer loop
vertex 73.96501923 56.5074234 211.0917664
vertex 74.32820892 57.28569794 208.3463135
vertex 75.97408295 56.15270233 211.0447083

endloop
endfacet
facet normal -0.1730414033 -0.9418592453 -0.2880242467
outer loop
vertex 73.96501923 56.5074234 211.0917664
vertex 75.97408295 56.15270233 211.0447083
vertex 76.59340668 55.1462326 213.9638519

endloop
endfacet
facet normal 0.0067127496 -0.9449250698 -0.3272178173
outer loop
vertex 76.59340668 55.1462326 213.9638519
vertex 75.97408295 56.15270233 211.0447083
vertex 78.04766083 55.18291473 213.8877563

endloop
endfacet
facet normal 0.03148979321 -0.9918198586 0.1237000376
outer loop
vertex 76.59343719 55.14621735 213.9638367
vertex 78.04766083 55.18289948 213.8877563
vertex 80.59990692 55.74645233 217.7565765

endloop
endfacet
facet normal -0.4440986812 0.8810344934 0.1629555672
outer loop
vertex 80.59990692 55.74645233 217.7565765
vertex 78.04766083 55.18289948 213.8877563
vertex 80.5998764 55.74643707 217.7565765

endloop
endfacet
facet normal 0.8395316005 0 0.5433108807
outer loop
vertex 112.1324692 29.0810318 103.7969666
vertex 112.1324692 29.08104706 103.7969666
vertex 109.8684921 26.33921051 107.2952957

endloop
endfacet
facet normal -0.7095932364 -0.2530968189 -0.6575860977
outer loop
vertex 109.8684921 26.33921051 107.2952957
vertex 112.1324692 29.08104706 103.7969666
vertex 110.3820419 25.03748322 107.2421494

endloop
endfacet
facet normal -0.7987942696 -0.2936994433 -0.5250412822
outer loop
vertex 109.8684921 26.33921051 107.2952957
vertex 110.3820419 25.03748322 107.2421494
vertex 108.0003586 26.55419159 110.0172043

endloop
endfacet
facet normal -0.7939641476 -0.3832573593 -0.4719479382
outer loop
vertex 108.0003586 26.55419159 110.0172043
vertex 110.3820419 25.03748322 107.2421494
vertex 108.7917709 24.98067474 109.9636154

endloop
endfacet
facet normal -0.8265981078 -0.4023418725 -0.3935181201
outer loop
vertex 108.0003586 26.55419159 110.0172043
vertex 108.7917709 24.98067474 109.9636154
vertex 106.719017 26.71051788 112.5488739

endloop
endfacet
facet normal -0.7810233831 -0.5763028264 -0.2405777425
outer loop
vertex 106.719017 26.71051788 112.5488739
vertex 108.7917709 24.98067474 109.9636154
vertex 107.8723679 25.16654205 112.5031662

endloop
endfacet
facet normal -0.7766543031 -0.5723738074 -0.2630519271
outer loop
vertex 106.719017 26.71051788 112.5488739
vertex 107.8723679 25.16654205 112.5031662
vertex 105.4996567 27.21918488 115.0421982

endloop
endfacet
facet normal -0.7669888139 -0.59762609 -0.2336048335
outer loop
vertex 105.4996567 27.21918488 115.0421982
vertex 107.8723679 25.16654205 112.5031662
vertex 106.8302231 25.52213287 115.0151138

endloop
endfacet
facet normal -0.7868039012 -0.6163824797 -0.03181521967
outer loop
vertex 105.4996567 27.21918488 115.0421982
vertex 106.8302231 25.52213287 115.0151138
vertex 104.6341782 28.19800568 117.4823456

endloop
endfacet
facet normal -0.7636432052 -0.6453227401 0.02018733323
outer loop
vertex 104.6341782 28.19800568 117.4823456
vertex 106.8302231 25.52213287 115.0151138
vertex 106.1981125 26.34706879 117.4742279

endloop
endfacet
facet normal -0.7607653141 -0.6432009339 0.086767748
outer loop
vertex 104.6341476 28.19799042 117.4823456
vertex 106.1981125 26.34706879 117.4742279
vertex 104.2713242 28.95218658 119.8919525

endloop
endfacet
facet normal -0.7192670107 -0.676946342 0.1562004238
outer loop
vertex 104.2713242 28.95218658 119.8919525
vertex 106.1981125 26.34706879 117.4742279
vertex 106.0685349 27.04268646 119.8922424

endloop
endfacet
facet normal -0.7243922949 -0.6817900538 0.1020696312
outer loop
vertex 104.2713242 28.95220184 119.8919525
vertex 106.0685654 27.04270172 119.8922424
vertex 104.5490646 29.01685333 122.2949371

endloop
endfacet
facet normal -0.6838700175 -0.7132619619 0.1535551995
outer loop
vertex 104.5490646 29.01685333 122.2949371
vertex 106.0685654 27.04270172 119.8922424
vertex 106.6248093 27.02457428 122.2853165

endloop
endfacet
facet normal -0.6721946001 -0.7015155554 0.2367076427
outer loop
vertex 104.5490036 29.01682281 122.2949295
vertex 106.6247787 27.02455902 122.2853012
vertex 105.6584396 28.7634964 124.6947021

endloop
endfacet
facet normal -0.6517464519 -0.7145323157 0.2543033957
outer loop
vertex 105.6584396 28.7634964 124.6947021
vertex 106.6247787 27.02455902 122.2853012
vertex 108.0734177 26.54813385 124.6593323

endloop
endfacet
facet normal -0.6557343006 -0.7185204625 0.2318207175
outer loop
vertex 105.6584396 28.7634964 124.6947021
vertex 108.0734177 26.54813385 124.6593323
vertex 106.7401352 28.54453278 127.0757446

endloop
endfacet
facet normal -0.6879413724 -0.6983981133 0.1974253654
outer loop
vertex 106.7401352 28.54453278 127.0757446
vertex 108.0734177 26.54813385 124.6593323
vertex 109.2749863 26.0331955 127.0246658

endloop
endfacet
facet normal -0.6979187131 -0.7068024874 0.1154972091
outer loop
vertex 106.7401352 28.54453278 127.0757446
vertex 109.2749863 26.0331955 127.0246658
vertex 106.8813095 28.79915619 129.48703

endloop
endfacet
facet normal -0.7432927489 -0.6683709025 0.02821888588
outer loop
vertex 106.8813095 28.79915619 129.48703
vertex 109.2749863 26.0331955 127.0246658
vertex 109.3008652 26.10530853 129.4143372

endloop
endfacet
facet normal -0.7376117706 -0.6655762792 0.113741599
outer loop
vertex 106.8813095 28.79915619 129.48703
vertex 109.3008652 26.10530853 129.4143372
vertex 106.4661789 29.68585968 131.9835968

endloop
endfacet
facet normal -0.7798706293 -0.6258308291 0.01172731817
outer loop
vertex 106.4661789 29.68585968 131.9835968
vertex 109.3008652 26.10530853 129.4143372
vertex 108.7004623 26.89925385 131.8563995

endloop
endfacet
facet normal -0.7801020741 -0.6256421804 0.003529306734
outer loop
vertex 106.4661789 29.68585968 131.9835968
vertex 108.7004623 26.89925385 131.8563995
vertex 106.0695724 30.19463348 134.5101013

endloop
endfacet
facet normal -0.8212577105 -0.5573423505 -0.1220875978
outer loop
vertex 106.0695724 30.19463348 134.5101013
vertex 108.7004623 26.89925385 131.8563995
vertex 108.1395187 27.18386078 134.3304901

endloop
endfacet
facet normal -0.8242732882 -0.5661020875 -0.01010023896
outer loop
vertex 106.0695724 30.19460297 134.5100708
vertex 108.1395187 27.18386078 134.3304749
vertex 105.5961227 30.83776093 137.1000061

endloop
endfacet
facet normal -0.8590813875 -0.4925881326 -0.1390546411
outer loop
vertex 105.5961227 30.83776093 137.1000061
vertex 108.1395187 27.18386078 134.3304749
vertex 107.610527 27.39286041 136.8582306

endloop
endfacet
facet normal -0.8603874445 -0.4944409728 -0.1235376447
outer loop
vertex 105.5961227 30.83776093 137.1000061
vertex 107.610527 27.39286041 136.8582306
vertex 104.8915024 31.4174881 139.6871185

endloop
endfacet
facet normal -0.8680335879 -0.4660023153 -0.1713459939
outer loop
vertex 104.8915024 31.4174881 139.6871185
vertex 107.610527 27.39286041 136.8582306
vertex 106.8538742 27.86115265 139.4178162

endloop
endfacet
facet normal -0.8702616096 -0.4687410891 -0.1514147371
outer loop
vertex 104.8915024 31.4174881 139.6871185
vertex 106.8538742 27.86115265 139.4178162
vertex 104.2175827 31.83419037 142.2704926

endloop
endfacet
facet normal -0.8697310686 -0.4707894921 -0.1480714977
outer loop
vertex 104.2175827 31.83419037 142.2704926
vertex 106.8538742 27.86115265 139.4178162
vertex 106.232933 28.20661163 141.9666748

endloop
endfacet
facet normal -0.8536677957 -0.4526991248 -0.2575166225
outer loop
vertex 104.2175827 31.83419037 142.2704926
vertex 106.232933 28.20661163 141.9666748
vertex 102.5866013 33.36954498 144.9781342

endloop
endfacet
facet normal -0.8472687602 -0.5081225038 -0.1547488868
outer loop
vertex 102.5866013 33.36954498 144.9781342
vertex 106.232933 28.20661163 141.9666748
vertex 104.8643417 29.67331696 144.6439056

endloop
endfacet
facet normal -0.7579382062 -0.4221027195 -0.4973518848
outer loop
vertex 102.5866013 33.36956024 144.9781342
vertex 104.8643723 29.67333221 144.6439209
vertex 98.30913544 37.4890213 148.0005798

endloop
endfacet
facet normal -0.7816638947 -0.6172854304 -0.0892200768
outer loop
vertex 98.30913544 37.4890213 148.0005798
vertex 104.8643723 29.67333221 144.6439209
vertex 101.2848129 33.77545929 147.6233978

endloop
endfacet
facet normal -0.7720646262 -0.5963326693 -0.2197808325
outer loop
vertex 98.30913544 37.4890213 148.0005798
vertex 101.2848129 33.77545929 147.6233978
vertex 94.85811615 40.79897308 151.1427002

endloop
endfacet
facet normal -0.7688592076 -0.6138778925 -0.1789117306
outer loop
vertex 94.85811615 40.79897308 151.1427002
vertex 101.2848129 33.77545929 147.6233978
vertex 97.95711517 37.05194855 150.6817017

endloop
endfacet
facet normal -0.7452202439 -0.5747407079 -0.3381123245
outer loop
vertex 94.85811615 40.79897308 151.1427002
vertex 97.95711517 37.05194855 150.6817017
vertex 92.11321259 42.5880661 154.1514435

endloop
endfacet
facet normal -0.7444921136 -0.5897293091 -0.3129711747
outer loop
vertex 92.11321259 42.5880661 154.1514435
vertex 97.95711517 37.05194855 150.6817017
vertex 95.28102875 38.83133698 153.6946564

endloop
endfacet
facet normal -0.7025154233 -0.5353761911 -0.4688757658
outer loop
vertex 92.11321259 42.5880661 154.1514435
vertex 95.28102875 38.83133698 153.6946564
vertex 89.24846649 43.84653473 157.0067291

endloop
endfacet
facet normal -0.700537324 -0.653853476 -0.2858724296
outer loop
vertex 89.24846649 43.84653473 157.0067291
vertex 95.28102875 38.83133698 153.6946564
vertex 92.86351776 40.13643646 156.6337738

endloop
endfacet
facet normal -0.7051001787 -0.661308527 -0.2559390366
outer loop
vertex 89.24846649 43.84653473 157.0067291
vertex 92.86351776 40.13643646 156.6337738
vertex 87.31475067 44.81241608 159.8383331

endloop
endfacet
facet normal -0.6902163029 -0.7037863731 -0.1681850255
outer loop
vertex 87.31475067 44.81241608 159.8383331
vertex 92.86351776 40.13643646 156.6337738
vertex 91.15526581 41.12679291 159.5000458

endloop
endfacet
facet normal -0.6890665293 -0.7228159904 0.05219526589
outer loop
vertex 87.31475067 44.81241608 159.8383331
vertex 91.15526581 41.12679291 159.5000458
vertex 86.5681076 45.73183441 162.7137604

endloop
endfacet
facet normal -0.7168162465 -0.6968260407 -0.02465583198
outer loop
vertex 86.5681076 45.73183441 162.7137604
vertex 91.15526581 41.12679291 159.5000458
vertex 90.25167084 41.9557724 162.3414459

endloop
endfacet
facet normal -0.708191812 -0.6999567747 0.09233006835
outer loop
vertex 86.56807709 45.73181915 162.7137756
vertex 90.25167084 41.9557724 162.3414307
vertex 86.01613617 46.66863251 165.5822754

endloop
endfacet
facet normal -0.7253194451 -0.6865602136 0.05046421289
outer loop
vertex 86.01613617 46.66863251 165.5822754
vertex 90.25167084 41.9557724 162.3414307
vertex 89.59670258 42.85636139 165.1800232

endloop
endfacet
facet normal -0.7304781675 -0.6816354394 -0.04212924838
outer loop
vertex 86.01613617 46.66863251 165.5822754
vertex 89.59670258 42.85636139 165.1800232
vertex 85.13140106 47.4429245 168.394928

endloop
endfacet
facet normal -0.6891261339 -0.721095264 0.07160188258
outer loop
vertex 85.13140106 47.4429245 168.394928
vertex 89.59670258 42.85636139 165.1800232
vertex 88.89150238 43.81104279 168.0073853

endloop
endfacet
facet normal -0.6911637187 -0.7209401727 0.05037844181
outer loop
vertex 85.13140106 47.4429245 168.394928
vertex 88.89150238 43.81104279 168.0073853
vertex 84.50514984 48.23838043 171.1864777

endloop
endfacet
facet normal -0.6406335831 -0.7506703734 0.1615008563
outer loop
vertex 84.50514984 48.23838043 171.1864777
vertex 88.89150238 43.81104279 168.0073853
vertex 88.54296112 44.71381378 170.8209686

endloop
endfacet
facet normal -0.6435067654 -0.752017796 0.1427174807
outer loop
vertex 84.50514984 48.23838043 171.1864929
vertex 88.54296112 44.71382904 170.8209686
vertex 83.03307343 50.05321503 174.1118317

endloop
endfacet
facet normal -0.6079366207 -0.7629125118 0.2199488729
outer loop
vertex 83.03307343 50.05321503 174.1118317
vertex 88.54296112 44.71382904 170.8209686
vertex 87.16771698 46.65654755 173.7583008

endloop
endfacet
facet normal -0.6349970102 -0.7725020647 -0.004394223448
outer loop
vertex 83.03307343 50.05321503 174.1118317
vertex 87.16771698 46.65654755 173.7583008
vertex 79.06963348 53.29329681 177.2528992

endloop
endfacet
facet normal -0.5045865774 -0.7940983176 0.3388219178
outer loop
vertex 79.06963348 53.29329681 177.2528992
vertex 87.16771698 46.65654755 173.7583008
vertex 83.14180756 50.57964325 176.9573364

endloop
endfacet
facet normal -0.5512748957 -0.8327804804 0.05072111636
outer loop
vertex 79.06960297 53.29328156 177.2528839
vertex 83.14177704 50.57962799 176.9573364
vertex 75.92412567 55.55934906 180.271637

endloop
endfacet
facet normal -0.4117287099 -0.8368631005 0.3607487977
outer loop
vertex 75.92412567 55.55934906 180.271637
vertex 83.14177704 50.57962799 176.9573364
vertex 80.0708847 53.4205246 180.0427704

endloop
endfacet
facet normal -0.454451263 -0.88825351 0.06693148613
outer loop
vertex 75.92412567 55.55934906 180.271637
vertex 80.0708847 53.4205246 180.0427704
vertex 71.65309906 57.97100067 183.2774658

endloop
endfacet
facet normal -0.3127026558 -0.8620246053 0.3989117444
outer loop
vertex 71.65309906 57.97100067 183.2774658
vertex 80.0708847 53.4205246 180.0427704
vertex 75.99983978 56.30774689 183.0906372

endloop
endfacet
facet normal -0.3493638337 -0.9277601838 0.1311711669
outer loop
vertex 71.65309906 57.97100067 183.2774658
vertex 75.99983978 56.30774689 183.0906372
vertex 68.26421356 59.6699295 186.2677917

endloop
endfacet
facet normal -0.2080234885 -0.8807160854 0.4255179167
outer loop
vertex 68.26421356 59.6699295 186.2677917
vertex 75.99983978 56.30774689 183.0906372
vertex 72.5868454 58.56969452 186.1037903

endloop
endfacet
facet normal -0.2276194245 -0.9348698854 0.2724109888
outer loop
vertex 68.26424408 59.66996002 186.2678223
vertex 72.58687592 58.56970978 186.1038208
vertex 67.12758636 60.78765106 189.1537933

endloop
endfacet
facet normal -0.1436122805 -0.9047923088 0.4009069204
outer loop
vertex 67.12758636 60.78765106 189.1537933
vertex 72.58687592 58.56970978 186.1038208
vertex 71.24282074 60.08382416 189.039505

endloop
endfacet
facet normal -0.1517294794 -0.9378399253 0.3121450841
outer loop
vertex 67.12758636 60.78765106 189.1537933
vertex 71.24282074 60.08382416 189.039505
vertex 67.25218964 61.69855499 191.9511719

endloop
endfacet
facet normal -0.08943338692 -0.9179458618 0.386493355
outer loop
vertex 67.25218964 61.69855499 191.9511719
vertex 71.24282074 60.08382416 189.039505
vertex 71.16835785 61.29460907 191.8979645

endloop
endfacet
facet normal -0.09760979563 -0.9735286832 0.2066741735
outer loop
vertex 67.25218964 61.69855499 191.9511719
vertex 71.16835785 61.29460907 191.8979645
vertex 67.60961151 62.25873566 194.7586823

endloop
endfacet
facet normal -0.1633701175 -0.9784190059 0.1265161335
outer loop
vertex 67.60961151 62.25873566 194.7586823
vertex 71.16835785 61.29460907 191.8979645
vertex 71.12975311 61.66776276 194.7339172

endloop
endfacet
facet normal -0.1649784297 -0.9848877788 0.05270871893
outer loop
vertex 67.60961151 62.25875092 194.7586823
vertex 71.12978363 61.66776276 194.7339325
vertex 68.84868622 62.20139313 197.5652313

endloop
endfacet
facet normal -0.261607796 -0.9647402763 -0.02894013189
outer loop
vertex 68.84868622 62.20139313 197.5652313
vertex 71.12978363 61.66776276 194.7339325
vertex 72.25322723 61.28020477 197.4979553

endloop
endfacet
facet normal -0.2610438168 -0.9540023804 -0.1474292278
outer loop
vertex 68.84868622 62.20139313 197.5652313
vertex 72.25322723 61.28020477 197.4979553
vertex 72.51018524 60.78624725 200.2393341

endloop
endfacet
facet normal -0.2979057729 -0.9439501762 -0.14216277
outer loop
vertex 72.51018524 60.78624725 200.2393341
vertex 72.25322723 61.28020477 197.4979553
vertex 75.7627182 59.77768707 200.1203308

endloop
endfacet
facet normal -0.2926847041 -0.9087882042 -0.297387898
outer loop
vertex 72.51021576 60.78624725 200.2393494
vertex 75.7627182 59.77768707 200.1203461
vertex 76.60549164 58.62430573 202.8155212

endloop
endfacet
facet normal -0.3582563698 -0.8936117887 -0.2703891695
outer loop
vertex 76.60549164 58.62430573 202.8155212
vertex 75.7627182 59.77768707 200.1203461
vertex 79.42858124 57.53089142 202.6886597

endloop
endfacet
facet normal -0.352543503 -0.8703404665 -0.3438319564
outer loop
vertex 76.60549164 58.62430573 202.8155212
vertex 79.42858124 57.53089142 202.6886597
vertex 76.47441864 57.60878754 205.5204926

endloop
endfacet
facet normal -0.3329655826 -0.8858993649 -0.3229803443
outer loop
vertex 76.47441864 57.60878754 205.5204926
vertex 79.42858124 57.53089142 202.6886597
vertex 79.09185028 56.65912628 205.4269562

endloop
endfacet
facet normal -0.3304132819 -0.8760926127 -0.3511251509
outer loop
vertex 76.47441864 57.60878754 205.5204926
vertex 79.09185028 56.65912628 205.4269562
vertex 74.32820892 57.28568268 208.346283

endloop
endfacet
facet normal -0.2179136723 -0.9645953178 -0.1485579461
outer loop
vertex 74.32820892 57.28568268 208.346283
vertex 79.09185028 56.65912628 205.4269562
vertex 76.65328217 56.76746368 208.3005524

endloop
endfacet
facet normal -0.2147777379 -0.9403530955 -0.2638305128
outer loop
vertex 74.32820892 57.28569794 208.3463135
vertex 76.65328217 56.76747894 208.3005829
vertex 75.97408295 56.15270233 211.0447083

endloop
endfacet
facet normal -0.1647041142 -0.9530050755 -0.254271239
outer loop
vertex 75.97408295 56.15270233 211.0447083
vertex 76.65328217 56.76747894 208.3005829
vertex 77.84893036 55.84397125 210.9873962

endloop
endfacet
facet normal -0.1651133299 -0.964004755 -0.2084046602
outer loop
vertex 75.97408295 56.15270233 211.0447083
vertex 77.84893036 55.84397125 210.9873962
vertex 78.04766083 55.18291473 213.8877563

endloop
endfacet
facet normal -0.03659978881 -0.9748830199 -0.2196897268
outer loop
vertex 78.04766083 55.18291473 213.8877563
vertex 77.84893036 55.84397125 210.9873962
vertex 79.37071991 55.14733124 213.8252411

endloop
endfacet
facet normal -0.0191629082 -0.9874950051 0.156481415
outer loop
vertex 78.04766083 55.18289948 213.8877563
vertex 79.37071991 55.14731598 213.8252258
vertex 80.5998764 55.74643707 217.7565765

endloop
endfacet
facet normal 0.06460005045 -0.9894007444 0.1300500929
outer loop
vertex 80.5998764 55.74643707 217.7565765
vertex 79.37071991 55.14731598 213.8252258
vertex 80.59990692 55.74643707 217.7565613

endloop
endfacet
facet normal 0.775028944 -0.5692611933 -0.2743570209
outer loop
vertex 112.1324692 29.08101654 103.7969513
vertex 112.1324997 29.08104706 103.7969742
vertex 110.3820419 25.0374527 107.2421417

endloop
endfacet
facet normal -0.713185668 -0.2494151443 -0.6551017165
outer loop
vertex 110.3820419 25.0374527 107.2421417
vertex 112.1324997 29.08104706 103.7969742
vertex 110.8826523 23.74129486 107.1906281

endloop
endfacet
facet normal -0.8214598894 -0.2979445457 -0.4862433374
outer loop
vertex 110.3820419 25.0374527 107.2421417
vertex 110.8826523 23.74129486 107.1906281
vertex 108.7917404 24.98064423 109.9636078

endloop
endfacet
facet normal -0.7903214693 -0.4792376161 -0.381737262
outer loop
vertex 108.7917404 24.98064423 109.9636078
vertex 110.8826523 23.74129486 107.1906281
vertex 109.7551498 23.44373322 109.8984909

endloop
endfacet
facet normal -0.8228735328 -0.504760325 -0.2609521449
outer loop
vertex 108.7917404 24.98064423 109.9636078
vertex 109.7551498 23.44373322 109.8984909
vertex 107.8723679 25.16652679 112.5031586

endloop
endfacet
facet normal -0.8042268753 -0.5541445017 -0.2148094475
outer loop
vertex 107.8723679 25.16652679 112.5031586
vertex 109.7551498 23.44373322 109.8984909
vertex 109.0830612 23.4384079 112.4284668

endloop
endfacet
facet normal -0.797409296 -0.5477048755 -0.2532939017
outer loop
vertex 107.8723679 25.16652679 112.5031586
vertex 109.0830612 23.4384079 112.4284668
vertex 106.8302231 25.52211761 115.0150909

endloop
endfacet
facet normal -0.7462178469 -0.6542650461 -0.1228665337
outer loop
vertex 106.8302231 25.52211761 115.0150909
vertex 109.0830612 23.4384079 112.4284668
vertex 108.3739243 23.77626801 114.9362335

endloop
endfacet
facet normal -0.7481338382 -0.662866652 0.0300591141
outer loop
vertex 106.8302231 25.52211761 115.0150909
vertex 108.3739243 23.77626801 114.9362335
vertex 106.1981125 26.34705353 117.4742203

endloop
endfacet
facet normal -0.7329511046 -0.6777880192 0.05818938464
outer loop
vertex 106.1981125 26.34705353 117.4742203
vertex 108.3739243 23.77626801 114.9362335
vertex 107.9100266 24.48966217 117.4025879

endloop
endfacet
facet normal -0.7234752178 -0.6727793813 0.1547627449
outer loop
vertex 106.1981125 26.34705353 117.4742203
vertex 107.9100266 24.48966217 117.4025803
vertex 106.0685043 27.04265594 119.8922348

endloop
endfacet
facet normal -0.7057287097 -0.6850978732 0.1805211902
outer loop
vertex 106.0685043 27.04265594 119.8922348
vertex 107.9100266 24.48966217 117.4025803
vertex 107.9797592 25.05710602 119.8287048

endloop
endfacet
facet normal -0.7086735964 -0.687265873 0.159522295
outer loop
vertex 106.0685349 27.0426712 119.8922348
vertex 107.9797897 25.05713654 119.8287048
vertex 106.6247787 27.02455902 122.2853012

endloop
endfacet
facet normal -0.6335448027 -0.7356383204 0.2397020459
outer loop
vertex 106.6247787 27.02455902 122.2853012
vertex 107.9797897 25.05713654 119.8287048
vertex 108.9953842 24.96671295 122.235466

endloop
endfacet
facet normal -0.6336637139 -0.7357595563 0.2390148342
outer loop
vertex 106.6247482 27.0245285 122.2852936
vertex 108.9953537 24.96668243 122.2354507
vertex 108.0733871 26.54811859 124.659317

endloop
endfacet
facet normal -0.625412941 -0.7407069802 0.2453811169
outer loop
vertex 108.0733871 26.54811859 124.659317
vertex 108.9953537 24.96668243 122.2354507
vertex 110.7905807 24.25415802 124.6601944

endloop
endfacet
facet normal -0.6368811727 -0.7543240786 0.1593032479
outer loop
vertex 108.0733871 26.54811859 124.659317
vertex 110.7905807 24.25415802 124.6601944
vertex 109.2749252 26.03318024 127.0246582

endloop
endfacet
facet normal -0.6784655452 -0.72613132 0.1114349067
outer loop
vertex 109.2749252 26.03318024 127.0246582
vertex 110.7905807 24.25415802 124.6601944
vertex 112.0936203 23.40937042 127.0888824

endloop
endfacet
facet normal -0.6814138889 -0.7313055396 0.0294478368
outer loop
vertex 109.2749252 26.03318024 127.0246582
vertex 112.0936203 23.40937042 127.0888824
vertex 109.3008041 26.10529327 129.4143372

endloop
endfacet
facet normal -0.7150859833 -0.6972085834 -0.05052050576
outer loop
vertex 109.3008041 26.10529327 129.4143372
vertex 112.0936203 23.40937042 127.0888824
vertex 112.0466843 23.28386688 129.4852448

endloop
endfacet
facet normal -0.7163642049 -0.695922792 0.05013806373
outer loop
vertex 109.3008041 26.10529327 129.4143372
vertex 112.0466843 23.28386688 129.4852448
vertex 108.7004318 26.89923859 131.8563843

endloop
endfacet
facet normal -0.7629276514 -0.6381084323 -0.1037262082
outer loop
vertex 108.7004318 26.89923859 131.8563843
vertex 112.0466843 23.28386688 129.4852448
vertex 111.2214584 23.88498688 131.8569489

endloop
endfacet
facet normal -0.7632510662 -0.6383781433 -0.09960461408
outer loop
vertex 108.7004318 26.89923859 131.8563843
vertex 111.2214584 23.88498688 131.8569489
vertex 108.1395187 27.18384552 134.3304749

endloop
endfacet
facet normal -0.7905312181 -0.5693140626 -0.2257032394
outer loop
vertex 108.1395187 27.18384552 134.3304749
vertex 111.2214584 23.88498688 131.8569489
vertex 110.5093002 23.93630219 134.2218628

endloop
endfacet
facet normal -0.8038585782 -0.5825797319 -0.1200503334
outer loop
vertex 108.1394882 27.183815 134.3304596
vertex 110.5093002 23.93627167 134.2218323
vertex 107.6104965 27.39284515 136.8582153

endloop
endfacet
facet normal -0.8213436604 -0.5321958661 -0.2053343505
outer loop
vertex 107.6104965 27.39284515 136.8582153
vertex 110.5093002 23.93627167 134.2218323
vertex 109.7084885 24.22759247 136.6700439

endloop
endfacet
facet normal -0.8285660148 -0.540507555 -0.1460476369
outer loop
vertex 107.6104965 27.39284515 136.8582153
vertex 109.7084885 24.22759247 136.6700439
vertex 106.8538437 27.86113739 139.4178009

endloop
endfacet
facet normal -0.8392525315 -0.5027844906 -0.2070336044
outer loop
vertex 106.8538437 27.86113739 139.4178009
vertex 109.7084885 24.22759247 136.6700439
vertex 108.8863449 24.56859589 139.1746368

endloop
endfacet
facet normal -0.8474026918 -0.512994051 -0.136914894
outer loop
vertex 106.8538437 27.86113739 139.4178009
vertex 108.8863449 24.56859589 139.1746368
vertex 106.2329025 28.20658112 141.9666595

endloop
endfacet
facet normal -0.8518291116 -0.4989860356 -0.1593739241
outer loop
vertex 106.2329025 28.20658112 141.9666595
vertex 108.8863449 24.56859589 139.1746368
vertex 108.3220444 24.72945404 141.6871033

endloop
endfacet
facet normal -0.8515376449 -0.4985873699 -0.1621550024
outer loop
vertex 106.2329025 28.20658112 141.9666595
vertex 108.3220444 24.72945404 141.6871033
vertex 104.8643112 29.67328644 144.6438904

endloop
endfacet
facet normal -0.8378373384 -0.5406258106 -0.07584407926
outer loop
vertex 104.8643112 29.67328644 144.6438904
vertex 108.3220444 24.72945404 141.6871033
vertex 107.3446274 25.87389374 144.326767

endloop
endfacet
facet normal -0.8147022128 -0.5086035132 -0.2785369158
outer loop
vertex 104.8643417 29.6733017 144.6439056
vertex 107.3446579 25.873909 144.326767
vertex 101.2848129 33.77542877 147.6233826

endloop
endfacet
facet normal -0.8128154874 -0.566146791 -0.137145251
outer loop
vertex 101.2848129 33.77542877 147.6233826
vertex 107.3446579 25.873909 144.326767
vertex 104.2698898 29.58188629 147.2430878

endloop
endfacet
facet normal -0.792756319 -0.5383883715 -0.2857891023
outer loop
vertex 101.2848129 33.77542877 147.6233826
vertex 104.2698898 29.58188629 147.2430878
vertex 97.95711517 37.05191803 150.6816864

endloop
endfacet
facet normal -0.7835194468 -0.6115861535 -0.1098161936
outer loop
vertex 97.95711517 37.05191803 150.6816864
vertex 104.2698898 29.58188629 147.2430878
vertex 101.2828598 32.87458038 150.2174225

endloop
endfacet
facet normal -0.7543604374 -0.5630691648 -0.3374809325
outer loop
vertex 97.95711517 37.05191803 150.6816864
vertex 101.2828598 32.87458038 150.2174225
vertex 95.28102875 38.83130646 153.6946411

endloop
endfacet
facet normal -0.7441918254 -0.641838491 -0.1849918813
outer loop
vertex 95.28102875 38.83130646 153.6946411
vertex 101.2828598 32.87458038 150.2174225
vertex 98.83055878 34.87029266 153.1584015

endloop
endfacet
facet normal -0.7252384424 -0.6055426002 -0.3276389837
outer loop
vertex 95.28102875 38.83130646 153.6946411
vertex 98.83055878 34.87029266 153.1584015
vertex 92.86351776 40.1364212 156.6337585

endloop
endfacet
facet normal -0.7217726111 -0.632781446 -0.280413866
outer loop
vertex 92.86351776 40.1364212 156.6337585
vertex 98.83055878 34.87029266 153.1584015
vertex 96.46508026 36.26421356 156.1015167

endloop
endfacet
facet normal -0.7300882936 -0.6501271129 -0.2104894817
outer loop
vertex 92.86351776 40.1364212 156.6337585
vertex 96.46508026 36.26421356 156.1015167
vertex 91.15526581 41.12677765 159.5000153

endloop
endfacet
facet normal -0.7307500839 -0.6480899453 -0.2144383341
outer loop
vertex 91.15526581 41.12677765 159.5000153
vertex 96.46508026 36.26421356 156.1015167
vertex 94.74993134 37.2342453 159.0146027

endloop
endfacet
facet normal -0.7364539504 -0.6754676104 -0.03713582084
outer loop
vertex 91.15526581 41.12677765 159.5000153
vertex 94.74993134 37.2342453 159.0146027
vertex 90.25167084 41.95574188 162.3414154

endloop
endfacet
facet normal -0.7308707237 -0.6822229028 -0.01999916695
outer loop
vertex 90.25167084 41.95574188 162.3414154
vertex 94.74993134 37.2342453 159.0146027
vertex 93.95381927 38.00305939 161.8823395

endloop
endfacet
facet normal -0.7260359526 -0.6858319044 0.05006418377
outer loop
vertex 90.25167084 41.95574188 162.3414154
vertex 93.95381927 38.00305939 161.8823395
vertex 89.59670258 42.85631561 165.1800079

endloop
endfacet
facet normal -0.7225317359 -0.6888090968 0.05907563865
outer loop
vertex 89.59670258 42.85631561 165.1800079
vertex 93.95381927 38.00305939 161.8823395
vertex 93.39873505 38.82939911 164.7282562

endloop
endfacet
facet normal -0.7232013941 -0.6886650324 0.05215587839
outer loop
vertex 89.59670258 42.85631561 165.1800079
vertex 93.39873505 38.82939911 164.7282562
vertex 88.89150238 43.81101227 168.0073853

endloop
endfacet
facet normal -0.7324647903 -0.6802816987 0.02668725513
outer loop
vertex 88.89150238 43.81101227 168.0073853
vertex 93.39873505 38.82939911 164.7282562
vertex 92.70119476 39.69141388 167.5569153

endloop
endfacet
facet normal -0.7209544182 -0.6808413863 0.1291498691
outer loop
vertex 88.89150238 43.81101227 168.0073853
vertex 92.70119476 39.69141388 167.5569153
vertex 88.54296112 44.71379852 170.8209534

endloop
endfacet
facet normal -0.7259385586 -0.6775950789 0.1178052872
outer loop
vertex 88.54296112 44.71379852 170.8209534
vertex 92.70119476 39.69141388 167.5569153
vertex 92.43373871 40.47109222 170.3933716

endloop
endfacet
facet normal -0.7272787094 -0.6778229475 0.107803829
outer loop
vertex 88.5429306 44.71379852 170.8209534
vertex 92.43373871 40.47110748 170.3934021
vertex 87.16771698 46.65651703 173.7582855

endloop
endfacet
facet normal -0.6730877161 -0.7010992169 0.2353993356
outer loop
vertex 87.16771698 46.65651703 173.7582855
vertex 92.43373871 40.47110748 170.3934021
vertex 91.27959442 42.58164215 173.3791962

endloop
endfacet
facet normal -0.7045821548 -0.709425509 -0.01671166718
outer loop
vertex 87.16771698 46.65651703 173.7582855
vertex 91.27959442 42.58164215 173.3791962
vertex 83.14177704 50.57961273 176.9573364

endloop
endfacet
facet normal -0.5294172764 -0.7311621308 0.4302547872
outer loop
vertex 83.14177704 50.57961273 176.9573364
vertex 91.27959442 42.58164215 173.3791962
vertex 87.40254974 47.29138947 176.6121979

endloop
endfacet
facet normal -0.5990003347 -0.7899349928 0.1311537921
outer loop
vertex 83.14174652 50.57959747 176.9573364
vertex 87.40251923 47.29138947 176.6121979
vertex 80.0708847 53.42047882 180.0427551

endloop
endfacet
facet normal -0.4691738188 -0.7862696648 0.4020646513
outer loop
vertex 80.0708847 53.42047882 180.0427551
vertex 87.40251923 47.29138947 176.6121979
vertex 84.54430389 50.59247589 179.7324524

endloop
endfacet
facet normal -0.5271465778 -0.8443625569 0.09575144202
outer loop
vertex 80.0708847 53.42047882 180.0427551
vertex 84.54430389 50.59247589 179.7324524
vertex 75.99983978 56.30771637 183.0906219

endloop
endfacet
facet normal -0.3818871975 -0.8206754923 0.425034076
outer loop
vertex 75.99983978 56.30771637 183.0906219
vertex 84.54430389 50.59247589 179.7324524
vertex 80.58925629 54.0562973 182.8670044

endloop
endfacet
facet normal -0.4257981479 -0.8861375451 0.1829102188
outer loop
vertex 75.99983978 56.30771637 183.0906219
vertex 80.58925629 54.0562973 182.8670044
vertex 72.5868454 58.56964874 186.103775

endloop
endfacet
facet normal -0.2790631652 -0.8349529505 0.4743177295
outer loop
vertex 72.5868454 58.56964874 186.103775
vertex 80.58925629 54.0562973 182.8670044
vertex 76.92858124 57.03350067 185.9541016

endloop
endfacet
facet normal -0.3058993816 -0.8959441781 0.3220399022
outer loop
vertex 72.58687592 58.56969452 186.1037903
vertex 76.92861176 57.03351593 185.9541321
vertex 71.24282074 60.08379364 189.0394592

endloop
endfacet
facet normal -0.2527367175 -0.8793385029 0.4035937488
outer loop
vertex 71.24282074 60.08379364 189.0394592
vertex 76.92861176 57.03351593 185.9541321
vertex 75.24965668 58.877388 188.9201202

endloop
endfacet
facet normal -0.2575542033 -0.892131567 0.3711698353
outer loop
vertex 71.24282074 60.08379364 189.0394592
vertex 75.24965668 58.877388 188.9201202
vertex 71.16832733 61.29456329 191.897934

endloop
endfacet
facet normal -0.2552700341 -0.8916453719 0.3739059269
outer loop
vertex 71.16832733 61.29456329 191.897934
vertex 75.24965668 58.877388 188.9201202
vertex 74.80269623 60.21767426 191.8111267

endloop
endfacet
facet normal -0.2793223262 -0.9524753094 0.1215315685
outer loop
vertex 71.16832733 61.29456329 191.897934
vertex 74.80269623 60.21767426 191.8111267
vertex 71.12975311 61.66773224 194.733902

endloop
endfacet
facet normal -0.2937126458 -0.9503916502 0.1024139747
outer loop
vertex 71.12975311 61.66773224 194.733902
vertex 74.80269623 60.21767426 191.8111267
vertex 74.52028656 60.61023712 194.6441498

endloop
endfacet
facet normal -0.2980346084 -0.9544707537 -0.01269107778
outer loop
vertex 71.12975311 61.66773224 194.733902
vertex 74.52025604 60.61023712 194.6441498
vertex 72.25322723 61.28017426 197.4979401

endloop
endfacet
facet normal -0.3499925733 -0.934920609 -0.05855552107
outer loop
vertex 72.25322723 61.28017426 197.4979401
vertex 74.52025604 60.61023712 194.6441498
vertex 75.60320282 60.033638 197.3774719

endloop
endfacet
facet normal -0.3500725031 -0.9343349934 -0.06683825701
outer loop
vertex 72.25322723 61.28017426 197.4979401
vertex 75.60320282 60.033638 197.3774719
vertex 75.76268768 59.77767181 200.1203156

endloop
endfacet
facet normal -0.4315817952 -0.9001482725 -0.0589084886
outer loop
vertex 75.76268768 59.77767181 200.1203156
vertex 75.60320282 60.033638 197.3774719
vertex 79.0623703 58.20589447 199.9632874

endloop
endfacet
facet normal -0.4306281209 -0.8878623843 -0.1620487571
outer loop
vertex 75.76268768 59.77765656 200.1203003
vertex 79.0623703 58.20590973 199.9633026
vertex 79.42855072 57.53089142 202.6886292

endloop
endfacet
facet normal -0.4762153029 -0.8663377166 -0.1505922526
outer loop
vertex 79.42855072 57.53089142 202.6886292
vertex 79.0623703 58.20590973 199.9633026
vertex 82.55443573 55.84070587 202.5271149

endloop
endfacet
facet normal -0.4633535445 -0.8263563514 -0.3200604022
outer loop
vertex 79.42855072 57.53089142 202.6886292
vertex 82.55443573 55.84070587 202.5271149
vertex 79.09185028 56.65909576 205.4269409

endloop
endfacet
facet normal -0.4160401821 -0.8742955327 -0.2500357032
outer loop
vertex 79.09185028 56.65909576 205.4269409
vertex 82.55443573 55.84070587 202.5271149
vertex 81.81826019 55.39167023 205.3221893

endloop
endfacet
facet normal -0.4099444747 -0.8557623625 -0.3156205416
outer loop
vertex 79.09185028 56.65909576 205.4269409
vertex 81.81826019 55.39167023 205.3221893
vertex 76.65325165 56.76744843 208.3005371

endloop
endfacet
facet normal -0.2830339968 -0.9578899741 -0.04835864156
outer loop
vertex 76.65325165 56.76744843 208.3005371
vertex 81.81826019 55.39167023 205.3221893
vertex 78.79790497 56.1371994 208.2322845

endloop
endfacet
facet normal -0.282184273 -0.9388858676 -0.197143048
outer loop
vertex 76.65325165 56.76746368 208.3005524
vertex 78.79790497 56.13721466 208.2322998
vertex 77.84889984 55.84394073 210.987381

endloop
endfacet
facet normal -0.244015947 -0.9518879056 -0.1853797585
outer loop
vertex 77.84889984 55.84394073 210.987381
vertex 78.79790497 56.13721466 208.2322998
vertex 79.54198456 55.42337799 210.9182739

endloop
endfacet
facet normal -0.2437879145 -0.9640276432 -0.1059160009
outer loop
vertex 77.84889984 55.84394073 210.987381
vertex 79.54198456 55.42337799 210.9182739
vertex 79.37068939 55.14731598 213.8252106

endloop
endfacet
facet normal -0.3485607505 -0.9309328198 -0.1089469865
outer loop
vertex 79.37068939 55.14731598 213.8252106
vertex 79.54198456 55.42337799 210.9182739
vertex 80.52062225 54.72255707 213.77565

endloop
endfacet
facet normal -0.3270743489 -0.9136201739 0.2414967269
outer loop
vertex 79.37068939 55.14730072 213.8252106
vertex 80.52062225 54.72252655 213.77565
vertex 80.5998764 55.74642181 217.756546

endloop
endfacet
facet normal 0.5925066471 -0.7829552293 0.1895178705
outer loop
vertex 80.5998764 55.74642181 217.756546
vertex 80.52062225 54.72252655 213.77565
vertex 80.59990692 55.74645233 217.7565765

endloop
endfacet
facet normal -0.7789045572 0.455968231 0.4305817783
outer loop
vertex 112.1324997 29.08104706 103.7969742
vertex 112.1324692 29.08101654 103.7969513
vertex 110.8826523 23.74129486 107.1906281

endloop
endfacet
facet normal -0.6213700771 -0.3114867508 -0.7189403772
outer loop
vertex 110.8826523 23.74129486 107.1906281
vertex 112.1324692 29.08101654 103.7969513
vertex 111.5507736 22.4467392 107.174057

endloop
endfacet
facet normal -0.8210677505 -0.4187885225 -0.387896806
outer loop
vertex 110.8826523 23.74129486 107.1906281
vertex 111.5507736 22.4467392 107.174057
vertex 109.7551498 23.44373322 109.8984909

endloop
endfacet
facet normal -0.7725536227 -0.5566369891 -0.3054770529
outer loop
vertex 109.7551498 23.44373322 109.8984909
vertex 111.5507736 22.4467392 107.174057
vertex 110.938652 21.81075287 109.8810043

endloop
endfacet
facet normal -0.7924280167 -0.5720449686 -0.2117127478
outer loop
vertex 109.7551498 23.44373322 109.8984909
vertex 110.938652 21.81075287 109.8810043
vertex 109.0830612 23.4384079 112.4284668

endloop
endfacet
facet normal -0.7951400876 -0.5660795569 -0.2174997777
outer loop
vertex 109.0830612 23.4384079 112.4284668
vertex 110.938652 21.81075287 109.8810043
vertex 110.4704514 21.49948883 112.4027786

endloop
endfacet
facet normal -0.8049519062 -0.5739907622 -0.1502900869
outer loop
vertex 109.0830612 23.4384079 112.4284668
vertex 110.4704514 21.49948883 112.4027786
vertex 108.3739243 23.77626801 114.9362335

endloop
endfacet
facet normal -0.7680798173 -0.6372551322 -0.06292240322
outer loop
vertex 108.3739243 23.77626801 114.9362335
vertex 110.4704514 21.49948883 112.4027786
vertex 110.0038376 21.81531525 114.9000549

endloop
endfacet
facet normal -0.7680388093 -0.6391273141 0.04040708765
outer loop
vertex 108.3739243 23.77626801 114.9362335
vertex 110.0038376 21.81531525 114.9000549
vertex 107.9100266 24.48966217 117.4025879

endloop
endfacet
facet normal -0.6992242932 -0.6968450546 0.1596630067
outer loop
vertex 107.9100266 24.48966217 117.4025879
vertex 110.0038376 21.81531525 114.9000549
vertex 109.8307724 22.55408478 117.366478

endloop
endfacet
facet normal -0.6962134838 -0.6942759156 0.1823943257
outer loop
vertex 107.9100266 24.48966217 117.4025803
vertex 109.8307724 22.55406952 117.3664703
vertex 107.9797592 25.05710602 119.8287048

endloop
endfacet
facet normal -0.6894672513 -0.6984780431 0.1917376965
outer loop
vertex 107.9797592 25.05710602 119.8287048
vertex 109.8307724 22.55406952 117.3664703
vertex 110.1068039 22.94966888 119.8001709

endloop
endfacet
facet normal -0.6778234243 -0.687645793 0.2601896226
outer loop
vertex 107.9797897 25.05713654 119.8287048
vertex 110.1068344 22.94968414 119.8001862
vertex 108.9953842 24.96671295 122.235466

endloop
endfacet
facet normal -0.6642593741 -0.6958107352 0.273142755
outer loop
vertex 108.9953842 24.96671295 122.235466
vertex 110.1068344 22.94968414 119.8001862
vertex 111.3969955 22.68035126 122.2516403

endloop
endfacet
facet normal -0.661671102 -0.6930049062 0.2862434685
outer loop
vertex 108.9953537 24.96668243 122.2354507
vertex 111.396965 22.680336 122.2516174
vertex 110.7905807 24.25415802 124.6601944

endloop
endfacet
facet normal -0.6870840788 -0.6752488017 0.2682432234
outer loop
vertex 110.7905807 24.25415802 124.6601944
vertex 111.396965 22.680336 122.2516174
vertex 113.2200546 21.8004837 124.7064667

endloop
endfacet
facet normal -0.7052474022 -0.6957196593 0.136382252
outer loop
vertex 110.7905807 24.25415802 124.6601944
vertex 113.2200546 21.8004837 124.7064667
vertex 112.0936203 23.40937042 127.0888824

endloop
endfacet
facet normal -0.7648215294 -0.6403384209 0.07081497461
outer loop
vertex 112.0936203 23.40937042 127.0888824
vertex 113.2200546 21.8004837 124.7064667
vertex 114.3224106 20.74591827 127.0764008

endloop
endfacet
facet normal -0.7661170959 -0.6408631206 -0.04856909439
outer loop
vertex 112.0936203 23.40937042 127.0888824
vertex 114.3224106 20.74591827 127.0764008
vertex 112.0466843 23.28386688 129.4852448

endloop
endfacet
facet normal -0.783837676 -0.613843739 -0.09377788752
outer loop
vertex 112.0466843 23.28386688 129.4852448
vertex 114.3224106 20.74591827 127.0764008
vertex 114.31353 20.403862 129.3896332

endloop
endfacet
facet normal -0.7822682261 -0.611833632 -0.1171151549
outer loop
vertex 112.0466843 23.28386688 129.4852448
vertex 114.31353 20.403862 129.3896332
vertex 111.2214584 23.88498688 131.8569489

endloop
endfacet
facet normal -0.793427825 -0.5845662355 -0.1695719212
outer loop
vertex 111.2214584 23.88498688 131.8569489
vertex 114.31353 20.403862 129.3896332
vertex 113.60009 20.70008087 131.706665

endloop
endfacet
facet normal -0.7858664989 -0.5763439536 -0.2241459936
outer loop
vertex 111.2214584 23.88498688 131.8569489
vertex 113.60009 20.70008087 131.706665
vertex 110.5093002 23.93630219 134.2218628

endloop
endfacet
facet normal -0.7892983556 -0.5624985695 -0.2461776435
outer loop
vertex 110.5093002 23.93630219 134.2218628
vertex 113.60009 20.70008087 131.706665
vertex 113.0387802 20.47589874 134.0185852

endloop
endfacet
facet normal -0.797521174 -0.5716374516 -0.1928486526
outer loop
vertex 110.5093002 23.93627167 134.2218323
vertex 113.0387497 20.47588348 134.0185547
vertex 109.7084885 24.22759247 136.6700439

endloop
endfacet
facet normal -0.8024448156 -0.5518515706 -0.2270289809
outer loop
vertex 109.7084885 24.22759247 136.6700439
vertex 113.0387497 20.47588348 134.0185547
vertex 112.1990585 20.702034 136.4367676

endloop
endfacet
facet normal -0.8078619242 -0.5581821799 -0.1891870797
outer loop
vertex 109.7084885 24.22759247 136.6700439
vertex 112.1990585 20.702034 136.4367676
vertex 108.8863449 24.56859589 139.1746368

endloop
endfacet
facet normal -0.8139365315 -0.5318889022 -0.233669892
outer loop
vertex 108.8863449 24.56859589 139.1746368
vertex 112.1990585 20.702034 136.4367676
vertex 111.0936203 21.30381012 138.9175262

endloop
endfacet
facet normal -0.8244772553 -0.5455850363 -0.1502473056
outer loop
vertex 108.8863449 24.56859589 139.1746368
vertex 111.0936203 21.30381012 138.9175262
vertex 108.3220444 24.72945404 141.6871033

endloop
endfacet
facet normal -0.8274177909 -0.53726542 -0.1634802967
outer loop
vertex 108.3220444 24.72945404 141.6871033
vertex 111.0936203 21.30381012 138.9175262
vertex 110.5094833 21.44991302 141.3938446

endloop
endfacet
facet normal -0.8327569366 -0.5491622686 -0.07026190311
outer loop
vertex 108.3220444 24.72945404 141.6871033
vertex 110.5094833 21.44991302 141.3938446
vertex 107.3446274 25.87389374 144.326767

endloop
endfacet
facet normal -0.8323111534 -0.5500711799 -0.06840986013
outer loop
vertex 107.3446274 25.87389374 144.326767
vertex 110.5094833 21.44991302 141.3938446
vertex 109.5694809 22.54615021 144.0157776

endloop
endfacet
facet normal -0.8241629601 -0.533152163 -0.1910605431
outer loop
vertex 107.3446579 25.873909 144.326767
vertex 109.5694809 22.54615021 144.0157928
vertex 104.2698898 29.58188629 147.2430878

endloop
endfacet
facet normal -0.8250259757 -0.5065113306 -0.2505564094
outer loop
vertex 104.2698898 29.58188629 147.2430878
vertex 109.5694809 22.54615021 144.0157928
vertex 106.6741867 25.84195709 146.8867188

endloop
endfacet
facet normal -0.8216701746 -0.5026195049 -0.2687596977
outer loop
vertex 104.2698898 29.58188629 147.2430878
vertex 106.6741867 25.84195709 146.8867188
vertex 101.2828598 32.87458038 150.2174225

endloop
endfacet
facet normal -0.8164337277 -0.5608924627 -0.1372428983
outer loop
vertex 101.2828598 32.87458038 150.2174225
vertex 106.6741867 25.84195709 146.8867188
vertex 104.3525314 28.51134491 149.7884216

endloop
endfacet
facet normal -0.793204546 -0.5282589793 -0.3029341698
outer loop
vertex 101.2828598 32.87458038 150.2174225
vertex 104.3525314 28.51134491 149.7884216
vertex 98.83055878 34.87029266 153.1584015

endloop
endfacet
facet normal -0.7714636922 -0.6323007345 -0.07098986953
outer loop
vertex 98.83055878 34.87029266 153.1584015
vertex 104.3525314 28.51134491 149.7884216
vertex 102.4982529 30.45360565 152.6397552

endloop
endfacet
facet normal -0.7461200953 -0.5815131664 -0.3242644072
outer loop
vertex 98.83055878 34.87029266 153.1584015
vertex 102.4982529 30.45360565 152.6397552
vertex 96.46508026 36.26421356 156.1015167

endloop
endfacet
facet normal -0.7262734175 -0.6741983891 -0.1341022402
outer loop
vertex 96.46508026 36.26421356 156.1015167
vertex 102.4982529 30.45360565 152.6397552
vertex 100.4994736 32.03292084 155.5247803

endloop
endfacet
facet normal -0.7221599221 -0.6605826616 -0.2052206844
outer loop
vertex 96.46508026 36.26421356 156.1015167
vertex 100.4994736 32.03292084 155.5247803
vertex 94.74993134 37.2342453 159.0146027

endloop
endfacet
facet normal -0.6865276694 -0.7253873944 -0.04992938414
outer loop
vertex 94.74993134 37.2342453 159.0146027
vertex 100.4994736 32.03292084 155.5247803
vertex 98.90190887 33.34098053 158.4874115

endloop
endfacet
facet normal -0.6836050749 -0.7298284173 0.005884762853
outer loop
vertex 94.74993134 37.2342453 159.0146027
vertex 98.90190887 33.34098053 158.4874115
vertex 93.95381927 38.00305939 161.8823395

endloop
endfacet
facet normal -0.6688747406 -0.7420625687 0.04415476695
outer loop
vertex 93.95381927 38.00305939 161.8823395
vertex 98.90190887 33.34098053 158.4874115
vertex 98.17613983 34.16808319 161.3934021

endloop
endfacet
facet normal -0.6643748283 -0.7424363494 0.08598999679
outer loop
vertex 93.95381927 38.00305939 161.8823395
vertex 98.17610931 34.16808319 161.3934174
vertex 93.39873505 38.82939911 164.7282562

endloop
endfacet
facet normal -0.6984575391 -0.7156513929 -0.000274632388
outer loop
vertex 93.39873505 38.82939911 164.7282562
vertex 98.17610931 34.16808319 161.3934174
vertex 97.71800995 34.6140976 164.204895

endloop
endfacet
facet normal -0.6947069168 -0.7177286744 0.04740997031
outer loop
vertex 93.39873505 38.82939911 164.7282562
vertex 97.71800995 34.6140976 164.204895
vertex 92.70119476 39.69141388 167.5569153

endloop
endfacet
facet normal -0.7206364274 -0.6926929355 -0.02931920253
outer loop
vertex 92.70119476 39.69141388 167.5569153
vertex 97.71800995 34.6140976 164.204895
vertex 96.78780365 35.46123505 167.0540314

endloop
endfacet
facet normal -0.7060970068 -0.6969934702 0.1250083745
outer loop
vertex 92.70119476 39.69141388 167.5569153
vertex 96.78780365 35.46123505 167.0540314
vertex 92.43373871 40.47109222 170.3933716

endloop
endfacet
facet normal -0.7395790219 -0.6716715097 0.04336284101
outer loop
vertex 92.43373871 40.47109222 170.3933716
vertex 96.78780365 35.46123505 167.0540314
vertex 96.32588959 36.15587616 169.9355011

endloop
endfacet
facet normal -0.7179671526 -0.6682536006 0.1948340684
outer loop
vertex 92.43373871 40.47110748 170.3934021
vertex 96.32588959 36.15590668 169.9355164
vertex 91.27959442 42.58164215 173.3791962

endloop
endfacet
facet normal -0.7238277793 -0.6656907797 0.1814640611
outer loop
vertex 91.27959442 42.58164215 173.3791962
vertex 96.32588959 36.15590668 169.9355164
vertex 95.26909637 38.13181305 172.9686584

endloop
endfacet
facet normal -0.7372900844 -0.669416368 0.0910223648
outer loop
vertex 91.27959442 42.58164215 173.3791962
vertex 95.26909637 38.13181305 172.9686584
vertex 87.40254974 47.29138947 176.6121979

endloop
endfacet
facet normal -0.6529285908 -0.6873344183 0.3182069361
outer loop
vertex 87.40254974 47.29138947 176.6121979
vertex 95.26909637 38.13181305 172.9686584
vertex 91.65236664 43.07793427 176.2312317

endloop
endfacet
facet normal -0.6940538287 -0.7105264664 0.1159374416
outer loop
vertex 87.40251923 47.29138947 176.6121979
vertex 91.65233612 43.07793427 176.2312164
vertex 84.54430389 50.59247589 179.7324524

endloop
endfacet
facet normal -0.5685955882 -0.7217399478 0.39470312
outer loop
vertex 84.54430389 50.59247589 179.7324524
vertex 91.65233612 43.07793427 176.2312164
vertex 89.16439056 46.75243378 179.3662262

endloop
endfacet
facet normal -0.6361942291 -0.7700227499 0.04818655178
outer loop
vertex 84.54430389 50.59247589 179.7324524
vertex 89.16439056 46.75243378 179.3662262
vertex 80.58925629 54.0562973 182.8670044

endloop
endfacet
facet normal -0.4470494092 -0.7548790574 0.4799003005
outer loop
vertex 80.58925629 54.0562973 182.8670044
vertex 89.16439056 46.75243378 179.3662262
vertex 85.29134369 51.08348846 182.5710144

endloop
endfacet
facet normal -0.5155311823 -0.8346976638 0.1936682761
outer loop
vertex 80.58925629 54.0562973 182.8670044
vertex 85.29134369 51.08348846 182.5710144
vertex 76.92858124 57.03350067 185.9541016

endloop
endfacet
facet normal -0.3551064432 -0.7864486575 0.5053691268
outer loop
vertex 76.92858124 57.03350067 185.9541016
vertex 85.29134369 51.08348846 182.5710144
vertex 81.43672943 54.85443878 185.7308044

endloop
endfacet
facet normal -0.4014815986 -0.8622491956 0.3087698221
outer loop
vertex 76.92861176 57.03351593 185.9541321
vertex 81.43675995 54.8544693 185.7308502
vertex 75.24965668 58.877388 188.9201202

endloop
endfacet
facet normal -0.3574914932 -0.8523738384 0.381652683
outer loop
vertex 75.24965668 58.877388 188.9201202
vertex 81.43675995 54.8544693 185.7308502
vertex 79.47502899 57.0150528 188.7187042

endloop
endfacet
facet normal -0.3648073971 -0.8649653196 0.344602108
outer loop
vertex 75.24965668 58.877388 188.9201202
vertex 79.47502899 57.0150528 188.7187042
vertex 74.80269623 60.21767426 191.8111267

endloop
endfacet
facet normal -0.4342488945 -0.8675708175 0.242381379
outer loop
vertex 74.80269623 60.21767426 191.8111267
vertex 79.47502899 57.0150528 188.7187042
vertex 78.55815887 58.28022003 191.604538

endloop
endfacet
facet normal -0.453712374 -0.8877469897 0.07778394222
outer loop
vertex 74.80269623 60.21767426 191.8111267
vertex 78.55815887 58.28022003 191.604538
vertex 74.52028656 60.61023712 194.6441498

endloop
endfacet
facet normal -0.4240186512 -0.8970720768 0.1243777126
outer loop
vertex 74.52028656 60.61023712 194.6441498
vertex 78.55815887 58.28022003 191.604538
vertex 78.01799774 58.92967987 194.4472809

endloop
endfacet
facet normal -0.4338327348 -0.9008107781 -0.01814236864
outer loop
vertex 74.52025604 60.61023712 194.6441498
vertex 78.01796722 58.92969513 194.4472961
vertex 75.60320282 60.033638 197.3774719

endloop
endfacet
facet normal -0.4220566452 -0.9065477252 -0.006276198197
outer loop
vertex 75.60320282 60.033638 197.3774719
vertex 78.01796722 58.92969513 194.4472961
vertex 79.08748627 58.41272736 197.197113

endloop
endfacet
facet normal -0.4237568676 -0.9029603004 -0.07136388868
outer loop
vertex 75.60320282 60.033638 197.3774719
vertex 79.08748627 58.41272736 197.197113
vertex 79.0623703 58.20589447 199.9632874

endloop
endfacet
facet normal -0.4691030979 -0.8803579807 -0.07008559257
outer loop
vertex 79.0623703 58.20589447 199.9632874
vertex 79.08748627 58.41272736 197.197113
vertex 82.60262299 56.3330307 199.7927399

endloop
endfacet
facet normal -0.4674214423 -0.8685702085 -0.1646296531
outer loop
vertex 79.0623703 58.20590973 199.9633026
vertex 82.6026535 56.3330307 199.7927551
vertex 82.55443573 55.84070587 202.5271149

endloop
endfacet
facet normal -0.4627170861 -0.8710177541 -0.1649874002
outer loop
vertex 82.55443573 55.84070587 202.5271149
vertex 82.6026535 56.3330307 199.7927551
vertex 86.05464935 54.01412201 202.3536377

endloop
endfacet
facet normal -0.457069397 -0.8514404297 -0.257170409
outer loop
vertex 82.55443573 55.84070587 202.5271149
vertex 86.05464935 54.01412201 202.3536377
vertex 81.81826019 55.39167023 205.3221893

endloop
endfacet
facet normal -0.4535402954 -0.8553618193 -0.2503143251
outer loop
vertex 81.81826019 55.39167023 205.3221893
vertex 86.05464935 54.01412201 202.3536377
vertex 84.77715302 53.87111664 205.1569824

endloop
endfacet
facet normal -0.4534461796 -0.8550415635 -0.2515759766
outer loop
vertex 81.81826019 55.39167023 205.3221893
vertex 84.77715302 53.87111664 205.1569824
vertex 78.79790497 56.1371994 208.2322845

endloop
endfacet
facet normal -0.4459525049 -0.8651105762 -0.2295867503
outer loop
vertex 78.79790497 56.1371994 208.2322845
vertex 84.77715302 53.87111664 205.1569824
vertex 80.99147797 55.04184723 208.098877

endloop
endfacet
facet normal -0.4493793249 -0.8864073157 -0.1110867262
outer loop
vertex 78.79790497 56.13721466 208.2322998
vertex 80.99147797 55.04186249 208.0989075
vertex 79.54198456 55.42337799 210.9182739

endloop
endfacet
facet normal -0.4121650159 -0.9067318439 -0.08920379728
outer loop
vertex 79.54198456 55.42337799 210.9182739
vertex 80.99147797 55.04186249 208.0989075
vertex 81.35106659 54.61312103 210.7954712

endloop
endfacet
facet normal -0.4119997621 -0.907533586 -0.08148034662
outer loop
vertex 79.54198456 55.42337799 210.9182739
vertex 81.35106659 54.61312103 210.7954712
vertex 80.52062225 54.72255707 213.77565

endloop
endfacet
facet normal -0.4646006525 -0.8801758289 -0.09714250267
outer loop
vertex 80.52062225 54.72255707 213.77565
vertex 81.35106659 54.61312103 210.7954712
vertex 81.85756683 54.02759552 213.678299

endloop
endfacet
facet normal -0.4352217615 -0.8698140383 0.2323909849
outer loop
vertex 80.52062225 54.72252655 213.77565
vertex 81.85756683 54.027565 213.6783142
vertex 80.59990692 55.74645233 217.7565765

endloop
endfacet
facet normal -0.5006149411 0.7314810157 -0.4629472792
outer loop
vertex 80.59990692 55.74645233 217.7565765
vertex 81.85756683 54.027565 213.6783142
vertex 80.5998764 55.74642181 217.7565613

endloop
endfacet
facet normal 0.5068255663 -0.4259456396 -0.7494652271
outer loop
vertex 112.1324692 29.08101654 103.7969513
vertex 112.1325302 29.08106232 103.7969666
vertex 111.5507736 22.4467392 107.174057

endloop
endfacet
facet normal -0.4673887789 -0.368150264 -0.8037493229
outer loop
vertex 111.5507736 22.4467392 107.174057
vertex 112.1325302 29.08106232 103.7969666
vertex 112.4226913 21.24491119 107.217514

endloop
endfacet
facet normal -0.7652746439 -0.5662694573 -0.3060941696
outer loop
vertex 111.5507736 22.4467392 107.174057
vertex 112.4226913 21.24491119 107.217514
vertex 110.938652 21.81075287 109.8810043

endloop
endfacet
facet normal -0.7279644012 -0.6293975115 -0.2718945444
outer loop
vertex 110.938652 21.81075287 109.8810043
vertex 112.4226913 21.24491119 107.217514
vertex 112.231163 20.28932953 109.9423447

endloop
endfacet
facet normal -0.7398058772 -0.6372039914 -0.2160052061
outer loop
vertex 110.938652 21.81075287 109.8810043
vertex 112.231163 20.28932953 109.9423447
vertex 110.4704514 21.49948883 112.4027786

endloop
endfacet
facet normal -0.7425835133 -0.6324794292 -0.2203166634
outer loop
vertex 110.4704514 21.49948883 112.4027786
vertex 112.231163 20.28932953 109.9423447
vertex 111.8873825 19.81719208 112.4564667

endloop
endfacet
facet normal -0.7624683976 -0.644143343 -0.06100277603
outer loop
vertex 110.4704514 21.49948883 112.4027786
vertex 111.8873825 19.81719208 112.4564667
vertex 110.0038376 21.81531525 114.9000549

endloop
endfacet
facet normal -0.7284260392 -0.6851233244 -0.00125328952
outer loop
vertex 110.0038376 21.81531525 114.9000549
vertex 111.8873825 19.81719208 112.4564667
vertex 111.6914291 20.02095795 114.956131

endloop
endfacet
facet normal -0.7224059701 -0.6746907234 0.1514004767
outer loop
vertex 110.0038376 21.81531525 114.9000549
vertex 111.6914291 20.02095795 114.956131
vertex 109.8307724 22.55408478 117.366478

endloop
endfacet
facet normal -0.650667429 -0.7167041898 0.2509323061
outer loop
vertex 109.8307724 22.55408478 117.366478
vertex 111.6914291 20.02095795 114.956131
vertex 111.9334335 20.67189789 117.4428406

endloop
endfacet
facet normal -0.6583152413 -0.7275961041 0.1929375678
outer loop
vertex 109.8307724 22.55406952 117.3664703
vertex 111.933403 20.67189789 117.4428329
vertex 110.1068039 22.94966888 119.8001709

endloop
endfacet
facet normal -0.6207047701 -0.7463451624 0.2401966453
outer loop
vertex 110.1068039 22.94966888 119.8001709
vertex 111.933403 20.67189789 117.4428329
vertex 112.5289536 20.96718597 119.899353

endloop
endfacet
facet normal -0.6201395392 -0.7454263568 0.2444720715
outer loop
vertex 110.1068344 22.94968414 119.8001862
vertex 112.5289536 20.96718597 119.8993607
vertex 111.3969955 22.68035126 122.2516403

endloop
endfacet
facet normal -0.6442475915 -0.731637001 0.2228280157
outer loop
vertex 111.3969955 22.68035126 122.2516403
vertex 112.5289536 20.96718597 119.8993607
vertex 113.8568954 20.54402924 122.34935

endloop
endfacet
facet normal -0.6450668573 -0.7328448296 0.2163959593
outer loop
vertex 111.396965 22.680336 122.2516174
vertex 113.8568039 20.54398346 122.3493347
vertex 113.2200546 21.8004837 124.7064667

endloop
endfacet
facet normal -0.7191159725 -0.6748937368 0.1655009538
outer loop
vertex 113.2200546 21.8004837 124.7064667
vertex 113.8568039 20.54398346 122.3493347
vertex 115.4644699 19.4174118 124.7407532

endloop
endfacet
facet normal -0.7277954817 -0.6849640608 0.03373520449
outer loop
vertex 113.2200546 21.8004837 124.7064667
vertex 115.4644699 19.4174118 124.7407532
vertex 114.3224106 20.74591827 127.0764008

endloop
endfacet
facet normal -0.7844866514 -0.6193551421 -0.03130308166
outer loop
vertex 114.3224106 20.74591827 127.0764008
vertex 115.4644699 19.4174118 124.7407532
vertex 116.3618088 18.16632843 127.0061722

endloop
endfacet
facet normal -0.7822225094 -0.6158563495 -0.09406927973
outer loop
vertex 114.3224106 20.74591827 127.0764008
vertex 116.3618088 18.16632843 127.0061722
vertex 114.31353 20.403862 129.3896332

endloop
endfacet
facet normal -0.7988293171 -0.5858681202 -0.1364928633
outer loop
vertex 114.31353 20.403862 129.3896332
vertex 116.3618088 18.16632843 127.0061722
vertex 116.3564072 17.65454865 129.2344971

endloop
endfacet
facet normal -0.7954867482 -0.5814597607 -0.1706030667
outer loop
vertex 114.31353 20.403862 129.3896332
vertex 116.3564072 17.65454865 129.2344971
vertex 113.60009 20.70008087 131.706665

endloop
endfacet
facet normal -0.8006516099 -0.566639781 -0.1946185976
outer loop
vertex 113.60009 20.70008087 131.706665
vertex 116.3564072 17.65454865 129.2344971
vertex 115.737236 17.74597931 131.5155334

endloop
endfacet
facet normal -0.7927060127 -0.5575333238 -0.2465234697
outer loop
vertex 113.60009 20.70008087 131.706665
vertex 115.737236 17.74597931 131.5155334
vertex 113.0387802 20.47589874 134.0185852

endloop
endfacet
facet normal -0.7908098102 -0.5642495751 -0.2371542007
outer loop
vertex 113.0387802 20.47589874 134.0185852
vertex 115.737236 17.74597931 131.5155334
vertex 115.1754379 17.55698395 133.838562

endloop
endfacet
facet normal -0.7931935787 -0.5669021606 -0.2224090993
outer loop
vertex 113.0387497 20.47588348 134.0185547
vertex 115.1754074 17.55695343 133.8385468
vertex 112.1990585 20.702034 136.4367676

endloop
endfacet
facet normal -0.7967357635 -0.5534065962 -0.2428027093
outer loop
vertex 112.1990585 20.702034 136.4367676
vertex 115.1754074 17.55695343 133.8385468
vertex 114.394249 17.62458038 136.2477112

endloop
endfacet
facet normal -0.8002778292 -0.557246089 -0.2214324176
outer loop
vertex 112.1990585 20.702034 136.4367676
vertex 114.394249 17.62458038 136.2477112
vertex 111.0936203 21.30381012 138.9175262

endloop
endfacet
facet normal -0.7981601954 -0.5657122731 -0.2071472555
outer loop
vertex 111.0936203 21.30381012 138.9175262
vertex 114.394249 17.62458038 136.2477112
vertex 113.3446884 18.19980621 138.7208557

endloop
endfacet
facet normal -0.8042986393 -0.5734114051 -0.1558941454
outer loop
vertex 111.0936203 21.30381012 138.9175262
vertex 113.3446884 18.19980621 138.7208557
vertex 110.5094833 21.44991302 141.3938446

endloop
endfacet
facet normal -0.8041613102 -0.5737577677 -0.1553273201
outer loop
vertex 110.5094833 21.44991302 141.3938446
vertex 113.3446884 18.19980621 138.7208557
vertex 112.735527 18.38759613 141.1809387

endloop
endfacet
facet normal -0.8095378876 -0.585300684 -0.04551574215
outer loop
vertex 110.5094833 21.44991302 141.3938446
vertex 112.735527 18.38759613 141.1809387
vertex 109.5694809 22.54615021 144.0157776

endloop
endfacet
facet normal -0.8125277162 -0.5801926255 -0.05634819716
outer loop
vertex 109.5694809 22.54615021 144.0157776
vertex 112.735527 18.38759613 141.1809387
vertex 111.7923508 19.45917511 143.7477417

endloop
endfacet
facet normal -0.8072991967 -0.5671738982 -0.1630391032
outer loop
vertex 109.5694809 22.54615021 144.0157928
vertex 111.7923813 19.45919037 143.7477417
vertex 106.6741867 25.84195709 146.8867188

endloop
endfacet
facet normal -0.8068261147 -0.5692650676 -0.1580155045
outer loop
vertex 106.6741867 25.84195709 146.8867188
vertex 111.7923813 19.45919037 143.7477417
vertex 109.3506088 22.14298248 146.546814

endloop
endfacet
facet normal -0.8095742464 -0.5748461485 -0.1189179644
outer loop
vertex 106.6741867 25.84195709 146.8867188
vertex 109.3506088 22.14298248 146.546814
vertex 104.3525314 28.51134491 149.7884216

endloop
endfacet
facet normal -0.808493495 -0.5778900385 -0.1112718731
outer loop
vertex 104.3525314 28.51134491 149.7884216
vertex 109.3506088 22.14298248 146.546814
vertex 107.1960068 24.5994339 149.4444275

endloop
endfacet
facet normal -0.8072112203 -0.5750252008 -0.1332519501
outer loop
vertex 104.3525314 28.51134491 149.7884216
vertex 107.1960068 24.5994339 149.4444275
vertex 102.4982529 30.45360565 152.6397552

endloop
endfacet
facet normal -0.7907289267 -0.6105935574 -0.04385462403
outer loop
vertex 102.4982529 30.45360565 152.6397552
vertex 107.1960068 24.5994339 149.4444275
vertex 105.6466904 26.40091705 152.2973785

endloop
endfacet
facet normal -0.7794531584 -0.5870674253 -0.2186429948
outer loop
vertex 102.4982529 30.45360565 152.6397552
vertex 105.6466904 26.40091705 152.2973785
vertex 100.4994736 32.03292084 155.5247803

endloop
endfacet
facet normal -0.7605854273 -0.6427826881 -0.0913252458
outer loop
vertex 100.4994736 32.03292084 155.5247803
vertex 105.6466904 26.40091705 152.2973785
vertex 103.873497 28.09444427 155.1453857

endloop
endfacet
facet normal -0.7592577934 -0.6381445527 -0.1276676208
outer loop
vertex 100.4994736 32.03292084 155.5247803
vertex 103.873497 28.09444427 155.1453857
vertex 98.90190887 33.34098053 158.4874115

endloop
endfacet
facet normal -0.7233507037 -0.6904363632 0.007838938385
outer loop
vertex 98.90190887 33.34098053 158.4874115
vertex 103.873497 28.09444427 155.1453857
vertex 102.7604904 29.29320526 158.0251312

endloop
endfacet
facet normal -0.7228065133 -0.690862596 0.01611278765
outer loop
vertex 98.90190887 33.34098053 158.4874115
vertex 102.7604904 29.29320526 158.0251312
vertex 98.17613983 34.16808319 161.3934021

endloop
endfacet
facet normal -0.7140654922 -0.6989514232 0.03971667588
outer loop
vertex 98.17613983 34.16808319 161.3934021
vertex 102.7604904 29.29320526 158.0251312
vertex 102.4975204 29.72263336 160.8544617

endloop
endfacet
facet normal -0.7174115181 -0.6966202855 -0.006382131483
outer loop
vertex 98.17610931 34.16808319 161.3934174
vertex 102.4975204 29.72263336 160.8544617
vertex 97.71800995 34.6140976 164.204895

endloop
endfacet
facet normal -0.7309235334 -0.6807057261 -0.04889191315
outer loop
vertex 97.71800995 34.6140976 164.204895
vertex 102.4975204 29.72263336 160.8544617
vertex 101.7276535 30.3476181 163.6623535

endloop
endfacet
facet normal -0.7304977179 -0.6819800138 -0.03572409973
outer loop
vertex 97.71800995 34.6140976 164.204895
vertex 101.7276535 30.3476181 163.6623535
vertex 96.78780365 35.46123505 167.0540314

endloop
endfacet
facet normal -0.7206484079 -0.6932871938 -0.004331006203
outer loop
vertex 96.78780365 35.46123505 167.0540314
vertex 101.7276535 30.3476181 163.6623535
vertex 100.5684128 31.53462982 166.5404053

endloop
endfacet
facet normal -0.7158787847 -0.6962043047 0.05307624862
outer loop
vertex 96.78780365 35.46123505 167.0540314
vertex 100.5684128 31.53462982 166.5404053
vertex 96.32588959 36.15587616 169.9355011

endloop
endfacet
facet normal -0.6971638799 -0.7104711533 0.09588195384
outer loop
vertex 96.32588959 36.15587616 169.9355011
vertex 100.5684128 31.53462982 166.5404053
vertex 100.1544418 32.33280182 169.4447327

endloop
endfacet
facet normal -0.6742002368 -0.7038772106 0.2236312479
outer loop
vertex 96.32588959 36.15590668 169.9355164
vertex 100.1544724 32.33281708 169.4447327
vertex 95.26909637 38.13181305 172.9686584

endloop
endfacet
facet normal -0.7023201585 -0.6923234463 0.1656340957
outer loop
vertex 95.26909637 38.13181305 172.9686584
vertex 100.1544724 32.33281708 169.4447327
vertex 99.27901459 33.95882416 172.529068

endloop
endfacet
facet normal -0.6771447062 -0.6802437305 0.2806124985
outer loop
vertex 95.26909637 38.13181305 172.9686584
vertex 99.27901459 33.95882416 172.529068
vertex 91.65236664 43.07793427 176.2312317

endloop
endfacet
facet normal -0.7352033257 -0.6660323143 0.1260033548
outer loop
vertex 91.65236664 43.07793427 176.2312317
vertex 99.27901459 33.95882416 172.529068
vertex 96.04061127 38.17310333 175.9096222

endloop
endfacet
facet normal -0.7236679792 -0.6605562568 0.199925065
outer loop
vertex 91.65233612 43.07793427 176.2312164
vertex 96.04058075 38.17308807 175.9096222
vertex 89.16439056 46.75243378 179.3662262

endloop
endfacet
facet normal -0.6943612695 -0.6661736965 0.2721671164
outer loop
vertex 89.16439056 46.75243378 179.3662262
vertex 96.04058075 38.17308807 175.9096222
vertex 93.53969574 42.08641815 179.1078033

endloop
endfacet
facet normal -0.7274110913 -0.6846473217 0.04616481438
outer loop
vertex 89.16439056 46.75243378 179.3662262
vertex 93.53969574 42.08641815 179.1078033
vertex 85.29134369 51.08348846 182.5710144

endloop
endfacet
facet normal -0.588145256 -0.6970626116 0.4101083577
outer loop
vertex 85.29134369 51.08348846 182.5710144
vertex 93.53969574 42.08641815 179.1078033
vertex 90.27126312 46.68845367 182.242569

endloop
endfacet
facet normal -0.6551634669 -0.7494656444 0.09519463778
outer loop
vertex 85.29134369 51.08348846 182.5710144
vertex 90.27126312 46.68845367 182.242569
vertex 81.43672943 54.85443878 185.7308044

endloop
endfacet
facet normal -0.4921549261 -0.7330188751 0.4695389569
outer loop
vertex 81.43672943 54.85443878 185.7308044
vertex 90.27126312 46.68845367 182.242569
vertex 86.60723114 51.17916107 185.4127045

endloop
endfacet
facet normal -0.5570989251 -0.8022966385 0.2143848687
outer loop
vertex 81.43675995 54.8544693 185.7308502
vertex 86.60723114 51.17919159 185.412735
vertex 79.47502899 57.0150528 188.7187042

endloop
endfacet
facet normal -0.4335286915 -0.782757163 0.4464797378
outer loop
vertex 79.47502899 57.0150528 188.7187042
vertex 86.60723114 51.17919159 185.412735
vertex 84.24419403 54.22527313 188.4585571

endloop
endfacet
facet normal -0.4839140177 -0.8475704193 0.2178337276
outer loop
vertex 79.47502899 57.0150528 188.7187042
vertex 84.24419403 54.22527313 188.4585571
vertex 78.55815887 58.28022003 191.604538

endloop
endfacet
facet normal -0.4493913949 -0.8480429649 0.2808389068
outer loop
vertex 78.55815887 58.28022003 191.604538
vertex 84.24419403 54.22527313 188.4585571
vertex 82.79335785 55.96524811 191.3911285

endloop
endfacet
facet normal -0.4724433422 -0.8744681478 0.1100121811
outer loop
vertex 78.55815887 58.28022003 191.604538
vertex 82.79335785 55.96524811 191.3911285
vertex 78.01799774 58.92967987 194.4472809

endloop
endfacet
facet normal -0.4527418613 -0.8796384931 0.1458116025
outer loop
vertex 78.01799774 58.92967987 194.4472809
vertex 82.79335785 55.96524811 191.3911285
vertex 82.01259613 56.84355927 194.2654724

endloop
endfacet
facet normal -0.4624004662 -0.8865734339 0.01317039412
outer loop
vertex 78.01796722 58.92969513 194.4472961
vertex 82.01259613 56.84355927 194.2654877
vertex 79.08748627 58.41272736 197.197113

endloop
endfacet
facet normal -0.4747554362 -0.8801138401 -0.002614655066
outer loop
vertex 79.08748627 58.41272736 197.197113
vertex 82.01259613 56.84355927 194.2654877
vertex 83.09343719 56.25240326 196.9998627

endloop
endfacet
facet normal -0.4760726094 -0.8774691224 -0.05833236501
outer loop
vertex 79.08748627 58.41272736 197.197113
vertex 83.09343719 56.25240326 196.9998627
vertex 82.60262299 56.3330307 199.7927399

endloop
endfacet
facet normal -0.529794693 -0.8453388214 -0.06870091707
outer loop
vertex 82.60262299 56.3330307 199.7927399
vertex 83.09343719 56.25240326 196.9998627
vertex 86.63692474 53.82413483 199.5527954

endloop
endfacet
facet normal -0.5296211839 -0.8465963602 -0.05268871039
outer loop
vertex 82.6026535 56.3330307 199.7927551
vertex 86.63695526 53.82415009 199.5528107
vertex 86.05464935 54.01412201 202.3536377

endloop
endfacet
facet normal -0.5647174716 -0.8229832053 -0.06158704311
outer loop
vertex 86.05464935 54.01412201 202.3536377
vertex 86.63695526 53.82415009 199.5528107
vertex 90.0233078 51.31064606 202.0896912

endloop
endfacet
facet normal -0.5517340302 -0.781496942 -0.2912936509
outer loop
vertex 86.05464935 54.01412201 202.3536377
vertex 90.0233078 51.31064606 202.0896912
vertex 84.77715302 53.87111664 205.1569824

endloop
endfacet
facet normal -0.5318337083 -0.8152837753 -0.2290529013
outer loop
vertex 84.77715302 53.87111664 205.1569824
vertex 90.0233078 51.31064606 202.0896912
vertex 88.13359833 51.74721527 204.9234619

endloop
endfacet
facet normal -0.5172658563 -0.7783158422 -0.3558938503
outer loop
vertex 84.77715302 53.87111664 205.1569824
vertex 88.13359833 51.74721527 204.9234619
vertex 80.99147797 55.04184723 208.098877

endloop
endfacet
facet normal -0.407187283 -0.9128103256 0.03123790957
outer loop
vertex 80.99147797 55.04184723 208.098877
vertex 88.13359833 51.74721527 204.9234619
vertex 83.34209442 53.98752594 207.9306793

endloop
endfacet
facet normal -0.4129211605 -0.9064028263 -0.0890506506
outer loop
vertex 80.99147797 55.04186249 208.0989075
vertex 83.34209442 53.9875412 207.9306946
vertex 81.35106659 54.61312103 210.7954712

endloop
endfacet
facet normal -0.3524269462 -0.9349507689 -0.04077298567
outer loop
vertex 81.35106659 54.61312103 210.7954712
vertex 83.34209442 53.9875412 207.9306946
vertex 83.26689911 53.89759064 210.64328

endloop
endfacet
facet normal -0.3558462858 -0.9260696769 -0.1255715787
outer loop
vertex 81.35106659 54.61312103 210.7954712
vertex 83.26689911 53.89759064 210.64328
vertex 81.85756683 54.02759552 213.678299

endloop
endfacet
facet normal -0.3946793079 -0.9074006081 -0.1444036365
outer loop
vertex 81.85756683 54.02759552 213.678299
vertex 83.26689911 53.89759064 210.64328
vertex 83.2904892 53.42137909 213.5712128

endloop
endfacet
facet normal -0.3585708439 -0.8946561813 0.2664906681
outer loop
vertex 81.85756683 54.027565 213.6783142
vertex 83.2904892 53.42136383 213.571228
vertex 80.5998764 55.74642181 217.7565613

endloop
endfacet
facet normal 0.2695682049 -0.7573583126 0.59476161
outer loop
vertex 80.5998764 55.74642181 217.7565613
vertex 83.2904892 53.42136383 213.571228
vertex 80.59993744 55.74646759 217.7565918

endloop
endfacet
facet normal -0.6421070099 0.2865919769 0.711030066
outer loop
vertex 112.1325302 29.08107758 103.7969818
vertex 112.1324997 29.08104706 103.7969666
vertex 112.4227219 21.24492645 107.2175293

endloop
endfacet
facet normal -0.1018536538 -0.4011444747 -0.9103345275
outer loop
vertex 112.4227219 21.24492645 107.2175293
vertex 112.1324997 29.08104706 103.7969666
vertex 113.6521225 20.72595978 107.3086624

endloop
endfacet
facet normal -0.3458333015 -0.8775708079 -0.3320673108
outer loop
vertex 112.4227219 21.24492645 107.2175293
vertex 113.6521225 20.72595978 107.3086624
vertex 112.231163 20.28936005 109.9423523

endloop
endfacet
facet normal -0.471542269 -0.7929427624 -0.385862112
outer loop
vertex 112.231163 20.28936005 109.9423523
vertex 113.6521225 20.72595978 107.3086624
vertex 113.7353439 19.34075165 110.0535507

endloop
endfacet
facet normal -0.5076970458 -0.8314822912 -0.2255681306
outer loop
vertex 112.231163 20.28936005 109.9423523
vertex 113.7353439 19.34075165 110.0535507
vertex 111.887413 19.81720734 112.4564819

endloop
endfacet
facet normal -0.4650166035 -0.8655441999 -0.18599163
outer loop
vertex 111.887413 19.81720734 112.4564819
vertex 113.7353439 19.34075165 110.0535507
vertex 113.6752853 18.83016205 112.5798264

endloop
endfacet
facet normal -0.4848048687 -0.8739899993 0.03325167671
outer loop
vertex 111.887413 19.81720734 112.4564819
vertex 113.6752853 18.83016205 112.5798264
vertex 111.6914902 20.02098846 114.9561539

endloop
endfacet
facet normal -0.5155363083 -0.8568672538 -0.0009839473059
outer loop
vertex 111.6914902 20.02098846 114.9561539
vertex 113.6752853 18.83016205 112.5798264
vertex 113.7680588 18.77147675 115.0773621

endloop
endfacet
facet normal -0.5085526109 -0.8195551634 0.2640143931
outer loop
vertex 111.6914902 20.02098846 114.9561539
vertex 113.7680588 18.77147675 115.0773621
vertex 111.9334641 20.67191315 117.4428558

endloop
endfacet
facet normal -0.5398804545 -0.8092900515 0.231470719
outer loop
vertex 111.9334641 20.67191315 117.4428558
vertex 113.7680588 18.77147675 115.0773621
vertex 114.2408676 19.16892242 117.569725

endloop
endfacet
facet normal -0.5401717424 -0.8099915981 0.2283157706
outer loop
vertex 111.9334641 20.67191315 117.4428406
vertex 114.2408371 19.16892242 117.5697174
vertex 112.5289841 20.96720123 119.8993683

endloop
endfacet
facet normal -0.5132924318 -0.8193612695 0.2552995682
outer loop
vertex 112.5289841 20.96720123 119.8993683
vertex 114.2408371 19.16892242 117.5697174
vertex 115.0490036 19.4308548 120.0352249

endloop
endfacet
facet normal -0.521014452 -0.8425012827 0.1368780881
outer loop
vertex 112.5289841 20.96721649 119.8993683
vertex 115.0490341 19.4308548 120.0352249
vertex 113.8568954 20.54405975 122.3493652

endloop
endfacet
facet normal -0.5882362127 -0.8043267727 0.08388486505
outer loop
vertex 113.8568954 20.54405975 122.3493652
vertex 115.0490341 19.4308548 120.0352249
vertex 116.343895 18.73394012 122.4329987

endloop
endfacet
facet normal -0.588731885 -0.808188498 0.01504198369
outer loop
vertex 113.8568344 20.54402924 122.34935
vertex 116.3438339 18.73390961 122.4329834
vertex 115.4644699 19.41744232 124.7407684

endloop
endfacet
facet normal -0.6923328042 -0.7198010683 -0.05061346292
outer loop
vertex 115.4644699 19.41744232 124.7407684
vertex 116.3438339 18.73390961 122.4329834
vertex 117.7492294 17.22150421 124.7175446

endloop
endfacet
facet normal -0.6884093285 -0.7149621844 -0.1221539751
outer loop
vertex 115.4644699 19.41744232 124.7407684
vertex 117.7492294 17.22150421 124.7175446
vertex 116.3618393 18.16634369 127.0061951

endloop
endfacet
facet normal -0.7192546725 -0.6768724918 -0.1565773785
outer loop
vertex 116.3618393 18.16634369 127.0061951
vertex 117.7492294 17.22150421 124.7175446
vertex 118.5819321 15.82936859 126.9105377

endloop
endfacet
facet normal -0.7191980481 -0.6767943501 -0.157173574
outer loop
vertex 116.3618393 18.16634369 127.0061951
vertex 118.5819321 15.82936859 126.9105377
vertex 116.3564682 17.6545639 129.2345123

endloop
endfacet
facet normal -0.7301076651 -0.6586945057 -0.1818360537
outer loop
vertex 116.3564682 17.6545639 129.2345123
vertex 118.5819321 15.82936859 126.9105377
vertex 118.5870285 15.21552277 129.1137085

endloop
endfacet
facet normal -0.7311701179 -0.6601524949 -0.1720144898
outer loop
vertex 116.3564682 17.6545639 129.2345123
vertex 118.5870285 15.21552277 129.1137085
vertex 115.7372971 17.74597931 131.5155487

endloop
endfacet
facet normal -0.7428853512 -0.6347281933 -0.2127001137
outer loop
vertex 115.7372971 17.74597931 131.5155487
vertex 118.5870285 15.21552277 129.1137085
vertex 118.0027695 15.14115143 131.3762512

endloop
endfacet
facet normal -0.740311265 -0.6315417886 -0.2304220349
outer loop
vertex 115.7372971 17.74597931 131.5155487
vertex 118.0027695 15.14115143 131.3762512
vertex 115.1754684 17.55699921 133.8385773

endloop
endfacet
facet normal -0.7364534736 -0.6407558322 -0.2169522345
outer loop
vertex 115.1754684 17.55699921 133.8385773
vertex 118.0027695 15.14115143 131.3762512
vertex 117.6060104 14.81148529 133.6967163

endloop
endfacet
facet normal -0.7359282374 -0.640090704 -0.2206662595
outer loop
vertex 115.1754684 17.55698395 133.838562
vertex 117.6059799 14.81147003 133.696701
vertex 114.3942795 17.62459564 136.2477264

endloop
endfacet
facet normal -0.7383911014 -0.6336044669 -0.2309197783
outer loop
vertex 114.3942795 17.62459564 136.2477264
vertex 117.6059799 14.81147003 133.696701
vertex 116.942894 14.71245575 136.0886688

endloop
endfacet
facet normal -0.7464522123 -0.6441525221 -0.1669629216
outer loop
vertex 114.3942795 17.62459564 136.2477264
vertex 116.942894 14.71245575 136.0886688
vertex 113.3447189 18.19980621 138.720871

endloop
endfacet
facet normal -0.735775888 -0.6658451557 -0.1236284226
outer loop
vertex 113.3447189 18.19980621 138.720871
vertex 116.942894 14.71245575 136.0886688
vertex 116.0112534 15.28168488 138.5675507

endloop
endfacet
facet normal -0.73524791 -0.6649598479 -0.1312971413
outer loop
vertex 113.3447189 18.19980621 138.720871
vertex 116.0112534 15.28168488 138.5675507
vertex 112.7355576 18.38761139 141.180954

endloop
endfacet
facet normal -0.7313992977 -0.6715500951 -0.1186409593
outer loop
vertex 112.7355576 18.38761139 141.180954
vertex 116.0112534 15.28168488 138.5675507
vertex 115.4760056 15.43082428 141.0230713

endloop
endfacet
facet normal -0.7329614162 -0.680113256 0.01461589057
outer loop
vertex 112.7355576 18.38761139 141.180954
vertex 115.4760056 15.43082428 141.0230713
vertex 111.7924118 19.45920563 143.747757

endloop
endfacet
facet normal -0.7462223172 -0.6652143002 -0.02533978783
outer loop
vertex 111.7924118 19.45920563 143.747757
vertex 115.4760056 15.43082428 141.0230713
vertex 114.6479416 16.26317596 143.557724

endloop
endfacet
facet normal -0.7460264564 -0.6658004522 -0.01242183521
outer loop
vertex 111.7924423 19.45920563 143.747757
vertex 114.6479416 16.26317596 143.5577545
vertex 109.3506393 22.143013 146.5468292

endloop
endfacet
facet normal -0.7675743699 -0.6290767789 -0.1228491217
outer loop
vertex 109.3506393 22.143013 146.5468292
vertex 114.6479416 16.26317596 143.5577545
vertex 112.3275986 18.56775665 146.2543793

endloop
endfacet
facet normal -0.7693558931 -0.6380600333 -0.03115973249
outer loop
vertex 109.3506393 22.143013 146.5468292
vertex 112.3275986 18.56775665 146.2543793
vertex 107.1960678 24.5994339 149.4444275

endloop
endfacet
facet normal -0.7783588767 -0.62355268 -0.07307238877
outer loop
vertex 107.1960678 24.5994339 149.4444275
vertex 112.3275986 18.56775665 146.2543793
vertex 110.0634689 21.06299591 149.0788727

endloop
endfacet
facet normal -0.777799964 -0.6279796958 -0.02585996129
outer loop
vertex 107.1960678 24.5994339 149.4444275
vertex 110.0634689 21.06299591 149.0788727
vertex 105.6467209 26.40093231 152.2973938

endloop
endfacet
facet normal -0.7812831402 -0.6229593158 -0.03896613047
outer loop
vertex 105.6467209 26.40093231 152.2973938
vertex 110.0634689 21.06299591 149.0788727
vertex 108.4295883 22.93288422 151.9444122

endloop
endfacet
facet normal -0.7801973224 -0.6137596369 -0.1207939982
outer loop
vertex 105.6467209 26.40093231 152.2973938
vertex 108.4295883 22.93288422 151.9444122
vertex 103.8735275 28.09445953 155.145401

endloop
endfacet
facet normal -0.768568635 -0.6361239552 -0.06818013638
outer loop
vertex 103.8735275 28.09445953 155.145401
vertex 108.4295883 22.93288422 151.9444122
vertex 107.0457993 24.2990036 154.7973785

endloop
endfacet
facet normal -0.7683106661 -0.6393353343 -0.03080655076
outer loop
vertex 103.8735275 28.09445953 155.145401
vertex 107.0457993 24.2990036 154.7973785
vertex 102.7605209 29.29323578 158.0251465

endloop
endfacet
facet normal -0.7470832467 -0.6637966037 0.03522395715
outer loop
vertex 102.7605209 29.29323578 158.0251465
vertex 107.0457993 24.2990036 154.7973785
vertex 106.2491684 25.3463974 157.639389

endloop
endfacet
facet normal -0.7473744154 -0.6636670828 0.0312654376
outer loop
vertex 102.7605209 29.29323578 158.0251465
vertex 106.2491684 25.3463974 157.639389
vertex 102.497551 29.72266388 160.8544769

endloop
endfacet
facet normal -0.744805038 -0.6662145257 0.03773115948
outer loop
vertex 102.497551 29.72266388 160.8544769
vertex 106.2491684 25.3463974 157.639389
vertex 105.8555832 25.94457245 160.4320068

endloop
endfacet
facet normal -0.7493970394 -0.659516871 -0.05866505206
outer loop
vertex 102.497551 29.72266388 160.8544769
vertex 105.8555832 25.94457245 160.4320068
vertex 101.7277145 30.34764862 163.6623688

endloop
endfacet
facet normal -0.7562019229 -0.6492634416 -0.08133629709
outer loop
vertex 101.7277145 30.34764862 163.6623688
vertex 105.8555832 25.94457245 160.4320068
vertex 105.1497116 26.42151642 163.1874695

endloop
endfacet
facet normal -0.7554602623 -0.6542879939 -0.03445244581
outer loop
vertex 101.7277145 30.34764862 163.6623688
vertex 105.1497116 26.42151642 163.1874695
vertex 100.5684433 31.53462982 166.5404205

endloop
endfacet
facet normal -0.7439152598 -0.6682687402 0.002641987754
outer loop
vertex 100.5684433 31.53462982 166.5404205
vertex 105.1497116 26.42151642 163.1874695
vertex 104.3348312 27.33975983 166.0002747

endloop
endfacet
facet normal -0.7366098762 -0.671618104 0.0795930177
outer loop
vertex 100.5684433 31.53462982 166.5404205
vertex 104.3348312 27.33975983 166.0002747
vertex 100.1545029 32.33281708 169.4447479

endloop
endfacet
facet normal -0.6881605387 -0.7021804452 0.1826956272
outer loop
vertex 100.1545029 32.33281708 169.4447479
vertex 104.3348312 27.33975983 166.0002747
vertex 104.1842575 28.23392487 168.8697815

endloop
endfacet
facet normal -0.6897856593 -0.7026386261 0.1746273339
outer loop
vertex 100.1545334 32.33283234 169.4447632
vertex 104.1842575 28.23392487 168.8697968
vertex 99.27907562 33.95882416 172.5290833

endloop
endfacet
facet normal -0.6579835415 -0.7149330974 0.2364917397
outer loop
vertex 99.27907562 33.95882416 172.5290833
vertex 104.1842575 28.23392487 168.8697968
vertex 103.5416183 29.85511017 171.9827728

endloop
endfacet
facet normal -0.6514014602 -0.7116431594 0.2631351948
outer loop
vertex 99.27907562 33.95882416 172.5290833
vertex 103.5416183 29.85511017 171.9827728
vertex 96.04064178 38.17310333 175.9096375

endloop
endfacet
facet normal -0.7203784585 -0.688639164 0.08264965564
outer loop
vertex 96.04064178 38.17310333 175.9096375
vertex 103.5416183 29.85511017 171.9827728
vertex 100.0459213 33.94379425 175.581131

endloop
endfacet
facet normal -0.6847819686 -0.6706518531 0.2851308286
outer loop
vertex 96.04061127 38.17308807 175.9096375
vertex 100.0458603 33.94377899 175.5811157
vertex 93.53969574 42.08641815 179.1078186

endloop
endfacet
facet normal -0.7298357487 -0.660122335 0.1777031273
outer loop
vertex 93.53969574 42.08641815 179.1078186
vertex 100.0458603 33.94377899 175.5811157
vertex 97.84658051 37.27985382 178.9412384

endloop
endfacet
facet normal -0.7248154879 -0.6566857696 0.2083418816
outer loop
vertex 93.53969574 42.08641815 179.1078186
vertex 97.84658051 37.27985382 178.9412384
vertex 90.27129364 46.68845367 182.2425842

endloop
endfacet
facet normal -0.6981072426 -0.6597129107 0.2782537937
outer loop
vertex 90.27129364 46.68845367 182.2425842
vertex 97.84658051 37.27985382 178.9412384
vertex 95.04329681 41.5655899 182.0691833

endloop
endfacet
facet normal -0.7239200473 -0.6785540581 0.1245156974
outer loop
vertex 90.27129364 46.68845367 182.2425842
vertex 95.04329681 41.5655899 182.0691833
vertex 86.60726166 51.17917633 185.4127197

endloop
endfacet
facet normal -0.6263906956 -0.6813602448 0.3786593378
outer loop
vertex 86.60726166 51.17917633 185.4127197
vertex 95.04329681 41.5655899 182.0691833
vertex 91.75060272 46.27973175 185.1049347

endloop
endfacet
facet normal -0.670184195 -0.7158572674 0.1959632635
outer loop
vertex 86.60729218 51.17920685 185.4127502
vertex 91.75063324 46.27976227 185.10495
vertex 84.24422455 54.22528839 188.4585724

endloop
endfacet
facet normal -0.5695480108 -0.7116629481 0.4112796485
outer loop
vertex 84.24422455 54.22528839 188.4585724
vertex 91.75063324 46.27976227 185.10495
vertex 89.15462494 50.09647369 188.1142426

endloop
endfacet
facet normal -0.6314427257 -0.7626595497 0.1401088387
outer loop
vertex 84.24422455 54.22528839 188.4585724
vertex 89.15462494 50.09647369 188.1142426
vertex 82.79338837 55.96524811 191.3911285

endloop
endfacet
facet normal -0.5464521646 -0.7726798058 0.3230417371
outer loop
vertex 82.79338837 55.96524811 191.3911285
vertex 89.15462494 50.09647369 188.1142426
vertex 87.25136566 52.69333649 191.1061249

endloop
endfacet
facet normal -0.5858115554 -0.8057540655 0.08709273487
outer loop
vertex 82.79338837 55.96524811 191.3911285
vertex 87.25136566 52.69333649 191.1061249
vertex 82.01262665 56.84357452 194.2654877

endloop
endfacet
facet normal -0.5144255757 -0.8256635666 0.2316161096
outer loop
vertex 82.01262665 56.84357452 194.2654877
vertex 87.25136566 52.69333649 191.1061249
vertex 86.4925766 53.98168182 194.0135193

endloop
endfacet
facet normal -0.5369109511 -0.8431069851 0.02995476127
outer loop
vertex 82.01262665 56.84357452 194.2655029
vertex 86.4925766 53.98168182 194.0135345
vertex 83.09346771 56.25241852 196.9998779

endloop
endfacet
facet normal -0.5372855067 -0.8428891897 0.02936282009
outer loop
vertex 83.09346771 56.25241852 196.9998779
vertex 86.4925766 53.98168182 194.0135345
vertex 87.61858368 53.35909271 196.7453461

endloop
endfacet
facet normal -0.5400068164 -0.8401961923 -0.04962845519
outer loop
vertex 83.09346771 56.25241852 196.9998779
vertex 87.61858368 53.35909271 196.7453461
vertex 86.63698578 53.82415009 199.5528107

endloop
endfacet
facet normal -0.5980226398 -0.7977777123 -0.07693966478
outer loop
vertex 86.63698578 53.82415009 199.5528107
vertex 87.61858368 53.35909271 196.7453461
vertex 90.96071625 50.61435699 199.2280426

endloop
endfacet
facet normal -0.5960614085 -0.8029388189 0.0001240259444
outer loop
vertex 86.63698578 53.82415009 199.5528259
vertex 90.96074677 50.61435699 199.2280579
vertex 90.02336884 51.31066132 202.0897217

endloop
endfacet
facet normal -0.6331285834 -0.7738108039 -0.01910528727
outer loop
vertex 90.02336884 51.31066132 202.0897217
vertex 90.96074677 50.61435699 199.2280579
vertex 93.86641693 48.17591095 201.7003174

endloop
endfacet
facet normal -0.620690465 -0.7233615518 -0.3024754226
outer loop
vertex 90.02336884 51.31066132 202.0897217
vertex 93.86641693 48.17591095 201.7003174
vertex 88.13362885 51.74723053 204.9234924

endloop
endfacet
facet normal -0.5718939304 -0.8118484616 -0.1176407486
outer loop
vertex 88.13362885 51.74723053 204.9234924
vertex 93.86641693 48.17591095 201.7003174
vertex 91.21321869 49.62049103 204.629303

endloop
endfacet
facet normal -0.5588073134 -0.7648250461 -0.3205886185
outer loop
vertex 88.13362885 51.74723053 204.9234924
vertex 91.21321869 49.62049103 204.629303
vertex 83.34212494 53.98755646 207.9306793

endloop
endfacet
facet normal -0.368352741 -0.8832510114 0.2901446223
outer loop
vertex 83.34212494 53.98755646 207.9306793
vertex 91.21321869 49.62049103 204.629303
vertex 85.85634613 52.88910675 207.7787323

endloop
endfacet
facet normal -0.4021080434 -0.914652288 -0.04147685319
outer loop
vertex 83.34212494 53.98755646 207.9307098
vertex 85.85634613 52.88912201 207.7787476
vertex 83.26692963 53.8976059 210.6433105

endloop
endfacet
facet normal -0.3663530052 -0.9304690361 -0.003587807063
outer loop
vertex 83.26692963 53.8976059 210.6433105
vertex 85.85634613 52.88912201 207.7787476
vertex 85.33751678 53.08281708 210.5234375

endloop
endfacet
facet normal -0.3695583045 -0.9176225066 -0.1462725848
outer loop
vertex 83.26692963 53.8976059 210.6433105
vertex 85.33751678 53.08281708 210.5234375
vertex 83.29051971 53.42137909 213.5712585

endloop
endfacet
facet normal -0.3800722957 -0.9120545983 -0.1539525688
outer loop
vertex 83.29051971 53.42137909 213.5712585
vertex 85.33751678 53.08281708 210.5234375
vertex 84.81038666 52.80261993 213.4847565

endloop
endfacet
facet normal -0.3493282199 -0.8962488174 0.2733275294
outer loop
vertex 83.29051971 53.42137909 213.5712433
vertex 84.81038666 52.80260468 213.4847412
vertex 80.59993744 55.74648285 217.7566071

endloop
endfacet
facet normal -0.1173069924 0.7597024441 -0.6396024227
outer loop
vertex 80.59993744 55.74648285 217.7566071
vertex 84.81038666 52.80260468 213.4847412
vertex 80.59990692 55.74645233 217.7565765

endloop
endfacet
facet normal -nan(ind) -nan(ind) -nan(ind)
outer loop
vertex 112.1324997 29.08104706 103.7969666
vertex 112.1324997 29.08104706 103.7969666
vertex 113.6521225 20.72595978 107.3086624

endloop
endfacet
facet normal 0.1100743189 -0.3680369854 -0.9232726693
outer loop
vertex 113.6521225 20.72595978 107.3086624
vertex 112.1324997 29.08104706 103.7969666
vertex 114.9811935 20.85044098 107.4174957

endloop
endfacet
facet normal 0.1197412908 -0.8848721981 -0.4501812458
outer loop
vertex 113.6521225 20.72595978 107.3086624
vertex 114.9811935 20.85044098 107.4174957
vertex 113.7353439 19.34075165 110.0535507

endloop
endfacet
facet normal -0.08014886826 -0.8481664658 -0.5236313939
outer loop
vertex 113.7353439 19.34075165 110.0535507
vertex 114.9811935 20.85044098 107.4174957
vertex 115.4920273 19.08385468 110.2007828

endloop
endfacet
facet normal -0.125411734 -0.9718587399 -0.1994054019
outer loop
vertex 113.7353439 19.34075165 110.0535507
vertex 115.4920273 19.08385468 110.2007828
vertex 113.6752853 18.83016205 112.5798264

endloop
endfacet
facet normal -0.1311688274 -0.9702219963 -0.2036272436
outer loop
vertex 113.6752853 18.83016205 112.5798264
vertex 115.4920273 19.08385468 110.2007828
vertex 115.8253403 18.50366974 112.7504807

endloop
endfacet
facet normal -0.1487344354 -0.9887186885 -0.0177073162
outer loop
vertex 113.6752853 18.83016205 112.5798264
vertex 115.8253403 18.50366974 112.7504807
vertex 113.7680588 18.77147675 115.0773621

endloop
endfacet
facet normal -0.2198975831 -0.972024262 -0.08254668862
outer loop
vertex 113.7680588 18.77147675 115.0773621
vertex 115.8253403 18.50366974 112.7504807
vertex 116.0868149 18.23331451 115.2374878

endloop
endfacet
facet normal -0.2345261425 -0.952080965 0.1963142753
outer loop
vertex 113.7680588 18.77147675 115.0773621
vertex 116.0868149 18.23331451 115.2374878
vertex 114.2408676 19.16892242 117.569725

endloop
endfacet
facet normal -0.3242233694 -0.938362062 0.119816184
outer loop
vertex 114.2408676 19.16892242 117.569725
vertex 116.0868149 18.23331451 115.2374878
vertex 116.6041794 18.36901093 117.7002106

endloop
endfacet
facet normal -0.3239454031 -0.9237484336 0.2043236196
outer loop
vertex 114.2408371 19.16892242 117.5697174
vertex 116.6041794 18.36899567 117.7002106
vertex 115.0490036 19.4308548 120.0352249

endloop
endfacet
facet normal -0.339909941 -0.9205967188 0.1922576129
outer loop
vertex 115.0490036 19.4308548 120.0352249
vertex 116.6041794 18.36899567 117.7002106
vertex 117.5560532 18.52431488 120.1268387

endloop
endfacet
facet normal -0.3356750309 -0.9375499487 -0.09122624993
outer loop
vertex 115.0490341 19.4308548 120.0352249
vertex 117.5560837 18.52433014 120.1268463
vertex 116.343895 18.73394012 122.4329987

endloop
endfacet
facet normal -0.4327794313 -0.8894942403 -0.1466353536
outer loop
vertex 116.343895 18.73394012 122.4329987
vertex 117.5560837 18.52433014 120.1268463
vertex 118.8870773 17.49385834 122.4494247

endloop
endfacet
facet normal -0.4149497151 -0.8551052809 -0.3108243942
outer loop
vertex 116.3438339 18.73390961 122.4329834
vertex 118.8870468 17.49381256 122.4494171
vertex 117.7492294 17.22150421 124.7175446

endloop
endfacet
facet normal -0.4897634387 -0.8019869328 -0.3419777453
outer loop
vertex 117.7492294 17.22150421 124.7175446
vertex 118.8870468 17.49381256 122.4494171
vertex 120.2733078 15.70011139 124.6705704

endloop
endfacet
facet normal -0.4925739169 -0.8071627617 -0.3253600895
outer loop
vertex 117.7492294 17.22150421 124.7175446
vertex 120.2733078 15.70011139 124.6705704
vertex 118.5819321 15.82936859 126.9105377

endloop
endfacet
facet normal -0.4398208857 -0.852358222 -0.2829188406
outer loop
vertex 118.5819321 15.82936859 126.9105377
vertex 120.2733078 15.70011139 124.6705704
vertex 121.2442245 14.4713974 126.8629837

endloop
endfacet
facet normal -0.4445506036 -0.8631526232 -0.2394625843
outer loop
vertex 118.5819321 15.82936859 126.9105377
vertex 121.2442245 14.4713974 126.8629837
vertex 118.5870285 15.21552277 129.1137085

endloop
endfacet
facet normal -0.4103139043 -0.8920398951 -0.1894923002
outer loop
vertex 118.5870285 15.21552277 129.1137085
vertex 121.2442245 14.4713974 126.8629837
vertex 121.3780746 13.9391861 129.0785522

endloop
endfacet
facet normal -0.4134116173 -0.9002776742 -0.1363485307
outer loop
vertex 118.5870285 15.21552277 129.1137085
vertex 121.3780746 13.9391861 129.0785522
vertex 118.0027695 15.14115143 131.3762512

endloop
endfacet
facet normal -0.4560053051 -0.8627216816 -0.2185645998
outer loop
vertex 118.0027695 15.14115143 131.3762512
vertex 121.3780746 13.9391861 129.0785522
vertex 120.8495407 13.64910126 131.3262939

endloop
endfacet
facet normal -0.4574911594 -0.866135478 -0.2012739927
outer loop
vertex 118.0027695 15.14115143 131.3762512
vertex 120.8495407 13.64910126 131.3262939
vertex 117.6060104 14.81148529 133.6967163

endloop
endfacet
facet normal -0.4718395472 -0.8516979218 -0.2279871404
outer loop
vertex 117.6060104 14.81148529 133.6967163
vertex 120.8495407 13.64910126 131.3262939
vertex 120.556572 13.195961 133.6254272

endloop
endfacet
facet normal -0.4765598774 -0.8629735708 -0.167831257
outer loop
vertex 117.6059799 14.81147003 133.696701
vertex 120.5565414 13.19594574 133.625412
vertex 116.942894 14.71245575 136.0886688

endloop
endfacet
facet normal -0.4668611884 -0.8718328476 -0.1481488198
outer loop
vertex 116.942894 14.71245575 136.0886688
vertex 120.5565414 13.19594574 133.625412
vertex 119.9992599 13.08878326 136.012207

endloop
endfacet
facet normal -0.4684613645 -0.8830798268 0.02672062069
outer loop
vertex 116.942894 14.71245575 136.0886688
vertex 119.9992599 13.08878326 136.012207
vertex 116.0112534 15.28168488 138.5675507

endloop
endfacet
facet normal -0.4758386314 -0.8794494867 0.01209174097
outer loop
vertex 116.0112534 15.28168488 138.5675507
vertex 119.9992599 13.08878326 136.012207
vertex 119.3563766 13.47051239 138.4769287

endloop
endfacet
facet normal -0.4765766561 -0.8776769042 -0.05057596788
outer loop
vertex 116.0112534 15.28168488 138.5675507
vertex 119.3563766 13.47051239 138.4769287
vertex 115.4760056 15.43082428 141.0230713

endloop
endfacet
facet normal -0.4797813296 -0.8755270839 -0.05711518973
outer loop
vertex 115.4760056 15.43082428 141.0230713
vertex 119.3563766 13.47051239 138.4769287
vertex 118.9433823 13.53647614 140.9350128

endloop
endfacet
facet normal -0.4726926088 -0.8713294268 0.1317075044
outer loop
vertex 115.4760056 15.43082428 141.0230713
vertex 118.9433823 13.53647614 140.9350128
vertex 114.6479416 16.26317596 143.557724

endloop
endfacet
facet normal -0.5634966493 -0.823410809 -0.06682869792
outer loop
vertex 114.6479416 16.26317596 143.557724
vertex 118.9433823 13.53647614 140.9350128
vertex 117.8539047 14.07709503 143.4603577

endloop
endfacet
facet normal -0.5446313024 -0.8086386919 0.2224416435
outer loop
vertex 114.6479416 16.26317596 143.5577545
vertex 117.8539352 14.07709503 143.4603577
vertex 112.3275986 18.56775665 146.2543793

endloop
endfacet
facet normal -0.672395885 -0.7196020484 -0.1733688414
outer loop
vertex 112.3275986 18.56775665 146.2543793
vertex 117.8539352 14.07709503 143.4603577
vertex 115.2742538 15.8494339 146.1089783

endloop
endfacet
facet normal -0.6710141897 -0.733255744 0.1098905653
outer loop
vertex 112.3275986 18.56775665 146.2543793
vertex 115.2742538 15.8494339 146.1089783
vertex 110.0634689 21.06299591 149.0788727

endloop
endfacet
facet normal -0.7176429629 -0.6953480244 -0.03846691176
outer loop
vertex 110.0634689 21.06299591 149.0788727
vertex 115.2742538 15.8494339 146.1089783
vertex 113.1875534 17.85210419 148.8373718

endloop
endfacet
facet normal -0.7140526175 -0.6984032393 0.04859792814
outer loop
vertex 110.0634689 21.06299591 149.0788727
vertex 113.1875534 17.85210419 148.8373718
vertex 108.4295883 22.93288422 151.9444122

endloop
endfacet
facet normal -0.7337810993 -0.6792632341 -0.01291192137
outer loop
vertex 108.4295883 22.93288422 151.9444122
vertex 113.1875534 17.85210419 148.8373718
vertex 111.7197495 19.3857193 151.5727081

endloop
endfacet
facet normal -0.7344511747 -0.6779247522 -0.03161594272
outer loop
vertex 108.4295883 22.93288422 151.9444122
vertex 111.7197495 19.3857193 151.5727081
vertex 107.0457993 24.2990036 154.7973785

endloop
endfacet
facet normal -0.7320768833 -0.680806756 -0.02378343418
outer loop
vertex 107.0457993 24.2990036 154.7973785
vertex 111.7197495 19.3857193 151.5727081
vertex 110.574913 20.51978302 154.3490143

endloop
endfacet
facet normal -0.7271363735 -0.6847743988 0.04854632169
outer loop
vertex 107.0457993 24.2990036 154.7973785
vertex 110.574913 20.51978302 154.3490143
vertex 106.2491684 25.3463974 157.639389

endloop
endfacet
facet normal -0.722296834 -0.6888921857 0.06094904616
outer loop
vertex 106.2491684 25.3463974 157.639389
vertex 110.574913 20.51978302 154.3490143
vertex 109.991478 21.38057709 157.1641693

endloop
endfacet
facet normal -0.7238284349 -0.6884810328 0.04545697197
outer loop
vertex 106.2491684 25.3463974 157.639389
vertex 109.991478 21.38057709 157.1641693
vertex 105.8555832 25.94457245 160.4320068

endloop
endfacet
facet normal -0.7395642996 -0.6730738878 0.004022912122
outer loop
vertex 105.8555832 25.94457245 160.4320068
vertex 109.991478 21.38057709 157.1641693
vertex 109.6423264 21.78073883 159.9279327

endloop
endfacet
facet normal -0.7422322035 -0.6659472585 -0.07486993074
outer loop
vertex 105.8555832 25.94457245 160.4320068
vertex 109.6423264 21.78072357 159.927948
vertex 105.1497116 26.42151642 163.1874695

endloop
endfacet
facet normal -0.7478610277 -0.6569617391 -0.09542128444
outer loop
vertex 105.1497116 26.42151642 163.1874695
vertex 109.6423264 21.78072357 159.927948
vertex 108.8732224 22.25652313 162.6799622

endloop
endfacet
facet normal -0.7454118133 -0.6666021347 0.001664384385
outer loop
vertex 105.1497116 26.42151642 163.1874695
vertex 108.8732224 22.25652313 162.6799622
vertex 104.3348312 27.33975983 166.0002747

endloop
endfacet
facet normal -0.7342649698 -0.677993834 0.03434057534
outer loop
vertex 104.3348312 27.33975983 166.0002747
vertex 108.8732224 22.25652313 162.6799622
vertex 108.0534897 23.28626251 165.4829407

endloop
endfacet
facet normal -0.7145460248 -0.6776870489 0.1736787111
outer loop
vertex 104.3348312 27.33975983 166.0002747
vertex 108.0534897 23.28626251 165.4829407
vertex 104.1842575 28.23392487 168.8697815

endloop
endfacet
facet normal -0.6705218554 -0.6974658966 0.2528672814
outer loop
vertex 104.1842575 28.23392487 168.8697815
vertex 108.0534897 23.28626251 165.4829407
vertex 108.1026535 24.26631927 168.3165283

endloop
endfacet
facet normal -0.6774125695 -0.7003794312 0.2249015421
outer loop
vertex 104.1842575 28.23392487 168.8697968
vertex 108.102684 24.26633453 168.3165436
vertex 103.5416183 29.85511017 171.9827728

endloop
endfacet
facet normal -0.6215642691 -0.715898037 0.3180374801
outer loop
vertex 103.5416183 29.85511017 171.9827728
vertex 108.102684 24.26633453 168.3165436
vertex 107.1398849 26.51059723 171.4866791

endloop
endfacet
facet normal -0.6527460814 -0.7315000296 0.197053805
outer loop
vertex 103.5416183 29.85511017 171.9827728
vertex 107.1398849 26.51059723 171.4866791
vertex 100.0459213 33.94379425 175.581131

endloop
endfacet
facet normal -0.6450741291 -0.7335317135 0.2140341848
outer loop
vertex 100.0459213 33.94379425 175.581131
vertex 107.1398849 26.51059723 171.4866791
vertex 103.7948532 30.52600861 175.1666412

endloop
endfacet
facet normal -0.6223005652 -0.7198845148 0.3074220419
outer loop
vertex 100.0458603 33.94377899 175.5811157
vertex 103.7948227 30.52600861 175.1666412
vertex 97.84658051 37.27985382 178.9412384

endloop
endfacet
facet normal -0.7021442652 -0.6977373362 0.1419717073
outer loop
vertex 97.84658051 37.27985382 178.9412384
vertex 103.7948227 30.52600861 175.1666412
vertex 102.0814743 32.96077728 178.6589661

endloop
endfacet
facet normal -0.6642091274 -0.6725865006 0.326272279
outer loop
vertex 97.84658051 37.27985382 178.9412384
vertex 102.0814743 32.96077728 178.6589661
vertex 95.04329681 41.5655899 182.0691833

endloop
endfacet
facet normal -0.7206760645 -0.6659033895 0.192869693
outer loop
vertex 95.04329681 41.5655899 182.0691833
vertex 102.0814743 32.96077728 178.6589661
vertex 99.31658173 36.92189789 182.0038757

endloop
endfacet
facet normal -0.7106845975 -0.6575151086 0.2502025664
outer loop
vertex 95.04329681 41.5655899 182.0691833
vertex 99.31658173 36.92189789 182.0038757
vertex 91.75060272 46.27973175 185.1049347

endloop
endfacet
facet normal -0.7056687474 -0.6578013897 0.2633039653
outer loop
vertex 91.75060272 46.27973175 185.1049347
vertex 99.31658173 36.92189789 182.0038757
vertex 95.994133 41.68503571 184.9990845

endloop
endfacet
facet normal -0.7128910422 -0.6636235118 0.2266940027
outer loop
vertex 91.75063324 46.27976227 185.10495
vertex 95.994133 41.68506622 184.9990997
vertex 89.15462494 50.09647369 188.1142426

endloop
endfacet
facet normal -0.637348175 -0.6634182334 0.3919994533
outer loop
vertex 89.15462494 50.09647369 188.1142426
vertex 95.994133 41.68506622 184.9990997
vertex 93.29387665 45.98311615 187.882782

endloop
endfacet
facet normal -0.6895208955 -0.7035411596 0.1720197052
outer loop
vertex 89.15462494 50.09647369 188.1142426
vertex 93.29387665 45.98311615 187.882782
vertex 87.25136566 52.69333649 191.1061249

endloop
endfacet
facet normal -0.6247700453 -0.7141937017 0.3155783713
outer loop
vertex 87.25136566 52.69333649 191.1061249
vertex 93.29387665 45.98311615 187.882782
vertex 91.95995331 48.42664337 190.7719421

endloop
endfacet
facet normal -0.6572620273 -0.7374947071 0.1552678198
outer loop
vertex 87.25136566 52.69333649 191.1061249
vertex 91.95995331 48.42664337 190.7719421
vertex 86.4925766 53.98168182 194.0135193

endloop
endfacet
facet normal -0.6070808768 -0.7502738833 0.2618048191
outer loop
vertex 86.4925766 53.98168182 194.0135193
vertex 91.95995331 48.42664337 190.7719421
vertex 91.38219452 49.8985672 193.6504211

endloop
endfacet
facet normal -0.6347526908 -0.76784271 0.08664052933
outer loop
vertex 86.4925766 53.98168182 194.0135345
vertex 91.38222504 49.89858246 193.6504211
vertex 87.61858368 53.35909271 196.7453461

endloop
endfacet
facet normal -0.6144288778 -0.7791646123 0.124014996
outer loop
vertex 87.61858368 53.35909271 196.7453461
vertex 91.38222504 49.89858246 193.6504211
vertex 91.80001068 50.01039886 196.4228516

endloop
endfacet
facet normal -0.6258928776 -0.7796677351 -0.01940035261
outer loop
vertex 87.61858368 53.35909271 196.7453461
vertex 91.80001068 50.01039886 196.4228516
vertex 90.96071625 50.61435699 199.2280426

endloop
endfacet
facet normal -0.6332541704 -0.7736048102 -0.02290818095
outer loop
vertex 90.96071625 50.61435699 199.2280426
vertex 91.80001068 50.01039886 196.4228516
vertex 94.4361496 47.77855682 198.9205475

endloop
endfacet
facet normal -0.6331079006 -0.7738267779 -0.01914521866
outer loop
vertex 90.96074677 50.61435699 199.2280579
vertex 94.4361496 47.77855682 198.9205627
vertex 93.86641693 48.17591095 201.7003174

endloop
endfacet
facet normal -0.6221814156 -0.7827169299 -0.01563492604
outer loop
vertex 93.86641693 48.17591095 201.7003174
vertex 94.4361496 47.77855682 198.9205627
vertex 96.80876923 45.84320831 201.3913269

endloop
endfacet
facet normal -0.6221708655 -0.7597560883 -0.1888756305
outer loop
vertex 93.86641693 48.17591095 201.7003174
vertex 96.80876923 45.84320831 201.3913269
vertex 91.21321869 49.62049103 204.629303

endloop
endfacet
facet normal -0.5339497924 -0.8433093429 0.06104892865
outer loop
vertex 91.21321869 49.62049103 204.629303
vertex 96.80876923 45.84320831 201.3913269
vertex 93.85674286 47.92855072 204.3783569

endloop
endfacet
facet normal -0.5417939425 -0.8389738798 -0.05081498995
outer loop
vertex 91.21321869 49.62049103 204.629303
vertex 93.85674286 47.92855072 204.3783569
vertex 85.85634613 52.88910675 207.7787323

endloop
endfacet
facet normal -0.391826421 -0.8585784435 0.3306282461
outer loop
vertex 85.85634613 52.88910675 207.7787323
vertex 93.85674286 47.92855072 204.3783569
vertex 88.52883148 51.60144806 207.6020813

endloop
endfacet
facet normal -0.4349860549 -0.9002430439 -0.01869460382
outer loop
vertex 85.85634613 52.88912201 207.7787476
vertex 88.52883148 51.60147858 207.6021271
vertex 85.33751678 53.08281708 210.5234375

endloop
endfacet
facet normal -0.4564001262 -0.8884760141 -0.0480546765
outer loop
vertex 85.33751678 53.08281708 210.5234375
vertex 88.52883148 51.60147858 207.6021271
vertex 87.65749359 51.89904022 210.3760986

endloop
endfacet
facet normal -0.456595242 -0.8744256496 -0.164013654
outer loop
vertex 85.33751678 53.08281708 210.5234375
vertex 87.65749359 51.89904022 210.3760986
vertex 84.81038666 52.80261993 213.4847565

endloop
endfacet
facet normal -0.4709668159 -0.863519311 -0.1803461015
outer loop
vertex 84.81038666 52.80261993 213.4847565
vertex 87.65749359 51.89904022 210.3760986
vertex 86.48052216 51.91312408 213.3822784

endloop
endfacet
facet normal -0.4572083354 -0.8760837913 0.1530936062
outer loop
vertex 84.81038666 52.80260468 213.4847412
vertex 86.48052216 51.91309357 213.3822784
vertex 80.59990692 55.74645233 217.7565765

endloop
endfacet
facet normal -nan(ind) -nan(ind) -nan(ind)
outer loop
vertex 80.59990692 55.74645233 217.7565765
vertex 86.48052216 51.91309357 213.3822784
vertex 80.59990692 55.74645233 217.7565765

endloop
endfacet
facet normal -0 0.4026512802 0.915353477
outer loop
vertex 112.1324997 29.08104706 103.7969666
vertex 112.1324692 29.08104706 103.7969666
vertex 114.9811935 20.85044098 107.4174957

endloop
endfacet
facet normal 0.1993310153 -0.3359449208 -0.9205477834
outer loop
vertex 114.9811935 20.85044098 107.4174957
vertex 112.1324692 29.08104706 103.7969666
vertex 116.283989 21.34372711 107.519577

endloop
endfacet
facet normal 0.333399564 -0.7671054602 -0.5480821133
outer loop
vertex 114.9811935 20.85044098 107.4174957
vertex 116.283989 21.34372711 107.519577
vertex 115.4920273 19.08385468 110.2007828

endloop
endfacet
facet normal 0.2503210008 -0.7754567862 -0.579660356
outer loop
vertex 115.4920273 19.08385468 110.2007828
vertex 116.283989 21.34372711 107.519577
vertex 117.2755966 19.558815 110.3356094

endloop
endfacet
facet normal 0.2667478323 -0.9316144586 -0.2468602955
outer loop
vertex 115.4920273 19.08385468 110.2007828
vertex 117.2755966 19.558815 110.3356094
vertex 115.8253403 18.50366974 112.7504807

endloop
endfacet
facet normal 0.245818153 -0.9337001443 -0.2603409886
outer loop
vertex 115.8253403 18.50366974 112.7504807
vertex 117.2755966 19.558815 110.3356094
vertex 117.91259 19.01064301 112.9030609

endloop
endfacet
facet normal 0.2429903299 -0.9612722397 -0.1300441623
outer loop
vertex 115.8253403 18.50366974 112.7504807
vertex 117.91259 19.01064301 112.9030609
vertex 116.0868149 18.23331451 115.2374878

endloop
endfacet
facet normal 0.2043781281 -0.9654550552 -0.1616359055
outer loop
vertex 116.0868149 18.23331451 115.2374878
vertex 117.91259 19.01064301 112.9030609
vertex 118.3503952 18.68756866 115.3863678

endloop
endfacet
facet normal 0.1959267706 -0.9805341363 0.01286763139
outer loop
vertex 116.0868149 18.23331451 115.2374878
vertex 118.3503952 18.68756866 115.3863678
vertex 116.6041794 18.36901093 117.7002106

endloop
endfacet
facet normal 0.1088219583 -0.9925647378 -0.0545251146
outer loop
vertex 116.6041794 18.36901093 117.7002106
vertex 118.3503952 18.68756866 115.3863678
vertex 118.966362 18.6218338 117.8123474

endloop
endfacet
facet normal 0.1053544432 -0.994184494 0.02230742574
outer loop
vertex 116.6041794 18.36899567 117.7002106
vertex 118.966362 18.6218338 117.8123398
vertex 117.5560532 18.52431488 120.1268387

endloop
endfacet
facet normal 0.01328879595 -0.9993331432 -0.03400848061
outer loop
vertex 117.5560532 18.52431488 120.1268387
vertex 118.966362 18.6218338 117.8123398
vertex 120.1120529 18.55644989 120.1813126

endloop
endfacet
facet normal 0.02027034387 -0.9095265865 -0.4151511788
outer loop
vertex 117.5560837 18.52433014 120.1268463
vertex 120.112114 18.55643463 120.1813126
vertex 118.8870773 17.49385834 122.4494247

endloop
endfacet
facet normal 0.03904375434 -0.9127966762 -0.4065434635
outer loop
vertex 118.8870773 17.49385834 122.4494247
vertex 120.112114 18.55643463 120.1813126
vertex 121.4922409 17.6007309 122.4596634

endloop
endfacet
facet normal 0.03399013728 -0.7670690417 -0.6406635046
outer loop
vertex 118.8870468 17.49381256 122.4494171
vertex 121.4922104 17.60070038 122.4596558
vertex 120.2733078 15.70011139 124.6705704

endloop
endfacet
facet normal 0.1909000278 -0.7939366102 -0.5772536993
outer loop
vertex 120.2733078 15.70011139 124.6705704
vertex 121.4922104 17.60070038 122.4596558
vertex 122.7156601 16.27950287 124.6813889

endloop
endfacet
facet normal 0.1959554255 -0.8158675432 -0.5440234542
outer loop
vertex 120.2733078 15.70011139 124.6705704
vertex 122.7156601 16.27950287 124.6813889
vertex 121.2442245 14.4713974 126.8629837

endloop
endfacet
facet normal 0.3990106583 -0.8199511766 -0.4104518592
outer loop
vertex 121.2442245 14.4713974 126.8629837
vertex 122.7156601 16.27950287 124.6813889
vertex 123.5370712 15.5664444 126.9043655

endloop
endfacet
facet normal 0.4222776592 -0.8752697706 -0.2357635796
outer loop
vertex 121.2442245 14.4713974 126.8629837
vertex 123.5370712 15.5664444 126.9043655
vertex 121.3780746 13.9391861 129.0785522

endloop
endfacet
facet normal 0.4709469378 -0.863835752 -0.178876549
outer loop
vertex 121.3780746 13.9391861 129.0785522
vertex 123.5370712 15.5664444 126.9043655
vertex 123.7460861 15.21648407 129.1446991

endloop
endfacet
facet normal 0.4747790098 -0.8801028728 -0.001943140989
outer loop
vertex 121.3780746 13.9391861 129.0785522
vertex 123.7460861 15.21648407 129.1446991
vertex 120.8495407 13.64910126 131.3262939

endloop
endfacet
facet normal 0.424115479 -0.9016400576 -0.08468365669
outer loop
vertex 120.8495407 13.64910126 131.3262939
vertex 123.7460861 15.21648407 129.1446991
vertex 123.4779587 14.87734222 131.4127502

endloop
endfacet
facet normal 0.4234560728 -0.8975362182 -0.1229377836
outer loop
vertex 120.8495407 13.64910126 131.3262939
vertex 123.4779587 14.87734222 131.4127502
vertex 120.556572 13.195961 133.6254272

endloop
endfacet
facet normal 0.4361207783 -0.8939199448 -0.103468664
outer loop
vertex 120.556572 13.195961 133.6254272
vertex 123.4779587 14.87734222 131.4127502
vertex 123.2079391 14.47710419 133.7324829

endloop
endfacet
facet normal 0.4322949648 -0.899697721 0.06053980067
outer loop
vertex 120.5565414 13.19594574 133.625412
vertex 123.2078781 14.47708893 133.7324829
vertex 119.9992599 13.08878326 136.012207

endloop
endfacet
facet normal 0.4113078713 -0.9111802578 0.02400867641
outer loop
vertex 119.9992599 13.08878326 136.012207
vertex 123.2078781 14.47708893 133.7324829
vertex 122.8212814 14.36588287 136.1350098

endloop
endfacet
facet normal 0.3915937543 -0.8883607984 0.2397277504
outer loop
vertex 119.9992599 13.08878326 136.012207
vertex 122.8212814 14.36588287 136.1350098
vertex 119.3563766 13.47051239 138.4769287

endloop
endfacet
facet normal 0.3153479397 -0.943035543 0.1060175151
outer loop
vertex 119.3563766 13.47051239 138.4769287
vertex 122.8212814 14.36588287 136.1350098
vertex 122.5584335 14.55475616 138.5968933

endloop
endfacet
facet normal 0.3170835376 -0.9451318383 0.07863774151
outer loop
vertex 119.3563766 13.47051239 138.4769287
vertex 122.5584335 14.55475616 138.5968933
vertex 118.9433823 13.53647614 140.9350128

endloop
endfacet
facet normal 0.2895591557 -0.9566559792 0.03106237389
outer loop
vertex 118.9433823 13.53647614 140.9350128
vertex 122.5584335 14.55475616 138.5968933
vertex 122.2873764 14.55298615 141.0691376

endloop
endfacet
facet normal 0.2651285529 -0.9130719304 0.309848994
outer loop
vertex 118.9433823 13.53647614 140.9350128
vertex 122.2873764 14.55298615 141.0691376
vertex 117.8539047 14.07709503 143.4603577

endloop
endfacet
facet normal 0.170067817 -0.978015542 0.1206756532
outer loop
vertex 117.8539047 14.07709503 143.4603577
vertex 122.2873764 14.55298615 141.0691376
vertex 121.3186264 14.69397736 143.5770569

endloop
endfacet
facet normal 0.1158864871 -0.769636929 0.6278769374
outer loop
vertex 117.8539352 14.07709503 143.4603577
vertex 121.3186569 14.69399261 143.5770569
vertex 115.2742538 15.8494339 146.1089783

endloop
endfacet
facet normal -0.2352406979 -0.9643101096 -0.1215226576
outer loop
vertex 115.2742538 15.8494339 146.1089783
vertex 121.3186569 14.69399261 143.5770569
vertex 118.8929977 14.96361542 146.1330719

endloop
endfacet
facet normal -0.2131910026 -0.8582282066 0.4668983519
outer loop
vertex 115.2742538 15.8494339 146.1089783
vertex 118.8929977 14.96361542 146.1330719
vertex 113.1875534 17.85210419 148.8373718

endloop
endfacet
facet normal -0.4759225547 -0.8768957257 -0.06746517867
outer loop
vertex 113.1875534 17.85210419 148.8373718
vertex 118.8929977 14.96361542 146.1330719
vertex 117.0082321 15.78202057 148.7914276

endloop
endfacet
facet normal -0.4611466825 -0.8562850952 0.2326363772
outer loop
vertex 113.1875534 17.85210419 148.8373718
vertex 117.0082321 15.78202057 148.7914276
vertex 111.7197495 19.3857193 151.5727081

endloop
endfacet
facet normal -0.5544464588 -0.8318842053 0.02361496165
outer loop
vertex 111.7197495 19.3857193 151.5727081
vertex 117.0082321 15.78202057 148.7914276
vertex 115.5970383 16.79868317 151.4725342

endloop
endfacet
facet normal -0.5495603085 -0.8279678822 0.1115913317
outer loop
vertex 111.7197495 19.3857193 151.5727081
vertex 115.5970383 16.79868317 151.4725342
vertex 110.574913 20.51978302 154.3490143

endloop
endfacet
facet normal -0.5957373977 -0.8031784296 -0.001098843873
outer loop
vertex 110.574913 20.51978302 154.3490143
vertex 115.5970383 16.79868317 151.4725342
vertex 114.3033981 17.75452423 154.1652832

endloop
endfacet
facet normal -0.5872719288 -0.800003469 0.1229072884
outer loop
vertex 110.574913 20.51978302 154.3490143
vertex 114.3033981 17.75452423 154.1652832
vertex 109.991478 21.38057709 157.1641693

endloop
endfacet
facet normal -0.6360781193 -0.7714110017 0.01815970987
outer loop
vertex 109.991478 21.38057709 157.1641693
vertex 114.3033981 17.75452423 154.1652832
vertex 113.641716 18.36403656 156.880249

endloop
endfacet
facet normal -0.6352513433 -0.771663785 0.03147573024
outer loop
vertex 109.991478 21.38057709 157.1641693
vertex 113.641716 18.36403656 156.880249
vertex 109.6423264 21.78073883 159.9279327

endloop
endfacet
facet normal -0.6653394699 -0.7456129193 -0.03721321002
outer loop
vertex 109.6423264 21.78073883 159.9279327
vertex 113.641716 18.36403656 156.880249
vertex 113.3546982 18.4858017 159.5721588

endloop
endfacet
facet normal -0.6657826304 -0.7439310551 -0.05744665861
outer loop
vertex 109.6423264 21.78072357 159.927948
vertex 113.3546982 18.4858017 159.5721741
vertex 108.8732224 22.25652313 162.6799622

endloop
endfacet
facet normal -0.6714398265 -0.7374026179 -0.07352542132
outer loop
vertex 108.8732224 22.25652313 162.6799622
vertex 113.3546982 18.4858017 159.5721741
vertex 112.5035629 18.98986053 162.2894897

endloop
endfacet
facet normal -0.6619578004 -0.745239079 0.08019097149
outer loop
vertex 108.8732224 22.25652313 162.6799622
vertex 112.5035629 18.98986053 162.2894897
vertex 108.0534897 23.28626251 165.4829407

endloop
endfacet
facet normal -0.6639319658 -0.7439508438 0.07570675761
outer loop
vertex 108.0534897 23.28626251 165.4829407
vertex 112.5035629 18.98986053 162.2894897
vertex 111.6008835 20.07735443 165.0597076

endloop
endfacet
facet normal -0.629606545 -0.7307977676 0.2636859417
outer loop
vertex 108.0534897 23.28626251 165.4829407
vertex 111.6008835 20.07735443 165.0597076
vertex 108.1026535 24.26631927 168.3165283

endloop
endfacet
facet normal -0.6070056558 -0.7373554707 0.2963967323
outer loop
vertex 108.1026535 24.26631927 168.3165283
vertex 111.6008835 20.07735443 165.0597076
vertex 111.7993393 21.03707123 167.853653

endloop
endfacet
facet normal -0.5954881907 -0.7298129201 0.3358078599
outer loop
vertex 108.102684 24.26633453 168.3165436
vertex 111.7993393 21.03708649 167.8536835
vertex 107.1398849 26.51059723 171.4866791

endloop
endfacet
facet normal -0.5706371069 -0.7323586941 0.3715158701
outer loop
vertex 107.1398849 26.51059723 171.4866791
vertex 111.7993393 21.03708649 167.8536835
vertex 110.8672714 23.35063934 170.9826965

endloop
endfacet
facet normal -0.5999209881 -0.7514482141 0.2746276259
outer loop
vertex 107.1398849 26.51059723 171.4866791
vertex 110.8672714 23.35063934 170.9826965
vertex 103.7948532 30.52600861 175.1666412

endloop
endfacet
facet normal -0.5220149755 -0.750664413 0.4049733579
outer loop
vertex 103.7948532 30.52600861 175.1666412
vertex 110.8672714 23.35063934 170.9826965
vertex 107.7826462 27.47449493 174.6506195

endloop
endfacet
facet normal -0.5632421374 -0.7814564705 0.2684847116
outer loop
vertex 103.7948227 30.52600861 175.1666412
vertex 107.7826157 27.47447968 174.6506195
vertex 102.0814743 32.96077728 178.6589661

endloop
endfacet
facet normal -0.6015535593 -0.7728241682 0.2021785825
outer loop
vertex 102.0814743 32.96077728 178.6589661
vertex 107.7826157 27.47447968 174.6506195
vertex 106.0742722 29.74295807 178.2389069

endloop
endfacet
facet normal -0.5444074273 -0.7295610905 0.4139577448
outer loop
vertex 102.0814743 32.96077728 178.6589661
vertex 106.0742722 29.74295807 178.2389069
vertex 99.31658173 36.92189789 182.0038757

endloop
endfacet
facet normal -0.6784074903 -0.7186534405 0.1526445746
outer loop
vertex 99.31658173 36.92189789 182.0038757
vertex 106.0742722 29.74295807 178.2389069
vertex 103.1845627 33.24758148 181.8958282

endloop
endfacet
facet normal -0.6329282522 -0.6773164868 0.3750256896
outer loop
vertex 99.31658173 36.92189789 182.0038757
vertex 103.1845627 33.24758148 181.8958282
vertex 95.994133 41.68503571 184.9990845

endloop
endfacet
facet normal -0.7035573721 -0.6779423952 0.2130753547
outer loop
vertex 95.994133 41.68503571 184.9990845
vertex 103.1845627 33.24758148 181.8958282
vertex 100.0090256 37.54172516 185.0731506

endloop
endfacet
facet normal -0.6793649197 -0.6523067951 0.3360938728
outer loop
vertex 95.994133 41.68506622 184.9990997
vertex 100.0090561 37.54177094 185.0731812
vertex 93.29387665 45.98311615 187.882782

endloop
endfacet
facet normal -0.6622734666 -0.6505622864 0.3717024326
outer loop
vertex 93.29387665 45.98311615 187.882782
vertex 100.0090561 37.54177094 185.0731812
vertex 97.27809906 41.92984772 187.8874664

endloop
endfacet
facet normal -0.6897770166 -0.6777325869 0.254727453
outer loop
vertex 93.29387665 45.98311615 187.882782
vertex 97.27809906 41.92984772 187.8874664
vertex 91.95995331 48.42664337 190.7719421

endloop
endfacet
facet normal -0.6484791636 -0.6814554334 0.339253962
outer loop
vertex 91.95995331 48.42664337 190.7719421
vertex 97.27809906 41.92984772 187.8874664
vertex 96.313591 44.21129608 190.6265411

endloop
endfacet
facet normal -0.6739467978 -0.703804493 0.2246214598
outer loop
vertex 91.95995331 48.42664337 190.7719421
vertex 96.313591 44.21129608 190.6265411
vertex 91.38219452 49.8985672 193.6504211

endloop
endfacet
facet normal -0.6306822896 -0.7115477324 0.309741348
outer loop
vertex 91.38219452 49.8985672 193.6504211
vertex 96.313591 44.21129608 190.6265411
vertex 95.79116058 45.87957001 193.3952026

endloop
endfacet
facet normal -0.6638649106 -0.7365119457 0.1297444105
outer loop
vertex 91.38222504 49.89858246 193.6504211
vertex 95.79116058 45.87957001 193.3952026
vertex 91.80001068 50.01039886 196.4228516

endloop
endfacet
facet normal -0.6400079131 -0.7477996349 0.176594153
outer loop
vertex 91.80001068 50.01039886 196.4228516
vertex 95.79116058 45.87957001 193.3952026
vertex 95.4913559 46.78025055 196.1226501

endloop
endfacet
facet normal -0.6574283838 -0.7532294989 0.02081249095
outer loop
vertex 91.80001068 50.01039886 196.4228516
vertex 95.4913559 46.78025055 196.1226501
vertex 94.4361496 47.77855682 198.9205475

endloop
endfacet
facet normal -0.6257933974 -0.7788633108 0.04188966379
outer loop
vertex 94.4361496 47.77855682 198.9205475
vertex 95.4913559 46.78025055 196.1226501
vertex 97.05361176 45.66336823 198.6949005

endloop
endfacet
facet normal -0.6287884116 -0.7775588036 -0.005250041839
outer loop
vertex 94.4361496 47.77855682 198.9205627
vertex 97.05367279 45.66336823 198.6949158
vertex 96.80876923 45.84320831 201.3913269

endloop
endfacet
facet normal -0.5466823578 -0.8373172283 0.00619295286
outer loop
vertex 96.80876923 45.84320831 201.3913269
vertex 97.05367279 45.66336823 198.6949158
vertex 98.48516083 44.74796295 201.29216

endloop
endfacet
facet normal -0.5444180965 -0.8375153542 0.04665831104
outer loop
vertex 96.80876923 45.84320831 201.3913269
vertex 98.48516083 44.74796295 201.29216
vertex 93.85674286 47.92855072 204.3783569

endloop
endfacet
facet normal -0.4917663932 -0.8582335711 0.1469727755
outer loop
vertex 93.85674286 47.92855072 204.3783569
vertex 98.48516083 44.74796295 201.29216
vertex 95.72109222 46.84275055 204.2759857

endloop
endfacet
facet normal -0.4894102812 -0.8560233116 0.1664382517
outer loop
vertex 93.85674286 47.92855072 204.3783569
vertex 95.72109222 46.84275055 204.2759857
vertex 88.52883148 51.60144806 207.6020813

endloop
endfacet
facet normal -0.4923519194 -0.8556492925 0.1595422029
outer loop
vertex 88.52883148 51.60144806 207.6020813
vertex 95.72109222 46.84275055 204.2759857
vertex 91.17314911 50.04689789 207.4252319

endloop
endfacet
facet normal -0.5090033412 -0.8580872416 -0.0678377524
outer loop
vertex 88.52883148 51.60147858 207.6021271
vertex 91.17311859 50.04691315 207.4252625
vertex 87.65749359 51.89904022 210.3760986

endloop
endfacet
facet normal -0.5189427137 -0.8506365418 -0.08435607702
outer loop
vertex 87.65749359 51.89904022 210.3760986
vertex 91.17311859 50.04691315 207.4252625
vertex 89.89345551 50.55036163 210.2207947

endloop
endfacet
facet normal -0.5163030028 -0.8331463337 -0.1982382834
outer loop
vertex 87.65749359 51.89904022 210.3760986
vertex 89.89345551 50.55036163 210.2207947
vertex 86.48052216 51.91312408 213.3822784

endloop
endfacet
facet normal -0.4955148101 -0.8522871733 -0.1675460041
outer loop
vertex 86.48052216 51.91312408 213.3822784
vertex 89.89345551 50.55036163 210.2207947
vertex 88.22182465 50.92310333 213.2685242

endloop
endfacet
facet normal -0.4861690104 -0.8673499823 0.1065064743
outer loop
vertex 86.48052216 51.91309357 213.3822784
vertex 88.22179413 50.92310333 213.2685242
vertex 80.59990692 55.74645233 217.7565765

endloop
endfacet
facet normal 0.2480456382 0.8395391107 -0.4833709896
outer loop
vertex 80.59990692 55.74645233 217.7565765
vertex 88.22179413 50.92310333 213.2685242
vertex 80.5998764 55.74645233 217.7565613

endloop
endfacet
facet normal 0.4209983647 -0.1998028457 -0.8847820759
outer loop
vertex 112.1324997 29.0810318 103.7969589
vertex 112.1325302 29.08106232 103.7969666
vertex 116.283989 21.34372711 107.519577

endloop
endfacet
facet normal 0.3149631917 -0.2689281702 -0.9102064967
outer loop
vertex 116.283989 21.34372711 107.519577
vertex 112.1325302 29.08106232 103.7969666
vertex 117.263176 22.25707245 107.5885544

endloop
endfacet
facet normal 0.5807693601 -0.5794539452 -0.5717866421
outer loop
vertex 116.283989 21.34372711 107.519577
vertex 117.263176 22.25707245 107.5885544
vertex 117.2755966 19.558815 110.3356094

endloop
endfacet
facet normal 0.5328401327 -0.6024973392 -0.5942040086
outer loop
vertex 117.2755966 19.558815 110.3356094
vertex 117.263176 22.25707245 107.5885544
vertex 118.7074509 20.74367523 110.4181976

endloop
endfacet
facet normal 0.6170647144 -0.724247396 -0.3077286482
outer loop
vertex 117.2755966 19.558815 110.3356094
vertex 118.7074509 20.74367523 110.4181976
vertex 117.91259 19.01064301 112.9030609

endloop
endfacet
facet normal 0.6142612696 -0.7257885337 -0.309700191
outer loop
vertex 117.91259 19.01064301 112.9030609
vertex 118.7074509 20.74367523 110.4181976
vertex 119.5556259 20.36136627 112.9964218

endloop
endfacet
facet normal 0.6281531453 -0.7496973276 -0.20827277
outer loop
vertex 117.91259 19.01064301 112.9030609
vertex 119.5556259 20.36136627 112.9964218
vertex 118.3503952 18.68758392 115.3863678

endloop
endfacet
facet normal 0.6373013258 -0.7442507148 -0.1998449713
outer loop
vertex 118.3503952 18.68758392 115.3863678
vertex 119.5556259 20.36136627 112.9964218
vertex 120.1596603 20.20961761 115.4878082

endloop
endfacet
facet normal 0.6389123797 -0.7473230958 -0.1824802905
outer loop
vertex 118.3503952 18.68758392 115.3863678
vertex 120.1596603 20.20961761 115.4878082
vertex 118.9663925 18.62184906 117.8123474

endloop
endfacet
facet normal 0.6000820994 -0.7697386742 -0.2177241296
outer loop
vertex 118.9663925 18.62184906 117.8123474
vertex 120.1596603 20.20961761 115.4878082
vertex 120.9574203 20.14858246 117.9023438

endloop
endfacet
facet normal 0.5881299973 -0.7490066886 -0.3051099777
outer loop
vertex 118.9663925 18.62184906 117.8123398
vertex 120.9574203 20.1485672 117.9023438
vertex 120.1120834 18.55644989 120.1813202

endloop
endfacet
facet normal 0.5510650873 -0.7660946846 -0.3307963014
outer loop
vertex 120.1120834 18.55644989 120.1813202
vertex 120.9574203 20.1485672 117.9023438
vertex 122.251976 20.06511688 120.2521744

endloop
endfacet
facet normal 0.4853876829 -0.6616085172 -0.5715530515
outer loop
vertex 120.1121445 18.55643463 120.1813202
vertex 122.2520065 20.06511688 120.2521896
vertex 121.4922714 17.6007309 122.459671

endloop
endfacet
facet normal 0.6125144958 -0.6237571239 -0.4855441153
outer loop
vertex 121.4922714 17.6007309 122.459671
vertex 122.2520065 20.06511688 120.2521896
vertex 123.4927292 19.50713348 122.5341797

endloop
endfacet
facet normal 0.5482617021 -0.5507060885 -0.6293901205
outer loop
vertex 121.4922409 17.60070038 122.4596634
vertex 123.4926682 19.50710297 122.5341644
vertex 122.7156601 16.27951813 124.6813965

endloop
endfacet
facet normal 0.7553580403 -0.4792100489 -0.4469809532
outer loop
vertex 122.7156601 16.27951813 124.6813965
vertex 123.4926682 19.50710297 122.5341644
vertex 124.3880234 18.82337189 124.7802658

endloop
endfacet
facet normal 0.7598461509 -0.482603848 -0.4355770051
outer loop
vertex 122.7156601 16.27951813 124.6813965
vertex 124.3880234 18.82337189 124.7802658
vertex 123.5370712 15.56645966 126.9043579

endloop
endfacet
facet normal 0.8791291714 -0.3993381858 -0.2601170838
outer loop
vertex 123.5370712 15.56645966 126.9043579
vertex 124.3880234 18.82337189 124.7802658
vertex 124.9305344 18.5510788 127.0318451

endloop
endfacet
facet normal 0.8984934688 -0.4131521285 -0.1483741403
outer loop
vertex 123.5370712 15.56645966 126.9043579
vertex 124.9305344 18.5510788 127.0318451
vertex 123.7461166 15.21651459 129.1446838

endloop
endfacet
facet normal 0.9043942094 -0.4054632485 -0.132931456
outer loop
vertex 123.7461166 15.21651459 129.1446838
vertex 124.9305344 18.5510788 127.0318451
vertex 125.198143 18.4036026 129.3023376

endloop
endfacet
facet normal 0.9082328081 -0.4160214961 0.0451570414
outer loop
vertex 123.7461166 15.21651459 129.1446838
vertex 125.198143 18.4036026 129.3023376
vertex 123.4779892 14.87734222 131.4127502

endloop
endfacet
facet normal 0.8623365164 -0.4920740724 -0.1193272769
outer loop
vertex 123.4779892 14.87734222 131.4127502
vertex 125.198143 18.4036026 129.3023376
vertex 125.3351669 18.08621979 131.6013641

endloop
endfacet
facet normal 0.8650471568 -0.5014902353 0.01417859737
outer loop
vertex 123.4779892 14.87734222 131.4127502
vertex 125.3351669 18.08621979 131.6013641
vertex 123.2079391 14.47710419 133.7324829

endloop
endfacet
facet normal 0.8579218388 -0.5136041045 -0.01344892848
outer loop
vertex 123.2079391 14.47710419 133.7324829
vertex 125.3351669 18.08621979 131.6013641
vertex 125.1435776 17.70462799 133.9523621

endloop
endfacet
facet normal 0.8487312198 -0.5166834593 0.1126664728
outer loop
vertex 123.2079086 14.47708893 133.7324829
vertex 125.1435471 17.70461273 133.9523468
vertex 122.8212814 14.36588287 136.1350098

endloop
endfacet
facet normal 0.8351918459 -0.5475904346 0.05098386481
outer loop
vertex 122.8212814 14.36588287 136.1350098
vertex 125.1435471 17.70461273 133.9523468
vertex 124.9741745 17.67272186 136.3843994

endloop
endfacet
facet normal 0.8263831139 -0.5478345156 0.1302623153
outer loop
vertex 122.8212814 14.36588287 136.1350098
vertex 124.9741745 17.67272186 136.3843994
vertex 122.5584335 14.55477142 138.5969086

endloop
endfacet
facet normal 0.8119134307 -0.5796026587 0.06969473511
outer loop
vertex 122.5584335 14.55477142 138.5969086
vertex 124.9741745 17.67272186 136.3843994
vertex 124.8332138 17.77399445 138.8687439

endloop
endfacet
facet normal 0.8099530935 -0.5797959566 0.08838878572
outer loop
vertex 122.5584335 14.55477142 138.5969086
vertex 124.8332138 17.77399445 138.8687439
vertex 122.2873764 14.5530014 141.0691376

endloop
endfacet
facet normal 0.8100190163 -0.5796624422 0.08866042644
outer loop
vertex 122.2873764 14.5530014 141.0691376
vertex 124.8332138 17.77399445 138.8687439
vertex 124.5841904 17.81044769 141.3822021

endloop
endfacet
facet normal 0.7580384612 -0.5656881332 0.324614495
outer loop
vertex 122.2873764 14.5530014 141.0691376
vertex 124.5841904 17.81044769 141.3822021
vertex 121.3186264 14.69399261 143.5770569

endloop
endfacet
facet normal 0.7422078252 -0.6417659521 0.193038851
outer loop
vertex 121.3186264 14.69399261 143.5770569
vertex 124.5841904 17.81044769 141.3822021
vertex 123.9074326 17.78960419 143.9149475

endloop
endfacet
facet normal 0.5768622756 -0.548486948 0.6053032279
outer loop
vertex 121.3186569 14.69399261 143.5770569
vertex 123.9074631 17.78961945 143.9149475
vertex 118.8929977 14.96363068 146.1330719

endloop
endfacet
facet normal 0.5192068219 -0.849779129 0.09110324085
outer loop
vertex 118.8929977 14.96363068 146.1330719
vertex 123.9074631 17.78961945 143.9149475
vertex 122.2342148 17.03427887 146.4054108

endloop
endfacet
facet normal 0.4172620475 -0.742261827 0.5243469477
outer loop
vertex 118.8929977 14.96363068 146.1330719
vertex 122.2342148 17.03427887 146.4054108
vertex 117.0082321 15.78202057 148.7914276

endloop
endfacet
facet normal 0.2510477006 -0.9670491219 0.04231973365
outer loop
vertex 117.0082321 15.78202057 148.7914276
vertex 122.2342148 17.03427887 146.4054108
vertex 120.9245529 16.80770111 148.9970093

endloop
endfacet
facet normal 0.2058562636 -0.874170661 0.439828217
outer loop
vertex 117.0082321 15.78202057 148.7914276
vertex 120.9245529 16.80770111 148.9970093
vertex 115.5970383 16.79866791 151.4725342

endloop
endfacet
facet normal 0.06189768016 -0.9896328449 0.1295972615
outer loop
vertex 115.5970383 16.79866791 151.4725342
vertex 120.9245529 16.80770111 148.9970093
vertex 119.7614365 17.08318329 151.6561737

endloop
endfacet
facet normal 0.04815930501 -0.9337759614 0.3546028733
outer loop
vertex 115.5970383 16.79866791 151.4725342
vertex 119.7614365 17.08318329 151.6561737
vertex 114.3033981 17.75452423 154.1652832

endloop
endfacet
facet normal -0.05776332691 -0.9886251092 0.1388660371
outer loop
vertex 114.3033981 17.75452423 154.1652832
vertex 119.7614365 17.08318329 151.6561737
vertex 118.5364609 17.52706146 154.3067169

endloop
endfacet
facet normal -0.05934337527 -0.9769881964 0.2048717886
outer loop
vertex 114.3033981 17.75452423 154.1652832
vertex 118.5364609 17.52706146 154.3067169
vertex 113.641716 18.36403656 156.880249

endloop
endfacet
facet normal -0.1295102537 -0.9887199402 0.07523295283
outer loop
vertex 113.641716 18.36403656 156.880249
vertex 118.5364609 17.52706146 154.3067169
vertex 117.6542282 17.8431778 156.9424286

endloop
endfacet
facet normal -0.1291398853 -0.9911397696 0.03106358647
outer loop
vertex 113.641716 18.36403656 156.880249
vertex 117.6542282 17.8431778 156.9424286
vertex 113.3546982 18.4858017 159.5721741

endloop
endfacet
facet normal -0.127400443 -0.9912705421 0.03393945843
outer loop
vertex 113.3546982 18.4858017 159.5721741
vertex 117.6542282 17.8431778 156.9424286
vertex 117.1631088 17.99651337 159.5773621

endloop
endfacet
facet normal -0.12632218 -0.9816958308 0.1425345391
outer loop
vertex 113.3547287 18.4858017 159.5721741
vertex 117.1631393 17.99649811 159.5773621
vertex 112.5035629 18.98986053 162.2894897

endloop
endfacet
facet normal -0.1416508704 -0.9830158353 0.1166825294
outer loop
vertex 112.5035629 18.98986053 162.2894897
vertex 117.1631393 17.99649811 159.5773621
vertex 116.5112534 18.4056778 162.2332001

endloop
endfacet
facet normal -0.1319604516 -0.9365769625 0.3246689737
outer loop
vertex 112.5035629 18.98986053 162.2894897
vertex 116.5112534 18.4056778 162.2332001
vertex 111.6008835 20.07735443 165.0597076

endloop
endfacet
facet normal -0.2474562973 -0.9591140151 0.1373520344
outer loop
vertex 111.6008835 20.07735443 165.0597076
vertex 116.5112534 18.4056778 162.2332001
vertex 115.7600021 18.98352814 164.9147949

endloop
endfacet
facet normal -0.2292362601 -0.9154559374 0.3307433128
outer loop
vertex 111.6008835 20.07735443 165.0597076
vertex 115.7600021 18.98352814 164.9147949
vertex 111.7993698 21.03707123 167.853653

endloop
endfacet
facet normal -0.3210038841 -0.9229712486 0.2123215795
outer loop
vertex 111.7993698 21.03707123 167.853653
vertex 115.7600021 18.98352814 164.9147949
vertex 115.7687302 19.60845184 167.6445618

endloop
endfacet
facet normal -0.2645842433 -0.8114215136 0.5211432576
outer loop
vertex 111.7993393 21.03708649 167.8536835
vertex 115.7686996 19.6084671 167.6445618
vertex 110.8673019 23.35063934 170.9826965

endloop
endfacet
facet normal -0.3925215304 -0.8427385688 0.3684000373
outer loop
vertex 110.8673019 23.35063934 170.9826965
vertex 115.7686996 19.6084671 167.6445618
vertex 114.8602219 21.3388443 170.6349487

endloop
endfacet
facet normal -0.3298481703 -0.7530711293 0.5692839026
outer loop
vertex 110.8673019 23.35063934 170.9826965
vertex 114.8602219 21.3388443 170.6349487
vertex 107.7826767 27.47449493 174.6506348

endloop
endfacet
facet normal -0.3842698336 -0.7733162642 0.5043001175
outer loop
vertex 107.7826767 27.47449493 174.6506348
vertex 114.8602219 21.3388443 170.6349487
vertex 111.9319382 25.07720184 174.1362

endloop
endfacet
facet normal -0.4444731772 -0.8375045061 0.3178519607
outer loop
vertex 107.7826462 27.47447968 174.6506195
vertex 111.9318771 25.07720184 174.1362
vertex 106.0743332 29.74294281 178.2389221

endloop
endfacet
facet normal -0.4425333142 -0.8374847174 0.3205989897
outer loop
vertex 106.0743332 29.74294281 178.2389221
vertex 111.9318771 25.07720184 174.1362
vertex 110.0590744 27.43752289 177.7168579

endloop
endfacet
facet normal -0.4035617411 -0.798627913 0.4464655519
outer loop
vertex 106.0743332 29.74294281 178.2389221
vertex 110.0590744 27.43752289 177.7168579
vertex 103.1845627 33.24756622 181.8958435

endloop
endfacet
facet normal -0.56450212 -0.8035923839 0.188617602
outer loop
vertex 103.1845627 33.24756622 181.8958435
vertex 110.0590744 27.43752289 177.7168579
vertex 107.0667953 30.45871735 181.6330414

endloop
endfacet
facet normal -0.4860160649 -0.722848773 0.4912006557
outer loop
vertex 103.1845627 33.24756622 181.8958435
vertex 107.0667953 30.45871735 181.6330414
vertex 100.0090866 37.54172516 185.0731506

endloop
endfacet
facet normal -0.6446587443 -0.738433063 0.1978173107
outer loop
vertex 100.0090866 37.54172516 185.0731506
vertex 107.0667953 30.45871735 181.6330414
vertex 104.2652512 33.84049225 185.1270447

endloop
endfacet
facet normal -0.5829636455 -0.6635397077 0.468901217
outer loop
vertex 100.0090866 37.54177094 185.0731964
vertex 104.2652512 33.84052277 185.1270752
vertex 97.27812958 41.92984772 187.8874664

endloop
endfacet
facet normal -0.6410170197 -0.6770453453 0.3615340889
outer loop
vertex 97.27812958 41.92984772 187.8874664
vertex 104.2652512 33.84052277 185.1270752
vertex 101.6919785 37.84125519 188.0567169

endloop
endfacet
facet normal -0.6457256079 -0.6829588413 0.3414758146
outer loop
vertex 97.27812958 41.92984772 187.8874664
vertex 101.6919785 37.84125519 188.0567169
vertex 96.31362152 44.21129608 190.6265411

endloop
endfacet
facet normal -0.6227345467 -0.6811276078 0.3850544691
outer loop
vertex 96.31362152 44.21129608 190.6265411
vertex 101.6919785 37.84125519 188.0567169
vertex 100.53759 40.41918182 190.7498932

endloop
endfacet
facet normal -0.6414204836 -0.7045936584 0.303524971
outer loop
vertex 96.31362152 44.21129608 190.6265411
vertex 100.53759 40.41918182 190.7498932
vertex 95.7911911 45.87957001 193.3952026

endloop
endfacet
facet normal -0.5870050192 -0.7039544582 0.3998414576
outer loop
vertex 95.7911911 45.87957001 193.3952026
vertex 100.53759 40.41918182 190.7498932
vertex 99.87422943 42.47101593 193.388443

endloop
endfacet
facet normal -0.6301906705 -0.7552555799 0.1801354587
outer loop
vertex 95.79116058 45.87957001 193.3952179
vertex 99.87422943 42.47101593 193.3884583
vertex 95.4913559 46.78025055 196.1226654

endloop
endfacet
facet normal -0.5731166005 -0.766620338 0.2895353436
outer loop
vertex 95.4913559 46.78025055 196.1226654
vertex 99.87422943 42.47101593 193.3884583
vertex 99.4307785 43.78656769 195.9939423

endloop
endfacet
facet normal -0.6044673324 -0.7963437438 0.02135191485
outer loop
vertex 95.4913559 46.78025055 196.1226654
vertex 99.4307785 43.78656769 195.9939423
vertex 97.05361176 45.66338348 198.6949158

endloop
endfacet
facet normal -0.534178555 -0.8379068971 0.1120949313
outer loop
vertex 97.05361176 45.66338348 198.6949158
vertex 99.4307785 43.78656769 195.9939423
vertex 100.1149216 43.69603729 198.5774536

endloop
endfacet
facet normal -0.5405945778 -0.8412820697 0.001440251595
outer loop
vertex 97.05367279 45.66338348 198.694931
vertex 100.1149521 43.69605255 198.5774689
vertex 98.48516083 44.74797821 201.2921753

endloop
endfacet
facet normal -0.4119769037 -0.9053012729 0.1034635976
outer loop
vertex 98.48516083 44.74797821 201.2921753
vertex 100.1149521 43.69605255 198.5774689
vertex 100.2957382 43.92024994 201.2590485

endloop
endfacet
facet normal -0.3987840116 -0.8823079467 0.2500079274
outer loop
vertex 98.48516083 44.74797821 201.2921753
vertex 100.2957382 43.92024994 201.2590485
vertex 95.72112274 46.84275055 204.276001

endloop
endfacet
facet normal -0.435988605 -0.879481554 0.1908563077
outer loop
vertex 95.72112274 46.84275055 204.276001
vertex 100.2957382 43.92024994 201.2590485
vertex 97.41149139 45.98900604 204.2033234

endloop
endfacet
facet normal -0.425498426 -0.8650810719 0.2656798661
outer loop
vertex 95.72112274 46.84275055 204.276001
vertex 97.41149139 45.98900604 204.2033234
vertex 91.17314911 50.04689789 207.4252472

endloop
endfacet
facet normal -0.5479832888 -0.8364553452 -0.007530201226
outer loop
vertex 91.17314911 50.04689789 207.4252472
vertex 97.41149139 45.98900604 204.2033234
vertex 93.46950531 48.54413605 207.243103

endloop
endfacet
facet normal -0.550375998 -0.828573525 -0.1027240455
outer loop
vertex 91.17314911 50.04691315 207.4252625
vertex 93.46950531 48.54415131 207.2431183
vertex 89.89345551 50.55036163 210.2207947

endloop
endfacet
facet normal -0.5482563376 -0.8304394484 -0.09892123938
outer loop
vertex 89.89345551 50.55036163 210.2207947
vertex 93.46950531 48.54415131 207.2431183
vertex 92.04167938 49.15171051 210.0561981

endloop
endfacet
facet normal -0.5453393459 -0.8141180873 -0.1995410919
outer loop
vertex 89.89345551 50.55036163 210.2207947
vertex 92.04167938 49.15171051 210.0561981
vertex 88.22182465 50.92310333 213.2685394

endloop
endfacet
facet normal -0.5027961135 -0.8551222682 -0.1263410151
outer loop
vertex 88.22182465 50.92310333 213.2685394
vertex 92.04167938 49.15171051 210.0561981
vertex 90.01399994 49.88654327 213.1520844

endloop
endfacet
facet normal -0.4942680597 -0.8646535873 0.08985127509
outer loop
vertex 88.22182465 50.92310333 213.2685394
vertex 90.01399994 49.88652802 213.1520844
vertex 80.59990692 55.74645233 217.7565765

endloop
endfacet
facet normal -0.04461974278 -0.6603721976 0.7496116757
outer loop
vertex 80.59990692 55.74645233 217.7565765
vertex 90.01399994 49.88652802 213.1520844
vertex 80.59993744 55.74646759 217.7565918

endloop
endfacet
facet normal -0.1840235293 0.3680470586 0.9114147425
outer loop
vertex 112.1325302 29.08106232 103.7969666
vertex 112.1324997 29.08104706 103.7969666
vertex 117.263176 22.25707245 107.5885544

endloop
endfacet
facet normal 0.4197238386 -0.1788545549 -0.8898555636
outer loop
vertex 117.263176 22.25707245 107.5885544
vertex 112.1324997 29.08104706 103.7969666
vertex 117.8539352 23.47466278 107.6224747

endloop
endfacet
facet normal 0.7472633719 -0.3467703164 -0.5668753386
outer loop
vertex 117.263176 22.25707245 107.5885544
vertex 117.8539352 23.47466278 107.6224747
vertex 118.7074509 20.74367523 110.4181976

endloop
endfacet
facet normal 0.6989186406 -0.3931669891 -0.5974382758
outer loop
vertex 118.7074509 20.74367523 110.4181976
vertex 117.8539352 23.47466278 107.6224747
vertex 119.6528549 22.35138702 110.4661713

endloop
endfacet
facet normal 0.8156582713 -0.4695577323 -0.3379601836
outer loop
vertex 118.7074509 20.74367523 110.4181976
vertex 119.6528549 22.35138702 110.4661713
vertex 119.5556259 20.36136627 112.9964218

endloop
endfacet
facet normal 0.793854475 -0.4924370348 -0.3567924798
outer loop
vertex 119.5556259 20.36136627 112.9964218
vertex 119.6528549 22.35138702 110.4661713
vertex 120.6926193 22.15370941 113.0524521

endloop
endfacet
facet normal 0.824765265 -0.5159657598 -0.2313907295
outer loop
vertex 119.5556259 20.36136627 112.9964218
vertex 120.6926193 22.15370941 113.0524521
vertex 120.1596603 20.20961761 115.4878082

endloop
endfacet
facet normal 0.8560106158 -0.478812933 -0.1948945969
outer loop
vertex 120.1596603 20.20961761 115.4878082
vertex 120.6926193 22.15370941 113.0524521
vertex 121.3303452 22.27535248 115.5546036

endloop
endfacet
facet normal 0.8370301127 -0.4650358856 -0.2883091569
outer loop
vertex 120.1596603 20.20961761 115.4878082
vertex 121.3303452 22.27535248 115.5546036
vertex 120.9574203 20.14858246 117.9023438

endloop
endfacet
facet normal 0.8446518779 -0.4565884173 -0.2794460952
outer loop
vertex 120.9574203 20.14858246 117.9023438
vertex 121.3303452 22.27535248 115.5546036
vertex 122.2080917 22.41484833 117.9797516

endloop
endfacet
facet normal 0.7885614634 -0.4198388457 -0.4493397772
outer loop
vertex 120.9574203 20.1485672 117.9023438
vertex 122.2081223 22.41484833 117.9797516
vertex 122.251976 20.06511688 120.2521744

endloop
endfacet
facet normal 0.8186117411 -0.3913089037 -0.4204191566
outer loop
vertex 122.251976 20.06511688 120.2521744
vertex 122.2081223 22.41484833 117.9797516
vertex 123.4841537 22.54268646 120.3453674

endloop
endfacet
facet normal 0.7766421437 -0.3669945002 -0.5119979978
outer loop
vertex 122.2520065 20.06511688 120.2521896
vertex 123.4841843 22.54268646 120.3453674
vertex 123.4927292 19.50713348 122.5341797

endloop
endfacet
facet normal 0.8753712177 -0.2811326385 -0.3933060169
outer loop
vertex 123.4927292 19.50713348 122.5341797
vertex 123.4841843 22.54268646 120.3453674
vertex 124.47155 22.38657379 122.6545105

endloop
endfacet
facet normal 0.8613895178 -0.2749772966 -0.4270778596
outer loop
vertex 123.4926682 19.50710297 122.5341644
vertex 124.4715195 22.38655853 122.6544876
vertex 124.3880234 18.82337189 124.7802658

endloop
endfacet
facet normal 0.9300463796 -0.20408535 -0.3055534959
outer loop
vertex 124.3880234 18.82337189 124.7802658
vertex 124.4715195 22.38655853 122.6544876
vertex 125.1396713 22.02497101 124.9297256

endloop
endfacet
facet normal 0.9444327354 -0.2099188268 -0.2529444993
outer loop
vertex 124.3880234 18.82337189 124.7802658
vertex 125.1396713 22.02497101 124.9297256
vertex 124.9305344 18.5510788 127.0318451

endloop
endfacet
facet normal 0.9647445679 -0.1763182282 -0.1953964978
outer loop
vertex 124.9305344 18.5510788 127.0318451
vertex 125.1396713 22.02497101 124.9297256
vertex 125.5812607 21.91292572 127.2111206

endloop
endfacet
facet normal 0.9750983715 -0.1819830388 -0.1267491132
outer loop
vertex 124.9305344 18.5510788 127.0318451
vertex 125.5812607 21.91292572 127.2111206
vertex 125.198143 18.4036026 129.3023376

endloop
endfacet
facet normal 0.9751025438 -0.1819728315 -0.1267311722
outer loop
vertex 125.198143 18.4036026 129.3023376
vertex 125.5812607 21.91292572 127.2111206
vertex 125.8810654 21.91547394 129.5142365

endloop
endfacet
facet normal 0.979084909 -0.1853292137 -0.08393915743
outer loop
vertex 125.198143 18.4036026 129.3023376
vertex 125.8810654 21.91547394 129.5142365
vertex 125.3351669 18.08621979 131.6013641

endloop
endfacet
facet normal 0.9497758746 -0.2429211289 -0.1972690076
outer loop
vertex 125.3351669 18.08621979 131.6013641
vertex 125.8810654 21.91547394 129.5142365
vertex 126.2888718 21.62381744 131.8368225

endloop
endfacet
facet normal 0.9642977715 -0.2623621523 0.03599916026
outer loop
vertex 125.3351669 18.08621979 131.6013641
vertex 126.2888718 21.62381744 131.8368225
vertex 125.1435776 17.70462799 133.9523621

endloop
endfacet
facet normal 0.9484269023 -0.3108057082 -0.06233803555
outer loop
vertex 125.1435776 17.70462799 133.9523621
vertex 126.2888718 21.62381744 131.8368225
vertex 126.3307114 21.27590179 134.2080231

endloop
endfacet
facet normal 0.9458076954 -0.3188140392 0.06168724224
outer loop
vertex 125.1435471 17.70461273 133.9523468
vertex 126.3306808 21.27588654 134.2080231
vertex 124.9741745 17.67272186 136.3843994

endloop
endfacet
facet normal 0.9390984774 -0.3432226181 0.01709509641
outer loop
vertex 124.9741745 17.67272186 136.3843994
vertex 126.3306808 21.27588654 134.2080231
vertex 126.3161545 21.35865021 136.6676788

endloop
endfacet
facet normal 0.9358634353 -0.3458956182 0.06720068306
outer loop
vertex 124.9741745 17.67272186 136.3843994
vertex 126.3161545 21.35865021 136.6676788
vertex 124.8332138 17.77399445 138.8687439

endloop
endfacet
facet normal 0.9352833629 -0.348252207 0.06297201663
outer loop
vertex 124.8332138 17.77399445 138.8687439
vertex 126.3161545 21.35865021 136.6676788
vertex 126.1889267 21.47130585 139.1803284

endloop
endfacet
facet normal 0.9317302704 -0.3498495221 0.09738604724
outer loop
vertex 124.8332138 17.77399445 138.8687439
vertex 126.1889267 21.47130585 139.1803284
vertex 124.5841904 17.81044769 141.3822021

endloop
endfacet
facet normal 0.9356179237 -0.3182596564 0.1527411342
outer loop
vertex 124.5841904 17.81044769 141.3822021
vertex 126.1889267 21.47130585 139.1803284
vertex 125.8219223 21.61980438 141.7378387

endloop
endfacet
facet normal 0.9158961773 -0.3201936781 0.2420953661
outer loop
vertex 124.5841904 17.81044769 141.3822021
vertex 125.8219223 21.61980438 141.7378387
vertex 123.9074326 17.78960419 143.9149475

endloop
endfacet
facet normal 0.9145495296 -0.3083251119 0.2617915273
outer loop
vertex 123.9074326 17.78960419 143.9149475
vertex 125.8219223 21.61980438 141.7378387
vertex 125.1415024 21.80146027 144.3287811

endloop
endfacet
facet normal 0.8309389353 -0.3036870956 0.4661702514
outer loop
vertex 123.9074631 17.78961945 143.9149475
vertex 125.1415329 21.80149078 144.3287811
vertex 122.2342148 17.03427887 146.4054108

endloop
endfacet
facet normal 0.8726370931 -0.4387850165 0.2144110352
outer loop
vertex 122.2342148 17.03427887 146.4054108
vertex 125.1415329 21.80149078 144.3287811
vertex 124.1473618 21.05344391 146.8441315

endloop
endfacet
facet normal 0.8198284507 -0.4313504994 0.3765875101
outer loop
vertex 122.2342148 17.03427887 146.4054108
vertex 124.1473618 21.05344391 146.8441315
vertex 120.9245529 16.80770111 148.9970093

endloop
endfacet
facet normal 0.8218511343 -0.5516017079 0.142465204
outer loop
vertex 120.9245529 16.80770111 148.9970093
vertex 124.1473618 21.05344391 146.8441315
vertex 123.4215317 20.63741302 149.4204865

endloop
endfacet
facet normal 0.7531661987 -0.533606112 0.3847144246
outer loop
vertex 120.9245529 16.80770111 148.9970093
vertex 123.4215317 20.63741302 149.4204865
vertex 119.7614365 17.08318329 151.6561737

endloop
endfacet
facet normal 0.7345663905 -0.6615549326 0.1508550793
outer loop
vertex 119.7614365 17.08318329 151.6561737
vertex 123.4215317 20.63741302 149.4204865
vertex 122.7407455 20.47827911 152.0376129

endloop
endfacet
facet normal 0.661870122 -0.6269762516 0.4108878374
outer loop
vertex 119.7614365 17.08318329 151.6561737
vertex 122.7407455 20.47827911 152.0376129
vertex 118.5364609 17.52706146 154.3067169

endloop
endfacet
facet normal 0.6292734742 -0.7551358938 0.1838058233
outer loop
vertex 118.5364609 17.52706146 154.3067169
vertex 122.7407455 20.47827911 152.0376129
vertex 121.9061203 20.41999054 154.6555481

endloop
endfacet
facet normal 0.6055534482 -0.7404932976 0.2915042341
outer loop
vertex 118.5364609 17.52706146 154.3067169
vertex 121.9061203 20.41999054 154.6555481
vertex 117.6542282 17.8431778 156.9424286

endloop
endfacet
facet normal 0.5928777456 -0.7705106735 0.2341137975
outer loop
vertex 117.6542282 17.8431778 156.9424286
vertex 121.9061203 20.41999054 154.6555481
vertex 121.0267868 20.54056549 157.2792358

endloop
endfacet
facet normal 0.6070114374 -0.7787352204 0.1584567577
outer loop
vertex 117.6542282 17.8431778 156.9424286
vertex 121.0267868 20.54056549 157.2792358
vertex 117.1631088 17.99651337 159.5773621

endloop
endfacet
facet normal 0.6235690713 -0.7510712743 0.2169182748
outer loop
vertex 117.1631088 17.99651337 159.5773621
vertex 121.0267868 20.54056549 157.2792358
vertex 120.3915634 20.77292633 159.9098358

endloop
endfacet
facet normal 0.612867713 -0.7443832159 0.2651164532
outer loop
vertex 117.1631393 17.99649811 159.5773621
vertex 120.3915329 20.77292633 159.9098511
vertex 116.5112534 18.4056778 162.2332001

endloop
endfacet
facet normal 0.6002499461 -0.769361496 0.2185929567
outer loop
vertex 116.5112534 18.4056778 162.2332001
vertex 120.3915329 20.77292633 159.9098511
vertex 119.8852463 21.13027191 162.5578156

endloop
endfacet
facet normal 0.5755474567 -0.7512248755 0.3231197298
outer loop
vertex 116.5112534 18.4056778 162.2332001
vertex 119.8852463 21.13027191 162.5578156
vertex 115.7600021 18.98352814 164.9147949

endloop
endfacet
facet normal 0.5463743806 -0.8080471754 0.2203063369
outer loop
vertex 115.7600021 18.98352814 164.9147949
vertex 119.8852463 21.13027191 162.5578156
vertex 119.2733994 21.44332123 165.2234497

endloop
endfacet
facet normal 0.5527895093 -0.8126895428 0.1842810214
outer loop
vertex 115.7600021 18.98352814 164.9147949
vertex 119.2733994 21.44332123 165.2234497
vertex 115.7687302 19.60845184 167.6445618

endloop
endfacet
facet normal 0.5499673486 -0.8160785437 0.1776275784
outer loop
vertex 115.7687302 19.60845184 167.6445618
vertex 119.2733994 21.44332123 165.2234497
vertex 118.8995895 21.78057098 167.9302673

endloop
endfacet
facet normal 0.4433376491 -0.7108547091 0.5460193753
outer loop
vertex 115.7686996 19.6084671 167.6445618
vertex 118.8995895 21.78057098 167.9302826
vertex 114.8602219 21.3388443 170.6349487

endloop
endfacet
facet normal 0.3739269078 -0.8250133991 0.4237113893
outer loop
vertex 114.8602219 21.3388443 170.6349487
vertex 118.8995895 21.78057098 167.9302826
vertex 117.8591537 22.78037262 170.7951965

endloop
endfacet
facet normal 0.2287046611 -0.5639999509 0.7934722304
outer loop
vertex 114.8602219 21.3388443 170.6349487
vertex 117.8591537 22.78037262 170.7951965
vertex 111.9319382 25.07720184 174.1362

endloop
endfacet
facet normal 0.03710633889 -0.7915412784 0.609988153
outer loop
vertex 111.9319382 25.07720184 174.1362
vertex 117.8591537 22.78037262 170.7951965
vertex 115.5535812 25.12827301 173.9821625

endloop
endfacet
facet normal 0.03558353335 -0.8257397413 0.5629277825
outer loop
vertex 111.9318771 25.07720184 174.1362
vertex 115.5535202 25.12825775 173.9821625
vertex 110.0590744 27.43752289 177.7168579

endloop
endfacet
facet normal -0.1193931848 -0.9134101272 0.3891365826
outer loop
vertex 110.0590744 27.43752289 177.7168579
vertex 115.5535202 25.12825775 173.9821625
vertex 113.7808456 26.79164886 177.3427124

endloop
endfacet
facet normal -0.08518505096 -0.8193133473 0.5669825077
outer loop
vertex 110.0590744 27.43752289 177.7168579
vertex 113.7808456 26.79164886 177.3427124
vertex 107.0667953 30.45871735 181.6330414

endloop
endfacet
facet normal -0.284543246 -0.9017314315 0.3254466951
outer loop
vertex 107.0667953 30.45871735 181.6330414
vertex 113.7808456 26.79164886 177.3427124
vertex 110.9292221 29.11533356 181.2878418

endloop
endfacet
facet normal -0.2204642296 -0.7832431793 0.5813136697
outer loop
vertex 107.0667953 30.45871735 181.6330414
vertex 110.9292221 29.11533356 181.2878418
vertex 104.2652512 33.84049225 185.1270447

endloop
endfacet
facet normal -0.5100365877 -0.8459205031 0.155823946
outer loop
vertex 104.2652512 33.84049225 185.1270447
vertex 110.9292221 29.11533356 181.2878418
vertex 108.3250961 31.3766861 185.0403137

endloop
endfacet
facet normal -0.4095475376 -0.6956308484 0.5902275443
outer loop
vertex 104.2652512 33.84052277 185.1270752
vertex 108.3250961 31.37671661 185.040329
vertex 101.6919785 37.84125519 188.0567169

endloop
endfacet
facet normal -0.5869055986 -0.7474402785 0.3112472594
outer loop
vertex 101.6919785 37.84125519 188.0567169
vertex 108.3250961 31.37671661 185.040329
vertex 106.3241196 34.26918793 188.2132568

endloop
endfacet
facet normal -0.5588065386 -0.7055427432 0.4358266294
outer loop
vertex 101.6919785 37.84125519 188.0567169
vertex 106.3241196 34.26918793 188.2132568
vertex 100.53759 40.41918182 190.7498932

endloop
endfacet
facet normal -0.5611047149 -0.7061046958 0.4319462478
outer loop
vertex 100.53759 40.41918182 190.7498932
vertex 106.3241196 34.26918793 188.2132568
vertex 105.0572739 36.96060944 190.9672852

endloop
endfacet
facet normal -0.5659806132 -0.7136865854 0.4126953483
outer loop
vertex 100.53759 40.41918182 190.7498932
vertex 105.0572739 36.96060944 190.9672852
vertex 99.87422943 42.47101593 193.388443

endloop
endfacet
facet normal -0.5273348093 -0.7046206594 0.4747921824
outer loop
vertex 99.87422943 42.47101593 193.388443
vertex 105.0572739 36.96060944 190.9672852
vertex 103.9830856 39.48601532 193.5220795

endloop
endfacet
facet normal -0.5683826804 -0.7693181038 0.2917031348
outer loop
vertex 99.87422943 42.47101593 193.3884583
vertex 103.9830551 39.48603058 193.5220947
vertex 99.4307785 43.78656769 195.9939423

endloop
endfacet
facet normal -0.483880043 -0.7607936263 0.4324965179
outer loop
vertex 99.4307785 43.78656769 195.9939423
vertex 103.9830551 39.48603058 193.5220947
vertex 103.3863144 41.29077911 196.0291443

endloop
endfacet
facet normal -0.5310182571 -0.8400343657 0.1111834496
outer loop
vertex 99.4307785 43.78656769 195.9939423
vertex 103.3863144 41.29077911 196.0291443
vertex 100.1149216 43.69603729 198.5774536

endloop
endfacet
facet normal -0.3972062171 -0.8650183082 0.306546241
outer loop
vertex 100.1149216 43.69603729 198.5774536
vertex 103.3863144 41.29077911 196.0291443
vertex 103.4505539 42.16316986 198.5741119

endloop
endfacet
facet normal -0.4152388275 -0.9037988782 0.103557907
outer loop
vertex 100.1149521 43.69605255 198.5774689
vertex 103.4505539 42.16316986 198.5741272
vertex 100.2957382 43.92024994 201.2590485

endloop
endfacet
facet normal -0.2582564354 -0.9189825058 0.2979507744
outer loop
vertex 100.2957382 43.92024994 201.2590485
vertex 103.4505539 42.16316986 198.5741272
vertex 102.7007065 43.23816681 201.2398376

endloop
endfacet
facet normal -0.2494360954 -0.8902260065 0.3811551034
outer loop
vertex 100.2957382 43.92024994 201.2590485
vertex 102.7007065 43.23816681 201.2398376
vertex 97.41149139 45.98900604 204.2033234

endloop
endfacet
facet normal -0.3170034885 -0.9072626233 0.2763752341
outer loop
vertex 97.41149139 45.98900604 204.2033234
vertex 102.7007065 43.23816681 201.2398376
vertex 99.48955536 45.2304306 204.0966797

endloop
endfacet
facet normal -0.3055680394 -0.8860824704 0.3485485613
outer loop
vertex 97.41149139 45.98900604 204.2033234
vertex 99.48955536 45.2304306 204.0966797
vertex 93.46950531 48.54413605 207.243103

endloop
endfacet
facet normal -0.5314399004 -0.8360594511 -0.1362946033
outer loop
vertex 93.46950531 48.54413605 207.243103
vertex 99.48955536 45.2304306 204.0966797
vertex 95.64028168 47.20061493 207.0202484

endloop
endfacet
facet normal -0.5307213664 -0.8430382609 -0.08730006963
outer loop
vertex 93.46950531 48.54415131 207.2431183
vertex 95.64031219 47.20063019 207.0202789
vertex 92.04167938 49.15171051 210.0561981

endloop
endfacet
facet normal -0.536275208 -0.8384719491 -0.09681797028
outer loop
vertex 92.04167938 49.15171051 210.0561981
vertex 95.64031219 47.20063019 207.0202789
vertex 94.18764496 47.80376434 209.8432922

endloop
endfacet
facet normal -0.5364641547 -0.829672575 -0.1544329077
outer loop
vertex 92.04167938 49.15171051 210.0561981
vertex 94.18764496 47.80376434 209.8432922
vertex 90.01399994 49.88654327 213.1520844

endloop
endfacet
facet normal -0.4773727655 -0.8772813082 -0.04992806539
outer loop
vertex 90.01399994 49.88654327 213.1520844
vertex 94.18764496 47.80376434 209.8432922
vertex 91.72890472 48.96063995 213.0244751

endloop
endfacet
facet normal -0.4578556418 -0.8719217181 0.1735530496
outer loop
vertex 90.01399994 49.88652802 213.1520844
vertex 91.72890472 48.96060944 213.0244598
vertex 80.59993744 55.74646759 217.7565918

endloop
endfacet
facet normal 0.06217261776 0.6450409293 -0.7616145611
outer loop
vertex 80.59993744 55.74646759 217.7565918
vertex 91.72890472 48.96060944 213.0244598
vertex 80.59990692 55.74645233 217.7565765

endloop
endfacet
facet normal 0.1578162163 -0.441609323 -0.883218646
outer loop
vertex 112.1324997 29.08104706 103.7969742
vertex 112.1324997 29.08106232 103.7969666
vertex 117.8539352 23.47467804 107.6224823

endloop
endfacet
facet normal 0.4512816072 -0.1407519579 -0.8812115788
outer loop
vertex 117.8539352 23.47467804 107.6224823
vertex 112.1324997 29.08106232 103.7969666
vertex 118.2799911 24.72492218 107.640976

endloop
endfacet
facet normal 0.7691488862 -0.2534311116 -0.5866708755
outer loop
vertex 117.8539352 23.47467804 107.6224823
vertex 118.2799911 24.72492218 107.640976
vertex 119.6528549 22.35138702 110.4661789

endloop
endfacet
facet normal 0.776227355 -0.2433127165 -0.5816098452
outer loop
vertex 119.6528549 22.35138702 110.4661789
vertex 118.2799911 24.72492218 107.640976
vertex 120.2374191 24.12114716 110.5059814

endloop
endfacet
facet normal 0.8822320104 -0.2829440534 -0.3763101101
outer loop
vertex 119.6528549 22.35138702 110.4661789
vertex 120.2374191 24.12114716 110.5059814
vertex 120.6926193 22.15372467 113.0524521

endloop
endfacet
facet normal 0.8584651947 -0.3200666904 -0.4007428586
outer loop
vertex 120.6926193 22.15372467 113.0524521
vertex 120.2374191 24.12114716 110.5059814
vertex 121.4730759 24.18708038 113.1003265

endloop
endfacet
facet normal 0.9132502675 -0.3454451263 -0.2159670442
outer loop
vertex 120.6926193 22.15372467 113.0524521
vertex 121.4730759 24.18708038 113.1003265
vertex 121.3303452 22.27536774 115.5546036

endloop
endfacet
facet normal 0.9152979851 -0.3418292701 -0.2130314857
outer loop
vertex 121.3303452 22.27536774 115.5546036
vertex 121.4730759 24.18708038 113.1003265
vertex 122.1721115 24.4943161 115.6107712

endloop
endfacet
facet normal 0.8931926489 -0.3311350644 -0.3042308688
outer loop
vertex 121.3303452 22.27536774 115.5546036
vertex 122.1721115 24.4943161 115.6107712
vertex 122.2080917 22.41486359 117.9797516

endloop
endfacet
facet normal 0.9302753806 -0.2685907185 -0.2498936653
outer loop
vertex 122.2080917 22.41486359 117.9797516
vertex 122.1721115 24.4943161 115.6107712
vertex 122.9410019 24.88712311 118.0509109

endloop
endfacet
facet normal 0.8594064713 -0.2417965233 -0.4505053461
outer loop
vertex 122.2081223 22.41486359 117.9797516
vertex 122.9410019 24.88712311 118.0509109
vertex 123.4841537 22.54268646 120.3453674

endloop
endfacet
facet normal 0.916238606 -0.1509319395 -0.3711149395
outer loop
vertex 123.4841537 22.54268646 120.3453674
vertex 122.9410019 24.88712311 118.0509109
vertex 123.9675827 25.25127411 120.4373169

endloop
endfacet
facet normal 0.9056599736 -0.1481537372 -0.3972789347
outer loop
vertex 123.4841843 22.54270172 120.3453674
vertex 123.9676132 25.25130463 120.4373245
vertex 124.4715805 22.38658905 122.6545105

endloop
endfacet
facet normal 0.946721375 -0.07572105527 -0.313025564
outer loop
vertex 124.4715805 22.38658905 122.6545105
vertex 123.9676132 25.25130463 120.4373245
vertex 124.7446823 25.29941559 122.7758713

endloop
endfacet
facet normal 0.9532401562 -0.07720086724 -0.2921869755
outer loop
vertex 124.47155 22.38657379 122.6544952
vertex 124.7446518 25.29938507 122.775856
vertex 125.1396713 22.02498627 124.9297333

endloop
endfacet
facet normal 0.978734374 -0.01642746851 -0.2044727951
outer loop
vertex 125.1396713 22.02498627 124.9297333
vertex 124.7446518 25.29938507 122.775856
vertex 125.2261276 25.19029999 125.0892639

endloop
endfacet
facet normal 0.981474638 -0.01719042659 -0.1908195913
outer loop
vertex 125.1396713 22.02498627 124.9297333
vertex 125.2261276 25.19029999 125.0892639
vertex 125.5812607 21.91294098 127.2111282

endloop
endfacet
facet normal 0.9886137247 0.009914835915 -0.1501485854
outer loop
vertex 125.5812607 21.91294098 127.2111282
vertex 125.2261276 25.19029999 125.0892639
vertex 125.5777512 25.2763443 127.4101181

endloop
endfacet
facet normal 0.9915950298 0.008672024123 -0.12908943
outer loop
vertex 125.5812607 21.91294098 127.2111282
vertex 125.5777512 25.2763443 127.4101181
vertex 125.8810654 21.9154892 129.5142365

endloop
endfacet
facet normal 0.986240387 -0.01411455777 -0.1647139788
outer loop
vertex 125.8810654 21.9154892 129.5142365
vertex 125.5777512 25.2763443 127.4101181
vertex 125.9696579 25.36927032 129.7487335

endloop
endfacet
facet normal 0.9845563173 -0.0134032378 -0.174554348
outer loop
vertex 125.8810654 21.9154892 129.5142365
vertex 125.9696579 25.36927032 129.7487335
vertex 126.2888718 21.6238327 131.8368225

endloop
endfacet
facet normal 0.9777825475 -0.03214808553 -0.2071417421
outer loop
vertex 126.2888718 21.6238327 131.8368225
vertex 125.9696579 25.36927032 129.7487335
vertex 126.462944 25.18636322 132.1056061

endloop
endfacet
facet normal 0.9985967278 -0.04694436118 -0.0245077759
outer loop
vertex 126.2888718 21.6238327 131.8368225
vertex 126.462944 25.18636322 132.1056061
vertex 126.3307114 21.27593231 134.2080231

endloop
endfacet
facet normal 0.9953039885 -0.0697452724 -0.06712387502
outer loop
vertex 126.3307114 21.27593231 134.2080231
vertex 126.462944 25.18636322 132.1056061
vertex 126.6111679 24.98667145 134.5109406

endloop
endfacet
facet normal 0.9970686436 -0.07604644448 0.008435492404
outer loop
vertex 126.3306808 21.27590179 134.2080231
vertex 126.6111374 24.98665619 134.5109406
vertex 126.316185 21.35868073 136.6676788

endloop
endfacet
facet normal 0.9966566563 -0.08169689029 -0.001125787967
outer loop
vertex 126.316185 21.35868073 136.6676788
vertex 126.6111374 24.98665619 134.5109406
vertex 126.6236191 25.10469818 136.9947968

endloop
endfacet
facet normal 0.9947838187 -0.08637932688 0.05425572395
outer loop
vertex 126.316185 21.35868073 136.6676788
vertex 126.6236191 25.10469818 136.9947968
vertex 126.1889267 21.47133636 139.1803284

endloop
endfacet
facet normal 0.9930198789 -0.1179381236 0.001439611195
outer loop
vertex 126.1889267 21.47133636 139.1803284
vertex 126.6236191 25.10469818 136.9947968
vertex 126.6430283 25.29911041 139.5336151

endloop
endfacet
facet normal 0.9803728461 -0.1299860328 0.1482315958
outer loop
vertex 126.1889267 21.47133636 139.1803284
vertex 126.6430283 25.29911041 139.5336151
vertex 125.8219223 21.6198349 141.7378387

endloop
endfacet
facet normal 0.9790496826 -0.1198964342 0.1645801365
outer loop
vertex 125.8219223 21.6198349 141.7378387
vertex 126.6430283 25.29911041 139.5336151
vertex 126.2470322 25.62522125 142.1268768

endloop
endfacet
facet normal 0.9571706057 -0.1268664747 0.260248512
outer loop
vertex 125.8219223 21.6198349 141.7378387
vertex 126.2470322 25.62522125 142.1268768
vertex 125.1415329 21.80147552 144.3287964

endloop
endfacet
facet normal 0.9631356597 -0.1497708112 0.2234688252
outer loop
vertex 125.1415329 21.80147552 144.3287964
vertex 126.2470322 25.62522125 142.1268768
vertex 125.6956406 26.00395966 144.7571716

endloop
endfacet
facet normal 0.9335916042 -0.155989185 0.3226051629
outer loop
vertex 125.1415329 21.80149078 144.3287964
vertex 125.6956711 26.00395966 144.7571869
vertex 124.1473618 21.05345917 146.8441467

endloop
endfacet
facet normal 0.9585321546 -0.2273458987 0.1718424559
outer loop
vertex 124.1473618 21.05345917 146.8441467
vertex 125.6956711 26.00395966 144.7571869
vertex 125.0919724 25.38457489 147.3051605

endloop
endfacet
facet normal 0.9456675053 -0.2306418419 0.2291665971
outer loop
vertex 124.1473618 21.05345917 146.8441467
vertex 125.0919724 25.38457489 147.3051605
vertex 123.4215622 20.63742828 149.4204865

endloop
endfacet
facet normal 0.9467937946 -0.2353189588 0.2195597738
outer loop
vertex 123.4215622 20.63742828 149.4204865
vertex 125.0919724 25.38457489 147.3051605
vertex 124.4263535 25.13469696 149.9076538

endloop
endfacet
facet normal 0.9438720942 -0.2359250933 0.2311815172
outer loop
vertex 123.4215622 20.63742828 149.4204865
vertex 124.4263535 25.13469696 149.9076538
vertex 122.7407761 20.47829437 152.0376129

endloop
endfacet
facet normal 0.9454312325 -0.242904976 0.2171563506
outer loop
vertex 122.7407761 20.47829437 152.0376129
vertex 124.4263535 25.13469696 149.9076538
vertex 123.8245773 25.14990997 152.5446167

endloop
endfacet
facet normal 0.9250415564 -0.246018976 0.2894353867
outer loop
vertex 122.7407761 20.47829437 152.0376129
vertex 123.8245773 25.14990997 152.5446167
vertex 121.9061508 20.4200058 154.6555481

endloop
endfacet
facet normal 0.934976995 -0.2849444747 0.2112454176
outer loop
vertex 121.9061508 20.4200058 154.6555481
vertex 123.8245773 25.14990997 152.5446167
vertex 123.2088852 25.07529449 155.1690369

endloop
endfacet
facet normal 0.9039726853 -0.2878443599 0.3161944151
outer loop
vertex 121.9061508 20.4200058 154.6555481
vertex 123.2088852 25.07529449 155.1690369
vertex 121.0268173 20.54058075 157.2792511

endloop
endfacet
facet normal 0.9100276828 -0.3096270859 0.2756459713
outer loop
vertex 121.0268173 20.54058075 157.2792511
vertex 123.2088852 25.07529449 155.1690369
vertex 122.4677963 25.25066376 157.8126831

endloop
endfacet
facet normal 0.9179018736 -0.3090108931 0.2489344031
outer loop
vertex 121.0268173 20.54058075 157.2792511
vertex 122.4677963 25.25066376 157.8126831
vertex 120.3916245 20.77294159 159.9098511

endloop
endfacet
facet normal 0.9147438407 -0.2946682274 0.2764313817
outer loop
vertex 120.3916245 20.77294159 159.9098511
vertex 122.4677963 25.25066376 157.8126831
vertex 121.7585068 25.53653717 160.4645386

endloop
endfacet
facet normal 0.9311847091 -0.2925337851 0.2175295353
outer loop
vertex 120.3915939 20.77294159 159.9098511
vertex 121.7585068 25.53653717 160.4645538
vertex 119.8852768 21.13028717 162.5578156

endloop
endfacet
facet normal 0.929331243 -0.2816489339 0.2387831211
outer loop
vertex 119.8852768 21.13028717 162.5578156
vertex 121.7585068 25.53653717 160.4645538
vertex 121.1551437 25.80246735 163.1264801

endloop
endfacet
facet normal 0.9273489714 -0.281986475 0.2459828407
outer loop
vertex 119.8852768 21.13028717 162.5578156
vertex 121.1551437 25.80246735 163.1264801
vertex 119.2733994 21.44335175 165.223465

endloop
endfacet
facet normal 0.9276325107 -0.283426702 0.2432432324
outer loop
vertex 119.2733994 21.44335175 165.223465
vertex 121.1551437 25.80246735 163.1264801
vertex 120.5656052 26.19850922 165.8362122

endloop
endfacet
facet normal 0.9461259246 -0.2784118354 0.1653255075
outer loop
vertex 119.2733994 21.44335175 165.223465
vertex 120.5656052 26.19850922 165.8362122
vertex 118.8996506 21.78058624 167.9302673

endloop
endfacet
facet normal 0.9423987865 -0.2500769198 0.222139746
outer loop
vertex 118.8996506 21.78058624 167.9302673
vertex 120.5656052 26.19850922 165.8362122
vertex 120.0067062 26.52846527 168.5787201

endloop
endfacet
facet normal 0.8750213385 -0.2598110139 0.4084554315
outer loop
vertex 118.8996506 21.78058624 167.9302826
vertex 120.0067062 26.52848053 168.5787201
vertex 117.8591843 22.78038788 170.7951965

endloop
endfacet
facet normal 0.8904771209 -0.3173968196 0.3260519803
outer loop
vertex 117.8591843 22.78038788 170.7951965
vertex 120.0067062 26.52848053 168.5787201
vertex 119.1507492 27.02063751 171.3955078

endloop
endfacet
facet normal 0.6556437016 -0.2979320884 0.6938067079
outer loop
vertex 117.8591843 22.78038788 170.7951965
vertex 119.1507492 27.02063751 171.3955078
vertex 115.5536118 25.12828827 173.9821777

endloop
endfacet
facet normal 0.6624122858 -0.5132427812 0.5457029939
outer loop
vertex 115.5536118 25.12828827 173.9821777
vertex 119.1507492 27.02063751 171.3955078
vertex 117.6523972 28.28891754 174.4071503

endloop
endfacet
facet normal 0.6374088526 -0.5018835068 0.584656179
outer loop
vertex 115.5535507 25.12825775 173.9821625
vertex 117.6523666 28.28890228 174.4071503
vertex 113.7808456 26.79164886 177.3427124

endloop
endfacet
facet normal 0.5935363173 -0.6747871637 0.4386079311
outer loop
vertex 113.7808456 26.79164886 177.3427124
vertex 117.6523666 28.28890228 174.4071503
vertex 116.1556931 29.02411652 177.5635986

endloop
endfacet
facet normal 0.4710654616 -0.567892611 0.6749780774
outer loop
vertex 113.7808456 26.79164886 177.3427124
vertex 116.1556931 29.02411652 177.5635986
vertex 110.9292831 29.11533356 181.2878418

endloop
endfacet
facet normal 0.3333714902 -0.8069137335 0.4875998497
outer loop
vertex 110.9292831 29.11533356 181.2878418
vertex 116.1556931 29.02411652 177.5635986
vertex 113.8884201 30.3624649 181.3285217

endloop
endfacet
facet normal 0.292805016 -0.7154462934 0.6343515515
outer loop
vertex 110.9292831 29.11533356 181.2878418
vertex 113.8884201 30.3624649 181.3285217
vertex 108.3251266 31.3766861 185.0403137

endloop
endfacet
facet normal 0.04497936368 -0.9444760084 0.3254872561
outer loop
vertex 108.3251266 31.3766861 185.0403137
vertex 113.8884201 30.3624649 181.3285217
vertex 111.6265182 31.55913544 185.1135101

endloop
endfacet
facet normal 0.02525978535 -0.7307950258 0.6821294427
outer loop
vertex 108.3251266 31.37671661 185.0403442
vertex 111.6265488 31.55916595 185.1135559
vertex 106.3241501 34.26918793 188.2132721

endloop
endfacet
facet normal -0.2859320641 -0.908391118 0.3050712049
outer loop
vertex 106.3241501 34.26918793 188.2132721
vertex 111.6265488 31.55916595 185.1135559
vertex 110.3287277 33.07115936 188.3993225

endloop
endfacet
facet normal -0.2521794736 -0.7475124002 0.6145166755
outer loop
vertex 106.3241501 34.26918793 188.2132721
vertex 110.3287277 33.07115936 188.3993225
vertex 105.0573044 36.96059418 190.9672852

endloop
endfacet
facet normal -0.3550457358 -0.8002592921 0.4832468629
outer loop
vertex 105.0573044 36.96059418 190.9672852
vertex 110.3287277 33.07115936 188.3993225
vertex 109.1731186 35.27265167 191.1959686

endloop
endfacet
facet normal -0.3347839117 -0.7367303371 0.5874931812
outer loop
vertex 105.0573044 36.96059418 190.9672852
vertex 109.1731186 35.27265167 191.1959686
vertex 103.9831161 39.48601532 193.5220947

endloop
endfacet
facet normal -0.3888055086 -0.7635617256 0.5155616999
outer loop
vertex 103.9831161 39.48601532 193.5220947
vertex 109.1731186 35.27265167 191.1959686
vertex 107.7929001 37.65988922 193.6906586

endloop
endfacet
facet normal -0.3980128765 -0.786835134 0.4716738462
outer loop
vertex 103.9830856 39.48601532 193.5220947
vertex 107.7929306 37.65988922 193.6906586
vertex 103.3863144 41.29076385 196.0291595

endloop
endfacet
facet normal -0.3279757798 -0.7596952319 0.5615113378
outer loop
vertex 103.3863144 41.29076385 196.0291595
vertex 107.7929306 37.65988922 193.6906586
vertex 106.7372971 39.92621613 196.1402893

endloop
endfacet
facet normal -0.3673714697 -0.8769343495 0.3098778427
outer loop
vertex 103.3863144 41.29076385 196.0291595
vertex 106.7372971 39.92621613 196.1402893
vertex 103.4505539 42.1631546 198.5741272

endloop
endfacet
facet normal -0.1134215817 -0.8030954599 0.5849557519
outer loop
vertex 103.4505539 42.1631546 198.5741272
vertex 106.7372971 39.92621613 196.1402893
vertex 106.0977402 41.86688995 198.6806641

endloop
endfacet
facet normal -0.1180943772 -0.9320153594 0.3426384926
outer loop
vertex 103.4505539 42.1631546 198.5741272
vertex 106.0977402 41.86690521 198.6806793
vertex 102.7007065 43.23816681 201.2398376

endloop
endfacet
facet normal 0.08200092614 -0.8290771246 0.553088665
outer loop
vertex 102.7007065 43.23816681 201.2398376
vertex 106.0977402 41.86690521 198.6806793
vertex 104.8473129 43.50818634 201.3263397

endloop
endfacet
facet normal 0.0726968348 -0.7778873444 0.6241847277
outer loop
vertex 102.7007065 43.23816681 201.2398376
vertex 104.8473129 43.50818634 201.3263397
vertex 99.48955536 45.2304306 204.0966797

endloop
endfacet
facet normal -0.03250261769 -0.875790596 0.4815957546
outer loop
vertex 99.48955536 45.2304306 204.0966797
vertex 104.8473129 43.50818634 201.3263397
vertex 101.7535934 45.13961029 204.0843201

endloop
endfacet
facet normal -0.03109769896 -0.8473672271 0.5300959349
outer loop
vertex 99.48955536 45.2304306 204.0966797
vertex 101.7535934 45.13961029 204.0843201
vertex 95.64031219 47.20063019 207.0202637

endloop
endfacet
facet normal -0.3299783766 -0.943666935 -0.0246374514
outer loop
vertex 95.64031219 47.20063019 207.0202637
vertex 101.7535934 45.13961029 204.0843201
vertex 98.13014984 46.33374786 206.8764038

endloop
endfacet
facet normal -0.3268931806 -0.9444649816 0.03356751055
outer loop
vertex 95.64034271 47.20064545 207.0202789
vertex 98.13018036 46.33376312 206.8764191
vertex 94.18764496 47.8037796 209.8433075

endloop
endfacet
facet normal -0.4136933088 -0.9047455192 -0.1014563516
outer loop
vertex 94.18764496 47.8037796 209.8433075
vertex 98.13018036 46.33376312 206.8764191
vertex 96.20775604 46.89949799 209.6702118

endloop
endfacet
facet normal -0.4072769582 -0.9131411314 0.01728569716
outer loop
vertex 94.18764496 47.8037796 209.8433075
vertex 96.20775604 46.89949799 209.6702118
vertex 91.72890472 48.96063995 213.0244751

endloop
endfacet
facet normal -0.3009571135 -0.937579453 0.1742684841
outer loop
vertex 91.72890472 48.96063995 213.0244751
vertex 96.20775604 46.89949799 209.6702118
vertex 93.22911835 48.45859528 212.9142609

endloop
endfacet
facet normal -0.2133191079 -0.7695718408 0.6018754244
outer loop
vertex 91.72890472 48.96062469 213.0244598
vertex 93.22911835 48.45858002 212.9142456
vertex 80.59990692 55.74645233 217.7565918

endloop
endfacet
facet normal 0.4979870915 0.8671844602 0
outer loop
vertex 80.59990692 55.74645233 217.7565918
vertex 93.22911835 48.45858002 212.9142456
vertex 80.59990692 55.74645233 217.7565613

endloop
endfacet
facet normal -0 -0.6616561413 -0.7498074174
outer loop
vertex 112.1324997 29.08106232 103.7969666
vertex 112.1325302 29.08106232 103.7969666
vertex 118.2799911 24.72492218 107.640976

endloop
endfacet
facet normal 0.4967388809 -0.0628477782 -0.8656215072
outer loop
vertex 118.2799911 24.72492218 107.640976
vertex 112.1325302 29.08106232 103.7969666
vertex 118.4752121 26.00521088 107.6600494

endloop
endfacet
facet normal 0.8088071942 -0.114735879 -0.576772511
outer loop
vertex 118.2799911 24.72492218 107.640976
vertex 118.4752121 26.00521088 107.6600494
vertex 120.2374191 24.12114716 110.5059814

endloop
endfacet
facet normal 0.8153176308 -0.09912121296 -0.570466578
outer loop
vertex 120.2374191 24.12114716 110.5059814
vertex 118.4752121 26.00521088 107.6600494
vertex 120.4872665 25.97809601 110.5404129

endloop
endfacet
facet normal 0.8981585503 -0.1129660904 -0.4249116182
outer loop
vertex 120.2374191 24.12114716 110.5059814
vertex 120.4872665 25.97809601 110.5404129
vertex 121.4730759 24.18708038 113.1003265

endloop
endfacet
facet normal 0.8691235781 -0.1800439805 -0.4606607854
outer loop
vertex 121.4730759 24.18708038 113.1003265
vertex 120.4872665 25.97809601 110.5404129
vertex 121.9374313 26.32892609 113.1393051

endloop
endfacet
facet normal 0.9496808052 -0.2015286982 -0.2397758365
outer loop
vertex 121.4730759 24.18708038 113.1003265
vertex 121.9374313 26.32892609 113.1393051
vertex 122.1721115 24.4943161 115.6107712

endloop
endfacet
facet normal 0.9307492971 -0.2457251698 -0.2707859278
outer loop
vertex 122.1721115 24.4943161 115.6107712
vertex 121.9374313 26.32892609 113.1393051
vertex 122.7860031 26.76891327 115.6567612

endloop
endfacet
facet normal 0.9348752499 -0.2471620739 -0.2547926009
outer loop
vertex 122.1721115 24.4943161 115.6107712
vertex 122.7860031 26.76891327 115.6567612
vertex 122.9410019 24.88712311 118.0509109

endloop
endfacet
facet normal 0.9787874818 -0.1254560351 -0.1619751453
outer loop
vertex 122.9410019 24.88712311 118.0509109
vertex 122.7860031 26.76891327 115.6567612
vertex 123.2803879 27.45371246 118.1138382

endloop
endfacet
facet normal 0.9189079404 -0.112238571 -0.378167659
outer loop
vertex 122.9410019 24.88712311 118.0509109
vertex 123.2803879 27.45371246 118.1138306
vertex 123.9675827 25.25127411 120.4373169

endloop
endfacet
facet normal 0.9686380029 0.04429662973 -0.2444957197
outer loop
vertex 123.9675827 25.25127411 120.4373169
vertex 123.2803879 27.45371246 118.1138306
vertex 123.8609848 28.06716156 120.5251694

endloop
endfacet
facet normal 0.9477055073 0.04574009404 -0.3158514202
outer loop
vertex 123.9676132 25.25130463 120.4373245
vertex 123.8609848 28.06717682 120.5251694
vertex 124.7446823 25.29941559 122.7758713

endloop
endfacet
facet normal 0.9605661035 0.0938545987 -0.2617329359
outer loop
vertex 124.7446823 25.29941559 122.7758713
vertex 123.8609848 28.06717682 120.5251694
vertex 124.4913254 28.22344208 122.8945694

endloop
endfacet
facet normal 0.975676477 0.09260489792 -0.1986951232
outer loop
vertex 124.7446518 25.29938507 122.775856
vertex 124.4912949 28.22341156 122.8945541
vertex 125.2261276 25.19029999 125.0892639

endloop
endfacet
facet normal 0.9770755768 0.1011803076 -0.1873122454
outer loop
vertex 125.2261276 25.19029999 125.0892639
vertex 124.4912949 28.22341156 122.8945541
vertex 124.9326096 28.31908417 125.2482605

endloop
endfacet
facet normal 0.9832056165 0.09999488294 -0.1526688933
outer loop
vertex 125.2261276 25.19029999 125.0892639
vertex 124.9326096 28.31908417 125.2482605
vertex 125.5777512 25.2763443 127.4101181

endloop
endfacet
facet normal 0.9811063409 0.08429481834 -0.1741397232
outer loop
vertex 125.5777512 25.2763443 127.4101181
vertex 124.9326096 28.31908417 125.2482605
vertex 125.3253708 28.63469696 127.6138611

endloop
endfacet
facet normal 0.9822121859 0.08400166035 -0.1679376215
outer loop
vertex 125.5777512 25.2763443 127.4101181
vertex 125.3253708 28.63469696 127.6138611
vertex 125.9696579 25.36927032 129.7487335

endloop
endfacet
facet normal 0.9705335498 0.03569044545 -0.2383082509
outer loop
vertex 125.9696579 25.36927032 129.7487335
vertex 125.3253708 28.63469696 127.6138611
vertex 125.9015121 28.86188507 129.994278

endloop
endfacet
facet normal 0.9787636399 0.03331716359 -0.2022665739
outer loop
vertex 125.9696579 25.36927032 129.7487335
vertex 125.9015121 28.86188507 129.994278
vertex 126.462944 25.18636322 132.1056061

endloop
endfacet
facet normal 0.9826021791 0.0468580015 -0.179714635
outer loop
vertex 126.462944 25.18636322 132.1056061
vertex 125.9015121 28.86188507 129.994278
vertex 126.3425217 28.8094101 132.3918457

endloop
endfacet
facet normal 0.9975821376 0.03776656091 -0.05833859742
outer loop
vertex 126.462944 25.18636322 132.1056061
vertex 126.3425217 28.8094101 132.3918457
vertex 126.6111679 24.98667145 134.5109406

endloop
endfacet
facet normal 0.9980260134 0.06017696857 -0.01796764135
outer loop
vertex 126.6111679 24.98667145 134.5109406
vertex 126.3425217 28.8094101 132.3918457
vertex 126.3919601 28.71872711 134.8342285

endloop
endfacet
facet normal 0.9982084036 0.05931808427 -0.007835134864
outer loop
vertex 126.6111374 24.98665619 134.5109406
vertex 126.3918991 28.71871185 134.8342133
vertex 126.6236191 25.10469818 136.9947968

endloop
endfacet
facet normal 0.9972426295 0.07273739576 0.01471496467
outer loop
vertex 126.6236191 25.10469818 136.9947968
vertex 126.3918991 28.71871185 134.8342133
vertex 126.3418808 28.89589691 137.3481445

endloop
endfacet
facet normal 0.9970676899 0.07534404099 -0.01339209545
outer loop
vertex 126.6236191 25.10469818 136.9947968
vertex 126.3418808 28.89589691 137.3481445
vertex 126.6430283 25.29911041 139.5336151

endloop
endfacet
facet normal 0.9970498085 0.07567525655 -0.01284449641
outer loop
vertex 126.6430283 25.29911041 139.5336151
vertex 126.3418808 28.89589691 137.3481445
vertex 126.3575058 29.12511444 139.911499

endloop
endfacet
facet normal 0.9878765345 0.05956275016 0.1433604509
outer loop
vertex 126.6430283 25.29911041 139.5336151
vertex 126.3575058 29.12511444 139.911499
vertex 126.2470322 25.62522125 142.1268768

endloop
endfacet
facet normal 0.9926050305 0.04099234939 0.1142584085
outer loop
vertex 126.2470322 25.62522125 142.1268768
vertex 126.3575058 29.12511444 139.911499
vertex 126.0327377 29.65122223 142.5441284

endloop
endfacet
facet normal 0.9791419506 0.03131182119 0.2007499933
outer loop
vertex 126.2470322 25.62522125 142.1268768
vertex 126.0327377 29.65122223 142.5441284
vertex 125.6956406 26.00395966 144.7571716

endloop
endfacet
facet normal 0.9903425574 -0.007533028256 0.1384368688
outer loop
vertex 125.6956406 26.00395966 144.7571716
vertex 126.0327377 29.65122223 142.5441284
vertex 125.6648483 30.11954498 145.2014008

endloop
endfacet
facet normal 0.9738453031 -0.01716764271 0.2265627086
outer loop
vertex 125.6956711 26.00395966 144.7571869
vertex 125.6648788 30.1195755 145.2014008
vertex 125.0919724 25.38457489 147.3051605

endloop
endfacet
facet normal 0.9870274663 -0.05192488804 0.1519232541
outer loop
vertex 125.0919724 25.38457489 147.3051605
vertex 125.6648788 30.1195755 145.2014008
vertex 125.248558 29.78626251 147.7922668

endloop
endfacet
facet normal 0.9683932662 -0.06120821834 0.2418012917
outer loop
vertex 125.0919724 25.38457489 147.3051605
vertex 125.248558 29.78626251 147.7922668
vertex 124.4263535 25.13469696 149.9076538

endloop
endfacet
facet normal 0.9762732983 -0.08129074425 0.2007042319
outer loop
vertex 124.4263535 25.13469696 149.9076538
vertex 125.248558 29.78626251 147.7922668
vertex 124.6950302 29.60987091 150.4133148

endloop
endfacet
facet normal 0.9714323282 -0.08342558146 0.2221699655
outer loop
vertex 124.4263535 25.13469696 149.9076538
vertex 124.6950302 29.60987091 150.4133148
vertex 123.8245773 25.14990997 152.5446167

endloop
endfacet
facet normal 0.9671725631 -0.07235178351 0.2436032295
outer loop
vertex 123.8245773 25.14990997 152.5446167
vertex 124.6950302 29.60987091 150.4133148
vertex 124.0354538 29.75684357 153.0756683

endloop
endfacet
facet normal 0.9715877175 -0.07051673532 0.2259307951
outer loop
vertex 123.8245773 25.14990997 152.5446167
vertex 124.0354538 29.75684357 153.0756683
vertex 123.2088852 25.07529449 155.1690369

endloop
endfacet
facet normal 0.9717629552 -0.07094559819 0.225040853
outer loop
vertex 123.2088852 25.07529449 155.1690369
vertex 124.0354538 29.75684357 153.0756683
vertex 123.4303207 29.9169693 155.739212

endloop
endfacet
facet normal 0.9587666988 -0.07609533519 0.2738173008
outer loop
vertex 123.2088852 25.07529449 155.1690369
vertex 123.4303207 29.9169693 155.739212
vertex 122.4677963 25.25066376 157.8126831

endloop
endfacet
facet normal 0.9639399648 -0.08709516376 0.2514638901
outer loop
vertex 122.4677963 25.25066376 157.8126831
vertex 123.4303207 29.9169693 155.739212
vertex 122.7597885 30.22583771 158.4165497

endloop
endfacet
facet normal 0.9598113894 -0.08865077049 0.266276598
outer loop
vertex 122.4677963 25.25066376 157.8126831
vertex 122.7597885 30.22583771 158.4165497
vertex 121.7585068 25.53653717 160.4645386

endloop
endfacet
facet normal 0.9564030766 -0.08176809549 0.2803695798
outer loop
vertex 121.7585068 25.53653717 160.4645386
vertex 122.7597885 30.22583771 158.4165497
vertex 122.0008774 30.52654266 161.0930634

endloop
endfacet
facet normal 0.9707937837 -0.07582276314 0.2276188582
outer loop
vertex 121.7585068 25.53653717 160.4645538
vertex 122.0008774 30.52654266 161.0930786
vertex 121.1551437 25.80246735 163.1264801

endloop
endfacet
facet normal 0.9633102417 -0.05984164029 0.2616342306
outer loop
vertex 121.1551437 25.80246735 163.1264801
vertex 122.0008774 30.52654266 161.0930786
vertex 121.2845383 30.70838165 163.7721558

endloop
endfacet
facet normal 0.9739938974 -0.05462936684 0.2198898345
outer loop
vertex 121.1551437 25.80246735 163.1264801
vertex 121.2845383 30.70838165 163.7721558
vertex 120.5656052 26.19850922 165.8362122

endloop
endfacet
facet normal 0.9680361748 -0.04107798263 0.2474238425
outer loop
vertex 120.5656052 26.19850922 165.8362122
vertex 121.2845383 30.70838165 163.7721558
vertex 120.5992966 30.9723587 166.4969635

endloop
endfacet
facet normal 0.9784220457 -0.03508770838 0.2036152184
outer loop
vertex 120.5656052 26.19850922 165.8362122
vertex 120.5992966 30.9723587 166.4969635
vertex 120.0067062 26.52846527 168.5787201

endloop
endfacet
facet normal 0.9735486507 -0.02335033938 0.2272835523
outer loop
vertex 120.0067062 26.52846527 168.5787201
vertex 120.5992966 30.9723587 166.4969635
vertex 119.959465 31.20688629 169.2617188

endloop
endfacet
facet normal 0.9546139836 -0.03356092051 0.2959491014
outer loop
vertex 120.0067062 26.52848053 168.5787201
vertex 119.9594345 31.20687103 169.261734
vertex 119.1507492 27.02063751 171.3955078

endloop
endfacet
facet normal 0.9569539428 -0.0382107012 0.2877135277
outer loop
vertex 119.1507492 27.02063751 171.3955078
vertex 119.9594345 31.20687103 169.261734
vertex 119.1190414 31.71868134 172.1249084

endloop
endfacet
facet normal 0.8818774223 -0.06651598215 0.4667631686
outer loop
vertex 119.1507492 27.02063751 171.3955078
vertex 119.1190414 31.71868134 172.1249084
vertex 117.6523972 28.28891754 174.4071503

endloop
endfacet
facet normal 0.9166714549 -0.1438950002 0.3728373647
outer loop
vertex 117.6523972 28.28891754 174.4071503
vertex 119.1190414 31.71868134 172.1249084
vertex 118.03405 32.68190765 175.1642609

endloop
endfacet
facet normal 0.8783578277 -0.154280737 0.4524213076
outer loop
vertex 117.6523666 28.28890228 174.4071503
vertex 118.0340195 32.6818924 175.1642456
vertex 116.1556931 29.02411652 177.5635986

endloop
endfacet
facet normal 0.9027120471 -0.2216782719 0.3687404692
outer loop
vertex 116.1556931 29.02411652 177.5635986
vertex 118.0340195 32.6818924 175.1642456
vertex 116.8198166 33.01129913 178.3347626

endloop
endfacet
facet normal 0.7913526893 -0.2405197471 0.5620597601
outer loop
vertex 116.1556931 29.02411652 177.5635986
vertex 116.8198166 33.01129913 178.3347626
vertex 113.8884201 30.3624649 181.3285217

endloop
endfacet
facet normal 0.8063056469 -0.4035936296 0.432415843
outer loop
vertex 113.8884201 30.3624649 181.3285217
vertex 116.8198166 33.01129913 178.3347626
vertex 115.2282944 33.72006989 181.9639282

endloop
endfacet
facet normal 0.7275136113 -0.3963066339 0.5600579977
outer loop
vertex 113.8884201 30.3624649 181.3285217
vertex 115.2282944 33.72006989 181.9639282
vertex 111.6265182 31.55913544 185.1135101

endloop
endfacet
facet normal 0.7021400928 -0.5905947685 0.3977400362
outer loop
vertex 111.6265182 31.55913544 185.1135101
vertex 115.2282944 33.72006989 181.9639282
vertex 113.7705307 34.43190765 185.5943451

endloop
endfacet
facet normal 0.6435086131 -0.5664349794 0.5148281455
outer loop
vertex 111.6265488 31.55916595 185.1135559
vertex 113.7705612 34.43192291 185.5943756
vertex 110.3287277 33.07115936 188.3993225

endloop
endfacet
facet normal 0.5753126144 -0.7409120798 0.346503526
outer loop
vertex 110.3287277 33.07115936 188.3993225
vertex 113.7705612 34.43192291 185.5943756
vertex 112.979332 35.31188202 188.7896576

endloop
endfacet
facet normal 0.4247586727 -0.6177423596 0.6617963314
outer loop
vertex 110.3287277 33.07115936 188.3993225
vertex 112.979332 35.31188202 188.7896576
vertex 109.1731186 35.27265167 191.1959686

endloop
endfacet
facet normal 0.3484253585 -0.7671300173 0.5386197567
outer loop
vertex 109.1731186 35.27265167 191.1959686
vertex 112.979332 35.31188202 188.7896576
vertex 112.0158005 36.80188751 191.5350952

endloop
endfacet
facet normal 0.2492966801 -0.627073586 0.7379904389
outer loop
vertex 109.1731186 35.27265167 191.1959686
vertex 112.0158005 36.80188751 191.5350952
vertex 107.7929001 37.65988922 193.6906586

endloop
endfacet
facet normal 0.167773366 -0.7579458356 0.6303730011
outer loop
vertex 107.7929001 37.65988922 193.6906586
vertex 112.0158005 36.80188751 191.5350952
vertex 110.5121384 38.48519135 193.959259

endloop
endfacet
facet normal 0.1415082663 -0.6955085993 0.7044452429
outer loop
vertex 107.7929306 37.65988922 193.6906586
vertex 110.5121384 38.48519135 193.959259
vertex 106.7372971 39.92621613 196.1402893

endloop
endfacet
facet normal 0.1673692912 -0.6642377973 0.7285435796
outer loop
vertex 106.7372971 39.92621613 196.1402893
vertex 110.5121384 38.48519135 193.959259
vertex 108.9464035 40.72374725 196.3599243

endloop
endfacet
facet normal 0.2088718861 -0.751049757 0.6263359785
outer loop
vertex 106.7372971 39.92621613 196.1402893
vertex 108.9464035 40.72374725 196.3599243
vertex 106.0977402 41.86688995 198.6806641

endloop
endfacet
facet normal 0.358578831 -0.5843462348 0.7279840112
outer loop
vertex 106.0977402 41.86688995 198.6806641
vertex 108.9464035 40.72374725 196.3599243
vertex 107.746666 43.14643097 198.8955383

endloop
endfacet
facet normal 0.4323873818 -0.6603298783 0.614007771
outer loop
vertex 106.0977402 41.86690521 198.6806793
vertex 107.746666 43.14643097 198.8955536
vertex 104.8473129 43.50818634 201.3263397

endloop
endfacet
facet normal 0.4774501026 -0.5840938687 0.6564112902
outer loop
vertex 104.8473129 43.50818634 201.3263397
vertex 107.746666 43.14643097 198.8955536
vertex 106.2969284 44.91576385 201.5244446

endloop
endfacet
facet normal 0.4002055228 -0.5185073614 0.7556359172
outer loop
vertex 104.8473129 43.50818634 201.3263397
vertex 106.2969284 44.91576385 201.5244446
vertex 101.7535934 45.13961029 204.0843201

endloop
endfacet
facet normal 0.3302872479 -0.6878519654 0.6463512778
outer loop
vertex 101.7535934 45.13961029 204.0843201
vertex 106.2969284 44.91576385 201.5244446
vertex 103.5481796 46.1306076 204.2219086

endloop
endfacet
facet normal 0.3110729158 -0.6584664583 0.6853142381
outer loop
vertex 101.7535934 45.13961029 204.0843201
vertex 103.5481796 46.1306076 204.2219086
vertex 98.13014984 46.33374786 206.8764038

endloop
endfacet
facet normal 0.1575410813 -0.9068288803 0.3909502625
outer loop
vertex 98.13014984 46.33374786 206.8764038
vertex 103.5481796 46.1306076 204.2219086
vertex 100.1908188 46.71652985 206.9338989

endloop
endfacet
facet normal 0.1657814682 -0.9381229877 0.3040423095
outer loop
vertex 98.13018036 46.33376312 206.8764191
vertex 100.1908188 46.7165451 206.9339142
vertex 96.20775604 46.89949799 209.6702118

endloop
endfacet
facet normal 0.1430072039 -0.9516698122 0.2717969716
outer loop
vertex 96.20775604 46.89949799 209.6702118
vertex 100.1908188 46.7165451 206.9339142
vertex 97.67259979 47.12125397 209.6759338

endloop
endfacet
facet normal 0.1257549375 -0.8441416621 0.5211626291
outer loop
vertex 96.20775604 46.89949799 209.6702118
vertex 97.67259979 47.12125397 209.6759338
vertex 93.22911835 48.45859528 212.9142609

endloop
endfacet
facet normal 0.1648936719 -0.8110793829 0.5612131953
outer loop
vertex 93.22911835 48.45859528 212.9142609
vertex 97.67259979 47.12125397 209.6759338
vertex 94.40111542 48.68453217 212.8964386

endloop
endfacet
facet normal 0.09645406902 -0.4294625819 0.8979189396
outer loop
vertex 93.22911835 48.45858002 212.9142456
vertex 94.4010849 48.68453217 212.8964233
vertex 80.59990692 55.74645233 217.7565613

endloop
endfacet
facet normal -0.1149227619 -0.6895365715 0.7150749564
outer loop
vertex 80.59990692 55.74645233 217.7565613
vertex 94.4010849 48.68453217 212.8964233
vertex 80.59990692 55.74646759 217.7565765

endloop
endfacet
facet normal -0.2543226779 0.5086453557 0.8225569129
outer loop
vertex 112.1325302 29.08106232 103.7969666
vertex 112.1324997 29.08104706 103.7969666
vertex 118.4752121 26.00521088 107.6600494

endloop
endfacet
facet normal 0.5378405452 0.05230559409 -0.841422379
outer loop
vertex 118.4752121 26.00521088 107.6600494
vertex 112.1324997 29.08104706 103.7969666
vertex 118.383934 27.35494232 107.6856079

endloop
endfacet
facet normal 0.8182897568 0.06615053862 -0.570986867
outer loop
vertex 118.4752121 26.00521088 107.6600494
vertex 118.383934 27.35494232 107.6856079
vertex 120.4872665 25.97809601 110.5404129

endloop
endfacet
facet normal 0.8177490234 0.06297697127 -0.5721191168
outer loop
vertex 120.4872665 25.97809601 110.5404129
vertex 118.383934 27.35494232 107.6856079
vertex 120.3646774 27.81075287 110.566925

endloop
endfacet
facet normal 0.867626667 0.06516775489 -0.4929270744
outer loop
vertex 120.4872665 25.97809601 110.5404129
vertex 120.3646774 27.81075287 110.566925
vertex 121.9374313 26.32892609 113.1393051

endloop
endfacet
facet normal 0.8535775542 0.001586953062 -0.5209634304
outer loop
vertex 121.9374313 26.32892609 113.1393051
vertex 120.3646774 27.81075287 110.566925
vertex 121.9491501 28.38103485 113.1647568

endloop
endfacet
facet normal 0.9476899505 -0.001453070319 -0.3191887438
outer loop
vertex 121.9374313 26.32892609 113.1393051
vertex 121.9491501 28.38103485 113.1647568
vertex 122.7860031 26.76891327 115.6567612

endloop
endfacet
facet normal 0.9422042966 -0.02710412256 -0.333940655
outer loop
vertex 122.7860031 26.76891327 115.6567612
vertex 121.9491501 28.38103485 113.1647568
vertex 122.8616562 28.99544525 115.6894989

endloop
endfacet
facet normal 0.9815073609 -0.03057117015 -0.1889672875
outer loop
vertex 122.7860031 26.76891327 115.6567612
vertex 122.8616562 28.99544525 115.6894989
vertex 123.2803879 27.45371246 118.1138382

endloop
endfacet
facet normal 0.9895171523 0.08376864344 -0.1176375523
outer loop
vertex 123.2803879 27.45371246 118.1138382
vertex 122.8616562 28.99544525 115.6894989
vertex 123.0796432 29.89818573 118.165947

endloop
endfacet
facet normal 0.963626802 0.08454108238 -0.2535273731
outer loop
vertex 123.2803879 27.45371246 118.1138306
vertex 123.0796432 29.89815521 118.165947
vertex 123.8609848 28.06716156 120.5251694

endloop
endfacet
facet normal 0.9669921398 0.1790475696 -0.1812954247
outer loop
vertex 123.8609848 28.06716156 120.5251694
vertex 123.0796432 29.89815521 118.165947
vertex 123.3828049 30.73105621 120.6055222

endloop
endfacet
facet normal 0.9479526877 0.1781134903 -0.2639343441
outer loop
vertex 123.8609848 28.06717682 120.5251694
vertex 123.3828354 30.73105621 120.6055298
vertex 124.4913254 28.22344208 122.8945694

endloop
endfacet
facet normal 0.9494434595 0.1954124272 -0.2457054704
outer loop
vertex 124.4913254 28.22344208 122.8945694
vertex 123.3828354 30.73105621 120.6055298
vertex 123.9163742 31.16573334 123.0129089

endloop
endfacet
facet normal 0.9624082446 0.195640102 -0.1884017289
outer loop
vertex 124.4912949 28.22341156 122.8945541
vertex 123.9163437 31.16571808 123.0128937
vertex 124.9326096 28.31908417 125.2482605

endloop
endfacet
facet normal 0.9565705657 0.1412754655 -0.254978478
outer loop
vertex 124.9326096 28.31908417 125.2482605
vertex 123.9163437 31.16571808 123.0128937
vertex 124.5090561 31.47301483 125.4067612

endloop
endfacet
facet normal 0.9736235142 0.139812842 -0.1803044379
outer loop
vertex 124.9326096 28.31908417 125.2482605
vertex 124.5090561 31.47301483 125.4067612
vertex 125.3253708 28.63469696 127.6138611

endloop
endfacet
facet normal 0.9614804387 0.06978627294 -0.2658669353
outer loop
vertex 125.3253708 28.63469696 127.6138611
vertex 124.5090561 31.47301483 125.4067612
vertex 125.1451645 31.86611176 127.8103638

endloop
endfacet
facet normal 0.9681273103 0.06863690168 -0.2408702523
outer loop
vertex 125.3253708 28.63469696 127.6138611
vertex 125.1451645 31.86611176 127.8103638
vertex 125.9015121 28.86188507 129.994278

endloop
endfacet
facet normal 0.9730231166 0.09078913182 -0.2120928466
outer loop
vertex 125.9015121 28.86188507 129.994278
vertex 125.1451645 31.86611176 127.8103638
vertex 125.6409836 32.21396637 130.2339478

endloop
endfacet
facet normal 0.9799497724 0.08891179413 -0.178306371
outer loop
vertex 125.9015121 28.86188507 129.994278
vertex 125.6409836 32.21396637 130.2339478
vertex 126.3425217 28.8094101 132.3918457

endloop
endfacet
facet normal 0.9844018817 0.1232997924 -0.1254990846
outer loop
vertex 126.3425217 28.8094101 132.3918457
vertex 125.6409836 32.21396637 130.2339478
vertex 125.9407883 32.30614471 132.6761475

endloop
endfacet
facet normal 0.9931940436 0.115392454 -0.01581974886
outer loop
vertex 126.3425217 28.8094101 132.3918457
vertex 125.9407883 32.30614471 132.6761475
vertex 126.3919601 28.71872711 134.8342285

endloop
endfacet
facet normal 0.9942388535 0.09030974656 -0.05773361772
outer loop
vertex 126.3919601 28.71872711 134.8342285
vertex 125.9407883 32.30614471 132.6761475
vertex 126.0848007 32.3061142 135.1561584

endloop
endfacet
facet normal 0.996363461 0.08406373858 0.0138991829
outer loop
vertex 126.3918991 28.71871185 134.8342133
vertex 126.0847397 32.30608368 135.1561432
vertex 126.3418808 28.89589691 137.3481445

endloop
endfacet
facet normal 0.9946822524 0.09709020704 0.03436223045
outer loop
vertex 126.3418808 28.89589691 137.3481445
vertex 126.0847397 32.30608368 135.1561432
vertex 125.9763412 32.51644135 137.699585

endloop
endfacet
facet normal 0.9946790934 0.1018983796 -0.01517495047
outer loop
vertex 126.3418808 28.89589691 137.3481445
vertex 125.9763412 32.51644135 137.699585
vertex 126.3575058 29.12511444 139.911499

endloop
endfacet
facet normal 0.9890797138 0.1404004097 0.04482162744
outer loop
vertex 126.3575058 29.12511444 139.911499
vertex 125.9763412 32.51644135 137.699585
vertex 125.8130112 32.83876801 140.2941284

endloop
endfacet
facet normal 0.9863271117 0.1348549873 0.09472631663
outer loop
vertex 126.3575058 29.12511444 139.911499
vertex 125.8130112 32.83876801 140.2941284
vertex 126.0327377 29.65122223 142.5441284

endloop
endfacet
facet normal 0.9840273261 0.1428315639 0.1062512025
outer loop
vertex 126.0327377 29.65122223 142.5441284
vertex 125.8130112 32.83876801 140.2941284
vertex 125.4449081 33.39992523 142.9488983

endloop
endfacet
facet normal 0.9835773706 0.1422369629 0.1111044884
outer loop
vertex 126.0327377 29.65122223 142.5441284
vertex 125.4449081 33.39992523 142.9488983
vertex 125.6648483 30.11954498 145.2014008

endloop
endfacet
facet normal 0.975744009 0.1645577103 0.1443756819
outer loop
vertex 125.6648483 30.11954498 145.2014008
vertex 125.4449081 33.39992523 142.9488983
vertex 124.9534531 33.9598465 145.6321411

endloop
endfacet
facet normal 0.9711672068 0.1600904912 0.1766503453
outer loop
vertex 125.6648788 30.1195755 145.2014008
vertex 124.9534836 33.95986176 145.6321411
vertex 125.248558 29.78626251 147.7922668

endloop
endfacet
facet normal 0.9776114225 0.1470267177 0.1505294144
outer loop
vertex 125.248558 29.78626251 147.7922668
vertex 124.9534836 33.95986176 145.6321411
vertex 124.5330429 34.04306793 148.2814178

endloop
endfacet
facet normal 0.9671359062 0.1380260289 0.2135341614
outer loop
vertex 125.248558 29.78626251 147.7922668
vertex 124.5330429 34.04306793 148.2814178
vertex 124.6950302 29.60987091 150.4133148

endloop
endfacet
facet normal 0.9855703712 0.1012449265 0.1356485933
outer loop
vertex 124.6950302 29.60987091 150.4133148
vertex 124.5330429 34.04306793 148.2814178
vertex 124.1575851 34.13062286 150.9440002

endloop
endfacet
facet normal 0.9680500031 0.08749974519 0.2349961549
outer loop
vertex 124.6950302 29.60987091 150.4133148
vertex 124.1575851 34.13062286 150.9440002
vertex 124.0354538 29.75684357 153.0756683

endloop
endfacet
facet normal 0.9759577513 0.07286418974 0.2054198235
outer loop
vertex 124.0354538 29.75684357 153.0756683
vertex 124.1575851 34.13062286 150.9440002
vertex 123.5703659 34.41092682 153.6344757

endloop
endfacet
facet normal 0.9735887051 0.07124816626 0.2169072777
outer loop
vertex 124.0354538 29.75684357 153.0756683
vertex 123.5703659 34.41092682 153.6344757
vertex 123.4303207 29.9169693 155.739212

endloop
endfacet
facet normal 0.9742751718 0.06997022033 0.2142243534
outer loop
vertex 123.4303207 29.9169693 155.739212
vertex 123.5703659 34.41092682 153.6344757
vertex 122.9572372 34.70223236 156.3277893

endloop
endfacet
facet normal 0.9696570635 0.06694288552 0.2351252586
outer loop
vertex 123.4303207 29.9169693 155.739212
vertex 122.9572372 34.70223236 156.3277893
vertex 122.7597885 30.22583771 158.4165497

endloop
endfacet
facet normal 0.9710223675 0.06454169005 0.2301083505
outer loop
vertex 122.7597885 30.22583771 158.4165497
vertex 122.9572372 34.70223236 156.3277893
vertex 122.2915573 35.07744598 159.0316162

endloop
endfacet
facet normal 0.9621143341 0.05911133811 0.2661612332
outer loop
vertex 122.7597885 30.22583771 158.4165497
vertex 122.2915573 35.07744598 159.0316162
vertex 122.0008774 30.52654266 161.0930634

endloop
endfacet
facet normal 0.9682904482 0.04910990968 0.2449527085
outer loop
vertex 122.0008774 30.52654266 161.0930634
vertex 122.2915573 35.07744598 159.0316162
vertex 121.5887375 35.43292999 161.7385712

endloop
endfacet
facet normal 0.9657695889 0.04757696018 0.2550009489
outer loop
vertex 122.0008774 30.52654266 161.0930786
vertex 121.5887375 35.43292999 161.7385712
vertex 121.2845383 30.70838165 163.7721558

endloop
endfacet
facet normal 0.9710765481 0.03887675703 0.2355819345
outer loop
vertex 121.2845383 30.70838165 163.7721558
vertex 121.5887375 35.43292999 161.7385712
vertex 120.9260178 35.60048676 164.4426727

endloop
endfacet
facet normal 0.9699651003 0.03815787658 0.2402326316
outer loop
vertex 121.2845383 30.70838165 163.7721558
vertex 120.9260178 35.60048676 164.4426727
vertex 120.5992966 30.9723587 166.4969635

endloop
endfacet
facet normal 0.9676864743 0.04204461724 0.2486266792
outer loop
vertex 120.5992966 30.9723587 166.4969635
vertex 120.9260178 35.60048676 164.4426727
vertex 120.2237778 35.65105438 167.1673279

endloop
endfacet
facet normal 0.9740579724 0.04644547403 0.2214808315
outer loop
vertex 120.5992966 30.9723587 166.4969635
vertex 120.2237778 35.65105438 167.1673279
vertex 119.959465 31.20688629 169.2617188

endloop
endfacet
facet normal 0.9734757543 0.0475686267 0.223790586
outer loop
vertex 119.959465 31.20688629 169.2617188
vertex 120.2237778 35.65105438 167.1673279
vertex 119.5815659 35.72989655 169.9441528

endloop
endfacet
facet normal 0.9606510997 0.03875210881 0.2750411332
outer loop
vertex 119.9594345 31.20687103 169.261734
vertex 119.5815964 35.7299118 169.9441528
vertex 119.1190414 31.71868134 172.1249084

endloop
endfacet
facet normal 0.9541919827 0.05031225085 0.2949345708
outer loop
vertex 119.1190414 31.71868134 172.1249084
vertex 119.5815964 35.7299118 169.9441528
vertex 118.651329 36.26474762 172.8625793

endloop
endfacet
facet normal 0.9452557564 0.04479975253 0.323240608
outer loop
vertex 119.1190414 31.71868134 172.1249084
vertex 118.651329 36.26474762 172.8625793
vertex 118.03405 32.68190765 175.1642609

endloop
endfacet
facet normal 0.9507978559 0.03401485458 0.3079389632
outer loop
vertex 118.03405 32.68190765 175.1642609
vertex 118.651329 36.26474762 172.8625793
vertex 117.6274033 36.93451691 175.9500885

endloop
endfacet
facet normal 0.9344177842 0.02368136495 0.3553906083
outer loop
vertex 118.0340195 32.6818924 175.1642456
vertex 117.6273727 36.93450165 175.950058
vertex 116.8198166 33.01129913 178.3347626

endloop
endfacet
facet normal 0.9548627138 -0.01626149192 0.2966020107
outer loop
vertex 116.8198166 33.01129913 178.3347626
vertex 117.6273727 36.93450165 175.950058
vertex 116.6229172 37.04479218 179.1897888

endloop
endfacet
facet normal 0.9119577408 -0.04199760035 0.408128947
outer loop
vertex 116.8198166 33.01129913 178.3347626
vertex 116.6229172 37.04479218 179.1897888
vertex 115.2282944 33.72006989 181.9639282

endloop
endfacet
facet normal 0.9438264966 -0.1504044086 0.2942278683
outer loop
vertex 115.2282944 33.72006989 181.9639282
vertex 116.6229172 37.04479218 179.1897888
vertex 115.603508 37.6052475 182.7463531

endloop
endfacet
facet normal 0.9032260776 -0.1668581069 0.3953997493
outer loop
vertex 115.2282944 33.72006989 181.9639282
vertex 115.603508 37.6052475 182.7463531
vertex 113.7705307 34.43190765 185.5943451

endloop
endfacet
facet normal 0.9185746312 -0.3053212166 0.2509973049
outer loop
vertex 113.7705307 34.43190765 185.5943451
vertex 115.603508 37.6052475 182.7463531
vertex 114.8933945 38.30144501 186.1920319

endloop
endfacet
facet normal 0.8999599218 -0.3086936772 0.3078640401
outer loop
vertex 113.7705612 34.43192291 185.5943756
vertex 114.8933945 38.30149078 186.1920624
vertex 112.979332 35.31188202 188.7896576

endloop
endfacet
facet normal 0.8999377489 -0.3484776616 0.262059778
outer loop
vertex 112.979332 35.31188202 188.7896576
vertex 114.8933945 38.30149078 186.1920624
vertex 114.3294296 39.15122223 189.2587128

endloop
endfacet
facet normal 0.8123732805 -0.3432614207 0.47140342
outer loop
vertex 112.979332 35.31188202 188.7896576
vertex 114.3294296 39.15122223 189.2587128
vertex 112.0158005 36.80188751 191.5350952

endloop
endfacet
facet normal 0.805259347 -0.2942468822 0.5147584081
outer loop
vertex 112.0158005 36.80188751 191.5350952
vertex 114.3294296 39.15122223 189.2587128
vertex 113.1326523 40.53717804 191.9231262

endloop
endfacet
facet normal 0.7161960006 -0.2805272639 0.6390365958
outer loop
vertex 112.0158005 36.80188751 191.5350952
vertex 113.1326523 40.53717804 191.9231262
vertex 110.5121384 38.48519135 193.959259

endloop
endfacet
facet normal 0.6940594316 -0.2001698166 0.6915298104
outer loop
vertex 110.5121384 38.48519135 193.959259
vertex 113.1326523 40.53717804 191.9231262
vertex 111.2197189 42.11273956 194.299118

endloop
endfacet
facet normal 0.7228057384 -0.2028791904 0.6605995893
outer loop
vertex 110.5121384 38.48519135 193.959259
vertex 111.2197189 42.11273956 194.299118
vertex 108.9464035 40.72374725 196.3599243

endloop
endfacet
facet normal 0.7135121822 -0.1535178125 0.683617413
outer loop
vertex 108.9464035 40.72374725 196.3599243
vertex 111.2197189 42.11273956 194.299118
vertex 109.3506699 43.94681549 196.6617737

endloop
endfacet
facet normal 0.8279144168 -0.1543420553 0.5391995907
outer loop
vertex 108.9464035 40.72374725 196.3599243
vertex 109.3506699 43.94681549 196.6617737
vertex 107.746666 43.14643097 198.8955383

endloop
endfacet
facet normal 0.8272836804 -0.138297081 0.5444957614
outer loop
vertex 107.746666 43.14643097 198.8955383
vertex 109.3506699 43.94681549 196.6617737
vertex 108.0180283 45.83707428 199.1666412

endloop
endfacet
facet normal 0.8249046206 -0.1384157687 0.5480633974
outer loop
vertex 107.746666 43.14643097 198.8955536
vertex 108.0180283 45.83708954 199.1666565
vertex 106.2969284 44.91576385 201.5244446

endloop
endfacet
facet normal 0.8254083395 -0.1471255571 0.5450276136
outer loop
vertex 106.2969284 44.91576385 201.5244446
vertex 108.0180283 45.83708954 199.1666565
vertex 106.541893 47.22676849 201.777298

endloop
endfacet
facet normal 0.6577656865 -0.15047355 0.7380393147
outer loop
vertex 106.2969284 44.91576385 201.5244446
vertex 106.541893 47.22676849 201.777298
vertex 103.5481796 46.1306076 204.2219086

endloop
endfacet
facet normal 0.664863646 -0.2332631797 0.7096088529
outer loop
vertex 103.5481796 46.1306076 204.2219086
vertex 106.541893 47.22676849 201.777298
vertex 103.9832382 48.03781891 204.4412231

endloop
endfacet
facet normal 0.5885554552 -0.2235967964 0.7769215107
outer loop
vertex 103.5481796 46.1306076 204.2219086
vertex 103.9832382 48.03781891 204.4412231
vertex 100.1908188 46.71652985 206.9338989

endloop
endfacet
facet normal 0.5952053666 -0.3088332117 0.7418575287
outer loop
vertex 100.1908188 46.71652985 206.9338989
vertex 103.9832382 48.03781891 204.4412231
vertex 100.8029404 48.35387421 207.1244049

endloop
endfacet
facet normal 0.6710877419 -0.3282314837 0.6647595763
outer loop
vertex 100.1908188 46.7165451 206.9339142
vertex 100.8029404 48.35388947 207.1244202
vertex 97.67259979 47.12125397 209.6759338

endloop
endfacet
facet normal 0.6699450612 -0.2691012323 0.6919235587
outer loop
vertex 97.67259979 47.12125397 209.6759338
vertex 100.8029404 48.35388947 207.1244202
vertex 98.11840057 48.66997528 209.8466187

endloop
endfacet
facet normal 0.6121106148 -0.2585574985 0.7473075986
outer loop
vertex 97.67259979 47.12125397 209.6759338
vertex 98.11840057 48.66997528 209.8466187
vertex 94.40111542 48.68453217 212.8964386

endloop
endfacet
facet normal 0.597518146 -0.3320521414 0.7298722267
outer loop
vertex 94.40111542 48.68453217 212.8964386
vertex 98.11840057 48.66997528 209.8466187
vertex 94.88204193 49.75691986 212.9906006

endloop
endfacet
facet normal 0.2379892915 -0.1903745234 0.9524277449
outer loop
vertex 94.4010849 48.68453217 212.8964233
vertex 94.88201141 49.7569046 212.9906006
vertex 80.59990692 55.74646759 217.7565765

endloop
endfacet
facet normal -0.3288476467 0 -0.9443829656
outer loop
vertex 80.59990692 55.74646759 217.7565765
vertex 94.88201141 49.7569046 212.9906006
vertex 80.59990692 55.74645233 217.7565765

endloop
endfacet
facet normal -0.1473636478 0.794246316 0.5894545913
outer loop
vertex 112.1325302 29.08106232 103.7969742
vertex 112.1324997 29.08106232 103.7969666
vertex 118.383934 27.35495758 107.6856232

endloop
endfacet
facet normal 0.5467730165 0.1104688719 -0.8299613595
outer loop
vertex 118.383934 27.35495758 107.6856232
vertex 112.1324997 29.08106232 103.7969666
vertex 118.1495285 28.664711 107.7055283

endloop
endfacet
facet normal 0.80300349 0.1524688303 -0.5761410594
outer loop
vertex 118.383934 27.35495758 107.6856232
vertex 118.1495285 28.664711 107.7055283
vertex 120.3646774 27.81076813 110.5669327

endloop
endfacet
facet normal 0.8030666113 0.1836100519 -0.5668963194
outer loop
vertex 120.3646774 27.81076813 110.5669327
vertex 118.1495285 28.664711 107.7055283
vertex 119.9843063 29.5300827 110.5849609

endloop
endfacet
facet normal 0.8198736906 0.1870581508 -0.5411249995
outer loop
vertex 120.3646774 27.81076813 110.5669327
vertex 119.9843063 29.5300827 110.5849609
vertex 121.9491501 28.38105011 113.1647491

endloop
endfacet
facet normal 0.8195742965 0.1806631833 -0.5437452197
outer loop
vertex 121.9491501 28.38105011 113.1647491
vertex 119.9843063 29.5300827 110.5849609
vertex 121.508934 30.43796539 113.1846466

endloop
endfacet
facet normal 0.905605197 0.1974464953 -0.3753585815
outer loop
vertex 121.9491501 28.38105011 113.1647491
vertex 121.508934 30.43796539 113.1846466
vertex 122.8616562 28.99547577 115.6894989

endloop
endfacet
facet normal 0.9045464993 0.1670716852 -0.3922789395
outer loop
vertex 122.8616562 28.99547577 115.6894989
vertex 121.508934 30.43796539 113.1846466
vertex 122.4508896 31.2912674 115.7201004

endloop
endfacet
facet normal 0.9729074836 0.1760713011 -0.1498330683
outer loop
vertex 122.8616562 28.99547577 115.6894989
vertex 122.4508896 31.2912674 115.7201004
vertex 123.0796738 29.89820099 118.1659546

endloop
endfacet
facet normal 0.9746243358 0.1529500186 -0.1634434313
outer loop
vertex 123.0796738 29.89820099 118.1659546
vertex 122.4508896 31.2912674 115.7201004
vertex 122.7117538 32.29520416 118.2151337

endloop
endfacet
facet normal 0.9729608893 0.1529044658 -0.1731106192
outer loop
vertex 123.0796738 29.89818573 118.1659546
vertex 122.7117233 32.29520416 118.2151337
vertex 123.3828354 30.73107147 120.6055298

endloop
endfacet
facet normal 0.9732256532 0.1054572538 -0.2042315602
outer loop
vertex 123.3828354 30.73107147 120.6055298
vertex 122.7117233 32.29520416 118.2151337
vertex 123.1189194 33.31603241 120.682663

endloop
endfacet
facet normal 0.9666436315 0.1056631953 -0.2333136946
outer loop
vertex 123.3828659 30.73105621 120.6055374
vertex 123.1189194 33.31604767 120.6826706
vertex 123.9164047 31.16576385 123.0129166

endloop
endfacet
facet normal 0.9694781899 0.1465318948 -0.1965713203
outer loop
vertex 123.9164047 31.16576385 123.0129166
vertex 123.1189194 33.31604767 120.6826706
vertex 123.5159531 33.9679184 123.1267471

endloop
endfacet
facet normal 0.9555888176 0.1469492912 -0.2554524243
outer loop
vertex 123.9163742 31.16573334 123.0129013
vertex 123.515892 33.96788788 123.1267319
vertex 124.5090561 31.47303009 125.4067612

endloop
endfacet
facet normal 0.958686173 0.181332022 -0.219179213
outer loop
vertex 124.5090561 31.47303009 125.4067612
vertex 123.515892 33.96788788 123.1267319
vertex 123.9791489 34.46367645 125.5631866

endloop
endfacet
facet normal 0.9428782463 0.181672588 -0.2792412043
outer loop
vertex 124.5090561 31.47303009 125.4067612
vertex 123.9791489 34.46367645 125.5631866
vertex 125.1451645 31.86611176 127.8103638

endloop
endfacet
facet normal 0.9415193796 0.1719348729 -0.2897922397
outer loop
vertex 125.1451645 31.86611176 127.8103638
vertex 123.9791489 34.46367645 125.5631866
vertex 124.6306992 35.02019501 128.0102234

endloop
endfacet
facet normal 0.9602463245 0.1706264615 -0.2209379673
outer loop
vertex 125.1451645 31.86611176 127.8103638
vertex 124.6306992 35.02019501 128.0102234
vertex 125.6409836 32.21396637 130.2339478

endloop
endfacet
facet normal 0.962007761 0.2309499532 -0.1456129402
outer loop
vertex 125.6409836 32.21396637 130.2339478
vertex 124.6306992 35.02019501 128.0102234
vertex 124.9078293 35.41849518 130.4728394

endloop
endfacet
facet normal 0.9648012519 0.2302110642 -0.1271280199
outer loop
vertex 125.6409836 32.21396637 130.2339478
vertex 124.9078293 35.41849518 130.4728394
vertex 125.9407883 32.30615997 132.676178

endloop
endfacet
facet normal 0.9636832476 0.2455914468 -0.104878284
outer loop
vertex 125.9407883 32.30615997 132.676178
vertex 124.9078293 35.41849518 130.4728394
vertex 125.1220932 35.63883209 132.9575806

endloop
endfacet
facet normal 0.9684793949 0.2426624298 -0.05623626709
outer loop
vertex 125.9407883 32.30615997 132.676178
vertex 125.1220932 35.63883209 132.9575806
vertex 126.0848007 32.30612946 135.1561737

endloop
endfacet
facet normal 0.971124649 0.2206078321 -0.09082566202
outer loop
vertex 126.0848007 32.30612946 135.1561737
vertex 125.1220932 35.63883209 132.9575806
vertex 125.3104782 35.84934235 135.483139

endloop
endfacet
facet normal 0.9771242738 0.2112913281 0.02416992933
outer loop
vertex 126.0847397 32.3061142 135.1561584
vertex 125.3104782 35.84931183 135.4831238
vertex 125.9763412 32.5164566 137.6996155

endloop
endfacet
facet normal 0.9733503461 0.2247544676 0.04554771259
outer loop
vertex 125.9763412 32.5164566 137.6996155
vertex 125.3104782 35.84931183 135.4831238
vertex 125.1343002 36.09131622 138.0538635

endloop
endfacet
facet normal 0.9735552073 0.2260255963 0.03320711479
outer loop
vertex 125.9763412 32.5164566 137.6996155
vertex 125.1343002 36.09131622 138.0538635
vertex 125.8130112 32.83878326 140.2941437

endloop
endfacet
facet normal 0.9768868685 0.2133146226 0.01374340989
outer loop
vertex 125.8130112 32.83878326 140.2941437
vertex 125.1343002 36.09131622 138.0538635
vertex 125.0067673 36.50627899 140.6782227

endloop
endfacet
facet normal 0.9745226502 0.2046138346 0.09186276048
outer loop
vertex 125.8130112 32.83878326 140.2941437
vertex 125.0067673 36.50627899 140.6782227
vertex 125.4449387 33.39994049 142.9489136

endloop
endfacet
facet normal 0.9740075469 0.2060955912 0.09398917854
outer loop
vertex 125.4449387 33.39994049 142.9489136
vertex 125.0067673 36.50627899 140.6782227
vertex 124.6261215 37.08579254 143.3521118

endloop
endfacet
facet normal 0.9701970816 0.2006728053 0.1358234733
outer loop
vertex 125.4449387 33.39994049 142.9489136
vertex 124.6261215 37.08579254 143.3521118
vertex 124.9534836 33.95986176 145.6321564

endloop
endfacet
facet normal 0.9481227994 0.2460874915 0.2012561858
outer loop
vertex 124.9534836 33.95986176 145.6321564
vertex 124.6261215 37.08579254 143.3521118
vertex 123.8757248 37.76015472 146.0626678

endloop
endfacet
facet normal 0.9562213421 0.2549073696 0.1437457502
outer loop
vertex 124.9535141 33.95987701 145.6321564
vertex 123.8757248 37.76015472 146.0626831
vertex 124.5330734 34.04308319 148.2814484

endloop
endfacet
facet normal 0.9612063766 0.24528943 0.1261560619
outer loop
vertex 124.5330734 34.04308319 148.2814484
vertex 123.8757248 37.76015472 146.0626831
vertex 123.435936 38.09973907 148.7532501

endloop
endfacet
facet normal 0.9610810876 0.2451032698 0.1274654418
outer loop
vertex 124.5330734 34.04308319 148.2814484
vertex 123.435936 38.09973907 148.7532501
vertex 124.1576157 34.13063812 150.9440155

endloop
endfacet
facet normal 0.956200242 0.2540815771 0.1453397125
outer loop
vertex 124.1576157 34.13063812 150.9440155
vertex 123.435936 38.09973907 148.7532501
vertex 122.9251938 38.47382355 151.4594879

endloop
endfacet
facet normal 0.9514459968 0.248407498 0.1817807853
outer loop
vertex 124.1576157 34.13063812 150.9440155
vertex 122.9251938 38.47382355 151.4594879
vertex 123.5703964 34.41095734 153.6344757

endloop
endfacet
facet normal 0.9513992071 0.2484789193 0.1819280684
outer loop
vertex 123.5703964 34.41095734 153.6344757
vertex 122.9251938 38.47382355 151.4594879
vertex 122.2882614 38.92061615 154.1801147

endloop
endfacet
facet normal 0.9502304792 0.2472195476 0.1895902604
outer loop
vertex 123.5703964 34.41095734 153.6344757
vertex 122.2882614 38.92061615 154.1801147
vertex 122.9572372 34.70226288 156.3277893

endloop
endfacet
facet normal 0.9502549171 0.247184515 0.1895138472
outer loop
vertex 122.9572372 34.70226288 156.3277893
vertex 122.2882614 38.92061615 154.1801147
vertex 121.6429367 39.31735992 156.898407

endloop
endfacet
facet normal 0.9486501217 0.2454942614 0.1994881779
outer loop
vertex 122.9572372 34.70226288 156.3277893
vertex 121.6429367 39.31735992 156.898407
vertex 122.2915573 35.0774765 159.0316315

endloop
endfacet
facet normal 0.9514511228 0.2415426522 0.1907824874
outer loop
vertex 122.2915573 35.0774765 159.0316315
vertex 121.6429367 39.31735992 156.898407
vertex 120.9879684 39.74480438 159.6236267

endloop
endfacet
facet normal 0.9473777413 0.2373595983 0.2147922814
outer loop
vertex 122.2915573 35.0774765 159.0316315
vertex 120.9879684 39.74480438 159.6236267
vertex 121.588768 35.43294525 161.7385864

endloop
endfacet
facet normal 0.9655011892 0.2100316435 0.1539292186
outer loop
vertex 121.588768 35.43294525 161.7385864
vertex 120.9879684 39.74480438 159.6236267
vertex 120.4606247 40.16535187 162.3574982

endloop
endfacet
facet normal 0.9546859264 0.1985880584 0.2216697186
outer loop
vertex 121.588768 35.43294525 161.7386017
vertex 120.4606552 40.16535187 162.3575134
vertex 120.9260483 35.60048676 164.4427032

endloop
endfacet
facet normal 0.967587173 0.1796979755 0.1774364114
outer loop
vertex 120.9260483 35.60048676 164.4427032
vertex 120.4606552 40.16535187 162.3575134
vertex 119.9244614 40.3576889 165.0866699

endloop
endfacet
facet normal 0.9553023577 0.1682225764 0.2431019396
outer loop
vertex 120.9260483 35.60048676 164.4427032
vertex 119.9244614 40.3576889 165.0866699
vertex 120.2237778 35.6510849 167.1673584

endloop
endfacet
facet normal 0.9625181556 0.158504039 0.2200801671
outer loop
vertex 120.2237778 35.6510849 167.1673584
vertex 119.9244614 40.3576889 165.0866699
vertex 119.2974777 40.35645294 167.8296661

endloop
endfacet
facet normal 0.9628934264 0.1588446647 0.2181849182
outer loop
vertex 120.2237778 35.6510849 167.1673584
vertex 119.2974777 40.35645294 167.8296661
vertex 119.5815659 35.72992706 169.9441681

endloop
endfacet
facet normal 0.9739607573 0.1409608275 0.1775681674
outer loop
vertex 119.5815659 35.72992706 169.9441681
vertex 119.2974777 40.35645294 167.8296661
vertex 118.7634811 40.50078583 170.6440582

endloop
endfacet
facet normal 0.9519016147 0.1219994202 0.2810684443
outer loop
vertex 119.5815964 35.72992706 169.9441681
vertex 118.7634811 40.50080109 170.6440735
vertex 118.651329 36.26476288 172.8625793

endloop
endfacet
facet normal 0.9614732265 0.1071318462 0.2531640232
outer loop
vertex 118.651329 36.26476288 172.8625793
vertex 118.7634811 40.50080109 170.6440735
vertex 117.9468002 40.89795685 173.5776215

endloop
endfacet
facet normal 0.9507140517 0.09923028201 0.2937621474
outer loop
vertex 118.651329 36.26476288 172.8625793
vertex 117.9468002 40.89795685 173.5776215
vertex 117.6274033 36.93454742 175.9501038

endloop
endfacet
facet normal 0.9528341293 0.09562902153 0.2880313694
outer loop
vertex 117.6274033 36.93454742 175.9501038
vertex 117.9468002 40.89795685 173.5776215
vertex 116.9560776 41.40753937 176.6858368

endloop
endfacet
facet normal 0.9517511129 0.09483830631 0.2918484211
outer loop
vertex 117.6273727 36.93451691 175.9501038
vertex 116.9560471 41.40752411 176.6858368
vertex 116.6229477 37.04482269 179.1898041

endloop
endfacet
facet normal 0.9738464952 0.05251886696 0.2210539132
outer loop
vertex 116.6229477 37.04482269 179.1898041
vertex 116.9560471 41.40752411 176.6858368
vertex 116.2096481 41.49602509 179.9530487

endloop
endfacet
facet normal 0.962174654 0.04321659729 0.2689839602
outer loop
vertex 116.6229477 37.04482269 179.1898041
vertex 116.2096481 41.49602509 179.9530487
vertex 115.603508 37.60526276 182.7463684

endloop
endfacet
facet normal 0.9885162115 -0.0521835424 0.1418189406
outer loop
vertex 115.603508 37.60526276 182.7463684
vertex 116.2096481 41.49602509 179.9530487
vertex 115.7472458 42.03818512 183.3756104

endloop
endfacet
facet normal 0.97499156 -0.06191195548 0.2134437412
outer loop
vertex 115.603508 37.60526276 182.7463684
vertex 115.7472458 42.03818512 183.3756104
vertex 114.8933945 38.30147552 186.1920471

endloop
endfacet
facet normal 0.9722989798 -0.05009168386 0.2283100188
outer loop
vertex 114.8933945 38.30147552 186.1920471
vertex 115.7472458 42.03818512 183.3756104
vertex 115.0255661 42.90276337 186.6387024

endloop
endfacet
facet normal 0.9800293446 -0.04691536725 0.1932393312
outer loop
vertex 114.893425 38.30150604 186.1920776
vertex 115.0256271 42.90277863 186.6387177
vertex 114.3294296 39.15123749 189.258728

endloop
endfacet
facet normal 0.9495959878 0.0408381708 0.3108050227
outer loop
vertex 114.3294296 39.15123749 189.258728
vertex 115.0256271 42.90277863 186.6387177
vertex 114.0350876 43.79180145 189.5482788

endloop
endfacet
facet normal 0.9181053638 0.03359300271 0.3949100673
outer loop
vertex 114.3294296 39.15123749 189.258728
vertex 114.0350876 43.79180145 189.5482788
vertex 113.1326523 40.53717804 191.9231567

endloop
endfacet
facet normal 0.8672424555 0.1133043766 0.4848220944
outer loop
vertex 113.1326523 40.53717804 191.9231567
vertex 114.0350876 43.79180145 189.5482788
vertex 112.4178391 45.1679306 192.1195831

endloop
endfacet
facet normal 0.8063044548 0.09973199666 0.5830323696
outer loop
vertex 113.1326523 40.53717804 191.9231567
vertex 112.4178391 45.1679306 192.1195831
vertex 111.2197189 42.11275482 194.2991333

endloop
endfacet
facet normal 0.7695174217 0.1423555017 0.6225575805
outer loop
vertex 111.2197189 42.11275482 194.2991333
vertex 112.4178391 45.1679306 192.1195831
vertex 110.2109299 46.74541473 194.4867401

endloop
endfacet
facet normal 0.830675602 0.1592819095 0.5334860682
outer loop
vertex 111.2197189 42.11275482 194.2991486
vertex 110.2109299 46.74541473 194.4867401
vertex 109.3506699 43.94684601 196.6617889

endloop
endfacet
facet normal 0.8110628128 0.1825981289 0.5557293296
outer loop
vertex 109.3506699 43.94684601 196.6617889
vertex 110.2109299 46.74541473 194.4867401
vertex 108.2670517 48.10042572 196.8785248

endloop
endfacet
facet normal 0.9203342199 0.2233492285 0.3210919499
outer loop
vertex 109.3506699 43.94684601 196.6617889
vertex 108.2670517 48.10042572 196.8785248
vertex 108.0180283 45.8371048 199.1666412

endloop
endfacet
facet normal 0.8958765864 0.263260752 0.3579091728
outer loop
vertex 108.0180283 45.8371048 199.1666412
vertex 108.2670517 48.10042572 196.8785248
vertex 106.9339828 49.20444489 199.403244

endloop
endfacet
facet normal 0.8931666017 0.2618441284 0.3656380773
outer loop
vertex 108.0180283 45.83712006 199.1666565
vertex 106.9339828 49.2044754 199.4032593
vertex 106.541893 47.22679901 201.7773132

endloop
endfacet
facet normal 0.8655046821 0.3051980734 0.3971849978
outer loop
vertex 106.541893 47.22679901 201.7773132
vertex 106.9339828 49.2044754 199.4032593
vertex 105.4496078 50.01337433 202.0162964

endloop
endfacet
facet normal 0.7358033061 0.2339180559 0.6355121732
outer loop
vertex 106.541893 47.22679901 201.7773132
vertex 105.4496078 50.01337433 202.0162964
vertex 103.9832382 48.03784943 204.4412231

endloop
endfacet
facet normal 0.7503044009 0.2117860317 0.6262507439
outer loop
vertex 103.9832382 48.03784943 204.4412231
vertex 105.4496078 50.01337433 202.0162964
vertex 103.1098557 50.4549942 204.6701813

endloop
endfacet
facet normal 0.6456527114 0.1626185924 0.7461151481
outer loop
vertex 103.9832382 48.03784943 204.4412231
vertex 103.1098557 50.4549942 204.6701813
vertex 100.8029404 48.35388947 207.1244202

endloop
endfacet
facet normal 0.693783462 0.07491926849 0.7162762284
outer loop
vertex 100.8029404 48.35388947 207.1244202
vertex 103.1098557 50.4549942 204.6701813
vertex 100.3294601 50.61867523 207.3461456

endloop
endfacet
facet normal 0.7143593431 0.08132942021 0.6950368881
outer loop
vertex 100.8029709 48.35390472 207.1244507
vertex 100.3294296 50.61867523 207.3461456
vertex 98.11843109 48.6700058 209.8466339

endloop
endfacet
facet normal 0.7346916795 0.03570675477 0.6774608493
outer loop
vertex 98.11843109 48.6700058 209.8466339
vertex 100.3294296 50.61867523 207.3461456
vertex 97.82811737 50.76869965 210.0508575

endloop
endfacet
facet normal 0.7012967467 0.02769397199 0.7123313546
outer loop
vertex 98.11843109 48.6700058 209.8466339
vertex 97.82811737 50.76869965 210.0508575
vertex 94.88207245 49.75695038 212.9906006

endloop
endfacet
facet normal 0.6902617216 0.07966841012 0.719160378
outer loop
vertex 94.88207245 49.75695038 212.9906006
vertex 97.82811737 50.76869965 210.0508575
vertex 94.57238007 51.27283478 213.1199188

endloop
endfacet
facet normal 0.3097629547 -0.01781417057 0.9506469369
outer loop
vertex 94.88204193 49.75691986 212.9906006
vertex 94.57234955 51.27283478 213.1199188
vertex 80.59990692 55.74646759 217.7565918

endloop
endfacet
facet normal -0.006369943731 0.7134336829 -0.7006937861
outer loop
vertex 80.59990692 55.74646759 217.7565918
vertex 94.57234955 51.27283478 213.1199188
vertex 80.59990692 55.74645233 217.7565765

endloop
endfacet
facet normal 0.06903044134 0.9976145625 0
outer loop
vertex 112.1324997 29.08106232 103.7969666
vertex 112.1324997 29.08106232 103.7969818
vertex 118.1495285 28.664711 107.7055283

endloop
endfacet
facet normal 0.5465546846 0.1241124496 -0.8281751871
outer loop
vertex 118.1495285 28.664711 107.7055283
vertex 112.1324997 29.08106232 103.7969818
vertex 117.8492661 30.0838089 107.7200394

endloop
endfacet
facet normal 0.8052995801 0.1761793643 -0.5660859942
outer loop
vertex 118.1495285 28.664711 107.7055283
vertex 117.8492661 30.0838089 107.7200394
vertex 119.9843063 29.5300827 110.5849609

endloop
endfacet
facet normal 0.7988804579 0.2501505017 -0.5470052361
outer loop
vertex 119.9843063 29.5300827 110.5849609
vertex 117.8492661 30.0838089 107.7200394
vertex 119.4175339 31.36638641 110.5969696

endloop
endfacet
facet normal 0.7949807644 0.2489872277 -0.5531826019
outer loop
vertex 119.9843063 29.5300827 110.5849609
vertex 119.4175339 31.36638641 110.5969696
vertex 121.508934 30.43796539 113.1846466

endloop
endfacet
facet normal 0.7947428823 0.2544896305 -0.5510161519
outer loop
vertex 121.508934 30.43796539 113.1846466
vertex 119.4175339 31.36638641 110.5969696
vertex 120.8295822 32.59505463 113.2010651

endloop
endfacet
facet normal 0.8668885827 0.2761759162 -0.4150073528
outer loop
vertex 121.508934 30.43796539 113.1846466
vertex 120.8295822 32.59505463 113.2010651
vertex 122.4508896 31.2912674 115.7201004

endloop
endfacet
facet normal 0.8674376011 0.2646130621 -0.4213453531
outer loop
vertex 122.4508896 31.2912674 115.7201004
vertex 120.8295822 32.59505463 113.2010651
vertex 121.7234116 33.72534943 115.7510681

endloop
endfacet
facet normal 0.935719192 0.2823500037 -0.2114429474
outer loop
vertex 122.4508896 31.2912674 115.7201004
vertex 121.7234116 33.72534943 115.7510681
vertex 122.7117538 32.29520416 118.2151337

endloop
endfacet
facet normal 0.9446816444 0.1760849208 -0.2767141461
outer loop
vertex 122.7117538 32.29520416 118.2151337
vertex 121.7234116 33.72534943 115.7510681
vertex 122.2244797 34.99463654 118.2693787

endloop
endfacet
facet normal 0.9566084743 0.1773120761 -0.2312160432
outer loop
vertex 122.7117233 32.29520416 118.2151337
vertex 122.2244797 34.99463654 118.269371
vertex 123.1189194 33.31603241 120.682663

endloop
endfacet
facet normal 0.9566535354 0.1584712118 -0.244337827
outer loop
vertex 123.1189194 33.31603241 120.682663
vertex 122.2244797 34.99463654 118.269371
vertex 122.6570663 36.23804474 120.769516

endloop
endfacet
facet normal 0.9669654369 0.1587669849 -0.1994264126
outer loop
vertex 123.1189194 33.31604767 120.6826706
vertex 122.6570663 36.23804474 120.7695236
vertex 123.5159531 33.9679184 123.1267471

endloop
endfacet
facet normal 0.9667127728 0.1998514384 -0.1597679257
outer loop
vertex 123.5159531 33.9679184 123.1267471
vertex 122.6570663 36.23804474 120.7695236
vertex 122.8928452 37.08386993 123.2541885

endloop
endfacet
facet normal 0.9543036222 0.199911043 -0.2221265435
outer loop
vertex 123.515892 33.96788788 123.1267319
vertex 122.8928146 37.08383942 123.2541733
vertex 123.9791489 34.46367645 125.5631866

endloop
endfacet
facet normal 0.9526503682 0.2673873603 -0.1447796971
outer loop
vertex 123.9791489 34.46367645 125.5631866
vertex 122.8928146 37.08383942 123.2541733
vertex 123.0985947 37.69271088 125.7327042

endloop
endfacet
facet normal 0.9149435163 0.265462786 -0.3039866984
outer loop
vertex 123.9791489 34.46367645 125.5631866
vertex 123.0985947 37.69271088 125.7327042
vertex 124.6306992 35.02019501 128.0102234

endloop
endfacet
facet normal 0.9160519838 0.3256003261 -0.2341649681
outer loop
vertex 124.6306992 35.02019501 128.0102234
vertex 123.0985947 37.69271088 125.7327042
vertex 123.507103 38.3353653 128.2243805

endloop
endfacet
facet normal 0.9321010113 0.3260960579 -0.1576361954
outer loop
vertex 124.6306992 35.02019501 128.0102234
vertex 123.507103 38.3353653 128.2243805
vertex 124.9078293 35.41849518 130.4728394

endloop
endfacet
facet normal 0.9339315295 0.3057543635 -0.1851653755
outer loop
vertex 124.9078293 35.41849518 130.4728394
vertex 123.507103 38.3353653 128.2243805
vertex 123.8163681 38.91155243 130.735672

endloop
endfacet
facet normal 0.9464925528 0.3039157391 -0.1085678861
outer loop
vertex 124.9078293 35.41849518 130.4728394
vertex 123.8163681 38.91155243 130.735672
vertex 125.1220932 35.63883209 132.9575806

endloop
endfacet
facet normal 0.9453125 0.3115013838 -0.09670127928
outer loop
vertex 125.1220932 35.63883209 132.9575806
vertex 123.8163681 38.91155243 130.735672
vertex 123.9471054 39.30094147 133.2680359

endloop
endfacet
facet normal 0.9453389049 0.3114908636 -0.0964775458
outer loop
vertex 125.1220932 35.63883209 132.9575806
vertex 123.9471054 39.30094147 133.2680359
vertex 125.3104782 35.84934235 135.483139

endloop
endfacet
facet normal 0.9468892813 0.3004054725 -0.1147052199
outer loop
vertex 125.3104782 35.84934235 135.483139
vertex 123.9471054 39.30094147 133.2680359
vertex 124.1315231 39.70171356 135.8399963

endloop
endfacet
facet normal 0.9565076232 0.2891782522 0.03832872957
outer loop
vertex 125.3104782 35.84931183 135.4831238
vertex 124.1314926 39.70171356 135.8399811
vertex 125.1343002 36.09131622 138.0538635

endloop
endfacet
facet normal 0.9658213854 0.2587434649 -0.01552308258
outer loop
vertex 125.1343002 36.09131622 138.0538635
vertex 124.1314926 39.70171356 135.8399811
vertex 124.074028 40.07265472 138.4475861

endloop
endfacet
facet normal 0.9664574265 0.2567479312 0.006368922535
outer loop
vertex 125.1343002 36.09131622 138.0538635
vertex 124.074028 40.07265472 138.4475861
vertex 125.0067673 36.50627899 140.6782227

endloop
endfacet
facet normal 0.9623657465 0.2701507211 0.02950849198
outer loop
vertex 125.0067673 36.50627899 140.6782227
vertex 124.074028 40.07265472 138.4475861
vertex 123.8723679 40.50189972 141.0946198

endloop
endfacet
facet normal 0.9610835314 0.2645796239 0.07947409153
outer loop
vertex 125.0067673 36.50627899 140.6782227
vertex 123.8723679 40.50189972 141.0946198
vertex 124.6261215 37.08579254 143.3521118

endloop
endfacet
facet normal 0.9642350078 0.2566076815 0.06635841727
outer loop
vertex 124.6261215 37.08579254 143.3521118
vertex 123.8723679 40.50189972 141.0946198
vertex 123.5084763 41.17092133 143.7951202

endloop
endfacet
facet normal 0.9497149587 0.237733081 0.2037754655
outer loop
vertex 124.6261215 37.08579254 143.3521118
vertex 123.5084763 41.17092133 143.7951202
vertex 123.8757248 37.76015472 146.0626678

endloop
endfacet
facet normal 0.9419378638 0.2502615452 0.2238799483
outer loop
vertex 123.8757248 37.76015472 146.0626678
vertex 123.5084763 41.17092133 143.7951202
vertex 122.6332016 42.01300812 146.536377

endloop
endfacet
facet normal 0.9562108517 0.2656869888 0.1227650791
outer loop
vertex 123.8757248 37.76015472 146.0626831
vertex 122.6332321 42.01302338 146.536377
vertex 123.435936 38.09973907 148.7532501

endloop
endfacet
facet normal 0.9204375148 0.3177627623 0.2276436687
outer loop
vertex 123.435936 38.09973907 148.7532501
vertex 122.6332321 42.01302338 146.536377
vertex 121.7605209 42.58683014 149.2640686

endloop
endfacet
facet normal 0.9336292148 0.3337973356 0.130060792
outer loop
vertex 123.435936 38.09973907 148.7532501
vertex 121.7605209 42.58683014 149.2640686
vertex 122.9251938 38.47382355 151.4594879

endloop
endfacet
facet normal 0.9152712822 0.3578841984 0.1849252284
outer loop
vertex 122.9251938 38.47382355 151.4594879
vertex 121.7605209 42.58683014 149.2640686
vertex 120.9610825 43.21369171 152.0076599

endloop
endfacet
facet normal 0.9188147783 0.3627517223 0.1555332989
outer loop
vertex 122.9251938 38.47382355 151.4594879
vertex 120.9610825 43.21369171 152.0076599
vertex 122.2882614 38.92061615 154.1801147

endloop
endfacet
facet normal 0.9246761799 0.3552238047 0.1370761693
outer loop
vertex 122.2882614 38.92061615 154.1801147
vertex 120.9610825 43.21369171 152.0076599
vertex 120.3238754 43.81278229 154.7535706

endloop
endfacet
facet normal 0.9214915633 0.3503640294 0.1676260382
outer loop
vertex 122.2882614 38.92061615 154.1801147
vertex 120.3238754 43.81278229 154.7535706
vertex 121.6429367 39.31735992 156.898407

endloop
endfacet
facet normal 0.9224526882 0.3492351472 0.1646689028
outer loop
vertex 121.6429367 39.31735992 156.898407
vertex 120.3238754 43.81278229 154.7535706
vertex 119.6592941 44.27895355 157.487793

endloop
endfacet
facet normal 0.9221895337 0.3488628566 0.1669169366
outer loop
vertex 121.6429367 39.31735992 156.898407
vertex 119.6592941 44.27895355 157.487793
vertex 120.9879684 39.74480438 159.6236267

endloop
endfacet
facet normal 0.9223598838 0.3486643434 0.1663895398
outer loop
vertex 120.9879684 39.74480438 159.6236267
vertex 119.6592941 44.27895355 157.487793
vertex 118.9799423 44.76773834 160.2294617

endloop
endfacet
facet normal 0.9264458418 0.3554066122 0.124032937
outer loop
vertex 120.9879684 39.74480438 159.6236267
vertex 118.9799423 44.76773834 160.2294617
vertex 120.4606247 40.16535187 162.3574982

endloop
endfacet
facet normal 0.9335952997 0.3450474441 0.09665417671
outer loop
vertex 120.4606247 40.16535187 162.3574982
vertex 118.9799423 44.76773834 160.2294617
vertex 118.5176315 45.24750519 162.982254

endloop
endfacet
facet normal 0.928563714 0.3354924321 0.1587899327
outer loop
vertex 120.4606552 40.16535187 162.3575134
vertex 118.5176315 45.24748993 162.982254
vertex 119.9244614 40.3576889 165.0866699

endloop
endfacet
facet normal 0.9381781816 0.3232302666 0.1238703281
outer loop
vertex 119.9244614 40.3576889 165.0866699
vertex 118.5176315 45.24748993 162.982254
vertex 118.0590134 45.52489471 165.7319031

endloop
endfacet
facet normal 0.9273412824 0.3082997501 0.2121070474
outer loop
vertex 119.9244614 40.3576889 165.0866699
vertex 118.0590134 45.52489471 165.7319031
vertex 119.2974777 40.35645294 167.8296661

endloop
endfacet
facet normal 0.9442400932 0.2897396684 0.1564023197
outer loop
vertex 119.2974777 40.35645294 167.8296661
vertex 118.0590134 45.52489471 165.7319031
vertex 117.5562668 45.67168427 168.4951782

endloop
endfacet
facet normal 0.9433096051 0.2884600461 0.1641881466
outer loop
vertex 119.2974777 40.35645294 167.8296661
vertex 117.5562668 45.67168427 168.4951782
vertex 118.7634811 40.50078583 170.6440582

endloop
endfacet
facet normal 0.9562418461 0.2700414956 0.1126020402
outer loop
vertex 118.7634811 40.50078583 170.6440582
vertex 117.5562668 45.67168427 168.4951782
vertex 117.143425 45.95516205 171.3212891

endloop
endfacet
facet normal 0.9407442212 0.251122117 0.2278991789
outer loop
vertex 118.7634811 40.50080109 170.6440735
vertex 117.143425 45.95517731 171.3213196
vertex 117.9468002 40.89795685 173.5776215

endloop
endfacet
facet normal 0.9469529986 0.2438313961 0.2093471885
outer loop
vertex 117.9468002 40.89795685 173.5776215
vertex 117.143425 45.95517731 171.3213196
vertex 116.3600388 46.47803497 174.2558746

endloop
endfacet
facet normal 0.9366269708 0.2347309291 0.2600600719
outer loop
vertex 117.9468002 40.89795685 173.5776215
vertex 116.3600388 46.47803497 174.2558746
vertex 116.9560776 41.40753937 176.6858368

endloop
endfacet
facet normal 0.9500532746 0.218479991 0.2228566557
outer loop
vertex 116.9560776 41.40753937 176.6858368
vertex 116.3600388 46.47803497 174.2558746
vertex 115.4616623 47.22124481 177.3571014

endloop
endfacet
facet normal 0.9522038102 0.2203372568 0.2115638107
outer loop
vertex 116.9560471 41.40752411 176.6858368
vertex 115.4616318 47.22122955 177.3570862
vertex 116.2096481 41.49602509 179.9530487

endloop
endfacet
facet normal 0.9645936489 0.2025942802 0.168862924
outer loop
vertex 116.2096481 41.49602509 179.9530487
vertex 115.4616318 47.22122955 177.3570862
vertex 114.8628464 47.40872955 180.5525665

endloop
endfacet
facet normal 0.9724481106 0.211582154 0.09786555916
outer loop
vertex 116.2096481 41.49602509 179.9530487
vertex 114.8628464 47.40872955 180.5525665
vertex 115.7472458 42.03818512 183.3756104

endloop
endfacet
facet normal 0.959040761 0.2383731157 0.1530327946
outer loop
vertex 115.7472458 42.03818512 183.3756104
vertex 114.8628464 47.40872955 180.5525665
vertex 114.179863 48.09421539 183.7649994

endloop
endfacet
facet normal 0.9595819116 0.2387750149 0.1489602476
outer loop
vertex 115.7472458 42.03818512 183.3756104
vertex 114.179863 48.09421539 183.7649994
vertex 115.0255661 42.90276337 186.6387024

endloop
endfacet
facet normal 0.9264888763 0.2861924469 0.2443606108
outer loop
vertex 115.0255661 42.90276337 186.6387024
vertex 114.179863 48.09421539 183.7649994
vertex 113.0334091 49.23488617 186.7758179

endloop
endfacet
facet normal 0.9300228357 0.2876473665 0.2287283838
outer loop
vertex 115.0256271 42.90277863 186.6387177
vertex 113.0334396 49.23488617 186.7758484
vertex 114.0350876 43.79180145 189.5482788

endloop
endfacet
facet normal 0.8679262996 0.3427963257 0.3594365418
outer loop
vertex 114.0350876 43.79180145 189.5482788
vertex 113.0334396 49.23488617 186.7758484
vertex 111.4820786 50.3030777 189.5031586

endloop
endfacet
facet normal 0.8669870496 0.3424460292 0.3620277941
outer loop
vertex 114.0350876 43.79180145 189.5482788
vertex 111.4820786 50.3030777 189.5031586
vertex 112.4178391 45.1679306 192.1195831

endloop
endfacet
facet normal 0.8512629271 0.3529618084 0.3882904351
outer loop
vertex 112.4178391 45.1679306 192.1195831
vertex 111.4820786 50.3030777 189.5031586
vertex 109.8720932 51.3844986 192.0497589

endloop
endfacet
facet normal 0.7900386453 0.3293364644 0.5170845985
outer loop
vertex 112.4178391 45.1679306 192.1195831
vertex 109.8720932 51.3844986 192.0497589
vertex 110.2109299 46.74541473 194.4867401

endloop
endfacet
facet normal 0.7822156549 0.3335514069 0.5261958838
outer loop
vertex 110.2109299 46.74541473 194.4867401
vertex 109.8720932 51.3844986 192.0497589
vertex 107.7540207 52.49311066 194.495636

endloop
endfacet
facet normal 0.8143060207 0.3473621607 0.4650218487
outer loop
vertex 110.2109299 46.74541473 194.4867401
vertex 107.7540207 52.49311066 194.4956512
vertex 108.2670517 48.10042572 196.8785248

endloop
endfacet
facet normal 0.7881015539 0.3620776832 0.4977908134
outer loop
vertex 108.2670517 48.10042572 196.8785248
vertex 107.7540207 52.49311066 194.4956512
vertex 105.8826523 53.13610077 196.9907074

endloop
endfacet
facet normal 0.8695766926 0.4054671526 0.2818380892
outer loop
vertex 108.2670517 48.10042572 196.8785248
vertex 105.8826523 53.13610077 196.9907074
vertex 106.9339828 49.20444489 199.403244

endloop
endfacet
facet normal 0.822067976 0.440902859 0.3602900803
outer loop
vertex 106.9339828 49.20444489 199.403244
vertex 105.8826523 53.13610077 196.9907074
vertex 104.6415634 53.32889557 199.5865479

endloop
endfacet
facet normal 0.8302722573 0.4466617405 0.3333787322
outer loop
vertex 106.9339828 49.2044754 199.4032593
vertex 104.6415634 53.32891083 199.5865479
vertex 105.4496078 50.01337433 202.0162964

endloop
endfacet
facet normal 0.7668222189 0.4903811514 0.4141376019
outer loop
vertex 105.4496078 50.01337433 202.0162964
vertex 104.6415634 53.32891083 199.5865479
vertex 103.1480026 53.43976593 202.2207794

endloop
endfacet
facet normal 0.707876265 0.4426518679 0.5504274964
outer loop
vertex 105.4496078 50.01337433 202.0162964
vertex 103.1480026 53.43976593 202.2207794
vertex 103.1098557 50.4549942 204.6701813

endloop
endfacet
facet normal 0.711379528 0.4403864741 0.5477215052
outer loop
vertex 103.1098557 50.4549942 204.6701813
vertex 103.1480026 53.43976593 202.2207794
vertex 101.0484848 53.52301788 204.8806915

endloop
endfacet
facet normal 0.6498391032 0.3919362426 0.6512258649
outer loop
vertex 103.1098557 50.4549942 204.6701813
vertex 101.0484848 53.52301788 204.8806915
vertex 100.3294601 50.61867523 207.3461456

endloop
endfacet
facet normal 0.7172340155 0.3391686976 0.608719945
outer loop
vertex 100.3294601 50.61867523 207.3461456
vertex 101.0484848 53.52301788 204.8806915
vertex 98.79167938 53.49510956 207.5553589

endloop
endfacet
facet normal 0.702216208 0.3294915855 0.6311320066
outer loop
vertex 100.3294296 50.61867523 207.3461456
vertex 98.7917099 53.49510956 207.5553741
vertex 97.82811737 50.76869965 210.0508575

endloop
endfacet
facet normal 0.7631180286 0.2683900595 0.5878925323
outer loop
vertex 97.82811737 50.76869965 210.0508575
vertex 98.7917099 53.49510956 207.5553741
vertex 96.79741669 53.28031158 210.2421417

endloop
endfacet
facet normal 0.6862475276 0.2290400863 0.6903657317
outer loop
vertex 97.82811737 50.76869965 210.0508575
vertex 96.79741669 53.28031158 210.2421417
vertex 94.57238007 51.27283478 213.1199188

endloop
endfacet
facet normal 0.6746492982 0.2485741377 0.6950247288
outer loop
vertex 94.57238007 51.27283478 213.1199188
vertex 96.79741669 53.28031158 210.2421417
vertex 93.70598602 53.2170639 213.265564

endloop
endfacet
facet normal 0.3368867338 0.079854168 0.9381527901
outer loop
vertex 94.57234955 51.27283478 213.1199188
vertex 93.70595551 53.21704865 213.2655487
vertex 80.59990692 55.74645233 217.7565765

endloop
endfacet
facet normal -nan(ind) -nan(ind) -nan(ind)
outer loop
vertex 80.59990692 55.74645233 217.7565765
vertex 93.70595551 53.21704865 213.2655487
vertex 80.59990692 55.74645233 217.7565765

endloop
endfacet
facet normal 0.4118709862 -0.8237419724 -0.3896299005
outer loop
vertex 112.1324692 29.0810318 103.7969666
vertex 112.1324997 29.08104706 103.7969666
vertex 117.8492355 30.0838089 107.7200241

endloop
endfacet
facet normal 0.5264038444 0.2160879374 -0.822316885
outer loop
vertex 117.8492355 30.0838089 107.7200241
vertex 112.1324997 29.08104706 103.7969666
vertex 116.873497 32.48719025 107.7269669

endloop
endfacet
facet normal 0.7680690885 0.3134382069 -0.5584141612
outer loop
vertex 117.8492355 30.0838089 107.7200241
vertex 116.873497 32.48719025 107.7269669
vertex 119.4174728 31.36637115 110.5969543

endloop
endfacet
facet normal 0.7670702934 0.3257045746 -0.5527383685
outer loop
vertex 119.4174728 31.36637115 110.5969543
vertex 116.873497 32.48719025 107.7269669
vertex 118.0627975 34.57393646 110.6070633

endloop
endfacet
facet normal 0.7598849535 0.3227064013 -0.5643008947
outer loop
vertex 119.4174728 31.36637115 110.5969543
vertex 118.0627975 34.57393646 110.6070633
vertex 120.8295212 32.59503937 113.2010498

endloop
endfacet
facet normal 0.7622736096 0.3657787442 -0.5339896083
outer loop
vertex 120.8295212 32.59503937 113.2010498
vertex 118.0627975 34.57393646 110.6070633
vertex 119.1011887 36.22953033 113.2234421

endloop
endfacet
facet normal 0.8041959405 0.3852130771 -0.4526363909
outer loop
vertex 120.8295212 32.59503937 113.2010498
vertex 119.1011887 36.22953033 113.2234421
vertex 121.7233505 33.72534943 115.7510529

endloop
endfacet
facet normal 0.8007413745 0.3422831595 -0.4915846288
outer loop
vertex 121.7233505 33.72534943 115.7510529
vertex 119.1011887 36.22953033 113.2234421
vertex 119.9663925 37.90705109 115.8008041

endloop
endfacet
facet normal 0.8602067828 0.3656480908 -0.3554515243
outer loop
vertex 121.7233505 33.72534943 115.7510529
vertex 119.9663925 37.90705109 115.8008041
vertex 122.2244186 34.99463654 118.2693558

endloop
endfacet
facet normal 0.8592411876 0.3497061133 -0.3733767867
outer loop
vertex 122.2244186 34.99463654 118.2693558
vertex 119.9663925 37.90705109 115.8008041
vertex 120.3866196 39.60752106 118.360527

endloop
endfacet
facet normal 0.8753064871 0.3552127182 -0.3281197548
outer loop
vertex 122.2244186 34.99462128 118.2693558
vertex 120.3866196 39.60749054 118.3605194
vertex 122.6570358 36.23802948 120.7695007

endloop
endfacet
facet normal 0.8768419027 0.3978894055 -0.2698747516
outer loop
vertex 122.6570358 36.23802948 120.7695007
vertex 120.3866196 39.60749054 118.3605194
vertex 120.474144 41.14646149 120.9138718

endloop
endfacet
facet normal 0.8886790872 0.401712954 -0.221079722
outer loop
vertex 122.6570358 36.23802948 120.7695084
vertex 120.4741745 41.14646149 120.9138794
vertex 122.8928146 37.08385468 123.2541809

endloop
endfacet
facet normal 0.8862575293 0.4332545996 -0.1638228446
outer loop
vertex 122.8928146 37.08385468 123.2541809
vertex 120.4741745 41.14646149 120.9138794
vertex 120.3816452 42.2988205 123.4608994

endloop
endfacet
facet normal 0.883528173 0.4325671196 -0.179620713
outer loop
vertex 122.8927841 37.08382416 123.254158
vertex 120.3816147 42.29878998 123.4608917
vertex 123.0985641 37.69271088 125.7326965

endloop
endfacet
facet normal 0.8839085698 0.4226396084 -0.2002034783
outer loop
vertex 123.0985641 37.69271088 125.7326965
vertex 120.3816147 42.29878998 123.4608917
vertex 120.5254135 43.20566559 126.010231

endloop
endfacet
facet normal 0.8721811175 0.4197352827 -0.2512417436
outer loop
vertex 123.0985641 37.69271088 125.7326965
vertex 120.5254135 43.20566559 126.010231
vertex 123.5070419 38.3353653 128.2243652

endloop
endfacet
facet normal 0.8732018471 0.4321423769 -0.2253251523
outer loop
vertex 123.5070419 38.3353653 128.2243652
vertex 120.5254135 43.20566559 126.010231
vertex 120.7552414 44.07881927 128.57547

endloop
endfacet
facet normal 0.8772284985 0.4329741895 -0.207372725
outer loop
vertex 123.5070419 38.3353653 128.2243652
vertex 120.7552414 44.07881927 128.57547
vertex 123.8163071 38.91155243 130.7356415

endloop
endfacet
facet normal 0.8756408691 0.4665716588 -0.1247557551
outer loop
vertex 123.8163071 38.91155243 130.7356415
vertex 120.7552414 44.07881927 128.57547
vertex 120.7063217 44.86191559 131.1607971

endloop
endfacet
facet normal 0.8767086267 0.4665755928 -0.1170002073
outer loop
vertex 123.8163071 38.91155243 130.7356415
vertex 120.7063217 44.86191559 131.1607971
vertex 123.9470444 39.30092621 133.2680359

endloop
endfacet
facet normal 0.8775418401 0.4347508252 -0.2022672445
outer loop
vertex 123.9470444 39.30092621 133.2680359
vertex 120.7063217 44.86191559 131.1607971
vertex 120.9500351 45.585289 133.7729645

endloop
endfacet
facet normal 0.8905981183 0.4353068471 -0.1316923648
outer loop
vertex 123.9470444 39.30092621 133.2680359
vertex 120.9500351 45.585289 133.7729645
vertex 124.1314621 39.70171356 135.8399963

endloop
endfacet
facet normal 0.8896190524 0.4112975597 -0.1985250711
outer loop
vertex 124.1314621 39.70171356 135.8399963
vertex 120.9500351 45.585289 133.7729645
vertex 121.2019272 46.31845856 136.4206848

endloop
endfacet
facet normal 0.912496686 0.4073296487 -0.03784810007
outer loop
vertex 124.1314621 39.7016983 135.8399811
vertex 121.2018967 46.3184433 136.4206543
vertex 124.074028 40.07265472 138.4475861

endloop
endfacet
facet normal 0.9153506756 0.3940494657 -0.08281365782
outer loop
vertex 124.074028 40.07265472 138.4475861
vertex 121.2018967 46.3184433 136.4206543
vertex 121.1420822 47.02040863 139.0996552

endloop
endfacet
facet normal 0.9215426445 0.388209343 0.007254057098
outer loop
vertex 124.074028 40.07265472 138.4475861
vertex 121.1420822 47.02040863 139.0996552
vertex 123.8723679 40.50189972 141.0946045

endloop
endfacet
facet normal 0.9261111021 0.3748217523 -0.04274240881
outer loop
vertex 123.8723679 40.50189972 141.0946045
vertex 121.1420822 47.02040863 139.0996552
vertex 120.9865341 47.71321869 141.8048248

endloop
endfacet
facet normal 0.9290323257 0.3684405088 0.03391985223
outer loop
vertex 123.8723679 40.50189972 141.0946045
vertex 120.9865341 47.71321869 141.8048248
vertex 123.5084457 41.17092133 143.795105

endloop
endfacet
facet normal 0.91155231 0.3905301392 0.1286804229
outer loop
vertex 123.5084457 41.17092133 143.795105
vertex 120.9865341 47.71321869 141.8048248
vertex 120.2868881 48.44654083 144.5354614

endloop
endfacet
facet normal 0.907151103 0.3842101693 0.1716371924
outer loop
vertex 123.5084457 41.17092133 143.795105
vertex 120.2868881 48.44654083 144.5354614
vertex 122.6331406 42.01299286 146.5363617

endloop
endfacet
facet normal 0.8865656853 0.3971168697 0.2372749597
outer loop
vertex 122.6331406 42.01299286 146.5363617
vertex 120.2868881 48.44654083 144.5354614
vertex 119.0787277 49.48601532 147.309967

endloop
endfacet
facet normal 0.8925890326 0.4037780464 0.2006192505
outer loop
vertex 122.6331711 42.01302338 146.5363617
vertex 119.0787582 49.48601532 147.309967
vertex 121.7605209 42.58683014 149.2640533

endloop
endfacet
facet normal 0.9248729944 0.3758640289 0.05775883421
outer loop
vertex 121.7605209 42.58683014 149.2640533
vertex 119.0787582 49.48601532 147.309967
vertex 118.4046555 50.71437836 150.110611

endloop
endfacet
facet normal 0.9150432944 0.3585833907 0.1846990585
outer loop
vertex 121.7605209 42.58683014 149.2640533
vertex 118.4046555 50.71437836 150.110611
vertex 120.9610825 43.21369171 152.0076447

endloop
endfacet
facet normal 0.9103620052 0.3613003492 0.2017500699
outer loop
vertex 120.9610825 43.21369171 152.0076447
vertex 118.4046555 50.71437836 150.110611
vertex 117.3376389 51.84160614 152.906662

endloop
endfacet
facet normal 0.9187577963 0.3720906973 0.1320329905
outer loop
vertex 120.9610825 43.21369171 152.0076447
vertex 117.3376389 51.84160614 152.906662
vertex 120.3238449 43.81278229 154.7535553

endloop
endfacet
facet normal 0.8977149129 0.3836997151 0.2165234536
outer loop
vertex 120.3238449 43.81278229 154.7535553
vertex 117.3376389 51.84160614 152.906662
vertex 116.2879257 52.73061371 155.6834106

endloop
endfacet
facet normal 0.9062066078 0.3941599727 0.1530606598
outer loop
vertex 120.3238449 43.81278229 154.7535553
vertex 116.2879257 52.73061371 155.6834106
vertex 119.6592636 44.27895355 157.4877777

endloop
endfacet
facet normal 0.9019768238 0.3963615596 0.1712757647
outer loop
vertex 119.6592636 44.27895355 157.4877777
vertex 116.2879257 52.73061371 155.6834106
vertex 115.4396591 53.46666718 158.4472198

endloop
endfacet
facet normal 0.9040241241 0.3992278278 0.1528316885
outer loop
vertex 119.6592636 44.27895355 157.4877777
vertex 115.4396591 53.46666718 158.4472198
vertex 118.9799118 44.76773834 160.2294464

endloop
endfacet
facet normal 0.8973040581 0.4023681283 0.1815082431
outer loop
vertex 118.9799118 44.76773834 160.2294464
vertex 115.4396591 53.46666718 158.4472198
vertex 114.5916367 54.11455536 161.2032623

endloop
endfacet
facet normal 0.9054982662 0.4168514609 0.07942079008
outer loop
vertex 118.9799118 44.76773834 160.2294464
vertex 114.5916367 54.11455536 161.2032623
vertex 118.517601 45.24750519 162.982254

endloop
endfacet
facet normal 0.8872752786 0.4275609255 0.1730152518
outer loop
vertex 118.517601 45.24750519 162.982254
vertex 114.5916367 54.11455536 161.2032623
vertex 113.7968674 54.65265656 163.9493103

endloop
endfacet
facet normal 0.8930915594 0.4374911785 0.1048282236
outer loop
vertex 118.517601 45.24748993 162.982254
vertex 113.7968674 54.6526413 163.9493256
vertex 118.0589828 45.5248642 165.7318878

endloop
endfacet
facet normal 0.8821198344 0.4430986643 0.1597750485
outer loop
vertex 118.0589828 45.5248642 165.7318878
vertex 113.7968674 54.6526413 163.9493256
vertex 113.0251999 55.19852448 166.6958313

endloop
endfacet
facet normal 0.8842332959 0.4464522004 0.1371567547
outer loop
vertex 118.0589828 45.5248642 165.7318878
vertex 113.0251999 55.19852448 166.6958313
vertex 117.5562363 45.67166901 168.4951782

endloop
endfacet
facet normal 0.8771346807 0.4492358267 0.1697701216
outer loop
vertex 117.5562363 45.67166901 168.4951782
vertex 113.0251999 55.19852448 166.6958313
vertex 112.1904526 55.78720856 169.4508972

endloop
endfacet
facet normal 0.883590281 0.4608714879 0.08285991848
outer loop
vertex 117.5562363 45.67166901 168.4951782
vertex 112.1904526 55.78720856 169.4508972
vertex 117.143364 45.95513153 171.3212738

endloop
endfacet
facet normal 0.855471313 0.471627146 0.213861227
outer loop
vertex 117.143364 45.95513153 171.3212738
vertex 112.1904526 55.78720856 169.4508972
vertex 111.186058 56.34830475 172.2312164

endloop
endfacet
facet normal 0.8638700247 0.4825033247 0.144634217
outer loop
vertex 117.143364 45.95516205 171.3213043
vertex 111.186058 56.34832001 172.2312164
vertex 116.3600082 46.47801971 174.2558594

endloop
endfacet
facet normal 0.8726312518 0.4779857695 0.1002213582
outer loop
vertex 116.3600082 46.47801971 174.2558594
vertex 111.186058 56.34832001 172.2312164
vertex 110.3762436 57.22780609 175.0877686

endloop
endfacet
facet normal 0.8698496819 0.4734749198 0.1385024488
outer loop
vertex 116.3600082 46.47801971 174.2558594
vertex 110.3762436 57.22780609 175.0877686
vertex 115.4616623 47.22124481 177.3570862

endloop
endfacet
facet normal 0.8817940354 0.4654289484 0.07625700533
outer loop
vertex 115.4616623 47.22124481 177.3570862
vertex 110.3762436 57.22780609 175.0877686
vertex 109.5092697 58.39437103 177.9929352

endloop
endfacet
facet normal 0.8774173856 0.4596153796 0.137449801
outer loop
vertex 115.4616318 47.22122955 177.3570709
vertex 109.5092392 58.39434052 177.9929352
vertex 114.8628464 47.40871429 180.5525208

endloop
endfacet
facet normal 0.8711186647 0.4627898633 0.1642490774
outer loop
vertex 114.8628464 47.40871429 180.5525208
vertex 109.5092392 58.39434052 177.9929352
vertex 108.4313278 59.40537262 180.8610992

endloop
endfacet
facet normal 0.8789370656 0.4689736962 0.08679509908
outer loop
vertex 114.8628464 47.40871429 180.5525208
vertex 108.4313278 59.40537262 180.8610992
vertex 114.179863 48.09420013 183.7649689

endloop
endfacet
facet normal 0.8611858487 0.4803429544 0.16622141
outer loop
vertex 114.179863 48.09420013 183.7649689
vertex 108.4313278 59.40537262 180.8610992
vertex 107.0790939 60.86431122 183.6509552

endloop
endfacet
facet normal 0.8639905453 0.481726408 0.1464920342
outer loop
vertex 114.179863 48.09420013 183.7649689
vertex 107.0790939 60.86431122 183.6509552
vertex 113.0333786 49.23487091 186.7757874

endloop
endfacet
facet normal 0.8243225217 0.4955852926 0.2736558914
outer loop
vertex 113.0333786 49.23487091 186.7757874
vertex 107.0790939 60.86431122 183.6509552
vertex 105.3642502 62.22003937 186.3613129

endloop
endfacet
facet normal 0.8240526915 0.4954590797 0.2746952772
outer loop
vertex 113.0334091 49.23488617 186.7758179
vertex 105.3642807 62.22005463 186.3613434
vertex 111.4820175 50.3030777 189.5031433

endloop
endfacet
facet normal 0.8385561705 0.4921143651 0.2337670177
outer loop
vertex 111.4820175 50.3030777 189.5031433
vertex 105.3642807 62.22005463 186.3613434
vertex 104.1871872 62.9409256 189.0662079

endloop
endfacet
facet normal 0.8181008101 0.4830153584 0.3121013343
outer loop
vertex 111.4820175 50.3030777 189.5031433
vertex 104.1871872 62.9409256 189.0662079
vertex 109.8720322 51.38446808 192.0497589

endloop
endfacet
facet normal 0.8644139767 0.4707864821 0.1764891744
outer loop
vertex 109.8720322 51.38446808 192.0497589
vertex 104.1871872 62.9409256 189.0662079
vertex 103.4647446 63.24906158 191.7826538

endloop
endfacet
facet normal 0.7703927755 0.4267034829 0.4737288952
outer loop
vertex 109.8720322 51.38446808 192.0497589
vertex 103.4647446 63.24906158 191.7826538
vertex 107.7539902 52.49308014 194.4956207

endloop
endfacet
facet normal 0.8434181213 0.4206385314 0.3342292607
outer loop
vertex 107.7539902 52.49308014 194.4956207
vertex 103.4647446 63.24906158 191.7826538
vertex 102.3686142 63.29669952 194.4887543

endloop
endfacet
facet normal 0.7820386291 0.3901386261 0.4860118926
outer loop
vertex 107.7539902 52.4930954 194.495636
vertex 102.3686142 63.29671478 194.4887695
vertex 105.8826218 53.13608551 196.9906921

endloop
endfacet
facet normal 0.7828342319 0.3901046515 0.4847565591
outer loop
vertex 105.8826218 53.13608551 196.9906921
vertex 102.3686142 63.29671478 194.4887695
vertex 100.9553757 62.79610443 197.1738739

endloop
endfacet
facet normal 0.8315880895 0.4172129333 0.3665986955
outer loop
vertex 105.8826218 53.13608551 196.9906921
vertex 100.9553757 62.79610443 197.1738739
vertex 104.6415329 53.32889557 199.5865326

endloop
endfacet
facet normal 0.7384802103 0.4216308892 0.5261884928
outer loop
vertex 104.6415329 53.32889557 199.5865326
vertex 100.9553757 62.79610443 197.1738739
vertex 99.6674118 61.72606659 199.8388824

endloop
endfacet
facet normal 0.7841279507 0.451693356 0.4255777597
outer loop
vertex 104.6415329 53.32891083 199.5865326
vertex 99.6674118 61.72608185 199.8388977
vertex 103.1479721 53.43976593 202.2207642

endloop
endfacet
facet normal 0.6822844744 0.4518008828 0.574772954
outer loop
vertex 103.1479721 53.43976593 202.2207642
vertex 99.6674118 61.72608185 199.8388977
vertex 98.25093842 60.48790741 202.4935913

endloop
endfacet
facet normal 0.7013626099 0.4664409459 0.5390021205
outer loop
vertex 103.1479721 53.43976593 202.2207642
vertex 98.25093842 60.48790741 202.4935913
vertex 101.0484543 53.52300262 204.8806763

endloop
endfacet
facet normal 0.6645938754 0.4668830335 0.5833825469
outer loop
vertex 101.0484543 53.52300262 204.8806763
vertex 98.25093842 60.48790741 202.4935913
vertex 96.43264008 59.74080658 205.1629181

endloop
endfacet
facet normal 0.6712130904 0.4723460972 0.5712811351
outer loop
vertex 101.0484543 53.52300262 204.8806763
vertex 96.43264008 59.74080658 205.1629181
vertex 98.79164886 53.49507904 207.5553436

endloop
endfacet
facet normal 0.7069431543 0.4695978165 0.528875351
outer loop
vertex 98.79164886 53.49507904 207.5553436
vertex 96.43264008 59.74080658 205.1629181
vertex 94.71190643 59.30738068 207.8478546

endloop
endfacet
facet normal 0.6949745417 0.4600062668 0.5526342392
outer loop
vertex 98.79167938 53.4950943 207.5553589
vertex 94.71190643 59.30739594 207.8478546
vertex 96.79738617 53.28029633 210.2421112

endloop
endfacet
facet normal 0.685036242 0.4610910416 0.564021647
outer loop
vertex 96.79738617 53.28029633 210.2421112
vertex 94.71190643 59.30739594 207.8478546
vertex 93.2589035 58.19217682 210.5243073

endloop
endfacet
facet normal 0.6311092377 0.4170713723 0.6540279984
outer loop
vertex 96.79738617 53.28029633 210.2421112
vertex 93.2589035 58.19217682 210.5243073
vertex 93.70595551 53.2170639 213.2655334

endloop
endfacet
facet normal 0.6076651216 0.4244555235 0.6712529659
outer loop
vertex 93.70595551 53.2170639 213.2655334
vertex 93.2589035 58.19217682 210.5243073
vertex 90.83946991 56.95224762 213.4985962

endloop
endfacet
facet normal 0.3534023464 0.2143981159 0.9105713367
outer loop
vertex 93.70592499 53.21704865 213.2655487
vertex 90.83943939 56.95223236 213.4985962
vertex 80.59990692 55.74643707 217.7565765

endloop
endfacet
facet normal 0.3830150366 0 0.9237421155
outer loop
vertex 80.59990692 55.74643707 217.7565765
vertex 90.83943939 56.95223236 213.4985962
vertex 80.59990692 55.74645233 217.7565765

endloop
endfacet
endsolid
