# vtk DataFile Version 2.0
File written by itkPolyDataMeshIO
ASCII
DATASET POLYDATA
POINTS 1885 float
-129.04617 -21.29972 345.94986
-124.460396 -19.427238 348.4441
-129.4716 -21.160301 347.3105
-134.77957 -21.083443 343.6145
-135.27309 -20.935158 344.85956
-139.81021 -21.543388 340.90204
-140.49088 -21.38456 342.16766
-139.81021 -21.543404 340.902
-140.49088 -21.38459 342.16763
-144.98486 -21.673042 337.9629
-145.69711 -21.514626 339.20987
-150.5527 -20.854088 335.0964
-151.20743 -20.6921 336.4314
-156.0581 -19.368675 332.42316
-156.69763 -19.200264 333.86578
-161.26024 -17.758919 329.68408
-161.97662 -17.582054 331.1896
-166.24815 -16.471535 326.78354
-167.08171 -16.280571 328.35605
-166.24815 -16.47152 326.78354
-167.08173 -16.280571 328.35605
-171.16762 -15.625679 323.77536
-172.11229 -15.417534 325.43726
-175.87877 -14.833992 320.35666
-176.98172 -14.619469 321.97052
-180.13777 -13.914909 316.31863
-181.43738 -13.701195 317.76987
-183.98663 -12.836403 311.7931
-185.4483 -12.621742 313.1151
-187.57112 -11.461647 307.01022
-189.13649 -11.245522 308.26804
-190.68791 -9.66967 302.04712
-192.35034 -9.455849 303.19418
-193.20004 -7.535072 296.95392
-194.95131 -7.326485 297.93484
-195.25804 -5.252876 291.7988
-197.06036 -5.048851 292.63394
-195.25804 -5.252892 291.79877
-197.06036 -5.048866 292.6339
-197.04128 -2.986198 286.5845
-198.86728 -2.784492 287.31375
-198.68205 -0.845039 281.2927
-200.51674 -0.643501 281.9522
-200.25531 1.090813 275.90366
-202.09262 1.293465 276.51736
-201.78207 2.822319 270.40402
-203.62187 3.02636 270.98264
-203.23323 4.428947 264.7965
-205.07886 4.633949 265.33704
-204.58167 5.947502 259.10138
-206.43561 6.153053 259.60007
-205.80621 7.408669 253.33644
-207.67007 7.614632 253.79
-206.90639 8.827232 247.51778
-208.78008 9.033577 247.92752
-207.94087 10.212654 241.66217
-209.82118 10.41938 242.03928
-208.95992 11.567497 235.77695
-210.84311 11.774666 236.13272
-208.9599 11.567513 235.77698
-210.84311 11.774681 236.13274
-209.91063 12.770195 229.86707
-211.79265 12.977699 230.21118
-210.82458 13.793175 223.93643
-212.70107 14.00074 224.2769
-210.82458 13.79319 223.93646
-212.70107 14.000755 224.27693
-211.89127 14.837303 217.98743
-213.75803 15.044502 218.3298
-213.02823 15.833778 212.02043
-214.88226 16.040184 212.36716
-213.02821 15.833763 212.02043
-214.88226 16.040169 212.36716
-214.10587 16.675514 206.0398
-215.94499 16.880821 206.3922
-215.24171 17.39228 200.05109
-217.06415 17.59623 200.41081
-216.59624 18.086876 194.05861
-218.40071 18.289268 194.42714
-216.59624 18.086876 194.05862
-218.40071 18.289268 194.42715
-217.96541 18.787209 188.06711
-219.75105 18.987968 188.4458
-219.28201 19.418068 182.08188
-221.0482 19.61718 182.47177
-219.282 19.418068 182.0819
-221.04819 19.61718 182.47179
-220.64465 19.922157 176.10602
-222.391 20.119545 176.50804
-222.0757 20.342094 170.14023
-223.80199 20.537804 170.55528
-222.0757 20.34208 170.14024
-223.80199 20.537788 170.55528
-223.5409 20.712196 164.18561
-225.24722 20.906303 164.61482
-225.0103 21.093666 158.24373
-226.69742 21.286278 158.68835
-225.0103 21.09365 158.24374
-226.69742 21.286263 158.68837
-226.53818 21.415031 152.31642
-228.20746 21.606346 152.77765
-228.14435 21.634758 146.40579
-229.79718 21.824928 146.88406
-228.14435 21.634758 146.4058
-229.79716 21.824944 146.8841
-229.81369 21.713234 140.515
-231.45076 21.902458 141.01056
-231.5633 21.675362 134.64761
-233.1839 21.863457 135.16042
-233.39296 21.559242 128.80864
-234.9943 21.745827 129.33818
-233.39296 21.559258 128.80867
-234.9943 21.745827 129.3382
-235.30553 21.403984 123.002914
-236.88269 21.58854 123.54807
-237.31859 21.225838 117.2296
-238.86642 21.407799 117.78926
-237.31859 21.225822 117.229614
-238.86642 21.407784 117.789276
-239.44226 21.030998 111.48572
-240.95726 21.210014 112.06003
-241.68245 20.854637 105.77709
-243.16371 21.030663 106.36593
-244.07489 20.776756 100.08783
-245.52107 20.950142 100.69699
-246.81949 21.06997 94.38198
-248.21786 21.240913 95.043396
-246.81949 21.06997 94.381935
-248.2179 21.240913 95.04336
-249.74843 21.51664 88.800095
-251.1093 21.685509 89.49842
-252.3855 21.440361 83.437675
-253.74792 21.607338 84.096176
-254.80833 20.73838 78.09155
-256.1809 20.902596 78.6916
-254.80835 20.73838 78.09151
-256.18094 20.902565 78.69156
-257.32733 19.82354 72.57829
-258.68948 19.98574 73.16129
-259.9228 19.138268 66.952095
-261.26257 19.299416 67.53976
-262.28186 18.47393 61.428608
-263.61627 18.632515 61.975243
-264.41577 17.63398 55.899582
-265.75006 17.789543 56.387184
-264.41577 17.63398 55.899544
-265.75006 17.789513 56.38715
-266.30823 16.616844 50.322376
-267.64398 16.769508 50.74359
-267.9109 15.432304 44.69346
-269.2505 15.582298 45.038647
-269.17227 14.094032 39.00977
-270.51743 14.241768 39.26838
-270.0801 12.619972 33.27697
-271.42963 12.765862 33.44785
-270.08014 12.619972 33.27694
-271.42963 12.765862 33.447815
-270.68683 11.02224 27.509861
-272.0389 11.166862 27.60743
-271.0802 9.277733 21.733671
-272.4389 9.421806 21.780104
-271.3448 7.333855 15.969882
-272.71396 7.477547 15.983689
-271.3448 7.333855 15.96985
-272.714 7.477531 15.983658
-271.58252 5.275154 10.342813
-272.94308 5.416389 10.347344
-271.8324 3.476738 5.454908
-273.16098 3.614204 5.469264
-272.0778 2.03907 1.437824
-273.3779 2.173988 1.465747
-272.2636 0.816277 -1.67441
-273.5455 0.947685 -1.656133
-272.26358 0.816261 -1.674426
-273.54547 0.94767 -1.656149
-272.3811 -0.506966 -4.365941
-273.65057 -0.381233 -4.380817
-272.50385 -1.851158 -7.125091
-273.76337 -1.726494 -7.131685
-272.76328 -2.881889 -10.20636
-274.01117 -2.751472 -10.136158
-273.13785 -3.62075 -13.382967
-274.37494 -3.4869 -13.261851
-273.13782 -3.620766 -13.382985
-274.37497 -3.4869 -13.261869
-273.5903 -4.129173 -16.630146
-274.81693 -3.994316 -16.480478
-274.1267 -4.354225 -19.898573
-275.3407 -4.218773 -19.708132
-274.635 -4.629097 -22.985882
-275.84317 -4.49453 -22.799196
-274.635 -4.629112 -22.985899
-275.84317 -4.494545 -22.799213
-275.15942 -5.209129 -26.51137
-276.36438 -5.076393 -26.353743
-275.82544 -5.998161 -31.088974
-277.02225 -5.866692 -30.939312
-276.6206 -6.89341 -36.653423
-277.8073 -6.762856 -36.505894
-277.43848 -7.846169 -42.6374
-278.6166 -7.71656 -42.498188
-277.43848 -7.846169 -42.637432
-278.61664 -7.71656 -42.498226
-278.21942 -8.841835 -48.623005
-279.3912 -8.713142 -48.49249
-278.9434 -10.082527 -54.512074
-280.11133 -9.955559 -54.396034
-279.6678 -11.412865 -60.435818
-280.83182 -11.286705 -60.32259
-280.47763 -12.377174 -66.561844
-281.63556 -12.249886 -66.42893
-280.47766 -12.377159 -66.56188
-281.6356 -12.24987 -66.42897
-281.2793 -13.256752 -72.61275
-282.43332 -13.129662 -72.47866
-281.99017 -14.37571 -78.514145
-283.14246 -14.249916 -78.39973
-282.61823 -15.528603 -84.45616
-283.7671 -15.40345 -84.35997
-282.61823 -15.528587 -84.45619
-283.7671 -15.403465 -84.36001
-283.08093 -16.706047 -90.38368
-284.2202 -16.582283 -90.321304
-283.28195 -17.941795 -96.28259
-284.40125 -17.82064 -96.27341
-283.17346 -19.280739 -102.14181
-284.2702 -19.162376 -102.19308
-282.76785 -20.746101 -107.95361
-283.8284 -20.631859 -108.061035
-282.76785 -20.746117 -107.95364
-283.82837 -20.631874 -108.06106
-282.0421 -22.400627 -113.69338
-283.12134 -22.28408 -113.86624
-280.96326 -24.148521 -119.42307
-282.17114 -24.01664 -119.676765
-279.69354 -25.428673 -125.327614
-280.90634 -25.293587 -125.62159
-278.09406 -26.508217 -131.29112
-279.56732 -26.360085 -131.693
-278.09406 -26.508232 -131.29115
-279.56732 -26.360085 -131.69302
-277.6914 -24.63433 -136.25642
-129.6408 -20.701073 347.96637
-135.49266 -20.489876 345.44287
-140.82835 -20.907494 342.7461
-140.82835 -20.907509 342.74603
-146.0373 -21.038872 339.78595
-151.45857 -20.205574 337.0798
-156.8926 -18.694252 334.5877
-162.1932 -17.050606 331.95187
-167.36554 -15.706993 329.14807
-172.47188 -14.792305 326.25992
-177.43123 -13.974998 322.76862
-181.98346 -13.059181 318.50256
-186.06514 -11.977013 313.8069
-189.78848 -10.596275 308.95773
-193.03726 -8.813469 303.8686
-195.68033 -6.699959 298.56512
-197.82164 -4.435997 293.21466
-197.82164 -4.435997 293.21463
-199.65019 -2.178581 287.84802
-201.31363 -0.03817 282.4447
-202.89952 1.902199 276.97192
-204.43732 3.639397 271.40366
-205.90303 5.249779 265.72806
-207.26855 6.770622 259.9636
-208.5119 8.233421 254.12767
-209.63013 9.653404 248.24133
-210.67723 11.040581 242.33316
-211.70274 12.397209 236.41022
-211.70274 12.397209 236.41025
-212.6535 13.601143 230.47528
-213.5608 14.624245 224.52995
-213.5608 14.624245 224.53
-214.61449 15.666939 218.57402
-215.73381 16.660301 212.60474
-215.73381 16.660286 212.60475
-216.79036 17.497566 206.62537
-217.90233 18.208885 200.64148
-219.23094 18.897255 194.6572
-220.57278 19.591026 188.67667
-221.86118 20.215157 182.704
-221.86116 20.215141 182.704
-223.19516 20.712456 176.74156
-224.5974 21.12574 170.79004
-224.5974 21.12571 170.79002
-226.03413 21.489433 164.85086
-227.47636 21.864967 158.92584
-228.9793 22.181145 153.01675
-230.56279 22.396355 147.1248
-230.56279 22.39637 147.12482
-232.21077 22.470757 141.25275
-233.9382 22.428368 135.40385
-235.74194 22.306389 129.58223
-235.74194 22.306389 129.58224
-237.6217 22.142982 123.79192
-239.5943 21.954414 118.03341
-239.59428 21.95443 118.03342
-241.67169 21.747856 112.30685
-243.86377 21.559593 106.61722
-246.20395 21.47097 100.96071
-248.86688 21.75425 95.35622
-248.8669 21.75425 95.356186
-251.73328 22.192772 89.84446
-254.38773 22.108986 84.39263
-256.8426 21.395988 78.92291
-256.8426 21.395973 78.922874
-259.3478 20.473 73.38066
-261.90314 19.783348 67.778465
-264.25592 19.108772 62.188576
-266.39255 18.256783 56.561005
-266.39255 18.256767 56.560966
-268.28833 17.228004 50.875477
-269.89594 16.032799 45.1247
-271.16287 14.685493 39.304462
-272.073 13.204124 33.43462
-272.073 13.204124 33.43459
-272.67938 11.601219 27.552649
-273.07953 9.854561 21.692747
-273.3578 7.908974 15.868844
-273.3578 7.908974 15.868812
-273.58292 5.840508 10.217979
-273.787 4.027107 5.344652
-273.99158 2.579277 1.352938
-274.1505 1.342323 -1.781665
-274.1505 1.342308 -1.781681
-274.24814 -0.003609 -4.544907
-274.35703 -1.352013 -7.290676
-274.60223 -2.35984 -10.215207
-274.96133 -3.084892 -13.283736
-274.96133 -3.084892 -13.283754
-275.39618 -3.589272 -16.464647
-275.9103 -3.811943 -19.643055
-276.41113 -4.090355 -22.741732
-276.41113 -4.090355 -22.741749
-276.93402 -4.677681 -26.333122
-277.58862 -5.47184 -30.926996
-278.36823 -6.370613 -36.49041
-279.17303 -7.327263 -42.485397
-279.17303 -7.327263 -42.485435
-279.94458 -8.326683 -48.485523
-280.664 -9.574196 -54.408783
-281.38312 -10.907845 -60.341084
-282.18207 -11.867653 -66.4175
-282.18207 -11.867638 -66.417534
-282.97736 -12.747871 -72.46234
-283.68683 -13.871834 -78.40602
-284.30914 -15.027351 -84.37636
-284.30914 -15.027351 -84.376396
-284.7561 -16.210457 -90.354836
-284.92505 -17.456718 -96.33454
-284.7799 -18.806847 -102.28655
-284.31726 -20.28872 -108.18539
-284.31726 -20.28875 -108.185425
-283.61395 -21.933983 -114.02817
-282.71863 -23.620415 -119.88285
-281.45758 -24.887627 -125.82614
-280.25412 -25.870674 -131.93317
-280.25412 -25.87069 -131.93318
-277.6914 -24.634315 -136.25642
-129.7109 -20.134178 348.3454
-135.6055 -19.951149 345.76654
-141.03006 -20.330284 343.05573
-141.03006 -20.3303 343.0557
-146.23108 -20.463234 340.0993
-151.55484 -19.616966 337.45737
-156.91957 -18.08207 335.02393
-162.22108 -16.40763 332.41907
-167.44023 -15.013054 329.63055
-172.60703 -14.035896 326.75073
-177.62852 -13.19532 323.24405
-182.23776 -12.282494 318.95013
-186.35469 -11.196953 314.247
-190.08713 -9.810783 309.4183
-193.34715 -8.036308 304.34906
-196.01396 -5.941963 299.04724
-198.17961 -3.694572 293.6839
-198.17963 -3.694572 293.68384
-200.02832 -1.44558 288.2939
-201.70723 0.69416 282.8604
-203.30553 2.638695 277.35376
-204.85378 4.38105 271.7536
-206.32898 5.994835 266.0519
-207.70319 7.517784 260.26608
-208.95468 8.982033 254.41216
-210.08026 10.403282 248.51009
-211.13293 11.792122 242.58717
-212.1622 13.150337 236.65018
-212.1622 13.150337 236.6502
-213.11502 14.35537 230.7016
-214.02284 15.378593 224.7429
-214.02284 15.378593 224.74294
-215.0757 16.41996 218.77452
-216.19312 17.4105 212.79494
-216.19312 17.410484 212.79494
-217.24687 18.243736 206.80756
-218.35535 18.95005 200.81769
-219.67989 19.63285 194.82936
-219.67989 19.63285 194.82938
-221.01726 20.320625 188.84627
-222.30106 20.938637 182.87135
-222.30106 20.938622 182.87135
-223.63055 21.429787 176.90616
-225.02846 21.837013 170.95152
-225.02846 21.837013 170.95154
-226.4611 22.194908 165.00896
-227.89972 22.565086 159.08026
-227.89972 22.565056 159.08028
-229.39969 22.876549 153.1673
-230.98088 23.0877 147.2713
-230.98088 23.087685 147.2713
-232.6271 23.158272 141.39496
-234.35297 23.111824 135.5414
-236.15483 22.984566 129.71448
-236.15483 22.98455 129.71451
-238.03188 22.813774 123.91826
-240.00034 22.615715 118.15488
-240.00034 22.6157 118.15489
-242.07184 22.398506 112.42657
-244.257 22.199547 106.7376
-246.58705 22.101143 101.09022
-249.22229 22.375343 95.532104
-249.2223 22.375328 95.53207
-252.069 22.806496 90.051155
-254.74393 22.715904 84.5478
-257.2242 21.992867 79.01265
-257.22424 21.992851 79.01261
-259.72876 21.062477 73.46066
-262.26855 20.368813 67.88248
-264.62213 19.684975 62.273754
-266.76257 18.82209 56.61504
-266.76257 18.82206 56.614998
-268.66028 17.782707 50.897842
-270.26804 16.577873 45.113705
-271.53284 15.222328 39.258446
-272.4387 13.734337 33.35491
-272.4387 13.734352 33.354877
-273.04028 12.126701 27.444283
-273.43817 10.378044 21.559631
-273.71692 8.430962 15.711004
-273.71692 8.430946 15.710972
-273.93982 6.353615 10.04419
-274.13712 4.526634 5.173621
-274.33572 3.069557 1.192685
-274.48975 1.819756 -1.955364
-274.48975 1.819725 -1.955381
-274.5819 0.45327 -4.757891
-274.68927 -0.898964 -7.499885
-274.93518 -1.885994 -10.345963
-275.292 -2.598503 -13.356929
-275.292 -2.598503 -13.356947
-275.72122 -3.09922 -16.498007
-276.22708 -3.319756 -19.625677
-276.72778 -3.601387 -22.73313
-276.72778 -3.601387 -22.733147
-277.25406 -4.195366 -26.363008
-277.90723 -4.994133 -30.965006
-278.6833 -5.896065 -36.523396
-279.48523 -6.856316 -42.518955
-279.48523 -6.856316 -42.51899
-280.255 -7.859138 -48.52368
-280.97495 -9.112755 -54.467922
-281.69373 -10.449455 -60.406834
-282.4884 -11.40519 -66.450584
-282.48843 -11.405174 -66.45062
-283.28192 -12.285942 -72.48937
-283.99246 -13.414436 -78.45599
-284.6129 -14.57235 -84.43312
-284.6129 -14.57235 -84.43316
-285.0552 -15.760597 -90.42216
-285.21533 -17.016487 -96.41927
-285.0596 -18.376732 -102.392296
-284.5824 -19.873634 -108.3118
-284.5824 -19.873634 -108.31183
-283.87723 -21.510445 -114.180786
-283.0081 -23.14109 -120.06488
-281.75027 -24.396507 -125.99148
-280.63303 -25.26612 -132.10767
-280.633 -25.266136 -132.1077
-124.460396 -19.427254 348.4441
-124.460396 -19.427223 348.44412
-129.7109 -20.134178 348.34537
-129.70871 -19.514229 348.51532
-135.63925 -19.377556 345.8953
-141.12802 -19.715736 343.16498
-141.03006 -20.330315 343.05566
-141.12802 -19.715752 343.16495
-146.23108 -20.46325 340.0993
-146.3143 -19.85035 340.2162
-151.53996 -18.990257 337.62946
-156.8302 -17.430305 335.24133
-162.22108 -16.40763 332.41904
-162.11835 -15.723076 332.65927
-167.44023 -15.013054 329.63052
-167.36787 -14.274223 329.87524
-172.60703 -14.035896 326.7507
-172.58139 -13.230522 326.988
-177.62852 -13.195335 323.24405
-177.64268 -12.365196 323.4732
-182.23776 -12.282494 318.95007
-182.27881 -11.455528 319.17856
-186.35469 -11.196953 314.24698
-186.40482 -10.366432 314.49124
-190.128 -8.974434 309.69742
-193.38246 -7.208855 304.67102
-196.01396 -5.941978 299.04724
-196.05917 -5.134911 299.40213
-198.17961 -3.694588 293.6839
-198.24246 -2.905159 294.05157
-198.17963 -3.694588 293.68384
-198.24248 -2.905174 294.05157
-200.02832 -1.445595 288.2939
-200.10924 -0.665169 288.65536
-201.70723 0.69413 282.86038
-201.8038 1.473885 283.20114
-203.30553 2.63868 277.35373
-203.41545 3.422859 277.66528
-204.97488 5.170708 272.03616
-206.45958 6.788109 266.31247
-207.70319 7.517754 260.26608
-207.84196 8.313316 260.51062
-208.95468 8.982018 254.41214
-209.1007 9.779121 254.64493
-210.08026 10.403282 248.51007
-210.2326 11.201744 248.7335
-211.13293 11.792122 242.58716
-211.29028 12.592278 242.80023
-212.1622 13.150322 236.65016
-212.32321 13.952187 236.85155
-212.1622 13.150337 236.65019
-212.32321 13.952202 236.85158
-213.11502 14.355354 230.70158
-213.27853 15.158394 230.8899
-214.02284 15.378593 224.74289
-214.18797 16.18171 224.91699
-214.02284 15.378593 224.74292
-214.18796 16.181725 224.917
-215.0757 16.41996 218.7745
-215.24171 17.221733 218.93436
-216.35938 18.209251 212.94243
-216.35938 18.209236 212.94244
-217.24687 18.243721 206.80756
-217.41281 19.03814 206.94507
-218.5205 19.739204 200.94717
-219.67989 19.63285 194.82935
-219.84387 20.416023 194.9527
-219.67987 19.63285 194.82936
-219.84387 20.416023 194.95271
-221.01726 20.32061 188.84624
-221.17978 21.09742 188.96483
-222.30106 20.938622 182.87132
-222.4621 21.708855 182.9853
-222.30106 20.938622 182.87134
-222.4621 21.708855 182.98532
-223.63055 21.429787 176.90614
-223.79027 22.19355 177.0148
-225.02846 21.836998 170.9515
-225.18707 22.594322 171.05424
-225.02844 21.836983 170.95152
-225.18706 22.594322 171.05426
-226.4611 22.194878 165.00894
-226.61887 22.946007 165.10522
-227.89972 22.565056 159.08026
-228.05704 23.310463 159.16956
-227.89972 22.56504 159.08028
-228.05704 23.310463 159.16957
-229.39967 22.876534 153.1673
-229.557 23.616951 153.24916
-230.98088 23.087685 147.27129
-231.13875 23.823738 147.34546
-230.98088 23.08767 147.27129
-231.13873 23.823738 147.34546
-232.6271 23.158272 141.39493
-232.78595 23.890282 141.46107
-234.35297 23.111809 135.54138
-234.5131 23.83947 135.5991
-236.15483 22.984535 129.71448
-236.3165 23.706566 129.76317
-236.15482 22.984535 129.71451
-236.3165 23.706566 129.76318
-238.03188 22.813759 123.91827
-238.19505 23.5279 123.957436
-240.00034 22.6157 118.15488
-240.16437 23.31977 118.18593
-240.00034 22.615685 118.15489
-240.16437 23.319756 118.18594
-242.23541 23.091255 112.45294
-244.257 22.199547 106.737595
-244.41919 22.880882 106.76196
-246.58704 22.101128 101.09021
-246.74445 22.772041 101.12095
-249.22229 22.375313 95.5321
-249.35771 23.036552 95.604836
-249.22229 22.375313 95.53206
-249.35773 23.036537 95.6048
-252.069 22.806465 90.05115
-252.18948 23.459892 90.1514
-254.74393 22.715889 84.54779
-254.887 23.362114 84.59799
-257.39377 22.62841 79.00073
-257.3938 22.62838 79.0007
-259.8995 21.690086 73.441055
-262.42612 20.992165 67.88879
-264.62213 19.68496 62.273754
-264.78156 20.298424 62.26671
-266.76257 18.82209 56.615032
-266.92627 19.423927 56.58424
-266.92627 19.423912 56.584206
-268.66028 17.782707 50.897835
-268.82587 18.37333 50.8441
-270.268 16.577873 45.1137
-270.43304 17.158241 45.036926
-271.53284 15.222313 39.258446
-271.69452 15.793892 39.15876
-272.59473 14.298882 33.234024
-272.4387 13.734337 33.354877
-272.59473 14.298882 33.233994
-273.1905 12.686241 27.305115
-273.43817 10.378029 21.559628
-273.58463 10.935463 21.402407
-273.7169 8.430946 15.711002
-273.8619 8.986732 15.532301
-273.71692 8.430946 15.71097
-273.8619 8.986732 15.532269
-274.084 6.899956 9.849392
-274.27972 5.05851 4.980051
-274.3357 3.069557 1.192685
-274.47693 3.591576 1.008603
-274.48975 1.81974 -1.955364
-274.62888 2.328056 -2.152658
-274.48975 1.819725 -1.95538
-274.62888 2.328041 -2.152674
-274.5819 0.453255 -4.757891
-274.7173 0.939705 -4.992832
-274.82477 -0.416542 -7.732151
-274.93518 -1.886009 -10.345963
-275.07367 -1.381493 -10.505033
-275.29196 -2.598518 -13.356929
-275.42993 -2.08065 -13.461274
-275.292 -2.598518 -13.356947
-275.42993 -2.08065 -13.46129
-275.7212 -3.099236 -16.498007
-275.8548 -2.577431 -16.563215
-276.22705 -3.319771 -19.625677
-276.35382 -2.795723 -19.641878
-276.72778 -3.601387 -22.733128
-276.85553 -3.080757 -22.758408
-276.72778 -3.601402 -22.733147
-276.85553 -3.080772 -22.758427
-277.25406 -4.195381 -26.363007
-277.38617 -3.681831 -26.425812
-277.90723 -4.994164 -30.965004
-278.03925 -4.485542 -31.035395
-278.6833 -5.89608 -36.52339
-278.8133 -5.390816 -36.587746
-279.48523 -6.856331 -42.51895
-279.6136 -6.354866 -42.582386
-279.48523 -6.856316 -42.518986
-279.6136 -6.354866 -42.58242
-280.255 -7.859138 -48.523678
-280.38257 -7.361351 -48.590652
-280.97495 -9.11277 -54.467915
-281.10382 -8.621498 -54.55563
-281.69373 -10.449455 -60.40683
-281.82294 -9.961372 -60.50138
-282.4884 -11.405205 -66.45058
-282.61407 -10.912788 -66.512344
-282.4884 -11.40519 -66.450615
-282.61407 -10.912788 -66.51238
-283.4063 -11.794121 -72.54461
-283.99246 -13.414452 -78.45599
-284.11832 -12.927406 -78.53316
-284.6129 -14.57235 -84.43311
-284.73737 -14.087852 -84.51443
-284.6129 -14.572365 -84.43315
-284.73737 -14.087868 -84.514465
-285.0552 -15.760597 -90.42215
-285.1762 -15.281624 -90.50894
-285.21533 -17.016487 -96.419266
-285.3302 -16.547752 -96.515564
-285.0596 -18.376732 -102.39229
-285.16687 -17.91877 -102.50076
-284.5824 -19.873634 -108.31179
-284.68018 -19.431618 -108.4328
-284.5824 -19.873634 -108.31182
-284.68018 -19.431648 -108.43284
-283.96942 -21.059502 -114.31887
-283.10553 -22.630714 -120.22067
-281.75027 -24.396507 -125.99147
-281.8504 -23.873634 -126.1211
-280.63303 -25.26612 -132.10765
-280.7811 -24.60447 -132.22908
-280.633 -25.266136 -132.10768
-280.78107 -24.604485 -132.22911
-124.460396 -19.427223 348.4441
-129.63837 -18.902473 348.4717
-135.59668 -18.830345 345.8313
-141.12045 -19.129463 343.07846
-141.12045 -19.129478 343.07843
-146.28725 -19.265678 340.1402
-151.42427 -18.392357 337.59473
-156.64279 -16.80848 335.23505
-161.90584 -15.070015 332.66595
-167.16751 -13.569374 329.8761
-172.41034 -12.462196 326.96774
-177.48677 -11.573219 323.4523
-182.11932 -10.666603 319.18192
-186.22937 -9.574074 314.53024
-189.92741 -8.176567 309.78098
-193.16135 -6.419472 304.81424
-195.8342 -4.364967 299.60364
-198.02716 -2.152061 294.28836
-199.90825 0.079369 288.90222
-201.61699 2.217766 283.43814
-203.2415 4.170952 277.88025
-204.81169 5.924034 272.22772
-206.30493 7.544899 266.48798
-207.69412 9.072227 260.67676
-208.95859 10.539528 254.8064
-210.09528 11.963448 248.89238
-211.15688 13.355659 242.95389
-212.193 14.717216 236.99684
-212.19298 14.717216 236.99687
-213.151 15.924507 231.02396
-214.06291 16.94793 225.03754
-214.0629 16.947914 225.03757
-215.11905 17.986626 219.04042
-216.23889 18.971275 213.03557
-216.23889 18.97126 213.03558
-217.2943 19.796028 207.02742
-218.4038 20.492027 201.02042
-219.72876 21.163155 195.01851
-219.72876 21.163155 195.01852
-221.06613 21.838478 189.02432
-222.34995 22.443687 183.03848
-222.34995 22.443672 183.03848
-223.67987 22.922157 177.0608
-225.07866 23.316856 171.09235
-225.07864 23.316856 171.09236
-226.5127 23.66259 165.13474
-227.95337 24.021584 159.18974
-227.95337 24.021568 159.18976
-229.45613 24.32328 153.25943
-231.04092 24.525932 147.34546
-231.04092 24.525917 147.34547
-232.69153 24.58863 141.45041
-234.42252 24.533638 135.57741
-236.2304 24.395409 129.72995
-236.2304 24.395393 129.72997
-238.1142 24.20922 123.91236
-240.08885 23.991432 118.13052
-240.08884 23.991447 118.13053
-242.16447 23.752174 112.39064
-244.35205 23.530876 106.69543
-246.67801 23.412102 101.05761
-249.27682 23.66735 95.575195
-249.27682 23.66735 95.575165
-252.09952 24.08323 90.1434
-254.81924 23.978615 84.54637
-257.3507 23.234734 78.89639
-257.35074 23.234734 78.896355
-259.85925 22.288872 73.33172
-262.37625 21.586891 67.80452
-264.73434 20.88366 62.17547
-266.88333 19.9981 56.478497
-266.88333 19.99807 56.47846
-268.78458 18.93676 50.72579
-270.3906 17.711876 44.907433
-271.64786 16.33921 39.019833
-272.54187 14.837456 33.08753
-272.54187 14.83744 33.087498
-273.1314 13.220024 27.151743
-273.52075 11.467247 21.238993
-273.795 9.516945 15.352585
-273.795 9.516945 15.352553
-274.0176 7.42115 9.655111
-274.2167 5.565895 4.785457
-274.41687 4.089592 0.821326
-274.56958 2.813011 -2.351564
-274.56958 2.812996 -2.351581
-274.6562 1.403755 -5.224017
-274.76532 0.043633 -7.961949
-275.01898 -0.900185 -10.673944
-275.37634 -1.586586 -13.583644
-275.37637 -1.586586 -13.583661
-275.79852 -2.079643 -16.651102
-276.29266 -2.295738 -19.687353
-276.7963 -2.584068 -22.812323
-276.7963 -2.584053 -22.812342
-277.33176 -3.191872 -26.512527
-277.98605 -4.000282 -31.128447
-278.75958 -4.90876 -36.674458
-279.55957 -5.876472 -42.66685
-279.55957 -5.876472 -42.666885
-280.32877 -6.886467 -48.677296
-281.05182 -8.15284 -54.66068
-281.77197 -9.495796 -60.612823
-282.5605 -10.443062 -66.59424
-282.56052 -10.443047 -66.59428
-283.35208 -11.324898 -72.620186
-284.06583 -12.462807 -78.62749
-284.68402 -13.625679 -84.61006
-284.68402 -13.625679 -84.6101
-285.1209 -14.824684 -90.604805
-285.27185 -16.100563 -96.61269
-285.10443 -17.481865 -102.60067
-284.6139 -19.009941 -108.53653
-284.6139 -19.009956 -108.53656
-283.89474 -20.62925 -114.42945
-283.0162 -22.143806 -120.33639
-281.76306 -23.374748 -126.20461
-280.69696 -23.950935 -132.28877
-280.69693 -23.95095 -132.28879
-124.460396 -19.427238 348.44406
-129.50095 -18.309181 348.214
-135.48271 -18.30761 345.5869
-141.01408 -18.56942 342.80865
-141.01408 -18.56945 342.80862
-146.1569 -18.70716 339.8835
-151.21416 -17.82119 337.36633
-156.36356 -16.214485 335.0193
-161.59047 -14.446144 332.45404
-166.8472 -12.896065 329.64865
-172.10301 -11.728279 326.70624
-177.17155 -10.816734 323.19708
-181.77197 -9.912987 318.97455
-185.84262 -8.817223 314.37708
-189.50058 -7.414436 309.68137
-192.70001 -5.665428 304.7901
-195.35616 -3.629478 299.66162
-197.55133 -1.432655 294.4026
-197.55133 -1.43264 294.40256
-199.44319 0.790596 289.04184
-201.1648 2.928322 283.5781
-202.80171 4.885536 278.0049
-204.38223 6.643623 272.33423
-205.8831 8.26783 266.58414
-207.27788 9.797203 260.76956
-208.54655 11.265907 254.90114
-209.68661 12.691048 248.99086
-210.75114 14.084831 243.05188
-211.79001 15.44796 237.08965
-211.79001 15.44796 237.08969
-212.7509 16.656303 231.10732
-213.66605 17.679802 225.10797
-213.66605 17.679802 225.10799
-214.72594 18.717216 219.09622
-215.84982 19.699226 213.07788
-215.84982 19.69918 213.0779
-216.90936 20.519997 207.05815
-218.0231 21.211159 201.04103
-219.35226 21.876854 195.0304
-219.35225 21.87687 195.03041
-220.69377 22.54638 189.0285
-221.98189 23.145668 183.03471
-221.98189 23.145653 183.03473
-223.31645 23.618172 177.04817
-224.72015 24.007011 171.06998
-226.15933 24.3471 165.10173
-227.6053 24.700829 159.14525
-227.6053 24.700829 159.14526
-229.11342 24.997993 153.20268
-230.70363 25.196678 147.27602
-230.70363 25.196678 147.27603
-232.35986 25.255714 141.36786
-234.09706 25.196754 135.48137
-235.91222 25.053383 129.61998
-235.91222 25.053368 129.62
-237.80473 24.860039 123.78838
-239.78899 24.633095 117.99415
-239.78897 24.63308 117.99417
-241.87393 24.383507 112.24526
-244.07019 24.151756 106.54375
-246.40192 24.02349 100.906166
-248.9933 24.269936 95.44967
-248.99332 24.269936 95.44964
-251.81244 24.678642 90.034035
-254.554 24.567451 84.3994
-257.10858 23.81388 78.70545
-257.1086 23.81385 78.705414
-259.6214 22.860832 73.13829
-262.13208 22.154976 67.63535
-264.49362 21.442696 62.005356
-266.64688 20.546547 56.302532
-266.64688 20.546516 56.302494
-268.54956 19.474953 50.54693
-270.15387 18.24076 44.728485
-271.40613 16.860146 38.84412
-272.29333 15.351906 32.917007
-272.29333 15.351936 32.916977
-272.87634 13.729942 26.985035
-273.25992 11.975227 21.069708
-273.5296 10.02343 15.171814
-273.5296 10.02343 15.171781
-273.75403 7.919044 9.461244
-273.96106 6.050591 4.589836
-274.16833 4.565315 0.631002
-274.32446 3.276268 -2.552059
-274.32446 3.276253 -2.552076
-274.41107 1.847054 -5.451779
-274.5233 0.483238 -8.189552
-274.7834 -0.440407 -10.852134
-275.14343 -1.114677 -13.722937
-275.14343 -1.114677 -13.722953
-275.56442 -1.604164 -16.760235
-276.0556 -1.818169 -19.760208
-276.56192 -2.109612 -22.89303
-276.56192 -2.109612 -22.893047
-277.10263 -2.723854 -26.621655
-277.75934 -3.536797 -31.242723
-278.53384 -4.448357 -36.782124
-279.33475 -5.419502 -42.771053
-279.33478 -5.419502 -42.771088
-280.1051 -6.432808 -48.78239
-280.83054 -7.705162 -54.781975
-281.55222 -9.051033 -60.740063
-282.33905 -9.994331 -66.694954
-282.33908 -9.994316 -66.69499
-283.13058 -10.876686 -72.714806
-283.84628 -12.018959 -78.73791
-284.4641 -13.184166 -84.71915
-284.4641 -13.184166 -84.719185
-284.90045 -14.388206 -90.70921
-285.05133 -15.673378 -96.71063
-284.88315 -17.064507 -102.69257
-284.39398 -18.607155 -108.62407
-284.39398 -18.60717 -108.6241
-283.66373 -20.218285 -114.51432
-282.75198 -21.678658 -120.41466
-281.50006 -22.89814 -126.245
-280.3804 -23.316856 -132.28539
-280.3804 -23.316872 -132.28542
-124.460396 -19.427238 348.44412
-129.2906 -17.781548 347.71005
-135.28949 -17.83567 345.14056
-140.79599 -18.06379 342.3346
-140.796 -18.063805 342.33456
-145.91058 -18.202888 339.4252
-150.9018 -17.305534 336.9198
-155.98805 -15.6782 334.5663
-161.16737 -13.882912 331.99387
-166.39923 -12.288185 329.16214
-166.39923 -12.288155 329.16214
-171.64835 -11.065636 326.172
-176.68219 -10.13369 322.67712
-181.21826 -9.232582 318.52798
-185.22362 -8.133904 314.00427
-188.8256 -6.726372 309.37057
-191.97552 -4.984642 304.57007
-194.60051 -2.965477 299.54834
-196.78903 -0.78315 294.36783
-196.78903 -0.78315 294.3678
-198.68709 1.432701 289.04947
-200.41946 3.569862 283.598
-202.06773 5.530708 278.01816
-203.65765 7.293312 272.33618
-205.16476 8.920479 266.5828
-206.56345 10.451729 260.7723
-207.83441 11.921715 254.91338
-208.97597 13.347969 249.01424
-210.04218 14.743172 243.08043
-211.08319 16.107689 237.11687
-211.08319 16.107704 237.1169
-212.04698 17.31704 231.12753
-212.96616 18.340614 225.11652
-212.96616 18.340614 225.11653
-214.03128 19.3769 219.09052
-215.1612 20.356422 213.05865
-215.1612 20.356407 213.05865
-216.22726 21.173653 207.0269
-217.34785 21.860466 200.9989
-218.68411 22.521248 194.97849
-220.0328 23.185509 188.96747
-221.32838 23.779427 182.96419
-221.32837 23.779427 182.96419
-222.67075 24.24659 176.96712
-224.08257 24.63012 170.97742
-224.08255 24.63012 170.97742
-225.53008 24.965065 164.99667
-226.9844 25.31408 159.02658
-226.9844 25.31408 159.0266
-228.5007 25.607124 153.06952
-230.09886 25.8023 147.12784
-230.09886 25.802284 147.12787
-231.76317 25.858025 141.20425
-233.5091 25.795479 135.30194
-235.33444 25.647453 129.42442
-235.33444 25.647453 129.42444
-237.23943 25.447655 123.57678
-239.23784 25.212349 117.76829
-239.23782 25.212349 117.7683
-241.3373 24.953468 112.00832
-243.54764 24.712318 106.298325
-245.8909 24.575493 100.65746
-248.4834 24.814003 95.216644
-248.4834 24.813972 95.216606
-251.30554 25.216255 89.81005
-254.06766 25.099129 84.14647
-256.64252 24.33677 78.42076
-256.64252 24.336754 78.42072
-259.16116 23.377235 72.85415
-261.66968 22.66787 67.37347
-264.0354 21.947441 61.74962
-266.19275 21.04174 56.0514
-266.19275 21.04171 56.051365
-268.09653 19.960884 50.30444
-269.69858 18.718254 44.498928
-270.9451 17.330452 38.632484
-271.82507 15.816383 32.725418
-271.82507 15.816383 32.725388
-272.40146 14.190269 26.809656
-272.7784 12.433846 20.90066
-273.04193 10.48069 14.997457
-273.04193 10.480675 14.997424
-273.26953 8.368553 9.27601
-273.48965 6.488213 4.401237
-273.7086 4.99482 0.44512
-273.87103 3.694527 -2.745964
-273.87103 3.694527 -2.745981
-273.9598 2.247292 -5.665947
-274.0767 0.880119 -8.404983
-274.3449 -0.025352 -11.033726
-274.70935 -0.688622 -13.876274
-274.70935 -0.688622 -13.87629
-275.13104 -1.174889 -16.889778
-275.6215 -1.387016 -19.862225
-276.1314 -1.681282 -23.00188
-276.1314 -1.681267 -23.0019
-276.67767 -2.301353 -26.75256
-277.33804 -3.11834 -31.377148
-278.11523 -4.032677 -36.9099
-278.91852 -5.00695 -42.894127
-278.91852 -5.006966 -42.89416
-279.69104 -6.023247 -48.904827
-280.41943 -7.300957 -54.91736
-281.14325 -8.649467 -60.880604
-281.9295 -9.589211 -66.81361
-281.9295 -9.589195 -66.813644
-282.7216 -10.472054 -72.82786
-283.4395 -11.618279 -78.86261
-284.0576 -12.785591 -84.83946
-284.0576 -12.785591 -84.83949
-284.49512 -13.994118 -90.81927
-284.64932 -15.287712 -96.8054
-284.48425 -16.687721 -102.77123
-284.00262 -18.243523 -108.688965
-284.0026 -18.243538 -108.688995
-283.25858 -19.847237 -114.56544
-282.2931 -21.258736 -120.44558
-281.04147 -22.467888 -126.23297
-279.79907 -22.75315 -132.20433
-279.79907 -22.75315 -132.20435
-124.4604 -19.427238 348.4441
-129.01831 -17.461937 346.9538
-135.01093 -17.532997 344.46774
-140.44705 -17.73951 341.63583
-140.44705 -17.739525 341.6358
-145.53224 -17.879478 338.74316
-150.4914 -16.974815 336.22174
-155.53583 -15.334236 333.83347
-160.659 -13.521675 331.23825
-165.84006 -11.898323 328.36865
-165.84006 -11.898308 328.36868
-171.05328 -10.640648 325.3188
-176.01765 -9.695671 321.84772
-180.45193 -8.796257 317.79742
-184.36446 -7.695671 313.36356
-187.8967 -6.285042 308.79303
-190.98344 -4.548027 304.08957
-193.56093 -2.539619 299.192
-195.73035 -0.3666 294.10944
-195.73035 -0.366615 294.1094
-197.62633 1.844521 288.8515
-199.36412 3.981331 283.4285
-201.01994 5.944481 277.85657
-202.61601 7.709953 272.17612
-204.12608 9.339058 266.43094
-205.52527 10.871513 260.63507
-206.79514 12.342278 254.79568
-207.93504 13.769234 248.91692
-209.00061 15.165367 242.996
-210.04237 16.53083 237.03743
-210.04237 16.530815 237.03748
-211.00864 17.740776 231.04625
-211.93231 18.764412 225.02771
-211.93231 18.764427 225.02773
-213.00392 19.799965 218.99081
-214.14178 20.7779 212.94788
-214.14177 20.77787 212.94788
-215.21677 21.592842 206.9058
-216.34705 22.276863 200.86781
-217.6935 22.934502 194.83781
-217.69348 22.934502 194.83783
-219.05267 23.595406 188.81728
-220.35912 24.18586 182.80396
-220.3591 24.18586 182.80397
-221.71269 24.649605 176.79582
-223.13599 25.029732 170.7941
-224.59514 25.361397 164.8003
-226.06096 25.707375 158.81596
-226.06094 25.707375 158.81598
-227.5882 25.997765 152.8437
-229.19675 26.190681 146.88634
-229.19675 26.190697 146.88637
-230.87134 26.244316 140.94667
-232.62819 26.179436 135.02805
-234.46637 26.028435 129.13408
-234.46635 26.028435 129.13411
-236.38718 25.824486 123.270386
-238.4041 25.58387 117.44743
-238.40408 25.583855 117.44744
-240.52332 25.318962 111.67534
-242.75331 25.071815 105.95511
-245.11478 24.929497 100.306145
-247.72144 25.162895 94.86219
-247.72145 25.162895 94.86215
-250.55624 25.561058 89.45191
-253.33292 25.440117 83.77833
-255.91968 24.672081 78.04579
-255.91968 24.67205 78.045746
-258.4455 23.708397 72.48432
-260.95868 22.996788 67.01857
-263.32898 22.271172 61.410645
-265.48935 21.359337 55.732254
-265.48935 21.359306 55.73222
-267.3935 20.272545 50.010117
-268.99286 19.024483 44.23524
-270.2336 17.632042 38.40601
-271.10712 16.11425 32.538055
-271.10715 16.11425 32.538025
-271.67798 14.485497 26.654568
-272.0482 12.727959 20.764475
-272.3043 10.773933 14.866508
-272.3043 10.773918 14.866476
-272.53668 8.656792 9.139718
-272.77527 6.768852 4.259758
-273.01062 5.270271 0.301841
-273.18277 3.962746 -2.892402
-273.18274 3.96273 -2.892418
-273.27655 2.503944 -5.817927
-273.3996 1.134636 -8.560194
-273.67697 0.240852 -11.185703
-274.04767 -0.415367 -14.021872
-274.04767 -0.415382 -14.021888
-274.47275 -0.899574 -17.025993
-274.96625 -1.110512 -19.989738
-275.4804 -1.406563 -23.133326
-275.4804 -1.406548 -23.133345
-276.03162 -2.030373 -26.891987
-276.6969 -2.849968 -31.516903
-277.4789 -3.766075 -37.04422
-278.28632 -4.742363 -43.02269
-278.28632 -4.742363 -43.02272
-279.0622 -5.760582 -49.030495
-279.7938 -7.04174 -55.04845
-280.52026 -8.391945 -61.014664
-281.3078 -9.329399 -66.937195
-281.3078 -9.329399 -66.93723
-282.1014 -10.212532 -72.94769
-282.82138 -11.361305 -78.98545
-283.4406 -12.529945 -84.953995
-283.4406 -12.529961 -84.95403
-283.88165 -13.741371 -90.9169
-284.04385 -15.040352 -96.87703
-283.88733 -16.446083 -102.81426
-283.4213 -18.010307 -108.7063
-283.4213 -18.010338 -108.70632
-282.66202 -19.609291 -114.55445
-281.62152 -20.989449 -120.3973
-280.3687 -22.191948 -126.142136
-278.95557 -22.412254 -132.02756
-278.95557 -22.412254 -132.02757
-128.7503 -17.50988 346.10657
-134.70801 -17.563194 343.70834
-140.0348 -17.771843 340.86154
-140.0348 -17.771858 340.8615
-145.09882 -17.91175 337.9813
-150.08315 -17.00782 335.41116
-155.12897 -15.368538 332.9609
-160.20296 -13.557686 330.32913
-165.3145 -11.937218 327.4184
-165.3145 -11.937202 327.4184
-170.46379 -10.683037 324.31216
-175.33414 -9.739326 320.87006
-179.64915 -8.839775 316.9207
-183.46196 -7.739388 312.5688
-186.9288 -6.329063 308.04187
-189.95467 -4.591576 303.41177
-192.47806 -2.582115 298.62097
-194.61766 -0.408165 293.6304
-194.61766 -0.408165 293.63037
-196.50087 1.803444 288.43753
-198.23497 3.940269 283.05563
-199.89062 5.903191 277.50897
-201.48634 7.668388 271.8472
-202.99384 9.297279 266.12332
-204.38873 10.829628 260.35175
-205.6532 12.300346 254.5391
-206.78769 13.727257 248.68652
-207.84969 15.123283 242.78477
-208.89005 16.488625 236.83818
-208.89005 16.488655 236.83823
-209.85736 17.698494 230.85275
-210.78464 18.7221 224.83499
-210.78464 18.722115 224.83504
-211.86232 19.75776 218.7954
-213.0081 20.735847 212.74847
-213.0081 20.735832 212.74847
-214.09236 21.551033 206.7018
-215.23294 22.235298 200.6584
-216.59041 22.893288 194.62227
-216.5904 22.893272 194.62228
-217.96112 23.554497 188.59486
-219.27946 24.145287 182.57408
-219.27946 24.145302 182.5741
-220.64523 24.609383 176.55786
-222.08084 24.98986 170.54738
-222.08084 24.98986 170.54736
-223.55228 25.321861 164.54405
-225.03001 25.66816 158.54941
-225.03001 25.66816 158.54942
-226.56839 25.958794 152.56607
-228.1872 26.151924 146.59729
-228.18718 26.151924 146.5973
-229.87164 26.205772 140.646
-231.63885 26.14112 134.71571
-233.48917 25.990425 128.81041
-233.48915 25.99044 128.81042
-235.42517 25.786903 122.936005
-237.46039 25.546806 117.10316
-237.46039 25.546806 117.10317
-239.59996 25.282524 111.32149
-241.85075 25.035927 105.59201
-244.2335 24.894173 99.93106
-246.8675 25.12809 94.45919
-246.86751 25.128075 94.45916
-249.724 25.52668 89.02901
-252.50215 25.40609 83.37474
-255.08543 24.638634 77.67179
-255.08545 24.638618 77.67176
-257.61786 23.675362 72.12011
-260.1435 22.963982 66.65426
-262.51736 22.2389 61.070377
-264.67825 21.32766 55.426075
-264.67825 21.32766 55.42604
-266.58173 20.241432 49.742683
-268.17862 18.993904 44.01254
-269.41556 17.601936 38.234604
-270.2858 16.084526 32.41885
-270.2858 16.084541 32.418816
-270.85437 14.456047 26.578926
-271.22003 12.698601 20.718681
-271.46948 10.744682 14.838685
-271.46948 10.744667 14.838653
-271.70715 8.628044 9.115935
-271.96545 6.740852 4.229988
-272.2183 5.24279 0.264653
-272.40155 3.935966 -2.92502
-272.40155 3.935951 -2.925037
-272.50262 2.478325 -5.834023
-272.6319 1.10923 -8.581154
-272.91678 0.214302 -11.246486
-273.2941 -0.442604 -14.10839
-273.2941 -0.442619 -14.108407
-273.72528 -0.92701 -17.126019
-274.22586 -1.138084 -20.109762
-274.7437 -1.433952 -23.251987
-274.7437 -1.433937 -23.252008
-275.2974 -2.057396 -26.996668
-275.96774 -2.876732 -31.61745
-276.75583 -3.792656 -37.14279
-277.56842 -4.768745 -43.11598
-277.56842 -4.768745 -43.116013
-278.3481 -5.786781 -49.118755
-279.0822 -7.067604 -55.12999
-279.81122 -8.417641 -61.095203
-280.60217 -9.355339 -67.02643
-280.60217 -9.355324 -67.02647
-281.39804 -10.238426 -73.03695
-282.11926 -11.38694 -79.064835
-282.74048 -12.555443 -85.02251
-282.74048 -12.555443 -85.022545
-283.18707 -13.766563 -90.965004
-283.36102 -15.065025 -96.89315
-283.21768 -16.470177 -102.794136
-282.7731 -18.033577 -108.652626
-282.7731 -18.033592 -108.65265
-282.00162 -19.633034 -114.46197
-280.88177 -21.01632 -120.256516
-279.62622 -22.21949 -125.9735
-278.03546 -22.46392 -131.78192
-278.03543 -22.463936 -131.78195
-128.56506 -17.923088 345.41315
-134.47348 -17.941689 343.0928
-139.68318 -18.17736 340.24765
-139.68318 -18.177391 340.24762
-144.7414 -18.316154 337.37137
-149.8046 -17.42138 334.7325
-154.89778 -15.798668 332.21036
-159.94542 -14.009438 329.5386
-164.98903 -12.424721 326.59604
-164.98904 -12.424721 326.59607
-170.06413 -11.21447 323.4547
-174.84344 -10.287102 320.0381
-179.05762 -9.385445 316.16034
-182.7945 -8.287437 311.85635
-186.22098 -6.880928 307.33847
-189.20741 -5.13755 302.73346
-191.6865 -3.114632 297.9974
-193.79407 -0.929039 293.06366
-195.65703 1.28846 287.92062
-197.3788 3.425728 282.58054
-199.026 5.385719 277.06992
-200.61449 7.147346 271.43936
-202.11423 8.773872 265.7442
-203.50102 10.304695 259.99973
-204.75719 11.774376 254.21324
-205.88388 13.200432 248.385
-206.94026 14.595314 242.50317
-207.9774 15.959526 236.57231
-207.9774 15.959526 236.57234
-208.94385 17.168602 230.59912
-209.87267 18.192146 224.59073
-209.87267 18.192146 224.59076
-210.95412 19.228691 218.5581
-212.10533 20.208778 212.51602
-212.10532 20.208763 212.51602
-213.19627 21.026833 206.47229
-214.34462 21.714607 200.4301
-215.71057 22.376488 194.39346
-215.71057 22.376488 194.39348
-217.09033 23.041954 188.36423
-218.41801 23.637062 182.34106
-219.79321 24.105446 176.32245
-221.23819 24.490135 170.30945
-221.23819 24.49012 170.30946
-222.71884 24.826225 164.30348
-224.20522 25.176338 158.30591
-224.20522 25.176323 158.30592
-225.7514 25.470284 152.31938
-227.3771 25.666252 146.34734
-227.3771 25.666252 146.34735
-229.0679 25.722725 140.39285
-230.84164 25.660957 134.45961
-232.69957 25.514 128.5519
-232.69957 25.514 128.55191
-234.64536 25.31565 122.67585
-236.69293 25.082253 116.84111
-236.69293 25.082237 116.841125
-238.84714 24.825447 111.05561
-241.11343 24.586418 105.32085
-243.51416 24.4515 99.64749
-246.18112 24.69178 94.12976
-246.18112 24.691765 94.12973
-249.06223 25.095528 88.6684
-251.82735 24.979713 83.05896
-254.39171 24.219307 77.41556
-254.39172 24.219276 77.41553
-256.92804 23.261223 71.875534
-259.47067 22.552635 66.39347
-261.84586 21.834114 60.834873
-264.00446 20.93055 55.229385
-264.00446 20.930534 55.22935
-265.90628 19.851753 49.5876
-267.5018 18.610985 43.903343
-268.73816 17.22477 38.175858
-269.60953 15.712044 32.410088
-269.60956 15.712029 32.410053
-270.18018 14.086845 26.612257
-270.545 12.330788 20.78432
-270.79062 10.377953 14.930392
-270.79065 10.377953 14.93036
-271.03253 8.267555 9.220498
-271.3057 6.389915 4.329541
-271.57178 4.898323 0.353062
-271.76416 3.600533 -2.825165
-271.76416 3.600517 -2.825181
-271.8727 2.157372 -5.699068
-272.0063 0.790947 -8.451279
-272.29462 -0.118599 -11.190275
-272.67694 -0.78434 -14.104406
-272.67697 -0.78434 -14.104424
-273.1151 -1.271294 -17.155931
-273.62497 -1.483864 -20.184303
-274.14484 -1.777458 -23.319904
-274.14484 -1.777458 -23.319923
-274.6975 -2.396248 -27.03134
-275.37146 -3.212379 -31.644497
-276.1651 -4.126045 -37.172203
-276.98236 -5.099602 -43.14225
-276.98236 -5.099617 -43.14229
-277.76526 -6.115257 -49.139286
-278.50034 -7.391777 -55.13286
-279.2309 -8.739677 -61.093113
-280.02643 -9.680214 -67.05089
-280.02643 -9.680199 -67.05093
-280.8247 -10.56295 -73.065475
-281.5459 -11.708275 -79.07272
-282.16937 -12.875114 -85.02016
-282.16937 -12.875114 -85.02018
-282.62204 -14.082619 -90.94488
-282.80807 -15.37429 -96.84455
-282.67877 -16.772346 -102.71242
-282.25525 -18.325203 -108.53941
-282.25525 -18.325218 -108.53944
-281.47864 -19.93058 -114.31077
-280.29962 -21.353065 -120.06024
-279.0404 -22.564568 -125.7739
-277.30487 -22.905083 -131.53671
-277.30487 -22.905098 -131.53674
-128.47104 -18.473167 344.9643
-134.32864 -18.435951 342.6926
-139.4423 -18.706917 339.8581
-139.44232 -18.706917 339.85806
-144.50476 -18.844261 336.98013
-149.66019 -17.961403 334.2761
-154.8166 -16.360298 331.692
-159.85657 -14.599297 328.98697
-164.84787 -13.061333 326.02487
-164.84789 -13.061333 326.02487
-169.8591 -11.908409 322.8681
-174.56879 -11.002388 319.46936
-178.71448 -10.097984 315.63104
-182.4054 -9.003059 311.3453
-185.81453 -7.60154 306.8149
-188.78227 -5.850502 302.20203
-191.23221 -3.810005 297.4793
-193.31345 -1.609245 292.57013
-193.31345 -1.609245 292.5701
-195.1563 0.61599 287.4574
-196.86351 2.753899 282.1505
-198.49942 4.710091 276.6742
-200.07834 6.466972 271.07523
-201.56906 8.09037 265.40674
-202.94737 9.61924 259.68506
-204.19534 11.087563 253.91875
-205.31462 12.512474 248.10846
-206.36542 13.905846 242.24269
-207.39899 15.268593 236.32631
-207.39899 15.268608 236.32635
-208.36372 16.476677 230.36633
-209.29257 17.50016 224.37015
-209.29257 17.50016 224.37018
-210.37561 18.53785 218.34845
-211.52965 19.520485 212.31525
-211.52963 19.52047 212.31523
-212.6244 20.342278 206.27815
-213.77737 21.034615 200.24063
-215.14856 21.701683 194.2068
-216.53401 22.372627 188.17896
-217.8675 22.97335 182.15681
-217.8675 22.97335 182.15683
-219.24849 23.447334 176.13956
-220.69916 23.837578 170.12816
-222.18521 24.179024 164.124
-223.67654 24.534065 158.12831
-223.67654 24.53405 158.12833
-225.22696 24.832314 152.14375
-226.85617 25.032005 146.1738
-226.85617 25.032005 146.17381
-228.54994 25.092003 140.22165
-230.3266 25.033989 134.29102
-232.1879 24.891869 128.38654
-232.1879 24.891869 128.38655
-234.13824 24.700294 122.51438
-236.1922 24.475578 116.68267
-236.19218 24.475594 116.682686
-238.35461 24.228508 110.897415
-240.63007 23.999321 105.16078
-243.04295 23.87342 99.47748
-245.73889 24.122032 93.91366
-245.73889 24.122032 93.91363
-248.64091 24.532524 88.42146
-251.38759 24.42292 82.86159
-253.92836 23.6717 77.28182
-253.92838 23.671669 77.28179
-256.46625 22.720406 71.75201
-259.02475 22.01551 66.24809
-261.39972 21.305489 60.709984
-263.5549 20.411964 55.13758
-263.5549 20.411934 55.137543
-265.4549 19.342873 49.53001
-267.05 18.110924 43.88231
-268.28766 16.732262 38.193813
-269.16248 15.225594 32.46599
-269.16248 15.225594 32.465958
-269.73718 13.604744 26.7003
-270.10342 11.850517 20.899042
-270.3477 9.899055 15.070083
-270.3477 9.899055 15.070051
-270.59235 7.796791 9.375256
-270.87442 5.931618 4.480961
-271.14844 4.448524 0.493671
-271.3468 3.162529 -2.671719
-271.3468 3.162498 -2.671736
-271.46133 1.738243 -5.5076
-271.59717 0.375298 -8.263907
-271.88586 -0.553307 -11.07979
-272.27124 -1.230553 -14.049857
-272.27127 -1.230568 -14.049875
-272.7154 -1.720894 -17.139517
-273.23373 -1.935417 -20.216831
-273.75418 -2.226067 -23.344278
-273.75418 -2.226067 -23.344297
-274.3041 -2.838768 -27.018764
-274.98004 -3.650597 -31.623919
-275.77774 -4.561378 -37.155914
-276.59833 -5.5317 -43.124725
-276.59836 -5.531685 -43.124763
-277.3834 -6.544197 -49.116875
-278.1184 -7.815086 -55.090412
-278.8496 -9.16021 -61.044518
-279.64944 -10.104469 -67.03321
-279.64944 -10.104454 -67.03326
-280.4497 -10.986717 -73.05329
-281.17007 -12.127922 -79.038284
-281.79553 -13.292534 -84.97805
-281.79553 -13.292549 -84.97809
-282.25323 -14.495338 -90.890335
-282.44894 -15.778221 -96.76969
-282.3311 -17.166954 -102.61339
-281.92383 -18.706047 -108.41696
-281.92383 -18.706047 -108.416985
-281.14716 -20.31916 -114.15903
-279.93323 -21.79284 -119.875015
-278.67072 -23.015114 -125.60003
-276.84924 -23.492638 -131.34496
-276.84924 -23.492638 -131.34499
-128.45177 -19.058311 344.7383
-134.26184 -18.963844 342.4847
-139.3038 -19.272484 339.66626
-139.3038 -19.2725 339.6662
-144.3772 -19.408272 336.78278
-149.62527 -18.53817 334.0225
-154.84998 -16.960152 331.3896
-159.8963 -15.229332 328.6594
-164.85155 -13.74131 325.6883
-169.81247 -12.649605 322.5316
-174.47461 -11.766411 319.14374
-178.58156 -10.859062 315.31808
-182.25237 -9.767387 311.02765
-185.66216 -8.371208 306.47058
-188.62778 -6.612022 301.82718
-191.06224 -4.552773 297.08707
-193.12383 -2.335747 292.1771
-193.12383 -2.335747 292.17703
-194.94862 -0.102226 287.07782
-196.64111 2.036293 281.79477
-198.2648 3.988426 276.34818
-199.83344 5.740273 270.77792
-201.31517 7.360329 265.1321
-202.68552 8.887138 259.42792
-203.92621 10.354057 253.67548
-205.03902 11.777657 247.8769
-206.08487 13.169472 242.02287
-207.11494 14.530632 236.1186
-207.11493 14.530647 236.11864
-208.07745 15.737633 230.17123
-209.00526 16.76101 224.18813
-209.00526 16.761024 224.18816
-210.08823 17.80001 218.17912
-211.24298 18.785423 212.15671
-211.24297 18.785408 212.15671
-212.33914 19.611168 206.1282
-213.49403 20.308372 200.09738
-214.86763 20.980904 194.06845
-216.25578 21.657722 188.04414
-217.59206 22.264458 182.02534
-217.59204 22.264473 182.02536
-218.97568 22.744438 176.012
-220.42885 23.140602 170.00496
-220.42885 23.140602 170.00497
-221.9171 23.487755 164.00558
-223.41025 23.848091 158.01505
-223.41025 23.848076 158.01506
-224.96196 24.150948 152.03595
-226.59192 24.354637 146.07166
-228.286 24.418312 140.12549
-230.06265 24.364326 134.20117
-231.924 24.227379 128.30357
-231.924 24.227394 128.30359
-233.87479 24.043053 122.43885
-235.93015 23.827614 116.61342
-235.93013 23.827599 116.61343
-238.09541 23.59092 110.831276
-240.37465 23.372276 105.09538
-242.7944 23.255959 99.40484
-245.51364 23.513496 93.79929
-245.51366 23.513496 93.799255
-248.43192 23.93119 88.2796
-251.15811 23.82824 82.76779
-253.67429 23.0868 77.24831
-253.67429 23.086784 77.248276
-256.21185 22.1428 71.726654
-258.78387 21.441826 66.19901
-261.1576 20.740898 60.67598
-263.3089 19.85804 55.12934
-263.30893 19.858025 55.129303
-265.2071 18.799309 49.54735
-266.8024 17.576836 43.926003
-268.04266 16.20623 38.26454
-268.92224 14.706078 32.56233
-268.92224 14.706062 32.562298
-269.50204 13.089821 26.818544
-269.8712 11.337532 21.037336
-270.11597 9.387596 15.230132
-270.116 9.387596 15.2301
-270.362 7.294014 9.550476
-270.6479 5.442146 4.654365
-270.9253 3.968102 0.657525
-271.12683 2.69471 -2.495255
-271.12683 2.694695 -2.495271
-271.24564 1.290565 -5.294775
-271.38208 -0.068642 -8.054108
-271.66895 -1.017586 -10.941629
-272.05566 -1.707115 -13.96477
-272.05566 -1.70713 -13.964787
-272.5045 -2.201088 -17.091787
-273.02994 -2.417686 -20.216297
-273.5499 -2.705208 -23.335302
-273.5499 -2.705208 -23.335321
-274.09613 -3.311363 -26.973825
-274.77274 -4.118645 -31.571516
-275.57306 -5.026375 -37.108765
-276.39575 -5.993172 -43.07782
-276.39575 -5.993187 -43.077858
-277.18195 -7.002312 -49.066174
-277.9161 -8.267174 -55.019947
-278.64725 -9.609367 -60.967655
-279.45078 -10.55761 -66.987366
-279.45078 -10.55761 -66.987404
-280.25244 -11.439369 -73.01341
-280.97162 -12.576134 -78.977196
-281.59857 -13.738426 -84.911865
-281.59857 -13.738441 -84.911896
-282.06012 -14.936134 -90.81671
-282.26282 -16.209648 -96.68358
-282.1535 -17.588417 -102.51184
-281.75745 -19.112785 -108.29995
-281.75745 -19.112816 -108.29998
-280.98444 -20.734215 -114.021835
-279.75626 -22.26258 -119.71588
-278.49097 -23.496376 -125.4615
-276.6388 -24.117577 -131.21236
-276.6388 -24.117592 -131.21239
-128.50061 -19.665184 344.71805
-134.27048 -19.525002 342.46286
-139.26428 -19.87371 339.66568
-139.26428 -19.87371 339.66565
-144.3551 -20.007881 336.77295
-149.69638 -19.151299 333.96503
-154.99432 -17.597816 331.296
-160.06061 -15.899055 328.54837
-164.99553 -14.464149 325.5785
-164.99553 -14.464134 325.5785
-169.91925 -13.437523 322.43692
-174.55518 -12.578575 319.05304
-178.65213 -11.668098 315.2142
-182.32776 -10.579903 310.89682
-185.75568 -9.1894 306.29935
-188.73523 -7.421547 301.60358
-191.1674 -5.342339 296.81625
-193.21573 -3.108055 291.8809
-193.21573 -3.10807 291.88086
-195.02449 -0.865746 286.77875
-196.70206 1.27346 281.5105
-198.31262 3.22126 276.08923
-199.87027 4.967751 270.54498
-201.34303 6.584236 264.91788
-202.70592 8.108833 259.22614
-203.9402 9.574242 253.48152
-205.0475 10.996529 247.68858
-206.08894 12.38665 241.84206
-207.11559 13.746132 235.94771
-207.11559 13.746147 235.94772
-208.07545 14.952003 230.01239
-209.00117 15.975273 224.04318
-209.00116 15.975288 224.04321
-210.08243 17.015648 218.04861
-211.23587 18.00399 212.03891
-211.23586 18.003975 212.03891
-212.33105 18.833946 206.02087
-213.48529 19.536339 199.9987
-214.85852 20.21473 193.97668
-214.85852 20.214714 193.97672
-216.24654 20.897743 187.95805
-217.58264 21.510872 181.94481
-217.58264 21.510857 181.94482
-218.96587 21.997261 175.93784
-220.41844 22.399712 169.93787
-220.41843 22.399681 169.93788
-221.90579 22.752937 163.94614
-223.39774 23.118874 157.96391
-223.39774 23.118858 157.96393
-224.94789 23.426613 151.99362
-226.57593 23.63456 146.03851
-228.26767 23.702171 140.10188
-230.04161 23.652428 134.18747
-231.89977 23.520988 128.30032
-231.89977 23.520988 128.30034
-233.84698 23.344337 122.44645
-235.89897 23.138756 116.63043
-235.89897 23.138756 116.63044
-238.06187 22.91317 110.854225
-240.33963 22.705727 105.12156
-242.76112 22.599571 99.426384
-245.49823 22.866539 93.7833
-245.49825 22.866524 93.783264
-248.42822 23.291908 88.23927
-251.13197 23.196053 82.774155
-253.62254 22.46505 77.31181
-253.62256 22.465034 77.311775
-256.15805 21.528786 71.79635
-258.7413 20.831947 66.24316
-261.1127 20.140709 60.729973
-263.25974 19.269218 55.20201
-263.25974 19.269203 55.20198
-265.15613 18.221504 49.637268
-266.75232 17.009071 44.03247
-267.99646 15.647011 38.38649
-268.882 14.153755 32.697975
-268.882 14.153755 32.69794
-269.46786 12.542412 26.966187
-269.84137 10.792168 21.198633
-270.0885 8.84388 15.410101
-270.08853 8.843864 15.410069
-270.3346 6.759529 9.745747
-270.6193 4.921791 4.849277
-270.89566 3.457405 0.844105
-271.09772 2.197411 -2.296284
-271.09772 2.197395 -2.296301
-271.21924 0.814674 -5.060997
-271.35468 -0.54055 -7.822297
-271.63757 -1.511162 -10.776473
-272.0239 -2.213737 -13.849983
-272.0239 -2.213737 -13.85
-272.47617 -2.711555 -17.013678
-273.00735 -2.930397 -20.183731
-273.52588 -3.214546 -23.293987
-273.52588 -3.214561 -23.294006
-274.06744 -3.813789 -26.897451
-274.7434 -4.616249 -31.488214
-275.54495 -5.520668 -37.03168
-276.36853 -6.483757 -43.002415
-276.36853 -6.483757 -43.00245
-277.15494 -7.489311 -48.988
-277.8875 -8.747795 -54.92225
-278.61798 -10.08683 -60.863327
-279.4245 -11.03936 -66.914154
-279.42453 -11.039345 -66.9142
-280.2271 -11.92054 -72.94664
-280.94467 -13.05262 -78.890175
-281.5727 -14.212395 -84.822235
-281.5727 -14.212395 -84.82227
-282.03687 -15.404747 -90.72452
-282.24402 -16.66822 -96.58648
-282.14035 -18.036446 -102.40774
-281.7507 -19.54522 -108.18809
-281.75067 -19.54525 -108.18812
-280.98486 -21.175423 -113.89854
-279.7625 -22.76191 -119.5818
-278.49493 -24.007988 -125.35705
-276.6538 -24.765312 -131.13535
-276.65378 -24.765312 -131.13538
-124.4604 -19.427238 348.44406
-128.64418 -20.367378 344.96533
-134.38339 -20.191673 342.6934
-139.35606 -20.587975 339.9269
-139.35606 -20.58799 339.92688
-144.47511 -20.720222 337.01883
-149.92029 -19.879723 334.1699
-155.30609 -18.3554 331.47827
-160.4131 -16.694695 328.722
-165.34703 -15.322853 325.76752
-170.24751 -14.373589 322.66327
-174.8836 -13.543404 319.2744
-179.00887 -12.629204 315.3855
-182.72403 -11.545158 311.00787
-186.19598 -10.161446 306.34695
-189.21294 -8.383247 301.5632
-191.66064 -6.280357 296.6828
-193.70305 -4.025581 291.68573
-193.70305 -4.025597 291.6857
-195.49677 -1.772835 286.55817
-197.15761 0.36721 281.2937
-198.7524 2.309898 275.89444
-200.29692 4.049934 270.37524
-201.75972 5.662224 264.76358
-203.11508 7.184227 259.07858
-204.34344 8.64785 253.33437
-205.44592 10.06855 247.53937
-206.48325 11.456596 241.69543
-207.50626 12.814125 235.80893
-207.50624 12.81411 235.80896
-208.4626 14.018654 229.88628
-209.38457 15.041817 223.93356
-209.38457 15.041832 223.9336
-210.4617 16.083778 217.95726
-211.61087 17.0756 211.96425
-211.61086 17.075584 211.96426
-212.70177 17.910591 205.96045
-213.8517 18.619164 199.95055
-215.22075 19.304466 193.93892
-215.22075 19.304466 193.93893
-216.6047 19.994896 187.92943
-217.93658 20.615608 181.92543
-217.93658 20.615593 181.92546
-219.31522 21.10955 175.92888
-220.76285 21.519478 169.94038
-220.76285 21.519463 169.94038
-222.245 21.879921 163.9611
-223.73146 22.25251 157.99243
-223.73146 22.252495 157.99245
-225.27599 22.566093 152.03654
-226.89821 22.77909 146.09631
-226.89821 22.77909 146.09633
-228.5838 22.851357 140.17511
-230.35098 22.806679 134.27663
-232.20122 22.681786 128.40594
-232.2012 22.681786 128.40598
-234.13895 22.514305 122.56877
-236.1807 22.320427 116.76742
-236.18068 22.320412 116.76743
-238.33386 22.10801 111.001625
-240.60274 21.913857 105.27598
-243.01915 21.819786 99.57926
-245.76857 22.098 93.900375
-245.76859 22.097984 93.900345
-248.70537 22.532478 88.333725
-251.38153 22.445 82.918365
-253.8424 21.726402 77.514915
-253.8424 21.726372 77.514885
-256.37314 20.799278 72.003654
-258.9657 20.10743 66.419655
-261.33313 19.427696 60.91021
-263.4748 18.569695 55.393234
-263.47482 18.56968 55.3932
-265.36932 17.535042 49.836205
-266.9674 16.334557 44.236256
-268.2175 14.982643 38.591576
-269.11136 13.497612 32.90191
-269.11136 13.497612 32.901882
-269.7053 11.892082 27.169842
-270.0856 10.144325 21.408669
-270.33783 8.197929 15.636599
-270.33783 8.197914 15.636566
-270.5822 6.124565 9.98931
-270.85883 4.303596 5.094442
-271.128 2.85067 1.081761
-271.32697 1.606606 -2.045238
-271.32697 1.60659 -2.045254
-271.44922 0.249321 -4.773567
-271.5814 -1.101189 -7.535603
-271.8569 -2.097542 -10.556696
-272.2405 -2.815636 -13.68225
-272.2405 -2.815636 -13.682268
-272.6949 -3.31797 -16.88563
-273.23068 -3.539467 -20.103825
-273.74612 -3.819664 -23.203962
-273.74615 -3.819664 -23.203981
-274.2813 -4.410683 -26.769878
-274.9548 -5.207405 -31.353722
-275.75568 -6.107933 -36.905373
-276.57855 -7.066612 -42.879906
-276.57855 -7.066597 -42.879944
-277.36395 -8.067924 -48.863815
-278.09375 -9.318764 -54.776787
-278.8225 -10.654076 -60.71022
-279.63156 -11.611641 -66.79564
-279.63156 -11.611656 -66.79568
-280.43454 -12.492165 -72.83589
-281.14972 -13.618614 -78.75835
-281.77844 -14.775459 -84.69095
-281.77844 -14.775444 -84.69098
-282.24387 -15.961418 -90.597046
-282.45236 -17.21302 -96.46387
-282.35104 -18.568748 -102.28896
-281.96185 -20.058952 -108.07129
-281.96185 -20.058983 -108.07133
-281.2088 -21.699577 -113.78107
-280.02032 -23.355125 -119.4677
-278.75095 -24.615746 -125.2881
-276.9657 -25.514122 -131.12254
-276.9657 -25.514137 -131.12257
-277.6914 -24.63433 -136.25641
POLYGONS 2835 11340
3 0 1 2
3 0 2 3
3 3 2 4
3 3 4 5
3 5 4 6
3 7 8 9
3 9 8 10
3 9 10 11
3 11 10 12
3 11 12 13
3 13 12 14
3 13 14 15
3 15 14 16
3 15 16 17
3 17 16 18
3 19 20 21
3 21 20 22
3 21 22 23
3 23 22 24
3 23 24 25
3 25 24 26
3 25 26 27
3 27 26 28
3 27 28 29
3 29 28 30
3 29 30 31
3 31 30 32
3 31 32 33
3 33 32 34
3 33 34 35
3 35 34 36
3 37 38 39
3 39 38 40
3 39 40 41
3 41 40 42
3 41 42 43
3 43 42 44
3 43 44 45
3 45 44 46
3 45 46 47
3 47 46 48
3 47 48 49
3 49 48 50
3 49 50 51
3 51 50 52
3 51 52 53
3 53 52 54
3 53 54 55
3 55 54 56
3 55 56 57
3 57 56 58
3 59 60 61
3 61 60 62
3 61 62 63
3 63 62 64
3 65 66 67
3 67 66 68
3 67 68 69
3 69 68 70
3 71 72 73
3 73 72 74
3 73 74 75
3 75 74 76
3 75 76 77
3 77 76 78
3 79 80 81
3 81 80 82
3 81 82 83
3 83 82 84
3 85 86 87
3 87 86 88
3 87 88 89
3 89 88 90
3 91 92 93
3 93 92 94
3 93 94 95
3 95 94 96
3 97 98 99
3 99 98 100
3 99 100 101
3 101 100 102
3 103 104 105
3 105 104 106
3 105 106 107
3 107 106 108
3 107 108 109
3 109 108 110
3 111 112 113
3 113 112 114
3 113 114 115
3 115 114 116
3 117 118 119
3 119 118 120
3 119 120 121
3 121 120 122
3 121 122 123
3 123 122 124
3 123 124 125
3 125 124 126
3 127 128 129
3 129 128 130
3 129 130 131
3 131 130 132
3 131 132 133
3 133 132 134
3 135 136 137
3 137 136 138
3 137 138 139
3 139 138 140
3 139 140 141
3 141 140 142
3 141 142 143
3 143 142 144
3 145 146 147
3 147 146 148
3 147 148 149
3 149 148 150
3 149 150 151
3 151 150 152
3 151 152 153
3 153 152 154
3 155 156 157
3 157 156 158
3 157 158 159
3 159 158 160
3 159 160 161
3 161 160 162
3 163 164 165
3 165 164 166
3 165 166 167
3 167 166 168
3 167 168 169
3 169 168 170
3 169 170 171
3 171 170 172
3 173 174 175
3 175 174 176
3 175 176 177
3 177 176 178
3 177 178 179
3 179 178 180
3 179 180 181
3 181 180 182
3 183 184 185
3 185 184 186
3 185 186 187
3 187 186 188
3 187 188 189
3 189 188 190
3 191 192 193
3 193 192 194
3 193 194 195
3 195 194 196
3 195 196 197
3 197 196 198
3 197 198 199
3 199 198 200
3 201 202 203
3 203 202 204
3 203 204 205
3 205 204 206
3 205 206 207
3 207 206 208
3 207 208 209
3 209 208 210
3 211 212 213
3 213 212 214
3 213 214 215
3 215 214 216
3 215 216 217
3 217 216 218
3 219 220 221
3 221 220 222
3 221 222 223
3 223 222 224
3 223 224 225
3 225 224 226
3 225 226 227
3 227 226 228
3 229 230 231
3 231 230 232
3 231 232 233
3 233 232 234
3 233 234 235
3 235 234 236
3 235 236 237
3 237 236 238
3 239 240 241
3 2 1 242
3 2 242 4
3 4 242 243
3 4 243 6
3 6 243 244
3 8 245 10
3 10 245 246
3 10 246 12
3 12 246 247
3 12 247 14
3 14 247 248
3 14 248 16
3 16 248 249
3 16 249 18
3 18 249 250
3 20 250 22
3 22 250 251
3 22 251 24
3 24 251 252
3 24 252 26
3 26 252 253
3 26 253 28
3 28 253 254
3 28 254 30
3 30 254 255
3 30 255 32
3 32 255 256
3 32 256 34
3 34 256 257
3 34 257 36
3 36 257 258
3 38 259 40
3 40 259 260
3 40 260 42
3 42 260 261
3 42 261 44
3 44 261 262
3 44 262 46
3 46 262 263
3 46 263 48
3 48 263 264
3 48 264 50
3 50 264 265
3 50 265 52
3 52 265 266
3 52 266 54
3 54 266 267
3 54 267 56
3 56 267 268
3 56 268 58
3 58 268 269
3 60 270 62
3 62 270 271
3 62 271 64
3 64 271 272
3 66 273 68
3 68 273 274
3 68 274 70
3 70 274 275
3 72 276 74
3 74 276 277
3 74 277 76
3 76 277 278
3 76 278 78
3 78 278 279
3 80 279 82
3 82 279 280
3 82 280 84
3 84 280 281
3 86 282 88
3 88 282 283
3 88 283 90
3 90 283 284
3 92 285 94
3 94 285 286
3 94 286 96
3 96 286 287
3 98 287 100
3 100 287 288
3 100 288 102
3 102 288 289
3 104 290 106
3 106 290 291
3 106 291 108
3 108 291 292
3 108 292 110
3 110 292 293
3 112 294 114
3 114 294 295
3 114 295 116
3 116 295 296
3 118 297 120
3 120 297 298
3 120 298 122
3 122 298 299
3 122 299 124
3 124 299 300
3 124 300 126
3 126 300 301
3 128 302 130
3 130 302 303
3 130 303 132
3 132 303 304
3 132 304 134
3 134 304 305
3 136 306 138
3 138 306 307
3 138 307 140
3 140 307 308
3 140 308 142
3 142 308 309
3 142 309 144
3 144 309 310
3 146 311 148
3 148 311 312
3 148 312 150
3 150 312 313
3 150 313 152
3 152 313 314
3 152 314 154
3 154 314 315
3 156 316 158
3 158 316 317
3 158 317 160
3 160 317 318
3 160 318 162
3 162 318 319
3 164 320 166
3 166 320 321
3 166 321 168
3 168 321 322
3 168 322 170
3 170 322 323
3 170 323 172
3 172 323 324
3 174 325 176
3 176 325 326
3 176 326 178
3 178 326 327
3 178 327 180
3 180 327 328
3 180 328 182
3 182 328 329
3 184 330 186
3 186 330 331
3 186 331 188
3 188 331 332
3 188 332 190
3 190 332 333
3 192 334 194
3 194 334 335
3 194 335 196
3 196 335 336
3 196 336 198
3 198 336 337
3 198 337 200
3 200 337 338
3 202 339 204
3 204 339 340
3 204 340 206
3 206 340 341
3 206 341 208
3 208 341 342
3 208 342 210
3 210 342 343
3 212 344 214
3 214 344 345
3 214 345 216
3 216 345 346
3 216 346 218
3 218 346 347
3 220 348 222
3 222 348 349
3 222 349 224
3 224 349 350
3 224 350 226
3 226 350 351
3 226 351 228
3 228 351 352
3 230 353 232
3 232 353 354
3 232 354 234
3 234 354 355
3 234 355 236
3 236 355 356
3 236 356 238
3 238 356 357
3 240 358 359
3 359 358 241
3 242 1 360
3 242 360 243
3 243 360 361
3 243 361 244
3 244 361 362
3 245 363 246
3 246 363 364
3 246 364 247
3 247 364 365
3 247 365 248
3 248 365 366
3 248 366 249
3 249 366 367
3 249 367 250
3 250 367 368
3 250 368 251
3 251 368 369
3 251 369 252
3 252 369 370
3 252 370 253
3 253 370 371
3 253 371 254
3 254 371 372
3 254 372 255
3 255 372 373
3 255 373 256
3 256 373 374
3 256 374 257
3 257 374 375
3 257 375 258
3 258 375 376
3 259 377 260
3 260 377 378
3 260 378 261
3 261 378 379
3 261 379 262
3 262 379 380
3 262 380 263
3 263 380 381
3 263 381 264
3 264 381 382
3 264 382 265
3 265 382 383
3 265 383 266
3 266 383 384
3 266 384 267
3 267 384 385
3 267 385 268
3 268 385 386
3 268 386 269
3 269 386 387
3 270 388 271
3 271 388 389
3 271 389 272
3 272 389 390
3 273 391 274
3 274 391 392
3 274 392 275
3 275 392 393
3 276 394 277
3 277 394 395
3 277 395 278
3 278 395 396
3 278 396 279
3 279 396 397
3 279 398 280
3 280 398 399
3 280 399 281
3 281 399 400
3 282 401 283
3 283 401 402
3 283 402 284
3 284 402 403
3 285 404 286
3 286 404 405
3 286 405 287
3 287 405 406
3 287 407 288
3 288 407 408
3 288 408 289
3 289 408 409
3 290 410 291
3 291 410 411
3 291 411 292
3 292 411 412
3 292 412 293
3 293 412 413
3 294 414 295
3 295 414 415
3 295 415 296
3 296 415 416
3 297 417 298
3 298 417 418
3 298 418 299
3 299 418 419
3 299 419 300
3 300 419 420
3 300 420 301
3 301 420 421
3 302 422 303
3 303 422 423
3 303 423 304
3 304 423 424
3 304 424 305
3 305 424 425
3 306 426 307
3 307 426 427
3 307 427 308
3 308 427 428
3 308 428 309
3 309 428 429
3 309 429 310
3 310 429 430
3 311 431 312
3 312 431 432
3 312 432 313
3 313 432 433
3 313 433 314
3 314 433 434
3 314 434 315
3 315 434 435
3 316 436 317
3 317 436 437
3 317 437 318
3 318 437 438
3 318 438 319
3 319 438 439
3 320 440 321
3 321 440 441
3 321 441 322
3 322 441 442
3 322 442 323
3 323 442 443
3 323 443 324
3 324 443 444
3 325 445 326
3 326 445 446
3 326 446 327
3 327 446 447
3 327 447 328
3 328 447 448
3 328 448 329
3 329 448 449
3 330 450 331
3 331 450 451
3 331 451 332
3 332 451 452
3 332 452 333
3 333 452 453
3 334 454 335
3 335 454 455
3 335 455 336
3 336 455 456
3 336 456 337
3 337 456 457
3 337 457 338
3 338 457 458
3 339 459 340
3 340 459 460
3 340 460 341
3 341 460 461
3 341 461 342
3 342 461 462
3 342 462 343
3 343 462 463
3 344 464 345
3 345 464 465
3 345 465 346
3 346 465 466
3 346 466 347
3 347 466 467
3 348 468 349
3 349 468 469
3 349 469 350
3 350 469 470
3 350 470 351
3 351 470 471
3 351 471 352
3 352 471 472
3 353 473 354
3 354 473 474
3 354 474 355
3 355 474 475
3 355 475 356
3 356 475 476
3 356 476 357
3 357 476 477
3 358 478 241
3 479 480 481
3 481 480 482
3 481 482 361
3 361 482 483
3 361 483 363
3 363 483 484
3 485 486 487
3 487 486 488
3 487 488 365
3 365 488 489
3 365 489 366
3 366 489 490
3 366 490 491
3 491 490 492
3 491 492 493
3 493 492 494
3 493 494 495
3 495 494 496
3 495 496 497
3 497 496 498
3 497 498 499
3 499 498 500
3 499 500 501
3 501 500 502
3 501 502 373
3 373 502 503
3 373 503 374
3 374 503 504
3 374 504 505
3 505 504 506
3 505 506 507
3 507 506 508
3 509 510 511
3 511 510 512
3 511 512 513
3 513 512 514
3 513 514 515
3 515 514 516
3 515 516 381
3 381 516 517
3 381 517 382
3 382 517 518
3 382 518 519
3 519 518 520
3 519 520 521
3 521 520 522
3 521 522 523
3 523 522 524
3 523 524 525
3 525 524 526
3 525 526 527
3 527 526 528
3 529 530 531
3 531 530 532
3 531 532 533
3 533 532 534
3 535 536 537
3 537 536 538
3 537 538 393
3 393 538 539
3 394 540 541
3 541 540 542
3 541 542 396
3 396 542 543
3 396 543 544
3 544 543 545
3 546 547 548
3 548 547 549
3 548 549 550
3 550 549 551
3 552 553 554
3 554 553 555
3 554 555 556
3 556 555 557
3 558 559 560
3 560 559 561
3 560 561 562
3 562 561 563
3 564 565 566
3 566 565 567
3 566 567 568
3 568 567 569
3 570 571 572
3 572 571 573
3 572 573 574
3 574 573 575
3 574 575 576
3 576 575 577
3 578 579 580
3 580 579 581
3 580 581 582
3 582 581 583
3 584 585 418
3 418 585 586
3 418 586 587
3 587 586 588
3 587 588 589
3 589 588 590
3 589 590 591
3 591 590 592
3 593 594 595
3 595 594 596
3 595 596 597
3 597 596 598
3 597 598 425
3 425 598 599
3 426 600 427
3 427 600 601
3 427 601 428
3 428 601 602
3 428 602 603
3 603 602 604
3 603 604 605
3 605 604 606
3 431 607 608
3 608 607 609
3 608 609 610
3 610 609 611
3 610 611 612
3 612 611 613
3 612 613 435
3 435 613 614
3 615 616 437
3 437 616 617
3 437 617 618
3 618 617 619
3 618 619 620
3 620 619 621
3 622 623 441
3 441 623 624
3 441 624 442
3 442 624 625
3 442 625 626
3 626 625 627
3 626 627 628
3 628 627 629
3 630 631 632
3 632 631 633
3 632 633 447
3 447 633 634
3 447 634 635
3 635 634 636
3 635 636 637
3 637 636 638
3 639 640 641
3 641 640 642
3 641 642 643
3 643 642 644
3 643 644 645
3 645 644 646
3 647 648 649
3 649 648 650
3 649 650 651
3 651 650 652
3 651 652 653
3 653 652 654
3 653 654 655
3 655 654 656
3 657 658 659
3 659 658 660
3 659 660 661
3 661 660 662
3 661 662 663
3 663 662 664
3 663 664 665
3 665 664 666
3 667 668 465
3 465 668 669
3 465 669 670
3 670 669 671
3 670 671 672
3 672 671 673
3 674 675 676
3 676 675 677
3 676 677 678
3 678 677 679
3 678 679 680
3 680 679 681
3 680 681 682
3 682 681 683
3 684 685 474
3 474 685 686
3 474 686 475
3 475 686 687
3 475 687 688
3 688 687 689
3 688 689 690
3 690 689 691
3 692 693 241
3 480 694 482
3 482 694 695
3 482 695 483
3 483 695 696
3 483 696 484
3 484 696 697
3 486 698 488
3 488 698 699
3 488 699 489
3 489 699 700
3 489 700 490
3 490 700 701
3 490 701 492
3 492 701 702
3 492 702 494
3 494 702 703
3 494 703 496
3 496 703 704
3 496 704 498
3 498 704 705
3 498 705 500
3 500 705 706
3 500 706 502
3 502 706 707
3 502 707 503
3 503 707 708
3 503 708 504
3 504 708 709
3 504 709 506
3 506 709 710
3 506 710 508
3 508 710 711
3 510 711 512
3 512 711 712
3 512 712 514
3 514 712 713
3 514 713 516
3 516 713 714
3 516 714 517
3 517 714 715
3 517 715 518
3 518 715 716
3 518 716 520
3 520 716 717
3 520 717 522
3 522 717 718
3 522 718 524
3 524 718 719
3 524 719 526
3 526 719 720
3 526 720 528
3 528 720 721
3 530 722 532
3 532 722 723
3 532 723 534
3 534 723 724
3 536 725 538
3 538 725 726
3 538 726 539
3 539 726 727
3 540 728 542
3 542 728 729
3 542 729 543
3 543 729 730
3 543 730 545
3 545 730 731
3 547 732 549
3 549 732 733
3 549 733 551
3 551 733 734
3 553 735 555
3 555 735 736
3 555 736 557
3 557 736 737
3 559 738 561
3 561 738 739
3 561 739 563
3 563 739 740
3 565 741 567
3 567 741 742
3 567 742 569
3 569 742 743
3 571 744 573
3 573 744 745
3 573 745 575
3 575 745 746
3 575 746 577
3 577 746 747
3 579 748 581
3 581 748 749
3 581 749 583
3 583 749 750
3 585 751 586
3 586 751 752
3 586 752 588
3 588 752 753
3 588 753 590
3 590 753 754
3 590 754 592
3 592 754 755
3 594 756 596
3 596 756 757
3 596 757 598
3 598 757 758
3 598 758 599
3 599 758 759
3 600 760 601
3 601 760 761
3 601 761 602
3 602 761 762
3 602 762 604
3 604 762 763
3 604 763 606
3 606 763 764
3 607 765 609
3 609 765 766
3 609 766 611
3 611 766 767
3 611 767 613
3 613 767 768
3 613 768 614
3 614 768 769
3 616 770 617
3 617 770 771
3 617 771 619
3 619 771 772
3 619 772 621
3 621 772 773
3 623 774 624
3 624 774 775
3 624 775 625
3 625 775 776
3 625 776 627
3 627 776 777
3 627 777 629
3 629 777 778
3 631 779 633
3 633 779 780
3 633 780 634
3 634 780 781
3 634 781 636
3 636 781 782
3 636 782 638
3 638 782 783
3 640 784 642
3 642 784 785
3 642 785 644
3 644 785 786
3 644 786 646
3 646 786 787
3 648 788 650
3 650 788 789
3 650 789 652
3 652 789 790
3 652 790 654
3 654 790 791
3 654 791 656
3 656 791 792
3 658 793 660
3 660 793 794
3 660 794 662
3 662 794 795
3 662 795 664
3 664 795 796
3 664 796 666
3 666 796 797
3 668 798 669
3 669 798 799
3 669 799 671
3 671 799 800
3 671 800 673
3 673 800 801
3 675 802 677
3 677 802 803
3 677 803 679
3 679 803 804
3 679 804 681
3 681 804 805
3 681 805 683
3 683 805 806
3 685 807 686
3 686 807 808
3 686 808 687
3 687 808 809
3 687 809 689
3 689 809 810
3 689 810 691
3 691 810 811
3 693 812 241
3 694 813 695
3 695 813 814
3 695 814 696
3 696 814 815
3 696 815 697
3 697 815 816
3 698 817 699
3 699 817 818
3 699 818 700
3 700 818 819
3 700 819 701
3 701 819 820
3 701 820 702
3 702 820 821
3 702 821 703
3 703 821 822
3 703 822 704
3 704 822 823
3 704 823 705
3 705 823 824
3 705 824 706
3 706 824 825
3 706 825 707
3 707 825 826
3 707 826 708
3 708 826 827
3 708 827 709
3 709 827 828
3 709 828 710
3 710 828 829
3 710 829 711
3 711 829 830
3 711 831 712
3 712 831 832
3 712 832 713
3 713 832 833
3 713 833 714
3 714 833 834
3 714 834 715
3 715 834 835
3 715 835 716
3 716 835 836
3 716 836 717
3 717 836 837
3 717 837 718
3 718 837 838
3 718 838 719
3 719 838 839
3 719 839 720
3 720 839 840
3 720 840 721
3 721 840 841
3 722 842 723
3 723 842 843
3 723 843 724
3 724 843 844
3 725 845 726
3 726 845 846
3 726 846 727
3 727 846 847
3 728 848 729
3 729 848 849
3 729 849 730
3 730 849 850
3 730 850 731
3 731 850 851
3 732 852 733
3 733 852 853
3 733 853 734
3 734 853 854
3 735 855 736
3 736 855 856
3 736 856 737
3 737 856 857
3 738 857 739
3 739 857 858
3 739 858 740
3 740 858 859
3 741 860 742
3 742 860 861
3 742 861 743
3 743 861 862
3 744 863 745
3 745 863 864
3 745 864 746
3 746 864 865
3 746 865 747
3 747 865 866
3 748 867 749
3 749 867 868
3 749 868 750
3 750 868 869
3 751 870 752
3 752 870 871
3 752 871 753
3 753 871 872
3 753 872 754
3 754 872 873
3 754 873 755
3 755 873 874
3 756 875 757
3 757 875 876
3 757 876 758
3 758 876 877
3 758 877 759
3 759 877 878
3 760 879 761
3 761 879 880
3 761 880 762
3 762 880 881
3 762 881 763
3 763 881 882
3 763 882 764
3 764 882 883
3 765 884 766
3 766 884 885
3 766 885 767
3 767 885 886
3 767 886 768
3 768 886 887
3 768 887 769
3 769 887 888
3 770 889 771
3 771 889 890
3 771 890 772
3 772 890 891
3 772 891 773
3 773 891 892
3 774 893 775
3 775 893 894
3 775 894 776
3 776 894 895
3 776 895 777
3 777 895 896
3 777 896 778
3 778 896 897
3 779 898 780
3 780 898 899
3 780 899 781
3 781 899 900
3 781 900 782
3 782 900 901
3 782 901 783
3 783 901 902
3 784 903 785
3 785 903 904
3 785 904 786
3 786 904 905
3 786 905 787
3 787 905 906
3 788 907 789
3 789 907 908
3 789 908 790
3 790 908 909
3 790 909 791
3 791 909 910
3 791 910 792
3 792 910 911
3 793 912 794
3 794 912 913
3 794 913 795
3 795 913 914
3 795 914 796
3 796 914 915
3 796 915 797
3 797 915 916
3 798 917 799
3 799 917 918
3 799 918 800
3 800 918 919
3 800 919 801
3 801 919 920
3 802 921 803
3 803 921 922
3 803 922 804
3 804 922 923
3 804 923 805
3 805 923 924
3 805 924 806
3 806 924 925
3 807 926 808
3 808 926 927
3 808 927 809
3 809 927 928
3 809 928 810
3 810 928 929
3 810 929 811
3 811 929 930
3 812 931 241
3 813 932 814
3 814 932 933
3 814 933 815
3 815 933 934
3 815 934 816
3 816 934 935
3 817 936 818
3 818 936 937
3 818 937 819
3 819 937 938
3 819 938 820
3 820 938 939
3 820 939 821
3 821 939 940
3 821 940 822
3 822 940 941
3 822 942 823
3 823 942 943
3 823 943 824
3 824 943 944
3 824 944 825
3 825 944 945
3 825 945 826
3 826 945 946
3 826 946 827
3 827 946 947
3 827 947 828
3 828 947 948
3 828 948 829
3 829 948 949
3 829 949 830
3 830 949 950
3 831 951 832
3 832 951 952
3 832 952 833
3 833 952 953
3 833 953 834
3 834 953 954
3 834 954 835
3 835 954 955
3 835 955 836
3 836 955 956
3 836 956 837
3 837 956 957
3 837 957 838
3 838 957 958
3 838 958 839
3 839 958 959
3 839 959 840
3 840 959 960
3 840 960 841
3 841 960 961
3 842 962 843
3 843 962 963
3 843 963 844
3 844 963 964
3 845 965 846
3 846 965 966
3 846 966 847
3 847 966 967
3 848 968 849
3 849 968 969
3 849 969 850
3 850 969 970
3 850 970 851
3 851 970 971
3 852 971 853
3 853 971 972
3 853 972 854
3 854 972 973
3 855 974 856
3 856 974 975
3 856 975 857
3 857 975 976
3 857 977 858
3 858 977 978
3 858 978 859
3 859 978 979
3 860 980 861
3 861 980 981
3 861 981 862
3 862 981 982
3 863 983 864
3 864 983 984
3 864 984 865
3 865 984 985
3 865 985 866
3 866 985 986
3 867 987 868
3 868 987 988
3 868 988 869
3 869 988 989
3 870 990 871
3 871 990 991
3 871 991 872
3 872 991 992
3 872 992 873
3 873 992 993
3 873 993 874
3 874 993 994
3 875 995 876
3 876 995 996
3 876 996 877
3 877 996 997
3 877 997 878
3 878 997 998
3 879 999 880
3 880 999 1000
3 880 1000 881
3 881 1000 1001
3 881 1001 882
3 882 1001 1002
3 882 1002 883
3 883 1002 1003
3 884 1004 885
3 885 1004 1005
3 885 1005 886
3 886 1005 1006
3 886 1006 887
3 887 1006 1007
3 887 1007 888
3 888 1007 1008
3 889 1009 890
3 890 1009 1010
3 890 1010 891
3 891 1010 1011
3 891 1011 892
3 892 1011 1012
3 893 1013 894
3 894 1013 1014
3 894 1014 895
3 895 1014 1015
3 895 1015 896
3 896 1015 1016
3 896 1016 897
3 897 1016 1017
3 898 1018 899
3 899 1018 1019
3 899 1019 900
3 900 1019 1020
3 900 1020 901
3 901 1020 1021
3 901 1021 902
3 902 1021 1022
3 903 1023 904
3 904 1023 1024
3 904 1024 905
3 905 1024 1025
3 905 1025 906
3 906 1025 1026
3 907 1027 908
3 908 1027 1028
3 908 1028 909
3 909 1028 1029
3 909 1029 910
3 910 1029 1030
3 910 1030 911
3 911 1030 1031
3 912 1032 913
3 913 1032 1033
3 913 1033 914
3 914 1033 1034
3 914 1034 915
3 915 1034 1035
3 915 1035 916
3 916 1035 1036
3 917 1037 918
3 918 1037 1038
3 918 1038 919
3 919 1038 1039
3 919 1039 920
3 920 1039 1040
3 921 1041 922
3 922 1041 1042
3 922 1042 923
3 923 1042 1043
3 923 1043 924
3 924 1043 1044
3 924 1044 925
3 925 1044 1045
3 926 1046 927
3 927 1046 1047
3 927 1047 928
3 928 1047 1048
3 928 1048 929
3 929 1048 1049
3 929 1049 930
3 930 1049 1050
3 931 1051 241
3 932 1052 933
3 933 1052 1053
3 933 1053 934
3 934 1053 1054
3 934 1054 935
3 935 1054 1055
3 936 1056 937
3 937 1056 1057
3 937 1057 938
3 938 1057 1058
3 938 1058 939
3 939 1058 1059
3 939 1059 940
3 940 1059 1060
3 940 1060 941
3 941 1060 1061
3 942 1062 943
3 943 1062 1063
3 943 1063 944
3 944 1063 1064
3 944 1064 945
3 945 1064 1065
3 945 1065 946
3 946 1065 1066
3 946 1066 947
3 947 1066 1067
3 947 1067 948
3 948 1067 1068
3 948 1068 949
3 949 1068 1069
3 949 1069 950
3 950 1069 1070
3 951 1071 952
3 952 1071 1072
3 952 1072 953
3 953 1072 1073
3 953 1073 954
3 954 1073 1074
3 954 1074 955
3 955 1074 1075
3 955 1075 956
3 956 1075 1076
3 956 1076 957
3 957 1076 1077
3 957 1077 958
3 958 1077 1078
3 958 1078 959
3 959 1078 1079
3 959 1079 960
3 960 1079 1080
3 960 1080 961
3 961 1080 1081
3 962 1082 963
3 963 1082 1083
3 963 1083 964
3 964 1083 1084
3 965 1085 966
3 966 1085 1086
3 966 1086 967
3 967 1086 1087
3 968 1088 969
3 969 1088 1089
3 969 1089 970
3 970 1089 1090
3 970 1090 971
3 971 1090 1091
3 971 1092 972
3 972 1092 1093
3 972 1093 973
3 973 1093 1094
3 974 1095 975
3 975 1095 1096
3 975 1096 976
3 976 1096 1097
3 977 1097 978
3 978 1097 1098
3 978 1098 979
3 979 1098 1099
3 980 1100 981
3 981 1100 1101
3 981 1101 982
3 982 1101 1102
3 983 1103 984
3 984 1103 1104
3 984 1104 985
3 985 1104 1105
3 985 1105 986
3 986 1105 1106
3 987 1107 988
3 988 1107 1108
3 988 1108 989
3 989 1108 1109
3 990 1110 991
3 991 1110 1111
3 991 1111 992
3 992 1111 1112
3 992 1112 993
3 993 1112 1113
3 993 1113 994
3 994 1113 1114
3 995 1115 996
3 996 1115 1116
3 996 1116 997
3 997 1116 1117
3 997 1117 998
3 998 1117 1118
3 999 1119 1000
3 1000 1119 1120
3 1000 1120 1001
3 1001 1120 1121
3 1001 1121 1002
3 1002 1121 1122
3 1002 1122 1003
3 1003 1122 1123
3 1004 1124 1005
3 1005 1124 1125
3 1005 1125 1006
3 1006 1125 1126
3 1006 1126 1007
3 1007 1126 1127
3 1007 1127 1008
3 1008 1127 1128
3 1009 1129 1010
3 1010 1129 1130
3 1010 1130 1011
3 1011 1130 1131
3 1011 1131 1012
3 1012 1131 1132
3 1013 1133 1014
3 1014 1133 1134
3 1014 1134 1015
3 1015 1134 1135
3 1015 1135 1016
3 1016 1135 1136
3 1016 1136 1017
3 1017 1136 1137
3 1018 1138 1019
3 1019 1138 1139
3 1019 1139 1020
3 1020 1139 1140
3 1020 1140 1021
3 1021 1140 1141
3 1021 1141 1022
3 1022 1141 1142
3 1023 1143 1024
3 1024 1143 1144
3 1024 1144 1025
3 1025 1144 1145
3 1025 1145 1026
3 1026 1145 1146
3 1027 1147 1028
3 1028 1147 1148
3 1028 1148 1029
3 1029 1148 1149
3 1029 1149 1030
3 1030 1149 1150
3 1030 1150 1031
3 1031 1150 1151
3 1032 1152 1033
3 1033 1152 1153
3 1033 1153 1034
3 1034 1153 1154
3 1034 1154 1035
3 1035 1154 1155
3 1035 1155 1036
3 1036 1155 1156
3 1037 1157 1038
3 1038 1157 1158
3 1038 1158 1039
3 1039 1158 1159
3 1039 1159 1040
3 1040 1159 1160
3 1041 1161 1042
3 1042 1161 1162
3 1042 1162 1043
3 1043 1162 1163
3 1043 1163 1044
3 1044 1163 1164
3 1044 1164 1045
3 1045 1164 1165
3 1046 1166 1047
3 1047 1166 1167
3 1047 1167 1048
3 1048 1167 1168
3 1048 1168 1049
3 1049 1168 1169
3 1049 1169 1050
3 1050 1169 1170
3 1051 1171 241
3 1052 694 1053
3 1053 694 1172
3 1053 1172 1054
3 1054 1172 1173
3 1054 1173 1055
3 1055 1173 1174
3 1056 1175 1057
3 1057 1175 1176
3 1057 1176 1058
3 1058 1176 1177
3 1058 1177 1059
3 1059 1177 1178
3 1059 1178 1060
3 1060 1178 1179
3 1060 1179 1061
3 1061 1179 1180
3 1062 1181 1063
3 1063 1181 1182
3 1063 1182 1064
3 1064 1182 1183
3 1064 1183 1065
3 1065 1183 1184
3 1065 1184 1066
3 1066 1184 1185
3 1066 1185 1067
3 1067 1185 1186
3 1067 1186 1068
3 1068 1186 1187
3 1068 1187 1069
3 1069 1187 1188
3 1069 1188 1070
3 1070 1188 1189
3 1071 1190 1072
3 1072 1190 1191
3 1072 1191 1073
3 1073 1191 1192
3 1073 1192 1074
3 1074 1192 1193
3 1074 1193 1075
3 1075 1193 1194
3 1075 1194 1076
3 1076 1194 1195
3 1076 1195 1077
3 1077 1195 1196
3 1077 1196 1078
3 1078 1196 1197
3 1078 1197 1079
3 1079 1197 1198
3 1079 1198 1080
3 1080 1198 1199
3 1080 1199 1081
3 1081 1199 1200
3 1082 1201 1083
3 1083 1201 1202
3 1083 1202 1084
3 1084 1202 1203
3 1085 1204 1086
3 1086 1204 1205
3 1086 1205 1087
3 1087 1205 1206
3 1088 1207 1089
3 1089 1207 1208
3 1089 1208 1090
3 1090 1208 1209
3 1090 1209 1091
3 1091 1209 1210
3 1092 1211 1093
3 1093 1211 1212
3 1093 1212 1094
3 1094 1212 1213
3 1095 1214 1096
3 1096 1214 1215
3 1096 1215 1097
3 1097 1215 1216
3 1097 1217 1098
3 1098 1217 1218
3 1098 1218 1099
3 1099 1218 1219
3 1100 1220 1101
3 1101 1220 1221
3 1101 1221 1102
3 1102 1221 1222
3 1103 1223 1104
3 1104 1223 1224
3 1104 1224 1105
3 1105 1224 1225
3 1105 1225 1106
3 1106 1225 1226
3 1107 1227 1108
3 1108 1227 1228
3 1108 1228 1109
3 1109 1228 1229
3 1110 1230 1111
3 1111 1230 1231
3 1111 1231 1112
3 1112 1231 1232
3 1112 1232 1113
3 1113 1232 1233
3 1113 1233 1114
3 1114 1233 1234
3 1115 1235 1116
3 1116 1235 1236
3 1116 1236 1117
3 1117 1236 1237
3 1117 1237 1118
3 1118 1237 1238
3 1119 1239 1120
3 1120 1239 1240
3 1120 1240 1121
3 1121 1240 1241
3 1121 1241 1122
3 1122 1241 1242
3 1122 1242 1123
3 1123 1242 1243
3 1124 1244 1125
3 1125 1244 1245
3 1125 1245 1126
3 1126 1245 1246
3 1126 1246 1127
3 1127 1246 1247
3 1127 1247 1128
3 1128 1247 1248
3 1129 1249 1130
3 1130 1249 1250
3 1130 1250 1131
3 1131 1250 1251
3 1131 1251 1132
3 1132 1251 1252
3 1133 1253 1134
3 1134 1253 1254
3 1134 1254 1135
3 1135 1254 1255
3 1135 1255 1136
3 1136 1255 1256
3 1136 1256 1137
3 1137 1256 1257
3 1138 1258 1139
3 1139 1258 1259
3 1139 1259 1140
3 1140 1259 1260
3 1140 1260 1141
3 1141 1260 1261
3 1141 1261 1142
3 1142 1261 1262
3 1143 1263 1144
3 1144 1263 1264
3 1144 1264 1145
3 1145 1264 1265
3 1145 1265 1146
3 1146 1265 1266
3 1147 1267 1148
3 1148 1267 1268
3 1148 1268 1149
3 1149 1268 1269
3 1149 1269 1150
3 1150 1269 1270
3 1150 1270 1151
3 1151 1270 1271
3 1152 1272 1153
3 1153 1272 1273
3 1153 1273 1154
3 1154 1273 1274
3 1154 1274 1155
3 1155 1274 1275
3 1155 1275 1156
3 1156 1275 1276
3 1157 1277 1158
3 1158 1277 1278
3 1158 1278 1159
3 1159 1278 1279
3 1159 1279 1160
3 1160 1279 1280
3 1161 1281 1162
3 1162 1281 1282
3 1162 1282 1163
3 1163 1282 1283
3 1163 1283 1164
3 1164 1283 1284
3 1164 1284 1165
3 1165 1284 1285
3 1166 1286 1167
3 1167 1286 1287
3 1167 1287 1168
3 1168 1287 1288
3 1168 1288 1169
3 1169 1288 1289
3 1169 1289 1170
3 1170 1289 1290
3 1171 1291 241
3 694 1 1172
3 1172 1 1292
3 1172 1292 1173
3 1173 1292 1293
3 1173 1293 1174
3 1174 1293 1294
3 1175 1295 1176
3 1176 1295 1296
3 1176 1296 1177
3 1177 1296 1297
3 1177 1297 1178
3 1178 1297 1298
3 1178 1298 1179
3 1179 1298 1299
3 1179 1299 1180
3 1180 1299 1300
3 1181 1301 1182
3 1182 1301 1302
3 1182 1302 1183
3 1183 1302 1303
3 1183 1303 1184
3 1184 1303 1304
3 1184 1304 1185
3 1185 1304 1305
3 1185 1305 1186
3 1186 1305 1306
3 1186 1306 1187
3 1187 1306 1307
3 1187 1307 1188
3 1188 1307 1308
3 1188 1308 1189
3 1189 1308 1309
3 1190 1309 1191
3 1191 1309 1310
3 1191 1310 1192
3 1192 1310 1311
3 1192 1311 1193
3 1193 1311 1312
3 1193 1312 1194
3 1194 1312 1313
3 1194 1313 1195
3 1195 1313 1314
3 1195 1314 1196
3 1196 1314 1315
3 1196 1315 1197
3 1197 1315 1316
3 1197 1316 1198
3 1198 1316 1317
3 1198 1317 1199
3 1199 1317 1318
3 1199 1318 1200
3 1200 1318 1319
3 1201 1320 1202
3 1202 1320 1321
3 1202 1321 1203
3 1203 1321 1322
3 1204 1323 1205
3 1205 1323 1324
3 1205 1324 1206
3 1206 1324 1325
3 1207 1326 1208
3 1208 1326 1327
3 1208 1327 1209
3 1209 1327 1328
3 1209 1328 1210
3 1210 1328 1329
3 1211 1330 1212
3 1212 1330 1331
3 1212 1331 1213
3 1213 1331 1332
3 1214 1332 1215
3 1215 1332 1333
3 1215 1333 1216
3 1216 1333 1334
3 1217 1335 1218
3 1218 1335 1336
3 1218 1336 1219
3 1219 1336 1337
3 1220 1338 1221
3 1221 1338 1339
3 1221 1339 1222
3 1222 1339 1340
3 1223 1341 1224
3 1224 1341 1342
3 1224 1342 1225
3 1225 1342 1343
3 1225 1343 1226
3 1226 1343 1344
3 1227 1345 1228
3 1228 1345 1346
3 1228 1346 1229
3 1229 1346 1347
3 1230 1348 1231
3 1231 1348 1349
3 1231 1349 1232
3 1232 1349 1350
3 1232 1350 1233
3 1233 1350 1351
3 1233 1351 1234
3 1234 1351 1352
3 1235 1353 1236
3 1236 1353 1354
3 1236 1354 1237
3 1237 1354 1355
3 1237 1355 1238
3 1238 1355 1356
3 1239 1357 1240
3 1240 1357 1358
3 1240 1358 1241
3 1241 1358 1359
3 1241 1359 1242
3 1242 1359 1360
3 1242 1360 1243
3 1243 1360 1361
3 1244 1362 1245
3 1245 1362 1363
3 1245 1363 1246
3 1246 1363 1364
3 1246 1364 1247
3 1247 1364 1365
3 1247 1365 1248
3 1248 1365 1366
3 1249 1367 1250
3 1250 1367 1368
3 1250 1368 1251
3 1251 1368 1369
3 1251 1369 1252
3 1252 1369 1370
3 1253 1371 1254
3 1254 1371 1372
3 1254 1372 1255
3 1255 1372 1373
3 1255 1373 1256
3 1256 1373 1374
3 1256 1374 1257
3 1257 1374 1375
3 1258 1376 1259
3 1259 1376 1377
3 1259 1377 1260
3 1260 1377 1378
3 1260 1378 1261
3 1261 1378 1379
3 1261 1379 1262
3 1262 1379 1380
3 1263 1381 1264
3 1264 1381 1382
3 1264 1382 1265
3 1265 1382 1383
3 1265 1383 1266
3 1266 1383 1384
3 1267 1385 1268
3 1268 1385 1386
3 1268 1386 1269
3 1269 1386 1387
3 1269 1387 1270
3 1270 1387 1388
3 1270 1388 1271
3 1271 1388 1389
3 1272 1390 1273
3 1273 1390 1391
3 1273 1391 1274
3 1274 1391 1392
3 1274 1392 1275
3 1275 1392 1393
3 1275 1393 1276
3 1276 1393 1394
3 1277 1395 1278
3 1278 1395 1396
3 1278 1396 1279
3 1279 1396 1397
3 1279 1397 1280
3 1280 1397 1398
3 1281 1399 1282
3 1282 1399 1400
3 1282 1400 1283
3 1283 1400 1401
3 1283 1401 1284
3 1284 1401 1402
3 1284 1402 1285
3 1285 1402 1403
3 1286 1404 1287
3 1287 1404 1405
3 1287 1405 1288
3 1288 1405 1406
3 1288 1406 1289
3 1289 1406 1407
3 1289 1407 1290
3 1290 1407 1408
3 1291 1409 241
3 1292 1 1410
3 1292 1410 1293
3 1293 1410 1411
3 1293 1411 1294
3 1294 1411 1412
3 1295 1413 1296
3 1296 1413 1414
3 1296 1414 1297
3 1297 1414 1415
3 1297 1415 1298
3 1298 1415 1416
3 1298 1416 1299
3 1299 1416 1417
3 1299 1417 1300
3 1300 1417 1418
3 1301 1419 1302
3 1302 1419 1420
3 1302 1420 1303
3 1303 1420 1421
3 1303 1421 1304
3 1304 1421 1422
3 1304 1422 1305
3 1305 1422 1423
3 1305 1423 1306
3 1306 1423 1424
3 1306 1424 1307
3 1307 1424 1425
3 1307 1425 1308
3 1308 1425 1426
3 1308 1426 1309
3 1309 1426 1427
3 1309 1428 1310
3 1310 1428 1429
3 1310 1429 1311
3 1311 1429 1430
3 1311 1430 1312
3 1312 1430 1431
3 1312 1431 1313
3 1313 1431 1432
3 1313 1432 1314
3 1314 1432 1433
3 1314 1433 1315
3 1315 1433 1434
3 1315 1434 1316
3 1316 1434 1435
3 1316 1435 1317
3 1317 1435 1436
3 1317 1436 1318
3 1318 1436 1437
3 1318 1437 1319
3 1319 1437 1438
3 1320 1439 1321
3 1321 1439 1440
3 1321 1440 1322
3 1322 1440 1441
3 1323 1442 1324
3 1324 1442 1443
3 1324 1443 1325
3 1325 1443 1444
3 1326 1445 1327
3 1327 1445 1446
3 1327 1446 1328
3 1328 1446 1447
3 1328 1447 1329
3 1329 1447 1448
3 1330 1448 1331
3 1331 1448 1449
3 1331 1449 1332
3 1332 1449 1450
3 1332 1451 1333
3 1333 1451 1452
3 1333 1452 1334
3 1334 1452 1453
3 1335 1453 1336
3 1336 1453 1454
3 1336 1454 1337
3 1337 1454 1455
3 1338 1456 1339
3 1339 1456 1457
3 1339 1457 1340
3 1340 1457 1458
3 1341 1459 1342
3 1342 1459 1460
3 1342 1460 1343
3 1343 1460 1461
3 1343 1461 1344
3 1344 1461 1462
3 1345 1463 1346
3 1346 1463 1464
3 1346 1464 1347
3 1347 1464 1465
3 1348 1466 1349
3 1349 1466 1467
3 1349 1467 1350
3 1350 1467 1468
3 1350 1468 1351
3 1351 1468 1469
3 1351 1469 1352
3 1352 1469 1470
3 1353 1471 1354
3 1354 1471 1472
3 1354 1472 1355
3 1355 1472 1473
3 1355 1473 1356
3 1356 1473 1474
3 1357 1475 1358
3 1358 1475 1476
3 1358 1476 1359
3 1359 1476 1477
3 1359 1477 1360
3 1360 1477 1478
3 1360 1478 1361
3 1361 1478 1479
3 1362 1480 1363
3 1363 1480 1481
3 1363 1481 1364
3 1364 1481 1482
3 1364 1482 1365
3 1365 1482 1483
3 1365 1483 1366
3 1366 1483 1484
3 1367 1485 1368
3 1368 1485 1486
3 1368 1486 1369
3 1369 1486 1487
3 1369 1487 1370
3 1370 1487 1488
3 1371 1489 1372
3 1372 1489 1490
3 1372 1490 1373
3 1373 1490 1491
3 1373 1491 1374
3 1374 1491 1492
3 1374 1492 1375
3 1375 1492 1493
3 1376 1494 1377
3 1377 1494 1495
3 1377 1495 1378
3 1378 1495 1496
3 1378 1496 1379
3 1379 1496 1497
3 1379 1497 1380
3 1380 1497 1498
3 1381 1499 1382
3 1382 1499 1500
3 1382 1500 1383
3 1383 1500 1501
3 1383 1501 1384
3 1384 1501 1502
3 1385 1503 1386
3 1386 1503 1504
3 1386 1504 1387
3 1387 1504 1505
3 1387 1505 1388
3 1388 1505 1506
3 1388 1506 1389
3 1389 1506 1507
3 1390 1508 1391
3 1391 1508 1509
3 1391 1509 1392
3 1392 1509 1510
3 1392 1510 1393
3 1393 1510 1511
3 1393 1511 1394
3 1394 1511 1512
3 1395 1513 1396
3 1396 1513 1514
3 1396 1514 1397
3 1397 1514 1515
3 1397 1515 1398
3 1398 1515 1516
3 1399 1517 1400
3 1400 1517 1518
3 1400 1518 1401
3 1401 1518 1519
3 1401 1519 1402
3 1402 1519 1520
3 1402 1520 1403
3 1403 1520 1521
3 1404 1522 1405
3 1405 1522 1523
3 1405 1523 1406
3 1406 1523 1524
3 1406 1524 1407
3 1407 1524 1525
3 1407 1525 1408
3 1408 1525 1526
3 1409 1527 241
3 1 480 1410
3 1410 480 1528
3 1410 1528 1411
3 1411 1528 1529
3 1411 1529 1412
3 1412 1529 1530
3 1413 1531 1414
3 1414 1531 1532
3 1414 1532 1415
3 1415 1532 1533
3 1415 1533 1416
3 1416 1533 1534
3 1416 1534 1417
3 1417 1534 1535
3 1417 1535 1418
3 1418 1535 1536
3 1419 1536 1420
3 1420 1536 1537
3 1420 1537 1421
3 1421 1537 1538
3 1421 1538 1422
3 1422 1538 1539
3 1422 1539 1423
3 1423 1539 1540
3 1423 1540 1424
3 1424 1540 1541
3 1424 1541 1425
3 1425 1541 1542
3 1425 1542 1426
3 1426 1542 1543
3 1426 1543 1427
3 1427 1543 1544
3 1428 1545 1429
3 1429 1545 1546
3 1429 1546 1430
3 1430 1546 1547
3 1430 1547 1431
3 1431 1547 1548
3 1431 1548 1432
3 1432 1548 1549
3 1432 1549 1433
3 1433 1549 1550
3 1433 1550 1434
3 1434 1550 1551
3 1434 1551 1435
3 1435 1551 1552
3 1435 1552 1436
3 1436 1552 1553
3 1436 1553 1437
3 1437 1553 1554
3 1437 1554 1438
3 1438 1554 1555
3 1439 1556 1440
3 1440 1556 1557
3 1440 1557 1441
3 1441 1557 1558
3 1442 1559 1443
3 1443 1559 1560
3 1443 1560 1444
3 1444 1560 1561
3 1445 1562 1446
3 1446 1562 1563
3 1446 1563 1447
3 1447 1563 1564
3 1447 1564 1448
3 1448 1564 1565
3 1448 1565 1449
3 1449 1565 1566
3 1449 1566 1450
3 1450 1566 1567
3 1451 1568 1452
3 1452 1568 1569
3 1452 1569 1453
3 1453 1569 1570
3 1453 1571 1454
3 1454 1571 1572
3 1454 1572 1455
3 1455 1572 1573
3 1456 1574 1457
3 1457 1574 1575
3 1457 1575 1458
3 1458 1575 1576
3 1459 1576 1460
3 1460 1576 1577
3 1460 1577 1461
3 1461 1577 1578
3 1461 1578 1462
3 1462 1578 1579
3 1463 1580 1464
3 1464 1580 1581
3 1464 1581 1465
3 1465 1581 1582
3 1466 1583 1467
3 1467 1583 1584
3 1467 1584 1468
3 1468 1584 1585
3 1468 1585 1469
3 1469 1585 1586
3 1469 1586 1470
3 1470 1586 1587
3 1471 1588 1472
3 1472 1588 1589
3 1472 1589 1473
3 1473 1589 1590
3 1473 1590 1474
3 1474 1590 1591
3 1475 1592 1476
3 1476 1592 1593
3 1476 1593 1477
3 1477 1593 1594
3 1477 1594 1478
3 1478 1594 1595
3 1478 1595 1479
3 1479 1595 1596
3 1480 1597 1481
3 1481 1597 1598
3 1481 1598 1482
3 1482 1598 1599
3 1482 1599 1483
3 1483 1599 1600
3 1483 1600 1484
3 1484 1600 1601
3 1485 1602 1486
3 1486 1602 1603
3 1486 1603 1487
3 1487 1603 1604
3 1487 1604 1488
3 1488 1604 1605
3 1489 1606 1490
3 1490 1606 1607
3 1490 1607 1491
3 1491 1607 1608
3 1491 1608 1492
3 1492 1608 1609
3 1492 1609 1493
3 1493 1609 1610
3 1494 1611 1495
3 1495 1611 1612
3 1495 1612 1496
3 1496 1612 1613
3 1496 1613 1497
3 1497 1613 1614
3 1497 1614 1498
3 1498 1614 1615
3 1499 1616 1500
3 1500 1616 1617
3 1500 1617 1501
3 1501 1617 1618
3 1501 1618 1502
3 1502 1618 1619
3 1503 1620 1504
3 1504 1620 1621
3 1504 1621 1505
3 1505 1621 1622
3 1505 1622 1506
3 1506 1622 1623
3 1506 1623 1507
3 1507 1623 1624
3 1508 1625 1509
3 1509 1625 1626
3 1509 1626 1510
3 1510 1626 1627
3 1510 1627 1511
3 1511 1627 1628
3 1511 1628 1512
3 1512 1628 1629
3 1513 1630 1514
3 1514 1630 1631
3 1514 1631 1515
3 1515 1631 1632
3 1515 1632 1516
3 1516 1632 1633
3 1517 1634 1518
3 1518 1634 1635
3 1518 1635 1519
3 1519 1635 1636
3 1519 1636 1520
3 1520 1636 1637
3 1520 1637 1521
3 1521 1637 1638
3 1522 1639 1523
3 1523 1639 1640
3 1523 1640 1524
3 1524 1640 1641
3 1524 1641 1525
3 1525 1641 1642
3 1525 1642 1526
3 1526 1642 1643
3 1527 1644 241
3 480 1 1528
3 1528 1 1645
3 1528 1645 1529
3 1529 1645 1646
3 1529 1646 1530
3 1530 1646 1647
3 1531 1648 1532
3 1532 1648 1649
3 1532 1649 1533
3 1533 1649 1650
3 1533 1650 1534
3 1534 1650 1651
3 1534 1651 1535
3 1535 1651 1652
3 1535 1652 1536
3 1536 1652 1653
3 1536 1654 1537
3 1537 1654 1655
3 1537 1655 1538
3 1538 1655 1656
3 1538 1656 1539
3 1539 1656 1657
3 1539 1657 1540
3 1540 1657 1658
3 1540 1658 1541
3 1541 1658 1659
3 1541 1659 1542
3 1542 1659 1660
3 1542 1660 1543
3 1543 1660 1661
3 1543 1661 1544
3 1544 1661 1662
3 1545 1663 1546
3 1546 1663 1664
3 1546 1664 1547
3 1547 1664 1665
3 1547 1665 1548
3 1548 1665 1666
3 1548 1666 1549
3 1549 1666 1667
3 1549 1667 1550
3 1550 1667 1668
3 1550 1668 1551
3 1551 1668 1669
3 1551 1669 1552
3 1552 1669 1670
3 1552 1670 1553
3 1553 1670 1671
3 1553 1671 1554
3 1554 1671 1672
3 1554 1672 1555
3 1555 1672 1673
3 1556 1674 1557
3 1557 1674 1675
3 1557 1675 1558
3 1558 1675 1676
3 1559 1677 1560
3 1560 1677 1678
3 1560 1678 1561
3 1561 1678 1679
3 1562 1680 1563
3 1563 1680 1681
3 1563 1681 1564
3 1564 1681 1682
3 1564 1682 1565
3 1565 1682 1683
3 1565 1684 1566
3 1566 1684 1685
3 1566 1685 1567
3 1567 1685 1686
3 1568 1687 1569
3 1569 1687 1688
3 1569 1688 1570
3 1570 1688 1689
3 1571 1690 1572
3 1572 1690 1691
3 1572 1691 1573
3 1573 1691 1692
3 1574 1693 1575
3 1575 1693 1694
3 1575 1694 1576
3 1576 1694 1695
3 1576 1695 1577
3 1577 1695 1696
3 1577 1696 1578
3 1578 1696 1697
3 1578 1697 1579
3 1579 1697 1698
3 1580 1699 1581
3 1581 1699 1700
3 1581 1700 1582
3 1582 1700 1701
3 1583 1702 1584
3 1584 1702 1703
3 1584 1703 1585
3 1585 1703 1704
3 1585 1704 1586
3 1586 1704 1705
3 1586 1705 1587
3 1587 1705 1706
3 1588 1707 1589
3 1589 1707 1708
3 1589 1708 1590
3 1590 1708 1709
3 1590 1709 1591
3 1591 1709 1710
3 1592 1711 1593
3 1593 1711 1712
3 1593 1712 1594
3 1594 1712 1713
3 1594 1713 1595
3 1595 1713 1714
3 1595 1714 1596
3 1596 1714 1715
3 1597 1716 1598
3 1598 1716 1717
3 1598 1717 1599
3 1599 1717 1718
3 1599 1718 1600
3 1600 1718 1719
3 1600 1719 1601
3 1601 1719 1720
3 1602 1721 1603
3 1603 1721 1722
3 1603 1722 1604
3 1604 1722 1723
3 1604 1723 1605
3 1605 1723 1724
3 1606 1725 1607
3 1607 1725 1726
3 1607 1726 1608
3 1608 1726 1727
3 1608 1727 1609
3 1609 1727 1728
3 1609 1728 1610
3 1610 1728 1729
3 1611 1730 1612
3 1612 1730 1731
3 1612 1731 1613
3 1613 1731 1732
3 1613 1732 1614
3 1614 1732 1733
3 1614 1733 1615
3 1615 1733 1734
3 1616 1735 1617
3 1617 1735 1736
3 1617 1736 1618
3 1618 1736 1737
3 1618 1737 1619
3 1619 1737 1738
3 1620 1739 1621
3 1621 1739 1740
3 1621 1740 1622
3 1622 1740 1741
3 1622 1741 1623
3 1623 1741 1742
3 1623 1742 1624
3 1624 1742 1743
3 1625 1744 1626
3 1626 1744 1745
3 1626 1745 1627
3 1627 1745 1746
3 1627 1746 1628
3 1628 1746 1747
3 1628 1747 1629
3 1629 1747 1748
3 1630 1749 1631
3 1631 1749 1750
3 1631 1750 1632
3 1632 1750 1751
3 1632 1751 1633
3 1633 1751 1752
3 1634 1753 1635
3 1635 1753 1754
3 1635 1754 1636
3 1636 1754 1755
3 1636 1755 1637
3 1637 1755 1756
3 1637 1756 1638
3 1638 1756 1757
3 1639 1758 1640
3 1640 1758 1759
3 1640 1759 1641
3 1641 1759 1760
3 1641 1760 1642
3 1642 1760 1761
3 1642 1761 1643
3 1643 1761 1762
3 1644 1763 241
3 241 1763 359
3 1 1764 1645
3 1645 1764 1765
3 1645 1765 1646
3 1646 1765 1766
3 1646 1766 1647
3 1647 1766 1767
3 1648 1768 1649
3 1649 1768 1769
3 1649 1769 1650
3 1650 1769 1770
3 1650 1770 1651
3 1651 1770 1771
3 1651 1771 1652
3 1652 1771 1772
3 1652 1772 1653
3 1653 1772 1773
3 1654 1773 1655
3 1655 1773 1774
3 1655 1774 1656
3 1656 1774 1775
3 1656 1775 1657
3 1657 1775 1776
3 1657 1776 1658
3 1658 1776 1777
3 1658 1777 1659
3 1659 1777 1778
3 1659 1778 1660
3 1660 1778 1779
3 1660 1779 1661
3 1661 1779 1780
3 1661 1780 1662
3 1662 1780 1781
3 1663 1782 1664
3 1664 1782 1783
3 1664 1783 1665
3 1665 1783 1784
3 1665 1784 1666
3 1666 1784 1785
3 1666 1785 1667
3 1667 1785 1786
3 1667 1786 1668
3 1668 1786 1787
3 1668 1787 1669
3 1669 1787 1788
3 1669 1788 1670
3 1670 1788 1789
3 1670 1789 1671
3 1671 1789 1790
3 1671 1790 1672
3 1672 1790 1791
3 1672 1791 1673
3 1673 1791 1792
3 1674 1793 1675
3 1675 1793 1794
3 1675 1794 1676
3 1676 1794 1795
3 1677 1796 1678
3 1678 1796 1797
3 1678 1797 1679
3 1679 1797 1798
3 1680 1799 1681
3 1681 1799 1800
3 1681 1800 1682
3 1682 1800 1801
3 1682 1801 1683
3 1683 1801 1802
3 1684 1803 1685
3 1685 1803 1804
3 1685 1804 1686
3 1686 1804 1805
3 1687 1806 1688
3 1688 1806 1807
3 1688 1807 1689
3 1689 1807 1808
3 1690 1809 1691
3 1691 1809 1810
3 1691 1810 1692
3 1692 1810 1811
3 1693 1812 1694
3 1694 1812 1813
3 1694 1813 1695
3 1695 1813 1814
3 1695 1815 1696
3 1696 1815 1816
3 1696 1816 1697
3 1697 1816 1817
3 1697 1817 1698
3 1698 1817 1818
3 1699 1819 1700
3 1700 1819 1820
3 1700 1820 1701
3 1701 1820 1821
3 1702 1822 1703
3 1703 1822 1823
3 1703 1823 1704
3 1704 1823 1824
3 1704 1824 1705
3 1705 1824 1825
3 1705 1825 1706
3 1706 1825 1826
3 1707 1827 1708
3 1708 1827 1828
3 1708 1828 1709
3 1709 1828 1829
3 1709 1829 1710
3 1710 1829 1830
3 1711 1831 1712
3 1712 1831 1832
3 1712 1832 1713
3 1713 1832 1833
3 1713 1833 1714
3 1714 1833 1834
3 1714 1834 1715
3 1715 1834 1835
3 1716 1836 1717
3 1717 1836 1837
3 1717 1837 1718
3 1718 1837 1838
3 1718 1838 1719
3 1719 1838 1839
3 1719 1839 1720
3 1720 1839 1840
3 1721 1841 1722
3 1722 1841 1842
3 1722 1842 1723
3 1723 1842 1843
3 1723 1843 1724
3 1724 1843 1844
3 1725 1845 1726
3 1726 1845 1846
3 1726 1846 1727
3 1727 1846 1847
3 1727 1847 1728
3 1728 1847 1848
3 1728 1848 1729
3 1729 1848 1849
3 1730 1850 1731
3 1731 1850 1851
3 1731 1851 1732
3 1732 1851 1852
3 1732 1852 1733
3 1733 1852 1853
3 1733 1853 1734
3 1734 1853 1854
3 1735 1855 1736
3 1736 1855 1856
3 1736 1856 1737
3 1737 1856 1857
3 1737 1857 1738
3 1738 1857 1858
3 1739 1859 1740
3 1740 1859 1860
3 1740 1860 1741
3 1741 1860 1861
3 1741 1861 1742
3 1742 1861 1862
3 1742 1862 1743
3 1743 1862 1863
3 1744 1864 1745
3 1745 1864 1865
3 1745 1865 1746
3 1746 1865 1866
3 1746 1866 1747
3 1747 1866 1867
3 1747 1867 1748
3 1748 1867 1868
3 1749 1869 1750
3 1750 1869 1870
3 1750 1870 1751
3 1751 1870 1871
3 1751 1871 1752
3 1752 1871 1872
3 1753 1873 1754
3 1754 1873 1874
3 1754 1874 1755
3 1755 1874 1875
3 1755 1875 1756
3 1756 1875 1876
3 1756 1876 1757
3 1757 1876 1877
3 1758 1878 1759
3 1759 1878 1879
3 1759 1879 1760
3 1760 1879 1880
3 1760 1880 1761
3 1761 1880 1881
3 1761 1881 1762
3 1762 1881 1882
3 1763 1883 359
3 359 1883 1884
3 1764 1 1765
3 1765 1 0
3 1765 0 1766
3 1766 0 3
3 1766 3 1767
3 1767 3 5
3 1768 7 1769
3 1769 7 9
3 1769 9 1770
3 1770 9 11
3 1770 11 1771
3 1771 11 13
3 1771 13 1772
3 1772 13 15
3 1772 15 1773
3 1773 15 17
3 1773 19 1774
3 1774 19 21
3 1774 21 1775
3 1775 21 23
3 1775 23 1776
3 1776 23 25
3 1776 25 1777
3 1777 25 27
3 1777 27 1778
3 1778 27 29
3 1778 29 1779
3 1779 29 31
3 1779 31 1780
3 1780 31 33
3 1780 33 1781
3 1781 33 35
3 1782 37 1783
3 1783 37 39
3 1783 39 1784
3 1784 39 41
3 1784 41 1785
3 1785 41 43
3 1785 43 1786
3 1786 43 45
3 1786 45 1787
3 1787 45 47
3 1787 47 1788
3 1788 47 49
3 1788 49 1789
3 1789 49 51
3 1789 51 1790
3 1790 51 53
3 1790 53 1791
3 1791 53 55
3 1791 55 1792
3 1792 55 57
3 1793 59 1794
3 1794 59 61
3 1794 61 1795
3 1795 61 63
3 1796 65 1797
3 1797 65 67
3 1797 67 1798
3 1798 67 69
3 1799 71 1800
3 1800 71 73
3 1800 73 1801
3 1801 73 75
3 1801 75 1802
3 1802 75 77
3 1803 79 1804
3 1804 79 81
3 1804 81 1805
3 1805 81 83
3 1806 85 1807
3 1807 85 87
3 1807 87 1808
3 1808 87 89
3 1809 91 1810
3 1810 91 93
3 1810 93 1811
3 1811 93 95
3 1812 97 1813
3 1813 97 99
3 1813 99 1814
3 1814 99 101
3 1815 103 1816
3 1816 103 105
3 1816 105 1817
3 1817 105 107
3 1817 107 1818
3 1818 107 109
3 1819 111 1820
3 1820 111 113
3 1820 113 1821
3 1821 113 115
3 1822 117 1823
3 1823 117 119
3 1823 119 1824
3 1824 119 121
3 1824 121 1825
3 1825 121 123
3 1825 123 1826
3 1826 123 125
3 1827 127 1828
3 1828 127 129
3 1828 129 1829
3 1829 129 131
3 1829 131 1830
3 1830 131 133
3 1831 135 1832
3 1832 135 137
3 1832 137 1833
3 1833 137 139
3 1833 139 1834
3 1834 139 141
3 1834 141 1835
3 1835 141 143
3 1836 145 1837
3 1837 145 147
3 1837 147 1838
3 1838 147 149
3 1838 149 1839
3 1839 149 151
3 1839 151 1840
3 1840 151 153
3 1841 155 1842
3 1842 155 157
3 1842 157 1843
3 1843 157 159
3 1843 159 1844
3 1844 159 161
3 1845 163 1846
3 1846 163 165
3 1846 165 1847
3 1847 165 167
3 1847 167 1848
3 1848 167 169
3 1848 169 1849
3 1849 169 171
3 1850 173 1851
3 1851 173 175
3 1851 175 1852
3 1852 175 177
3 1852 177 1853
3 1853 177 179
3 1853 179 1854
3 1854 179 181
3 1855 183 1856
3 1856 183 185
3 1856 185 1857
3 1857 185 187
3 1857 187 1858
3 1858 187 189
3 1859 191 1860
3 1860 191 193
3 1860 193 1861
3 1861 193 195
3 1861 195 1862
3 1862 195 197
3 1862 197 1863
3 1863 197 199
3 1864 201 1865
3 1865 201 203
3 1865 203 1866
3 1866 203 205
3 1866 205 1867
3 1867 205 207
3 1867 207 1868
3 1868 207 209
3 1869 211 1870
3 1870 211 213
3 1870 213 1871
3 1871 213 215
3 1871 215 1872
3 1872 215 217
3 1873 219 1874
3 1874 219 221
3 1874 221 1875
3 1875 221 223
3 1875 223 1876
3 1876 223 225
3 1876 225 1877
3 1877 225 227
3 1878 229 1879
3 1879 229 231
3 1879 231 1880
3 1880 231 233
3 1880 233 1881
3 1881 233 235
3 1881 235 1882
3 1882 235 237
3 1883 239 1884
3 1884 239 241
