# vtk DataFile Version 2.0
File written by itkPolyDataMeshIO
ASCII
DATASET POLYDATA
POINTS 3159 float
10.527473 10.146049 316.30157
10.527458 10.146049 316.30154
8.932961 9.245735 315.89685
8.879494 8.976372 316.08633
7.989784 7.57093 315.27316
7.840248 7.061882 315.62344
7.489815 5.62513 314.57758
7.222771 4.919197 315.07117
7.339973 3.783394 313.89487
6.961357 2.929771 314.52002
7.502052 2.161903 313.2634
7.020592 1.201729 314.01456
7.794807 0.635216 312.51135
7.25808 -0.384514 313.3748
8.082619 -0.969872 311.54782
7.521126 -2.008812 312.49982
8.082634 -0.969872 311.54782
7.521156 -2.008812 312.49982
8.279015 -2.801704 310.2214
7.627831 -3.78756 311.19553
8.258598 -5.000862 308.32938
7.783455 -5.998451 309.2989
8.258583 -5.000877 308.32935
7.78344 -5.998436 309.29892
8.220695 -7.773064 306.49005
8.242546 -8.949104 307.51486
8.514366 -11.153511 305.52692
8.49221 -12.372734 306.59488
8.651131 -14.445061 304.71506
8.098289 -15.535286 305.7761
8.091301 -17.20861 303.11176
7.341805 -18.283165 304.1906
8.091316 -17.20861 303.11182
7.341835 -18.283134 304.19064
7.292244 -19.780617 301.3879
6.493736 -20.89112 302.49747
6.615837 -22.34275 299.78012
5.766624 -23.48919 300.92166
6.258125 -25.007896 297.84857
5.26284 -26.154564 299.0112
5.562767 -27.30082 295.41296
4.414024 -28.451378 296.60074
4.043404 -29.090752 292.5461
2.833076 -30.260551 293.7543
4.043434 -29.090736 292.54614
2.833092 -30.260536 293.75433
2.852928 -30.798485 289.5875
1.584435 -31.878578 290.72635
2.167427 -32.077827 286.3383
0.754555 -33.13378 287.48108
1.14283 -32.903862 282.99377
-0.203484 -34.159966 284.29202
-0.719887 -34.36326 280.31775
-1.925529 -35.758904 281.70813
-0.719902 -34.363274 280.31775
-1.925514 -35.75892 281.70813
-2.864464 -36.368614 277.8764
-4.420998 -37.652443 279.23596
-4.678734 -37.765297 274.77512
-6.72419 -38.893456 276.09116
-4.678734 -37.765297 274.7751
-6.724205 -38.89344 276.09116
-6.414574 -38.96267 271.46506
-8.521202 -40.025856 272.73813
-6.558052 -40.40943 268.13553
-8.629036 -41.499336 269.4264
-5.945152 -41.6361 264.42752
-7.958717 -42.82331 265.79245
-5.945107 -41.63607 264.42755
-7.958702 -42.823296 265.79248
-5.522896 -42.77993 260.87463
-7.529594 -44.048714 262.30917
-4.832664 -44.160286 257.9542
-6.80883 -45.489983 259.4365
-4.832664 -44.1603 257.9542
-6.80883 -45.489967 259.43646
-3.674339 -45.932304 255.21088
-5.552605 -47.305946 256.71472
-1.970284 -47.87127 253.45122
-3.620628 -49.172905 254.85419
-0.417 -49.42553 252.62154
-1.828621 -50.59249 253.86757
-0.417 -49.42553 252.62152
-1.828621 -50.59249 253.86758
0.828209 -50.624733 252.17226
-0.381996 -51.653206 253.26456
1.977928 -51.688698 251.92473
0.961113 -52.573143 252.86002
0.961128 -52.573143 252.86002
3.030296 -52.637962 251.8061
2.195778 -53.377068 252.58498
4.023781 -53.514183 251.77718
3.365257 -54.10659 252.39957
4.96833 -54.33184 251.81586
4.480232 -54.77677 252.28227
4.968346 -54.331825 251.81586
4.480247 -54.776756 252.28229
5.874519 -55.103386 251.90771
5.552559 -55.400352 252.21849
6.748711 -55.83686 252.04295
6.589272 -55.98551 252.19826
6.589272 -55.98551 252.19827
7.595695 -56.538216 252.21461
7.595695 -56.538216 252.2146
10.527458 10.146034 316.30154
8.825066 8.766533 316.2272
7.705498 6.663094 315.89175
6.992958 4.365578 315.45737
6.634895 2.261742 315.01437
6.598869 0.454491 314.60773
6.746269 -1.177101 314.06067
6.916481 -2.820457 313.26913
6.916481 -2.820457 313.26917
6.883339 -4.566444 312.00537
7.178947 -6.847862 310.16306
7.178917 -6.847878 310.16302
8.126534 -10.058556 308.50864
8.425575 -13.579842 307.65982
7.623314 -16.624321 306.81644
6.675774 -19.356438 305.247
6.675789 -19.356438 305.247
5.80822 -22.012672 303.59018
5.124077 -24.670708 302.04968
4.547493 -27.348305 300.15698
3.572121 -29.62983 297.75146
1.925972 -31.457664 294.92746
1.925987 -31.457664 294.9275
0.557884 -33.15786 291.98706
-0.282173 -34.46151 288.78357
-1.083641 -35.53411 285.6056
-2.890114 -37.10804 283.01633
-2.890114 -37.108055 283.01636
-5.818977 -38.842873 280.4888
-8.486977 -39.992455 277.3328
-10.385719 -41.04734 273.93335
-10.493767 -42.51345 270.61667
-9.821709 -43.95881 267.0872
-9.821678 -43.95878 267.08722
-9.393074 -45.2591 263.66898
-8.629951 -46.746956 260.8297
-8.629951 -46.74697 260.82968
-7.253914 -48.586617 258.1082
-5.088493 -50.37136 256.137
-3.069115 -51.659325 254.99811
-3.069115 -51.65934 254.9981
-1.437248 -52.58947 254.25095
0.080452 -53.375557 253.70126
0.080452 -53.375557 253.70128
1.476768 -54.04577 253.28346
2.800545 -54.64135 252.9564
4.063423 -55.17762 252.69853
4.063454 -55.177605 252.69856
5.278648 -55.667473 252.49515
6.454079 -56.11901 252.33626
7.59568 -56.538216 252.2146
8.770683 8.563271 316.36124
7.579338 6.273277 316.1545
6.787224 3.818291 315.84448
6.348442 1.593163 315.51672
6.231239 -0.303429 315.2146
6.293755 -1.994362 314.7654
6.396065 -3.689018 314.0729
6.396065 -3.688988 314.07294
6.41465 -5.534187 312.926
6.915657 -7.959511 311.1908
6.915642 -7.959526 311.1908
8.009239 -11.259422 309.58325
8.209846 -14.784798 308.7528
7.189888 -17.82618 307.9427
6.053749 -20.55439 306.39777
6.05378 -20.554375 306.39783
5.149712 -23.249214 304.77222
4.577919 -25.985832 303.27023
4.105751 -28.729927 301.4082
3.086174 -31.023247 299.0157
1.27961 -32.830696 296.19965
-0.071098 -34.595284 293.30844
-0.726845 -35.972343 290.1335
-1.455925 -37.138985 287.0228
-3.533241 -38.803215 284.55988
-3.533241 -38.8032 284.55988
-6.890892 -40.445747 282.03323
-9.896217 -41.40473 278.77798
-9.896217 -41.40473 278.77795
-12.228065 -42.311897 275.33136
-12.467934 -43.71676 271.98752
-11.727379 -45.213646 268.49155
-11.727333 -45.21363 268.4916
-11.318916 -46.573784 265.12918
-10.5196 -48.109566 262.3256
-10.5196 -48.10958 262.3256
-9.006386 -49.971474 259.59998
-6.585777 -51.663826 257.50565
-4.324562 -52.807594 256.20117
-4.324562 -52.80761 256.20117
-2.500221 -53.59603 255.29906
-0.802727 -54.23736 254.59396
-0.802711 -54.23736 254.59398
0.758263 -54.76339 254.02391
2.237968 -55.21479 253.54616
3.649406 -55.607292 253.1391
3.649437 -55.607292 253.1391
5.007286 -55.953636 252.78775
6.320473 -56.261955 252.48206
6.320457 -56.26197 252.48206
7.595695 -56.538216 252.21463
10.527458 10.146034 316.30157
8.761131 8.370232 316.50693
7.54464 5.895805 316.44406
6.718529 3.272346 316.27457
6.240257 0.902626 316.0763
6.075523 -1.115501 315.88968
6.095863 -2.907265 315.5471
6.201241 -4.696053 314.95636
6.201256 -4.696037 314.95636
6.434731 -6.649925 313.88788
7.125603 -9.166115 312.2094
7.125603 -9.16613 312.20938
8.012138 -12.499779 310.66727
7.986946 -16.038597 309.88843
6.916679 -19.096184 309.09348
5.623741 -21.840843 307.58414
5.623756 -21.840828 307.58417
4.701408 -24.578056 305.99042
4.302345 -27.38961 304.51324
3.995415 -30.226158 302.69302
3.028206 -32.552696 300.3147
1.182228 -34.319954 297.46957
1.182243 -34.31994 297.46954
-0.25779 -36.129616 294.63147
-0.906578 -37.63082 291.56036
-1.5355 -38.840736 288.47006
-3.418678 -40.53733 286.0034
-6.669731 -42.275597 283.54288
-10.180763 -43.27665 280.41623
-10.180763 -43.276665 280.41623
-13.342018 -44.159462 277.0978
-13.959145 -45.38569 273.67093
-13.4282 -46.697044 270.0555
-13.428169 -46.697014 270.05554
-13.182518 -48.048714 266.71576
-12.41552 -49.642128 263.96826
-10.827034 -51.566887 261.28427
-8.188499 -53.190697 259.09363
-5.694954 -54.184486 257.62027
-5.694954 -54.1845 257.62027
-3.675529 -54.81353 256.54758
-1.790092 -55.287254 255.66612
-1.790077 -55.287254 255.66614
-0.052193 -55.642433 254.91876
1.598366 -55.9206 254.26266
3.175346 -56.138298 253.6769
3.175362 -56.138283 253.67693
4.694603 -56.30854 253.14648
6.165596 -56.43981 252.66147
7.59568 -56.53823 252.21458
10.527473 10.146034 316.30154
8.844994 8.223457 316.66156
7.691246 5.598351 316.74875
6.905251 2.81736 316.7221
6.445732 0.291283 316.6517
6.276665 -1.879036 316.57626
6.298317 -3.810539 316.3298
6.436974 -5.724937 315.8232
6.436989 -5.724937 315.8232
6.797646 -7.781868 314.8123
7.458839 -10.355659 313.1886
7.458839 -10.355675 313.18854
8.014381 -13.710854 311.72473
7.868599 -17.280891 310.99112
6.904274 -20.381737 310.2045
5.556984 -23.142952 308.7126
5.556999 -23.142952 308.71262
4.648582 -25.908455 307.13394
4.379829 -28.773216 305.67188
4.123131 -31.672554 303.89047
3.235619 -34.04116 301.52994
1.561073 -35.826317 298.66772
1.561073 -35.8263 298.66772
-0.121223 -37.67437 295.90546
-1.002861 -39.23655 292.92865
-1.354912 -40.461205 289.8039
-2.688911 -42.13453 287.22406
-2.688927 -42.13453 287.22406
-5.587456 -43.907646 284.73538
-9.203957 -45.0819 281.7784
-9.203941 -45.0819 281.7784
-12.652351 -46.16526 278.68472
-13.992088 -47.277016 275.29044
-14.308891 -48.37336 271.6421
-14.308846 -48.37333 271.64212
-14.50222 -49.65641 268.32144
-13.829079 -51.25097 265.5928
-13.829094 -51.250984 265.59277
-12.149162 -53.18374 262.9008
-9.294258 -54.702736 260.583
-6.604897 -55.531273 258.93396
-6.604881 -55.53129 258.93396
-4.438164 -55.995247 257.69403
-2.417137 -56.30024 256.64423
-2.417122 -56.300224 256.64423
-0.558235 -56.486656 255.73106
1.205101 -56.595787 254.91035
2.887749 -56.644493 254.16122
2.887779 -56.644478 254.16124
4.507271 -56.645836 253.46854
6.073891 -56.60836 252.8221
6.073906 -56.608376 252.82208
9.018028 8.125771 316.82254
8.00779 5.389412 317.0602
7.324501 2.46859 317.17178
6.92704 -0.219292 317.2222
6.783653 -2.566917 317.25024
6.819008 -4.672966 317.09225
6.966896 -6.744255 316.66406
6.966896 -6.74424 316.66406
7.292473 -8.906288 315.71472
7.739708 -11.515251 314.1503
7.739693 -11.515251 314.1503
7.995705 -14.871666 312.7412
7.839256 -18.452843 312.01282
7.068153 -21.620522 311.23883
5.821739 -24.4907 309.81528
5.821754 -24.490685 309.8153
5.015434 -27.303185 308.25208
4.843544 -30.15818 306.75812
4.519463 -33.129936 305.04608
3.623466 -35.568825 302.74435
2.153679 -37.315453 299.8126
2.153679 -37.315468 299.81262
0.3592 -39.18946 297.09323
-0.799156 -40.8375 294.2403
-0.930443 -42.12159 291.12964
-1.701897 -43.74665 288.41385
-1.701912 -43.74665 288.41385
-4.19001 -45.390465 285.7482
-7.477425 -46.549522 282.7243
-10.803017 -47.678444 279.65106
-12.783791 -48.931313 276.49268
-13.922447 -50.200294 273.13818
-13.922417 -50.200264 273.13824
-14.665947 -51.54708 269.96985
-14.137505 -53.15905 267.28287
-14.137505 -53.159065 267.28287
-12.383842 -55.06655 264.5574
-9.400581 -56.42025 262.07578
-6.633018 -57.037148 260.23148
-6.633018 -57.037132 260.23148
-4.431419 -57.30474 258.81696
-2.387596 -57.41413 257.5953
-0.518974 -57.409584 256.51657
1.246681 -57.330223 255.53362
2.925407 -57.192757 254.62532
2.925423 -57.19274 254.62534
4.536171 -57.00979 253.77597
6.09005 -56.789604 252.97491
7.595695 -56.53823 252.21461
10.527489 10.146065 316.30157
9.237282 8.061501 316.98123
8.412697 5.243279 317.363
7.86338 2.199501 317.6039
7.547295 -0.647713 317.76636
7.443184 -3.183052 317.8903
7.487007 -5.480202 317.81558
7.612556 -7.724434 317.46487
7.612556 -7.724419 317.4649
7.816185 -10.001335 316.58838
8.028786 -12.658852 315.09433
8.02877 -12.658836 315.09433
8.13427 -16.068138 313.75494
8.061729 -19.730507 313.07297
7.460533 -22.951393 312.3054
6.348488 -25.828651 310.85782
6.348488 -25.82862 310.85785
5.736519 -28.603996 309.22174
5.734154 -31.43296 307.66867
5.229424 -34.513924 306.0798
4.132973 -37.062492 303.9073
2.862358 -38.759315 300.89838
2.862373 -38.759315 300.89838
1.271599 -40.581367 298.10056
-0.025124 -42.302376 295.33676
-0.20594 -43.708534 292.34195
-0.607841 -45.30921 289.54507
-0.607841 -45.30921 289.5451
-2.631935 -46.82328 286.6926
-5.534477 -47.87023 283.50925
-5.534462 -47.870216 283.50928
-8.570702 -48.807625 280.22495
-10.815636 -50.209938 277.2432
-12.40728 -51.824043 274.26556
-12.407234 -51.824028 274.2656
-13.464867 -53.33465 271.29456
-13.044518 -54.98304 268.65875
-13.044518 -54.98304 268.65872
-11.326637 -56.845985 265.90173
-8.432854 -58.017464 263.2793
-5.781029 -58.42254 261.27322
-5.781013 -58.422554 261.2732
-3.689659 -58.502052 259.71634
-1.755531 -58.427116 258.35547
-1.755516 -58.427116 258.35544
0.005287 -58.24549 257.1434
1.664314 -57.99302 256.03027
3.237434 -57.686028 254.99472
3.237465 -57.686012 254.99475
4.743492 -57.336327 254.0204
6.193413 -56.951836 253.09636
6.193413 -56.951836 253.09634
7.595711 -56.5382 252.21465
10.527489 10.146065 316.3016
9.474205 8.014732 317.1347
8.851021 5.130196 317.65472
8.446892 1.974342 318.01822
8.218346 -1.027061 318.2856
8.15789 -3.750786 318.49893
8.204491 -6.239494 318.4996
8.296349 -8.657951 318.2198
8.296349 -8.657936 318.2198
8.384773 -11.076881 317.43344
8.439018 -13.815453 316.02264
8.439018 -13.815468 316.02264
8.52877 -17.246193 314.69818
8.611824 -20.918327 313.98593
8.168999 -24.158073 313.1988
7.182304 -27.010902 311.70447
7.18232 -27.010887 311.7045
6.764473 -29.71386 309.9668
6.92025 -32.494377 308.33853
6.159065 -35.723473 306.92303
4.772316 -38.452736 304.95865
3.709663 -40.129524 301.897
3.709663 -40.12951 301.89703
2.478539 -41.84031 298.94354
1.276802 -43.556038 296.16214
1.005531 -45.08454 293.29132
0.727974 -46.72686 290.51285
0.727989 -46.72686 290.51285
-0.970924 -48.202965 287.57562
-3.600639 -49.21911 284.32156
-3.600639 -49.21911 284.3216
-6.228706 -49.914543 280.7621
-8.465248 -51.292076 277.76028
-10.317604 -53.14852 275.03784
-10.317574 -53.14849 275.03787
-11.435814 -54.790916 272.19217
-11.021126 -56.454903 269.5715
-9.347298 -58.25254 266.76633
-6.643639 -59.254692 264.03152
-4.223625 -59.48188 261.91287
-2.340538 -59.410286 260.2623
-0.612038 -59.190285 258.81253
-0.612022 -59.190285 258.81253
0.950203 -58.871895 257.51746
2.414467 -58.487328 256.3247
3.796303 -58.052376 255.2125
3.796318 -58.052345 255.21251
5.113792 -57.57801 254.16376
6.377571 -57.07154 253.1672
6.377586 -57.07154 253.1672
7.595711 -56.5382 252.21463
9.716698 7.975975 317.2837
9.299202 5.030678 317.93912
9.043922 1.767433 318.42188
8.905525 -1.384132 318.7898
8.891487 -4.292809 319.08707
8.937721 -6.970848 319.15784
8.994392 -9.561699 318.9429
8.994392 -9.561699 318.94287
9.007698 -12.118813 318.23383
8.992912 -14.935921 316.8868
8.992897 -14.935905 316.8868
9.143791 -18.350777 315.52856
9.408546 -21.929146 314.6903
9.132637 -25.120003 313.82443
8.27198 -27.975685 312.30942
8.271996 -27.97567 312.30948
7.99987 -30.63453 310.505
8.252525 -33.35781 308.8066
7.28672 -36.720345 307.5463
5.693062 -39.639458 305.78574
4.822777 -41.331444 302.70517
4.822777 -41.33143 302.70517
3.879036 -42.958275 299.6328
2.802544 -44.643364 296.80798
2.504982 -46.27871 294.0373
2.266655 -48.00907 291.33167
0.755974 -49.495857 288.37488
-1.665703 -50.55523 285.12448
-1.665718 -50.555244 285.12448
-3.94886 -51.10505 281.38278
-6.119316 -52.373528 278.2785
-8.105354 -54.32714 275.66452
-8.105324 -54.32711 275.66455
-9.178963 -56.02279 272.85812
-8.688744 -57.66648 270.2075
-8.688759 -57.66648 270.2075
-6.974007 -59.37464 267.3186
-4.423317 -60.214317 264.4708
-2.249321 -60.288734 262.26355
-0.608437 -60.09388 260.54916
0.871788 -59.758965 259.04373
2.186424 -59.334877 257.7008
3.402794 -58.85009 256.46497
4.537071 -58.319572 255.31358
4.537086 -58.319572 255.31361
5.607292 -57.753227 254.22873
6.624153 -57.15786 253.1986
6.624153 -57.15786 253.19861
9.9618 7.940987 317.43008
9.754234 4.937233 318.21912
9.65583 1.570442 318.81747
9.617928 -1.725945 319.2804
9.661964 -4.81208 319.6536
9.718636 -7.678795 319.79053
9.754768 -10.445763 319.63782
9.754768 -10.445763 319.63785
9.742134 -13.121147 318.97476
9.735542 -15.988106 317.6477
9.735558 -15.988121 317.64764
9.979332 -19.38787 316.2487
10.404182 -22.852425 315.27032
10.297951 -25.916191 314.25748
9.565468 -28.734383 312.68845
9.565498 -28.734367 312.68848
9.356682 -31.38099 310.86267
9.639534 -34.088753 309.14508
8.759209 -37.451912 307.8757
7.21534 -40.44758 306.17947
6.307518 -42.277718 303.22873
6.307533 -42.277718 303.2287
5.453239 -43.914024 300.15375
4.495628 -45.60282 297.3164
4.144096 -47.33201 294.6402
3.912224 -49.13967 292.00424
3.912239 -49.13967 292.00424
2.580254 -50.70533 289.08755
0.273033 -51.815407 285.8634
0.273033 -51.81539 285.8634
-1.898796 -52.320137 282.0658
-3.926247 -53.55741 278.91193
-5.8209 -55.49601 276.27097
-5.820885 -55.49598 276.271
-6.76989 -57.173454 273.4284
-6.169807 -58.75698 270.70752
-6.169792 -58.75698 270.7075
-4.387886 -60.349144 267.70743
-1.990349 -61.028053 264.7481
-0.078667 -60.963173 262.46674
1.299477 -60.65928 260.70428
2.50872 -60.225334 259.16074
2.508736 -60.22532 259.16074
3.551781 -59.71186 257.78806
4.49543 -59.14364 256.52777
5.356667 -58.534584 255.3562
5.356682 -58.53457 255.35623
6.153709 -57.893486 254.25449
6.897331 -57.226585 253.21031
10.206657 7.90757 317.57428
10.214058 4.849586 318.49213
10.285698 1.388969 319.19638
10.367119 -2.037849 319.74017
10.490547 -5.282982 320.17154
10.584267 -8.322289 320.35614
10.63192 -11.251503 320.24503
10.63192 -11.251488 320.245
10.637566 -14.016304 319.58783
10.670708 -16.900047 318.23978
10.670708 -16.900047 318.23975
10.982063 -20.263542 316.78647
11.516945 -23.57061 315.6406
11.559761 -26.45797 314.44247
10.940422 -29.266853 312.84726
10.940437 -29.266838 312.8473
10.760475 -31.979073 311.0751
11.061607 -34.70353 309.37076
10.409843 -37.873253 307.90295
9.038368 -40.809685 306.13663
7.98629 -42.971474 303.50162
7.115623 -44.755547 300.56165
6.314262 -46.431328 297.69177
5.972252 -48.196663 295.05002
5.705101 -50.065025 292.47708
5.705086 -50.065025 292.4771
4.474419 -51.79812 289.68948
2.236794 -53.018105 286.55002
2.236794 -53.018105 286.55
0.031044 -53.54374 282.77805
-1.834465 -54.793785 279.60867
-3.509239 -56.666847 276.87482
-3.509209 -56.666817 276.87488
-4.297417 -58.29493 273.96277
-3.598564 -59.819756 271.1746
-3.598564 -59.81977 271.1746
-1.785896 -61.330696 268.09943
0.420464 -61.887474 265.0684
2.051903 -61.700356 262.73068
3.162056 -61.290718 260.92386
4.09948 -60.756325 259.34116
4.09948 -60.75634 259.34113
4.874046 -60.14776 257.9333
5.550377 -59.48777 256.6405
6.146004 -58.78971 255.43852
6.146019 -58.78968 255.43854
6.678764 -58.06185 254.30804
7.159294 -57.309975 253.23647
7.159309 -57.309975 253.23647
10.527489 10.146049 316.30157
10.449532 7.875496 317.71594
10.675377 4.769615 318.75513
10.929527 1.230415 319.54977
11.149803 -2.302849 320.15115
11.375359 -5.676399 320.61234
11.53463 -8.851326 320.80728
11.624931 -11.90377 320.69504
11.624916 -11.90377 320.69504
11.669624 -14.72863 320.0092
11.727516 -17.613365 318.62613
11.727531 -17.61338 318.6261
12.06591 -20.917 317.10736
12.683907 -24.036171 315.77435
12.831642 -26.769691 314.41998
12.274055 -29.635078 312.86548
12.274055 -29.635063 312.86554
12.157463 -32.424828 311.15164
12.539742 -35.105904 309.39893
11.954674 -38.030327 307.72134
10.638573 -40.90983 305.9099
9.655373 -43.45246 303.5945
9.655388 -43.452446 303.59454
8.855995 -45.457954 300.83685
8.120415 -47.106438 297.93924
7.832985 -48.864235 295.2872
7.631569 -50.79824 292.76346
6.463203 -52.71685 290.12717
4.261971 -54.127876 287.14737
4.261971 -54.12786 287.1474
2.143776 -54.73307 283.43
0.357399 -55.95542 280.2247
-1.237587 -57.765556 277.42416
-1.237541 -57.76554 277.42422
-1.911339 -59.34826 274.45377
-1.151711 -60.843544 271.62976
-1.151726 -60.84356 271.62973
0.642693 -62.3377 268.54333
2.631798 -62.824715 265.49008
3.984779 -62.535408 263.11282
4.841179 -62.02308 261.26178
5.525871 -61.384377 259.6333
5.525871 -61.38436 259.6333
6.054909 -60.671318 258.17828
6.489265 -59.9067 256.8376
6.846397 -59.103905 255.58704
6.846413 -59.103874 255.58702
7.143456 -58.27134 254.40744
7.390648 -57.414757 253.28635
7.390633 -57.414757 253.28635
10.695457 7.845543 317.857
11.145622 4.696037 319.0133
11.593727 1.091286 319.88507
11.968895 -2.524696 320.52075
12.314781 -5.99369 320.98016
12.559059 -9.262199 321.144
12.706978 -12.397163 320.98898
12.706978 -12.397163 320.98895
12.777687 -15.277748 320.2695
12.849495 -18.153282 318.84213
12.84951 -18.153282 318.84213
13.230598 -21.34365 317.20865
13.898567 -24.297646 315.71732
14.092857 -26.991463 314.3189
13.610878 -29.962578 312.84317
13.610893 -29.962563 312.84323
13.583488 -32.76087 311.124
14.044258 -35.29574 309.23834
13.482094 -38.091072 307.45822
12.211266 -41.012657 305.68707
11.373665 -43.757195 303.52682
11.373665 -43.75718 303.5268
10.697762 -45.91201 300.8822
9.98278 -47.622704 298.04144
9.730507 -49.414833 295.41855
9.666069 -51.36007 292.88495
9.666084 -51.360085 292.88492
8.575874 -53.41723 290.35712
6.363014 -55.081596 287.59875
6.363014 -55.08158 287.59872
4.369972 -55.738976 283.9058
2.651085 -56.941505 280.67297
1.082008 -58.77578 277.88947
1.082039 -58.775764 277.88953
0.490013 -60.33721 274.8869
1.267815 -61.809303 272.03986
1.267799 -61.80932 272.03986
2.975838 -63.289864 268.95673
4.700218 -63.705635 265.88818
5.762596 -63.316322 263.47543
5.762581 -63.316322 263.47543
6.369789 -62.70655 261.58386
6.813133 -61.96926 259.91248
6.813148 -61.96926 259.91248
7.11335 -61.15824 258.41293
7.325829 -60.295815 257.0267
7.467308 -59.3955 255.72975
7.467308 -59.395485 255.72977
7.55352 -58.465614 254.50316
7.59391 -57.511818 253.33449
10.948235 7.820534 317.99695
11.629921 4.629311 319.26947
12.281853 0.968788 320.2086
12.823799 -2.70713 320.8563
13.302605 -6.236458 321.2808
13.644188 -9.551125 321.3683
13.856773 -12.71949 321.12323
13.856789 -12.719475 321.12326
13.933815 -15.634499 320.35196
14.002663 -18.474709 318.8588
14.002663 -18.474724 318.8588
14.432274 -21.530403 317.09192
15.112022 -24.422066 315.54245
15.317848 -27.205864 314.22095
14.96006 -30.266823 312.7981
14.960075 -30.266792 312.79816
15.043327 -33.046043 311.04547
15.557961 -35.461876 309.05707
15.062614 -38.18856 307.21613
13.885094 -41.125282 305.45163
13.143944 -43.905113 303.31512
13.143959 -43.90513 303.31516
12.589348 -46.09063 300.68423
11.959023 -47.905495 297.92456
11.810143 -49.797417 295.3746
11.80648 -51.690804 292.79062
11.80648 -51.69082 292.7906
10.720955 -53.82511 290.33173
8.655739 -55.84205 287.85193
8.655724 -55.84205 287.8519
6.719063 -56.624916 284.25803
4.967766 -57.793816 281.0029
3.487877 -59.63645 278.21164
3.487907 -59.63642 278.21167
2.976585 -61.18801 275.1867
3.744377 -62.64126 272.32523
5.313988 -64.09121 269.23984
6.730965 -64.419975 266.14984
7.48568 -63.93299 263.70648
7.485695 -63.93299 263.70648
7.838783 -63.238533 261.78616
8.041359 -62.41857 260.0855
8.117393 -61.528587 258.55704
8.11541 -60.58921 257.14194
8.050697 -59.61373 255.81615
8.050728 -59.613716 255.81616
7.937233 -58.61001 254.56068
7.78344 -57.58355 253.36322
10.527458 10.146049 316.30157
11.20948 7.80442 318.13327
12.129723 4.57412 319.52133
12.992897 0.866692 320.51968
13.70974 -2.84742 321.15866
14.329582 -6.402031 321.5154
14.779945 -9.715843 321.48157
15.078423 -12.870201 321.0981
15.218269 -15.799614 320.24188
15.289024 -18.617561 318.69147
15.289024 -18.617561 318.69144
15.676674 -21.587547 316.8556
16.374275 -24.50785 315.32742
16.678825 -27.425255 314.10138
16.427574 -30.52935 312.6949
16.42759 -30.529335 312.69492
16.565697 -33.307777 310.9378
17.099693 -35.69654 308.93393
16.721275 -38.34481 307.01227
15.667061 -41.191948 305.15732
14.933769 -43.922478 302.98904
14.933784 -43.922462 302.98904
14.486137 -46.0962 300.3386
14.029793 -48.006783 297.6365
13.991096 -49.968895 295.133
14.08419 -51.856667 292.53186
14.08419 -51.85665 292.53186
13.099403 -54.058846 290.11688
11.176353 -56.303062 287.80942
11.176369 -56.303078 287.80945
9.384895 -57.479103 284.52866
7.605354 -58.69268 281.3174
6.103966 -60.346794 278.36832
6.104012 -60.34678 278.36838
5.664833 -61.87345 275.30957
6.464211 -63.32833 272.44406
7.97271 -64.75923 269.3529
9.12809 -65.01526 266.2457
9.570259 -64.44464 263.78467
9.570259 -64.44464 263.78464
9.642982 -63.679344 261.85208
9.569679 -62.790123 260.13974
9.569679 -62.790123 260.13977
9.379662 -61.834435 258.601
9.116982 -60.83114 257.1762
8.796532 -59.793404 255.84125
8.796547 -59.793404 255.84128
8.43119 -58.728737 254.57713
8.028969 -57.642464 253.37125
10.527473 10.146034 316.30157
10.527473 10.146065 316.30157
11.20948 7.804405 318.13327
11.463402 7.804283 318.25314
12.129723 4.57412 319.5213
12.614616 4.545464 319.74527
12.992897 0.866676 320.51968
13.681801 0.805519 320.79
14.567421 -2.923058 321.4017
14.329582 -6.402031 321.51538
15.32412 -6.469093 321.66504
14.779945 -9.715828 321.48154
15.877464 -9.739876 321.4788
15.078423 -12.870186 321.0981
16.25431 -12.838264 320.92654
16.25431 -12.838249 320.92654
16.450356 -15.757759 319.96857
16.558739 -18.598091 318.39267
15.289024 -18.617561 318.6914
16.558739 -18.598091 318.39264
15.676643 -21.587547 316.8556
16.98806 -21.582253 316.55728
16.37426 -24.50785 315.32742
17.734581 -24.555275 315.06674
18.088478 -27.538612 313.88986
16.427559 -30.52935 312.6949
17.892464 -30.644783 312.4748
16.427574 -30.529335 312.69492
17.892479 -30.644768 312.47482
16.565697 -33.307777 310.93777
18.115013 -33.460274 310.73953
17.099709 -35.696526 308.9339
18.74459 -35.898994 308.77115
16.72129 -38.344826 307.01224
18.423912 -38.4367 306.7518
17.437706 -41.137962 304.7668
14.933754 -43.922478 302.98904
16.802711 -43.871452 302.5925
14.933769 -43.922462 302.98904
16.802711 -43.871468 302.59247
16.353859 -46.074562 299.97638
15.946602 -48.003716 297.28842
16.096306 -49.985497 294.77368
14.084175 -51.856667 292.53186
16.3433 -51.96456 292.2278
14.084175 -51.85665 292.53186
16.343315 -51.96456 292.2278
13.099388 -54.058846 290.11688
15.49485 -54.217796 289.83563
13.744392 -56.484917 287.51965
13.744392 -56.484932 287.51962
12.005577 -58.079903 284.59003
7.605339 -58.69268 281.31738
10.216621 -59.40455 281.4762
6.103951 -60.346794 278.36832
8.761513 -60.861656 278.35016
6.103996 -60.34678 278.36835
8.761543 -60.861626 278.3502
5.664818 -61.87345 275.30954
8.418297 -62.377357 275.2654
6.464195 -63.32833 272.44406
9.305992 -63.823387 272.37695
7.972694 -64.75923 269.3529
10.85421 -65.197624 269.2303
9.12809 -65.01527 266.2457
11.813103 -65.36739 266.08307
9.570259 -64.44465 263.78467
11.953041 -64.72519 263.61295
11.953026 -64.7252 263.61295
11.730782 -63.909492 261.68817
11.356438 -62.97561 259.98965
9.569679 -62.790108 260.13974
11.356438 -62.975594 259.98965
9.379662 -61.83442 258.601
10.867134 -61.981697 258.4699
9.116982 -60.83114 257.17618
10.305443 -60.94387 257.06717
8.796532 -59.793434 255.84125
9.68679 -59.874733 255.75687
8.796547 -59.79342 255.84128
9.686821 -59.874718 255.75688
8.43119 -58.728752 254.57713
9.024025 -58.781044 254.51935
8.32505 -57.667763 253.34172
8.325035 -57.667763 253.3417
7.59568 -56.53823 252.2146
7.59568 -56.538216 252.21461
11.718285 7.828423 318.35367
13.101326 4.559868 319.93555
14.372948 0.804741 321.01303
15.427299 -2.918785 321.58154
16.322182 -6.432274 321.7315
16.975197 -9.636086 321.37332
17.417793 -12.662224 320.64117
17.62751 -15.580498 319.59845
17.74546 -18.471367 318.02832
17.745445 -18.471382 318.02832
18.27378 -21.485222 316.19638
19.128471 -24.50312 314.72604
19.489418 -27.531013 313.58963
19.26638 -30.629982 312.17438
19.266396 -30.629967 312.17444
19.56028 -33.468834 310.45114
20.352348 -35.941063 308.49014
20.120476 -38.37713 306.37222
19.170692 -40.985924 304.30563
18.614235 -43.79815 302.19162
18.61425 -43.79815 302.19165
18.250435 -46.048958 299.60837
17.889763 -47.966133 296.90768
18.09214 -49.967308 294.40506
18.414558 -52.028847 291.92023
18.414574 -52.028862 291.92023
17.716698 -54.3041 289.5228
16.215858 -56.534935 287.13376
16.215843 -56.53495 287.13373
14.605415 -58.371666 284.38995
12.801582 -59.811485 281.37778
11.3843 -61.20936 278.19443
11.384331 -61.209328 278.19446
11.108253 -62.746162 275.1163
12.016548 -64.1305 272.17126
12.016563 -64.130516 272.17123
13.505226 -65.340675 268.894
14.208794 -65.3571 265.65945
14.040154 -64.63831 263.17694
14.040138 -64.63832 263.17694
13.538918 -63.793602 261.27554
12.889503 -62.848045 259.61462
12.889503 -62.84803 259.61465
12.134285 -61.85752 258.1438
11.311562 -60.832314 256.7971
10.436455 -59.78321 255.54842
10.436485 -59.78321 255.54845
9.520836 -58.71546 254.37692
8.572105 -57.632896 253.269
8.572105 -57.632896 253.26898
11.966988 7.888329 318.4226
13.576256 4.642769 320.06583
15.048561 0.898933 321.15414
16.271187 -2.800591 321.66458
17.307335 -6.268059 321.6917
18.067131 -9.400871 321.15945
18.59092 -12.359138 320.25052
18.59092 -12.359138 320.2505
18.862373 -15.290352 319.12796
18.99308 -18.264427 317.59317
19.519035 -21.321083 315.79858
20.448784 -24.337578 314.31677
20.915459 -27.387291 313.18112
20.734383 -30.52317 311.78894
20.734398 -30.523155 311.78897
21.093742 -33.36944 310.0648
21.98658 -35.81594 308.0719
21.82917 -38.242424 305.93585
20.92138 -40.854225 303.86594
20.412865 -43.66033 301.74304
20.41288 -43.660347 301.74307
20.149452 -45.925407 299.1597
19.8964 -47.928047 296.51767
20.169823 -49.970634 294.04208
20.585106 -52.007973 291.5233
20.585121 -52.007988 291.5233
20.031578 -54.295372 289.113
18.693687 -56.547173 286.71466
18.693687 -56.547188 286.71463
17.214546 -58.45957 284.01355
15.4067 -59.991936 281.0817
13.989464 -61.4345 277.9367
13.989494 -61.43447 277.93674
13.790764 -63.018105 274.8853
14.739708 -64.319916 271.86246
14.739723 -64.31992 271.86246
16.189522 -65.32216 268.41345
16.646507 -65.16036 265.06854
16.169289 -64.367256 262.57565
15.387215 -63.50654 260.70914
14.458961 -62.567116 259.10178
13.433083 -61.601234 257.69897
12.343971 -60.612144 256.4294
11.206505 -59.608376 255.26508
11.20652 -59.60836 255.26509
10.031609 -58.59321 254.18358
8.826332 -57.569252 253.17036
8.826317 -57.569252 253.17038
11.966988 7.888329 318.42258
12.20153 7.991859 318.44952
13.576241 4.642784 320.06583
14.021111 4.81675 320.10947
15.68116 1.122826 321.1739
16.271187 -2.800591 321.6646
17.066154 -2.531013 321.60934
17.307335 -6.268059 321.69174
18.244637 -5.947548 321.5141
18.067131 -9.400871 321.1595
19.123222 -9.023064 320.82513
18.59092 -12.359138 320.25055
19.749321 -11.934364 319.7614
19.749336 -11.934364 319.76144
20.110329 -14.88578 318.56503
18.99308 -18.264427 317.5932
20.30471 -17.943947 317.05814
18.99308 -18.264412 317.59317
20.304695 -17.943947 317.0581
20.854424 -21.039345 315.29282
20.448784 -24.337593 314.31677
21.788551 -24.029732 313.79245
20.915474 -27.387291 313.18112
22.324287 -27.10389 312.6673
22.287651 -30.316078 311.3129
22.287666 -30.316063 311.3129
21.093758 -33.36944 310.0648
22.747963 -33.14878 309.56232
21.98658 -35.81594 308.07193
23.669304 -35.51188 307.5003
21.82917 -38.242424 305.93588
23.573006 -38.00712 305.41504
20.921394 -40.854225 303.86594
22.726463 -40.67971 303.3867
20.412865 -43.660347 301.74304
22.217873 -43.35694 301.15656
22.217888 -43.35694 301.1566
20.149467 -45.925407 299.1597
22.003624 -45.627342 298.57318
21.864113 -47.766212 296.03116
22.267265 -49.819984 293.5454
22.794792 -51.845757 290.99933
22.794807 -51.84577 290.99933
22.404808 -54.190865 288.61145
21.23539 -56.45809 286.19775
21.235405 -56.45809 286.19778
17.214561 -58.45957 284.01355
19.67257 -58.40841 283.54404
15.406715 -59.991936 281.0817
17.886284 -60.044426 280.69745
13.989449 -61.434486 277.9367
16.635582 -61.570076 277.59488
16.635628 -61.570045 277.5949
13.790749 -63.01809 274.8853
16.504326 -63.19024 274.56323
17.44268 -64.403465 271.46625
17.44268 -64.40347 271.46622
16.189537 -65.32216 268.41345
18.79467 -65.2169 267.87204
16.646523 -65.16036 265.06854
18.967888 -64.91077 264.45233
16.169304 -64.367256 262.57565
18.174171 -64.066414 261.97034
17.115135 -63.2015 260.14816
15.91761 -62.27706 258.60025
15.91761 -62.277046 258.60028
14.634621 -61.341225 257.26776
12.343971 -60.61213 256.4294
13.29525 -60.3917 256.07547
11.206505 -59.60836 255.26508
11.913506 -59.435112 254.99394
11.913521 -59.435097 254.99394
10.499123 -58.473045 253.99953
8.826332 -57.569252 253.17038
9.058327 -57.50712 253.07686
8.826302 -57.569252 253.17038
10.527473 10.146049 316.30154
12.201515 7.991859 318.4495
12.419441 8.140633 318.43195
14.02108 4.816734 320.10944
14.425453 5.091301 320.05417
15.681145 1.12281 321.1739
16.250938 1.494637 321.0497
17.066154 -2.531029 321.6093
17.785362 -2.087669 321.38855
18.244637 -5.947563 321.5141
19.103462 -5.450127 321.17416
19.123222 -9.023079 320.8251
20.110298 -8.492455 320.3583
19.749321 -11.93438 319.7614
20.852394 -11.392799 319.18045
20.110313 -14.88578 318.56503
21.30317 -14.378609 317.9306
20.304695 -17.943947 317.05807
21.557274 -17.493187 316.43152
20.30468 -17.943947 317.05807
21.557259 -17.493187 316.43152
20.854424 -21.03936 315.2928
22.158424 -20.598885 314.66595
21.788551 -24.029747 313.79245
23.151268 -23.586113 313.1558
23.778725 -26.714775 312.06308
22.287636 -30.316093 311.31287
23.850807 -30.006477 310.75677
22.287666 -30.316078 311.3129
23.850822 -30.006462 310.7568
22.747948 -33.148796 309.5623
24.352654 -32.796776 308.9653
23.669289 -35.511894 307.5003
25.254204 -35.027992 306.79877
25.219475 -37.557045 304.73337
24.452095 -40.29989 302.7513
22.217873 -43.356956 301.15656
23.944374 -42.892174 300.44998
23.944374 -42.892143 300.45
22.003609 -45.627342 298.57315
23.811104 -45.186287 297.87527
21.864098 -47.766228 296.03116
23.796776 -47.384224 295.3641
24.272621 -49.44761 292.8759
22.794792 -51.84574 290.99933
24.971153 -51.555046 290.3717
22.794807 -51.845757 290.99933
24.971169 -51.555046 290.3717
22.404793 -54.19085 288.61145
24.699745 -53.970345 288.0243
21.235374 -56.45809 286.19775
23.465523 -56.2237 285.6102
21.23539 -56.45809 286.19778
23.465538 -56.2237 285.6102
19.672554 -58.40841 283.54404
22.086952 -58.14045 282.89584
17.886269 -60.044426 280.69742
20.479301 -59.89347 280.1188
19.279472 -61.600807 277.16348
16.635612 -61.570045 277.5949
19.279503 -61.600792 277.1635
16.504295 -63.19024 274.56323
19.230492 -63.247963 274.1407
17.442665 -64.40347 271.46625
20.180931 -64.39166 270.98196
17.442665 -64.40348 271.46622
20.180946 -64.39166 270.98193
18.79467 -65.21691 267.87204
21.45298 -65.096596 267.3085
18.967888 -64.910774 264.45233
21.356255 -64.726654 263.88077
18.174171 -64.06642 261.97034
20.247078 -63.868843 261.44183
18.174156 -64.06642 261.97034
18.907066 -63.009514 259.6731
15.917595 -62.27706 258.60025
17.43412 -62.100258 258.18588
15.91761 -62.27706 258.60028
14.634605 -61.341225 257.26776
15.886192 -61.18589 256.9177
13.295219 -60.3917 256.07547
14.287743 -60.262062 255.79234
11.91349 -59.435127 254.99394
12.652229 -59.334496 254.77966
12.65226 -59.334496 254.7797
10.499107 -58.473045 253.99951
10.988213 -58.404 253.85556
9.301353 -57.47175 253.00438
9.058311 -57.50712 253.07684
12.619926 8.318336 318.38287
14.784416 5.438454 319.9213
16.74633 1.980888 320.8069
18.40876 -1.504082 321.02753
19.854927 -4.805717 320.69492
20.987556 -7.827888 319.77515
21.847984 -10.732262 318.5092
21.848 -10.732262 318.5092
22.391487 -13.731346 317.1975
22.713829 -16.87902 315.68918
22.713814 -16.87902 315.68918
23.402122 -20.032295 313.94946
24.505714 -23.064873 312.4611
25.227364 -26.241707 311.39478
25.364433 -29.560219 310.09985
25.364464 -29.560204 310.09988
25.86509 -32.275978 308.24673
26.732887 -34.377174 305.9777
26.775856 -36.927406 303.91772
26.135612 -39.782158 302.00912
25.68406 -42.409554 299.729
25.684074 -42.40954 299.729
25.603401 -44.69982 297.14334
25.703285 -46.86886 294.5889
26.23188 -48.957024 292.11395
26.971703 -51.188408 289.70993
26.971703 -51.188423 289.70993
26.891563 -53.679466 287.39484
25.852562 -55.875587 284.89795
25.852562 -55.875603 284.89795
24.562248 -57.716316 282.10312
23.032188 -59.614433 279.4372
21.908363 -61.522377 276.64102
21.908394 -61.52236 276.64108
21.968468 -63.18792 273.61514
22.992378 -64.29031 270.40823
22.992378 -64.29032 270.4082
24.275826 -64.96005 266.7026
23.967094 -64.59084 263.31223
22.554176 -63.748116 260.93878
20.923424 -62.902443 259.23212
19.156227 -62.008522 257.80902
19.156227 -62.008507 257.809
17.317635 -61.10932 256.60413
15.429878 -60.200874 255.54207
13.506859 -59.288628 254.59239
13.506874 -59.288612 254.59242
11.55677 -58.373466 253.73096
9.585106 -57.45649 252.9422
9.585106 -57.45649 252.94218
12.813377 8.506554 318.32196
15.120659 5.819344 319.75275
17.198692 2.526848 320.50366
18.969246 -0.842003 320.5914
20.527184 -4.073524 320.1374
21.7658 -7.083611 319.13007
22.711098 -10.012596 317.80695
22.711098 -10.012581 317.80695
23.278404 -13.044167 316.46826
23.65223 -16.192879 314.92908
23.652214 -16.192879 314.9291
24.512672 -19.348045 313.161
25.751808 -22.478157 311.73453
26.53025 -25.720558 310.71588
26.732704 -28.963203 309.34433
26.73272 -28.963188 309.34436
27.259773 -31.571556 307.39554
28.138039 -33.62905 305.08914
28.305138 -36.281273 303.0955
27.816154 -39.273796 301.27844
27.41726 -41.928307 299.01263
27.41726 -41.92829 299.0127
27.384499 -44.170494 296.37833
27.576561 -46.332054 293.80228
28.172676 -48.46067 291.35104
28.978767 -50.73426 288.97223
29.075813 -53.285713 286.6785
28.264763 -55.528954 284.18277
28.264778 -55.52897 284.18274
27.050377 -57.36393 281.36987
25.517433 -59.352287 278.78195
24.438087 -61.36788 276.07047
24.438118 -61.367867 276.07053
24.578316 -63.049538 273.0446
25.638512 -64.14869 269.82858
25.638527 -64.14869 269.82855
26.878395 -64.83396 266.14377
26.324577 -64.494934 262.8217
24.609886 -63.67591 260.52087
24.60987 -63.67591 260.52087
22.706154 -62.845497 258.87463
20.66883 -61.96453 257.50943
20.66883 -61.964516 257.50943
18.568596 -61.07569 256.3587
16.423668 -60.176094 255.34877
14.247658 -59.271416 254.44937
14.247688 -59.271416 254.44939
12.04792 -58.36283 253.6368
9.829506 -57.451546 252.89566
9.829491 -57.451546 252.89566
12.813393 8.506569 318.32196
13.003624 8.69799 318.25693
15.120674 5.819344 319.75275
15.449226 6.211082 319.57306
17.198708 2.526863 320.50366
17.636024 3.094475 320.18057
18.969261 -0.841988 320.59143
19.505531 -0.146507 320.12683
20.527199 -4.073524 320.13742
21.163704 -3.29734 319.54474
21.765816 -7.083611 319.1301
22.506493 -6.281853 318.44006
22.711113 -10.012581 317.80698
23.553307 -9.217674 317.04373
22.711113 -10.012566 317.80698
23.553322 -9.217674 317.0437
23.27842 -13.044151 316.4683
24.19886 -12.264259 315.6552
23.652245 -16.192863 314.92914
24.605598 -15.380867 314.0614
23.65223 -16.192863 314.92914
24.605583 -15.380867 314.06137
24.512703 -19.34803 313.161
25.526115 -18.48806 312.24222
25.751823 -22.478142 311.73453
26.922829 -21.701546 310.8614
26.530266 -25.720558 310.7159
27.797523 -25.03199 309.90268
26.73272 -28.963203 309.34433
27.952232 -28.201256 308.47632
26.732735 -28.963188 309.34436
27.952248 -28.20124 308.47635
27.259804 -31.571556 307.39554
28.4945 -30.736778 306.46286
28.138054 -33.62905 305.08914
29.519829 -32.81707 304.15158
28.305153 -36.281258 303.09552
29.87339 -35.601326 302.23917
27.81617 -39.273796 301.27844
29.513512 -38.707817 300.49725
27.417274 -41.928307 299.01266
29.154243 -41.354713 298.21808
27.41729 -41.92829 299.0127
29.154243 -41.3547 298.2181
27.38453 -44.17048 296.37833
29.111717 -43.56855 295.5615
27.576576 -46.332024 293.8023
29.358406 -45.764946 293.0063
28.172707 -48.460655 291.35104
30.139244 -47.945732 290.56815
28.978767 -50.734245 288.97226
31.053307 -50.207817 288.16104
28.978783 -50.734245 288.97226
29.075829 -53.285713 286.67853
31.176735 -52.794884 285.89343
28.264763 -55.52894 284.18277
30.558022 -55.18885 283.49374
28.264793 -55.528954 284.18277
27.050392 -57.363914 281.3699
29.476295 -57.047997 280.67865
25.517448 -59.352287 278.78195
27.987236 -59.061653 278.1049
24.438118 -61.36788 276.07047
27.00579 -61.156425 275.44437
24.438148 -61.367867 276.07053
27.005821 -61.156395 275.44443
24.578331 -63.049538 273.0446
27.193977 -62.8655 272.43372
25.638527 -64.14868 269.82858
28.236946 -64.00824 269.25806
25.638527 -64.14869 269.82858
28.23693 -64.00825 269.25803
26.878426 -64.833954 266.14377
29.36718 -64.76593 265.6544
26.324593 -64.49493 262.82172
28.525078 -64.48335 262.4307
24.609917 -63.675896 260.52087
26.499672 -63.69143 260.20694
24.609886 -63.675896 260.52087
26.499657 -63.69143 260.20694
22.70617 -62.845497 258.87463
24.32943 -62.87301 258.61713
20.668846 -61.964516 257.50946
22.034966 -61.997536 257.30118
20.66883 -61.964516 257.50946
22.034966 -61.99752 257.30118
18.568611 -61.07569 256.3587
19.691246 -61.10929 256.19315
16.423683 -60.176094 255.34877
17.310585 -60.20707 255.22177
14.247673 -59.271416 254.44939
14.905617 -59.297295 254.3576
14.247688 -59.2714 254.4494
14.905617 -59.29728 254.35762
12.047935 -58.36283 253.63681
12.482231 -58.381584 253.57768
9.829536 -57.45153 252.89568
10.044716 -57.461617 252.86703
9.829506 -57.45153 252.89568
10.044685 -57.461617 252.86703
13.003624 8.69799 318.25696
13.19149 8.897514 318.1847
15.449242 6.211082 319.5731
15.775734 6.614815 319.38416
17.636055 3.094475 320.1806
18.069145 3.678123 319.8469
19.505531 -0.146507 320.12686
20.031319 0.571785 319.64755
21.16372 -3.297325 319.54477
21.778969 -2.489113 318.93073
22.506508 -6.281837 318.4401
23.21508 -5.431602 317.7153
23.553322 -9.217674 317.04373
24.360085 -8.355339 316.22943
23.553337 -9.217674 317.04373
24.198875 -12.264244 315.65524
25.115562 -11.418282 314.78732
24.605598 -15.380852 314.0614
25.532433 -14.539726 313.17554
24.605583 -15.380852 314.0614
25.532448 -14.539742 313.17554
25.526146 -18.488045 312.24225
26.36538 -17.608284 311.33926
26.922844 -21.70153 310.8614
27.838509 -20.819832 309.9444
27.797539 -25.03199 309.90268
28.857841 -24.151558 308.9623
27.952263 -28.20124 308.47632
28.992607 -27.244484 307.47394
27.952278 -28.201225 308.47635
28.992622 -27.244469 307.47397
28.49453 -30.736763 306.4629
29.6119 -29.770027 305.4388
29.519829 -32.817055 304.1516
30.859612 -31.94088 303.16724
29.87342 -35.60131 302.23917
31.365364 -34.814842 301.30557
29.513527 -38.7078 300.49725
31.063332 -37.965385 299.5912
29.154259 -41.3547 298.2181
30.760796 -40.627983 297.31564
29.154259 -41.354683 298.21814
30.760796 -40.627968 297.31567
29.111732 -43.568535 295.5615
30.754097 -42.847664 294.65793
29.358406 -45.76493 293.0063
31.101051 -45.093697 292.12814
30.13926 -47.945732 290.56815
32.088417 -47.356026 289.72437
31.053337 -50.207817 288.16104
33.071922 -49.60801 287.2966
33.071938 -49.608025 287.29663
31.176735 -52.794884 285.89346
33.19866 -52.191612 285.0255
32.85607 -54.733757 282.70526
30.558022 -55.18885 283.49377
32.856087 -54.733757 282.70523
29.476295 -57.047997 280.67868
32.026543 -56.678062 279.9196
27.987236 -59.061653 278.10492
30.547691 -58.746986 277.3915
29.604134 -60.903496 274.77737
27.005852 -61.156395 275.44443
29.604164 -60.90348 274.77744
29.869377 -62.64904 271.78464
28.236946 -64.00823 269.2581
30.97358 -63.890892 268.68347
30.973564 -63.890907 268.68347
29.36718 -64.76592 265.6544
32.112465 -64.8004 265.20865
28.525093 -64.483345 262.4307
31.05909 -64.62104 262.1102
26.499687 -63.69143 260.20697
28.73536 -63.865868 259.96967
26.499672 -63.69143 260.20697
28.73536 -63.865883 259.96967
24.329445 -62.872993 258.61716
26.2817 -63.053963 258.43448
22.03498 -61.99752 257.3012
23.700996 -62.171516 257.16208
22.03498 -61.997505 257.3012
23.700996 -62.1715 257.16208
19.69123 -61.109276 256.19318
21.075249 -61.26641 256.0884
17.310585 -60.20707 255.22179
18.414345 -60.34095 255.1456
14.905632 -59.297295 254.35762
15.731194 -59.40293 254.30539
14.905632 -59.297264 254.35764
15.731209 -59.40293 254.3054
12.482262 -58.381584 253.57768
13.031227 -58.455025 253.54572
10.044716 -57.4616 252.86705
10.318565 -57.499657 252.85236
10.318535 -57.499657 252.85234
7.595711 -56.538216 252.21461
10.527504 10.14608 316.30164
13.369728 9.104469 318.10278
16.089287 7.025459 319.18604
18.485085 4.267113 319.5074
20.530876 1.297188 319.16388
22.354301 -1.667427 318.3097
23.860619 -4.558235 316.9794
25.07296 -7.46003 315.40146
25.072975 -7.46003 315.40146
25.906715 -10.528999 313.90417
26.34034 -13.655434 312.27496
27.068672 -16.666985 310.40833
28.47004 -19.78579 308.94693
29.56417 -23.04766 307.89224
29.817497 -26.124763 306.36975
29.817528 -26.124748 306.36978
30.586296 -28.74308 304.38855
31.991447 -31.065712 302.22006
32.623405 -33.96563 300.35883
32.39492 -37.064186 298.58704
32.14982 -39.73365 296.30734
32.149834 -39.733635 296.30737
32.266884 -41.97097 293.64343
32.74508 -44.32003 291.17944
33.82453 -46.70835 288.86792
34.888878 -48.90287 286.3768
34.888878 -48.902855 286.3768
35.143654 -51.410973 284.01868
35.070442 -54.107735 281.78455
35.070457 -54.10775 281.78455
34.500954 -56.273643 279.144
33.038506 -58.436867 276.69406
32.11193 -60.58866 274.073
32.11196 -60.588646 274.07303
32.497475 -62.381416 271.09995
33.706093 -63.760216 268.0982
33.706093 -63.76023 268.0982
34.889153 -64.86693 264.7851
33.6453 -64.821655 261.83472
31.028542 -64.11279 259.78464
31.028542 -64.112785 259.78464
28.290367 -63.30726 258.30423
25.419334 -62.41343 257.0723
25.41935 -62.413445 257.0723
22.50541 -61.483986 256.0276
19.556725 -60.52575 255.10645
16.5868 -59.548378 254.28214
16.586815 -59.548378 254.28215
13.600899 -58.555977 253.53383
10.60305 -57.551872 252.84799
10.603035 -57.551872 252.84798
7.595726 -56.5382 252.21466
13.525688 9.315163 318.0087
16.370262 7.438072 318.97443
18.86068 4.856682 319.1574
20.979332 2.025749 318.67194
22.863258 -0.835686 317.68033
24.421288 -3.662773 316.2316
25.680397 -6.526543 314.55533
25.680412 -6.526527 314.55533
26.556664 -9.577293 312.99152
27.00985 -12.680199 311.3212
27.009834 -12.680214 311.3212
27.64846 -15.612877 309.40256
28.84832 -18.629234 307.88837
29.91697 -21.843758 306.79767
30.441948 -24.952156 305.25497
30.441978 -24.952126 305.255
31.458488 -27.661507 303.30905
32.962975 -30.080696 301.20624
33.656273 -32.97747 299.33173
33.495277 -36.02233 297.50223
33.347008 -38.69645 295.2098
33.347023 -38.69645 295.20978
33.66709 -40.990257 292.55914
34.3209 -43.487297 290.1917
35.42872 -45.948418 287.93777
36.551888 -48.050484 285.35715
36.551888 -48.05047 285.35715
36.977898 -50.48713 282.90805
37.124138 -53.281456 280.7196
37.124153 -53.281456 280.71964
36.83744 -55.760704 278.29913
35.451942 -58.0595 275.95224
34.523247 -60.14306 273.27295
34.523293 -60.14303 273.27298
35.033012 -61.99392 270.3282
36.319954 -63.483803 267.40836
36.31994 -63.483803 267.40836
37.482826 -64.72315 264.21265
36.002205 -64.7756 261.38702
33.085335 -64.11358 259.4291
33.085335 -64.11359 259.4291
30.075584 -63.33097 258.01544
26.934532 -62.44895 256.84042
23.758934 -61.52343 255.8444
20.552773 -60.563927 254.96677
17.32943 -59.58123 254.18167
17.32943 -59.581215 254.1817
14.09333 -58.580345 253.46942
10.848045 -57.565193 252.81688
10.84803 -57.565178 252.81688
13.525658 9.315163 318.0087
13.647224 9.529228 317.89764
16.370262 7.438057 318.97443
16.600044 7.858376 318.73746
18.860664 4.856667 319.15738
19.173576 5.460716 318.77936
20.979317 2.025749 318.6719
21.350594 2.77784 318.15143
22.863243 -0.835686 317.68027
23.274956 0.029671 317.0225
24.85772 -2.719307 315.45288
25.680397 -6.526543 314.5553
26.131477 -5.526985 313.6736
25.680412 -6.526527 314.5553
26.131477 -5.526985 313.67365
26.556664 -9.577309 312.99152
27.008415 -8.544075 312.04163
27.009834 -12.680214 311.32117
27.466423 -11.616447 310.32886
27.009834 -12.680229 311.32117
27.466408 -11.616447 310.32886
27.64843 -15.612892 309.4026
28.07589 -14.491829 308.36618
28.84832 -18.629265 307.8884
29.157753 -17.465431 306.83572
29.91697 -21.843773 306.79767
30.229134 -20.673561 305.7391
31.003105 -23.777077 304.14908
30.441978 -24.95214 305.255
31.00312 -23.777046 304.14914
31.458473 -27.661522 303.30902
32.214455 -26.47956 302.16348
32.96296 -30.080696 301.20624
33.74926 -28.883629 300.04248
33.656273 -32.977486 299.3317
34.431007 -31.747993 298.14212
33.495277 -36.02236 297.5022
34.33886 -34.791084 296.29926
33.346992 -38.696465 295.20978
34.392937 -37.540962 294.03683
33.347008 -38.696465 295.20975
34.392952 -37.540947 294.03683
33.66709 -40.990273 292.5591
34.99993 -39.96174 291.44537
34.320885 -43.487297 290.19168
35.88555 -42.580025 289.14188
35.428703 -45.948433 287.93774
37.019325 -45.024376 286.86914
36.551872 -48.050484 285.35712
38.15531 -47.03959 284.2118
36.551872 -48.05047 285.35715
38.155327 -47.03959 284.2118
36.977882 -50.48713 282.90802
38.71673 -49.44651 281.7137
37.124123 -53.281456 280.7196
39.03138 -52.302437 279.54898
37.124153 -53.281456 280.7196
36.83744 -55.760704 278.2991
39.08837 -55.056816 277.30518
35.451942 -58.059517 275.9522
37.823723 -57.459846 275.02682
36.832832 -59.480232 272.30405
34.523277 -60.143044 273.27298
36.832863 -59.480217 272.30408
35.03298 -61.99392 270.3282
37.433983 -61.37922 269.3848
36.31994 -63.483818 267.40833
38.75689 -62.886787 266.47394
36.319923 -63.483818 267.40833
38.75689 -62.886803 266.47394
37.482826 -64.72317 264.21262
39.838814 -64.10547 263.27444
36.002205 -64.775604 261.38702
38.084526 -64.17007 260.50665
33.085335 -64.11359 259.42908
34.868385 -63.55596 258.64163
33.085335 -64.113594 259.42908
34.86837 -63.555977 258.6416
30.075584 -63.33097 258.0154
31.60633 -62.833473 257.3232
28.22126 -62.01597 256.24594
28.221275 -62.01597 256.24594
23.758919 -61.52343 255.84439
24.815666 -61.158607 255.34828
20.552742 -60.563927 254.96675
21.387032 -60.26937 254.56947
17.947975 -59.358635 253.88348
17.329414 -59.581215 254.18169
17.94799 -59.35862 253.8835
14.09333 -58.58036 253.46938
14.501427 -58.431007 253.27043
10.84803 -57.565193 252.81688
11.050209 -57.490105 252.71735
10.84803 -57.565193 252.81686
13.721031 9.742058 317.7666
16.758202 8.284828 318.4677
19.400688 6.083092 318.36334
21.619148 3.560753 317.59308
23.56092 0.936501 316.33017
25.130135 -1.725807 314.64478
26.37313 -4.470024 312.7686
26.373146 -4.470009 312.7686
27.230888 -7.449318 311.07446
27.685005 -10.487007 309.3215
27.685005 -10.487022 309.3215
28.361595 -13.337379 307.3258
29.636253 -16.367424 305.81036
30.845543 -19.607689 304.71747
31.553871 -22.606422 303.0488
31.553886 -22.606392 303.04883
32.697014 -25.221077 300.99963
34.24079 -27.608559 298.8628
34.95469 -30.463844 296.94913
34.9925 -33.517998 295.0932
35.332542 -36.336998 292.8406
35.332558 -36.336998 292.8406
36.224297 -38.85888 290.28668
37.28443 -41.53971 288.00668
38.48655 -43.96354 285.70447
39.63331 -45.908836 282.98526
40.274162 -48.317863 280.47525
40.806282 -51.282997 278.36658
40.806282 -51.282997 278.3666
41.06826 -54.09211 276.1343
39.843666 -56.463524 273.8218
38.89721 -58.49798 271.10342
38.897255 -58.497963 271.10345
39.59017 -60.429268 268.19608
40.885674 -61.8796 265.24078
40.885674 -61.879616 265.24075
41.791313 -62.97161 261.9631
39.713463 -62.999382 259.21973
36.208183 -62.452354 257.46237
36.208168 -62.452354 257.46234
32.728127 -61.835106 256.27197
29.143425 -61.138435 255.33292
29.14341 -61.13842 255.33292
25.55973 -60.413704 254.58
21.965263 -59.66433 253.94997
18.370766 -58.899086 253.41583
18.370766 -58.89907 253.41586
14.776894 -58.1213 252.95694
11.185127 -57.333748 252.55981
11.185112 -57.333748 252.55981
10.527504 10.146065 316.3016
13.731377 9.944283 317.61414
16.819649 8.704811 318.16183
19.515877 6.711464 317.9056
21.763878 4.363121 316.99506
23.708351 1.874733 315.605
25.235847 -0.697517 313.81607
26.41381 -3.380959 311.85797
26.413826 -3.380943 311.858
27.242882 -6.322029 310.1108
27.652367 -9.317116 308.32303
27.652336 -9.317131 308.32303
28.429207 -12.163353 306.3064
30.211891 -15.323616 304.8147
31.728462 -18.617424 303.7146
32.046806 -21.422585 301.94733
32.046806 -21.422554 301.94736
32.86251 -23.864403 299.80652
34.44671 -26.21656 297.63232
35.339333 -29.112236 295.72238
35.586952 -32.22393 293.87952
36.15484 -35.08248 291.62137
36.154854 -35.082466 291.62137
37.205772 -37.60917 289.04404
38.416954 -40.32244 286.76578
39.740257 -42.754936 284.44998
40.83892 -44.640007 281.68738
41.638115 -47.06791 279.16617
42.547386 -50.019966 276.981
42.5474 -50.01998 276.981
42.583656 -52.589165 274.58188
41.153114 -54.926216 272.2755
40.384727 -57.064827 269.61566
40.384773 -57.06481 269.61572
41.181953 -59.011177 266.7032
42.317238 -60.366768 263.69427
42.82592 -61.295692 260.3454
40.316994 -61.298943 257.65564
36.549812 -60.865913 256.0415
36.54978 -60.865913 256.0415
32.929817 -60.407127 255.01134
29.24636 -59.88868 254.24232
29.246346 -59.888664 254.24234
25.601585 -59.356026 253.6649
21.968636 -58.80735 253.21385
18.354134 -58.249535 252.8612
18.354149 -58.249535 252.86122
14.754601 -57.684273 252.58577
11.168938 -57.113457 252.37361
11.168922 -57.113457 252.37361
13.664177 10.121437 317.44308
16.75483 9.091713 317.82346
19.4822 7.313148 317.4095
21.752327 5.152702 316.35986
23.699532 2.818367 314.84885
25.183174 0.349098 312.96692
26.286583 -2.267113 310.93994
27.053398 -5.164757 309.15234
27.352348 -8.114586 307.3427
27.352333 -8.114571 307.3427
28.17698 -10.933983 305.29486
30.495705 -14.164207 303.77036
32.451393 -17.493492 302.6248
32.52584 -20.173485 300.79224
32.525856 -20.173454 300.7923
32.92623 -22.46447 298.59378
34.30561 -24.7286 296.37958
35.44854 -27.635445 294.4358
36.05741 -30.810738 292.585
36.681145 -33.69845 290.34216
36.681145 -33.698418 290.34216
37.724876 -36.18322 287.73007
39.28945 -38.917976 285.40903
40.840233 -41.39779 283.09454
41.70478 -43.157585 280.26492
41.704796 -43.15757 280.26492
42.468407 -45.423195 277.61057
43.37281 -48.276833 275.34177
43.37281 -48.276848 275.34177
42.825737 -50.643425 272.86966
41.303673 -52.997032 270.59344
40.762123 -55.240517 267.98434
40.762184 -55.2405 267.98438
41.56907 -57.182213 265.06616
42.33271 -58.47193 262.06506
42.332695 -58.47193 262.06506
42.189873 -59.31504 258.7553
39.200737 -59.388268 256.20877
35.28373 -59.133537 254.77362
35.28373 -59.133522 254.77362
31.679512 -58.871284 253.90952
28.076973 -58.561058 253.30524
28.076958 -58.561058 253.30525
24.565239 -58.24259 252.88857
21.097725 -57.912086 252.59615
17.674355 -57.575233 252.40007
17.67437 -57.575203 252.40009
14.285835 -57.2331 252.27966
10.92765 -56.887154 252.22115
10.927635 -56.887154 252.22115
13.51992 10.257622 317.26575
16.54966 9.408638 317.4738
19.26992 7.834663 316.90033
21.54908 5.87011 315.713
23.506065 3.712334 314.08493
24.963982 1.377571 312.11252
26.002785 -1.140388 310.01862
26.649223 -3.981621 308.20627
26.842323 -6.918465 306.4043
27.689598 -9.723534 304.34015
30.136421 -12.923149 302.76715
32.404274 -16.21711 301.53714
32.8888 -18.858223 299.60028
32.888817 -18.858208 299.6003
33.127663 -21.110237 297.39636
33.90171 -23.33274 295.2512
35.1166 -26.185997 293.249
36.12243 -29.318153 291.29242
36.677666 -32.18885 289.04694
36.677666 -32.188835 289.04697
37.793175 -34.66117 286.41174
39.859535 -37.39289 284.0012
41.455467 -39.86518 281.6724
41.71891 -41.48844 278.82965
41.718925 -41.488426 278.82968
41.90548 -43.608955 276.1506
42.254845 -46.541725 274.04584
42.25486 -46.54174 274.04587
41.256554 -48.949425 271.68723
40.0478 -51.205482 269.27295
39.79293 -53.370796 266.5472
39.792976 -53.37078 266.54724
40.474922 -55.313393 263.65143
40.78884 -56.685646 260.79904
40.788826 -56.68566 260.799
40.05285 -57.6715 257.71445
36.794228 -57.969337 255.40735
32.9367 -57.930412 254.1472
32.936684 -57.930428 254.14719
29.512962 -57.846992 253.40536
26.14672 -57.70481 252.90442
26.14672 -57.70481 252.9044
22.910027 -57.542793 252.57439
19.742455 -57.361794 252.35837
16.638191 -57.16868 252.23038
16.638206 -57.168648 252.2304
13.583611 -56.965706 252.1716
10.571526 -56.75509 252.16937
10.571495 -56.755074 252.16936
10.527504 10.146065 316.30157
13.519966 10.257652 317.2658
13.319206 10.352974 317.0927
16.54969 9.408653 317.47385
16.225334 9.643959 317.13312
19.26995 7.834694 316.90036
18.89022 8.249092 316.4052
21.54911 5.87014 315.71304
21.155602 6.476921 315.08496
23.506096 3.712349 314.08496
23.12423 4.512627 313.34442
24.963997 1.377586 312.11255
24.579674 2.346123 311.28253
26.0028 -1.140373 310.01868
25.578056 -0.03437 309.11908
26.0028 -1.140358 310.01868
25.578056 -0.034355 309.1191
26.649223 -3.98159 308.2063
26.081963 -2.789955 307.2794
26.842339 -6.918434 306.40433
26.231148 -5.733925 305.49365
26.231148 -5.73394 305.49365
27.689644 -9.723518 304.3402
27.130898 -8.594582 303.46802
30.136452 -12.923134 302.76718
29.308891 -11.794975 301.94208
32.404305 -16.21708 301.53717
31.604607 -15.015495 300.64417
32.888832 -18.858192 299.6003
32.880013 -17.560722 298.488
32.888847 -18.858177 299.60034
32.880028 -17.560707 298.488
33.127678 -21.110207 297.3964
33.326546 -19.734718 296.18118
33.90174 -23.33271 295.25125
33.52253 -21.8955 294.08316
35.116615 -26.185966 293.24902
34.578194 -24.656364 292.02924
36.122444 -29.318123 291.29245
35.730034 -27.733055 289.99976
36.677696 -32.188835 289.04697
36.185387 -30.63897 287.8018
36.677696 -32.18882 289.047
36.185402 -30.638954 287.80182
37.793236 -34.66117 286.41177
37.617332 -33.122673 285.12164
39.85958 -37.392845 284.00122
39.934944 -35.831596 282.64804
41.455498 -39.86515 281.67242
40.94314 -38.262566 280.38547
41.71894 -41.48841 278.82965
40.383476 -39.978233 277.7646
41.718925 -41.48841 278.82968
40.383476 -39.978218 277.7646
41.905495 -43.608925 276.15063
40.094353 -42.342384 275.37708
42.25486 -46.54171 274.04587
40.15876 -45.360832 273.39517
42.254875 -46.54171 274.0459
40.158745 -45.360847 273.3952
41.25657 -48.94941 271.6873
39.016685 -47.732155 271.03024
40.04783 -51.205467 269.273
38.029594 -49.827354 268.43954
39.792946 -53.37078 266.54724
37.990532 -51.742958 265.46198
39.79299 -53.37075 266.54727
37.990578 -51.742928 265.46204
40.474922 -55.313362 263.65143
38.5541 -53.67196 262.57504
40.78884 -56.68563 260.79907
38.585793 -55.216408 259.91934
40.78884 -56.68563 260.79904
38.585793 -55.216423 259.91934
40.05288 -57.671486 257.71448
37.58451 -56.46981 257.1103
36.79426 -57.969322 255.4074
34.355278 -57.049583 255.04018
32.936714 -57.930397 254.14725
30.707314 -57.214333 253.91855
32.9367 -57.930397 254.14723
30.707298 -57.214333 253.91853
29.512978 -57.846962 253.4054
27.524666 -57.272514 253.25645
26.146751 -57.704796 252.90445
24.422234 -57.249382 252.81206
24.422234 -57.249382 252.81207
22.910057 -57.542778 252.57443
21.45974 -57.186714 252.51991
19.74247 -57.361763 252.3584
18.573936 -57.09295 252.32996
16.638191 -57.168648 252.23042
15.756676 -56.97724 252.21877
16.638206 -57.168617 252.23044
15.756676 -56.97724 252.21878
13.583641 -56.965675 252.17165
12.99308 -56.844032 252.16946
10.571541 -56.75506 252.1694
10.275017 -56.696938 252.17079
10.571526 -56.755074 252.16939
10.275002 -56.696938 252.17079
7.595711 -56.538216 252.21465
7.595711 -56.538216 252.21463
13.08683 10.422508 316.92435
15.821678 9.818306 316.80524
18.386177 8.573311 315.9329
20.61013 6.979759 314.48975
22.581001 5.212639 312.64606
24.057259 3.227562 310.50433
25.07087 0.993965 308.28186
25.070854 0.993965 308.28183
25.552498 -1.687538 306.41995
25.656898 -4.603798 304.6233
25.656914 -4.603798 304.62326
26.420815 -7.44149 302.60138
28.336449 -10.682518 301.1555
30.66558 -13.911278 299.8589
32.405663 -16.336006 297.51886
32.405678 -16.336006 297.5189
33.11129 -18.389778 295.06396
33.159935 -20.497917 292.94626
33.980446 -23.267403 290.94046
34.99183 -26.350578 288.94083
35.409218 -29.210793 286.71014
35.409218 -29.210793 286.71017
36.84948 -31.673378 284.0104
38.97944 -34.399574 281.58408
39.545097 -36.984917 279.53073
38.56144 -38.94622 277.19415
38.561455 -38.946236 277.19415
37.99157 -41.4392 274.96582
37.85456 -44.45733 273.01852
37.85456 -44.457344 273.0185
36.66059 -46.69581 270.5485
35.772545 -48.652138 267.82147
35.862434 -50.430428 264.7037
35.86248 -50.430412 264.70377
36.428215 -52.250633 261.72302
36.372383 -53.897514 259.17044
36.372383 -53.89753 259.17044
35.31562 -55.391792 256.57776
32.242332 -56.233757 254.70564
28.836617 -56.586815 253.70375
25.887108 -56.773247 253.11139
23.022697 -56.857063 252.71758
23.022697 -56.857063 252.71756
20.295708 -56.882454 252.4602
17.644753 -56.865013 252.29507
15.061195 -56.816154 252.20085
15.061195 -56.81614 252.20087
12.530388 -56.74247 252.16234
10.044121 -56.648735 252.16937
10.044106 -56.64875 252.16937
12.843437 10.479866 316.76065
15.378899 9.957039 316.4916
17.806541 8.836937 315.48776
19.956581 7.404411 313.93506
21.903893 5.826225 312.00122
23.398537 4.027275 309.78723
24.454964 1.9524 307.5062
24.454964 1.952415 307.50623
25.009712 -0.639626 305.60443
25.029518 -3.5382 303.81772
25.4665 -6.367531 301.8455
27.225151 -9.574104 300.3969
29.648247 -12.731667 299.0224
31.430779 -15.08799 296.61636
31.430794 -15.08799 296.6164
32.28118 -17.063179 294.06897
32.492455 -19.114616 291.87436
33.08828 -21.94094 289.95624
33.844765 -25.053307 288.02585
34.3209 -27.84031 285.7221
34.320915 -27.84031 285.72214
35.367653 -30.512306 283.2702
37.09162 -33.393105 281.0469
37.655525 -35.943825 278.9642
36.540703 -37.99787 276.72998
35.75843 -40.56974 274.6061
35.4831 -43.539345 272.6411
35.4831 -43.53936 272.6411
34.13021 -45.693977 270.12662
33.27491 -47.649803 267.39352
33.443825 -49.372322 264.2142
33.44387 -49.372307 264.21423
34.067604 -50.964104 261.02734
34.00277 -52.562798 258.4349
32.934334 -54.180885 255.9506
30.032417 -55.23562 254.23145
26.879768 -55.771996 253.34306
26.879753 -55.771996 253.34306
24.174904 -56.09533 252.8259
21.558937 -56.30271 252.49513
21.558922 -56.30271 252.49512
19.078133 -56.437325 252.28886
16.672646 -56.520607 252.16777
14.333397 -56.56536 252.11157
14.333412 -56.56536 252.11159
12.045967 -56.579765 252.10646
9.802284 -56.56936 252.14305
9.802269 -56.56936 252.14304
7.595665 -56.53823 252.21458
12.599907 10.531029 316.6025
14.921623 10.074883 316.19385
17.184685 9.060555 315.07233
19.226753 7.772194 313.42392
21.114052 6.368675 311.4143
22.59385 4.763313 309.12833
23.659508 2.878929 306.77258
23.659523 2.878929 306.7726
24.23597 0.428581 304.80444
24.148293 -2.471184 303.05554
24.148293 -2.471199 303.05554
24.302818 -5.407066 301.2244
25.92051 -8.623451 299.80817
28.372536 -11.719353 298.37457
30.109444 -14.071327 295.97238
30.109474 -14.071312 295.9724
31.023796 -15.997429 293.3718
31.370247 -17.95359 291.07208
31.840096 -20.768867 289.16623
32.412148 -23.892815 287.27765
32.916817 -26.637215 284.93246
32.916832 -26.637215 284.9325
33.814323 -29.42434 282.60526
35.277397 -32.472115 280.57047
35.680748 -35.12121 278.59995
34.421394 -37.207756 276.4186
34.421394 -37.207756 276.41864
33.528893 -39.627937 274.18372
33.20321 -42.49314 272.1378
33.20321 -42.49314 272.13782
31.854729 -44.843376 269.79044
30.909416 -46.890938 267.1516
30.943459 -48.53669 263.92975
30.94349 -48.536674 263.9298
31.573769 -49.90287 260.5481
31.533394 -51.316902 257.79294
31.533394 -51.316902 257.7929
30.491982 -52.86283 255.242
27.77546 -54.02157 253.58006
24.881645 -54.711037 252.77829
24.881645 -54.71102 252.77829
22.42823 -55.171303 252.33513
20.065788 -55.51783 252.07988
20.065804 -55.51783 252.07988
17.836418 -55.78724 251.94579
15.681343 -56.00376 251.89569
13.591301 -56.179817 251.90906
13.591316 -56.179817 251.90907
11.552116 -56.323967 251.97243
9.555733 -56.442024 252.07645
9.555733 -56.44204 252.07645
7.59568 -56.538216 252.21458
12.599922 10.531044 316.6025
12.357201 10.576942 316.44934
14.921638 10.074913 316.19388
14.457527 10.175865 315.91098
17.1847 9.06057 315.07236
16.53843 9.250404 314.6857
19.226784 7.772209 313.42395
18.449196 8.088692 312.9564
21.114067 6.368675 311.41434
20.248055 6.842018 310.88666
22.593864 4.763329 309.12836
21.697975 5.425804 308.53394
23.659523 2.878944 306.77258
22.775871 3.736626 306.10162
23.659538 2.878944 306.7726
22.775871 3.736626 306.10165
24.23597 0.428596 304.80444
23.38517 1.414894 304.08295
24.148293 -2.471169 303.05557
23.224876 -1.525536 302.40573
24.148293 -2.471184 303.0556
24.302849 -5.407051 301.2244
23.15046 -4.625252 300.75632
25.920525 -8.623436 299.80817
24.613625 -7.912727 299.42734
26.992195 -10.971718 297.97263
30.109459 -14.071312 295.97238
28.613136 -13.300896 295.57028
30.109474 -14.071297 295.9724
28.613167 -13.300865 295.5703
31.023811 -15.997429 293.3718
29.495659 -15.197289 292.94955
31.370262 -17.953575 291.0721
29.913887 -17.092262 290.5849
31.84011 -20.768852 289.16626
30.431282 -19.796013 288.57513
32.412148 -23.8928 287.2777
30.944405 -22.85244 286.63882
31.31057 -25.64199 284.3564
32.916847 -26.6372 284.93253
31.310585 -25.641975 284.35645
33.81434 -29.42434 282.6053
32.10148 -28.503395 282.11142
35.277412 -32.4721 280.5705
33.454765 -31.646019 280.177
35.680763 -35.121193 278.59995
33.706078 -34.407585 278.32928
34.421394 -37.20774 276.41864
32.35508 -36.468956 276.1422
34.421394 -37.20774 276.41867
32.355095 -36.468956 276.1422
33.528877 -39.627907 274.18375
31.435555 -38.7013 273.75076
33.203224 -42.493126 272.1378
31.002663 -41.44007 271.6149
33.20321 -42.493126 272.13782
31.002647 -41.44007 271.61493
31.854744 -44.843376 269.79047
29.518242 -43.8021 269.30124
30.909431 -46.890923 267.15164
28.593803 -45.89466 266.69745
30.943474 -48.53669 263.92978
28.59298 -47.62876 263.5575
30.943504 -48.53666 263.92984
28.59301 -47.628746 263.55753
31.573769 -49.902855 260.54813
29.16671 -48.9748 260.1683
31.53341 -51.316887 257.79297
29.185478 -50.260002 257.2923
31.53341 -51.316887 257.79294
29.185478 -50.260017 257.2923
30.492012 -52.86283 255.24202
28.283852 -51.688347 254.61623
27.775475 -54.021553 253.58008
25.815025 -52.89982 252.95667
24.88166 -54.71102 252.7783
23.185783 -53.71186 252.21426
23.185768 -53.71186 252.21426
22.428246 -55.171303 252.33514
20.96772 -54.29017 251.83163
20.065804 -55.51783 252.07991
18.832176 -54.76203 251.64474
20.065819 -55.51783 252.0799
17.836433 -55.787224 251.94582
16.820183 -55.15638 251.58029
15.681343 -56.00376 251.8957
14.876564 -55.498848 251.60168
13.591301 -56.179802 251.90909
12.99305 -55.801033 251.68759
13.591331 -56.179802 251.9091
12.99305 -55.801033 251.68764
11.15641 -56.07145 251.82425
9.555748 -56.442024 252.07648
9.359322 -56.31579 252.00218
9.555733 -56.442024 252.07646
9.359306 -56.31579 252.00218
12.111443 10.617561 316.29907
13.982826 10.261757 315.638
15.867821 9.411659 314.32028
17.6296 8.362679 312.5228
19.31797 7.257393 310.408
20.727898 6.033394 307.98898
21.82003 4.565392 305.4621
21.82003 4.565407 305.46213
22.461647 2.414558 303.361
22.203056 -0.564827 301.76126
22.203041 -0.564827 301.76123
21.869148 -3.858131 300.3259
23.20794 -7.18116 299.04858
25.556694 -10.223152 297.58075
27.032295 -12.660988 295.29538
27.032326 -12.660957 295.2954
27.81997 -14.602654 292.7296
28.268806 -16.38659 290.2642
28.891106 -18.86161 288.0398
29.410774 -21.835594 286.0316
29.598763 -24.822975 283.94983
29.598747 -24.822975 283.94986
30.219719 -27.825691 281.8555
31.49366 -30.95057 279.91956
31.681328 -33.69558 278.0687
30.27073 -35.70028 275.84335
29.308174 -37.779243 273.32773
28.812752 -40.31887 271.03168
27.298973 -42.470573 268.5427
26.477226 -44.541847 265.90277
26.404167 -46.459206 262.9325
26.404198 -46.459175 262.93256
26.80259 -47.922737 259.6745
26.81556 -49.163017 256.76096
26.039299 -50.500786 253.98541
23.825966 -51.767326 252.32889
21.469444 -52.70185 251.6444
21.469444 -52.70185 251.64438
19.491035 -53.399147 251.32242
17.586464 -53.997063 251.20375
15.79493 -54.517433 251.20937
14.065346 -54.98713 251.30289
12.390388 -55.416832 251.4621
12.390404 -55.416817 251.46211
10.758095 -55.815132 251.67317
9.161705 -56.1876 251.92632
9.161705 -56.187614 251.92632
11.862938 10.651039 316.15332
13.498543 10.33007 315.37762
15.174995 9.539711 313.98126
16.77024 8.583015 312.13495
18.326424 7.594719 309.99857
19.676262 6.535896 307.5411
20.771004 5.261726 304.9483
21.45742 3.258369 302.78586
21.1502 0.28373 301.2197
21.1502 0.283714 301.21967
20.61512 -3.077034 299.88116
21.842842 -6.371986 298.5989
24.144066 -9.452583 297.16794
25.4889 -12.079903 295.06616
25.488914 -12.079887 295.0662
26.161415 -14.129005 292.612
26.57682 -15.831749 290.0824
27.263756 -18.090675 287.6607
27.801888 -20.95536 285.55508
27.84597 -24.080345 283.61655
27.84597 -24.080315 283.61658
28.30178 -27.231392 281.67813
29.498589 -30.358772 279.7573
29.650444 -33.04058 277.85825
28.174477 -34.977165 275.586
27.145042 -36.88732 272.9372
26.696114 -39.134483 270.38196
26.696114 -39.134468 270.382
25.338448 -41.088524 267.69623
24.616158 -43.093742 264.9822
24.425072 -45.061745 262.07574
24.425117 -45.06173 262.07578
24.643517 -46.617683 258.92816
24.643257 -47.86756 256.02512
24.643257 -47.86756 256.0251
23.988152 -49.19381 253.2186
22.025597 -50.563194 251.60692
19.927574 -51.64338 251.00273
18.169945 -52.475777 250.75848
16.476372 -53.21032 250.72057
16.476372 -53.21032 250.72058
14.883949 -53.86448 250.80652
13.346458 -54.46685 250.98071
11.857582 -55.027977 251.22057
11.857597 -55.02796 251.22058
10.406654 -55.55671 251.5122
8.987663 -56.05877 251.84584
10.527489 10.14608 316.3016
11.607048 10.676628 316.01077
12.996437 10.380745 315.12726
14.447792 9.634193 313.66736
15.852837 8.745216 311.7974
17.249382 7.843742 309.67062
18.491219 6.897057 307.23013
19.527153 5.753944 304.63873
19.527153 5.75396 304.63873
20.228127 3.898582 302.4237
19.96148 1.043953 300.7798
19.961464 1.043953 300.7798
19.418709 -2.273628 299.40973
20.644173 -5.571495 298.1301
22.857262 -8.727638 296.77515
23.962852 -11.52375 294.8586
23.962883 -11.52372 294.85864
24.460732 -13.724236 292.5646
24.844719 -15.475761 290.08185
25.555199 -17.61625 287.55307
26.085014 -20.337318 285.32468
26.049126 -23.455376 283.39423
26.049156 -23.45536 283.3942
26.379555 -26.666039 281.52817
27.478996 -29.832588 279.65668
27.594566 -32.498222 277.74973
26.200798 -34.406563 275.4395
26.200798 -34.406578 275.4395
25.232628 -36.136528 272.62552
24.647133 -37.961967 269.7317
24.647133 -37.961983 269.73166
23.296867 -39.70324 266.86197
22.77909 -41.654152 264.06537
22.610847 -43.549767 261.09232
22.610863 -43.549736 261.09238
22.720375 -45.08735 257.9477
22.674858 -46.297615 255.0184
22.674858 -46.29763 255.01839
22.060081 -47.589516 252.17545
20.292488 -49.05648 250.61372
18.424828 -50.299263 250.10919
18.424828 -50.29928 250.10919
16.870354 -51.294853 249.9699
15.376595 -52.19729 250.04146
15.376595 -52.19729 250.04147
13.976036 -53.019676 250.23857
12.626381 -53.7909 250.52518
11.321571 -54.521004 250.87827
11.321571 -54.52099 250.87828
10.051704 -55.218773 251.28363
8.811272 -55.889793 251.7314
8.811272 -55.88981 251.7314
11.607018 10.676613 316.01074
11.347328 10.695198 315.8721
12.996422 10.38073 315.12723
12.487862 10.41935 314.88593
14.447792 9.634178 313.6673
13.708122 9.707542 313.37302
15.852837 8.745216 311.79736
14.909996 8.868431 311.49854
17.249367 7.843742 309.6706
16.13041 8.029762 309.40555
18.491188 6.897041 307.2301
17.220589 7.145119 307.03195
19.527122 5.753914 304.6387
18.125404 6.071846 304.50623
19.527122 5.753929 304.6387
18.12542 6.071846 304.50623
20.228096 3.898552 302.42368
18.756828 4.37545 302.24512
19.961464 1.043938 300.77975
18.525932 1.74839 300.43448
19.961449 1.043938 300.77975
18.525948 1.74839 300.43445
19.418678 -2.273659 299.4097
18.063377 -1.440712 298.94583
20.644142 -5.571526 298.13004
19.304909 -4.735115 297.6606
22.857246 -8.727654 296.7751
21.402931 -7.938896 296.3619
23.962822 -11.523766 294.85858
22.26461 -10.894875 294.62494
23.962837 -11.523735 294.8586
22.26464 -10.894859 294.62494
24.460686 -13.724251 292.56454
22.589806 -13.317345 292.55222
24.844688 -15.475792 290.08182
22.923637 -15.265358 290.24634
25.555183 -17.616295 287.55304
23.587822 -17.417793 287.73364
26.084984 -20.337349 285.32465
24.086464 -19.996727 285.38687
26.04911 -23.45539 283.39413
24.08738 -22.98095 283.33456
26.04911 -23.45536 283.39417
24.08738 -22.98095 283.3346
26.379524 -26.666054 281.52814
24.472832 -26.173347 281.44162
27.478966 -29.832619 279.65665
25.42463 -29.34243 279.5953
27.59452 -32.498238 277.7497
25.348686 -32.002464 277.7162
26.200768 -34.406593 275.4395
23.892601 -33.8303 275.34903
23.892616 -33.830315 275.34903
25.232597 -36.136543 272.6255
22.96769 -35.290688 272.29623
24.647087 -37.961998 269.73166
22.486351 -36.7929 269.10556
24.647102 -37.961998 269.73163
23.296822 -39.703255 266.86194
21.025993 -38.26696 266.02545
22.77906 -41.654152 264.06534
20.570473 -40.029305 263.0551
22.610802 -43.549767 261.0923
20.619987 -41.830986 259.96252
22.610832 -43.54975 261.09235
20.620018 -41.830956 259.96255
22.72033 -45.087364 257.94766
20.715828 -43.27349 256.73807
22.674828 -46.29763 255.01836
20.661186 -44.41543 253.75142
22.674812 -46.297646 255.01836
20.661186 -44.415443 253.75142
22.060051 -47.58953 252.1754
20.117348 -45.678093 250.871
20.292473 -49.05648 250.6137
18.578484 -47.26478 249.3725
18.424797 -50.299263 250.10918
16.959724 -48.70176 248.99156
18.424797 -50.29928 250.10916
16.95971 -48.70176 248.99155
16.870338 -51.294853 249.96988
15.612862 -49.892326 248.9837
15.376595 -52.197304 250.04146
14.319954 -50.99456 249.19203
15.376579 -52.197304 250.04146
14.319954 -50.99456 249.19205
13.976036 -53.019707 250.23854
13.108391 -52.017082 249.5282
12.62635 -53.790916 250.52515
11.941414 -52.988945 249.95535
11.321541 -54.521034 250.87822
10.813667 -53.919655 250.44995
11.321571 -54.52102 250.87825
10.813683 -53.91964 250.44997
10.051689 -55.218773 251.2836
9.716576 -54.81797 250.99763
8.811256 -55.88981 251.73135
8.645271 -55.68946 251.5882
7.595695 -56.5382 252.21465
11.083382 10.710426 315.73413
11.975929 10.458687 314.64246
12.96801 9.787468 313.07373
13.969032 8.999825 311.19543
15.013039 8.220009 309.1411
15.956169 7.383553 306.84552
16.743904 6.360222 304.3994
16.743904 6.360252 304.39938
17.326408 4.800621 302.10657
17.128807 2.331169 300.1897
17.128807 2.331154 300.1897
16.706947 -0.828987 298.67712
17.93142 -4.121513 297.3949
19.933296 -7.283394 296.07187
20.655113 -10.315956 294.42538
20.655128 -10.315926 294.4254
20.877922 -12.947594 292.5517
21.159111 -15.163368 290.48474
21.756401 -17.439262 288.08704
22.211143 -19.937675 285.6764
22.217262 -22.744118 283.4697
22.217278 -22.744102 283.46973
22.547096 -25.794655 281.46237
23.441841 -28.89782 279.56503
23.346535 -31.560112 277.68918
21.754494 -33.304726 275.27594
21.754509 -33.30471 275.27594
20.705559 -34.499245 272.01678
20.29609 -35.683983 268.53912
20.29609 -35.683983 268.53915
18.877953 -36.856804 265.19266
18.532295 -38.478386 262.0804
18.73011 -40.22651 258.91425
18.730156 -40.226494 258.91428
18.892311 -41.572273 255.5942
18.919914 -42.66964 252.55457
18.919914 -42.66964 252.55453
18.536003 -43.95057 249.66193
17.26104 -45.68302 248.24277
15.876091 -47.311684 247.98592
14.70591 -48.68235 248.1021
13.574394 -49.964348 248.43681
13.574409 -49.964348 248.43683
12.506905 -51.163048 248.89925
11.474007 -52.30903 249.45265
10.471916 -53.411934 250.07329
10.471947 -53.411934 250.07329
9.493935 -54.480873 250.74678
8.536232 -55.521492 251.46294
8.536217 -55.521507 251.46294
10.527443 10.146034 316.30154
10.823311 10.724403 315.599
11.47654 10.505013 314.39767
12.251701 9.88604 312.76553
13.063362 9.159538 310.87546
13.940147 8.443291 308.8542
14.7537 7.659157 306.6276
15.455284 6.685966 304.25186
15.455284 6.685966 304.2519
16.029564 5.225212 301.9487
15.847481 2.81855 300.00894
15.847466 2.81855 300.0089
15.382637 -0.422737 298.58505
16.568764 -3.776314 297.36594
18.514992 -6.869698 295.9883
19.166618 -9.881142 294.33682
19.166634 -9.881126 294.33685
19.340004 -12.680626 292.61838
19.592354 -15.198082 290.8158
20.139748 -17.601372 288.53305
20.52169 -20.042717 286.08337
20.437172 -22.762718 283.81784
20.437157 -22.762703 283.81784
20.645897 -25.625526 281.6674
21.525002 -28.55375 279.61584
21.45823 -31.118965 277.64838
19.815758 -32.749 275.1473
19.815758 -32.749016 275.14728
18.6764 -33.789497 271.7716
18.26809 -34.709465 268.06366
18.268074 -34.709465 268.06366
17.094963 -35.589775 264.42178
16.847633 -37.101967 261.19577
16.984962 -38.75451 257.95578
16.985008 -38.75448 257.95584
17.203255 -39.966484 254.50967
17.33216 -40.972725 251.37343
17.33216 -40.972725 251.37341
17.117775 -42.217888 248.42026
16.09423 -44.064873 247.0557
14.922447 -45.874626 246.91737
14.922432 -45.874626 246.91737
13.912178 -47.42286 247.15831
12.924706 -48.88636 247.62387
12.924706 -48.886375 247.6239
11.984703 -50.265633 248.21922
11.069557 -51.59208 248.90717
10.177071 -52.87493 249.66328
10.177086 -52.87493 249.6633
9.302345 -54.12333 250.47293
8.442635 -55.34298 251.3258
10.564705 10.737389 315.46576
10.98391 10.553978 314.15393
11.5485 9.989677 312.45844
12.174644 9.322563 310.55933
12.887978 8.662361 308.5771
13.554771 7.927055 306.42352
14.126472 7.01049 304.11752
14.126472 7.010506 304.11752
14.623238 5.662239 301.80307
14.432152 3.30825 299.85403
13.982338 -0.087013 298.57394
15.163704 -3.622566 297.5192
17.058434 -6.730186 296.15906
17.639 -9.676796 294.46704
17.639015 -9.676781 294.46707
17.787605 -12.600563 292.8632
18.053627 -15.413994 291.31198
18.568504 -17.91256 289.11234
18.871834 -20.304878 286.63086
18.70327 -23.031837 284.38483
18.703285 -23.031807 284.38486
18.834068 -25.685127 282.0637
19.603554 -28.30024 279.75418
19.448189 -30.614082 277.58246
17.792915 -32.055458 274.92337
17.792915 -32.055443 274.92334
16.56533 -33.02099 271.49808
16.13134 -33.69825 267.58246
16.131355 -33.698265 267.58246
15.275475 -34.171394 263.53253
15.089592 -35.595665 260.21588
15.138542 -37.198936 256.94537
15.138573 -37.198906 256.9454
15.436684 -38.261513 253.35483
15.712227 -39.124672 250.06903
15.712212 -39.124687 250.06903
15.712029 -40.257347 246.98135
14.957176 -42.177925 245.633
14.001213 -44.170143 245.61386
14.001213 -44.170143 245.61385
13.15136 -45.913643 245.9946
12.305595 -47.584038 246.61319
12.305595 -47.584023 246.6132
11.489708 -49.174583 247.36842
10.68792 -50.715736 248.22104
9.900032 -52.215492 249.14525
9.900047 -52.215477 249.14526
9.123055 -53.682503 250.12564
8.355415 -55.122063 251.15126
8.355415 -55.122078 251.15126
10.297935 10.744057 315.334
10.480644 10.582146 313.92224
10.837776 10.045525 312.18622
12.174644 9.322548 310.5593
11.284431 9.399895 310.3111
12.887993 8.662346 308.57706
11.843773 8.752754 308.40564
13.554787 7.927055 306.42352
12.363503 8.001427 306.38266
14.126488 7.01049 304.1175
12.800026 7.041008 304.235
14.126488 7.010506 304.1175
14.623238 5.662224 301.80304
13.250267 5.619835 302.0661
14.432152 3.308235 299.85403
13.083046 3.291145 300.12762
14.432137 3.30825 299.85403
12.603264 0.010475 298.7692
13.724281 -3.624168 297.82187
17.058434 -6.730202 296.15906
15.588829 -6.870354 296.58658
16.11744 -9.706963 294.81357
16.117455 -9.706947 294.8136
17.78759 -12.600563 292.8632
16.24688 -12.653282 293.23682
18.053612 -15.413979 291.31195
16.523766 -15.712166 291.89423
17.027458 -18.39965 289.85294
18.87185 -20.304878 286.63083
17.313194 -20.83982 287.40915
18.703285 -23.031837 284.38483
17.11483 -23.507637 285.11374
18.7033 -23.031822 284.38483
17.11483 -23.507622 285.11377
18.834084 -25.685127 282.0637
17.077599 -25.816505 282.52347
19.603554 -28.300224 279.75418
17.605247 -28.059105 279.92957
19.448189 -30.614082 277.5825
17.365166 -30.133842 277.56146
17.7929 -32.055458 274.92337
15.698158 -31.367699 274.72653
17.792915 -32.055443 274.92337
15.698174 -31.367683 274.72653
16.565315 -33.02099 271.49805
14.362389 -32.178368 271.1857
16.131325 -33.69825 267.58246
13.859245 -32.59635 267.05478
13.85923 -32.59635 267.05478
15.275459 -34.171394 263.53253
13.014427 -32.75556 262.7301
15.089577 -35.595665 260.21588
12.894218 -34.13584 259.35733
15.138527 -37.198936 256.94537
13.0924 -35.641823 255.9715
15.138557 -37.19892 256.9454
13.09243 -35.641808 255.97153
15.436684 -38.261528 253.35483
13.522545 -36.517662 252.19423
13.937752 -37.245476 248.7659
15.712227 -39.124672 250.06902
13.937752 -37.245476 248.76588
15.712029 -40.25733 246.98134
14.134865 -38.296394 245.57213
14.957161 -42.17791 245.63297
13.649559 -40.31649 244.26183
14.001198 -44.170143 245.61385
12.924828 -42.502052 244.3685
14.001198 -44.170143 245.61383
12.924828 -42.502083 244.36848
12.252022 -44.443214 244.88815
12.305595 -47.584053 246.61319
11.566429 -46.31974 245.65594
12.305595 -47.584038 246.6132
11.566429 -46.31974 245.65596
11.489723 -49.174583 247.36842
10.893776 -48.118217 246.5649
10.687935 -50.715736 248.22104
10.225014 -49.86915 247.57458
9.561714 -51.579674 248.65811
9.900047 -52.215492 249.14525
9.561714 -51.57966 248.65813
9.12307 -53.682503 250.12563
8.902702 -53.25817 249.79953
8.355415 -55.122063 251.15128
8.24752 -54.909706 250.98766
8.355415 -55.122078 251.15128
10.033501 10.728783 315.22098
9.991631 10.545799 313.74536
10.16465 9.977852 312.01785
10.463722 9.288704 310.21912
10.90464 8.592079 308.43924
11.326134 7.752693 306.59952
11.694344 6.660484 304.672
11.694359 6.660484 304.67203
12.181404 5.066429 302.71786
12.048622 2.707771 300.83453
12.048637 2.707756 300.83453
11.456169 -0.367546 299.33383
12.485619 -3.880959 298.30963
14.300102 -7.12011 297.0815
14.720009 -9.897652 295.28653
14.720024 -9.897621 295.28656
14.790474 -12.825417 293.71085
15.095177 -15.974434 292.43848
15.676643 -18.885323 290.56525
15.985939 -21.501274 288.2597
15.666954 -24.097374 285.92194
15.666969 -24.097359 285.92194
15.387184 -26.027565 283.0489
15.707054 -27.91932 280.1836
15.398232 -29.799385 277.6533
13.715446 -30.848854 274.6609
13.715462 -30.848854 274.6609
12.341377 -31.419762 270.91785
11.744896 -31.711693 266.6896
11.744896 -31.711708 266.68964
10.724632 -32.095238 262.5821
10.603889 -33.44776 259.17844
10.93589 -34.586967 255.44954
10.935921 -34.586937 255.44958
11.434624 -35.26226 251.48462
11.902061 -35.983208 248.03857
11.902061 -35.983208 248.03856
12.210808 -37.12899 244.90436
11.975471 -39.313606 243.69109
11.504951 -41.654243 243.8867
11.504951 -41.65426 243.8867
11.040886 -43.722816 244.47949
10.553581 -45.718575 245.31534
10.065529 -47.62757 246.28717
9.57357 -49.483818 247.35661
9.080299 -51.29531 248.49738
9.080299 -51.295296 248.49739
8.585945 -53.071297 249.69397
8.091026 -54.81745 250.93556
7.595695 -56.5382 252.21461
10.527473 10.146049 316.3016
9.780647 10.668343 315.1495
9.540581 10.399193 313.66888
9.568779 9.728523 312.01138
9.765419 8.934578 310.3377
10.13398 8.139793 308.71762
10.499428 7.199638 307.06128
10.82299 6.010078 305.3144
10.823006 6.010078 305.3144
11.290352 4.374489 303.4645
11.127205 2.009972 301.62195
11.127205 2.009987 301.62195
10.436684 -1.014915 300.1091
11.359062 -4.33062 298.94498
13.149483 -7.46981 297.64062
13.593712 -10.401573 295.9785
13.593742 -10.401573 295.97852
13.610466 -13.334221 294.422
13.800346 -16.313225 293.028
14.381157 -19.31858 291.22986
14.716667 -22.150993 289.09567
14.280785 -24.731544 286.761
14.2808 -24.731544 286.761
13.812294 -26.464317 283.7498
13.961647 -28.089897 280.68042
13.546211 -29.593956 277.84116
11.825478 -30.397392 274.64066
10.317299 -31.001442 270.94376
9.497704 -31.526817 266.9476
9.497719 -31.526817 266.9476
8.446388 -32.375404 263.2346
8.352821 -33.710594 259.80496
8.649498 -34.46276 255.74747
8.649529 -34.46273 255.74751
9.119881 -35.051888 251.71077
9.603767 -35.905876 248.37355
10.016136 -37.26481 245.40263
10.045341 -39.58506 244.25888
9.854317 -41.964806 244.4392
9.854301 -41.96482 244.4392
9.6269 -44.032646 244.99025
9.366631 -46.008934 245.77008
9.366646 -46.008934 245.7701
9.092003 -47.885536 246.67717
8.805748 -49.700844 247.67583
8.511528 -51.46482 248.74138
8.511543 -51.46482 248.74141
8.210976 -53.18824 249.85931
7.905449 -54.877647 251.01936
9.551765 10.54995 315.13614
9.149361 10.130867 313.71292
9.075188 9.300346 312.17725
9.210854 8.361382 310.65964
9.544777 7.443733 309.21103
9.878944 6.409416 307.71936
10.161674 5.149712 306.1177
10.567055 3.483833 304.36008
10.266609 1.225273 302.47537
10.266609 1.225273 302.47534
9.353035 -1.580482 300.8265
10.156242 -4.837929 299.64658
12.110558 -8.178886 298.4898
12.786736 -11.303261 296.946
12.786751 -11.30323 296.94604
12.771965 -14.179527 295.34854
12.669304 -16.90615 293.802
13.075447 -19.872627 292.00397
13.388268 -22.793434 289.9415
12.895729 -25.33892 287.57852
12.895729 -25.338905 287.57855
12.308479 -27.055214 284.56824
12.296089 -28.511269 281.3771
11.676247 -29.500343 278.1312
9.79287 -30.067635 274.75278
8.149666 -31.107384 271.44092
7.17408 -32.106316 267.86737
7.17408 -32.10633 267.86737
6.119164 -33.109215 264.27917
6.094505 -34.441048 260.82993
6.347282 -35.10488 256.70227
6.347328 -35.104866 256.7023
6.773903 -35.73655 252.70793
7.282249 -36.722084 249.4779
7.811638 -38.22625 246.61095
8.106255 -40.56687 245.43794
8.193199 -42.877235 245.51003
8.193214 -42.877235 245.51001
8.203346 -44.854057 245.94183
8.170784 -46.726555 246.59311
8.170799 -46.726555 246.59312
8.110603 -48.492317 247.36795
8.031273 -50.191917 248.23148
7.937508 -51.836678 249.15997
7.937508 -51.836662 249.16
7.832344 -53.438133 250.1394
7.717979 -55.0035 251.15985
9.55175 10.549934 315.1361
9.368553 10.380089 315.18622
9.149345 10.130867 313.7129
8.847679 9.769554 313.8695
9.075203 9.300316 312.17722
8.710167 8.751213 312.48273
9.210854 8.361366 310.65964
8.817955 7.652702 311.12668
9.544777 7.443718 309.211
9.143227 6.60778 309.83887
9.878944 6.409401 307.71933
9.477715 5.485451 308.4852
10.161659 5.149681 306.1177
9.759819 4.163811 306.99756
10.161659 5.149696 306.1177
9.759819 4.163826 306.99756
10.567039 3.483818 304.36008
10.134895 2.457619 305.32364
10.266594 1.225258 302.47537
9.607033 0.358437 303.3627
10.266609 1.225258 302.47534
9.607018 0.358437 303.36267
8.375862 -2.183296 301.5536
10.156242 -4.837944 299.6466
9.236168 -5.571358 300.48282
12.110558 -8.178917 298.4898
11.431618 -9.221336 299.54953
12.786705 -11.303276 296.946
12.097069 -12.317101 297.98538
12.786736 -11.303261 296.94604
12.097099 -12.317085 297.9854
12.771935 -14.179543 295.34854
11.966072 -15.082069 296.3166
12.669289 -16.906166 293.80197
11.726143 -17.73516 294.7344
11.982536 -20.609383 292.8856
12.129601 -23.410164 290.7488
12.895714 -25.33892 287.57852
11.467201 -25.868904 288.33722
12.895714 -25.338905 287.57855
11.467216 -25.868904 288.33725
10.786308 -27.630302 285.3739
12.296089 -28.511269 281.37714
10.699043 -28.975273 282.09418
11.676231 -29.500359 278.1312
9.841637 -29.619942 278.59396
9.792854 -30.067635 274.75278
7.733711 -30.17051 275.23383
9.792854 -30.067635 274.75275
8.149651 -31.107384 271.44095
6.161461 -31.651894 272.27155
7.17408 -32.106316 267.8674
5.260841 -32.952354 268.93277
5.260857 -32.95237 268.93277
6.119148 -33.109215 264.27917
4.04969 -33.97683 265.3864
6.09449 -34.441063 260.82993
3.991997 -35.342537 261.97
6.347282 -35.104897 256.70224
4.241142 -36.069847 257.89627
6.347298 -35.104866 256.70227
4.241188 -36.069817 257.8963
6.773888 -35.736565 252.70793
4.656715 -36.781715 253.972
7.282249 -36.7221 249.4779
5.203804 -37.848076 250.8042
5.203804 -37.84809 250.80418
7.811623 -38.226265 246.61095
5.847542 -39.415504 247.97163
8.106224 -40.56687 245.43794
6.386238 -41.706673 246.71397
8.193184 -42.877235 245.51003
6.724709 -43.904488 246.646
8.193199 -42.87722 245.51001
6.724693 -43.904488 246.64598
8.203331 -44.854057 245.94182
6.946526 -45.76226 246.939
8.170769 -46.726555 246.59311
7.11602 -47.50933 247.44763
8.110603 -48.492317 247.36797
7.24572 -49.147423 248.07999
8.031273 -50.191933 248.23149
7.349266 -50.717705 248.8008
7.937477 -51.836678 249.15996
7.432304 -52.232063 249.5867
7.937477 -51.836662 249.15999
7.432304 -52.232048 249.58673
7.832329 -53.438133 250.13937
7.499336 -53.702263 250.42375
7.717964 -55.0035 251.15982
7.553123 -55.135796 251.30197
10.527489 10.146049 316.3016
9.230843 10.176155 315.2861
8.620705 9.356544 314.10135
8.435295 8.145576 312.86734
8.523613 6.88932 311.66382
8.844475 5.721565 310.52097
9.191231 4.517921 309.286
9.48632 3.148613 307.88818
9.48632 3.148613 307.8882
9.804283 1.449699 306.25552
9.069374 -0.57122 304.28262
9.069374 -0.571236 304.28262
7.691124 -3.079079 302.47733
8.713264 -6.563057 301.46045
10.970299 -10.261894 300.5599
11.355263 -13.248558 298.96487
11.355293 -13.248543 298.9649
11.032661 -15.954903 297.28604
10.78373 -18.63485 295.72342
10.903236 -21.435738 293.83636
10.805397 -24.050758 291.58643
9.972771 -26.353111 289.0653
9.972786 -26.353096 289.0653
9.206657 -28.154243 286.1411
8.983711 -29.46885 282.85425
8.019493 -29.97828 279.2516
5.874336 -30.644539 275.9844
5.874321 -30.644524 275.9844
4.29612 -32.391426 273.23825
3.385841 -33.814156 270.0002
3.385857 -33.81417 270.00024
1.956413 -34.916878 266.55643
1.810387 -36.334755 263.19934
2.164177 -37.130043 259.1652
2.164207 -37.130013 259.1652
2.594017 -37.918648 255.30417
3.173927 -39.052025 252.18825
3.173927 -39.05204 252.18823
3.913582 -40.672127 249.38461
4.676888 -42.906853 248.03996
5.256859 -44.985207 247.82779
5.256844 -44.98522 247.82779
5.685371 -46.71705 247.97694
6.054146 -48.33204 248.3377
6.054161 -48.33204 248.3377
6.372749 -49.8359 248.82211
6.659325 -51.270164 249.39449
6.920296 -52.647408 250.03192
6.920311 -52.647408 250.03195
7.161201 -53.979744 250.7205
7.38549 -55.27482 251.45035
10.527504 10.14608 316.3016
9.131004 9.95594 315.41724
8.442253 8.925163 314.37134
8.20092 7.527504 313.28125
8.255409 6.120369 312.21744
8.558372 4.83532 311.20767
8.904503 3.547585 310.0917
9.196358 2.11869 308.79648
9.196358 2.118706 308.79648
9.430794 0.406975 307.22775
8.656456 -1.61869 305.2823
8.656456 -1.618706 305.28226
7.418694 -4.173775 303.4931
8.466286 -7.637489 302.45444
10.46653 -11.228172 301.51556
10.56826 -14.1558 299.931
10.568275 -14.155769 299.93103
10.067635 -16.830544 298.26007
9.748619 -19.476692 296.67712
9.742271 -22.201057 294.74567
9.4506 -24.679802 292.41248
8.439781 -26.839928 289.79407
8.439796 -26.839928 289.79407
7.583687 -28.668434 286.89893
7.223854 -29.99685 283.64304
6.197411 -30.470558 280.01462
4.107704 -31.266716 276.83643
4.107719 -31.266731 276.8364
2.440849 -33.226143 274.27884
1.39341 -34.76249 271.159
-0.092384 -35.873253 267.73038
-0.290138 -37.322945 264.40964
0.107643 -38.2315 260.46487
0.107689 -38.23147 260.4649
0.540916 -39.105156 256.67648
1.132317 -40.31092 253.62114
1.132332 -40.310936 253.62112
1.931938 -41.99572 250.86317
2.895348 -44.179924 249.44089
3.70974 -46.136757 249.08403
3.70974 -46.136757 249.08401
4.346962 -47.73696 249.08417
4.920601 -49.21279 249.29
4.920586 -49.21279 249.29001
5.436531 -50.57409 249.61787
5.916405 -51.863365 250.03235
6.366997 -53.093956 250.5111
6.366997 -53.093956 250.51111
6.79464 -54.278404 251.04034
7.203224 -55.42457 251.61044
7.595726 -56.5382 252.21463
9.056847 9.737953 315.55862
8.290947 8.50515 314.64594
7.979805 6.932487 313.68585
7.981911 5.384499 312.74838
8.250694 3.990028 311.86115
8.577705 2.616692 310.8671
8.851692 1.11628 309.68924
8.851677 1.11628 309.68927
9.034889 -0.641762 308.20963
8.479088 -2.711861 306.27634
8.479073 -2.711845 306.27637
7.660591 -5.314445 304.44638
8.494301 -8.746132 303.4224
9.884544 -12.25338 302.53925
9.755363 -15.133904 300.9599
9.755394 -15.133888 300.95993
9.139259 -17.756874 299.26212
8.687477 -20.337852 297.64365
8.54705 -23.016975 295.69507
8.099007 -25.410622 293.3127
6.899361 -27.417442 290.58896
6.899361 -27.417412 290.58896
5.933998 -29.222054 287.6847
5.466484 -30.55706 284.44916
4.384972 -31.086601 280.87198
2.353294 -32.053917 277.81982
0.627663 -34.126472 275.36362
-0.616875 -35.738853 272.3422
-0.616859 -35.73887 272.3422
-2.216393 -36.887962 268.9658
-2.392159 -38.333214 265.63818
-1.912621 -39.34179 261.7652
-1.91259 -39.34176 261.76523
-1.470543 -40.297768 258.04636
-0.837532 -41.555244 255.02899
-0.837517 -41.55526 255.02898
0.085594 -43.2642 252.27098
1.292351 -45.36875 250.73857
2.348885 -47.196205 250.2289
2.348885 -47.196205 250.22888
3.186317 -48.66706 250.08339
3.949516 -50.010185 250.14253
3.949516 -50.0102 250.14255
4.642265 -51.238716 250.32585
5.291512 -52.394936 250.59685
5.905067 -53.492546 250.93317
5.905067 -53.492546 250.9332
6.490654 -54.544075 251.32094
7.053017 -55.55735 251.75038
7.053001 -55.55735 251.75038
9.056831 9.737968 315.5586
8.997444 9.525063 315.70267
8.290932 8.50515 314.64594
8.154396 8.098717 314.91687
7.97979 6.932472 313.68588
7.764458 6.360527 314.07587
7.981911 5.384483 312.7484
7.70385 4.679771 313.25458
8.250694 3.990028 311.8611
7.929939 3.182274 312.48257
8.57769 2.616676 310.86707
8.234947 1.725456 311.60892
8.851677 1.11628 309.68924
8.499504 0.148766 310.5525
8.851662 1.11628 309.68927
8.499504 0.148781 310.55252
8.684502 -1.678383 309.17273
8.479073 -2.711861 306.27634
8.425438 -3.842964 307.27975
8.479057 -2.711861 306.27634
8.425407 -3.842964 307.27975
8.020851 -6.548073 305.45645
8.494316 -8.746147 303.4224
8.541664 -9.962624 304.4792
9.88456 -12.253395 302.53925
9.257362 -13.358467 303.63947
8.898857 -16.17939 302.05127
9.755379 -15.133904 300.95993
8.898888 -16.17936 302.0513
9.139229 -17.756874 299.2621
8.18502 -18.766243 300.33307
8.687447 -20.337852 297.64365
7.611794 -21.319313 298.7063
8.547035 -23.01699 295.69507
7.355598 -23.984138 296.76166
8.099007 -25.410637 293.3127
6.756569 -26.318886 294.35046
6.899345 -27.417442 290.58893
5.359245 -28.187279 291.53604
6.899361 -27.417427 290.58896
5.359261 -28.187279 291.53607
5.933983 -29.222054 287.6847
4.341469 -29.904945 288.56015
5.466469 -30.557076 284.44916
3.786812 -31.216057 285.31653
4.384941 -31.086586 280.872
2.640495 -31.900429 281.8775
2.353279 -32.053917 277.81982
0.647926 -33.10415 279.0123
2.353279 -32.053917 277.8198
0.627647 -34.126488 275.3636
-1.238716 -35.195625 276.5983
-0.61689 -35.73887 272.34216
-2.691063 -36.759224 273.57275
-0.616875 -35.73887 272.34216
-2.691048 -36.75924 273.57278
-2.216393 -36.887978 268.9658
-4.298363 -37.9096 270.1992
-2.392174 -38.33323 265.63818
-4.471733 -39.35717 266.87427
-3.94529 -40.485832 263.09656
-1.91259 -39.34176 261.76526
-3.945259 -40.4858 263.0966
-1.470558 -40.297768 258.0464
-3.527824 -41.545586 259.47162
-0.837547 -41.555244 255.02899
-2.875526 -42.87121 256.5101
-0.837547 -41.555244 255.02898
0.085564 -43.2642 252.27095
-1.832527 -44.611732 253.75905
1.292336 -45.368767 250.73857
-0.366631 -46.628944 252.10732
2.348885 -47.19622 250.22888
0.946434 -48.316338 251.43324
2.348885 -47.19622 250.22887
3.186317 -48.667076 250.08339
1.992592 -49.64953 251.13345
3.949501 -50.0102 250.14253
2.953011 -50.8516 251.03732
2.953026 -50.8516 251.03732
4.64225 -51.23873 250.32585
3.82856 -51.93952 251.06833
5.291512 -52.39495 250.59685
4.652336 -52.9551 251.18839
5.905083 -53.49256 250.93318
5.433266 -53.912285 251.37518
5.905083 -53.49256 250.9332
5.433296 -53.912285 251.3752
6.490654 -54.54406 251.32094
6.180641 -54.8236 251.61461
6.900017 -55.696968 251.89677
7.595695 -56.53823 252.2146
POLYGONS 4227 16908
3 0 1 2
3 2 1 3
3 2 3 4
3 4 3 5
3 4 5 6
3 6 5 7
3 6 7 8
3 8 7 9
3 8 9 10
3 10 9 11
3 10 11 12
3 12 11 13
3 12 13 14
3 14 13 15
3 16 17 18
3 18 17 19
3 18 19 20
3 20 19 21
3 22 23 24
3 24 23 25
3 24 25 26
3 26 25 27
3 26 27 28
3 28 27 29
3 28 29 30
3 30 29 31
3 32 33 34
3 34 33 35
3 34 35 36
3 36 35 37
3 36 37 38
3 38 37 39
3 38 39 40
3 40 39 41
3 40 41 42
3 42 41 43
3 44 45 46
3 46 45 47
3 46 47 48
3 48 47 49
3 48 49 50
3 50 49 51
3 50 51 52
3 52 51 53
3 54 55 56
3 56 55 57
3 56 57 58
3 58 57 59
3 60 61 62
3 62 61 63
3 62 63 64
3 64 63 65
3 64 65 66
3 66 65 67
3 68 69 70
3 70 69 71
3 70 71 72
3 72 71 73
3 74 75 76
3 76 75 77
3 76 77 78
3 78 77 79
3 78 79 80
3 80 79 81
3 82 83 84
3 84 83 85
3 84 85 86
3 86 85 87
3 86 88 89
3 89 88 90
3 89 90 91
3 91 90 92
3 91 92 93
3 93 92 94
3 95 96 97
3 97 96 98
3 97 98 99
3 99 98 100
3 99 101 102
3 102 101 103
3 1 104 3
3 3 104 105
3 3 105 5
3 5 105 106
3 5 106 7
3 7 106 107
3 7 107 9
3 9 107 108
3 9 108 11
3 11 108 109
3 11 109 13
3 13 109 110
3 13 110 15
3 15 110 111
3 17 112 19
3 19 112 113
3 19 113 21
3 21 113 114
3 23 115 25
3 25 115 116
3 25 116 27
3 27 116 117
3 27 117 29
3 29 117 118
3 29 118 31
3 31 118 119
3 33 120 35
3 35 120 121
3 35 121 37
3 37 121 122
3 37 122 39
3 39 122 123
3 39 123 41
3 41 123 124
3 41 124 43
3 43 124 125
3 45 126 47
3 47 126 127
3 47 127 49
3 49 127 128
3 49 128 51
3 51 128 129
3 51 129 53
3 53 129 130
3 55 131 57
3 57 131 132
3 57 132 59
3 59 132 133
3 61 133 63
3 63 133 134
3 63 134 65
3 65 134 135
3 65 135 67
3 67 135 136
3 69 137 71
3 71 137 138
3 71 138 73
3 73 138 139
3 75 140 77
3 77 140 141
3 77 141 79
3 79 141 142
3 79 142 81
3 81 142 143
3 83 144 85
3 85 144 145
3 85 145 87
3 87 145 146
3 88 147 90
3 90 147 148
3 90 148 92
3 92 148 149
3 92 149 94
3 94 149 150
3 96 151 98
3 98 151 152
3 98 152 100
3 100 152 153
3 101 153 103
3 103 153 154
3 104 0 105
3 105 0 155
3 105 155 106
3 106 155 156
3 106 156 107
3 107 156 157
3 107 157 108
3 108 157 158
3 108 158 109
3 109 158 159
3 109 159 110
3 110 159 160
3 110 160 111
3 111 160 161
3 112 162 113
3 113 162 163
3 113 163 114
3 114 163 164
3 115 165 116
3 116 165 166
3 116 166 117
3 117 166 167
3 117 167 118
3 118 167 168
3 118 168 119
3 119 168 169
3 120 170 121
3 121 170 171
3 121 171 122
3 122 171 172
3 122 172 123
3 123 172 173
3 123 173 124
3 124 173 174
3 124 174 125
3 125 174 175
3 126 175 127
3 127 175 176
3 127 176 128
3 128 176 177
3 128 177 129
3 129 177 178
3 129 178 130
3 130 178 179
3 131 180 132
3 132 180 181
3 132 181 133
3 133 181 182
3 133 183 134
3 134 183 184
3 134 184 135
3 135 184 185
3 135 185 136
3 136 185 186
3 137 187 138
3 138 187 188
3 138 188 139
3 139 188 189
3 140 190 141
3 141 190 191
3 141 191 142
3 142 191 192
3 142 192 143
3 143 192 193
3 144 194 145
3 145 194 195
3 145 195 146
3 146 195 196
3 147 197 148
3 148 197 198
3 148 198 149
3 149 198 199
3 149 199 150
3 150 199 200
3 151 201 152
3 152 201 202
3 152 202 153
3 153 202 203
3 153 204 154
3 154 204 205
3 155 206 207
3 155 207 156
3 156 207 208
3 156 208 157
3 157 208 209
3 157 209 158
3 158 209 210
3 158 210 159
3 159 210 211
3 159 211 160
3 160 211 212
3 160 212 161
3 161 212 213
3 162 214 163
3 163 214 215
3 163 215 164
3 164 215 216
3 165 217 166
3 166 217 218
3 166 218 167
3 167 218 219
3 167 219 168
3 168 219 220
3 168 220 169
3 169 220 221
3 170 222 171
3 171 222 223
3 171 223 172
3 172 223 224
3 172 224 173
3 173 224 225
3 173 225 174
3 174 225 226
3 174 226 175
3 175 226 227
3 175 228 176
3 176 228 229
3 176 229 177
3 177 229 230
3 177 230 178
3 178 230 231
3 178 231 179
3 179 231 232
3 180 232 181
3 181 232 233
3 181 233 182
3 182 233 234
3 183 235 184
3 184 235 236
3 184 236 185
3 185 236 237
3 185 237 186
3 186 237 238
3 187 239 188
3 188 239 240
3 188 240 189
3 189 240 241
3 190 241 191
3 191 241 242
3 191 242 192
3 192 242 243
3 192 243 193
3 193 243 244
3 194 245 195
3 195 245 246
3 195 246 196
3 196 246 247
3 197 248 198
3 198 248 249
3 198 249 199
3 199 249 250
3 199 250 200
3 200 250 251
3 201 252 202
3 202 252 253
3 202 253 203
3 203 253 254
3 204 254 205
3 205 254 255
3 206 256 207
3 207 256 257
3 207 257 208
3 208 257 258
3 208 258 209
3 209 258 259
3 209 259 210
3 210 259 260
3 210 260 211
3 211 260 261
3 211 261 212
3 212 261 262
3 212 262 213
3 213 262 263
3 214 264 215
3 215 264 265
3 215 265 216
3 216 265 266
3 217 267 218
3 218 267 268
3 218 268 219
3 219 268 269
3 219 269 220
3 220 269 270
3 220 270 221
3 221 270 271
3 222 272 223
3 223 272 273
3 223 273 224
3 224 273 274
3 224 274 225
3 225 274 275
3 225 275 226
3 226 275 276
3 226 276 227
3 227 276 277
3 228 278 229
3 229 278 279
3 229 279 230
3 230 279 280
3 230 280 231
3 231 280 281
3 231 281 232
3 232 281 282
3 232 283 233
3 233 283 284
3 233 284 234
3 234 284 285
3 235 286 236
3 236 286 287
3 236 287 237
3 237 287 288
3 237 288 238
3 238 288 289
3 239 290 240
3 240 290 291
3 240 291 241
3 241 291 292
3 241 293 242
3 242 293 294
3 242 294 243
3 243 294 295
3 243 295 244
3 244 295 296
3 245 297 246
3 246 297 298
3 246 298 247
3 247 298 299
3 248 300 249
3 249 300 301
3 249 301 250
3 250 301 302
3 250 302 251
3 251 302 303
3 252 304 253
3 253 304 305
3 253 305 254
3 254 305 306
3 254 307 255
3 255 307 103
3 256 104 257
3 257 104 308
3 257 308 258
3 258 308 309
3 258 309 259
3 259 309 310
3 259 310 260
3 260 310 311
3 260 311 261
3 261 311 312
3 261 312 262
3 262 312 313
3 262 313 263
3 263 313 314
3 264 315 265
3 265 315 316
3 265 316 266
3 266 316 317
3 267 318 268
3 268 318 319
3 268 319 269
3 269 319 320
3 269 320 270
3 270 320 321
3 270 321 271
3 271 321 322
3 272 323 273
3 273 323 324
3 273 324 274
3 274 324 325
3 274 325 275
3 275 325 326
3 275 326 276
3 276 326 327
3 276 327 277
3 277 327 328
3 278 329 279
3 279 329 330
3 279 330 280
3 280 330 331
3 280 331 281
3 281 331 332
3 281 332 282
3 282 332 333
3 283 334 284
3 284 334 335
3 284 335 285
3 285 335 336
3 286 336 287
3 287 336 337
3 287 337 288
3 288 337 338
3 288 338 289
3 289 338 339
3 290 340 291
3 291 340 341
3 291 341 292
3 292 341 342
3 293 343 294
3 294 343 344
3 294 344 295
3 295 344 345
3 295 345 296
3 296 345 346
3 297 347 298
3 298 347 348
3 298 348 299
3 299 348 349
3 300 349 301
3 301 349 350
3 301 350 302
3 302 350 351
3 302 351 303
3 303 351 352
3 304 353 305
3 305 353 354
3 305 354 306
3 306 354 355
3 307 355 103
3 103 355 356
3 104 357 308
3 308 357 358
3 308 358 309
3 309 358 359
3 309 359 310
3 310 359 360
3 310 360 311
3 311 360 361
3 311 361 312
3 312 361 362
3 312 362 313
3 313 362 363
3 313 363 314
3 314 363 364
3 315 365 316
3 316 365 366
3 316 366 317
3 317 366 367
3 318 368 319
3 319 368 369
3 319 369 320
3 320 369 370
3 320 370 321
3 321 370 371
3 321 371 322
3 322 371 372
3 323 373 324
3 324 373 374
3 324 374 325
3 325 374 375
3 325 375 326
3 326 375 376
3 326 376 327
3 327 376 377
3 327 377 328
3 328 377 378
3 329 379 330
3 330 379 380
3 330 380 331
3 331 380 381
3 331 381 332
3 332 381 382
3 332 382 333
3 333 382 383
3 334 384 335
3 335 384 385
3 335 385 336
3 336 385 386
3 336 387 337
3 337 387 388
3 337 388 338
3 338 388 389
3 338 389 339
3 339 389 390
3 340 391 341
3 341 391 392
3 341 392 342
3 342 392 393
3 343 394 344
3 344 394 395
3 344 395 345
3 345 395 396
3 345 396 346
3 346 396 397
3 347 398 348
3 348 398 399
3 348 399 349
3 349 399 400
3 349 401 350
3 350 401 402
3 350 402 351
3 351 402 403
3 351 403 352
3 352 403 404
3 353 405 354
3 354 405 406
3 354 406 355
3 355 406 407
3 355 408 356
3 356 408 409
3 357 410 358
3 358 410 411
3 358 411 359
3 359 411 412
3 359 412 360
3 360 412 413
3 360 413 361
3 361 413 414
3 361 414 362
3 362 414 415
3 362 415 363
3 363 415 416
3 363 416 364
3 364 416 417
3 365 418 366
3 366 418 419
3 366 419 367
3 367 419 420
3 368 421 369
3 369 421 422
3 369 422 370
3 370 422 423
3 370 423 371
3 371 423 424
3 371 424 372
3 372 424 425
3 373 426 374
3 374 426 427
3 374 427 375
3 375 427 428
3 375 428 376
3 376 428 429
3 376 429 377
3 377 429 430
3 377 430 378
3 378 430 431
3 379 432 380
3 380 432 433
3 380 433 381
3 381 433 434
3 381 434 382
3 382 434 435
3 382 435 383
3 383 435 436
3 384 437 385
3 385 437 438
3 385 438 386
3 386 438 439
3 387 440 388
3 388 440 441
3 388 441 389
3 389 441 442
3 389 442 390
3 390 442 443
3 391 444 392
3 392 444 445
3 392 445 393
3 393 445 446
3 394 446 395
3 395 446 447
3 395 447 396
3 396 447 448
3 396 448 397
3 397 448 449
3 398 449 399
3 399 449 450
3 399 450 400
3 400 450 451
3 401 452 402
3 402 452 453
3 402 453 403
3 403 453 454
3 403 454 404
3 404 454 455
3 405 456 406
3 406 456 457
3 406 457 407
3 407 457 458
3 408 459 409
3 409 459 460
3 410 206 411
3 411 206 461
3 411 461 412
3 412 461 462
3 412 462 413
3 413 462 463
3 413 463 414
3 414 463 464
3 414 464 415
3 415 464 465
3 415 465 416
3 416 465 466
3 416 466 417
3 417 466 467
3 418 468 419
3 419 468 469
3 419 469 420
3 420 469 470
3 421 471 422
3 422 471 472
3 422 472 423
3 423 472 473
3 423 473 424
3 424 473 474
3 424 474 425
3 425 474 475
3 426 476 427
3 427 476 477
3 427 477 428
3 428 477 478
3 428 478 429
3 429 478 479
3 429 479 430
3 430 479 480
3 430 480 431
3 431 480 481
3 432 482 433
3 433 482 483
3 433 483 434
3 434 483 484
3 434 484 435
3 435 484 485
3 435 485 436
3 436 485 486
3 437 486 438
3 438 486 487
3 438 487 439
3 439 487 488
3 440 489 441
3 441 489 490
3 441 490 442
3 442 490 491
3 442 491 443
3 443 491 492
3 444 493 445
3 445 493 494
3 445 494 446
3 446 494 495
3 446 496 447
3 447 496 497
3 447 497 448
3 448 497 498
3 448 498 449
3 449 498 499
3 449 499 450
3 450 499 500
3 450 500 451
3 451 500 501
3 452 501 453
3 453 501 502
3 453 502 454
3 454 502 503
3 454 503 455
3 455 503 504
3 456 505 457
3 457 505 506
3 457 506 458
3 458 506 507
3 459 508 460
3 460 508 103
3 206 0 461
3 461 0 509
3 461 509 462
3 462 509 510
3 462 510 463
3 463 510 511
3 463 511 464
3 464 511 512
3 464 512 465
3 465 512 513
3 465 513 466
3 466 513 514
3 466 514 467
3 467 514 515
3 468 516 469
3 469 516 517
3 469 517 470
3 470 517 518
3 471 519 472
3 472 519 520
3 472 520 473
3 473 520 521
3 473 521 474
3 474 521 522
3 474 522 475
3 475 522 523
3 476 524 477
3 477 524 525
3 477 525 478
3 478 525 526
3 478 526 479
3 479 526 527
3 479 527 480
3 480 527 528
3 480 528 481
3 481 528 529
3 482 530 483
3 483 530 531
3 483 531 484
3 484 531 532
3 484 532 485
3 485 532 533
3 485 533 486
3 486 533 534
3 486 535 487
3 487 535 536
3 487 536 488
3 488 536 537
3 489 538 490
3 490 538 539
3 490 539 491
3 491 539 540
3 491 540 492
3 492 540 541
3 493 542 494
3 494 542 543
3 494 543 495
3 495 543 544
3 496 545 497
3 497 545 546
3 497 546 498
3 498 546 547
3 498 547 499
3 499 547 548
3 499 548 500
3 500 548 549
3 500 549 501
3 501 549 550
3 501 551 502
3 502 551 552
3 502 552 503
3 503 552 553
3 503 553 504
3 504 553 554
3 505 555 506
3 506 555 556
3 506 556 507
3 507 556 557
3 508 557 103
3 509 0 558
3 509 558 510
3 510 558 559
3 510 559 511
3 511 559 560
3 511 560 512
3 512 560 561
3 512 561 513
3 513 561 562
3 513 562 514
3 514 562 563
3 514 563 515
3 515 563 564
3 516 565 517
3 517 565 566
3 517 566 518
3 518 566 567
3 519 568 520
3 520 568 569
3 520 569 521
3 521 569 570
3 521 570 522
3 522 570 571
3 522 571 523
3 523 571 572
3 524 573 525
3 525 573 574
3 525 574 526
3 526 574 575
3 526 575 527
3 527 575 576
3 527 576 528
3 528 576 577
3 528 577 529
3 529 577 578
3 530 578 531
3 531 578 579
3 531 579 532
3 532 579 580
3 532 580 533
3 533 580 581
3 533 581 534
3 534 581 582
3 535 583 536
3 536 583 584
3 536 584 537
3 537 584 585
3 538 586 539
3 539 586 587
3 539 587 540
3 540 587 588
3 540 588 541
3 541 588 589
3 542 590 543
3 543 590 591
3 543 591 544
3 544 591 592
3 545 593 546
3 546 593 594
3 546 594 547
3 547 594 595
3 547 595 548
3 548 595 596
3 548 596 549
3 549 596 597
3 549 597 550
3 550 597 598
3 551 599 552
3 552 599 600
3 552 600 553
3 553 600 601
3 553 601 554
3 554 601 602
3 555 603 556
3 556 603 604
3 556 604 557
3 557 604 605
3 557 606 102
3 0 607 558
3 558 607 608
3 558 608 559
3 559 608 609
3 559 609 560
3 560 609 610
3 560 610 561
3 561 610 611
3 561 611 562
3 562 611 612
3 562 612 563
3 563 612 613
3 563 613 564
3 564 613 614
3 565 615 566
3 566 615 616
3 566 616 567
3 567 616 617
3 568 618 569
3 569 618 619
3 569 619 570
3 570 619 620
3 570 620 571
3 571 620 621
3 571 621 572
3 572 621 622
3 573 623 574
3 574 623 624
3 574 624 575
3 575 624 625
3 575 625 576
3 576 625 626
3 576 626 577
3 577 626 627
3 577 627 578
3 578 627 628
3 578 629 579
3 579 629 630
3 579 630 580
3 580 630 631
3 580 631 581
3 581 631 632
3 581 632 582
3 582 632 633
3 583 633 584
3 584 633 634
3 584 634 585
3 585 634 635
3 586 636 587
3 587 636 637
3 587 637 588
3 588 637 638
3 588 638 589
3 589 638 639
3 590 640 591
3 591 640 641
3 591 641 592
3 592 641 642
3 593 643 594
3 594 643 644
3 594 644 595
3 595 644 645
3 595 645 596
3 596 645 646
3 596 646 597
3 597 646 647
3 597 647 598
3 598 647 648
3 599 649 600
3 600 649 650
3 600 650 601
3 601 650 651
3 601 651 602
3 602 651 652
3 603 653 604
3 604 653 654
3 604 654 605
3 605 654 655
3 606 656 102
3 607 0 608
3 608 0 657
3 608 657 609
3 609 657 658
3 609 658 610
3 610 658 659
3 610 659 611
3 611 659 660
3 611 660 612
3 612 660 661
3 612 661 613
3 613 661 662
3 613 662 614
3 614 662 663
3 615 664 616
3 616 664 665
3 616 665 617
3 617 665 666
3 618 667 619
3 619 667 668
3 619 668 620
3 620 668 669
3 620 669 621
3 621 669 670
3 621 670 622
3 622 670 671
3 623 672 624
3 624 672 673
3 624 673 625
3 625 673 674
3 625 674 626
3 626 674 675
3 626 675 627
3 627 675 676
3 627 676 628
3 628 676 677
3 629 678 630
3 630 678 679
3 630 679 631
3 631 679 680
3 631 680 632
3 632 680 681
3 632 681 633
3 633 681 682
3 633 683 634
3 634 683 684
3 634 684 635
3 635 684 685
3 636 686 637
3 637 686 687
3 637 687 638
3 638 687 688
3 638 688 639
3 639 688 689
3 640 690 641
3 641 690 691
3 641 691 642
3 642 691 692
3 643 693 644
3 644 693 694
3 644 694 645
3 645 694 695
3 645 695 646
3 646 695 696
3 646 697 647
3 647 697 698
3 647 698 648
3 648 698 699
3 649 700 650
3 650 700 701
3 650 701 651
3 651 701 702
3 651 702 652
3 652 702 703
3 653 704 654
3 654 704 705
3 654 705 655
3 655 705 706
3 656 706 205
3 657 0 707
3 657 707 658
3 658 707 708
3 658 708 659
3 659 708 709
3 659 709 660
3 660 709 710
3 660 710 661
3 661 710 711
3 661 711 662
3 662 711 712
3 662 712 663
3 663 712 713
3 664 714 665
3 665 714 715
3 665 715 666
3 666 715 716
3 667 717 668
3 668 717 718
3 668 718 669
3 669 718 719
3 669 719 670
3 670 719 720
3 670 720 671
3 671 720 721
3 672 722 673
3 673 722 723
3 673 723 674
3 674 723 724
3 674 724 675
3 675 724 725
3 675 725 676
3 676 725 726
3 676 726 677
3 677 726 727
3 678 728 679
3 679 728 729
3 679 729 680
3 680 729 730
3 680 730 681
3 681 730 731
3 681 731 682
3 682 731 732
3 683 733 684
3 684 733 734
3 684 734 685
3 685 734 735
3 686 736 687
3 687 736 737
3 687 737 688
3 688 737 738
3 688 738 689
3 689 738 739
3 690 740 691
3 691 740 741
3 691 741 692
3 692 741 742
3 693 742 694
3 694 742 743
3 694 743 695
3 695 743 744
3 695 744 696
3 696 744 745
3 697 746 698
3 698 746 747
3 698 747 699
3 699 747 748
3 700 748 701
3 701 748 749
3 701 749 702
3 702 749 750
3 702 750 703
3 703 750 751
3 704 752 705
3 705 752 753
3 705 753 706
3 706 753 754
3 706 754 102
3 0 755 707
3 707 755 756
3 707 756 708
3 708 756 757
3 708 757 709
3 709 757 758
3 709 758 710
3 710 758 759
3 710 759 711
3 711 759 760
3 711 760 712
3 712 760 761
3 712 761 713
3 713 761 762
3 714 762 715
3 715 762 763
3 715 763 716
3 716 763 764
3 717 765 718
3 718 765 766
3 718 766 719
3 719 766 767
3 719 767 720
3 720 767 768
3 720 768 721
3 721 768 769
3 722 770 723
3 723 770 771
3 723 771 724
3 724 771 772
3 724 772 725
3 725 772 773
3 725 773 726
3 726 773 774
3 726 774 727
3 727 774 775
3 728 776 729
3 729 776 777
3 729 777 730
3 730 777 778
3 730 778 731
3 731 778 779
3 731 779 732
3 732 779 780
3 733 781 734
3 734 781 782
3 734 782 735
3 735 782 783
3 736 784 737
3 737 784 785
3 737 785 738
3 738 785 786
3 738 786 739
3 739 786 787
3 740 788 741
3 741 788 789
3 741 789 742
3 742 789 790
3 742 790 743
3 743 790 791
3 743 791 744
3 744 791 792
3 744 792 745
3 745 792 793
3 746 794 747
3 747 794 795
3 747 795 748
3 748 795 796
3 748 797 749
3 749 797 798
3 749 798 750
3 750 798 799
3 750 799 751
3 751 799 800
3 752 801 753
3 753 801 802
3 753 802 754
3 754 802 803
3 754 803 102
3 102 803 103
3 804 805 806
3 806 805 807
3 806 807 808
3 808 807 809
3 808 809 810
3 810 809 811
3 810 811 759
3 759 811 812
3 759 812 813
3 813 812 814
3 813 814 815
3 815 814 816
3 815 816 817
3 817 816 818
3 817 819 763
3 763 819 820
3 763 820 764
3 764 820 821
3 822 823 824
3 824 823 825
3 824 825 826
3 826 825 827
3 826 827 768
3 768 827 828
3 768 828 829
3 829 828 830
3 831 832 833
3 833 832 834
3 833 834 835
3 835 834 836
3 835 836 837
3 837 836 838
3 837 838 774
3 774 838 839
3 774 839 840
3 840 839 841
3 842 843 777
3 777 843 844
3 777 844 778
3 778 844 845
3 778 845 779
3 779 845 846
3 779 846 847
3 847 846 848
3 849 850 851
3 851 850 852
3 851 852 783
3 783 852 853
3 784 854 785
3 785 854 855
3 785 855 856
3 856 855 857
3 856 857 858
3 858 857 859
3 860 861 862
3 862 861 863
3 862 863 864
3 864 863 865
3 864 865 866
3 866 865 867
3 866 867 868
3 868 867 869
3 868 869 870
3 870 869 871
3 793 872 795
3 795 872 873
3 795 873 796
3 796 873 874
3 875 876 877
3 877 876 878
3 877 878 879
3 879 878 880
3 879 880 881
3 881 880 882
3 883 884 885
3 885 884 886
3 885 886 803
3 803 886 887
3 803 888 889
3 889 888 890
3 805 104 807
3 807 104 891
3 807 891 809
3 809 891 892
3 809 892 811
3 811 892 893
3 811 893 812
3 812 893 894
3 812 894 814
3 814 894 895
3 814 895 816
3 816 895 896
3 816 896 818
3 818 896 897
3 819 897 820
3 820 897 898
3 820 898 821
3 821 898 899
3 823 900 825
3 825 900 901
3 825 901 827
3 827 901 902
3 827 902 828
3 828 902 903
3 828 903 830
3 830 903 904
3 832 905 834
3 834 905 906
3 834 906 836
3 836 906 907
3 836 907 838
3 838 907 908
3 838 908 839
3 839 908 909
3 839 909 841
3 841 909 910
3 843 911 844
3 844 911 912
3 844 912 845
3 845 912 913
3 845 913 846
3 846 913 914
3 846 914 848
3 848 914 915
3 850 916 852
3 852 916 917
3 852 917 853
3 853 917 918
3 854 919 855
3 855 919 920
3 855 920 857
3 857 920 921
3 857 921 859
3 859 921 922
3 861 923 863
3 863 923 924
3 863 924 865
3 865 924 925
3 865 926 867
3 867 926 927
3 867 927 869
3 869 927 928
3 869 928 871
3 871 928 929
3 872 930 873
3 873 930 931
3 873 931 874
3 874 931 932
3 876 933 878
3 878 933 934
3 878 934 880
3 880 934 935
3 880 935 882
3 882 935 936
3 884 937 886
3 886 937 938
3 886 938 887
3 887 938 939
3 888 940 890
3 890 940 154
3 104 805 891
3 891 805 941
3 891 941 892
3 892 941 942
3 892 942 893
3 893 942 943
3 893 943 894
3 894 943 944
3 894 944 895
3 895 944 945
3 895 945 896
3 896 945 946
3 896 946 897
3 897 946 947
3 897 948 898
3 898 948 949
3 898 949 899
3 899 949 950
3 900 950 901
3 901 950 951
3 901 951 902
3 902 951 952
3 902 952 903
3 903 952 953
3 903 953 904
3 904 953 954
3 905 955 906
3 906 955 956
3 906 956 907
3 907 956 957
3 907 957 908
3 908 957 958
3 908 958 909
3 909 958 959
3 909 959 910
3 910 959 960
3 911 961 912
3 912 961 962
3 912 962 913
3 913 962 963
3 913 963 914
3 914 963 964
3 914 964 915
3 915 964 965
3 916 966 917
3 917 966 967
3 917 967 918
3 918 967 968
3 919 969 920
3 920 969 970
3 920 970 921
3 921 970 971
3 921 971 922
3 922 971 972
3 923 973 924
3 924 973 974
3 924 974 925
3 925 974 975
3 926 976 927
3 927 976 977
3 927 977 928
3 928 977 978
3 928 978 929
3 929 978 979
3 930 979 931
3 931 979 980
3 931 980 932
3 932 980 981
3 933 981 934
3 934 981 982
3 934 982 935
3 935 982 983
3 935 983 936
3 936 983 984
3 937 985 938
3 938 985 986
3 938 986 939
3 939 986 987
3 940 988 154
3 154 988 205
3 0 357 989
3 989 357 990
3 989 990 991
3 991 990 992
3 991 992 943
3 943 992 993
3 943 993 994
3 994 993 995
3 994 995 996
3 996 995 997
3 996 997 998
3 998 997 999
3 998 999 1000
3 1000 999 1001
3 947 1002 949
3 949 1002 1003
3 949 1003 1004
3 1004 1003 1005
3 1006 1007 951
3 951 1007 1008
3 951 1008 1009
3 1009 1008 1010
3 1009 1010 1011
3 1011 1010 1012
3 1011 1012 954
3 954 1012 1013
3 955 1014 1015
3 1015 1014 1016
3 1015 1016 1017
3 1017 1016 1018
3 1017 1018 1019
3 1019 1018 1020
3 1019 1020 1021
3 1021 1020 1022
3 1021 1022 1023
3 1023 1022 1024
3 961 1025 1026
3 1026 1025 1027
3 1026 1027 963
3 963 1027 1028
3 963 1028 964
3 964 1028 1029
3 964 1029 965
3 965 1029 1030
3 966 1031 967
3 967 1031 1032
3 967 1032 968
3 968 1032 1033
3 969 1034 1035
3 1035 1034 1036
3 1035 1036 1037
3 1037 1036 1038
3 1037 1038 1039
3 1039 1038 1040
3 973 1041 1042
3 1042 1041 1043
3 1042 1043 975
3 975 1043 1044
3 976 1045 1046
3 1046 1045 1047
3 1046 1047 1048
3 1048 1047 1049
3 1048 1049 1050
3 1050 1049 1051
3 1050 1051 980
3 980 1051 1052
3 980 1052 981
3 981 1052 1053
3 981 1054 982
3 982 1054 1055
3 982 1055 1056
3 1056 1055 1057
3 1056 1057 1058
3 1058 1057 1059
3 985 1060 986
3 986 1060 1061
3 986 1061 1062
3 1062 1061 1063
3 1064 1063 102
3 102 1063 205
3 410 1065 1066
3 1066 1065 1067
3 1066 1067 1068
3 1068 1067 1069
3 1068 1069 1070
3 1070 1069 1071
3 1070 1071 1072
3 1072 1071 1073
3 1072 1073 1074
3 1074 1073 1075
3 1074 1075 1076
3 1076 1075 1077
3 1076 1077 1078
3 1078 1077 1079
3 1002 1079 1080
3 1080 1079 1081
3 1080 1081 1082
3 1082 1081 1083
3 1084 1085 1086
3 1086 1085 1087
3 1086 1087 1088
3 1088 1087 1089
3 1088 1089 1012
3 1012 1089 1090
3 1012 1090 1091
3 1091 1090 1092
3 1093 1094 1095
3 1095 1094 1096
3 1095 1096 1097
3 1097 1096 1098
3 1097 1098 1020
3 1020 1098 1099
3 1020 1099 1022
3 1022 1099 1100
3 1022 1100 1101
3 1101 1100 1102
3 1025 1103 1104
3 1104 1103 1105
3 1104 1105 1106
3 1106 1105 1107
3 1106 1107 1029
3 1029 1107 1108
3 1029 1108 1109
3 1109 1108 1110
3 1111 1112 1113
3 1113 1112 1114
3 1113 1114 1115
3 1115 1114 1116
3 1117 1118 1119
3 1119 1118 1120
3 1119 1120 1121
3 1121 1120 1122
3 1121 1122 1040
3 1040 1122 1123
3 1124 1125 1126
3 1126 1125 1127
3 1126 1127 1128
3 1128 1127 1129
3 1130 1131 1132
3 1132 1131 1133
3 1132 1133 1134
3 1134 1133 1135
3 1134 1135 1136
3 1136 1135 1137
3 1138 1137 1052
3 1052 1137 1139
3 1052 1139 1140
3 1140 1139 1141
3 1142 1141 1143
3 1143 1141 1144
3 1143 1144 1145
3 1145 1144 1146
3 1145 1146 1147
3 1147 1146 1148
3 1060 1149 1150
3 1150 1149 1151
3 1150 1151 1063
3 1063 1151 1152
3 1153 1152 102
3 102 1152 889
3 1065 0 1067
3 1067 0 1154
3 1067 1154 1069
3 1069 1154 1155
3 1069 1155 1071
3 1071 1155 1156
3 1071 1156 1073
3 1073 1156 1157
3 1073 1157 1075
3 1075 1157 1158
3 1075 1158 1077
3 1077 1158 1159
3 1077 1159 1079
3 1079 1159 1160
3 1079 1161 1081
3 1081 1161 1162
3 1081 1162 1083
3 1083 1162 1163
3 1085 1164 1087
3 1087 1164 1165
3 1087 1165 1089
3 1089 1165 1166
3 1089 1166 1090
3 1090 1166 1167
3 1090 1167 1092
3 1092 1167 1168
3 1094 1169 1096
3 1096 1169 1170
3 1096 1170 1098
3 1098 1170 1171
3 1098 1171 1099
3 1099 1171 1172
3 1099 1172 1100
3 1100 1172 1173
3 1100 1173 1102
3 1102 1173 1174
3 1103 1175 1105
3 1105 1175 1176
3 1105 1176 1107
3 1107 1176 1177
3 1107 1177 1108
3 1108 1177 1178
3 1108 1178 1110
3 1110 1178 1179
3 1112 1180 1114
3 1114 1180 1181
3 1114 1181 1116
3 1116 1181 1182
3 1118 1183 1120
3 1120 1183 1184
3 1120 1184 1122
3 1122 1184 1185
3 1122 1185 1123
3 1123 1185 1186
3 1125 1187 1127
3 1127 1187 1188
3 1127 1188 1129
3 1129 1188 1189
3 1131 1190 1133
3 1133 1190 1191
3 1133 1191 1135
3 1135 1191 1192
3 1135 1192 1137
3 1137 1192 1193
3 1137 1193 1139
3 1139 1193 1194
3 1139 1194 1141
3 1141 1194 1195
3 1141 1196 1144
3 1144 1196 1197
3 1144 1197 1146
3 1146 1197 1198
3 1146 1198 1148
3 1148 1198 1199
3 1149 1200 1151
3 1151 1200 1201
3 1151 1201 1152
3 1152 1201 1202
3 1152 1203 889
3 889 1203 154
3 0 357 1154
3 1154 357 1204
3 1154 1204 1155
3 1155 1204 1205
3 1155 1205 1156
3 1156 1205 1206
3 1156 1206 1157
3 1157 1206 1207
3 1157 1207 1158
3 1158 1207 1208
3 1158 1208 1159
3 1159 1208 1209
3 1159 1209 1160
3 1160 1209 1210
3 1161 1211 1162
3 1162 1211 1212
3 1162 1212 1163
3 1163 1212 1213
3 1164 1214 1165
3 1165 1214 1215
3 1165 1215 1166
3 1166 1215 1216
3 1166 1216 1167
3 1167 1216 1217
3 1167 1217 1168
3 1168 1217 1218
3 1169 1219 1170
3 1170 1219 1220
3 1170 1220 1171
3 1171 1220 1221
3 1171 1221 1172
3 1172 1221 1222
3 1172 1222 1173
3 1173 1222 1223
3 1173 1223 1174
3 1174 1223 1224
3 1175 1225 1176
3 1176 1225 1226
3 1176 1226 1177
3 1177 1226 1227
3 1177 1227 1178
3 1178 1227 1228
3 1178 1228 1179
3 1179 1228 1229
3 1180 1229 1181
3 1181 1229 1230
3 1181 1230 1182
3 1182 1230 1231
3 1183 1232 1184
3 1184 1232 1233
3 1184 1233 1185
3 1185 1233 1234
3 1185 1234 1186
3 1186 1234 1235
3 1187 1236 1188
3 1188 1236 1237
3 1188 1237 1189
3 1189 1237 1238
3 1190 1239 1191
3 1191 1239 1240
3 1191 1240 1192
3 1192 1240 1241
3 1192 1241 1193
3 1193 1241 1242
3 1193 1243 1194
3 1194 1243 1244
3 1194 1244 1195
3 1195 1244 1245
3 1196 1246 1197
3 1197 1246 1247
3 1197 1247 1198
3 1198 1247 1248
3 1198 1248 1199
3 1199 1248 1249
3 1200 1250 1201
3 1201 1250 1251
3 1201 1251 1202
3 1202 1251 1252
3 1203 1253 154
3 154 1253 102
3 410 256 1254
3 1254 256 1255
3 1254 1255 1256
3 1256 1255 1257
3 1256 1257 1258
3 1258 1257 1259
3 1258 1259 1260
3 1260 1259 1261
3 1260 1261 1262
3 1262 1261 1263
3 1262 1263 1264
3 1264 1263 1265
3 1264 1265 1266
3 1266 1265 1267
3 1268 1269 1270
3 1270 1269 1271
3 1270 1271 1272
3 1272 1271 1273
3 1274 1275 1276
3 1276 1275 1277
3 1276 1277 1278
3 1278 1277 1279
3 1278 1279 1280
3 1280 1279 1281
3 1280 1281 1282
3 1282 1281 1283
3 1284 1285 1286
3 1286 1285 1287
3 1286 1287 1288
3 1288 1287 1289
3 1288 1289 1290
3 1290 1289 1291
3 1290 1291 1292
3 1292 1291 1293
3 1292 1293 1294
3 1294 1293 1295
3 1296 1297 1298
3 1298 1297 1299
3 1298 1299 1300
3 1300 1299 1301
3 1300 1301 1302
3 1302 1301 1303
3 1302 1303 1304
3 1304 1303 1305
3 1306 1305 1307
3 1307 1305 1308
3 1307 1308 1309
3 1309 1308 1310
3 1311 1310 1312
3 1312 1310 1313
3 1312 1313 1314
3 1314 1313 1315
3 1314 1315 1316
3 1316 1315 1317
3 1318 1319 1320
3 1320 1319 1321
3 1320 1321 1322
3 1322 1321 1323
3 1324 1325 1326
3 1326 1325 1327
3 1326 1327 1328
3 1328 1327 1329
3 1328 1329 1330
3 1330 1329 1331
3 1332 1333 1334
3 1334 1333 1335
3 1334 1335 1336
3 1336 1335 1337
3 1338 1339 1340
3 1340 1339 1341
3 1340 1341 1342
3 1342 1341 1343
3 1342 1343 1344
3 1344 1343 1345
3 1346 1347 1348
3 1348 1347 1349
3 1348 1349 1350
3 1350 1349 1351
3 1352 1353 460
3 460 1353 103
3 410 0 1354
3 1354 0 1355
3 1354 1355 1356
3 1356 1355 1357
3 1356 1357 1358
3 1358 1357 1359
3 1358 1359 1360
3 1360 1359 1361
3 1360 1361 1362
3 1362 1361 1363
3 1362 1363 1364
3 1364 1363 1365
3 1364 1365 1366
3 1366 1365 1367
3 1368 1367 1369
3 1369 1367 1370
3 1369 1370 1371
3 1371 1370 1372
3 1373 1374 1375
3 1375 1374 1376
3 1375 1376 1377
3 1377 1376 1378
3 1377 1378 1379
3 1379 1378 1380
3 1379 1380 1381
3 1381 1380 1382
3 1383 1384 1385
3 1385 1384 1386
3 1385 1386 1387
3 1387 1386 1388
3 1387 1388 1389
3 1389 1388 1390
3 1389 1390 1391
3 1391 1390 1392
3 1391 1392 1393
3 1393 1392 1394
3 1395 1396 1397
3 1397 1396 1398
3 1397 1398 1399
3 1399 1398 1400
3 1399 1400 1401
3 1401 1400 1402
3 1401 1402 1403
3 1403 1402 1404
3 1403 1405 1406
3 1406 1405 1407
3 1406 1407 1310
3 1310 1407 1408
3 1409 1410 1411
3 1411 1410 1412
3 1411 1412 1413
3 1413 1412 1414
3 1413 1414 1317
3 1317 1414 1415
3 1416 1417 1321
3 1321 1417 1418
3 1321 1418 1419
3 1419 1418 1420
3 1323 1421 1422
3 1422 1421 1423
3 1422 1423 1424
3 1424 1423 1425
3 1424 1425 1426
3 1426 1425 1427
3 1428 1429 1430
3 1430 1429 1431
3 1430 1431 1432
3 1432 1431 1433
3 1434 1435 1436
3 1436 1435 1437
3 1436 1437 1438
3 1438 1437 1439
3 1438 1439 1440
3 1440 1439 1441
3 1442 1443 1444
3 1444 1443 1445
3 1444 1445 1446
3 1446 1445 1447
3 1351 1448 1449
3 1449 1448 460
3 0 1450 1355
3 1355 1450 1451
3 1355 1451 1357
3 1357 1451 1452
3 1357 1452 1359
3 1359 1452 1453
3 1359 1453 1361
3 1361 1453 1454
3 1361 1454 1363
3 1363 1454 1455
3 1363 1455 1365
3 1365 1455 1456
3 1365 1456 1367
3 1367 1456 1457
3 1367 1458 1370
3 1370 1458 1459
3 1370 1459 1372
3 1372 1459 1460
3 1374 1460 1376
3 1376 1460 1461
3 1376 1461 1378
3 1378 1461 1462
3 1378 1462 1380
3 1380 1462 1463
3 1380 1463 1382
3 1382 1463 1464
3 1384 1465 1386
3 1386 1465 1466
3 1386 1466 1388
3 1388 1466 1467
3 1388 1467 1390
3 1390 1467 1468
3 1390 1468 1392
3 1392 1468 1469
3 1392 1469 1394
3 1394 1469 1470
3 1396 1471 1398
3 1398 1471 1472
3 1398 1472 1400
3 1400 1472 1473
3 1400 1473 1402
3 1402 1473 1474
3 1402 1474 1404
3 1404 1474 1475
3 1405 1476 1407
3 1407 1476 1477
3 1407 1477 1408
3 1408 1477 1478
3 1410 1479 1412
3 1412 1479 1480
3 1412 1480 1414
3 1414 1480 1481
3 1414 1481 1415
3 1415 1481 1482
3 1417 1483 1418
3 1418 1483 1484
3 1418 1484 1420
3 1420 1484 1485
3 1421 1486 1423
3 1423 1486 1487
3 1423 1487 1425
3 1425 1487 1488
3 1425 1488 1427
3 1427 1488 1489
3 1429 1490 1431
3 1431 1490 1491
3 1431 1491 1433
3 1433 1491 1492
3 1435 1493 1437
3 1437 1493 1494
3 1437 1494 1439
3 1439 1494 1495
3 1439 1495 1441
3 1441 1495 1496
3 1443 1497 1445
3 1445 1497 1498
3 1445 1498 1447
3 1447 1498 1499
3 1448 1500 460
3 460 1500 1501
3 1450 357 1451
3 1451 357 1502
3 1451 1502 1452
3 1452 1502 1503
3 1452 1503 1453
3 1453 1503 1504
3 1453 1504 1454
3 1454 1504 1505
3 1454 1505 1455
3 1455 1505 1506
3 1455 1506 1456
3 1456 1506 1507
3 1456 1507 1457
3 1457 1507 1508
3 1458 1509 1459
3 1459 1509 1510
3 1459 1510 1460
3 1460 1510 1511
3 1460 1512 1461
3 1461 1512 1513
3 1461 1513 1462
3 1462 1513 1514
3 1462 1514 1463
3 1463 1514 1515
3 1463 1515 1464
3 1464 1515 1516
3 1465 1517 1466
3 1466 1517 1518
3 1466 1518 1467
3 1467 1518 1519
3 1467 1519 1468
3 1468 1519 1520
3 1468 1520 1469
3 1469 1520 1521
3 1469 1521 1470
3 1470 1521 1522
3 1471 1523 1472
3 1472 1523 1524
3 1472 1524 1473
3 1473 1524 1525
3 1473 1525 1474
3 1474 1525 1526
3 1474 1526 1475
3 1475 1526 1527
3 1476 1528 1477
3 1477 1528 1529
3 1477 1529 1478
3 1478 1529 1530
3 1479 1531 1480
3 1480 1531 1532
3 1480 1532 1481
3 1481 1532 1533
3 1481 1533 1482
3 1482 1533 1534
3 1483 1535 1484
3 1484 1535 1536
3 1484 1536 1485
3 1485 1536 1537
3 1486 1538 1487
3 1487 1538 1539
3 1487 1539 1488
3 1488 1539 1540
3 1488 1540 1489
3 1489 1540 1541
3 1490 1542 1491
3 1491 1542 1543
3 1491 1543 1492
3 1492 1543 1544
3 1493 1544 1494
3 1494 1544 1545
3 1494 1545 1495
3 1495 1545 1546
3 1495 1546 1496
3 1496 1546 1547
3 1497 1548 1498
3 1498 1548 1549
3 1498 1549 1499
3 1499 1549 1550
3 1500 1551 1501
3 1501 1551 460
3 1552 0 1553
3 1552 1553 1554
3 1554 1553 1555
3 1554 1555 1556
3 1556 1555 1557
3 1556 1557 1558
3 1558 1557 1559
3 1558 1559 1560
3 1560 1559 1561
3 1560 1561 1507
3 1507 1561 1562
3 1507 1562 1563
3 1563 1562 1564
3 1565 1566 1567
3 1567 1566 1568
3 1567 1568 1569
3 1569 1568 1570
3 1571 1572 1573
3 1573 1572 1574
3 1573 1574 1575
3 1575 1574 1576
3 1575 1576 1577
3 1577 1576 1578
3 1577 1578 1516
3 1516 1578 1579
3 1580 1581 1582
3 1582 1581 1583
3 1582 1583 1584
3 1584 1583 1585
3 1584 1585 1586
3 1586 1585 1587
3 1586 1587 1588
3 1588 1587 1589
3 1588 1589 1590
3 1590 1589 1591
3 1592 1593 1594
3 1594 1593 1595
3 1594 1595 1596
3 1596 1595 1597
3 1596 1597 1598
3 1598 1597 1599
3 1598 1599 1600
3 1600 1599 1601
3 1602 1603 1604
3 1604 1603 1605
3 1604 1605 1606
3 1606 1605 1607
3 1608 1607 1609
3 1609 1607 1610
3 1609 1610 1611
3 1611 1610 1612
3 1611 1612 1534
3 1534 1612 1613
3 1614 1615 1616
3 1616 1615 1617
3 1616 1617 1618
3 1618 1617 1619
3 1620 1621 1622
3 1622 1621 1623
3 1622 1623 1624
3 1624 1623 1625
3 1624 1625 1626
3 1626 1625 1627
3 1628 1629 1630
3 1630 1629 1631
3 1630 1631 1544
3 1544 1631 1632
3 1544 1633 1634
3 1634 1633 1635
3 1634 1635 1636
3 1636 1635 1637
3 1636 1637 1547
3 1547 1637 1638
3 1639 1640 1641
3 1641 1640 1642
3 1641 1642 1643
3 1643 1642 1644
3 1645 1644 205
3 205 1644 102
3 0 206 1553
3 1553 206 1646
3 1553 1646 1555
3 1555 1646 1647
3 1555 1647 1557
3 1557 1647 1648
3 1557 1648 1559
3 1559 1648 1649
3 1559 1649 1561
3 1561 1649 1650
3 1561 1650 1562
3 1562 1650 1651
3 1562 1651 1564
3 1564 1651 1652
3 1566 1653 1568
3 1568 1653 1654
3 1568 1654 1570
3 1570 1654 1655
3 1572 1656 1574
3 1574 1656 1657
3 1574 1657 1576
3 1576 1657 1658
3 1576 1658 1578
3 1578 1658 1659
3 1578 1659 1579
3 1579 1659 1660
3 1581 1661 1583
3 1583 1661 1662
3 1583 1662 1585
3 1585 1662 1663
3 1585 1663 1587
3 1587 1663 1664
3 1587 1664 1589
3 1589 1664 1665
3 1589 1665 1591
3 1591 1665 1666
3 1593 1667 1595
3 1595 1667 1668
3 1595 1668 1597
3 1597 1668 1669
3 1597 1669 1599
3 1599 1669 1670
3 1599 1670 1601
3 1601 1670 1671
3 1603 1671 1605
3 1605 1671 1672
3 1605 1672 1607
3 1607 1672 1673
3 1607 1674 1610
3 1610 1674 1675
3 1610 1675 1612
3 1612 1675 1676
3 1612 1676 1613
3 1613 1676 1677
3 1615 1678 1617
3 1617 1678 1679
3 1617 1679 1619
3 1619 1679 1680
3 1621 1681 1623
3 1623 1681 1682
3 1623 1682 1625
3 1625 1682 1683
3 1625 1683 1627
3 1627 1683 1684
3 1629 1685 1631
3 1631 1685 1686
3 1631 1686 1632
3 1632 1686 1687
3 1633 1688 1635
3 1635 1688 1689
3 1635 1689 1637
3 1637 1689 1690
3 1637 1690 1638
3 1638 1690 1691
3 1640 1692 1642
3 1642 1692 1693
3 1642 1693 1644
3 1644 1693 1694
3 1644 1695 102
3 102 1695 356
3 206 1696 1646
3 1646 1696 1697
3 1646 1697 1647
3 1647 1697 1698
3 1647 1698 1648
3 1648 1698 1699
3 1648 1699 1649
3 1649 1699 1700
3 1649 1700 1650
3 1650 1700 1701
3 1650 1701 1651
3 1651 1701 1702
3 1651 1702 1652
3 1652 1702 1703
3 1653 1704 1654
3 1654 1704 1705
3 1654 1705 1655
3 1655 1705 1706
3 1656 1707 1657
3 1657 1707 1708
3 1657 1708 1658
3 1658 1708 1709
3 1658 1709 1659
3 1659 1709 1710
3 1659 1710 1660
3 1660 1710 1711
3 1661 1712 1662
3 1662 1712 1713
3 1662 1713 1663
3 1663 1713 1714
3 1663 1714 1664
3 1664 1714 1715
3 1664 1715 1665
3 1665 1715 1716
3 1665 1716 1666
3 1666 1716 1717
3 1667 1718 1668
3 1668 1718 1719
3 1668 1719 1669
3 1669 1719 1720
3 1669 1720 1670
3 1670 1720 1721
3 1670 1721 1671
3 1671 1721 1722
3 1671 1722 1672
3 1672 1722 1723
3 1672 1723 1673
3 1673 1723 1724
3 1674 1725 1675
3 1675 1725 1726
3 1675 1726 1676
3 1676 1726 1727
3 1676 1727 1677
3 1677 1727 1728
3 1678 1729 1679
3 1679 1729 1730
3 1679 1730 1680
3 1680 1730 1731
3 1681 1731 1682
3 1682 1731 1732
3 1682 1732 1683
3 1683 1732 1733
3 1683 1733 1684
3 1684 1733 1734
3 1685 1735 1686
3 1686 1735 1736
3 1686 1736 1687
3 1687 1736 1737
3 1688 1738 1689
3 1689 1738 1739
3 1689 1739 1690
3 1690 1739 1740
3 1690 1740 1691
3 1691 1740 1741
3 1692 1742 1693
3 1693 1742 1743
3 1693 1743 1694
3 1694 1743 1744
3 1695 1745 356
3 356 1745 460
3 1696 410 1697
3 1697 410 1746
3 1697 1746 1698
3 1698 1746 1747
3 1698 1747 1699
3 1699 1747 1748
3 1699 1748 1700
3 1700 1748 1749
3 1700 1749 1701
3 1701 1749 1750
3 1701 1750 1702
3 1702 1750 1751
3 1702 1751 1703
3 1703 1751 1752
3 1704 1752 1705
3 1705 1752 1753
3 1705 1753 1706
3 1706 1753 1754
3 1707 1755 1708
3 1708 1755 1756
3 1708 1756 1709
3 1709 1756 1757
3 1709 1757 1710
3 1710 1757 1758
3 1710 1758 1711
3 1711 1758 1759
3 1712 1760 1713
3 1713 1760 1761
3 1713 1761 1714
3 1714 1761 1762
3 1714 1762 1715
3 1715 1762 1763
3 1715 1763 1716
3 1716 1763 1764
3 1716 1764 1717
3 1717 1764 1765
3 1718 1766 1719
3 1719 1766 1767
3 1719 1767 1720
3 1720 1767 1768
3 1720 1768 1721
3 1721 1768 1769
3 1721 1769 1722
3 1722 1769 1770
3 1722 1771 1723
3 1723 1771 1772
3 1723 1772 1724
3 1724 1772 1773
3 1725 1774 1726
3 1726 1774 1775
3 1726 1775 1727
3 1727 1775 1776
3 1727 1776 1728
3 1728 1776 1777
3 1729 1778 1730
3 1730 1778 1779
3 1730 1779 1731
3 1731 1779 1780
3 1731 1781 1732
3 1732 1781 1782
3 1732 1782 1733
3 1733 1782 1783
3 1733 1783 1734
3 1734 1783 1784
3 1735 1785 1736
3 1736 1785 1786
3 1736 1786 1737
3 1737 1786 1787
3 1738 1788 1739
3 1739 1788 1789
3 1739 1789 1740
3 1740 1789 1790
3 1740 1790 1741
3 1741 1790 1791
3 1742 1792 1743
3 1743 1792 1793
3 1743 1793 1744
3 1744 1793 1794
3 1745 1795 460
3 460 1795 409
3 410 755 1746
3 1746 755 1796
3 1746 1796 1747
3 1747 1796 1797
3 1747 1797 1748
3 1748 1797 1798
3 1748 1798 1749
3 1749 1798 1799
3 1749 1799 1750
3 1750 1799 1800
3 1750 1800 1751
3 1751 1800 1801
3 1751 1801 1752
3 1752 1801 1802
3 1752 1802 1753
3 1753 1802 1803
3 1753 1803 1754
3 1754 1803 1804
3 1755 1804 1756
3 1756 1804 1805
3 1756 1805 1757
3 1757 1805 1806
3 1757 1806 1758
3 1758 1806 1807
3 1758 1807 1759
3 1759 1807 1808
3 1760 1809 1761
3 1761 1809 1810
3 1761 1810 1762
3 1762 1810 1811
3 1762 1811 1763
3 1763 1811 1812
3 1763 1812 1764
3 1764 1812 1813
3 1764 1813 1765
3 1765 1813 1814
3 1766 1815 1767
3 1767 1815 1816
3 1767 1816 1768
3 1768 1816 1817
3 1768 1817 1769
3 1769 1817 1818
3 1769 1818 1770
3 1770 1818 1819
3 1771 1820 1772
3 1772 1820 1821
3 1772 1821 1773
3 1773 1821 1822
3 1774 1823 1775
3 1775 1823 1824
3 1775 1824 1776
3 1776 1824 1825
3 1776 1825 1777
3 1777 1825 1826
3 1778 1827 1779
3 1779 1827 1828
3 1779 1828 1780
3 1780 1828 1829
3 1781 1830 1782
3 1782 1830 1831
3 1782 1831 1783
3 1783 1831 1832
3 1783 1832 1784
3 1784 1832 1833
3 1785 1834 1786
3 1786 1834 1835
3 1786 1835 1787
3 1787 1835 1836
3 1788 1837 1789
3 1789 1837 1838
3 1789 1838 1790
3 1790 1838 1839
3 1790 1839 1791
3 1791 1839 1840
3 1792 1841 1793
3 1793 1841 1842
3 1793 1842 1794
3 1794 1842 1843
3 1795 1844 409
3 409 1844 889
3 1845 410 1846
3 1846 410 1847
3 1846 1847 1848
3 1848 1847 1849
3 1848 1849 1850
3 1850 1849 1851
3 1850 1851 1852
3 1852 1851 1853
3 1852 1853 1854
3 1854 1853 1855
3 1854 1855 1856
3 1856 1855 1857
3 1856 1857 1858
3 1858 1857 1859
3 1860 1861 1862
3 1862 1861 1863
3 1862 1863 1864
3 1864 1863 1865
3 1864 1866 1867
3 1867 1866 1868
3 1867 1868 1869
3 1869 1868 1870
3 1869 1870 1871
3 1871 1870 1872
3 1871 1872 1873
3 1873 1872 1874
3 1875 1876 1877
3 1877 1876 1878
3 1877 1878 1879
3 1879 1878 1880
3 1879 1880 1881
3 1881 1880 1882
3 1881 1882 1883
3 1883 1882 1884
3 1883 1884 1885
3 1885 1884 1886
3 1887 1888 1889
3 1889 1888 1890
3 1889 1890 1891
3 1891 1890 1892
3 1891 1892 1893
3 1893 1892 1894
3 1893 1894 1895
3 1895 1894 1896
3 1897 1898 1899
3 1899 1898 1900
3 1899 1900 1901
3 1901 1900 1902
3 1903 1904 1905
3 1905 1904 1906
3 1905 1906 1907
3 1907 1906 1908
3 1907 1908 1909
3 1909 1908 1910
3 1911 1912 1913
3 1913 1912 1914
3 1913 1914 1915
3 1915 1914 1916
3 1917 1918 1919
3 1919 1918 1920
3 1919 1920 1921
3 1921 1920 1922
3 1921 1922 1923
3 1923 1922 1924
3 1925 1926 1927
3 1927 1926 1928
3 1927 1928 1929
3 1929 1928 1930
3 1929 1931 1932
3 1932 1931 1933
3 1932 1933 1934
3 1934 1933 1935
3 1934 1935 1936
3 1936 1935 1937
3 1938 1939 1940
3 1940 1939 1941
3 1940 1941 1942
3 1942 1941 1943
3 1944 1945 1946
3 1946 1945 1947
3 410 607 1847
3 1847 607 1948
3 1847 1948 1849
3 1849 1948 1949
3 1849 1949 1851
3 1851 1949 1950
3 1851 1950 1853
3 1853 1950 1951
3 1853 1951 1855
3 1855 1951 1952
3 1855 1952 1857
3 1857 1952 1953
3 1857 1953 1859
3 1859 1953 1954
3 1861 1955 1863
3 1863 1955 1956
3 1863 1956 1865
3 1865 1956 1957
3 1866 1958 1868
3 1868 1958 1959
3 1868 1959 1870
3 1870 1959 1960
3 1870 1960 1872
3 1872 1960 1961
3 1872 1961 1874
3 1874 1961 1962
3 1876 1963 1878
3 1878 1963 1964
3 1878 1964 1880
3 1880 1964 1965
3 1880 1965 1882
3 1882 1965 1966
3 1882 1966 1884
3 1884 1966 1967
3 1884 1967 1886
3 1886 1967 1968
3 1888 1969 1890
3 1890 1969 1970
3 1890 1970 1892
3 1892 1970 1971
3 1892 1971 1894
3 1894 1971 1972
3 1894 1972 1896
3 1896 1972 1973
3 1898 1974 1900
3 1900 1974 1975
3 1900 1975 1902
3 1902 1975 1976
3 1904 1977 1906
3 1906 1977 1978
3 1906 1978 1908
3 1908 1978 1979
3 1908 1979 1910
3 1910 1979 1980
3 1912 1981 1914
3 1914 1981 1982
3 1914 1982 1916
3 1916 1982 1983
3 1918 1984 1920
3 1920 1984 1985
3 1920 1985 1922
3 1922 1985 1986
3 1922 1986 1924
3 1924 1986 1987
3 1926 1987 1928
3 1928 1987 1988
3 1928 1988 1930
3 1930 1988 1989
3 1931 1990 1933
3 1933 1990 1991
3 1933 1991 1935
3 1935 1991 1992
3 1935 1992 1937
3 1937 1992 1993
3 1939 1994 1941
3 1941 1994 1995
3 1941 1995 1943
3 1943 1995 1996
3 1945 1997 1947
3 1947 1997 102
3 607 804 1948
3 1948 804 1998
3 1948 1998 1949
3 1949 1998 1999
3 1949 1999 1950
3 1950 1999 2000
3 1950 2000 1951
3 1951 2000 2001
3 1951 2001 1952
3 1952 2001 2002
3 1952 2002 1953
3 1953 2002 2003
3 1953 2003 1954
3 1954 2003 2004
3 1955 2005 1956
3 1956 2005 2006
3 1956 2006 1957
3 1957 2006 2007
3 1958 2007 1959
3 1959 2007 2008
3 1959 2008 1960
3 1960 2008 2009
3 1960 2009 1961
3 1961 2009 2010
3 1961 2010 1962
3 1962 2010 2011
3 1963 2012 1964
3 1964 2012 2013
3 1964 2013 1965
3 1965 2013 2014
3 1965 2014 1966
3 1966 2014 2015
3 1966 2015 1967
3 1967 2015 2016
3 1967 2016 1968
3 1968 2016 2017
3 1969 2018 1970
3 1970 2018 2019
3 1970 2019 1971
3 1971 2019 2020
3 1971 2020 1972
3 1972 2020 2021
3 1972 2021 1973
3 1973 2021 2022
3 1974 2022 1975
3 1975 2022 2023
3 1975 2023 1976
3 1976 2023 2024
3 1977 2025 1978
3 1978 2025 2026
3 1978 2026 1979
3 1979 2026 2027
3 1979 2027 1980
3 1980 2027 2028
3 1981 2029 1982
3 1982 2029 2030
3 1982 2030 1983
3 1983 2030 2031
3 1984 2031 1985
3 1985 2031 2032
3 1985 2032 1986
3 1986 2032 2033
3 1986 2033 1987
3 1987 2033 2034
3 1987 2035 1988
3 1988 2035 2036
3 1988 2036 1989
3 1989 2036 2037
3 1990 2038 1991
3 1991 2038 2039
3 1991 2039 1992
3 1992 2039 2040
3 1992 2040 1993
3 1993 2040 2041
3 1994 2042 1995
3 1995 2042 2043
3 1995 2043 1996
3 1996 2043 2044
3 1997 2045 102
3 102 2045 2046
3 804 206 1998
3 1998 206 2047
3 1998 2047 1999
3 1999 2047 2048
3 1999 2048 2000
3 2000 2048 2049
3 2000 2049 2001
3 2001 2049 2050
3 2001 2050 2002
3 2002 2050 2051
3 2002 2051 2003
3 2003 2051 2052
3 2003 2052 2004
3 2004 2052 2053
3 2005 2054 2006
3 2006 2054 2055
3 2006 2055 2007
3 2007 2055 2056
3 2007 2057 2008
3 2008 2057 2058
3 2008 2058 2009
3 2009 2058 2059
3 2009 2059 2010
3 2010 2059 2060
3 2010 2060 2011
3 2011 2060 2061
3 2012 2062 2013
3 2013 2062 2063
3 2013 2063 2014
3 2014 2063 2064
3 2014 2064 2015
3 2015 2064 2065
3 2015 2065 2016
3 2016 2065 2066
3 2016 2066 2017
3 2017 2066 2067
3 2018 2068 2019
3 2019 2068 2069
3 2019 2069 2020
3 2020 2069 2070
3 2020 2070 2021
3 2021 2070 2071
3 2021 2071 2022
3 2022 2071 2072
3 2022 2073 2023
3 2023 2073 2074
3 2023 2074 2024
3 2024 2074 2075
3 2025 2076 2026
3 2026 2076 2077
3 2026 2077 2027
3 2027 2077 2078
3 2027 2078 2028
3 2028 2078 2079
3 2029 2080 2030
3 2030 2080 2081
3 2030 2081 2031
3 2031 2081 2082
3 2031 2083 2032
3 2032 2083 2084
3 2032 2084 2033
3 2033 2084 2085
3 2033 2085 2034
3 2034 2085 2086
3 2035 2087 2036
3 2036 2087 2088
3 2036 2088 2037
3 2037 2088 2089
3 2038 2090 2039
3 2039 2090 2091
3 2039 2091 2040
3 2040 2091 2092
3 2040 2092 2041
3 2041 2092 2093
3 2042 2094 2043
3 2043 2094 2095
3 2043 2095 2044
3 2044 2095 2096
3 2045 2097 2046
3 2046 2097 2098
3 2099 357 2100
3 2099 2100 2101
3 2101 2100 2102
3 2101 2102 2103
3 2103 2102 2104
3 2103 2104 2105
3 2105 2104 2106
3 2105 2106 2107
3 2107 2106 2108
3 2107 2108 2109
3 2109 2108 2110
3 2109 2110 2111
3 2111 2110 2112
3 2113 2114 2115
3 2115 2114 2116
3 2115 2116 2117
3 2117 2116 2118
3 2119 2118 2120
3 2120 2118 2121
3 2120 2121 2122
3 2122 2121 2123
3 2122 2123 2060
3 2060 2123 2124
3 2060 2124 2125
3 2125 2124 2126
3 2127 2128 2129
3 2129 2128 2130
3 2129 2130 2131
3 2131 2130 2132
3 2131 2132 2133
3 2133 2132 2134
3 2133 2134 2135
3 2135 2134 2136
3 2135 2136 2068
3 2068 2136 2137
3 2138 2139 2140
3 2140 2139 2141
3 2140 2141 2142
3 2142 2141 2143
3 2142 2143 2144
3 2144 2143 2145
3 2144 2145 2146
3 2146 2145 2147
3 2148 2149 2150
3 2150 2149 2151
3 2150 2151 2152
3 2152 2151 2153
3 2154 2155 2156
3 2156 2155 2157
3 2156 2157 2158
3 2158 2157 2159
3 2158 2159 2160
3 2160 2159 2161
3 2162 2163 2164
3 2164 2163 2165
3 2164 2165 2166
3 2166 2165 2167
3 2168 2169 2170
3 2170 2169 2171
3 2170 2171 2172
3 2172 2171 2173
3 2172 2173 2174
3 2174 2173 2175
3 2174 2176 2177
3 2177 2176 2178
3 2177 2178 2179
3 2179 2178 2180
3 2181 2180 2182
3 2182 2180 2183
3 2182 2183 2184
3 2184 2183 2185
3 2184 2185 2186
3 2186 2185 2187
3 2188 2189 2095
3 2095 2189 2190
3 2095 2190 2191
3 2191 2190 2192
3 2193 2194 102
3 102 2194 460
3 2100 0 2195
3 2100 2195 2102
3 2102 2195 2196
3 2102 2196 2104
3 2104 2196 2197
3 2104 2197 2106
3 2106 2197 2198
3 2106 2198 2108
3 2108 2198 2199
3 2108 2199 2110
3 2110 2199 2200
3 2110 2200 2112
3 2112 2200 2201
3 2114 2202 2116
3 2116 2202 2203
3 2116 2203 2118
3 2118 2203 2204
3 2118 2205 2121
3 2121 2205 2206
3 2121 2206 2123
3 2123 2206 2207
3 2123 2207 2124
3 2124 2207 2208
3 2124 2208 2126
3 2126 2208 2209
3 2128 2210 2130
3 2130 2210 2211
3 2130 2211 2132
3 2132 2211 2212
3 2132 2212 2134
3 2134 2212 2213
3 2134 2213 2136
3 2136 2213 2214
3 2136 2214 2137
3 2137 2214 2215
3 2139 2216 2141
3 2141 2216 2217
3 2141 2217 2143
3 2143 2217 2218
3 2143 2218 2145
3 2145 2218 2219
3 2145 2219 2147
3 2147 2219 2220
3 2149 2220 2151
3 2151 2220 2221
3 2151 2221 2153
3 2153 2221 2222
3 2155 2222 2157
3 2157 2222 2223
3 2157 2223 2159
3 2159 2223 2224
3 2159 2224 2161
3 2161 2224 2225
3 2163 2226 2165
3 2165 2226 2227
3 2165 2227 2167
3 2167 2227 2228
3 2169 2228 2171
3 2171 2228 2229
3 2171 2229 2173
3 2173 2229 2230
3 2173 2230 2175
3 2175 2230 2231
3 2176 2232 2178
3 2178 2232 2233
3 2178 2233 2180
3 2180 2233 2234
3 2180 2234 2183
3 2183 2234 2235
3 2183 2235 2185
3 2185 2235 2236
3 2185 2236 2187
3 2187 2236 2237
3 2189 2238 2190
3 2190 2238 2239
3 2190 2239 2192
3 2192 2239 2240
3 2194 2241 460
3 460 2241 102
3 0 104 2195
3 2195 104 2242
3 2195 2242 2196
3 2196 2242 2243
3 2196 2243 2197
3 2197 2243 2244
3 2197 2244 2198
3 2198 2244 2245
3 2198 2245 2199
3 2199 2245 2246
3 2199 2246 2200
3 2200 2246 2247
3 2200 2247 2201
3 2201 2247 2248
3 2202 2248 2203
3 2203 2248 2249
3 2203 2249 2204
3 2204 2249 2250
3 2205 2251 2206
3 2206 2251 2252
3 2206 2252 2207
3 2207 2252 2253
3 2207 2253 2208
3 2208 2253 2254
3 2208 2254 2209
3 2209 2254 2255
3 2210 2256 2211
3 2211 2256 2257
3 2211 2257 2212
3 2212 2257 2258
3 2212 2258 2213
3 2213 2258 2259
3 2213 2259 2214
3 2214 2259 2260
3 2214 2260 2215
3 2215 2260 2261
3 2216 2262 2217
3 2217 2262 2263
3 2217 2263 2218
3 2218 2263 2264
3 2218 2264 2219
3 2219 2264 2265
3 2219 2265 2220
3 2220 2265 2266
3 2220 2266 2221
3 2221 2266 2267
3 2221 2267 2222
3 2222 2267 2268
3 2222 2269 2223
3 2223 2269 2270
3 2223 2270 2224
3 2224 2270 2271
3 2224 2271 2225
3 2225 2271 2272
3 2226 2273 2227
3 2227 2273 2274
3 2227 2274 2228
3 2228 2274 2275
3 2228 2276 2229
3 2229 2276 2277
3 2229 2277 2230
3 2230 2277 2278
3 2230 2278 2231
3 2231 2278 2279
3 2232 2279 2233
3 2233 2279 2280
3 2233 2280 2234
3 2234 2280 2281
3 2234 2282 2235
3 2235 2282 2283
3 2235 2283 2236
3 2236 2283 2284
3 2236 2284 2237
3 2237 2284 2285
3 2238 2286 2239
3 2239 2286 2287
3 2239 2287 2240
3 2240 2287 2288
3 2241 2288 102
3 102 2288 154
3 104 2289 2242
3 2242 2289 2290
3 2242 2290 2243
3 2243 2290 2291
3 2243 2291 2244
3 2244 2291 2292
3 2244 2292 2245
3 2245 2292 2293
3 2245 2293 2246
3 2246 2293 2294
3 2246 2294 2247
3 2247 2294 2295
3 2247 2295 2248
3 2248 2295 2296
3 2248 2297 2249
3 2249 2297 2298
3 2249 2298 2250
3 2250 2298 2299
3 2251 2300 2252
3 2252 2300 2301
3 2252 2301 2253
3 2253 2301 2302
3 2253 2302 2254
3 2254 2302 2303
3 2254 2303 2255
3 2255 2303 2304
3 2256 2305 2257
3 2257 2305 2306
3 2257 2306 2258
3 2258 2306 2307
3 2258 2307 2259
3 2259 2307 2308
3 2259 2308 2260
3 2260 2308 2309
3 2260 2309 2261
3 2261 2309 2310
3 2262 2311 2263
3 2263 2311 2312
3 2263 2312 2264
3 2264 2312 2313
3 2264 2313 2265
3 2265 2313 2314
3 2265 2314 2266
3 2266 2314 2315
3 2266 2316 2267
3 2267 2316 2317
3 2267 2317 2268
3 2268 2317 2318
3 2269 2319 2270
3 2270 2319 2320
3 2270 2320 2271
3 2271 2320 2321
3 2271 2321 2272
3 2272 2321 2322
3 2273 2323 2274
3 2274 2323 2324
3 2274 2324 2275
3 2275 2324 2325
3 2276 2326 2277
3 2277 2326 2327
3 2277 2327 2278
3 2278 2327 2328
3 2278 2328 2279
3 2279 2328 2329
3 2279 2330 2280
3 2280 2330 2331
3 2280 2331 2281
3 2281 2331 2332
3 2282 2333 2283
3 2283 2333 2334
3 2283 2334 2284
3 2284 2334 2335
3 2284 2335 2285
3 2285 2335 2336
3 2286 2337 2287
3 2287 2337 2338
3 2287 2338 2288
3 2288 2338 2339
3 2288 2340 154
3 154 2340 409
3 0 410 2341
3 2341 410 2342
3 2341 2342 2343
3 2343 2342 2344
3 2343 2344 2345
3 2345 2344 2346
3 2345 2346 2347
3 2347 2346 2348
3 2347 2348 2349
3 2349 2348 2350
3 2349 2350 2351
3 2351 2350 2352
3 2351 2352 2353
3 2353 2352 2354
3 2355 2356 2357
3 2357 2356 2358
3 2357 2358 2359
3 2359 2358 2360
3 2361 2362 2363
3 2363 2362 2364
3 2363 2364 2365
3 2365 2364 2366
3 2365 2366 2367
3 2367 2366 2368
3 2367 2368 2369
3 2369 2368 2370
3 2371 2372 2373
3 2373 2372 2374
3 2373 2374 2375
3 2375 2374 2376
3 2375 2376 2377
3 2377 2376 2378
3 2377 2378 2379
3 2379 2378 2380
3 2379 2380 2381
3 2381 2380 2382
3 2383 2384 2385
3 2385 2384 2386
3 2385 2386 2387
3 2387 2386 2388
3 2387 2388 2389
3 2389 2388 2390
3 2389 2390 2391
3 2391 2390 2392
3 2391 2393 2394
3 2394 2393 2395
3 2394 2395 2396
3 2396 2395 2397
3 2398 2397 2399
3 2399 2397 2400
3 2399 2400 2401
3 2401 2400 2402
3 2401 2402 2403
3 2403 2402 2404
3 2405 2406 2407
3 2407 2406 2408
3 2407 2408 2409
3 2409 2408 2410
3 2411 2412 2413
3 2413 2412 2414
3 2413 2414 2415
3 2415 2414 2416
3 2415 2416 2417
3 2417 2416 2418
3 2419 2420 2421
3 2421 2420 2422
3 2421 2422 2423
3 2423 2422 2424
3 2425 2426 2427
3 2427 2426 2428
3 2427 2428 2429
3 2429 2428 2430
3 2429 2430 2431
3 2431 2430 2432
3 2433 2434 2435
3 2435 2434 2436
3 2435 2436 2437
3 2437 2436 2438
3 2437 2438 205
3 205 2438 2439
3 410 805 2342
3 2342 805 2440
3 2342 2440 2344
3 2344 2440 2441
3 2344 2441 2346
3 2346 2441 2442
3 2346 2442 2348
3 2348 2442 2443
3 2348 2443 2350
3 2350 2443 2444
3 2350 2444 2352
3 2352 2444 2445
3 2352 2445 2354
3 2354 2445 2446
3 2356 2447 2358
3 2358 2447 2448
3 2358 2448 2360
3 2360 2448 2449
3 2362 2450 2364
3 2364 2450 2451
3 2364 2451 2366
3 2366 2451 2452
3 2366 2452 2368
3 2368 2452 2453
3 2368 2453 2370
3 2370 2453 2454
3 2372 2455 2374
3 2374 2455 2456
3 2374 2456 2376
3 2376 2456 2457
3 2376 2457 2378
3 2378 2457 2458
3 2378 2458 2380
3 2380 2458 2459
3 2380 2459 2382
3 2382 2459 2460
3 2384 2461 2386
3 2386 2461 2462
3 2386 2462 2388
3 2388 2462 2463
3 2388 2463 2390
3 2390 2463 2464
3 2390 2464 2392
3 2392 2464 2465
3 2393 2466 2395
3 2395 2466 2467
3 2395 2467 2397
3 2397 2467 2468
3 2397 2469 2400
3 2400 2469 2470
3 2400 2470 2402
3 2402 2470 2471
3 2402 2471 2404
3 2404 2471 2472
3 2406 2473 2408
3 2408 2473 2474
3 2408 2474 2410
3 2410 2474 2475
3 2412 2476 2414
3 2414 2476 2477
3 2414 2477 2416
3 2416 2477 2478
3 2416 2478 2418
3 2418 2478 2479
3 2420 2479 2422
3 2422 2479 2480
3 2422 2480 2424
3 2424 2480 2481
3 2426 2482 2428
3 2428 2482 2483
3 2428 2483 2430
3 2430 2483 2484
3 2430 2484 2432
3 2432 2484 2485
3 2434 2486 2436
3 2436 2486 2487
3 2436 2487 2438
3 2438 2487 2488
3 2438 2489 2439
3 2439 2489 1449
3 805 2490 2440
3 2440 2490 2491
3 2440 2491 2441
3 2441 2491 2492
3 2441 2492 2442
3 2442 2492 2493
3 2442 2493 2443
3 2443 2493 2494
3 2443 2494 2444
3 2444 2494 2495
3 2444 2495 2445
3 2445 2495 2496
3 2445 2496 2446
3 2446 2496 2497
3 2447 2498 2448
3 2448 2498 2499
3 2448 2499 2449
3 2449 2499 2500
3 2450 2501 2451
3 2451 2501 2502
3 2451 2502 2452
3 2452 2502 2503
3 2452 2503 2453
3 2453 2503 2504
3 2453 2504 2454
3 2454 2504 2505
3 2455 2506 2456
3 2456 2506 2507
3 2456 2507 2457
3 2457 2507 2508
3 2457 2508 2458
3 2458 2508 2509
3 2458 2509 2459
3 2459 2509 2510
3 2459 2510 2460
3 2460 2510 2511
3 2461 2512 2462
3 2462 2512 2513
3 2462 2513 2463
3 2463 2513 2514
3 2463 2514 2464
3 2464 2514 2515
3 2464 2515 2465
3 2465 2515 2516
3 2466 2517 2467
3 2467 2517 2518
3 2467 2518 2468
3 2468 2518 2519
3 2469 2520 2470
3 2470 2520 2521
3 2470 2521 2471
3 2471 2521 2522
3 2471 2522 2472
3 2472 2522 2523
3 2473 2524 2474
3 2474 2524 2525
3 2474 2525 2475
3 2475 2525 2526
3 2476 2527 2477
3 2477 2527 2528
3 2477 2528 2478
3 2478 2528 2529
3 2478 2529 2479
3 2479 2529 2530
3 2479 2531 2480
3 2480 2531 2532
3 2480 2532 2481
3 2481 2532 2533
3 2482 2534 2483
3 2483 2534 2535
3 2483 2535 2484
3 2484 2535 2536
3 2484 2536 2485
3 2485 2536 2537
3 2486 2538 2487
3 2487 2538 2539
3 2487 2539 2488
3 2488 2539 2540
3 2489 2540 1449
3 1449 2540 2046
3 2490 104 2491
3 2491 104 2541
3 2491 2541 2492
3 2492 2541 2542
3 2492 2542 2493
3 2493 2542 2543
3 2493 2543 2494
3 2494 2543 2544
3 2494 2544 2495
3 2495 2544 2545
3 2495 2545 2496
3 2496 2545 2546
3 2496 2546 2497
3 2497 2546 2547
3 2498 2548 2499
3 2499 2548 2549
3 2499 2549 2500
3 2500 2549 2550
3 2501 2550 2502
3 2502 2550 2551
3 2502 2551 2503
3 2503 2551 2552
3 2503 2552 2504
3 2504 2552 2553
3 2504 2553 2505
3 2505 2553 2554
3 2506 2555 2507
3 2507 2555 2556
3 2507 2556 2508
3 2508 2556 2557
3 2508 2557 2509
3 2509 2557 2558
3 2509 2558 2510
3 2510 2558 2559
3 2510 2559 2511
3 2511 2559 2560
3 2512 2561 2513
3 2513 2561 2562
3 2513 2562 2514
3 2514 2562 2563
3 2514 2563 2515
3 2515 2563 2564
3 2515 2564 2516
3 2516 2564 2565
3 2517 2566 2518
3 2518 2566 2567
3 2518 2567 2519
3 2519 2567 2568
3 2520 2569 2521
3 2521 2569 2570
3 2521 2570 2522
3 2522 2570 2571
3 2522 2571 2523
3 2523 2571 2572
3 2524 2573 2525
3 2525 2573 2574
3 2525 2574 2526
3 2526 2574 2575
3 2527 2576 2528
3 2528 2576 2577
3 2528 2577 2529
3 2529 2577 2578
3 2529 2578 2530
3 2530 2578 2579
3 2531 2580 2532
3 2532 2580 2581
3 2532 2581 2533
3 2533 2581 2582
3 2534 2583 2535
3 2535 2583 2584
3 2535 2584 2536
3 2536 2584 2585
3 2536 2585 2537
3 2537 2585 2586
3 2538 2587 2539
3 2539 2587 2588
3 2539 2588 2540
3 2540 2588 2589
3 2540 2590 2046
3 2046 2590 890
3 1 0 2541
3 2541 0 2591
3 2541 2591 2542
3 2542 2591 2592
3 2542 2592 2543
3 2543 2592 2593
3 2543 2593 2594
3 2594 2593 2595
3 2594 2595 2596
3 2596 2595 2597
3 2596 2597 2598
3 2598 2597 2599
3 2598 2599 2600
3 2600 2599 2601
3 2602 2601 2603
3 2603 2601 2604
3 2603 2604 2605
3 2605 2604 2606
3 2607 2606 2551
3 2551 2606 2608
3 2551 2608 2552
3 2552 2608 2609
3 2552 2609 2610
3 2610 2609 2611
3 2610 2611 2554
3 2554 2611 2612
3 2555 2613 2614
3 2614 2613 2615
3 2614 2615 2616
3 2616 2615 2617
3 2616 2617 2558
3 2558 2617 2618
3 2558 2618 2619
3 2619 2618 2620
3 2619 2620 2621
3 2621 2620 2622
3 2623 2624 2625
3 2625 2624 2626
3 2625 2626 2627
3 2627 2626 2628
3 2627 2628 2629
3 2629 2628 2630
3 2629 2630 2631
3 2631 2630 2632
3 2633 2634 2635
3 2635 2634 2636
3 2635 2636 2637
3 2637 2636 2638
3 2568 2639 2640
3 2640 2639 2641
3 2640 2641 2642
3 2642 2641 2643
3 2642 2643 2644
3 2644 2643 2645
3 2646 2647 2648
3 2648 2647 2649
3 2648 2649 2575
3 2575 2649 2650
3 2651 2652 2653
3 2653 2652 2654
3 2653 2654 2655
3 2655 2654 2656
3 2655 2656 2657
3 2657 2656 2658
3 2659 2660 2581
3 2581 2660 2661
3 2581 2661 2662
3 2662 2661 2663
3 2664 2665 2666
3 2666 2665 2667
3 2666 2667 2668
3 2668 2667 2669
3 2668 2669 2586
3 2586 2669 2670
3 2671 2672 2673
3 2673 2672 2674
3 2673 2674 2675
3 2675 2674 2676
3 2677 2676 889
3 889 2676 1449
3 2591 410 2678
3 2591 2678 2592
3 2592 2678 2679
3 2592 2679 2593
3 2593 2679 2680
3 2593 2680 2595
3 2595 2680 2681
3 2595 2681 2597
3 2597 2681 2682
3 2597 2682 2599
3 2599 2682 2683
3 2599 2683 2601
3 2601 2683 2684
3 2601 2685 2604
3 2604 2685 2686
3 2604 2686 2606
3 2606 2686 2687
3 2606 2688 2608
3 2608 2688 2689
3 2608 2689 2609
3 2609 2689 2690
3 2609 2690 2611
3 2611 2690 2691
3 2611 2691 2612
3 2612 2691 2692
3 2613 2693 2615
3 2615 2693 2694
3 2615 2694 2617
3 2617 2694 2695
3 2617 2695 2618
3 2618 2695 2696
3 2618 2696 2620
3 2620 2696 2697
3 2620 2697 2622
3 2622 2697 2698
3 2624 2699 2626
3 2626 2699 2700
3 2626 2700 2628
3 2628 2700 2701
3 2628 2701 2630
3 2630 2701 2702
3 2630 2702 2632
3 2632 2702 2703
3 2634 2704 2636
3 2636 2704 2705
3 2636 2705 2638
3 2638 2705 2706
3 2639 2707 2641
3 2641 2707 2708
3 2641 2708 2643
3 2643 2708 2709
3 2643 2709 2645
3 2645 2709 2710
3 2647 2711 2649
3 2649 2711 2712
3 2649 2712 2650
3 2650 2712 2713
3 2652 2714 2654
3 2654 2714 2715
3 2654 2715 2656
3 2656 2715 2716
3 2656 2716 2658
3 2658 2716 2717
3 2660 2718 2661
3 2661 2718 2719
3 2661 2719 2663
3 2663 2719 2720
3 2665 2720 2667
3 2667 2720 2721
3 2667 2721 2669
3 2669 2721 2722
3 2669 2722 2670
3 2670 2722 2723
3 2672 2724 2674
3 2674 2724 2725
3 2674 2725 2676
3 2676 2725 2726
3 2676 2726 1449
3 1449 2726 2727
3 410 2728 2678
3 2678 2728 2729
3 2678 2729 2679
3 2679 2729 2730
3 2679 2730 2680
3 2680 2730 2731
3 2680 2731 2681
3 2681 2731 2732
3 2681 2732 2682
3 2682 2732 2733
3 2682 2733 2683
3 2683 2733 2734
3 2683 2734 2684
3 2684 2734 2735
3 2685 2736 2686
3 2686 2736 2737
3 2686 2737 2687
3 2687 2737 2738
3 2688 2739 2689
3 2689 2739 2740
3 2689 2740 2690
3 2690 2740 2741
3 2690 2741 2691
3 2691 2741 2742
3 2691 2742 2692
3 2692 2742 2743
3 2693 2744 2694
3 2694 2744 2745
3 2694 2745 2695
3 2695 2745 2746
3 2695 2746 2696
3 2696 2746 2747
3 2696 2747 2697
3 2697 2747 2748
3 2697 2748 2698
3 2698 2748 2749
3 2699 2750 2700
3 2700 2750 2751
3 2700 2751 2701
3 2701 2751 2752
3 2701 2752 2702
3 2702 2752 2753
3 2702 2753 2703
3 2703 2753 2754
3 2704 2754 2705
3 2705 2754 2755
3 2705 2755 2706
3 2706 2755 2756
3 2707 2757 2708
3 2708 2757 2758
3 2708 2758 2709
3 2709 2758 2759
3 2709 2759 2710
3 2710 2759 2760
3 2711 2761 2712
3 2712 2761 2762
3 2712 2762 2713
3 2713 2762 2763
3 2714 2763 2715
3 2715 2763 2764
3 2715 2764 2716
3 2716 2764 2765
3 2716 2765 2717
3 2717 2765 2766
3 2718 2767 2719
3 2719 2767 2768
3 2719 2768 2720
3 2720 2768 2769
3 2720 2770 2721
3 2721 2770 2771
3 2721 2771 2722
3 2722 2771 2772
3 2722 2772 2723
3 2723 2772 2773
3 2724 2774 2725
3 2725 2774 2775
3 2725 2775 2726
3 2726 2775 2776
3 2726 2776 2727
3 2727 2776 102
3 2728 410 2729
3 2729 410 2777
3 2729 2777 2730
3 2730 2777 2778
3 2730 2778 2731
3 2731 2778 2779
3 2731 2779 2732
3 2732 2779 2780
3 2732 2780 2733
3 2733 2780 2781
3 2733 2781 2734
3 2734 2781 2782
3 2734 2782 2735
3 2735 2782 2783
3 2736 2783 2737
3 2737 2783 2784
3 2737 2784 2738
3 2738 2784 2785
3 2739 2786 2740
3 2740 2786 2787
3 2740 2787 2741
3 2741 2787 2788
3 2741 2788 2742
3 2742 2788 2789
3 2742 2789 2743
3 2743 2789 2790
3 2744 2791 2745
3 2745 2791 2792
3 2745 2792 2746
3 2746 2792 2793
3 2746 2793 2747
3 2747 2793 2794
3 2747 2794 2748
3 2748 2794 2795
3 2748 2795 2749
3 2749 2795 2796
3 2750 2797 2751
3 2751 2797 2798
3 2751 2798 2752
3 2752 2798 2799
3 2752 2799 2753
3 2753 2799 2800
3 2753 2800 2754
3 2754 2800 2801
3 2754 2801 2755
3 2755 2801 2802
3 2755 2802 2756
3 2756 2802 2803
3 2757 2804 2758
3 2758 2804 2805
3 2758 2805 2759
3 2759 2805 2806
3 2759 2806 2760
3 2760 2806 2807
3 2761 2808 2762
3 2762 2808 2809
3 2762 2809 2763
3 2763 2809 2810
3 2763 2810 2764
3 2764 2810 2811
3 2764 2811 2765
3 2765 2811 2812
3 2765 2812 2766
3 2766 2812 2813
3 2767 2814 2768
3 2768 2814 2815
3 2768 2815 2769
3 2769 2815 2816
3 2770 2817 2771
3 2771 2817 2818
3 2771 2818 2772
3 2772 2818 2819
3 2772 2819 2773
3 2773 2819 2820
3 2774 2821 2775
3 2775 2821 2822
3 2775 2822 2776
3 2776 2822 2823
3 2776 2823 102
3 102 2823 409
3 357 804 2824
3 2824 804 2825
3 2824 2825 2826
3 2826 2825 2827
3 2826 2827 2828
3 2828 2827 2829
3 2828 2829 2830
3 2830 2829 2831
3 2830 2831 2832
3 2832 2831 2833
3 2832 2833 2834
3 2834 2833 2835
3 2834 2835 2836
3 2836 2835 2837
3 2838 2839 2840
3 2840 2839 2841
3 2840 2841 2842
3 2842 2841 2843
3 2844 2845 2787
3 2787 2845 2846
3 2787 2846 2847
3 2847 2846 2848
3 2847 2848 2849
3 2849 2848 2850
3 2849 2850 2851
3 2851 2850 2852
3 2853 2854 2855
3 2855 2854 2856
3 2855 2856 2857
3 2857 2856 2858
3 2857 2858 2794
3 2794 2858 2859
3 2794 2859 2795
3 2795 2859 2860
3 2795 2860 2861
3 2861 2860 2862
3 2863 2864 2798
3 2798 2864 2865
3 2798 2865 2866
3 2866 2865 2867
3 2866 2867 2868
3 2868 2867 2869
3 2868 2869 2870
3 2870 2869 2871
3 2872 2871 2873
3 2873 2871 2874
3 2873 2874 2875
3 2875 2874 2876
3 2804 2877 2878
3 2878 2877 2879
3 2878 2879 2880
3 2880 2879 2881
3 2880 2881 2882
3 2882 2881 2883
3 2884 2885 2886
3 2886 2885 2887
3 2886 2887 2888
3 2888 2887 2889
3 2888 2890 2891
3 2891 2890 2892
3 2891 2892 2893
3 2893 2892 2894
3 2893 2894 2895
3 2895 2894 2896
3 2897 2898 2899
3 2899 2898 2900
3 2899 2900 2901
3 2901 2900 2902
3 2816 2902 2903
3 2903 2902 2904
3 2903 2904 2905
3 2905 2904 2906
3 2905 2906 2907
3 2907 2906 2908
3 2909 2910 2911
3 2911 2910 2912
3 2911 2912 2913
3 2913 2912 2914
3 2913 2914 460
3 460 2914 890
3 804 2915 2825
3 2825 2915 2916
3 2825 2916 2827
3 2827 2916 2917
3 2827 2917 2829
3 2829 2917 2918
3 2829 2918 2831
3 2831 2918 2919
3 2831 2919 2833
3 2833 2919 2920
3 2833 2920 2835
3 2835 2920 2921
3 2835 2921 2837
3 2837 2921 2922
3 2839 2923 2841
3 2841 2923 2924
3 2841 2924 2843
3 2843 2924 2925
3 2845 2926 2846
3 2846 2926 2927
3 2846 2927 2848
3 2848 2927 2928
3 2848 2928 2850
3 2850 2928 2929
3 2850 2929 2852
3 2852 2929 2930
3 2854 2931 2856
3 2856 2931 2932
3 2856 2932 2858
3 2858 2932 2933
3 2858 2933 2859
3 2859 2933 2934
3 2859 2934 2860
3 2860 2934 2935
3 2860 2935 2862
3 2862 2935 2936
3 2864 2937 2865
3 2865 2937 2938
3 2865 2938 2867
3 2867 2938 2939
3 2867 2939 2869
3 2869 2939 2940
3 2869 2940 2871
3 2871 2940 2941
3 2871 2942 2874
3 2874 2942 2943
3 2874 2943 2876
3 2876 2943 2944
3 2877 2945 2879
3 2879 2945 2946
3 2879 2946 2881
3 2881 2946 2947
3 2881 2947 2883
3 2883 2947 2948
3 2885 2949 2887
3 2887 2949 2950
3 2887 2950 2889
3 2889 2950 2951
3 2890 2952 2892
3 2892 2952 2953
3 2892 2953 2894
3 2894 2953 2954
3 2894 2954 2896
3 2896 2954 2955
3 2898 2956 2900
3 2900 2956 2957
3 2900 2957 2902
3 2902 2957 2958
3 2902 2959 2904
3 2904 2959 2960
3 2904 2960 2906
3 2906 2960 2961
3 2906 2961 2908
3 2908 2961 2962
3 2910 2963 2912
3 2912 2963 2964
3 2912 2964 2914
3 2914 2964 2965
3 2914 2965 890
3 890 2965 1947
3 2915 2966 2916
3 2916 2966 2967
3 2916 2967 2917
3 2917 2967 2968
3 2917 2968 2918
3 2918 2968 2969
3 2918 2969 2919
3 2919 2969 2970
3 2919 2970 2920
3 2920 2970 2971
3 2920 2971 2921
3 2921 2971 2972
3 2921 2972 2922
3 2922 2972 2973
3 2923 2974 2924
3 2924 2974 2975
3 2924 2975 2925
3 2925 2975 2976
3 2926 2977 2927
3 2927 2977 2978
3 2927 2978 2928
3 2928 2978 2979
3 2928 2979 2929
3 2929 2979 2980
3 2929 2980 2930
3 2930 2980 2981
3 2931 2982 2932
3 2932 2982 2983
3 2932 2983 2933
3 2933 2983 2984
3 2933 2984 2934
3 2934 2984 2985
3 2934 2985 2935
3 2935 2985 2986
3 2935 2986 2936
3 2936 2986 2987
3 2937 2988 2938
3 2938 2988 2989
3 2938 2989 2939
3 2939 2989 2990
3 2939 2990 2940
3 2940 2990 2991
3 2940 2991 2941
3 2941 2991 2992
3 2942 2993 2943
3 2943 2993 2994
3 2943 2994 2944
3 2944 2994 2995
3 2945 2995 2946
3 2946 2995 2996
3 2946 2996 2947
3 2947 2996 2997
3 2947 2997 2948
3 2948 2997 2998
3 2949 2999 2950
3 2950 2999 3000
3 2950 3000 2951
3 2951 3000 3001
3 2952 3002 2953
3 2953 3002 3003
3 2953 3003 2954
3 2954 3003 3004
3 2954 3004 2955
3 2955 3004 3005
3 2956 3006 2957
3 2957 3006 3007
3 2957 3007 2958
3 2958 3007 3008
3 2959 3009 2960
3 2960 3009 3010
3 2960 3010 2961
3 2961 3010 3011
3 2961 3011 2962
3 2962 3011 3012
3 2963 3013 2964
3 2964 3013 3014
3 2964 3014 2965
3 2965 3014 3015
3 2965 3015 1947
3 1947 3015 3016
3 2966 104 2967
3 2967 104 3017
3 2967 3017 2968
3 2968 3017 3018
3 2968 3018 2969
3 2969 3018 3019
3 2969 3019 2970
3 2970 3019 3020
3 2970 3020 2971
3 2971 3020 3021
3 2971 3021 2972
3 2972 3021 3022
3 2972 3022 2973
3 2973 3022 3023
3 2974 3024 2975
3 2975 3024 3025
3 2975 3025 2976
3 2976 3025 3026
3 2977 3027 2978
3 2978 3027 3028
3 2978 3028 2979
3 2979 3028 3029
3 2979 3029 2980
3 2980 3029 3030
3 2980 3030 2981
3 2981 3030 3031
3 2982 3032 2983
3 2983 3032 3033
3 2983 3033 2984
3 2984 3033 3034
3 2984 3034 2985
3 2985 3034 3035
3 2985 3035 2986
3 2986 3035 3036
3 2986 3036 2987
3 2987 3036 3037
3 2988 3038 2989
3 2989 3038 3039
3 2989 3039 2990
3 2990 3039 3040
3 2990 3040 2991
3 2991 3040 3041
3 2991 3041 2992
3 2992 3041 3042
3 2993 3042 2994
3 2994 3042 3043
3 2994 3043 2995
3 2995 3043 3044
3 2995 3045 2996
3 2996 3045 3046
3 2996 3046 2997
3 2997 3046 3047
3 2997 3047 2998
3 2998 3047 3048
3 2999 3049 3000
3 3000 3049 3050
3 3000 3050 3001
3 3001 3050 3051
3 3002 3052 3003
3 3003 3052 3053
3 3003 3053 3004
3 3004 3053 3054
3 3004 3054 3005
3 3005 3054 3055
3 3006 3056 3007
3 3007 3056 3057
3 3007 3057 3008
3 3008 3057 3058
3 3009 3059 3010
3 3010 3059 3060
3 3010 3060 3011
3 3011 3060 3061
3 3011 3061 3012
3 3012 3061 3062
3 3013 3063 3014
3 3014 3063 3064
3 3014 3064 3015
3 3015 3064 3065
3 3015 3066 3016
3 3016 3066 103
3 0 805 3067
3 3067 805 3068
3 3067 3068 3069
3 3069 3068 3070
3 3069 3070 3071
3 3071 3070 3072
3 3071 3072 3073
3 3073 3072 3074
3 3073 3074 3075
3 3075 3074 3076
3 3075 3076 3077
3 3077 3076 3078
3 3077 3078 3079
3 3079 3078 3080
3 3081 3082 3025
3 3025 3082 3083
3 3025 3083 3084
3 3084 3083 3085
3 3086 3087 3028
3 3028 3087 3088
3 3028 3088 3089
3 3089 3088 3090
3 3089 3090 3091
3 3091 3090 3092
3 3091 3092 3031
3 3031 3092 3093
3 3094 3095 3096
3 3096 3095 3097
3 3096 3097 3098
3 3098 3097 3099
3 3098 3099 3100
3 3100 3099 3101
3 3100 3101 3102
3 3102 3101 3103
3 3102 3103 3104
3 3104 3103 3105
3 3106 3107 3108
3 3108 3107 3109
3 3108 3109 3110
3 3110 3109 3111
3 3110 3111 3112
3 3112 3111 3113
3 3112 3113 3114
3 3114 3113 3115
3 3116 3115 3117
3 3117 3115 3118
3 3117 3118 3119
3 3119 3118 3120
3 3121 3122 3123
3 3123 3122 3124
3 3123 3124 3125
3 3125 3124 3126
3 3125 3126 3048
3 3048 3126 3127
3 3128 3129 3130
3 3130 3129 3131
3 3130 3131 3132
3 3132 3131 3133
3 3134 3133 3135
3 3135 3133 3136
3 3135 3136 3137
3 3137 3136 3138
3 3137 3138 3139
3 3139 3138 3140
3 3141 3140 3142
3 3142 3140 3143
3 3142 3143 3144
3 3144 3143 3145
3 3144 3146 3147
3 3147 3146 3148
3 3147 3148 3149
3 3149 3148 3150
3 3149 3150 3151
3 3151 3150 3152
3 3153 3154 3155
3 3155 3154 3156
3 3155 3156 3065
3 3065 3156 3157
3 3065 3157 3158
3 3158 3157 205
3 805 0 3068
3 3068 0 2
3 3068 2 3070
3 3070 2 4
3 3070 4 3072
3 3072 4 6
3 3072 6 3074
3 3074 6 8
3 3074 8 3076
3 3076 8 10
3 3076 10 3078
3 3078 10 12
3 3078 12 3080
3 3080 12 14
3 3082 16 3083
3 3083 16 18
3 3083 18 3085
3 3085 18 20
3 3087 22 3088
3 3088 22 24
3 3088 24 3090
3 3090 24 26
3 3090 26 3092
3 3092 26 28
3 3092 28 3093
3 3093 28 30
3 3095 32 3097
3 3097 32 34
3 3097 34 3099
3 3099 34 36
3 3099 36 3101
3 3101 36 38
3 3101 38 3103
3 3103 38 40
3 3103 40 3105
3 3105 40 42
3 3107 44 3109
3 3109 44 46
3 3109 46 3111
3 3111 46 48
3 3111 48 3113
3 3113 48 50
3 3113 50 3115
3 3115 50 52
3 3115 54 3118
3 3118 54 56
3 3118 56 3120
3 3120 56 58
3 3122 60 3124
3 3124 60 62
3 3124 62 3126
3 3126 62 64
3 3126 64 3127
3 3127 64 66
3 3129 68 3131
3 3131 68 70
3 3131 70 3133
3 3133 70 72
3 3133 74 3136
3 3136 74 76
3 3136 76 3138
3 3138 76 78
3 3138 78 3140
3 3140 78 80
3 3140 82 3143
3 3143 82 84
3 3143 84 3145
3 3145 84 86
3 3146 86 3148
3 3148 86 89
3 3148 89 3150
3 3150 89 91
3 3150 91 3152
3 3152 91 93
3 3154 95 3156
3 3156 95 97
3 3156 97 3157
3 3157 97 99
3 3157 99 205
