# vtk DataFile Version 2.0
File written by itkPolyDataMeshIO
ASCII
DATASET POLYDATA
POINTS 4696 float
-27.651772 -0.942482 -52.961292
-19.642616 -2.076546 -47.422226
-27.631111 0.326134 -52.493385
-32.685616 1.585442 -61.242954
-32.695564 2.941917 -60.804314
-38.00437 2.94146 -69.938675
-38.093178 4.322762 -69.652405
-38.00437 2.941444 -69.93867
-38.093178 4.322777 -69.652405
-43.69294 2.385185 -80.11005
-43.9076 3.746178 -80.04909
-49.456795 -0.538399 -91.312035
-49.785133 0.795006 -91.481
-54.65351 -7.788155 -102.844795
-55.130302 -6.52433 -103.410355
-58.193428 -18.963615 -114.01199
-58.70942 -17.892021 -114.93678
-60.42782 -29.213783 -124.34034
-60.878395 -28.248268 -125.21232
-62.13282 -34.421303 -133.86713
-62.451714 -33.359734 -134.36047
-63.54043 -36.9302 -141.36597
-63.79978 -35.856133 -141.67592
-64.80184 -37.97312 -148.23984
-65.01193 -36.901833 -148.36765
-65.995155 -38.48133 -154.89172
-66.17997 -37.417595 -154.94038
-66.9597 -38.744514 -161.67334
-67.13393 -37.704933 -161.69333
-67.73406 -38.779655 -168.57404
-67.89764 -37.76365 -168.5634
-68.30783 -38.600914 -175.832
-68.46567 -37.60952 -175.79858
-68.68612 -38.017082 -184.59418
-68.838745 -37.051888 -184.52763
-68.801834 -36.85363 -195.69527
-68.95198 -35.915764 -195.59865
-68.64066 -35.15574 -209.01535
-68.790016 -34.239845 -208.90123
-68.41962 -33.412086 -223.09235
-68.56763 -32.508705 -222.98308
-68.46859 -32.252983 -236.35472
-68.61363 -31.356316 -236.27725
-68.97841 -31.953148 -248.35695
-69.1209 -31.067467 -248.33049
-69.92719 -32.196663 -259.47964
-70.06906 -31.329506 -259.49548
-71.19598 -32.293144 -270.40524
-71.335655 -31.444725 -270.4274
-72.4688 -31.768425 -281.7283
-72.60345 -30.931465 -281.7152
-73.48047 -30.467567 -293.67712
-73.610954 -29.633995 -293.60068
-74.31871 -28.210152 -306.0548
-74.44716 -27.376396 -305.9032
-75.210785 -24.850792 -318.5449
-75.334984 -24.020515 -318.31152
-76.35657 -20.464012 -330.85516
-76.46854 -19.647743 -330.54117
-77.90043 -15.482002 -342.8167
-77.9915 -14.688622 -342.4514
-79.89661 -10.58979 -354.41553
-79.96648 -9.817741 -354.0476
-82.308334 -6.310997 -365.7255
-82.36608 -5.551491 -365.3919
-85.05331 -2.661385 -376.8364
-85.1071 -1.908028 -376.53998
-87.9931 0.636055 -387.85776
-88.04635 1.386497 -387.58258
-90.97927 3.829613 -398.98785
-91.03508 4.579964 -398.72168
-93.935486 7.1045 -410.46603
-93.99716 7.856911 -410.20398
-96.72289 10.503014 -422.46902
-96.79298 11.259727 -422.20905
-99.124435 13.923775 -434.72644
-99.204704 14.687798 -434.46722
-101.05454 17.161934 -446.51224
-101.1445 17.936577 -446.25357
-102.82606 20.20597 -457.8895
-102.920845 20.995934 -457.63208
-104.5651 23.100883 -468.74847
-104.6615 23.908623 -468.48672
-106.61505 26.23185 -480.60104
-106.711136 27.061852 -480.33273
-109.02583 29.519188 -493.28476
-109.121155 30.37284 -493.01437
-111.83905 32.704247 -507.2829
-111.93974 33.58053 -507.03445
-115.05211 33.775 -522.6233
-115.18031 34.677315 -522.51697
-117.635895 34.309517 -538.66644
-117.77859 35.19877 -538.61224
-118.572365 39.268333 -554.6694
-118.70643 40.082115 -554.37866
-118.88533 46.015495 -568.06647
-119.01301 46.77218 -567.62463
-119.87502 51.541374 -578.9103
-119.98248 52.31434 -578.47705
-121.59136 53.9199 -588.0224
-121.715576 54.818977 -587.80554
-123.90566 54.636253 -597.05804
-124.07578 55.685402 -597.03796
-126.51549 54.420815 -607.0995
-126.74464 55.562737 -607.2935
-127.83725 50.778343 -619.7455
-128.05855 51.87809 -620.1631
-125.98903 44.74386 -635.1513
-126.11054 45.710625 -635.6039
-122.467766 39.988823 -651.4895
-122.547585 40.813316 -651.8026
-120.81248 36.985634 -667.0057
-120.91688 37.725243 -667.1751
-121.24041 35.553795 -680.8003
-121.3556 36.26011 -680.8652
-122.38665 35.540367 -692.7454
-122.4954 36.231834 -692.7223
-123.75173 36.22048 -703.48126
-123.85136 36.90365 -703.3937
-125.08084 37.01545 -713.9899
-125.17492 37.683968 -713.87933
-126.23133 37.492546 -724.9712
-126.32481 38.13813 -724.87946
-127.14573 37.569893 -736.68365
-127.2402 38.18856 -736.62994
-127.88134 37.333168 -749.12726
-127.97517 37.9235 -749.11084
-128.5878 36.899147 -762.16034
-128.67914 37.462334 -762.16785
-129.4248 36.44532 -775.5279
-129.51303 36.985786 -775.54114
-130.51555 36.12339 -788.968
-130.6008 36.64733 -788.97485
-131.82516 35.971214 -802.2961
-131.90807 36.484703 -802.2939
-133.15237 35.916115 -815.4006
-133.23392 36.423958 -815.3938
-134.2928 35.80941 -828.2377
-134.37415 36.314644 -828.2342
-135.17834 35.619606 -840.7255
-135.25964 36.12246 -840.7276
-135.9403 35.542778 -852.3356
-136.02054 36.04136 -852.33295
-136.69528 35.74671 -862.6535
-136.77335 36.238472 -862.6361
-137.50214 36.182167 -871.9948
-137.57733 36.665627 -871.9617
-138.37973 36.837746 -880.2116
-138.45114 37.312218 -880.1606
-139.35005 37.748405 -888.08344
-139.41705 38.21218 -888.01447
-140.38037 39.003914 -895.93774
-140.44249 39.454628 -895.8482
-141.55966 40.54679 -904.1637
-141.61743 40.984337 -904.063
-142.91235 42.425148 -912.98566
-142.96582 42.849205 -912.87524
-144.2584 44.567024 -921.4745
-144.30746 44.977364 -921.34985
-145.70755 47.151527 -930.2075
-145.75168 47.548042 -930.0676
-147.1798 49.9336 -938.58405
-147.21965 50.319633 -938.43225
-148.9415 53.52311 -947.5246
-148.97313 53.89759 -947.35126
-151.4866 58.64959 -956.75055
-151.49362 58.998817 -956.535
-154.5796 64.08901 -967.1774
-154.58075 64.43261 -966.9747
-156.20172 66.327324 -979.3607
-156.242 66.69134 -979.27484
-156.51166 64.766045 -992.06635
-156.56871 65.12057 -992.1096
-156.65 60.6979 -1004.41644
-156.70781 61.023643 -1004.535
-157.09187 55.48774 -1016.23694
-157.15157 55.78866 -1016.38293
-156.95035 49.537346 -1027.476
-156.99265 49.81237 -1027.6428
-158.83606 40.78121 -1035.0308
-158.85208 40.97216 -1035.281
-160.73471 30.153542 -1038.8274
-160.76541 30.251884 -1039.1334
-162.59282 20.034935 -1039.1697
-162.61276 20.032265 -1039.5795
-163.6282 9.779762 -1038.0005
-163.67432 9.743431 -1038.3683
-163.27798 -0.627953 -1036.9292
-163.3322 -0.657799 -1037.2312
-162.10017 -10.392021 -1036.0852
-162.16315 -10.42202 -1036.3805
-160.1149 -19.508293 -1035.787
-160.20723 -19.53585 -1036.0725
-157.4056 -29.023766 -1037.8097
-157.50955 -29.00901 -1038.0746
-152.70149 -39.667046 -1041.718
-152.7988 -39.630363 -1041.9591
-146.80765 -50.478752 -1046.3477
-146.90895 -50.453316 -1046.5599
-142.00754 -60.71714 -1051.2792
-142.1245 -60.694237 -1051.4567
-140.03297 -69.93623 -1055.512
-140.1633 -69.89957 -1055.6582
-140.97903 -77.91415 -1058.7314
-141.09991 -77.86024 -1058.8458
-142.41296 -84.884415 -1060.5586
-142.51357 -84.84287 -1060.6547
-142.77158 -93.219505 -1061.3352
-142.88022 -93.2039 -1061.431
-142.0585 -102.599754 -1062.8657
-142.17378 -102.5936 -1062.9608
-141.39604 -109.96774 -1065.0227
-141.50052 -109.95444 -1065.1115
-141.14807 -116.384155 -1065.7699
-141.24362 -116.37894 -1065.8506
-140.70757 -121.13975 -1064.854
-140.80093 -121.161644 -1064.9434
-140.82703 -124.17434 -1063.7756
-140.92358 -124.20889 -1063.888
-141.07451 -125.9902 -1062.9677
-141.1719 -126.029854 -1063.0953
-141.33081 -127.35798 -1062.3165
-141.42577 -127.400345 -1062.4513
-141.67242 -128.57101 -1061.7657
-141.7628 -128.61264 -1061.9045
-142.24232 -129.81041 -1061.3104
-142.32616 -129.84442 -1061.4539
-143.10045 -131.16193 -1060.9625
-143.17645 -131.18027 -1061.1135
-144.09602 -132.51155 -1060.7413
-144.16347 -132.51155 -1060.901
-145.17798 -133.97495 -1060.6055
-145.23499 -133.95935 -1060.771
-146.15271 -135.4053 -1060.5701
-146.1981 -135.38443 -1060.7351
-147.13246 -136.79501 -1060.6558
-147.16609 -136.77708 -1060.8138
-148.1577 -138.09369 -1060.8473
-148.1791 -138.08163 -1060.979
-148.4797 -138.84552 -1061.0804
-19.642601 -2.076546 -47.422226
-27.467003 1.003105 -52.325203
-32.533623 3.66378 -60.66765
-37.97648 5.057854 -69.600426
-43.85903 4.470467 -80.110115
-49.791466 1.504646 -91.65696
-55.197884 -5.851692 -103.78875
-58.78698 -17.32174 -115.48729
-60.936073 -27.734413 -125.722565
-62.45745 -32.794792 -134.66006
-63.785973 -35.28457 -141.87541
-64.976685 -36.331734 -148.46545
-66.13465 -36.85148 -154.99384
-67.08569 -37.15171 -161.72594
-67.846466 -37.22297 -168.57483
-68.41431 -37.081932 -175.79326
-68.787575 -36.5382 -184.49951
-68.90268 -35.416664 -195.54997
-68.74293 -33.75242 -208.83975
-68.52156 -32.0279 -222.92339
-68.56736 -30.879082 -236.23683
-69.075325 -30.596138 -248.32202
-70.026 -30.86805 -259.51395
-71.29412 -30.993248 -270.4509
-72.56071 -30.486092 -281.71844
-73.56582 -29.190407 -293.5677
-74.39951 -26.932701 -305.82898
-75.28326 -23.578651 -318.1946
-76.40936 -19.213295 -330.38486
-77.92261 -14.26638 -342.27347
-79.89021 -9.406868 -353.87427
-82.28805 -5.147301 -365.24167
-85.030556 -1.507164 -376.413
-87.97141 1.78582 -387.46878
-90.961876 4.979195 -398.61246
-93.92639 8.257347 -410.09503
-96.72532 11.662468 -422.09796
-99.14058 15.094322 -434.35266
-101.08338 18.348747 -446.1357
-102.86009 21.416313 -457.5142
-104.59921 24.338509 -468.36734
-106.64589 27.503578 -480.21188
-109.05285 30.827156 -492.89526
-111.87203 34.046852 -506.9289
-115.12677 35.157433 -522.48883
-117.73349 35.67199 -538.60596
-118.65833 40.515175 -554.23254
-118.96258 47.17492 -567.3931
-119.91961 52.72596 -578.2584
-121.65508 55.29888 -587.7142
-124.02643 56.246483 -597.06165
-126.713036 56.172386 -607.436
-128.01709 52.468056 -620.40826
-126.02892 46.229378 -635.82886
-122.467766 41.252556 -651.94104
-120.8672 38.118385 -667.2551
-121.31945 36.635857 -680.90454
-122.45934 36.59971 -692.7213
-123.8121 37.267677 -703.362
-125.13469 38.041862 -713.8369
-126.28733 38.4851 -724.8461
-127.20659 38.52059 -736.6134
-127.94463 38.23893 -749.1102
-128.65071 37.76243 -762.17773
-129.48598 37.273476 -775.55396
-130.57457 36.926186 -788.9853
-131.88214 36.757942 -802.3008
-133.20807 36.694237 -815.3983
-134.34848 36.583565 -828.23944
-135.23418 36.3901 -840.7343
-135.99506 36.30668 -852.33685
-136.74762 36.50019 -862.63257
-137.55124 36.922935 -871.9509
-138.42429 37.56475 -880.14154
-139.38925 38.458992 -887.9869
-140.41356 39.69451 -895.80994
-141.5878 41.2172 -904.0194
-142.93555 43.074883 -912.8269
-144.2762 45.195747 -921.29407
-145.71915 47.759087 -930.0039
-147.1858 50.525093 -938.36255
-148.9356 54.096886 -947.27106
-151.44478 59.184715 -956.4364
-154.53036 64.61547 -966.8842
-156.21234 66.88506 -979.2377
-156.54953 65.30926 -992.13446
-156.69116 61.197044 -1004.5988
-157.13791 55.948845 -1016.46265
-156.97185 49.958885 -1027.7324
-158.82104 41.075325 -1035.4314
-160.74518 30.305489 -1039.3156
-162.585 20.027107 -1039.7853
-163.66336 9.720772 -1038.5535
-163.32585 -0.673256 -1037.4006
-162.16019 -10.434822 -1036.5532
-160.22145 -19.543495 -1036.2429
-157.53302 -28.989525 -1038.2334
-152.82314 -39.594887 -1042.1019
-146.94022 -50.42225 -1046.687
-142.16797 -60.66648 -1051.5669
-140.21591 -69.86949 -1055.754
-141.1485 -77.8277 -1058.9231
-142.55511 -84.82032 -1060.7213
-142.92888 -93.19461 -1061.5004
-142.22482 -102.58669 -1063.0294
-141.54625 -109.94246 -1065.1741
-141.28586 -116.37479 -1065.9089
-140.84125 -121.1748 -1065.0063
-140.96109 -124.23008 -1063.9579
-141.20679 -126.05431 -1063.1691
-141.45793 -127.426765 -1062.5265
-141.79153 -128.63998 -1061.981
-142.34955 -129.8711 -1061.5334
-143.19212 -131.20447 -1061.1995
-144.17036 -132.53229 -1060.9937
-145.2323 -133.9763 -1060.8684
-146.18773 -135.39832 -1060.8313
-147.15262 -136.7879 -1060.9044
-148.169 -138.08821 -1061.0542
-148.4797 -138.84554 -1061.0804
-19.642586 -2.076546 -47.42223
-27.220573 1.594963 -52.23296
-32.28132 4.293236 -60.61277
-37.765755 5.698845 -69.62179
-43.708412 5.102058 -80.225426
-49.68508 2.123436 -91.86757
-55.13311 -5.265205 -104.17015
-58.72361 -16.82447 -116.00611
-60.865334 -27.286354 -126.19822
-62.353477 -32.302162 -134.94603
-63.67295 -34.78614 -142.07239
-64.84815 -35.83457 -148.57059
-65.9996 -36.35784 -155.05882
-66.94989 -36.66932 -161.76901
-67.70993 -36.751534 -168.59608
-68.279526 -36.621864 -175.79688
-68.654945 -36.09025 -184.47981
-68.7738 -34.981407 -195.50937
-68.617744 -33.32737 -208.78563
-68.398445 -31.608665 -222.87025
-68.44496 -30.462975 -236.2021
-68.9549 -30.185112 -248.31836
-69.90968 -30.465645 -259.5367
-71.18092 -30.599525 -270.47922
-72.44742 -30.097664 -281.7282
-73.45032 -28.803627 -293.5441
-74.28086 -26.545784 -305.76852
-75.159836 -23.193336 -318.09753
-76.27886 -18.83448 -330.25577
-77.784584 -13.898201 -342.12924
-79.74831 -9.048546 -353.7381
-82.14765 -4.794823 -365.12888
-84.89382 -1.15757 -376.32263
-87.83735 2.134071 -387.39114
-90.82958 5.327385 -398.53876
-93.79583 8.606514 -410.02036
-96.59658 12.01368 -422.01938
-99.01365 15.448921 -434.2683
-100.95761 18.708244 -446.04608
-102.73323 21.78289 -457.42398
-104.46942 24.713356 -468.27634
-106.51166 27.888786 -480.1211
-108.91414 31.22335 -492.8077
-111.73237 34.4535 -506.85455
-114.99912 35.576164 -522.4832
-117.61362 36.084694 -538.6155
-118.53701 40.892845 -554.1107
-118.83995 47.52616 -567.19354
-119.78492 53.085014 -578.0757
-121.51816 55.71795 -587.6504
-123.89045 56.737144 -597.10504
-126.58339 56.70376 -607.5859
-127.875374 52.98542 -620.6376
-125.860664 46.6838 -636.0148
-122.31676 41.63421 -652.0426
-120.753845 38.46029 -667.31793
-121.22321 36.96351 -680.9421
-122.36555 36.92051 -692.7279
-123.716606 37.585655 -703.3445
-125.039734 38.35569 -713.8111
-126.196754 38.790154 -724.8275
-127.12156 38.812096 -736.607
-127.86456 38.514854 -749.115
-128.57475 38.024254 -762.19037
-129.41324 37.524315 -775.56903
-130.50412 37.16932 -788.99896
-131.813 36.996223 -802.31195
-133.13953 36.929955 -815.4076
-134.28027 36.818047 -828.2486
-135.16628 36.623436 -840.7439
-135.9275 36.538002 -852.34357
-136.68054 36.7284 -862.6333
-137.48457 37.1473 -871.9459
-138.35779 37.78492 -880.13025
-139.32283 38.674217 -887.9688
-140.34709 39.90368 -895.783
-141.52179 41.42031 -903.98816
-142.87012 43.271675 -912.7917
-144.21088 45.386116 -921.2524
-145.65361 47.94306 -929.95557
-147.11975 50.704216 -938.3093
-148.8667 54.270744 -947.2092
-151.36722 59.34687 -956.36127
-154.4526 64.774956 -966.81696
-156.15254 67.05401 -979.21094
-156.49986 65.47378 -992.15735
-156.64507 61.348274 -1004.65515
-157.09575 56.08854 -1016.53375
-156.92418 50.08645 -1027.8109
-158.76186 41.16375 -1035.5726
-160.69833 30.351402 -1039.4851
-162.53569 20.020592 -1039.9531
-163.63075 9.699486 -1038.7031
-163.29436 -0.685509 -1037.5458
-162.12943 -10.44265 -1036.7045
-160.20653 -19.544472 -1036.3955
-157.52824 -28.965218 -1038.3757
-152.82242 -39.554283 -1042.2286
-146.94868 -50.383934 -1046.8009
-142.18924 -60.632317 -1051.6686
-140.24625 -69.83767 -1055.8435
-141.17792 -77.798134 -1058.9974
-142.58246 -84.80055 -1060.7894
-142.96252 -93.18601 -1061.5723
-142.25862 -102.578316 -1063.0989
-141.576 -109.92916 -1065.2358
-141.3138 -116.370674 -1065.9673
-140.86792 -121.18685 -1065.0707
-140.9836 -124.24968 -1064.024
-141.22572 -126.07703 -1063.235
-141.474 -127.451385 -1062.5918
-141.80438 -128.6659 -1062.046
-142.35738 -129.8977 -1061.6
-143.19247 -131.23117 -1061.2692
-144.16216 -132.55838 -1061.0671
-145.21524 -134.0008 -1060.9437
-146.16415 -135.4201 -1060.9047
-147.12717 -136.80598 -1060.9738
-148.14882 -138.10089 -1061.1136
-148.47969 -138.84552 -1061.0804
-19.642586 -2.07653 -47.42223
-26.884026 2.182106 -52.190426
-31.935814 4.916054 -60.613968
-37.463295 6.333061 -69.70047
-43.466057 5.726906 -80.39313
-49.483284 2.735603 -92.12526
-54.962242 -4.684944 -104.591866
-58.547874 -16.332481 -116.55286
-60.69091 -26.843071 -126.69526
-62.156624 -31.814766 -135.25018
-63.474068 -34.293037 -142.28708
-64.63662 -35.34272 -148.69173
-65.78357 -35.86947 -155.1389
-66.73473 -36.19204 -161.82425
-67.495605 -36.285088 -168.62698
-68.06857 -36.16668 -175.80759
-68.44782 -35.64704 -184.46446
-68.57227 -34.550774 -195.47069
-68.42136 -32.906822 -208.73161
-68.20506 -31.193855 -222.81679
-68.253105 -30.051292 -236.16823
-68.766174 -29.778465 -248.31796
-69.72663 -30.067528 -259.56494
-71.00251 -30.209984 -270.51398
-72.26975 -29.713387 -281.7437
-73.27038 -28.420906 -293.52512
-74.097 -26.163002 -305.71228
-74.97019 -22.812096 -318.00568
-76.08165 -18.459663 -330.13428
-77.58072 -13.533882 -341.99588
-79.54285 -8.694038 -353.61612
-81.94635 -4.446114 -365.03293
-84.69828 -0.811699 -376.25082
-87.645546 2.478584 -387.33295
-90.63966 5.671867 -398.48447
-93.60722 8.951973 -409.96396
-96.40902 12.361153 -421.95728
-98.8268 15.799675 -434.19827
-100.7707 19.063896 -445.96884
-102.544044 22.145561 -457.3456
-104.27595 25.084236 -468.19766
-106.312164 28.269844 -480.0438
-108.70871 31.615273 -492.73532
-111.52469 34.855812 -506.79626
-114.80298 35.990456 -522.49396
-117.42561 36.49299 -538.63776
-118.34853 41.266487 -553.99506
-118.650826 47.87365 -566.99817
-119.58281 53.4401 -577.9017
-121.31007 56.1325 -587.6009
-123.67568 57.223274 -597.1674
-126.36681 57.22721 -607.7558
-127.64409 53.49804 -620.87787
-125.61025 47.13233 -636.18933
-122.09684 42.007927 -652.12585
-120.58123 38.79693 -667.37384
-121.07219 37.28756 -680.9819
-122.21895 37.237892 -692.7409
-123.56932 37.90081 -703.3357
-124.89415 38.667763 -713.7953
-126.05719 39.094154 -724.81824
-126.989426 39.102226 -736.6076
-127.739296 38.788643 -749.1243
-128.4555 38.28347 -762.2061
-129.29892 37.7725 -775.58716
-130.3934 37.40989 -789.0165
-131.7045 37.231987 -802.3276
-133.03204 37.163124 -815.4214
-134.17322 37.05007 -828.2617
-135.05966 36.854317 -840.7565
-135.82161 36.766884 -852.3532
-136.57564 36.9542 -862.6373
-137.38077 37.3693 -871.94476
-138.25482 38.002785 -880.1236
-139.22067 38.887154 -887.9562
-140.24579 40.11065 -895.7617
-141.42188 41.621284 -903.96295
-142.7717 43.466362 -912.7629
-144.1134 45.5745 -921.2171
-145.5567 48.12507 -929.9138
-147.02289 50.881447 -938.2628
-148.76743 54.442726 -947.155
-151.2603 59.507286 -956.29614
-154.34642 64.93276 -966.7603
-156.06406 67.22115 -979.1894
-156.42227 65.63659 -992.1809
-156.57228 61.49784 -1004.7113
-157.02798 56.226707 -1016.6053
-156.85109 50.212257 -1027.8885
-158.67113 41.24804 -1035.72
-160.62141 30.394417 -1039.6598
-162.4651 20.012505 -1040.1069
-163.57791 9.677513 -1038.8396
-163.23947 -0.696205 -1037.6826
-162.07402 -10.446938 -1036.8478
-160.167 -19.540062 -1036.5426
-157.50122 -28.935982 -1038.512
-152.80215 -39.507454 -1042.3491
-146.93909 -50.33732 -1046.9105
-142.19366 -60.590797 -1051.769
-140.26044 -69.802704 -1055.9331
-141.1944 -77.76895 -1059.0745
-142.60046 -84.78112 -1060.8658
-142.98558 -93.17729 -1061.6523
-142.28035 -102.56826 -1063.1732
-141.59451 -109.91417 -1065.2998
-141.33145 -116.366516 -1066.0282
-140.88464 -121.198685 -1065.1393
-140.99602 -124.26922 -1064.0918
-141.2345 -126.099884 -1063.3
-141.48004 -127.47628 -1062.6548
-141.80753 -128.69226 -1062.1078
-142.35611 -129.92511 -1061.6614
-143.18466 -131.25928 -1061.3317
-144.14694 -132.58647 -1061.1306
-145.19241 -134.02777 -1061.0068
-146.13571 -135.44447 -1060.9648
-147.09656 -136.82697 -1061.0309
-148.12267 -138.11705 -1061.1636
-19.642601 -2.076546 -47.42223
-26.448677 2.760078 -52.20384
-31.49044 5.526939 -60.67674
-37.062263 6.955132 -69.841545
-43.124702 6.339806 -80.61712
-49.17814 3.336098 -92.43278
-54.676125 -4.11573 -105.05477
-58.25007 -15.849861 -117.12627
-60.40394 -26.408272 -127.212204
-61.859215 -31.336708 -135.5721
-63.182335 -33.809334 -142.51965
-64.335526 -34.860313 -148.8295
-65.4802 -35.39045 -155.23497
-66.43394 -35.72387 -161.8924
-67.19737 -35.827507 -168.66815
-67.77548 -35.720192 -175.82605
-68.16036 -35.212334 -184.45406
-68.292336 -34.12838 -195.4345
-68.14816 -32.494316 -208.67812
-67.93596 -30.78698 -222.76335
-67.98636 -29.647484 -236.13548
-68.5038 -29.379631 -248.32109
-69.47163 -29.67701 -259.59897
-70.75375 -29.827904 -270.55545
-72.02272 -29.336418 -281.76538
-73.021 -28.045494 -293.51132
-73.84285 -25.787529 -305.66116
-74.70921 -22.438179 -317.9201
-75.81261 -18.092049 -330.02188
-77.30608 -13.176567 -341.87546
-79.26911 -8.346367 -353.51077
-81.67969 -4.104118 -364.95618
-84.43953 -0.472496 -376.1999
-87.39167 2.816505 -387.2965
-90.387886 6.009789 -398.45175
-93.35628 9.29084 -409.928
-96.15822 12.701988 -421.9137
-98.5755 16.14373 -434.14435
-100.518005 19.412712 -445.9055
-102.287704 22.50129 -457.28085
-104.01386 25.44802 -468.1331
-106.04244 28.64367 -479.98193
-108.43147 31.999702 -492.67993
-111.24376 35.25045 -506.756
-114.533035 36.396812 -522.5226
-117.16411 36.893486 -538.6739
-118.08766 41.633003 -553.887
-118.39002 48.21441 -566.8086
-119.308105 53.78797 -577.7383
-121.02523 56.53823 -587.5669
-123.37584 57.70043 -597.24994
-126.05614 57.7362 -607.9459
-127.31575 53.99836 -621.1274
-125.27095 47.565987 -636.34845
-121.80249 42.36628 -652.18713
-120.344666 39.124413 -667.42126
-120.862015 37.605293 -681.02386
-122.015396 37.549232 -692.7607
-123.36619 38.21044 -703.3367
-124.69399 38.97547 -713.79034
-125.86481 39.394646 -724.8188
-126.80644 39.38865 -736.61554
-127.56522 39.058052 -749.1384
-128.28949 38.537956 -762.22516
-129.13971 38.015984 -775.6085
-130.23926 37.645836 -789.03796
-131.5535 37.463173 -802.348
-132.88255 37.391838 -815.4399
-134.02429 37.277626 -828.279
-134.91132 37.080757 -840.7724
-135.67435 36.9914 -852.366
-136.42996 37.17565 -862.6449
-137.23688 37.58706 -871.9478
-138.11252 38.216515 -880.12225
-139.08006 39.09603 -887.9495
-140.10693 40.313637 -895.7469
-141.28546 41.818306 -903.9446
-142.63779 43.657295 -912.7413
-143.9813 45.759285 -921.18933
-145.42596 48.303658 -929.87964
-146.8928 51.055336 -938.22424
-148.63538 54.611397 -947.1094
-151.1219 59.664574 -956.2427
-154.20981 65.08752 -966.7158
-155.9447 67.38509 -979.17346
-156.3146 65.79626 -992.20514
-156.47069 61.64457 -1004.76685
-156.93259 56.362236 -1016.67664
-156.75032 50.33503 -1027.9645
-158.54448 41.32563 -1035.8711
-160.50998 30.43296 -1039.8379
-162.37378 20.00306 -1040.2482
-163.50467 9.654961 -1038.9647
-163.16135 -0.705315 -1037.8085
-161.99579 -10.447578 -1036.9784
-160.10423 -19.530434 -1036.6796
-157.45398 -28.903435 -1038.6371
-152.76447 -39.456825 -1042.4583
-146.91264 -50.28457 -1047.0125
-142.18193 -60.543922 -1051.8649
-140.25891 -69.76584 -1056.0198
-141.1977 -77.74059 -1059.1536
-142.6076 -84.7623 -1060.9504
-142.99673 -93.16873 -1061.7399
-142.28973 -102.55698 -1063.2496
-141.60178 -109.897964 -1065.3643
-141.33829 -116.36215 -1066.0896
-140.89018 -121.20976 -1065.21
-140.99768 -124.28839 -1064.1599
-141.233 -126.12277 -1063.3636
-141.47621 -127.50145 -1062.7153
-141.80124 -128.71904 -1062.1664
-142.34616 -129.95316 -1061.7183
-143.16934 -131.2884 -1061.3873
-144.12555 -132.61603 -1061.1847
-145.1648 -134.05646 -1061.0586
-146.10349 -135.47066 -1061.0132
-147.06232 -136.84998 -1061.0765
-148.09253 -138.1355 -1061.2037
-148.47969 -138.84552 -1061.0806
-25.900932 3.316002 -52.285263
-30.93261 6.112953 -60.81254
-36.549538 7.551933 -70.05527
-36.549538 7.551918 -70.05526
-42.670097 6.927834 -80.90497
-48.75393 3.912209 -92.79497
-54.256294 -3.569679 -105.55932
-57.810493 -15.386879 -117.721954
-59.98649 -25.991142 -127.74428
-61.44587 -30.878075 -135.9099
-62.783867 -33.3453 -142.76974
-63.93183 -34.397484 -148.98491
-65.07694 -34.93087 -155.34865
-66.035225 -35.274757 -161.9749
-66.8033 -35.388557 -168.72093
-67.388626 -35.291862 -175.85341
-67.78122 -34.79531 -184.4497
-67.922874 -33.723183 -195.4019
-67.78724 -32.09861 -208.62617
-67.580376 -30.396675 -222.71082
-67.63409 -29.260063 -236.10468
-68.157295 -28.997017 -248.32843
-69.13442 -29.302376 -259.63937
-70.424644 -29.461372 -270.60437
-71.6964 -28.97483 -281.79425
-72.69231 -27.68534 -293.50403
-73.50846 -25.4273 -305.61703
-74.36678 -22.079445 -317.8437
-75.46172 -17.739372 -329.9225
-76.95097 -12.833809 -341.77267
-78.91791 -8.012794 -353.4271
-81.33891 -3.776009 -364.90378
-84.1091 -0.147057 -376.1749
-87.06742 3.140709 -387.2869
-90.065994 6.333946 -398.44568
-93.03467 9.615898 -409.9173
-95.835625 13.028984 -421.89322
-98.25097 16.473839 -434.1109
-100.19045 19.747337 -445.86023
-101.95497 22.842567 -457.23355
-103.673805 25.79705 -468.08664
-105.692856 29.002281 -479.93967
-108.07258 32.368538 -492.64615
-110.879555 35.629066 -506.73825
-114.17901 36.78666 -522.5722
-116.8187 37.277702 -538.7261
-117.74414 41.984596 -553.7899
-118.04738 48.541252 -566.6295
-118.95066 54.120857 -577.5905
-120.652756 56.925285 -587.5521
-122.978745 58.157845 -597.3552
-125.6375 58.217613 -608.15656
-126.87572 54.469826 -621.3821
-124.82955 47.965523 -636.4835
-121.423065 42.694725 -652.2193
-120.03512 39.43403 -667.4577
-120.584274 37.909798 -681.0679
-121.74675 37.84774 -692.7886
-123.09926 38.50782 -703.3492
-124.431465 39.2723 -713.79834
-125.61206 39.685326 -724.83124
-126.565315 39.66532 -736.63226
-127.33541 39.317375 -749.1581
-128.07008 38.78231 -762.24805
-128.9292 38.249565 -775.6335
-130.03546 37.8722 -789.06384
-131.35394 37.68499 -802.3737
-132.68506 37.611214 -815.4638
-133.82762 37.495903 -828.3009
-134.71535 37.29801 -840.79205
-135.47981 37.206764 -852.3822
-136.23769 37.388084 -862.65656
-137.04724 37.795937 -871.956
-137.9254 38.421516 -880.1272
-138.89563 39.29641 -887.95013
-139.92531 40.50834 -895.73987
-141.10744 42.007317 -903.93463
-142.46344 43.840523 -912.72845
-143.80978 45.93656 -921.1706
-145.25679 48.475 -929.85504
-146.72504 51.22213 -938.19574
-148.46616 54.7732 -947.07495
-150.94803 59.815468 -956.2038
-154.03896 65.235954 -966.6867
-155.7903 67.54232 -979.1648
-156.17259 65.949394 -992.2296
-156.33617 61.785316 -1004.8207
-156.80559 56.492287 -1016.74677
-156.6173 50.450157 -1028.0342
-158.37152 41.379417 -1036.0007
-160.35657 30.457802 -1040.0055
-162.26163 19.992073 -1040.3766
-163.41145 9.631996 -1039.0779
-163.0613 -0.7127 -1037.9209
-161.8971 -10.444542 -1037.0923
-160.02028 -19.515999 -1036.802
-157.38887 -28.869041 -1038.7466
-152.71236 -39.405067 -1042.5521
-146.87218 -50.228737 -1047.1024
-142.15608 -60.4943 -1051.952
-140.2431 -69.72812 -1056.1023
-141.18758 -77.71313 -1059.235
-142.60199 -84.74444 -1061.0437
-142.99504 -93.16058 -1061.833
-142.2874 -102.54509 -1063.3247
-141.59857 -109.88115 -1065.4272
-141.3346 -116.357285 -1066.151
-140.8837 -121.21966 -1065.2805
-140.98753 -124.30715 -1064.227
-141.22021 -126.145966 -1063.4259
-141.46149 -127.527275 -1062.774
-141.78458 -128.74664 -1062.2219
-142.32683 -129.98213 -1061.7711
-143.14627 -131.31857 -1061.4369
-144.09834 -132.64673 -1061.2307
-145.13324 -134.0864 -1061.1006
-146.06857 -135.49802 -1061.0511
-147.02571 -136.87427 -1061.1117
-148.05997 -138.1554 -1061.2347
-148.4797 -138.84554 -1061.0803
-25.22718 3.832237 -52.448696
-30.248863 6.660255 -61.033596
-35.911034 8.109261 -70.35262
-35.91105 8.109245 -70.352615
-42.08692 7.476952 -81.2648
-48.193794 4.450233 -93.216995
-53.68293 -3.059715 -106.105934
-57.20806 -14.954521 -118.3351
-59.419273 -25.60157 -128.28615
-60.9002 -30.449745 -136.26149
-62.263832 -32.91195 -143.037
-63.411537 -33.965218 -149.15909
-64.56036 -34.50164 -155.48164
-65.5256 -34.85534 -162.07338
-66.30066 -34.978676 -168.78685
-66.89552 -34.89187 -175.89111
-67.29823 -34.40589 -184.45276
-67.45202 -33.34481 -195.37413
-67.32693 -31.729057 -208.57695
-67.12675 -30.032143 -222.66026
-67.1849 -28.898277 -236.07672
-67.7155 -28.639656 -248.34082
-68.70407 -28.952522 -259.6869
-70.00448 -29.119072 -270.66153
-71.28026 -28.637154 -281.83118
-72.27377 -27.349037 -293.50485
-73.08321 -25.090874 -305.58206
-73.93222 -21.744392 -317.77942
-75.01839 -17.409966 -329.8403
-76.50506 -12.513695 -341.6928
-78.47942 -7.701256 -353.37088
-80.91469 -3.469551 -364.88153
-83.698074 0.156914 -376.18155
-86.664024 3.443474 -387.30972
-89.66512 6.63665 -398.47165
-92.63342 9.919502 -409.93707
-95.43217 13.334312 -421.90082
-97.84387 16.782066 -434.1025
-99.77841 20.059837 -445.83734
-101.53601 23.161263 -457.208
-103.2457 26.122993 -468.0626
-105.25306 29.337181 -479.92166
-107.621475 32.71299 -492.6387
-110.42131 35.982643 -506.7477
-113.72978 37.150703 -522.6464
-116.37823 37.636482 -538.7968
-117.307045 42.31295 -553.7076
-117.6121 48.846397 -566.46564
-118.49971 54.430244 -577.4637
-120.18103 57.28199 -587.5599
-122.471176 58.58213 -597.4852
-125.095924 58.656944 -608.388
-126.30777 54.890434 -621.6358
-124.27113 48.303795 -636.58307
-120.9468 42.974007 -652.21344
-119.642845 39.715797 -667.4797
-120.23 38.193703 -681.1136
-121.40438 38.12629 -692.8255
-122.75996 38.785713 -703.3752
-124.09813 39.55091 -713.8214
-125.29072 39.959145 -724.8573
-126.25821 39.925697 -736.659
-127.04235 39.56054 -749.1841
-127.79022 39.01075 -762.27527
-128.66063 38.467735 -775.66254
-129.77547 38.083626 -789.09485
-131.09943 37.892204 -802.4056
-132.43323 37.816124 -815.4941
-133.57678 37.699776 -828.3282
-134.46533 37.500954 -840.8158
-135.23169 37.407936 -852.4024
-135.99265 37.586494 -862.67303
-136.80577 37.991005 -871.9703
-137.68753 38.612984 -880.13983
-138.66159 39.483513 -887.9597
-139.69531 40.690224 -895.7427
-140.88239 42.18389 -903.9352
-142.24341 44.011635 -912.72675
-143.59377 46.102135 -921.1635
-145.04434 48.63494 -929.84265
-146.51486 51.377876 -938.18005
-148.25519 54.92437 -947.0547
-150.7344 59.956474 -956.1834
-153.82973 65.374596 -966.6765
-155.59633 67.68923 -979.16516
-155.99167 66.09246 -992.2544
-156.1643 61.91677 -1004.872
-156.64273 56.61376 -1016.8145
-156.44992 50.553795 -1028.0931
-158.16252 41.399178 -1036.0842
-160.16454 30.463295 -1040.1481
-162.12682 19.979042 -1040.4913
-163.29959 9.609032 -1039.1763
-162.94241 -0.718056 -1038.0161
-161.7811 -10.437874 -1037.1862
-159.9178 -19.497078 -1036.9065
-157.30786 -28.83329 -1038.8389
-152.64853 -39.354134 -1042.6288
-146.82098 -50.173058 -1047.1766
-142.11862 -60.44474 -1052.0267
-140.21478 -69.6906 -1056.1792
-141.16373 -77.68658 -1059.3195
-142.5813 -84.72794 -1061.1461
-142.97943 -93.153145 -1061.9309
-142.2742 -102.53331 -1063.3949
-141.58597 -109.86443 -1065.487
-141.32108 -116.35177 -1066.2122
-140.86511 -121.22814 -1065.3502
-140.96478 -124.32553 -1064.2932
-141.19495 -126.169685 -1063.487
-141.43456 -127.55408 -1062.8312
-141.75629 -128.77542 -1062.2756
-142.2972 -130.01227 -1061.8209
-143.11508 -131.3498 -1061.4814
-144.06549 -132.67833 -1061.2701
-145.09845 -134.11703 -1061.134
-146.03185 -135.52603 -1061.08
-146.98769 -136.8992 -1061.1381
-148.02596 -138.17609 -1061.2578
-24.419487 4.284798 -52.707573
-29.425957 7.153694 -61.352352
-35.13305 8.611732 -70.74461
-35.133034 8.611732 -70.74461
-41.3601 7.972054 -81.70464
-47.480858 4.935295 -93.70371
-52.93618 -2.599953 -106.69433
-56.421608 -14.56472 -118.95993
-58.683037 -25.250313 -128.8317
-60.20585 -30.063545 -136.62425
-61.607536 -32.521248 -143.32062
-62.76087 -33.575523 -149.35295
-63.917213 -34.114662 -155.63562
-64.89208 -34.477165 -162.1893
-65.67683 -34.609093 -168.86737
-66.28382 -34.531258 -175.94046
-66.69934 -34.054756 -184.46451
-66.868004 -33.00358 -195.3525
-66.755646 -31.395836 -208.53162
-66.56369 -29.703484 -222.61272
-66.627556 -28.57209 -236.05247
-67.16734 -28.317467 -248.35887
-68.16973 -28.637062 -259.7421
-69.48267 -28.810432 -270.7275
-70.76389 -28.33268 -281.87717
-71.75502 -27.04583 -293.51495
-72.55665 -24.78759 -305.55838
-73.395 -21.442314 -317.7305
-74.4721 -17.112984 -329.7795
-75.95819 -12.225029 -341.64096
-77.94403 -7.420403 -353.3477
-80.3979 -3.193275 -364.89505
-83.19763 0.430977 -376.22537
-86.17279 3.716499 -387.37042
-89.17661 6.909615 -398.5351
-92.14373 10.193214 -409.99265
-94.93883 13.609596 -421.9414
-97.34493 17.05999 -434.12372
-99.27238 20.34159 -445.84106
-101.021065 23.448631 -457.2084
-102.71953 26.416847 -468.06525
-104.71295 29.639122 -479.9324
-107.06784 33.023537 -492.66238
-109.85839 36.30137 -506.789
-113.17439 37.478905 -522.7483
-115.83157 37.959953 -538.8883
-116.765526 42.609 -553.6438
-117.0736 49.12127 -566.3222
-117.94464 54.706627 -577.36316
-119.59838 57.59414 -587.5932
-121.83957 58.954826 -597.64087
-124.41629 59.037422 -608.63947
-125.59477 55.23031 -621.8795
-123.57963 48.54249 -636.63116
-120.36152 43.17991 -652.1589
-119.158165 39.958656 -667.48376
-119.79028 38.449028 -681.1606
-120.9797 38.37702 -692.8724
-122.33987 39.03602 -703.41626
-123.68559 39.803062 -713.86115
-124.89262 40.208168 -724.8982
-125.87731 40.162514 -736.69653
-126.67866 39.78083 -749.21686
-127.442795 39.216988 -762.30676
-128.32721 38.664436 -775.69574
-129.4527 38.274223 -789.1312
-130.78355 38.078987 -802.44415
-132.12076 38.000893 -815.5313
-133.26547 37.8836 -828.36145
-134.15501 37.683876 -840.8441
-134.92383 37.589287 -852.4271
-135.68875 37.765404 -862.695
-136.50653 38.16691 -871.9912
-137.39297 38.78559 -880.161
-138.37218 39.65223 -887.9795
-139.4114 40.854164 -895.7569
-140.60493 42.34304 -903.94806
-141.97252 44.165886 -912.73816
-143.32828 46.251366 -921.1701
-144.7837 48.779106 -929.84467
-146.25745 51.518272 -938.17944
-147.99786 55.060646 -947.0513
-150.47685 60.083504 -956.18494
-153.57819 65.499596 -966.6888
-155.35837 67.82165 -979.17596
-155.7674 66.22149 -992.27875
-155.95082 62.0353 -1004.91907
-156.43979 56.723244 -1016.8782
-156.24823 50.644585 -1028.1401
-157.94409 41.395576 -1036.1228
-159.94513 30.446327 -1040.2316
-161.96591 19.95803 -1040.5697
-163.17072 9.586342 -1039.2543
-162.80879 -0.721092 -1038.0889
-161.6516 -10.427864 -1037.2566
-159.80037 -19.474373 -1036.9894
-157.21283 -28.796318 -1038.9132
-152.57458 -39.304893 -1042.6876
-146.76134 -50.11959 -1047.233
-142.07144 -60.39715 -1052.0864
-140.1748 -69.65425 -1056.2487
-141.12486 -77.66139 -1059.4064
-142.53613 -84.71529 -1061.2482
-142.94006 -93.149124 -1062.0206
-142.25026 -102.522224 -1063.4568
-141.56445 -109.84826 -1065.5421
-141.29791 -116.3456 -1066.272
-140.83484 -121.23501 -1065.4169
-140.92958 -124.34325 -1064.3567
-141.15717 -126.19366 -1063.5458
-141.39528 -127.581566 -1062.886
-141.71626 -128.80504 -1062.3264
-142.25726 -130.04321 -1061.8666
-143.07593 -131.38173 -1061.5206
-144.02733 -132.71051 -1061.3024
-145.06085 -134.1481 -1061.1594
-145.99376 -135.55438 -1061.1002
-146.9487 -136.92456 -1061.1559
-147.99097 -138.19733 -1061.2734
-19.642601 -2.07653 -47.422226
-23.495949 4.590446 -53.083656
-28.471504 7.497124 -61.795166
-34.217308 8.961433 -71.24658
-34.217308 8.961449 -71.24658
-40.482475 8.316597 -82.22414
-46.600212 5.27282 -94.238884
-51.991386 -2.279991 -107.280556
-55.42428 -14.293419 -119.52796
-57.754936 -25.005882 -129.31686
-59.34835 -29.794823 -136.96136
-60.804054 -32.249367 -143.59688
-61.972176 -33.304314 -149.5559
-63.14147 -33.84536 -155.80565
-64.12926 -34.213966 -162.32011
-64.927 -34.35189 -168.96237
-65.549034 -34.28031 -176.00325
-65.98023 -33.810402 -184.4893
-66.16656 -32.766136 -195.34366
-66.06909 -31.163948 -208.49826
-65.88691 -29.4748 -222.576
-65.9579 -28.345116 -236.03745
-66.508705 -28.09327 -248.38425
-67.52722 -28.41758 -259.80334
-68.855 -28.595665 -270.8001
-70.14336 -28.120766 -281.9325
-71.13247 -26.834785 -293.53943
-71.92539 -24.576515 -305.5564
-72.752045 -21.232155 -317.713
-73.82072 -16.90635 -329.76187
-75.3097 -12.024178 -341.64218
-77.31237 -7.224968 -353.38266
-79.789825 -3.001015 -364.96674
-82.60912 0.621681 -376.32593
-85.59507 3.906471 -387.4869
-88.60162 7.099556 -398.65323
-91.56633 10.383675 -410.10095
-94.35579 13.801216 -422.032
-96.75372 17.253426 -434.19174
-98.67133 20.537697 -445.88873
-100.40893 23.648598 -457.25204
-102.09409 26.6213 -468.11243
-104.07142 29.849236 -479.98996
-106.41079 33.239693 -492.73526
-109.18972 36.523216 -506.87863
-112.509766 37.7073 -522.8842
-115.174614 38.18508 -539.0035
-116.11598 42.81504 -553.61884
-116.42862 49.312218 -566.23035
-117.283615 54.89451 -577.319
-118.901794 57.793816 -587.665
-121.07785 59.19233 -597.819
-123.58954 59.277092 -608.8947
-124.726265 55.39541 -622.07556
-122.750725 48.592735 -636.5887
-119.666725 43.24758 -652.0324
-118.57885 40.10972 -667.4582
-119.261795 38.62554 -681.20374
-120.469574 38.550774 -692.93024
-121.83618 39.209526 -703.4773
-123.19114 39.97982 -713.92334
-124.414925 40.384865 -724.9583
-125.41978 40.330635 -736.74744
-126.24157 39.935875 -749.2569
-127.02512 39.361 -762.3419
-127.92629 38.80137 -775.7319
-129.06467 38.406837 -789.17206
-130.40387 38.208916 -802.4891
-131.74524 38.129433 -815.57544
-132.89137 38.011482 -828.40045
-133.78212 37.811165 -840.87634
-134.55392 37.715492 -852.4559
-135.32375 37.88987 -862.72327
-136.1474 38.28927 -872.02106
-137.03993 38.905678 -880.19415
-138.0258 39.76963 -888.01385
-139.0722 40.968285 -895.78827
-140.274 42.453835 -903.97986
-141.64987 44.273247 -912.7697
-143.01262 46.355232 -921.19855
-144.4745 48.87954 -929.87054
-145.95267 51.61602 -938.2044
-147.69452 55.15545 -947.0764
-150.17744 60.17193 -956.22284
-153.28677 65.58657 -966.73694
-155.07608 67.91378 -979.2028
-155.49814 66.31124 -992.2997
-155.69391 62.117775 -1004.95374
-156.1948 56.7994 -1016.9273
-156.01262 50.70559 -1028.1674
-157.72862 41.374382 -1036.1262
-159.71814 30.407646 -1040.236
-161.78595 19.92553 -1040.5941
-163.02701 9.56414 -1039.3075
-162.66476 -0.72155 -1038.1361
-161.51279 -10.414848 -1037.3016
-159.67285 -19.44886 -1037.049
-157.10643 -28.75843 -1038.9701
-152.49098 -39.25701 -1042.7306
-146.69382 -50.06826 -1047.2723
-142.0151 -60.351494 -1052.132
-140.12257 -69.61934 -1056.3112
-141.06725 -77.63966 -1059.4918
-142.4614 -84.70982 -1061.3351
-142.87473 -93.15024 -1062.0887
-142.21602 -102.51191 -1063.51
-141.53394 -109.83262 -1065.5923
-141.26462 -116.338745 -1066.3293
-140.7934 -121.239914 -1065.478
-140.88295 -124.3595 -1064.4144
-141.10803 -126.216774 -1063.5991
-141.34491 -127.60849 -1062.9353
-141.66573 -128.83421 -1062.3717
-142.20801 -130.07388 -1061.9061
-143.02943 -131.41362 -1061.5527
-143.98407 -132.74292 -1061.3265
-145.02026 -134.17964 -1061.176
-145.95396 -135.58328 -1061.1117
-146.90843 -136.95056 -1061.1652
-147.95474 -138.21927 -1061.2819
-22.548485 4.600121 -53.58389
-27.485374 7.492744 -62.367294
-33.250267 8.957008 -71.83948
-33.25025 8.957008 -71.83947
-39.521492 8.312202 -82.77553
-45.606148 5.268547 -94.745705
-50.89196 -2.28405 -107.73528
-54.260323 -14.296913 -119.86912
-56.679665 -25.009026 -129.58656
-58.380592 -29.798256 -137.17845
-59.90763 -32.252815 -143.79967
-61.104027 -33.307793 -149.73125
-62.293312 -33.848824 -155.96797
-63.297203 -34.217354 -162.4496
-64.11119 -34.355156 -169.06305
-64.75023 -34.28347 -176.0768
-65.19896 -33.813484 -184.53241
-65.404144 -32.769157 -195.36003
-65.32222 -31.166893 -208.49402
-65.150444 -29.477715 -222.567
-65.22956 -28.348015 -236.04234
-65.79243 -28.096138 -248.41731
-66.82771 -28.420372 -259.8622
-68.17138 -28.598396 -270.86908
-69.468414 -28.123466 -281.9931
-70.45655 -26.837471 -293.58493
-71.241066 -24.579231 -305.5944
-72.05679 -21.234886 -317.7566
-73.11997 -16.90902 -329.8265
-74.61743 -12.026756 -341.73993
-76.64305 -7.22744 -353.51578
-79.14805 -3.003471 -365.12872
-81.98853 0.619209 -376.50787
-84.98576 3.904045 -387.67972
-87.99442 7.097145 -398.8453
-90.95515 10.381248 -410.28177
-93.73655 13.798759 -422.19412
-96.12339 17.250923 -434.3303
-98.02827 20.535164 -446.0061
-99.75313 23.646065 -457.36502
-101.42424 26.61866 -468.23013
-103.385025 29.84658 -480.12012
-105.70859 33.236916 -492.88177
-108.47409 36.520393 -507.0366
-111.79102 37.704338 -523.05237
-114.45997 38.182182 -539.1364
-115.41128 42.812416 -553.6699
-115.73028 49.308983 -566.2521
-116.57389 54.88215 -577.387
-118.150375 57.753777 -587.7937
-120.24623 59.142464 -598.00256
-122.67618 59.2201 -609.10425
-123.76719 55.243156 -622.15247
-121.85833 48.34948 -636.409
-118.92768 43.08526 -651.8139
-117.95413 40.067543 -667.38635
-118.68683 38.620583 -681.23114
-119.91511 38.546837 -692.9957
-121.29018 39.20594 -703.5618
-122.65542 39.98133 -714.0135
-123.89653 40.39202 -725.0411
-124.92245 40.337593 -736.81165
-125.76607 39.938576 -749.30164
-126.57058 39.36039 -762.376
-127.48994 38.79975 -775.7656
-128.64236 38.405113 -789.2123
-129.99078 38.207237 -802.5359
-131.33678 38.12777 -815.62286
-132.48444 38.00988 -828.4416
-133.37642 37.809563 -840.9091
-134.15152 37.71389 -852.4864
-134.92702 37.888313 -862.757
-135.75748 38.287712 -872.06055
-136.65729 38.90412 -880.2418
-137.65117 39.76812 -888.0676
-138.70624 40.966866 -895.84436
-139.91771 42.45243 -904.03925
-141.30328 44.27186 -912.8315
-142.67442 46.35395 -921.26086
-144.14423 48.878273 -929.93396
-145.6281 51.61477 -938.27
-147.37363 55.154243 -947.1481
-149.86703 60.17083 -956.319
-152.98615 65.5855 -966.8402
-154.77457 67.91262 -979.25323
-155.20555 66.31008 -992.30975
-155.41396 62.116707 -1004.9582
-155.92664 56.79844 -1016.93933
-155.76132 50.69886 -1028.1555
-157.5261 41.326637 -1036.0975
-159.51524 30.362251 -1040.2057
-161.60667 19.890099 -1040.5875
-162.87273 9.543312 -1039.3333
-162.51506 -0.719368 -1038.1556
-161.36966 -10.399345 -1037.3202
-159.54141 -19.421867 -1037.0841
-156.9917 -28.720512 -1039.0089
-152.39742 -39.21003 -1042.7587
-146.61815 -50.01803 -1047.2974
-141.94962 -60.30683 -1052.166
-140.057 -69.58583 -1056.3663
-140.988 -77.625244 -1059.5653
-142.37097 -84.71294 -1061.4005
-142.80412 -93.15306 -1062.1412
-142.17348 -102.501945 -1063.5565
-141.49414 -109.81747 -1065.6384
-141.2207 -116.33137 -1066.383
-140.74182 -121.24253 -1065.5317
-140.82645 -124.37329 -1064.4637
-141.04924 -126.23759 -1063.6442
-141.28525 -127.63315 -1062.9764
-141.60637 -128.86124 -1062.4082
-142.15083 -130.1028 -1061.9369
-142.9764 -131.44456 -1061.5756
-143.93579 -132.77534 -1061.3412
-144.97617 -134.21199 -1061.1829
-145.9117 -135.6133 -1061.1134
-146.86607 -136.97768 -1061.1654
-147.91663 -138.24228 -1061.283
-148.4797 -138.84552 -1061.0803
-21.72065 4.295357 -54.138607
-26.643211 7.11747 -62.974472
-32.40275 8.574883 -72.42258
-32.40275 8.574867 -72.42258
-38.64469 7.935707 -83.261635
-44.670036 4.899651 -95.130844
-49.825447 -2.633736 -107.96745
-53.12818 -14.593376 -119.90616
-55.64086 -25.276146 -129.57726
-57.469368 -30.091942 -137.2281
-59.07348 -32.54992 -143.88742
-60.30744 -33.604164 -149.84557
-61.520683 -34.14315 -156.09286
-62.54119 -34.504936 -162.55438
-63.37191 -34.63624 -169.15167
-64.026985 -34.557747 -176.14848
-64.49209 -34.08056 -184.58736
-64.71404 -33.02865 -195.40048
-64.64556 -31.42028 -208.52171
-64.48302 -29.727654 -222.58932
-64.569855 -28.596077 -236.06773
-65.143616 -28.341164 -248.45273
-66.19336 -28.660255 -259.908
-67.551155 -28.833076 -270.92175
-68.85697 -28.355034 -282.04828
-69.84541 -27.068123 -293.64462
-70.62329 -24.809898 -305.66827
-71.4309 -21.464561 -317.85767
-72.49278 -17.134865 -329.96762
-74.0032 -12.246269 -341.9232
-76.05418 -7.441048 -353.72986
-78.5859 -3.213585 -365.358
-81.445496 0.410835 -376.74393
-84.45245 3.696419 -387.91916
-87.46223 6.889534 -399.08163
-90.41794 10.173073 -410.50748
-93.19016 13.589378 -422.4033
-95.56475 17.039574 -434.51926
-97.45617 20.3209 -446.1769
-99.168915 23.427513 -457.5317
-100.827614 26.39518 -468.402
-102.774445 29.616905 -480.30435
-105.084724 33.000725 -493.08057
-107.83727 36.277977 -507.2391
-111.14406 37.454735 -523.2247
-113.81256 37.936134 -539.2644
-114.77471 42.587242 -553.7929
-115.10086 49.098747 -566.39166
-115.9402 54.65896 -577.5635
-117.47646 57.471046 -587.962
-119.49073 58.80311 -598.1612
-121.835495 58.86187 -609.22876
-122.88692 54.807167 -622.0962
-121.063194 47.877586 -636.1275
-118.276695 42.726646 -651.5428
-117.3937 39.8294 -667.2788
-118.16578 38.42272 -681.2366
-119.41318 38.353798 -693.05743
-120.79747 39.013847 -703.6562
-122.172264 39.795296 -714.11725
-123.42809 40.216637 -725.13293
-124.472206 40.171104 -736.8786
-125.33521 39.778023 -749.34314
-126.15854 39.205345 -762.4027
-127.094315 38.650276 -775.79065
-128.25952 38.2602 -789.24475
-129.61649 38.065178 -802.5765
-130.96678 37.98728 -815.665
-132.11572 37.87011 -828.47754
-133.00876 37.670464 -840.9363
-133.78702 37.57598 -852.51294
-134.56793 37.752266 -862.7905
-135.40494 38.153954 -872.10315
-136.31201 38.77285 -880.2963
-137.31392 39.63981 -888.13226
-138.37773 40.84214 -895.9167
-139.59862 42.331383 -904.11743
-140.99364 44.154564 -912.91437
-142.3731 46.24044 -921.34796
-143.85097 48.768593 -930.02625
-145.34088 51.507988 -938.36743
-147.09174 55.050606 -947.2567
-149.60086 60.07418 -956.45984
-152.72995 65.49041 -966.9836
-154.50687 67.81194 -979.3196
-154.94084 66.212 -992.3065
-155.15979 62.02662 -1004.9295
-155.68199 56.715187 -1016.9097
-155.53572 50.62011 -1028.1039
-157.34952 41.252235 -1036.0409
-159.33913 30.31324 -1040.1506
-161.43451 19.854347 -1040.5537
-162.7138 9.524818 -1039.3304
-162.36472 -0.714638 -1038.147
-161.2282 -10.382072 -1037.3125
-159.41226 -19.394676 -1037.0945
-156.87096 -28.683708 -1039.0276
-152.29343 -39.16398 -1042.7714
-146.53416 -49.968254 -1047.3092
-141.8749 -60.262627 -1052.1892
-139.97737 -69.55381 -1056.414
-140.89262 -77.618935 -1059.6196
-142.27481 -84.72462 -1061.4381
-142.73183 -93.15697 -1062.1802
-142.12299 -102.4921 -1063.5974
-141.44461 -109.80272 -1065.6808
-141.1658 -116.323616 -1066.4324
-140.68135 -121.242744 -1065.5767
-140.76193 -124.383965 -1064.5026
-140.98279 -126.25503 -1063.6781
-141.21826 -127.65426 -1063.0063
-141.54022 -128.8848 -1062.4337
-142.08748 -130.1288 -1061.9564
-142.91794 -131.47377 -1061.5874
-143.88295 -132.80737 -1061.345
-144.92848 -134.24515 -1061.1791
-145.86667 -135.64453 -1061.1049
-146.82138 -137.00606 -1061.1558
-147.87634 -138.26651 -1061.2759
-19.642616 -2.076561 -47.422226
-21.044212 3.854454 -54.664257
-25.968834 6.618187 -63.524086
-31.712502 8.066429 -72.930504
-31.712502 8.066444 -72.930504
-37.91253 7.434761 -83.65893
-43.873787 4.408867 -95.413734
-48.903282 -3.098946 -108.06982
-52.147743 -14.98774 -119.79978
-54.74465 -25.631477 -129.44162
-56.694496 -30.482643 -137.19527
-58.36892 -32.945213 -143.91199
-59.640114 -33.99845 -149.91809
-60.876183 -34.534645 -156.1855
-61.911568 -34.88755 -162.63516
-62.75721 -35.01014 -169.22403
-63.425957 -34.92263 -176.21066
-63.904915 -34.435814 -184.641
-64.1406 -33.373863 -195.447
-64.08297 -31.757423 -208.56061
-63.928 -30.060173 -222.6232
-64.0214 -28.926125 -236.09944
-64.60427 -28.667152 -248.4849
-65.665695 -28.979424 -259.94223
-67.03508 -29.145317 -270.96057
-68.34862 -28.663063 -282.09427
-69.33793 -27.374886 -293.7035
-70.11081 -25.116722 -305.74957
-70.91255 -21.770164 -317.97275
-71.975204 -17.435326 -330.1265
-73.499054 -12.538322 -342.12323
-75.57336 -7.725243 -353.95493
-78.12821 -3.493111 -365.59027
-81.003685 0.133537 -376.97617
-84.01851 3.420189 -388.15094
-87.028786 6.613365 -399.3097
-89.97963 9.896156 -410.72638
-92.743286 13.310844 -422.60864
-95.10659 16.7584 -434.70834
-96.98586 20.035835 -446.35138
-98.68824 23.136757 -457.70276
-100.33673 26.097862 -468.57782
-102.272446 29.311409 -480.4911
-104.57225 32.68653 -493.27924
-107.313705 35.955467 -507.4376
-110.6083 37.122673 -523.3779
-113.27427 37.60885 -539.3746
-114.24636 42.287697 -553.93396
-114.57916 48.819435 -566.5681
-115.41803 54.366524 -577.768
-116.91975 57.112526 -588.12805
-118.86145 58.372337 -598.289
-121.1295 58.4076 -609.29834
-122.14934 54.299202 -621.98627
-120.40945 47.366127 -635.83545
-117.74524 42.32479 -651.2813
-116.930626 39.5308 -667.168
-117.73252 38.16076 -681.2313
-118.9961 38.09777 -693.1101
-120.38879 38.758842 -703.74347
-121.771515 39.545662 -714.21423
-123.03903 39.978355 -725.2172
-124.09786 39.94497 -736.9383
-124.97688 39.562096 -749.3779
-125.81584 38.998466 -762.4227
-126.76525 38.451393 -775.8088
-127.9411 38.06736 -789.2698
-129.30519 37.876244 -802.6092
-130.65915 37.800346 -815.69965
-131.80917 37.684105 -828.50665
-132.70305 37.48536 -840.9578
-133.48398 37.392464 -852.5345
-134.26953 37.57122 -862.8199
-135.11223 37.975975 -872.1421
-136.0256 38.598183 -880.3473
-137.03455 39.46911 -888.19403
-138.10614 40.676277 -895.9874
-139.33519 42.170357 -904.1946
-140.73834 43.998497 -912.99664
-142.12512 46.089394 -921.43585
-143.61018 48.622597 -930.1206
-145.10556 51.365837 -938.4676
-146.86188 54.912697 -947.36884
-149.38718 59.94558 -956.60406
-152.52509 65.363914 -967.1279
-154.28702 67.67791 -979.3852
-154.72095 66.081474 -992.29755
-154.9482 61.90667 -1004.8891
-155.47772 56.60441 -1016.86444
-155.34865 50.517143 -1028.0391
-157.20134 41.168266 -1035.9684
-159.18814 30.262123 -1040.0747
-161.27399 19.82003 -1040.4927
-162.55664 9.509636 -1039.2979
-162.21912 -0.707619 -1038.1111
-161.09474 -10.364052 -1037.2808
-159.28967 -19.368263 -1037.081
-156.74481 -28.648735 -1039.0243
-152.17865 -39.1195 -1042.7659
-146.4417 -49.91947 -1047.3062
-141.79062 -60.21929 -1052.2002
-139.88287 -69.52398 -1056.4517
-140.78903 -77.61685 -1059.6593
-142.18338 -84.7395 -1061.4569
-142.65845 -93.161545 -1062.2067
-142.06409 -102.48248 -1063.6317
-141.38441 -109.78869 -1065.7178
-141.09933 -116.31586 -1066.4749
-140.61342 -121.24053 -1065.6105
-140.69147 -124.391045 -1064.5289
-140.91086 -126.26837 -1063.6996
-141.14622 -127.67103 -1063.0236
-141.46942 -128.90398 -1062.4469
-142.02 -130.15091 -1061.964
-142.85599 -131.50015 -1061.5874
-143.82721 -132.8379 -1061.3372
-144.87862 -134.27795 -1061.1641
-145.82019 -135.676 -1061.0856
-146.77554 -137.0349 -1061.1355
-147.83484 -138.29147 -1061.2593
-20.51844 3.341713 -55.137142
-25.446968 6.067345 -64.00193
-31.168755 7.505486 -73.35764
-37.321037 6.882057 -83.97315
-43.218987 3.867332 -95.61157
-48.133125 -3.612236 -108.07987
-51.327858 -15.422935 -119.6049
-53.997765 -26.023567 -129.23058
-56.057365 -30.913765 -137.10977
-57.793358 -33.381416 -143.89314
-59.099266 -34.433495 -149.9585
-60.35607 -34.966637 -156.25107
-61.404182 -35.309715 -162.6951
-62.26264 -35.422752 -169.28122
-62.942635 -35.32525 -176.26277
-63.43296 -34.82778 -184.69057
-63.679543 -33.754738 -195.49474
-63.630394 -32.129387 -208.60455
-63.481453 -30.42707 -222.66269
-63.58027 -29.29026 -236.13338
-64.17047 -29.026817 -248.513
-65.24096 -29.331566 -259.96677
-66.619606 -29.489891 -270.98785
-67.93977 -29.002998 -282.13132
-68.93024 -27.713417 -293.7583
-69.699486 -25.45536 -305.83087
-70.497185 -22.107384 -318.09006
-71.561935 -17.766869 -330.28745
-73.09874 -12.860512 -342.3223
-75.193596 -8.038795 -354.17358
-77.76778 -3.801598 -365.8103
-80.656006 -0.172386 -377.19165
-83.676994 3.115471 -388.36346
-86.68736 6.308708 -399.51822
-89.633705 9.590599 -410.92734
-92.38974 13.003502 -422.79895
-94.74308 16.448112 -434.88593
-96.61179 19.72126 -446.5177
-98.305565 22.815971 -457.86618
-99.94602 25.769829 -468.74548
-101.87317 28.974327 -480.66797
-104.16499 32.339836 -493.46555
-106.897194 35.59957 -507.62106
-110.179 36.75625 -523.5093
-112.841255 37.247734 -539.46625
-113.82207 41.957222 -554.07837
-114.160736 48.511482 -566.7582
-115.00172 54.046333 -577.97876
-116.47489 56.72764 -588.28326
-118.35489 57.91239 -598.3903
-120.55624 57.919334 -609.3282
-121.55224 53.7808 -621.85
-119.890305 46.867424 -635.55695
-117.32581 41.921913 -651.0434
-116.56046 39.210915 -667.06213
-117.384026 37.872322 -681.2194
-118.66081 37.815575 -693.15344
-120.06084 38.477837 -703.82104
-121.44997 39.269524 -714.301
-122.72646 39.71337 -725.2917
-123.79683 39.693382 -736.98975
-124.688545 39.322777 -749.40656
-125.54007 38.76992 -762.4372
-126.50046 38.23194 -775.8211
-127.68486 37.854607 -789.28827
-129.05473 37.667732 -802.6347
-130.41164 37.59411 -815.7272
-131.56255 37.478874 -828.52966
-132.4571 37.281136 -840.9742
-133.24023 37.189995 -852.5515
-134.02965 37.3715 -862.8447
-134.87706 37.779625 -872.1763
-135.79578 38.40551 -880.39307
-136.81068 39.280785 -888.2501
-137.88881 40.493202 -896.05304
-139.12473 41.992638 -904.2666
-140.5347 43.82627 -913.0738
-141.92773 45.922737 -921.519
-143.4189 48.461586 -930.2106
-144.919 51.209114 -938.56366
-146.6806 54.760628 -947.4767
-149.22136 59.803734 -956.7418
-152.36679 65.22439 -967.2643
-154.11237 67.53011 -979.4465
-154.5442 65.93749 -992.28546
-154.77776 61.77436 -1004.84357
-155.31273 56.48217 -1016.8118
-155.19843 50.404152 -1027.9691
-157.07971 41.080284 -1035.8854
-159.0606 30.21003 -1039.982
-161.12868 19.788628 -1040.4065
-162.40688 9.498543 -1039.2363
-162.08372 -0.698738 -1038.0509
-160.97467 -10.346016 -1037.2281
-159.17503 -19.342735 -1037.0463
-156.61209 -28.61599 -1038.998
-152.05264 -39.077553 -1042.7394
-146.34055 -49.872612 -1047.2859
-141.69637 -60.177895 -1052.1967
-139.77377 -69.499756 -1056.471
-140.67953 -77.620995 -1059.6793
-142.09882 -84.756065 -1061.4607
-142.58386 -93.16655 -1062.2219
-141.99603 -102.473305 -1063.6582
-141.3131 -109.77652 -1065.744
-141.02188 -116.30973 -1066.5029
-140.53981 -121.236244 -1065.6307
-140.6173 -124.39424 -1064.5421
-140.83582 -126.27712 -1063.7079
-141.07152 -127.68285 -1063.0282
-141.39641 -128.91809 -1062.4473
-141.95085 -130.1682 -1061.9589
-142.79298 -131.52249 -1061.5754
-143.77109 -132.8654 -1061.3179
-144.82912 -134.30872 -1061.1383
-145.7747 -135.70602 -1061.056
-146.731 -137.06268 -1061.1051
-147.7942 -138.31586 -1061.2329
-20.131905 2.780663 -55.554367
-25.060295 5.478783 -64.41354
-30.755394 6.906151 -73.711395
-36.855553 6.291527 -84.21335
-42.69152 3.28878 -95.73499
-47.500587 -4.160622 -108.0115
-50.653313 -15.887901 -119.337036
-53.385902 -26.442497 -128.95786
-55.54418 -31.374352 -136.98047
-57.333595 -33.847435 -143.83769
-58.67176 -34.89834 -149.97124
-59.947243 -35.42817 -156.29297
-61.006157 -35.760765 -162.7366
-61.875526 -35.863594 -169.32486
-62.56463 -35.75541 -176.30577
-63.06402 -35.24662 -184.73608
-63.318962 -34.16166 -195.54291
-63.276176 -32.526802 -208.6523
-63.13189 -30.819038 -222.70651
-63.23516 -29.679314 -236.16884
-63.83111 -29.411064 -248.53728
-64.90836 -29.707771 -259.98276
-66.29412 -29.85804 -271.005
-67.61987 -29.366173 -282.1605
-68.61173 -28.075096 -293.80908
-69.37858 -25.81707 -305.91122
-70.17387 -22.467613 -318.20795
-71.24179 -18.12104 -330.4484
-72.790955 -13.204765 -342.51822
-74.90389 -8.373802 -354.38437
-77.49394 -4.131126 -366.0175
-80.39207 -0.499245 -377.39053
-83.41769 2.789894 -388.5573
-86.42777 5.983162 -399.7079
-89.37003 9.264122 -411.11087
-92.1193 12.675117 -422.97437
-94.46395 16.116615 -435.05182
-96.323555 19.3852 -446.67517
-98.01032 22.473274 -458.02136
-99.64464 25.419334 -468.90433
-101.56548 28.614159 -480.83453
-103.85147 31.969444 -493.63937
-106.576126 35.219337 -507.78986
-109.84482 36.364754 -523.6205
-112.50238 36.86187 -539.54126
-113.49084 41.604134 -554.2239
-113.83472 48.182594 -566.9577
-114.67998 53.706352 -578.1924
-116.13013 56.326134 -588.4279
-117.95856 57.437904 -598.4695
-120.10243 57.41105 -609.325
-121.081726 53.26226 -621.6943
-119.49171 46.38778 -635.2942
-117.00627 41.52395 -650.8284
-116.27328 38.876976 -666.9616
-117.111244 37.56478 -681.2019
-118.398605 37.514442 -693.18854
-119.80511 38.17817 -703.88947
-121.19936 38.97442 -714.37866
-122.48245 39.429146 -725.35736
-123.56146 39.4233 -737.0338
-124.4629 39.06646 -749.4294
-125.324135 38.525597 -762.44696
-126.2931 37.997414 -775.8285
-127.484215 37.627235 -789.30096
-128.8587 37.444954 -802.6538
-130.21797 37.373787 -815.7484
-131.36957 37.259666 -828.54706
-132.26463 37.06295 -840.9859
-133.04951 36.973686 -852.56445
-133.84207 37.15815 -862.86536
-134.69336 37.569878 -872.2059
-135.61656 38.199684 -880.43353
-136.63646 39.079597 -888.3008
-137.72005 40.29766 -896.11346
-138.96161 41.802757 -904.3331
-140.37718 43.642265 -913.1455
-141.77539 45.744743 -921.5971
-143.27176 48.28962 -930.29565
-144.77597 51.04165 -938.6548
-146.54248 54.59812 -947.57947
-149.09795 59.652184 -956.8723
-152.24973 65.07534 -967.39197
-153.97801 67.372154 -979.5032
-154.4061 65.78368 -992.27057
-154.6442 61.632988 -1004.794
-155.18294 56.351585 -1016.7534
-155.08133 50.28385 -1027.8955
-156.9831 40.989098 -1035.792
-158.95525 30.157402 -1039.8752
-161.00114 19.760963 -1040.2983
-162.26953 9.491798 -1039.1482
-161.96368 -0.68856 -1037.9706
-160.87042 -10.328438 -1037.1577
-159.06746 -19.318016 -1036.9911
-156.47336 -28.586815 -1038.9459
-151.91669 -39.040123 -1042.6866
-146.23065 -49.82897 -1047.2446
-141.59201 -60.13964 -1052.1747
-139.65834 -69.48674 -1056.4559
-140.5732 -77.63668 -1059.6646
-142.02147 -84.7742 -1061.4507
-142.5078 -93.171844 -1062.2261
-141.91818 -102.46486 -1063.6746
-141.23413 -109.76814 -1065.75
-140.94061 -116.30804 -1066.5026
-140.46407 -121.23066 -1065.6338
-140.54187 -124.39346 -1064.5415
-140.76003 -126.280975 -1063.7028
-140.99646 -127.68923 -1063.0193
-141.32347 -128.92653 -1062.4348
-141.88231 -130.17993 -1061.9417
-142.73128 -131.53966 -1061.5518
-143.71712 -132.8883 -1061.2876
-144.78262 -134.33557 -1061.1022
-145.73296 -135.73274 -1061.0166
-146.69052 -137.08762 -1061.0647
-147.7571 -138.33806 -1061.1969
-19.86808 2.191124 -55.917164
-24.791573 4.866447 -64.764435
-30.456337 6.2826 -73.999214
-30.456337 6.282585 -73.999214
-36.501396 5.677193 -84.38855
-42.27723 2.686882 -95.79468
-46.99122 -4.731133 -107.87854
-50.109016 -16.37162 -119.01179
-52.894814 -26.878365 -128.63727
-55.141243 -31.853569 -136.81638
-56.97657 -34.332268 -143.75241
-58.344475 -35.381905 -149.96068
-59.636696 -35.908348 -156.31453
-60.70469 -36.23005 -162.76225
-61.58323 -36.322197 -169.35661
-62.279488 -36.202934 -176.34052
-62.785927 -35.682335 -184.77762
-63.04702 -34.58503 -195.59082
-63.008766 -32.94027 -208.70256
-62.867912 -31.22689 -222.75334
-62.974693 -30.084084 -236.20505
-63.57502 -29.810844 -248.55801
-64.657036 -30.09919 -259.99136
-66.04805 -30.24099 -271.01355
-67.37839 -29.743965 -282.18268
-68.37187 -28.451363 -293.85568
-69.137375 -26.193428 -305.98965
-69.93161 -22.84243 -318.32474
-71.00358 -18.489494 -330.60718
-72.564445 -13.562889 -342.70898
-74.69307 -8.722298 -354.5858
-77.29601 -4.473915 -366.21124
-80.201584 -0.839287 -377.5729
-83.23045 2.451149 -388.73297
-86.23995 5.644463 -399.87933
-89.17848 8.924477 -411.27747
-91.9218 12.333519 -423.13492
-94.25887 15.771767 -435.20578
-96.11071 19.035545 -446.82312
-97.79195 22.116722 -458.16757
-99.421745 25.054726 -469.0538
-101.33829 28.23951 -480.9902
-103.62038 31.584099 -493.8004
-106.33902 34.823814 -507.9441
-109.59449 35.95748 -523.71344
-112.24663 36.460487 -539.60126
-113.241646 41.236748 -554.3685
-113.59008 47.840508 -567.1625
-114.44138 53.354424 -578.40576
-115.873436 55.9168 -588.56195
-117.659744 56.960365 -598.5298
-119.75458 56.895134 -609.2951
-120.72323 52.75106 -621.52496
-119.199036 45.930748 -635.0485
-116.77437 41.13584 -650.6356
-116.05915 38.535973 -666.86707
-116.90525 37.24523 -681.18005
-118.2009 37.201363 -693.21606
-119.61309 37.866814 -703.9494
-121.01141 38.667473 -714.44775
-122.298996 39.13282 -725.41504
-123.384056 39.141533 -737.0713
-124.29264 38.799294 -749.44714
-125.16108 38.271294 -762.4523
-126.13645 37.753456 -775.8315
-127.33269 37.39077 -789.3086
-128.7107 37.213203 -802.66736
-130.07184 37.14454 -815.7641
-131.22394 37.031578 -828.5596
-132.1193 36.835945 -840.9938
-132.90555 36.74865 -852.5737
-133.70059 36.936165 -862.88214
-134.55502 37.351646 -872.2313
-135.48187 37.98551 -880.46936
-136.50589 38.870277 -888.34625
-137.59401 40.094185 -896.16876
-138.84015 41.605247 -904.3944
-140.26025 43.450874 -913.2119
-141.66269 45.559563 -921.6699
-143.16339 48.11065 -930.3757
-144.67108 50.867393 -938.7407
-146.44221 54.42904 -947.67676
-149.01155 59.4945 -956.9952
-152.16867 64.92025 -967.5109
-153.87907 67.20785 -979.5553
-154.302 65.62365 -992.2537
-154.54315 61.48594 -1004.74176
-155.08423 56.215736 -1016.6908
-154.99364 50.158684 -1027.8187
-156.91066 40.89466 -1035.6866
-158.87173 30.104042 -1039.7546
-160.8938 19.737648 -1040.1708
-162.14911 9.489693 -1039.036
-161.86256 -0.677361 -1037.8728
-160.78178 -10.311378 -1037.0714
-158.96681 -19.294533 -1036.9152
-156.34335 -28.569664 -1038.8542
-151.78339 -39.014885 -1042.5948
-146.1124 -49.789818 -1047.1793
-141.47755 -60.105324 -1052.1321
-139.54462 -69.4807 -1056.4167
-140.47885 -77.658554 -1059.6289
-141.95163 -84.79325 -1061.4294
-142.4299 -93.17743 -1062.2192
-141.82977 -102.45731 -1063.6792
-141.15196 -109.76229 -1065.7408
-140.86447 -116.308464 -1066.4839
-140.39024 -121.223465 -1065.6221
-140.46767 -124.388855 -1064.5271
-140.68578 -126.279915 -1063.6843
-140.92331 -127.69009 -1062.9973
-141.25284 -128.92911 -1062.4097
-141.81656 -130.1857 -1061.9124
-142.673 -131.55096 -1061.517
-143.66724 -132.90564 -1061.2468
-144.741 -134.3573 -1061.0564
-145.69681 -135.75485 -1060.9683
-146.65613 -137.10844 -1061.0153
-147.72557 -138.35677 -1061.1521
-148.4797 -138.84552 -1061.0806
-19.710457 1.588417 -56.22858
-24.624733 4.243248 -65.05993
-30.256447 5.647987 -74.22819
-30.256447 5.647987 -74.22818
-36.244743 5.051949 -84.50726
-41.962975 2.074318 -95.80057
-46.59144 -5.311745 -107.69387
-49.68067 -16.863914 -118.64354
-52.511116 -27.321938 -128.28156
-54.83567 -32.341286 -136.62575
-56.710045 -34.825706 -143.64357
-58.1052 -35.874046 -149.9309
-59.412285 -36.39704 -156.31892
-60.487816 -36.707603 -162.7744
-61.373924 -36.788948 -169.37805
-62.075584 -36.658394 -176.36794
-62.587288 -36.1258 -184.81525
-62.85264 -35.015938 -195.63786
-62.817314 -33.361107 -208.75426
-62.678825 -31.64196 -222.80203
-62.788292 -30.49604 -236.24142
-63.391747 -30.21775 -248.57564
-64.47686 -30.497597 -259.9938
-65.87148 -30.63076 -271.01474
-67.205536 -30.128487 -282.1986
-68.20075 -28.834328 -293.89816
-68.965805 -26.576485 -306.06546
-69.76017 -23.223854 -318.43906
-70.83687 -18.864494 -330.762
-72.408745 -13.927376 -342.89276
-74.55085 -9.076973 -354.77664
-77.16389 -4.822807 -366.3911
-80.074745 -1.185326 -377.73898
-83.10571 2.106453 -388.8911
-86.11442 5.299812 -400.03323
-89.04959 8.578819 -411.4276
-91.7877 11.985863 -423.28098
-94.11827 15.420769 -435.34753
-95.96356 18.679726 -446.96115
-97.64052 21.753838 -458.30435
-99.26727 24.683662 -469.1933
-101.18123 27.858192 -481.13483
-103.46107 31.191872 -493.94864
-106.17503 34.421227 -508.0841
-109.41735 35.542946 -523.78986
-112.063515 36.05195 -539.648
-113.06418 40.862846 -554.5104
-113.41658 47.492516 -567.36884
-114.27526 52.997902 -578.61584
-115.69368 55.507164 -588.6855
-117.44641 56.48803 -598.5741
-119.499886 56.381065 -609.24384
-120.46308 52.253075 -621.347
-118.99871 45.498985 -634.8206
-116.618744 40.762093 -650.46423
-115.9089 38.194435 -666.7789
-116.7578 36.92048 -681.1548
-118.05961 36.882973 -693.23706
-119.47674 37.550346 -704.0016
-120.87824 38.35534 -714.509
-122.16859 38.831062 -725.4656
-123.25743 38.854347 -737.10297
-124.17079 38.527138 -749.46063
-125.04424 38.012367 -762.4541
-126.024185 37.50512 -775.8309
-127.22408 37.150032 -789.31226
-128.60469 36.977318 -802.67615
-129.96725 36.911232 -815.775
-131.11966 36.79946 -828.568
-132.01523 36.604927 -840.9982
-132.80254 36.519615 -852.57996
-133.59953 36.710243 -862.8958
-134.45633 37.12951 -872.253
-135.38611 37.76754 -880.5007
-136.41345 38.65722 -888.3868
-137.50526 39.887154 -896.2192
-138.755 41.404243 -904.45044
-140.17868 43.25605 -913.2729
-141.58456 45.37104 -921.73755
-143.0888 47.928505 -930.4503
-144.59938 50.690056 -938.8212
-146.37482 54.25698 -947.7682
-148.95718 59.334038 -957.1101
-152.11868 64.76238 -967.62115
-153.81097 67.04061 -979.60315
-154.22765 65.46078 -992.23553
-154.47055 61.33628 -1004.6882
-155.01271 56.07746 -1016.6259
-154.93195 50.031105 -1027.7404
-156.86203 40.79711 -1035.5681
-158.81088 30.049522 -1039.6188
-160.80911 19.718971 -1040.0262
-162.04916 9.492348 -1038.9033
-161.7811 -0.665199 -1037.7599
-160.70715 -10.294655 -1036.9701
-158.87411 -19.272469 -1036.8179
-156.23741 -28.56643 -1038.7295
-151.66661 -39.004784 -1042.468
-145.98868 -49.75788 -1047.086
-141.35477 -60.07711 -1052.0659
-139.43552 -69.47888 -1056.3619
-140.39856 -77.68222 -1059.5842
-141.889 -84.81275 -1061.3987
-142.3502 -93.183426 -1062.1996
-141.73134 -102.45118 -1063.669
-141.06848 -109.75839 -1065.7198
-140.79694 -116.3093 -1066.4562
-140.32141 -121.214645 -1065.5989
-140.39743 -124.380646 -1064.5004
-140.61569 -126.27403 -1063.6533
-140.85458 -127.68543 -1062.9635
-141.18692 -128.92578 -1062.3732
-141.75586 -130.18535 -1061.8723
-142.62015 -131.55605 -1061.4719
-143.62321 -132.91678 -1061.1971
-144.70573 -134.37314 -1061.0024
-145.66756 -135.77165 -1060.913
-146.62924 -137.12434 -1060.9591
-147.70132 -138.37108 -1061.1005
-19.650154 0.97805 -56.49119
-24.553078 3.61338 -65.30245
-30.149452 5.006554 -74.401375
-30.149452 5.006538 -74.401375
-36.079735 4.41993 -84.57306
-41.743004 1.455101 -95.756584
-46.295372 -5.898659 -107.46227
-49.362007 -17.36155 -118.23747
-52.22889 -27.770287 -127.895134
-54.62188 -32.834236 -136.41151
-56.52874 -35.32447 -143.51349
-57.94866 -36.37153 -149.88348
-59.268806 -36.89103 -156.30736
-60.350395 -37.190346 -162.77391
-61.24253 -37.26072 -169.3898
-61.94802 -37.11875 -176.3884
-62.46334 -36.574028 -184.84904
-62.731117 -35.451485 -195.6838
-62.697227 -33.786446 -208.80692
-62.560097 -32.061485 -222.85213
-62.671486 -30.912453 -236.27771
-63.27694 -30.629036 -248.59016
-64.36349 -30.900276 -259.99045
-65.76021 -31.024742 -271.00912
-67.09715 -30.517143 -282.2088
-68.094215 -29.221382 -293.93674
-68.85964 -26.963676 -306.1384
-69.655235 -23.609459 -318.55035
-70.737236 -19.243584 -330.91214
-72.319435 -14.295815 -343.06897
-74.472916 -9.435493 -354.95642
-77.09344 -5.175499 -366.55704
-80.007576 -1.535133 -377.88904
-83.03954 1.758003 -389.03195
-86.0472 4.951424 -400.16986
-88.97939 8.229408 -411.56158
-91.71302 11.634407 -423.4127
-94.038155 15.066002 -435.47723
-95.87808 18.32003 -447.08914
-97.55195 21.387001 -458.4315
-99.177 24.308556 -469.3228
-101.08998 27.472755 -481.26822
-103.36908 30.795433 -494.0841
-106.07961 34.01426 -508.21017
-109.30893 35.123955 -523.8507
-111.94866 35.638985 -539.6822
-112.95403 40.484932 -554.64874
-113.30981 47.140984 -567.57526
-114.17715 52.639153 -578.82184
-115.58614 55.099495 -588.79846
-117.31324 56.022545 -598.60284
-119.332756 55.870934 -609.17285
-120.295334 51.76931 -621.16187
-118.8849 45.092903 -634.61035
-116.53452 40.404213 -650.31366
-115.81857 37.854424 -666.6971
-116.66531 36.592598 -681.1265
-117.9713 36.561317 -693.2519
-119.39261 37.230827 -704.04614
-120.79649 38.040184 -714.5625
-122.088036 38.52604 -725.50916
-123.17853 38.56379 -737.129
-124.09442 38.251793 -749.47003
-124.97084 37.75054 -762.45276
-125.95356 37.25405 -775.827
-127.155785 36.906685 -789.3118
-128.53813 36.73884 -802.68036
-129.90164 36.675346 -815.7814
-131.05423 36.564796 -828.57227
-131.94989 36.371407 -840.99927
-132.73795 36.288124 -852.5831
-133.53633 36.481865 -862.9062
-134.3949 36.904945 -872.271
-135.32693 37.547157 -880.52765
-136.35686 38.441826 -888.42255
-137.45152 39.67782 -896.26447
-138.70398 41.201027 -904.50116
-140.13031 43.059135 -913.3282
-141.5388 45.180504 -921.79956
-143.04588 47.744377 -930.51953
-144.55885 50.51075 -938.8961
-146.3383 54.083 -947.8534
-148.9328 59.17182 -957.2166
-152.09773 64.602806 -967.72217
-153.77177 66.871544 -979.6464
-154.18127 65.296104 -992.2161
-154.42468 61.18496 -1004.6335
-154.96678 55.937675 -1016.55914
-154.89491 49.902046 -1027.6605
-156.83798 40.6977 -1035.4373
-158.77435 29.993858 -1039.4666
-160.74947 19.704674 -1039.8665
-161.97246 9.499626 -1038.7538
-161.71881 -0.652046 -1037.6324
-160.64577 -10.278252 -1036.8529
-158.79085 -19.251808 -1036.6986
-156.15668 -28.571693 -1038.5887
-151.5877 -39.018684 -1042.3163
-145.89706 -49.758415 -1046.9529
-141.25626 -60.077675 -1051.9587
-139.34618 -69.49182 -1056.282
-140.33206 -77.70783 -1059.5312
-141.83345 -84.83273 -1061.3574
-142.27744 -93.191 -1062.1549
-141.64243 -102.45178 -1063.621
-140.99548 -109.7622 -1065.6748
-140.73936 -116.31118 -1066.4198
-140.26007 -121.20472 -1065.5656
-140.33386 -124.36919 -1064.4625
-140.55225 -126.26351 -1063.6111
-140.79259 -127.67536 -1062.9187
-141.12782 -128.91653 -1062.3259
-141.70216 -130.17879 -1061.8223
-142.5745 -131.55466 -1061.4182
-143.5865 -132.92133 -1061.1396
-144.67801 -134.38252 -1060.9421
-145.64621 -135.78252 -1060.8518
-146.61093 -137.1347 -1060.8975
-147.68544 -138.38031 -1061.0436
-19.689888 0.353676 -56.705894
-24.582924 2.968956 -65.49081
-30.141197 4.350304 -74.516594
-30.141182 4.350304 -74.516594
-36.011406 3.773338 -84.58266
-41.621864 0.821648 -95.658516
-46.1074 -6.499107 -107.17756
-49.15763 -17.870644 -117.78603
-52.052498 -28.228966 -127.47128
-54.504326 -33.338524 -136.16945
-56.43696 -35.834724 -143.35909
-57.879265 -36.88047 -149.81662
-59.2107 -37.396385 -156.27852
-60.29676 -37.684227 -162.75983
-61.193413 -37.743416 -169.3913
-61.901054 -37.58973 -176.40169
-62.41825 -37.032585 -184.87915
-62.686546 -35.897057 -195.72914
-62.65249 -34.22158 -208.8613
-62.515633 -32.490685 -222.90437
-62.62815 -31.338402 -236.31435
-63.234367 -31.049767 -248.60155
-64.320595 -31.312202 -259.98083
-65.7178 -31.427803 -270.99615
-67.05685 -30.914742 -282.21292
-68.05594 -29.617348 -293.97147
-68.822655 -27.359749 -306.20908
-69.62061 -24.003944 -318.65973
-70.708595 -19.631416 -331.05917
-72.300446 -14.672752 -343.23917
-74.46319 -9.802299 -355.12662
-77.0885 -5.536308 -366.70993
-80.00378 -1.893028 -378.02356
-83.03562 1.401497 -389.15598
-86.04198 4.594963 -400.2897
-88.97152 7.871956 -411.6798
-91.70143 11.274849 -423.5306
-94.02211 14.703056 -435.59552
-95.85791 17.95205 -447.20786
-97.52995 21.011711 -458.54984
-99.15474 23.924797 -469.44308
-101.06844 27.078468 -481.3911
-103.34842 30.3899 -494.2074
-106.05684 33.598015 -508.32266
-109.273186 34.69535 -523.8953
-111.90587 35.216515 -539.70325
-112.91504 40.098305 -554.78503
-113.27361 46.7815 -567.78436
-114.15108 52.273903 -579.0257
-115.55498 54.68891 -588.9014
-117.264595 55.557167 -598.615
-119.25772 55.357567 -609.07947
-120.22493 51.294197 -620.96674
-118.862816 44.70951 -634.4167
-116.52617 40.05973 -650.1839
-115.79166 37.512444 -666.6214
-116.63082 36.25759 -681.09485
-117.93889 36.23246 -693.26025
-119.36368 36.90432 -704.08325
-120.76911 37.7181 -714.60846
-122.06013 38.214058 -725.5458
-123.15001 38.26635 -737.1496
-124.066124 37.969933 -749.47516
-124.94334 37.482628 -762.4477
-125.92698 36.99726 -775.8195
-127.13011 36.65777 -789.3072
-128.51321 36.49494 -802.67975
-129.8772 36.43412 -815.7829
-131.02985 36.324745 -828.5723
-131.92548 36.132484 -840.9972
-132.7139 36.051277 -852.5833
-133.51315 36.248253 -862.91327
-134.37283 36.67524 -872.2852
-135.30641 37.321724 -880.55023
-136.3381 38.221474 -888.4534
-137.43483 39.46366 -896.305
-138.68903 40.993156 -904.5468
-140.11703 42.85769 -913.3784
-141.52736 44.985573 -921.85657
-143.03651 47.556023 -930.5837
-144.55132 50.327354 -938.96594
-146.3345 53.905067 -947.9333
-148.94034 59.00585 -957.3156
-152.10777 64.43951 -967.8148
-153.76321 66.69863 -979.6854
-154.16443 65.12771 -992.1951
-154.40703 61.03022 -1004.5771
-154.94785 55.794716 -1016.4893
-154.88408 49.77041 -1027.5792
-156.84058 40.598824 -1035.2982
-158.76411 29.938454 -1039.2997
-160.71686 19.69468 -1039.6945
-161.92133 9.51133 -1038.5925
-161.67592 -0.637947 -1037.4924
-160.59871 -10.262291 -1036.719
-158.71921 -19.232658 -1036.5558
-156.0962 -28.581108 -1038.4403
-151.54836 -39.05271 -1042.1593
-145.85106 -49.791283 -1046.7999
-141.19667 -60.107002 -1051.8274
-139.28362 -69.51919 -1056.1857
-140.27878 -77.73518 -1059.4708
-141.78522 -84.853325 -1061.3048
-142.21785 -93.200195 -1062.088
-141.5761 -102.45907 -1063.5425
-140.94044 -109.773544 -1065.6107
-140.6925 -116.314125 -1066.3767
-140.20813 -121.19423 -1065.5244
-140.27917 -124.355 -1064.4152
-140.49744 -126.24875 -1063.5591
-140.7392 -127.66021 -1062.864
-141.07733 -128.90172 -1062.2698
-141.65704 -130.16623 -1061.7645
-142.53734 -131.54681 -1061.3578
-143.5582 -132.91907 -1061.0767
-144.65863 -134.38513 -1060.8774
-145.63339 -135.78702 -1060.7874
-146.60184 -137.13911 -1060.8329
-147.67859 -138.38406 -1060.9841
-19.642632 -2.076576 -47.42222
-19.689888 0.353691 -56.7059
-19.839897 -0.295662 -56.87139
-24.582924 2.968971 -65.49081
-24.726738 2.297432 -65.62191
-30.24308 3.666481 -74.56905
-36.04998 3.099571 -84.52969
-41.621864 0.821663 -95.658516
-41.609108 0.161507 -95.49836
-46.1074 -6.499107 -107.17757
-46.03695 -7.124809 -106.828735
-49.15763 -17.870659 -117.78604
-49.077477 -18.401146 -117.27629
-52.052483 -28.228966 -127.471275
-51.991432 -28.706963 -126.99851
-54.504295 -33.338524 -136.16945
-54.492287 -33.864067 -135.89223
-56.436943 -35.83471 -143.35909
-56.44361 -36.366417 -143.1749
-57.90609 -37.410805 -149.72684
-59.2107 -37.39637 -156.27852
-59.247017 -37.92295 -156.22989
-60.3359 -38.19883 -162.73036
-61.193413 -37.7434 -169.3913
-61.23539 -38.24636 -169.38136
-61.943306 -38.080544 -176.40718
-62.41825 -37.032585 -184.87917
-62.460457 -37.510445 -184.90564
-62.727165 -36.36138 -195.77455
-62.691154 -34.675056 -208.91846
-62.553413 -32.93795 -222.95982
-62.628136 -31.338402 -236.31436
-62.66616 -31.782326 -236.35196
-63.234352 -31.049767 -248.60155
-63.271797 -31.488243 -248.60965
-64.35579 -31.741508 -259.96408
-65.717804 -31.427803 -270.9962
-65.75166 -31.847801 -270.97473
-67.056854 -30.914757 -282.21295
-67.09192 -31.329094 -282.2103
-68.05594 -29.617348 -293.9715
-68.09326 -30.030022 -294.00247
-68.822655 -27.359749 -306.2091
-68.86225 -27.772484 -306.27838
-69.62061 -24.00393 -318.65976
-69.66394 -24.414986 -318.76874
-70.75878 -20.03556 -331.20502
-72.35972 -15.065559 -343.40546
-74.52951 -10.184532 -355.28888
-77.08851 -5.536308 -366.70996
-77.15668 -5.9123 -366.85086
-80.003784 -1.893028 -378.0236
-80.07071 -2.265984 -378.14304
-83.101135 1.029991 -389.26328
-86.04198 4.594963 -400.28973
-86.105896 4.223473 -400.39267
-88.97152 7.871941 -411.67984
-89.033134 7.499428 -411.78235
-91.70143 11.274864 -423.53058
-91.760086 10.90023 -423.63495
-94.02211 14.703056 -435.5955
-94.07738 14.324806 -435.70297
-95.8579 17.952065 -447.20782
-95.91032 17.56858 -447.31824
-97.529945 21.011696 -458.54984
-97.58193 20.620659 -458.66025
-99.15473 23.924797 -469.44308
-99.20806 23.524834 -469.55493
-101.068436 27.078468 -481.3911
-101.12437 26.667534 -481.5044
-103.34842 30.389915 -494.20746
-103.407074 29.967293 -494.31927
-106.05684 33.598015 -508.3227
-106.114845 33.164238 -508.4219
-109.27318 34.69535 -523.8953
-109.318016 34.248695 -523.9226
-111.94289 34.7763 -539.70996
-112.91503 40.09832 -554.78503
-112.954895 39.695427 -554.9213
-113.27361 46.781517 -567.78436
-113.3157 46.407097 -567.99994
-114.15108 52.27392 -579.0257
-114.20511 51.895317 -579.2308
-115.55498 54.688927 -588.9014
-115.608536 54.26734 -588.9947
-117.3092 55.080498 -598.60754
-119.25772 55.35755 -609.07947
-119.28405 54.82882 -608.95874
-120.22493 51.29418 -620.96674
-120.262 50.818855 -620.7566
-118.862816 44.709526 -634.4167
-118.94279 44.343803 -634.238
-116.52617 40.059746 -650.1839
-116.60248 39.724358 -650.0752
-115.79166 37.512444 -666.62146
-115.83515 37.162666 -666.5513
-116.63082 36.25759 -681.0949
-116.660515 35.909004 -681.05865
-117.93889 36.23246 -693.2603
-117.96843 35.88996 -693.26135
-119.36368 36.904305 -704.0833
-119.39599 36.56449 -704.1123
-120.76911 37.7181 -714.6085
-120.80205 37.382942 -714.64667
-122.06013 38.214043 -725.54584
-122.09063 37.88906 -725.57556
-123.15 38.26635 -737.14966
-123.177376 37.956184 -737.16437
-124.06612 37.969948 -749.4752
-124.09104 37.676064 -749.47565
-124.94334 37.482628 -762.44775
-124.96659 37.203423 -762.4386
-125.92697 36.99726 -775.8195
-125.94913 36.729652 -775.80774
-127.13011 36.657784 -789.30725
-127.15159 36.3984 -789.2976
-128.51321 36.494957 -802.67975
-128.53448 36.24076 -802.6736
-129.8772 36.434135 -815.7829
-129.8984 36.1827 -815.779
-131.02983 36.32476 -828.5724
-131.0509 36.074593 -828.5679
-131.92546 36.1325 -840.9972
-131.94638 35.88349 -840.9911
-132.7139 36.05126 -852.5834
-132.7348 35.80442 -852.5799
-133.51315 36.248253 -862.9133
-133.5343 36.004784 -862.91675
-134.37283 36.67524 -872.2853
-134.39441 36.435875 -872.2956
-135.30641 37.321724 -880.5502
-135.32874 37.086784 -880.56824
-136.3381 38.221474 -888.45337
-136.36139 37.99183 -888.4793
-137.43481 39.46366 -896.305
-137.45926 39.2405 -896.3408
-138.68903 40.993156 -904.5469
-138.71416 40.776527 -904.5877
-140.11703 42.85772 -913.3784
-140.14279 42.647743 -913.4237
-141.5541 44.78237 -921.90875
-143.03651 47.556007 -930.5837
-143.06447 47.359657 -930.6433
-144.55132 50.327354 -938.966
-144.58052 50.136208 -939.03107
-146.36716 53.719643 -948.00824
-148.94034 59.005867 -957.3156
-148.98361 58.83291 -957.4079
-152.10777 64.43954 -967.8148
-152.15253 64.26937 -967.8996
-153.76321 66.69866 -979.6854
-153.78876 66.518425 -979.7202
-154.18027 64.95217 -992.172
-154.4206 60.868904 -1004.5174
-154.94783 55.79473 -1016.4893
-154.95871 55.6457 -1016.415
-154.88406 49.77041 -1027.5792
-154.9022 49.6341 -1027.4955
-156.87221 40.503044 -1035.1561
-158.78201 29.885796 -1039.1235
-160.71686 19.69468 -1039.6946
-160.7128 19.689278 -1039.5154
-161.89711 9.526985 -1038.4247
-161.67592 -0.637932 -1037.4926
-161.65395 -0.623207 -1037.3417
-160.59871 -10.262276 -1036.719
-160.56866 -10.247017 -1036.5669
-158.71921 -19.232643 -1036.5558
-158.66211 -19.215614 -1036.3868
-156.05435 -28.593513 -1038.2843
-151.54836 -39.052696 -1042.1593
-151.53214 -39.091927 -1042.0161
-145.85104 -49.791267 -1046.7999
-145.82796 -49.831093 -1046.6616
-141.19667 -60.106987 -1051.8274
-141.15941 -60.142464 -1051.7058
-139.28362 -69.51917 -1056.1857
-139.23947 -69.549866 -1056.0914
-140.27878 -77.735176 -1059.4708
-140.23747 -77.763596 -1059.4038
-141.78522 -84.85332 -1061.3049
-141.74504 -84.87462 -1061.241
-142.21785 -93.20019 -1062.0881
-142.17007 -93.20979 -1062.0137
-141.5761 -102.45906 -1063.5425
-141.52715 -102.4678 -1063.4635
-140.94044 -109.77354 -1065.6107
-140.8994 -109.78658 -1065.546
-140.6925 -116.31412 -1066.3767
-140.6555 -116.31759 -1066.3297
-140.16623 -121.183426 -1065.4766
-140.23468 -124.33851 -1064.3601
-140.49744 -126.24874 -1063.5591
-140.45287 -126.230225 -1063.4989
-140.69606 -127.64053 -1062.8015
-141.07735 -128.90172 -1062.2698
-141.03711 -128.8819 -1062.2063
-141.622 -130.1482 -1061.7001
-142.50986 -131.53287 -1061.2922
-143.53918 -132.91023 -1061.0099
-144.65863 -134.38513 -1060.8776
-144.64822 -134.381 -1060.8104
-145.62955 -135.78513 -1060.7214
-146.6022 -137.13742 -1060.7673
-147.68109 -138.38222 -1060.9243
-19.839882 -0.295631 -56.871395
-20.108269 -0.968987 -56.982983
-24.726707 2.297447 -65.62191
-24.991173 1.599251 -65.691696
-30.243065 3.666496 -74.56906
-30.461632 2.955498 -74.55463
-30.243065 3.666512 -74.56906
-36.04998 3.099586 -84.5297
-36.202003 2.39904 -84.41043
-41.609077 0.161522 -95.498375
-41.711555 -0.524834 -95.272705
-46.036934 -7.124763 -106.82875
-46.091637 -7.775337 -106.41282
-49.077477 -18.40113 -117.276306
-49.129616 -18.95269 -116.70619
-51.991432 -28.706947 -126.99852
-52.053093 -29.203957 -126.4752
-54.492287 -33.864037 -135.89224
-54.592476 -34.410484 -135.57855
-56.443596 -36.366386 -143.1749
-56.554924 -36.919273 -142.95966
-57.90606 -37.410774 -149.72684
-58.035072 -37.962227 -149.613
-59.247 -37.92295 -156.22989
-59.383537 -38.47048 -156.1604
-60.335884 -38.1988 -162.73036
-60.473488 -38.73385 -162.68466
-61.235374 -38.246315 -169.38138
-61.37406 -38.76928 -169.35934
-61.943306 -38.080513 -176.4072
-62.08027 -38.590813 -176.40431
-62.46044 -37.510414 -184.90565
-62.595314 -38.007256 -184.92819
-62.72715 -36.361366 -195.77458
-62.858162 -36.84411 -195.81992
-62.69114 -34.67501 -208.91849
-62.818306 -35.146477 -208.97847
-62.5534 -32.93792 -222.95984
-62.678444 -33.40296 -223.01863
-62.66616 -31.782295 -236.35197
-62.79052 -32.243874 -236.39056
-63.271797 -31.488213 -248.60966
-63.394157 -31.94413 -248.61426
-64.355774 -31.741478 -259.9641
-64.47387 -32.187798 -259.93982
-65.75165 -31.847786 -270.9748
-65.86651 -32.284447 -270.9445
-67.09191 -31.329094 -282.2103
-67.206955 -31.759895 -282.20053
-68.093254 -30.029991 -294.0025
-68.21072 -30.459038 -294.02945
-68.862236 -27.772469 -306.2784
-68.98306 -28.201607 -306.3462
-69.663925 -24.414986 -318.76877
-69.78988 -24.84237 -318.87723
-70.75877 -20.035545 -331.20502
-70.892555 -20.455727 -331.34933
-72.35971 -15.065544 -343.40546
-72.502 -15.473946 -343.56717
-74.52949 -10.184502 -355.2889
-74.67643 -10.581932 -355.44226
-77.15667 -5.912285 -366.85092
-77.30232 -6.30323 -366.97876
-80.0707 -2.265984 -378.1431
-80.21259 -2.653709 -378.24628
-83.10113 1.030006 -389.2633
-83.240265 0.643745 -389.35257
-86.10589 4.223503 -400.3927
-86.24312 3.837242 -400.4775
-89.03312 7.499458 -411.78238
-89.16837 7.11216 -411.86813
-91.76007 10.900246 -423.63495
-91.893196 10.510719 -423.72482
-94.07736 14.324837 -435.70303
-94.20832 13.931572 -435.79883
-95.91031 17.568611 -447.31827
-96.039764 17.169899 -447.4195
-97.58193 20.620674 -458.6603
-97.71234 20.214088 -458.76212
-99.20805 23.524864 -469.55496
-99.34148 23.109077 -469.6577
-101.12436 26.66755 -481.5044
-101.26247 26.240273 -481.60718
-103.40707 29.967308 -494.3193
-103.54988 29.527885 -494.41864
-106.11484 33.164253 -508.42197
-106.25851 32.713203 -508.50696
-109.318016 34.24871 -523.9227
-109.44836 33.78428 -523.93164
-111.94287 34.7763 -539.71
-112.06462 34.31858 -539.70166
-112.95489 39.695442 -554.9214
-113.078415 39.276543 -555.0574
-113.31569 46.407112 -567.99994
-113.440796 46.018044 -568.22186
-114.2051 51.895317 -579.23083
-114.34404 51.50379 -579.4367
-115.60853 54.267357 -588.99475
-115.7518 53.834084 -589.077
-117.3092 55.08053 -598.60767
-117.45223 54.588432 -598.578
-119.28404 54.82885 -608.9588
-119.41765 54.28173 -608.8081
-120.262 50.818886 -620.75665
-120.41292 50.341606 -620.53046
-118.94279 44.343834 -634.23804
-119.13063 43.99447 -634.0748
-116.60247 39.72439 -650.07526
-116.768364 39.398247 -649.98895
-115.83515 37.16268 -666.55133
-115.953354 36.80567 -666.4874
-116.660515 35.90902 -681.0588
-116.75837 35.547035 -681.01807
-117.96842 35.88999 -693.2615
-118.063774 35.534096 -693.2551
-119.39599 36.56452 -704.11237
-119.49333 36.211647 -704.1332
-120.80205 37.382973 -714.6468
-120.89903 37.035027 -714.67694
-122.09062 37.889076 -725.5756
-122.1832 37.551384 -725.59796
-123.17736 37.956215 -737.1644
-123.26411 37.6336 -737.17316
-124.091034 37.676094 -749.4757
-124.1725 37.370384 -749.47144
-124.96658 37.203453 -762.43866
-125.04371 36.913094 -762.42535
-125.94913 36.729668 -775.8078
-126.02295 36.45141 -775.79175
-127.15159 36.398415 -789.2976
-127.223114 36.12873 -789.2832
-128.53448 36.24076 -802.67365
-128.60472 35.976494 -802.66205
-129.8984 36.18273 -815.77905
-129.96808 35.921303 -815.76965
-131.0509 36.074623 -828.5679
-131.12021 35.81452 -828.5584
-131.94637 35.883522 -840.9912
-132.01535 35.624687 -840.98114
-132.7348 35.80445 -852.58
-132.80344 35.54786 -852.5729
-133.5343 36.0048 -862.9168
-133.60251 35.75167 -862.9165
-134.39441 36.43589 -872.29565
-134.46222 36.187035 -872.3019
-135.32874 37.086815 -880.5683
-135.39651 36.842583 -880.58154
-136.36137 37.99186 -888.4794
-136.42923 37.753166 -888.5003
-137.45926 39.240532 -896.34094
-137.52727 39.008537 -896.37177
-138.71414 40.776558 -904.58777
-138.78177 40.551277 -904.62354
-140.14278 42.64776 -913.42377
-140.20992 42.429512 -913.46387
-141.5541 44.782387 -921.9088
-141.62125 44.571205 -921.9561
-143.06447 47.359688 -930.64343
-143.13199 47.1556 -930.6981
-144.5805 50.13624 -939.0312
-144.6487 49.937523 -939.09143
-146.36716 53.719658 -948.0083
-146.43852 53.526848 -948.0781
-148.98361 58.832924 -957.4079
-149.06479 58.6531 -957.4929
-152.15253 64.26943 -967.89966
-152.23412 64.09252 -967.97595
-153.78876 66.518456 -979.7203
-153.85042 66.33105 -979.7508
-154.18025 64.95217 -992.17206
-154.2308 64.769646 -992.147
-154.4206 60.86892 -1004.5175
-154.46732 60.701195 -1004.45526
-154.95871 55.645714 -1016.41504
-155.00128 55.490807 -1016.33655
-154.9022 49.634132 -1027.4956
-154.95097 49.49369 -1027.4108
-156.87221 40.50306 -1035.1562
-156.93387 40.413216 -1035.0165
-158.78201 29.88581 -1039.1235
-158.82922 29.838829 -1038.947
-160.7128 19.689293 -1039.5154
-160.73787 19.68908 -1039.3364
-161.89711 9.527016 -1038.4248
-161.89958 9.545937 -1038.2577
-161.65395 -0.623192 -1037.3418
-161.65488 -0.60836 -1037.1838
-160.56866 -10.247002 -1036.567
-160.56044 -10.233192 -1036.3966
-158.66211 -19.215584 -1036.3868
-158.63773 -19.205208 -1036.1948
-156.05434 -28.593498 -1038.2843
-156.04228 -28.611794 -1038.1234
-151.53212 -39.09191 -1042.0161
-151.53543 -39.134407 -1041.8876
-145.82794 -49.831078 -1046.6616
-145.8236 -49.874977 -1046.539
-141.1594 -60.14245 -1051.7058
-141.14084 -60.181557 -1051.5957
-139.23947 -69.54985 -1056.0916
-139.21127 -69.58244 -1056.0016
-140.23746 -77.76359 -1059.4039
-140.20758 -77.792725 -1059.3312
-141.74504 -84.87461 -1061.2411
-141.7145 -84.89623 -1061.1672
-142.17007 -93.20979 -1062.0139
-142.13478 -93.21929 -1061.9348
-141.52713 -102.4678 -1063.4636
-141.49352 -102.47733 -1063.3868
-140.89938 -109.78658 -1065.546
-140.87067 -109.8006 -1065.4825
-140.6555 -116.31758 -1066.3298
-140.62732 -116.32134 -1066.2797
-140.16621 -121.18341 -1065.4767
-140.1336 -121.1722 -1065.4229
-140.23468 -124.33849 -1064.3601
-140.20067 -124.31992 -1064.2986
-140.45287 -126.23021 -1063.499
-140.41946 -126.20844 -1063.4329
-140.69606 -127.640526 -1062.8016
-140.6644 -127.61695 -1062.7338
-141.03711 -128.8819 -1062.2064
-141.00833 -128.85768 -1062.1381
-141.622 -130.1482 -1061.7002
-141.5981 -130.12521 -1061.6321
-142.50986 -131.53287 -1061.2924
-142.49298 -131.51332 -1061.2239
-143.5301 -132.89508 -1060.9415
-144.64822 -134.381 -1060.8105
-144.64716 -134.37022 -1060.7433
-145.62955 -135.78513 -1060.7216
-145.63474 -135.77692 -1060.6565
-146.60219 -137.13742 -1060.7673
-146.61197 -137.12978 -1060.7037
-147.68108 -138.38222 -1060.9243
-147.69264 -138.3749 -1060.867
-20.493477 -1.641594 -57.03217
-25.371208 0.900597 -65.69471
-30.79348 2.244041 -74.47091
-36.46647 1.698067 -84.22658
-41.930275 -1.211586 -94.98754
-46.274864 -8.426292 -105.94324
-49.317757 -19.504646 -116.09548
-52.240425 -29.701256 -125.91968
-54.80584 -34.957253 -135.23901
-56.771156 -37.472435 -142.72041
-58.26568 -38.513985 -149.47853
-59.619392 -39.018364 -156.07185
-60.70849 -39.26928 -162.62372
-61.608208 -39.29255 -169.32549
-62.3108 -39.101433 -176.39287
-62.82168 -38.504417 -184.94574
-63.078423 -37.327156 -195.86342
-63.032906 -35.618202 -209.03903
-62.889687 -33.868263 -223.07854
-63.000114 -32.705696 -236.42862
-63.60035 -32.40026 -248.61499
-64.67382 -32.634422 -259.9086
-66.06139 -32.721443 -270.90607
-67.40103 -32.19097 -282.18356
-68.40735 -30.888344 -294.05115
-69.18405 -28.63105 -306.40967
-69.997284 -25.270027 -318.98077
-71.10844 -20.876152 -331.48624
-72.725395 -15.882561 -343.7177
-74.90179 -10.979561 -355.5803
-77.52319 -6.694374 -367.0878
-80.42721 -3.041649 -378.32834
-83.450775 0.257286 -389.4194
-86.45147 3.450829 -400.54004
-89.375244 6.724648 -411.93286
-92.09887 10.120918 -423.79578
-94.41309 13.538078 -435.87854
-96.2445 16.770927 -447.50717
-97.91956 19.807243 -458.85092
-99.55341 22.693047 -469.74686
-101.481026 25.812798 -481.69485
-103.774956 29.088188 -494.50104
-106.48602 32.261833 -508.57355
-109.66285 33.319542 -523.92084
-112.27004 33.860588 -539.6777
-113.28441 38.857384 -555.1875
-113.64767 45.62896 -568.4415
-114.566154 51.11387 -579.63495
-115.98291 53.403267 -589.14386
-117.69197 54.094048 -598.5248
-119.65773 53.733925 -608.6312
-120.676216 49.876213 -620.2947
-119.42288 43.667885 -633.9317
-117.02087 39.090324 -649.92804
-116.144875 36.454536 -666.43225
-116.92357 35.18528 -680.9741
-118.224045 35.17823 -693.2412
-119.65469 35.85903 -704.1444
-121.05903 36.687325 -714.6972
-122.33685 37.21366 -725.61176
-123.409355 37.310707 -737.1752
-124.30977 37.06437 -749.46234
-125.17413 36.622566 -762.40814
-126.1479 36.173042 -775.7717
-127.34415 35.85888 -789.2639
-128.72331 35.712013 -802.6449
-130.08551 35.659737 -815.7547
-131.23715 35.554283 -828.54407
-132.13185 35.365715 -840.9671
-132.91919 35.29113 -852.56226
-133.71718 35.498405 -862.91223
-134.57573 35.938057 -872.3034
-135.50911 36.598198 -880.58923
-136.54094 37.514305 -888.51495
-137.63808 38.776405 -896.39606
-138.89107 40.325905 -904.6523
-140.31769 42.211067 -913.4967
-141.72804 44.359917 -921.99615
-143.23817 46.95141 -930.74554
-144.75487 49.738716 -939.1442
-146.54749 53.333946 -948.13965
-149.18237 58.473198 -957.5667
-152.35092 63.91558 -968.0404
-153.94734 66.14358 -979.7755
-154.31558 64.58706 -992.1206
-154.54681 60.53341 -1004.39233
-155.07523 55.335808 -1016.2565
-155.02975 49.354332 -1027.3279
-157.02415 40.332664 -1034.8843
-158.90555 29.799782 -1038.7778
-160.7918 19.694344 -1039.1647
-161.92781 9.567253 -1038.0984
-161.6809 -0.594078 -1037.0217
-160.5821 -10.222115 -1036.2096
-158.6695 -19.207512 -1035.9948
-156.07396 -28.63984 -1037.9692
-151.55571 -39.17936 -1041.7731
-145.83516 -49.92193 -1046.4313
-141.13843 -60.223335 -1051.4967
-139.19772 -69.61653 -1055.9155
-140.18971 -77.82216 -1059.2537
-141.69565 -84.91729 -1061.0858
-142.1128 -93.22818 -1061.8531
-141.47346 -102.48746 -1063.3127
-140.85306 -109.815384 -1065.4204
-140.60742 -116.32529 -1066.2262
-140.10956 -121.16063 -1065.3634
-140.17703 -124.29981 -1064.232
-140.39764 -126.18428 -1063.3629
-140.64473 -127.59045 -1062.663
-140.99156 -128.83011 -1062.0675
-141.58577 -130.09831 -1061.5625
-142.48697 -131.4889 -1061.1554
-143.5311 -132.87415 -1060.8743
-144.6554 -134.35309 -1060.6782
-145.64886 -135.76256 -1060.5944
-146.63077 -137.11642 -1060.6439
-147.7126 -138.3625 -1060.8137
-148.47969 -138.84552 -1061.0803
-19.642601 -2.07653 -47.42223
-20.984657 -2.273659 -57.009716
-25.85453 0.242744 -65.62492
-31.229012 1.574165 -74.316696
-31.229012 1.574181 -74.316696
-36.83773 1.038124 -83.98327
-42.262657 -1.858177 -94.654434
-46.58715 -9.039177 -105.44304
-49.64289 -20.02427 -115.47671
-52.55355 -30.169456 -125.36196
-55.129814 -35.472023 -134.89154
-57.088737 -37.993263 -142.4692
-58.593224 -39.03347 -149.32951
-59.949287 -39.534218 -155.96777
-61.035576 -39.7734 -162.54982
-61.932457 -39.78521 -169.2808
-62.629433 -39.58216 -176.37274
-63.134193 -38.97248 -184.95677
-63.382774 -37.781944 -195.90231
-63.329933 -36.062325 -209.09663
-63.182243 -34.306343 -223.13614
-63.290108 -33.14051 -236.46387
-63.885628 -32.82972 -248.61148
-64.9511 -33.05491 -259.8717
-66.331894 -33.132866 -270.86105
-67.669685 -32.596825 -282.1599
-68.6785 -31.292595 -294.06577
-69.46037 -29.035393 -306.46457
-70.28103 -25.672691 -319.07275
-71.400856 -21.272041 -331.60703
-73.02379 -16.267342 -343.84705
-75.199104 -11.353951 -355.69333
-77.812775 -7.06266 -367.16992
-80.70821 -3.406929 -378.38257
-83.72649 -0.106575 -389.45792
-86.72487 3.086998 -400.57452
-89.64776 6.359734 -411.9709
-92.37131 9.753883 -423.8421
-94.68606 13.16758 -435.93604
-96.519035 16.395348 -447.5749
-98.19809 19.424171 -458.92026
-99.83817 22.301338 -469.81595
-101.77411 25.410316 -481.76102
-104.07621 28.674232 -494.56003
-106.79127 31.836906 -508.61624
-109.956245 32.881996 -523.88934
-112.55434 33.429375 -539.63824
-113.56801 38.462776 -555.30365
-113.9313 45.26293 -568.6457
-114.86558 50.74839 -579.81323
-116.29566 52.997963 -589.1893
-118.0223 53.62275 -598.44806
-119.99939 53.21743 -608.4362
-121.04559 49.445396 -620.061
-119.81016 43.37301 -633.81537
-117.35191 38.813057 -649.89624
-116.404724 36.129097 -666.38934
-117.15229 34.84501 -680.9292
-118.44551 34.843452 -693.2197
-119.87615 35.52758 -704.1444
-121.278076 36.360405 -714.7057
-122.54784 36.895714 -725.61523
-123.609665 37.00643 -737.1695
-124.4996 36.776054 -749.4483
-125.35475 36.348946 -762.38776
-126.32103 35.91091 -775.74854
-127.51174 35.604805 -789.2406
-128.88748 35.46302 -802.6228
-130.24803 35.413475 -815.7345
-131.39905 35.309273 -828.5254
-132.29315 35.121864 -840.9499
-133.07935 35.049355 -852.5485
-133.87556 35.259926 -862.904
-134.73213 35.70359 -872.3
-135.66377 36.368065 -880.59064
-136.69373 37.28939 -888.522
-137.78894 38.557808 -896.412
-139.03932 40.11367 -904.6719
-140.46324 42.00541 -913.5198
-141.8716 44.16091 -922.02594
-143.38019 46.759132 -930.7821
-144.89616 49.551506 -939.1855
-146.69095 53.152336 -948.1885
-149.33261 58.303825 -957.624
-152.49918 63.748985 -968.0878
-154.077 65.967064 -979.79236
-154.43263 64.41515 -992.09454
-154.6573 60.37545 -1004.3326
-155.17897 55.189857 -1016.1796
-155.13657 49.224205 -1027.2512
-157.1404 40.265327 -1034.7648
-159.00925 29.770393 -1038.623
-160.87297 19.705116 -1039.0067
-161.98036 9.590141 -1037.9521
-161.73488 -0.581047 -1036.8588
-160.64687 -10.216103 -1036.0194
-158.74413 -19.218529 -1035.8119
-156.13016 -28.67266 -1037.8347
-151.58986 -39.225716 -1041.6725
-145.85988 -49.970787 -1046.3373
-141.14954 -60.26687 -1051.4081
-139.19803 -69.65187 -1055.8324
-140.18523 -77.85134 -1059.1722
-141.69019 -84.93669 -1061.0004
-142.10425 -93.2361 -1061.771
-141.46512 -102.497925 -1063.2418
-140.8456 -109.83074 -1065.3594
-140.596 -116.32958 -1066.1687
-140.0939 -121.14903 -1065.299
-140.16354 -124.279076 -1064.163
-140.38715 -126.15913 -1063.2924
-140.6368 -127.562706 -1062.5927
-140.98642 -128.801 -1061.9985
-141.58463 -130.06914 -1061.4951
-142.49138 -131.46101 -1061.0898
-143.54173 -132.8485 -1060.8105
-144.67252 -134.33037 -1060.6171
-145.6714 -135.74258 -1060.5369
-146.6578 -137.0979 -1060.5895
-147.73997 -138.34566 -1060.7666
-20.984673 -2.273659 -57.009712
-21.565468 -2.827217 -56.910007
-25.854546 0.242744 -65.624916
-26.426628 -0.335365 -65.478355
-31.229027 1.574165 -74.316696
-31.756203 0.985405 -74.09279
-31.229027 1.574181 -74.31669
-31.756203 0.985405 -74.09278
-37.307518 0.458 -83.68709
-42.262657 -1.858177 -94.65443
-42.703148 -2.426506 -94.28587
-46.58715 -9.039177 -105.44303
-47.025627 -9.577873 -104.93517
-49.64289 -20.02427 -115.4767
-50.102272 -20.481026 -114.881454
-52.98919 -30.580956 -124.83109
-55.1298 -35.47204 -134.89154
-55.558952 -35.924446 -134.55344
-57.088737 -37.993263 -142.46918
-57.501656 -38.451042 -142.21791
-58.593224 -39.033485 -149.3295
-59.01072 -39.490044 -149.17226
-60.365852 -39.98757 -155.85199
-61.447258 -40.21647 -162.46552
-62.339226 -40.21824 -169.22647
-63.02871 -40.004738 -176.34406
-63.52549 -39.383904 -184.96004
-63.76409 -38.18168 -195.93407
-63.702477 -36.45272 -209.14795
-63.54934 -34.691414 -223.18811
-63.290108 -33.14051 -236.46388
-63.65377 -33.522713 -236.49411
-64.2433 -33.207207 -248.60344
-64.95111 -33.05491 -259.8717
-65.29924 -33.424507 -259.83047
-66.3319 -33.13288 -270.86108
-66.6717 -33.494484 -270.81122
-67.669685 -32.596825 -282.15994
-68.006546 -32.953575 -282.13013
-68.678505 -31.292595 -294.06577
-69.017746 -31.64785 -294.07187
-69.460365 -29.035393 -306.46457
-69.80541 -29.390709 -306.5072
-70.63422 -26.026543 -319.14713
-71.400856 -21.272041 -331.607
-71.76245 -21.619957 -331.70364
-73.389404 -16.605522 -343.9463
-75.56039 -11.683022 -355.773
-77.812775 -7.062675 -367.16992
-78.16316 -7.38633 -367.21802
-80.70822 -3.406944 -378.38257
-81.04791 -3.728004 -378.4031
-83.72649 -0.10659 -389.45795
-84.05983 -0.42643 -389.46304
-86.72488 3.087013 -400.57452
-87.055885 2.767204 -400.5762
-89.647766 6.359749 -411.9709
-89.97857 6.039024 -411.97736
-92.703224 9.431358 -423.8586
-94.686066 13.16758 -435.93604
-95.02014 12.842003 -435.96594
-96.519035 16.395332 -447.5749
-96.856415 16.065193 -447.61694
-98.54086 19.087517 -458.96436
-100.18849 21.957054 -469.8592
-101.77412 25.410301 -481.76102
-102.13417 25.056526 -481.79974
-104.07622 28.674232 -494.56006
-104.445786 28.310356 -494.59015
-106.791275 31.836906 -508.61624
-107.16641 31.463417 -508.63028
-110.321434 32.497444 -523.8366
-112.91092 33.05033 -539.58374
-113.568016 38.46279 -555.30365
-113.92252 38.115944 -555.3983
-114.28492 44.94143 -568.8222
-114.86558 50.74839 -579.8132
-115.234726 50.42829 -579.95984
-116.682014 52.640068 -589.2079
-118.435356 53.200813 -598.34875
-119.99939 53.217415 -608.4362
-120.43547 52.76365 -608.23175
-121.04559 49.44538 -620.061
-121.512215 49.068886 -619.8395
-119.810165 43.37301 -633.8153
-120.280876 43.114983 -633.7303
-117.35192 38.813057 -649.8962
-117.75155 38.575462 -649.89557
-116.40473 36.129112 -666.3893
-116.726166 35.84713 -666.3619
-117.4391 34.54618 -680.8857
-118.44551 34.843437 -693.2198
-118.722946 34.549477 -693.1912
-119.87615 35.527565 -704.1444
-120.15244 35.23678 -704.1322
-121.55091 36.07354 -714.7005
-122.54784 36.8957 -725.61523
-122.811104 36.616188 -725.6068
-123.60967 37.006416 -737.1695
-123.86026 36.738625 -737.15564
-124.49961 36.77604 -749.4483
-124.73753 36.522346 -749.4296
-125.35475 36.34893 -762.38776
-125.58136 36.1083 -762.36475
-126.32103 35.910896 -775.74854
-126.53832 35.680428 -775.7231
-127.72211 35.381447 -789.2141
-129.09346 35.244164 -802.59625
-130.45186 35.197 -815.7097
-131.39905 35.309242 -828.5254
-131.60205 35.09388 -828.5027
-132.29315 35.12185 -840.9499
-132.49545 34.90751 -840.9298
-133.07935 35.04937 -852.54846
-133.28015 34.83689 -852.5318
-133.87556 35.259956 -862.904
-134.07402 35.05036 -862.8918
-134.73213 35.703606 -872.3
-134.92784 35.49752 -872.291
-135.66377 36.36808 -880.59064
-135.85683 36.165855 -880.5846
-136.69373 37.28939 -888.5219
-136.88396 37.09176 -888.5201
-137.78894 38.557823 -896.4119
-137.9762 38.365715 -896.41754
-139.22284 39.927177 -904.68024
-140.46324 42.005394 -913.5198
-140.64287 41.8247 -913.53094
-141.8716 44.160896 -922.0259
-142.04823 43.986015 -922.0429
-143.38019 46.759132 -930.78204
-143.55434 46.59014 -930.8048
-145.06883 49.38697 -939.21204
-146.69096 53.15232 -948.1885
-146.86494 52.992683 -948.22076
-149.51096 58.154915 -957.66016
-152.49918 63.748985 -968.0879
-152.67438 63.60253 -968.1143
-154.23596 65.81194 -979.7996
-154.43263 64.41515 -992.0945
-154.57916 64.26403 -992.07
-154.6573 60.37545 -1004.3325
-154.79617 60.23658 -1004.2792
-155.17897 55.189857 -1016.17957
-155.31015 55.06156 -1016.1101
-155.13658 49.224205 -1027.2512
-155.26878 49.110863 -1027.1857
-157.1404 40.265312 -1034.7648
-157.2793 40.214546 -1034.6625
-159.00925 29.770363 -1038.623
-159.13696 29.75158 -1038.4875
-160.87297 19.705101 -1039.0067
-160.97723 19.720604 -1038.8676
-161.98036 9.590126 -1037.9521
-162.05504 9.613808 -1037.8212
-161.73488 -0.581062 -1036.8586
-161.82217 -0.570396 -1036.7029
-160.64688 -10.216118 -1036.0194
-160.76622 -10.218544 -1035.8563
-158.85509 -19.236946 -1035.6669
-156.13016 -28.672676 -1037.8347
-156.20096 -28.70768 -1037.7211
-151.58986 -39.22573 -1041.6724
-151.63647 -39.273003 -1041.5846
-145.89526 -50.02059 -1046.2561
-141.17184 -60.31124 -1051.3293
-139.19803 -69.65187 -1055.8323
-139.2116 -69.68816 -1055.7515
-140.18523 -77.85135 -1059.1721
-140.1954 -77.879715 -1059.0879
-141.69019 -84.93669 -1061.0002
-141.69908 -84.95346 -1060.914
-142.10855 -93.24276 -1061.6901
-141.46684 -102.508446 -1063.1748
-140.84758 -109.84649 -1065.2992
-140.596 -116.32959 -1066.1687
-140.5939 -116.33435 -1066.1066
-140.0939 -121.14904 -1065.299
-140.08772 -121.13782 -1065.2296
-140.16058 -124.258675 -1064.0931
-140.38791 -126.13427 -1063.2242
-140.6368 -127.56271 -1062.5927
-140.64032 -127.53523 -1062.5265
-140.99255 -128.77188 -1061.9342
-141.58463 -130.06914 -1061.495
-141.59418 -130.03923 -1061.4329
-142.50574 -131.431 -1061.0297
-143.56145 -132.81921 -1060.7526
-144.69788 -134.30289 -1060.5623
-145.6714 -135.74258 -1060.5367
-145.70149 -135.71774 -1060.486
-146.6578 -137.0979 -1060.5894
-146.69197 -137.07501 -1060.5426
-147.77336 -138.32529 -1060.7272
-21.565468 -2.827202 -56.910007
-22.214943 -3.276909 -56.73456
-26.426628 -0.33535 -65.478355
-27.069084 -0.808617 -65.2576
-32.35853 0.503441 -73.804924
-31.756203 0.98542 -74.09278
-37.307518 0.458015 -83.68709
-37.86164 -0.016869 -83.3473
-42.703148 -2.426491 -94.28588
-43.23902 -2.891777 -93.89461
-47.025627 -9.577873 -104.93518
-47.578377 -10.018852 -104.43881
-50.102272 -20.481026 -114.88146
-50.683495 -20.854897 -114.333405
-53.535423 -30.917824 -124.348366
-55.558937 -35.924446 -134.55344
-56.080986 -36.294807 -134.23805
-57.99781 -38.825752 -141.97629
-59.01072 -39.490044 -149.17227
-59.505653 -39.863792 -149.01254
-60.365852 -39.987556 -155.852
-60.85653 -40.35871 -155.72858
-61.447258 -40.21647 -162.46553
-61.931114 -40.579155 -162.37367
-62.816216 -40.572685 -169.16425
-63.49659 -40.35061 -176.30766
-63.525475 -39.383904 -184.96004
-63.98368 -39.720665 -184.95522
-63.764076 -38.181694 -195.93407
-64.2108 -38.508934 -195.95724
-63.702477 -36.45272 -209.14796
-64.13929 -36.7723 -209.1908
-63.979836 -35.00663 -223.23233
-64.08 -33.83555 -236.51805
-64.24329 -33.207207 -248.60345
-64.662506 -33.516212 -248.59108
-65.29924 -33.42449 -259.83047
-65.707664 -33.727013 -259.7864
-66.6717 -33.49447 -270.81122
-67.07047 -33.79049 -270.75833
-68.006546 -32.95356 -282.13013
-68.4014 -33.245598 -282.09512
-69.017746 -31.647835 -294.07187
-69.41471 -31.938667 -294.0689
-70.2086 -29.681602 -306.5355
-70.6342 -26.026543 -319.14713
-71.04604 -26.316261 -319.2005
-71.76245 -21.619957 -331.70367
-72.18215 -21.904747 -331.7715
-73.389404 -16.605507 -343.9463
-73.81089 -16.882317 -344.01053
-75.56039 -11.683037 -355.773
-75.974304 -11.952385 -355.8149
-78.16316 -7.386345 -367.21802
-78.56332 -7.65136 -367.22897
-81.04791 -3.72802 -378.4031
-81.435555 -3.990883 -378.38797
-84.05983 -0.426445 -389.46304
-84.4403 -0.688286 -389.43332
-87.05588 2.767189 -400.57623
-87.43406 2.505409 -400.54388
-90.35727 5.776527 -411.951
-92.70323 9.431358 -423.85864
-93.08424 9.167336 -423.84378
-95.02015 12.842003 -435.96594
-95.40494 12.575447 -435.96622
-96.856415 16.065178 -447.6169
-97.24612 15.794945 -447.63083
-98.54086 19.087502 -458.96436
-98.937164 18.811913 -458.9807
-100.188484 21.957054 -469.8592
-100.593445 21.675255 -469.874
-102.13416 25.056541 -481.79974
-102.550064 24.766975 -481.8087
-104.44578 28.310371 -494.59015
-104.8723 28.01252 -494.58908
-107.166405 31.463417 -508.63025
-107.59983 31.157692 -508.614
-110.32142 32.497444 -523.8366
-110.74718 32.18264 -523.76385
-112.91091 33.05033 -539.58374
-113.328926 32.740074 -539.5157
-113.92251 38.115944 -555.3983
-114.337074 37.832054 -555.4669
-114.284904 44.94143 -568.8222
-114.697586 44.678413 -568.9631
-115.23472 50.428307 -579.9599
-115.6621 50.16691 -580.06775
-116.68201 52.640083 -589.2079
-117.13 52.3444 -589.1978
-118.435356 53.20083 -598.34875
-118.918686 52.84742 -598.2305
-120.43546 52.76365 -608.23175
-120.95301 52.392296 -608.02515
-121.512215 49.06887 -619.83954
-122.06145 48.75779 -619.63763
-120.280876 43.114967 -633.73035
-120.819305 42.896233 -633.6784
-117.75154 38.575462 -649.89557
-118.20644 38.381477 -649.9253
-116.72617 35.847115 -666.3619
-117.09917 35.618965 -666.35065
-117.43911 34.54618 -680.8857
-117.77536 34.30178 -680.8451
-119.04792 34.309196 -693.15643
-120.152435 35.23678 -704.1322
-120.4751 34.999413 -704.10767
-121.5509 36.07354 -714.7005
-121.86917 35.83921 -714.68134
-122.8111 36.616203 -725.6069
-123.11858 36.387184 -725.5867
-124.15351 36.518745 -737.1339
-125.01638 36.314217 -749.40674
-125.58136 36.1083 -762.3648
-125.847115 35.911263 -762.3401
-126.53832 35.680428 -775.72314
-126.7932 35.4918 -775.6964
-127.96881 35.198616 -789.18536
-129.33496 35.06504 -802.56635
-130.69083 35.019844 -815.68115
-131.84009 34.917625 -828.477
-132.49545 34.90751 -840.9299
-132.73268 34.732094 -840.90765
-133.51556 34.662956 -852.51276
-134.3065 34.878807 -862.8758
-135.15688 35.328835 -872.27686
-136.0824 36.000313 -880.5714
-137.10583 36.929924 -888.50903
-138.19412 38.208458 -896.4123
-139.22282 39.927177 -904.68024
-139.43596 39.774513 -904.67676
-140.64287 41.824684 -913.53094
-140.85112 41.67678 -913.5293
-142.04823 43.98603 -922.0429
-142.25256 43.842888 -922.0459
-143.55434 46.59014 -930.80475
-143.7552 46.451836 -930.8124
-145.06883 49.386986 -939.212
-145.26744 49.25231 -939.2222
-147.06401 52.862038 -948.2346
-149.51096 58.154915 -957.6601
-149.71176 58.033073 -957.6729
-152.67438 63.60253 -968.11426
-152.87085 63.482597 -968.1179
-154.23595 65.81194 -979.7996
-154.41931 65.68493 -979.7969
-154.75078 64.14034 -992.0482
-154.95929 60.122887 -1004.2348
-155.31015 55.06156 -1016.11005
-155.4649 54.95655 -1016.0509
-155.26878 49.110878 -1027.1857
-155.42235 49.019295 -1027.1335
-157.43642 40.18238 -1034.5807
-159.13696 29.751595 -1038.4877
-159.28438 29.74395 -1038.3761
-160.97723 19.72062 -1038.8676
-161.09898 19.739815 -1038.7521
-162.05504 9.613792 -1037.8212
-162.1495 9.637352 -1037.7083
-161.82217 -0.570396 -1036.703
-161.95021 -0.564735 -1036.5792
-160.76622 -10.218559 -1035.8564
-160.91699 -10.227028 -1035.7357
-158.85509 -19.236961 -1035.667
-158.97708 -19.25869 -1035.5565
-156.28445 -28.74453 -1037.6268
-151.69595 -39.32128 -1041.5093
-145.89526 -50.020576 -1046.2561
-145.94022 -50.070854 -1046.1871
-141.2043 -60.356026 -1051.2603
-139.2116 -69.688156 -1055.7515
-139.2381 -69.724976 -1055.6736
-140.22049 -77.90652 -1059.003
-141.72227 -84.9669 -1060.8295
-142.12523 -93.247986 -1061.6124
-141.47772 -102.519 -1063.1118
-140.85864 -109.86252 -1065.2405
-140.60205 -116.33955 -1066.0404
-140.09233 -121.12729 -1065.1559
-140.16875 -124.239235 -1064.024
-140.39984 -126.11054 -1063.1606
-140.64032 -127.53523 -1062.5266
-140.65482 -127.5089 -1062.4666
-141.00922 -128.74371 -1061.877
-141.61366 -130.00952 -1061.378
-142.52916 -131.39986 -1060.9772
-143.5893 -132.78731 -1060.7026
-144.73041 -134.27164 -1060.5156
-145.73798 -135.68898 -1060.4435
-146.69197 -137.07501 -1060.5425
-146.73169 -137.04874 -1060.5046
-147.77336 -138.32529 -1060.727
-147.81099 -138.30237 -1060.6965
-22.910194 -3.606972 -56.48954
-27.760963 -1.161079 -64.96966
-33.016273 0.144539 -73.46246
-38.48214 -0.370476 -82.97501
-43.85305 -3.238243 -93.49343
-48.227684 -10.347252 -103.97036
-51.367958 -21.133339 -113.85079
-54.1746 -31.168724 -123.92993
-56.678963 -36.570686 -133.95587
-58.561104 -39.10482 -141.7522
-60.061974 -40.142174 -148.85551
-61.405403 -40.63511 -155.60146
-62.471413 -40.849236 -162.27718
-63.347862 -40.83663 -169.09608
-64.017746 -40.608177 -176.26462
-64.49386 -39.97146 -184.94228
-64.70836 -38.752632 -195.97101
-64.62611 -37.010292 -209.22363
-64.45967 -35.24134 -223.26726
-64.5549 -34.06852 -236.53487
-65.12959 -33.74633 -248.57468
-66.16311 -33.952293 -259.74072
-67.51529 -34.010902 -270.70395
-68.84141 -33.46308 -282.0559
-69.856544 -32.15525 -294.0569
-70.65693 -29.898201 -306.54846
-71.50313 -26.531975 -319.23096
-72.64629 -22.11686 -331.80826
-74.27455 -17.088463 -344.03738
-76.42736 -12.153008 -355.81754
-79.00018 -7.848701 -367.20233
-81.85851 -4.186592 -378.3375
-84.855484 -0.883247 -389.36966
-87.847084 2.310463 -400.47833
-90.77154 5.581062 -411.8923
-93.502 8.970726 -423.7978
-95.82782 12.376976 -435.93658
-97.67541 15.593727 -447.61588
-99.37416 18.606651 -458.96857
-101.039955 21.46537 -469.85968
-103.00828 24.551338 -481.78732
-105.34183 27.790718 -494.5568
-108.077385 30.930016 -508.5679
-111.21971 31.948189 -523.6733
-113.79478 32.509026 -539.4362
-114.798195 37.620613 -555.50714
-115.15592 44.482567 -569.06354
-116.13364 49.972496 -580.13306
-117.625084 52.121468 -589.1594
-119.45685 52.577263 -598.0978
-121.535095 52.11608 -607.82306
-122.67532 48.52282 -619.46185
-121.407974 42.72567 -633.66187
-118.7016 38.23629 -649.9841
-117.51138 35.45072 -666.3556
-118.15012 34.119957 -680.8087
-119.40991 34.13067 -693.11633
-120.83364 34.823402 -704.0716
-122.22247 35.665108 -714.64856
-123.4602 36.216133 -725.55493
-124.479836 36.354042 -737.1045
-125.32705 36.158623 -749.3803
-126.143364 35.76435 -762.3143
-127.07737 35.351357 -775.6692
-128.24387 35.062523 -789.15515
-129.60416 34.93165 -802.5339
-130.95712 34.887886 -815.64954
-132.10541 34.78634 -828.4489
-132.9971 34.601418 -840.884
-133.7779 34.53341 -852.49207
-134.56543 34.751 -862.8566
-135.41179 35.203224 -872.2576
-136.33318 35.87702 -880.55115
-137.35208 36.80941 -888.48926
-138.43553 38.091347 -896.3963
-139.67172 39.66088 -904.6613
-141.08116 41.566597 -913.5147
-142.47787 43.736244 -922.0347
-143.97623 46.348778 -930.8043
-145.48557 49.151985 -939.21576
-147.28166 52.7647 -948.22955
-149.9285 57.942253 -957.66174
-153.08228 63.393288 -968.09827
-154.62111 65.590294 -979.7838
-154.94183 64.04818 -992.02966
-155.14133 60.038216 -1004.20056
-155.63815 54.87835 -1016.0041
-155.59224 48.952477 -1027.0968
-157.60667 40.16973 -1034.5221
-159.44667 29.747597 -1038.2917
-161.23259 19.76159 -1038.6636
-162.25925 9.660118 -1037.6147
-162.10031 -0.563652 -1036.4977
-161.07614 -10.239525 -1035.6606
-159.10063 -19.282051 -1035.4753
-156.38054 -28.783165 -1037.5503
-151.76991 -39.371178 -1041.4463
-145.99603 -50.122307 -1046.1305
-141.248 -60.40177 -1051.2008
-139.27792 -69.76176 -1055.6008
-140.25996 -77.930565 -1058.9214
-141.75916 -84.97657 -1060.7499
-142.15427 -93.25171 -1061.5394
-141.49855 -102.52971 -1063.0524
-140.8793 -109.8787 -1065.1841
-140.62096 -116.34483 -1065.9719
-140.10886 -121.11751 -1065.0779
-140.18843 -124.220695 -1063.9548
-140.42262 -126.087715 -1063.1003
-140.67961 -127.48353 -1062.4119
-141.03568 -128.7164 -1061.8259
-141.64212 -129.98026 -1061.3301
-142.56041 -131.36832 -1060.9323
-143.62369 -132.75403 -1060.6611
-144.76822 -134.2382 -1060.478
-145.77869 -135.6579 -1060.4104
-146.77469 -137.02054 -1060.4763
-147.85071 -138.2782 -1060.6753
-19.642601 -2.076561 -47.422226
-23.6278 -3.806282 -56.18316
-28.480461 -1.380211 -64.62314
-33.70887 -0.078545 -73.07582
-39.149696 -0.590324 -82.58178
-44.526237 -3.453636 -93.095146
-48.953514 -10.551414 -103.545166
-52.134544 -21.306389 -113.44978
-54.887123 -31.324638 -123.58984
-57.33445 -36.742134 -133.71625
-59.174156 -39.278328 -141.55302
-60.662407 -40.31524 -148.70628
-61.995354 -40.80694 -155.4747
-63.051292 -41.017174 -162.17915
-63.91761 -41.00077 -169.02417
-64.576 -40.76832 -176.21632
-65.04016 -40.127388 -184.92162
-65.24128 -38.90412 -195.9748
-65.147766 -37.158287 -209.24536
-64.97395 -35.38732 -223.29169
-65.06373 -34.213387 -236.54395
-65.63004 -33.889412 -248.55478
-66.6514 -34.092384 -259.695
-67.99235 -34.147957 -270.64975
-69.312935 -33.59829 -282.01373
-70.32947 -32.28991 -294.03616
-71.13635 -30.03289 -306.5455
-71.99124 -26.6661 -319.23727
-73.1404 -22.248741 -331.81235
-74.765854 -17.216637 -344.02567
-76.90536 -12.277748 -355.7804
-79.460075 -7.971397 -367.13846
-82.30353 -4.308296 -378.25296
-85.292336 -1.004478 -389.27374
-88.28197 2.189247 -400.38144
-91.208405 5.459511 -411.80295
-93.943375 8.848427 -423.72186
-96.27565 12.253548 -435.87766
-98.13094 15.46862 -447.57233
-99.83823 18.479042 -458.9281
-101.51403 21.334846 -469.81647
-103.49445 24.417198 -481.73608
-105.83969 27.652794 -494.4939
-108.584175 30.788445 -508.49304
-111.72427 31.802376 -523.56775
-114.293976 32.365303 -539.34796
-115.291534 37.489113 -555.5174
-115.64566 44.36091 -569.1198
-116.63469 49.852043 -580.1534
-118.15195 51.980705 -589.09406
-120.03342 52.403633 -597.95575
-122.16374 51.945625 -607.6323
-123.3351 48.376488 -619.31934
-122.02925 42.617577 -633.68396
-119.22192 38.14875 -650.0713
-117.94997 35.348534 -666.37683
-118.55169 34.007164 -680.77783
-119.79757 34.02024 -693.0722
-121.21686 34.714943 -704.0248
-122.59972 35.557228 -714.6029
-123.82519 36.108803 -725.5123
-124.82896 36.25016 -737.0683
-125.65979 36.060936 -749.3511
-126.460884 35.672737 -762.2883
-127.38203 35.264015 -775.6422
-128.53873 34.977867 -789.1244
-129.89265 34.84867 -802.4999
-131.24248 34.805824 -815.6159
-132.38966 34.704735 -828.4193
-133.28047 34.520195 -840.8596
-134.059 34.45289 -852.4701
-134.84276 34.671562 -862.83466
-135.68459 35.12513 -872.234
-136.60129 35.80036 -880.5246
-137.61502 36.73449 -888.4612
-138.69293 38.01853 -896.3699
-139.92278 39.590157 -904.63434
-141.32584 41.498055 -913.48755
-142.71716 43.66993 -922.00946
-144.21053 46.284737 -930.7807
-145.71637 49.089577 -939.19244
-147.51114 52.704124 -948.2054
-150.15431 57.885765 -957.6267
-153.30188 63.337776 -968.05585
-154.83499 65.53149 -979.761
-155.14641 63.990852 -992.0151
-155.3366 59.985573 -1004.1778
-155.82451 54.82972 -1015.9712
-155.77312 48.912865 -1027.0767
-157.78468 40.177284 -1034.4888
-159.61867 29.76249 -1038.2375
-161.3746 19.78553 -1038.6039
-162.38197 9.681969 -1037.5402
-162.25323 -0.564644 -1036.4462
-161.2295 -10.254036 -1035.62
-159.22374 -19.30642 -1035.4199
-156.48734 -28.822594 -1037.4916
-151.85869 -39.42257 -1041.3977
-146.0648 -50.17591 -1046.0868
-141.30489 -60.44938 -1051.1509
-139.33171 -69.79798 -1055.5354
-140.31306 -77.95066 -1058.8463
-141.80862 -84.9821 -1060.6776
-142.19566 -93.25388 -1061.4717
-141.5307 -102.54069 -1062.9961
-140.91037 -109.8949 -1065.1306
-140.65157 -116.34988 -1065.9037
-140.1391 -121.10857 -1064.9965
-140.22037 -124.20298 -1063.885
-140.45609 -126.0655 -1063.0424
-140.71417 -127.45865 -1062.3611
-141.07121 -128.68948 -1061.7798
-141.67868 -129.95128 -1061.2877
-142.59822 -131.3368 -1060.8947
-143.66286 -132.72049 -1060.6282
-144.80896 -134.20436 -1060.4502
-145.82104 -135.62634 -1060.3875
-146.81839 -136.9921 -1060.4581
-147.89026 -138.25423 -1060.6631
-19.642601 -2.076546 -47.422222
-19.642586 -2.076546 -47.422226
-24.344368 -3.869667 -55.826035
-28.480461 -1.380211 -64.623146
-29.205025 -1.459358 -64.22905
-33.708885 -0.078545 -73.07582
-34.41465 -0.159203 -72.65725
-33.708885 -0.07856 -73.07582
-34.41465 -0.159203 -72.65724
-39.149696 -0.59034 -82.58178
-39.843346 -0.669807 -82.179985
-44.526237 -3.453651 -93.09515
-45.237328 -3.531471 -92.71217
-49.733055 -10.62516 -103.17642
-52.134544 -21.306389 -113.449776
-52.959114 -21.36892 -113.14278
-54.887123 -31.324623 -123.58985
-55.650536 -31.380974 -123.3386
-57.334465 -36.742134 -133.71625
-58.026802 -36.804085 -133.52666
-59.174156 -39.278343 -141.55301
-59.817635 -39.341026 -141.38504
-61.28808 -40.377724 -148.56958
-61.995354 -40.806953 -155.47472
-62.607826 -40.86901 -155.3524
-63.65258 -41.077843 -162.08273
-64.50763 -41.060066 -168.9508
-64.576 -40.768333 -176.21632
-65.15386 -40.826195 -176.16432
-65.04016 -40.127388 -184.92163
-65.60543 -40.18374 -184.89398
-65.24129 -38.904137 -195.97482
-65.79279 -38.958885 -195.96863
-65.14777 -37.158287 -209.24538
-65.68792 -37.21174 -209.25542
-64.97395 -35.387306 -223.29169
-65.50657 -35.44004 -223.30495
-65.06373 -34.213387 -236.54393
-65.59055 -34.265694 -236.54506
-65.63004 -33.889412 -248.55476
-66.14815 -33.941093 -248.53209
-66.6514 -34.092384 -259.69504
-67.157196 -34.142998 -259.6508
-67.99235 -34.147957 -270.64978
-68.48659 -34.19747 -270.59772
-69.801094 -33.647102 -281.97
-70.32946 -32.28991 -294.03616
-70.81859 -32.33857 -294.00735
-71.136345 -30.03289 -306.5455
-71.63181 -30.081566 -306.5268
-71.991234 -26.6661 -319.23727
-72.494995 -26.714577 -319.21942
-73.14039 -22.248741 -331.81235
-73.64889 -22.296394 -331.7838
-74.76585 -17.216637 -344.02567
-75.26937 -17.262947 -343.97595
-77.39329 -12.322823 -355.70474
-79.92852 -8.015709 -367.03946
-82.30353 -4.308281 -378.253
-82.75663 -4.352272 -378.13715
-85.292336 -1.004463 -389.27377
-85.73719 -1.048271 -389.1487
-88.72513 2.145439 -400.2564
-91.654144 5.415565 -411.68588
-93.94337 8.848427 -423.72183
-94.39452 8.804268 -423.61844
-96.275635 12.253548 -435.87762
-96.734375 12.208946 -435.79144
-98.130936 15.468636 -447.57233
-98.59839 15.423393 -447.50168
-100.31472 18.43293 -458.8607
-101.51403 21.334846 -469.81644
-102.000786 21.287697 -469.74582
-103.49445 24.417198 -481.7361
-103.99339 24.368767 -481.65674
-106.35033 27.60299 -494.40265
-108.584175 30.788445 -508.493
-109.104355 30.737297 -508.39197
-111.72428 31.802376 -523.56775
-112.245056 31.749702 -523.45056
-114.81086 32.313423 -539.25354
-115.291534 37.48913 -555.5174
-115.80161 37.441628 -555.4976
-115.64566 44.360924 -569.1199
-116.15143 44.31713 -569.13055
-116.63469 49.85206 -580.1534
-117.14959 49.809456 -580.1282
-118.15194 51.980705 -589.09406
-118.69427 51.928154 -589.00446
-120.03342 52.403618 -597.95575
-120.630615 52.334923 -597.8099
-122.81926 51.88694 -607.45905
-123.33509 48.376503 -619.31934
-124.02048 48.328423 -619.21576
-122.02924 42.61759 -633.684
-122.6646 42.58503 -633.74677
-119.22191 38.14875 -650.0713
-119.75165 38.127327 -650.1863
-117.94997 35.34852 -666.37683
-118.401276 35.31658 -666.41406
-118.5517 34.007164 -680.77783
-118.967476 33.96688 -680.7535
-119.79758 34.020226 -693.0722
-120.19877 33.98124 -693.02563
-121.61269 34.67727 -703.96893
-122.59972 35.557243 -714.6029
-122.98898 35.518684 -714.5459
-123.82518 36.108803 -725.51227
-124.202 36.06823 -725.46014
-124.82895 36.250145 -737.06824
-125.18981 36.21006 -737.0263
-125.65979 36.06092 -749.3511
-126.00412 36.0241 -749.32007
-126.78972 35.639183 -762.263
-127.38203 35.264015 -775.6423
-127.697624 35.232414 -775.61664
-128.53873 34.977867 -789.1245
-128.84415 34.947304 -789.0944
-129.89265 34.84867 -802.49994
-130.1914 34.818718 -802.46564
-131.53789 34.77616 -815.58154
-132.68399 34.67524 -828.38934
-133.28047 34.52018 -840.8596
-133.57388 34.490837 -840.8354
-134.05902 34.452873 -852.4701
-134.35002 34.42379 -852.4479
-135.12973 34.642906 -862.8109
-135.68459 35.125145 -872.234
-135.96675 35.096962 -872.20703
-136.8783 35.772697 -880.49274
-137.61502 36.734474 -888.4612
-137.88641 36.707436 -888.4259
-138.69293 38.01853 -896.3698
-138.95824 37.99224 -896.33417
-140.18124 39.564613 -904.5968
-141.57748 41.47332 -913.4489
-142.71716 43.66993 -922.0095
-142.96289 43.64602 -921.97125
-144.21053 46.28472 -930.7807
-144.45071 46.26159 -930.74243
-145.95264 49.06707 -939.1534
-147.74522 52.682274 -948.1633
-150.38214 57.86544 -957.5692
-153.30188 63.337776 -968.0559
-153.52287 63.317757 -967.99225
-155.05426 65.51028 -979.7292
-155.3581 63.970177 -992.005
-155.53899 59.966576 -1004.1673
-156.01813 54.812172 -1015.9534
-155.95935 48.901695 -1027.074
-157.78468 40.1773 -1034.4888
-157.96486 40.20478 -1034.4817
-159.61867 29.76249 -1038.2374
-159.79517 29.788338 -1038.2146
-161.52348 19.811913 -1038.5721
-162.5185 9.703056 -1037.4852
-162.40398 -0.566536 -1036.4177
-161.37256 -10.269463 -1035.606
-159.34482 -19.331215 -1035.3873
-156.60172 -28.861168 -1037.452
-151.96059 -39.47425 -1041.3657
-146.14713 -50.231575 -1046.057
-141.30489 -60.449394 -1051.1509
-141.37569 -60.498802 -1051.1119
-139.33171 -69.79799 -1055.5354
-139.39923 -69.833 -1055.4799
-140.37836 -77.96592 -1058.7814
-141.86911 -84.983284 -1060.6154
-142.19566 -93.25389 -1061.4717
-142.24884 -93.25453 -1061.4115
-141.5307 -102.540695 -1062.9961
-141.5747 -102.55199 -1062.9438
-140.952 -109.91094 -1065.0824
-140.69641 -116.355415 -1065.8411
-140.18935 -121.10266 -1064.9196
-140.26842 -124.187416 -1063.8192
-140.50171 -126.044304 -1062.9886
-140.75882 -127.43426 -1062.3145
-141.11557 -128.66292 -1061.7384
-141.72281 -129.92267 -1061.2511
-142.64163 -131.3059 -1060.8643
-143.66284 -132.7205 -1060.6282
-143.70535 -132.68777 -1060.6045
-144.85083 -134.17142 -1060.4332
-145.86308 -135.59569 -1060.3755
-146.86093 -136.9646 -1060.4502
-147.92815 -138.23128 -1060.6593
-24.344383 -3.869698 -55.82603
-25.036705 -3.797218 -55.430473
-29.20504 -1.459373 -64.22905
-29.911629 -1.397133 -63.800278
-34.414665 -0.159218 -72.65724
-35.111015 -0.095879 -72.220276
-39.843346 -0.669823 -82.17998
-40.540825 -0.607399 -81.78252
-45.237328 -3.531471 -92.712166
-45.963448 -3.470299 -92.356606
-49.733055 -10.62516 -103.176414
-50.5411 -10.567192 -102.87543
-52.95913 -21.368935 -113.14276
-53.815056 -21.319801 -112.938805
-55.65055 -31.38099 -123.33859
-56.440163 -31.336723 -123.18348
-58.026802 -36.804085 -133.52664
-58.733665 -36.75541 -133.3927
-59.817635 -39.34104 -141.38504
-60.470802 -39.29174 -141.25333
-61.28808 -40.377754 -148.56956
-61.91886 -40.32859 -148.44954
-62.607826 -40.869026 -155.35237
-63.223213 -40.820213 -155.23824
-63.65258 -41.077858 -162.08272
-64.25595 -41.03019 -161.99088
-64.50764 -41.06008 -168.95079
-65.09894 -41.013496 -168.87828
-65.15388 -40.82621 -176.16432
-65.73276 -40.78074 -176.11026
-65.60544 -40.183754 -184.89397
-66.17152 -40.13949 -184.86021
-65.7928 -38.958885 -195.96861
-66.34529 -38.915886 -195.95268
-65.68793 -37.211754 -209.25539
-66.22925 -37.16976 -209.2535
-65.50657 -35.44007 -223.30493
-66.04036 -35.398613 -223.3066
-65.59056 -34.26571 -236.54504
-66.11842 -34.22457 -236.53812
-66.14816 -33.94111 -248.53207
-66.667305 -33.90046 -248.50725
-67.1572 -34.143013 -259.6508
-67.664276 -34.10325 -259.6093
-68.4866 -34.19747 -270.59772
-68.982185 -34.158577 -270.5493
-69.80111 -33.647118 -281.97
-70.290245 -33.608757 -281.9261
-70.81861 -32.33857 -294.00735
-71.3083 -32.300346 -293.97147
-71.63183 -30.081581 -306.52676
-72.12748 -30.043388 -306.49292
-72.495 -26.714592 -319.21936
-72.99825 -26.676552 -319.17795
-74.15555 -22.258995 -331.72375
-75.26938 -17.262962 -343.97592
-75.76907 -17.22657 -343.88995
-77.3933 -12.322838 -355.7047
-77.875626 -12.287422 -355.5932
-79.92853 -8.015739 -367.03946
-80.39061 -7.980904 -366.90884
-82.756645 -4.352272 -378.13712
-83.20337 -4.317741 -377.99387
-85.7372 -1.048286 -389.14865
-86.17584 -1.013863 -388.9986
-88.725136 2.145439 -400.25635
-89.162384 2.179848 -400.10715
-91.654144 5.41555 -411.68582
-92.09449 5.450066 -411.5449
-94.39452 8.804222 -423.61838
-94.84101 8.838982 -423.49103
-96.734375 12.208916 -435.7914
-97.189285 12.24398 -435.68085
-98.59841 15.423378 -447.50162
-99.06282 15.458916 -447.40625
-100.314735 18.432915 -458.86063
-100.78845 18.46917 -458.7685
-102.00079 21.287682 -469.7458
-102.48467 21.32476 -469.65015
-103.9934 24.368752 -481.6567
-104.48911 24.406822 -481.55182
-106.35033 27.602974 -494.4026
-106.857346 27.642113 -494.28586
-109.10435 30.737282 -508.3919
-109.6212 30.777458 -508.26797
-112.245056 31.749672 -523.45056
-112.76531 31.791084 -523.3255
-114.81087 32.313408 -539.2535
-115.32881 32.35421 -539.15594
-115.80162 37.441628 -555.49756
-116.31209 37.47895 -555.4483
-116.151436 44.317116 -569.13055
-116.65701 44.351997 -569.0955
-117.14959 49.80944 -580.1281
-117.661865 49.84588 -580.0585
-118.69427 51.928123 -589.0044
-119.23482 51.966286 -588.894
-120.630615 52.334892 -597.8099
-121.229416 52.373955 -597.6653
-122.81926 51.886925 -607.459
-123.48055 51.941658 -607.3086
-124.020485 48.328392 -619.2157
-124.70981 48.384483 -619.1552
-122.664604 42.585 -633.7467
-123.29445 42.637688 -633.85034
-119.751656 38.12731 -650.1862
-120.27442 38.178307 -650.32654
-118.40128 35.316566 -666.41406
-118.85101 35.356895 -666.4664
-118.96748 33.966866 -680.7535
-119.38413 33.999886 -680.7364
-120.19878 33.981224 -693.02563
-120.60065 34.01435 -692.9779
-121.6127 34.677254 -703.9689
-122.00844 34.7109 -703.90564
-122.98899 35.51867 -714.54584
-123.37773 35.549843 -714.479
-124.202 36.068214 -725.4601
-124.57849 36.09481 -725.3997
-125.18982 36.210045 -737.0263
-125.55082 36.234215 -736.9797
-126.00413 36.024086 -749.32
-126.34901 36.048653 -749.28796
-126.78972 35.639168 -762.26294
-127.11927 35.664284 -762.2391
-127.69764 35.2324 -775.61664
-128.01395 35.25715 -775.593
-128.84415 34.947273 -789.0943
-129.15028 34.97132 -789.0658
-130.1914 34.818687 -802.4656
-130.49083 34.84223 -802.4319
-131.5379 34.77613 -815.5815
-131.83392 34.79943 -815.5474
-132.68399 34.675224 -828.3893
-132.97893 34.698387 -828.35974
-133.57388 34.49082 -840.8354
-133.86795 34.513863 -840.8121
-134.35002 34.42376 -852.4479
-134.64163 34.446648 -852.4259
-135.12975 34.64289 -862.81085
-135.4172 34.665413 -862.7859
-135.96675 35.096916 -872.2069
-136.24925 35.119072 -872.17725
-136.8783 35.772682 -880.4927
-137.1554 35.794426 -880.4563
-137.88641 36.70742 -888.42584
-138.1576 36.728676 -888.38434
-138.95824 37.992226 -896.3341
-139.22296 38.01293 -896.29004
-140.18124 39.564598 -904.59674
-140.43886 39.584694 -904.5499
-141.57748 41.473305 -913.4488
-141.82797 41.492744 -913.3998
-142.96289 43.64599 -921.9712
-143.20717 43.664818 -921.92126
-144.45071 46.261574 -930.7424
-144.68912 46.279747 -930.6908
-145.95264 49.06704 -939.1533
-146.18677 49.084785 -939.0996
-147.74522 52.682243 -948.1632
-147.97641 52.699455 -948.1044
-150.38214 57.86541 -957.5691
-150.60474 57.881477 -957.4909
-153.52287 63.31774 -967.9922
-153.73819 63.333504 -967.9095
-155.05428 65.51025 -979.7292
-155.27191 65.52694 -979.6894
-155.35811 63.970146 -992.00494
-155.57007 63.986412 -991.99963
-155.53899 59.96656 -1004.16724
-155.742 59.98153 -1004.16925
-156.01813 54.81214 -1015.9533
-156.21274 54.825966 -1015.9511
-155.95937 48.901665 -1027.074
-156.14499 48.91903 -1027.0886
-157.96487 40.204765 -1034.4816
-158.14148 40.25112 -1034.501
-159.79518 29.788307 -1038.2145
-159.97104 29.824287 -1038.2235
-161.5235 19.811882 -1038.572
-161.67828 19.84092 -1038.567
-162.5185 9.703041 -1037.4852
-162.67061 9.723396 -1037.4507
-162.40399 -0.566536 -1036.4176
-162.55386 -0.569298 -1036.4108
-161.37256 -10.269463 -1035.6058
-161.50522 -10.285484 -1035.614
-159.34482 -19.33123 -1035.3873
-159.46347 -19.35624 -1035.3757
-156.60172 -28.861168 -1037.4519
-156.72101 -28.897484 -1037.4332
-151.96059 -39.474266 -1041.3656
-152.07181 -39.523964 -1041.3525
-146.14713 -50.23159 -1046.057
-146.24048 -50.287315 -1046.0427
-141.3757 -60.498817 -1051.1119
-141.45839 -60.54821 -1051.0856
-139.39923 -69.83301 -1055.4799
-139.47845 -69.86551 -1055.4362
-140.37836 -77.965935 -1058.7812
-140.4537 -77.975815 -1058.7284
-141.86911 -84.9833 -1060.6151
-141.9387 -84.980156 -1060.5643
-142.24884 -93.25454 -1061.4114
-142.31224 -93.25365 -1061.3602
-141.5747 -102.551994 -1062.9437
-141.6294 -102.56325 -1062.8972
-140.952 -109.91095 -1065.0823
-141.00304 -109.92638 -1065.0405
-140.69643 -116.355415 -1065.841
-140.75494 -116.36228 -1065.792
-140.18935 -121.10267 -1064.9194
-140.2601 -121.10213 -1064.8619
-140.26842 -124.18742 -1063.8191
-140.33339 -124.17562 -1063.7668
-140.50171 -126.04432 -1062.9884
-140.5602 -126.02498 -1062.9426
-140.75882 -127.434265 -1062.3143
-140.81421 -127.41081 -1062.2734
-141.11559 -128.66292 -1061.7383
-141.16939 -128.63701 -1061.702
-141.77493 -129.89485 -1061.2206
-142.69077 -131.27594 -1060.8414
-143.70535 -132.68777 -1060.6044
-143.751 -132.65622 -1060.5896
-144.85083 -134.17143 -1060.433
-144.89345 -134.1398 -1060.426
-145.8631 -135.59569 -1060.3752
-145.90434 -135.56635 -1060.3735
-146.86093 -136.9646 -1060.4501
-146.90187 -136.93835 -1060.4517
-147.9642 -138.20953 -1060.663
-25.682487 -3.591881 -55.009407
-30.577293 -1.194572 -63.35038
-35.77543 0.110405 -71.77881
-41.219643 -0.404121 -81.40214
-46.681313 -3.271156 -92.04009
-51.351738 -10.378456 -102.6524
-54.674934 -21.159798 -112.84515
-57.23072 -31.192558 -123.13015
-59.43244 -36.5969 -133.31908
-61.112694 -39.131355 -141.16235
-62.534477 -40.168633 -148.35022
-63.82168 -40.661385 -155.13603
-64.841995 -40.874992 -161.9066
-65.67248 -40.86178 -168.80893
-66.29402 -40.632683 -176.05588
-66.72019 -39.995323 -184.8214
-66.8809 -38.775795 -195.92741
-66.754265 -37.03295 -209.23956
-66.55816 -35.263695 -223.29659
-66.63032 -34.090675 -236.52338
-67.170715 -33.76821 -248.48103
-68.15631 -33.973732 -259.572
-69.46319 -34.0319 -270.50607
-70.76463 -33.483772 -281.88333
-71.78275 -32.175865 -293.9295
-72.60731 -29.918877 -306.44498
-73.48479 -26.552559 -319.11417
-74.64403 -22.137093 -331.63388
-76.24875 -17.108116 -343.7702
-78.336716 -12.172096 -355.44922
-80.8314 -7.867485 -366.75046
-83.62927 -4.205238 -377.82758
-86.59411 -0.901772 -388.8282
-89.57958 2.291939 -399.93854
-92.51523 5.562431 -411.3845
-95.2684 8.951988 -423.34354
-97.625656 12.35807 -435.54938
-99.50917 15.574593 -447.28912
-101.24409 18.58715 -458.65454
-102.95005 21.445366 -469.53235
-104.96556 24.530739 -481.42465
-107.34434 27.7696 -494.14737
-110.11803 30.908363 -508.125
-113.26826 31.92588 -523.19666
-115.83112 32.487038 -539.0585
-116.806435 37.60047 -555.3711
-117.14612 44.46505 -569.01556
-118.15505 49.961174 -579.94684
-119.756256 52.095924 -588.76654
-121.81057 52.520912 -597.52673
-124.12639 52.10972 -607.1862
-125.38117 48.548058 -619.141
-123.89912 42.782143 -633.99384
-120.77386 38.30616 -650.4895
-119.28481 35.47039 -666.53265
-119.78821 34.10578 -680.7271
-120.990166 34.11898 -692.93054
-122.391266 34.815117 -703.8369
-123.75332 35.64997 -714.4042
-124.942375 36.18789 -725.3328
-125.90024 36.322166 -736.9298
-126.6833 36.134254 -749.2558
-127.43892 35.74769 -762.2173
-128.32082 35.33779 -775.57227
-129.44727 35.04957 -789.03955
-130.78127 34.918907 -802.39996
-132.12103 34.875282 -815.5145
-133.26498 34.77381 -828.3315
-134.15318 34.588966 -840.7903
-134.92445 34.521095 -852.4051
-135.69588 34.73884 -862.76056
-136.52292 35.19123 -872.1458
-137.42363 35.865288 -880.4168
-138.4198 36.79792 -888.3381
-139.47862 38.080208 -896.23914
-140.68732 39.65 -904.49506
-142.06924 41.556053 -913.3419
-143.44215 43.72608 -921.86096
-144.91806 46.33895 -930.6275
-146.4112 49.142418 -939.033
-148.19724 52.75541 -948.03046
-150.81485 57.933617 -957.3945
-153.94083 63.384804 -967.81006
-155.48094 65.58132 -979.6428
-155.77551 64.03939 -991.9992
-155.93909 60.030174 -1004.1838
-156.40215 54.870903 -1015.9645
-156.32394 48.96453 -1027.1201
-158.30869 40.314735 -1034.5457
-160.1409 29.869225 -1038.2638
-161.83739 19.872414 -1038.5884
-162.83968 9.742821 -1037.4387
-162.70412 -0.572868 -1036.4243
-161.6277 -10.301857 -1035.6412
-159.58044 -19.38163 -1035.3851
-156.84337 -28.930626 -1037.4375
-152.18762 -39.568962 -1041.361
-146.3403 -50.339836 -1046.0464
-141.54907 -60.59475 -1051.0743
-139.56628 -69.89379 -1055.4069
-140.53671 -77.97992 -1058.6893
-142.01517 -84.97274 -1060.5269
-142.38362 -93.251175 -1061.3209
-141.69258 -102.57374 -1062.8595
-141.06146 -109.94026 -1065.0079
-140.82068 -116.36945 -1065.758
-140.33978 -121.105316 -1064.826
-140.40874 -124.16685 -1063.7301
-140.6297 -126.0075 -1062.9069
-140.88063 -127.38866 -1062.2402
-141.23366 -128.61221 -1061.6726
-141.83604 -129.86815 -1061.1974
-142.74648 -131.24709 -1060.8267
-143.80057 -132.6257 -1060.5839
-144.93741 -134.1091 -1060.4283
-145.94534 -135.53786 -1060.3812
-146.94183 -136.91296 -1060.4619
-147.99904 -138.18857 -1060.6735
-26.261803 -3.261086 -54.576263
-31.181053 -0.857582 -62.893402
-36.386986 0.453606 -71.34673
-41.85856 -0.065941 -81.05086
-47.3684 -2.939842 -91.77266
-52.13961 -10.064384 -102.51451
-55.51185 -20.893547 -112.86512
-57.997475 -30.952675 -123.180664
-60.10116 -36.333168 -133.30829
-61.723198 -38.86451 -141.11508
-63.115623 -39.90249 -148.2748
-64.3844 -40.397133 -155.04906
-65.392296 -40.61669 -161.83258
-66.21026 -40.609352 -168.7449
-66.820015 -40.386375 -176.0028
-67.2342 -39.755516 -184.77872
-67.38275 -38.542763 -195.89359
-67.24645 -36.80535 -209.21399
-67.04368 -35.039223 -223.27515
-67.11015 -33.867912 -236.50127
-67.6426 -33.54818 -248.45432
-68.61782 -33.75831 -259.54
-69.91447 -33.821083 -270.46948
-71.2094 -33.275795 -281.84317
-72.22708 -31.968742 -293.88293
-73.05627 -29.711693 -306.38443
-73.93938 -26.346214 -319.03006
-75.09892 -21.934242 -331.51703
-76.69329 -16.910988 -343.62048
-78.76205 -11.980263 -355.27725
-81.23697 -7.67878 -366.56927
-84.02096 -4.018028 -377.64343
-86.9788 -0.715309 -388.64276
-89.96357 2.478371 -399.75574
-92.903114 5.749367 -411.2096
-95.66329 9.139992 -423.1806
-98.0298 12.547874 -435.40097
-99.923416 15.767036 -447.15378
-101.667274 18.783394 -458.52222
-103.38225 21.646065 -469.39603
-105.40778 24.736977 -481.27917
-107.79601 27.981712 -493.99142
-110.57921 31.126106 -507.96747
-113.7381 32.15011 -523.06793
-116.30204 32.708 -538.96405
-117.26914 37.80268 -555.2683
-117.603355 44.653023 -568.89325
-118.613655 50.15252 -579.7966
-120.24231 52.31431 -588.62646
-122.35588 52.77207 -597.3988
-124.73657 52.387733 -607.0963
-126.01369 48.817436 -619.17444
-124.460045 43.018974 -634.17395
-121.23469 38.511192 -650.6714
-119.68919 35.655052 -666.6113
-120.167076 34.281517 -680.726
-121.355125 34.29206 -692.8852
-122.7491 34.986824 -703.7647
-124.10383 35.81597 -714.3237
-125.282135 36.344643 -725.26135
-126.22705 36.471306 -736.8782
-126.99644 36.278328 -749.22485
-127.7386 35.88694 -762.19836
-128.60864 35.472054 -775.55493
-129.72581 35.179802 -789.01666
-131.05359 35.046516 -802.3709
-132.39018 35.001488 -815.4841
-133.5332 34.89936 -828.30566
-134.42062 34.71392 -840.77094
-135.18958 34.64498 -852.386
-135.95699 34.861046 -862.7357
-136.77919 35.311363 -872.1137
-137.67456 35.983192 -880.3751
-138.66478 36.913155 -888.2883
-139.71706 38.192177 -896.18304
-140.9188 39.758705 -904.43414
-142.29375 41.66143 -913.2771
-143.66048 43.82807 -921.79236
-145.13036 46.437492 -930.5544
-146.61893 49.238335 -938.9556
-148.40074 52.848457 -947.94403
-151.00586 58.02041 -957.2828
-154.12442 63.470192 -967.6972
-155.67477 65.671745 -979.59094
-155.96802 64.127464 -992.0037
-156.12405 60.11109 -1004.2102
-156.58041 54.945686 -1015.99304
-156.4906 49.03666 -1027.1672
-158.46071 40.392708 -1034.6129
-160.29932 29.921211 -1038.3334
-161.99825 19.905693 -1038.6383
-163.02419 9.760262 -1037.4581
-162.85443 -0.577721 -1036.4614
-161.74068 -10.318596 -1035.6868
-159.6966 -19.40763 -1035.4169
-156.96698 -28.959969 -1037.4658
-152.30347 -39.607002 -1041.3915
-146.44205 -50.3861 -1046.0695
-141.6438 -60.635704 -1051.0807
-139.65944 -69.91637 -1055.3939
-140.6248 -77.97802 -1058.6656
-142.09607 -84.961266 -1060.5038
-142.46043 -93.24715 -1061.2952
-141.76178 -102.58285 -1062.8336
-141.12509 -109.95181 -1064.9863
-140.88783 -116.37542 -1065.7368
-140.41838 -121.10937 -1064.8044
-140.4889 -124.15954 -1063.7051
-140.7087 -125.99153 -1062.8807
-140.95845 -127.3681 -1062.2156
-141.30939 -128.58907 -1061.6519
-141.90712 -129.84297 -1061.1831
-142.80966 -131.21948 -1060.821
-143.85477 -132.59613 -1060.587
-144.98332 -134.07901 -1060.4398
-145.98674 -135.5098 -1060.3975
-146.98146 -136.88797 -1060.4803
-148.0332 -138.168 -1060.6907
-26.261818 -3.261116 -54.57626
-26.757698 -2.817009 -54.144756
-31.181068 -0.857582 -62.8934
-31.704506 -0.397713 -62.443687
-36.387 0.45359 -71.346725
-36.92698 0.921928 -70.9375
-36.387 0.45359 -71.34672
-36.92698 0.921928 -70.93749
-41.85856 -0.065956 -81.05085
-42.437843 0.39547 -80.739494
-47.36843 -2.939857 -91.77265
-48.003487 -2.487801 -91.56236
-52.13964 -10.0644 -102.5145
-52.88035 -9.635902 -102.46548
-55.51185 -20.893547 -112.86511
-56.299828 -20.53022 -112.997185
-57.997475 -30.952675 -123.18066
-58.71662 -30.625359 -123.33258
-60.101173 -36.333183 -133.30827
-60.719154 -35.973274 -133.3602
-61.72323 -38.86454 -141.11508
-62.28353 -38.500374 -141.11266
-63.11564 -39.902504 -148.27478
-63.644417 -39.53927 -148.2254
-64.38441 -40.39715 -155.04904
-64.89408 -40.03649 -154.97984
-65.3923 -40.616722 -161.83257
-65.88991 -40.26426 -161.77103
-66.210266 -40.609367 -168.74489
-66.695724 -40.264915 -168.68823
-66.82002 -40.38639 -176.00279
-67.294556 -40.05027 -175.95279
-67.234215 -39.75553 -184.7787
-67.69772 -39.428276 -184.73355
-67.38276 -38.54281 -195.89359
-67.83551 -38.224815 -195.85236
-67.24646 -36.80538 -209.21397
-67.69074 -36.49485 -209.17772
-67.043686 -35.039238 -223.27512
-67.482 -34.732933 -223.243
-67.11016 -33.867912 -236.50125
-67.5432 -33.56388 -236.47256
-67.64262 -33.548195 -248.4543
-68.06848 -33.247902 -248.42795
-68.61782 -33.75834 -259.53998
-69.03464 -33.464302 -259.51425
-69.91447 -33.8211 -270.46945
-70.32213 -33.53344 -270.44058
-71.2094 -33.27581 -281.84314
-71.610794 -32.992027 -281.8068
-72.22709 -31.968758 -293.88293
-72.627625 -31.686134 -293.83322
-73.056274 -29.711708 -306.3844
-73.460594 -29.428993 -306.31323
-73.93939 -26.346214 -319.03003
-74.34802 -26.064705 -318.92828
-75.09893 -21.934242 -331.51703
-75.50627 -21.657478 -331.37692
-76.6933 -16.911003 -343.62048
-77.08909 -16.641975 -343.44562
-78.76205 -11.980278 -355.27722
-79.13862 -11.718513 -355.08282
-81.23698 -7.67878 -366.5692
-81.59496 -7.421288 -366.37122
-84.02097 -4.018028 -377.64343
-84.366455 -3.762642 -377.44745
-86.978806 -0.71534 -388.64273
-87.31817 -0.460915 -388.4482
-89.96359 2.47834 -399.7557
-90.30264 2.732735 -399.56464
-92.90312 5.749352 -411.2096
-93.2463 6.004433 -411.02573
-95.66331 9.139992 -423.1806
-96.01359 9.396584 -423.00735
-98.02981 12.547859 -435.4009
-98.3894 12.806908 -435.24045
-99.92342 15.767006 -447.1537
-100.29293 16.02961 -447.00458
-101.66728 18.783379 -458.52216
-102.04511 19.051216 -458.37576
-103.382256 21.646065 -469.39597
-103.76807 21.919945 -469.2457
-105.40779 24.736946 -481.27914
-105.802216 25.018394 -481.12
-107.79602 27.981697 -493.99133
-108.19852 28.271126 -493.8229
-110.57922 31.126091 -507.9674
-110.990616 31.423164 -507.8003
-113.738106 32.150063 -523.0679
-114.160446 32.455986 -522.9433
-116.30205 32.707985 -538.964
-116.727135 33.009453 -538.8757
-117.26915 37.802666 -555.2683
-117.68607 38.07856 -555.1435
-117.60336 44.653008 -568.8931
-118.01471 44.909508 -568.7326
-118.61366 50.15249 -579.7965
-119.02365 50.413628 -579.6127
-120.242325 52.314293 -588.6264
-120.67812 52.614418 -588.47833
-122.35589 52.772057 -597.39874
-122.84859 53.119057 -597.2855
-124.73658 52.38772 -607.09625
-125.292465 52.767754 -607.0417
-126.013695 48.81742 -619.1744
-126.58785 49.18519 -619.2543
-124.460045 43.018944 -634.1739
-124.96005 43.342476 -634.3854
-121.234695 38.51116 -650.67126
-121.64299 38.789055 -650.8669
-119.6892 35.65502 -666.61127
-120.05181 35.905663 -666.7001
-120.167076 34.2815 -680.726
-120.509094 34.521126 -680.73315
-121.68435 34.52764 -692.8431
-122.7491 34.986824 -703.76465
-123.07091 35.220024 -703.6914
-124.103836 35.815956 -714.32367
-124.418526 36.04203 -714.2399
-125.282135 36.344627 -725.2613
-125.58739 36.559563 -725.1875
-126.22705 36.47129 -736.8781
-126.52126 36.676445 -736.8264
-126.99644 36.278313 -749.2248
-127.27885 36.47593 -749.1958
-127.73861 35.88691 -762.19836
-128.00916 36.077217 -762.18304
-128.60866 35.472023 -775.5549
-128.86855 35.65522 -775.5416
-129.72581 35.179756 -789.0166
-129.9773 35.35743 -788.9977
-131.05359 35.046486 -802.37085
-131.29941 35.22062 -802.3454
-132.3902 35.001457 -815.484
-132.63313 35.173637 -815.45685
-133.5332 34.899315 -828.30554
-133.7753 35.07064 -828.2829
-134.42064 34.71389 -840.7709
-134.66206 34.884407 -840.75446
-135.18958 34.644966 -852.3859
-135.42885 34.813972 -852.36914
-135.957 34.86103 -862.73566
-136.19257 35.02778 -862.71204
-136.77919 35.311363 -872.1136
-137.01022 35.47532 -872.0816
-137.67456 35.983162 -880.37506
-137.90045 36.14405 -880.3328
-138.66478 36.913155 -888.28827
-138.88496 37.070396 -888.23676
-139.71707 38.19216 -896.1829
-139.931 38.34501 -896.1233
-140.91881 39.75869 -904.434
-141.12619 39.907066 -904.36884
-142.29376 41.6614 -913.27704
-142.4946 41.8052 -913.20734
-143.66049 43.82804 -921.7922
-143.85541 43.96717 -921.71747
-145.13036 46.43746 -930.55426
-145.31944 46.571922 -930.47375
-146.61894 49.23832 -938.95557
-146.80356 49.36924 -938.8699
-148.40076 52.848442 -947.944
-148.58069 52.97544 -947.84784
-151.00586 58.020393 -957.2827
-151.17195 58.138847 -957.1594
-154.12442 63.47016 -967.6971
-154.28331 63.586693 -967.57434
-155.67477 65.671715 -979.5908
-155.8474 65.79516 -979.53546
-155.96802 64.127464 -992.00366
-156.14157 64.2477 -992.013
-156.12405 60.111076 -1004.2101
-156.2912 60.22158 -1004.24786
-156.58041 54.94567 -1015.993
-156.74197 55.04772 -1016.0359
-156.4906 49.03663 -1027.1671
-156.63974 49.13279 -1027.2281
-158.46072 40.392708 -1034.6128
-158.59213 40.480965 -1034.6982
-160.29932 29.921196 -1038.3334
-160.441 29.97773 -1038.4291
-161.99825 19.905678 -1038.6382
-162.15662 19.939552 -1038.721
-163.02419 9.760262 -1037.458
-163.2074 9.772484 -1037.5306
-162.85443 -0.577736 -1036.4613
-162.99458 -0.585747 -1036.5343
-161.74068 -10.318611 -1035.6868
-161.84477 -10.335915 -1035.7522
-159.6966 -19.407646 -1035.4167
-159.81125 -19.434074 -1035.4728
-156.96698 -28.959984 -1037.4657
-157.08878 -28.984795 -1037.5182
-152.30347 -39.607018 -1041.3914
-152.41528 -39.636497 -1041.4435
-146.44206 -50.3861 -1046.0695
-146.54195 -50.423958 -1046.1122
-141.6438 -60.63572 -1051.0806
-141.73917 -60.66918 -1051.1046
-139.65945 -69.91638 -1055.3938
-139.75479 -69.93225 -1055.398
-140.6248 -77.97803 -1058.6656
-140.71515 -77.97027 -1058.6582
-142.09608 -84.96127 -1060.5038
-142.17877 -84.946175 -1060.4962
-142.46043 -93.247154 -1061.295
-142.54004 -93.241684 -1061.2842
-141.76178 -102.58286 -1062.8336
-141.83463 -102.59019 -1062.821
-141.12509 -109.95183 -1064.9862
-141.19185 -109.960556 -1064.9768
-140.88783 -116.37543 -1065.7367
-140.9549 -116.37989 -1065.7278
-140.41838 -121.109375 -1064.8043
-140.49532 -121.11403 -1064.7959
-140.48892 -124.15954 -1063.705
-140.57431 -124.15376 -1063.6918
-140.7087 -125.99153 -1062.8806
-140.79814 -125.97752 -1062.865
-140.95847 -127.36811 -1062.2156
-141.04877 -127.34972 -1062.2013
-141.3094 -128.58908 -1061.6517
-141.39767 -128.56813 -1061.6411
-141.90714 -129.84297 -1061.183
-141.98907 -129.81985 -1061.179
-142.80966 -131.2195 -1060.8209
-142.88097 -131.19353 -1060.8254
-143.85477 -132.59613 -1060.5869
-143.91396 -132.56767 -1060.6001
-144.98332 -134.07903 -1060.4397
-145.03136 -134.04959 -1060.4606
-146.02856 -135.48215 -1060.4229
-146.98148 -136.88799 -1060.4803
-147.02078 -136.86339 -1060.5074
-148.0332 -138.168 -1060.6906
-148.06668 -138.1479 -1060.7152
-26.757713 -2.817009 -54.144756
-27.18969 -2.202965 -53.683094
-31.704506 -0.397743 -62.443684
-32.168694 0.246605 -61.969437
-36.92698 0.921898 -70.9375
-37.41958 1.578026 -70.525696
-36.92698 0.921913 -70.93749
-37.41958 1.578026 -70.52569
-42.437843 0.395454 -80.73949
-42.987236 1.041908 -80.453705
-48.003517 -2.487816 -91.562355
-48.62214 -1.854469 -91.40619
-52.880363 -9.635918 -102.46546
-53.61837 -9.035606 -102.52136
-56.299828 -20.530235 -112.99718
-57.086433 -20.021233 -113.27609
-58.71662 -30.625374 -123.33257
-59.43093 -30.16674 -123.61977
-60.71917 -35.973274 -133.36018
-61.321007 -35.469032 -133.49261
-62.28353 -38.50039 -141.11264
-62.82395 -37.990273 -141.16487
-63.644432 -39.5393 -148.22539
-64.14839 -39.030464 -148.20416
-64.89409 -40.036507 -154.97984
-65.37679 -39.531242 -154.92722
-65.889915 -40.26429 -161.77101
-66.36008 -39.770515 -161.72014
-66.69574 -40.26493 -168.68822
-67.153305 -39.78237 -168.63625
-67.294556 -40.05027 -175.95277
-67.74147 -39.57937 -175.90274
-67.69772 -39.428276 -184.73354
-68.133995 -38.96978 -184.68196
-67.83551 -38.224815 -195.85234
-68.26185 -37.779335 -195.79895
-67.69075 -36.49485 -209.1777
-68.10947 -36.05979 -209.1256
-67.48202 -34.73295 -223.24298
-67.89517 -34.303856 -223.19539
-67.54321 -33.563896 -236.47253
-67.95118 -33.13801 -236.43356
-68.0685 -33.247917 -248.42792
-68.469666 -32.827217 -248.4
-69.03465 -33.464317 -259.51425
-69.42771 -33.052437 -259.49432
-70.32214 -33.533455 -270.44055
-70.70679 -33.130486 -270.41885
-71.61081 -32.992043 -281.8068
-71.98903 -32.594536 -281.77234
-72.627625 -31.686165 -293.8332
-73.00434 -31.290276 -293.7758
-73.4606 -29.429024 -306.31323
-73.84026 -29.033012 -306.22372
-74.34803 -26.06472 -318.92828
-74.73079 -25.670326 -318.7974
-75.50628 -21.657494 -331.37692
-75.8858 -21.269737 -331.19797
-77.089096 -16.64199 -343.4456
-77.45473 -16.265099 -343.227
-79.138626 -11.718544 -355.08276
-79.483574 -11.351799 -354.8465
-81.59498 -7.421318 -366.37115
-81.92137 -7.060539 -366.13766
-84.36646 -3.762657 -377.44736
-84.681114 -3.404869 -377.22223
-87.31818 -0.460915 -388.44818
-87.62727 -0.104515 -388.22803
-90.30266 2.732704 -399.56458
-90.61198 3.089088 -399.349
-93.246315 6.004433 -411.02573
-93.56032 6.361855 -410.81735
-96.013596 9.396584 -423.00732
-96.33531 9.756035 -422.80865
-98.3894 12.806892 -435.24042
-98.721146 13.169777 -435.0531
-100.292946 16.029594 -447.00455
-100.63518 16.39753 -446.8274
-102.04512 19.051216 -458.37576
-102.39553 19.426384 -458.20126
-103.768074 21.91993 -469.2457
-104.125786 22.303627 -469.06693
-105.80223 25.018364 -481.12
-106.16749 25.41262 -480.9323
-108.19852 28.27111 -493.82288
-108.57078 28.676598 -493.62653
-110.99062 31.42315 -507.80026
-111.37171 31.839394 -507.60898
-114.16045 32.455956 -522.9433
-114.55605 32.8845 -522.8146
-116.72714 33.009438 -538.8757
-117.1277 33.4318 -538.7881
-117.68607 38.078545 -555.1434
-118.07785 38.46508 -554.982
-118.01472 44.909492 -568.73254
-118.40047 45.268745 -568.5131
-119.02366 50.413597 -579.6126
-119.40468 50.779716 -579.3741
-120.67813 52.614388 -588.4782
-121.084885 53.037132 -588.30914
-122.848595 53.11904 -597.2855
-123.31363 53.609474 -597.1817
-125.292465 52.76774 -607.0417
-125.82351 53.302635 -607.0267
-126.58785 49.185173 -619.2543
-127.133446 49.701653 -619.3968
-124.96005 43.342445 -634.3854
-125.42273 43.79693 -634.6507
-121.64299 38.789024 -650.8669
-122.01756 39.178276 -651.0942
-120.05181 35.905647 -666.7
-120.39042 36.25637 -666.80804
-120.5091 34.521126 -680.73315
-120.83142 34.85668 -680.7508
-121.68436 34.527626 -692.8431
-121.99428 34.857002 -692.8018
-123.070915 35.22001 -703.6914
-123.37267 35.54563 -703.61096
-124.418526 36.04203 -714.23987
-124.71286 36.35836 -714.1459
-125.587395 36.559563 -725.1875
-125.8732 36.86178 -725.1054
-126.52127 36.67643 -736.82635
-126.79756 36.965538 -736.7707
-127.27885 36.4759 -749.1957
-127.544685 36.75376 -749.16693
-128.00916 36.07717 -762.183
-128.26413 36.344032 -762.1706
-128.86855 35.655205 -775.5416
-129.11359 35.911858 -775.5322
-129.9773 35.357414 -788.9976
-130.21442 35.606255 -788.9821
-131.29941 35.220573 -802.3454
-131.53113 35.46447 -802.3226
-132.63315 35.173622 -815.45685
-132.86205 35.41485 -815.43164
-133.7753 35.07061 -828.28284
-134.00342 35.310646 -828.2621
-134.66208 34.88439 -840.75446
-134.88959 35.123222 -840.7402
-135.42886 34.813972 -852.3691
-135.65433 35.050743 -852.35364
-136.19257 35.02778 -862.712
-136.41441 35.261345 -862.688
-137.01024 35.475304 -872.08154
-137.22754 35.704964 -872.0475
-137.90045 36.144035 -880.33276
-138.11255 36.369423 -880.2864
-138.88496 37.07038 -888.2367
-139.09128 37.290657 -888.17896
-139.931 38.34498 -896.1232
-140.13094 38.559074 -896.0547
-141.1262 39.907066 -904.3687
-141.31955 40.114967 -904.29346
-142.4946 41.805183 -913.2072
-142.68143 42.00663 -913.1262
-143.85541 43.967155 -921.7174
-144.03621 44.16204 -921.62933
-145.31944 46.571907 -930.47375
-145.49422 46.76023 -930.378
-146.80357 49.36921 -938.8698
-146.97365 49.55259 -938.76746
-148.5807 52.975426 -947.8478
-148.74522 53.153343 -947.7323
-151.17195 58.138832 -957.15936
-151.31995 58.30477 -957.01245
-154.28331 63.586693 -967.5742
-154.42392 63.749886 -967.4302
-155.8474 65.79513 -979.53534
-156.00696 65.96804 -979.4712
-156.14157 64.24767 -992.0129
-156.30492 64.4161 -992.02875
-156.2912 60.221565 -1004.2478
-156.44904 60.376305 -1004.3019
-156.74199 55.047707 -1016.0358
-156.89519 55.190636 -1016.09924
-156.63974 49.13276 -1027.2281
-156.77847 49.265236 -1027.3102
-158.59213 40.480934 -1034.6981
-158.70746 40.58692 -1034.8093
-160.441 29.9777 -1038.429
-160.57243 30.042488 -1038.56
-162.15662 19.939537 -1038.721
-162.3242 19.976204 -1038.854
-163.2074 9.772469 -1037.5305
-163.38101 9.777809 -1037.6802
-162.99458 -0.585762 -1036.5343
-163.11995 -0.599693 -1036.662
-161.84477 -10.335899 -1035.7522
-161.9494 -10.356056 -1035.8516
-159.93283 -19.46296 -1035.5648
-157.08878 -28.98481 -1037.5181
-157.21625 -29.005577 -1037.6041
-152.41528 -39.636513 -1041.4434
-152.5305 -39.657707 -1041.5259
-146.54196 -50.423958 -1046.112
-146.64694 -50.45443 -1046.1816
-141.73918 -60.66918 -1051.1046
-141.84242 -60.696007 -1051.1523
-139.75479 -69.93226 -1055.398
-139.86002 -69.94117 -1055.4233
-140.81499 -77.9548 -1058.6696
-142.17877 -84.94618 -1060.4962
-142.26913 -84.92569 -1060.5059
-142.54004 -93.24169 -1061.2842
-142.62831 -93.23424 -1061.2896
-141.83463 -102.590195 -1062.821
-141.91739 -102.59585 -1062.8239
-141.19186 -109.960556 -1064.9768
-141.26744 -109.96642 -1064.9812
-141.0279 -116.38298 -1065.7322
-140.49533 -121.11404 -1064.7958
-140.57814 -121.12092 -1064.8029
-140.67351 -124.152824 -1063.6985
-140.90689 -125.96974 -1062.8724
-141.04878 -127.349724 -1062.2012
-141.16028 -127.338264 -1062.2112
-141.39767 -128.56815 -1061.6411
-141.50674 -128.55417 -1061.6553
-141.98907 -129.81985 -1061.1788
-142.08951 -129.80267 -1061.1982
-142.88098 -131.19354 -1060.8252
-142.96704 -131.17133 -1060.8511
-143.91397 -132.56767 -1060.6
-143.98392 -132.54033 -1060.6322
-145.03137 -134.0496 -1060.4606
-145.08635 -134.01903 -1060.4983
-146.02856 -135.48215 -1060.4227
-146.07495 -135.45251 -1060.4637
-147.02078 -136.8634 -1060.5073
-147.06343 -136.83699 -1060.5494
-148.10243 -138.12656 -1060.7532
POLYGONS 7830 31320
3 0 1 2
3 0 2 3
3 3 2 4
3 3 4 5
3 5 4 6
3 7 8 9
3 9 8 10
3 9 10 11
3 11 10 12
3 11 12 13
3 13 12 14
3 13 14 15
3 15 14 16
3 15 16 17
3 17 16 18
3 17 18 19
3 19 18 20
3 19 20 21
3 21 20 22
3 21 22 23
3 23 22 24
3 23 24 25
3 25 24 26
3 25 26 27
3 27 26 28
3 27 28 29
3 29 28 30
3 29 30 31
3 31 30 32
3 31 32 33
3 33 32 34
3 33 34 35
3 35 34 36
3 35 36 37
3 37 36 38
3 37 38 39
3 39 38 40
3 39 40 41
3 41 40 42
3 41 42 43
3 43 42 44
3 43 44 45
3 45 44 46
3 45 46 47
3 47 46 48
3 47 48 49
3 49 48 50
3 49 50 51
3 51 50 52
3 51 52 53
3 53 52 54
3 53 54 55
3 55 54 56
3 55 56 57
3 57 56 58
3 57 58 59
3 59 58 60
3 59 60 61
3 61 60 62
3 61 62 63
3 63 62 64
3 63 64 65
3 65 64 66
3 65 66 67
3 67 66 68
3 67 68 69
3 69 68 70
3 69 70 71
3 71 70 72
3 71 72 73
3 73 72 74
3 73 74 75
3 75 74 76
3 75 76 77
3 77 76 78
3 77 78 79
3 79 78 80
3 79 80 81
3 81 80 82
3 81 82 83
3 83 82 84
3 83 84 85
3 85 84 86
3 85 86 87
3 87 86 88
3 87 88 89
3 89 88 90
3 89 90 91
3 91 90 92
3 91 92 93
3 93 92 94
3 93 94 95
3 95 94 96
3 95 96 97
3 97 96 98
3 97 98 99
3 99 98 100
3 99 100 101
3 101 100 102
3 101 102 103
3 103 102 104
3 103 104 105
3 105 104 106
3 105 106 107
3 107 106 108
3 107 108 109
3 109 108 110
3 109 110 111
3 111 110 112
3 111 112 113
3 113 112 114
3 113 114 115
3 115 114 116
3 115 116 117
3 117 116 118
3 117 118 119
3 119 118 120
3 119 120 121
3 121 120 122
3 121 122 123
3 123 122 124
3 123 124 125
3 125 124 126
3 125 126 127
3 127 126 128
3 127 128 129
3 129 128 130
3 129 130 131
3 131 130 132
3 131 132 133
3 133 132 134
3 133 134 135
3 135 134 136
3 135 136 137
3 137 136 138
3 137 138 139
3 139 138 140
3 139 140 141
3 141 140 142
3 141 142 143
3 143 142 144
3 143 144 145
3 145 144 146
3 145 146 147
3 147 146 148
3 147 148 149
3 149 148 150
3 149 150 151
3 151 150 152
3 151 152 153
3 153 152 154
3 153 154 155
3 155 154 156
3 155 156 157
3 157 156 158
3 157 158 159
3 159 158 160
3 159 160 161
3 161 160 162
3 161 162 163
3 163 162 164
3 163 164 165
3 165 164 166
3 165 166 167
3 167 166 168
3 167 168 169
3 169 168 170
3 169 170 171
3 171 170 172
3 171 172 173
3 173 172 174
3 173 174 175
3 175 174 176
3 175 176 177
3 177 176 178
3 177 178 179
3 179 178 180
3 179 180 181
3 181 180 182
3 181 182 183
3 183 182 184
3 183 184 185
3 185 184 186
3 185 186 187
3 187 186 188
3 187 188 189
3 189 188 190
3 189 190 191
3 191 190 192
3 191 192 193
3 193 192 194
3 193 194 195
3 195 194 196
3 195 196 197
3 197 196 198
3 197 198 199
3 199 198 200
3 199 200 201
3 201 200 202
3 201 202 203
3 203 202 204
3 203 204 205
3 205 204 206
3 205 206 207
3 207 206 208
3 207 208 209
3 209 208 210
3 209 210 211
3 211 210 212
3 211 212 213
3 213 212 214
3 213 214 215
3 215 214 216
3 215 216 217
3 217 216 218
3 217 218 219
3 219 218 220
3 219 220 221
3 221 220 222
3 221 222 223
3 223 222 224
3 223 224 225
3 225 224 226
3 225 226 227
3 227 226 228
3 227 228 229
3 229 228 230
3 229 230 231
3 231 230 232
3 231 232 233
3 233 232 234
3 233 234 235
3 235 234 236
3 235 236 237
3 237 236 238
3 237 238 239
3 2 240 241
3 2 241 4
3 4 241 242
3 4 242 6
3 6 242 243
3 8 243 10
3 10 243 244
3 10 244 12
3 12 244 245
3 12 245 14
3 14 245 246
3 14 246 16
3 16 246 247
3 16 247 18
3 18 247 248
3 18 248 20
3 20 248 249
3 20 249 22
3 22 249 250
3 22 250 24
3 24 250 251
3 24 251 26
3 26 251 252
3 26 252 28
3 28 252 253
3 28 253 30
3 30 253 254
3 30 254 32
3 32 254 255
3 32 255 34
3 34 255 256
3 34 256 36
3 36 256 257
3 36 257 38
3 38 257 258
3 38 258 40
3 40 258 259
3 40 259 42
3 42 259 260
3 42 260 44
3 44 260 261
3 44 261 46
3 46 261 262
3 46 262 48
3 48 262 263
3 48 263 50
3 50 263 264
3 50 264 52
3 52 264 265
3 52 265 54
3 54 265 266
3 54 266 56
3 56 266 267
3 56 267 58
3 58 267 268
3 58 268 60
3 60 268 269
3 60 269 62
3 62 269 270
3 62 270 64
3 64 270 271
3 64 271 66
3 66 271 272
3 66 272 68
3 68 272 273
3 68 273 70
3 70 273 274
3 70 274 72
3 72 274 275
3 72 275 74
3 74 275 276
3 74 276 76
3 76 276 277
3 76 277 78
3 78 277 278
3 78 278 80
3 80 278 279
3 80 279 82
3 82 279 280
3 82 280 84
3 84 280 281
3 84 281 86
3 86 281 282
3 86 282 88
3 88 282 283
3 88 283 90
3 90 283 284
3 90 284 92
3 92 284 285
3 92 285 94
3 94 285 286
3 94 286 96
3 96 286 287
3 96 287 98
3 98 287 288
3 98 288 100
3 100 288 289
3 100 289 102
3 102 289 290
3 102 290 104
3 104 290 291
3 104 291 106
3 106 291 292
3 106 292 108
3 108 292 293
3 108 293 110
3 110 293 294
3 110 294 112
3 112 294 295
3 112 295 114
3 114 295 296
3 114 296 116
3 116 296 297
3 116 297 118
3 118 297 298
3 118 298 120
3 120 298 299
3 120 299 122
3 122 299 300
3 122 300 124
3 124 300 301
3 124 301 126
3 126 301 302
3 126 302 128
3 128 302 303
3 128 303 130
3 130 303 304
3 130 304 132
3 132 304 305
3 132 305 134
3 134 305 306
3 134 306 136
3 136 306 307
3 136 307 138
3 138 307 308
3 138 308 140
3 140 308 309
3 140 309 142
3 142 309 310
3 142 310 144
3 144 310 311
3 144 311 146
3 146 311 312
3 146 312 148
3 148 312 313
3 148 313 150
3 150 313 314
3 150 314 152
3 152 314 315
3 152 315 154
3 154 315 316
3 154 316 156
3 156 316 317
3 156 317 158
3 158 317 318
3 158 318 160
3 160 318 319
3 160 319 162
3 162 319 320
3 162 320 164
3 164 320 321
3 164 321 166
3 166 321 322
3 166 322 168
3 168 322 323
3 168 323 170
3 170 323 324
3 170 324 172
3 172 324 325
3 172 325 174
3 174 325 326
3 174 326 176
3 176 326 327
3 176 327 178
3 178 327 328
3 178 328 180
3 180 328 329
3 180 329 182
3 182 329 330
3 182 330 184
3 184 330 331
3 184 331 186
3 186 331 332
3 186 332 188
3 188 332 333
3 188 333 190
3 190 333 334
3 190 334 192
3 192 334 335
3 192 335 194
3 194 335 336
3 194 336 196
3 196 336 337
3 196 337 198
3 198 337 338
3 198 338 200
3 200 338 339
3 200 339 202
3 202 339 340
3 202 340 204
3 204 340 341
3 204 341 206
3 206 341 342
3 206 342 208
3 208 342 343
3 208 343 210
3 210 343 344
3 210 344 212
3 212 344 345
3 212 345 214
3 214 345 346
3 214 346 216
3 216 346 347
3 216 347 218
3 218 347 348
3 218 348 220
3 220 348 349
3 220 349 222
3 222 349 350
3 222 350 224
3 224 350 351
3 224 351 226
3 226 351 352
3 226 352 228
3 228 352 353
3 228 353 230
3 230 353 354
3 230 354 232
3 232 354 355
3 232 355 234
3 234 355 356
3 234 356 236
3 236 356 357
3 236 357 238
3 238 357 358
3 238 358 359
3 240 360 241
3 241 360 361
3 241 361 242
3 242 361 362
3 242 362 243
3 243 362 363
3 243 363 244
3 244 363 364
3 244 364 245
3 245 364 365
3 245 365 246
3 246 365 366
3 246 366 247
3 247 366 367
3 247 367 248
3 248 367 368
3 248 368 249
3 249 368 369
3 249 369 250
3 250 369 370
3 250 370 251
3 251 370 371
3 251 371 252
3 252 371 372
3 252 372 253
3 253 372 373
3 253 373 254
3 254 373 374
3 254 374 255
3 255 374 375
3 255 375 256
3 256 375 376
3 256 376 257
3 257 376 377
3 257 377 258
3 258 377 378
3 258 378 259
3 259 378 379
3 259 379 260
3 260 379 380
3 260 380 261
3 261 380 381
3 261 381 262
3 262 381 382
3 262 382 263
3 263 382 383
3 263 383 264
3 264 383 384
3 264 384 265
3 265 384 385
3 265 385 266
3 266 385 386
3 266 386 267
3 267 386 387
3 267 387 268
3 268 387 388
3 268 388 269
3 269 388 389
3 269 389 270
3 270 389 390
3 270 390 271
3 271 390 391
3 271 391 272
3 272 391 392
3 272 392 273
3 273 392 393
3 273 393 274
3 274 393 394
3 274 394 275
3 275 394 395
3 275 395 276
3 276 395 396
3 276 396 277
3 277 396 397
3 277 397 278
3 278 397 398
3 278 398 279
3 279 398 399
3 279 399 280
3 280 399 400
3 280 400 281
3 281 400 401
3 281 401 282
3 282 401 402
3 282 402 283
3 283 402 403
3 283 403 284
3 284 403 404
3 284 404 285
3 285 404 405
3 285 405 286
3 286 405 406
3 286 406 287
3 287 406 407
3 287 407 288
3 288 407 408
3 288 408 289
3 289 408 409
3 289 409 290
3 290 409 410
3 290 410 291
3 291 410 411
3 291 411 292
3 292 411 412
3 292 412 293
3 293 412 413
3 293 413 294
3 294 413 414
3 294 414 295
3 295 414 415
3 295 415 296
3 296 415 416
3 296 416 297
3 297 416 417
3 297 417 298
3 298 417 418
3 298 418 299
3 299 418 419
3 299 419 300
3 300 419 420
3 300 420 301
3 301 420 421
3 301 421 302
3 302 421 422
3 302 422 303
3 303 422 423
3 303 423 304
3 304 423 424
3 304 424 305
3 305 424 425
3 305 425 306
3 306 425 426
3 306 426 307
3 307 426 427
3 307 427 308
3 308 427 428
3 308 428 309
3 309 428 429
3 309 429 310
3 310 429 430
3 310 430 311
3 311 430 431
3 311 431 312
3 312 431 432
3 312 432 313
3 313 432 433
3 313 433 314
3 314 433 434
3 314 434 315
3 315 434 435
3 315 435 316
3 316 435 436
3 316 436 317
3 317 436 437
3 317 437 318
3 318 437 438
3 318 438 319
3 319 438 439
3 319 439 320
3 320 439 440
3 320 440 321
3 321 440 441
3 321 441 322
3 322 441 442
3 322 442 323
3 323 442 443
3 323 443 324
3 324 443 444
3 324 444 325
3 325 444 445
3 325 445 326
3 326 445 446
3 326 446 327
3 327 446 447
3 327 447 328
3 328 447 448
3 328 448 329
3 329 448 449
3 329 449 330
3 330 449 450
3 330 450 331
3 331 450 451
3 331 451 332
3 332 451 452
3 332 452 333
3 333 452 453
3 333 453 334
3 334 453 454
3 334 454 335
3 335 454 455
3 335 455 336
3 336 455 456
3 336 456 337
3 337 456 457
3 337 457 338
3 338 457 458
3 338 458 339
3 339 458 459
3 339 459 340
3 340 459 460
3 340 460 341
3 341 460 461
3 341 461 342
3 342 461 462
3 342 462 343
3 343 462 463
3 343 463 344
3 344 463 464
3 344 464 345
3 345 464 465
3 345 465 346
3 346 465 466
3 346 466 347
3 347 466 467
3 347 467 348
3 348 467 468
3 348 468 349
3 349 468 469
3 349 469 350
3 350 469 470
3 350 470 351
3 351 470 471
3 351 471 352
3 352 471 472
3 352 472 353
3 353 472 473
3 353 473 354
3 354 473 474
3 354 474 355
3 355 474 475
3 355 475 356
3 356 475 476
3 356 476 357
3 357 476 477
3 357 477 358
3 358 477 478
3 358 478 239
3 239 478 479
3 360 480 361
3 361 480 481
3 361 481 362
3 362 481 482
3 362 482 363
3 363 482 483
3 363 483 364
3 364 483 484
3 364 484 365
3 365 484 485
3 365 485 366
3 366 485 486
3 366 486 367
3 367 486 487
3 367 487 368
3 368 487 488
3 368 488 369
3 369 488 489
3 369 489 370
3 370 489 490
3 370 490 371
3 371 490 491
3 371 491 372
3 372 491 492
3 372 492 373
3 373 492 493
3 373 493 374
3 374 493 494
3 374 494 375
3 375 494 495
3 375 495 376
3 376 495 496
3 376 496 377
3 377 496 497
3 377 497 378
3 378 497 498
3 378 498 379
3 379 498 499
3 379 499 380
3 380 499 500
3 380 500 381
3 381 500 501
3 381 501 382
3 382 501 502
3 382 502 383
3 383 502 503
3 383 503 384
3 384 503 504
3 384 504 385
3 385 504 505
3 385 505 386
3 386 505 506
3 386 506 387
3 387 506 507
3 387 507 388
3 388 507 508
3 388 508 389
3 389 508 509
3 389 509 390
3 390 509 510
3 390 510 391
3 391 510 511
3 391 511 392
3 392 511 512
3 392 512 393
3 393 512 513
3 393 513 394
3 394 513 514
3 394 514 395
3 395 514 515
3 395 515 396
3 396 515 516
3 396 516 397
3 397 516 517
3 397 517 398
3 398 517 518
3 398 518 399
3 399 518 519
3 399 519 400
3 400 519 520
3 400 520 401
3 401 520 521
3 401 521 402
3 402 521 522
3 402 522 403
3 403 522 523
3 403 523 404
3 404 523 524
3 404 524 405
3 405 524 525
3 405 525 406
3 406 525 526
3 406 526 407
3 407 526 527
3 407 527 408
3 408 527 528
3 408 528 409
3 409 528 529
3 409 529 410
3 410 529 530
3 410 530 411
3 411 530 531
3 411 531 412
3 412 531 532
3 412 532 413
3 413 532 533
3 413 533 414
3 414 533 534
3 414 534 415
3 415 534 535
3 415 535 416
3 416 535 536
3 416 536 417
3 417 536 537
3 417 537 418
3 418 537 538
3 418 538 419
3 419 538 539
3 419 539 420
3 420 539 540
3 420 540 421
3 421 540 541
3 421 541 422
3 422 541 542
3 422 542 423
3 423 542 543
3 423 543 424
3 424 543 544
3 424 544 425
3 425 544 545
3 425 545 426
3 426 545 546
3 426 546 427
3 427 546 547
3 427 547 428
3 428 547 548
3 428 548 429
3 429 548 549
3 429 549 430
3 430 549 550
3 430 550 431
3 431 550 551
3 431 551 432
3 432 551 552
3 432 552 433
3 433 552 553
3 433 553 434
3 434 553 554
3 434 554 435
3 435 554 555
3 435 555 436
3 436 555 556
3 436 556 437
3 437 556 557
3 437 557 438
3 438 557 558
3 438 558 439
3 439 558 559
3 439 559 440
3 440 559 560
3 440 560 441
3 441 560 561
3 441 561 442
3 442 561 562
3 442 562 443
3 443 562 563
3 443 563 444
3 444 563 564
3 444 564 445
3 445 564 565
3 445 565 446
3 446 565 566
3 446 566 447
3 447 566 567
3 447 567 448
3 448 567 568
3 448 568 449
3 449 568 569
3 449 569 450
3 450 569 570
3 450 570 451
3 451 570 571
3 451 571 452
3 452 571 572
3 452 572 453
3 453 572 573
3 453 573 454
3 454 573 574
3 454 574 455
3 455 574 575
3 455 575 456
3 456 575 576
3 456 576 457
3 457 576 577
3 457 577 458
3 458 577 578
3 458 578 459
3 459 578 579
3 459 579 460
3 460 579 580
3 460 580 461
3 461 580 581
3 461 581 462
3 462 581 582
3 462 582 463
3 463 582 583
3 463 583 464
3 464 583 584
3 464 584 465
3 465 584 585
3 465 585 466
3 466 585 586
3 466 586 467
3 467 586 587
3 467 587 468
3 468 587 588
3 468 588 469
3 469 588 589
3 469 589 470
3 470 589 590
3 470 590 471
3 471 590 591
3 471 591 472
3 472 591 592
3 472 592 473
3 473 592 593
3 473 593 474
3 474 593 594
3 474 594 475
3 475 594 595
3 475 595 476
3 476 595 596
3 476 596 477
3 477 596 597
3 477 597 478
3 478 597 598
3 478 598 479
3 480 599 481
3 481 599 600
3 481 600 482
3 482 600 601
3 482 601 483
3 483 601 602
3 483 602 484
3 484 602 603
3 484 603 485
3 485 603 604
3 485 604 486
3 486 604 605
3 486 605 487
3 487 605 606
3 487 606 488
3 488 606 607
3 488 607 489
3 489 607 608
3 489 608 490
3 490 608 609
3 490 609 491
3 491 609 610
3 491 610 492
3 492 610 611
3 492 611 493
3 493 611 612
3 493 612 494
3 494 612 613
3 494 613 495
3 495 613 614
3 495 614 496
3 496 614 615
3 496 615 497
3 497 615 616
3 497 616 498
3 498 616 617
3 498 617 499
3 499 617 618
3 499 618 500
3 500 618 619
3 500 619 501
3 501 619 620
3 501 620 502
3 502 620 621
3 502 621 503
3 503 621 622
3 503 622 504
3 504 622 623
3 504 623 505
3 505 623 624
3 505 624 506
3 506 624 625
3 506 625 507
3 507 625 626
3 507 626 508
3 508 626 627
3 508 627 509
3 509 627 628
3 509 628 510
3 510 628 629
3 510 629 511
3 511 629 630
3 511 630 512
3 512 630 631
3 512 631 513
3 513 631 632
3 513 632 514
3 514 632 633
3 514 633 515
3 515 633 634
3 515 634 516
3 516 634 635
3 516 635 517
3 517 635 636
3 517 636 518
3 518 636 637
3 518 637 519
3 519 637 638
3 519 638 520
3 520 638 639
3 520 639 521
3 521 639 640
3 521 640 522
3 522 640 641
3 522 641 523
3 523 641 642
3 523 642 524
3 524 642 643
3 524 643 525
3 525 643 644
3 525 644 526
3 526 644 645
3 526 645 527
3 527 645 646
3 527 646 528
3 528 646 647
3 528 647 529
3 529 647 648
3 529 648 530
3 530 648 649
3 530 649 531
3 531 649 650
3 531 650 532
3 532 650 651
3 532 651 533
3 533 651 652
3 533 652 534
3 534 652 653
3 534 653 535
3 535 653 654
3 535 654 536
3 536 654 655
3 536 655 537
3 537 655 656
3 537 656 538
3 538 656 657
3 538 657 539
3 539 657 658
3 539 658 540
3 540 658 659
3 540 659 541
3 541 659 660
3 541 660 542
3 542 660 661
3 542 661 543
3 543 661 662
3 543 662 544
3 544 662 663
3 544 663 545
3 545 663 664
3 545 664 546
3 546 664 665
3 546 665 547
3 547 665 666
3 547 666 548
3 548 666 667
3 548 667 549
3 549 667 668
3 549 668 550
3 550 668 669
3 550 669 551
3 551 669 670
3 551 670 552
3 552 670 671
3 552 671 553
3 553 671 672
3 553 672 554
3 554 672 673
3 554 673 555
3 555 673 674
3 555 674 556
3 556 674 675
3 556 675 557
3 557 675 676
3 557 676 558
3 558 676 677
3 558 677 559
3 559 677 678
3 559 678 560
3 560 678 679
3 560 679 561
3 561 679 680
3 561 680 562
3 562 680 681
3 562 681 563
3 563 681 682
3 563 682 564
3 564 682 683
3 564 683 565
3 565 683 684
3 565 684 566
3 566 684 685
3 566 685 567
3 567 685 686
3 567 686 568
3 568 686 687
3 568 687 569
3 569 687 688
3 569 688 570
3 570 688 689
3 570 689 571
3 571 689 690
3 571 690 572
3 572 690 691
3 572 691 573
3 573 691 692
3 573 692 574
3 574 692 693
3 574 693 575
3 575 693 694
3 575 694 576
3 576 694 695
3 576 695 577
3 577 695 696
3 577 696 578
3 578 696 697
3 578 697 579
3 579 697 698
3 579 698 580
3 580 698 699
3 580 699 581
3 581 699 700
3 581 700 582
3 582 700 701
3 582 701 583
3 583 701 702
3 583 702 584
3 584 702 703
3 584 703 585
3 585 703 704
3 585 704 586
3 586 704 705
3 586 705 587
3 587 705 706
3 587 706 588
3 588 706 707
3 588 707 589
3 589 707 708
3 589 708 590
3 590 708 709
3 590 709 591
3 591 709 710
3 591 710 592
3 592 710 711
3 592 711 593
3 593 711 712
3 593 712 594
3 594 712 713
3 594 713 595
3 595 713 714
3 595 714 596
3 596 714 715
3 596 715 597
3 597 715 716
3 597 716 598
3 598 716 717
3 598 717 718
3 599 1 600
3 600 1 719
3 600 719 601
3 601 719 720
3 601 720 602
3 602 720 721
3 602 722 603
3 603 722 723
3 603 723 604
3 604 723 724
3 604 724 605
3 605 724 725
3 605 725 606
3 606 725 726
3 606 726 607
3 607 726 727
3 607 727 608
3 608 727 728
3 608 728 609
3 609 728 729
3 609 729 610
3 610 729 730
3 610 730 611
3 611 730 731
3 611 731 612
3 612 731 732
3 612 732 613
3 613 732 733
3 613 733 614
3 614 733 734
3 614 734 615
3 615 734 735
3 615 735 616
3 616 735 736
3 616 736 617
3 617 736 737
3 617 737 618
3 618 737 738
3 618 738 619
3 619 738 739
3 619 739 620
3 620 739 740
3 620 740 621
3 621 740 741
3 621 741 622
3 622 741 742
3 622 742 623
3 623 742 743
3 623 743 624
3 624 743 744
3 624 744 625
3 625 744 745
3 625 745 626
3 626 745 746
3 626 746 627
3 627 746 747
3 627 747 628
3 628 747 748
3 628 748 629
3 629 748 749
3 629 749 630
3 630 749 750
3 630 750 631
3 631 750 751
3 631 751 632
3 632 751 752
3 632 752 633
3 633 752 753
3 633 753 634
3 634 753 754
3 634 754 635
3 635 754 755
3 635 755 636
3 636 755 756
3 636 756 637
3 637 756 757
3 637 757 638
3 638 757 758
3 638 758 639
3 639 758 759
3 639 759 640
3 640 759 760
3 640 760 641
3 641 760 761
3 641 761 642
3 642 761 762
3 642 762 643
3 643 762 763
3 643 763 644
3 644 763 764
3 644 764 645
3 645 764 765
3 645 765 646
3 646 765 766
3 646 766 647
3 647 766 767
3 647 767 648
3 648 767 768
3 648 768 649
3 649 768 769
3 649 769 650
3 650 769 770
3 650 770 651
3 651 770 771
3 651 771 652
3 652 771 772
3 652 772 653
3 653 772 773
3 653 773 654
3 654 773 774
3 654 774 655
3 655 774 775
3 655 775 656
3 656 775 776
3 656 776 657
3 657 776 777
3 657 777 658
3 658 777 778
3 658 778 659
3 659 778 779
3 659 779 660
3 660 779 780
3 660 780 661
3 661 780 781
3 661 781 662
3 662 781 782
3 662 782 663
3 663 782 783
3 663 783 664
3 664 783 784
3 664 784 665
3 665 784 785
3 665 785 666
3 666 785 786
3 666 786 667
3 667 786 787
3 667 787 668
3 668 787 788
3 668 788 669
3 669 788 789
3 669 789 670
3 670 789 790
3 670 790 671
3 671 790 791
3 671 791 672
3 672 791 792
3 672 792 673
3 673 792 793
3 673 793 674
3 674 793 794
3 674 794 675
3 675 794 795
3 675 795 676
3 676 795 796
3 676 796 677
3 677 796 797
3 677 797 678
3 678 797 798
3 678 798 679
3 679 798 799
3 679 799 680
3 680 799 800
3 680 800 681
3 681 800 801
3 681 801 682
3 682 801 802
3 682 802 683
3 683 802 803
3 683 803 684
3 684 803 804
3 684 804 685
3 685 804 805
3 685 805 686
3 686 805 806
3 686 806 687
3 687 806 807
3 687 807 688
3 688 807 808
3 688 808 689
3 689 808 809
3 689 809 690
3 690 809 810
3 690 810 691
3 691 810 811
3 691 811 692
3 692 811 812
3 692 812 693
3 693 812 813
3 693 813 694
3 694 813 814
3 694 814 695
3 695 814 815
3 695 815 696
3 696 815 816
3 696 816 697
3 697 816 817
3 697 817 698
3 698 817 818
3 698 818 699
3 699 818 819
3 699 819 700
3 700 819 820
3 700 820 701
3 701 820 821
3 701 821 702
3 702 821 822
3 702 822 703
3 703 822 823
3 703 823 704
3 704 823 824
3 704 824 705
3 705 824 825
3 705 825 706
3 706 825 826
3 706 826 707
3 707 826 827
3 707 827 708
3 708 827 828
3 708 828 709
3 709 828 829
3 709 829 710
3 710 829 830
3 710 830 711
3 711 830 831
3 711 831 712
3 712 831 832
3 712 832 713
3 713 832 833
3 713 833 714
3 714 833 834
3 714 834 715
3 715 834 835
3 715 835 716
3 716 835 836
3 716 836 717
3 717 836 837
3 717 837 479
3 479 837 838
3 1 599 719
3 719 599 839
3 719 839 720
3 720 839 840
3 720 840 721
3 721 840 841
3 722 842 723
3 723 842 843
3 723 843 724
3 724 843 844
3 724 844 725
3 725 844 845
3 725 845 726
3 726 845 846
3 726 846 727
3 727 846 847
3 727 847 728
3 728 847 848
3 728 848 729
3 729 848 849
3 729 849 730
3 730 849 850
3 730 850 731
3 731 850 851
3 731 851 732
3 732 851 852
3 732 852 733
3 733 852 853
3 733 853 734
3 734 853 854
3 734 854 735
3 735 854 855
3 735 855 736
3 736 855 856
3 736 856 737
3 737 856 857
3 737 857 738
3 738 857 858
3 738 858 739
3 739 858 859
3 739 859 740
3 740 859 860
3 740 860 741
3 741 860 861
3 741 861 742
3 742 861 862
3 742 862 743
3 743 862 863
3 743 863 744
3 744 863 864
3 744 864 745
3 745 864 865
3 745 865 746
3 746 865 866
3 746 866 747
3 747 866 867
3 747 867 748
3 748 867 868
3 748 868 749
3 749 868 869
3 749 869 750
3 750 869 870
3 750 870 751
3 751 870 871
3 751 871 752
3 752 871 872
3 752 872 753
3 753 872 873
3 753 873 754
3 754 873 874
3 754 874 755
3 755 874 875
3 755 875 756
3 756 875 876
3 756 876 757
3 757 876 877
3 757 877 758
3 758 877 878
3 758 878 759
3 759 878 879
3 759 879 760
3 760 879 880
3 760 880 761
3 761 880 881
3 761 881 762
3 762 881 882
3 762 882 763
3 763 882 883
3 763 883 764
3 764 883 884
3 764 884 765
3 765 884 885
3 765 885 766
3 766 885 886
3 766 886 767
3 767 886 887
3 767 887 768
3 768 887 888
3 768 888 769
3 769 888 889
3 769 889 770
3 770 889 890
3 770 890 771
3 771 890 891
3 771 891 772
3 772 891 892
3 772 892 773
3 773 892 893
3 773 893 774
3 774 893 894
3 774 894 775
3 775 894 895
3 775 895 776
3 776 895 896
3 776 896 777
3 777 896 897
3 777 897 778
3 778 897 898
3 778 898 779
3 779 898 899
3 779 899 780
3 780 899 900
3 780 900 781
3 781 900 901
3 781 901 782
3 782 901 902
3 782 902 783
3 783 902 903
3 783 903 784
3 784 903 904
3 784 904 785
3 785 904 905
3 785 905 786
3 786 905 906
3 786 906 787
3 787 906 907
3 787 907 788
3 788 907 908
3 788 908 789
3 789 908 909
3 789 909 790
3 790 909 910
3 790 910 791
3 791 910 911
3 791 911 792
3 792 911 912
3 792 912 793
3 793 912 913
3 793 913 794
3 794 913 914
3 794 914 795
3 795 914 915
3 795 915 796
3 796 915 916
3 796 916 797
3 797 916 917
3 797 917 798
3 798 917 918
3 798 918 799
3 799 918 919
3 799 919 800
3 800 919 920
3 800 920 801
3 801 920 921
3 801 921 802
3 802 921 922
3 802 922 803
3 803 922 923
3 803 923 804
3 804 923 924
3 804 924 805
3 805 924 925
3 805 925 806
3 806 925 926
3 806 926 807
3 807 926 927
3 807 927 808
3 808 927 928
3 808 928 809
3 809 928 929
3 809 929 810
3 810 929 930
3 810 930 811
3 811 930 931
3 811 931 812
3 812 931 932
3 812 932 813
3 813 932 933
3 813 933 814
3 814 933 934
3 814 934 815
3 815 934 935
3 815 935 816
3 816 935 936
3 816 936 817
3 817 936 937
3 817 937 818
3 818 937 938
3 818 938 819
3 819 938 939
3 819 939 820
3 820 939 940
3 820 940 821
3 821 940 941
3 821 941 822
3 822 941 942
3 822 942 823
3 823 942 943
3 823 943 824
3 824 943 944
3 824 944 825
3 825 944 945
3 825 945 826
3 826 945 946
3 826 946 827
3 827 946 947
3 827 947 828
3 828 947 948
3 828 948 829
3 829 948 949
3 829 949 830
3 830 949 950
3 830 950 831
3 831 950 951
3 831 951 832
3 832 951 952
3 832 952 833
3 833 952 953
3 833 953 834
3 834 953 954
3 834 954 835
3 835 954 955
3 835 955 836
3 836 955 956
3 836 956 837
3 837 956 957
3 837 957 838
3 838 957 718
3 599 480 839
3 839 480 958
3 839 958 840
3 840 958 959
3 840 959 841
3 841 959 960
3 842 961 843
3 843 961 962
3 843 962 844
3 844 962 963
3 844 963 845
3 845 963 964
3 845 964 846
3 846 964 965
3 846 965 847
3 847 965 966
3 847 966 848
3 848 966 967
3 848 967 849
3 849 967 968
3 849 968 850
3 850 968 969
3 850 969 851
3 851 969 970
3 851 970 852
3 852 970 971
3 852 971 853
3 853 971 972
3 853 972 854
3 854 972 973
3 854 973 855
3 855 973 974
3 855 974 856
3 856 974 975
3 856 975 857
3 857 975 976
3 857 976 858
3 858 976 977
3 858 977 859
3 859 977 978
3 859 978 860
3 860 978 979
3 860 979 861
3 861 979 980
3 861 980 862
3 862 980 981
3 862 981 863
3 863 981 982
3 863 982 864
3 864 982 983
3 864 983 865
3 865 983 984
3 865 984 866
3 866 984 985
3 866 985 867
3 867 985 986
3 867 986 868
3 868 986 987
3 868 987 869
3 869 987 988
3 869 988 870
3 870 988 989
3 870 989 871
3 871 989 990
3 871 990 872
3 872 990 991
3 872 991 873
3 873 991 992
3 873 992 874
3 874 992 993
3 874 993 875
3 875 993 994
3 875 994 876
3 876 994 995
3 876 995 877
3 877 995 996
3 877 996 878
3 878 996 997
3 878 997 879
3 879 997 998
3 879 998 880
3 880 998 999
3 880 999 881
3 881 999 1000
3 881 1000 882
3 882 1000 1001
3 882 1001 883
3 883 1001 1002
3 883 1002 884
3 884 1002 1003
3 884 1003 885
3 885 1003 1004
3 885 1004 886
3 886 1004 1005
3 886 1005 887
3 887 1005 1006
3 887 1006 888
3 888 1006 1007
3 888 1007 889
3 889 1007 1008
3 889 1008 890
3 890 1008 1009
3 890 1009 891
3 891 1009 1010
3 891 1010 892
3 892 1010 1011
3 892 1011 893
3 893 1011 1012
3 893 1012 894
3 894 1012 1013
3 894 1013 895
3 895 1013 1014
3 895 1014 896
3 896 1014 1015
3 896 1015 897
3 897 1015 1016
3 897 1016 898
3 898 1016 1017
3 898 1017 899
3 899 1017 1018
3 899 1018 900
3 900 1018 1019
3 900 1019 901
3 901 1019 1020
3 901 1020 902
3 902 1020 1021
3 902 1021 903
3 903 1021 1022
3 903 1022 904
3 904 1022 1023
3 904 1023 905
3 905 1023 1024
3 905 1024 906
3 906 1024 1025
3 906 1025 907
3 907 1025 1026
3 907 1026 908
3 908 1026 1027
3 908 1027 909
3 909 1027 1028
3 909 1028 910
3 910 1028 1029
3 910 1029 911
3 911 1029 1030
3 911 1030 912
3 912 1030 1031
3 912 1031 913
3 913 1031 1032
3 913 1032 914
3 914 1032 1033
3 914 1033 915
3 915 1033 1034
3 915 1034 916
3 916 1034 1035
3 916 1035 917
3 917 1035 1036
3 917 1036 918
3 918 1036 1037
3 918 1037 919
3 919 1037 1038
3 919 1038 920
3 920 1038 1039
3 920 1039 921
3 921 1039 1040
3 921 1040 922
3 922 1040 1041
3 922 1041 923
3 923 1041 1042
3 923 1042 924
3 924 1042 1043
3 924 1043 925
3 925 1043 1044
3 925 1044 926
3 926 1044 1045
3 926 1045 927
3 927 1045 1046
3 927 1046 928
3 928 1046 1047
3 928 1047 929
3 929 1047 1048
3 929 1048 930
3 930 1048 1049
3 930 1049 931
3 931 1049 1050
3 931 1050 932
3 932 1050 1051
3 932 1051 933
3 933 1051 1052
3 933 1052 934
3 934 1052 1053
3 934 1053 935
3 935 1053 1054
3 935 1054 936
3 936 1054 1055
3 936 1055 937
3 937 1055 1056
3 937 1056 938
3 938 1056 1057
3 938 1057 939
3 939 1057 1058
3 939 1058 940
3 940 1058 1059
3 940 1059 941
3 941 1059 1060
3 941 1060 942
3 942 1060 1061
3 942 1061 943
3 943 1061 1062
3 943 1062 944
3 944 1062 1063
3 944 1063 945
3 945 1063 1064
3 945 1064 946
3 946 1064 1065
3 946 1065 947
3 947 1065 1066
3 947 1066 948
3 948 1066 1067
3 948 1067 949
3 949 1067 1068
3 949 1068 950
3 950 1068 1069
3 950 1069 951
3 951 1069 1070
3 951 1070 952
3 952 1070 1071
3 952 1071 953
3 953 1071 1072
3 953 1072 954
3 954 1072 1073
3 954 1073 955
3 955 1073 1074
3 955 1074 956
3 956 1074 1075
3 956 1075 957
3 957 1075 1076
3 957 1076 718
3 480 1077 958
3 958 1077 1078
3 958 1078 959
3 959 1078 1079
3 959 1079 960
3 960 1079 1080
3 961 1081 962
3 962 1081 1082
3 962 1082 963
3 963 1082 1083
3 963 1083 964
3 964 1083 1084
3 964 1084 965
3 965 1084 1085
3 965 1085 966
3 966 1085 1086
3 966 1086 967
3 967 1086 1087
3 967 1087 968
3 968 1087 1088
3 968 1088 969
3 969 1088 1089
3 969 1089 970
3 970 1089 1090
3 970 1090 971
3 971 1090 1091
3 971 1091 972
3 972 1091 1092
3 972 1092 973
3 973 1092 1093
3 973 1093 974
3 974 1093 1094
3 974 1094 975
3 975 1094 1095
3 975 1095 976
3 976 1095 1096
3 976 1096 977
3 977 1096 1097
3 977 1097 978
3 978 1097 1098
3 978 1098 979
3 979 1098 1099
3 979 1099 980
3 980 1099 1100
3 980 1100 981
3 981 1100 1101
3 981 1101 982
3 982 1101 1102
3 982 1102 983
3 983 1102 1103
3 983 1103 984
3 984 1103 1104
3 984 1104 985
3 985 1104 1105
3 985 1105 986
3 986 1105 1106
3 986 1106 987
3 987 1106 1107
3 987 1107 988
3 988 1107 1108
3 988 1108 989
3 989 1108 1109
3 989 1109 990
3 990 1109 1110
3 990 1110 991
3 991 1110 1111
3 991 1111 992
3 992 1111 1112
3 992 1112 993
3 993 1112 1113
3 993 1113 994
3 994 1113 1114
3 994 1114 995
3 995 1114 1115
3 995 1115 996
3 996 1115 1116
3 996 1116 997
3 997 1116 1117
3 997 1117 998
3 998 1117 1118
3 998 1118 999
3 999 1118 1119
3 999 1119 1000
3 1000 1119 1120
3 1000 1120 1001
3 1001 1120 1121
3 1001 1121 1002
3 1002 1121 1122
3 1002 1122 1003
3 1003 1122 1123
3 1003 1123 1004
3 1004 1123 1124
3 1004 1124 1005
3 1005 1124 1125
3 1005 1125 1006
3 1006 1125 1126
3 1006 1126 1007
3 1007 1126 1127
3 1007 1127 1008
3 1008 1127 1128
3 1008 1128 1009
3 1009 1128 1129
3 1009 1129 1010
3 1010 1129 1130
3 1010 1130 1011
3 1011 1130 1131
3 1011 1131 1012
3 1012 1131 1132
3 1012 1132 1013
3 1013 1132 1133
3 1013 1133 1014
3 1014 1133 1134
3 1014 1134 1015
3 1015 1134 1135
3 1015 1135 1016
3 1016 1135 1136
3 1016 1136 1017
3 1017 1136 1137
3 1017 1137 1018
3 1018 1137 1138
3 1018 1138 1019
3 1019 1138 1139
3 1019 1139 1020
3 1020 1139 1140
3 1020 1140 1021
3 1021 1140 1141
3 1021 1141 1022
3 1022 1141 1142
3 1022 1142 1023
3 1023 1142 1143
3 1023 1143 1024
3 1024 1143 1144
3 1024 1144 1025
3 1025 1144 1145
3 1025 1145 1026
3 1026 1145 1146
3 1026 1146 1027
3 1027 1146 1147
3 1027 1147 1028
3 1028 1147 1148
3 1028 1148 1029
3 1029 1148 1149
3 1029 1149 1030
3 1030 1149 1150
3 1030 1150 1031
3 1031 1150 1151
3 1031 1151 1032
3 1032 1151 1152
3 1032 1152 1033
3 1033 1152 1153
3 1033 1153 1034
3 1034 1153 1154
3 1034 1154 1035
3 1035 1154 1155
3 1035 1155 1036
3 1036 1155 1156
3 1036 1156 1037
3 1037 1156 1157
3 1037 1157 1038
3 1038 1157 1158
3 1038 1158 1039
3 1039 1158 1159
3 1039 1159 1040
3 1040 1159 1160
3 1040 1160 1041
3 1041 1160 1161
3 1041 1161 1042
3 1042 1161 1162
3 1042 1162 1043
3 1043 1162 1163
3 1043 1163 1044
3 1044 1163 1164
3 1044 1164 1045
3 1045 1164 1165
3 1045 1165 1046
3 1046 1165 1166
3 1046 1166 1047
3 1047 1166 1167
3 1047 1167 1048
3 1048 1167 1168
3 1048 1168 1049
3 1049 1168 1169
3 1049 1169 1050
3 1050 1169 1170
3 1050 1170 1051
3 1051 1170 1171
3 1051 1171 1052
3 1052 1171 1172
3 1052 1172 1053
3 1053 1172 1173
3 1053 1173 1054
3 1054 1173 1174
3 1054 1174 1055
3 1055 1174 1175
3 1055 1175 1056
3 1056 1175 1176
3 1056 1176 1057
3 1057 1176 1177
3 1057 1177 1058
3 1058 1177 1178
3 1058 1178 1059
3 1059 1178 1179
3 1059 1179 1060
3 1060 1179 1180
3 1060 1180 1061
3 1061 1180 1181
3 1061 1181 1062
3 1062 1181 1182
3 1062 1182 1063
3 1063 1182 1183
3 1063 1183 1064
3 1064 1183 1184
3 1064 1184 1065
3 1065 1184 1185
3 1065 1185 1066
3 1066 1185 1186
3 1066 1186 1067
3 1067 1186 1187
3 1067 1187 1068
3 1068 1187 1188
3 1068 1188 1069
3 1069 1188 1189
3 1069 1189 1070
3 1070 1189 1190
3 1070 1190 1071
3 1071 1190 1191
3 1071 1191 1072
3 1072 1191 1192
3 1072 1192 1073
3 1073 1192 1193
3 1073 1193 1074
3 1074 1193 1194
3 1074 1194 1075
3 1075 1194 1195
3 1075 1195 1076
3 1076 1195 1196
3 1076 1196 479
3 479 1196 718
3 1077 599 1078
3 1078 599 1197
3 1078 1197 1079
3 1079 1197 1198
3 1079 1198 1080
3 1080 1198 1199
3 1081 1200 1082
3 1082 1200 1201
3 1082 1201 1083
3 1083 1201 1202
3 1083 1202 1084
3 1084 1202 1203
3 1084 1203 1085
3 1085 1203 1204
3 1085 1204 1086
3 1086 1204 1205
3 1086 1205 1087
3 1087 1205 1206
3 1087 1206 1088
3 1088 1206 1207
3 1088 1207 1089
3 1089 1207 1208
3 1089 1208 1090
3 1090 1208 1209
3 1090 1209 1091
3 1091 1209 1210
3 1091 1210 1092
3 1092 1210 1211
3 1092 1211 1093
3 1093 1211 1212
3 1093 1212 1094
3 1094 1212 1213
3 1094 1213 1095
3 1095 1213 1214
3 1095 1214 1096
3 1096 1214 1215
3 1096 1215 1097
3 1097 1215 1216
3 1097 1216 1098
3 1098 1216 1217
3 1098 1217 1099
3 1099 1217 1218
3 1099 1218 1100
3 1100 1218 1219
3 1100 1219 1101
3 1101 1219 1220
3 1101 1220 1102
3 1102 1220 1221
3 1102 1221 1103
3 1103 1221 1222
3 1103 1222 1104
3 1104 1222 1223
3 1104 1223 1105
3 1105 1223 1224
3 1105 1224 1106
3 1106 1224 1225
3 1106 1225 1107
3 1107 1225 1226
3 1107 1226 1108
3 1108 1226 1227
3 1108 1227 1109
3 1109 1227 1228
3 1109 1228 1110
3 1110 1228 1229
3 1110 1229 1111
3 1111 1229 1230
3 1111 1230 1112
3 1112 1230 1231
3 1112 1231 1113
3 1113 1231 1232
3 1113 1232 1114
3 1114 1232 1233
3 1114 1233 1115
3 1115 1233 1234
3 1115 1234 1116
3 1116 1234 1235
3 1116 1235 1117
3 1117 1235 1236
3 1117 1236 1118
3 1118 1236 1237
3 1118 1237 1119
3 1119 1237 1238
3 1119 1238 1120
3 1120 1238 1239
3 1120 1239 1121
3 1121 1239 1240
3 1121 1240 1122
3 1122 1240 1241
3 1122 1241 1123
3 1123 1241 1242
3 1123 1242 1124
3 1124 1242 1243
3 1124 1243 1125
3 1125 1243 1244
3 1125 1244 1126
3 1126 1244 1245
3 1126 1245 1127
3 1127 1245 1246
3 1127 1246 1128
3 1128 1246 1247
3 1128 1247 1129
3 1129 1247 1248
3 1129 1248 1130
3 1130 1248 1249
3 1130 1249 1131
3 1131 1249 1250
3 1131 1250 1132
3 1132 1250 1251
3 1132 1251 1133
3 1133 1251 1252
3 1133 1252 1134
3 1134 1252 1253
3 1134 1253 1135
3 1135 1253 1254
3 1135 1254 1136
3 1136 1254 1255
3 1136 1255 1137
3 1137 1255 1256
3 1137 1256 1138
3 1138 1256 1257
3 1138 1257 1139
3 1139 1257 1258
3 1139 1258 1140
3 1140 1258 1259
3 1140 1259 1141
3 1141 1259 1260
3 1141 1260 1142
3 1142 1260 1261
3 1142 1261 1143
3 1143 1261 1262
3 1143 1262 1144
3 1144 1262 1263
3 1144 1263 1145
3 1145 1263 1264
3 1145 1264 1146
3 1146 1264 1265
3 1146 1265 1147
3 1147 1265 1266
3 1147 1266 1148
3 1148 1266 1267
3 1148 1267 1149
3 1149 1267 1268
3 1149 1268 1150
3 1150 1268 1269
3 1150 1269 1151
3 1151 1269 1270
3 1151 1270 1152
3 1152 1270 1271
3 1152 1271 1153
3 1153 1271 1272
3 1153 1272 1154
3 1154 1272 1273
3 1154 1273 1155
3 1155 1273 1274
3 1155 1274 1156
3 1156 1274 1275
3 1156 1275 1157
3 1157 1275 1276
3 1157 1276 1158
3 1158 1276 1277
3 1158 1277 1159
3 1159 1277 1278
3 1159 1278 1160
3 1160 1278 1279
3 1160 1279 1161
3 1161 1279 1280
3 1161 1280 1162
3 1162 1280 1281
3 1162 1281 1163
3 1163 1281 1282
3 1163 1282 1164
3 1164 1282 1283
3 1164 1283 1165
3 1165 1283 1284
3 1165 1284 1166
3 1166 1284 1285
3 1166 1285 1167
3 1167 1285 1286
3 1167 1286 1168
3 1168 1286 1287
3 1168 1287 1169
3 1169 1287 1288
3 1169 1288 1170
3 1170 1288 1289
3 1170 1289 1171
3 1171 1289 1290
3 1171 1290 1172
3 1172 1290 1291
3 1172 1291 1173
3 1173 1291 1292
3 1173 1292 1174
3 1174 1292 1293
3 1174 1293 1175
3 1175 1293 1294
3 1175 1294 1176
3 1176 1294 1295
3 1176 1295 1177
3 1177 1295 1296
3 1177 1296 1178
3 1178 1296 1297
3 1178 1297 1179
3 1179 1297 1298
3 1179 1298 1180
3 1180 1298 1299
3 1180 1299 1181
3 1181 1299 1300
3 1181 1300 1182
3 1182 1300 1301
3 1182 1301 1183
3 1183 1301 1302
3 1183 1302 1184
3 1184 1302 1303
3 1184 1303 1185
3 1185 1303 1304
3 1185 1304 1186
3 1186 1304 1305
3 1186 1305 1187
3 1187 1305 1306
3 1187 1306 1188
3 1188 1306 1307
3 1188 1307 1189
3 1189 1307 1308
3 1189 1308 1190
3 1190 1308 1309
3 1190 1309 1191
3 1191 1309 1310
3 1191 1310 1192
3 1192 1310 1311
3 1192 1311 1193
3 1193 1311 1312
3 1193 1312 1194
3 1194 1312 1313
3 1194 1313 1195
3 1195 1313 1314
3 1195 1314 1196
3 1196 1314 1315
3 1196 1315 718
3 718 1315 1316
3 1197 480 1317
3 1197 1317 1198
3 1198 1317 1318
3 1198 1318 1199
3 1199 1318 1319
3 1200 1320 1201
3 1201 1320 1321
3 1201 1321 1202
3 1202 1321 1322
3 1202 1322 1203
3 1203 1322 1323
3 1203 1323 1204
3 1204 1323 1324
3 1204 1324 1205
3 1205 1324 1325
3 1205 1325 1206
3 1206 1325 1326
3 1206 1326 1207
3 1207 1326 1327
3 1207 1327 1208
3 1208 1327 1328
3 1208 1328 1209
3 1209 1328 1329
3 1209 1329 1210
3 1210 1329 1330
3 1210 1330 1211
3 1211 1330 1331
3 1211 1331 1212
3 1212 1331 1332
3 1212 1332 1213
3 1213 1332 1333
3 1213 1333 1214
3 1214 1333 1334
3 1214 1334 1215
3 1215 1334 1335
3 1215 1335 1216
3 1216 1335 1336
3 1216 1336 1217
3 1217 1336 1337
3 1217 1337 1218
3 1218 1337 1338
3 1218 1338 1219
3 1219 1338 1339
3 1219 1339 1220
3 1220 1339 1340
3 1220 1340 1221
3 1221 1340 1341
3 1221 1341 1222
3 1222 1341 1342
3 1222 1342 1223
3 1223 1342 1343
3 1223 1343 1224
3 1224 1343 1344
3 1224 1344 1225
3 1225 1344 1345
3 1225 1345 1226
3 1226 1345 1346
3 1226 1346 1227
3 1227 1346 1347
3 1227 1347 1228
3 1228 1347 1348
3 1228 1348 1229
3 1229 1348 1349
3 1229 1349 1230
3 1230 1349 1350
3 1230 1350 1231
3 1231 1350 1351
3 1231 1351 1232
3 1232 1351 1352
3 1232 1352 1233
3 1233 1352 1353
3 1233 1353 1234
3 1234 1353 1354
3 1234 1354 1235
3 1235 1354 1355
3 1235 1355 1236
3 1236 1355 1356
3 1236 1356 1237
3 1237 1356 1357
3 1237 1357 1238
3 1238 1357 1358
3 1238 1358 1239
3 1239 1358 1359
3 1239 1359 1240
3 1240 1359 1360
3 1240 1360 1241
3 1241 1360 1361
3 1241 1361 1242
3 1242 1361 1362
3 1242 1362 1243
3 1243 1362 1363
3 1243 1363 1244
3 1244 1363 1364
3 1244 1364 1245
3 1245 1364 1365
3 1245 1365 1246
3 1246 1365 1366
3 1246 1366 1247
3 1247 1366 1367
3 1247 1367 1248
3 1248 1367 1368
3 1248 1368 1249
3 1249 1368 1369
3 1249 1369 1250
3 1250 1369 1370
3 1250 1370 1251
3 1251 1370 1371
3 1251 1371 1252
3 1252 1371 1372
3 1252 1372 1253
3 1253 1372 1373
3 1253 1373 1254
3 1254 1373 1374
3 1254 1374 1255
3 1255 1374 1375
3 1255 1375 1256
3 1256 1375 1376
3 1256 1376 1257
3 1257 1376 1377
3 1257 1377 1258
3 1258 1377 1378
3 1258 1378 1259
3 1259 1378 1379
3 1259 1379 1260
3 1260 1379 1380
3 1260 1380 1261
3 1261 1380 1381
3 1261 1381 1262
3 1262 1381 1382
3 1262 1382 1263
3 1263 1382 1383
3 1263 1383 1264
3 1264 1383 1384
3 1264 1384 1265
3 1265 1384 1385
3 1265 1385 1266
3 1266 1385 1386
3 1266 1386 1267
3 1267 1386 1387
3 1267 1387 1268
3 1268 1387 1388
3 1268 1388 1269
3 1269 1388 1389
3 1269 1389 1270
3 1270 1389 1390
3 1270 1390 1271
3 1271 1390 1391
3 1271 1391 1272
3 1272 1391 1392
3 1272 1392 1273
3 1273 1392 1393
3 1273 1393 1274
3 1274 1393 1394
3 1274 1394 1275
3 1275 1394 1395
3 1275 1395 1276
3 1276 1395 1396
3 1276 1396 1277
3 1277 1396 1397
3 1277 1397 1278
3 1278 1397 1398
3 1278 1398 1279
3 1279 1398 1399
3 1279 1399 1280
3 1280 1399 1400
3 1280 1400 1281
3 1281 1400 1401
3 1281 1401 1282
3 1282 1401 1402
3 1282 1402 1283
3 1283 1402 1403
3 1283 1403 1284
3 1284 1403 1404
3 1284 1404 1285
3 1285 1404 1405
3 1285 1405 1286
3 1286 1405 1406
3 1286 1406 1287
3 1287 1406 1407
3 1287 1407 1288
3 1288 1407 1408
3 1288 1408 1289
3 1289 1408 1409
3 1289 1409 1290
3 1290 1409 1410
3 1290 1410 1291
3 1291 1410 1411
3 1291 1411 1292
3 1292 1411 1412
3 1292 1412 1293
3 1293 1412 1413
3 1293 1413 1294
3 1294 1413 1414
3 1294 1414 1295
3 1295 1414 1415
3 1295 1415 1296
3 1296 1415 1416
3 1296 1416 1297
3 1297 1416 1417
3 1297 1417 1298
3 1298 1417 1418
3 1298 1418 1299
3 1299 1418 1419
3 1299 1419 1300
3 1300 1419 1420
3 1300 1420 1301
3 1301 1420 1421
3 1301 1421 1302
3 1302 1421 1422
3 1302 1422 1303
3 1303 1422 1423
3 1303 1423 1304
3 1304 1423 1424
3 1304 1424 1305
3 1305 1424 1425
3 1305 1425 1306
3 1306 1425 1426
3 1306 1426 1307
3 1307 1426 1427
3 1307 1427 1308
3 1308 1427 1428
3 1308 1428 1309
3 1309 1428 1429
3 1309 1429 1310
3 1310 1429 1430
3 1310 1430 1311
3 1311 1430 1431
3 1311 1431 1312
3 1312 1431 1432
3 1312 1432 1313
3 1313 1432 1433
3 1313 1433 1314
3 1314 1433 1434
3 1314 1434 1315
3 1315 1434 1435
3 1315 1435 1316
3 480 1436 1317
3 1317 1436 1437
3 1317 1437 1318
3 1318 1437 1438
3 1318 1438 1319
3 1319 1438 1439
3 1320 1440 1321
3 1321 1440 1441
3 1321 1441 1322
3 1322 1441 1442
3 1322 1442 1323
3 1323 1442 1443
3 1323 1443 1324
3 1324 1443 1444
3 1324 1444 1325
3 1325 1444 1445
3 1325 1445 1326
3 1326 1445 1446
3 1326 1446 1327
3 1327 1446 1447
3 1327 1447 1328
3 1328 1447 1448
3 1328 1448 1329
3 1329 1448 1449
3 1329 1449 1330
3 1330 1449 1450
3 1330 1450 1331
3 1331 1450 1451
3 1331 1451 1332
3 1332 1451 1452
3 1332 1452 1333
3 1333 1452 1453
3 1333 1453 1334
3 1334 1453 1454
3 1334 1454 1335
3 1335 1454 1455
3 1335 1455 1336
3 1336 1455 1456
3 1336 1456 1337
3 1337 1456 1457
3 1337 1457 1338
3 1338 1457 1458
3 1338 1458 1339
3 1339 1458 1459
3 1339 1459 1340
3 1340 1459 1460
3 1340 1460 1341
3 1341 1460 1461
3 1341 1461 1342
3 1342 1461 1462
3 1342 1462 1343
3 1343 1462 1463
3 1343 1463 1344
3 1344 1463 1464
3 1344 1464 1345
3 1345 1464 1465
3 1345 1465 1346
3 1346 1465 1466
3 1346 1466 1347
3 1347 1466 1467
3 1347 1467 1348
3 1348 1467 1468
3 1348 1468 1349
3 1349 1468 1469
3 1349 1469 1350
3 1350 1469 1470
3 1350 1470 1351
3 1351 1470 1471
3 1351 1471 1352
3 1352 1471 1472
3 1352 1472 1353
3 1353 1472 1473
3 1353 1473 1354
3 1354 1473 1474
3 1354 1474 1355
3 1355 1474 1475
3 1355 1475 1356
3 1356 1475 1476
3 1356 1476 1357
3 1357 1476 1477
3 1357 1477 1358
3 1358 1477 1478
3 1358 1478 1359
3 1359 1478 1479
3 1359 1479 1360
3 1360 1479 1480
3 1360 1480 1361
3 1361 1480 1481
3 1361 1481 1362
3 1362 1481 1482
3 1362 1482 1363
3 1363 1482 1483
3 1363 1483 1364
3 1364 1483 1484
3 1364 1484 1365
3 1365 1484 1485
3 1365 1485 1366
3 1366 1485 1486
3 1366 1486 1367
3 1367 1486 1487
3 1367 1487 1368
3 1368 1487 1488
3 1368 1488 1369
3 1369 1488 1489
3 1369 1489 1370
3 1370 1489 1490
3 1370 1490 1371
3 1371 1490 1491
3 1371 1491 1372
3 1372 1491 1492
3 1372 1492 1373
3 1373 1492 1493
3 1373 1493 1374
3 1374 1493 1494
3 1374 1494 1375
3 1375 1494 1495
3 1375 1495 1376
3 1376 1495 1496
3 1376 1496 1377
3 1377 1496 1497
3 1377 1497 1378
3 1378 1497 1498
3 1378 1498 1379
3 1379 1498 1499
3 1379 1499 1380
3 1380 1499 1500
3 1380 1500 1381
3 1381 1500 1501
3 1381 1501 1382
3 1382 1501 1502
3 1382 1502 1383
3 1383 1502 1503
3 1383 1503 1384
3 1384 1503 1504
3 1384 1504 1385
3 1385 1504 1505
3 1385 1505 1386
3 1386 1505 1506
3 1386 1506 1387
3 1387 1506 1507
3 1387 1507 1388
3 1388 1507 1508
3 1388 1508 1389
3 1389 1508 1509
3 1389 1509 1390
3 1390 1509 1510
3 1390 1510 1391
3 1391 1510 1511
3 1391 1511 1392
3 1392 1511 1512
3 1392 1512 1393
3 1393 1512 1513
3 1393 1513 1394
3 1394 1513 1514
3 1394 1514 1395
3 1395 1514 1515
3 1395 1515 1396
3 1396 1515 1516
3 1396 1516 1397
3 1397 1516 1517
3 1397 1517 1398
3 1398 1517 1518
3 1398 1518 1399
3 1399 1518 1519
3 1399 1519 1400
3 1400 1519 1520
3 1400 1520 1401
3 1401 1520 1521
3 1401 1521 1402
3 1402 1521 1522
3 1402 1522 1403
3 1403 1522 1523
3 1403 1523 1404
3 1404 1523 1524
3 1404 1524 1405
3 1405 1524 1525
3 1405 1525 1406
3 1406 1525 1526
3 1406 1526 1407
3 1407 1526 1527
3 1407 1527 1408
3 1408 1527 1528
3 1408 1528 1409
3 1409 1528 1529
3 1409 1529 1410
3 1410 1529 1530
3 1410 1530 1411
3 1411 1530 1531
3 1411 1531 1412
3 1412 1531 1532
3 1412 1532 1413
3 1413 1532 1533
3 1413 1533 1414
3 1414 1533 1534
3 1414 1534 1415
3 1415 1534 1535
3 1415 1535 1416
3 1416 1535 1536
3 1416 1536 1417
3 1417 1536 1537
3 1417 1537 1418
3 1418 1537 1538
3 1418 1538 1419
3 1419 1538 1539
3 1419 1539 1420
3 1420 1539 1540
3 1420 1540 1421
3 1421 1540 1541
3 1421 1541 1422
3 1422 1541 1542
3 1422 1542 1423
3 1423 1542 1543
3 1423 1543 1424
3 1424 1543 1544
3 1424 1544 1425
3 1425 1544 1545
3 1425 1545 1426
3 1426 1545 1546
3 1426 1546 1427
3 1427 1546 1547
3 1427 1547 1428
3 1428 1547 1548
3 1428 1548 1429
3 1429 1548 1549
3 1429 1549 1430
3 1430 1549 1550
3 1430 1550 1431
3 1431 1550 1551
3 1431 1551 1432
3 1432 1551 1552
3 1432 1552 1433
3 1433 1552 1553
3 1433 1553 1434
3 1434 1553 1554
3 1434 1554 1435
3 1435 1554 1555
3 1435 1555 239
3 1436 599 1437
3 1437 599 1556
3 1437 1556 1438
3 1438 1556 1557
3 1438 1557 1439
3 1439 1557 1558
3 1440 1558 1441
3 1441 1558 1559
3 1441 1559 1442
3 1442 1559 1560
3 1442 1560 1443
3 1443 1560 1561
3 1443 1561 1444
3 1444 1561 1562
3 1444 1562 1445
3 1445 1562 1563
3 1445 1563 1446
3 1446 1563 1564
3 1446 1564 1447
3 1447 1564 1565
3 1447 1565 1448
3 1448 1565 1566
3 1448 1566 1449
3 1449 1566 1567
3 1449 1567 1450
3 1450 1567 1568
3 1450 1568 1451
3 1451 1568 1569
3 1451 1569 1452
3 1452 1569 1570
3 1452 1570 1453
3 1453 1570 1571
3 1453 1571 1454
3 1454 1571 1572
3 1454 1572 1455
3 1455 1572 1573
3 1455 1573 1456
3 1456 1573 1574
3 1456 1574 1457
3 1457 1574 1575
3 1457 1575 1458
3 1458 1575 1576
3 1458 1576 1459
3 1459 1576 1577
3 1459 1577 1460
3 1460 1577 1578
3 1460 1578 1461
3 1461 1578 1579
3 1461 1579 1462
3 1462 1579 1580
3 1462 1580 1463
3 1463 1580 1581
3 1463 1581 1464
3 1464 1581 1582
3 1464 1582 1465
3 1465 1582 1583
3 1465 1583 1466
3 1466 1583 1584
3 1466 1584 1467
3 1467 1584 1585
3 1467 1585 1468
3 1468 1585 1586
3 1468 1586 1469
3 1469 1586 1587
3 1469 1587 1470
3 1470 1587 1588
3 1470 1588 1471
3 1471 1588 1589
3 1471 1589 1472
3 1472 1589 1590
3 1472 1590 1473
3 1473 1590 1591
3 1473 1591 1474
3 1474 1591 1592
3 1474 1592 1475
3 1475 1592 1593
3 1475 1593 1476
3 1476 1593 1594
3 1476 1594 1477
3 1477 1594 1595
3 1477 1595 1478
3 1478 1595 1596
3 1478 1596 1479
3 1479 1596 1597
3 1479 1597 1480
3 1480 1597 1598
3 1480 1598 1481
3 1481 1598 1599
3 1481 1599 1482
3 1482 1599 1600
3 1482 1600 1483
3 1483 1600 1601
3 1483 1601 1484
3 1484 1601 1602
3 1484 1602 1485
3 1485 1602 1603
3 1485 1603 1486
3 1486 1603 1604
3 1486 1604 1487
3 1487 1604 1605
3 1487 1605 1488
3 1488 1605 1606
3 1488 1606 1489
3 1489 1606 1607
3 1489 1607 1490
3 1490 1607 1608
3 1490 1608 1491
3 1491 1608 1609
3 1491 1609 1492
3 1492 1609 1610
3 1492 1610 1493
3 1493 1610 1611
3 1493 1611 1494
3 1494 1611 1612
3 1494 1612 1495
3 1495 1612 1613
3 1495 1613 1496
3 1496 1613 1614
3 1496 1614 1497
3 1497 1614 1615
3 1497 1615 1498
3 1498 1615 1616
3 1498 1616 1499
3 1499 1616 1617
3 1499 1617 1500
3 1500 1617 1618
3 1500 1618 1501
3 1501 1618 1619
3 1501 1619 1502
3 1502 1619 1620
3 1502 1620 1503
3 1503 1620 1621
3 1503 1621 1504
3 1504 1621 1622
3 1504 1622 1505
3 1505 1622 1623
3 1505 1623 1506
3 1506 1623 1624
3 1506 1624 1507
3 1507 1624 1625
3 1507 1625 1508
3 1508 1625 1626
3 1508 1626 1509
3 1509 1626 1627
3 1509 1627 1510
3 1510 1627 1628
3 1510 1628 1511
3 1511 1628 1629
3 1511 1629 1512
3 1512 1629 1630
3 1512 1630 1513
3 1513 1630 1631
3 1513 1631 1514
3 1514 1631 1632
3 1514 1632 1515
3 1515 1632 1633
3 1515 1633 1516
3 1516 1633 1634
3 1516 1634 1517
3 1517 1634 1635
3 1517 1635 1518
3 1518 1635 1636
3 1518 1636 1519
3 1519 1636 1637
3 1519 1637 1520
3 1520 1637 1638
3 1520 1638 1521
3 1521 1638 1639
3 1521 1639 1522
3 1522 1639 1640
3 1522 1640 1523
3 1523 1640 1641
3 1523 1641 1524
3 1524 1641 1642
3 1524 1642 1525
3 1525 1642 1643
3 1525 1643 1526
3 1526 1643 1644
3 1526 1644 1527
3 1527 1644 1645
3 1527 1645 1528
3 1528 1645 1646
3 1528 1646 1529
3 1529 1646 1647
3 1529 1647 1530
3 1530 1647 1648
3 1530 1648 1531
3 1531 1648 1649
3 1531 1649 1532
3 1532 1649 1650
3 1532 1650 1533
3 1533 1650 1651
3 1533 1651 1534
3 1534 1651 1652
3 1534 1652 1535
3 1535 1652 1653
3 1535 1653 1536
3 1536 1653 1654
3 1536 1654 1537
3 1537 1654 1655
3 1537 1655 1538
3 1538 1655 1656
3 1538 1656 1539
3 1539 1656 1657
3 1539 1657 1540
3 1540 1657 1658
3 1540 1658 1541
3 1541 1658 1659
3 1541 1659 1542
3 1542 1659 1660
3 1542 1660 1543
3 1543 1660 1661
3 1543 1661 1544
3 1544 1661 1662
3 1544 1662 1545
3 1545 1662 1663
3 1545 1663 1546
3 1546 1663 1664
3 1546 1664 1547
3 1547 1664 1665
3 1547 1665 1548
3 1548 1665 1666
3 1548 1666 1549
3 1549 1666 1667
3 1549 1667 1550
3 1550 1667 1668
3 1550 1668 1551
3 1551 1668 1669
3 1551 1669 1552
3 1552 1669 1670
3 1552 1670 1553
3 1553 1670 1671
3 1553 1671 1554
3 1554 1671 1672
3 1554 1672 1555
3 1555 1672 1673
3 1555 1673 1316
3 1316 1673 239
3 1556 480 1674
3 1556 1674 1557
3 1557 1674 1675
3 1557 1675 1558
3 1558 1675 1676
3 1558 1676 1559
3 1559 1676 1677
3 1559 1677 1560
3 1560 1677 1678
3 1560 1678 1561
3 1561 1678 1679
3 1561 1679 1562
3 1562 1679 1680
3 1562 1680 1563
3 1563 1680 1681
3 1563 1681 1564
3 1564 1681 1682
3 1564 1682 1565
3 1565 1682 1683
3 1565 1683 1566
3 1566 1683 1684
3 1566 1684 1567
3 1567 1684 1685
3 1567 1685 1568
3 1568 1685 1686
3 1568 1686 1569
3 1569 1686 1687
3 1569 1687 1570
3 1570 1687 1688
3 1570 1688 1571
3 1571 1688 1689
3 1571 1689 1572
3 1572 1689 1690
3 1572 1690 1573
3 1573 1690 1691
3 1573 1691 1574
3 1574 1691 1692
3 1574 1692 1575
3 1575 1692 1693
3 1575 1693 1576
3 1576 1693 1694
3 1576 1694 1577
3 1577 1694 1695
3 1577 1695 1578
3 1578 1695 1696
3 1578 1696 1579
3 1579 1696 1697
3 1579 1697 1580
3 1580 1697 1698
3 1580 1698 1581
3 1581 1698 1699
3 1581 1699 1582
3 1582 1699 1700
3 1582 1700 1583
3 1583 1700 1701
3 1583 1701 1584
3 1584 1701 1702
3 1584 1702 1585
3 1585 1702 1703
3 1585 1703 1586
3 1586 1703 1704
3 1586 1704 1587
3 1587 1704 1705
3 1587 1705 1588
3 1588 1705 1706
3 1588 1706 1589
3 1589 1706 1707
3 1589 1707 1590
3 1590 1707 1708
3 1590 1708 1591
3 1591 1708 1709
3 1591 1709 1592
3 1592 1709 1710
3 1592 1710 1593
3 1593 1710 1711
3 1593 1711 1594
3 1594 1711 1712
3 1594 1712 1595
3 1595 1712 1713
3 1595 1713 1596
3 1596 1713 1714
3 1596 1714 1597
3 1597 1714 1715
3 1597 1715 1598
3 1598 1715 1716
3 1598 1716 1599
3 1599 1716 1717
3 1599 1717 1600
3 1600 1717 1718
3 1600 1718 1601
3 1601 1718 1719
3 1601 1719 1602
3 1602 1719 1720
3 1602 1720 1603
3 1603 1720 1721
3 1603 1721 1604
3 1604 1721 1722
3 1604 1722 1605
3 1605 1722 1723
3 1605 1723 1606
3 1606 1723 1724
3 1606 1724 1607
3 1607 1724 1725
3 1607 1725 1608
3 1608 1725 1726
3 1608 1726 1609
3 1609 1726 1727
3 1609 1727 1610
3 1610 1727 1728
3 1610 1728 1611
3 1611 1728 1729
3 1611 1729 1612
3 1612 1729 1730
3 1612 1730 1613
3 1613 1730 1731
3 1613 1731 1614
3 1614 1731 1732
3 1614 1732 1615
3 1615 1732 1733
3 1615 1733 1616
3 1616 1733 1734
3 1616 1734 1617
3 1617 1734 1735
3 1617 1735 1618
3 1618 1735 1736
3 1618 1736 1619
3 1619 1736 1737
3 1619 1737 1620
3 1620 1737 1738
3 1620 1738 1621
3 1621 1738 1739
3 1621 1739 1622
3 1622 1739 1740
3 1622 1740 1623
3 1623 1740 1741
3 1623 1741 1624
3 1624 1741 1742
3 1624 1742 1625
3 1625 1742 1743
3 1625 1743 1626
3 1626 1743 1744
3 1626 1744 1627
3 1627 1744 1745
3 1627 1745 1628
3 1628 1745 1746
3 1628 1746 1629
3 1629 1746 1747
3 1629 1747 1630
3 1630 1747 1748
3 1630 1748 1631
3 1631 1748 1749
3 1631 1749 1632
3 1632 1749 1750
3 1632 1750 1633
3 1633 1750 1751
3 1633 1751 1634
3 1634 1751 1752
3 1634 1752 1635
3 1635 1752 1753
3 1635 1753 1636
3 1636 1753 1754
3 1636 1754 1637
3 1637 1754 1755
3 1637 1755 1638
3 1638 1755 1756
3 1638 1756 1639
3 1639 1756 1757
3 1639 1757 1640
3 1640 1757 1758
3 1640 1758 1641
3 1641 1758 1759
3 1641 1759 1642
3 1642 1759 1760
3 1642 1760 1643
3 1643 1760 1761
3 1643 1761 1644
3 1644 1761 1762
3 1644 1762 1645
3 1645 1762 1763
3 1645 1763 1646
3 1646 1763 1764
3 1646 1764 1647
3 1647 1764 1765
3 1647 1765 1648
3 1648 1765 1766
3 1648 1766 1649
3 1649 1766 1767
3 1649 1767 1650
3 1650 1767 1768
3 1650 1768 1651
3 1651 1768 1769
3 1651 1769 1652
3 1652 1769 1770
3 1652 1770 1653
3 1653 1770 1771
3 1653 1771 1654
3 1654 1771 1772
3 1654 1772 1655
3 1655 1772 1773
3 1655 1773 1656
3 1656 1773 1774
3 1656 1774 1657
3 1657 1774 1775
3 1657 1775 1658
3 1658 1775 1776
3 1658 1776 1659
3 1659 1776 1777
3 1659 1777 1660
3 1660 1777 1778
3 1660 1778 1661
3 1661 1778 1779
3 1661 1779 1662
3 1662 1779 1780
3 1662 1780 1663
3 1663 1780 1781
3 1663 1781 1664
3 1664 1781 1782
3 1664 1782 1665
3 1665 1782 1783
3 1665 1783 1666
3 1666 1783 1784
3 1666 1784 1667
3 1667 1784 1785
3 1667 1785 1668
3 1668 1785 1786
3 1668 1786 1669
3 1669 1786 1787
3 1669 1787 1670
3 1670 1787 1788
3 1670 1788 1671
3 1671 1788 1789
3 1671 1789 1672
3 1672 1789 1790
3 1672 1790 1673
3 1673 1790 1791
3 1673 1791 239
3 1674 240 1792
3 1674 1792 1675
3 1675 1792 1793
3 1675 1793 1676
3 1676 1793 1794
3 1676 1795 1677
3 1677 1795 1796
3 1677 1796 1678
3 1678 1796 1797
3 1678 1797 1679
3 1679 1797 1798
3 1679 1798 1680
3 1680 1798 1799
3 1680 1799 1681
3 1681 1799 1800
3 1681 1800 1682
3 1682 1800 1801
3 1682 1801 1683
3 1683 1801 1802
3 1683 1802 1684
3 1684 1802 1803
3 1684 1803 1685
3 1685 1803 1804
3 1685 1804 1686
3 1686 1804 1805
3 1686 1805 1687
3 1687 1805 1806
3 1687 1806 1688
3 1688 1806 1807
3 1688 1807 1689
3 1689 1807 1808
3 1689 1808 1690
3 1690 1808 1809
3 1690 1809 1691
3 1691 1809 1810
3 1691 1810 1692
3 1692 1810 1811
3 1692 1811 1693
3 1693 1811 1812
3 1693 1812 1694
3 1694 1812 1813
3 1694 1813 1695
3 1695 1813 1814
3 1695 1814 1696
3 1696 1814 1815
3 1696 1815 1697
3 1697 1815 1816
3 1697 1816 1698
3 1698 1816 1817
3 1698 1817 1699
3 1699 1817 1818
3 1699 1818 1700
3 1700 1818 1819
3 1700 1819 1701
3 1701 1819 1820
3 1701 1820 1702
3 1702 1820 1821
3 1702 1821 1703
3 1703 1821 1822
3 1703 1822 1704
3 1704 1822 1823
3 1704 1823 1705
3 1705 1823 1824
3 1705 1824 1706
3 1706 1824 1825
3 1706 1825 1707
3 1707 1825 1826
3 1707 1826 1708
3 1708 1826 1827
3 1708 1827 1709
3 1709 1827 1828
3 1709 1828 1710
3 1710 1828 1829
3 1710 1829 1711
3 1711 1829 1830
3 1711 1830 1712
3 1712 1830 1831
3 1712 1831 1713
3 1713 1831 1832
3 1713 1832 1714
3 1714 1832 1833
3 1714 1833 1715
3 1715 1833 1834
3 1715 1834 1716
3 1716 1834 1835
3 1716 1835 1717
3 1717 1835 1836
3 1717 1836 1718
3 1718 1836 1837
3 1718 1837 1719
3 1719 1837 1838
3 1719 1838 1720
3 1720 1838 1839
3 1720 1839 1721
3 1721 1839 1840
3 1721 1840 1722
3 1722 1840 1841
3 1722 1841 1723
3 1723 1841 1842
3 1723 1842 1724
3 1724 1842 1843
3 1724 1843 1725
3 1725 1843 1844
3 1725 1844 1726
3 1726 1844 1845
3 1726 1845 1727
3 1727 1845 1846
3 1727 1846 1728
3 1728 1846 1847
3 1728 1847 1729
3 1729 1847 1848
3 1729 1848 1730
3 1730 1848 1849
3 1730 1849 1731
3 1731 1849 1850
3 1731 1850 1732
3 1732 1850 1851
3 1732 1851 1733
3 1733 1851 1852
3 1733 1852 1734
3 1734 1852 1853
3 1734 1853 1735
3 1735 1853 1854
3 1735 1854 1736
3 1736 1854 1855
3 1736 1855 1737
3 1737 1855 1856
3 1737 1856 1738
3 1738 1856 1857
3 1738 1857 1739
3 1739 1857 1858
3 1739 1858 1740
3 1740 1858 1859
3 1740 1859 1741
3 1741 1859 1860
3 1741 1860 1742
3 1742 1860 1861
3 1742 1861 1743
3 1743 1861 1862
3 1743 1862 1744
3 1744 1862 1863
3 1744 1863 1745
3 1745 1863 1864
3 1745 1864 1746
3 1746 1864 1865
3 1746 1865 1747
3 1747 1865 1866
3 1747 1866 1748
3 1748 1866 1867
3 1748 1867 1749
3 1749 1867 1868
3 1749 1868 1750
3 1750 1868 1869
3 1750 1869 1751
3 1751 1869 1870
3 1751 1870 1752
3 1752 1870 1871
3 1752 1871 1753
3 1753 1871 1872
3 1753 1872 1754
3 1754 1872 1873
3 1754 1873 1755
3 1755 1873 1874
3 1755 1874 1756
3 1756 1874 1875
3 1756 1875 1757
3 1757 1875 1876
3 1757 1876 1758
3 1758 1876 1877
3 1758 1877 1759
3 1759 1877 1878
3 1759 1878 1760
3 1760 1878 1879
3 1760 1879 1761
3 1761 1879 1880
3 1761 1880 1762
3 1762 1880 1881
3 1762 1881 1763
3 1763 1881 1882
3 1763 1882 1764
3 1764 1882 1883
3 1764 1883 1765
3 1765 1883 1884
3 1765 1884 1766
3 1766 1884 1885
3 1766 1885 1767
3 1767 1885 1886
3 1767 1886 1768
3 1768 1886 1887
3 1768 1887 1769
3 1769 1887 1888
3 1769 1888 1770
3 1770 1888 1889
3 1770 1889 1771
3 1771 1889 1890
3 1771 1890 1772
3 1772 1890 1891
3 1772 1891 1773
3 1773 1891 1892
3 1773 1892 1774
3 1774 1892 1893
3 1774 1893 1775
3 1775 1893 1894
3 1775 1894 1776
3 1776 1894 1895
3 1776 1895 1777
3 1777 1895 1896
3 1777 1896 1778
3 1778 1896 1897
3 1778 1897 1779
3 1779 1897 1898
3 1779 1898 1780
3 1780 1898 1899
3 1780 1899 1781
3 1781 1899 1900
3 1781 1900 1782
3 1782 1900 1901
3 1782 1901 1783
3 1783 1901 1902
3 1783 1902 1784
3 1784 1902 1903
3 1784 1903 1785
3 1785 1903 1904
3 1785 1904 1786
3 1786 1904 1905
3 1786 1905 1787
3 1787 1905 1906
3 1787 1906 1788
3 1788 1906 1907
3 1788 1907 1789
3 1789 1907 1908
3 1789 1908 1790
3 1790 1908 1909
3 1790 1909 1791
3 1791 1909 1910
3 1791 1910 1911
3 240 480 1792
3 1792 480 1912
3 1792 1912 1793
3 1793 1912 1913
3 1793 1913 1794
3 1794 1913 1914
3 1795 1915 1796
3 1796 1915 1916
3 1796 1916 1797
3 1797 1916 1917
3 1797 1917 1798
3 1798 1917 1918
3 1798 1918 1799
3 1799 1918 1919
3 1799 1919 1800
3 1800 1919 1920
3 1800 1920 1801
3 1801 1920 1921
3 1801 1921 1802
3 1802 1921 1922
3 1802 1922 1803
3 1803 1922 1923
3 1803 1923 1804
3 1804 1923 1924
3 1804 1924 1805
3 1805 1924 1925
3 1805 1925 1806
3 1806 1925 1926
3 1806 1926 1807
3 1807 1926 1927
3 1807 1927 1808
3 1808 1927 1928
3 1808 1928 1809
3 1809 1928 1929
3 1809 1929 1810
3 1810 1929 1930
3 1810 1930 1811
3 1811 1930 1931
3 1811 1931 1812
3 1812 1931 1932
3 1812 1932 1813
3 1813 1932 1933
3 1813 1933 1814
3 1814 1933 1934
3 1814 1934 1815
3 1815 1934 1935
3 1815 1935 1816
3 1816 1935 1936
3 1816 1936 1817
3 1817 1936 1937
3 1817 1937 1818
3 1818 1937 1938
3 1818 1938 1819
3 1819 1938 1939
3 1819 1939 1820
3 1820 1939 1940
3 1820 1940 1821
3 1821 1940 1941
3 1821 1941 1822
3 1822 1941 1942
3 1822 1942 1823
3 1823 1942 1943
3 1823 1943 1824
3 1824 1943 1944
3 1824 1944 1825
3 1825 1944 1945
3 1825 1945 1826
3 1826 1945 1946
3 1826 1946 1827
3 1827 1946 1947
3 1827 1947 1828
3 1828 1947 1948
3 1828 1948 1829
3 1829 1948 1949
3 1829 1949 1830
3 1830 1949 1950
3 1830 1950 1831
3 1831 1950 1951
3 1831 1951 1832
3 1832 1951 1952
3 1832 1952 1833
3 1833 1952 1953
3 1833 1953 1834
3 1834 1953 1954
3 1834 1954 1835
3 1835 1954 1955
3 1835 1955 1836
3 1836 1955 1956
3 1836 1956 1837
3 1837 1956 1957
3 1837 1957 1838
3 1838 1957 1958
3 1838 1958 1839
3 1839 1958 1959
3 1839 1959 1840
3 1840 1959 1960
3 1840 1960 1841
3 1841 1960 1961
3 1841 1961 1842
3 1842 1961 1962
3 1842 1962 1843
3 1843 1962 1963
3 1843 1963 1844
3 1844 1963 1964
3 1844 1964 1845
3 1845 1964 1965
3 1845 1965 1846
3 1846 1965 1966
3 1846 1966 1847
3 1847 1966 1967
3 1847 1967 1848
3 1848 1967 1968
3 1848 1968 1849
3 1849 1968 1969
3 1849 1969 1850
3 1850 1969 1970
3 1850 1970 1851
3 1851 1970 1971
3 1851 1971 1852
3 1852 1971 1972
3 1852 1972 1853
3 1853 1972 1973
3 1853 1973 1854
3 1854 1973 1974
3 1854 1974 1855
3 1855 1974 1975
3 1855 1975 1856
3 1856 1975 1976
3 1856 1976 1857
3 1857 1976 1977
3 1857 1977 1858
3 1858 1977 1978
3 1858 1978 1859
3 1859 1978 1979
3 1859 1979 1860
3 1860 1979 1980
3 1860 1980 1861
3 1861 1980 1981
3 1861 1981 1862
3 1862 1981 1982
3 1862 1982 1863
3 1863 1982 1983
3 1863 1983 1864
3 1864 1983 1984
3 1864 1984 1865
3 1865 1984 1985
3 1865 1985 1866
3 1866 1985 1986
3 1866 1986 1867
3 1867 1986 1987
3 1867 1987 1868
3 1868 1987 1988
3 1868 1988 1869
3 1869 1988 1989
3 1869 1989 1870
3 1870 1989 1990
3 1870 1990 1871
3 1871 1990 1991
3 1871 1991 1872
3 1872 1991 1992
3 1872 1992 1873
3 1873 1992 1993
3 1873 1993 1874
3 1874 1993 1994
3 1874 1994 1875
3 1875 1994 1995
3 1875 1995 1876
3 1876 1995 1996
3 1876 1996 1877
3 1877 1996 1997
3 1877 1997 1878
3 1878 1997 1998
3 1878 1998 1879
3 1879 1998 1999
3 1879 1999 1880
3 1880 1999 2000
3 1880 2000 1881
3 1881 2000 2001
3 1881 2001 1882
3 1882 2001 2002
3 1882 2002 1883
3 1883 2002 2003
3 1883 2003 1884
3 1884 2003 2004
3 1884 2004 1885
3 1885 2004 2005
3 1885 2005 1886
3 1886 2005 2006
3 1886 2006 1887
3 1887 2006 2007
3 1887 2007 1888
3 1888 2007 2008
3 1888 2008 1889
3 1889 2008 2009
3 1889 2009 1890
3 1890 2009 2010
3 1890 2010 1891
3 1891 2010 2011
3 1891 2011 1892
3 1892 2011 2012
3 1892 2012 1893
3 1893 2012 2013
3 1893 2013 1894
3 1894 2013 2014
3 1894 2014 1895
3 1895 2014 2015
3 1895 2015 1896
3 1896 2015 2016
3 1896 2016 1897
3 1897 2016 2017
3 1897 2017 1898
3 1898 2017 2018
3 1898 2018 1899
3 1899 2018 2019
3 1899 2019 1900
3 1900 2019 2020
3 1900 2020 1901
3 1901 2020 2021
3 1901 2021 1902
3 1902 2021 2022
3 1902 2022 1903
3 1903 2022 2023
3 1903 2023 1904
3 1904 2023 2024
3 1904 2024 1905
3 1905 2024 2025
3 1905 2025 1906
3 1906 2025 2026
3 1906 2026 1907
3 1907 2026 2027
3 1907 2027 1908
3 1908 2027 2028
3 1908 2028 1909
3 1909 2028 2029
3 1909 2029 1910
3 1910 2029 2030
3 1910 2030 239
3 239 2030 1911
3 480 240 1912
3 1912 240 2031
3 1912 2031 1913
3 1913 2031 2032
3 1913 2032 1914
3 1914 2032 2033
3 1915 2034 1916
3 1916 2034 2035
3 1916 2035 1917
3 1917 2035 2036
3 1917 2036 1918
3 1918 2036 2037
3 1918 2037 1919
3 1919 2037 2038
3 1919 2038 1920
3 1920 2038 2039
3 1920 2039 1921
3 1921 2039 2040
3 1921 2040 1922
3 1922 2040 2041
3 1922 2041 1923
3 1923 2041 2042
3 1923 2042 1924
3 1924 2042 2043
3 1924 2043 1925
3 1925 2043 2044
3 1925 2044 1926
3 1926 2044 2045
3 1926 2045 1927
3 1927 2045 2046
3 1927 2046 1928
3 1928 2046 2047
3 1928 2047 1929
3 1929 2047 2048
3 1929 2048 1930
3 1930 2048 2049
3 1930 2049 1931
3 1931 2049 2050
3 1931 2050 1932
3 1932 2050 2051
3 1932 2051 1933
3 1933 2051 2052
3 1933 2052 1934
3 1934 2052 2053
3 1934 2053 1935
3 1935 2053 2054
3 1935 2054 1936
3 1936 2054 2055
3 1936 2055 1937
3 1937 2055 2056
3 1937 2056 1938
3 1938 2056 2057
3 1938 2057 1939
3 1939 2057 2058
3 1939 2058 1940
3 1940 2058 2059
3 1940 2059 1941
3 1941 2059 2060
3 1941 2060 1942
3 1942 2060 2061
3 1942 2061 1943
3 1943 2061 2062
3 1943 2062 1944
3 1944 2062 2063
3 1944 2063 1945
3 1945 2063 2064
3 1945 2064 1946
3 1946 2064 2065
3 1946 2065 1947
3 1947 2065 2066
3 1947 2066 1948
3 1948 2066 2067
3 1948 2067 1949
3 1949 2067 2068
3 1949 2068 1950
3 1950 2068 2069
3 1950 2069 1951
3 1951 2069 2070
3 1951 2070 1952
3 1952 2070 2071
3 1952 2071 1953
3 1953 2071 2072
3 1953 2072 1954
3 1954 2072 2073
3 1954 2073 1955
3 1955 2073 2074
3 1955 2074 1956
3 1956 2074 2075
3 1956 2075 1957
3 1957 2075 2076
3 1957 2076 1958
3 1958 2076 2077
3 1958 2077 1959
3 1959 2077 2078
3 1959 2078 1960
3 1960 2078 2079
3 1960 2079 1961
3 1961 2079 2080
3 1961 2080 1962
3 1962 2080 2081
3 1962 2081 1963
3 1963 2081 2082
3 1963 2082 1964
3 1964 2082 2083
3 1964 2083 1965
3 1965 2083 2084
3 1965 2084 1966
3 1966 2084 2085
3 1966 2085 1967
3 1967 2085 2086
3 1967 2086 1968
3 1968 2086 2087
3 1968 2087 1969
3 1969 2087 2088
3 1969 2088 1970
3 1970 2088 2089
3 1970 2089 1971
3 1971 2089 2090
3 1971 2090 1972
3 1972 2090 2091
3 1972 2091 1973
3 1973 2091 2092
3 1973 2092 1974
3 1974 2092 2093
3 1974 2093 1975
3 1975 2093 2094
3 1975 2094 1976
3 1976 2094 2095
3 1976 2095 1977
3 1977 2095 2096
3 1977 2096 1978
3 1978 2096 2097
3 1978 2097 1979
3 1979 2097 2098
3 1979 2098 1980
3 1980 2098 2099
3 1980 2099 1981
3 1981 2099 2100
3 1981 2100 1982
3 1982 2100 2101
3 1982 2101 1983
3 1983 2101 2102
3 1983 2102 1984
3 1984 2102 2103
3 1984 2103 1985
3 1985 2103 2104
3 1985 2104 1986
3 1986 2104 2105
3 1986 2105 1987
3 1987 2105 2106
3 1987 2106 1988
3 1988 2106 2107
3 1988 2107 1989
3 1989 2107 2108
3 1989 2108 1990
3 1990 2108 2109
3 1990 2109 1991
3 1991 2109 2110
3 1991 2110 1992
3 1992 2110 2111
3 1992 2111 1993
3 1993 2111 2112
3 1993 2112 1994
3 1994 2112 2113
3 1994 2113 1995
3 1995 2113 2114
3 1995 2114 1996
3 1996 2114 2115
3 1996 2115 1997
3 1997 2115 2116
3 1997 2116 1998
3 1998 2116 2117
3 1998 2117 1999
3 1999 2117 2118
3 1999 2118 2000
3 2000 2118 2119
3 2000 2119 2001
3 2001 2119 2120
3 2001 2120 2002
3 2002 2120 2121
3 2002 2121 2003
3 2003 2121 2122
3 2003 2122 2004
3 2004 2122 2123
3 2004 2123 2005
3 2005 2123 2124
3 2005 2124 2006
3 2006 2124 2125
3 2006 2125 2007
3 2007 2125 2126
3 2007 2126 2008
3 2008 2126 2127
3 2008 2127 2009
3 2009 2127 2128
3 2009 2128 2010
3 2010 2128 2129
3 2010 2129 2011
3 2011 2129 2130
3 2011 2130 2012
3 2012 2130 2131
3 2012 2131 2013
3 2013 2131 2132
3 2013 2132 2014
3 2014 2132 2133
3 2014 2133 2015
3 2015 2133 2134
3 2015 2134 2016
3 2016 2134 2135
3 2016 2135 2017
3 2017 2135 2136
3 2017 2136 2018
3 2018 2136 2137
3 2018 2137 2019
3 2019 2137 2138
3 2019 2138 2020
3 2020 2138 2139
3 2020 2139 2021
3 2021 2139 2140
3 2021 2140 2022
3 2022 2140 2141
3 2022 2141 2023
3 2023 2141 2142
3 2023 2142 2024
3 2024 2142 2143
3 2024 2143 2025
3 2025 2143 2144
3 2025 2144 2026
3 2026 2144 2145
3 2026 2145 2027
3 2027 2145 2146
3 2027 2146 2028
3 2028 2146 2147
3 2028 2147 2029
3 2029 2147 2148
3 2029 2148 2030
3 2030 2148 2149
3 2030 2149 1911
3 1911 2149 239
3 2031 240 2150
3 2031 2150 2032
3 2032 2150 2151
3 2032 2151 2033
3 2033 2151 2152
3 2034 2153 2035
3 2035 2153 2154
3 2035 2154 2036
3 2036 2154 2155
3 2036 2155 2037
3 2037 2155 2156
3 2037 2156 2038
3 2038 2156 2157
3 2038 2157 2039
3 2039 2157 2158
3 2039 2158 2040
3 2040 2158 2159
3 2040 2159 2041
3 2041 2159 2160
3 2041 2160 2042
3 2042 2160 2161
3 2042 2161 2043
3 2043 2161 2162
3 2043 2162 2044
3 2044 2162 2163
3 2044 2163 2045
3 2045 2163 2164
3 2045 2164 2046
3 2046 2164 2165
3 2046 2165 2047
3 2047 2165 2166
3 2047 2166 2048
3 2048 2166 2167
3 2048 2167 2049
3 2049 2167 2168
3 2049 2168 2050
3 2050 2168 2169
3 2050 2169 2051
3 2051 2169 2170
3 2051 2170 2052
3 2052 2170 2171
3 2052 2171 2053
3 2053 2171 2172
3 2053 2172 2054
3 2054 2172 2173
3 2054 2173 2055
3 2055 2173 2174
3 2055 2174 2056
3 2056 2174 2175
3 2056 2175 2057
3 2057 2175 2176
3 2057 2176 2058
3 2058 2176 2177
3 2058 2177 2059
3 2059 2177 2178
3 2059 2178 2060
3 2060 2178 2179
3 2060 2179 2061
3 2061 2179 2180
3 2061 2180 2062
3 2062 2180 2181
3 2062 2181 2063
3 2063 2181 2182
3 2063 2182 2064
3 2064 2182 2183
3 2064 2183 2065
3 2065 2183 2184
3 2065 2184 2066
3 2066 2184 2185
3 2066 2185 2067
3 2067 2185 2186
3 2067 2186 2068
3 2068 2186 2187
3 2068 2187 2069
3 2069 2187 2188
3 2069 2188 2070
3 2070 2188 2189
3 2070 2189 2071
3 2071 2189 2190
3 2071 2190 2072
3 2072 2190 2191
3 2072 2191 2073
3 2073 2191 2192
3 2073 2192 2074
3 2074 2192 2193
3 2074 2193 2075
3 2075 2193 2194
3 2075 2194 2076
3 2076 2194 2195
3 2076 2195 2077
3 2077 2195 2196
3 2077 2196 2078
3 2078 2196 2197
3 2078 2197 2079
3 2079 2197 2198
3 2079 2198 2080
3 2080 2198 2199
3 2080 2199 2081
3 2081 2199 2200
3 2081 2200 2082
3 2082 2200 2201
3 2082 2201 2083
3 2083 2201 2202
3 2083 2202 2084
3 2084 2202 2203
3 2084 2203 2085
3 2085 2203 2204
3 2085 2204 2086
3 2086 2204 2205
3 2086 2205 2087
3 2087 2205 2206
3 2087 2206 2088
3 2088 2206 2207
3 2088 2207 2089
3 2089 2207 2208
3 2089 2208 2090
3 2090 2208 2209
3 2090 2209 2091
3 2091 2209 2210
3 2091 2210 2092
3 2092 2210 2211
3 2092 2211 2093
3 2093 2211 2212
3 2093 2212 2094
3 2094 2212 2213
3 2094 2213 2095
3 2095 2213 2214
3 2095 2214 2096
3 2096 2214 2215
3 2096 2215 2097
3 2097 2215 2216
3 2097 2216 2098
3 2098 2216 2217
3 2098 2217 2099
3 2099 2217 2218
3 2099 2218 2100
3 2100 2218 2219
3 2100 2219 2101
3 2101 2219 2220
3 2101 2220 2102
3 2102 2220 2221
3 2102 2221 2103
3 2103 2221 2222
3 2103 2222 2104
3 2104 2222 2223
3 2104 2223 2105
3 2105 2223 2224
3 2105 2224 2106
3 2106 2224 2225
3 2106 2225 2107
3 2107 2225 2226
3 2107 2226 2108
3 2108 2226 2227
3 2108 2227 2109
3 2109 2227 2228
3 2109 2228 2110
3 2110 2228 2229
3 2110 2229 2111
3 2111 2229 2230
3 2111 2230 2112
3 2112 2230 2231
3 2112 2231 2113
3 2113 2231 2232
3 2113 2232 2114
3 2114 2232 2233
3 2114 2233 2115
3 2115 2233 2234
3 2115 2234 2116
3 2116 2234 2235
3 2116 2235 2117
3 2117 2235 2236
3 2117 2236 2118
3 2118 2236 2237
3 2118 2237 2119
3 2119 2237 2238
3 2119 2238 2120
3 2120 2238 2239
3 2120 2239 2121
3 2121 2239 2240
3 2121 2240 2122
3 2122 2240 2241
3 2122 2241 2123
3 2123 2241 2242
3 2123 2242 2124
3 2124 2242 2243
3 2124 2243 2125
3 2125 2243 2244
3 2125 2244 2126
3 2126 2244 2245
3 2126 2245 2127
3 2127 2245 2246
3 2127 2246 2128
3 2128 2246 2247
3 2128 2247 2129
3 2129 2247 2248
3 2129 2248 2130
3 2130 2248 2249
3 2130 2249 2131
3 2131 2249 2250
3 2131 2250 2132
3 2132 2250 2251
3 2132 2251 2133
3 2133 2251 2252
3 2133 2252 2134
3 2134 2252 2253
3 2134 2253 2135
3 2135 2253 2254
3 2135 2254 2136
3 2136 2254 2255
3 2136 2255 2137
3 2137 2255 2256
3 2137 2256 2138
3 2138 2256 2257
3 2138 2257 2139
3 2139 2257 2258
3 2139 2258 2140
3 2140 2258 2259
3 2140 2259 2141
3 2141 2259 2260
3 2141 2260 2142
3 2142 2260 2261
3 2142 2261 2143
3 2143 2261 2262
3 2143 2262 2144
3 2144 2262 2263
3 2144 2263 2145
3 2145 2263 2264
3 2145 2264 2146
3 2146 2264 2265
3 2146 2265 2147
3 2147 2265 2266
3 2147 2266 2148
3 2148 2266 2267
3 2148 2267 2149
3 2149 2267 2268
3 2149 2268 239
3 240 2269 2270
3 2270 2269 2271
3 2270 2271 2272
3 2272 2271 2273
3 2272 2273 2152
3 2152 2273 2274
3 2153 2274 2154
3 2154 2274 2275
3 2154 2275 2276
3 2276 2275 2277
3 2276 2277 2278
3 2278 2277 2279
3 2278 2279 2280
3 2280 2279 2281
3 2280 2281 2282
3 2282 2281 2283
3 2282 2283 2284
3 2284 2283 2285
3 2284 2285 2286
3 2286 2285 2287
3 2286 2287 2161
3 2161 2287 2288
3 2161 2288 2289
3 2289 2288 2290
3 2289 2290 2163
3 2163 2290 2291
3 2163 2291 2292
3 2292 2291 2293
3 2292 2293 2165
3 2165 2293 2294
3 2165 2294 2295
3 2295 2294 2296
3 2295 2296 2167
3 2167 2296 2297
3 2167 2297 2168
3 2168 2297 2298
3 2168 2298 2169
3 2169 2298 2299
3 2169 2299 2300
3 2300 2299 2301
3 2300 2301 2302
3 2302 2301 2303
3 2302 2303 2172
3 2172 2303 2304
3 2172 2304 2305
3 2305 2304 2306
3 2305 2306 2307
3 2307 2306 2308
3 2307 2308 2309
3 2309 2308 2310
3 2309 2310 2311
3 2311 2310 2312
3 2311 2312 2313
3 2313 2312 2314
3 2313 2314 2178
3 2178 2314 2315
3 2178 2315 2179
3 2179 2315 2316
3 2179 2316 2180
3 2180 2316 2317
3 2180 2317 2318
3 2318 2317 2319
3 2318 2319 2320
3 2320 2319 2321
3 2320 2321 2183
3 2183 2321 2322
3 2183 2322 2323
3 2323 2322 2324
3 2323 2324 2325
3 2325 2324 2326
3 2325 2326 2327
3 2327 2326 2328
3 2327 2328 2329
3 2329 2328 2330
3 2329 2330 2331
3 2331 2330 2332
3 2331 2332 2333
3 2333 2332 2334
3 2333 2334 2335
3 2335 2334 2336
3 2335 2336 2337
3 2337 2336 2338
3 2337 2338 2339
3 2339 2338 2340
3 2339 2340 2341
3 2341 2340 2342
3 2341 2342 2343
3 2343 2342 2344
3 2343 2344 2195
3 2195 2344 2345
3 2195 2345 2346
3 2346 2345 2347
3 2346 2347 2348
3 2348 2347 2349
3 2348 2349 2350
3 2350 2349 2351
3 2350 2351 2352
3 2352 2351 2353
3 2352 2353 2200
3 2200 2353 2354
3 2200 2354 2355
3 2355 2354 2356
3 2355 2356 2357
3 2357 2356 2358
3 2357 2358 2359
3 2359 2358 2360
3 2359 2360 2361
3 2361 2360 2362
3 2361 2362 2363
3 2363 2362 2364
3 2363 2364 2365
3 2365 2364 2366
3 2365 2366 2367
3 2367 2366 2368
3 2367 2368 2369
3 2369 2368 2370
3 2369 2370 2371
3 2371 2370 2372
3 2371 2372 2373
3 2373 2372 2374
3 2373 2374 2375
3 2375 2374 2376
3 2375 2376 2377
3 2377 2376 2378
3 2377 2378 2379
3 2379 2378 2380
3 2379 2380 2381
3 2381 2380 2382
3 2381 2382 2383
3 2383 2382 2384
3 2383 2384 2385
3 2385 2384 2386
3 2385 2386 2387
3 2387 2386 2388
3 2387 2388 2389
3 2389 2388 2390
3 2389 2390 2391
3 2391 2390 2392
3 2391 2392 2393
3 2393 2392 2394
3 2393 2394 2395
3 2395 2394 2396
3 2395 2396 2397
3 2397 2396 2398
3 2397 2398 2399
3 2399 2398 2400
3 2399 2400 2401
3 2401 2400 2402
3 2401 2402 2403
3 2403 2402 2404
3 2403 2404 2405
3 2405 2404 2406
3 2405 2406 2407
3 2407 2406 2408
3 2407 2408 2228
3 2228 2408 2409
3 2228 2409 2410
3 2410 2409 2411
3 2410 2411 2412
3 2412 2411 2413
3 2412 2413 2231
3 2231 2413 2414
3 2231 2414 2415
3 2415 2414 2416
3 2415 2416 2417
3 2417 2416 2418
3 2417 2418 2419
3 2419 2418 2420
3 2419 2420 2235
3 2235 2420 2421
3 2235 2421 2236
3 2236 2421 2422
3 2236 2422 2423
3 2423 2422 2424
3 2423 2424 2425
3 2425 2424 2426
3 2425 2426 2239
3 2239 2426 2427
3 2239 2427 2240
3 2240 2427 2428
3 2240 2428 2429
3 2429 2428 2430
3 2429 2430 2242
3 2242 2430 2431
3 2242 2431 2432
3 2432 2431 2433
3 2432 2433 2434
3 2434 2433 2435
3 2434 2435 2436
3 2436 2435 2437
3 2436 2437 2246
3 2246 2437 2438
3 2246 2438 2439
3 2439 2438 2440
3 2439 2440 2441
3 2441 2440 2442
3 2441 2442 2443
3 2443 2442 2444
3 2443 2444 2445
3 2445 2444 2446
3 2445 2446 2447
3 2447 2446 2448
3 2447 2448 2449
3 2449 2448 2450
3 2449 2450 2451
3 2451 2450 2452
3 2451 2452 2453
3 2453 2452 2454
3 2453 2454 2455
3 2455 2454 2456
3 2455 2456 2457
3 2457 2456 2458
3 2457 2458 2257
3 2257 2458 2459
3 2257 2459 2258
3 2258 2459 2460
3 2258 2460 2461
3 2461 2460 2462
3 2461 2462 2260
3 2260 2462 2463
3 2260 2463 2464
3 2464 2463 2465
3 2464 2465 2262
3 2262 2465 2466
3 2262 2466 2263
3 2263 2466 2467
3 2263 2467 2264
3 2264 2467 2468
3 2264 2468 2469
3 2469 2468 2470
3 2469 2470 2266
3 2266 2470 2471
3 2266 2471 2267
3 2267 2471 2472
3 2267 2472 2268
3 2268 2472 2473
3 2268 2473 239
3 239 2473 359
3 1 240 2474
3 2474 240 2475
3 2474 2475 2476
3 2476 2475 2477
3 2476 2477 2478
3 2478 2477 2479
3 2480 2479 2481
3 2481 2479 2482
3 2481 2482 2483
3 2483 2482 2484
3 2483 2484 2485
3 2485 2484 2486
3 2485 2486 2487
3 2487 2486 2488
3 2487 2488 2489
3 2489 2488 2490
3 2489 2490 2491
3 2491 2490 2492
3 2491 2492 2493
3 2493 2492 2494
3 2493 2494 2495
3 2495 2494 2496
3 2495 2496 2497
3 2497 2496 2498
3 2497 2498 2499
3 2499 2498 2500
3 2499 2500 2501
3 2501 2500 2502
3 2501 2502 2503
3 2503 2502 2504
3 2503 2504 2505
3 2505 2504 2506
3 2505 2506 2507
3 2507 2506 2508
3 2507 2508 2509
3 2509 2508 2510
3 2509 2510 2511
3 2511 2510 2512
3 2511 2512 2513
3 2513 2512 2514
3 2513 2514 2515
3 2515 2514 2516
3 2515 2516 2517
3 2517 2516 2518
3 2517 2518 2519
3 2519 2518 2520
3 2519 2520 2521
3 2521 2520 2522
3 2521 2522 2523
3 2523 2522 2524
3 2523 2524 2525
3 2525 2524 2526
3 2525 2526 2527
3 2527 2526 2528
3 2527 2528 2529
3 2529 2528 2530
3 2529 2530 2531
3 2531 2530 2532
3 2531 2532 2533
3 2533 2532 2534
3 2533 2534 2535
3 2535 2534 2536
3 2535 2536 2537
3 2537 2536 2538
3 2537 2538 2539
3 2539 2538 2540
3 2539 2540 2541
3 2541 2540 2542
3 2541 2542 2543
3 2543 2542 2544
3 2543 2544 2545
3 2545 2544 2546
3 2545 2546 2547
3 2547 2546 2548
3 2547 2548 2549
3 2549 2548 2550
3 2549 2550 2551
3 2551 2550 2552
3 2551 2552 2553
3 2553 2552 2554
3 2553 2554 2555
3 2555 2554 2556
3 2555 2556 2557
3 2557 2556 2558
3 2557 2558 2559
3 2559 2558 2560
3 2559 2560 2561
3 2561 2560 2562
3 2561 2562 2563
3 2563 2562 2564
3 2563 2564 2565
3 2565 2564 2566
3 2565 2566 2567
3 2567 2566 2568
3 2567 2568 2569
3 2569 2568 2570
3 2569 2570 2571
3 2571 2570 2572
3 2571 2572 2573
3 2573 2572 2574
3 2573 2574 2575
3 2575 2574 2576
3 2575 2576 2577
3 2577 2576 2578
3 2577 2578 2579
3 2579 2578 2580
3 2579 2580 2581
3 2581 2580 2582
3 2581 2582 2583
3 2583 2582 2584
3 2583 2584 2585
3 2585 2584 2586
3 2585 2586 2587
3 2587 2586 2588
3 2587 2588 2589
3 2589 2588 2590
3 2589 2590 2591
3 2591 2590 2592
3 2591 2592 2593
3 2593 2592 2594
3 2593 2594 2595
3 2595 2594 2596
3 2595 2596 2597
3 2597 2596 2598
3 2597 2598 2599
3 2599 2598 2600
3 2599 2600 2601
3 2601 2600 2602
3 2601 2602 2603
3 2603 2602 2604
3 2603 2604 2605
3 2605 2604 2606
3 2605 2606 2607
3 2607 2606 2608
3 2607 2608 2609
3 2609 2608 2610
3 2609 2610 2611
3 2611 2610 2612
3 2611 2612 2613
3 2613 2612 2614
3 2613 2614 2615
3 2615 2614 2616
3 2615 2616 2617
3 2617 2616 2618
3 2617 2618 2619
3 2619 2618 2620
3 2619 2620 2621
3 2621 2620 2622
3 2621 2622 2623
3 2623 2622 2624
3 2623 2624 2625
3 2625 2624 2626
3 2625 2626 2627
3 2627 2626 2628
3 2627 2628 2629
3 2629 2628 2630
3 2629 2630 2631
3 2631 2630 2632
3 2631 2632 2633
3 2633 2632 2634
3 2633 2634 2635
3 2635 2634 2636
3 2635 2636 2637
3 2637 2636 2638
3 2637 2638 2639
3 2639 2638 2640
3 2639 2640 2641
3 2641 2640 2642
3 2641 2642 2643
3 2643 2642 2644
3 2643 2644 2645
3 2645 2644 2646
3 2645 2646 2647
3 2647 2646 2648
3 2647 2648 2649
3 2649 2648 2650
3 2649 2650 2651
3 2651 2650 2652
3 2651 2652 2653
3 2653 2652 2654
3 2653 2654 2655
3 2655 2654 2656
3 2655 2656 2657
3 2657 2656 2658
3 2657 2658 2659
3 2659 2658 2660
3 2659 2660 2661
3 2661 2660 2662
3 2661 2662 2663
3 2663 2662 2664
3 2663 2664 2665
3 2665 2664 2666
3 2665 2666 2667
3 2667 2666 2668
3 2667 2668 2669
3 2669 2668 2670
3 2669 2670 2671
3 2671 2670 2672
3 2671 2672 2673
3 2673 2672 2674
3 2673 2674 2675
3 2675 2674 2676
3 2675 2676 2677
3 2677 2676 2678
3 2677 2678 2679
3 2679 2678 2680
3 2679 2680 2681
3 2681 2680 2682
3 2681 2682 2683
3 2683 2682 2684
3 2683 2684 2685
3 2685 2684 2686
3 2685 2686 2687
3 2687 2686 2688
3 2687 2688 2689
3 2689 2688 2690
3 2689 2690 2691
3 2691 2690 2692
3 2691 2692 2693
3 2693 2692 2694
3 2693 2694 2695
3 2695 2694 2696
3 2695 2696 2697
3 2697 2696 2698
3 2697 2698 2699
3 2699 2698 2700
3 2699 2700 2468
3 2468 2700 2701
3 2468 2701 2702
3 2702 2701 2703
3 2702 2703 2704
3 2704 2703 2705
3 2704 2705 2706
3 2706 2705 2707
3 2706 2707 2708
3 2708 2707 2709
3 2708 2709 1316
3 1316 2709 239
3 240 1077 2475
3 2475 1077 2710
3 2475 2710 2477
3 2477 2710 2711
3 2477 2711 2479
3 2479 2711 2712
3 2479 2712 2482
3 2482 2712 2713
3 2482 2713 2484
3 2484 2713 2714
3 2484 2714 2486
3 2486 2714 2715
3 2486 2715 2488
3 2488 2715 2716
3 2488 2716 2490
3 2490 2716 2717
3 2490 2717 2492
3 2492 2717 2718
3 2492 2718 2494
3 2494 2718 2719
3 2494 2719 2496
3 2496 2719 2720
3 2496 2720 2498
3 2498 2720 2721
3 2498 2721 2500
3 2500 2721 2722
3 2500 2722 2502
3 2502 2722 2723
3 2502 2723 2504
3 2504 2723 2724
3 2504 2724 2506
3 2506 2724 2725
3 2506 2725 2508
3 2508 2725 2726
3 2508 2726 2510
3 2510 2726 2727
3 2510 2727 2512
3 2512 2727 2728
3 2512 2728 2514
3 2514 2728 2729
3 2514 2729 2516
3 2516 2729 2730
3 2516 2730 2518
3 2518 2730 2731
3 2518 2731 2520
3 2520 2731 2732
3 2520 2732 2522
3 2522 2732 2733
3 2522 2733 2524
3 2524 2733 2734
3 2524 2734 2526
3 2526 2734 2735
3 2526 2735 2528
3 2528 2735 2736
3 2528 2736 2530
3 2530 2736 2737
3 2530 2737 2532
3 2532 2737 2738
3 2532 2738 2534
3 2534 2738 2739
3 2534 2739 2536
3 2536 2739 2740
3 2536 2740 2538
3 2538 2740 2741
3 2538 2741 2540
3 2540 2741 2742
3 2540 2742 2542
3 2542 2742 2743
3 2542 2743 2544
3 2544 2743 2744
3 2544 2744 2546
3 2546 2744 2745
3 2546 2745 2548
3 2548 2745 2746
3 2548 2746 2550
3 2550 2746 2747
3 2550 2747 2552
3 2552 2747 2748
3 2552 2748 2554
3 2554 2748 2749
3 2554 2749 2556
3 2556 2749 2750
3 2556 2750 2558
3 2558 2750 2751
3 2558 2751 2560
3 2560 2751 2752
3 2560 2752 2562
3 2562 2752 2753
3 2562 2753 2564
3 2564 2753 2754
3 2564 2754 2566
3 2566 2754 2755
3 2566 2755 2568
3 2568 2755 2756
3 2568 2756 2570
3 2570 2756 2757
3 2570 2757 2572
3 2572 2757 2758
3 2572 2758 2574
3 2574 2758 2759
3 2574 2759 2576
3 2576 2759 2760
3 2576 2760 2578
3 2578 2760 2761
3 2578 2761 2580
3 2580 2761 2762
3 2580 2762 2582
3 2582 2762 2763
3 2582 2763 2584
3 2584 2763 2764
3 2584 2764 2586
3 2586 2764 2765
3 2586 2765 2588
3 2588 2765 2766
3 2588 2766 2590
3 2590 2766 2767
3 2590 2767 2592
3 2592 2767 2768
3 2592 2768 2594
3 2594 2768 2769
3 2594 2769 2596
3 2596 2769 2770
3 2596 2770 2598
3 2598 2770 2771
3 2598 2771 2600
3 2600 2771 2772
3 2600 2772 2602
3 2602 2772 2773
3 2602 2773 2604
3 2604 2773 2774
3 2604 2774 2606
3 2606 2774 2775
3 2606 2775 2608
3 2608 2775 2776
3 2608 2776 2610
3 2610 2776 2777
3 2610 2777 2612
3 2612 2777 2778
3 2612 2778 2614
3 2614 2778 2779
3 2614 2779 2616
3 2616 2779 2780
3 2616 2780 2618
3 2618 2780 2781
3 2618 2781 2620
3 2620 2781 2782
3 2620 2782 2622
3 2622 2782 2783
3 2622 2783 2624
3 2624 2783 2784
3 2624 2784 2626
3 2626 2784 2785
3 2626 2785 2628
3 2628 2785 2786
3 2628 2786 2630
3 2630 2786 2787
3 2630 2787 2632
3 2632 2787 2788
3 2632 2788 2634
3 2634 2788 2789
3 2634 2789 2636
3 2636 2789 2790
3 2636 2790 2638
3 2638 2790 2791
3 2638 2791 2640
3 2640 2791 2792
3 2640 2792 2642
3 2642 2792 2793
3 2642 2793 2644
3 2644 2793 2794
3 2644 2794 2646
3 2646 2794 2795
3 2646 2795 2648
3 2648 2795 2796
3 2648 2796 2650
3 2650 2796 2797
3 2650 2797 2652
3 2652 2797 2798
3 2652 2798 2654
3 2654 2798 2799
3 2654 2799 2656
3 2656 2799 2800
3 2656 2800 2658
3 2658 2800 2801
3 2658 2801 2660
3 2660 2801 2802
3 2660 2802 2662
3 2662 2802 2803
3 2662 2803 2664
3 2664 2803 2804
3 2664 2804 2666
3 2666 2804 2805
3 2666 2805 2668
3 2668 2805 2806
3 2668 2806 2670
3 2670 2806 2807
3 2670 2807 2672
3 2672 2807 2808
3 2672 2808 2674
3 2674 2808 2809
3 2674 2809 2676
3 2676 2809 2810
3 2676 2810 2678
3 2678 2810 2811
3 2678 2811 2680
3 2680 2811 2812
3 2680 2812 2682
3 2682 2812 2813
3 2682 2813 2684
3 2684 2813 2814
3 2684 2814 2686
3 2686 2814 2815
3 2686 2815 2688
3 2688 2815 2816
3 2688 2816 2690
3 2690 2816 2817
3 2690 2817 2692
3 2692 2817 2818
3 2692 2818 2694
3 2694 2818 2819
3 2694 2819 2696
3 2696 2819 2820
3 2696 2820 2698
3 2698 2820 2821
3 2698 2821 2700
3 2700 2821 2822
3 2700 2822 2701
3 2701 2822 2823
3 2701 2823 2703
3 2703 2823 2824
3 2703 2824 2705
3 2705 2824 2825
3 2705 2825 2707
3 2707 2825 2826
3 2707 2826 2709
3 2709 2826 2827
3 2709 2827 239
3 239 2827 2828
3 1077 2829 2710
3 2710 2829 2830
3 2710 2830 2711
3 2711 2830 2831
3 2711 2831 2712
3 2712 2831 2832
3 2712 2833 2713
3 2713 2833 2834
3 2713 2834 2714
3 2714 2834 2835
3 2714 2835 2715
3 2715 2835 2836
3 2715 2836 2716
3 2716 2836 2837
3 2716 2837 2717
3 2717 2837 2838
3 2717 2838 2718
3 2718 2838 2839
3 2718 2839 2719
3 2719 2839 2840
3 2719 2840 2720
3 2720 2840 2841
3 2720 2841 2721
3 2721 2841 2842
3 2721 2842 2722
3 2722 2842 2843
3 2722 2843 2723
3 2723 2843 2844
3 2723 2844 2724
3 2724 2844 2845
3 2724 2845 2725
3 2725 2845 2846
3 2725 2846 2726
3 2726 2846 2847
3 2726 2847 2727
3 2727 2847 2848
3 2727 2848 2728
3 2728 2848 2849
3 2728 2849 2729
3 2729 2849 2850
3 2729 2850 2730
3 2730 2850 2851
3 2730 2851 2731
3 2731 2851 2852
3 2731 2852 2732
3 2732 2852 2853
3 2732 2853 2733
3 2733 2853 2854
3 2733 2854 2734
3 2734 2854 2855
3 2734 2855 2735
3 2735 2855 2856
3 2735 2856 2736
3 2736 2856 2857
3 2736 2857 2737
3 2737 2857 2858
3 2737 2858 2738
3 2738 2858 2859
3 2738 2859 2739
3 2739 2859 2860
3 2739 2860 2740
3 2740 2860 2861
3 2740 2861 2741
3 2741 2861 2862
3 2741 2862 2742
3 2742 2862 2863
3 2742 2863 2743
3 2743 2863 2864
3 2743 2864 2744
3 2744 2864 2865
3 2744 2865 2745
3 2745 2865 2866
3 2745 2866 2746
3 2746 2866 2867
3 2746 2867 2747
3 2747 2867 2868
3 2747 2868 2748
3 2748 2868 2869
3 2748 2869 2749
3 2749 2869 2870
3 2749 2870 2750
3 2750 2870 2871
3 2750 2871 2751
3 2751 2871 2872
3 2751 2872 2752
3 2752 2872 2873
3 2752 2873 2753
3 2753 2873 2874
3 2753 2874 2754
3 2754 2874 2875
3 2754 2875 2755
3 2755 2875 2876
3 2755 2876 2756
3 2756 2876 2877
3 2756 2877 2757
3 2757 2877 2878
3 2757 2878 2758
3 2758 2878 2879
3 2758 2879 2759
3 2759 2879 2880
3 2759 2880 2760
3 2760 2880 2881
3 2760 2881 2761
3 2761 2881 2882
3 2761 2882 2762
3 2762 2882 2883
3 2762 2883 2763
3 2763 2883 2884
3 2763 2884 2764
3 2764 2884 2885
3 2764 2885 2765
3 2765 2885 2886
3 2765 2886 2766
3 2766 2886 2887
3 2766 2887 2767
3 2767 2887 2888
3 2767 2888 2768
3 2768 2888 2889
3 2768 2889 2769
3 2769 2889 2890
3 2769 2890 2770
3 2770 2890 2891
3 2770 2891 2771
3 2771 2891 2892
3 2771 2892 2772
3 2772 2892 2893
3 2772 2893 2773
3 2773 2893 2894
3 2773 2894 2774
3 2774 2894 2895
3 2774 2895 2775
3 2775 2895 2896
3 2775 2896 2776
3 2776 2896 2897
3 2776 2897 2777
3 2777 2897 2898
3 2777 2898 2778
3 2778 2898 2899
3 2778 2899 2779
3 2779 2899 2900
3 2779 2900 2780
3 2780 2900 2901
3 2780 2901 2781
3 2781 2901 2902
3 2781 2902 2782
3 2782 2902 2903
3 2782 2903 2783
3 2783 2903 2904
3 2783 2904 2784
3 2784 2904 2905
3 2784 2905 2785
3 2785 2905 2906
3 2785 2906 2786
3 2786 2906 2907
3 2786 2907 2787
3 2787 2907 2908
3 2787 2908 2788
3 2788 2908 2909
3 2788 2909 2789
3 2789 2909 2910
3 2789 2910 2790
3 2790 2910 2911
3 2790 2911 2791
3 2791 2911 2912
3 2791 2912 2792
3 2792 2912 2913
3 2792 2913 2793
3 2793 2913 2914
3 2793 2914 2794
3 2794 2914 2915
3 2794 2915 2795
3 2795 2915 2916
3 2795 2916 2796
3 2796 2916 2917
3 2796 2917 2797
3 2797 2917 2918
3 2797 2918 2798
3 2798 2918 2919
3 2798 2919 2799
3 2799 2919 2920
3 2799 2920 2800
3 2800 2920 2921
3 2800 2921 2801
3 2801 2921 2922
3 2801 2922 2802
3 2802 2922 2923
3 2802 2923 2803
3 2803 2923 2924
3 2803 2924 2804
3 2804 2924 2925
3 2804 2925 2805
3 2805 2925 2926
3 2805 2926 2806
3 2806 2926 2927
3 2806 2927 2807
3 2807 2927 2928
3 2807 2928 2808
3 2808 2928 2929
3 2808 2929 2809
3 2809 2929 2930
3 2809 2930 2810
3 2810 2930 2931
3 2810 2931 2811
3 2811 2931 2932
3 2811 2932 2812
3 2812 2932 2933
3 2812 2933 2813
3 2813 2933 2934
3 2813 2934 2814
3 2814 2934 2935
3 2814 2935 2815
3 2815 2935 2936
3 2815 2936 2816
3 2816 2936 2937
3 2816 2937 2817
3 2817 2937 2938
3 2817 2938 2818
3 2818 2938 2939
3 2818 2939 2819
3 2819 2939 2940
3 2819 2940 2820
3 2820 2940 2941
3 2820 2941 2821
3 2821 2941 2942
3 2821 2942 2822
3 2822 2942 2943
3 2822 2943 2823
3 2823 2943 2944
3 2823 2944 2824
3 2824 2944 2945
3 2824 2945 2825
3 2825 2945 2946
3 2825 2946 2826
3 2826 2946 2947
3 2826 2947 2827
3 2827 2947 2948
3 2827 2948 2828
3 2828 2948 239
3 2829 599 2949
3 2949 599 2950
3 2949 2950 2951
3 2951 2950 2952
3 2951 2952 2953
3 2953 2952 2954
3 2955 2956 2834
3 2834 2956 2957
3 2834 2957 2958
3 2958 2957 2959
3 2958 2959 2960
3 2960 2959 2961
3 2960 2961 2962
3 2962 2961 2963
3 2962 2963 2838
3 2838 2963 2964
3 2838 2964 2965
3 2965 2964 2966
3 2965 2966 2967
3 2967 2966 2968
3 2967 2968 2969
3 2969 2968 2970
3 2969 2970 2842
3 2842 2970 2971
3 2842 2971 2843
3 2843 2971 2972
3 2843 2972 2844
3 2844 2972 2973
3 2844 2973 2845
3 2845 2973 2974
3 2845 2974 2846
3 2846 2974 2975
3 2846 2975 2847
3 2847 2975 2976
3 2847 2976 2848
3 2848 2976 2977
3 2848 2977 2849
3 2849 2977 2978
3 2849 2978 2979
3 2979 2978 2980
3 2979 2980 2851
3 2851 2980 2981
3 2851 2981 2982
3 2982 2981 2983
3 2982 2983 2984
3 2984 2983 2985
3 2984 2985 2986
3 2986 2985 2987
3 2986 2987 2988
3 2988 2987 2989
3 2988 2989 2990
3 2990 2989 2991
3 2990 2991 2857
3 2857 2991 2992
3 2857 2992 2993
3 2993 2992 2994
3 2993 2994 2859
3 2859 2994 2995
3 2859 2995 2860
3 2860 2995 2996
3 2860 2996 2997
3 2997 2996 2998
3 2997 2998 2999
3 2999 2998 3000
3 2999 3000 3001
3 3001 3000 3002
3 3001 3002 3003
3 3003 3002 3004
3 3003 3004 3005
3 3005 3004 3006
3 3005 3006 2866
3 2866 3006 3007
3 2866 3007 3008
3 3008 3007 3009
3 3008 3009 3010
3 3010 3009 3011
3 3010 3011 2869
3 2869 3011 3012
3 2869 3012 2870
3 2870 3012 3013
3 2870 3013 3014
3 3014 3013 3015
3 3014 3015 3016
3 3016 3015 3017
3 3016 3017 3018
3 3018 3017 3019
3 3018 3019 2874
3 2874 3019 3020
3 2874 3020 2875
3 2875 3020 3021
3 2875 3021 3022
3 3022 3021 3023
3 3022 3023 2877
3 2877 3023 3024
3 2877 3024 3025
3 3025 3024 3026
3 3025 3026 2879
3 2879 3026 3027
3 2879 3027 2880
3 2880 3027 3028
3 2880 3028 3029
3 3029 3028 3030
3 3029 3030 3031
3 3031 3030 3032
3 3031 3032 3033
3 3033 3032 3034
3 3033 3034 3035
3 3035 3034 3036
3 3035 3036 3037
3 3037 3036 3038
3 3037 3038 2886
3 2886 3038 3039
3 2886 3039 3040
3 3040 3039 3041
3 3040 3041 3042
3 3042 3041 3043
3 3042 3043 2889
3 2889 3043 3044
3 2889 3044 3045
3 3045 3044 3046
3 3045 3046 3047
3 3047 3046 3048
3 3047 3048 3049
3 3049 3048 3050
3 3049 3050 3051
3 3051 3050 3052
3 3051 3052 3053
3 3053 3052 3054
3 3053 3054 2895
3 2895 3054 3055
3 2895 3055 2896
3 2896 3055 3056
3 2896 3056 2897
3 2897 3056 3057
3 2897 3057 3058
3 3058 3057 3059
3 3058 3059 3060
3 3060 3059 3061
3 3060 3061 3062
3 3062 3061 3063
3 3062 3063 3064
3 3064 3063 3065
3 3064 3065 3066
3 3066 3065 3067
3 3066 3067 3068
3 3068 3067 3069
3 3068 3069 3070
3 3070 3069 3071
3 3070 3071 3072
3 3072 3071 3073
3 3072 3073 2906
3 2906 3073 3074
3 2906 3074 3075
3 3075 3074 3076
3 3075 3076 3077
3 3077 3076 3078
3 3077 3078 3079
3 3079 3078 3080
3 3079 3080 2910
3 2910 3080 3081
3 2910 3081 3082
3 3082 3081 3083
3 3082 3083 2912
3 2912 3083 3084
3 2912 3084 3085
3 3085 3084 3086
3 3085 3086 2914
3 2914 3086 3087
3 2914 3087 3088
3 3088 3087 3089
3 3088 3089 3090
3 3090 3089 3091
3 3090 3091 3092
3 3092 3091 3093
3 3092 3093 3094
3 3094 3093 3095
3 3094 3095 3096
3 3096 3095 3097
3 3096 3097 3098
3 3098 3097 3099
3 3098 3099 3100
3 3100 3099 3101
3 3100 3101 3102
3 3102 3101 3103
3 3102 3103 3104
3 3104 3103 3105
3 3104 3105 3106
3 3106 3105 3107
3 3106 3107 2925
3 2925 3107 3108
3 2925 3108 3109
3 3109 3108 3110
3 3109 3110 3111
3 3111 3110 3112
3 3111 3112 2928
3 2928 3112 3113
3 2928 3113 2929
3 2929 3113 3114
3 2929 3114 3115
3 3115 3114 3116
3 3115 3116 3117
3 3117 3116 3118
3 3117 3118 3119
3 3119 3118 3120
3 3119 3120 2933
3 2933 3120 3121
3 2933 3121 2934
3 2934 3121 3122
3 2934 3122 2935
3 2935 3122 3123
3 2935 3123 3124
3 3124 3123 3125
3 3124 3125 3126
3 3126 3125 3127
3 3126 3127 2938
3 2938 3127 3128
3 2938 3128 2939
3 2939 3128 3129
3 2939 3129 3130
3 3130 3129 3131
3 3130 3131 2941
3 2941 3131 3132
3 2941 3132 3133
3 3133 3132 3134
3 3133 3134 2943
3 2943 3134 3135
3 2943 3135 2944
3 2944 3135 3136
3 2944 3136 2945
3 2945 3136 3137
3 2945 3137 3138
3 3138 3137 3139
3 3138 3139 3140
3 3140 3139 3141
3 3140 3141 2948
3 2948 3141 3142
3 2948 3142 239
3 3143 240 3144
3 3143 3144 3145
3 3145 3144 3146
3 3145 3146 2956
3 2956 3146 3147
3 3148 3147 3149
3 3149 3147 3150
3 3149 3150 3151
3 3151 3150 3152
3 3151 3152 3153
3 3153 3152 3154
3 3153 3154 3155
3 3155 3154 3156
3 3155 3156 2964
3 2964 3156 3157
3 2964 3157 3158
3 3158 3157 3159
3 3158 3159 2968
3 2968 3159 3160
3 2968 3160 3161
3 3161 3160 3162
3 3161 3162 3163
3 3163 3162 3164
3 3163 3164 3165
3 3165 3164 3166
3 3165 3166 2973
3 2973 3166 3167
3 2973 3167 2974
3 2974 3167 3168
3 2974 3168 3169
3 3169 3168 3170
3 3169 3170 3171
3 3171 3170 3172
3 3171 3172 3173
3 3173 3172 3174
3 3173 3174 2978
3 2978 3174 3175
3 2978 3175 2980
3 2980 3175 3176
3 2980 3176 3177
3 3177 3176 3178
3 3177 3178 3179
3 3179 3178 3180
3 3179 3180 3181
3 3181 3180 3182
3 3181 3182 3183
3 3183 3182 3184
3 3183 3184 3185
3 3185 3184 3186
3 3185 3186 2991
3 2991 3186 3187
3 2991 3187 3188
3 3188 3187 3189
3 3188 3189 3190
3 3190 3189 3191
3 3190 3191 3192
3 3192 3191 3193
3 3192 3193 3194
3 3194 3193 3195
3 3194 3195 3196
3 3196 3195 3197
3 3196 3197 3198
3 3198 3197 3199
3 3198 3199 3200
3 3200 3199 3201
3 3200 3201 3202
3 3202 3201 3203
3 3202 3203 3006
3 3006 3203 3204
3 3006 3204 3205
3 3205 3204 3206
3 3205 3206 3207
3 3207 3206 3208
3 3207 3208 3209
3 3209 3208 3210
3 3209 3210 3211
3 3211 3210 3212
3 3211 3212 3213
3 3213 3212 3214
3 3213 3214 3215
3 3215 3214 3216
3 3215 3216 3217
3 3217 3216 3218
3 3217 3218 3219
3 3219 3218 3220
3 3219 3220 3221
3 3221 3220 3222
3 3221 3222 3223
3 3223 3222 3224
3 3223 3224 3225
3 3225 3224 3226
3 3225 3226 3227
3 3227 3226 3228
3 3227 3228 3229
3 3229 3228 3230
3 3229 3230 3231
3 3231 3230 3232
3 3231 3232 3233
3 3233 3232 3234
3 3233 3234 3235
3 3235 3234 3236
3 3235 3236 3237
3 3237 3236 3238
3 3237 3238 3239
3 3239 3238 3240
3 3239 3240 3241
3 3241 3240 3242
3 3241 3242 3243
3 3243 3242 3244
3 3243 3244 3245
3 3245 3244 3246
3 3245 3246 3041
3 3041 3246 3247
3 3041 3247 3248
3 3248 3247 3249
3 3248 3249 3250
3 3250 3249 3251
3 3250 3251 3252
3 3252 3251 3253
3 3252 3253 3048
3 3048 3253 3254
3 3048 3254 3050
3 3050 3254 3255
3 3050 3255 3256
3 3256 3255 3257
3 3256 3257 3258
3 3258 3257 3259
3 3258 3259 3055
3 3055 3259 3260
3 3055 3260 3056
3 3056 3260 3261
3 3056 3261 3057
3 3057 3261 3262
3 3057 3262 3059
3 3059 3262 3263
3 3059 3263 3264
3 3264 3263 3265
3 3264 3265 3063
3 3063 3265 3266
3 3063 3266 3065
3 3065 3266 3267
3 3065 3267 3067
3 3067 3267 3268
3 3067 3268 3069
3 3069 3268 3269
3 3069 3269 3071
3 3071 3269 3270
3 3071 3270 3073
3 3073 3270 3271
3 3073 3271 3272
3 3272 3271 3273
3 3272 3273 3274
3 3274 3273 3275
3 3274 3275 3276
3 3276 3275 3277
3 3276 3277 3278
3 3278 3277 3279
3 3278 3279 3280
3 3280 3279 3281
3 3280 3281 3083
3 3083 3281 3282
3 3083 3282 3283
3 3283 3282 3284
3 3283 3284 3285
3 3285 3284 3286
3 3285 3286 3287
3 3287 3286 3288
3 3287 3288 3089
3 3089 3288 3289
3 3089 3289 3091
3 3091 3289 3290
3 3091 3290 3291
3 3291 3290 3292
3 3291 3292 3293
3 3293 3292 3294
3 3293 3294 3097
3 3097 3294 3295
3 3097 3295 3296
3 3296 3295 3297
3 3296 3297 3298
3 3298 3297 3299
3 3298 3299 3300
3 3300 3299 3301
3 3300 3301 3302
3 3302 3301 3303
3 3302 3303 3304
3 3304 3303 3305
3 3304 3305 3306
3 3306 3305 3307
3 3306 3307 3110
3 3110 3307 3308
3 3110 3308 3112
3 3112 3308 3309
3 3112 3309 3310
3 3310 3309 3311
3 3310 3311 3114
3 3114 3311 3312
3 3114 3312 3313
3 3313 3312 3314
3 3313 3314 3118
3 3118 3314 3315
3 3118 3315 3120
3 3120 3315 3316
3 3120 3316 3121
3 3121 3316 3317
3 3121 3317 3122
3 3122 3317 3318
3 3122 3318 3123
3 3123 3318 3319
3 3123 3319 3125
3 3125 3319 3320
3 3125 3320 3127
3 3127 3320 3321
3 3127 3321 3128
3 3128 3321 3322
3 3128 3322 3129
3 3129 3322 3323
3 3129 3323 3324
3 3324 3323 3325
3 3324 3325 3132
3 3132 3325 3326
3 3132 3326 3134
3 3134 3326 3327
3 3134 3327 3135
3 3135 3327 3328
3 3135 3328 3136
3 3136 3328 3329
3 3136 3329 3137
3 3137 3329 3330
3 3137 3330 3139
3 3139 3330 3331
3 3139 3331 3332
3 3332 3331 3333
3 3332 3333 3334
3 3334 3333 3335
3 3334 3335 239
3 239 3335 718
3 240 360 3144
3 3144 360 3336
3 3144 3336 3146
3 3146 3336 3337
3 3146 3337 3147
3 3147 3337 3338
3 3147 3338 3150
3 3150 3338 3339
3 3150 3339 3152
3 3152 3339 3340
3 3152 3340 3154
3 3154 3340 3341
3 3154 3341 3156
3 3156 3341 3342
3 3156 3342 3157
3 3157 3342 3343
3 3157 3343 3159
3 3159 3343 3344
3 3159 3344 3160
3 3160 3344 3345
3 3160 3345 3162
3 3162 3345 3346
3 3162 3346 3164
3 3164 3346 3347
3 3164 3347 3166
3 3166 3347 3348
3 3166 3348 3167
3 3167 3348 3349
3 3167 3349 3168
3 3168 3349 3350
3 3168 3350 3170
3 3170 3350 3351
3 3170 3351 3172
3 3172 3351 3352
3 3172 3352 3174
3 3174 3352 3353
3 3174 3353 3175
3 3175 3353 3354
3 3175 3354 3176
3 3176 3354 3355
3 3176 3355 3178
3 3178 3355 3356
3 3178 3356 3180
3 3180 3356 3357
3 3180 3357 3182
3 3182 3357 3358
3 3182 3358 3184
3 3184 3358 3359
3 3184 3359 3186
3 3186 3359 3360
3 3186 3360 3187
3 3187 3360 3361
3 3187 3361 3189
3 3189 3361 3362
3 3189 3362 3191
3 3191 3362 3363
3 3191 3363 3193
3 3193 3363 3364
3 3193 3364 3195
3 3195 3364 3365
3 3195 3365 3197
3 3197 3365 3366
3 3197 3366 3199
3 3199 3366 3367
3 3199 3367 3201
3 3201 3367 3368
3 3201 3368 3203
3 3203 3368 3369
3 3203 3369 3204
3 3204 3369 3370
3 3204 3370 3206
3 3206 3370 3371
3 3206 3371 3208
3 3208 3371 3372
3 3208 3372 3210
3 3210 3372 3373
3 3210 3373 3212
3 3212 3373 3374
3 3212 3374 3214
3 3214 3374 3375
3 3214 3375 3216
3 3216 3375 3376
3 3216 3376 3218
3 3218 3376 3377
3 3218 3377 3220
3 3220 3377 3378
3 3220 3378 3222
3 3222 3378 3379
3 3222 3379 3224
3 3224 3379 3380
3 3224 3380 3226
3 3226 3380 3381
3 3226 3381 3228
3 3228 3381 3382
3 3228 3382 3230
3 3230 3382 3383
3 3230 3383 3232
3 3232 3383 3384
3 3232 3384 3234
3 3234 3384 3385
3 3234 3385 3236
3 3236 3385 3386
3 3236 3386 3238
3 3238 3386 3387
3 3238 3387 3240
3 3240 3387 3388
3 3240 3388 3242
3 3242 3388 3389
3 3242 3389 3244
3 3244 3389 3390
3 3244 3390 3246
3 3246 3390 3391
3 3246 3391 3247
3 3247 3391 3392
3 3247 3392 3249
3 3249 3392 3393
3 3249 3393 3251
3 3251 3393 3394
3 3251 3394 3253
3 3253 3394 3395
3 3253 3395 3254
3 3254 3395 3396
3 3254 3396 3255
3 3255 3396 3397
3 3255 3397 3257
3 3257 3397 3398
3 3257 3398 3259
3 3259 3398 3399
3 3259 3399 3260
3 3260 3399 3400
3 3260 3400 3261
3 3261 3400 3401
3 3261 3401 3262
3 3262 3401 3402
3 3262 3402 3263
3 3263 3402 3403
3 3263 3403 3265
3 3265 3403 3404
3 3265 3404 3266
3 3266 3404 3405
3 3266 3405 3267
3 3267 3405 3406
3 3267 3406 3268
3 3268 3406 3407
3 3268 3407 3269
3 3269 3407 3408
3 3269 3408 3270
3 3270 3408 3409
3 3270 3409 3271
3 3271 3409 3410
3 3271 3410 3273
3 3273 3410 3411
3 3273 3411 3275
3 3275 3411 3412
3 3275 3412 3277
3 3277 3412 3413
3 3277 3413 3279
3 3279 3413 3414
3 3279 3414 3281
3 3281 3414 3415
3 3281 3415 3282
3 3282 3415 3416
3 3282 3416 3284
3 3284 3416 3417
3 3284 3417 3286
3 3286 3417 3418
3 3286 3418 3288
3 3288 3418 3419
3 3288 3419 3289
3 3289 3419 3420
3 3289 3420 3290
3 3290 3420 3421
3 3290 3421 3292
3 3292 3421 3422
3 3292 3422 3294
3 3294 3422 3423
3 3294 3423 3295
3 3295 3423 3424
3 3295 3424 3297
3 3297 3424 3425
3 3297 3425 3299
3 3299 3425 3426
3 3299 3426 3301
3 3301 3426 3427
3 3301 3427 3303
3 3303 3427 3428
3 3303 3428 3305
3 3305 3428 3429
3 3305 3429 3307
3 3307 3429 3430
3 3307 3430 3308
3 3308 3430 3431
3 3308 3431 3309
3 3309 3431 3432
3 3309 3432 3311
3 3311 3432 3433
3 3311 3433 3312
3 3312 3433 3434
3 3312 3434 3314
3 3314 3434 3435
3 3314 3435 3315
3 3315 3435 3436
3 3315 3436 3316
3 3316 3436 3437
3 3316 3437 3317
3 3317 3437 3438
3 3317 3438 3318
3 3318 3438 3439
3 3318 3439 3319
3 3319 3439 3440
3 3319 3440 3320
3 3320 3440 3441
3 3320 3441 3321
3 3321 3441 3442
3 3321 3442 3322
3 3322 3442 3443
3 3322 3443 3323
3 3323 3443 3444
3 3323 3444 3325
3 3325 3444 3445
3 3325 3445 3326
3 3326 3445 3446
3 3326 3446 3327
3 3327 3446 3447
3 3327 3447 3328
3 3328 3447 3448
3 3328 3448 3329
3 3329 3448 3449
3 3329 3449 3330
3 3330 3449 3450
3 3330 3450 3331
3 3331 3450 3451
3 3331 3451 3333
3 3333 3451 3452
3 3333 3452 3335
3 3335 3452 3453
3 3335 3453 718
3 718 3453 479
3 360 3454 3336
3 3336 3454 3455
3 3336 3455 3337
3 3337 3455 3456
3 3337 3456 3338
3 3338 3456 3457
3 3338 3457 3339
3 3339 3457 3458
3 3339 3458 3340
3 3340 3458 3459
3 3340 3459 3341
3 3341 3459 3460
3 3341 3460 3342
3 3342 3460 3461
3 3342 3461 3343
3 3343 3461 3462
3 3343 3462 3344
3 3344 3462 3463
3 3344 3463 3345
3 3345 3463 3464
3 3345 3464 3346
3 3346 3464 3465
3 3346 3465 3347
3 3347 3465 3466
3 3347 3466 3348
3 3348 3466 3467
3 3348 3467 3349
3 3349 3467 3468
3 3349 3468 3350
3 3350 3468 3469
3 3350 3469 3351
3 3351 3469 3470
3 3351 3470 3352
3 3352 3470 3471
3 3352 3471 3353
3 3353 3471 3472
3 3353 3472 3354
3 3354 3472 3473
3 3354 3473 3355
3 3355 3473 3474
3 3355 3474 3356
3 3356 3474 3475
3 3356 3475 3357
3 3357 3475 3476
3 3357 3476 3358
3 3358 3476 3477
3 3358 3477 3359
3 3359 3477 3478
3 3359 3478 3360
3 3360 3478 3479
3 3360 3479 3361
3 3361 3479 3480
3 3361 3480 3362
3 3362 3480 3481
3 3362 3481 3363
3 3363 3481 3482
3 3363 3482 3364
3 3364 3482 3483
3 3364 3483 3365
3 3365 3483 3484
3 3365 3484 3366
3 3366 3484 3485
3 3366 3485 3367
3 3367 3485 3486
3 3367 3486 3368
3 3368 3486 3487
3 3368 3487 3369
3 3369 3487 3488
3 3369 3488 3370
3 3370 3488 3489
3 3370 3489 3371
3 3371 3489 3490
3 3371 3490 3372
3 3372 3490 3491
3 3372 3491 3373
3 3373 3491 3492
3 3373 3492 3374
3 3374 3492 3493
3 3374 3493 3375
3 3375 3493 3494
3 3375 3494 3376
3 3376 3494 3495
3 3376 3495 3377
3 3377 3495 3496
3 3377 3496 3378
3 3378 3496 3497
3 3378 3497 3379
3 3379 3497 3498
3 3379 3498 3380
3 3380 3498 3499
3 3380 3499 3381
3 3381 3499 3500
3 3381 3500 3382
3 3382 3500 3501
3 3382 3501 3383
3 3383 3501 3502
3 3383 3502 3384
3 3384 3502 3503
3 3384 3503 3385
3 3385 3503 3504
3 3385 3504 3386
3 3386 3504 3505
3 3386 3505 3387
3 3387 3505 3506
3 3387 3506 3388
3 3388 3506 3507
3 3388 3507 3389
3 3389 3507 3508
3 3389 3508 3390
3 3390 3508 3509
3 3390 3509 3391
3 3391 3509 3510
3 3391 3510 3392
3 3392 3510 3511
3 3392 3511 3393
3 3393 3511 3512
3 3393 3512 3394
3 3394 3512 3513
3 3394 3513 3395
3 3395 3513 3514
3 3395 3514 3396
3 3396 3514 3515
3 3396 3515 3397
3 3397 3515 3516
3 3397 3516 3398
3 3398 3516 3517
3 3398 3517 3399
3 3399 3517 3518
3 3399 3518 3400
3 3400 3518 3519
3 3400 3519 3401
3 3401 3519 3520
3 3401 3520 3402
3 3402 3520 3521
3 3402 3521 3403
3 3403 3521 3522
3 3403 3522 3404
3 3404 3522 3523
3 3404 3523 3405
3 3405 3523 3524
3 3405 3524 3406
3 3406 3524 3525
3 3406 3525 3407
3 3407 3525 3526
3 3407 3526 3408
3 3408 3526 3527
3 3408 3527 3409
3 3409 3527 3528
3 3409 3528 3410
3 3410 3528 3529
3 3410 3529 3411
3 3411 3529 3530
3 3411 3530 3412
3 3412 3530 3531
3 3412 3531 3413
3 3413 3531 3532
3 3413 3532 3414
3 3414 3532 3533
3 3414 3533 3415
3 3415 3533 3534
3 3415 3534 3416
3 3416 3534 3535
3 3416 3535 3417
3 3417 3535 3536
3 3417 3536 3418
3 3418 3536 3537
3 3418 3537 3419
3 3419 3537 3538
3 3419 3538 3420
3 3420 3538 3539
3 3420 3539 3421
3 3421 3539 3540
3 3421 3540 3422
3 3422 3540 3541
3 3422 3541 3423
3 3423 3541 3542
3 3423 3542 3424
3 3424 3542 3543
3 3424 3543 3425
3 3425 3543 3544
3 3425 3544 3426
3 3426 3544 3545
3 3426 3545 3427
3 3427 3545 3546
3 3427 3546 3428
3 3428 3546 3547
3 3428 3547 3429
3 3429 3547 3548
3 3429 3548 3430
3 3430 3548 3549
3 3430 3549 3431
3 3431 3549 3550
3 3431 3550 3432
3 3432 3550 3551
3 3432 3551 3433
3 3433 3551 3552
3 3433 3552 3434
3 3434 3552 3553
3 3434 3553 3435
3 3435 3553 3554
3 3435 3554 3436
3 3436 3554 3555
3 3436 3555 3437
3 3437 3555 3556
3 3437 3556 3438
3 3438 3556 3557
3 3438 3557 3439
3 3439 3557 3558
3 3439 3558 3440
3 3440 3558 3559
3 3440 3559 3441
3 3441 3559 3560
3 3441 3560 3442
3 3442 3560 3561
3 3442 3561 3443
3 3443 3561 3562
3 3443 3562 3444
3 3444 3562 3563
3 3444 3563 3445
3 3445 3563 3564
3 3445 3564 3446
3 3446 3564 3565
3 3446 3565 3447
3 3447 3565 3566
3 3447 3566 3448
3 3448 3566 3567
3 3448 3567 3449
3 3449 3567 3568
3 3449 3568 3450
3 3450 3568 3569
3 3450 3569 3451
3 3451 3569 3570
3 3451 3570 3452
3 3452 3570 3571
3 3452 3571 3453
3 3453 3571 3572
3 3453 3572 479
3 479 3572 359
3 3573 3574 3455
3 3455 3574 3575
3 3455 3575 3576
3 3576 3575 3577
3 3576 3577 3578
3 3578 3577 3579
3 3580 3581 3582
3 3582 3581 3583
3 3582 3583 3584
3 3584 3583 3585
3 3584 3585 3460
3 3460 3585 3586
3 3460 3586 3587
3 3587 3586 3588
3 3587 3588 3589
3 3589 3588 3590
3 3589 3590 3591
3 3591 3590 3592
3 3591 3592 3593
3 3593 3592 3594
3 3593 3594 3465
3 3465 3594 3595
3 3465 3595 3596
3 3596 3595 3597
3 3596 3597 3467
3 3467 3597 3598
3 3467 3598 3468
3 3468 3598 3599
3 3468 3599 3600
3 3600 3599 3601
3 3600 3601 3602
3 3602 3601 3603
3 3602 3603 3604
3 3604 3603 3605
3 3604 3605 3606
3 3606 3605 3607
3 3606 3607 3608
3 3608 3607 3609
3 3608 3609 3610
3 3610 3609 3611
3 3610 3611 3612
3 3612 3611 3613
3 3612 3613 3614
3 3614 3613 3615
3 3614 3615 3616
3 3616 3615 3617
3 3616 3617 3478
3 3478 3617 3618
3 3478 3618 3619
3 3619 3618 3620
3 3619 3620 3621
3 3621 3620 3622
3 3621 3622 3623
3 3623 3622 3624
3 3623 3624 3625
3 3625 3624 3626
3 3625 3626 3627
3 3627 3626 3628
3 3627 3628 3484
3 3484 3628 3629
3 3484 3629 3485
3 3485 3629 3630
3 3485 3630 3631
3 3631 3630 3632
3 3631 3632 3633
3 3633 3632 3634
3 3633 3634 3488
3 3488 3634 3635
3 3488 3635 3489
3 3489 3635 3636
3 3489 3636 3637
3 3637 3636 3638
3 3637 3638 3639
3 3639 3638 3640
3 3639 3640 3641
3 3641 3640 3642
3 3641 3642 3493
3 3493 3642 3643
3 3493 3643 3644
3 3644 3643 3645
3 3644 3645 3646
3 3646 3645 3647
3 3646 3647 3496
3 3496 3647 3648
3 3496 3648 3649
3 3649 3648 3650
3 3649 3650 3651
3 3651 3650 3652
3 3651 3652 3499
3 3499 3652 3653
3 3499 3653 3654
3 3654 3653 3655
3 3654 3655 3656
3 3656 3655 3657
3 3656 3657 3658
3 3658 3657 3659
3 3658 3659 3660
3 3660 3659 3661
3 3660 3661 3662
3 3662 3661 3663
3 3662 3663 3505
3 3505 3663 3664
3 3505 3664 3665
3 3665 3664 3666
3 3665 3666 3667
3 3667 3666 3668
3 3667 3668 3669
3 3669 3668 3670
3 3669 3670 3671
3 3671 3670 3672
3 3671 3672 3673
3 3673 3672 3674
3 3673 3674 3675
3 3675 3674 3676
3 3675 3676 3512
3 3512 3676 3677
3 3512 3677 3678
3 3678 3677 3679
3 3678 3679 3680
3 3680 3679 3681
3 3680 3681 3682
3 3682 3681 3683
3 3682 3683 3684
3 3684 3683 3685
3 3684 3685 3517
3 3517 3685 3686
3 3517 3686 3687
3 3687 3686 3688
3 3687 3688 3689
3 3689 3688 3690
3 3689 3690 3691
3 3691 3690 3692
3 3691 3692 3521
3 3521 3692 3693
3 3521 3693 3522
3 3522 3693 3694
3 3522 3694 3695
3 3695 3694 3696
3 3695 3696 3697
3 3697 3696 3698
3 3697 3698 3525
3 3525 3698 3699
3 3525 3699 3700
3 3700 3699 3701
3 3700 3701 3527
3 3527 3701 3702
3 3527 3702 3703
3 3703 3702 3704
3 3703 3704 3705
3 3705 3704 3706
3 3705 3706 3530
3 3530 3706 3707
3 3530 3707 3531
3 3531 3707 3708
3 3531 3708 3709
3 3709 3708 3710
3 3709 3710 3711
3 3711 3710 3712
3 3711 3712 3534
3 3534 3712 3713
3 3534 3713 3535
3 3535 3713 3714
3 3535 3714 3536
3 3536 3714 3715
3 3536 3715 3716
3 3716 3715 3717
3 3716 3717 3538
3 3538 3717 3718
3 3538 3718 3539
3 3539 3718 3719
3 3539 3719 3540
3 3540 3719 3720
3 3540 3720 3541
3 3541 3720 3721
3 3541 3721 3542
3 3542 3721 3722
3 3542 3722 3723
3 3723 3722 3724
3 3723 3724 3725
3 3725 3724 3726
3 3725 3726 3545
3 3545 3726 3727
3 3545 3727 3546
3 3546 3727 3728
3 3546 3728 3547
3 3547 3728 3729
3 3547 3729 3548
3 3548 3729 3730
3 3548 3730 3549
3 3549 3730 3731
3 3549 3731 3550
3 3550 3731 3732
3 3550 3732 3551
3 3551 3732 3733
3 3551 3733 3552
3 3552 3733 3734
3 3552 3734 3735
3 3735 3734 3736
3 3735 3736 3737
3 3737 3736 3738
3 3737 3738 3555
3 3555 3738 3739
3 3555 3739 3556
3 3556 3739 3740
3 3556 3740 3741
3 3741 3740 3742
3 3741 3742 3743
3 3743 3742 3744
3 3743 3744 3559
3 3559 3744 3745
3 3559 3745 3560
3 3560 3745 3746
3 3560 3746 3561
3 3561 3746 3747
3 3561 3747 3562
3 3562 3747 3748
3 3562 3748 3563
3 3563 3748 3749
3 3563 3749 3564
3 3564 3749 3750
3 3564 3750 3565
3 3565 3750 3751
3 3565 3751 3566
3 3566 3751 3752
3 3566 3752 3567
3 3567 3752 3753
3 3567 3753 3754
3 3754 3753 3755
3 3754 3755 3569
3 3569 3755 3756
3 3569 3756 3570
3 3570 3756 3757
3 3570 3757 3571
3 3571 3757 3758
3 3571 3758 3572
3 3572 3758 3759
3 3572 3759 239
3 3760 240 3761
3 3760 3761 3762
3 3762 3761 3763
3 3762 3763 3764
3 3764 3763 3765
3 3764 3765 3766
3 3766 3765 3767
3 3766 3767 3768
3 3768 3767 3769
3 3768 3769 3770
3 3770 3769 3771
3 3770 3771 3772
3 3772 3771 3773
3 3772 3773 3774
3 3774 3773 3775
3 3774 3775 3776
3 3776 3775 3777
3 3776 3777 3778
3 3778 3777 3779
3 3778 3779 3780
3 3780 3779 3781
3 3780 3781 3782
3 3782 3781 3783
3 3782 3783 3784
3 3784 3783 3785
3 3784 3785 3786
3 3786 3785 3787
3 3786 3787 3788
3 3788 3787 3789
3 3788 3789 3790
3 3790 3789 3791
3 3790 3791 3792
3 3792 3791 3793
3 3792 3793 3794
3 3794 3793 3795
3 3794 3795 3796
3 3796 3795 3797
3 3796 3797 3798
3 3798 3797 3799
3 3798 3799 3800
3 3800 3799 3801
3 3800 3801 3802
3 3802 3801 3803
3 3802 3803 3804
3 3804 3803 3805
3 3804 3805 3806
3 3806 3805 3807
3 3806 3807 3808
3 3808 3807 3809
3 3808 3809 3810
3 3810 3809 3811
3 3810 3811 3812
3 3812 3811 3813
3 3812 3813 3626
3 3626 3813 3814
3 3626 3814 3815
3 3815 3814 3816
3 3815 3816 3817
3 3817 3816 3818
3 3817 3818 3819
3 3819 3818 3820
3 3819 3820 3821
3 3821 3820 3822
3 3821 3822 3823
3 3823 3822 3824
3 3823 3824 3825
3 3825 3824 3826
3 3825 3826 3827
3 3827 3826 3828
3 3827 3828 3829
3 3829 3828 3830
3 3829 3830 3831
3 3831 3830 3832
3 3831 3832 3833
3 3833 3832 3834
3 3833 3834 3835
3 3835 3834 3836
3 3835 3836 3837
3 3837 3836 3838
3 3837 3838 3839
3 3839 3838 3840
3 3839 3840 3841
3 3841 3840 3842
3 3841 3842 3843
3 3843 3842 3844
3 3843 3844 3845
3 3845 3844 3846
3 3845 3846 3847
3 3847 3846 3848
3 3847 3848 3849
3 3849 3848 3850
3 3849 3850 3851
3 3851 3850 3852
3 3851 3852 3853
3 3853 3852 3854
3 3853 3854 3855
3 3855 3854 3856
3 3855 3856 3857
3 3857 3856 3858
3 3857 3858 3859
3 3859 3858 3860
3 3859 3860 3861
3 3861 3860 3862
3 3861 3862 3863
3 3863 3862 3864
3 3863 3864 3865
3 3865 3864 3866
3 3865 3866 3867
3 3867 3866 3868
3 3867 3868 3869
3 3869 3868 3870
3 3869 3870 3871
3 3871 3870 3872
3 3871 3872 3873
3 3873 3872 3874
3 3873 3874 3875
3 3875 3874 3876
3 3875 3876 3877
3 3877 3876 3878
3 3877 3878 3879
3 3879 3878 3880
3 3879 3880 3881
3 3881 3880 3882
3 3881 3882 3883
3 3883 3882 3884
3 3883 3884 3885
3 3885 3884 3886
3 3885 3886 3887
3 3887 3886 3888
3 3887 3888 3889
3 3889 3888 3890
3 3889 3890 3891
3 3891 3890 3892
3 3891 3892 3893
3 3893 3892 3894
3 3893 3894 3895
3 3895 3894 3896
3 3895 3896 3897
3 3897 3896 3898
3 3897 3898 3899
3 3899 3898 3900
3 3899 3900 3901
3 3901 3900 3902
3 3901 3902 3903
3 3903 3902 3904
3 3903 3904 3905
3 3905 3904 3906
3 3905 3906 3907
3 3907 3906 3908
3 3907 3908 3909
3 3909 3908 3910
3 3909 3910 3911
3 3911 3910 3912
3 3911 3912 3913
3 3913 3912 3914
3 3913 3914 3915
3 3915 3914 3916
3 3915 3916 3917
3 3917 3916 3918
3 3917 3918 3919
3 3919 3918 3920
3 3919 3920 3921
3 3921 3920 3922
3 3921 3922 3923
3 3923 3922 3924
3 3923 3924 3925
3 3925 3924 3926
3 3925 3926 3927
3 3927 3926 3928
3 3927 3928 3929
3 3929 3928 3930
3 3929 3930 3931
3 3931 3930 3932
3 3931 3932 3933
3 3933 3932 3934
3 3933 3934 3935
3 3935 3934 3936
3 3935 3936 3937
3 3937 3936 3938
3 3937 3938 3939
3 3939 3938 3940
3 3939 3940 3941
3 3941 3940 3942
3 3941 3942 3943
3 3943 3942 3944
3 3943 3944 3945
3 3945 3944 3946
3 3945 3946 3947
3 3947 3946 3948
3 3947 3948 3949
3 3949 3948 3950
3 3949 3950 3951
3 3951 3950 3952
3 3951 3952 3953
3 3953 3952 3954
3 3953 3954 3955
3 3955 3954 3956
3 3955 3956 3957
3 3957 3956 3958
3 3957 3958 3959
3 3959 3958 3960
3 3959 3960 3961
3 3961 3960 3962
3 3961 3962 3963
3 3963 3962 3964
3 3963 3964 3965
3 3965 3964 3966
3 3965 3966 3967
3 3967 3966 3968
3 3967 3968 3969
3 3969 3968 3970
3 3969 3970 3971
3 3971 3970 3972
3 3971 3972 3973
3 3973 3972 3974
3 3973 3974 3975
3 3975 3974 3976
3 3975 3976 3977
3 3977 3976 3978
3 3977 3978 3979
3 3979 3978 3980
3 3979 3980 3752
3 3752 3980 3981
3 3752 3981 3753
3 3753 3981 3982
3 3753 3982 3983
3 3983 3982 3984
3 3983 3984 3985
3 3985 3984 3986
3 3985 3986 3987
3 3987 3986 3988
3 3987 3988 3989
3 3989 3988 3990
3 3989 3990 3759
3 3759 3990 3991
3 3759 3991 359
3 359 3991 239
3 240 1 3761
3 3761 1 3992
3 3761 3992 3763
3 3763 3992 3993
3 3763 3993 3765
3 3765 3993 3994
3 3765 3994 3767
3 3767 3994 3995
3 3767 3995 3769
3 3769 3995 3996
3 3769 3996 3771
3 3771 3996 3997
3 3771 3997 3773
3 3773 3997 3998
3 3773 3998 3775
3 3775 3998 3999
3 3775 3999 3777
3 3777 3999 4000
3 3777 4000 3779
3 3779 4000 4001
3 3779 4001 3781
3 3781 4001 4002
3 3781 4002 3783
3 3783 4002 4003
3 3783 4003 3785
3 3785 4003 4004
3 3785 4004 3787
3 3787 4004 4005
3 3787 4005 3789
3 3789 4005 4006
3 3789 4006 3791
3 3791 4006 4007
3 3791 4007 3793
3 3793 4007 4008
3 3793 4008 3795
3 3795 4008 4009
3 3795 4009 3797
3 3797 4009 4010
3 3797 4010 3799
3 3799 4010 4011
3 3799 4011 3801
3 3801 4011 4012
3 3801 4012 3803
3 3803 4012 4013
3 3803 4013 3805
3 3805 4013 4014
3 3805 4014 3807
3 3807 4014 4015
3 3807 4015 3809
3 3809 4015 4016
3 3809 4016 3811
3 3811 4016 4017
3 3811 4017 3813
3 3813 4017 4018
3 3813 4018 3814
3 3814 4018 4019
3 3814 4019 3816
3 3816 4019 4020
3 3816 4020 3818
3 3818 4020 4021
3 3818 4021 3820
3 3820 4021 4022
3 3820 4022 3822
3 3822 4022 4023
3 3822 4023 3824
3 3824 4023 4024
3 3824 4024 3826
3 3826 4024 4025
3 3826 4025 3828
3 3828 4025 4026
3 3828 4026 3830
3 3830 4026 4027
3 3830 4027 3832
3 3832 4027 4028
3 3832 4028 3834
3 3834 4028 4029
3 3834 4029 3836
3 3836 4029 4030
3 3836 4030 3838
3 3838 4030 4031
3 3838 4031 3840
3 3840 4031 4032
3 3840 4032 3842
3 3842 4032 4033
3 3842 4033 3844
3 3844 4033 4034
3 3844 4034 3846
3 3846 4034 4035
3 3846 4035 3848
3 3848 4035 4036
3 3848 4036 3850
3 3850 4036 4037
3 3850 4037 3852
3 3852 4037 4038
3 3852 4038 3854
3 3854 4038 4039
3 3854 4039 3856
3 3856 4039 4040
3 3856 4040 3858
3 3858 4040 4041
3 3858 4041 3860
3 3860 4041 4042
3 3860 4042 3862
3 3862 4042 4043
3 3862 4043 3864
3 3864 4043 4044
3 3864 4044 3866
3 3866 4044 4045
3 3866 4045 3868
3 3868 4045 4046
3 3868 4046 3870
3 3870 4046 4047
3 3870 4047 3872
3 3872 4047 4048
3 3872 4048 3874
3 3874 4048 4049
3 3874 4049 3876
3 3876 4049 4050
3 3876 4050 3878
3 3878 4050 4051
3 3878 4051 3880
3 3880 4051 4052
3 3880 4052 3882
3 3882 4052 4053
3 3882 4053 3884
3 3884 4053 4054
3 3884 4054 3886
3 3886 4054 4055
3 3886 4055 3888
3 3888 4055 4056
3 3888 4056 3890
3 3890 4056 4057
3 3890 4057 3892
3 3892 4057 4058
3 3892 4058 3894
3 3894 4058 4059
3 3894 4059 3896
3 3896 4059 4060
3 3896 4060 3898
3 3898 4060 4061
3 3898 4061 3900
3 3900 4061 4062
3 3900 4062 3902
3 3902 4062 4063
3 3902 4063 3904
3 3904 4063 4064
3 3904 4064 3906
3 3906 4064 4065
3 3906 4065 3908
3 3908 4065 4066
3 3908 4066 3910
3 3910 4066 4067
3 3910 4067 3912
3 3912 4067 4068
3 3912 4068 3914
3 3914 4068 4069
3 3914 4069 3916
3 3916 4069 4070
3 3916 4070 3918
3 3918 4070 4071
3 3918 4071 3920
3 3920 4071 4072
3 3920 4072 3922
3 3922 4072 4073
3 3922 4073 3924
3 3924 4073 4074
3 3924 4074 3926
3 3926 4074 4075
3 3926 4075 3928
3 3928 4075 4076
3 3928 4076 3930
3 3930 4076 4077
3 3930 4077 3932
3 3932 4077 4078
3 3932 4078 3934
3 3934 4078 4079
3 3934 4079 3936
3 3936 4079 4080
3 3936 4080 3938
3 3938 4080 4081
3 3938 4081 3940
3 3940 4081 4082
3 3940 4082 3942
3 3942 4082 4083
3 3942 4083 3944
3 3944 4083 4084
3 3944 4084 3946
3 3946 4084 4085
3 3946 4085 3948
3 3948 4085 4086
3 3948 4086 3950
3 3950 4086 4087
3 3950 4087 3952
3 3952 4087 4088
3 3952 4088 3954
3 3954 4088 4089
3 3954 4089 3956
3 3956 4089 4090
3 3956 4090 3958
3 3958 4090 4091
3 3958 4091 3960
3 3960 4091 4092
3 3960 4092 3962
3 3962 4092 4093
3 3962 4093 3964
3 3964 4093 4094
3 3964 4094 3966
3 3966 4094 4095
3 3966 4095 3968
3 3968 4095 4096
3 3968 4096 3970
3 3970 4096 4097
3 3970 4097 3972
3 3972 4097 4098
3 3972 4098 3974
3 3974 4098 4099
3 3974 4099 3976
3 3976 4099 4100
3 3976 4100 3978
3 3978 4100 4101
3 3978 4101 3980
3 3980 4101 4102
3 3980 4102 3981
3 3981 4102 4103
3 3981 4103 3982
3 3982 4103 4104
3 3982 4104 3984
3 3984 4104 4105
3 3984 4105 3986
3 3986 4105 4106
3 3986 4106 3988
3 3988 4106 4107
3 3988 4107 3990
3 3990 4107 4108
3 3990 4108 3991
3 3991 4108 4109
3 3991 4109 239
3 3992 1 4110
3 3992 4110 3993
3 3993 4110 4111
3 3993 4111 3994
3 3994 4111 4112
3 3994 4112 3995
3 3995 4112 4113
3 3995 4113 3996
3 3996 4113 4114
3 3996 4114 3997
3 3997 4114 4115
3 3997 4115 3998
3 3998 4115 4116
3 3998 4116 3999
3 3999 4116 4117
3 3999 4117 4000
3 4000 4117 4118
3 4000 4118 4001
3 4001 4118 4119
3 4001 4119 4002
3 4002 4119 4120
3 4002 4120 4003
3 4003 4120 4121
3 4003 4121 4004
3 4004 4121 4122
3 4004 4122 4005
3 4005 4122 4123
3 4005 4123 4006
3 4006 4123 4124
3 4006 4124 4007
3 4007 4124 4125
3 4007 4125 4008
3 4008 4125 4126
3 4008 4126 4009
3 4009 4126 4127
3 4009 4127 4010
3 4010 4127 4128
3 4010 4128 4011
3 4011 4128 4129
3 4011 4129 4012
3 4012 4129 4130
3 4012 4130 4013
3 4013 4130 4131
3 4013 4131 4014
3 4014 4131 4132
3 4014 4132 4015
3 4015 4132 4133
3 4015 4133 4016
3 4016 4133 4134
3 4016 4134 4017
3 4017 4134 4135
3 4017 4135 4018
3 4018 4135 4136
3 4018 4136 4019
3 4019 4136 4137
3 4019 4137 4020
3 4020 4137 4138
3 4020 4138 4021
3 4021 4138 4139
3 4021 4139 4022
3 4022 4139 4140
3 4022 4140 4023
3 4023 4140 4141
3 4023 4141 4024
3 4024 4141 4142
3 4024 4142 4025
3 4025 4142 4143
3 4025 4143 4026
3 4026 4143 4144
3 4026 4144 4027
3 4027 4144 4145
3 4027 4145 4028
3 4028 4145 4146
3 4028 4146 4029
3 4029 4146 4147
3 4029 4147 4030
3 4030 4147 4148
3 4030 4148 4031
3 4031 4148 4149
3 4031 4149 4032
3 4032 4149 4150
3 4032 4150 4033
3 4033 4150 4151
3 4033 4151 4034
3 4034 4151 4152
3 4034 4152 4035
3 4035 4152 4153
3 4035 4153 4036
3 4036 4153 4154
3 4036 4154 4037
3 4037 4154 4155
3 4037 4155 4038
3 4038 4155 4156
3 4038 4156 4039
3 4039 4156 4157
3 4039 4157 4040
3 4040 4157 4158
3 4040 4158 4041
3 4041 4158 4159
3 4041 4159 4042
3 4042 4159 4160
3 4042 4160 4043
3 4043 4160 4161
3 4043 4161 4044
3 4044 4161 4162
3 4044 4162 4045
3 4045 4162 4163
3 4045 4163 4046
3 4046 4163 4164
3 4046 4164 4047
3 4047 4164 4165
3 4047 4165 4048
3 4048 4165 4166
3 4048 4166 4049
3 4049 4166 4167
3 4049 4167 4050
3 4050 4167 4168
3 4050 4168 4051
3 4051 4168 4169
3 4051 4169 4052
3 4052 4169 4170
3 4052 4170 4053
3 4053 4170 4171
3 4053 4171 4054
3 4054 4171 4172
3 4054 4172 4055
3 4055 4172 4173
3 4055 4173 4056
3 4056 4173 4174
3 4056 4174 4057
3 4057 4174 4175
3 4057 4175 4058
3 4058 4175 4176
3 4058 4176 4059
3 4059 4176 4177
3 4059 4177 4060
3 4060 4177 4178
3 4060 4178 4061
3 4061 4178 4179
3 4061 4179 4062
3 4062 4179 4180
3 4062 4180 4063
3 4063 4180 4181
3 4063 4181 4064
3 4064 4181 4182
3 4064 4182 4065
3 4065 4182 4183
3 4065 4183 4066
3 4066 4183 4184
3 4066 4184 4067
3 4067 4184 4185
3 4067 4185 4068
3 4068 4185 4186
3 4068 4186 4069
3 4069 4186 4187
3 4069 4187 4070
3 4070 4187 4188
3 4070 4188 4071
3 4071 4188 4189
3 4071 4189 4072
3 4072 4189 4190
3 4072 4190 4073
3 4073 4190 4191
3 4073 4191 4074
3 4074 4191 4192
3 4074 4192 4075
3 4075 4192 4193
3 4075 4193 4076
3 4076 4193 4194
3 4076 4194 4077
3 4077 4194 4195
3 4077 4195 4078
3 4078 4195 4196
3 4078 4196 4079
3 4079 4196 4197
3 4079 4197 4080
3 4080 4197 4198
3 4080 4198 4081
3 4081 4198 4199
3 4081 4199 4082
3 4082 4199 4200
3 4082 4200 4083
3 4083 4200 4201
3 4083 4201 4084
3 4084 4201 4202
3 4084 4202 4085
3 4085 4202 4203
3 4085 4203 4086
3 4086 4203 4204
3 4086 4204 4087
3 4087 4204 4205
3 4087 4205 4088
3 4088 4205 4206
3 4088 4206 4089
3 4089 4206 4207
3 4089 4207 4090
3 4090 4207 4208
3 4090 4208 4091
3 4091 4208 4209
3 4091 4209 4092
3 4092 4209 4210
3 4092 4210 4093
3 4093 4210 4211
3 4093 4211 4094
3 4094 4211 4212
3 4094 4212 4095
3 4095 4212 4213
3 4095 4213 4096
3 4096 4213 4214
3 4096 4214 4097
3 4097 4214 4215
3 4097 4215 4098
3 4098 4215 4216
3 4098 4216 4099
3 4099 4216 4217
3 4099 4217 4100
3 4100 4217 4218
3 4100 4218 4101
3 4101 4218 4219
3 4101 4219 4102
3 4102 4219 4220
3 4102 4220 4103
3 4103 4220 4221
3 4103 4221 4104
3 4104 4221 4222
3 4104 4222 4105
3 4105 4222 4223
3 4105 4223 4106
3 4106 4223 4224
3 4106 4224 4107
3 4107 4224 4225
3 4107 4225 4108
3 4108 4225 4226
3 4108 4226 4109
3 4109 4226 4227
3 4109 4227 359
3 359 4227 1316
3 2269 3574 4228
3 4228 3574 4229
3 4228 4229 4230
3 4230 4229 4231
3 4230 4231 4232
3 4232 4231 4233
3 4234 4235 4236
3 4236 4235 4237
3 4236 4237 4238
3 4238 4237 4239
3 4238 4239 4240
3 4240 4239 4241
3 4240 4241 4242
3 4242 4241 4243
3 4242 4243 4244
3 4244 4243 4245
3 4244 4245 4246
3 4246 4245 4247
3 4246 4247 4248
3 4248 4247 4249
3 4248 4249 4250
3 4250 4249 4251
3 4250 4251 4252
3 4252 4251 4253
3 4252 4253 4254
3 4254 4253 4255
3 4254 4255 4256
3 4256 4255 4257
3 4256 4257 4258
3 4258 4257 4259
3 4258 4259 4260
3 4260 4259 4261
3 4260 4261 4262
3 4262 4261 4263
3 4262 4263 4264
3 4264 4263 4265
3 4264 4265 4266
3 4266 4265 4267
3 4266 4267 4268
3 4268 4267 4269
3 4268 4269 4270
3 4270 4269 4271
3 4270 4271 4272
3 4272 4271 4273
3 4272 4273 4274
3 4274 4273 4275
3 4274 4275 4276
3 4276 4275 4277
3 4276 4277 4278
3 4278 4277 4279
3 4278 4279 4280
3 4280 4279 4281
3 4280 4281 4282
3 4282 4281 4283
3 4282 4283 4284
3 4284 4283 4285
3 4284 4285 4286
3 4286 4285 4287
3 4286 4287 4288
3 4288 4287 4289
3 4288 4289 4290
3 4290 4289 4291
3 4290 4291 4292
3 4292 4291 4293
3 4292 4293 4294
3 4294 4293 4295
3 4294 4295 4296
3 4296 4295 4297
3 4296 4297 4298
3 4298 4297 4299
3 4298 4299 4300
3 4300 4299 4301
3 4300 4301 4302
3 4302 4301 4303
3 4302 4303 4304
3 4304 4303 4305
3 4304 4305 4306
3 4306 4305 4307
3 4306 4307 4308
3 4308 4307 4309
3 4308 4309 4310
3 4310 4309 4311
3 4310 4311 4312
3 4312 4311 4313
3 4312 4313 4314
3 4314 4313 4315
3 4314 4315 4316
3 4316 4315 4317
3 4316 4317 4318
3 4318 4317 4319
3 4318 4319 4320
3 4320 4319 4321
3 4320 4321 4322
3 4322 4321 4323
3 4322 4323 4324
3 4324 4323 4325
3 4324 4325 4326
3 4326 4325 4327
3 4326 4327 4328
3 4328 4327 4329
3 4328 4329 4330
3 4330 4329 4331
3 4330 4331 4332
3 4332 4331 4333
3 4332 4333 4334
3 4334 4333 4335
3 4334 4335 4336
3 4336 4335 4337
3 4336 4337 4338
3 4338 4337 4339
3 4338 4339 4340
3 4340 4339 4341
3 4340 4341 4166
3 4166 4341 4342
3 4166 4342 4343
3 4343 4342 4344
3 4343 4344 4345
3 4345 4344 4346
3 4345 4346 4347
3 4347 4346 4348
3 4347 4348 4349
3 4349 4348 4350
3 4349 4350 4351
3 4351 4350 4352
3 4351 4352 4353
3 4353 4352 4354
3 4353 4354 4355
3 4355 4354 4356
3 4355 4356 4357
3 4357 4356 4358
3 4357 4358 4359
3 4359 4358 4360
3 4359 4360 4361
3 4361 4360 4362
3 4361 4362 4363
3 4363 4362 4364
3 4363 4364 4365
3 4365 4364 4366
3 4365 4366 4367
3 4367 4366 4368
3 4367 4368 4369
3 4369 4368 4370
3 4369 4370 4371
3 4371 4370 4372
3 4371 4372 4373
3 4373 4372 4374
3 4373 4374 4375
3 4375 4374 4376
3 4375 4376 4377
3 4377 4376 4378
3 4377 4378 4379
3 4379 4378 4380
3 4379 4380 4381
3 4381 4380 4382
3 4381 4382 4383
3 4383 4382 4384
3 4383 4384 4385
3 4385 4384 4386
3 4385 4386 4387
3 4387 4386 4388
3 4387 4388 4389
3 4389 4388 4390
3 4389 4390 4391
3 4391 4390 4392
3 4391 4392 4393
3 4393 4392 4394
3 4393 4394 4395
3 4395 4394 4396
3 4395 4396 4397
3 4397 4396 4398
3 4397 4398 4399
3 4399 4398 4400
3 4399 4400 4401
3 4401 4400 4402
3 4401 4402 4403
3 4403 4402 4404
3 4403 4404 4405
3 4405 4404 4406
3 4405 4406 4407
3 4407 4406 4408
3 4407 4408 4409
3 4409 4408 4410
3 4409 4410 4411
3 4411 4410 4412
3 4411 4412 4413
3 4413 4412 4414
3 4413 4414 4415
3 4415 4414 4416
3 4415 4416 4417
3 4417 4416 4418
3 4417 4418 4419
3 4419 4418 4420
3 4419 4420 4421
3 4421 4420 4422
3 4421 4422 4423
3 4423 4422 4424
3 4423 4424 4425
3 4425 4424 4426
3 4425 4426 4427
3 4427 4426 4428
3 4427 4428 4429
3 4429 4428 4430
3 4429 4430 4431
3 4431 4430 4432
3 4431 4432 4433
3 4433 4432 4434
3 4433 4434 4435
3 4435 4434 4436
3 4435 4436 4437
3 4437 4436 4438
3 4437 4438 4439
3 4439 4438 4440
3 4439 4440 4441
3 4441 4440 4442
3 4441 4442 4443
3 4443 4442 4444
3 4443 4444 4445
3 4445 4444 4446
3 4445 4446 4447
3 4447 4446 4448
3 4447 4448 4449
3 4449 4448 4450
3 4449 4450 4451
3 4451 4450 4452
3 4451 4452 4453
3 4453 4452 4454
3 4453 4454 4455
3 4455 4454 4456
3 4455 4456 4457
3 4457 4456 4458
3 4457 4458 4225
3 4225 4458 4459
3 4225 4459 4460
3 4460 4459 4461
3 4460 4461 4462
3 4462 4461 4463
3 4462 4463 359
3 240 3573 4464
3 4464 3573 4465
3 4464 4465 4466
3 4466 4465 4467
3 4466 4467 4468
3 4468 4467 4469
3 4470 4471 4472
3 4472 4471 4473
3 4472 4473 4474
3 4474 4473 4475
3 4474 4475 4476
3 4476 4475 4477
3 4476 4477 4478
3 4478 4477 4479
3 4478 4479 4480
3 4480 4479 4481
3 4480 4481 4482
3 4482 4481 4483
3 4482 4483 4484
3 4484 4483 4485
3 4484 4485 4486
3 4486 4485 4487
3 4486 4487 4488
3 4488 4487 4489
3 4488 4489 4490
3 4490 4489 4491
3 4490 4491 4492
3 4492 4491 4493
3 4492 4493 4494
3 4494 4493 4495
3 4494 4495 4496
3 4496 4495 4497
3 4496 4497 4498
3 4498 4497 4499
3 4498 4499 4500
3 4500 4499 4501
3 4500 4501 4502
3 4502 4501 4503
3 4502 4503 4504
3 4504 4503 4505
3 4504 4505 4506
3 4506 4505 4507
3 4506 4507 4508
3 4508 4507 4509
3 4508 4509 4510
3 4510 4509 4511
3 4510 4511 4512
3 4512 4511 4513
3 4512 4513 4514
3 4514 4513 4515
3 4514 4515 4516
3 4516 4515 4517
3 4516 4517 4518
3 4518 4517 4519
3 4518 4519 4520
3 4520 4519 4521
3 4520 4521 4522
3 4522 4521 4523
3 4522 4523 4524
3 4524 4523 4525
3 4524 4525 4526
3 4526 4525 4527
3 4526 4527 4528
3 4528 4527 4529
3 4528 4529 4530
3 4530 4529 4531
3 4530 4531 4532
3 4532 4531 4533
3 4532 4533 4534
3 4534 4533 4535
3 4534 4535 4536
3 4536 4535 4537
3 4536 4537 4538
3 4538 4537 4539
3 4538 4539 4540
3 4540 4539 4541
3 4540 4541 4542
3 4542 4541 4543
3 4542 4543 4544
3 4544 4543 4545
3 4544 4545 4546
3 4546 4545 4547
3 4546 4547 4548
3 4548 4547 4549
3 4548 4549 4550
3 4550 4549 4551
3 4550 4551 4552
3 4552 4551 4553
3 4552 4553 4554
3 4554 4553 4555
3 4554 4555 4556
3 4556 4555 4557
3 4556 4557 4558
3 4558 4557 4559
3 4558 4559 4560
3 4560 4559 4561
3 4560 4561 4562
3 4562 4561 4563
3 4562 4563 4564
3 4564 4563 4565
3 4564 4565 4566
3 4566 4565 4567
3 4566 4567 4568
3 4568 4567 4569
3 4568 4569 4570
3 4570 4569 4571
3 4570 4571 4572
3 4572 4571 4573
3 4572 4573 4574
3 4574 4573 4575
3 4574 4575 4576
3 4576 4575 4577
3 4576 4577 4578
3 4578 4577 4579
3 4578 4579 4580
3 4580 4579 4581
3 4580 4581 4582
3 4582 4581 4583
3 4582 4583 4584
3 4584 4583 4585
3 4584 4585 4586
3 4586 4585 4587
3 4586 4587 4588
3 4588 4587 4589
3 4588 4589 4590
3 4590 4589 4591
3 4590 4591 4592
3 4592 4591 4593
3 4592 4593 4594
3 4594 4593 4595
3 4594 4595 4596
3 4596 4595 4597
3 4596 4597 4598
3 4598 4597 4599
3 4598 4599 4600
3 4600 4599 4601
3 4600 4601 4602
3 4602 4601 4603
3 4602 4603 4604
3 4604 4603 4605
3 4604 4605 4606
3 4606 4605 4607
3 4606 4607 4608
3 4608 4607 4609
3 4608 4609 4610
3 4610 4609 4611
3 4610 4611 4612
3 4612 4611 4613
3 4612 4613 4614
3 4614 4613 4615
3 4614 4615 4616
3 4616 4615 4617
3 4616 4617 4618
3 4618 4617 4619
3 4618 4619 4620
3 4620 4619 4621
3 4620 4621 4622
3 4622 4621 4623
3 4622 4623 4624
3 4624 4623 4625
3 4624 4625 4626
3 4626 4625 4627
3 4626 4627 4628
3 4628 4627 4629
3 4628 4629 4630
3 4630 4629 4631
3 4630 4631 4632
3 4632 4631 4633
3 4632 4633 4634
3 4634 4633 4635
3 4634 4635 4636
3 4636 4635 4637
3 4636 4637 4638
3 4638 4637 4639
3 4638 4639 4640
3 4640 4639 4641
3 4640 4641 4642
3 4642 4641 4643
3 4642 4643 4644
3 4644 4643 4645
3 4644 4645 4646
3 4646 4645 4647
3 4646 4647 4648
3 4648 4647 4649
3 4648 4649 4650
3 4650 4649 4651
3 4650 4651 4652
3 4652 4651 4653
3 4652 4653 4418
3 4418 4653 4654
3 4418 4654 4655
3 4655 4654 4656
3 4655 4656 4657
3 4657 4656 4658
3 4657 4658 4659
3 4659 4658 4660
3 4659 4660 4661
3 4661 4660 4662
3 4661 4662 4663
3 4663 4662 4664
3 4663 4664 4430
3 4430 4664 4665
3 4430 4665 4666
3 4666 4665 4667
3 4666 4667 4668
3 4668 4667 4669
3 4668 4669 4670
3 4670 4669 4671
3 4670 4671 4672
3 4672 4671 4673
3 4672 4673 4440
3 4440 4673 4674
3 4440 4674 4675
3 4675 4674 4676
3 4675 4676 4444
3 4444 4676 4677
3 4444 4677 4446
3 4446 4677 4678
3 4446 4678 4679
3 4679 4678 4680
3 4679 4680 4681
3 4681 4680 4682
3 4681 4682 4683
3 4683 4682 4684
3 4683 4684 4685
3 4685 4684 4686
3 4685 4686 4687
3 4687 4686 4688
3 4687 4688 4689
3 4689 4688 4690
3 4689 4690 4691
3 4691 4690 4692
3 4691 4692 4693
3 4693 4692 4694
3 4693 4694 4463
3 4463 4694 4695
3 4463 4695 1316
3 1316 4695 359
3 3573 240 4465
3 4465 240 0
3 4465 0 4467
3 4467 0 3
3 4467 3 4469
3 4469 3 5
3 4471 7 4473
3 4473 7 9
3 4473 9 4475
3 4475 9 11
3 4475 11 4477
3 4477 11 13
3 4477 13 4479
3 4479 13 15
3 4479 15 4481
3 4481 15 17
3 4481 17 4483
3 4483 17 19
3 4483 19 4485
3 4485 19 21
3 4485 21 4487
3 4487 21 23
3 4487 23 4489
3 4489 23 25
3 4489 25 4491
3 4491 25 27
3 4491 27 4493
3 4493 27 29
3 4493 29 4495
3 4495 29 31
3 4495 31 4497
3 4497 31 33
3 4497 33 4499
3 4499 33 35
3 4499 35 4501
3 4501 35 37
3 4501 37 4503
3 4503 37 39
3 4503 39 4505
3 4505 39 41
3 4505 41 4507
3 4507 41 43
3 4507 43 4509
3 4509 43 45
3 4509 45 4511
3 4511 45 47
3 4511 47 4513
3 4513 47 49
3 4513 49 4515
3 4515 49 51
3 4515 51 4517
3 4517 51 53
3 4517 53 4519
3 4519 53 55
3 4519 55 4521
3 4521 55 57
3 4521 57 4523
3 4523 57 59
3 4523 59 4525
3 4525 59 61
3 4525 61 4527
3 4527 61 63
3 4527 63 4529
3 4529 63 65
3 4529 65 4531
3 4531 65 67
3 4531 67 4533
3 4533 67 69
3 4533 69 4535
3 4535 69 71
3 4535 71 4537
3 4537 71 73
3 4537 73 4539
3 4539 73 75
3 4539 75 4541
3 4541 75 77
3 4541 77 4543
3 4543 77 79
3 4543 79 4545
3 4545 79 81
3 4545 81 4547
3 4547 81 83
3 4547 83 4549
3 4549 83 85
3 4549 85 4551
3 4551 85 87
3 4551 87 4553
3 4553 87 89
3 4553 89 4555
3 4555 89 91
3 4555 91 4557
3 4557 91 93
3 4557 93 4559
3 4559 93 95
3 4559 95 4561
3 4561 95 97
3 4561 97 4563
3 4563 97 99
3 4563 99 4565
3 4565 99 101
3 4565 101 4567
3 4567 101 103
3 4567 103 4569
3 4569 103 105
3 4569 105 4571
3 4571 105 107
3 4571 107 4573
3 4573 107 109
3 4573 109 4575
3 4575 109 111
3 4575 111 4577
3 4577 111 113
3 4577 113 4579
3 4579 113 115
3 4579 115 4581
3 4581 115 117
3 4581 117 4583
3 4583 117 119
3 4583 119 4585
3 4585 119 121
3 4585 121 4587
3 4587 121 123
3 4587 123 4589
3 4589 123 125
3 4589 125 4591
3 4591 125 127
3 4591 127 4593
3 4593 127 129
3 4593 129 4595
3 4595 129 131
3 4595 131 4597
3 4597 131 133
3 4597 133 4599
3 4599 133 135
3 4599 135 4601
3 4601 135 137
3 4601 137 4603
3 4603 137 139
3 4603 139 4605
3 4605 139 141
3 4605 141 4607
3 4607 141 143
3 4607 143 4609
3 4609 143 145
3 4609 145 4611
3 4611 145 147
3 4611 147 4613
3 4613 147 149
3 4613 149 4615
3 4615 149 151
3 4615 151 4617
3 4617 151 153
3 4617 153 4619
3 4619 153 155
3 4619 155 4621
3 4621 155 157
3 4621 157 4623
3 4623 157 159
3 4623 159 4625
3 4625 159 161
3 4625 161 4627
3 4627 161 163
3 4627 163 4629
3 4629 163 165
3 4629 165 4631
3 4631 165 167
3 4631 167 4633
3 4633 167 169
3 4633 169 4635
3 4635 169 171
3 4635 171 4637
3 4637 171 173
3 4637 173 4639
3 4639 173 175
3 4639 175 4641
3 4641 175 177
3 4641 177 4643
3 4643 177 179
3 4643 179 4645
3 4645 179 181
3 4645 181 4647
3 4647 181 183
3 4647 183 4649
3 4649 183 185
3 4649 185 4651
3 4651 185 187
3 4651 187 4653
3 4653 187 189
3 4653 189 4654
3 4654 189 191
3 4654 191 4656
3 4656 191 193
3 4656 193 4658
3 4658 193 195
3 4658 195 4660
3 4660 195 197
3 4660 197 4662
3 4662 197 199
3 4662 199 4664
3 4664 199 201
3 4664 201 4665
3 4665 201 203
3 4665 203 4667
3 4667 203 205
3 4667 205 4669
3 4669 205 207
3 4669 207 4671
3 4671 207 209
3 4671 209 4673
3 4673 209 211
3 4673 211 4674
3 4674 211 213
3 4674 213 4676
3 4676 213 215
3 4676 215 4677
3 4677 215 217
3 4677 217 4678
3 4678 217 219
3 4678 219 4680
3 4680 219 221
3 4680 221 4682
3 4682 221 223
3 4682 223 4684
3 4684 223 225
3 4684 225 4686
3 4686 225 227
3 4686 227 4688
3 4688 227 229
3 4688 229 4690
3 4690 229 231
3 4690 231 4692
3 4692 231 233
3 4692 233 4694
3 4694 233 235
3 4694 235 4695
3 4695 235 237
3 4695 237 359
