# vtk DataFile Version 2.0
File written by itkPolyDataMeshIO
ASCII
DATASET POLYDATA
POINTS 2882 float
331.9245 -9.862144 -220.77373
331.92456 -9.862129 -220.77373
331.64813 -10.884041 -219.99347
331.45215 -10.97509 -220.3165
331.6765 -12.555275 -219.23647
331.46173 -12.711769 -219.58757
331.76855 -13.937141 -218.37817
331.5324 -14.147514 -218.7121
332.0141 -15.365639 -217.15784
331.76782 -15.624367 -217.43745
332.40155 -16.931145 -215.32866
332.17065 -17.222618 -215.54156
332.81958 -18.376442 -212.83873
332.6211 -18.682777 -212.98552
333.04718 -19.339241 -210.02202
332.87518 -19.657478 -210.11446
333.07404 -19.87777 -207.2986
332.91217 -20.205055 -207.36006
333.07397 -19.87777 -207.29861
332.97754 -20.248482 -204.67401
332.8167 -20.582664 -204.72694
332.97748 -20.248482 -204.674
332.7931 -20.59208 -202.08394
332.63092 -20.933311 -202.14095
332.79315 -20.59208 -202.08394
332.63098 -20.933296 -202.14096
332.534 -20.902367 -199.38255
332.36865 -21.252785 -199.43916
332.24933 -21.094688 -196.72249
332.07886 -21.455284 -196.76729
331.9643 -21.1101 -194.03159
331.78766 -21.479836 -194.05367
331.69678 -20.930199 -191.27551
331.51428 -21.305885 -191.26958
331.47296 -20.556358 -188.52966
331.28656 -20.933464 -188.4941
331.30548 -20.009972 -185.78328
331.11786 -20.384361 -185.72054
331.11786 -20.38433 -185.72055
331.19403 -19.334846 -183.05939
331.00757 -19.703804 -182.97528
331.12744 -18.582466 -180.35495
330.94336 -18.94587 -180.25795
331.12744 -18.58245 -180.35495
330.94336 -18.945854 -180.25797
331.08698 -17.819328 -177.68315
330.90515 -18.179161 -177.58264
331.04492 -17.066277 -175.00334
330.86432 -17.424416 -174.90524
330.95447 -16.294746 -172.15819
330.77307 -16.65284 -172.06677
330.95453 -16.294746 -172.1582
330.77307 -16.652824 -172.06679
330.7697 -15.549889 -169.25803
330.5855 -15.909889 -169.17809
330.46857 -14.873543 -166.49872
330.28033 -15.23687 -166.4315
330.28033 -15.23687 -166.43152
330.06635 -14.263481 -163.98488
329.8734 -14.630653 -163.92844
329.54175 -13.670738 -161.59555
329.34338 -14.04258 -161.54854
328.84552 -13.034798 -159.13722
328.64087 -13.412086 -159.09956
328.84546 -13.034828 -159.1372
328.64087 -13.412117 -159.09955
328.00903 -12.387215 -156.76895
327.7987 -12.768578 -156.74086
327.18115 -11.815269 -154.801
326.9673 -12.197319 -154.78125
327.18115 -11.815285 -154.801
326.9673 -12.197319 -154.78123
326.5736 -11.378365 -153.31213
326.35785 -11.758202 -153.29684
326.2843 -11.044945 -152.04564
326.0667 -11.420982 -152.0288
326.2843 -11.04493 -152.04565
326.06665 -11.420982 -152.02881
326.21967 -10.718849 -150.81824
325.99957 -11.089333 -150.79326
326.20886 -10.291908 -149.6678
325.98615 -10.654716 -149.62798
326.11005 -9.759483 -148.67865
325.88538 -10.112755 -148.6179
326.11005 -9.759483 -148.67867
325.79388 -9.222649 -147.78807
325.5694 -9.564507 -147.70135
325.24054 -8.735542 -146.9497
325.01984 -9.064583 -146.83426
324.63275 -8.192787 -146.13107
324.42047 -8.508751 -145.98677
324.6327 -8.192787 -146.13107
324.09637 -7.439522 -145.1796
323.899 -7.742073 -145.00595
323.79956 -6.351936 -143.77629
323.62714 -6.641716 -143.57404
324.02277 -4.974266 -141.7781
323.88312 -5.257881 -141.55968
324.63696 -3.578163 -139.4924
324.5252 -3.867714 -139.27966
325.4771 -2.425774 -137.22101
325.37695 -2.729362 -137.02652
325.47717 -2.425758 -137.22104
325.37695 -2.729347 -137.02655
326.24554 -1.407326 -135.00403
326.13452 -1.721352 -134.82315
326.90704 -0.547478 -132.77339
326.77905 -0.879646 -132.61034
327.41278 0.214088 -130.44049
327.2624 -0.14016 -130.29683
327.85352 0.738197 -128.0936
327.68457 0.355293 -127.98021
328.12994 1.083519 -125.746605
327.9395 0.672508 -125.668205
328.12994 1.083519 -125.74662
327.9395 0.672508 -125.66822
328.28925 1.34301 -123.50603
328.08392 0.909309 -123.444466
328.4496 1.614525 -121.49699
328.23907 1.167702 -121.42035
328.64978 1.92144 -119.78906
328.44135 1.470482 -119.68259
328.86725 2.260628 -118.228874
328.661 1.809227 -118.101875
329.07294 2.625099 -116.741905
328.8672 2.17498 -116.60371
329.07288 2.625069 -116.7419
328.8672 2.174965 -116.60371
329.25323 3.034355 -115.19026
329.0453 2.585991 -115.04926
329.38403 3.515221 -113.43641
329.1712 3.068672 -113.299774
329.38818 4.097557 -111.356186
329.16693 3.653038 -111.233475
329.2176 4.795967 -108.929436
328.9887 4.354836 -108.82093
328.90778 5.534782 -106.496254
328.67346 5.098457 -106.39589
328.90784 5.534798 -106.49628
328.67352 5.098473 -106.39591
328.49628 6.35215 -104.00107
328.2589 5.921867 -103.90062
328.02045 7.248985 -101.42729
327.78137 6.824379 -101.3242
327.47095 8.278862 -98.5738
327.2318 7.858315 -98.46832
326.92157 9.343697 -95.61637
326.68408 8.924644 -95.5093
326.92157 9.343697 -95.61639
326.68408 8.92466 -95.509315
326.42047 10.288246 -92.88655
326.1845 9.86779 -92.7847
325.96265 11.050407 -90.523224
325.72742 10.626793 -90.43326
325.47137 11.7239 -88.216125
325.23688 11.296333 -88.14149
324.8781 12.371925 -85.70822
324.64453 11.939415 -85.651955
324.20203 12.951347 -83.131615
323.9693 12.512672 -83.09504
324.2021 12.951363 -83.13163
323.96942 12.512703 -83.09506
323.4588 13.461876 -80.53998
323.22614 13.015907 -80.519806
322.65527 13.914558 -77.950035
322.42188 13.460213 -77.944275
321.75867 14.321632 -75.31143
321.5243 13.85836 -75.32061
320.76166 14.698662 -72.614426
320.52643 14.227409 -72.636696
319.7136 15.033714 -69.97799
319.4783 14.556038 -70.01183
318.28635 15.405907 -66.60276
318.0513 14.921547 -66.6477
316.15112 15.848808 -61.72819
315.9166 15.355843 -61.78545
313.64307 16.45147 -55.17514
313.4055 15.954964 -55.22391
313.643 16.451454 -55.17507
313.4054 15.954948 -55.223843
311.28067 17.15519 -47.38111
311.03665 16.654045 -47.410164
309.04178 17.428047 -39.44963
308.79987 16.915245 -39.500534
309.04178 17.428062 -39.44957
308.79987 16.91526 -39.500473
306.49106 17.001137 -31.659689
306.26093 16.478432 -31.763952
303.2964 16.218483 -24.201838
303.07928 15.6838 -24.350782
299.0752 16.062706 -17.448801
298.85236 15.514626 -17.600779
299.07523 16.062737 -17.448751
298.85233 15.514656 -17.600729
293.86392 17.237267 -11.653785
293.60394 16.677559 -11.777341
288.27176 19.265877 -6.535
287.97595 18.708534 -6.641489
288.27173 19.265892 -6.53496
287.97586 18.70858 -6.641448
282.5604 21.938622 -1.675828
282.23633 21.398735 -1.762935
276.72052 24.969002 3.157176
276.38507 24.444008 3.081308
270.9109 27.796715 8.277027
270.58774 27.26606 8.202191
270.9109 27.79676 8.277072
270.58768 27.26609 8.202236
266.06024 30.88041 13.993156
265.71414 30.346352 13.971448
261.87115 33.814735 20.35268
261.52692 33.267967 20.351128
261.87115 33.814766 20.352736
261.52692 33.268013 20.351185
257.63373 35.708015 27.299383
257.31732 35.127266 27.259413
253.69495 36.595726 34.59718
253.40329 35.97451 34.499905
250.59561 37.063805 42.443764
250.29175 36.41427 42.359737
250.59558 37.063805 42.44383
250.29172 36.414253 42.359806
249.10278 36.91317 50.884636
248.78064 36.23989 50.826134
249.60889 35.8254 59.284203
249.26154 35.135643 59.23426
249.60889 35.8254 59.28427
249.26157 35.135643 59.23433
251.8042 34.1103 67.06961
251.42548 33.406517 67.03765
254.58853 32.317223 74.42518
254.19293 31.592796 74.409294
256.77347 30.809227 81.8106
256.38214 30.07119 81.795685
256.7735 30.809212 81.81068
256.3822 30.07119 81.795746
258.3736 30.00396 89.461426
258.0021 29.259056 89.47805
259.55334 30.144554 97.37295
259.19644 29.390892 97.45424
259.55338 30.144585 97.373024
259.19647 29.390892 97.45431
259.80118 30.908974 105.502556
259.43185 30.12606 105.59419
258.17645 30.854546 113.75238
257.8003 30.032326 113.671036
255.39142 29.363197 121.93224
255.05246 28.528923 121.65216
255.39136 29.363182 121.932304
255.05246 28.528923 121.65222
252.77246 27.3973 130.19907
252.4372 26.564507 129.85948
251.03156 25.944359 138.64243
250.65646 25.095924 138.36786
251.03156 25.944359 138.64249
250.65646 25.095924 138.36792
249.87622 25.097725 147.11874
249.47168 24.232765 146.94339
248.99612 24.889671 155.5379
248.58124 24.020622 155.46571
248.30624 25.339867 163.87251
247.89359 24.486519 163.8936
248.30621 25.339867 163.87257
247.89359 24.486519 163.89366
247.81387 26.301018 172.09839
247.41306 25.479225 172.18605
247.34619 27.442543 180.28009
246.95566 26.643562 180.38464
247.34619 27.442543 180.28015
246.95563 26.643562 180.3847
246.68005 28.4356 188.5115
246.29254 27.640617 188.58311
245.78732 29.017479 196.8347
245.39896 28.213982 196.84743
244.60529 29.05082 205.19624
244.21722 28.23742 205.14513
244.60529 29.05082 205.19632
244.21722 28.237434 205.1452
243.2334 28.685448 213.48903
242.84702 27.863823 213.38715
241.80392 28.002998 221.65216
241.41989 27.171104 221.50894
241.8039 28.002953 221.6522
241.4198 27.171074 221.50899
240.00702 27.085533 229.6726
239.62692 26.23748 229.48079
237.7044 25.887901 237.52701
237.33646 25.02134 237.26712
235.05045 24.31974 245.15344
234.70462 23.439995 244.82161
235.05045 24.319725 245.1535
234.70459 23.439995 244.82166
232.27786 22.361046 252.5001
231.95618 21.474373 252.11217
229.47763 20.1119 259.58768
229.18143 19.229408 259.16125
229.47763 20.111885 259.58774
229.18137 19.229378 259.16132
226.43933 17.715843 266.46863
226.16809 16.83767 266.00287
223.383 15.03083 273.18323
223.13611 14.152565 272.66882
220.21439 12.081535 279.79007
219.99185 11.20237 279.22452
220.21436 12.081505 279.79013
219.99179 11.202339 279.22458
216.57285 9.021065 286.34058
216.37292 8.132652 285.7217
212.80957 5.645103 292.8693
212.63046 4.743477 292.19574
209.13611 1.826988 299.39417
208.97064 0.898094 298.66925
209.13608 1.826958 299.3942
208.97061 0.898079 298.6693
205.48273 -2.374535 305.87842
205.32501 -3.342384 305.1309
201.87039 -6.565681 312.36545
201.68295 -7.586708 311.64905
201.87042 -6.565712 312.3655
201.68295 -7.586723 311.6491
198.5409 -9.966194 318.95212
198.2428 -11.080406 318.3465
195.73221 -12.121056 325.51917
195.28033 -13.324547 325.12054
193.20401 -13.338127 331.96036
192.65002 -14.594948 331.71805
193.20401 -13.338127 331.96042
192.65002 -14.594948 331.71814
190.38782 -14.597679 338.42987
189.83606 -15.883537 338.15152
187.17154 -16.161842 344.947
186.66202 -17.446846 344.58932
187.17157 -16.161827 344.94702
186.66205 -17.446846 344.58942
183.54727 -17.433723 351.35925
183.07935 -18.694176 350.95572
179.54941 -18.31768 357.61646
179.117 -19.556175 357.18195
175.35779 -19.237999 363.59897
174.95737 -20.468056 363.1321
175.35773 -19.238014 363.599
174.95737 -20.468071 363.1321
170.93484 -20.20771 369.1062
170.56653 -21.462746 368.59006
166.03561 -21.250038 374.02344
165.71945 -22.545204 373.444
166.03558 -21.250038 374.0235
165.71939 -22.54522 373.44403
160.32233 -22.356163 378.27042
160.0805 -23.680962 377.63348
153.61594 -22.840614 381.69864
153.36926 -24.22007 381.0688
145.32529 -21.888191 383.95905
144.99316 -23.275063 383.34256
145.32526 -21.888176 383.95908
144.99304 -23.275047 383.34256
134.36298 -18.714714 384.51236
133.80322 -20.110237 383.84448
122.82345 -15.976143 385.7674
122.09795 -17.473412 385.07977
122.82336 -15.976128 385.76736
122.09786 -17.473396 385.07974
113.23571 -15.811531 389.2086
113.23574 -15.811516 389.2086
331.9245 -9.862144 -220.77374
331.44177 -11.031105 -220.52261
331.45874 -12.807106 -219.80986
331.52167 -14.275688 -218.92972
331.7481 -15.781975 -217.62956
332.15253 -17.40017 -215.6948
332.61328 -18.869408 -213.09317
332.87854 -19.851433 -210.17964
332.92096 -20.404488 -207.39873
332.92096 -20.404503 -207.39874
332.82733 -20.786308 -204.75554
332.82733 -20.786308 -204.75552
332.6427 -21.141167 -202.16826
332.38098 -21.466301 -199.46332
332.09088 -21.675026 -196.7827
331.79846 -21.705086 -194.05504
331.5238 -21.534798 -191.25465
331.29517 -21.16323 -188.4627
331.12622 -20.612434 -185.67493
331.0163 -19.928612 -182.91905
330.95264 -19.16729 -180.19579
330.9527 -19.167274 -180.1958
330.91492 -18.3984 -177.5195
330.87396 -17.642632 -174.84352
330.78192 -16.870964 -172.00728
330.78192 -16.870949 -172.00731
330.59265 -16.129204 -169.12166
330.28516 -15.458244 -166.37737
329.87567 -14.854362 -163.8747
329.34265 -14.269142 -161.49373
328.6366 -13.641945 -159.0428
328.63647 -13.641975 -159.04279
327.79004 -13.000923 -156.68199
326.95435 -12.430061 -154.72064
326.9544 -12.430077 -154.72064
326.3416 -11.989601 -153.23457
326.04773 -11.650047 -151.96364
326.04773 -11.650047 -151.96365
325.9782 -11.314995 -150.72336
325.9629 -10.875725 -149.5512
325.86133 -10.32795 -148.53247
325.86133 -10.327934 -148.53249
325.54633 -9.772743 -147.60611
325.00006 -9.265068 -146.72906
324.40637 -8.701302 -145.8727
324.4063 -8.701317 -145.87268
323.8938 -7.92646 -144.88461
323.6358 -6.818321 -143.44926
323.9082 -5.430672 -141.44092
324.56207 -4.044106 -139.17899
325.41736 -2.914268 -136.94649
325.41736 -2.914284 -136.94652
326.17078 -1.912636 -134.7491
326.80988 -1.082024 -132.54372
327.2871 -0.35598 -130.23524
327.7052 0.122017 -127.93549
327.95575 0.422096 -125.63724
327.95575 0.422112 -125.637245
328.09863 0.645042 -123.418335
328.2552 0.895454 -121.38674
328.46057 1.195717 -119.63611
328.6825 1.534187 -118.04558
328.88953 1.900749 -116.540085
328.88947 1.900719 -116.54008
329.06665 2.312813 -114.980515
329.18988 2.796608 -113.22765
329.18036 3.382225 -111.159195
328.99634 4.086006 -108.74424
328.67603 4.832649 -106.3156
328.6761 4.832649 -106.31562
328.25775 5.659752 -103.81539
327.77777 6.565712 -101.23482
327.2271 7.602135 -98.3767
326.6801 8.669411 -95.41787
326.6801 8.669411 -95.417885
326.18134 9.611671 -92.696754
325.72443 10.368721 -90.35108
325.23395 11.035835 -88.06618
324.6419 11.675896 -85.58466
323.9673 12.24543 -83.03613
323.96735 12.245445 -83.03615
323.22485 12.74424 -80.4675
322.42126 13.183449 -77.89722
321.5243 13.576134 -75.27822
320.52673 13.940346 -72.59762
319.47888 14.265053 -69.97557
318.05267 14.626427 -66.61463
315.91968 15.055504 -61.756813
313.40985 15.652504 -55.195244
313.4098 15.652473 -55.195175
311.04288 16.348763 -47.381172
308.81168 16.602821 -39.487003
308.81168 16.602837 -39.486942
306.28094 16.15995 -31.775082
303.10583 15.358025 -24.374035
298.86618 15.180717 -17.600304
298.86618 15.180748 -17.600254
293.58133 16.33657 -11.731296
287.92114 18.368996 -6.569664
287.92105 18.369026 -6.569623
282.15833 21.069786 -1.675288
276.2967 24.124184 3.175558
270.5109 26.942757 8.292474
270.51083 26.942802 8.29252
265.6423 30.020973 14.079358
261.46964 32.934883 20.459019
261.46967 32.9349 20.459074
257.28732 34.773476 27.33824
253.39929 35.596107 34.541782
250.29926 36.018593 42.38709
250.2992 36.018578 42.38715
248.79642 35.82969 50.821964
249.27017 34.715355 59.17662
249.27023 34.715355 59.176685
251.41318 32.977745 66.942764
254.17227 31.151466 74.306145
256.3716 29.621574 81.70473
256.3716 29.621574 81.70479
258.009 28.805199 89.42565
259.21768 28.931694 97.45859
259.2177 28.93171 97.45866
259.45828 29.64907 105.63544
257.8317 29.53141 113.66385
255.1083 28.020653 121.56277
255.10825 28.020638 121.562836
252.50049 26.057152 129.72922
250.70432 24.579048 138.24968
250.70428 24.579033 138.24976
249.50577 23.705803 146.86487
248.60846 23.491158 155.43988
247.91724 23.966637 163.91953
247.9172 23.966637 163.91959
247.4353 24.978539 172.2472
246.97745 26.156761 180.4539
246.97742 26.156761 180.45396
246.31378 27.156273 188.63628
245.42093 27.72451 196.87154
244.24167 27.741875 205.13795
244.24167 27.74189 205.13802
242.8747 27.363228 213.3573
241.45154 26.664284 221.4638
241.45148 26.664238 221.46384
239.66498 25.720879 229.41911
237.38608 24.493462 237.18176
234.76935 22.90406 244.71198
234.76935 22.904045 244.71202
232.03534 20.934166 251.98456
229.27249 18.691734 259.02185
229.27246 18.69172 259.0219
226.27216 16.30265 265.84885
223.25629 13.6175 272.49377
220.12958 10.666725 279.02652
220.12955 10.666695 279.02658
216.52963 7.591377 285.50104
212.80685 4.194145 291.95193
209.16537 0.332207 298.4057
209.16534 0.332176 298.40576
205.53049 -3.932045 304.86765
201.87631 -8.208794 311.41168
201.87628 -8.208809 311.41174
198.38898 -11.759239 318.16946
195.35718 -14.057762 325.05283
192.6802 -15.360619 331.74033
192.68018 -15.360603 331.74042
189.86987 -16.666908 338.16785
186.71503 -18.229713 344.57037
186.71506 -18.229713 344.5704
183.14453 -19.462044 350.9174
179.19049 -20.310646 357.13422
175.0401 -21.21743 363.07654
175.0401 -21.217445 363.07663
170.66205 -22.227394 368.52887
165.83481 -23.334282 373.38287
165.83478 -23.334297 373.3829
160.21497 -24.488075 377.58078
153.45282 -25.060448 381.06512
144.91205 -24.120003 383.38324
144.91196 -24.119987 383.3832
133.46088 -20.960457 383.9002
121.74441 -18.39637 385.14117
121.744316 -18.396355 385.14114
331.92456 -9.862144 -220.77373
331.50732 -11.079399 -220.70557
331.54272 -12.888298 -220.00485
331.6026 -14.38485 -219.12466
331.81964 -15.916176 -217.80792
332.22015 -17.551369 -215.8412
332.68323 -19.028389 -213.19725
332.9547 -20.016594 -210.24109
333.00122 -20.574318 -207.4325
333.00128 -20.574303 -207.4325
332.9099 -20.95971 -204.77742
332.72754 -21.31823 -202.18646
332.7276 -21.318214 -202.18648
332.46814 -21.648125 -199.4769
332.17957 -21.862144 -196.78775
331.888 -21.89692 -194.04799
331.6137 -21.729713 -191.23424
331.38525 -21.358894 -188.42941
331.21643 -20.80671 -185.63107
331.10657 -20.120064 -182.86777
331.0428 -19.355827 -180.14073
331.04285 -19.355812 -180.14075
331.00482 -18.585075 -177.46439
330.96344 -17.828453 -174.7896
330.8703 -17.056755 -171.95403
330.8703 -17.05674 -171.95403
330.6795 -16.316002 -169.06837
330.37024 -15.646767 -166.32233
330.3703 -15.646767 -166.32234
329.95886 -15.044914 -163.81578
329.42352 -14.46209 -161.42929
328.71423 -13.8377 -158.97157
328.7141 -13.83773 -158.97156
327.86353 -13.198814 -156.60356
327.023 -12.628288 -154.63615
327.02295 -12.628304 -154.63615
326.40576 -12.186699 -153.14569
326.1084 -11.845146 -151.87102
326.1084 -11.845161 -151.87102
326.03625 -11.507179 -150.62679
326.01935 -11.063927 -149.45023
325.91742 -10.511253 -148.42697
325.60382 -9.950127 -147.49629
325.0608 -9.435829 -146.61586
324.4723 -8.865273 -145.7578
324.47235 -8.865273 -145.7578
323.96747 -8.083443 -144.77074
323.72034 -6.968666 -143.34189
324.00433 -5.577782 -141.34943
324.6646 -4.194344 -139.11282
325.5204 -3.071754 -136.90439
325.52045 -3.07177 -136.9044
326.27203 -2.075569 -134.71046
326.9098 -1.254356 -132.50911
327.38702 -0.539772 -130.20035
327.80634 -0.076668 -127.9139
328.05927 0.208824 -125.62221
328.05927 0.208824 -125.62222
328.206 0.419991 -123.40376
328.36682 0.663582 -121.366974
328.57605 0.961693 -119.60896
328.80048 1.299934 -118.01189
329.00848 1.667198 -116.49984
329.00842 1.667183 -116.49983
329.18506 2.080193 -114.93361
329.30627 2.564919 -113.17374
329.29224 3.151588 -111.0962
329.10248 3.857109 -108.67174
328.7766 4.606224 -106.234215
328.77667 4.606239 -106.23424
328.354 5.436516 -103.726494
327.87085 6.345467 -101.140656
327.3186 7.38398 -98.28015
326.77197 8.452019 -95.32229
326.77197 8.452003 -95.3223
326.27386 9.393517 -92.60435
325.81696 10.148918 -90.26257
325.3263 10.813988 -87.98184
324.73425 11.4515 -85.505005
324.06024 12.01783 -82.96113
324.0603 12.017845 -82.96116
323.3189 12.512871 -80.39582
322.51678 12.947716 -77.82761
321.62097 13.335793 -75.209595
320.62415 13.695869 -72.528656
319.5768 14.017265 -69.906136
318.1518 14.37513 -66.54552
316.0212 14.799751 -61.68937
313.51465 15.394905 -55.131233
313.51456 15.39489 -55.131165
311.15317 16.088768 -47.32482
308.92953 16.33677 -39.445263
308.92957 16.336784 -39.4452
306.40656 15.888771 -31.749002
303.23608 15.08062 -24.348063
298.97934 14.896355 -17.536818
298.97934 14.89637 -17.536766
293.65408 16.046196 -11.609866
287.95944 18.079811 -6.415869
287.95944 18.079842 -6.415828
282.17285 20.78965 -1.505322
276.30008 23.851799 3.351026
270.52676 26.667427 8.46148
270.52676 26.667488 8.461525
265.6754 29.74392 14.253351
261.52417 32.651237 20.624615
261.52414 32.651253 20.62467
257.372 34.47222 27.475258
253.51349 35.273872 34.646
250.4361 35.681618 42.463573
250.43604 35.681602 42.463634
248.95367 35.48037 50.83975
249.42682 34.357506 59.109142
249.42682 34.35749 59.10921
251.5506 32.612587 66.81089
254.30383 30.775612 74.154976
256.51688 29.2387 81.57179
256.5169 29.238686 81.57185
258.17285 28.418648 89.33863
259.3975 28.540627 97.43169
259.39752 28.540642 97.431755
259.65118 29.242882 105.660706
258.03503 29.10482 113.68645
255.33347 27.587822 121.54168
255.33344 27.587807 121.54174
252.73547 25.625084 129.6702
250.93219 24.138863 138.18233
250.93216 24.138847 138.18239
249.72491 23.257027 146.81715
248.82141 23.04026 155.43019
248.12369 23.523888 163.95047
248.12369 23.523888 163.95055
247.6347 24.552132 172.3045
247.17184 25.742195 180.51663
247.17184 25.742195 180.5167
246.50623 26.743767 188.68803
245.61487 27.30764 196.90315
244.43927 27.319893 205.14807
244.43924 27.319893 205.14815
243.07654 26.936913 213.35374
241.65854 26.232628 221.45392
241.65851 26.232582 221.45396
239.88013 25.280876 229.40402
237.61386 24.043877 237.1585
235.01117 22.44764 244.68135
235.01114 22.447609 244.6814
232.28915 20.474144 251.94957
229.534 18.233864 258.98474
229.53397 18.233833 258.9848
226.54321 15.847023 265.8057
223.54193 13.161812 272.43835
220.43204 10.210548 278.9571
220.432 10.210518 278.95712
216.85184 7.130394 285.41895
213.15073 3.726341 291.85715
209.53159 -0.149712 298.30197
209.53156 -0.149742 298.302
205.90982 -4.434151 304.7737
202.24936 -8.738548 311.34448
202.24936 -8.738564 311.34454
198.73563 -12.337379 318.14868
195.66116 -14.682182 325.1138
192.95493 -16.012672 331.8744
192.95493 -16.012672 331.87442
190.14926 -17.334023 338.3077
187.00647 -18.8964 344.6889
187.00641 -18.896416 344.689
183.43747 -20.11599 351.0253
179.48138 -20.953194 357.24066
175.33185 -21.855598 363.18436
175.33179 -21.855614 363.1844
170.96002 -22.878578 368.64835
166.14136 -24.006248 373.5286
166.14136 -24.006248 373.52863
160.5199 -25.175407 377.76318
153.68256 -25.77613 381.31958
144.9253 -24.839546 383.6999
144.9252 -24.83953 383.69992
133.16998 -21.684502 384.2611
121.50399 -19.194221 385.52142
121.5039 -19.194206 385.52142
113.23574 -15.811531 389.2086
331.92444 -9.862144 -220.77373
331.50726 -11.079414 -220.70555
331.6386 -11.120583 -220.86707
331.54272 -12.888313 -220.00484
331.69836 -12.955528 -220.17188
331.60254 -14.38485 -219.12463
331.7591 -14.475227 -219.29553
331.81958 -15.916176 -217.8079
331.96655 -16.02726 -217.97018
332.2201 -17.551384 -215.84119
332.3587 -17.676537 -215.97824
332.68323 -19.028389 -213.19724
332.81726 -19.15995 -213.29565
332.9547 -20.01661 -210.24107
333.09045 -20.153267 -210.2979
333.00122 -20.574318 -207.43248
333.13995 -20.714851 -207.46124
333.00128 -20.574303 -207.43248
333.14 -20.714836 -207.46126
332.9099 -20.95971 -204.7774
333.0514 -21.103203 -204.79308
333.0514 -21.103203 -204.79306
332.8723 -21.464745 -202.19656
332.7276 -21.318214 -202.18646
332.8723 -21.46473 -202.19656
332.46808 -21.64814 -199.4769
332.61646 -21.798607 -199.48122
332.17957 -21.86216 -196.78773
332.33105 -22.017006 -196.7839
331.888 -21.896935 -194.04799
332.04187 -22.055672 -194.03401
331.61365 -21.729713 -191.23424
331.76935 -21.89103 -191.20969
331.3852 -21.35891 -188.4294
331.542 -21.520836 -188.39528
331.21637 -20.80671 -185.63106
331.3736 -20.967491 -185.58978
331.3736 -20.967476 -185.58978
331.1065 -20.120064 -182.86775
331.26355 -20.278542 -182.82191
331.19916 -19.511894 -180.09305
331.19922 -19.511879 -180.09308
331.1604 -18.739586 -177.41747
330.96332 -17.828453 -174.7896
331.11798 -17.982246 -174.74365
330.87018 -17.056755 -171.95403
331.02374 -17.210518 -171.90741
330.87024 -17.05674 -171.95403
331.02374 -17.210503 -171.9074
330.83167 -16.470589 -169.01907
330.37024 -15.646751 -166.32231
330.52118 -15.802773 -166.2679
330.3703 -15.646751 -166.32233
330.52118 -15.802773 -166.26791
329.9588 -15.044914 -163.81577
330.10828 -15.202583 -163.75395
329.42346 -14.462105 -161.42929
329.5711 -14.621773 -161.35837
328.85944 -13.999687 -158.8899
328.85938 -13.999718 -158.88988
328.00482 -13.362587 -156.51057
327.023 -12.628304 -154.63614
327.1588 -12.792366 -154.53357
327.02295 -12.628304 -154.63614
327.1588 -12.792381 -154.53357
326.40576 -12.186714 -153.14568
326.53644 -12.349815 -153.0365
326.1084 -11.845161 -151.871
326.2351 -12.00663 -151.75737
326.2351 -12.006645 -151.75737
326.03625 -11.507195 -150.62677
326.16022 -11.666237 -150.51
326.0193 -11.063942 -149.45021
326.14178 -11.219719 -149.33127
325.91736 -10.511253 -148.42696
326.03986 -10.662971 -148.30699
326.03998 -10.662971 -148.30699
325.60382 -9.950142 -147.49629
325.72803 -10.096947 -147.3768
325.0608 -9.435844 -146.61586
325.18835 -9.577141 -146.49863
324.4723 -8.865288 -145.7578
324.60455 -9.000984 -145.6451
324.47235 -8.865288 -145.7578
324.60455 -9.000969 -145.6451
323.96747 -8.083458 -144.77074
324.1059 -8.213356 -144.66605
323.86688 -7.093071 -143.25201
324.00433 -5.577797 -141.34941
324.15814 -5.699577 -141.28333
324.6646 -4.194344 -139.11281
324.8202 -4.318672 -139.0775
325.5204 -3.07177 -136.90439
325.67407 -3.202126 -136.89536
325.67407 -3.20211 -136.89537
326.42578 -2.210426 -134.70279
326.9098 -1.254372 -132.50911
327.06573 -1.397041 -132.50246
327.38702 -0.539772 -130.20033
327.54803 -0.691917 -130.18892
327.97327 -0.241096 -127.912445
328.05927 0.208809 -125.62221
328.23407 0.032295 -125.62107
328.23407 0.032295 -125.621086
328.206 0.419975 -123.40376
328.38904 0.233742 -123.39934
328.36682 0.663567 -121.36696
328.55652 0.471703 -121.35937
328.57605 0.961693 -119.608955
328.7702 0.768028 -119.59884
328.99713 1.106071 -117.998146
329.00848 1.667183 -116.499825
329.20636 1.473915 -116.48034
329.00842 1.667168 -116.49982
329.2063 1.473885 -116.48033
329.18506 2.080177 -114.93359
329.3828 1.887657 -114.906296
329.30627 2.564919 -113.17373
329.5025 2.373177 -113.136566
329.29224 3.151588 -111.09618
329.48456 2.960716 -111.04434
329.10242 3.857094 -108.67173
329.2893 3.667641 -108.60458
328.7765 4.606209 -106.23421
328.95764 4.418861 -106.15393
328.77655 4.606239 -106.23423
328.95764 4.418861 -106.153946
328.35388 5.436516 -103.726494
328.5301 5.251778 -103.63671
327.87085 6.345451 -101.140656
328.04346 6.163124 -101.04481
327.3186 7.38398 -98.28014
327.48926 7.203392 -98.181816
326.77197 8.452019 -95.32227
326.94275 8.272072 -95.225555
326.77197 8.452003 -95.32229
326.94275 8.272072 -95.22557
326.2738 9.393517 -92.60434
326.445 9.212975 -92.51047
325.8169 10.148903 -90.262566
325.98798 9.967018 -90.17088
325.32623 10.813988 -87.981834
325.49695 10.630409 -87.89195
324.73425 11.451485 -85.505
324.90485 11.2658 -85.416885
324.06018 12.017815 -82.96113
324.2312 11.829445 -82.87443
324.0603 12.01783 -82.96116
324.23126 11.829491 -82.87445
323.31885 12.512871 -80.39581
323.4912 12.321373 -80.30953
322.51672 12.947716 -77.8276
322.6911 12.752617 -77.74064
321.79712 13.136864 -75.120476
320.62415 13.695854 -72.528656
320.80145 13.493492 -72.436134
319.5768 14.01725 -69.906136
319.75476 13.812157 -69.81039
318.1518 14.375114 -66.54552
318.33115 14.167137 -66.44764
316.02118 14.799751 -61.689365
316.20355 14.588081 -61.590794
313.5146 15.394905 -55.13123
313.7017 15.181694 -55.038937
313.5145 15.39489 -55.13116
313.70163 15.181679 -55.038868
311.15314 16.088753 -47.324818
311.3487 15.873543 -47.246773
308.92953 16.336754 -39.44526
309.13428 16.116554 -39.38075
308.92953 16.33677 -39.445198
309.1343 16.11657 -39.380688
306.4065 15.888756 -31.749002
306.61832 15.664299 -31.692139
303.23602 15.080605 -24.348063
303.45065 14.85099 -24.28112
298.97928 14.896355 -17.536818
299.17368 14.661003 -17.42163
298.97928 14.89637 -17.536766
299.17368 14.661034 -17.42158
293.65405 16.04618 -11.609865
293.80566 15.805855 -11.4277
288.07565 17.840508 -6.196577
287.9594 18.079842 -6.415828
288.07562 17.840523 -6.196536
282.26535 20.557808 -1.26995
276.30005 23.851784 3.351025
276.38098 23.626366 3.590816
270.6208 26.439629 8.692848
270.52673 26.667488 8.461525
270.62076 26.439644 8.692894
265.79648 29.514595 14.478896
261.52417 32.651237 20.624613
261.67194 32.416466 20.834915
261.52414 32.651253 20.624668
261.6719 32.41648 20.83497
257.372 34.47222 27.475256
257.5517 34.222878 27.658115
253.51346 35.273857 34.646
253.72488 35.007133 34.800358
250.43607 35.681602 42.46357
250.67899 35.402702 42.57972
250.436 35.681572 42.463634
250.67892 35.40267 42.579784
248.95367 35.480354 50.839745
249.2266 35.19129 50.875637
249.42679 34.35749 59.10914
249.70468 34.061317 59.034992
249.42682 34.357475 59.109207
249.70471 34.061302 59.035057
251.55057 32.61257 66.81088
251.81128 32.31037 66.65097
254.30383 30.775597 74.15497
254.561 30.464516 73.96693
256.51688 29.238686 81.571785
256.7905 28.921776 81.40664
256.5169 29.23867 81.57185
256.79053 28.92176 81.4067
258.17285 28.418648 89.33862
258.4655 28.098778 89.22449
259.39743 28.540627 97.43168
259.7069 28.216988 97.37903
259.39746 28.540642 97.431755
259.70694 28.217003 97.37909
259.65115 29.242882 105.660706
259.98007 28.90667 105.67185
258.035 29.104805 113.68644
258.3787 28.751762 113.73371
255.33347 27.587822 121.54167
255.69641 27.229576 121.57893
255.33344 27.587791 121.54174
255.69638 27.229546 121.578995
253.11002 25.267479 129.67296
250.93219 24.138863 138.18231
251.30682 23.774529 138.15964
251.30682 23.774529 138.15971
249.72491 23.257027 146.81714
250.09518 22.885628 146.79668
248.82138 23.04023 155.43018
249.18613 22.66706 155.43437
248.12369 23.523872 163.95047
248.47977 23.157433 163.98483
248.12366 23.523872 163.95053
248.47974 23.157448 163.9849
247.6347 24.552116 172.30447
247.97916 24.199211 172.35706
247.17184 25.742195 180.51662
247.50763 25.39904 180.57225
247.17184 25.742195 180.51668
247.50763 25.399055 180.57231
246.5062 26.743752 188.68802
246.83871 26.40232 188.73732
245.6148 27.30764 196.90315
245.94937 26.962578 196.94032
244.77841 26.970604 205.17258
244.43921 27.319893 205.14813
244.77841 26.970604 205.17265
243.07654 26.936913 213.35373
243.42072 26.584068 213.37254
241.65854 26.232613 221.45392
242.00873 25.875374 221.47414
241.65848 26.232567 221.45396
242.00864 25.875343 221.47417
239.88013 25.280846 229.40402
240.23972 24.91671 229.42868
237.98666 23.671806 237.18835
235.01117 22.44764 244.68134
235.39673 22.069908 244.71826
235.39673 22.069893 244.71834
232.28915 20.474144 251.94955
232.68445 20.093407 251.99377
229.53397 18.233864 258.98474
229.93317 17.854897 259.03506
229.53394 18.233833 258.9848
229.93314 17.854866 259.03513
226.54315 15.847008 265.8057
226.94882 15.469902 265.85733
223.5419 13.161797 272.43835
223.96054 12.78466 272.4856
220.8664 9.833015 278.99826
220.86636 9.832985 278.99832
217.30609 6.748894 285.45627
213.1507 3.726326 291.85712
213.6275 3.33918 291.8908
209.53156 -0.149727 298.30194
210.03357 -0.548561 298.33597
209.53152 -0.149757 298.302
210.03357 -0.548607 298.336
205.90979 -4.434151 304.7737
206.42676 -4.849739 304.8254
202.24936 -8.738548 311.34445
202.76514 -9.17701 311.42294
202.24933 -8.738564 311.3445
202.76514 -9.177025 311.423
198.73557 -12.337364 318.14865
199.24313 -12.815849 318.2607
195.66113 -14.682167 325.11374
196.14975 -15.198967 325.28214
192.9549 -16.012672 331.8744
193.42978 -16.552345 332.09973
192.9549 -16.012672 331.87442
193.42975 -16.55236 332.09982
190.14923 -17.334038 338.30768
190.62952 -17.886147 338.54865
187.00644 -18.896416 344.6889
187.49222 -19.448174 344.92096
187.49222 -19.448174 344.92102
183.43747 -20.11599 351.02527
183.91568 -20.657234 351.25424
179.48138 -20.953209 357.24066
179.94888 -21.484993 357.47482
175.33179 -21.855614 363.18436
175.79309 -22.383797 363.42764
175.33176 -21.855629 363.1844
175.79306 -22.383797 363.42767
170.95999 -22.878578 368.64835
171.42175 -23.417503 368.9177
166.14136 -24.006264 373.52856
166.6016 -24.562386 373.8456
166.1413 -24.006264 373.5286
166.60156 -24.562386 373.84567
160.5199 -25.175407 377.76312
160.96133 -25.744255 378.13983
153.68253 -25.776146 381.31958
154.03146 -26.368462 381.78607
144.92526 -24.839546 383.6999
145.01978 -25.435081 384.24216
144.9252 -24.839546 383.6999
145.01971 -25.435066 384.2422
133.16995 -21.684502 384.26108
132.9314 -22.283714 384.87115
121.50399 -19.194237 385.5214
121.365685 -19.878044 386.17853
121.5039 -19.194221 385.52142
121.36559 -19.878029 386.17853
113.23571 -15.811531 389.20856
113.23571 -15.811516 389.2086
331.82483 -11.147087 -220.97832
331.90802 -12.996468 -220.28102
331.97394 -14.53022 -219.41223
332.1731 -16.094872 -218.08849
332.55316 -17.752678 -216.08275
333.00043 -19.239983 -213.37195
333.27026 -20.236412 -210.34044
333.32086 -20.800377 -207.47984
333.23505 -21.190544 -204.79933
333.235 -21.190544 -204.79933
333.05975 -21.553902 -202.19603
333.05975 -21.553902 -202.19604
332.80835 -21.89016 -199.4746
332.52734 -22.111244 -196.77086
332.242 -22.15229 -194.01457
331.97253 -21.989204 -191.1845
331.7472 -21.619347 -188.36577
331.57953 -21.065285 -185.55803
331.46906 -20.374947 -182.78952
331.40344 -19.606865 -180.06128
331.40344 -19.60685 -180.06131
331.3634 -18.833626 -177.38715
331.31976 -18.075829 -174.71391
331.22437 -17.304085 -171.87556
331.22437 -17.304085 -171.87558
331.0315 -16.564674 -168.98207
330.72052 -15.897728 -166.22292
330.72046 -15.897728 -166.22292
330.30695 -15.298546 -163.69893
329.76898 -14.718941 -161.29166
329.05585 -14.098259 -158.80977
329.0558 -14.098289 -158.80975
328.19794 -13.462212 -156.41643
327.34692 -12.892159 -154.42749
327.34692 -12.892174 -154.4275
326.71936 -12.449043 -152.92247
326.41425 -12.104897 -151.63889
326.41425 -12.104881 -151.63889
326.3369 -11.763039 -150.38979
326.31738 -11.314552 -149.21167
326.21594 -10.755318 -148.19049
326.21594 -10.755302 -148.1905
325.90576 -10.186272 -147.26595
325.36896 -9.663094 -146.39592
324.7885 -9.083519 -145.55298
324.7885 -9.083534 -145.55296
324.29364 -8.292442 -144.58835
324.0583 -7.16877 -143.19597
324.35083 -5.773689 -141.25598
325.00922 -4.394371 -139.08202
325.8587 -3.281441 -136.92436
325.85864 -3.281425 -136.9244
326.6126 -2.292458 -134.73055
327.2583 -1.483818 -132.52777
327.7506 -0.784477 -130.20529
328.1859 -0.341148 -127.93348
328.4593 -0.075127 -125.63547
328.4593 -0.075127 -125.635475
328.6261 0.120415 -123.40685
328.8017 0.354942 -121.366486
329.0197 0.650185 -119.609215
329.24902 0.988106 -118.00872
329.4594 1.356316 -116.48694
329.45935 1.356285 -116.48693
329.63623 1.770531 -114.90509
329.75525 2.256493 -113.123924
329.73486 2.844536 -111.01321
329.53522 3.552376 -108.55424
329.19824 4.304817 -106.087845
329.1983 4.304832 -106.08786
328.76624 5.139336 -103.56046
328.27612 6.052177 -100.96261
327.7198 7.093513 -98.09741
327.1731 8.16259 -95.143166
327.17316 8.16259 -95.14318
326.6756 9.103096 -92.43008
326.21814 9.8563 -90.09051
325.72662 10.518669 -87.81045
325.1341 11.152779 -85.33361
324.46082 11.714821 -82.78876
324.46088 11.714851 -82.78877
323.7223 12.204826 -80.22105
322.92444 12.633888 -77.64855
322.0326 13.015816 -75.02311
321.03833 13.370399 -72.33253
319.9924 13.687355 -69.70102
318.57022 14.04055 -66.33377
316.4457 14.459236 -61.473713
313.94955 15.051949 -54.9303
313.94946 15.051918 -54.930237
311.60687 15.742592 -47.15732
309.40192 15.982521 -39.30149
309.40198 15.982552 -39.30143
306.89114 15.527672 -31.610455
303.72394 14.711281 -24.179722
299.42636 14.517799 -17.267908
299.42636 14.51783 -17.267855
294.0199 15.659615 -11.207804
288.2591 17.694893 -5.940265
288.25903 17.694908 -5.940223
282.429 20.416756 -1.000264
276.53452 23.489204 3.863005
270.7859 26.300972 8.955765
270.7859 26.300987 8.955809
265.9951 29.375053 14.725004
261.89883 32.273598 21.060701
261.89883 32.27363 21.060759
257.80734 34.071114 27.862112
254.00958 34.84478 34.985203
250.99988 35.23298 42.720963
250.99982 35.232964 42.721027
249.58337 35.015358 50.92576
250.07178 33.88105 58.9654
250.07178 33.88105 58.965466
252.16617 32.126457 66.48587
254.91553 30.275246 73.76847
257.1618 28.72895 81.232544
257.1618 28.72895 81.23261
258.8532 27.904152 89.0988
260.10977 28.020088 97.30635
260.1098 28.020103 97.30643
260.4062 28.70214 105.665535
258.82205 28.536964 113.80056
256.153 27.01162 121.67461
256.15295 27.011604 121.67467
253.57831 25.049904 129.7435
251.78311 23.55291 138.18997
251.78308 23.552895 138.19003
250.57266 22.659676 146.80965
249.65976 22.43998 155.45322
248.9436 22.93444 164.01749
248.94363 22.934425 164.01755
248.42828 23.984459 172.39595
247.94537 25.19027 180.61111
247.94537 25.190285 180.61118
247.27228 26.194572 188.77591
246.38525 26.752632 196.97763
245.21924 26.758034 205.20906
245.21924 26.758034 205.20914
243.86661 26.369362 213.41298
242.46057 25.658043 221.52426
242.46054 25.658012 221.5243
240.70087 24.695168 229.4933
238.4596 23.445412 237.27211
235.8789 21.840065 244.82393
235.87885 21.84005 244.82399
233.17221 19.861732 252.1184
230.42007 17.624321 259.17392
230.42004 17.624321 259.17398
227.43774 15.240456 266.0054
224.45847 12.555183 272.63864
221.37634 9.60331 279.15497
221.37631 9.603279 279.15503
217.8328 6.516762 285.61945
214.17432 3.103569 292.06104
210.60477 -0.791252 298.51678
210.6047 -0.791298 298.5168
207.0123 -5.102623 305.02966
203.35538 -9.443764 311.6497
203.35538 -9.443794 311.64975
199.84656 -13.106972 318.5013
196.76352 -15.513405 325.542
194.04913 -16.8807 332.38956
194.0491 -16.8807 332.38962
191.25421 -18.222084 338.86227
188.11444 -19.783882 345.24094
188.11444 -19.783897 345.24103
184.52158 -20.98655 351.58014
180.53625 -21.80857 357.8124
176.36734 -22.705162 363.78146
176.36728 -22.705177 363.78152
171.98996 -23.7454 369.30917
167.1571 -24.90078 374.30087
167.1571 -24.900795 374.30093
161.48257 -26.09037 378.6705
154.45737 -26.728844 382.4116
145.19092 -25.797401 384.94632
145.19086 -25.797386 384.9463
132.7905 -22.648338 385.65823
121.365715 -20.322426 387.05078
121.365654 -20.32241 387.05075
113.23571 -15.811516 389.20862
331.9245 -9.862144 -220.77371
332.04407 -11.153831 -221.01851
332.14526 -13.00489 -220.31625
332.22015 -14.541542 -219.45784
332.41357 -16.108818 -218.14597
332.77936 -17.76841 -216.14003
333.2099 -19.256523 -213.41545
333.4715 -20.253593 -210.36264
333.52118 -20.818016 -207.48555
333.52124 -20.818031 -207.48557
333.43774 -21.208565 -204.7951
333.43774 -21.208565 -204.79509
333.26624 -21.572319 -202.18465
333.26624 -21.572304 -202.18466
333.01965 -21.909065 -199.45757
332.74365 -22.130669 -196.75005
332.46313 -22.172234 -193.99214
332.19775 -22.009468 -191.16202
331.9749 -21.639671 -188.3449
331.80817 -21.085472 -185.54022
331.80817 -21.085457 -185.54024
331.69708 -20.394829 -182.77522
331.62994 -19.626457 -180.05002
331.62994 -19.626457 -180.05005
331.58813 -18.853035 -177.37796
331.5431 -18.095146 -174.70479
331.44684 -17.323402 -171.8632
331.44684 -17.323402 -171.86322
331.25385 -16.584099 -168.9627
330.94305 -15.917336 -166.19362
330.5298 -15.318352 -163.65813
329.99213 -14.739006 -161.2381
329.27887 -14.118629 -158.74193
329.2788 -14.118645 -158.7419
328.41907 -13.48278 -156.33362
327.56378 -12.912773 -154.33195
327.56378 -12.912773 -154.33194
326.93176 -12.46949 -152.81863
326.62354 -12.12513 -151.53114
326.62354 -12.125145 -151.53114
326.54443 -11.782997 -150.2819
326.52435 -11.334099 -149.10724
326.4237 -10.774361 -148.09293
326.4237 -10.774361 -148.09296
326.11517 -10.204704 -147.17867
325.5802 -9.68084 -146.32178
325.00128 -9.100533 -145.4942
325.00122 -9.100548 -145.4942
324.50708 -8.308754 -144.54868
324.27057 -7.18441 -143.18202
324.55798 -5.788994 -141.27203
325.20758 -4.410011 -139.12683
326.05072 -3.297813 -136.9887
326.05078 -3.297829 -136.98871
326.80884 -2.30938 -134.79109
327.46307 -1.501701 -132.5826
327.969 -0.803581 -130.24805
328.41724 -0.361809 -127.97481
328.7066 -0.097298 -125.66389
328.70667 -0.097298 -125.6639
328.88733 0.097008 -123.425606
329.07153 0.330833 -121.38776
329.2932 0.625893 -119.63925
329.5243 0.963768 -118.04288
329.7356 1.332054 -116.51951
329.73553 1.332039 -116.5195
329.9132 1.746361 -114.930855
330.03265 2.23243 -113.138115
330.0114 2.82061 -111.00742
329.80914 3.528618 -108.52777
329.46838 4.281288 -106.04508
329.46838 4.281303 -106.0451
329.0327 5.116127 -103.50819
328.53955 6.029289 -100.90529
327.98132 7.070839 -98.03848
327.43414 8.139992 -95.08643
327.43414 8.140007 -95.08645
326.93646 9.080421 -92.37425
326.47864 9.833473 -90.03242
325.98645 10.495628 -87.748375
325.39343 11.129478 -85.26634
324.72028 11.691185 -82.7155
324.72034 11.6912 -82.71552
323.98315 12.180779 -80.14204
323.1875 12.609367 -77.56341
322.29785 12.990822 -74.93016
321.30505 13.344963 -72.231224
320.2599 13.661598 -69.592125
318.83896 14.014442 -66.218544
316.71722 14.432686 -61.353138
314.227 15.025169 -54.81927
314.2269 15.025154 -54.819202
311.89526 15.715569 -47.06798
309.6988 15.954872 -39.217537
309.6988 15.954887 -39.217476
307.19055 15.499519 -31.514069
304.02133 14.682472 -24.056328
299.7056 14.488258 -17.094936
299.70563 14.488274 -17.094885
294.27023 15.629448 -10.97829
288.48734 17.664864 -5.679888
288.4873 17.664864 -5.679846
282.64404 20.387657 -0.731073
276.7423 23.460915 4.132406
271.0022 26.272316 9.21627
271.00217 26.272346 9.216316
266.24713 29.34623 14.959639
262.17706 32.244118 21.272469
262.17706 32.24415 21.272524
258.10715 34.039833 28.060753
254.33188 34.811348 35.17685
251.35834 35.197945 42.869267
251.35828 35.197914 42.86933
249.97894 34.979027 50.983868
250.48187 33.84388 58.909756
250.48187 33.843864 58.909824
252.57083 32.088554 66.33732
255.32303 30.236229 73.58564
257.5841 28.68917 81.07238
257.58417 28.68917 81.07244
259.28726 27.864006 88.977936
260.55515 27.979454 97.222786
260.5552 27.979485 97.22286
260.87573 28.65995 105.64214
259.309 28.492638 113.87869
256.64526 26.966652 121.81764
256.6452 26.966637 121.8177
254.08084 25.005013 129.87434
252.30078 23.50718 138.27077
252.30075 23.507164 138.27084
251.09708 22.61303 146.8553
250.18243 22.393135 155.4847
249.45682 22.888435 164.04408
249.45679 22.88845 164.04414
248.92542 23.940178 172.4157
248.42987 25.147224 180.62756
248.42987 25.147224 180.62762
247.75229 26.15171 188.79843
246.86765 26.709297 197.01016
245.70618 26.714195 205.25298
245.70618 26.714195 205.25304
244.35788 26.32508 213.47032
242.95709 25.613197 221.59859
242.95703 25.613167 221.59863
241.20532 24.649467 229.59041
238.97269 23.39872 237.4001
236.39648 21.79264 244.9862
236.39645 21.79261 244.98627
233.69046 19.813942 252.30917
230.93259 17.576775 259.3853
230.93256 17.57676 259.38538
227.94733 15.193153 266.23294
224.97195 12.507866 272.88016
221.89642 9.555931 279.4097
221.89636 9.555901 279.40976
218.36429 6.46888 285.89038
214.72058 3.054985 292.349
211.1712 -0.841331 298.82437
211.17117 -0.841377 298.82443
207.59082 -5.154793 305.3636
203.94394 -9.498787 311.99875
203.94391 -9.498817 311.99884
200.4686 -13.167 318.8422
197.42459 -15.578255 325.8614
194.73492 -16.948402 332.7072
194.73492 -16.948402 332.70724
191.94455 -18.291374 339.20914
188.7944 -19.853142 345.6088
188.7944 -19.853157 345.6089
185.17831 -21.054497 351.96228
181.16885 -21.875343 358.21146
176.98154 -22.771461 364.20184
176.9815 -22.771461 364.2019
172.59222 -23.813057 369.77438
167.73688 -24.970589 374.83792
167.73682 -24.970589 374.83795
162.01682 -26.161812 379.28903
154.90695 -26.803215 383.11758
145.41998 -25.87217 385.72336
145.41989 -25.872154 385.72333
132.76895 -22.723534 386.5228
121.51357 -20.439613 388.0313
121.51348 -20.439598 388.0313
332.26544 -11.138939 -220.97795
332.37994 -12.979729 -220.27298
332.46637 -14.507729 -219.42644
332.65717 -16.067253 -218.13522
333.00836 -17.72158 -216.14272
333.41882 -19.207329 -213.42052
333.66846 -20.202477 -210.3617
333.71533 -20.76545 -207.47765
333.6336 -21.154884 -204.78094
333.6336 -21.1549 -204.78093
333.4654 -21.517525 -202.16393
333.22327 -21.85279 -199.43234
332.95245 -22.072777 -196.72423
332.677 -22.112877 -193.96964
332.41608 -21.94912 -191.1452
332.19617 -21.57911 -188.33539
332.03033 -21.025337 -185.53874
331.91846 -20.335564 -182.78087
331.84955 -19.568077 -180.06073
331.84955 -19.568077 -180.06076
331.8059 -18.79525 -177.39107
331.75958 -18.037651 -174.71744
331.6629 -17.265892 -171.8719
331.6629 -17.265877 -171.87192
331.4702 -16.526268 -168.96344
331.16034 -15.858971 -166.18378
330.7484 -15.259361 -163.63686
330.21204 -14.679253 -161.2047
329.49994 -14.058022 -158.69505
329.49982 -14.058037 -158.69504
328.6397 -13.421532 -156.27277
327.78192 -12.851402 -154.25916
327.78198 -12.851402 -154.25917
327.14667 -12.40847 -152.73824
326.83624 -12.06472 -151.44794
326.83624 -12.064735 -151.44794
326.7561 -11.723488 -150.20024
326.73627 -11.275826 -149.03139
326.63672 -10.717628 -148.0269
326.32947 -10.149803 -147.12617
325.79517 -9.627953 -146.2857
325.2157 -9.049767 -145.47636
325.21576 -9.049782 -145.47638
324.71912 -8.260139 -144.55214
324.47644 -7.137871 -143.21205
324.75305 -5.743431 -141.3295
325.38995 -4.363457 -139.20628
326.2257 -3.249046 -137.0801
326.98932 -2.258934 -134.87665
327.6538 -1.448326 -132.65996
328.17535 -0.746681 -130.31172
328.63782 -0.300316 -128.03116
328.94446 -0.031273 -125.70275
328.94446 -0.031288 -125.70276
329.13928 0.166664 -123.45324
329.33148 0.402611 -121.420494
329.5558 0.698341 -119.68515
329.78772 1.036263 -118.09628
329.99976 1.40432 -116.573906
329.9997 1.404289 -116.573906
330.1784 1.818382 -114.98034
330.299 2.304161 -113.17743
330.279 2.892006 -111.02782
330.07617 3.599464 -108.52863
329.73334 4.351372 -106.03118
329.7334 4.351387 -106.0312
329.2954 5.185234 -103.48664
328.80023 6.097496 -100.880226
328.24048 7.138405 -98.012634
327.69263 8.207314 -95.062706
327.6927 8.207329 -95.06271
327.19446 9.147972 -92.35014
326.73608 9.901497 -90.00405
326.24323 10.564293 -87.713684
325.64966 11.198952 -85.223724
324.97638 11.76165 -82.66404
324.97644 11.761665 -82.66406
324.2403 12.252419 -80.08261
323.44666 12.682381 -77.49609
322.5589 13.065208 -74.85355
321.5675 13.420631 -72.14522
320.523 13.738319 -69.49764
319.1031 14.092247 -66.1167
316.98346 14.511848 -61.244503
314.49863 15.104927 -54.720024
314.49857 15.104912 -54.719963
312.17703 15.796059 -46.990196
309.98688 16.037254 -39.13962
309.9869 16.03727 -39.13956
307.4784 15.583504 -31.415293
304.3048 14.768349 -23.926746
299.97562 14.576256 -16.924875
299.97562 14.576286 -16.924822
294.52454 15.719353 -10.768531
288.73123 17.754372 -5.448801
288.7312 17.754372 -5.448759
282.8831 20.474373 -0.496859
276.97784 23.54522 4.364498
271.2421 26.357536 9.441011
271.24207 26.357582 9.441056
266.52045 29.432014 15.152753
262.471 32.331917 21.443073
262.47098 32.331947 21.443129
258.4128 34.133095 28.228647
254.65057 34.911095 35.350792
251.70868 35.302254 43.005653
251.70859 35.30224 43.005714
250.36282 35.08715 51.042526
250.88248 33.954674 58.875225
250.88248 33.954643 58.875286
252.97348 32.20159 66.2244
255.73138 30.352562 73.44183
258.0036 28.80767 80.9466
258.00363 28.807655 80.94667
259.71207 27.98362 88.877335
260.9862 28.100502 97.13899
260.9862 28.100517 97.13907
261.32867 28.785667 105.60462
259.7773 28.624687 113.95811
257.11026 27.10064 121.98978
257.1102 27.100609 121.98983
254.5534 25.13874 130.04881
252.79361 23.64341 138.39172
252.79361 23.643394 138.3918
251.60132 22.751945 146.92776
250.68753 22.532707 155.52472
249.95374 23.02546 164.06117
249.95374 23.025475 164.06123
249.40692 24.072166 172.4137
248.89917 25.27555 180.61946
248.89914 25.27555 180.61954
248.21738 26.279442 188.80191
247.33481 26.838387 197.03375
246.17691 26.844826 205.29872
246.17691 26.844841 205.2988
244.83182 26.457054 213.5372
243.43478 25.746803 221.68758
243.43472 25.746758 221.68762
241.6886 24.785652 229.70763
239.46042 23.537865 237.55605
236.8833 21.933922 245.18439
236.8833 21.933907 245.18445
234.17279 19.956367 252.54172
231.40515 17.718529 259.6423
231.40512 17.718513 259.64236
228.4125 15.334206 266.5109
225.43518 12.648918 273.1792
222.36002 9.697136 279.72983
222.35999 9.697105 279.7299
218.83252 6.61158 286.23444
215.19647 3.199791 292.71796
211.66052 -0.692177 299.21964
211.66049 -0.692192 299.2197
208.08826 -4.999352 305.7846
204.45547 -9.334816 312.42557
204.45547 -9.334846 312.42566
201.02966 -12.988075 319.23987
198.04837 -15.385002 326.19955
195.39938 -16.74659 333.0121
195.39938 -16.746605 333.01212
192.61218 -18.084892 339.5449
189.44507 -19.646797 345.97757
189.44507 -19.646797 345.97763
185.80176 -20.852074 352.35184
181.76572 -21.67643 358.621
177.5571 -22.573936 364.6352
177.5571 -22.573952 364.63525
173.15137 -23.611504 370.25375
168.26666 -24.762566 375.38794
168.26666 -24.762566 375.38797
162.49597 -25.949043 379.91635
155.323 -26.581673 383.8138
145.67795 -25.649467 386.474
145.67786 -25.649452 386.47403
132.8685 -22.499443 387.3543
121.79125 -20.194252 388.97906
121.79116 -20.194252 388.97906
332.45502 -11.104576 -220.86238
332.58215 -12.924507 -220.15742
332.6812 -14.433525 -219.32268
332.87286 -15.976006 -218.05818
333.21106 -17.618767 -216.0909
333.60065 -19.09925 -213.38684
333.83606 -20.090202 -210.33781
333.87866 -20.650002 -207.45718
333.79767 -21.03701 -204.75867
333.79767 -21.037025 -204.75867
333.6319 -21.397163 -202.1365
333.6319 -21.397148 -202.1365
333.3935 -21.729195 -199.40218
333.12708 -21.945549 -196.69661
332.8565 -21.982414 -193.94983
332.5998 -21.816582 -191.136
332.3827 -21.446098 -188.3383
332.21783 -20.893288 -185.55354
332.10516 -20.205406 -182.80556
332.0345 -19.439873 -180.0919
332.03455 -19.439873 -180.09192
331.98914 -18.668297 -177.42462
331.9417 -17.911308 -174.75008
331.84485 -17.139565 -171.90034
331.84485 -17.13955 -171.90036
331.653 -16.39927 -168.98398
331.3449 -15.730782 -166.19444
331.3449 -15.730797 -166.19446
330.93488 -15.129829 -163.6376
330.40082 -14.548088 -161.1954
329.69098 -13.92495 -158.67491
329.69092 -13.92498 -158.6749
328.83197 -13.28701 -156.24141
327.9734 -12.716652 -154.2182
327.97345 -12.716637 -154.2182
327.33655 -12.274513 -152.69139
327.02527 -11.932091 -151.39964
326.94513 -11.592827 -150.15494
326.9261 -11.14785 -148.99352
326.8277 -10.592995 -148.0005
326.82776 -10.592979 -148.0005
326.52124 -10.029198 -147.11484
325.98633 -9.511909 -146.29195
325.40448 -8.938316 -145.50139
325.40442 -8.938316 -145.50139
324.90253 -8.153389 -144.59799
324.64984 -7.035622 -143.28185
324.91132 -5.643379 -141.42067
325.5332 -4.261314 -139.30988
326.36133 -3.141975 -137.18665
326.3614 -3.14196 -137.18666
327.13116 -2.148155 -134.9761
327.80652 -1.331184 -132.74977
328.3435 -0.621712 -130.38803
328.81958 -0.165215 -128.09521
329.1424 0.113747 -125.74697
329.1424 0.113747 -125.74699
329.34998 0.319679 -123.48617
329.54852 0.560265 -121.46043
329.77393 0.85743 -119.740875
330.00586 1.195518 -118.16191
330.2182 1.563072 -116.64298
330.2182 1.563057 -116.64297
330.39813 1.976524 -115.04703
330.52075 2.461678 -113.236595
330.50354 3.04879 -111.07154
330.30237 3.755074 -108.55646
329.9596 4.505318 -106.04765
329.95966 4.505318 -106.04767
329.52094 5.337044 -103.49828
329.02496 6.247292 -100.89033
328.46423 7.286736 -98.02285
327.91547 8.355141 -95.07462
327.91553 8.355141 -95.07463
327.4167 9.296288 -92.36052
326.9577 10.050911 -90.008766
326.46436 10.715126 -87.71054
325.87018 11.351524 -85.210976
325.1966 11.916374 -82.64075
325.1966 11.916405 -82.64077
324.46118 12.409737 -80.05016
323.66907 12.842644 -77.45507
322.7827 13.228645 -74.802864
321.79242 13.586861 -72.085304
320.74823 13.906807 -69.429474
319.32895 14.263084 -66.041115
317.21054 14.685722 -61.161522
314.7298 15.280067 -54.64509
314.72977 15.280052 -54.645023
312.4162 15.972862 -46.933765
310.22958 16.218163 -39.07764
310.22958 16.218178 -39.07758
307.718 15.767906 -31.326729
304.5384 14.956963 -23.807508
300.20215 14.769615 -16.779305
300.20212 14.76963 -16.77925
294.75043 15.916771 -10.605017
288.95963 17.950981 -5.276123
288.9596 17.950981 -5.276081
283.1155 20.664833 -0.327082
277.2109 23.7304 4.530122
271.47482 26.544746 9.60173
271.4748 26.544792 9.601775
266.78003 29.6204 15.28014
262.7431 32.524773 21.551186
262.7431 32.524788 21.55124
258.68527 34.337944 28.344711
254.92511 35.13024 35.48509
252.0062 35.53141 43.1129
252.00613 35.53141 43.112965
250.68619 35.324684 51.09428
251.22275 34.197975 58.86599
251.22278 34.197975 58.866055
253.32288 32.449837 66.161156
256.08868 30.6081 73.355034
258.36682 29.068 80.87096
258.36682 29.067986 80.87102
260.07367 28.246391 88.80964
261.34802 28.366371 97.06565
261.34805 28.366386 97.06573
261.70752 29.061836 105.557884
260.1676 28.914711 114.02868
257.48907 27.394936 122.16883
257.489 27.394936 122.16889
254.936 25.432533 130.24431
253.19907 23.94268 138.53711
253.19904 23.94268 138.53717
252.02142 23.057045 147.01758
251.11069 22.839272 155.56813
250.37119 23.326515 164.06665
250.37115 23.326515 164.06671
249.81168 24.362068 172.3904
249.29361 25.557411 180.58807
249.29361 25.557426 180.58813
248.6084 26.559929 188.78612
247.72733 27.12185 197.04543
246.57166 27.131767 205.34047
246.57166 27.131767 205.34053
245.22812 26.746895 213.60507
243.83289 26.04026 221.77975
243.8328 26.04023 221.77979
242.08923 25.08477 229.82985
239.86093 23.843529 237.71983
237.27768 22.24424 245.39291
237.27762 22.24421 245.39299
234.55826 20.269127 252.78604
231.77798 18.029839 259.91174
231.77795 18.029823 259.9118
228.77438 15.643974 266.8035
225.78973 12.958733 273.4974
222.70868 10.007271 280.07413
222.70865 10.00724 280.0742
219.17838 6.92498 286.60727
215.54193 3.51786 293.12027
212.01105 -0.36451 299.6514
212.01102 -0.36454 299.65143
208.44196 -4.657936 306.2383
204.82562 -8.974632 312.87515
204.82562 -8.974648 312.87524
201.4589 -12.595039 319.64316
198.55582 -14.960503 326.51328
195.95819 -16.303322 333.2655
195.95819 -16.303337 333.26556
193.17245 -17.631355 339.82684
189.98401 -19.19352 346.3003
189.98398 -19.193504 346.30038
186.31308 -20.407448 352.69925
182.25128 -21.239586 358.98877
178.02121 -22.140053 365.02612
178.02118 -22.140068 365.02618
173.5968 -23.168785 370.68613
168.68008 -24.305702 375.88083
168.68002 -24.305733 375.8809
162.85974 -25.481712 380.4725
155.65195 -26.095085 384.41174
145.93045 -25.16024 387.1029
145.93033 -25.160225 387.10294
133.07321 -22.007164 388.04718
122.155235 -19.622002 389.7475
122.155174 -19.621986 389.7475
113.23571 -15.811531 389.20862
331.9245 -9.862129 -220.77373
332.58582 -11.057549 -220.69562
332.72675 -12.848839 -219.9903
332.8377 -14.331764 -219.16568
333.0335 -15.850883 -217.9299
333.36182 -17.477806 -215.99544
333.73267 -18.951073 -213.32167
333.95367 -19.936241 -210.29591
333.9911 -20.491692 -207.42784
333.9911 -20.491707 -207.42784
333.90997 -20.875359 -204.73192
333.90997 -20.875359 -204.7319
333.74548 -21.232124 -202.10655
333.74548 -21.23211 -202.10657
333.5094 -21.559715 -199.3715
333.24634 -21.771126 -196.67113
332.97968 -21.803581 -193.93527
332.72644 -21.63488 -191.13521
332.51166 -21.263695 -188.35237
332.3476 -20.712212 -185.5815
332.3476 -20.712196 -185.58151
332.2343 -20.026924 -182.84462
332.16223 -19.264122 -180.13782
332.16223 -19.264107 -180.13785
332.11542 -18.49427 -177.47261
332.0672 -17.73806 -174.79688
331.97052 -16.966377 -171.94331
331.97058 -16.966377 -171.94331
331.78003 -16.225151 -169.02014
331.47388 -15.555061 -166.22275
331.47394 -15.555061 -166.22275
331.06622 -14.952248 -163.6587
330.53497 -14.368248 -161.20981
329.82812 -13.74247 -158.68236
329.82806 -13.742485 -158.68234
328.97156 -13.102577 -156.24173
328.11414 -12.531898 -154.21239
328.1142 -12.531898 -154.21239
327.47748 -12.090813 -152.68202
327.16663 -11.750221 -151.39035
327.1667 -11.750206 -151.39037
327.0874 -11.413673 -150.1496
327.06964 -10.972404 -148.99606
326.97247 -10.422127 -148.0145
326.97247 -10.422112 -148.0145
326.66608 -9.863884 -147.1433
326.12958 -9.352791 -146.33669
325.5437 -8.785515 -145.56287
325.54376 -8.785515 -145.56287
325.0346 -8.007042 -144.67703
324.7694 -6.89547 -143.37917
325.01404 -5.506233 -141.5308
325.62067 -4.1213 -139.42194
326.44208 -2.995171 -137.29291
326.44214 -2.995155 -137.29292
327.21802 -1.996315 -135.07506
327.903 -1.170525 -132.83902
328.45325 -0.450356 -130.46574
328.9406 0.020012 -128.15779
329.2766 0.312569 -125.79023
329.2766 0.312569 -125.79024
329.49384 0.529472 -123.51958
329.6963 0.77639 -121.50165
329.92133 1.075523 -119.79821
330.1524 1.413857 -118.230034
330.3647 1.780785 -116.716354
330.36462 1.780754 -116.716354
330.5459 2.193367 -115.12067
330.67096 2.67762 -113.3062
330.6577 3.263771 -111.13102
330.4599 3.968452 -108.605576
330.11914 4.716362 -106.090096
330.1192 4.716362 -106.09012
329.68146 5.545143 -103.53921
329.18573 6.452629 -100.93174
328.62476 7.490135 -98.06516
328.07507 8.557793 -95.11807
328.07513 8.557793 -95.11809
327.57556 9.499641 -92.401566
327.11615 10.255821 -90.04359
326.6223 10.921913 -87.73715
326.0276 11.560707 -85.22769
325.35358 12.128578 -82.64679
325.35364 12.128593 -82.64682
324.6184 12.625435 -80.0472
323.8269 13.062386 -77.44401
322.94147 13.452705 -74.78315
321.95184 13.814781 -72.05779
320.90784 14.137794 -69.39503
319.48865 14.497353 -66.00015
317.37045 14.924156 -61.11363
314.89215 15.520195 -54.60292
314.8921 15.52018 -54.60285
312.5835 16.215233 -46.904846
310.39722 16.466194 -39.03887
310.39725 16.46621 -39.038807
307.88025 16.020699 -31.259659
304.69394 15.215584 -23.714008
300.35754 15.034691 -16.676191
300.3575 15.034721 -16.676138
294.91934 16.187462 -10.506638
289.14258 18.220528 -5.181123
289.14258 18.220558 -5.181081
283.31024 20.925972 -0.240199
277.41006 23.984322 4.611532
271.6693 26.8014 9.681164
271.66934 26.80143 9.681209
266.99167 29.8787 15.329163
262.9581 32.789223 21.586557
262.9581 32.789253 21.586613
258.8901 34.618797 28.396873
255.12149 35.430656 35.56432
252.21445 35.845573 43.178524
252.21439 35.84556 43.17859
250.90952 35.650322 51.132607
251.4609 34.53161 58.881504
251.4609 34.531593 58.881565
253.57553 32.79023 66.15263
256.35007 30.958458 73.33298
258.62854 29.42495 80.85216
258.62857 29.424934 80.85222
260.32758 28.606682 88.7817
261.59656 28.730888 97.011955
261.5966 28.730904 97.012024
261.96613 29.440483 105.50894
260.43243 29.312355 114.081474
257.73642 27.798424 122.33009
257.7364 27.798393 122.330154
255.18323 25.835289 130.4329
253.46841 24.353004 138.68553
253.46838 24.35299 138.6856
252.30634 23.47535 147.11139
251.40045 23.259575 155.60883
250.65826 23.73925 164.06058
250.65823 23.73925 164.06065
250.09033 24.759575 172.35043
249.56516 25.94387 180.53926
249.56512 25.943886 180.53932
248.87766 26.94442 188.75455
247.99738 27.51043 197.04446
246.84238 27.525139 205.37282
246.84238 27.525154 205.37291
245.49872 27.144295 213.66464
244.10318 26.44262 221.8624
244.10309 26.442589 221.86244
242.35889 25.494896 229.94017
240.126 24.26258 237.86876
237.53265 22.669685 245.58287
237.53262 22.66967 245.58293
234.80142 20.697945 253.00827
232.00766 18.456627 260.15628
232.00763 18.456612 260.15634
228.9913 16.068703 267.07004
225.99527 13.383507 273.79016
222.90329 10.432487 280.3943
222.90323 10.432457 280.39432
219.36377 7.354683 286.95633
215.71945 3.953941 293.49902
212.18512 0.08474 300.05862
212.18509 0.084694 300.05865
208.61417 -4.189873 306.661
205.01413 -8.480812 313.28503
205.01416 -8.480827 313.2851
201.70746 -12.056145 319.9971
198.88641 -14.378441 326.76175
196.34317 -15.695473 333.43674
196.34311 -15.695488 333.4368
193.55704 -17.009468 340.0206
190.34607 -18.57203 346.53656
190.34604 -18.572044 346.53662
186.65085 -19.797844 352.96045
182.56763 -20.640602 359.26797
178.31876 -21.545158 365.32477
178.3187 -21.545174 365.32483
173.87631 -22.56179 371.0164
168.92953 -23.679329 376.25394
168.92947 -23.67936 376.254
163.06717 -24.841026 380.88727
155.85419 -25.427956 384.83728
146.14166 -24.489464 387.5335
146.14157 -24.489449 387.5335
133.34634 -21.332222 388.51743
122.54305 -18.837868 390.23062
122.54299 -18.837852 390.23062
332.6447 -11.006737 -220.51053
332.79785 -12.766212 -219.8021
332.9184 -14.220665 -218.98462
333.12042 -15.714272 -217.77504
333.44318 -17.32389 -215.87521
333.80005 -18.789284 -213.2381
334.00867 -19.768135 -210.24414
334.04102 -20.318825 -207.39494
334.04102 -20.31884 -207.39494
333.95898 -20.69886 -204.70517
333.79462 -21.051918 -202.07889
333.79462 -21.051918 -202.0789
333.55933 -21.374626 -199.34503
333.29803 -21.580666 -196.6514
333.03375 -21.608315 -193.92763
332.7829 -21.436455 -191.14209
332.5697 -21.064552 -188.37439
332.40613 -20.514458 -185.6171
332.40613 -20.514473 -185.61711
332.29236 -19.832039 -182.8907
332.21924 -19.072182 -180.19006
332.2193 -19.072166 -180.19008
332.17157 -18.304222 -177.52632
332.123 -17.548897 -174.84935
332.02692 -16.77726 -171.99284
332.02692 -16.777275 -171.99284
331.8379 -16.035011 -169.06488
331.5337 -15.363152 -166.26256
331.53375 -15.363167 -166.26256
331.12848 -14.758293 -163.69489
330.59998 -14.171837 -161.24326
329.89648 -13.54319 -158.71344
329.89636 -13.543221 -158.71342
329.04315 -12.901131 -156.27039
328.18817 -12.330132 -154.23889
328.18823 -12.330116 -154.2389
327.55328 -11.890221 -152.70764
327.24402 -11.551659 -151.4174
327.24402 -11.551643 -151.4174
327.16638 -11.218025 -150.18086
327.15015 -10.780769 -149.03448
327.05377 -10.235512 -148.06262
326.74707 -9.683342 -147.20312
326.2082 -9.179024 -146.4092
325.61774 -8.618629 -145.64777
325.61774 -8.618645 -145.64777
325.10077 -7.847252 -144.7739
324.82288 -6.742409 -143.48653
325.05133 -5.356422 -141.64143
325.64502 -3.968346 -139.52472
326.46143 -2.834816 -137.3829
326.4615 -2.834816 -137.38293
327.24225 -1.830482 -135.15863
327.9345 -0.995049 -132.91434
328.49414 -0.263237 -130.53308
328.989 0.222237 -128.20964
329.33344 0.529655 -125.826096
329.33344 0.529655 -125.82611
329.55603 0.758568 -123.54834
329.7597 1.012383 -121.53783
329.98297 1.313713 -119.84839
330.21265 1.65229 -118.29016
330.42456 2.018517 -116.78256
330.4245 2.018501 -116.78256
330.6068 2.430138 -115.18945
330.73425 2.913445 -113.37467
330.72552 3.498543 -111.19566
330.53204 4.201454 -108.66638
330.19482 4.946785 -106.14943
330.1949 4.9468 -106.14944
329.75934 5.772362 -103.60018
329.26495 6.676857 -100.99496
328.7044 7.712212 -98.129944
328.154 8.77906 -95.18331
328.154 8.779076 -95.18333
327.6537 9.721672 -92.463936
327.19397 10.479561 -90.10014
326.6999 11.147743 -87.78644
326.10474 11.789101 -85.268326
325.43024 12.360222 -82.67824
325.4303 12.360252 -82.67825
324.69482 12.860954 -80.071106
323.90338 13.30233 -77.46146
323.018 13.697365 -74.79416
322.02856 14.063667 -72.063446
320.9845 14.390053 -69.395966
319.56494 14.753197 -65.99639
317.446 15.184532 -61.104404
314.96835 15.782417 -54.596497
314.96826 15.782402 -54.59643
312.66113 16.479912 -46.904957
310.47235 16.737038 -39.026745
310.47238 16.737053 -39.026684
307.94882 16.296791 -31.221954
304.75607 15.497993 -23.657673
300.4258 15.324165 -16.626713
300.4258 15.324196 -16.62666
295.01175 16.483055 -10.481524
289.25732 18.51487 -5.170115
289.2573 18.514885 -5.170073
283.4419 21.211098 -0.240769
277.5489 24.261559 4.60512
271.80032 27.081642 9.675717
271.80032 27.081688 9.675762
267.12848 30.160744 15.300531
263.0895 33.077965 21.551367
263.0895 33.077995 21.551422
259.0034 34.925484 28.383865
255.21808 35.75869 35.58222
252.31122 36.188606 43.1969
252.31119 36.18859 43.19696
251.00949 36.005898 51.153076
251.57144 34.895927 58.916855
251.57147 34.895912 58.91692
253.70331 33.16192 66.19444
256.4861 31.341026 73.37229
258.7598 29.814735 80.887146
258.75983 29.81472 80.88721
260.44662 29.00016 88.7936
261.70612 29.128944 96.98398
261.70618 29.128975 96.98406
262.078 29.853966 105.465385
260.54492 29.74659 114.11042
257.82874 28.239006 122.45112
257.82867 28.23899 122.45118
255.27185 26.275124 130.58691
253.57507 24.801094 138.81429
253.57507 24.801079 138.81436
252.42722 23.932167 147.19464
251.52695 23.718529 155.64095
250.78525 24.189949 164.04512
250.78522 24.189934 164.04518
250.2139 25.193611 172.30156
249.68549 26.365852 180.48222
249.68549 26.365868 180.48228
248.99716 27.364296 188.7136
248.11694 27.934746 197.03233
246.96097 27.954704 205.39188
246.96097 27.954704 205.39195
245.61569 27.578255 213.7078
244.21817 26.882011 221.9241
244.21811 26.881966 221.92413
242.47043 25.942757 230.02318
240.2298 24.720192 237.98186
237.6242 23.134285 245.72754
237.6242 23.134285 245.72762
234.88031 21.166222 253.17723
232.07425 18.922707 260.34167
232.07422 18.922691 260.34174
229.04547 16.532509 267.2731
226.03616 13.847404 274.0161
222.93039 10.896843 280.6445
222.93036 10.896812 280.64456
219.37723 7.823906 287.23145
215.7196 4.430138 293.7997
212.17471 0.57534 300.38257
212.17471 0.575294 300.38263
208.59769 -3.678703 306.99225
205.01144 -7.941551 313.59753
205.01141 -7.941566 313.5976
201.75647 -11.467644 320.25345
199.0086 -13.742805 326.91434
196.5141 -15.031715 333.50848
196.51407 -15.031731 333.50854
193.72604 -16.330345 340.10608
190.49487 -17.893364 346.65964
190.4949 -17.893364 346.65973
186.78217 -19.132164 353.1049
182.6846 -19.986534 359.4257
178.42215 -20.8955 365.49564
178.42212 -20.895515 365.4957
173.965 -21.898918 371.20514
168.9946 -22.995308 376.4634
168.9946 -22.995308 376.4635
163.10309 -24.14135 381.1127
155.91144 -24.699425 385.0442
146.28232 -23.757011 387.7214
146.28223 -23.756996 387.72144
133.6391 -20.595192 388.71716
122.89254 -17.993263 390.38913
122.89245 -17.993248 390.38916
332.63275 -10.958504 -220.33061
332.79218 -12.686882 -219.61662
332.91888 -14.114021 -218.80269
333.12854 -15.583153 -217.61382
333.45044 -17.176155 -215.74622
333.79938 -18.63398 -213.14734
333.99896 -19.606804 -210.18936
334.0268 -20.152916 -207.36269
333.94318 -20.529457 -204.6816
333.94324 -20.529442 -204.6816
333.77777 -20.878944 -202.05663
333.77783 -20.87893 -202.05663
333.54187 -21.196983 -199.32558
333.28064 -21.397865 -196.63934
333.01715 -21.420906 -193.92723
332.76727 -21.24604 -191.15523
332.5548 -20.873405 -188.40114
332.39136 -20.32473 -185.65552
332.39136 -20.324715 -185.65553
332.27728 -19.644997 -182.93779
332.20374 -18.887962 -180.24196
332.2038 -18.887962 -180.24199
332.15576 -18.12185 -177.57898
332.1073 -17.367378 -174.90083
332.01196 -16.595787 -172.0426
332.01202 -16.595772 -172.0426
331.82434 -15.852547 -169.11232
331.52203 -15.178978 -166.30846
331.1189 -14.572166 -163.74086
330.5929 -13.983345 -161.29053
329.8924 -13.351952 -158.7628
329.89233 -13.351982 -158.7628
329.04272 -12.707817 -156.32204
328.1914 -12.136467 -154.29237
327.55945 -11.697716 -152.7628
327.2525 -11.361046 -151.47511
327.25256 -11.361046 -151.47511
327.17706 -11.030266 -150.24254
327.1623 -10.596901 -149.10176
327.06647 -10.056465 -148.1368
327.06653 -10.056465 -148.13681
326.75897 -9.510063 -147.2851
326.2174 -9.01223 -146.49896
325.6222 -8.458473 -145.74435
325.62213 -8.458473 -145.74435
325.09772 -7.693886 -144.87582
324.8084 -6.595543 -143.59042
325.02344 -5.212654 -141.73936
325.6076 -3.821571 -139.60664
326.4214 -2.680977 -137.44705
326.42145 -2.680977 -137.44707
327.20544 -1.671303 -135.218
327.90192 -0.826683 -132.96771
328.46613 -0.083687 -130.58269
328.96405 0.416298 -128.24529
329.3114 0.737984 -125.850815
329.3114 0.737968 -125.85083
329.5348 0.978401 -123.56936
329.73706 1.238884 -121.56497
329.95764 1.542336 -119.885925
330.18536 1.881142 -118.33568
330.3966 2.246681 -116.834175
330.39655 2.246651 -116.83417
330.5796 2.657402 -115.245544
330.70923 3.139793 -113.43397
330.70483 3.723839 -111.257454
330.51636 4.425087 -108.73088
330.1834 5.167961 -106.217476
330.18347 5.167976 -106.21749
329.75116 5.99044 -103.67263
329.2589 6.892036 -101.07102
328.69928 7.925331 -98.207924
328.14838 8.991432 -95.26106
328.14838 8.991432 -95.26108
327.64734 9.934807 -92.53876
327.18744 10.694313 -90.17025
326.69342 11.364479 -87.85098
326.09808 12.008324 -85.3264
325.42297 12.582588 -82.72959
325.42303 12.582603 -82.72961
324.68695 13.086998 -80.1172
323.89484 13.5326 -77.50342
323.0089 13.932198 -74.8325
322.01917 14.302498 -72.09933
320.9748 14.632149 -69.42977
319.55453 14.998695 -66.02775
317.4341 15.434364 -61.132282
314.9551 16.03408 -54.624084
314.95505 16.034065 -54.62402
312.64606 16.733925 -46.932056
310.45236 16.996971 -39.040863
310.45242 16.997002 -39.0408
307.9219 16.56173 -31.216057
304.72385 15.76899 -23.64263
300.40472 15.601967 -16.633049
300.4048 15.601982 -16.632996
295.02188 16.766762 -10.527589
289.29495 18.797356 -5.238613
289.2949 18.797386 -5.238571
283.4991 21.484734 -0.322674
277.61502 24.527626 4.517701
271.85657 27.350578 9.591899
271.85657 27.350624 9.591943
267.1793 30.43145 15.203036
263.12747 33.35508 21.45468
263.12747 33.35511 21.454737
259.01797 35.219795 28.311697
255.21033 36.073524 35.54088
252.2927 36.517815 43.16912
252.29266 36.517784 43.16918
250.98279 36.347145 51.154522
251.5502 35.24552 58.966507
251.55023 35.245506 58.966564
253.69968 33.51864 66.278175
256.48935 31.708214 73.46407
258.7541 30.18882 80.96804
258.7541 30.18882 80.96811
260.426 29.377754 88.8412
261.67325 29.51101 96.98324
261.67328 29.511024 96.98331
262.03995 30.250816 105.43199
260.5021 30.163338 114.1137
257.76553 28.661858 122.520325
257.76547 28.661827 122.520386
255.20218 26.697197 130.69041
253.5177 25.231117 138.90947
253.5177 25.231087 138.90953
252.38095 24.370567 147.25816
251.48642 24.159065 155.6613
250.74805 24.62249 164.02272
250.74799 24.62249 164.02278
250.17838 25.610176 172.2502
249.65082 26.770866 180.42427
249.65079 26.770866 180.42433
248.96304 27.76728 188.66875
248.08215 28.342033 197.01122
246.92398 28.366982 205.39633
246.92395 28.366982 205.39641
245.57587 27.994713 213.73056
244.17484 27.303673 221.95897
244.17474 27.303627 221.959
242.42151 26.372581 230.07097
240.17099 25.1594 238.04825
237.55273 23.580177 245.81287
237.5527 23.580162 245.81291
234.7969 21.615639 253.27649
231.98117 19.370049 260.44995
231.98117 19.370003 260.45
228.94171 16.977638 267.39288
225.91888 14.292534 274.1529
222.79837 11.342461 280.7999
222.79834 11.34243 280.79996
219.22903 8.274193 287.40506
215.55453 4.887154 293.9919
211.9938 1.046135 300.59045
211.99374 1.046089 300.59048
208.4075 -3.188164 307.19894
204.83096 -7.424049 313.78226
204.83096 -7.42408 313.78232
201.61398 -10.902885 320.3885
198.92227 -13.13279 326.95953
196.46558 -14.394661 333.47913
196.46558 -14.394661 333.47916
193.67432 -15.678596 340.08066
190.42758 -17.242043 346.66278
190.42761 -17.242058 346.66284
186.70557 -18.493294 353.12357
182.60196 -19.358803 359.45148
178.33258 -20.272041 365.5272
178.33252 -20.272057 365.52725
173.86536 -21.262749 371.23993
168.88037 -22.338799 376.49564
168.88034 -22.338814 376.4957
162.9751 -23.469826 381.1351
155.82614 -24.000252 385.02298
146.33966 -23.054085 387.66104
146.33954 -23.05407 387.66104
133.9162 -19.88787 388.6413
123.169334 -17.19291 390.24078
123.16924 -17.192894 390.24078
332.5558 -10.913567 -220.1595
332.71503 -12.611107 -219.43481
332.8446 -14.012169 -218.62097
333.063 -15.457954 -217.44763
333.38843 -17.035088 -215.60985
333.7351 -18.48568 -213.05045
333.92896 -19.452736 -210.13208
333.95288 -19.9945 -207.33118
333.95294 -19.994484 -207.3312
333.86713 -20.367668 -204.66113
333.86713 -20.367683 -204.66113
333.69952 -20.713768 -202.03957
333.6996 -20.713768 -202.03957
333.4616 -21.027351 -199.3128
333.1989 -21.22329 -196.63455
332.93475 -21.241966 -193.93372
332.68457 -21.064217 -191.1742
332.47192 -20.690865 -188.43214
332.30835 -20.143517 -185.69637
332.30835 -20.143501 -185.69638
332.1942 -19.466423 -182.98564
332.12073 -18.71209 -180.29332
332.1208 -18.712074 -180.29333
332.073 -17.9477 -177.63037
332.02502 -17.194054 -174.95111
331.93066 -16.422493 -172.09225
331.93066 -16.422478 -172.09225
331.7444 -15.678307 -169.16199
331.44373 -15.003136 -166.35968
331.4438 -15.003136 -166.3597
331.04248 -14.394447 -163.79565
330.51862 -13.803383 -161.3504
329.82104 -13.169365 -158.82895
329.82098 -13.169395 -158.82893
328.97528 -12.523232 -156.39482
328.12854 -11.951546 -154.37077
328.12854 -11.95153 -154.37077
327.50067 -11.513832 -152.84525
327.19696 -11.179024 -151.56107
327.19696 -11.179039 -151.56107
327.12384 -10.85099 -150.33217
327.11066 -10.421318 -149.1955
327.01532 -9.885475 -148.2348
326.70642 -9.344597 -147.38718
326.16174 -8.852913 -146.6043
325.56165 -8.305458 -145.85126
325.56165 -8.305489 -145.85126
325.0301 -7.547447 -144.9819
324.7306 -6.455299 -143.69054
324.9348 -5.075417 -141.82483
325.51288 -3.681435 -139.66866
326.32617 -2.53405 -137.48671
326.32623 -2.534035 -137.48674
327.11194 -1.519325 -135.25436
327.80975 -0.665947 -133.00029
328.37402 0.087761 -130.61546
328.87073 0.601616 -128.26562
329.21606 0.936913 -125.864944
329.21606 0.936913 -125.86496
329.4359 1.188316 -123.583046
329.63422 1.455147 -121.583534
329.8512 1.760597 -119.911415
330.07666 2.099632 -118.3673
330.28693 2.464561 -116.87195
330.28687 2.464531 -116.87194
330.4704 2.874428 -115.2895
330.60193 3.355904 -113.484375
330.60193 3.938972 -111.31623
330.4187 4.638618 -108.79844
330.091 5.379143 -106.29324
330.09106 5.379158 -106.29327
329.66272 6.198647 -103.75537
329.17334 7.097527 -101.15863
328.61523 8.128822 -98.297745
328.06384 9.194221 -95.34999
328.0639 9.194206 -95.350006
327.56232 10.138283 -92.62473
327.10248 10.899345 -90.2526
326.60852 11.571434 -87.92939
326.01318 12.217659 -85.40039
325.3376 12.794884 -82.79919
325.33765 12.794899 -82.7992
324.60052 13.302803 -80.183716
323.80713 13.752495 -77.56798
322.91998 14.15641 -74.89609
321.92963 14.530602 -72.16319
320.88464 14.863319 -69.49402
319.4634 15.233131 -66.091644
317.3407 15.672966 -61.19459
314.85876 16.274376 -54.683235
314.8587 16.27436 -54.68317
312.5446 16.976463 -46.98416
310.34387 17.24514 -39.079365
310.34387 17.245155 -39.079304
307.80624 16.81469 -31.23987
304.60382 16.027733 -23.666214
300.30054 15.86718 -16.691412
300.30057 15.867226 -16.691359
294.9553 17.03762 -10.639757
289.26035 19.0671 -5.380827
289.2603 19.067116 -5.380785
283.48666 21.746056 -0.479951
277.6129 24.78173 4.355273
271.84283 27.60743 9.435472
271.8428 27.607475 9.435517
267.14972 30.689903 15.041833
263.07797 33.61965 21.301184
263.07797 33.619698 21.301239
258.9404 35.500816 28.184809
255.10544 36.374123 35.444565
252.16678 36.832207 43.098484
252.16672 36.832176 43.098545
250.83801 36.673027 51.138237
251.40613 35.579353 59.02922
251.40616 35.579353 59.02929
253.57346 33.85923 66.40052
256.36856 32.058784 73.604225
258.62057 30.545952 81.09131
258.62057 30.545952 81.09137
260.27524 29.738274 88.92184
261.5077 29.875755 97.00794
261.50772 29.87577 97.00801
261.8623 30.629707 105.40829
260.31482 30.561241 114.09301
257.55786 29.065636 122.54073
257.55783 29.06559 122.540794
254.98535 27.100258 130.74617
253.30759 25.641685 138.97278
253.30759 25.641685 138.97284
252.17908 24.789177 147.30295
251.29031 24.579689 155.67052
250.55789 25.035454 163.99402
250.55786 25.035454 163.99408
249.99469 26.007896 172.19685
249.47177 27.15757 180.36578
249.47174 27.157585 180.36584
248.78592 28.152077 188.62053
247.90366 28.730904 196.9819
246.742 28.760643 205.38712
246.742 28.760643 205.38716
245.38995 28.392342 213.73415
243.98413 27.706276 221.96855
243.98407 27.706245 221.9686
242.2233 26.783073 230.08557
239.96106 25.578804 238.07062
237.32968 24.005928 245.84225
237.32965 24.005913 245.84233
234.56259 22.044746 253.31012
231.73969 19.797112 260.48566
231.73965 19.797096 260.48572
228.69128 17.402626 267.43433
225.65485 14.717567 274.20584
222.51868 11.767937 280.86594
222.51862 11.767906 280.866
218.931 8.704185 287.483
215.23639 5.323524 294.08182
211.65494 1.495659 300.68884
211.6549 1.495613 300.6889
208.05643 -2.71981 307.28827
204.48578 -6.929893 313.8467
204.48578 -6.929909 313.84677
201.29361 -10.363609 320.4096
198.64188 -12.550331 326.90424
196.21262 -13.786446 333.35562
196.21259 -13.786446 333.35568
193.41705 -15.056313 339.9519
190.15912 -16.62017 346.55396
190.15912 -16.62017 346.55402
186.43549 -17.883308 353.02478
182.33365 -18.759468 359.35422
178.06339 -19.67678 365.4287
178.06332 -19.676796 365.42877
173.59076 -20.655357 371.13074
168.59927 -21.711998 376.36234
168.59924 -21.712029 376.3624
162.6944 -22.828712 380.968
155.60834 -23.332695 384.789
146.31937 -22.382927 387.3694
146.31927 -22.382912 387.3694
134.17847 -19.212486 388.30887
123.37557 -16.451408 389.81308
123.37548 -16.451378 389.8131
332.4084 -10.87397 -220.0046
332.5569 -12.541328 -219.26163
332.68573 -13.918388 -218.44394
332.91394 -15.342598 -217.27972
333.24792 -16.905159 -215.4682
333.59906 -18.349098 -212.94873
333.79095 -19.310814 -210.0733
333.81177 -19.848564 -207.30136
333.81183 -19.848564 -207.30136
333.72327 -20.218666 -204.64474
333.7232 -20.218681 -204.64473
333.5523 -20.561623 -202.02887
333.55237 -20.561623 -202.02888
333.31067 -20.871101 -199.30806
333.0448 -21.062492 -196.63823
332.7782 -21.077156 -193.94794
332.52618 -20.896706 -191.1994
332.31244 -20.522713 -188.46732
332.14838 -19.9766 -185.73904
332.14844 -19.97657 -185.73906
332.0345 -19.301888 -183.0331
331.9616 -18.550056 -180.34271
331.96167 -18.550056 -180.34274
331.91467 -17.787254 -177.67903
331.86774 -17.03437 -174.99878
331.77454 -16.262856 -172.14056
331.7746 -16.26284 -172.14056
331.5896 -15.517784 -169.21297
331.29034 -14.841133 -166.41585
331.29034 -14.841133 -166.41586
330.89056 -14.230736 -163.85931
330.36847 -13.637581 -161.42337
329.67346 -13.001167 -158.9129
329.6734 -13.001198 -158.91289
328.8319 -12.353203 -156.49028
327.99072 -11.781212 -154.476
327.99078 -11.781181 -154.476
327.36816 -11.34449 -152.95717
327.06848 -11.011391 -151.67755
326.99817 -10.685844 -150.45195
326.98663 -10.259575 -149.31757
326.89117 -9.727974 -148.35802
326.89117 -9.727959 -148.35803
326.58057 -9.192192 -147.51006
326.03253 -8.706215 -146.72504
325.42755 -8.164604 -145.96759
325.4275 -8.164604 -145.96759
324.88947 -7.412514 -145.09023
324.5816 -6.326134 -143.78384
324.77808 -4.948997 -141.89383
325.35425 -3.552345 -139.70607
326.16937 -2.398705 -137.4971
326.16937 -2.398689 -137.49712
326.95514 -1.379341 -135.26328
327.65076 -0.51786 -133.00809
328.20996 0.245689 -130.62802
328.70074 0.772362 -128.26779
329.0382 1.120201 -125.866554
329.0382 1.120201 -125.86657
329.2497 1.381706 -123.58793
329.44122 1.654381 -121.59177
329.65363 1.961662 -119.92239
329.8764 2.30088 -118.3821
330.0855 2.66526 -116.892746
330.08545 2.665245 -116.89274
330.26904 3.074333 -115.31831
330.40216 3.555 -113.52326
330.40613 4.137184 -111.37008
330.2287 4.83535 -108.86785
329.90698 5.573692 -106.376076
329.90704 5.573708 -106.3761
329.4837 6.39048 -103.847946
328.99792 7.286827 -101.25741
328.44183 8.316338 -98.39907
327.89038 9.381004 -95.44971
327.89038 9.38102 -95.44972
327.3883 10.325706 -92.72152
326.92865 11.088203 -90.347046
326.43512 11.762047 -88.02191
325.83984 12.410484 -85.49099
325.16382 12.990456 -82.8882
325.16388 12.990486 -82.88822
324.4254 13.50161 -80.27221
323.62994 13.95504 -77.6571
322.74097 14.362938 -74.98733
321.7494 14.7407 -72.25782
320.70374 15.076271 -69.59188
319.28104 15.449074 -66.19162
317.15536 15.892738 -61.295223
314.66858 16.495735 -54.77747
314.66852 16.49572 -54.7774
312.3458 17.199883 -47.06395
310.13556 17.473763 -39.145145
310.1356 17.473778 -39.145084
307.59067 17.047722 -31.297466
304.38525 16.266106 -23.733881
300.10278 16.11155 -16.808493
300.10278 16.11155 -16.808443
294.80154 17.287148 -10.825615
289.14313 19.31559 -5.604815
289.14307 19.315605 -5.604774
283.39395 21.986778 -0.720522
277.532 25.015785 4.110109
271.7485 27.844048 9.198936
271.7485 27.844078 9.198981
267.02783 30.928032 14.810924
262.92868 33.863426 21.08575
262.92868 33.863457 21.085806
258.75824 35.759727 27.997747
254.8906 36.65107 35.287056
251.9198 37.121803 42.98001
251.91971 37.121788 42.980076
250.56036 36.973213 51.101833
251.12347 35.886925 59.105522
251.1235 35.886894 59.105587
253.3086 34.172997 66.56456
256.10745 32.381752 73.79694
258.3426 30.874977 81.260574
258.34265 30.874962 81.260635
259.97766 30.070381 89.03867
261.19278 30.211754 97.06144
261.1928 30.211784 97.06151
261.52762 30.978737 105.39633
259.96503 30.927773 114.04507
257.18805 29.437569 122.50426
257.188 29.437538 122.50432
254.60364 27.471535 130.74539
252.92606 26.019936 138.99767
252.92603 26.01992 138.99773
251.80215 25.174812 147.32494
250.91913 24.96714 155.66667
250.19562 25.415901 163.9587
250.19562 25.415901 163.95876
249.64432 26.374321 172.1425
249.1301 27.513817 180.30815
249.1301 27.513832 180.30821
248.4476 28.506523 188.56961
247.5633 29.089134 196.94374
246.39688 29.123299 205.36227
246.39688 29.123314 205.36235
245.03973 28.758675 213.7155
243.62772 28.077156 221.94873
243.62766 28.077126 221.94878
241.85724 27.161171 230.06148
239.58133 25.965126 238.04158
236.9368 24.39814 245.80641
236.9368 24.398125 245.80647
234.15958 22.440086 253.26712
231.33255 20.19056 260.43668
231.33252 20.190544 260.43674
228.27737 17.79412 267.38425
225.22751 15.109123 274.16052
222.0751 12.159904 280.82718
222.07507 12.159874 280.8272
218.46692 9.100288 287.44852
214.74908 5.725517 294.05133
211.1417 1.909782 300.65833
211.14163 1.909752 300.6584
207.52783 -2.288307 307.23978
203.95856 -6.474663 313.77066
203.95856 -6.474693 313.77072
200.77548 -9.866814 320.29852
198.14401 -12.013802 326.73416
195.72949 -13.226143 333.12622
195.72943 -13.226158 333.12628
192.92844 -14.48307 339.70676
189.66449 -16.04731 346.31833
189.66449 -16.047295 346.31842
185.94836 -17.321404 352.7926
181.85727 -18.207344 359.11694
177.5932 -19.128395 365.18228
177.59317 -19.12841 365.1823
173.12039 -20.095818 370.8579
168.13171 -21.13459 376.04102
168.13168 -21.13459 376.04108
162.24374 -22.238075 380.58594
155.24377 -22.71772 384.3149
146.21185 -21.764595 386.81757
146.21173 -21.764595 386.8176
134.4191 -18.59034 387.6878
123.49651 -15.803886 389.0874
123.49645 -15.803871 389.0874
113.23574 -15.811531 389.20862
331.9245 -9.86216 -220.77373
332.1422 -10.848137 -219.89345
332.25256 -12.492805 -219.1284
332.373 -13.853127 -218.29924
332.61224 -15.262367 -217.12978
332.96393 -16.814766 -215.33388
333.33246 -18.254082 -212.8502
333.53046 -19.21209 -210.01898
333.55035 -19.747063 -207.27872
333.55035 -19.747047 -207.27873
333.45807 -20.115013 -204.6389
333.458 -20.115013 -204.63889
333.28186 -20.455772 -202.0327
333.28186 -20.455757 -202.0327
333.0338 -20.762413 -199.3204
332.7616 -20.950645 -196.65887
332.4892 -20.962471 -193.97621
332.23248 -20.780205 -191.2342
332.0158 -20.405785 -188.50655
331.85077 -19.860497 -185.77994
331.85077 -19.860481 -185.77994
331.73743 -19.187477 -183.07373
331.66644 -18.43737 -180.3818
331.66644 -18.437355 -180.38182
331.62146 -17.675682 -177.71585
331.5763 -16.923317 -175.03491
331.48462 -16.151833 -172.17996
331.48462 -16.151817 -172.17998
331.3006 -15.406151 -169.26018
331.0019 -14.728447 -166.47496
331.0019 -14.728447 -166.47498
330.60266 -14.116814 -163.93306
330.08154 -13.52224 -161.5139
329.38812 -12.884148 -159.02266
329.38806 -12.884163 -159.02264
328.55072 -12.234871 -156.6201
327.7165 -11.662697 -154.62286
327.7165 -11.662697 -154.62288
327.101 -11.226707 -153.11542
326.80652 -10.894814 -151.84195
326.80646 -10.894798 -151.84193
326.73956 -10.570976 -150.61838
326.7293 -10.147087 -149.48228
326.63312 -9.618431 -148.5173
326.63318 -9.618431 -148.51732
326.32013 -9.086174 -147.66002
325.7683 -8.604179 -146.86203
325.15924 -8.066612 -146.08832
325.15918 -8.066612 -146.0883
324.61658 -7.318657 -145.18925
324.30475 -6.236244 -143.8511
324.5014 -4.861061 -141.9201
325.0843 -3.462563 -139.68819
325.90613 -2.304573 -137.44592
325.9062 -2.304573 -137.44595
326.68817 -1.28196 -135.21463
327.375 -0.414833 -132.9638
327.91907 0.355553 -130.59732
328.39478 0.891075 -128.23228
328.71338 1.247673 -125.84223
328.71338 1.247673 -125.84225
328.9076 1.516228 -123.57411
329.0874 1.792946 -121.57765
329.29388 2.101509 -119.90209
329.5136 2.440895 -118.36038
329.72107 2.804863 -116.87595
329.72107 2.804848 -116.875946
329.9041 3.213387 -115.3123
330.03778 3.693489 -113.53348
330.04486 4.275047 -111.40687
329.873 4.972176 -108.93222
329.5583 5.709023 -106.46284
329.5583 5.709038 -106.462845
329.1411 6.523918 -103.94888
328.66022 7.41851 -101.3665
328.107 8.44677 -98.511116
327.55585 9.510963 -95.55885
327.55585 9.510963 -95.55886
327.05365 10.456093 -92.828125
326.59448 11.219582 -90.45429
326.1018 11.894661 -88.13158
325.50708 12.544609 -85.60416
324.83063 13.126518 -83.00579
324.8307 13.126518 -83.00582
324.09015 13.639915 -80.394585
323.2915 14.09594 -77.7853
322.39954 14.506584 -75.12372
321.40588 14.886818 -72.40362
320.35925 15.224373 -69.74636
318.93454 15.599281 -66.353004
316.80457 16.045631 -61.461746
314.30966 16.649712 -54.931778
314.3096 16.649696 -54.93171
311.97202 17.355309 -47.19042
309.74878 17.632805 -39.258564
309.74875 17.63282 -39.258503
307.19724 17.209862 -31.417156
303.99194 16.431984 -23.883526
299.7379 16.281532 -17.031342
299.73788 16.281563 -17.03129
294.48828 17.460747 -11.139245
288.8709 19.48841 -5.968319
288.87085 19.488426 -5.968277
283.14786 22.154198 -1.101609
277.2994 25.178581 3.726132
271.50037 28.008598 8.827938
271.5004 28.008644 8.827983
266.7317 31.09365 14.466247
262.5932 34.03298 20.770529
262.59317 34.033012 20.770584
258.3842 35.939857 27.710852
254.47726 36.843773 35.023792
251.45535 37.323235 42.778297
251.45526 37.32322 42.778362
250.0448 37.182014 51.028698
250.5922 36.100838 59.1999
250.5922 36.100838 59.199966
252.7926 34.39126 66.793236
255.5911 32.606438 74.07305
257.80313 31.103874 81.50269
257.80313 31.103859 81.502754
259.41623 30.30143 89.21496
260.61102 30.445518 97.16726
260.61105 30.445549 97.16733
260.91272 31.22155 105.410095
259.3257 31.182808 113.94731
256.5323 29.696312 122.35547
256.5323 29.696297 122.35554
253.93173 27.72982 130.62843
252.24081 26.283058 138.94035
252.24081 26.283058 138.94041
251.11365 25.443062 147.29726
250.23547 25.236671 155.6364
249.5257 25.68058 163.91423
249.5257 25.680595 163.9143
248.99564 26.629204 172.09293
248.49786 27.76165 180.25961
248.49786 27.76165 180.25967
247.82132 28.753136 188.51964
246.93365 29.33831 196.89235
245.76044 29.375542 205.30858
245.76044 29.375557 205.30864
244.39633 29.013496 213.65349
242.97604 28.335167 221.87093
242.97598 28.335136 221.87097
241.19278 27.424171 229.96085
238.90115 26.233864 237.91052
236.24487 24.670952 245.64084
236.24487 24.670952 245.6409
233.46124 22.715065 253.07196
230.63681 20.464256 260.2196
230.63681 20.464241 260.21967
227.58023 18.06649 267.1522
224.5191 15.381508 273.91885
221.35129 12.432549 280.57758
221.35123 12.432533 280.5776
217.72086 9.375801 287.18698
213.9761 6.00515 293.77698
210.33551 2.197853 300.36646
210.33545 2.197823 300.36652
206.70193 -1.988136 306.91394
203.12445 -6.157997 313.41513
203.12445 -6.158012 313.41522
199.91693 -9.521263 319.92966
197.2627 -11.640572 326.34973
194.83481 -12.836372 332.70853
194.83481 -12.836388 332.7086
192.02649 -14.084297 339.25378
188.76828 -15.648781 345.8523
188.76825 -15.648796 345.8524
185.07724 -16.930504 352.31583
181.01398 -17.823235 358.62207
176.7699 -18.746895 364.66302
176.7699 -18.746895 364.66306
172.30759 -19.70655 370.28333
167.33994 -20.732903 375.374
167.3399 -20.732903 375.37402
161.50116 -21.827202 379.81055
154.62698 -22.289879 383.40753
145.94275 -21.33448 385.80124
145.94266 -21.33445 385.80124
134.58572 -18.157509 386.55292
123.442955 -15.387199 387.86853
123.44286 -15.387184 387.86853
113.23571 -15.811546 389.20856
POLYGONS 4166 16664
3 0 1 2
3 2 1 3
3 2 3 4
3 4 3 5
3 4 5 6
3 6 5 7
3 6 7 8
3 8 7 9
3 8 9 10
3 10 9 11
3 10 11 12
3 12 11 13
3 12 13 14
3 14 13 15
3 14 15 16
3 16 15 17
3 18 17 19
3 19 17 20
3 21 20 22
3 22 20 23
3 24 25 26
3 26 25 27
3 26 27 28
3 28 27 29
3 28 29 30
3 30 29 31
3 30 31 32
3 32 31 33
3 32 33 34
3 34 33 35
3 34 35 36
3 36 35 37
3 36 38 39
3 39 38 40
3 39 40 41
3 41 40 42
3 43 44 45
3 45 44 46
3 45 46 47
3 47 46 48
3 47 48 49
3 49 48 50
3 51 52 53
3 53 52 54
3 53 54 55
3 55 54 56
3 55 57 58
3 58 57 59
3 58 59 60
3 60 59 61
3 60 61 62
3 62 61 63
3 64 65 66
3 66 65 67
3 66 67 68
3 68 67 69
3 70 71 72
3 72 71 73
3 72 73 74
3 74 73 75
3 76 77 78
3 78 77 79
3 78 79 80
3 80 79 81
3 80 81 82
3 82 81 83
3 84 83 85
3 85 83 86
3 85 86 87
3 87 86 88
3 87 88 89
3 89 88 90
3 91 90 92
3 92 90 93
3 92 93 94
3 94 93 95
3 94 95 96
3 96 95 97
3 96 97 98
3 98 97 99
3 98 99 100
3 100 99 101
3 102 103 104
3 104 103 105
3 104 105 106
3 106 105 107
3 106 107 108
3 108 107 109
3 108 109 110
3 110 109 111
3 110 111 112
3 112 111 113
3 114 115 116
3 116 115 117
3 116 117 118
3 118 117 119
3 118 119 120
3 120 119 121
3 120 121 122
3 122 121 123
3 122 123 124
3 124 123 125
3 126 127 128
3 128 127 129
3 128 129 130
3 130 129 131
3 130 131 132
3 132 131 133
3 132 133 134
3 134 133 135
3 134 135 136
3 136 135 137
3 138 139 140
3 140 139 141
3 140 141 142
3 142 141 143
3 142 143 144
3 144 143 145
3 144 145 146
3 146 145 147
3 148 149 150
3 150 149 151
3 150 151 152
3 152 151 153
3 152 153 154
3 154 153 155
3 154 155 156
3 156 155 157
3 156 157 158
3 158 157 159
3 160 161 162
3 162 161 163
3 162 163 164
3 164 163 165
3 164 165 166
3 166 165 167
3 166 167 168
3 168 167 169
3 168 169 170
3 170 169 171
3 170 171 172
3 172 171 173
3 172 173 174
3 174 173 175
3 174 175 176
3 176 175 177
3 178 179 180
3 180 179 181
3 180 181 182
3 182 181 183
3 184 185 186
3 186 185 187
3 186 187 188
3 188 187 189
3 188 189 190
3 190 189 191
3 192 193 194
3 194 193 195
3 194 195 196
3 196 195 197
3 198 199 200
3 200 199 201
3 200 201 202
3 202 201 203
3 202 203 204
3 204 203 205
3 206 207 208
3 208 207 209
3 208 209 210
3 210 209 211
3 212 213 214
3 214 213 215
3 214 215 216
3 216 215 217
3 216 217 218
3 218 217 219
3 220 221 222
3 222 221 223
3 222 223 224
3 224 223 225
3 226 227 228
3 228 227 229
3 228 229 230
3 230 229 231
3 230 231 232
3 232 231 233
3 234 235 236
3 236 235 237
3 236 237 238
3 238 237 239
3 240 241 242
3 242 241 243
3 242 243 244
3 244 243 245
3 244 245 246
3 246 245 247
3 248 249 250
3 250 249 251
3 250 251 252
3 252 251 253
3 254 255 256
3 256 255 257
3 256 257 258
3 258 257 259
3 258 259 260
3 260 259 261
3 262 263 264
3 264 263 265
3 264 265 266
3 266 265 267
3 268 269 270
3 270 269 271
3 270 271 272
3 272 271 273
3 272 273 274
3 274 273 275
3 276 277 278
3 278 277 279
3 278 279 280
3 280 279 281
3 282 283 284
3 284 283 285
3 284 285 286
3 286 285 287
3 286 287 288
3 288 287 289
3 290 291 292
3 292 291 293
3 292 293 294
3 294 293 295
3 296 297 298
3 298 297 299
3 298 299 300
3 300 299 301
3 300 301 302
3 302 301 303
3 304 305 306
3 306 305 307
3 306 307 308
3 308 307 309
3 308 309 310
3 310 309 311
3 312 313 314
3 314 313 315
3 314 315 316
3 316 315 317
3 318 319 320
3 320 319 321
3 320 321 322
3 322 321 323
3 322 323 324
3 324 323 325
3 326 327 328
3 328 327 329
3 328 329 330
3 330 329 331
3 332 333 334
3 334 333 335
3 334 335 336
3 336 335 337
3 336 337 338
3 338 337 339
3 340 341 342
3 342 341 343
3 342 343 344
3 344 343 345
3 346 347 348
3 348 347 349
3 348 349 350
3 350 349 351
3 350 351 352
3 352 351 353
3 354 355 356
3 356 355 357
3 356 357 358
3 358 357 359
3 360 361 362
3 362 361 363
3 1 364 3
3 3 364 365
3 3 365 5
3 5 365 366
3 5 366 7
3 7 366 367
3 7 367 9
3 9 367 368
3 9 368 11
3 11 368 369
3 11 369 13
3 13 369 370
3 13 370 15
3 15 370 371
3 15 371 17
3 17 371 372
3 17 373 20
3 20 373 374
3 20 375 23
3 23 375 376
3 25 376 27
3 27 376 377
3 27 377 29
3 29 377 378
3 29 378 31
3 31 378 379
3 31 379 33
3 33 379 380
3 33 380 35
3 35 380 381
3 35 381 37
3 37 381 382
3 38 382 40
3 40 382 383
3 40 383 42
3 42 383 384
3 44 385 46
3 46 385 386
3 46 386 48
3 48 386 387
3 48 387 50
3 50 387 388
3 52 389 54
3 54 389 390
3 54 390 56
3 56 390 391
3 57 391 59
3 59 391 392
3 59 392 61
3 61 392 393
3 61 393 63
3 63 393 394
3 65 395 67
3 67 395 396
3 67 396 69
3 69 396 397
3 71 398 73
3 73 398 399
3 73 399 75
3 75 399 400
3 77 401 79
3 79 401 402
3 79 402 81
3 81 402 403
3 81 403 83
3 83 403 404
3 83 405 86
3 86 405 406
3 86 406 88
3 88 406 407
3 88 407 90
3 90 407 408
3 90 409 93
3 93 409 410
3 93 410 95
3 95 410 411
3 95 411 97
3 97 411 412
3 97 412 99
3 99 412 413
3 99 413 101
3 101 413 414
3 103 415 105
3 105 415 416
3 105 416 107
3 107 416 417
3 107 417 109
3 109 417 418
3 109 418 111
3 111 418 419
3 111 419 113
3 113 419 420
3 115 421 117
3 117 421 422
3 117 422 119
3 119 422 423
3 119 423 121
3 121 423 424
3 121 424 123
3 123 424 425
3 123 425 125
3 125 425 426
3 127 427 129
3 129 427 428
3 129 428 131
3 131 428 429
3 131 429 133
3 133 429 430
3 133 430 135
3 135 430 431
3 135 431 137
3 137 431 432
3 139 433 141
3 141 433 434
3 141 434 143
3 143 434 435
3 143 435 145
3 145 435 436
3 145 436 147
3 147 436 437
3 149 438 151
3 151 438 439
3 151 439 153
3 153 439 440
3 153 440 155
3 155 440 441
3 155 441 157
3 157 441 442
3 157 442 159
3 159 442 443
3 161 444 163
3 163 444 445
3 163 445 165
3 165 445 446
3 165 446 167
3 167 446 447
3 167 447 169
3 169 447 448
3 169 448 171
3 171 448 449
3 171 449 173
3 173 449 450
3 173 450 175
3 175 450 451
3 175 451 177
3 177 451 452
3 179 453 181
3 181 453 454
3 181 454 183
3 183 454 455
3 185 456 187
3 187 456 457
3 187 457 189
3 189 457 458
3 189 458 191
3 191 458 459
3 193 460 195
3 195 460 461
3 195 461 197
3 197 461 462
3 199 463 201
3 201 463 464
3 201 464 203
3 203 464 465
3 203 465 205
3 205 465 466
3 207 467 209
3 209 467 468
3 209 468 211
3 211 468 469
3 213 470 215
3 215 470 471
3 215 471 217
3 217 471 472
3 217 472 219
3 219 472 473
3 221 474 223
3 223 474 475
3 223 475 225
3 225 475 476
3 227 477 229
3 229 477 478
3 229 478 231
3 231 478 479
3 231 479 233
3 233 479 480
3 235 481 237
3 237 481 482
3 237 482 239
3 239 482 483
3 241 484 243
3 243 484 485
3 243 485 245
3 245 485 486
3 245 486 247
3 247 486 487
3 249 488 251
3 251 488 489
3 251 489 253
3 253 489 490
3 255 491 257
3 257 491 492
3 257 492 259
3 259 492 493
3 259 493 261
3 261 493 494
3 263 495 265
3 265 495 496
3 265 496 267
3 267 496 497
3 269 498 271
3 271 498 499
3 271 499 273
3 273 499 500
3 273 500 275
3 275 500 501
3 277 502 279
3 279 502 503
3 279 503 281
3 281 503 504
3 283 505 285
3 285 505 506
3 285 506 287
3 287 506 507
3 287 507 289
3 289 507 508
3 291 509 293
3 293 509 510
3 293 510 295
3 295 510 511
3 297 512 299
3 299 512 513
3 299 513 301
3 301 513 514
3 301 514 303
3 303 514 515
3 305 516 307
3 307 516 517
3 307 517 309
3 309 517 518
3 309 518 311
3 311 518 519
3 313 520 315
3 315 520 521
3 315 521 317
3 317 521 522
3 319 523 321
3 321 523 524
3 321 524 323
3 323 524 525
3 323 525 325
3 325 525 526
3 327 527 329
3 329 527 528
3 329 528 331
3 331 528 529
3 333 530 335
3 335 530 531
3 335 531 337
3 337 531 532
3 337 532 339
3 339 532 533
3 341 534 343
3 343 534 535
3 343 535 345
3 345 535 536
3 347 537 349
3 349 537 538
3 349 538 351
3 351 538 539
3 351 539 353
3 353 539 540
3 355 541 357
3 357 541 542
3 357 542 359
3 359 542 543
3 361 544 363
3 364 545 365
3 365 545 546
3 365 546 366
3 366 546 547
3 366 547 367
3 367 547 548
3 367 548 368
3 368 548 549
3 368 549 369
3 369 549 550
3 369 550 370
3 370 550 551
3 370 551 371
3 371 551 552
3 371 552 372
3 372 552 553
3 373 554 374
3 374 554 555
3 375 555 376
3 376 555 556
3 376 557 377
3 377 557 558
3 377 558 378
3 378 558 559
3 378 559 379
3 379 559 560
3 379 560 380
3 380 560 561
3 380 561 381
3 381 561 562
3 381 562 382
3 382 562 563
3 382 563 383
3 383 563 564
3 383 564 384
3 384 564 565
3 385 566 386
3 386 566 567
3 386 567 387
3 387 567 568
3 387 568 388
3 388 568 569
3 389 570 390
3 390 570 571
3 390 571 391
3 391 571 572
3 391 573 392
3 392 573 574
3 392 574 393
3 393 574 575
3 393 575 394
3 394 575 576
3 395 577 396
3 396 577 578
3 396 578 397
3 397 578 579
3 398 580 399
3 399 580 581
3 399 581 400
3 400 581 582
3 401 583 402
3 402 583 584
3 402 584 403
3 403 584 585
3 403 585 404
3 404 585 586
3 405 586 406
3 406 586 587
3 406 587 407
3 407 587 588
3 407 588 408
3 408 588 589
3 409 590 410
3 410 590 591
3 410 591 411
3 411 591 592
3 411 592 412
3 412 592 593
3 412 593 413
3 413 593 594
3 413 594 414
3 414 594 595
3 415 596 416
3 416 596 597
3 416 597 417
3 417 597 598
3 417 598 418
3 418 598 599
3 418 599 419
3 419 599 600
3 419 600 420
3 420 600 601
3 421 602 422
3 422 602 603
3 422 603 423
3 423 603 604
3 423 604 424
3 424 604 605
3 424 605 425
3 425 605 606
3 425 606 426
3 426 606 607
3 427 608 428
3 428 608 609
3 428 609 429
3 429 609 610
3 429 610 430
3 430 610 611
3 430 611 431
3 431 611 612
3 431 612 432
3 432 612 613
3 433 614 434
3 434 614 615
3 434 615 435
3 435 615 616
3 435 616 436
3 436 616 617
3 436 617 437
3 437 617 618
3 438 619 439
3 439 619 620
3 439 620 440
3 440 620 621
3 440 621 441
3 441 621 622
3 441 622 442
3 442 622 623
3 442 623 443
3 443 623 624
3 444 625 445
3 445 625 626
3 445 626 446
3 446 626 627
3 446 627 447
3 447 627 628
3 447 628 448
3 448 628 629
3 448 629 449
3 449 629 630
3 449 630 450
3 450 630 631
3 450 631 451
3 451 631 632
3 451 632 452
3 452 632 633
3 453 634 454
3 454 634 635
3 454 635 455
3 455 635 636
3 456 637 457
3 457 637 638
3 457 638 458
3 458 638 639
3 458 639 459
3 459 639 640
3 460 641 461
3 461 641 642
3 461 642 462
3 462 642 643
3 463 644 464
3 464 644 645
3 464 645 465
3 465 645 646
3 465 646 466
3 466 646 647
3 467 648 468
3 468 648 649
3 468 649 469
3 469 649 650
3 470 651 471
3 471 651 652
3 471 652 472
3 472 652 653
3 472 653 473
3 473 653 654
3 474 655 475
3 475 655 656
3 475 656 476
3 476 656 657
3 477 658 478
3 478 658 659
3 478 659 479
3 479 659 660
3 479 660 480
3 480 660 661
3 481 662 482
3 482 662 663
3 482 663 483
3 483 663 664
3 484 665 485
3 485 665 666
3 485 666 486
3 486 666 667
3 486 667 487
3 487 667 668
3 488 669 489
3 489 669 670
3 489 670 490
3 490 670 671
3 491 672 492
3 492 672 673
3 492 673 493
3 493 673 674
3 493 674 494
3 494 674 675
3 495 676 496
3 496 676 677
3 496 677 497
3 497 677 678
3 498 679 499
3 499 679 680
3 499 680 500
3 500 680 681
3 500 681 501
3 501 681 682
3 502 683 503
3 503 683 684
3 503 684 504
3 504 684 685
3 505 686 506
3 506 686 687
3 506 687 507
3 507 687 688
3 507 688 508
3 508 688 689
3 509 690 510
3 510 690 691
3 510 691 511
3 511 691 692
3 512 693 513
3 513 693 694
3 513 694 514
3 514 694 695
3 514 695 515
3 515 695 696
3 516 697 517
3 517 697 698
3 517 698 518
3 518 698 699
3 518 699 519
3 519 699 700
3 520 701 521
3 521 701 702
3 521 702 522
3 522 702 703
3 523 704 524
3 524 704 705
3 524 705 525
3 525 705 706
3 525 706 526
3 526 706 707
3 527 708 528
3 528 708 709
3 528 709 529
3 529 709 710
3 530 711 531
3 531 711 712
3 531 712 532
3 532 712 713
3 532 713 533
3 533 713 714
3 534 715 535
3 535 715 716
3 535 716 536
3 536 716 717
3 537 718 538
3 538 718 719
3 538 719 539
3 539 719 720
3 539 720 540
3 540 720 721
3 541 722 542
3 542 722 723
3 542 723 543
3 543 723 724
3 544 725 363
3 363 725 726
3 727 364 728
3 728 364 729
3 728 729 730
3 730 729 731
3 730 731 732
3 732 731 733
3 732 733 734
3 734 733 735
3 734 735 736
3 736 735 737
3 736 737 738
3 738 737 739
3 738 739 740
3 740 739 741
3 740 741 742
3 742 741 743
3 744 745 746
3 746 745 747
3 746 748 556
3 556 748 749
3 750 751 752
3 752 751 753
3 752 753 754
3 754 753 755
3 754 755 756
3 756 755 757
3 756 757 758
3 758 757 759
3 758 759 760
3 760 759 761
3 760 761 762
3 762 761 763
3 762 764 765
3 765 764 766
3 765 766 565
3 565 766 767
3 566 768 567
3 567 768 769
3 567 769 770
3 770 769 771
3 770 771 772
3 772 771 773
3 774 775 571
3 571 775 776
3 571 776 777
3 777 776 778
3 779 780 781
3 781 780 782
3 781 782 783
3 783 782 784
3 783 784 576
3 576 784 785
3 577 786 578
3 578 786 787
3 578 787 788
3 788 787 789
3 790 791 792
3 792 791 793
3 792 793 794
3 794 793 795
3 583 796 797
3 797 796 798
3 797 798 799
3 799 798 800
3 799 800 801
3 801 800 802
3 801 803 804
3 804 803 805
3 804 805 806
3 806 805 807
3 806 807 808
3 808 807 809
3 810 811 812
3 812 811 813
3 812 813 592
3 592 813 814
3 592 814 815
3 815 814 816
3 815 816 817
3 817 816 818
3 817 818 819
3 819 818 820
3 596 821 597
3 597 821 822
3 597 822 823
3 823 822 824
3 823 824 825
3 825 824 826
3 825 826 600
3 600 826 827
3 600 827 828
3 828 827 829
3 602 830 831
3 831 830 832
3 831 832 833
3 833 832 834
3 833 834 835
3 835 834 836
3 835 836 606
3 606 836 837
3 606 837 838
3 838 837 839
3 840 841 842
3 842 841 843
3 842 843 844
3 844 843 845
3 844 845 846
3 846 845 847
3 846 847 848
3 848 847 849
3 848 849 850
3 850 849 851
3 852 853 854
3 854 853 855
3 854 855 856
3 856 855 857
3 856 857 858
3 858 857 859
3 858 859 860
3 860 859 861
3 862 863 864
3 864 863 865
3 864 865 866
3 866 865 867
3 866 867 868
3 868 867 869
3 868 869 870
3 870 869 871
3 870 871 872
3 872 871 873
3 874 875 876
3 876 875 877
3 876 877 878
3 878 877 879
3 878 879 628
3 628 879 880
3 628 880 881
3 881 880 882
3 881 882 883
3 883 882 884
3 883 884 885
3 885 884 886
3 885 886 887
3 887 886 888
3 887 888 889
3 889 888 890
3 891 892 893
3 893 892 894
3 893 894 895
3 895 894 896
3 897 898 899
3 899 898 900
3 899 900 901
3 901 900 902
3 901 902 903
3 903 902 904
3 905 906 907
3 907 906 908
3 907 908 643
3 643 908 909
3 910 911 645
3 645 911 912
3 645 912 913
3 913 912 914
3 913 914 647
3 647 914 915
3 916 917 649
3 649 917 918
3 649 918 919
3 919 918 920
3 921 922 923
3 923 922 924
3 923 924 925
3 925 924 926
3 925 926 927
3 927 926 928
3 929 930 931
3 931 930 932
3 931 932 933
3 933 932 934
3 935 936 937
3 937 936 938
3 937 938 939
3 939 938 940
3 939 940 941
3 941 940 942
3 943 944 945
3 945 944 946
3 945 946 947
3 947 946 948
3 949 950 951
3 951 950 952
3 951 952 953
3 953 952 954
3 953 954 955
3 955 954 956
3 957 958 670
3 670 958 959
3 670 959 960
3 960 959 961
3 672 962 963
3 963 962 964
3 963 964 965
3 965 964 966
3 965 966 967
3 967 966 968
3 969 970 971
3 971 970 972
3 971 972 973
3 973 972 974
3 975 976 977
3 977 976 978
3 977 978 979
3 979 978 980
3 979 980 682
3 682 980 981
3 982 983 984
3 984 983 985
3 984 985 986
3 986 985 987
3 988 989 990
3 990 989 991
3 990 991 688
3 688 991 992
3 688 992 993
3 993 992 994
3 690 995 996
3 996 995 997
3 996 997 998
3 998 997 999
3 1000 1001 1002
3 1002 1001 1003
3 1002 1003 1004
3 1004 1003 1005
3 1004 1005 696
3 696 1005 1006
3 697 1007 698
3 698 1007 1008
3 698 1008 1009
3 1009 1008 1010
3 1009 1010 1011
3 1011 1010 1012
3 1013 1014 1015
3 1015 1014 1016
3 1015 1016 1017
3 1017 1016 1018
3 1019 1020 1021
3 1021 1020 1022
3 1021 1022 1023
3 1023 1022 1024
3 1023 1024 1025
3 1025 1024 1026
3 1027 1028 1029
3 1029 1028 1030
3 1029 1030 1031
3 1031 1030 1032
3 711 1033 1034
3 1034 1033 1035
3 1034 1035 1036
3 1036 1035 1037
3 1036 1037 1038
3 1038 1037 1039
3 1040 1041 1042
3 1042 1041 1043
3 1042 1043 1044
3 1044 1043 1045
3 1046 1047 1048
3 1048 1047 1049
3 1048 1049 1050
3 1050 1049 1051
3 1050 1051 1052
3 1052 1051 1053
3 1054 1055 1056
3 1056 1055 1057
3 1056 1057 1058
3 1058 1057 1059
3 1060 1061 1062
3 1062 1061 1063
3 729 364 1064
3 729 1064 731
3 731 1064 1065
3 731 1065 733
3 733 1065 1066
3 733 1066 735
3 735 1066 1067
3 735 1067 737
3 737 1067 1068
3 737 1068 739
3 739 1068 1069
3 739 1069 741
3 741 1069 1070
3 741 1070 743
3 743 1070 1071
3 745 1071 747
3 747 1071 1072
3 748 1073 749
3 749 1073 1074
3 751 1075 753
3 753 1075 1076
3 753 1076 755
3 755 1076 1077
3 755 1077 757
3 757 1077 1078
3 757 1078 759
3 759 1078 1079
3 759 1079 761
3 761 1079 1080
3 761 1080 763
3 763 1080 1081
3 764 1081 766
3 766 1081 1082
3 766 1082 767
3 767 1082 1083
3 768 1084 769
3 769 1084 1085
3 769 1085 771
3 771 1085 1086
3 771 1086 773
3 773 1086 1087
3 775 1088 776
3 776 1088 1089
3 776 1089 778
3 778 1089 1090
3 780 1091 782
3 782 1091 1092
3 782 1092 784
3 784 1092 1093
3 784 1093 785
3 785 1093 1094
3 786 1095 787
3 787 1095 1096
3 787 1096 789
3 789 1096 1097
3 791 1098 793
3 793 1098 1099
3 793 1099 795
3 795 1099 1100
3 796 1101 798
3 798 1101 1102
3 798 1102 800
3 800 1102 1103
3 800 1103 802
3 802 1103 1104
3 803 1105 805
3 805 1105 1106
3 805 1106 807
3 807 1106 1107
3 807 1107 809
3 809 1107 1108
3 811 1109 813
3 813 1109 1110
3 813 1110 814
3 814 1110 1111
3 814 1111 816
3 816 1111 1112
3 816 1112 818
3 818 1112 1113
3 818 1113 820
3 820 1113 1114
3 821 1115 822
3 822 1115 1116
3 822 1116 824
3 824 1116 1117
3 824 1117 826
3 826 1117 1118
3 826 1118 827
3 827 1118 1119
3 827 1119 829
3 829 1119 1120
3 830 1121 832
3 832 1121 1122
3 832 1122 834
3 834 1122 1123
3 834 1123 836
3 836 1123 1124
3 836 1124 837
3 837 1124 1125
3 837 1125 839
3 839 1125 1126
3 841 1127 843
3 843 1127 1128
3 843 1128 845
3 845 1128 1129
3 845 1129 847
3 847 1129 1130
3 847 1130 849
3 849 1130 1131
3 849 1131 851
3 851 1131 1132
3 853 1133 855
3 855 1133 1134
3 855 1134 857
3 857 1134 1135
3 857 1135 859
3 859 1135 1136
3 859 1136 861
3 861 1136 1137
3 863 1138 865
3 865 1138 1139
3 865 1139 867
3 867 1139 1140
3 867 1140 869
3 869 1140 1141
3 869 1141 871
3 871 1141 1142
3 871 1142 873
3 873 1142 1143
3 875 1144 877
3 877 1144 1145
3 877 1145 879
3 879 1145 1146
3 879 1146 880
3 880 1146 1147
3 880 1147 882
3 882 1147 1148
3 882 1148 884
3 884 1148 1149
3 884 1149 886
3 886 1149 1150
3 886 1150 888
3 888 1150 1151
3 888 1151 890
3 890 1151 1152
3 892 1153 894
3 894 1153 1154
3 894 1154 896
3 896 1154 1155
3 898 1156 900
3 900 1156 1157
3 900 1157 902
3 902 1157 1158
3 902 1158 904
3 904 1158 1159
3 906 1160 908
3 908 1160 1161
3 908 1161 909
3 909 1161 1162
3 911 1163 912
3 912 1163 1164
3 912 1164 914
3 914 1164 1165
3 914 1165 915
3 915 1165 1166
3 917 1167 918
3 918 1167 1168
3 918 1168 920
3 920 1168 1169
3 922 1170 924
3 924 1170 1171
3 924 1171 926
3 926 1171 1172
3 926 1172 928
3 928 1172 1173
3 930 1174 932
3 932 1174 1175
3 932 1175 934
3 934 1175 1176
3 936 1177 938
3 938 1177 1178
3 938 1178 940
3 940 1178 1179
3 940 1179 942
3 942 1179 1180
3 944 1181 946
3 946 1181 1182
3 946 1182 948
3 948 1182 1183
3 950 1184 952
3 952 1184 1185
3 952 1185 954
3 954 1185 1186
3 954 1186 956
3 956 1186 1187
3 958 1188 959
3 959 1188 1189
3 959 1189 961
3 961 1189 1190
3 962 1191 964
3 964 1191 1192
3 964 1192 966
3 966 1192 1193
3 966 1193 968
3 968 1193 1194
3 970 1195 972
3 972 1195 1196
3 972 1196 974
3 974 1196 1197
3 976 1198 978
3 978 1198 1199
3 978 1199 980
3 980 1199 1200
3 980 1200 981
3 981 1200 1201
3 983 1202 985
3 985 1202 1203
3 985 1203 987
3 987 1203 1204
3 989 1205 991
3 991 1205 1206
3 991 1206 992
3 992 1206 1207
3 992 1207 994
3 994 1207 1208
3 995 1209 997
3 997 1209 1210
3 997 1210 999
3 999 1210 1211
3 1001 1212 1003
3 1003 1212 1213
3 1003 1213 1005
3 1005 1213 1214
3 1005 1214 1006
3 1006 1214 1215
3 1007 1216 1008
3 1008 1216 1217
3 1008 1217 1010
3 1010 1217 1218
3 1010 1218 1012
3 1012 1218 1219
3 1014 1220 1016
3 1016 1220 1221
3 1016 1221 1018
3 1018 1221 1222
3 1020 1223 1022
3 1022 1223 1224
3 1022 1224 1024
3 1024 1224 1225
3 1024 1225 1026
3 1026 1225 1226
3 1028 1227 1030
3 1030 1227 1228
3 1030 1228 1032
3 1032 1228 1229
3 1033 1230 1035
3 1035 1230 1231
3 1035 1231 1037
3 1037 1231 1232
3 1037 1232 1039
3 1039 1232 1233
3 1041 1234 1043
3 1043 1234 1235
3 1043 1235 1045
3 1045 1235 1236
3 1047 1237 1049
3 1049 1237 1238
3 1049 1238 1051
3 1051 1238 1239
3 1051 1239 1053
3 1053 1239 1240
3 1055 1241 1057
3 1057 1241 1242
3 1057 1242 1059
3 1059 1242 1243
3 1061 1244 1063
3 1063 1244 1245
3 364 1246 1064
3 1064 1246 1247
3 1064 1247 1065
3 1065 1247 1248
3 1065 1248 1066
3 1066 1248 1249
3 1066 1249 1067
3 1067 1249 1250
3 1067 1250 1068
3 1068 1250 1251
3 1068 1251 1069
3 1069 1251 1252
3 1069 1252 1070
3 1070 1252 1253
3 1070 1253 1071
3 1071 1253 1254
3 1071 1255 1072
3 1072 1255 1256
3 1073 1257 1074
3 1074 1257 1258
3 1075 1259 1076
3 1076 1259 1260
3 1076 1260 1077
3 1077 1260 1261
3 1077 1261 1078
3 1078 1261 1262
3 1078 1262 1079
3 1079 1262 1263
3 1079 1263 1080
3 1080 1263 1264
3 1080 1264 1081
3 1081 1264 1265
3 1081 1266 1082
3 1082 1266 1267
3 1082 1267 1083
3 1083 1267 1268
3 1084 1269 1085
3 1085 1269 1270
3 1085 1270 1086
3 1086 1270 1271
3 1086 1271 1087
3 1087 1271 1272
3 1088 1273 1089
3 1089 1273 1274
3 1089 1274 1090
3 1090 1274 1275
3 1091 1275 1092
3 1092 1275 1276
3 1092 1276 1093
3 1093 1276 1277
3 1093 1277 1094
3 1094 1277 1278
3 1095 1279 1096
3 1096 1279 1280
3 1096 1280 1097
3 1097 1280 1281
3 1098 1282 1099
3 1099 1282 1283
3 1099 1283 1100
3 1100 1283 1284
3 1101 1285 1102
3 1102 1285 1286
3 1102 1286 1103
3 1103 1286 1287
3 1103 1287 1104
3 1104 1287 1288
3 1105 1289 1106
3 1106 1289 1290
3 1106 1290 1107
3 1107 1290 1291
3 1107 1291 1108
3 1108 1291 1292
3 1109 1293 1110
3 1110 1293 1294
3 1110 1294 1111
3 1111 1294 1295
3 1111 1295 1112
3 1112 1295 1296
3 1112 1296 1113
3 1113 1296 1297
3 1113 1297 1114
3 1114 1297 1298
3 1115 1299 1116
3 1116 1299 1300
3 1116 1300 1117
3 1117 1300 1301
3 1117 1301 1118
3 1118 1301 1302
3 1118 1302 1119
3 1119 1302 1303
3 1119 1303 1120
3 1120 1303 1304
3 1121 1305 1122
3 1122 1305 1306
3 1122 1306 1123
3 1123 1306 1307
3 1123 1307 1124
3 1124 1307 1308
3 1124 1308 1125
3 1125 1308 1309
3 1125 1309 1126
3 1126 1309 1310
3 1127 1311 1128
3 1128 1311 1312
3 1128 1312 1129
3 1129 1312 1313
3 1129 1313 1130
3 1130 1313 1314
3 1130 1314 1131
3 1131 1314 1315
3 1131 1315 1132
3 1132 1315 1316
3 1133 1317 1134
3 1134 1317 1318
3 1134 1318 1135
3 1135 1318 1319
3 1135 1319 1136
3 1136 1319 1320
3 1136 1320 1137
3 1137 1320 1321
3 1138 1322 1139
3 1139 1322 1323
3 1139 1323 1140
3 1140 1323 1324
3 1140 1324 1141
3 1141 1324 1325
3 1141 1325 1142
3 1142 1325 1326
3 1142 1326 1143
3 1143 1326 1327
3 1144 1328 1145
3 1145 1328 1329
3 1145 1329 1146
3 1146 1329 1330
3 1146 1330 1147
3 1147 1330 1331
3 1147 1331 1148
3 1148 1331 1332
3 1148 1332 1149
3 1149 1332 1333
3 1149 1333 1150
3 1150 1333 1334
3 1150 1334 1151
3 1151 1334 1335
3 1151 1335 1152
3 1152 1335 1336
3 1153 1337 1154
3 1154 1337 1338
3 1154 1338 1155
3 1155 1338 1339
3 1156 1340 1157
3 1157 1340 1341
3 1157 1341 1158
3 1158 1341 1342
3 1158 1342 1159
3 1159 1342 1343
3 1160 1344 1161
3 1161 1344 1345
3 1161 1345 1162
3 1162 1345 1346
3 1163 1347 1164
3 1164 1347 1348
3 1164 1348 1165
3 1165 1348 1349
3 1165 1349 1166
3 1166 1349 1350
3 1167 1351 1168
3 1168 1351 1352
3 1168 1352 1169
3 1169 1352 1353
3 1170 1354 1171
3 1171 1354 1355
3 1171 1355 1172
3 1172 1355 1356
3 1172 1356 1173
3 1173 1356 1357
3 1174 1358 1175
3 1175 1358 1359
3 1175 1359 1176
3 1176 1359 1360
3 1177 1361 1178
3 1178 1361 1362
3 1178 1362 1179
3 1179 1362 1363
3 1179 1363 1180
3 1180 1363 1364
3 1181 1365 1182
3 1182 1365 1366
3 1182 1366 1183
3 1183 1366 1367
3 1184 1368 1185
3 1185 1368 1369
3 1185 1369 1186
3 1186 1369 1370
3 1186 1370 1187
3 1187 1370 1371
3 1188 1372 1189
3 1189 1372 1373
3 1189 1373 1190
3 1190 1373 1374
3 1191 1375 1192
3 1192 1375 1376
3 1192 1376 1193
3 1193 1376 1377
3 1193 1377 1194
3 1194 1377 1378
3 1195 1379 1196
3 1196 1379 1380
3 1196 1380 1197
3 1197 1380 1381
3 1198 1382 1199
3 1199 1382 1383
3 1199 1383 1200
3 1200 1383 1384
3 1200 1384 1201
3 1201 1384 1385
3 1202 1386 1203
3 1203 1386 1387
3 1203 1387 1204
3 1204 1387 1388
3 1205 1389 1206
3 1206 1389 1390
3 1206 1390 1207
3 1207 1390 1391
3 1207 1391 1208
3 1208 1391 1392
3 1209 1393 1210
3 1210 1393 1394
3 1210 1394 1211
3 1211 1394 1395
3 1212 1396 1213
3 1213 1396 1397
3 1213 1397 1214
3 1214 1397 1398
3 1214 1398 1215
3 1215 1398 1399
3 1216 1400 1217
3 1217 1400 1401
3 1217 1401 1218
3 1218 1401 1402
3 1218 1402 1219
3 1219 1402 1403
3 1220 1404 1221
3 1221 1404 1405
3 1221 1405 1222
3 1222 1405 1406
3 1223 1407 1224
3 1224 1407 1408
3 1224 1408 1225
3 1225 1408 1409
3 1225 1409 1226
3 1226 1409 1410
3 1227 1411 1228
3 1228 1411 1412
3 1228 1412 1229
3 1229 1412 1413
3 1230 1414 1231
3 1231 1414 1415
3 1231 1415 1232
3 1232 1415 1416
3 1232 1416 1233
3 1233 1416 1417
3 1234 1418 1235
3 1235 1418 1419
3 1235 1419 1236
3 1236 1419 1420
3 1237 1421 1238
3 1238 1421 1422
3 1238 1422 1239
3 1239 1422 1423
3 1239 1423 1240
3 1240 1423 1424
3 1241 1425 1242
3 1242 1425 1426
3 1242 1426 1243
3 1243 1426 1427
3 1244 1428 1245
3 1245 1428 1062
3 1247 0 1429
3 1247 1429 1248
3 1248 1429 1430
3 1248 1430 1249
3 1249 1430 1431
3 1249 1431 1250
3 1250 1431 1432
3 1250 1432 1251
3 1251 1432 1433
3 1251 1433 1252
3 1252 1433 1434
3 1252 1434 1253
3 1253 1434 1435
3 1253 1435 1254
3 1254 1435 1436
3 1255 1436 1256
3 1256 1436 1437
3 1257 1438 1258
3 1258 1438 1439
3 1259 1439 1260
3 1260 1439 1440
3 1260 1440 1261
3 1261 1440 1441
3 1261 1441 1262
3 1262 1441 1442
3 1262 1442 1263
3 1263 1442 1443
3 1263 1443 1264
3 1264 1443 1444
3 1264 1444 1265
3 1265 1444 1445
3 1266 1445 1267
3 1267 1445 1446
3 1267 1446 1268
3 1268 1446 1447
3 1269 1448 1270
3 1270 1448 1449
3 1270 1449 1271
3 1271 1449 1450
3 1271 1450 1272
3 1272 1450 1451
3 1273 1452 1274
3 1274 1452 1453
3 1274 1453 1275
3 1275 1453 1454
3 1275 1454 1276
3 1276 1454 1455
3 1276 1455 1277
3 1277 1455 1456
3 1277 1456 1278
3 1278 1456 1457
3 1279 1458 1280
3 1280 1458 1459
3 1280 1459 1281
3 1281 1459 1460
3 1282 1461 1283
3 1283 1461 1462
3 1283 1462 1284
3 1284 1462 1463
3 1285 1464 1286
3 1286 1464 1465
3 1286 1465 1287
3 1287 1465 1466
3 1287 1466 1288
3 1288 1466 1467
3 1289 1467 1290
3 1290 1467 1468
3 1290 1468 1291
3 1291 1468 1469
3 1291 1469 1292
3 1292 1469 1470
3 1293 1471 1294
3 1294 1471 1472
3 1294 1472 1295
3 1295 1472 1473
3 1295 1473 1296
3 1296 1473 1474
3 1296 1474 1297
3 1297 1474 1475
3 1297 1475 1298
3 1298 1475 1476
3 1299 1476 1300
3 1300 1476 1477
3 1300 1477 1301
3 1301 1477 1478
3 1301 1478 1302
3 1302 1478 1479
3 1302 1479 1303
3 1303 1479 1480
3 1303 1480 1304
3 1304 1480 1481
3 1305 1482 1306
3 1306 1482 1483
3 1306 1483 1307
3 1307 1483 1484
3 1307 1484 1308
3 1308 1484 1485
3 1308 1485 1309
3 1309 1485 1486
3 1309 1486 1310
3 1310 1486 1487
3 1311 1488 1312
3 1312 1488 1489
3 1312 1489 1313
3 1313 1489 1490
3 1313 1490 1314
3 1314 1490 1491
3 1314 1491 1315
3 1315 1491 1492
3 1315 1492 1316
3 1316 1492 1493
3 1317 1494 1318
3 1318 1494 1495
3 1318 1495 1319
3 1319 1495 1496
3 1319 1496 1320
3 1320 1496 1497
3 1320 1497 1321
3 1321 1497 1498
3 1322 1499 1323
3 1323 1499 1500
3 1323 1500 1324
3 1324 1500 1501
3 1324 1501 1325
3 1325 1501 1502
3 1325 1502 1326
3 1326 1502 1503
3 1326 1503 1327
3 1327 1503 1504
3 1328 1505 1329
3 1329 1505 1506
3 1329 1506 1330
3 1330 1506 1507
3 1330 1507 1331
3 1331 1507 1508
3 1331 1508 1332
3 1332 1508 1509
3 1332 1509 1333
3 1333 1509 1510
3 1333 1510 1334
3 1334 1510 1511
3 1334 1511 1335
3 1335 1511 1512
3 1335 1512 1336
3 1336 1512 1513
3 1337 1514 1338
3 1338 1514 1515
3 1338 1515 1339
3 1339 1515 1516
3 1340 1517 1341
3 1341 1517 1518
3 1341 1518 1342
3 1342 1518 1519
3 1342 1519 1343
3 1343 1519 1520
3 1344 1521 1345
3 1345 1521 1522
3 1345 1522 1346
3 1346 1522 1523
3 1347 1524 1348
3 1348 1524 1525
3 1348 1525 1349
3 1349 1525 1526
3 1349 1526 1350
3 1350 1526 1527
3 1351 1528 1352
3 1352 1528 1529
3 1352 1529 1353
3 1353 1529 1530
3 1354 1531 1355
3 1355 1531 1532
3 1355 1532 1356
3 1356 1532 1533
3 1356 1533 1357
3 1357 1533 1534
3 1358 1535 1359
3 1359 1535 1536
3 1359 1536 1360
3 1360 1536 1537
3 1361 1538 1362
3 1362 1538 1539
3 1362 1539 1363
3 1363 1539 1540
3 1363 1540 1364
3 1364 1540 1541
3 1365 1542 1366
3 1366 1542 1543
3 1366 1543 1367
3 1367 1543 1544
3 1368 1545 1369
3 1369 1545 1546
3 1369 1546 1370
3 1370 1546 1547
3 1370 1547 1371
3 1371 1547 1548
3 1372 1549 1373
3 1373 1549 1550
3 1373 1550 1374
3 1374 1550 1551
3 1375 1552 1376
3 1376 1552 1553
3 1376 1553 1377
3 1377 1553 1554
3 1377 1554 1378
3 1378 1554 1555
3 1379 1556 1380
3 1380 1556 1557
3 1380 1557 1381
3 1381 1557 1558
3 1382 1559 1383
3 1383 1559 1560
3 1383 1560 1384
3 1384 1560 1561
3 1384 1561 1385
3 1385 1561 1562
3 1386 1563 1387
3 1387 1563 1564
3 1387 1564 1388
3 1388 1564 1565
3 1389 1566 1390
3 1390 1566 1567
3 1390 1567 1391
3 1391 1567 1568
3 1391 1568 1392
3 1392 1568 1569
3 1393 1570 1394
3 1394 1570 1571
3 1394 1571 1395
3 1395 1571 1572
3 1396 1573 1397
3 1397 1573 1574
3 1397 1574 1398
3 1398 1574 1575
3 1398 1575 1399
3 1399 1575 1576
3 1400 1577 1401
3 1401 1577 1578
3 1401 1578 1402
3 1402 1578 1579
3 1402 1579 1403
3 1403 1579 1580
3 1404 1581 1405
3 1405 1581 1582
3 1405 1582 1406
3 1406 1582 1583
3 1407 1584 1408
3 1408 1584 1585
3 1408 1585 1409
3 1409 1585 1586
3 1409 1586 1410
3 1410 1586 1587
3 1411 1588 1412
3 1412 1588 1589
3 1412 1589 1413
3 1413 1589 1590
3 1414 1591 1415
3 1415 1591 1592
3 1415 1592 1416
3 1416 1592 1593
3 1416 1593 1417
3 1417 1593 1594
3 1418 1595 1419
3 1419 1595 1596
3 1419 1596 1420
3 1420 1596 1597
3 1421 1598 1422
3 1422 1598 1599
3 1422 1599 1423
3 1423 1599 1600
3 1423 1600 1424
3 1424 1600 1601
3 1425 1602 1426
3 1426 1602 1603
3 1426 1603 1427
3 1427 1603 1604
3 1428 1605 1062
3 0 545 1429
3 1429 545 1606
3 1429 1606 1430
3 1430 1606 1607
3 1430 1607 1431
3 1431 1607 1608
3 1431 1608 1432
3 1432 1608 1609
3 1432 1609 1433
3 1433 1609 1610
3 1433 1610 1434
3 1434 1610 1611
3 1434 1611 1435
3 1435 1611 1612
3 1435 1612 1436
3 1436 1612 1613
3 1436 1613 1437
3 1437 1613 1614
3 1438 1615 1439
3 1439 1615 1616
3 1439 1617 1440
3 1440 1617 1618
3 1440 1618 1441
3 1441 1618 1619
3 1441 1619 1442
3 1442 1619 1620
3 1442 1620 1443
3 1443 1620 1621
3 1443 1621 1444
3 1444 1621 1622
3 1444 1622 1445
3 1445 1622 1623
3 1445 1623 1446
3 1446 1623 1624
3 1446 1624 1447
3 1447 1624 1625
3 1448 1626 1449
3 1449 1626 1627
3 1449 1627 1450
3 1450 1627 1628
3 1450 1628 1451
3 1451 1628 1629
3 1452 1630 1453
3 1453 1630 1631
3 1453 1631 1454
3 1454 1631 1632
3 1454 1633 1455
3 1455 1633 1634
3 1455 1634 1456
3 1456 1634 1635
3 1456 1635 1457
3 1457 1635 1636
3 1458 1637 1459
3 1459 1637 1638
3 1459 1638 1460
3 1460 1638 1639
3 1461 1640 1462
3 1462 1640 1641
3 1462 1641 1463
3 1463 1641 1642
3 1464 1642 1465
3 1465 1642 1643
3 1465 1643 1466
3 1466 1643 1644
3 1466 1644 1467
3 1467 1644 1645
3 1467 1646 1468
3 1468 1646 1647
3 1468 1647 1469
3 1469 1647 1648
3 1469 1648 1470
3 1470 1648 1649
3 1471 1650 1472
3 1472 1650 1651
3 1472 1651 1473
3 1473 1651 1652
3 1473 1652 1474
3 1474 1652 1653
3 1474 1653 1475
3 1475 1653 1654
3 1475 1654 1476
3 1476 1654 1655
3 1476 1656 1477
3 1477 1656 1657
3 1477 1657 1478
3 1478 1657 1658
3 1478 1658 1479
3 1479 1658 1659
3 1479 1659 1480
3 1480 1659 1660
3 1480 1660 1481
3 1481 1660 1661
3 1482 1662 1483
3 1483 1662 1663
3 1483 1663 1484
3 1484 1663 1664
3 1484 1664 1485
3 1485 1664 1665
3 1485 1665 1486
3 1486 1665 1666
3 1486 1666 1487
3 1487 1666 1667
3 1488 1668 1489
3 1489 1668 1669
3 1489 1669 1490
3 1490 1669 1670
3 1490 1670 1491
3 1491 1670 1671
3 1491 1671 1492
3 1492 1671 1672
3 1492 1672 1493
3 1493 1672 1673
3 1494 1674 1495
3 1495 1674 1675
3 1495 1675 1496
3 1496 1675 1676
3 1496 1676 1497
3 1497 1676 1677
3 1497 1677 1498
3 1498 1677 1678
3 1499 1679 1500
3 1500 1679 1680
3 1500 1680 1501
3 1501 1680 1681
3 1501 1681 1502
3 1502 1681 1682
3 1502 1682 1503
3 1503 1682 1683
3 1503 1683 1504
3 1504 1683 1684
3 1505 1685 1506
3 1506 1685 1686
3 1506 1686 1507
3 1507 1686 1687
3 1507 1687 1508
3 1508 1687 1688
3 1508 1688 1509
3 1509 1688 1689
3 1509 1689 1510
3 1510 1689 1690
3 1510 1690 1511
3 1511 1690 1691
3 1511 1691 1512
3 1512 1691 1692
3 1512 1692 1513
3 1513 1692 1693
3 1514 1694 1515
3 1515 1694 1695
3 1515 1695 1516
3 1516 1695 1696
3 1517 1697 1518
3 1518 1697 1698
3 1518 1698 1519
3 1519 1698 1699
3 1519 1699 1520
3 1520 1699 1700
3 1521 1701 1522
3 1522 1701 1702
3 1522 1702 1523
3 1523 1702 1703
3 1524 1704 1525
3 1525 1704 1705
3 1525 1705 1526
3 1526 1705 1706
3 1526 1706 1527
3 1527 1706 1707
3 1528 1708 1529
3 1529 1708 1709
3 1529 1709 1530
3 1530 1709 1710
3 1531 1711 1532
3 1532 1711 1712
3 1532 1712 1533
3 1533 1712 1713
3 1533 1713 1534
3 1534 1713 1714
3 1535 1715 1536
3 1536 1715 1716
3 1536 1716 1537
3 1537 1716 1717
3 1538 1718 1539
3 1539 1718 1719
3 1539 1719 1540
3 1540 1719 1720
3 1540 1720 1541
3 1541 1720 1721
3 1542 1722 1543
3 1543 1722 1723
3 1543 1723 1544
3 1544 1723 1724
3 1545 1725 1546
3 1546 1725 1726
3 1546 1726 1547
3 1547 1726 1727
3 1547 1727 1548
3 1548 1727 1728
3 1549 1729 1550
3 1550 1729 1730
3 1550 1730 1551
3 1551 1730 1731
3 1552 1732 1553
3 1553 1732 1733
3 1553 1733 1554
3 1554 1733 1734
3 1554 1734 1555
3 1555 1734 1735
3 1556 1736 1557
3 1557 1736 1737
3 1557 1737 1558
3 1558 1737 1738
3 1559 1739 1560
3 1560 1739 1740
3 1560 1740 1561
3 1561 1740 1741
3 1561 1741 1562
3 1562 1741 1742
3 1563 1743 1564
3 1564 1743 1744
3 1564 1744 1565
3 1565 1744 1745
3 1566 1746 1567
3 1567 1746 1747
3 1567 1747 1568
3 1568 1747 1748
3 1568 1748 1569
3 1569 1748 1749
3 1570 1750 1571
3 1571 1750 1751
3 1571 1751 1572
3 1572 1751 1752
3 1573 1753 1574
3 1574 1753 1754
3 1574 1754 1575
3 1575 1754 1755
3 1575 1755 1576
3 1576 1755 1756
3 1577 1757 1578
3 1578 1757 1758
3 1578 1758 1579
3 1579 1758 1759
3 1579 1759 1580
3 1580 1759 1760
3 1581 1761 1582
3 1582 1761 1762
3 1582 1762 1583
3 1583 1762 1763
3 1584 1764 1585
3 1585 1764 1765
3 1585 1765 1586
3 1586 1765 1766
3 1586 1766 1587
3 1587 1766 1767
3 1588 1768 1589
3 1589 1768 1769
3 1589 1769 1590
3 1590 1769 1770
3 1591 1771 1592
3 1592 1771 1772
3 1592 1772 1593
3 1593 1772 1773
3 1593 1773 1594
3 1594 1773 1774
3 1595 1775 1596
3 1596 1775 1776
3 1596 1776 1597
3 1597 1776 1777
3 1598 1778 1599
3 1599 1778 1779
3 1599 1779 1600
3 1600 1779 1780
3 1600 1780 1601
3 1601 1780 1781
3 1602 1782 1603
3 1603 1782 1783
3 1603 1783 1604
3 1604 1783 1784
3 1605 1785 1062
3 1062 1785 1786
3 545 1787 1606
3 1606 1787 1788
3 1606 1788 1607
3 1607 1788 1789
3 1607 1789 1608
3 1608 1789 1790
3 1608 1790 1609
3 1609 1790 1791
3 1609 1791 1610
3 1610 1791 1792
3 1610 1792 1611
3 1611 1792 1793
3 1611 1793 1612
3 1612 1793 1794
3 1612 1794 1613
3 1613 1794 1795
3 1613 1796 1614
3 1614 1796 1797
3 1615 1798 1616
3 1616 1798 1799
3 1617 1800 1618
3 1618 1800 1801
3 1618 1801 1619
3 1619 1801 1802
3 1619 1802 1620
3 1620 1802 1803
3 1620 1803 1621
3 1621 1803 1804
3 1621 1804 1622
3 1622 1804 1805
3 1622 1805 1623
3 1623 1805 1806
3 1623 1807 1624
3 1624 1807 1808
3 1624 1808 1625
3 1625 1808 1809
3 1626 1810 1627
3 1627 1810 1811
3 1627 1811 1628
3 1628 1811 1812
3 1628 1812 1629
3 1629 1812 1813
3 1630 1814 1631
3 1631 1814 1815
3 1631 1815 1632
3 1632 1815 1816
3 1633 1817 1634
3 1634 1817 1818
3 1634 1818 1635
3 1635 1818 1819
3 1635 1819 1636
3 1636 1819 1820
3 1637 1821 1638
3 1638 1821 1822
3 1638 1822 1639
3 1639 1822 1823
3 1640 1824 1641
3 1641 1824 1825
3 1641 1825 1642
3 1642 1825 1826
3 1642 1827 1643
3 1643 1827 1828
3 1643 1828 1644
3 1644 1828 1829
3 1644 1829 1645
3 1645 1829 1830
3 1646 1831 1647
3 1647 1831 1832
3 1647 1832 1648
3 1648 1832 1833
3 1648 1833 1649
3 1649 1833 1834
3 1650 1835 1651
3 1651 1835 1836
3 1651 1836 1652
3 1652 1836 1837
3 1652 1837 1653
3 1653 1837 1838
3 1653 1838 1654
3 1654 1838 1839
3 1654 1839 1655
3 1655 1839 1840
3 1656 1841 1657
3 1657 1841 1842
3 1657 1842 1658
3 1658 1842 1843
3 1658 1843 1659
3 1659 1843 1844
3 1659 1844 1660
3 1660 1844 1845
3 1660 1845 1661
3 1661 1845 1846
3 1662 1847 1663
3 1663 1847 1848
3 1663 1848 1664
3 1664 1848 1849
3 1664 1849 1665
3 1665 1849 1850
3 1665 1850 1666
3 1666 1850 1851
3 1666 1851 1667
3 1667 1851 1852
3 1668 1853 1669
3 1669 1853 1854
3 1669 1854 1670
3 1670 1854 1855
3 1670 1855 1671
3 1671 1855 1856
3 1671 1856 1672
3 1672 1856 1857
3 1672 1857 1673
3 1673 1857 1858
3 1674 1859 1675
3 1675 1859 1860
3 1675 1860 1676
3 1676 1860 1861
3 1676 1861 1677
3 1677 1861 1862
3 1677 1862 1678
3 1678 1862 1863
3 1679 1864 1680
3 1680 1864 1865
3 1680 1865 1681
3 1681 1865 1866
3 1681 1866 1682
3 1682 1866 1867
3 1682 1867 1683
3 1683 1867 1868
3 1683 1868 1684
3 1684 1868 1869
3 1685 1870 1686
3 1686 1870 1871
3 1686 1871 1687
3 1687 1871 1872
3 1687 1872 1688
3 1688 1872 1873
3 1688 1873 1689
3 1689 1873 1874
3 1689 1874 1690
3 1690 1874 1875
3 1690 1875 1691
3 1691 1875 1876
3 1691 1876 1692
3 1692 1876 1877
3 1692 1877 1693
3 1693 1877 1878
3 1694 1879 1695
3 1695 1879 1880
3 1695 1880 1696
3 1696 1880 1881
3 1697 1882 1698
3 1698 1882 1883
3 1698 1883 1699
3 1699 1883 1884
3 1699 1884 1700
3 1700 1884 1885
3 1701 1886 1702
3 1702 1886 1887
3 1702 1887 1703
3 1703 1887 1888
3 1704 1889 1705
3 1705 1889 1890
3 1705 1890 1706
3 1706 1890 1891
3 1706 1891 1707
3 1707 1891 1892
3 1708 1893 1709
3 1709 1893 1894
3 1709 1894 1710
3 1710 1894 1895
3 1711 1896 1712
3 1712 1896 1897
3 1712 1897 1713
3 1713 1897 1898
3 1713 1898 1714
3 1714 1898 1899
3 1715 1900 1716
3 1716 1900 1901
3 1716 1901 1717
3 1717 1901 1902
3 1718 1903 1719
3 1719 1903 1904
3 1719 1904 1720
3 1720 1904 1905
3 1720 1905 1721
3 1721 1905 1906
3 1722 1907 1723
3 1723 1907 1908
3 1723 1908 1724
3 1724 1908 1909
3 1725 1910 1726
3 1726 1910 1911
3 1726 1911 1727
3 1727 1911 1912
3 1727 1912 1728
3 1728 1912 1913
3 1729 1914 1730
3 1730 1914 1915
3 1730 1915 1731
3 1731 1915 1916
3 1732 1917 1733
3 1733 1917 1918
3 1733 1918 1734
3 1734 1918 1919
3 1734 1919 1735
3 1735 1919 1920
3 1736 1921 1737
3 1737 1921 1922
3 1737 1922 1738
3 1738 1922 1923
3 1739 1924 1740
3 1740 1924 1925
3 1740 1925 1741
3 1741 1925 1926
3 1741 1926 1742
3 1742 1926 1927
3 1743 1928 1744
3 1744 1928 1929
3 1744 1929 1745
3 1745 1929 1930
3 1746 1931 1747
3 1747 1931 1932
3 1747 1932 1748
3 1748 1932 1933
3 1748 1933 1749
3 1749 1933 1934
3 1750 1935 1751
3 1751 1935 1936
3 1751 1936 1752
3 1752 1936 1937
3 1753 1938 1754
3 1754 1938 1939
3 1754 1939 1755
3 1755 1939 1940
3 1755 1940 1756
3 1756 1940 1941
3 1757 1942 1758
3 1758 1942 1943
3 1758 1943 1759
3 1759 1943 1944
3 1759 1944 1760
3 1760 1944 1945
3 1761 1946 1762
3 1762 1946 1947
3 1762 1947 1763
3 1763 1947 1948
3 1764 1949 1765
3 1765 1949 1950
3 1765 1950 1766
3 1766 1950 1951
3 1766 1951 1767
3 1767 1951 1952
3 1768 1953 1769
3 1769 1953 1954
3 1769 1954 1770
3 1770 1954 1955
3 1771 1956 1772
3 1772 1956 1957
3 1772 1957 1773
3 1773 1957 1958
3 1773 1958 1774
3 1774 1958 1959
3 1775 1960 1776
3 1776 1960 1961
3 1776 1961 1777
3 1777 1961 1962
3 1778 1963 1779
3 1779 1963 1964
3 1779 1964 1780
3 1780 1964 1965
3 1780 1965 1781
3 1781 1965 1966
3 1782 1967 1783
3 1783 1967 1968
3 1783 1968 1784
3 1784 1968 1969
3 1785 1970 1786
3 1786 1970 1063
3 1787 0 1788
3 1788 0 1971
3 1788 1971 1789
3 1789 1971 1972
3 1789 1972 1790
3 1790 1972 1973
3 1790 1973 1791
3 1791 1973 1974
3 1791 1974 1792
3 1792 1974 1975
3 1792 1975 1793
3 1793 1975 1976
3 1793 1976 1794
3 1794 1976 1977
3 1794 1977 1795
3 1795 1977 1978
3 1796 1979 1797
3 1797 1979 1980
3 1798 1980 1799
3 1799 1980 1981
3 1800 1982 1801
3 1801 1982 1983
3 1801 1983 1802
3 1802 1983 1984
3 1802 1984 1803
3 1803 1984 1985
3 1803 1985 1804
3 1804 1985 1986
3 1804 1986 1805
3 1805 1986 1987
3 1805 1987 1806
3 1806 1987 1988
3 1807 1989 1808
3 1808 1989 1990
3 1808 1990 1809
3 1809 1990 1991
3 1810 1992 1811
3 1811 1992 1993
3 1811 1993 1812
3 1812 1993 1994
3 1812 1994 1813
3 1813 1994 1995
3 1814 1996 1815
3 1815 1996 1997
3 1815 1997 1816
3 1816 1997 1998
3 1817 1999 1818
3 1818 1999 2000
3 1818 2000 1819
3 1819 2000 2001
3 1819 2001 1820
3 1820 2001 2002
3 1821 2003 1822
3 1822 2003 2004
3 1822 2004 1823
3 1823 2004 2005
3 1824 2006 1825
3 1825 2006 2007
3 1825 2007 1826
3 1826 2007 2008
3 1827 2009 1828
3 1828 2009 2010
3 1828 2010 1829
3 1829 2010 2011
3 1829 2011 1830
3 1830 2011 2012
3 1831 2012 1832
3 1832 2012 2013
3 1832 2013 1833
3 1833 2013 2014
3 1833 2014 1834
3 1834 2014 2015
3 1835 2016 1836
3 1836 2016 2017
3 1836 2017 1837
3 1837 2017 2018
3 1837 2018 1838
3 1838 2018 2019
3 1838 2019 1839
3 1839 2019 2020
3 1839 2020 1840
3 1840 2020 2021
3 1841 2022 1842
3 1842 2022 2023
3 1842 2023 1843
3 1843 2023 2024
3 1843 2024 1844
3 1844 2024 2025
3 1844 2025 1845
3 1845 2025 2026
3 1845 2026 1846
3 1846 2026 2027
3 1847 2028 1848
3 1848 2028 2029
3 1848 2029 1849
3 1849 2029 2030
3 1849 2030 1850
3 1850 2030 2031
3 1850 2031 1851
3 1851 2031 2032
3 1851 2032 1852
3 1852 2032 2033
3 1853 2034 1854
3 1854 2034 2035
3 1854 2035 1855
3 1855 2035 2036
3 1855 2036 1856
3 1856 2036 2037
3 1856 2037 1857
3 1857 2037 2038
3 1857 2038 1858
3 1858 2038 2039
3 1859 2040 1860
3 1860 2040 2041
3 1860 2041 1861
3 1861 2041 2042
3 1861 2042 1862
3 1862 2042 2043
3 1862 2043 1863
3 1863 2043 2044
3 1864 2045 1865
3 1865 2045 2046
3 1865 2046 1866
3 1866 2046 2047
3 1866 2047 1867
3 1867 2047 2048
3 1867 2048 1868
3 1868 2048 2049
3 1868 2049 1869
3 1869 2049 2050
3 1870 2051 1871
3 1871 2051 2052
3 1871 2052 1872
3 1872 2052 2053
3 1872 2053 1873
3 1873 2053 2054
3 1873 2054 1874
3 1874 2054 2055
3 1874 2055 1875
3 1875 2055 2056
3 1875 2056 1876
3 1876 2056 2057
3 1876 2057 1877
3 1877 2057 2058
3 1877 2058 1878
3 1878 2058 2059
3 1879 2060 1880
3 1880 2060 2061
3 1880 2061 1881
3 1881 2061 2062
3 1882 2063 1883
3 1883 2063 2064
3 1883 2064 1884
3 1884 2064 2065
3 1884 2065 1885
3 1885 2065 2066
3 1886 2067 1887
3 1887 2067 2068
3 1887 2068 1888
3 1888 2068 2069
3 1889 2070 1890
3 1890 2070 2071
3 1890 2071 1891
3 1891 2071 2072
3 1891 2072 1892
3 1892 2072 2073
3 1893 2074 1894
3 1894 2074 2075
3 1894 2075 1895
3 1895 2075 2076
3 1896 2077 1897
3 1897 2077 2078
3 1897 2078 1898
3 1898 2078 2079
3 1898 2079 1899
3 1899 2079 2080
3 1900 2081 1901
3 1901 2081 2082
3 1901 2082 1902
3 1902 2082 2083
3 1903 2084 1904
3 1904 2084 2085
3 1904 2085 1905
3 1905 2085 2086
3 1905 2086 1906
3 1906 2086 2087
3 1907 2088 1908
3 1908 2088 2089
3 1908 2089 1909
3 1909 2089 2090
3 1910 2091 1911
3 1911 2091 2092
3 1911 2092 1912
3 1912 2092 2093
3 1912 2093 1913
3 1913 2093 2094
3 1914 2095 1915
3 1915 2095 2096
3 1915 2096 1916
3 1916 2096 2097
3 1917 2098 1918
3 1918 2098 2099
3 1918 2099 1919
3 1919 2099 2100
3 1919 2100 1920
3 1920 2100 2101
3 1921 2102 1922
3 1922 2102 2103
3 1922 2103 1923
3 1923 2103 2104
3 1924 2105 1925
3 1925 2105 2106
3 1925 2106 1926
3 1926 2106 2107
3 1926 2107 1927
3 1927 2107 2108
3 1928 2109 1929
3 1929 2109 2110
3 1929 2110 1930
3 1930 2110 2111
3 1931 2112 1932
3 1932 2112 2113
3 1932 2113 1933
3 1933 2113 2114
3 1933 2114 1934
3 1934 2114 2115
3 1935 2116 1936
3 1936 2116 2117
3 1936 2117 1937
3 1937 2117 2118
3 1938 2119 1939
3 1939 2119 2120
3 1939 2120 1940
3 1940 2120 2121
3 1940 2121 1941
3 1941 2121 2122
3 1942 2123 1943
3 1943 2123 2124
3 1943 2124 1944
3 1944 2124 2125
3 1944 2125 1945
3 1945 2125 2126
3 1946 2127 1947
3 1947 2127 2128
3 1947 2128 1948
3 1948 2128 2129
3 1949 2130 1950
3 1950 2130 2131
3 1950 2131 1951
3 1951 2131 2132
3 1951 2132 1952
3 1952 2132 2133
3 1953 2134 1954
3 1954 2134 2135
3 1954 2135 1955
3 1955 2135 2136
3 1956 2137 1957
3 1957 2137 2138
3 1957 2138 1958
3 1958 2138 2139
3 1958 2139 1959
3 1959 2139 2140
3 1960 2141 1961
3 1961 2141 2142
3 1961 2142 1962
3 1962 2142 2143
3 1963 2144 1964
3 1964 2144 2145
3 1964 2145 1965
3 1965 2145 2146
3 1965 2146 1966
3 1966 2146 2147
3 1967 2148 1968
3 1968 2148 2149
3 1968 2149 1969
3 1969 2149 2150
3 1970 2151 1063
3 1063 2151 1245
3 0 1246 1971
3 1971 1246 2152
3 1971 2152 1972
3 1972 2152 2153
3 1972 2153 1973
3 1973 2153 2154
3 1973 2154 1974
3 1974 2154 2155
3 1974 2155 1975
3 1975 2155 2156
3 1975 2156 1976
3 1976 2156 2157
3 1976 2157 1977
3 1977 2157 2158
3 1977 2158 1978
3 1978 2158 2159
3 1979 2159 1980
3 1980 2159 2160
3 1980 2161 1981
3 1981 2161 2162
3 1982 2163 1983
3 1983 2163 2164
3 1983 2164 1984
3 1984 2164 2165
3 1984 2165 1985
3 1985 2165 2166
3 1985 2166 1986
3 1986 2166 2167
3 1986 2167 1987
3 1987 2167 2168
3 1987 2168 1988
3 1988 2168 2169
3 1989 2170 1990
3 1990 2170 2171
3 1990 2171 1991
3 1991 2171 2172
3 1992 2173 1993
3 1993 2173 2174
3 1993 2174 1994
3 1994 2174 2175
3 1994 2175 1995
3 1995 2175 2176
3 1996 2177 1997
3 1997 2177 2178
3 1997 2178 1998
3 1998 2178 2179
3 1999 2179 2000
3 2000 2179 2180
3 2000 2180 2001
3 2001 2180 2181
3 2001 2181 2002
3 2002 2181 2182
3 2003 2183 2004
3 2004 2183 2184
3 2004 2184 2005
3 2005 2184 2185
3 2006 2185 2007
3 2007 2185 2186
3 2007 2186 2008
3 2008 2186 2187
3 2009 2188 2010
3 2010 2188 2189
3 2010 2189 2011
3 2011 2189 2190
3 2011 2190 2012
3 2012 2190 2191
3 2012 2192 2013
3 2013 2192 2193
3 2013 2193 2014
3 2014 2193 2194
3 2014 2194 2015
3 2015 2194 2195
3 2016 2196 2017
3 2017 2196 2197
3 2017 2197 2018
3 2018 2197 2198
3 2018 2198 2019
3 2019 2198 2199
3 2019 2199 2020
3 2020 2199 2200
3 2020 2200 2021
3 2021 2200 2201
3 2022 2202 2023
3 2023 2202 2203
3 2023 2203 2024
3 2024 2203 2204
3 2024 2204 2025
3 2025 2204 2205
3 2025 2205 2026
3 2026 2205 2206
3 2026 2206 2027
3 2027 2206 2207
3 2028 2208 2029
3 2029 2208 2209
3 2029 2209 2030
3 2030 2209 2210
3 2030 2210 2031
3 2031 2210 2211
3 2031 2211 2032
3 2032 2211 2212
3 2032 2212 2033
3 2033 2212 2213
3 2034 2214 2035
3 2035 2214 2215
3 2035 2215 2036
3 2036 2215 2216
3 2036 2216 2037
3 2037 2216 2217
3 2037 2217 2038
3 2038 2217 2218
3 2038 2218 2039
3 2039 2218 2219
3 2040 2220 2041
3 2041 2220 2221
3 2041 2221 2042
3 2042 2221 2222
3 2042 2222 2043
3 2043 2222 2223
3 2043 2223 2044
3 2044 2223 2224
3 2045 2225 2046
3 2046 2225 2226
3 2046 2226 2047
3 2047 2226 2227
3 2047 2227 2048
3 2048 2227 2228
3 2048 2228 2049
3 2049 2228 2229
3 2049 2229 2050
3 2050 2229 2230
3 2051 2231 2052
3 2052 2231 2232
3 2052 2232 2053
3 2053 2232 2233
3 2053 2233 2054
3 2054 2233 2234
3 2054 2234 2055
3 2055 2234 2235
3 2055 2235 2056
3 2056 2235 2236
3 2056 2236 2057
3 2057 2236 2237
3 2057 2237 2058
3 2058 2237 2238
3 2058 2238 2059
3 2059 2238 2239
3 2060 2240 2061
3 2061 2240 2241
3 2061 2241 2062
3 2062 2241 2242
3 2063 2243 2064
3 2064 2243 2244
3 2064 2244 2065
3 2065 2244 2245
3 2065 2245 2066
3 2066 2245 2246
3 2067 2247 2068
3 2068 2247 2248
3 2068 2248 2069
3 2069 2248 2249
3 2070 2250 2071
3 2071 2250 2251
3 2071 2251 2072
3 2072 2251 2252
3 2072 2252 2073
3 2073 2252 2253
3 2074 2254 2075
3 2075 2254 2255
3 2075 2255 2076
3 2076 2255 2256
3 2077 2257 2078
3 2078 2257 2258
3 2078 2258 2079
3 2079 2258 2259
3 2079 2259 2080
3 2080 2259 2260
3 2081 2261 2082
3 2082 2261 2262
3 2082 2262 2083
3 2083 2262 2263
3 2084 2264 2085
3 2085 2264 2265
3 2085 2265 2086
3 2086 2265 2266
3 2086 2266 2087
3 2087 2266 2267
3 2088 2268 2089
3 2089 2268 2269
3 2089 2269 2090
3 2090 2269 2270
3 2091 2271 2092
3 2092 2271 2272
3 2092 2272 2093
3 2093 2272 2273
3 2093 2273 2094
3 2094 2273 2274
3 2095 2275 2096
3 2096 2275 2276
3 2096 2276 2097
3 2097 2276 2277
3 2098 2278 2099
3 2099 2278 2279
3 2099 2279 2100
3 2100 2279 2280
3 2100 2280 2101
3 2101 2280 2281
3 2102 2282 2103
3 2103 2282 2283
3 2103 2283 2104
3 2104 2283 2284
3 2105 2285 2106
3 2106 2285 2286
3 2106 2286 2107
3 2107 2286 2287
3 2107 2287 2108
3 2108 2287 2288
3 2109 2289 2110
3 2110 2289 2290
3 2110 2290 2111
3 2111 2290 2291
3 2112 2292 2113
3 2113 2292 2293
3 2113 2293 2114
3 2114 2293 2294
3 2114 2294 2115
3 2115 2294 2295
3 2116 2296 2117
3 2117 2296 2297
3 2117 2297 2118
3 2118 2297 2298
3 2119 2299 2120
3 2120 2299 2300
3 2120 2300 2121
3 2121 2300 2301
3 2121 2301 2122
3 2122 2301 2302
3 2123 2303 2124
3 2124 2303 2304
3 2124 2304 2125
3 2125 2304 2305
3 2125 2305 2126
3 2126 2305 2306
3 2127 2307 2128
3 2128 2307 2308
3 2128 2308 2129
3 2129 2308 2309
3 2130 2310 2131
3 2131 2310 2311
3 2131 2311 2132
3 2132 2311 2312
3 2132 2312 2133
3 2133 2312 2313
3 2134 2314 2135
3 2135 2314 2315
3 2135 2315 2136
3 2136 2315 2316
3 2137 2317 2138
3 2138 2317 2318
3 2138 2318 2139
3 2139 2318 2319
3 2139 2319 2140
3 2140 2319 2320
3 2141 2321 2142
3 2142 2321 2322
3 2142 2322 2143
3 2143 2322 2323
3 2144 2324 2145
3 2145 2324 2325
3 2145 2325 2146
3 2146 2325 2326
3 2146 2326 2147
3 2147 2326 2327
3 2148 2328 2149
3 2149 2328 2329
3 2149 2329 2150
3 2150 2329 2330
3 2151 2331 1245
3 1245 2331 1062
3 1246 0 2152
3 2152 0 2332
3 2152 2332 2153
3 2153 2332 2333
3 2153 2333 2154
3 2154 2333 2334
3 2154 2334 2155
3 2155 2334 2335
3 2155 2335 2156
3 2156 2335 2336
3 2156 2336 2157
3 2157 2336 2337
3 2157 2337 2158
3 2158 2337 2338
3 2158 2338 2159
3 2159 2338 2339
3 2159 2340 2160
3 2160 2340 2341
3 2161 2342 2162
3 2162 2342 2343
3 2163 2344 2164
3 2164 2344 2345
3 2164 2345 2165
3 2165 2345 2346
3 2165 2346 2166
3 2166 2346 2347
3 2166 2347 2167
3 2167 2347 2348
3 2167 2348 2168
3 2168 2348 2349
3 2168 2349 2169
3 2169 2349 2350
3 2170 2351 2171
3 2171 2351 2352
3 2171 2352 2172
3 2172 2352 2353
3 2173 2354 2174
3 2174 2354 2355
3 2174 2355 2175
3 2175 2355 2356
3 2175 2356 2176
3 2176 2356 2357
3 2177 2358 2178
3 2178 2358 2359
3 2178 2359 2179
3 2179 2359 2360
3 2179 2361 2180
3 2180 2361 2362
3 2180 2362 2181
3 2181 2362 2363
3 2181 2363 2182
3 2182 2363 2364
3 2183 2365 2184
3 2184 2365 2366
3 2184 2366 2185
3 2185 2366 2367
3 2185 2368 2186
3 2186 2368 2369
3 2186 2369 2187
3 2187 2369 2370
3 2188 2371 2189
3 2189 2371 2372
3 2189 2372 2190
3 2190 2372 2373
3 2190 2373 2191
3 2191 2373 2374
3 2192 2374 2193
3 2193 2374 2375
3 2193 2375 2194
3 2194 2375 2376
3 2194 2376 2195
3 2195 2376 2377
3 2196 2378 2197
3 2197 2378 2379
3 2197 2379 2198
3 2198 2379 2380
3 2198 2380 2199
3 2199 2380 2381
3 2199 2381 2200
3 2200 2381 2382
3 2200 2382 2201
3 2201 2382 2383
3 2202 2384 2203
3 2203 2384 2385
3 2203 2385 2204
3 2204 2385 2386
3 2204 2386 2205
3 2205 2386 2387
3 2205 2387 2206
3 2206 2387 2388
3 2206 2388 2207
3 2207 2388 2389
3 2208 2390 2209
3 2209 2390 2391
3 2209 2391 2210
3 2210 2391 2392
3 2210 2392 2211
3 2211 2392 2393
3 2211 2393 2212
3 2212 2393 2394
3 2212 2394 2213
3 2213 2394 2395
3 2214 2396 2215
3 2215 2396 2397
3 2215 2397 2216
3 2216 2397 2398
3 2216 2398 2217
3 2217 2398 2399
3 2217 2399 2218
3 2218 2399 2400
3 2218 2400 2219
3 2219 2400 2401
3 2220 2402 2221
3 2221 2402 2403
3 2221 2403 2222
3 2222 2403 2404
3 2222 2404 2223
3 2223 2404 2405
3 2223 2405 2224
3 2224 2405 2406
3 2225 2407 2226
3 2226 2407 2408
3 2226 2408 2227
3 2227 2408 2409
3 2227 2409 2228
3 2228 2409 2410
3 2228 2410 2229
3 2229 2410 2411
3 2229 2411 2230
3 2230 2411 2412
3 2231 2413 2232
3 2232 2413 2414
3 2232 2414 2233
3 2233 2414 2415
3 2233 2415 2234
3 2234 2415 2416
3 2234 2416 2235
3 2235 2416 2417
3 2235 2417 2236
3 2236 2417 2418
3 2236 2418 2237
3 2237 2418 2419
3 2237 2419 2238
3 2238 2419 2420
3 2238 2420 2239
3 2239 2420 2421
3 2240 2422 2241
3 2241 2422 2423
3 2241 2423 2242
3 2242 2423 2424
3 2243 2425 2244
3 2244 2425 2426
3 2244 2426 2245
3 2245 2426 2427
3 2245 2427 2246
3 2246 2427 2428
3 2247 2429 2248
3 2248 2429 2430
3 2248 2430 2249
3 2249 2430 2431
3 2250 2432 2251
3 2251 2432 2433
3 2251 2433 2252
3 2252 2433 2434
3 2252 2434 2253
3 2253 2434 2435
3 2254 2436 2255
3 2255 2436 2437
3 2255 2437 2256
3 2256 2437 2438
3 2257 2439 2258
3 2258 2439 2440
3 2258 2440 2259
3 2259 2440 2441
3 2259 2441 2260
3 2260 2441 2442
3 2261 2443 2262
3 2262 2443 2444
3 2262 2444 2263
3 2263 2444 2445
3 2264 2446 2265
3 2265 2446 2447
3 2265 2447 2266
3 2266 2447 2448
3 2266 2448 2267
3 2267 2448 2449
3 2268 2450 2269
3 2269 2450 2451
3 2269 2451 2270
3 2270 2451 2452
3 2271 2453 2272
3 2272 2453 2454
3 2272 2454 2273
3 2273 2454 2455
3 2273 2455 2274
3 2274 2455 2456
3 2275 2457 2276
3 2276 2457 2458
3 2276 2458 2277
3 2277 2458 2459
3 2278 2460 2279
3 2279 2460 2461
3 2279 2461 2280
3 2280 2461 2462
3 2280 2462 2281
3 2281 2462 2463
3 2282 2464 2283
3 2283 2464 2465
3 2283 2465 2284
3 2284 2465 2466
3 2285 2467 2286
3 2286 2467 2468
3 2286 2468 2287
3 2287 2468 2469
3 2287 2469 2288
3 2288 2469 2470
3 2289 2471 2290
3 2290 2471 2472
3 2290 2472 2291
3 2291 2472 2473
3 2292 2474 2293
3 2293 2474 2475
3 2293 2475 2294
3 2294 2475 2476
3 2294 2476 2295
3 2295 2476 2477
3 2296 2478 2297
3 2297 2478 2479
3 2297 2479 2298
3 2298 2479 2480
3 2299 2481 2300
3 2300 2481 2482
3 2300 2482 2301
3 2301 2482 2483
3 2301 2483 2302
3 2302 2483 2484
3 2303 2485 2304
3 2304 2485 2486
3 2304 2486 2305
3 2305 2486 2487
3 2305 2487 2306
3 2306 2487 2488
3 2307 2489 2308
3 2308 2489 2490
3 2308 2490 2309
3 2309 2490 2491
3 2310 2492 2311
3 2311 2492 2493
3 2311 2493 2312
3 2312 2493 2494
3 2312 2494 2313
3 2313 2494 2495
3 2314 2496 2315
3 2315 2496 2497
3 2315 2497 2316
3 2316 2497 2498
3 2317 2499 2318
3 2318 2499 2500
3 2318 2500 2319
3 2319 2500 2501
3 2319 2501 2320
3 2320 2501 2502
3 2321 2503 2322
3 2322 2503 2504
3 2322 2504 2323
3 2323 2504 2505
3 2324 2506 2325
3 2325 2506 2507
3 2325 2507 2326
3 2326 2507 2508
3 2326 2508 2327
3 2327 2508 2509
3 2328 2510 2329
3 2329 2510 2511
3 2329 2511 2330
3 2330 2511 2512
3 2331 2513 1062
3 1062 2513 362
3 0 1787 2332
3 2332 1787 2514
3 2332 2514 2333
3 2333 2514 2515
3 2333 2515 2334
3 2334 2515 2516
3 2334 2516 2335
3 2335 2516 2517
3 2335 2517 2336
3 2336 2517 2518
3 2336 2518 2337
3 2337 2518 2519
3 2337 2519 2338
3 2338 2519 2520
3 2338 2520 2339
3 2339 2520 2521
3 2340 2522 2341
3 2341 2522 2523
3 2342 2524 2343
3 2343 2524 2525
3 2344 2526 2345
3 2345 2526 2527
3 2345 2527 2346
3 2346 2527 2528
3 2346 2528 2347
3 2347 2528 2529
3 2347 2529 2348
3 2348 2529 2530
3 2348 2530 2349
3 2349 2530 2531
3 2349 2531 2350
3 2350 2531 2532
3 2351 2533 2352
3 2352 2533 2534
3 2352 2534 2353
3 2353 2534 2535
3 2354 2536 2355
3 2355 2536 2537
3 2355 2537 2356
3 2356 2537 2538
3 2356 2538 2357
3 2357 2538 2539
3 2358 2540 2359
3 2359 2540 2541
3 2359 2541 2360
3 2360 2541 2542
3 2361 2543 2362
3 2362 2543 2544
3 2362 2544 2363
3 2363 2544 2545
3 2363 2545 2364
3 2364 2545 2546
3 2365 2547 2366
3 2366 2547 2548
3 2366 2548 2367
3 2367 2548 2549
3 2368 2550 2369
3 2369 2550 2551
3 2369 2551 2370
3 2370 2551 2552
3 2371 2552 2372
3 2372 2552 2553
3 2372 2553 2373
3 2373 2553 2554
3 2373 2554 2374
3 2374 2554 2555
3 2374 2556 2375
3 2375 2556 2557
3 2375 2557 2376
3 2376 2557 2558
3 2376 2558 2377
3 2377 2558 2559
3 2378 2560 2379
3 2379 2560 2561
3 2379 2561 2380
3 2380 2561 2562
3 2380 2562 2381
3 2381 2562 2563
3 2381 2563 2382
3 2382 2563 2564
3 2382 2564 2383
3 2383 2564 2565
3 2384 2566 2385
3 2385 2566 2567
3 2385 2567 2386
3 2386 2567 2568
3 2386 2568 2387
3 2387 2568 2569
3 2387 2569 2388
3 2388 2569 2570
3 2388 2570 2389
3 2389 2570 2571
3 2390 2572 2391
3 2391 2572 2573
3 2391 2573 2392
3 2392 2573 2574
3 2392 2574 2393
3 2393 2574 2575
3 2393 2575 2394
3 2394 2575 2576
3 2394 2576 2395
3 2395 2576 2577
3 2396 2578 2397
3 2397 2578 2579
3 2397 2579 2398
3 2398 2579 2580
3 2398 2580 2399
3 2399 2580 2581
3 2399 2581 2400
3 2400 2581 2582
3 2400 2582 2401
3 2401 2582 2583
3 2402 2584 2403
3 2403 2584 2585
3 2403 2585 2404
3 2404 2585 2586
3 2404 2586 2405
3 2405 2586 2587
3 2405 2587 2406
3 2406 2587 2588
3 2407 2589 2408
3 2408 2589 2590
3 2408 2590 2409
3 2409 2590 2591
3 2409 2591 2410
3 2410 2591 2592
3 2410 2592 2411
3 2411 2592 2593
3 2411 2593 2412
3 2412 2593 2594
3 2413 2595 2414
3 2414 2595 2596
3 2414 2596 2415
3 2415 2596 2597
3 2415 2597 2416
3 2416 2597 2598
3 2416 2598 2417
3 2417 2598 2599
3 2417 2599 2418
3 2418 2599 2600
3 2418 2600 2419
3 2419 2600 2601
3 2419 2601 2420
3 2420 2601 2602
3 2420 2602 2421
3 2421 2602 2603
3 2422 2604 2423
3 2423 2604 2605
3 2423 2605 2424
3 2424 2605 2606
3 2425 2607 2426
3 2426 2607 2608
3 2426 2608 2427
3 2427 2608 2609
3 2427 2609 2428
3 2428 2609 2610
3 2429 2611 2430
3 2430 2611 2612
3 2430 2612 2431
3 2431 2612 2613
3 2432 2614 2433
3 2433 2614 2615
3 2433 2615 2434
3 2434 2615 2616
3 2434 2616 2435
3 2435 2616 2617
3 2436 2618 2437
3 2437 2618 2619
3 2437 2619 2438
3 2438 2619 2620
3 2439 2621 2440
3 2440 2621 2622
3 2440 2622 2441
3 2441 2622 2623
3 2441 2623 2442
3 2442 2623 2624
3 2443 2625 2444
3 2444 2625 2626
3 2444 2626 2445
3 2445 2626 2627
3 2446 2628 2447
3 2447 2628 2629
3 2447 2629 2448
3 2448 2629 2630
3 2448 2630 2449
3 2449 2630 2631
3 2450 2632 2451
3 2451 2632 2633
3 2451 2633 2452
3 2452 2633 2634
3 2453 2635 2454
3 2454 2635 2636
3 2454 2636 2455
3 2455 2636 2637
3 2455 2637 2456
3 2456 2637 2638
3 2457 2639 2458
3 2458 2639 2640
3 2458 2640 2459
3 2459 2640 2641
3 2460 2642 2461
3 2461 2642 2643
3 2461 2643 2462
3 2462 2643 2644
3 2462 2644 2463
3 2463 2644 2645
3 2464 2646 2465
3 2465 2646 2647
3 2465 2647 2466
3 2466 2647 2648
3 2467 2649 2468
3 2468 2649 2650
3 2468 2650 2469
3 2469 2650 2651
3 2469 2651 2470
3 2470 2651 2652
3 2471 2653 2472
3 2472 2653 2654
3 2472 2654 2473
3 2473 2654 2655
3 2474 2656 2475
3 2475 2656 2657
3 2475 2657 2476
3 2476 2657 2658
3 2476 2658 2477
3 2477 2658 2659
3 2478 2660 2479
3 2479 2660 2661
3 2479 2661 2480
3 2480 2661 2662
3 2481 2663 2482
3 2482 2663 2664
3 2482 2664 2483
3 2483 2664 2665
3 2483 2665 2484
3 2484 2665 2666
3 2485 2667 2486
3 2486 2667 2668
3 2486 2668 2487
3 2487 2668 2669
3 2487 2669 2488
3 2488 2669 2670
3 2489 2671 2490
3 2490 2671 2672
3 2490 2672 2491
3 2491 2672 2673
3 2492 2674 2493
3 2493 2674 2675
3 2493 2675 2494
3 2494 2675 2676
3 2494 2676 2495
3 2495 2676 2677
3 2496 2678 2497
3 2497 2678 2679
3 2497 2679 2498
3 2498 2679 2680
3 2499 2681 2500
3 2500 2681 2682
3 2500 2682 2501
3 2501 2682 2683
3 2501 2683 2502
3 2502 2683 2684
3 2503 2685 2504
3 2504 2685 2686
3 2504 2686 2505
3 2505 2686 2687
3 2506 2688 2507
3 2507 2688 2689
3 2507 2689 2508
3 2508 2689 2690
3 2508 2690 2509
3 2509 2690 2691
3 2510 2692 2511
3 2511 2692 2693
3 2511 2693 2512
3 2512 2693 2694
3 2513 2695 362
3 362 2695 2696
3 1787 2697 2514
3 2514 2697 2698
3 2514 2698 2515
3 2515 2698 2699
3 2515 2699 2516
3 2516 2699 2700
3 2516 2700 2517
3 2517 2700 2701
3 2517 2701 2518
3 2518 2701 2702
3 2518 2702 2519
3 2519 2702 2703
3 2519 2703 2520
3 2520 2703 2704
3 2520 2704 2521
3 2521 2704 2705
3 2522 2706 2523
3 2523 2706 2707
3 2524 2708 2525
3 2525 2708 2709
3 2526 2710 2527
3 2527 2710 2711
3 2527 2711 2528
3 2528 2711 2712
3 2528 2712 2529
3 2529 2712 2713
3 2529 2713 2530
3 2530 2713 2714
3 2530 2714 2531
3 2531 2714 2715
3 2531 2715 2532
3 2532 2715 2716
3 2533 2717 2534
3 2534 2717 2718
3 2534 2718 2535
3 2535 2718 2719
3 2536 2720 2537
3 2537 2720 2721
3 2537 2721 2538
3 2538 2721 2722
3 2538 2722 2539
3 2539 2722 2723
3 2540 2724 2541
3 2541 2724 2725
3 2541 2725 2542
3 2542 2725 2726
3 2543 2727 2544
3 2544 2727 2728
3 2544 2728 2545
3 2545 2728 2729
3 2545 2729 2546
3 2546 2729 2730
3 2547 2731 2548
3 2548 2731 2732
3 2548 2732 2549
3 2549 2732 2733
3 2550 2734 2551
3 2551 2734 2735
3 2551 2735 2552
3 2552 2735 2736
3 2552 2737 2553
3 2553 2737 2738
3 2553 2738 2554
3 2554 2738 2739
3 2554 2739 2555
3 2555 2739 2740
3 2556 2741 2557
3 2557 2741 2742
3 2557 2742 2558
3 2558 2742 2743
3 2558 2743 2559
3 2559 2743 2744
3 2560 2745 2561
3 2561 2745 2746
3 2561 2746 2562
3 2562 2746 2747
3 2562 2747 2563
3 2563 2747 2748
3 2563 2748 2564
3 2564 2748 2749
3 2564 2749 2565
3 2565 2749 2750
3 2566 2751 2567
3 2567 2751 2752
3 2567 2752 2568
3 2568 2752 2753
3 2568 2753 2569
3 2569 2753 2754
3 2569 2754 2570
3 2570 2754 2755
3 2570 2755 2571
3 2571 2755 2756
3 2572 2757 2573
3 2573 2757 2758
3 2573 2758 2574
3 2574 2758 2759
3 2574 2759 2575
3 2575 2759 2760
3 2575 2760 2576
3 2576 2760 2761
3 2576 2761 2577
3 2577 2761 2762
3 2578 2763 2579
3 2579 2763 2764
3 2579 2764 2580
3 2580 2764 2765
3 2580 2765 2581
3 2581 2765 2766
3 2581 2766 2582
3 2582 2766 2767
3 2582 2767 2583
3 2583 2767 2768
3 2584 2769 2585
3 2585 2769 2770
3 2585 2770 2586
3 2586 2770 2771
3 2586 2771 2587
3 2587 2771 2772
3 2587 2772 2588
3 2588 2772 2773
3 2589 2774 2590
3 2590 2774 2775
3 2590 2775 2591
3 2591 2775 2776
3 2591 2776 2592
3 2592 2776 2777
3 2592 2777 2593
3 2593 2777 2778
3 2593 2778 2594
3 2594 2778 2779
3 2595 2780 2596
3 2596 2780 2781
3 2596 2781 2597
3 2597 2781 2782
3 2597 2782 2598
3 2598 2782 2783
3 2598 2783 2599
3 2599 2783 2784
3 2599 2784 2600
3 2600 2784 2785
3 2600 2785 2601
3 2601 2785 2786
3 2601 2786 2602
3 2602 2786 2787
3 2602 2787 2603
3 2603 2787 2788
3 2604 2789 2605
3 2605 2789 2790
3 2605 2790 2606
3 2606 2790 2791
3 2607 2792 2608
3 2608 2792 2793
3 2608 2793 2609
3 2609 2793 2794
3 2609 2794 2610
3 2610 2794 2795
3 2611 2796 2612
3 2612 2796 2797
3 2612 2797 2613
3 2613 2797 2798
3 2614 2799 2615
3 2615 2799 2800
3 2615 2800 2616
3 2616 2800 2801
3 2616 2801 2617
3 2617 2801 2802
3 2618 2803 2619
3 2619 2803 2804
3 2619 2804 2620
3 2620 2804 2805
3 2621 2806 2622
3 2622 2806 2807
3 2622 2807 2623
3 2623 2807 2808
3 2623 2808 2624
3 2624 2808 2809
3 2625 2810 2626
3 2626 2810 2811
3 2626 2811 2627
3 2627 2811 2812
3 2628 2813 2629
3 2629 2813 2814
3 2629 2814 2630
3 2630 2814 2815
3 2630 2815 2631
3 2631 2815 2816
3 2632 2817 2633
3 2633 2817 2818
3 2633 2818 2634
3 2634 2818 2819
3 2635 2820 2636
3 2636 2820 2821
3 2636 2821 2637
3 2637 2821 2822
3 2637 2822 2638
3 2638 2822 2823
3 2639 2824 2640
3 2640 2824 2825
3 2640 2825 2641
3 2641 2825 2826
3 2642 2827 2643
3 2643 2827 2828
3 2643 2828 2644
3 2644 2828 2829
3 2644 2829 2645
3 2645 2829 2830
3 2646 2831 2647
3 2647 2831 2832
3 2647 2832 2648
3 2648 2832 2833
3 2649 2834 2650
3 2650 2834 2835
3 2650 2835 2651
3 2651 2835 2836
3 2651 2836 2652
3 2652 2836 2837
3 2653 2838 2654
3 2654 2838 2839
3 2654 2839 2655
3 2655 2839 2840
3 2656 2841 2657
3 2657 2841 2842
3 2657 2842 2658
3 2658 2842 2843
3 2658 2843 2659
3 2659 2843 2844
3 2660 2845 2661
3 2661 2845 2846
3 2661 2846 2662
3 2662 2846 2847
3 2663 2848 2664
3 2664 2848 2849
3 2664 2849 2665
3 2665 2849 2850
3 2665 2850 2666
3 2666 2850 2851
3 2667 2852 2668
3 2668 2852 2853
3 2668 2853 2669
3 2669 2853 2854
3 2669 2854 2670
3 2670 2854 2855
3 2671 2856 2672
3 2672 2856 2857
3 2672 2857 2673
3 2673 2857 2858
3 2674 2859 2675
3 2675 2859 2860
3 2675 2860 2676
3 2676 2860 2861
3 2676 2861 2677
3 2677 2861 2862
3 2678 2863 2679
3 2679 2863 2864
3 2679 2864 2680
3 2680 2864 2865
3 2681 2866 2682
3 2682 2866 2867
3 2682 2867 2683
3 2683 2867 2868
3 2683 2868 2684
3 2684 2868 2869
3 2685 2870 2686
3 2686 2870 2871
3 2686 2871 2687
3 2687 2871 2872
3 2688 2873 2689
3 2689 2873 2874
3 2689 2874 2690
3 2690 2874 2875
3 2690 2875 2691
3 2691 2875 2876
3 2692 2877 2693
3 2693 2877 2878
3 2693 2878 2694
3 2694 2878 2879
3 2695 2880 2696
3 2696 2880 2881
3 2697 0 2698
3 2698 0 2
3 2698 2 2699
3 2699 2 4
3 2699 4 2700
3 2700 4 6
3 2700 6 2701
3 2701 6 8
3 2701 8 2702
3 2702 8 10
3 2702 10 2703
3 2703 10 12
3 2703 12 2704
3 2704 12 14
3 2704 14 2705
3 2705 14 16
3 2706 18 2707
3 2707 18 19
3 2708 21 2709
3 2709 21 22
3 2710 24 2711
3 2711 24 26
3 2711 26 2712
3 2712 26 28
3 2712 28 2713
3 2713 28 30
3 2713 30 2714
3 2714 30 32
3 2714 32 2715
3 2715 32 34
3 2715 34 2716
3 2716 34 36
3 2717 36 2718
3 2718 36 39
3 2718 39 2719
3 2719 39 41
3 2720 43 2721
3 2721 43 45
3 2721 45 2722
3 2722 45 47
3 2722 47 2723
3 2723 47 49
3 2724 51 2725
3 2725 51 53
3 2725 53 2726
3 2726 53 55
3 2727 55 2728
3 2728 55 58
3 2728 58 2729
3 2729 58 60
3 2729 60 2730
3 2730 60 62
3 2731 64 2732
3 2732 64 66
3 2732 66 2733
3 2733 66 68
3 2734 70 2735
3 2735 70 72
3 2735 72 2736
3 2736 72 74
3 2737 76 2738
3 2738 76 78
3 2738 78 2739
3 2739 78 80
3 2739 80 2740
3 2740 80 82
3 2741 84 2742
3 2742 84 85
3 2742 85 2743
3 2743 85 87
3 2743 87 2744
3 2744 87 89
3 2745 91 2746
3 2746 91 92
3 2746 92 2747
3 2747 92 94
3 2747 94 2748
3 2748 94 96
3 2748 96 2749
3 2749 96 98
3 2749 98 2750
3 2750 98 100
3 2751 102 2752
3 2752 102 104
3 2752 104 2753
3 2753 104 106
3 2753 106 2754
3 2754 106 108
3 2754 108 2755
3 2755 108 110
3 2755 110 2756
3 2756 110 112
3 2757 114 2758
3 2758 114 116
3 2758 116 2759
3 2759 116 118
3 2759 118 2760
3 2760 118 120
3 2760 120 2761
3 2761 120 122
3 2761 122 2762
3 2762 122 124
3 2763 126 2764
3 2764 126 128
3 2764 128 2765
3 2765 128 130
3 2765 130 2766
3 2766 130 132
3 2766 132 2767
3 2767 132 134
3 2767 134 2768
3 2768 134 136
3 2769 138 2770
3 2770 138 140
3 2770 140 2771
3 2771 140 142
3 2771 142 2772
3 2772 142 144
3 2772 144 2773
3 2773 144 146
3 2774 148 2775
3 2775 148 150
3 2775 150 2776
3 2776 150 152
3 2776 152 2777
3 2777 152 154
3 2777 154 2778
3 2778 154 156
3 2778 156 2779
3 2779 156 158
3 2780 160 2781
3 2781 160 162
3 2781 162 2782
3 2782 162 164
3 2782 164 2783
3 2783 164 166
3 2783 166 2784
3 2784 166 168
3 2784 168 2785
3 2785 168 170
3 2785 170 2786
3 2786 170 172
3 2786 172 2787
3 2787 172 174
3 2787 174 2788
3 2788 174 176
3 2789 178 2790
3 2790 178 180
3 2790 180 2791
3 2791 180 182
3 2792 184 2793
3 2793 184 186
3 2793 186 2794
3 2794 186 188
3 2794 188 2795
3 2795 188 190
3 2796 192 2797
3 2797 192 194
3 2797 194 2798
3 2798 194 196
3 2799 198 2800
3 2800 198 200
3 2800 200 2801
3 2801 200 202
3 2801 202 2802
3 2802 202 204
3 2803 206 2804
3 2804 206 208
3 2804 208 2805
3 2805 208 210
3 2806 212 2807
3 2807 212 214
3 2807 214 2808
3 2808 214 216
3 2808 216 2809
3 2809 216 218
3 2810 220 2811
3 2811 220 222
3 2811 222 2812
3 2812 222 224
3 2813 226 2814
3 2814 226 228
3 2814 228 2815
3 2815 228 230
3 2815 230 2816
3 2816 230 232
3 2817 234 2818
3 2818 234 236
3 2818 236 2819
3 2819 236 238
3 2820 240 2821
3 2821 240 242
3 2821 242 2822
3 2822 242 244
3 2822 244 2823
3 2823 244 246
3 2824 248 2825
3 2825 248 250
3 2825 250 2826
3 2826 250 252
3 2827 254 2828
3 2828 254 256
3 2828 256 2829
3 2829 256 258
3 2829 258 2830
3 2830 258 260
3 2831 262 2832
3 2832 262 264
3 2832 264 2833
3 2833 264 266
3 2834 268 2835
3 2835 268 270
3 2835 270 2836
3 2836 270 272
3 2836 272 2837
3 2837 272 274
3 2838 276 2839
3 2839 276 278
3 2839 278 2840
3 2840 278 280
3 2841 282 2842
3 2842 282 284
3 2842 284 2843
3 2843 284 286
3 2843 286 2844
3 2844 286 288
3 2845 290 2846
3 2846 290 292
3 2846 292 2847
3 2847 292 294
3 2848 296 2849
3 2849 296 298
3 2849 298 2850
3 2850 298 300
3 2850 300 2851
3 2851 300 302
3 2852 304 2853
3 2853 304 306
3 2853 306 2854
3 2854 306 308
3 2854 308 2855
3 2855 308 310
3 2856 312 2857
3 2857 312 314
3 2857 314 2858
3 2858 314 316
3 2859 318 2860
3 2860 318 320
3 2860 320 2861
3 2861 320 322
3 2861 322 2862
3 2862 322 324
3 2863 326 2864
3 2864 326 328
3 2864 328 2865
3 2865 328 330
3 2866 332 2867
3 2867 332 334
3 2867 334 2868
3 2868 334 336
3 2868 336 2869
3 2869 336 338
3 2870 340 2871
3 2871 340 342
3 2871 342 2872
3 2872 342 344
3 2873 346 2874
3 2874 346 348
3 2874 348 2875
3 2875 348 350
3 2875 350 2876
3 2876 350 352
3 2877 354 2878
3 2878 354 356
3 2878 356 2879
3 2879 356 358
3 2880 360 2881
3 2881 360 362
