# vtk DataFile Version 2.0
File written by itkPolyDataMeshIO
ASCII
DATASET POLYDATA
POINTS 12015 float
32.339226 5.567436 -64.43222
29.5279 6.372154 -55.55092
31.43119 6.529503 -64.67095
37.812813 7.568611 -71.554115
36.865273 8.609444 -71.883255
42.884666 7.845741 -78.826164
42.020958 8.922707 -79.333084
48.304344 6.047752 -87.125854
47.570183 7.120522 -87.837135
53.36721 1.994774 -96.69441
52.689217 3.081612 -97.57942
53.36721 1.994743 -96.69441
52.689217 3.081581 -97.579414
58.061714 -4.639763 -106.64164
57.368507 -3.529991 -107.709816
58.0617 -4.639778 -106.64163
57.36846 -3.529991 -107.70981
60.49137 -14.844902 -116.71475
59.958534 -13.80851 -117.933334
63.357338 -24.709892 -126.81043
62.96569 -23.762932 -127.87639
65.96511 -29.70214 -136.11272
65.5288 -28.665611 -136.74234
68.01519 -32.078728 -143.45766
67.58733 -31.052162 -143.91104
68.01519 -32.078728 -143.45767
67.587364 -31.052162 -143.91104
69.5581 -32.958305 -150.31662
69.09417 -31.930428 -150.5492
70.889885 -33.44291 -156.95222
70.41958 -32.427742 -157.11937
71.90545 -33.625328 -163.6567
71.43462 -32.632545 -163.75829
72.76101 -33.611717 -170.52573
72.294975 -32.64263 -170.58456
72.76098 -33.611717 -170.52573
73.382835 -33.339943 -177.90053
72.92431 -32.39463 -177.91039
73.81237 -32.61767 -187.06985
73.3637 -31.69857 -187.02602
73.92428 -31.278023 -198.72504
73.488396 -30.384895 -198.63272
73.74471 -29.44471 -212.54228
73.31954 -28.570961 -212.42438
73.56469 -27.616371 -226.79948
73.14507 -26.752602 -226.69084
73.75045 -26.419762 -240.1322
73.33398 -25.562523 -240.07375
73.75048 -26.419746 -240.13223
73.33398 -25.562523 -240.07379
74.42751 -26.053917 -252.26741
74.01876 -25.20945 -252.28003
75.43456 -26.197395 -263.6468
75.03756 -25.371803 -263.7085
76.47787 -26.272942 -274.91864
76.08871 -25.463997 -274.97656
77.27358 -25.721397 -286.6411
76.885155 -24.921104 -286.64432
77.75451 -24.195045 -298.97867
77.362236 -23.39634 -298.9036
78.052025 -21.594368 -311.72507
77.652885 -20.795326 -311.5706
78.40786 -17.881905 -324.5724
77.99807 -17.088478 -324.34265
79.101036 -13.227882 -337.24234
78.67797 -12.451088 -336.9579
79.101036 -13.227867 -337.24237
78.678 -12.451073 -336.95792
80.32827 -8.180931 -349.55707
79.89535 -7.426598 -349.2625
80.32827 -8.180946 -349.557
79.89532 -7.426628 -349.26245
82.10906 -3.451424 -361.4627
81.676414 -2.714531 -361.2058
84.30749 0.614052 -373.0221
83.88317 1.342049 -372.8221
84.30749 0.614037 -373.0221
83.88317 1.342033 -372.82205
86.795555 4.192238 -384.3721
86.37823 4.917763 -384.2152
89.422264 7.594917 -395.69034
89.00646 8.322884 -395.55222
92.0028 10.982231 -407.18073
91.586784 11.715385 -407.04474
92.00277 10.982216 -407.18066
91.586754 11.715355 -407.0447
94.46578 14.546318 -419.07623
94.049095 15.283607 -418.9298
96.59188 18.240349 -431.32718
96.181755 18.976006 -431.16605
96.59191 18.240334 -431.32715
96.181755 18.976006 -431.16602
98.16625 21.738503 -443.31314
97.768364 22.46952 -443.14136
99.389 24.934074 -454.91254
98.99587 25.668526 -454.7405
99.38897 24.934074 -454.9125
98.9959 25.668526 -454.74045
100.53542 27.816307 -465.9784
100.137505 28.563972 -465.81415
101.87728 30.755028 -477.3601
101.46581 31.523674 -477.19955
103.64654 34.02993 -489.89117
103.2167 34.824013 -489.73398
103.64654 34.029915 -489.8911
103.21667 34.823997 -489.73392
105.83492 37.66221 -503.43387
105.38955 38.477974 -503.27725
108.53155 40.535225 -518.38776
108.09652 41.365456 -518.30365
108.53155 40.53521 -518.3877
108.09652 41.36544 -518.3036
111.08651 42.84263 -534.6051
110.69497 43.627296 -534.56915
111.856804 48.135048 -550.6205
111.53448 48.784172 -550.42096
111.53451 48.784157 -550.4209
112.53808 54.269768 -563.3504
112.2098 54.871086 -563.048
115.68493 58.308617 -575.014
115.26357 59.02369 -574.77686
115.68493 58.3086 -575.01385
115.26354 59.023674 -574.7768
119.59591 61.42469 -586.87317
119.14483 62.258446 -586.73645
123.179344 62.625435 -595.68744
122.71554 63.561546 -595.7041
126.161766 62.69143 -604.16724
125.674095 63.749733 -604.3378
125.674065 63.749733 -604.33777
127.114006 60.106438 -613.83386
126.58599 61.23034 -614.23145
124.45138 55.07778 -626.60297
123.86971 56.109123 -627.03687
124.45141 55.077797 -626.6029
123.86974 56.109154 -627.03687
119.46404 50.50132 -641.97174
118.93151 51.36759 -642.205
116.23559 47.354164 -658.3537
115.83614 48.076042 -658.5038
116.23562 47.35418 -658.3537
115.836205 48.076073 -658.5037
115.42141 45.311592 -673.46216
115.093285 45.96517 -673.58044
115.64541 44.550865 -686.7763
115.34078 45.176125 -686.8305
116.875175 44.756172 -698.9217
116.56936 45.380318 -698.9269
116.875145 44.75614 -698.9217
116.56933 45.380287 -698.9268
118.687614 45.418846 -710.5127
118.37847 46.039482 -710.4942
120.17913 46.053032 -722.20123
119.87447 46.66816 -722.1815
120.17913 46.053017 -722.2013
119.87447 46.668144 -722.1816
121.12972 46.43589 -734.34973
120.839195 47.029823 -734.3396
121.83138 46.49871 -747.0838
121.557304 47.06356 -747.09314
122.26449 46.10685 -760.2845
122.00448 46.64437 -760.3145
122.44033 45.57264 -773.7454
122.19228 46.084724 -773.77924
122.4403 45.57261 -773.7454
122.19225 46.08471 -773.7793
122.97088 45.020348 -787.4272
122.73232 45.51487 -787.463
123.83166 44.42524 -801.05066
123.59942 44.908318 -801.08954
124.79391 43.97924 -814.43585
124.56765 44.449654 -814.47095
124.79391 43.979225 -814.436
124.56765 44.44964 -814.47107
125.46349 43.415993 -827.4624
125.242 43.875893 -827.4995
125.88882 42.826836 -840.20605
125.674 43.27204 -840.24274
126.39202 42.51539 -852.2586
126.18017 42.953667 -852.281
127.10723 42.473244 -863.0006
126.90258 42.89573 -863.0125
127.10723 42.47323 -863.0006
126.90258 42.895744 -863.0125
127.968956 42.45945 -872.7308
127.76653 42.876335 -872.7394
128.89444 42.67231 -881.2525
128.68903 43.091972 -881.2497
129.90039 43.295204 -889.33514
129.69556 43.70829 -889.3154
129.90042 43.29522 -889.3352
129.69556 43.708305 -889.3154
130.9697 44.402504 -897.35504
130.76608 44.806038 -897.31226
132.26541 45.47506 -905.72797
132.0633 45.874504 -905.69214
133.88779 46.625908 -914.7802
133.68262 47.026604 -914.7448
135.5711 47.91442 -923.50037
135.35806 48.320824 -923.44867
135.57114 47.914436 -923.5004
135.35812 48.320854 -923.4488
137.06094 49.498344 -932.4141
136.83972 49.91613 -932.3396
138.67886 51.462364 -940.78864
138.44647 51.88497 -940.68964
140.1854 53.991997 -948.4786
139.9497 54.40087 -948.33923
140.18542 53.992027 -948.47864
139.94974 54.4009 -948.3393
141.72641 56.89884 -954.7023
141.48718 57.26989 -954.52295
143.04819 59.231544 -959.0742
142.80807 59.579887 -958.8899
144.22757 61.126305 -962.6792
143.99036 61.46833 -962.5091
145.28775 62.811287 -966.18353
145.05902 63.154198 -966.031
145.28775 62.811302 -966.1836
145.05905 63.15423 -966.031
146.12689 64.269646 -969.94806
145.91373 64.62002 -969.82104
146.56244 65.243706 -973.63696
146.36716 65.60488 -973.54724
146.6965 65.773735 -976.907
146.51178 66.14059 -976.85223
146.6708 66.005516 -979.6388
146.49063 66.37365 -979.61316
146.67084 66.00555 -979.6389
146.49066 66.37368 -979.6133
146.54562 66.06246 -982.1481
146.36737 66.42922 -982.1469
146.33594 66.00887 -984.56506
146.15863 66.37237 -984.58545
146.02567 65.82015 -987.31335
145.84888 66.17812 -987.3548
146.02573 65.82018 -987.3134
145.8489 66.17812 -987.35486
145.6312 65.493004 -990.2198
145.4544 65.84286 -990.2834
145.16626 65.01116 -993.15283
144.9892 65.35107 -993.2378
144.72061 64.39669 -995.9252
144.54327 64.72665 -996.02734
144.29523 63.618904 -998.71924
144.11816 63.938988 -998.83386
144.2952 63.61889 -998.71924
144.11813 63.938972 -998.8338
143.89017 62.70481 -1001.40326
143.71426 63.014458 -1001.5274
143.51627 61.72802 -1003.89087
143.34296 62.027687 -1004.0197
143.18301 60.800743 -1006.0796
143.0134 61.09159 -1006.2089
143.0134 61.09156 -1006.20886
142.84586 59.932213 -1008.15625
142.68036 60.214256 -1008.28467
142.44647 59.034096 -1010.4471
142.28564 59.306908 -1010.5736
142.0412 58.201927 -1012.7063
141.8848 58.46659 -1012.8309
141.64758 57.463036 -1014.85645
141.49484 57.721535 -1014.9792
141.64755 57.463005 -1014.8564
141.49481 57.721504 -1014.9791
141.29541 56.860115 -1016.75385
141.14523 57.11451 -1016.87537
140.94989 56.257988 -1018.63617
140.802 56.508537 -1018.7586
140.57541 55.480537 -1020.8199
140.43054 55.72599 -1020.9484
140.57541 55.480537 -1020.81995
140.43057 55.72599 -1020.9484
140.24612 54.568855 -1023.05554
140.10605 54.806923 -1023.19794
140.00284 53.568047 -1025.1598
139.87039 53.796288 -1025.3221
139.86182 52.604103 -1026.9014
139.74051 52.82093 -1027.0865
139.81757 51.608406 -1028.4056
139.71216 51.812294 -1028.6145
139.81757 51.60839 -1028.4058
139.71213 51.81228 -1028.6145
139.84894 50.44314 -1029.9261
139.7616 50.634605 -1030.1554
139.96817 49.00849 -1031.5216
139.90347 49.186546 -1031.77
140.19699 47.156303 -1033.2269
140.15701 47.320198 -1033.4935
140.19699 47.156273 -1033.227
140.15704 47.320183 -1033.4935
140.47101 45.15084 -1034.7963
140.45282 45.301476 -1035.0774
140.70715 43.20823 -1036.1057
140.70334 43.345924 -1036.399
140.8724 41.489876 -1037.1315
140.87268 41.616158 -1037.4343
140.97647 40.08805 -1037.8853
140.978 40.204384 -1038.1953
141.06732 38.696785 -1038.5731
141.07248 38.804787 -1038.8887
141.19702 36.86109 -1039.3783
141.20996 36.960472 -1039.6987
141.36725 34.52645 -1040.2831
141.40561 34.61164 -1040.607
141.36725 34.52648 -1040.2832
141.40561 34.611702 -1040.607
141.58481 31.948967 -1041.0376
141.64725 32.01429 -1041.3683
141.86908 29.4441 -1041.5266
141.94293 29.489082 -1041.8633
142.20486 27.093086 -1041.8032
142.29013 27.118599 -1042.1376
142.20483 27.093102 -1041.8032
142.29013 27.118614 -1042.1375
142.59613 24.678856 -1041.8569
142.6706 24.683678 -1042.1915
142.99316 22.44329 -1041.7168
143.03516 22.42762 -1042.0537
142.99313 22.443336 -1041.7169
143.03516 22.42765 -1042.0536
143.34079 20.448662 -1041.582
143.37296 20.422508 -1041.9165
143.6709 18.56353 -1041.5149
143.73169 18.539284 -1041.842
144.082 16.50045 -1041.3724
144.17642 16.479103 -1041.686
144.08197 16.500465 -1041.3724
144.17642 16.479134 -1041.686
144.57626 14.033516 -1041.0643
144.68497 14.011543 -1041.3683
145.0397 11.487816 -1040.5941
145.12537 11.460991 -1040.8987
145.40427 9.227333 -1040.1632
145.46655 9.199211 -1040.4562
145.40427 9.227364 -1040.1633
145.46658 9.199226 -1040.4562
145.65164 7.3489 -1039.7974
145.68155 7.322472 -1040.0669
145.85654 5.53347 -1039.4364
145.84656 5.50927 -1039.6915
146.0379 3.572777 -1039.0638
145.99637 3.549965 -1039.3265
146.03793 3.572823 -1039.064
145.99643 3.550011 -1039.3267
146.13464 1.46476 -1038.7753
146.08765 1.442802 -1039.052
146.12656 -0.552055 -1038.6545
146.11066 -0.573692 -1038.9337
146.12656 -0.552025 -1038.6545
146.11063 -0.573677 -1038.9338
146.08203 -2.402321 -1038.5688
146.09384 -2.423592 -1038.846
145.99951 -4.239006 -1038.4999
146.03271 -4.259727 -1038.7727
145.89871 -6.154945 -1038.4457
145.95349 -6.17524 -1038.7122
145.89868 -6.15493 -1038.4456
145.95346 -6.175194 -1038.7122
145.768 -8.303413 -1038.4026
145.84824 -8.324211 -1038.6598
145.5994 -10.492287 -1038.3716
145.70596 -10.515205 -1038.6166
145.4006 -12.516777 -1038.3447
145.52939 -12.543358 -1038.5771
145.40057 -12.516747 -1038.3447
145.52936 -12.543327 -1038.5771
145.1958 -14.187523 -1038.3108
145.33856 -14.218269 -1038.5344
144.95157 -15.848106 -1038.2639
145.1036 -15.882637 -1038.4818
144.61917 -17.856834 -1038.2499
144.78748 -17.895561 -1038.4552
144.61923 -17.856789 -1038.2499
144.7875 -17.8955 -1038.4553
144.1596 -20.21154 -1038.3092
144.35721 -20.254341 -1038.5034
143.5809 -22.451561 -1038.3965
143.81747 -22.494987 -1038.6212
143.01251 -24.458214 -1038.6294
143.29956 -24.501167 -1038.8756
143.01248 -24.458183 -1038.6294
142.60431 -26.218346 -1039.1105
142.92868 -26.26699 -1039.3109
142.15417 -27.929955 -1039.6514
142.48999 -27.985695 -1039.8213
142.1542 -27.929909 -1039.6514
142.49002 -27.985664 -1039.8215
141.66309 -29.479301 -1040.1757
141.99722 -29.54142 -1040.338
141.11517 -30.93969 -1040.6967
141.44101 -31.00724 -1040.8649
140.51117 -32.34591 -1041.2162
140.82596 -32.417625 -1041.3955
140.5112 -32.345894 -1041.2163
140.82596 -32.41761 -1041.3955
139.78046 -33.846367 -1041.7797
140.08084 -33.92182 -1041.9733
138.8941 -35.4573 -1042.3856
139.177 -35.53617 -1042.5951
137.79105 -37.31333 -1043.105
138.05902 -37.394066 -1043.323
137.79108 -37.3133 -1043.105
138.05902 -37.394035 -1043.3229
136.45154 -39.453346 -1043.9609
136.70743 -39.534798 -1044.1808
134.96939 -41.766624 -1044.9215
135.21747 -41.847588 -1045.1372
133.51999 -44.069557 -1045.9202
133.76627 -44.148598 -1046.1255
133.52002 -44.069542 -1045.9202
133.76627 -44.148567 -1046.1255
132.32706 -46.054787 -1046.8164
132.57571 -46.131294 -1047.0084
131.15924 -48.0913 -1047.7535
131.40955 -48.16529 -1047.9337
129.93549 -50.327324 -1048.7933
130.18683 -50.39872 -1048.9618
129.93555 -50.327293 -1048.7935
130.18686 -50.398674 -1048.9618
128.74936 -52.642616 -1049.876
129.00272 -52.711037 -1050.0316
127.72668 -54.76719 -1050.8595
127.98138 -54.832726 -1051.0046
127.72668 -54.76716 -1050.8594
127.98141 -54.832695 -1051.0045
126.89318 -56.597572 -1051.6932
127.14837 -56.660683 -1051.8302
126.116295 -58.44024 -1052.52
126.37264 -58.500572 -1052.6475
125.3998 -60.325752 -1053.3544
125.65847 -60.382805 -1053.4684
125.3998 -60.325737 -1053.3542
125.65844 -60.38279 -1053.4684
124.8092 -62.115868 -1054.1343
125.07113 -62.169334 -1054.231
124.350365 -63.792168 -1054.8519
124.61593 -63.841927 -1054.9275
124.01879 -65.37019 -1055.516
124.287346 -65.41623 -1055.5651
124.01879 -65.37016 -1055.516
124.28741 -65.41619 -1055.5652
123.78457 -67.05679 -1056.2075
124.05416 -67.09905 -1056.2222
123.68816 -68.7973 -1056.8971
123.953636 -68.83597 -1056.8652
123.741234 -70.673164 -1057.5956
123.99331 -70.70894 -1057.5101
123.741234 -70.67314 -1057.5956
123.99328 -70.70892 -1057.5101
123.92684 -72.63338 -1058.2682
124.158806 -72.66367 -1058.1385
124.134056 -74.499886 -1058.8453
124.37478 -74.49784 -1058.7496
124.134056 -74.49986 -1058.8453
124.37475 -74.49781 -1058.7496
124.44598 -76.03061 -1059.2887
124.68499 -76.01123 -1059.1913
124.79479 -77.285545 -1059.6344
125.019554 -77.2655 -1059.5079
125.18285 -78.59264 -1059.968
125.393456 -78.57229 -1059.8214
125.182884 -78.59262 -1059.9681
125.393456 -78.57226 -1059.8215
125.6831 -80.17591 -1060.3357
125.877556 -80.15556 -1060.1714
126.20611 -81.81192 -1060.6735
126.38558 -81.79216 -1060.496
126.685905 -83.42847 -1060.9661
126.85592 -83.41022 -1060.7831
126.685905 -83.42845 -1060.9661
126.85592 -83.4102 -1060.7831
127.0819 -84.97626 -1061.2103
127.247856 -84.96037 -1061.0271
127.4006 -86.552734 -1061.4147
127.56524 -86.53982 -1061.2345
127.65127 -88.24003 -1061.5912
127.81701 -88.23019 -1061.418
127.65124 -88.24001 -1061.5912
127.81698 -88.23017 -1061.4178
127.799675 -89.88481 -1061.7295
127.96899 -89.87844 -1061.5682
127.921745 -91.31886 -1061.7998
128.05429 -91.319855 -1061.6157
128.01318 -92.50811 -1061.7914
128.10257 -92.513466 -1061.6058
128.01315 -92.508095 -1061.7914
128.1026 -92.51346 -1061.6056
128.01434 -93.72583 -1061.8132
128.09805 -93.73082 -1061.669
127.97729 -95.28048 -1061.8798
128.05542 -95.286 -1061.7646
127.97732 -95.28045 -1061.8798
128.05545 -95.28597 -1061.7648
127.914604 -97.142975 -1061.9539
127.97756 -97.15088 -1061.84
127.80349 -99.01177 -1062.0748
127.85644 -99.02348 -1061.9562
127.67153 -100.69122 -1062.2494
127.71487 -100.70759 -1062.132
127.67156 -100.6912 -1062.2494
127.71487 -100.707565 -1062.1318
127.542015 -102.135025 -1062.4677
127.574425 -102.15661 -1062.3503
127.40014 -103.49567 -1062.7632
127.424065 -103.52253 -1062.6465
127.23705 -104.93378 -1063.1609
127.25463 -104.96551 -1063.0449
127.23705 -104.933754 -1063.1609
127.25466 -104.96549 -1063.0449
127.06936 -106.41767 -1063.6384
127.08135 -106.45334 -1063.5222
126.91946 -107.89999 -1064.1425
126.92599 -107.9374 -1064.0247
126.80871 -109.28989 -1064.5955
126.80938 -109.32608 -1064.4755
126.80871 -109.28987 -1064.5956
126.80941 -109.326065 -1064.4753
126.73037 -110.611435 -1064.9917
126.72622 -110.644905 -1064.8695
126.66131 -111.9853 -1065.3754
126.655235 -112.01616 -1065.2515
126.66134 -111.985275 -1065.3754
126.655266 -112.016136 -1065.2515
126.589195 -113.42671 -1065.7439
126.58529 -113.454475 -1065.6177
126.51003 -114.802536 -1066.0243
126.50204 -114.8264 -1065.8911
126.423 -115.992294 -1066.1803
126.399376 -116.01138 -1066.039
126.423 -115.99229 -1066.1802
126.399376 -116.01137 -1066.039
126.32476 -117.04199 -1066.2758
126.287224 -117.05491 -1066.1334
126.22109 -118.0502 -1066.3319
126.17281 -118.05647 -1066.1903
126.120415 -119.11651 -1066.3732
126.070915 -119.11698 -1066.2294
126.120415 -119.11649 -1066.3732
126.070915 -119.11697 -1066.2295
126.044304 -120.19381 -1066.3722
126.00024 -120.18866 -1066.2261
126.013145 -121.20177 -1066.2849
125.9685 -121.19053 -1066.1466
126.031975 -122.055336 -1066.1625
125.98455 -122.03867 -1066.0286
126.031975 -122.055336 -1066.1624
125.98455 -122.038666 -1066.0286
126.093834 -122.80487 -1066.0284
126.04958 -122.78158 -1065.8838
126.203514 -123.622284 -1065.8412
126.168144 -123.59189 -1065.6936
126.36126 -124.50392 -1065.5505
126.328575 -124.465675 -1065.404
126.36126 -124.50391 -1065.5505
126.328575 -124.46567 -1065.404
126.55114 -125.42035 -1065.1526
126.51385 -125.37463 -1065.01
126.7286 -126.252464 -1064.7004
126.682365 -126.20051 -1064.5637
126.7286 -126.25246 -1064.7003
126.682335 -126.2005 -1064.5637
126.882866 -127.069374 -1064.1713
126.82476 -127.01237 -1064.0431
126.99798 -127.8598 -1063.5878
126.9287 -127.798805 -1063.4697
127.09222 -128.66924 -1062.9655
127.01754 -128.60645 -1062.8553
127.092186 -128.66924 -1062.9655
127.01751 -128.60645 -1062.8552
127.175835 -129.4274 -1062.4036
127.10165 -129.366 -1062.296
127.260826 -130.09262 -1061.9724
127.192894 -130.03589 -1061.8622
127.35598 -130.69781 -1061.6581
127.29983 -130.64757 -1061.5416
127.29983 -130.64755 -1061.5416
127.46923 -131.29942 -1061.4275
127.429985 -131.25586 -1061.3054
127.6238 -132.00316 -1061.2058
127.59878 -131.96661 -1061.0762
127.82159 -132.74228 -1060.9734
127.78985 -132.71582 -1060.8267
127.82162 -132.74226 -1060.9734
127.78985 -132.71582 -1060.8268
128.05963 -133.48357 -1060.793
128.01895 -133.46838 -1060.635
128.30957 -134.16243 -1060.7096
128.28369 -134.14882 -1060.5507
128.58316 -134.8166 -1060.6422
128.56992 -134.80234 -1060.4858
128.58313 -134.81659 -1060.6422
128.56989 -134.80232 -1060.4858
128.94034 -135.5675 -1060.5823
128.93912 -135.55241 -1060.4294
129.37735 -136.36183 -1060.5671
129.3919 -136.34537 -1060.4183
129.37735 -136.36182 -1060.5671
129.39194 -136.34537 -1060.4183
129.84662 -137.09055 -1060.6216
129.8787 -137.07233 -1060.4772
130.38684 -137.82944 -1060.7292
130.43094 -137.80992 -1060.5906
131.0293 -138.62375 -1060.8934
131.07608 -138.60591 -1060.7665
131.0293 -138.62373 -1060.8936
131.07608 -138.6059 -1060.7665
131.2622 -139.23712 -1060.8547
131.26218 -139.23712 -1060.8547
29.527916 6.372154 -55.55092
31.039131 7.159645 -64.71141
36.45896 9.295128 -71.96934
41.669502 9.63224 -79.52601
47.301384 7.827278 -88.157555
52.467827 3.797646 -98.007576
52.46781 3.797615 -98.007576
57.16813 -2.81147 -108.26047
57.1681 -2.81147 -108.26045
59.867058 -13.200005 -118.57472
62.932213 -23.227913 -128.42958
65.448814 -28.079994 -137.05983
67.49789 -30.472176 -144.12976
67.49789 -30.47219 -144.12976
68.97985 -31.349678 -150.6499
70.29842 -31.85418 -157.18654
71.31072 -32.07168 -163.79549
72.1708 -32.095222 -170.60178
72.1708 -32.095207 -170.60179
72.801445 -31.860619 -177.90517
73.24319 -31.179314 -186.9954
73.37188 -29.880302 -198.57956
73.20663 -28.077309 -212.35983
73.033714 -26.264626 -226.63191
73.22289 -25.07827 -240.04028
73.22295 -25.07824 -240.04031
73.90978 -24.732399 -252.28197
74.932304 -24.905388 -263.73462
75.98553 -25.006966 -275.00006
76.781364 -24.46894 -286.6394
77.25686 -22.945076 -298.8574
77.54537 -20.343864 -311.48083
77.886406 -16.64022 -324.20923
78.55935 -12.012215 -336.78973
78.55938 -12.012184 -336.7898
79.76913 -7.000435 -349.08307
79.76913 -7.00045 -349.083
81.54623 -2.298271 -361.0418
83.75353 1.753304 -372.68555
83.75353 1.753304 -372.68552
86.24996 5.327644 -384.09964
88.87838 8.734154 -395.44547
91.45925 12.129601 -406.93954
91.45922 12.129585 -406.93948
93.922356 15.700203 -418.8204
96.05929 19.391685 -431.05255
97.65261 22.88253 -443.02728
98.88329 26.083443 -454.62912
98.88326 26.083443 -454.62906
100.023705 28.986305 -465.70667
101.34713 31.957924 -477.09158
103.09106 35.272667 -489.62418
103.09109 35.272667 -489.62415
105.2582 38.93885 -503.1649
107.971214 41.83448 -518.23065
107.971214 41.83448 -518.2306
110.58654 44.07067 -534.5296
111.451775 49.151466 -550.3072
111.451775 49.151436 -550.3071
112.120415 55.211967 -562.8736
115.13427 59.428627 -574.61975
115.13421 59.42861 -574.6197
119.01223 62.72982 -586.63306
122.58605 64.089714 -595.6815
125.54647 64.34594 -604.3943
125.54644 64.34594 -604.3943
126.45257 61.86422 -614.42865
123.70153 56.691765 -627.29706
123.70156 56.691795 -627.297
118.760796 51.856987 -642.37537
115.717064 48.48385 -658.6092
115.717094 48.48388 -658.6092
115.00393 46.33439 -673.65063
115.25936 45.529335 -686.8582
116.48638 45.732933 -698.9198
116.48635 45.732918 -698.9197
118.29293 46.390175 -710.4692
119.790825 47.015724 -722.1583
120.760765 47.36538 -734.3264
121.484 47.382668 -747.09326
121.935234 46.94802 -760.32806
122.12621 46.374077 -773.79675
122.12621 46.37406 -773.7967
122.66894 45.79426 -787.4795
123.537834 45.181236 -801.1061
124.50756 44.715416 -814.485
124.50759 44.7154 -814.48505
125.18325 44.135674 -827.51587
125.61697 43.523537 -840.2602
126.12374 43.20124 -852.2903
126.84786 43.134407 -863.01465
126.84786 43.134407 -863.0147
127.71221 43.111885 -872.7383
128.63336 43.329033 -881.2412
129.63943 43.941734 -889.297
129.63943 43.94175 -889.29706
130.70963 45.03405 -897.28107
132.0069 46.100197 -905.6636
133.62463 47.252953 -914.71466
135.29684 48.550423 -923.4084
135.29688 48.55047 -923.4085
136.77621 50.15217 -932.2879
138.37823 52.12368 -940.62286
139.8797 54.631935 -948.25073
139.87976 54.63195 -948.2508
141.41269 57.479546 -954.4106
142.73062 59.77671 -958.77295
143.91284 61.6616 -962.399
144.9852 63.34797 -965.93115
144.98523 63.347984 -965.9313
145.8479 64.817955 -969.73846
146.31104 65.80895 -973.4899
146.46124 66.34786 -976.81793
146.44226 66.5816 -979.5974
146.44229 66.58163 -979.59753
146.3198 66.63644 -982.1464
146.11115 66.57772 -984.5981
145.80109 66.38033 -987.38025
145.80112 66.38033 -987.3803
145.40598 66.04049 -990.3223
144.93988 65.54302 -993.2896
144.49316 64.91305 -996.0894
144.06754 64.119835 -998.90356
144.0675 64.119804 -998.9035
143.66339 63.18943 -1001.6028
143.29251 62.19703 -1004.0977
142.9638 61.255898 -1006.2871
142.6319 60.37359 -1008.3623
142.23862 59.461067 -1010.64996
141.83902 58.616173 -1012.9059
141.45016 57.867607 -1015.0531
141.45013 57.867577 -1015.05304
141.10144 57.258247 -1016.94836
140.75903 56.65011 -1018.832
140.38882 55.864662 -1021.02454
140.06683 54.941383 -1023.2804
139.8353 53.925255 -1025.4138
139.71146 52.94346 -1027.1885
139.69162 51.927513 -1028.7268
139.69159 51.927498 -1028.7268
139.75067 50.74279 -1030.2761
139.90436 49.287193 -1031.8983
140.17096 47.41285 -1033.6285
140.17096 47.412834 -1033.6285
140.47827 45.38659 -1035.2178
140.7366 43.42379 -1036.5447
140.90851 41.687584 -1037.585
141.01483 40.27015 -1038.3499
141.11148 38.86582 -1039.046
141.2533 37.01664 -1039.8582
141.46182 34.659874 -1040.7655
141.46179 34.659935 -1040.7655
141.71835 32.053535 -1041.5319
142.0245 29.520592 -1042.0345
142.3793 27.141396 -1042.3079
142.37927 27.14141 -1042.3077
142.75394 24.695946 -1042.364
143.10117 22.42823 -1042.2329
143.10117 22.428276 -1042.2328
143.43369 20.416405 -1042.096
143.80725 18.533333 -1042.013
144.26889 16.473839 -1041.8446
144.26886 16.47387 -1041.8447
144.78397 14.004585 -1041.5194
145.2117 11.449577 -1041.0548
145.5393 9.18502 -1040.6147
145.5393 9.185051 -1040.6149
145.73535 7.307442 -1040.222
145.87534 5.494987 -1039.8379
146.00385 3.536736 -1039.4695
146.0039 3.536781 -1039.4696
146.09164 1.430016 -1039.1975
146.13043 -0.586342 -1039.0767
146.13043 -0.586327 -1039.0767
146.12738 -2.435997 -1038.9846
146.07666 -4.271812 -1038.9066
146.00766 -6.187065 -1038.8407
146.00766 -6.187035 -1038.8407
145.91425 -8.336403 -1038.7808
145.78406 -10.528587 -1038.7283
145.61746 -12.558815 -1038.6799
145.61746 -12.558769 -1038.6799
145.43283 -14.236137 -1038.6312
145.202 -15.902824 -1038.5743
144.89273 -17.918144 -1038.5396
144.89273 -17.918098 -1038.5396
144.47495 -20.279655 -1038.5779
143.95224 -22.522163 -1038.7037
143.45471 -24.529854 -1038.963
143.45468 -24.529839 -1038.963
143.09613 -26.299828 -1039.3738
142.65955 -28.023384 -1039.8691
142.65958 -28.023354 -1039.8693
142.16461 -29.583412 -1040.3824
141.60452 -31.052864 -1040.913
140.98468 -32.466103 -1041.45
140.98471 -32.466072 -1041.45
140.23349 -33.97274 -1042.0358
139.32224 -35.58938 -1042.6667
138.19751 -37.448616 -1043.3999
138.19751 -37.448586 -1043.3998
136.84015 -39.58979 -1044.2596
135.34607 -41.902245 -1045.2148
133.89328 -44.201942 -1046.1985
133.89328 -44.201927 -1046.1985
132.703 -46.182976 -1047.0752
131.5369 -48.215294 -1047.9948
130.31403 -50.446968 -1049.0175
130.31406 -50.446922 -1049.0175
129.13019 -52.757256 -1050.0812
128.10889 -54.87696 -1051.0491
128.10892 -54.87693 -1051.0491
127.27575 -56.703255 -1051.871
126.500084 -58.541298 -1052.6835
125.78622 -60.421318 -1053.498
125.78619 -60.421303 -1053.4979
125.19933 -62.20542 -1054.2522
124.74441 -63.875496 -1054.9385
124.41543 -65.44733 -1055.5634
124.41549 -65.447296 -1055.5634
124.18014 -67.12762 -1056.2041
124.07412 -68.862045 -1056.8258
124.1032 -70.73307 -1057.4469
124.10317 -70.733055 -1057.4469
124.25579 -72.685905 -1058.0532
124.47817 -74.51331 -1058.6505
124.47817 -74.51328 -1058.6505
124.7824 -76.02351 -1059.0774
125.10293 -77.27806 -1059.383
125.46499 -78.58503 -1059.6904
125.46499 -78.58501 -1059.6904
125.93676 -80.1683 -1060.0358
126.43395 -81.80448 -1060.3577
126.8977 -83.42162 -1060.6443
126.89773 -83.4216 -1060.6443
127.2868 -84.97033 -1060.8893
127.60351 -86.54792 -1061.0981
127.856834 -88.23635 -1061.2844
127.856804 -88.23633 -1061.2843
128.01434 -89.88274 -1061.4407
128.09216 -91.32354 -1061.5005
128.12778 -92.51699 -1061.5074
128.1278 -92.51698 -1061.5074
128.12537 -93.73383 -1061.588
128.0841 -95.28927 -1061.6912
128.0841 -95.28924 -1061.6912
127.99947 -97.15546 -1061.7631
127.872734 -99.03011 -1061.8776
127.72549 -100.71676 -1062.0554
127.72549 -100.71674 -1062.0554
127.57845 -102.16872 -1062.2755
127.42303 -103.537674 -1062.5731
127.24972 -104.98339 -1062.9728
127.24972 -104.98336 -1062.9728
127.07296 -106.47339 -1063.4507
126.91396 -107.95841 -1063.953
126.79366 -109.34643 -1064.4033
126.79366 -109.34641 -1064.4034
126.70748 -110.66381 -1064.7971
126.635216 -112.03357 -1065.1781
126.63525 -112.03355 -1065.1781
126.56643 -113.47008 -1065.5428
126.48034 -114.83915 -1065.815
126.368095 -116.02014 -1065.9636
126.368095 -116.02013 -1065.9636
126.24816 -117.05963 -1066.0605
126.128075 -118.05747 -1066.1195
126.02523 -119.11511 -1066.158
126.02523 -119.1151 -1066.158
125.95879 -120.184586 -1066.1543
125.928276 -121.184204 -1066.0773
125.93926 -122.02984 -1065.9535
125.93926 -122.02983 -1065.9534
126.003075 -122.76964 -1065.7988
126.12661 -123.57629 -1065.605
126.28875 -124.446014 -1065.3153
126.28875 -124.44599 -1065.3154
126.4714 -125.3511 -1064.924
126.63473 -126.17375 -1064.482
126.6347 -126.173744 -1064.482
126.77029 -126.98307 -1063.9684
126.868065 -127.76745 -1063.4028
126.95406 -128.57416 -1062.794
126.95403 -128.57414 -1062.7937
127.03881 -129.33443 -1062.2362
127.134026 -130.00671 -1061.7998
127.24816 -130.62167 -1061.4744
127.38882 -131.23349 -1061.2324
127.565605 -131.94852 -1060.9965
127.74734 -132.70763 -1060.7437
127.74734 -132.70761 -1060.7438
127.96221 -133.47432 -1060.5631
128.23315 -134.15744 -1060.4768
128.5268 -134.81128 -1060.4097
128.52676 -134.81126 -1060.4097
128.9035 -135.56186 -1060.3518
129.36627 -136.35568 -1060.3384
129.36624 -136.35567 -1060.3384
129.86444 -137.08376 -1060.3949
130.42542 -137.82216 -1060.508
131.07803 -138.61664 -1060.6895
131.07806 -138.61662 -1060.6896
29.5279 6.372169 -55.550922
30.788246 7.740959 -64.68527
36.20208 9.928642 -71.977715
41.46308 10.287834 -79.62758
47.1699 8.480324 -88.37301
52.385796 4.459221 -98.3189
52.38578 4.459206 -98.31889
57.123436 -2.152962 -108.687515
57.123405 -2.152962 -108.68751
59.930244 -12.669106 -119.08852
63.03103 -22.771065 -128.86865
65.49355 -27.579994 -137.30493
67.52474 -29.976982 -144.29108
67.52474 -29.976997 -144.29108
68.9826 -30.853813 -150.71501
70.293144 -31.364403 -157.22536
71.301445 -31.59272 -163.81345
72.1592 -31.627739 -170.60558
72.1592 -31.627754 -170.60558
72.788994 -31.40464 -177.89348
73.23055 -30.735939 -186.96542
73.360466 -29.449425 -198.53343
73.196465 -27.6558 -212.30606
73.02386 -25.847939 -226.58319
73.212395 -24.664711 -240.01126
73.212425 -24.664696 -240.0113
73.89953 -24.32499 -252.28003
74.9233 -24.507133 -263.75095
75.976555 -24.616753 -275.01392
76.77114 -24.082878 -286.6307
77.24566 -22.559761 -298.81537
77.53353 -19.958382 -311.4026
77.87243 -16.257454 -324.09296
78.53979 -11.637474 -336.6412
78.53979 -11.637444 -336.64127
79.74169 -6.636528 -348.92096
79.74166 -6.636559 -348.9209
81.51263 -1.942772 -360.88882
83.71764 2.1045 -372.55283
83.717674 2.1045 -372.55276
86.21346 5.677605 -383.98264
88.841576 9.085274 -395.3348
91.42336 12.483269 -406.83038
91.42336 12.483253 -406.83032
93.88787 16.055931 -418.70877
96.02883 19.74659 -430.94028
96.02883 19.746605 -430.94025
97.62774 23.235222 -442.9182
98.86147 26.437782 -454.5242
98.86144 26.437782 -454.52414
100.001915 29.347008 -465.6048
101.32314 32.328743 -476.9877
103.0635 35.655754 -489.51614
103.06347 35.655754 -489.51608
105.227745 39.33239 -503.05264
107.94601 42.23501 -518.1511
107.94598 42.23501 -518.15106
110.57052 44.44924 -534.48254
111.44863 49.46543 -550.2092
111.4486 49.46543 -550.20917
112.109245 55.503777 -562.72217
115.097466 59.77494 -574.4698
115.097404 59.77491 -574.4698
118.981895 63.132423 -586.5268
122.56542 64.54012 -595.6404
125.537834 64.853935 -604.4154
125.5378 64.853935 -604.41534
126.450554 62.404762 -614.5783
123.66674 57.18923 -627.5293
123.66677 57.189262 -627.52924
118.70327 52.274864 -642.547
115.68755 48.83207 -658.7133
115.687584 48.8321 -658.7133
114.99279 46.649666 -673.71277
115.251335 45.83094 -686.87976
116.476524 46.03399 -698.90674
116.476494 46.033974 -698.9067
118.28039 46.689583 -710.4379
119.7795 47.31243 -722.1302
119.7795 47.31243 -722.1303
120.751915 47.651894 -734.30994
121.47671 47.655144 -747.08997
121.928856 47.20733 -760.3374
122.12011 46.621117 -773.81036
122.12008 46.621086 -773.81036
122.66332 46.032784 -787.49097
123.532524 45.414284 -801.1161
124.50228 44.942345 -814.4928
124.50228 44.94233 -814.49286
125.178154 44.357475 -827.52655
125.61196 43.738304 -840.2727
126.11846 43.41268 -852.2957
126.84243 43.33825 -863.0134
126.84243 43.33825 -863.0135
127.706505 43.312996 -872.7332
128.62677 43.53144 -881.229
129.63205 44.141014 -889.27625
129.63205 44.14103 -889.27637
130.70126 45.22863 -897.24976
131.99796 46.29284 -905.6335
133.61441 47.44625 -914.682
135.28464 48.746452 -923.36646
135.28467 48.746483 -923.3666
136.7637 50.353706 -932.2371
138.36276 52.327522 -940.55835
139.86273 54.82917 -948.1685
139.86276 54.829216 -948.1686
141.39023 57.658546 -954.307
142.70398 59.944725 -958.6642
143.88498 61.82659 -962.2954
144.95969 63.51336 -965.83673
144.95969 63.51339 -965.83685
145.82877 64.98693 -969.6604
146.2999 65.98321 -973.43646
146.45453 66.524864 -976.7863
146.43716 66.75921 -979.58295
146.4372 66.75921 -979.58307
146.31506 66.81338 -982.1458
146.1063 66.753044 -984.60956
145.79572 66.55291 -987.4034
145.79575 66.55294 -987.40344
145.39969 66.20922 -990.3576
144.93231 65.70696 -993.3364
144.48434 65.07217 -996.14545
144.05777 64.27422 -998.9662
144.05777 64.27419 -998.9661
143.6529 63.338768 -1001.6705
143.28159 62.341545 -1004.1678
142.95291 61.396156 -1006.35736
142.95285 61.39614 -1006.3573
142.62112 60.50962 -1008.43195
142.22806 59.592674 -1010.7185
141.82877 58.743874 -1012.97314
141.44025 57.992317 -1015.11926
141.44022 57.992287 -1015.1191
141.09183 57.380928 -1017.01355
140.74979 56.77102 -1018.89734
140.38043 55.98313 -1021.09155
140.38046 55.98313 -1021.0916
140.0604 55.056206 -1023.35205
139.83224 54.035316 -1025.4921
139.71332 53.048058 -1027.2736
139.70044 52.025856 -1028.8186
139.70044 52.02584 -1028.8186
139.76727 50.835136 -1030.373
139.93051 49.37307 -1031.9993
140.20755 47.49189 -1033.733
140.20758 47.49189 -1033.733
140.52417 45.45925 -1035.3251
140.78897 43.49021 -1036.655
140.96329 41.748528 -1037.6993
141.07068 40.3263 -1038.4678
141.16916 38.91793 -1039.166
141.31448 37.064598 -1039.9794
141.53302 34.701103 -1040.8842
141.53305 34.70115 -1040.8842
141.80194 32.088158 -1041.6547
142.11978 29.551094 -1042.1663
142.48401 27.166603 -1042.44
142.48404 27.166618 -1042.4398
142.85468 24.713188 -1042.5001
143.18793 22.435555 -1042.3782
143.1879 22.435585 -1042.3782
143.51599 20.41732 -1042.2428
143.9013 18.53376 -1042.1495
144.37576 16.474174 -1041.967
144.37576 16.47419 -1041.967
144.89563 14.002571 -1041.6338
145.31317 11.442558 -1041.1763
145.6294 9.174355 -1040.7427
145.62943 9.1744 -1040.7427
145.80933 7.294716 -1040.3545
145.92703 5.481956 -1039.9685
146.03372 3.524513 -1039.5945
146.03375 3.52459 -1039.5947
146.1148 1.418404 -1039.3197
146.1661 -0.59774 -1039.1936
146.16608 -0.597725 -1039.1937
146.17404 -2.447197 -1039.0961
146.1315 -4.282722 -1039.0127
146.07034 -6.197777 -1038.9404
146.07037 -6.197746 -1038.9404
145.98587 -8.347435 -1038.8722
145.8646 -10.540688 -1038.8102
145.7052 -12.572823 -1038.753
145.70517 -12.572792 -1038.753
145.5249 -14.252357 -1038.6982
145.29697 -15.921089 -1038.637
144.99243 -17.938591 -1038.5942
144.99243 -17.938576 -1038.5942
144.58276 -20.302711 -1038.6218
144.07144 -22.54766 -1038.7504
143.58734 -24.557762 -1039.0098
143.58734 -24.557747 -1039.0096
143.2345 -26.331947 -1039.3993
142.79733 -28.06028 -1039.8826
142.7974 -28.06025 -1039.8827
142.2999 -29.624504 -1040.3939
141.7367 -31.097466 -1040.928
141.1135 -32.513466 -1041.4705
141.1135 -32.51345 -1041.4706
140.35818 -34.022545 -1042.0635
139.4418 -35.641396 -1042.7024
138.31216 -37.502007 -1043.4404
138.31216 -37.501976 -1043.4404
136.95035 -39.64364 -1044.3025
135.45276 -41.955727 -1045.2574
133.9982 -44.254143 -1046.2378
133.99823 -44.254128 -1046.2377
132.80759 -46.233513 -1047.1095
131.64105 -48.264183 -1048.0248
130.41751 -50.494164 -1049.0435
130.41751 -50.494118 -1049.0435
129.23334 -52.802467 -1050.1023
128.21179 -54.920265 -1051.0663
128.21179 -54.920235 -1051.0663
127.37826 -56.744926 -1051.8853
126.60226 -58.581184 -1052.6941
125.888084 -60.459038 -1053.5037
125.888115 -60.459023 -1053.5035
125.300896 -62.240746 -1054.2512
124.84518 -63.90838 -1054.9294
124.51455 -65.47774 -1055.5444
124.51458 -65.47771 -1055.5444
124.27581 -67.15557 -1056.1727
124.16308 -68.887566 -1056.7786
124.18108 -70.75666 -1057.3823
124.18105 -70.75664 -1057.3822
124.32055 -72.70815 -1057.9724
124.543175 -74.53329 -1058.5527
124.543144 -74.53327 -1058.5527
124.83834 -76.042854 -1058.9667
125.145744 -77.297806 -1059.2667
125.4974 -78.60508 -1059.5718
125.49743 -78.60505 -1059.5718
125.95861 -80.18842 -1059.9161
126.44671 -81.82406 -1060.2383
126.90502 -83.43965 -1060.5256
126.90502 -83.43963 -1060.5256
127.29171 -84.986015 -1060.7716
127.60793 -86.560715 -1060.9817
127.86288 -88.24612 -1061.1697
127.86285 -88.24609 -1061.1696
128.0261 -89.889465 -1061.3295
128.10397 -91.32805 -1061.4021
128.13525 -92.52041 -1061.425
128.13525 -92.52039 -1061.425
128.13745 -93.73662 -1061.5167
128.09851 -95.292244 -1061.6205
128.09857 -95.29221 -1061.6205
128.00739 -97.15932 -1061.6882
127.875175 -99.035515 -1061.8037
127.72314 -100.72431 -1061.9845
127.72317 -100.72429 -1061.9845
127.570335 -102.178665 -1062.2072
127.41042 -103.550064 -1062.507
127.23373 -104.99805 -1062.9082
127.23373 -104.998024 -1062.9082
127.053795 -106.48989 -1063.387
126.891594 -107.97568 -1063.8899
126.767845 -109.36309 -1064.3408
126.767845 -109.363075 -1064.3407
126.67889 -110.679276 -1064.7346
126.60543 -112.04784 -1065.1152
126.60543 -112.04781 -1065.1152
126.53747 -113.48286 -1065.4785
126.44869 -114.849144 -1065.7507
126.32824 -116.026085 -1065.9027
126.32821 -116.02607 -1065.9027
126.20193 -117.061806 -1066.0035
126.07726 -118.05646 -1066.0658
125.97347 -119.11198 -1066.1036
125.97347 -119.11196 -1066.1038
125.911644 -120.180305 -1066.1003
125.88201 -121.17874 -1066.0237
125.88329 -122.02263 -1065.8882
125.88326 -122.02263 -1065.8882
125.94314 -122.76031 -1065.7219
126.07098 -123.56414 -1065.5234
126.234795 -124.43076 -1065.233
126.234795 -124.43075 -1065.233
126.41509 -125.33285 -1064.8442
126.57372 -126.152985 -1064.4075
126.57372 -126.15297 -1064.4075
126.70333 -126.96031 -1063.9014
126.79586 -127.74309 -1063.3442
126.87972 -128.5491 -1062.7412
126.87966 -128.5491 -1062.7411
126.965355 -129.30997 -1062.1852
127.064415 -129.98407 -1061.746
127.185295 -130.60164 -1061.4144
127.185295 -130.60162 -1061.4146
127.33581 -131.21614 -1061.1655
127.517296 -131.93713 -1060.927
127.68749 -132.71004 -1060.6853
127.68752 -132.71002 -1060.6853
127.902214 -133.48611 -1060.5182
128.17975 -134.17096 -1060.4288
128.47916 -134.8254 -1060.3584
128.47913 -134.82538 -1060.3585
128.86172 -135.57675 -1060.2977
129.33237 -136.37195 -1060.2806
129.33234 -136.37195 -1060.2806
129.83972 -137.10178 -1060.3334
130.40796 -137.84146 -1060.445
131.06808 -138.63457 -1060.6284
131.06808 -138.63455 -1060.6285
29.527916 6.372154 -55.550922
30.633568 8.307732 -64.60831
36.050224 10.545082 -71.92706
41.360146 10.925667 -79.66296
47.13868 9.115608 -88.51591
52.407326 5.102821 -98.55211
52.40731 5.102821 -98.55211
57.196556 -1.512901 -109.03973
57.19654 -1.512917 -109.03971
60.11666 -12.156105 -119.54822
63.238426 -22.330711 -129.2626
65.63613 -27.098015 -137.51833
67.6415 -29.499657 -144.42422
69.07345 -30.375847 -150.7595
70.37438 -30.892342 -157.24654
71.37731 -31.131142 -163.81866
72.23107 -31.177147 -170.59966
72.2311 -31.177132 -170.59967
72.85836 -30.96505 -177.87582
73.297844 -30.308556 -186.9331
73.427025 -29.034157 -198.4884
73.26272 -27.24952 -212.25546
73.08938 -25.446297 -226.53772
73.27639 -24.26612 -239.98302
73.27642 -24.26609 -239.98308
73.962456 -23.93235 -252.27512
74.98571 -24.123268 -263.7615
76.03756 -24.240639 -275.0218
76.830315 -23.710732 -286.61832
77.30428 -22.188393 -298.77258
77.59264 -19.58686 -311.3256
77.930504 -15.888527 -323.9787
78.5928 -11.276253 -336.49365
78.59283 -11.276237 -336.49368
79.78588 -6.285789 -348.75696
79.78588 -6.285805 -348.7569
81.548454 -1.600136 -360.7302
83.74877 2.443001 -372.41086
83.74874 2.442986 -372.41086
86.24239 6.014946 -383.85376
88.86996 9.423759 -395.21094
91.452995 12.824165 -406.70807
91.452965 12.824165 -406.708
93.91952 16.398811 -418.5852
96.06469 20.088707 -430.81873
96.06469 20.088707 -430.8187
97.66897 23.575142 -442.80298
98.90591 26.779305 -454.41458
98.90591 26.77929 -454.41455
100.047264 29.694633 -465.4978
101.368004 32.686165 -476.8773
103.106926 36.025063 -489.39944
103.106926 36.025032 -489.39938
105.270164 39.7118 -502.9302
107.99355 42.621086 -518.05914
107.99355 42.621086 -518.0591
110.6224 44.814186 -534.42584
111.50494 49.76838 -550.11414
111.50494 49.76838 -550.1141
112.15591 55.785667 -562.57404
115.126976 60.10917 -574.31146
115.126945 60.109154 -574.3114
119.02563 63.52056 -586.40875
122.62481 64.97372 -595.58154
125.61788 65.34258 -604.41205
125.61785 65.34255 -604.4119
126.54708 62.925148 -614.70605
123.72903 57.668663 -627.7621
123.72906 57.668694 -627.762
118.72549 52.67768 -642.73553
115.72283 49.167732 -658.8262
115.72286 49.167763 -658.8261
115.03942 46.95356 -673.7747
115.29772 46.121635 -686.89886
116.52062 46.324165 -698.88824
116.52059 46.32415 -698.8882
118.321526 46.978172 -710.3991
119.821465 47.598427 -722.09607
119.821465 47.59841 -722.0961
120.79452 47.928032 -734.2898
121.518364 47.917793 -747.0839
121.96899 47.457268 -760.3443
122.15841 46.859245 -773.8226
122.15841 46.8592 -773.8226
122.70049 46.26275 -787.4998
123.56896 45.63891 -801.1225
124.53765 45.161064 -814.4969
124.53765 45.16108 -814.49695
125.21285 44.571342 -827.5343
125.64559 43.94535 -840.2829
126.15121 43.616463 -852.2991
126.87365 43.534706 -863.00964
126.87362 43.534706 -863.00964
127.73684 43.50686 -872.725
128.6565 43.7266 -881.2131
129.66055 44.333107 -889.25214
129.66055 44.333122 -889.25226
130.72827 45.416267 -897.2156
132.02396 46.4786 -905.5996
133.6391 47.63256 -914.6446
135.30814 48.935402 -923.31946
135.3082 48.935432 -923.31964
136.78833 50.54798 -932.18243
138.3855 52.52404 -940.48975
139.88406 55.019325 -948.08344
139.8841 55.019356 -948.0835
141.40472 57.831062 -954.2006
142.71298 60.106697 -958.55176
143.89182 61.985603 -962.1873
144.96805 63.67283 -965.7378
144.96808 63.672844 -965.7379
145.84293 65.149864 -969.57874
146.3215 66.15118 -973.3809
146.48016 66.69543 -976.75385
146.46417 66.93035 -979.5684
146.4642 66.93038 -979.5685
146.34229 66.98397 -982.1456
146.13309 66.92208 -984.6215
145.82169 66.71938 -987.42694
145.82172 66.71938 -987.42706
145.42435 66.37191 -990.39343
144.95535 65.865074 -993.3839
144.50589 65.22564 -996.202
144.07794 64.42306 -999.0295
144.07794 64.42303 -999.0295
143.67175 63.482735 -1001.73883
143.29944 62.480934 -1004.23846
142.97003 61.53141 -1006.42816
142.97003 61.53138 -1006.4281
142.63766 60.64077 -1008.5021
142.24411 59.719536 -1010.78754
141.84439 58.866997 -1013.0408
141.45557 58.112556 -1015.1856
141.45554 58.112526 -1015.1855
141.10693 57.4992 -1017.079
140.76501 56.88752 -1018.9626
140.39636 56.097267 -1021.1582
140.3964 56.097267 -1021.1582
140.0781 55.166862 -1023.4223
139.85303 54.141457 -1025.5674
139.73871 53.148903 -1027.3541
139.73224 52.12069 -1028.9038
139.73221 52.120674 -1028.9038
139.80612 50.92417 -1030.4613
139.97803 49.45585 -1032.0894
140.26459 47.56814 -1033.8243
140.26459 47.568123 -1033.8243
140.58969 45.529335 -1035.4172
140.86053 43.554253 -1036.7495
141.03738 41.807228 -1037.7976
141.14603 40.38041 -1038.5693
141.24634 38.96821 -1039.2693
141.39499 37.110847 -1040.083
141.6222 34.740852 -1040.9836
141.62216 34.7409 -1040.9838
141.90042 32.121742 -1041.7546
142.22919 29.5821 -1042.2734
142.60596 27.194954 -1042.549
142.60593 27.194984 -1042.5488
142.97559 24.735435 -1042.6145
143.29688 22.448738 -1042.5046
143.29684 22.448769 -1042.5049
143.62082 20.424019 -1042.3718
144.01608 18.539375 -1042.2664
144.50104 16.479042 -1042.0676
144.50104 16.479057 -1042.0676
145.02441 14.004433 -1041.7257
145.43329 11.438683 -1041.2765
145.73932 9.166054 -1040.8518
145.73932 9.166084 -1040.8517
145.90475 7.283348 -1040.4739
146.00183 5.469139 -1040.094
146.0864 3.511986 -1039.7168
146.08643 3.512047 -1039.717
146.15771 1.406532 -1039.4357
146.22003 -0.609413 -1039.3016
146.22 -0.609398 -1039.3018
146.23785 -2.458702 -1039.1964
146.2023 -4.293907 -1039.1063
146.14789 -6.208748 -1039.0265
146.14786 -6.208748 -1039.0266
146.07083 -8.358727 -1038.9487
145.9567 -10.553062 -1038.8757
145.80286 -12.587151 -1038.8083
145.80289 -12.58712 -1038.8082
145.62585 -14.268974 -1038.7466
145.40009 -15.93972 -1038.6809
145.09879 -17.959496 -1038.6294
145.09879 -17.95945 -1038.6294
144.6937 -20.326225 -1038.6455
144.1885 -22.573723 -1038.7756
143.71362 -24.586983 -1039.0322
143.7136 -24.586967 -1039.0321
143.36234 -26.36573 -1039.4014
142.92279 -28.099068 -1039.874
142.92282 -28.099007 -1039.8741
142.42236 -29.667717 -1040.3839
141.85645 -31.144402 -1040.9215
141.23062 -32.5633 -1041.4695
141.23065 -32.56327 -1041.4696
140.47223 -34.074898 -1042.0695
139.55191 -35.696144 -1042.7161
138.41821 -37.558144 -1043.4592
137.05249 -39.700294 -1044.3239
135.55164 -42.01197 -1045.2787
134.09515 -44.30903 -1046.2565
134.09515 -44.308983 -1046.2565
132.90372 -46.286644 -1047.1243
131.7363 -48.31559 -1048.0359
130.51187 -50.543816 -1049.0509
130.5119 -50.54377 -1049.0509
129.32693 -52.850014 -1050.1056
128.30481 -54.965797 -1051.0663
128.30481 -54.965767 -1051.0662
127.470695 -56.788795 -1051.8827
126.694084 -58.62313 -1052.6885
125.97924 -60.49871 -1053.4934
125.97924 -60.498695 -1053.4934
125.391075 -62.2779 -1054.2351
124.93386 -63.94294 -1054.9062
124.60064 -65.50972 -1055.5126
124.60067 -65.50969 -1055.5126
124.35732 -67.18496 -1056.1301
124.236534 -68.91442 -1056.7225
124.242516 -70.781456 -1057.3124
124.242485 -70.78144 -1057.3124
124.368004 -72.7316 -1057.8901
124.58846 -74.55512 -1058.4573
124.58846 -74.5551 -1058.4573
124.87414 -76.064384 -1058.8622
125.169395 -77.31978 -1059.1592
125.51165 -78.6274 -1059.4636
125.51168 -78.62738 -1059.4637
125.963554 -80.210785 -1059.8086
126.44369 -81.845726 -1060.132
126.89724 -83.459656 -1060.4207
126.89721 -83.45964 -1060.4207
127.28188 -85.00346 -1060.6676
127.59765 -86.57497 -1060.8787
127.85415 -88.25702 -1061.0677
127.85415 -88.257 -1061.0677
128.02274 -89.89695 -1061.2295
128.10193 -91.332924 -1061.3123
128.13126 -92.523926 -1061.3478
128.13123 -92.52392 -1061.3478
128.1387 -93.73946 -1061.4464
128.10178 -95.29518 -1061.5469
128.1018 -95.29515 -1061.5469
128.00342 -97.16281 -1061.6116
127.86544 -99.04017 -1061.7301
127.7091 -100.730804 -1061.9146
127.70913 -100.73079 -1061.9146
127.55099 -102.18717 -1062.1407
127.386986 -103.56068 -1062.4434
127.207085 -105.01061 -1062.8468
127.207085 -105.01058 -1062.8468
127.02416 -106.50403 -1063.3273
126.85879 -107.9905 -1063.8313
126.73165 -109.37738 -1064.2831
126.73165 -109.377365 -1064.2832
126.63998 -110.6925 -1064.6779
126.5653 -112.06002 -1065.0583
126.5653 -112.06 -1065.0583
126.49801 -113.493774 -1065.4199
126.40679 -114.85727 -1065.693
126.27883 -116.03001 -1065.8503
126.27883 -116.02999 -1065.8502
126.146996 -117.062004 -1065.9562
126.018364 -118.053734 -1066.0223
125.91369 -119.10759 -1066.06
125.91366 -119.107574 -1066.0602
125.856804 -120.1755 -1066.0566
125.82604 -121.173546 -1065.9778
125.810844 -122.01686 -1065.8291
125.810814 -122.01685 -1065.8291
125.86266 -122.75438 -1065.6543
125.99392 -123.55662 -1065.4496
126.159355 -124.421295 -1065.1572
126.159386 -124.42128 -1065.1573
126.3377 -125.32154 -1064.7712
126.49227 -126.14011 -1064.3403
126.4923 -126.14009 -1064.3403
126.616875 -126.9462 -1063.843
126.70525 -127.72799 -1063.2959
126.787865 -128.53358 -1062.6996
126.7878 -128.53358 -1062.6993
126.87484 -129.29478 -1062.145
126.977684 -129.97003 -1061.7024
127.10485 -130.5892 -1061.3636
127.10485 -130.58919 -1061.3638
127.26464 -131.20538 -1061.1053
127.4522 -131.93243 -1060.8665
127.618706 -132.71942 -1060.6458
127.61874 -132.71942 -1060.6458
127.84298 -133.50029 -1060.4878
128.1275 -134.18596 -1060.3942
128.43161 -134.84117 -1060.3201
128.43158 -134.84116 -1060.3201
128.81915 -135.59337 -1060.2561
129.29648 -136.39003 -1060.2349
129.29648 -136.39001 -1060.2349
129.81161 -137.12186 -1060.2832
130.38617 -137.863 -1060.3928
131.05258 -138.65552 -1060.5768
131.05258 -138.6555 -1060.5769
30.571144 8.852089 -64.485085
36.000984 11.135033 -71.82099
41.357582 11.536049 -79.634636
47.203545 9.723595 -88.58731
52.52729 5.718834 -98.70699
52.527275 5.718834 -98.70699
57.38076 -0.898689 -109.31729
57.380745 -0.898705 -109.31728
60.41703 -11.655525 -119.963684
63.54574 -21.89782 -129.62285
65.868065 -26.624214 -137.70708
67.84014 -29.030418 -144.5345
67.84014 -29.030434 -144.5345
69.244225 -29.905998 -150.78633
70.53393 -30.42826 -157.25238
71.530235 -30.677345 -163.81268
72.37838 -30.734215 -170.58504
72.37838 -30.734215 -170.58505
73.00158 -30.532951 -177.85255
73.43725 -29.88839 -186.89809
73.56396 -28.625877 -198.44356
73.398 -26.850136 -212.20691
73.223045 -25.05143 -226.49435
73.40777 -23.874306 -239.955
73.40777 -23.87429 -239.95505
74.091515 -23.546364 -252.2674
75.11266 -23.745903 -263.76703
76.161766 -23.870811 -275.0245
76.95214 -23.344872 -286.6025
77.42596 -21.823265 -298.7285
77.71569 -19.221611 -311.24857
78.05358 -15.525826 -323.86435
78.711235 -10.921165 -336.34448
78.711266 -10.92115 -336.3445
79.894554 -5.940987 -348.58853
79.894554 -5.941017 -348.58847
81.64666 -1.26339 -360.56378
83.83999 2.775688 -372.25833
83.83996 2.775673 -372.25833
86.33013 6.34655 -383.71222
88.95675 9.756477 -395.07336
91.541374 13.159279 -406.57217
91.54134 13.159248 -406.57214
94.01052 16.735847 -418.4489
96.16006 20.42501 -430.68677
96.16003 20.42501 -430.6867
97.76952 23.909279 -442.6803
99.00985 27.114983 -454.29892
99.00985 27.114952 -454.2989
100.15304 30.036354 -465.3845
101.47491 33.037514 -476.75925
103.21426 36.38807 -489.27313
103.21426 36.388054 -489.27307
105.37817 40.08471 -502.79672
108.10668 43.000557 -517.9548
108.10668 43.00054 -517.9548
110.7355 45.17289 -534.3594
111.615074 50.066505 -550.02
111.615074 50.06649 -550.02
112.25466 56.063362 -562.42633
115.21578 60.438194 -574.143
115.21575 60.438194 -574.14294
119.13595 63.90232 -586.27814
122.75616 65.39959 -595.506
125.77801 65.822136 -604.3867
125.77798 65.822136 -604.38666
126.73278 63.436165 -614.8166
123.87859 58.1399 -627.9991
123.878654 58.139915 -627.999
118.81902 53.073677 -642.942
115.816185 49.49769 -658.9485
115.816216 49.497704 -658.9484
115.138176 47.252296 -673.83746
115.39324 46.407402 -686.916
116.61343 46.609413 -698.8645
116.613396 46.609398 -698.86444
118.41103 47.26188 -710.3529
119.91149 47.879616 -722.05585
119.91146 47.879616 -722.05585
120.88363 48.19953 -734.26587
121.60421 48.176003 -747.0751
122.05123 47.702934 -760.34906
122.2369 47.09333 -773.83356
122.2369 47.0933 -773.83356
122.77642 46.488792 -787.5064
123.64318 45.85972 -801.12555
124.609795 45.376076 -814.4976
124.609764 45.376076 -814.4977
125.28353 44.781563 -827.53925
125.71407 44.148857 -840.29114
126.218285 43.816795 -852.30035
126.93786 43.727806 -863.0032
126.93789 43.72779 -863.0033
127.799675 43.697426 -872.7134
128.719 43.91842 -881.19354
129.7214 44.521965 -889.2243
129.7214 44.52198 -889.2245
130.78711 45.600746 -897.17804
132.08136 46.66117 -905.5615
133.69528 47.81568 -914.6022
135.3638 49.121162 -923.2673
135.36383 49.121178 -923.2674
136.84644 50.738945 -932.12354
138.44257 52.7172 -940.4163
139.93982 55.206245 -947.9943
139.93985 55.20626 -947.9944
141.4524 58.00068 -954.0899
142.7539 60.265907 -958.4341
143.92963 62.14193 -962.0733
145.0068 63.829582 -965.633
145.00684 63.829613 -965.63306
145.88696 65.31002 -969.49243
146.37259 66.316246 -973.3227
146.53503 66.86312 -976.7201
146.52014 67.098595 -979.5534
146.52017 67.098625 -979.5535
146.39825 67.151634 -982.1453
146.18848 67.08828 -984.63367
145.87592 66.88299 -987.45135
145.87595 66.88302 -987.4515
145.47693 66.53179 -990.43036
145.00601 66.02044 -993.4328
144.55469 65.37646 -996.26013
144.12494 64.56939 -999.09436
144.12491 64.56936 -999.0943
143.71698 63.624245 -1001.8088
143.34308 62.61788 -1004.31085
143.01242 61.66433 -1006.50055
143.01239 61.664314 -1006.5005
142.67886 60.769676 -1008.5737
142.28394 59.844215 -1010.8578
141.88312 58.988 -1013.10974
141.49353 58.23075 -1015.2533
141.49347 58.23072 -1015.25323
141.14438 57.61547 -1017.1457
140.80234 57.002052 -1019.0292
140.4342 56.20948 -1021.22577
140.4342 56.20948 -1021.2258
140.11737 55.275703 -1023.4925
139.89526 54.24578 -1025.6414
139.78534 53.24801 -1027.4318
139.78488 52.21392 -1028.9844
139.78491 52.21389 -1028.9843
139.86548 51.01171 -1030.5432
140.04538 49.53727 -1032.1711
140.3407 47.643074 -1033.9055
140.67374 45.59826 -1035.4978
140.95032 43.61727 -1036.831
141.12979 41.864967 -1037.8827
141.2399 40.433586 -1038.6576
141.34216 39.0176 -1039.3594
141.4939 37.156258 -1040.1731
141.7286 34.7799 -1041.0677
141.72864 34.779945 -1041.0677
142.01248 32.15441 -1041.8334
142.34799 29.612617 -1042.3539
142.73843 27.224953 -1042.6315
142.7384 27.224983 -1042.6315
143.11179 24.761757 -1042.704
143.42447 22.467278 -1042.6086
143.42447 22.467323 -1042.6089
143.74503 20.436333 -1042.4792
144.14822 18.550056 -1042.3597
144.64081 16.488365 -1042.143
144.64081 16.48841 -1042.143
145.16629 14.010109 -1041.7919
145.56815 11.438118 -1041.353
145.86584 9.160439 -1040.9387
145.86588 9.160484 -1040.9387
146.01892 7.273872 -1040.5746
146.09802 5.457161 -1040.2079
146.1619 3.499245 -1039.834
146.16193 3.49929 -1039.8342
146.22281 1.394173 -1039.546
146.29504 -0.62162 -1039.4014
146.29501 -0.62159 -1039.4014
146.32162 -2.470711 -1039.2864
146.29214 -4.305595 -1039.1877
146.2432 -6.220192 -1039.0989
146.17197 -8.370506 -1039.0095
146.06323 -10.565971 -1038.9237
145.91327 -12.602135 -1038.8447
145.91327 -12.602104 -1038.8447
145.73834 -14.286293 -1038.7753
145.51395 -15.959206 -1038.7045
145.21442 -17.98133 -1038.6432
145.21439 -17.9813 -1038.6432
144.8097 -20.350594 -1038.6472
144.30347 -22.600304 -1038.7802
143.83301 -24.616966 -1039.0337
143.83298 -24.616936 -1039.0337
143.47989 -26.400414 -1039.3843
143.0362 -28.138817 -1039.8475
143.03622 -28.138756 -1039.8475
142.53256 -29.712059 -1040.3563
141.9643 -31.192574 -1040.8973
141.33655 -32.61445 -1041.4507
141.33655 -32.614433 -1041.4508
140.5759 -34.12864 -1042.0574
139.65271 -35.752357 -1042.7114
138.51575 -37.615776 -1043.4597
138.51578 -37.615776 -1043.4597
137.1466 -39.75843 -1044.3273
135.64279 -42.069725 -1045.2828
134.18423 -44.365334 -1046.2585
134.18423 -44.36532 -1046.2584
132.99149 -46.341194 -1047.1227
131.82294 -48.368385 -1048.031
130.59735 -50.59478 -1049.0431
130.59741 -50.59475 -1049.0431
129.4114 -52.898827 -1050.0944
128.38843 -55.01252 -1051.052
128.3884 -55.01249 -1051.0519
127.55361 -56.83378 -1051.8662
126.77618 -58.666176 -1052.6692
126.060295 -60.539467 -1053.4702
126.060295 -60.53945 -1053.4701
125.470695 -62.31608 -1054.2067
125.011314 -63.978477 -1054.8716
124.6748 -65.54259 -1055.4705
124.67483 -65.54256 -1055.4706
124.42608 -67.215126 -1056.079
124.29629 -68.94197 -1056.6602
124.28939 -70.80696 -1057.2391
124.28939 -70.80693 -1057.2391
124.400444 -72.75579 -1057.8077
124.61657 -74.57827 -1058.365
124.6166 -74.57825 -1058.365
124.89242 -76.087585 -1058.7643
125.17654 -77.34347 -1059.0603
125.5104 -78.65143 -1059.3655
125.5104 -78.651405 -1059.3656
125.95406 -80.23481 -1059.7124
126.4273 -81.869026 -1060.0381
126.87676 -83.48116 -1060.3286
126.87673 -83.48113 -1060.3286
127.259636 -85.022224 -1060.5765
127.575096 -86.590294 -1060.7882
127.83303 -88.268745 -1060.9779
127.83303 -88.26873 -1060.9779
128.00662 -89.905 -1061.1406
128.08813 -91.33806 -1061.2308
128.11685 -92.5275 -1061.2759
128.11682 -92.52748 -1061.2759
128.12878 -93.742355 -1061.3763
128.09265 -95.298 -1061.4717
128.09268 -95.297966 -1061.4718
127.9869 -97.16579 -1061.5359
127.84359 -99.04386 -1061.6593
127.68365 -100.73592 -1061.8483
127.68365 -100.73591 -1061.8483
127.520836 -102.1939 -1062.079
127.35314 -103.56907 -1062.3849
127.1704 -105.02057 -1062.7908
127.1704 -105.02055 -1062.7908
126.98467 -106.515236 -1063.2732
126.81634 -108.00226 -1063.7787
126.68615 -109.38875 -1064.2324
126.68615 -109.38873 -1064.2325
126.59197 -110.703026 -1064.6287
126.516075 -112.0697 -1065.0093
126.516075 -112.06968 -1065.0094
126.44921 -113.5024 -1065.3693
126.35583 -114.86329 -1065.6438
126.22152 -116.031815 -1065.8077
126.085075 -117.060265 -1065.9197
125.95327 -118.04945 -1065.9905
125.84789 -119.10215 -1066.0284
125.84789 -119.102135 -1066.0283
125.795586 -120.170296 -1066.0232
125.75994 -121.16874 -1065.9395
125.722404 -122.01433 -1065.7876
125.722404 -122.01432 -1065.7876
125.76449 -122.75663 -1065.6222
125.896996 -123.56012 -1065.4111
126.06347 -124.42568 -1065.1156
126.06344 -124.42567 -1065.1156
126.24114 -125.326775 -1064.7316
126.39416 -126.146065 -1064.3068
126.39419 -126.14605 -1064.3068
126.51699 -126.95275 -1063.8187
126.604576 -127.73501 -1063.2812
126.68795 -128.54079 -1062.6908
126.68789 -128.54079 -1062.6906
126.776665 -129.30182 -1062.1375
126.88201 -129.97653 -1061.691
127.01275 -130.59496 -1061.3445
127.01281 -130.59496 -1061.3445
127.178215 -131.2104 -1061.0751
127.37408 -131.93924 -1060.8309
127.55065 -132.73279 -1060.6227
127.55068 -132.73277 -1060.6227
127.78658 -133.51584 -1060.4695
128.07678 -134.2021 -1060.3708
128.3847 -134.85808 -1060.293
128.38467 -134.85806 -1060.293
128.77643 -135.61124 -1060.2257
129.25922 -136.40948 -1060.1998
129.25919 -136.40947 -1060.1998
129.78082 -137.14342 -1060.2435
130.36093 -137.88614 -1060.3506
131.03278 -138.6785 -1060.534
131.03278 -138.67848 -1060.534
29.527885 6.372139 -55.550915
30.592827 9.381523 -64.318054
36.045036 11.706535 -71.66313
41.446724 12.127419 -79.54781
47.356804 10.31266 -88.59412
52.73835 6.315666 -98.79184
52.738335 6.315651 -98.79183
57.66897 -0.302345 -109.52889
57.668953 -0.302345 -109.528885
60.828484 -11.163109 -120.33993
63.95185 -21.469597 -129.95255
66.1881 -26.15554 -137.87294
68.11944 -28.56623 -144.62321
68.11941 -28.566246 -144.62323
69.49346 -29.4412 -150.79617
70.77035 -29.969215 -157.24332
71.75872 -30.228447 -163.79573
72.59966 -30.296043 -170.56184
72.59966 -30.296043 -170.56186
73.21731 -30.105522 -177.8237
73.64745 -29.47277 -186.86032
73.76995 -28.221992 -198.3987
73.600975 -26.45501 -212.15999
73.423546 -24.66085 -226.45273
73.60528 -23.486687 -239.92694
73.60528 -23.486671 -239.92699
74.285484 -23.164497 -252.25691
75.30297 -23.372581 -263.7677
76.347984 -23.505013 -275.02216
77.13549 -22.982979 -286.58325
77.60943 -21.46209 -298.68277
77.90148 -18.860268 -311.171
78.24047 -15.167046 -323.7493
78.89382 -10.569893 -336.19287
78.89385 -10.569878 -336.1929
80.0664 -5.599892 -348.41473
80.06637 -5.599937 -348.4147
81.8059 -0.930229 -360.3889
83.99004 3.10482 -372.09467
83.99004 3.104805 -372.09464
86.475365 6.674629 -383.55756
89.10067 10.08567 -394.9216
91.68722 13.490807 -406.4223
91.68719 13.490776 -406.42224
94.1596 17.069252 -418.2996
96.31371 20.757668 -430.5439
97.928215 24.239784 -442.5496
99.1722 27.447044 -454.17667
99.1722 27.44703 -454.1766
100.31805 30.374382 -465.26425
101.64257 33.385033 -476.63303
103.38424 36.747124 -489.13675
103.38421 36.74711 -489.13666
105.55041 40.45353 -502.6516
108.28405 43.37594 -517.8377
108.28405 43.375923 -517.83765
110.90868 45.52775 -534.283
111.77807 50.361626 -549.9264
111.77807 50.36161 -549.92633
112.404564 56.33854 -562.2783
115.36266 60.76409 -573.96375
115.36263 60.764076 -573.9637
119.31139 64.28014 -586.13464
122.95815 65.82049 -595.4138
126.01687 66.29568 -604.3399
126.01684 66.29568 -604.33984
127.00616 63.941032 -614.911
124.11376 58.60592 -628.2417
124.11379 58.60595 -628.2417
118.9822 53.465355 -643.1674
115.96636 49.82406 -659.08075
115.96639 49.824104 -659.08075
115.28805 47.547752 -673.9013
115.53704 46.69007 -686.9313
116.75402 46.891594 -698.83545
116.75402 46.89158 -698.8353
118.548 47.54252 -710.29913
120.04861 48.15777 -722.0093
121.01833 48.468056 -734.23804
121.73348 48.431328 -747.0636
122.1748 47.94596 -760.352
122.35473 47.324898 -773.8434
122.3547 47.324867 -773.8434
122.89034 46.71241 -787.5108
123.75445 46.078148 -801.12537
124.71795 45.588753 -814.49493
124.71795 45.588737 -814.49506
125.38949 44.989464 -827.5416
125.816795 44.350197 -840.29736
126.31896 44.01499 -852.29956
127.03445 43.91883 -862.9944
127.03445 43.9188 -862.99445
127.89449 43.885902 -872.69867
128.81366 44.108162 -881.1702
129.81406 44.70878 -889.19275
129.81409 44.708794 -889.1929
130.8772 45.783195 -897.1371
132.1695 46.841774 -905.5194
133.78232 47.996864 -914.55475
135.45093 49.304893 -923.20935
135.45096 49.304924 -923.20953
136.93732 50.927834 -932.0598
138.5333 52.908257 -940.3376
140.0293 55.391106 -947.90076
140.0293 55.391136 -947.9009
141.5325 58.16842 -953.9743
142.82608 60.42344 -958.31055
143.99774 62.296577 -961.95276
145.07523 63.984642 -965.52185
145.07526 63.984673 -965.522
145.96014 65.46841 -969.401
146.45258 66.479576 -973.2615
146.61847 67.028984 -976.68475
146.60449 67.26507 -979.53766
146.60452 67.2651 -979.5378
146.48239 67.3175 -982.1449
146.27182 67.25262 -984.6464
145.95792 67.04482 -987.4765
145.95798 67.04482 -987.4766
145.55695 66.689995 -990.4685
145.08362 66.174126 -993.4832
144.63016 65.52566 -996.32
144.19827 64.714134 -999.1611
144.19824 64.7141 -999.161
143.78802 63.76423 -1001.88074
143.41205 62.753334 -1004.3852
143.0795 61.795784 -1006.5749
143.07947 61.79577 -1006.5749
142.74402 60.89718 -1008.6473
142.3471 59.967598 -1010.93
141.94452 59.107643 -1013.1805
141.55365 58.347588 -1015.3226
141.55362 58.347557 -1015.3225
141.20374 57.73046 -1017.2139
140.86127 57.11535 -1019.09705
140.49332 56.320457 -1021.2942
140.49332 56.320473 -1021.2942
140.17792 55.383324 -1023.56287
139.95862 54.34896 -1025.7144
139.85287 53.34603 -1027.5071
139.85818 52.306114 -1029.0607
139.94504 51.098305 -1030.6193
140.13235 49.617805 -1032.2454
140.43582 47.717186 -1033.9772
140.77621 45.66636 -1035.5671
141.05835 43.679558 -1036.9006
141.24054 41.922096 -1037.9556
141.35226 40.4862 -1038.7338
141.45651 39.06643 -1039.4369
141.61124 37.20118 -1040.2502
141.85257 34.818504 -1041.1373
141.85257 34.81855 -1041.1373
142.13834 32.18644 -1041.8925
142.47375 29.642174 -1042.4084
142.87491 27.255165 -1042.6859
142.87491 27.255196 -1042.6859
143.2568 24.790886 -1042.7665
143.56631 22.490593 -1042.687
143.56631 22.490608 -1042.687
143.88467 20.453789 -1042.5615
144.29343 18.565453 -1042.4269
144.79065 16.501808 -1042.1909
144.79065 16.501854 -1042.191
145.31677 14.019417 -1041.8304
145.71356 11.440849 -1041.4027
146.00491 9.157692 -1041.0004
146.00494 9.157707 -1041.0004
146.14807 7.266701 -1040.6523
146.2125 5.446602 -1040.3042
146.25873 3.486809 -1039.9409
146.25879 3.486855 -1039.941
146.31085 1.381355 -1039.649
146.39203 -0.634254 -1039.4915
146.392 -0.634239 -1039.4916
146.42609 -2.483147 -1039.3644
146.40149 -4.317711 -1039.2557
146.35669 -6.232124 -1039.1561
146.35666 -6.232094 -1039.1562
146.28961 -8.382744 -1039.0537
146.18427 -10.579369 -1038.9532
146.0364 -12.617668 -1038.8611
146.03638 -12.617638 -1038.8611
145.86234 -14.304268 -1038.783
145.63849 -15.979424 -1038.7062
145.33905 -18.00399 -1038.6343
145.33905 -18.003975 -1038.6343
144.93079 -20.375862 -1038.6256
144.41724 -22.627556 -1038.7632
143.94543 -24.647331 -1039.0165
143.9454 -24.6473 -1039.0165
143.58707 -26.435509 -1039.3505
143.13797 -28.179039 -1039.8053
143.13803 -28.179008 -1039.8054
142.63086 -29.756874 -1040.3136
142.06055 -31.241295 -1040.8583
141.43143 -32.66619 -1041.4167
141.43143 -32.666176 -1041.4167
140.66934 -34.18302 -1042.0297
139.7443 -35.80921 -1042.691
138.60483 -37.674065 -1043.4443
138.60486 -37.674034 -1043.4443
137.23276 -39.817192 -1044.315
135.7261 -42.128105 -1045.2714
134.26541 -44.422325 -1046.2456
134.26541 -44.42228 -1046.2455
133.0711 -46.396385 -1047.1067
131.90115 -48.421806 -1048.0125
130.67416 -50.646324 -1049.022
130.6742 -50.646294 -1049.0221
129.48694 -52.948204 -1050.0702
128.46295 -55.059822 -1051.0253
128.46295 -55.059807 -1051.0253
127.62731 -56.87931 -1051.8376
126.8489 -58.70971 -1052.6382
126.131676 -60.58065 -1053.4358
126.131645 -60.58062 -1053.4358
125.540184 -62.354683 -1054.168
125.07818 -64.01439 -1054.8275
124.737724 -65.57581 -1055.42
124.737755 -65.57578 -1055.42
124.48296 -67.24566 -1056.0209
124.34347 -68.96987 -1056.5931
124.323204 -70.83273 -1057.1638
124.323204 -70.83271 -1057.1637
124.41961 -72.78031 -1057.7263
124.629906 -74.60219 -1058.2765
124.629906 -74.60216 -1058.2765
124.895836 -76.11181 -1058.6727
125.1697 -77.368225 -1058.9697
125.496086 -78.67653 -1059.2772
125.496086 -78.6765 -1059.2773
125.93255 -80.25994 -1059.6271
126.39983 -81.89346 -1059.9559
126.84588 -83.5037 -1060.2484
126.84585 -83.503685 -1060.2484
127.22726 -85.04185 -1060.4974
127.5425 -86.606316 -1060.7096
127.80184 -88.281006 -1060.8997
127.80184 -88.28098 -1060.8995
127.980095 -89.91342 -1061.062
128.06458 -91.34336 -1061.1575
128.09207 -92.531136 -1061.2087
128.09204 -92.53112 -1061.2087
128.10669 -93.7453 -1061.3064
128.07065 -95.300575 -1061.397
128.07068 -95.300545 -1061.3971
127.95803 -97.1681 -1061.4645
127.810326 -99.0465 -1061.5938
127.647484 -100.73954 -1061.7878
127.647484 -100.73952 -1061.7877
127.48077 -102.198685 -1062.0233
127.31011 -103.57506 -1062.3331
127.1249 -105.02765 -1062.7422
127.12493 -105.02763 -1062.7421
126.93673 -106.52317 -1063.2269
126.76571 -108.010574 -1063.7346
126.632774 -109.3968 -1064.1907
126.632774 -109.39678 -1064.1907
126.5364 -110.71047 -1064.5886
126.459404 -112.07657 -1064.97
126.45937 -112.076546 -1064.9698
126.39269 -113.50854 -1065.3282
126.297356 -114.86704 -1065.6045
126.15807 -116.031494 -1065.7766
126.15807 -116.03148 -1065.7766
126.01824 -117.056625 -1065.8954
125.884056 -118.04374 -1065.9716
125.77889 -119.09591 -1066.0092
125.77889 -119.0959 -1066.0092
125.73025 -120.16488 -1066.0004
125.68429 -121.16512 -1065.9161
125.62481 -122.01574 -1065.774
125.62481 -122.01573 -1065.774
125.665184 -122.76497 -1065.6227
125.797874 -123.57163 -1065.4053
125.96487 -124.44016 -1065.106
125.96487 -124.44015 -1065.106
126.14297 -125.34411 -1064.7234
126.29647 -126.16578 -1064.3035
126.29647 -126.16577 -1064.3035
126.42028 -126.97436 -1063.8235
126.50979 -127.7581 -1063.2946
126.59536 -128.56454 -1062.7087
126.5953 -128.56454 -1062.7087
126.68597 -129.32506 -1062.156
126.792534 -129.99802 -1061.7063
126.92431 -130.614 -1061.3523
126.92431 -130.61398 -1061.3523
127.09176 -131.2269 -1061.0719
127.294914 -131.95421 -1060.8187
127.48678 -132.74847 -1060.6132
127.48681 -132.74846 -1060.6133
127.73354 -133.53226 -1060.4615
128.02795 -134.21902 -1060.3578
128.33887 -134.87573 -1060.2758
128.33887 -134.87573 -1060.2759
128.73401 -135.6299 -1060.2048
129.22125 -136.42981 -1060.1742
129.22128 -136.4298 -1060.1742
129.74829 -137.16595 -1060.2129
130.33313 -137.91028 -1060.3171
131.00974 -138.70279 -1060.4996
131.00974 -138.70277 -1060.4998
131.26218 -139.23712 -1060.8546
29.527916 6.372169 -55.55092
30.69291 9.905724 -64.107635
36.17359 12.270103 -71.45644
41.61956 12.710579 -79.407166
47.591835 10.893562 -88.54298
53.03443 6.904213 -98.815056
53.03443 6.904182 -98.81505
58.056923 0.285149 -109.68209
58.056908 0.285133 -109.68208
61.357536 -10.681007 -120.67234
64.46554 -21.0514 -130.24396
66.604485 -25.697838 -138.01112
68.48708 -28.112938 -144.68657
68.487114 -28.112953 -144.68657
69.829094 -28.987328 -150.78668
71.09139 -29.520943 -157.21754
72.07049 -29.790062 -163.7666
72.90252 -29.86811 -170.52925
72.90252 -29.868126 -170.52925
73.5129 -29.688103 -177.78882
73.93569 -29.066948 -186.8199
74.052086 -27.827614 -198.35428
73.87853 -26.06916 -212.11543
73.697716 -24.279457 -226.41364
73.8756 -23.108147 -239.89929
73.8756 -23.108131 -239.89934
74.55093 -22.791573 -252.2435
75.56307 -23.007988 -263.76294
76.60262 -23.14782 -275.01416
77.38665 -22.629585 -286.56027
77.86108 -21.109413 -298.63574
78.156456 -18.507439 -311.0937
78.497795 -14.816689 -323.63474
79.14727 -10.22683 -336.04022
79.1473 -10.226814 -336.04025
80.307976 -5.266762 -348.23703
80.307976 -5.266777 -348.23697
82.032616 -0.604851 -360.20642
84.205284 3.426308 -371.9202
84.20525 3.426308 -371.92017
86.6842 6.995018 -383.38977
89.30782 10.407112 -394.75558
91.89666 13.814568 -406.25818
91.89663 13.814552 -406.25815
94.37289 17.394905 -418.13712
96.53188 21.082558 -430.3905
96.53188 21.082558 -430.39047
98.15121 24.5626 -442.4114
99.39904 27.771385 -454.04834
99.39901 27.77137 -454.0483
100.54842 30.704536 -465.13766
101.87728 33.724464 -476.49908
103.623344 37.0978 -488.99045
103.623314 37.097786 -488.9904
105.79366 40.813805 -502.49506
108.53243 43.742607 -517.7075
108.5324 43.74259 -517.7075
111.148125 45.874382 -534.19653
111.99914 50.650032 -549.8342
111.99917 50.650032 -549.8342
112.61083 56.607735 -562.1316
115.573875 61.082817 -573.77423
115.573845 61.082787 -573.7742
119.559044 64.649345 -585.9781
123.23809 66.23116 -595.3038
126.34234 66.757164 -604.2693
126.34234 66.75713 -604.2693
127.37594 64.433464 -614.98596
124.44338 59.060966 -628.48804
124.44341 59.060997 -628.488
119.22265 53.847878 -643.41144
116.17953 50.1428 -659.2229
116.17953 50.14283 -659.2229
115.494316 47.83634 -673.9659
115.73394 46.96615 -686.9445
116.94741 47.167213 -698.8009
116.94738 47.167183 -698.8008
118.73736 47.816628 -710.2377
120.237724 48.42945 -721.9564
120.237724 48.42942 -721.9565
121.20333 48.73034 -734.2063
121.910515 48.680794 -747.0492
122.343925 48.18331 -760.3526
122.516014 47.551018 -773.85187
122.516014 47.551003 -773.85187
123.046104 46.93078 -787.5128
123.90655 46.29148 -801.1218
124.86584 45.796486 -814.4889
124.86587 45.7965 -814.4889
125.534386 45.19256 -827.5411
125.9573 44.546806 -840.3015
126.45681 44.20852 -852.2969
127.16677 44.105385 -862.9831
127.16677 44.1054 -862.98315
128.02457 44.06997 -872.6806
128.94379 44.293465 -881.14325
129.94171 44.891182 -889.1576
129.94171 44.891197 -889.1577
131.0018 45.961388 -897.09283
132.29175 47.018196 -905.4731
133.90347 48.17379 -914.50214
135.57285 49.48432 -923.14606
135.5729 49.484352 -923.1462
137.06439 51.112312 -931.9917
138.66125 53.094856 -940.2541
140.15598 55.571663 -947.8034
140.15604 55.571693 -947.80347
141.64859 58.332283 -953.85455
142.93283 60.577263 -958.182
144.09952 62.447624 -961.8265
145.17657 64.13604 -965.4051
145.17664 64.13607 -965.4051
146.06573 65.6231 -969.30505
146.56448 66.63909 -973.1977
146.73349 67.19103 -976.6482
146.72018 67.427666 -979.52155
146.72021 67.4277 -979.52167
146.59769 67.479485 -982.1448
146.38608 67.41314 -984.65955
146.07053 67.2029 -987.5024
146.07053 67.202934 -987.5025
145.66718 66.844475 -990.5076
145.1912 66.32421 -993.5347
144.73514 65.67138 -996.3813
144.30072 64.85549 -999.22925
144.30072 64.85546 -999.22925
143.88776 63.900993 -1001.9543
143.50897 62.885674 -1004.46094
143.17383 61.924232 -1006.6508
143.17383 61.924217 -1006.65076
142.83578 61.02175 -1008.72235
142.43613 60.088097 -1011.00366
142.0311 59.22448 -1013.25256
141.63837 58.461723 -1015.3933
141.63837 58.461708 -1015.3932
141.2873 57.842827 -1017.2834
140.94418 57.226036 -1019.16583
140.57617 56.428856 -1021.36316
140.57617 56.42887 -1021.3632
140.262 55.48844 -1023.63293
140.04532 54.449776 -1025.7858
139.94345 53.44181 -1027.5791
139.95407 52.39617 -1029.1318
139.95404 52.396156 -1029.1318
140.0466 51.18287 -1030.688
140.24066 49.69645 -1032.31
140.55145 47.789604 -1034.0372
140.55145 47.78959 -1034.0372
140.89853 45.732918 -1035.6235
141.18588 43.74044 -1036.9562
141.37091 41.97793 -1038.014
141.4844 40.537605 -1038.7954
141.5906 39.114113 -1039.4998
141.74817 37.24508 -1040.312
141.99487 34.85627 -1041.1897
141.9949 34.856316 -1041.1897
142.27875 32.217873 -1041.9323
142.6062 29.671028 -1042.4392
143.01108 27.284767 -1042.7125
143.01105 27.284782 -1042.7125
143.40347 24.821297 -1042.8011
143.71677 22.517601 -1042.7378
143.71677 22.517632 -1042.7378
144.0351 20.475853 -1042.6166
144.44702 18.585075 -1042.4658
144.94568 16.518959 -1042.2103
144.94568 16.519005 -1042.2103
145.4711 14.032066 -1041.8403
145.86493 11.446846 -1041.4246
146.1521 9.15789 -1041.0352
146.15213 9.157921 -1041.0353
146.28839 7.262093 -1040.705
146.34164 5.438057 -1040.3785
146.3739 3.475426 -1040.0317
146.37393 3.475471 -1040.0319
146.41928 1.368767 -1039.741
146.50803 -0.646873 -1039.5682
146.508 -0.646828 -1039.5682
146.54791 -2.495522 -1039.4272
146.52676 -4.329765 -1039.307
146.48462 -6.24395 -1039.1954
146.48462 -6.243904 -1039.1956
146.41977 -8.394951 -1039.0785
146.31561 -10.59269 -1038.962
146.16776 -12.633095 -1038.8557
146.16779 -12.633064 -1038.8557
145.99335 -14.322121 -1038.7684
145.76913 -15.99958 -1038.6854
145.46805 -18.026573 -1038.602
145.46808 -18.026527 -1038.602
145.05365 -20.401299 -1038.5801
144.5303 -22.655708 -1038.7233
144.05136 -24.678215 -1038.9802
144.05133 -24.6782 -1038.9801
143.6842 -26.471092 -1039.2997
143.22836 -28.219887 -1039.7474
143.2284 -28.219841 -1039.7476
142.71753 -29.802406 -1040.2556
142.14563 -31.29078 -1040.8038
141.51562 -32.718727 -1041.3672
141.51566 -32.71871 -1041.3672
140.7529 -34.238228 -1041.9862
139.82693 -35.86692 -1042.6544
138.68567 -37.733208 -1043.4128
138.68567 -37.733177 -1043.4128
137.31122 -39.876854 -1044.2867
135.80197 -42.18737 -1045.2445
134.33896 -44.480186 -1046.2177
134.33899 -44.480156 -1046.2177
133.14282 -46.452446 -1047.0764
131.97122 -48.47605 -1047.98
130.74258 -50.698692 -1048.9875
130.74261 -50.69866 -1048.9877
129.55383 -52.998344 -1050.0332
128.52863 -55.10784 -1050.9863
128.52863 -55.107826 -1050.9862
127.69198 -56.92553 -1051.7972
126.91241 -58.7539 -1052.5958
126.193535 -60.622444 -1053.3904
126.193565 -60.62243 -1053.3904
125.599815 -62.393837 -1054.1188
125.134605 -64.05083 -1054.7738
124.789665 -65.60952 -1055.361
124.789665 -65.60948 -1055.3611
124.52807 -67.27663 -1055.9557
124.378136 -68.9982 -1056.521
124.343956 -70.858894 -1057.086
124.343956 -70.85887 -1057.086
124.42556 -72.80521 -1057.6456
124.63018 -74.62651 -1058.1921
124.63018 -74.62648 -1058.192
124.886955 -76.13646 -1058.5883
125.15145 -77.393425 -1058.8877
125.471245 -78.70211 -1059.1985
125.471275 -78.70209 -1059.1985
125.90154 -80.28561 -1059.5521
126.36382 -81.9184 -1059.8845
126.80688 -83.52671 -1060.1794
126.80685 -83.52669 -1060.1794
127.187035 -85.06187 -1060.4294
127.50216 -86.62265 -1060.6418
127.76284 -88.29349 -1060.8317
127.76278 -88.29347 -1060.8317
127.945244 -89.921974 -1060.9932
128.03192 -91.34874 -1061.0917
128.05603 -92.53491 -1061.1462
128.05603 -92.53489 -1061.1462
128.07193 -93.74831 -1061.238
128.03635 -95.30283 -1061.3256
128.03635 -95.3028 -1061.3257
127.91784 -97.16963 -1061.3997
127.766624 -99.04799 -1061.5355
127.6018 -100.74157 -1061.7349
127.6018 -100.74155 -1061.7349
127.43215 -102.201355 -1061.9761
127.25915 -103.57838 -1062.2904
127.072044 -105.03156 -1062.7025
127.072075 -105.03154 -1062.7025
126.88177 -106.52752 -1063.1897
126.70846 -108.01515 -1063.7001
126.57311 -109.40126 -1064.1589
126.57314 -109.401245 -1064.159
126.47491 -110.71458 -1064.5594
126.39687 -112.08038 -1064.9415
126.396904 -112.08037 -1064.9415
126.33013 -113.51196 -1065.2983
126.23339 -114.86834 -1065.5768
126.09054 -116.028984 -1065.7578
126.09054 -116.02897 -1065.7577
125.94851 -117.05119 -1065.8842
125.81338 -118.03677 -1065.9657
125.709984 -119.089165 -1066.003
125.709984 -119.08915 -1066.0029
125.66323 -120.159485 -1065.9893
125.60403 -121.1632 -1065.9128
125.530235 -122.02035 -1065.7887
125.530235 -122.02034 -1065.7887
125.577415 -122.77495 -1065.6381
125.71032 -123.58499 -1065.4138
125.87759 -124.45697 -1065.1107
125.87762 -124.456955 -1065.1108
126.05654 -125.364235 -1064.729
126.211205 -126.18866 -1064.3134
126.211174 -126.188644 -1064.3134
126.33697 -126.999405 -1063.84
126.42925 -127.7849 -1063.3176
126.51745 -128.59213 -1062.7354
126.51739 -128.59212 -1062.7354
126.609764 -129.35204 -1062.183
126.71685 -130.02295 -1061.7303
126.84847 -130.63608 -1061.3704
126.84847 -130.63608 -1061.3702
127.0162 -131.246 -1061.0803
127.224236 -131.97122 -1060.8187
127.42858 -132.76517 -1060.614
127.68398 -133.54907 -1060.4623
127.9815 -134.23628 -1060.353
128.29468 -134.8938 -1060.267
128.29468 -134.8938 -1060.2671
128.69254 -135.64894 -1060.1923
129.18344 -136.45053 -1060.1569
129.71484 -137.18896 -1060.1904
130.30371 -137.93497 -1060.2916
130.98438 -138.72781 -1060.4729
131.26224 -139.23712 -1060.8549
29.527916 6.372169 -55.550922
30.874565 10.425972 -63.851665
36.387 12.827049 -71.20035
41.876625 13.286888 -79.212234
47.909355 11.467583 -88.4336
53.416374 7.485786 -98.77648
53.41636 7.485771 -98.77648
58.547615 0.863625 -109.77499
58.5476 0.863594 -109.77498
62.01664 -10.216698 -120.94936
65.10021 -20.652657 -130.48407
67.13 -25.261375 -138.1134
68.9551 -27.680672 -144.7181
68.9551 -27.680687 -144.7181
70.263145 -28.554512 -150.754
71.50912 -29.093483 -157.17195
72.47738 -29.372047 -163.72319
73.298546 -29.460106 -170.48582
73.298546 -29.460121 -170.48582
73.8998 -29.290138 -177.74736
74.3131 -28.68 -186.77682
74.421135 -27.451561 -198.31102
74.241325 -25.701271 -212.07451
74.05602 -23.915764 -226.37817
74.22915 -22.74723 -239.87248
74.22918 -22.747215 -239.87253
74.898094 -22.436012 -252.22664
75.90295 -22.660347 -263.75168
76.93545 -22.807182 -274.99948
77.715324 -22.29258 -286.53326
78.1907 -20.77311 -298.58798
78.49059 -18.170998 -311.01797
78.83556 -14.482582 -323.52264
79.48177 -9.899742 -335.88898
79.48177 -9.899696 -335.88904
80.62969 -4.94912 -348.05737
80.62966 -4.949135 -348.05734
82.33697 -0.294609 -360.0178
84.49535 3.732796 -371.73566
84.495384 3.732796 -371.73563
86.96624 7.300499 -383.209
89.58791 10.713615 -394.57504
92.179436 14.123253 -406.07968
92.179436 14.123253 -406.07965
94.66018 17.705376 -417.96155
96.82418 21.392357 -430.22678
96.82421 21.392357 -430.22675
98.44796 24.87046 -442.26633
99.69982 28.08068 -453.91492
99.69982 28.08068 -453.9149
100.85375 31.019356 -465.00555
102.188896 34.04812 -476.35803
103.941795 37.432167 -488.83475
103.941765 37.432137 -488.8347
106.11834 41.157295 -502.32727
108.86205 44.09217 -517.56366
108.86205 44.09217 -517.5636
111.46334 46.204857 -534.09906
112.286644 50.925148 -549.74567
112.28661 50.925117 -549.7456
112.88152 56.864754 -561.98883
115.85906 61.387245 -573.5756
115.85903 61.387245 -573.57556
119.8894 65.00158 -585.8085
123.60735 66.622185 -595.17395
126.76681 67.19604 -604.17126
126.76678 67.19601 -604.1712
127.855675 64.902214 -615.03625
124.88146 59.494774 -628.7344
124.88149 59.49479 -628.7344
119.5523 54.2127 -643.67395
116.4649 50.446785 -659.3744
116.4649 50.446815 -659.3743
115.76507 48.111534 -674.0299
115.99172 47.22941 -686.9547
117.2011 47.430016 -698.76013
117.2011 47.43 -698.76
118.98669 48.077995 -710.1677
120.48641 48.688484 -721.8966
120.48641 48.68847 -721.89667
121.44579 48.980446 -734.1702
122.142204 48.91868 -747.03156
122.565025 48.40966 -760.3505
122.72698 47.76664 -773.8587
122.72698 47.766624 -773.8587
123.24981 47.13903 -787.51166
124.10531 46.49491 -801.1139
125.059166 45.99459 -814.47833
125.0592 45.99459 -814.47845
125.72381 45.386223 -827.53705
126.14092 44.734245 -840.303
126.63702 44.393044 -852.29156
127.33993 44.283302 -862.9687
127.33993 44.283287 -862.9688
128.19476 44.24552 -872.6588
129.11435 44.470146 -881.1121
130.1094 45.065132 -889.1185
130.1094 45.065147 -889.1186
131.16574 46.131325 -897.0453
132.45291 47.186394 -905.42255
134.06363 48.342506 -914.4442
135.73471 49.655434 -923.0772
135.73474 49.655464 -923.07733
137.233 51.28826 -931.91943
138.83191 53.272804 -940.1659
140.32556 55.74389 -947.70294
140.32559 55.743904 -947.703
141.806 58.488533 -953.7318
143.07947 60.72393 -958.04944
144.24008 62.591637 -961.69525
145.31592 64.28045 -965.28326
145.31595 64.28048 -965.2833
146.20853 65.77062 -969.2051
146.71301 66.79116 -973.1316
146.88464 67.34548 -976.6107
146.87164 67.582664 -979.5052
146.87167 67.582695 -979.50525
146.74854 67.633934 -982.14465
146.53561 67.566216 -984.673
146.21805 67.35363 -987.5287
146.21808 67.35363 -987.52875
145.81201 66.99172 -990.5471
145.33289 66.46728 -993.58673
144.8739 65.810295 -996.44305
144.43652 64.99026 -999.298
144.4365 64.99026 -999.298
144.02023 64.031364 -1002.0282
143.63806 63.01188 -1004.53723
143.29956 62.046684 -1006.727
143.29953 62.046684 -1006.72705
142.95807 61.14051 -1008.79767
142.55475 60.202965 -1011.0775
142.14648 59.33593 -1013.3248
141.75128 58.570595 -1015.4641
141.75125 58.57058 -1015.464
141.39856 57.949944 -1017.35297
141.05447 57.33155 -1019.23456
140.68613 56.53225 -1021.43134
140.68616 56.53225 -1021.43146
140.3729 55.588707 -1023.701
140.15851 54.54586 -1025.8535
140.06015 53.533104 -1027.6458
140.07553 52.482048 -1029.1953
140.0755 52.482033 -1029.1953
140.17297 51.26348 -1030.7468
140.37277 49.77143 -1032.3624
140.68985 47.85865 -1034.0824
141.04266 45.796364 -1035.6627
141.33469 43.79847 -1036.9933
141.52267 42.031105 -1038.0536
141.63812 40.586617 -1038.8383
141.7463 39.1596 -1039.5435
141.90643 37.28695 -1040.3539
142.15695 34.892265 -1041.2208
142.15698 34.892296 -1041.2208
142.43436 32.24827 -1041.9504
142.74606 29.699242 -1042.4475
143.14551 27.313423 -1042.713
143.14548 27.313454 -1042.713
143.54547 24.851646 -1042.808
143.86884 22.546944 -1042.7605
143.86884 22.546974 -1042.7605
144.19077 20.501625 -1042.6426
144.60349 18.608086 -1042.4757
145.10052 16.53907 -1042.2003
145.10052 16.539116 -1042.2004
145.62393 14.047569 -1041.8214
146.01736 11.455818 -1041.4178
146.30276 9.161018 -1041.0419
146.30273 9.161049 -1041.0419
146.43527 7.260201 -1040.7302
146.4812 5.431786 -1040.4275
146.50323 3.465599 -1040.101
146.5033 3.465645 -1040.101
146.54343 1.357002 -1039.8146
146.6377 -0.65873 -1039.6256
146.6377 -0.658699 -1039.6255
146.68137 -2.507164 -1039.4695
146.6619 -4.341103 -1039.337
146.62054 -6.255028 -1039.2129
146.62054 -6.254997 -1039.2129
146.55573 -8.406349 -1039.0803
146.45032 -10.605232 -1038.9475
146.30026 -12.647621 -1038.827
146.3003 -12.647591 -1038.827
146.12402 -14.338905 -1038.7303
145.8985 -16.01844 -1038.6409
145.59402 -18.047722 -1038.5463
145.59406 -18.04766 -1038.5463
145.17221 -20.425743 -1038.5109
144.64099 -22.684456 -1038.6593
144.1514 -24.710228 -1038.9222
144.15143 -24.710213 -1038.9221
143.77173 -26.508003 -1039.2291
143.30759 -28.262184 -1039.6707
143.30762 -28.262138 -1039.6708
142.7927 -29.849556 -1040.1793
142.21948 -31.342003 -1040.7312
141.5893 -32.77311 -1041.2993
141.5893 -32.77308 -1041.2994
140.82681 -34.295357 -1041.9242
139.90097 -35.926613 -1042.5991
138.75873 -37.794456 -1043.3627
138.75873 -37.794426 -1043.3627
137.38232 -39.938652 -1044.24
135.87079 -42.24874 -1045.1997
134.4053 -44.540062 -1046.1724
134.4053 -44.540047 -1046.1724
133.20694 -46.51043 -1047.0293
132.03333 -48.532173 -1047.9314
130.80273 -50.75286 -1048.9374
130.80276 -50.75283 -1048.9375
129.61212 -53.05021 -1049.9811
128.58545 -55.157494 -1050.9325
128.58545 -55.157463 -1050.9325
127.74761 -56.97335 -1051.7422
126.9667 -58.79963 -1052.5392
126.24587 -60.665703 -1053.3315
126.24584 -60.665688 -1053.3314
125.649315 -62.434364 -1054.0566
125.18026 -64.08854 -1054.7079
124.82998 -65.64443 -1055.2909
124.83001 -65.6444 -1055.291
124.56072 -67.30869 -1055.8811
124.39922 -69.02747 -1056.4418
124.350365 -70.885956 -1057.0043
124.350365 -70.88593 -1057.0043
124.417015 -72.83092 -1057.5641
124.61764 -74.65131 -1058.1115
124.61764 -74.65128 -1058.1115
124.866936 -76.16144 -1058.5106
125.12313 -77.41893 -1058.8138
125.437126 -78.72803 -1059.1285
125.437126 -78.728004 -1059.1285
125.862175 -80.3116 -1059.4868
126.32021 -81.943565 -1059.8234
126.76095 -83.54991 -1060.1208
126.76095 -83.5499 -1060.1208
127.1401 -85.0821 -1060.3718
127.4551 -86.639145 -1060.5844
127.717 -88.3061 -1060.7737
127.717 -88.30608 -1060.7737
127.90304 -89.93062 -1060.9333
127.98968 -91.35423 -1061.0333
128.00797 -92.53879 -1061.0886
128.00797 -92.53877 -1061.0886
128.02478 -93.751236 -1061.1741
127.99044 -95.304665 -1061.2606
127.99047 -95.304634 -1061.2606
127.86736 -97.17034 -1061.3431
127.71395 -99.04826 -1061.4862
127.54812 -100.74192 -1061.6913
127.54809 -100.7419 -1061.6914
127.37643 -102.2018 -1061.9384
127.2019 -103.57892 -1062.2572
127.01351 -105.032196 -1062.6727
127.01354 -105.03218 -1062.6727
126.82165 -106.52825 -1063.1628
126.646355 -108.015915 -1063.6763
126.50918 -109.402 -1064.1385
126.50918 -109.401985 -1064.1384
126.40954 -110.71526 -1064.5416
126.33062 -112.08103 -1064.9247
126.33062 -112.08101 -1064.9247
126.26351 -113.5125 -1065.2803
126.165764 -114.86712 -1065.5614
126.02102 -116.02438 -1065.7517
125.8782 -117.04418 -1065.8857
125.74404 -118.028915 -1065.9722
125.64422 -119.082245 -1066.0088
125.64419 -119.08223 -1066.0088
125.59585 -120.15427 -1065.9901
125.52459 -121.16239 -1065.9254
125.44747 -122.026886 -1065.8219
125.44747 -122.02688 -1065.822
125.50164 -122.78601 -1065.665
125.63412 -123.59956 -1065.4337
125.80135 -124.475365 -1065.1273
125.801384 -124.47535 -1065.1273
125.981346 -125.386215 -1064.7461
126.13781 -126.21364 -1064.3334
126.13784 -126.21363 -1064.3334
126.26644 -127.02678 -1063.8654
126.362114 -127.81421 -1063.3481
126.45312 -128.62231 -1062.7686
126.45309 -128.6223 -1062.7684
126.5469 -129.3815 -1062.2164
126.65395 -130.0502 -1061.7614
126.78451 -130.66025 -1061.3961
126.78451 -130.66023 -1061.3961
126.9511 -131.26689 -1061.0981
127.161766 -131.98953 -1060.8287
127.37591 -132.78247 -1060.6237
127.37594 -132.78247 -1060.6238
127.638084 -133.5661 -1060.4707
127.93752 -134.2537 -1060.356
128.25235 -134.91205 -1060.2657
128.65225 -135.66821 -1060.1873
129.14587 -136.47153 -1060.147
129.14584 -136.47153 -1060.147
129.68073 -137.21223 -1060.1754
130.27295 -137.95993 -1060.2734
130.95718 -138.75331 -1060.4526
130.95718 -138.7533 -1060.4528
131.2622 -139.23712 -1060.8549
31.150581 10.933449 -63.545403
36.69683 13.367989 -70.889984
42.22872 13.846581 -78.9565
48.31887 12.025108 -88.25764
53.89338 8.050621 -98.666115
53.893364 8.050606 -98.666115
59.15191 1.42292 -109.795616
59.151894 1.42292 -109.7956
62.820503 -9.780479 -121.15649
65.86959 -20.282982 -130.65942
67.77776 -24.856758 -138.17123
69.53567 -27.279945 -144.7112
69.53567 -27.27996 -144.7112
70.80801 -28.153267 -150.69409
72.03579 -28.697182 -157.10341
72.9916 -28.984535 -163.66347
73.79986 -29.081871 -170.43008
73.79983 -29.081871 -170.4301
74.389854 -28.92112 -177.69862
74.79128 -28.321175 -186.73131
74.88845 -27.102898 -198.26988
74.70031 -25.360222 -212.03851
74.50936 -23.578606 -226.34763
74.67666 -22.412636 -239.8471
74.67669 -22.41262 -239.84715
75.33761 -22.106392 -252.20598
76.33282 -22.338097 -263.73285
77.35638 -22.491417 -274.97705
78.13146 -21.980202 -286.50186
78.60827 -20.461357 -298.54016
78.914024 -17.859062 -310.94547
79.264244 -14.172859 -323.41525
79.90792 -9.596519 -335.74158
79.90795 -9.596489 -335.7416
81.042015 -4.654655 -347.87823
81.042015 -4.654686 -347.87817
82.7293 -0.006981 -359.82477
84.87057 4.01696 -371.5419
84.87057 4.016945 -371.54184
87.331505 7.583702 -383.01544
89.950584 10.997795 -394.38004
92.54519 14.409447 -405.88684
92.54519 14.409447 -405.8868
95.03124 17.993187 -417.77295
97.20046 21.679543 -430.05325
98.82821 25.15583 -442.1154
100.08422 28.367393 -453.77737
100.08422 28.367378 -453.77734
101.24398 31.311195 -464.86884
102.58764 34.348167 -476.21066
104.35006 37.74215 -488.67004
104.35009 37.742134 -488.66998
106.5353 41.4757 -502.14862
109.283775 44.416206 -517.4057
109.283806 44.416206 -517.40564
111.86437 46.511192 -533.99005
112.64898 51.18009 -549.6626
112.64898 51.180077 -549.66254
113.22503 57.10325 -561.8533
116.22814 61.670067 -573.36926
116.22814 61.67005 -573.3692
120.31353 65.32836 -585.6259
124.07751 66.98397 -595.0228
127.30297 67.6014 -604.0419
127.30297 67.6014 -604.0418
128.45944 65.33581 -615.0562
125.44216 59.896797 -628.9772
125.44222 59.896828 -628.9772
119.9833 54.550804 -643.9545
116.832146 50.728554 -659.5348
116.83218 50.728584 -659.5348
116.108696 48.366676 -674.09247
116.31805 47.473488 -686.96136
117.52285 47.673637 -698.7126
117.52282 47.67359 -698.7125
119.30367 48.320244 -710.0888
120.80221 48.928535 -721.8295
120.80221 48.92852 -721.8295
121.753136 49.212288 -734.1296
122.43563 49.139168 -747.0104
122.84493 48.619484 -760.34534
122.99395 47.966576 -773.8633
122.99392 47.966545 -773.8632
123.50744 47.332054 -787.5071
124.35668 46.683495 -801.10095
125.3037 46.17823 -814.46277
125.3037 46.17823 -814.4629
125.96331 45.565758 -827.52875
126.3731 44.908073 -840.301
126.86504 44.56411 -852.28326
127.559135 44.448204 -862.9509
127.559135 44.448204 -862.95105
128.41046 44.408257 -872.63275
129.33075 44.63395 -881.07623
130.32239 45.226402 -889.0751
130.32242 45.226433 -889.07526
131.37436 46.28884 -896.99457
132.65799 47.342308 -905.36755
134.26788 48.498833 -914.3806
135.94168 49.81405 -923.00256
135.94171 49.81408 -923.0026
137.44852 51.451332 -931.84283
139.0509 53.437767 -940.0736
140.54358 55.90354 -947.6002
140.54361 55.903557 -947.6003
142.01044 58.633446 -953.6072
143.27151 60.859917 -957.914
144.42487 62.72515 -961.56
145.49838 64.41436 -965.1572
145.49841 64.41439 -965.15735
146.39355 65.9074 -969.10175
146.9029 66.93215 -973.0637
147.07657 67.4887 -976.57263
147.0636 67.72637 -979.48865
147.0636 67.7264 -979.48883
146.93951 67.77712 -982.1446
146.725 67.70809 -984.68646
146.40509 67.49331 -987.55505
146.40512 67.49331 -987.5551
145.99591 67.12826 -990.5868
145.5133 66.59991 -993.6387
145.0509 65.93911 -996.5045
144.61002 65.11526 -999.3662
144.60999 65.11523 -999.3662
144.18979 64.152275 -1002.10156
143.80347 63.128883 -1004.6129
143.46078 62.16021 -1006.80255
143.46072 62.16018 -1006.8025
143.1149 61.250572 -1008.87225
142.70688 60.309425 -1011.15045
142.29446 59.439293 -1013.3962
141.89609 58.671516 -1015.53394
141.89606 58.671486 -1015.5339
141.54123 58.049202 -1017.4216
141.19577 57.42933 -1019.30206
140.82678 56.628075 -1021.49786
140.51422 55.681633 -1023.76605
140.3017 54.634926 -1025.9164
140.20633 53.617714 -1027.7047
140.22568 52.561623 -1029.2484
140.22568 52.561607 -1029.2484
140.32709 51.338234 -1030.7926
140.53131 49.840965 -1032.3989
140.85321 47.922676 -1034.109
140.85324 47.922646 -1034.109
141.21063 45.855186 -1035.6812
141.50674 43.852196 -1037.0082
141.6977 42.08039 -1038.0707
141.81537 40.632042 -1038.858
141.9255 39.201805 -1039.5637
142.08777 37.325752 -1040.3717
142.34018 34.92562 -1041.2258
142.34021 34.925667 -1041.226
142.60574 32.276985 -1041.9424
142.89407 29.726799 -1042.4319
143.27911 27.341316 -1042.689
143.27908 27.341331 -1042.6888
143.67966 24.881126 -1042.7887
144.01538 22.57708 -1042.756
144.01535 22.57711 -1042.756
144.34479 20.529747 -1042.6405
144.7562 18.633339 -1042.4578
145.24872 16.561195 -1042.1641
145.24869 16.561226 -1042.1641
145.76968 14.065254 -1041.7755
146.16592 11.467506 -1041.3826
146.452 9.166969 -1041.0203
146.452 9.167 -1041.0203
146.58401 7.260994 -1040.7278
146.6268 5.427971 -1040.4492
146.64246 3.45771 -1040.1451
146.64246 3.457787 -1040.1451
146.67877 1.346779 -1039.8647
146.77585 -0.669029 -1039.6584
146.77588 -0.669014 -1039.6586
146.82086 -2.517311 -1039.4865
146.80106 -4.35099 -1039.3417
146.75839 -6.264702 -1039.205
146.75842 -6.264671 -1039.2048
146.69104 -8.416298 -1039.0573
146.58173 -10.616173 -1038.9086
146.42734 -12.660286 -1038.7739
146.4273 -12.660271 -1038.7738
146.24777 -14.353554 -1038.6682
146.01996 -16.03492 -1038.5725
145.71027 -18.066185 -1038.4672
145.7103 -18.06617 -1038.4673
145.28009 -20.447853 -1038.4193
144.74478 -22.712898 -1038.5721
144.24512 -24.743462 -1038.8405
144.24512 -24.743446 -1038.8403
143.84967 -26.546516 -1039.1361
143.3754 -28.306404 -1039.5728
143.37543 -28.306374 -1039.5729
142.85602 -29.898827 -1040.0824
142.28183 -31.395515 -1040.6381
141.65219 -32.829903 -1041.2108
141.65222 -32.829887 -1041.2108
140.89093 -34.35508 -1041.8414
139.96634 -35.98902 -1042.5228
138.82388 -37.85845 -1043.2916
138.82391 -37.858437 -1043.2916
137.44617 -40.003227 -1044.173
135.9324 -42.31286 -1045.135
134.46426 -44.602623 -1046.1078
134.46426 -44.602592 -1046.1078
133.26318 -46.571053 -1046.9636
132.08722 -48.590797 -1047.8646
130.85443 -50.80947 -1048.8698
130.85446 -50.809425 -1048.8698
129.66153 -53.10441 -1049.9119
128.63306 -55.209435 -1050.8622
128.63306 -55.209404 -1050.8622
127.794 -57.023354 -1051.6711
127.01147 -58.84745 -1052.467
126.28817 -60.710915 -1053.2576
126.28817 -60.7109 -1053.2574
125.688225 -62.47666 -1053.9802
125.21462 -64.1279 -1054.6287
124.85818 -65.68091 -1055.2086
124.85821 -65.68087 -1055.2086
124.58007 -67.34223 -1055.7958
124.405876 -69.058075 -1056.3542
124.34127 -70.91425 -1056.9172
124.34127 -70.91423 -1056.9172
124.39263 -72.85774 -1057.4813
124.59139 -74.67682 -1058.034
124.59136 -74.67679 -1058.034
124.8352 -76.18691 -1058.4395
125.083885 -77.44497 -1058.7478
125.393 -78.75452 -1059.0674
125.393 -78.75449 -1059.0675
125.81371 -80.33812 -1059.431
126.268394 -81.969215 -1059.7725
126.70724 -83.57357 -1060.0728
126.70724 -83.57355 -1060.0728
127.085655 -85.102745 -1060.3247
127.40066 -86.65604 -1060.5372
127.66372 -88.319 -1060.7258
127.66369 -88.31898 -1060.7258
127.852806 -89.93948 -1060.8829
127.93697 -91.35991 -1060.9824
127.94839 -92.54267 -1061.0381
127.94839 -92.54266 -1061.0381
127.96664 -93.753914 -1061.1182
127.93426 -95.306 -1061.205
127.93429 -95.30596 -1061.2051
127.80816 -97.170235 -1061.297
127.65392 -99.0473 -1061.4476
127.48806 -100.740555 -1061.6584
127.48803 -100.74054 -1061.6584
127.31539 -102.200005 -1061.9117
127.14013 -103.57668 -1062.2351
126.95107 -105.02958 -1062.654
126.9511 -105.02956 -1062.654
126.75814 -106.525345 -1063.1471
126.581474 -108.01286 -1063.6636
126.442924 -109.399025 -1064.1296
126.442955 -109.39901 -1064.1296
126.34228 -110.71252 -1064.536
126.26266 -112.07846 -1064.9204
126.26266 -112.07844 -1064.9203
126.19503 -113.51011 -1065.2747
126.09673 -114.86347 -1065.5586
125.95168 -116.01787 -1065.7588
125.95168 -116.01785 -1065.7587
125.80987 -117.03588 -1065.9004
125.67898 -118.02062 -1065.9905
125.58355 -119.07544 -1066.0255
125.58355 -119.075424 -1066.0255
125.52837 -120.1493 -1066.0029
125.446526 -121.16208 -1065.9493
125.37734 -122.03414 -1065.8636
125.37731 -122.03414 -1065.8636
125.437096 -122.79777 -1065.7006
125.56823 -123.61501 -1065.463
125.73522 -124.494835 -1065.1532
125.73525 -124.49482 -1065.1532
125.91659 -125.40949 -1064.7721
126.07549 -126.24013 -1064.362
126.07546 -126.24012 -1064.362
126.20754 -127.055786 -1063.8981
126.30712 -127.84531 -1063.3848
126.401024 -128.65428 -1062.807
126.40099 -128.65427 -1062.8069
126.49612 -129.41272 -1062.2548
126.60262 -130.0791 -1061.7976
126.731316 -130.68587 -1061.4283
126.731316 -130.68585 -1061.4282
126.89556 -131.28906 -1061.1235
127.10699 -132.0088 -1060.8469
127.328514 -132.80025 -1060.6407
127.328514 -132.80023 -1060.6409
127.59551 -133.58348 -1060.4868
127.89571 -134.27145 -1060.3667
128.21152 -134.93066 -1060.2725
128.61282 -135.68787 -1060.19
129.10834 -136.49294 -1060.1448
129.10834 -136.49292 -1060.1448
129.64569 -137.236 -1060.1678
130.24054 -137.98535 -1060.2625
130.92783 -138.77942 -1060.4392
130.92783 -138.7794 -1060.4392
31.53695 11.414192 -63.18379
37.11767 13.880547 -70.519615
42.689354 14.376976 -78.63182
48.83236 12.553444 -88.00436
54.476875 8.585823 -98.471146
54.47686 8.585823 -98.47114
59.882713 1.950142 -109.72932
59.882698 1.950142 -109.7293
63.784355 -9.383339 -121.278366
66.78747 -19.952065 -130.7564
68.560905 -24.494576 -138.17627
70.2412 -26.921257 -144.65932
70.2412 -26.921272 -144.65932
71.47616 -27.79409 -150.603
72.68374 -28.34243 -157.00879
73.62542 -28.637611 -163.5853
74.41836 -28.743263 -170.36067
74.41839 -28.743279 -170.36067
74.994804 -28.590813 -177.64195
75.381676 -28.000008 -186.68365
75.4652 -26.79084 -198.2319
75.26656 -25.054924 -212.0088
75.068535 -23.276802 -226.32321
75.228905 -22.113121 -239.82378
75.228935 -22.113106 -239.82384
75.87994 -21.811317 -252.18115
76.863 -22.049644 -263.7052
77.87548 -22.208763 -274.9457
78.64501 -21.700554 -286.46548
79.12389 -20.18229 -298.49268
79.437035 -17.579918 -310.8775
79.79421 -13.895607 -323.31473
80.43639 -9.32505 -335.60056
80.436424 -9.32502 -335.60062
81.555626 -4.391045 -347.70187
81.555595 -4.391075 -347.70187
83.21993 0.250542 -359.62875
85.34078 4.271339 -371.3396
85.34075 4.271324 -371.33957
87.789635 7.837151 -382.80927
90.40566 11.252113 -394.17038
93.00384 14.665642 -405.67944
93.00384 14.665627 -405.67938
95.495995 18.250816 -417.57147
97.670494 21.936623 -429.8705
97.670494 21.936623 -429.87048
99.30166 25.411293 -441.95947
100.562004 28.624016 -453.63678
100.562004 28.624016 -453.63675
101.72881 31.572441 -464.72842
103.08364 34.616722 -476.0577
104.85876 38.0196 -488.4969
104.85876 38.01957 -488.4968
107.05541 41.76075 -501.9595
109.80831 44.706306 -517.23334
109.80831 44.70629 -517.2333
112.360985 46.785393 -533.86896
113.09457 51.408104 -549.5871
113.0946 51.408073 -549.58704
113.64968 57.316826 -561.72784
116.691124 61.923912 -573.1561
116.691124 61.923897 -573.1561
120.84228 65.62118 -585.43036
124.66027 67.30697 -594.84814
127.96349 67.96233 -603.8774
127.96349 67.96233 -603.8773
129.20108 65.72268 -615.0407
126.139885 60.25657 -629.2127
126.139885 60.256584 -629.21265
120.527885 54.85343 -644.25275
117.29092 50.980766 -659.70386
117.29095 50.98078 -659.70386
116.53353 48.595024 -674.1528
116.72082 47.691948 -686.96375
117.92046 47.89173 -698.6576
117.92043 47.891716 -698.65753
119.69619 48.537132 -710.0003
121.193016 49.143486 -721.75464
121.193016 49.14347 -721.7547
122.132866 49.419792 -734.084
122.79772 49.33651 -746.9852
123.19024 48.807274 -760.33636
123.32336 48.1455 -773.8651
123.323326 48.145485 -773.8652
123.82522 47.50486 -787.4982
124.66677 46.852303 -801.0824
125.60531 46.342598 -814.44165
125.60531 46.342598 -814.4417
126.25875 45.726463 -827.5157
126.65954 45.063683 -840.2952
127.14645 44.717247 -852.2716
127.829735 44.595802 -862.92957
127.829704 44.595802 -862.9296
128.6767 44.553917 -872.6021
129.59818 44.780556 -881.0356
130.58588 45.370735 -889.0275
130.58588 45.37075 -889.02765
131.63272 46.429802 -896.9407
132.91226 47.481865 -905.30817
134.52148 48.638832 -914.31134
136.19904 49.956047 -922.9222
136.19907 49.956078 -922.92236
137.71649 51.597313 -931.7627
139.32391 53.58541 -939.9778
140.8158 56.04644 -947.49634
140.81586 56.046455 -947.4964
142.26743 58.7631 -953.4821
143.51447 60.981667 -957.777
144.65918 62.844643 -961.4219
145.72925 64.53411 -965.028
145.72931 64.53414 -965.0281
146.6258 66.02978 -968.99603
147.13898 67.05834 -972.99506
147.31406 67.616905 -976.5345
147.30054 67.855 -979.4723
147.30054 67.855034 -979.4724
147.17517 67.9053 -982.1447
146.95883 67.83514 -984.69995
146.63617 67.61834 -987.5811
146.63617 67.61837 -987.58124
146.22342 67.25045 -990.6259
145.73679 66.71865 -993.68994
145.27051 66.054375 -996.5649
144.82559 65.227104 -999.4333
144.82556 65.22707 -999.43317
144.40082 64.26046 -1002.1736
144.0094 63.233574 -1004.687
143.66156 62.261803 -1006.87646
143.66153 62.261803 -1006.8764
143.31036 61.34913 -1008.9452
142.89658 60.404762 -1011.2219
142.47891 59.53173 -1013.4659
142.07648 58.761833 -1015.6019
142.07645 58.761787 -1015.60187
141.71893 58.138115 -1017.4883
141.37177 57.51687 -1019.3675
141.00171 56.71383 -1021.5614
141.00171 56.713814 -1021.56146
140.68939 55.76481 -1023.8266
140.4783 54.71467 -1025.9723
140.3852 53.69346 -1027.7543
140.4076 52.632866 -1029.2888
140.40756 52.63285 -1029.2888
140.51181 51.405144 -1030.8229
140.7189 49.903175 -1032.4166
141.04398 47.97991 -1034.1135
141.04398 47.979897 -1034.1135
141.40445 45.90783 -1035.6749
141.70383 43.900337 -1036.9967
141.89789 42.124504 -1038.0607
142.01791 40.67272 -1038.8507
142.12991 39.239586 -1039.5565
142.29391 37.360497 -1040.3612
142.54599 34.95553 -1041.2003
142.54602 34.95556 -1041.2004
142.79349 32.303413 -1041.9037
143.05008 29.75335 -1042.3894
143.41284 27.36869 -1042.6406
143.41281 27.368706 -1042.6406
143.80579 24.90969 -1042.7448
144.15094 22.606789 -1042.7262
144.15094 22.606834 -1042.7262
144.48932 20.558617 -1042.6132
144.89737 18.65931 -1042.4163
145.38306 16.583931 -1042.1056
145.38306 16.583977 -1042.1056
145.90219 14.084068 -1041.707
146.30554 11.481422 -1041.321
146.59515 9.175529 -1040.9708
146.59512 9.17556 -1040.971
146.72995 7.264565 -1040.697
146.77383 5.426781 -1040.4432
146.78693 3.452217 -1040.1625
146.78699 3.452248 -1040.1626
146.82059 1.33857 -1039.8888
146.9177 -0.677406 -1039.6652
146.91766 -0.677376 -1039.665
146.96124 -2.525597 -1039.4773
146.93906 -4.359047 -1039.3202
146.89307 -6.272621 -1039.1711
146.89307 -6.272575 -1039.1711
146.82071 -8.424446 -1039.0092
146.70486 -10.625084 -1038.8451
146.54385 -12.670601 -1038.6978
146.54388 -12.67057 -1038.6976
146.35965 -14.365456 -1038.5836
146.12857 -16.048363 -1038.4823
145.8121 -18.081306 -1038.3674
145.81213 -18.08126 -1038.3676
145.37231 -20.46656 -1038.3082
144.83636 -22.73951 -1038.4639
144.32962 -24.777016 -1038.736
144.32959 -24.777 -1038.736
143.91586 -26.585854 -1039.0221
143.42975 -28.3516 -1039.4552
143.42975 -28.35154 -1039.4553
142.90555 -29.94918 -1039.9663
142.33075 -31.450218 -1040.5258
141.70242 -32.888023 -1041.1033
141.70242 -32.88801 -1041.1033
140.94336 -34.416145 -1041.7393
140.02118 -36.052834 -1042.4268
138.8794 -37.923866 -1043.2007
138.8794 -37.92385 -1043.2007
137.50089 -40.069206 -1044.0863
135.98517 -42.378395 -1045.051
134.51419 -44.666557 -1046.0247
134.51419 -44.666527 -1046.0247
133.31003 -46.632988 -1046.8799
132.13147 -48.65072 -1047.7805
130.89615 -50.867287 -1048.7853
130.89618 -50.867256 -1048.7853
129.70053 -53.159798 -1049.8267
128.67007 -55.26249 -1050.7764
128.6701 -55.26246 -1050.7764
127.82961 -57.07441 -1051.585
127.04525 -58.896324 -1052.3801
126.319176 -60.75715 -1053.1694
126.31921 -60.757133 -1053.1694
125.715324 -62.519966 -1053.8906
125.2365 -64.16817 -1054.5372
124.8731 -65.71815 -1055.1154
124.8731 -65.71812 -1055.1154
124.58529 -67.376465 -1055.7013
124.39724 -69.08938 -1056.2601
124.316154 -70.94319 -1056.8268
124.316124 -70.94318 -1056.8268
124.35223 -72.88523 -1057.3987
124.55016 -74.70319 -1057.9601
124.55019 -74.70316 -1057.9601
124.78973 -76.21335 -1058.3741
125.03182 -77.47199 -1058.6896
125.33691 -78.781944 -1059.0151
125.33691 -78.78192 -1059.0153
125.754295 -80.36559 -1059.3851
126.206505 -81.995926 -1059.732
126.644066 -83.59821 -1060.0354
126.644035 -83.59819 -1060.0355
127.02187 -85.124214 -1060.2885
127.33691 -86.67358 -1060.5009
127.601006 -88.3324 -1060.6882
127.600975 -88.332375 -1060.6882
127.79275 -89.94866 -1060.8418
127.87356 -91.365746 -1060.94
127.87902 -92.54649 -1060.9971
127.87902 -92.546486 -1060.997
127.89956 -93.75631 -1061.0729
127.86974 -95.3068 -1061.1605
127.86974 -95.30676 -1061.1606
127.74233 -97.169304 -1061.2628
127.58843 -99.045166 -1061.421
127.423485 -100.73759 -1061.6373
127.423485 -100.73756 -1061.6373
127.25106 -102.19606 -1061.8967
127.07589 -103.571754 -1062.2247
126.88674 -105.02376 -1062.647
126.88674 -105.023735 -1062.6471
126.69332 -106.51882 -1063.1433
126.51583 -108.00601 -1063.663
126.37652 -109.39238 -1064.1329
126.37652 -109.392365 -1064.1328
126.27535 -110.70639 -1064.5427
126.19518 -112.07281 -1064.9285
126.19521 -112.072784 -1064.9286
126.126884 -113.50497 -1065.2817
126.02853 -114.85754 -1065.5686
125.88497 -116.00969 -1065.7782
125.88494 -116.00968 -1065.7782
125.74627 -117.0267 -1065.9259
125.62087 -118.01224 -1066.0186
125.52862 -119.06889 -1066.0522
125.52862 -119.06888 -1066.0522
125.459984 -120.14467 -1066.0281
125.36916 -121.16222 -1065.9849
125.31866 -122.04187 -1065.9119
125.31866 -122.04186 -1065.9117
125.382835 -122.80994 -1065.7426
125.511955 -123.63103 -1065.4996
125.67855 -124.51503 -1065.187
125.67855 -124.515015 -1065.187
125.86141 -125.43361 -1064.8058
126.02303 -126.26749 -1064.3975
126.02306 -126.26748 -1064.3973
126.15902 -127.08576 -1063.9364
126.26296 -127.87738 -1063.4258
126.359886 -128.68729 -1062.8491
126.359825 -128.68729 -1062.849
126.45605 -129.44502 -1062.2966
126.5617 -130.10898 -1061.838
126.68783 -130.71231 -1061.4655
126.68786 -130.71231 -1061.4656
126.84878 -131.31197 -1061.1549
127.0595 -132.02866 -1060.8721
127.286156 -132.81836 -1060.665
127.286156 -132.81834 -1060.6652
127.55596 -133.60149 -1060.5118
127.855705 -134.28996 -1060.3868
128.17175 -134.95003 -1060.2883
128.17172 -134.95001 -1060.2883
128.5737 -135.70828 -1060.2017
129.07022 -136.51517 -1060.1512
129.07019 -136.51515 -1060.1512
129.60901 -137.26062 -1060.1688
130.20578 -138.01173 -1060.2596
130.89566 -138.80661 -1060.4332
32.048943 11.84948 -62.7637
37.664223 14.352119 -70.08326
43.272255 14.864937 -78.22995
49.46192 13.039497 -87.66289
55.178444 9.078239 -98.17847
55.17843 9.078209 -98.17846
60.747063 2.421974 -109.55084
60.747047 2.421974 -109.550835
64.88714 -9.095741 -121.24005
67.82479 -19.740623 -130.70067
69.461235 -24.263206 -138.0877
71.05743 -26.6921 -144.53633
71.05743 -26.692116 -144.53633
72.25799 -27.564629 -150.47118
73.44494 -28.11576 -156.88295
74.371635 -28.416008 -163.48674
75.147545 -28.526985 -170.27782
75.70837 -28.37983 -177.57999
76.07821 -27.794823 -186.63933
76.14529 -26.591454 -198.20518
75.93389 -24.85987 -211.99474
75.7275 -23.083977 -226.3134
75.88 -21.92176 -239.80762
75.88003 -21.92176 -239.80766
76.51922 -21.62284 -252.15283
77.4876 -21.865318 -263.66663
78.487236 -22.028175 -274.90372
79.250725 -21.521889 -286.42636
79.73232 -20.00399 -298.45328
80.054375 -17.401588 -310.8281
80.420616 -13.718544 -323.24182
81.0631 -9.151649 -335.49274
81.06313 -9.151634 -335.4928
82.16793 -4.222633 -347.55786
82.1679 -4.222664 -347.5578
83.80776 0.415077 -359.4582
85.90554 4.433861 -371.15375
85.90551 4.433846 -371.15372
88.34051 7.999092 -382.61285
90.95306 11.414589 -393.9675
93.55511 14.829262 -405.4787
93.55508 14.829247 -405.47864
96.05392 18.415413 -417.37857
98.233025 22.100807 -429.69968
98.233025 22.100822 -429.69965
99.86596 25.574425 -441.81888
101.13018 28.787941 -453.5126
101.13018 28.787926 -453.51254
102.30526 31.739296 -464.6032
103.674 34.78826 -475.9186
105.46548 38.196877 -488.33585
105.46545 38.196846 -488.3358
107.67657 41.94288 -501.7813
110.43267 44.891655 -517.06213
110.43264 44.89164 -517.062
112.94897 46.96055 -533.7451
113.6177 51.553017 -549.5367
113.6177 51.552986 -549.5366
114.1513 57.45295 -561.63965
117.24767 62.08735 -572.96436
117.24764 62.087303 -572.96436
121.47347 65.80877 -585.2422
125.350914 67.51156 -594.65936
128.74066 68.1892 -603.6764
128.7406 68.1892 -603.67633
130.07083 65.96743 -614.96454
126.970726 60.48626 -629.39905
126.97079 60.48629 -629.399
121.1881 55.04682 -644.5358
117.839775 51.1419 -659.8616
117.839806 51.14193 -659.8615
117.035576 48.740852 -674.19916
117.19582 47.831444 -686.95807
118.39016 48.031 -698.5983
118.39016 48.030968 -698.5982
120.16097 48.675682 -709.90875
121.655235 49.28083 -721.67786
121.655235 49.280815 -721.67786
122.58114 49.552376 -734.037
123.224846 49.462563 -746.957
123.59722 48.927223 -760.3224
123.71163 48.259804 -773.86224
123.7116 48.259773 -773.86224
124.19979 47.615227 -787.4834
125.03207 46.96012 -801.0569
125.96078 46.447624 -814.41376
125.96081 46.44761 -814.4138
126.606895 45.82914 -827.4962
126.99709 45.163048 -840.2836
127.47811 44.815086 -852.2558
128.1488 44.690117 -862.90497
128.1488 44.6901 -862.90497
128.99094 44.64695 -872.5683
129.9141 44.87423 -880.9927
130.89746 45.46293 -888.97974
130.89746 45.462944 -888.9798
131.93866 46.519844 -896.8897
133.21365 47.571053 -905.25037
134.82257 48.72828 -914.24286
136.50534 50.04676 -922.84424
136.50534 50.04679 -922.84436
138.03531 51.69059 -931.68835
139.64975 53.679726 -939.8903
141.14133 56.137688 -947.40625
141.14133 56.13772 -947.4064
142.57721 58.84591 -953.3754
143.80945 61.05941 -957.6584
144.94449 62.920982 -961.29987
146.00967 64.61065 -964.91284
146.00967 64.61065 -964.91296
146.9053 66.10796 -968.9021
147.41995 67.13897 -972.9351
147.59482 67.698784 -976.5019
147.58008 67.93719 -979.4587
147.58011 67.93722 -979.4588
147.45306 67.987175 -982.145
147.23462 67.91625 -984.71136
146.90897 67.698265 -987.6028
146.909 67.698296 -987.60284
146.4924 67.328606 -990.65814
146.00146 66.79455 -993.7318
145.53113 66.128044 -996.6141
145.08191 65.298546 -999.48755
145.08188 65.298485 -999.48755
144.65207 64.32958 -1002.2317
144.25488 63.300484 -1004.74677
143.90103 62.32673 -1006.936
143.90103 62.326714 -1006.936
143.54349 61.412086 -1009.0038
143.12277 60.465675 -1011.2791
142.69885 59.590813 -1013.5216
142.29166 58.81951 -1015.6561
142.29163 58.81948 -1015.65607
141.93091 58.194862 -1017.54126
141.58151 57.572807 -1019.419
141.20993 56.76864 -1021.6099
141.20993 56.768654 -1021.61005
140.8971 55.81791 -1023.86993
140.6864 54.765587 -1026.0079
140.59409 53.741844 -1027.7797
140.61728 52.678383 -1029.3009
140.61728 52.678368 -1029.3009
140.72186 51.447914 -1030.8208
140.92865 49.942924 -1032.3983
141.25342 48.016487 -1034.0784
141.25342 48.01647 -1034.0784
141.61395 45.941414 -1035.6263
141.91464 43.931084 -1036.9407
142.1113 42.152763 -1038.0048
142.23361 40.698708 -1038.7965
142.34705 39.263695 -1039.5013
142.51172 37.382668 -1040.3019
142.75983 34.97474 -1041.1251
142.75983 34.974785 -1041.1251
142.98865 32.32366 -1041.8223
143.21283 29.778145 -1042.3156
143.54663 27.395424 -1042.5669
143.5466 27.395454 -1042.5667
143.92548 24.937706 -1042.6779
144.27386 22.635658 -1042.6732
144.27383 22.635689 -1042.6732
144.61804 20.586754 -1042.5636
145.02069 18.684685 -1042.354
145.4978 16.606133 -1042.0292
145.4978 16.606163 -1042.0292
146.01602 14.10302 -1041.6206
146.43109 11.49688 -1041.2369
146.72751 9.18647 -1040.8959
146.72751 9.186501 -1040.8959
146.86841 7.270744 -1040.6396
146.91754 5.428246 -1040.4102
146.93213 3.449165 -1040.1526
146.93216 3.449242 -1040.1526
146.96423 1.332664 -1039.886
147.0585 -0.683586 -1039.6451
147.05847 -0.683571 -1039.645
147.09805 -2.53167 -1039.4419
147.0715 -4.364967 -1039.2732
147.02011 -6.278481 -1039.1128
147.02011 -6.27845 -1039.1127
146.94037 -8.430443 -1038.9374
146.81567 -10.63166 -1038.7596
146.64612 -12.678246 -1038.6007
146.64615 -12.678215 -1038.6007
146.45596 -14.374336 -1038.4795
146.2208 -16.058296 -1038.373
145.89618 -18.09237 -1038.25
145.89621 -18.092339 -1038.2501
145.44516 -20.481056 -1038.1812
144.91028 -22.762917 -1038.3387
144.3996 -24.80912 -1038.6133
144.39957 -24.809105 -1038.6133
143.96576 -26.623909 -1038.892
143.4667 -28.395302 -1039.3231
143.46677 -28.395256 -1039.3232
142.93759 -29.997902 -1039.8363
142.36267 -31.503181 -1040.3993
141.73624 -32.944252 -1040.9808
141.7363 -32.944237 -1040.9808
140.98032 -34.475227 -1041.6216
140.06177 -36.1146 -1042.3147
138.92151 -37.987175 -1043.0934
138.92154 -37.98716 -1043.0934
137.54291 -40.13305 -1043.9832
136.0257 -42.44181 -1044.951
134.55188 -44.728447 -1045.9263
134.55191 -44.728416 -1045.9263
133.3443 -46.69294 -1046.7819
132.16284 -48.708748 -1047.6826
130.9248 -50.92324 -1048.6877
130.92484 -50.92321 -1048.6877
129.72635 -53.213387 -1049.7291
128.69382 -55.313835 -1050.6787
128.69382 -55.31382 -1050.6787
127.8518 -57.123863 -1051.4874
127.06536 -58.94361 -1052.2826
126.33633 -60.801903 -1053.0714
126.336296 -60.801888 -1053.0714
125.728264 -62.561897 -1053.7917
125.24386 -64.207214 -1054.4377
124.87295 -65.75426 -1055.0154
124.87301 -65.75423 -1055.0155
124.575005 -67.40958 -1055.602
124.37289 -69.11963 -1056.1642
124.27538 -70.97121 -1056.7379
124.27538 -70.97118 -1056.7378
124.29665 -72.91196 -1057.3207
124.493614 -74.73002 -1057.8909
124.493645 -74.72999 -1057.8909
124.72939 -76.24094 -1058.3153
124.96575 -77.50018 -1058.6394
125.26772 -78.81055 -1058.9724
125.26772 -78.810524 -1058.9724
125.68276 -80.394226 -1059.3499
126.13348 -82.023735 -1059.7031
126.570305 -83.623924 -1060.0099
126.570305 -83.62389 -1060.0099
126.94784 -85.14659 -1060.2639
127.26299 -86.69178 -1060.476
127.52816 -88.34633 -1060.6617
127.52813 -88.34631 -1060.6617
127.72222 -89.958244 -1060.8109
127.80065 -91.37163 -1060.9078
127.802574 -92.550026 -1060.9684
127.802574 -92.55002 -1060.9684
127.82586 -93.75827 -1061.0409
127.79885 -95.30702 -1061.1292
127.79888 -95.30699 -1061.1292
127.67187 -97.167564 -1061.2416
127.519554 -99.04189 -1061.407
127.35659 -100.73305 -1061.6287
127.35656 -100.73303 -1061.6287
127.185356 -102.1901 -1061.8942
127.01119 -103.564316 -1062.2266
126.82259 -105.01493 -1062.652
126.82259 -105.01491 -1062.652
126.62917 -106.50889 -1063.151
126.45144 -107.9956 -1063.6742
126.312004 -109.38232 -1064.1481
126.312035 -109.38229 -1064.1482
126.21084 -110.697044 -1064.5613
126.13036 -112.06422 -1064.9487
126.13036 -112.06419 -1064.9489
126.06109 -113.49725 -1065.3014
125.96319 -114.84952 -1065.5912
125.82311 -116.00023 -1065.8093
125.82311 -116.000206 -1065.8093
125.689995 -117.017136 -1065.9612
125.570915 -118.00402 -1066.055
125.47878 -119.06247 -1066.0886
125.47878 -119.062454 -1066.0886
125.39309 -120.14047 -1066.0681
125.29665 -121.16319 -1066.0358
125.270744 -122.049904 -1065.9653
125.270744 -122.04989 -1065.9652
125.33791 -122.822296 -1065.7899
125.46453 -123.64725 -1065.5421
125.63058 -124.535416 -1065.2268
125.63058 -124.5354 -1065.2268
125.81512 -125.458 -1064.8453
125.97985 -126.29523 -1064.4379
125.97982 -126.29522 -1064.4379
126.12002 -127.11617 -1063.9791
126.22848 -127.90993 -1063.4703
126.32848 -128.72081 -1062.8939
126.32842 -128.72081 -1062.8937
126.42559 -129.4778 -1062.341
126.52999 -130.13925 -1061.8812
126.65313 -130.7391 -1061.5062
126.81005 -131.33514 -1061.191
127.01882 -132.0488 -1060.9032
127.24874 -132.83693 -1060.6973
127.24874 -132.83691 -1060.6974
127.51943 -133.62021 -1060.5468
127.817406 -134.30927 -1060.4167
128.13287 -134.97023 -1060.3138
128.13284 -134.97021 -1060.314
128.53479 -135.72955 -1060.2229
129.03131 -136.53833 -1060.167
129.03128 -136.53831 -1060.1669
129.5704 -137.28632 -1060.1787
130.16827 -138.0393 -1060.2655
130.86035 -138.83513 -1060.435
130.86035 -138.83511 -1060.435
131.26224 -139.23712 -1060.8547
32.696342 12.203911 -62.289814
38.35209 14.752525 -69.57846
43.990623 15.279274 -77.743904
50.21717 13.452187 -87.22079
56.005516 9.496361 -97.77084
56.0055 9.49633 -97.77085
61.72892 2.78228 -109.21398
61.72889 2.782265 -109.21397
65.99935 -9.088188 -120.87867
68.829124 -19.84423 -130.33296
70.36187 -24.376762 -137.82289
71.88363 -26.804558 -144.29501
71.88363 -26.804573 -144.29503
73.065575 -27.677254 -150.2886
74.23684 -28.227013 -156.72516
75.15084 -28.524742 -163.37193
75.91076 -28.633095 -170.18935
75.91076 -28.63311 -170.18935
76.45602 -28.48339 -177.5241
76.80834 -27.895515 -186.61455
76.857506 -26.689293 -198.20999
76.63198 -24.95562 -212.01813
76.41674 -23.178581 -226.33762
76.56164 -22.015633 -239.81125
76.56167 -22.015617 -239.8113
77.18844 -21.71531 -252.12477
78.14074 -21.955742 -263.61502
79.126976 -22.116783 -274.85043
79.88509 -21.609566 -286.39194
80.3702 -20.091438 -298.44217
80.701866 -17.489128 -310.83224
81.079124 -13.805443 -323.2484
81.72582 -9.236748 -335.48587
81.72582 -9.236717 -335.48593
82.82131 -4.305321 -347.52307
82.82128 -4.305351 -347.52304
84.44021 0.334343 -359.38943
86.51571 4.354118 -371.0549
86.51574 4.354118 -371.0549
88.9367 7.919624 -382.49207
91.54589 11.334846 -393.83554
94.15124 14.74897 -405.34784
94.15124 14.748955 -405.3478
96.65594 18.334633 -417.25763
98.837 22.020226 -429.60202
100.4678 25.494347 -441.75027
101.73394 28.707466 -453.45798
101.73391 28.707466 -453.45798
102.917534 31.657387 -464.54547
104.30224 34.704094 -475.8479
106.11315 38.109932 -488.2454
106.11312 38.1099 -488.2453
108.3413 41.85354 -501.67603
111.09698 44.800682 -516.941
111.09698 44.800667 -516.9409
113.569115 46.874504 -533.65015
114.16137 51.479195 -549.5543
114.16137 51.479164 -549.55426
114.678154 57.384895 -561.65594
117.849754 62.011375 -572.8718
117.849754 62.01136 -572.8718
122.14837 65.718285 -585.1225
126.08056 67.40514 -594.4931
129.55145 68.06533 -603.4534
129.55142 68.06533 -603.45337
130.9729 65.83932 -614.78015
127.855736 60.37316 -629.4279
127.85577 60.37319 -629.42786
121.91241 54.951942 -644.70776
118.428856 51.062798 -659.95123
118.428856 51.062828 -659.95123
117.563225 48.669273 -674.2033
117.69335 47.76301 -686.937
118.88351 47.96264 -698.546
118.88348 47.962624 -698.54596
120.651115 48.60769 -709.836
122.14184 49.213448 -721.618
122.14184 49.213432 -721.61804
123.0516 49.487297 -733.9998
123.67223 49.400673 -746.9299
124.02325 48.868355 -760.30133
124.11797 48.203697 -773.8494
124.11794 48.203667 -773.8495
124.591606 47.561058 -787.4601
125.414116 46.90719 -801.0234
126.33257 46.396095 -814.3794
126.33254 46.396095 -814.37946
126.971 45.77874 -827.46844
127.35021 45.114265 -840.2627
127.82534 44.767067 -852.23553
128.48303 44.643852 -862.8804
128.48303 44.643837 -862.8804
129.32028 44.60131 -872.5366
130.24579 44.8283 -880.95667
131.22525 45.417732 -888.94476
131.22528 45.417732 -888.9448
132.26135 46.47567 -896.85895
133.53204 47.52729 -905.2116
135.14157 48.68438 -914.1949
136.83112 50.002235 -922.79297
136.83115 50.002266 -922.7931
138.37424 51.644844 -931.64703
139.99808 53.63343 -939.8452
141.4903 56.092873 -947.3712
141.49033 56.092888 -947.3712
142.91391 58.805244 -953.33813
144.13367 61.021248 -957.6124
145.25958 62.883507 -961.24677
146.318 64.57305 -964.8605
146.318 64.57308 -964.8605
147.20822 66.0696 -968.86005
147.71872 67.09945 -972.9108
147.89029 67.65859 -976.4904
147.87314 67.89684 -979.45465
147.8732 67.89687 -979.4548
147.74414 67.94698 -982.1455
147.52353 67.87643 -984.7149
147.19528 67.65902 -987.609
147.19528 67.65905 -987.6091
146.77545 67.29034 -990.6666
146.28094 66.75738 -993.7421
145.80722 66.09191 -996.6254
145.35419 65.26348 -999.4996
145.35416 65.26345 -999.4996
144.91974 64.29565 -1002.244
144.51682 63.26763 -1004.75903
144.15674 62.29487 -1006.94794
144.15671 62.294838 -1006.94794
143.79251 61.381203 -1009.01526
143.36441 60.435814 -1011.2899
142.93384 59.561836 -1013.5316
142.52148 58.79116 -1015.66547
142.52145 58.791145 -1015.6654
142.15723 58.16697 -1017.55005
141.8052 57.54534 -1019.42615
141.43137 56.741722 -1021.6128
141.43137 56.741722 -1021.61285
141.11673 55.791786 -1023.86414
140.90405 54.740578 -1025.9893
140.80914 53.718117 -1027.7455
140.82825 52.656044 -1029.2483
140.82822 52.65603 -1029.2483
140.92761 51.426918 -1030.7502
141.12738 49.923393 -1032.308
141.44446 47.998543 -1033.9684
141.44443 47.998528 -1033.9684
141.79843 45.924934 -1035.5002
142.09589 43.915977 -1036.8046
142.29352 42.138878 -1037.866
142.41754 40.685936 -1038.6571
142.53116 39.251884 -1039.3596
142.69403 37.371788 -1040.1549
142.93188 34.965767 -1040.9642
142.93192 34.965828 -1040.9642
143.16052 32.32847 -1041.676
143.37775 29.799538 -1042.2034
143.6788 27.420937 -1042.4637
143.6788 27.420967 -1042.4637
144.03918 24.965034 -1042.5873
144.38483 22.663612 -1042.5983
144.38486 22.663643 -1042.5984
144.72928 20.613594 -1042.4933
145.12457 18.708809 -1042.2732
145.59146 16.627312 -1041.937
145.59146 16.627342 -1041.937
146.10837 14.121498 -1041.5201
146.53784 11.513023 -1041.1356
146.84476 9.199226 -1040.7985
146.84476 9.199272 -1040.7985
146.99503 7.279305 -1040.5573
147.05338 5.432289 -1040.3503
147.07336 3.448647 -1040.1152
147.07346 3.448708 -1040.1154
147.1052 1.329094 -1039.8558
147.19366 -0.687431 -1039.5985
147.19366 -0.687416 -1039.5986
147.2268 -2.535393 -1039.3812
147.19397 -4.368568 -1039.2019
147.1354 -6.282005 -1039.0312
147.1354 -6.281975 -1039.0311
147.0462 -8.43409 -1038.8441
146.91052 -10.635643 -1038.6545
146.73062 -12.682838 -1038.486
146.73062 -12.682808 -1038.486
146.53348 -14.379662 -1038.3585
146.29349 -16.064293 -1038.248
145.95944 -18.099083 -1038.1183
145.95947 -18.099037 -1038.1183
145.49603 -20.490913 -1038.0417
144.9631 -22.782158 -1038.2007
144.45001 -24.837944 -1038.477
144.44998 -24.837929 -1038.477
143.9949 -26.65847 -1038.7511
143.48239 -28.434929 -1039.1824
143.48242 -28.434898 -1039.1824
142.94852 -30.042091 -1039.698
142.37396 -31.551186 -1040.2642
141.75018 -32.9952 -1040.8489
141.75018 -32.995186 -1040.8489
140.99817 -34.52883 -1041.4934
140.0842 -36.17063 -1042.191
138.94647 -38.044563 -1042.9742
138.94647 -38.044548 -1042.9741
137.56845 -40.19094 -1043.8679
136.0502 -42.499367 -1044.8392
134.5737 -44.7846 -1045.8167
134.57373 -44.78457 -1045.8167
133.36276 -46.74729 -1046.6731
132.17838 -48.76139 -1047.5748
130.93753 -50.974052 -1048.5812
130.93756 -50.974022 -1048.5812
129.73615 -53.26203 -1049.6233
128.70139 -55.360435 -1050.5736
128.70142 -55.36042 -1050.5736
127.85787 -57.16874 -1051.3827
127.06942 -58.98649 -1052.1783
126.33718 -60.842476 -1052.9675
126.33718 -60.84246 -1052.9675
125.724754 -62.59989 -1053.6884
125.23461 -64.24256 -1054.3348
124.85619 -65.78699 -1054.9138
124.856224 -65.78696 -1054.9138
124.54812 -67.43965 -1055.5033
124.33245 -69.14709 -1056.0714
124.2196 -70.99655 -1056.6553
124.2196 -70.99653 -1056.6553
124.22762 -72.936356 -1057.2517
124.42315 -74.75623 -1057.8297
124.42315 -74.7562 -1057.8297
124.65545 -76.26881 -1058.2648
124.88735 -77.5287 -1058.5994
125.187126 -78.83948 -1058.9407
125.187126 -78.83946 -1058.9407
125.601006 -80.42323 -1059.3265
126.05123 -82.05187 -1059.6866
126.488 -83.64988 -1059.9972
126.48797 -83.64986 -1059.9972
126.86556 -85.1692 -1060.2521
127.18093 -86.71023 -1060.4636
127.44692 -88.360435 -1060.6475
127.44689 -88.36042 -1060.6473
127.643 -89.96791 -1060.7916
127.72097 -91.37733 -1060.8883
127.721886 -92.553055 -1060.9541
127.721886 -92.55305 -1060.9541
127.747826 -93.75963 -1061.0234
127.72378 -95.306625 -1061.1113
127.72384 -95.306595 -1061.1115
127.59896 -97.165146 -1061.2339
127.449486 -99.03764 -1061.4064
127.28933 -100.7271 -1061.6326
127.2893 -100.72708 -1061.6326
127.120476 -102.182304 -1061.9034
126.94808 -103.55456 -1062.24
126.76061 -105.003365 -1062.6685
126.76064 -105.00334 -1062.6685
126.5678 -106.49589 -1063.1704
126.39037 -107.98201 -1063.6968
126.25146 -109.3692 -1064.1746
126.25146 -109.36918 -1064.1746
126.15078 -110.68487 -1064.5913
126.07018 -112.05299 -1064.9805
126.07018 -112.05297 -1064.9805
125.99981 -113.487144 -1065.3325
125.90301 -114.83967 -1065.625
125.76861 -115.9899 -1065.8496
125.76858 -115.98988 -1065.8496
125.64269 -117.007614 -1066.0037
125.528984 -117.996124 -1066.0991
125.433525 -119.05624 -1066.1344
125.433525 -119.05623 -1066.1343
125.33724 -120.137535 -1066.1279
125.24346 -121.16621 -1066.1095
125.23406 -122.05834 -1066.0239
125.23409 -122.058334 -1066.0239
125.30196 -122.83482 -1065.8417
125.42565 -123.663666 -1065.59
125.590996 -124.55607 -1065.2722
125.590996 -124.55605 -1065.2722
125.777336 -125.48269 -1064.8901
125.94543 -126.32333 -1064.4834
125.94543 -126.32332 -1064.4834
126.09023 -127.146965 -1064.0258
126.20345 -127.94285 -1063.5176
126.30654 -128.75465 -1062.9409
126.30648 -128.75465 -1062.9409
126.40438 -129.5109 -1062.3876
126.507256 -130.16989 -1061.9271
126.626854 -130.76628 -1061.5503
126.626854 -130.76627 -1061.5504
126.778984 -131.35867 -1061.2314
126.98464 -132.0693 -1060.9404
127.216515 -132.85606 -1060.7379
127.216515 -132.85605 -1060.7379
127.487114 -133.63922 -1060.5905
127.78219 -134.32874 -1060.4562
128.09628 -134.99062 -1060.3486
128.09625 -134.9906 -1060.3486
128.49734 -135.75108 -1060.2533
128.99277 -136.56177 -1060.1918
128.9927 -136.56177 -1060.1919
129.53104 -137.31232 -1060.1978
130.1293 -138.06717 -1060.2802
130.82272 -138.86417 -1060.4454
130.82272 -138.86415 -1060.4454
131.2622 -139.23714 -1060.8547
33.468117 12.377449 -61.797535
39.17959 14.956764 -69.03505
44.832893 15.490623 -77.1876
51.072334 13.662727 -86.67115
56.920067 9.709679 -97.224174
56.92005 9.709648 -97.22417
62.764656 2.93261 -108.7061
62.764626 2.93261 -108.706085
66.98519 -9.280617 -120.335724
69.664055 -20.131798 -129.82227
71.12954 -24.691643 -137.48581
72.593956 -27.116417 -144.01462
73.77007 -27.989525 -150.10101
74.93108 -28.535454 -156.57056
75.83575 -28.826332 -163.26393
76.582695 -28.927483 -170.1104
77.11471 -28.77053 -177.48026
77.451805 -28.17472 -186.60591
77.484825 -26.960655 -198.23415
77.2463 -25.221077 -212.06178
77.02328 -23.440987 -226.37987
77.1618 -22.276054 -239.82701
77.1618 -22.27604 -239.82707
77.77767 -21.971825 -252.10112
78.71545 -22.20652 -263.56296
79.6899 -22.362495 -274.7979
80.44381 -21.852684 -286.36566
80.932396 -20.334099 -298.45056
81.27273 -17.731865 -310.86957
81.660484 -14.046471 -323.30438
82.31338 -9.47274 -335.54395
82.31341 -9.47271 -335.54398
83.404106 -4.534477 -347.56262
83.404076 -4.534492 -347.56256
85.007286 0.110481 -359.39532
87.064354 4.132973 -371.02576
87.064354 4.132973 -371.0257
89.47341 7.699242 -382.43695
92.079765 11.113716 -393.76804
94.687645 14.526268 -405.2807
94.687614 14.526253 -405.28064
97.19686 18.11065 -417.20007
99.37786 21.796715 -429.56516
99.37786 21.796715 -429.56512
101.00439 25.27224 -441.7374
102.2709 28.484337 -453.45557
102.2709 28.484322 -453.45554
103.46197 31.43029 -464.53894
104.861565 34.470604 -475.831
106.69094 37.86869 -488.21292
106.69097 37.868675 -488.2129
108.935265 41.60572 -501.63242
111.68835 44.54847 -516.8695
111.68835 44.54847 -516.86945
114.118004 46.635994 -533.58746
114.63772 51.27787 -549.6124
114.63772 51.27784 -549.61237
115.14324 57.197716 -561.7361
118.39178 61.79522 -572.8557
118.39175 61.79519 -572.85565
122.75121 65.465385 -585.0638
126.72695 67.11791 -594.3655
130.26361 67.73791 -603.2495
131.76205 65.494316 -614.5544
128.6441 60.06002 -629.35297
128.64413 60.060066 -629.3529
122.57015 54.688835 -644.784
118.95629 50.843513 -659.98486
118.95635 50.843544 -659.98486
118.02914 48.470726 -674.1802
118.13152 47.573082 -686.90936
119.31884 47.773094 -698.50604
119.31884 47.77308 -698.506
121.0848 48.419136 -709.78595
122.57192 49.026527 -721.57794
122.57192 49.026527 -721.578
123.466484 49.30683 -733.9744
124.06631 49.229057 -746.9079
124.39828 48.7051 -760.27905
124.47576 48.048164 -773.8324
124.47576 48.048134 -773.8324
124.936516 47.41085 -787.4347
125.75024 46.760445 -800.9896
126.65969 46.25318 -814.34607
126.65969 46.25318 -814.3461
127.291374 45.639046 -827.4396
127.66085 44.979042 -840.23895
128.13092 44.633934 -852.21545
128.7774 44.515495 -862.85944
129.61063 44.474648 -872.5112
130.53848 44.700783 -880.9306
131.51492 45.292213 -888.9231
131.51492 45.292244 -888.9231
132.5469 46.353096 -896.8455
133.81403 47.405983 -905.1908
135.42465 48.562706 -914.16705
137.12103 49.878822 -922.76636
137.1211 49.878838 -922.7665
138.67581 51.517906 -931.63293
140.30911 53.50506 -939.8337
141.80261 55.96865 -947.37604
141.80261 55.96868 -947.3761
143.21774 58.692528 -953.3502
144.42844 60.91543 -957.6192
145.5469 62.77961 -961.2451
146.59845 64.468895 -964.8553
146.59848 64.468925 -964.8554
147.48126 65.96316 -968.85706
147.98459 66.98971 -972.9129
148.15137 67.54714 -976.49414
148.1315 67.784996 -979.4575
148.13153 67.78503 -979.4576
148.00055 67.83556 -982.14624
147.77817 67.766075 -984.7132
147.44775 67.55035 -987.6044
147.44778 67.55038 -987.6045
147.02551 67.184044 -990.6589
146.52841 66.65414 -993.73096
146.05228 65.99175 -996.61115
145.59631 65.16625 -999.483
145.59628 65.16622 -999.4829
145.15817 64.20156 -1002.22565
144.7504 63.176582 -1004.7396
144.3848 62.206566 -1006.9282
144.3848 62.20655 -1006.9281
144.01471 61.295525 -1008.9953
143.58011 60.35293 -1011.26996
143.14362 59.48147 -1013.51166
142.7266 58.71264 -1015.6453
142.72656 58.712624 -1015.6453
142.35913 58.089684 -1017.52966
142.00461 57.4692 -1019.4041
141.62848 56.667152 -1021.58636
141.31134 55.719505 -1023.8281
141.09555 54.671257 -1025.9393
140.99625 53.65226 -1027.6791
141.00873 52.594154 -1029.163
141.00873 52.59414 -1029.1628
141.10016 51.368782 -1030.6467
141.2897 49.869347 -1032.1855
141.59555 47.9488 -1033.8273
141.59558 47.948784 -1033.8273
141.93988 45.879204 -1035.3439
142.23175 43.874153 -1036.638
142.42923 42.100533 -1037.6954
142.55417 40.65061 -1038.4845
142.66708 39.219032 -1039.184
142.82693 37.34159 -1039.9742
143.05222 34.940315 -1040.7722
143.05225 34.940376 -1040.7723
143.29471 32.320793 -1041.4902
143.53061 29.814323 -1042.0455
143.8064 27.444603 -1042.3278
143.80637 27.444618 -1042.3275
144.14594 24.991707 -1042.4716
144.48557 22.691048 -1042.5024
144.48557 22.691093 -1042.5024
144.82571 20.639702 -1042.4036
145.21176 18.732292 -1042.1753
145.66675 16.647926 -1041.8301
145.66678 16.647972 -1041.83
146.17963 14.139519 -1041.4081
146.62238 11.529198 -1041.023
146.94287 9.213234 -1040.6844
146.94287 9.213264 -1040.6844
147.10577 7.290001 -1040.4532
147.17712 5.43882 -1040.266
147.20627 3.450752 -1040.0522
147.20633 3.450813 -1040.0525
147.23907 1.328209 -1039.7999
147.31921 -0.688606 -1039.5277
147.31918 -0.688576 -1039.5276
147.34354 -2.536613 -1039.2972
147.30273 -4.369789 -1039.1086
147.23544 -6.283165 -1038.9292
147.23538 -6.283134 -1038.9292
147.13498 -8.43528 -1038.7323
146.98654 -10.636909 -1038.5333
146.79489 -12.684303 -1038.3572
146.79489 -12.684273 -1038.357
146.58987 -14.381325 -1038.2251
146.34454 -16.066185 -1038.1113
146.0003 -18.101265 -1037.9768
146.00034 -18.101234 -1037.9768
145.52344 -20.49572 -1037.8951
144.99261 -22.79638 -1038.0543
144.47742 -24.862007 -1038.3322
144.47742 -24.861992 -1038.3322
144.0004 -26.68766 -1038.6053
143.47443 -28.468422 -1039.0386
143.47449 -28.468376 -1039.0387
142.93628 -30.079445 -1039.5573
142.36264 -31.591743 -1040.1259
141.74203 -33.03826 -1040.713
141.74207 -33.038246 -1040.713
140.99475 -34.57406 -1041.3601
140.08624 -36.217903 -1042.0609
138.95193 -38.093056 -1042.8475
138.95193 -38.09304 -1042.8475
137.57535 -40.23989 -1043.7451
136.05658 -42.547966 -1044.7198
134.57767 -44.83201 -1045.6998
134.5777 -44.831978 -1045.6998
133.36328 -46.79322 -1046.5581
132.176 -48.805824 -1047.4618
130.93262 -51.01696 -1048.4698
130.93265 -51.016914 -1048.4698
129.72833 -53.303123 -1049.5135
128.6914 -55.399788 -1050.465
128.6914 -55.399757 -1050.465
127.84637 -57.20661 -1051.2751
127.05593 -59.022743 -1052.0719
126.32061 -60.876747 -1052.8624
126.32064 -60.87673 -1052.8623
125.70385 -62.63198 -1053.5846
125.20806 -64.272415 -1054.2332
124.82238 -65.81461 -1054.8152
124.82241 -65.814575 -1054.8153
124.50472 -67.465034 -1055.4098
124.27654 -69.17026 -1055.9866
124.1502 -71.01801 -1056.5836
124.1502 -71.01798 -1056.5836
124.14718 -72.95724 -1057.1959
124.341484 -74.78041 -1057.7806
124.34145 -74.78038 -1057.7806
124.57131 -76.29538 -1058.2266
124.80013 -77.55587 -1058.5726
125.09905 -78.867096 -1058.9229
125.09905 -78.86706 -1058.923
125.51299 -80.45085 -1059.3176
125.96389 -82.07868 -1059.685
126.40136 -83.674614 -1059.9993
126.40136 -83.6746 -1059.9993
126.77923 -85.19076 -1060.2551
127.0949 -86.72786 -1060.4658
127.361565 -88.3739 -1060.6473
127.361534 -88.373886 -1060.6472
127.55901 -89.9771 -1060.786
127.63793 -91.382454 -1060.8833
127.639946 -92.555466 -1060.9551
127.639946 -92.55545 -1060.9551
127.668144 -93.760414 -1061.0208
127.646996 -95.305626 -1061.1083
127.647026 -95.305595 -1061.1083
127.526085 -97.16205 -1061.2402
127.38067 -99.03254 -1061.4187
127.22405 -100.71991 -1061.6489
127.22405 -100.71989 -1061.649
127.058495 -102.172844 -1061.925
126.88863 -103.54281 -1062.2653
126.703026 -104.989456 -1062.6962
126.703026 -104.98943 -1062.696
126.511314 -106.48022 -1063.2006
126.33465 -107.965576 -1063.73
126.19686 -109.35337 -1064.2118
126.19683 -109.35335 -1064.2117
126.09713 -110.67023 -1064.6317
126.01675 -112.03949 -1065.0228
126.016716 -112.03947 -1065.0227
125.94518 -113.475 -1065.3745
125.85009 -114.828445 -1065.6687
125.72335 -115.97925 -1065.8971
125.72335 -115.97924 -1065.897
125.60522 -116.99834 -1066.0522
125.49435 -117.988396 -1066.1508
125.39312 -119.05016 -1066.1903
125.39312 -119.05015 -1066.1902
125.2933 -120.13545 -1066.1995
125.20928 -121.17037 -1066.1908
125.20818 -122.06703 -1066.086
125.20815 -122.06702 -1066.086
125.27541 -122.84765 -1065.8995
125.39565 -123.68054 -1065.6449
125.56017 -124.57736 -1065.3247
125.56017 -124.57735 -1065.3248
125.7485 -125.508125 -1064.9419
125.92019 -126.35222 -1064.5352
125.92019 -126.35221 -1064.5352
126.07006 -127.17862 -1064.0776
126.18853 -127.97671 -1063.5692
126.29467 -128.78949 -1062.9917
126.29461 -128.78949 -1062.9915
126.39318 -129.5449 -1062.4375
126.49416 -130.20135 -1061.9768
126.60964 -130.79422 -1061.599
126.60967 -130.79422 -1061.599
126.75616 -131.38286 -1061.2776
126.95742 -132.09047 -1060.9846
127.19033 -132.87563 -1060.7871
127.19036 -132.87561 -1060.7872
127.46108 -133.65756 -1060.6421
127.75231 -134.3473 -1060.5033
128.06427 -135.01003 -1060.3916
128.06424 -135.01003 -1060.3917
128.46368 -135.7716 -1060.2921
128.957 -136.58414 -1060.2253
128.95697 -136.58412 -1060.2255
129.49326 -137.33713 -1060.2257
130.091 -138.09375 -1060.3038
130.78479 -138.8921 -1060.4648
130.78479 -138.89209 -1060.4648
34.27674 12.218102 -61.38111
40.037407 14.752693 -68.56733
45.673195 15.279457 -76.65336
51.878975 13.452354 -86.07462
57.747734 9.496574 -96.5729
57.74772 9.496559 -96.5729
63.672676 2.691078 -108.0457
63.67266 2.691063 -108.04569
67.785545 -9.624306 -119.72338
70.31899 -20.485481 -129.2913
71.743706 -25.078758 -137.14699
73.1661 -27.499825 -143.74385
73.1661 -27.49984 -143.74385
74.34371 -28.373451 -149.93108
75.49847 -28.914635 -156.4344
76.39657 -29.197151 -163.17123
77.13357 -29.289421 -170.0451
77.13354 -29.289421 -170.0451
77.65493 -29.123589 -177.44765
77.9797 -28.518028 -186.60666
77.9992 -27.294228 -198.26582
77.74981 -25.547417 -212.11134
77.52035 -23.763618 -226.42697
77.6538 -22.59623 -239.84744
77.65383 -22.596214 -239.84749
78.260704 -22.287254 -252.08234
79.18624 -22.5149 -263.51617
80.151146 -22.664635 -274.75143
80.902 -22.151588 -286.34653
81.39364 -20.632408 -298.46835
81.741264 -18.030281 -310.9204
82.138176 -14.342796 -323.38028
82.79751 -9.76284 -335.62994
82.79754 -9.762825 -335.63
83.886406 -4.816185 -347.63702
83.886406 -4.8162 -347.637
85.47842 -0.164772 -359.43997
87.52108 3.861046 -371.03656
87.52105 3.861031 -371.03656
89.920525 7.428261 -382.42252
92.52456 10.84185 -393.74176
95.13427 14.252464 -405.2543
95.13424 14.252449 -405.25427
97.64681 17.835258 -417.18225
99.826805 21.52192 -429.56436
99.826836 21.52192 -429.56433
101.44836 24.999168 -441.7553
102.71438 28.21 -453.48096
102.71438 28.21 -453.4809
103.91146 31.15104 -464.56024
105.32375 34.183525 -475.8442
107.16924 37.572075 -488.21466
107.16921 37.572075 -488.21457
109.42745 41.301033 -501.62613
112.177055 44.23841 -516.832
112.177025 44.23841 -516.8319
114.569664 46.342796 -533.5485
115.02682 51.03103 -549.68536
115.02682 51.03103 -549.6853
115.52523 56.967888 -561.841
118.84316 61.52839 -572.8818
118.84316 61.528374 -572.8817
123.2506 65.153984 -585.04364
127.25936 66.766136 -594.2723
130.84647 67.33837 -603.07776
130.84647 67.33834 -603.0777
132.40598 65.072014 -614.3313
129.29587 59.675133 -629.23114
129.2959 59.675163 -629.23114
123.12139 54.365334 -644.80133
119.394066 50.57392 -659.985
119.3941 50.57395 -659.98505
118.41183 48.226677 -674.1452
118.49081 47.339577 -686.8811
119.676384 47.53997 -698.47675
119.67635 47.539955 -698.4767
121.44161 48.187325 -709.75323
122.92547 48.796776 -721.55255
123.80703 49.085075 -733.95795
124.38949 49.018135 -746.89075
124.70574 48.50434 -760.2584
124.7691 47.85685 -773.8149
124.7691 47.856834 -773.81494
125.21911 47.226143 -787.411
126.02569 46.580025 -800.95953
126.92779 46.07749 -814.31683
126.92779 46.07749 -814.3169
127.553856 45.467262 -827.4132
127.9154 44.812706 -840.2164
128.38141 44.470238 -852.1976
129.01877 44.357704 -862.8426
129.01877 44.357704 -862.84265
129.84872 44.318962 -872.49176
130.77878 44.544044 -880.9124
131.75299 45.137917 -888.9108
131.75302 45.137917 -888.91095
132.78186 46.2024 -896.8428
134.04626 47.256783 -905.1816
135.65814 48.413063 -914.15283
137.36057 49.727043 -922.7556
137.36057 49.72706 -922.7557
138.9249 51.36187 -931.6346
140.56671 53.34722 -939.84106
142.06158 55.815956 -947.4014
142.06158 55.81597 -947.4015
143.47134 58.553947 -953.3871
144.67575 60.785316 -957.6529
145.78848 62.651848 -961.2707
146.8338 64.34081 -964.87585
146.8338 64.34084 -964.87585
147.7088 65.83233 -968.875
148.20422 66.85479 -972.9284
148.3659 67.41012 -976.5054
148.34338 67.647514 -979.4635
148.34341 67.647514 -979.46356
148.21078 67.69854 -982.1469
147.987 67.63027 -984.7087
147.65503 67.41668 -987.5946
147.65506 67.41671 -987.59467
147.23102 67.05337 -990.6433
146.73221 66.52715 -993.7096
146.25427 65.86849 -996.58496
145.7962 65.046715 -999.4531
145.79617 65.046684 -999.4531
145.35522 64.08593 -1002.19305
144.94363 63.06466 -1004.7055
144.57358 62.09794 -1006.89374
144.57358 62.097923 -1006.8937
144.19867 61.190178 -1008.96075
143.75873 60.250984 -1011.2356
143.31732 59.38259 -1013.47766
142.89645 58.61611 -1015.61163
142.89642 58.61608 -1015.6116
142.52621 57.994682 -1017.496
142.16965 57.37565 -1019.36914
141.79132 56.575493 -1021.5473
141.79132 56.575493 -1021.54736
141.47171 55.630608 -1023.78015
141.25247 54.58599 -1025.8783
141.14825 53.57128 -1027.6027
141.1536 52.517982 -1029.0695
141.1536 52.517982 -1029.0693
141.23657 51.29728 -1030.5371
141.41525 49.80282 -1032.0593
141.7092 47.88752 -1033.6848
141.7092 47.887505 -1033.6848
142.04321 45.822914 -1035.1885
142.32889 43.8227 -1036.4734
142.5256 42.053383 -1037.5265
142.651 40.607185 -1038.313
142.76285 39.178688 -1039.0095
142.91925 37.304466 -1039.7953
143.13132 34.908623 -1040.5841
143.13135 34.908684 -1040.5841
143.37253 32.301018 -1041.2839
143.63742 29.816307 -1041.8416
143.92184 27.464668 -1042.1543
143.92181 27.464699 -1042.1543
144.24283 25.017036 -1042.3278
144.5759 22.717949 -1042.3846
144.57593 22.717964 -1042.3845
144.9101 20.665443 -1042.295
145.28525 18.755455 -1042.06
145.72665 16.66822 -1041.7078
145.72665 16.668266 -1041.7076
146.23169 14.157066 -1041.2844
146.68375 11.544945 -1040.9022
147.01874 9.227699 -1040.5599
147.0187 9.227745 -1040.56
147.19711 7.302269 -1040.3318
147.28476 5.447624 -1040.1602
147.32654 3.455376 -1039.9653
147.32654 3.455421 -1039.9655
147.3616 1.329857 -1039.7198
147.43103 -0.687233 -1039.4343
147.431 -0.687202 -1039.4343
147.44449 -2.535255 -1039.1929
147.39435 -4.368477 -1038.9966
147.31696 -6.281883 -1038.8102
147.31696 -6.281853 -1038.8102
147.20389 -8.433983 -1038.6058
147.04129 -10.635506 -1038.3998
146.83685 -12.682716 -1038.2183
146.83685 -12.682686 -1038.2184
146.62341 -14.379463 -1038.083
146.37234 -16.064034 -1037.9672
146.01733 -18.098885 -1037.8297
146.01736 -18.09887 -1037.8298
145.52643 -20.4954 -1037.7456
144.99768 -22.805153 -1037.9042
144.48071 -24.88047 -1038.1835
144.48071 -24.880455 -1038.1833
143.98184 -26.710472 -1038.4594
143.44296 -28.494576 -1038.8967
143.443 -28.494545 -1038.8969
142.90103 -30.108559 -1039.4185
142.3288 -31.623375 -1039.989
141.71182 -33.07189 -1040.5775
141.71188 -33.07186 -1040.5775
140.96985 -34.609444 -1041.2261
140.0676 -36.25486 -1041.9286
138.93738 -38.130943 -1042.7177
138.93738 -38.130913 -1042.7177
137.56296 -40.278114 -1043.6183
136.04437 -42.58593 -1044.5964
134.56339 -44.869057 -1045.5797
134.56339 -44.869026 -1045.5797
133.34576 -46.829094 -1046.4407
132.15579 -48.840508 -1047.3466
130.90997 -51.050438 -1048.357
130.91003 -51.050392 -1048.357
129.70291 -53.335197 -1049.4032
128.66394 -55.43049 -1050.3567
128.66394 -55.430458 -1050.3566
127.81756 -57.236168 -1051.1685
127.02523 -59.05105 -1051.9668
126.28698 -60.903496 -1052.7593
126.28698 -60.903465 -1052.7593
125.66604 -62.657036 -1053.4841
125.16491 -64.29577 -1054.136
124.77236 -65.836205 -1054.7228
124.77236 -65.836174 -1054.7228
124.4461 -67.484856 -1055.3243
124.20687 -69.18838 -1055.9124
124.06939 -71.03478 -1056.5253
124.06939 -71.03476 -1056.5253
124.05801 -72.97373 -1057.1555
124.25152 -74.80125 -1057.7466
124.25155 -74.801216 -1057.7466
124.48025 -76.3191 -1058.2039
124.70785 -77.580124 -1058.5619
125.00738 -78.891685 -1058.9215
125.00738 -78.891655 -1058.9215
125.422874 -80.4755 -1059.3252
125.875694 -82.10259 -1059.6997
126.31451 -83.696625 -1060.0175
126.31451 -83.69661 -1060.0175
126.69305 -85.20994 -1060.274
127.008995 -86.743546 -1060.484
127.27621 -88.38591 -1060.6628
127.27618 -88.385895 -1060.6628
127.47433 -89.98528 -1060.7958
127.55483 -91.38681 -1060.8936
127.55947 -92.55714 -1060.9713
127.55947 -92.55712 -1060.9713
127.58938 -93.76059 -1061.0332
127.570915 -95.3041 -1061.1194
127.570946 -95.30407 -1061.1195
127.45568 -97.15842 -1061.2593
127.315575 -99.02681 -1061.4429
127.1632 -100.71192 -1061.6766
127.1632 -100.71191 -1061.6766
127.0017 -102.1623 -1061.9567
126.834984 -103.529655 -1062.2999
126.6516 -104.97394 -1062.733
126.651634 -104.97391 -1062.733
126.46157 -106.46279 -1063.2396
126.28628 -107.947296 -1063.772
126.15008 -109.33566 -1064.2573
126.15005 -109.33564 -1064.2572
126.05175 -110.6538 -1064.6804
125.97161 -112.02435 -1065.0731
125.97161 -112.02433 -1065.073
125.898735 -113.46142 -1065.4248
125.806114 -114.81639 -1065.7194
125.68841 -115.96867 -1065.9491
125.68838 -115.96866 -1065.949
125.576866 -116.98931 -1066.1061
125.466606 -117.980804 -1066.2101
125.35854 -119.04428 -1066.2567
125.35851 -119.04427 -1066.2568
125.25909 -120.1338 -1066.2773
125.189445 -121.175 -1066.2701
125.19274 -122.07598 -1066.1514
125.19268 -122.07597 -1066.1514
125.25869 -122.86106 -1065.9647
125.375114 -123.69822 -1065.708
125.53863 -124.59962 -1065.3861
125.53866 -124.5996 -1065.3861
125.72912 -125.5347 -1065.0018
125.90496 -126.38241 -1064.5944
125.90493 -126.38239 -1064.5944
126.060356 -127.211685 -1064.136
126.18441 -128.01213 -1063.6262
126.293785 -128.82596 -1063.047
126.293755 -128.82596 -1063.0469
126.392845 -129.58054 -1062.492
126.49142 -130.23428 -1062.0311
126.602104 -130.8234 -1061.6533
126.602135 -130.8234 -1061.6533
126.741875 -131.40811 -1061.3303
126.937614 -132.11237 -1061.0364
127.17162 -132.8948 -1060.8434
127.17162 -132.89479 -1060.8435
127.44326 -133.67415 -1060.6992
127.730034 -134.36388 -1060.5565
128.03906 -135.02737 -1060.4413
128.03903 -135.02737 -1060.4413
128.436 -135.78992 -1060.3379
128.92618 -136.60403 -1060.2665
128.92615 -136.60402 -1060.2666
129.4592 -137.35918 -1060.2616
130.05536 -138.1174 -1060.3357
130.74854 -138.91722 -1060.4929
130.74854 -138.9172 -1060.4929
35.01699 11.862404 -61.06109
40.802376 14.33419 -68.2046
46.403877 14.846382 -76.201
52.55282 13.020958 -85.527435
58.417305 9.059532 -95.944046
58.41729 9.059517 -95.94405
64.393486 2.243919 -107.37296
64.393486 2.243919 -107.37295
68.40362 -10.046394 -119.10425
70.816246 -20.872643 -128.76747
72.22115 -25.50254 -136.82089
73.61428 -27.919518 -143.4913
74.79873 -28.793648 -149.78093
75.95037 -29.329628 -156.31717
76.84423 -29.603004 -163.09337
77.573784 -29.685585 -169.99231
78.08694 -29.510048 -177.42442
78.40194 -28.893791 -186.61421
78.41042 -27.65934 -198.30167
78.15209 -25.904594 -212.16318
77.91744 -24.116753 -226.47568
78.04705 -22.946663 -239.87038
78.04711 -22.946663 -239.87042
78.64675 -22.632484 -252.06781
79.56225 -22.85244 -263.47522
80.51952 -22.995354 -274.71133
81.2683 -22.478767 -286.33325
81.76266 -20.958946 -298.49222
82.11614 -18.356926 -310.97897
82.520836 -14.667168 -323.46756
83.18655 -10.080467 -335.7328
83.18661 -10.080452 -335.73285
84.27584 -5.124626 -347.73376
84.27584 -5.124641 -347.7337
85.860435 -0.466011 -359.5109
87.892204 3.563408 -371.07596
87.892204 3.563408 -371.07593
90.28417 7.13166 -382.43814
92.88647 10.544273 -393.74646
95.49743 13.952721 -405.2587
95.4974 13.952721 -405.25867
98.01229 17.533821 -417.194
100.19048 21.221138 -429.5897
100.19051 21.221138 -429.5897
101.806725 24.700325 -441.79474
103.07168 27.909767 -453.5254
103.07168 27.909752 -453.52536
104.27358 30.84539 -464.6008
105.696465 33.86927 -475.87888
107.555534 37.2474 -488.24106
107.555534 37.247383 -488.241
109.82552 40.967476 -501.64716
112.5711 43.899025 -516.8207
112.5711 43.898994 -516.82056
114.93215 46.021873 -533.52844
115.33654 50.76139 -549.7663
115.33654 50.76139 -549.76624
115.83105 56.716698 -561.95984
119.21023 61.2358 -572.93726
119.2102 61.23577 -572.93726
123.65432 64.81301 -585.05237
127.687035 66.38198 -594.20764
131.3114 66.902855 -602.9363
131.3114 66.902824 -602.9362
132.91785 64.61092 -614.1192
129.82166 59.253853 -629.08044
129.82166 59.253883 -629.0804
123.57253 54.011208 -644.7751
119.74853 50.278786 -659.9608
119.74853 50.278816 -659.9608
118.71841 47.959496 -674.1028
118.7781 47.08396 -686.8535
119.96264 47.284782 -698.4564
119.96264 47.28475 -698.4563
121.72799 47.93354 -709.7345
123.20895 48.54531 -721.53876
123.208916 48.545296 -721.5388
124.07958 48.842262 -733.94867
124.64785 48.787254 -746.8777
124.95138 48.284584 -760.23987
125.00347 47.6475 -773.79767
125.00341 47.647484 -773.79767
125.44482 47.02395 -787.3894
126.24566 46.382484 -800.93317
127.14196 45.88517 -814.29156
127.14196 45.885155 -814.2917
127.76354 45.279274 -827.3897
128.1188 44.630684 -840.1954
128.58163 44.29107 -852.18207
129.21179 44.18499 -862.8295
129.21176 44.184975 -862.8296
130.03918 44.148552 -872.4774
130.97119 44.37252 -880.90076
131.94379 44.969032 -888.9058
131.94382 44.969048 -888.90594
132.97043 46.037453 -896.8478
134.23276 47.093468 -905.1812
135.84598 48.249245 -914.1492
137.55365 49.56089 -922.75665
137.55368 49.56092 -922.75684
139.12564 51.191032 -931.64764
140.7749 53.174477 -939.8618
142.27124 55.64881 -947.4406
142.27124 55.648827 -947.4407
143.67798 58.40226 -953.4403
144.87836 60.64289 -957.70496
145.98688 62.512 -961.315
147.02661 64.200615 -964.9139
147.02667 64.200615 -964.914
147.89401 65.68911 -968.9071
148.38132 66.707115 -972.953
148.53787 67.260124 -976.5216
148.51285 67.497 -979.47144
148.51288 67.49703 -979.47156
148.37881 67.54858 -982.14746
148.15402 67.48165 -984.7024
147.82086 67.27032 -987.58136
147.82092 67.27032 -987.5815
147.39572 66.9103 -990.6227
146.89578 66.388176 -993.68164
146.41675 65.73354 -996.55115
145.95728 64.915855 -999.41486
145.95724 64.915825 -999.4148
145.51425 63.95936 -1002.1513
145.0997 62.94216 -1004.662
144.72614 61.97901 -1006.8499
144.72614 61.97901 -1006.84985
144.34732 61.074898 -1008.9172
143.90302 60.139473 -1011.19257
143.45767 59.27433 -1013.435
143.03366 58.5104 -1015.5694
143.03363 58.51037 -1015.56934
142.66125 57.89071 -1017.454
142.30286 57.273216 -1019.3262
141.92258 56.47512 -1021.50055
141.9226 56.475105 -1021.5006
141.60059 55.53324 -1023.7252
141.3778 54.492653 -1025.8115
141.26852 53.482597 -1027.5221
141.26657 52.434593 -1028.9735
141.26657 52.434578 -1028.9736
141.341 51.219 -1030.4272
141.50888 49.730003 -1031.9355
141.79099 47.820427 -1033.5474
141.79102 47.820427 -1033.5474
142.1146 45.761253 -1035.0399
142.3938 43.76638 -1036.3169
142.58936 42.001762 -1037.3655
142.71487 40.559593 -1038.1492
142.82544 39.1345 -1038.8427
142.9783 37.263817 -1039.6249
143.17725 34.873802 -1040.4066
143.17728 34.873848 -1040.4067
143.40668 32.274696 -1041.0828
143.68756 29.80616 -1041.6163
143.99832 27.47567 -1041.9424
143.99832 27.475685 -1041.9423
144.32489 25.040062 -1042.1528
144.6539 22.743904 -1042.243
144.65393 22.743935 -1042.243
144.98239 20.690773 -1042.167
145.3451 18.778282 -1041.9271
145.7713 16.68824 -1041.5697
145.77127 16.68827 -1041.5698
146.26572 14.174217 -1041.1489
146.72293 11.560173 -1040.775
147.0705 9.242012 -1040.4307
147.0705 9.242058 -1040.4307
147.26645 7.315529 -1040.1996
147.37296 5.458366 -1040.0365
147.4303 3.462379 -1039.8572
147.43033 3.46244 -1039.8574
147.46869 1.334068 -1039.6179
147.52536 -0.683342 -1039.3215
147.52536 -0.683327 -1039.3214
147.52643 -2.531441 -1039.071
147.46582 -4.364784 -1038.8693
147.37732 -6.278252 -1038.6779
147.37732 -6.278206 -1038.6777
147.25052 -8.430214 -1038.4684
147.07294 -10.631401 -1038.2582
146.85507 -12.677956 -1038.074
146.8551 -12.677925 -1038.074
146.63284 -14.374001 -1037.9371
146.37585 -16.0579 -1037.8201
146.00986 -18.091988 -1037.6821
146.00986 -18.091972 -1037.6823
145.50476 -20.489937 -1037.5977
144.97809 -22.808083 -1037.755
144.4596 -24.892662 -1038.0358
144.45956 -24.892662 -1038.0356
143.9397 -26.726112 -1038.3179
143.3888 -28.51252 -1038.7612
143.38882 -28.51249 -1038.7614
142.84375 -30.128548 -1039.2864
142.2734 -31.645073 -1039.8582
141.66049 -33.094917 -1040.4468
141.66049 -33.094887 -1040.4468
140.92422 -34.633644 -1041.0952
140.02872 -36.280174 -1041.7979
138.9032 -38.15693 -1042.5885
138.90323 -38.1569 -1042.5884
137.53159 -40.304314 -1043.4917
136.0138 -42.61196 -1044.4731
134.53113 -44.894463 -1045.46
134.53116 -44.894432 -1045.46
133.31061 -46.853706 -1046.3242
132.11816 -48.86431 -1047.2333
130.87015 -51.073402 -1048.2467
130.87018 -51.07337 -1048.2467
129.66055 -53.35723 -1049.2958
128.61975 -55.451576 -1050.2518
128.61978 -55.451546 -1050.2517
127.77218 -57.256477 -1051.0656
126.97814 -59.070488 -1051.866
126.237206 -60.921867 -1052.6614
126.237206 -60.921837 -1052.6615
125.61242 -62.674248 -1053.3899
125.10638 -64.31177 -1054.0465
124.70779 -65.85099 -1054.6393
124.70782 -65.85096 -1054.6394
124.373985 -67.49845 -1055.2498
124.12566 -69.20081 -1055.8512
123.97967 -71.046265 -1056.482
123.97964 -71.04624 -1056.4819
123.96285 -72.98527 -1057.1316
124.156425 -74.817825 -1057.7295
124.156425 -74.81781 -1057.7295
124.38567 -76.33883 -1058.1981
124.614006 -77.600296 -1058.5686
124.91561 -78.912155 -1058.9373
124.91561 -78.912125 -1058.9373
125.33413 -80.496025 -1059.3495
125.79009 -82.12249 -1059.7307
126.23095 -83.71496 -1060.052
126.23095 -83.714935 -1060.052
126.610405 -85.22589 -1060.3091
126.92684 -86.75654 -1060.5181
127.1943 -88.39586 -1060.6943
127.19427 -88.39584 -1060.6942
127.392235 -89.992065 -1060.8212
127.47466 -91.39021 -1060.9192
127.482994 -92.558044 -1061.0024
127.48296 -92.55804 -1061.0024
127.51388 -93.760155 -1061.0603
127.4981 -95.302086 -1061.1445
127.4981 -95.302055 -1061.1447
127.39062 -97.15445 -1061.2902
127.257195 -99.02081 -1061.4766
127.10937 -100.70359 -1061.7128
127.1094 -100.703575 -1061.7128
126.952415 -102.151306 -1061.9963
126.78924 -103.515915 -1062.3418
126.60842 -104.957695 -1062.7765
126.60839 -104.95768 -1062.7765
126.42034 -106.44455 -1063.2849
126.24682 -107.92819 -1063.8197
126.11263 -109.31719 -1064.3081
126.1126 -109.31717 -1064.3081
126.01595 -110.63665 -1064.734
125.93627 -112.008545 -1065.1283
125.93627 -112.00852 -1065.1283
125.862114 -113.447205 -1065.4802
125.772575 -114.80421 -1065.774
125.66381 -115.958435 -1066.0044
125.66381 -115.95843 -1066.0044
125.55694 -116.98049 -1066.1652
125.44628 -117.973404 -1066.2772
125.33123 -119.03872 -1066.335
125.33123 -119.038704 -1066.3348
125.23403 -120.13253 -1066.3619
125.18194 -121.179985 -1066.3472
125.188255 -122.08529 -1066.2205
125.188255 -122.08528 -1066.2205
125.252525 -122.874916 -1066.0366
125.36465 -123.716385 -1065.779
125.52697 -124.62253 -1065.4553
125.52697 -124.622505 -1065.4553
125.71987 -125.562126 -1065.0697
125.90023 -126.413574 -1064.6606
125.9002 -126.41356 -1064.6606
126.06176 -127.24583 -1064.2003
126.191795 -128.04869 -1063.6877
126.3045 -128.86362 -1063.1062
126.3045 -128.86362 -1063.106
126.4038 -129.61734 -1062.5499
126.499596 -130.26828 -1062.0896
126.60488 -130.8535 -1061.7126
126.60488 -130.8535 -1061.7128
126.73684 -131.43416 -1061.3895
126.9262 -132.1345 -1061.095
127.16183 -132.91263 -1060.9042
127.16186 -132.9126 -1060.9044
127.4349 -133.68817 -1060.7598
127.716606 -134.37761 -1060.6141
128.02203 -135.04175 -1060.4957
128.022 -135.04175 -1060.4957
128.41577 -135.8051 -1060.389
128.9018 -136.62056 -1060.3137
128.90176 -136.62054 -1060.3138
129.43042 -137.37755 -1060.3046
130.02405 -138.13708 -1060.3751
130.7156 -138.93822 -1060.5292
130.7156 -138.9382 -1060.5292
35.64524 11.431618 -60.827274
41.438713 13.860725 -67.931694
47.001762 14.356453 -75.83749
53.089256 12.532967 -85.06422
58.938026 8.565117 -95.39552
58.93801 8.565102 -95.395515
64.94488 1.74192 -106.76092
64.94485 1.74192 -106.7609
68.85998 -10.501152 -118.50365
71.174614 -21.28347 -128.25589
72.57763 -25.952202 -136.50938
73.95263 -28.36483 -143.25711
73.95263 -28.364845 -143.25711
75.14831 -29.23954 -149.64929
76.29949 -29.770027 -156.21738
77.19106 -30.033653 -163.029
77.91546 -30.105934 -169.95073
77.91546 -30.105934 -169.95071
78.42248 -29.920097 -177.40945
78.730034 -29.292519 -186.62746
78.72976 -28.046806 -198.34068
78.464226 -26.283623 -212.21635
78.22552 -24.491447 -226.5252
78.35235 -23.318504 -239.89523
78.35238 -23.318504 -239.89526
78.946434 -22.998802 -252.05717
79.853935 -23.210579 -263.43976
80.80532 -23.34629 -274.67706
81.55273 -22.825981 -286.32532
82.04937 -21.305443 -298.521
82.407616 -18.70356 -311.04346
82.81884 -15.01136 -323.5636
83.49087 -10.417519 -335.8487
83.49093 -10.417473 -335.84872
84.58242 -5.451897 -347.8483
84.58239 -5.451897 -347.84827
86.16277 -0.785667 -359.6033
88.18676 3.247658 -371.139
88.18676 3.247643 -371.13898
90.57314 6.816963 -382.47906
93.174095 10.228508 -393.77756
95.78576 13.634682 -405.28915
95.78573 13.634666 -405.28912
98.302086 17.213936 -417.2307
100.47793 20.902016 -429.63705
100.4779 20.902 -429.63702
102.08877 24.383247 -441.8521
103.352104 27.591194 -453.5856
103.352104 27.591179 -453.58554
104.55767 30.521095 -464.65723
105.98925 33.535805 -475.9312
107.85967 36.902885 -488.2881
107.85967 36.90287 -488.28802
110.13943 40.613594 -501.6911
112.88067 43.53884 -516.8316
112.88064 43.53884 -516.8315
115.21511 45.681313 -533.52466
115.575615 50.47576 -549.85297
115.575615 50.47573 -549.8529
116.069115 56.450554 -562.08887
119.50179 60.924873 -573.01715
119.50176 60.924843 -573.017
123.97253 64.45098 -585.0853
128.0213 65.97503 -594.1682
131.67145 66.44216 -602.82227
131.67142 66.44216 -602.82227
133.31235 64.12252 -613.91907
130.2349 58.806892 -628.90704
130.23495 58.806908 -628.9071
123.93401 53.635475 -644.7126
120.02865 49.96569 -659.91656
120.02865 49.96569 -659.9165
118.957146 47.675987 -674.05475
119.001274 46.81275 -686.8271
120.18545 47.014046 -698.44403
120.18545 47.014046 -698.444
121.9515 47.6643 -709.7279
123.429924 48.278465 -721.53516
123.429924 48.27845 -721.5352
124.29159 48.584602 -733.9455
124.84853 48.542183 -746.86865
125.14205 48.051414 -760.22327
125.185356 47.425346 -773.7812
125.185356 47.42533 -773.7813
125.61999 46.809395 -787.37
126.41625 46.172905 -800.9105
127.30807 45.681084 -814.2704
127.3081 45.68107 -814.27045
127.92626 45.07981 -827.36896
128.27658 44.43757 -840.1763
128.73706 44.10096 -852.16895
129.36166 44.0017 -862.81976
129.3617 44.0017 -862.81976
130.1872 43.967674 -872.4677
131.12088 44.190468 -880.8949
132.0925 44.789803 -888.9072
132.09253 44.789818 -888.9073
133.11768 45.862404 -896.8595
134.37851 46.92019 -905.1885
135.9931 48.075462 -914.15436
137.70538 49.38462 -922.768
137.70538 49.38465 -922.76807
139.28326 51.00982 -931.6703
140.93906 52.991173 -939.89386
142.43683 55.471413 -947.49115
142.43686 55.471443 -947.4912
143.84265 58.24128 -953.50696
145.0409 60.491768 -957.7719
146.14636 62.36367 -961.3747
147.18137 64.0519 -964.96655
147.1814 64.05193 -964.9667
148.04132 65.53713 -968.9513
148.52036 66.55044 -972.9853
148.67197 67.101006 -976.5419
148.64462 67.33733 -979.48126
148.64462 67.337364 -979.4813
148.50934 67.38946 -982.14813
148.28372 67.32397 -984.69476
147.94989 67.11504 -987.56555
147.94992 67.115074 -987.5656
147.52408 66.75854 -990.59814
147.02359 66.240715 -993.6487
146.54404 65.590416 -996.5112
146.08365 64.77697 -999.36993
146.08362 64.77694 -999.3699
145.63922 63.825035 -1002.1025
145.22247 62.812187 -1004.61127
144.84625 61.852867 -1006.799
144.84625 61.85285 -1006.7989
144.46439 60.952553 -1008.8665
144.01666 60.021126 -1011.1425
143.5682 59.159508 -1013.3857
143.14166 58.398277 -1015.52057
143.14163 58.398247 -1015.5205
142.76752 57.780357 -1017.4056
142.40768 57.164528 -1019.27704
142.02576 56.368614 -1021.4482
142.02579 56.368614 -1021.4482
141.70139 55.429985 -1023.6654
141.4751 54.393715 -1025.741
141.36069 53.388588 -1027.4392
141.35135 52.346123 -1028.8772
141.35135 52.346123 -1028.8771
141.4173 51.135902 -1030.3187
141.57455 49.65275 -1031.8152
141.84497 47.74932 -1033.4158
141.84494 47.74932 -1033.4158
142.15826 45.6959 -1034.8992
142.43085 43.706642 -1036.1692
142.62491 41.946938 -1037.2135
142.7503 40.509087 -1037.9941
142.85944 39.08761 -1038.6849
143.00867 37.220695 -1039.464
143.19504 34.836815 -1040.241
143.19507 34.836845 -1040.2411
143.41129 32.245888 -1040.899
143.68729 29.7873 -1041.3997
144.02432 27.476173 -1041.7112
144.02429 27.476204 -1041.711
144.38617 25.059654 -1041.9459
144.71619 22.76844 -1042.0757
144.71619 22.76847 -1042.0757
145.03976 20.715446 -1042.0183
145.38846 18.800499 -1041.7756
145.79779 16.707695 -1041.4158
145.79776 16.707726 -1041.4159
146.28082 14.191032 -1041.001
146.74188 11.575081 -1040.6412
147.09863 9.255959 -1040.3
147.09866 9.255989 -1040.3002
147.31213 7.329094 -1040.0637
147.4393 5.470543 -1039.901
147.5144 3.471596 -1039.7317
147.51447 3.471626 -1039.7318
147.55707 1.340675 -1039.4977
147.5994 -0.677086 -1039.1927
147.59937 -0.677071 -1039.1927
147.58676 -2.525291 -1038.936
147.51486 -4.358742 -1038.7305
147.41461 -6.272331 -1038.5363
147.41461 -6.272285 -1038.5363
147.27353 -8.424156 -1038.3245
147.08041 -10.624763 -1038.1129
146.84903 -12.670204 -1037.9285
146.849 -12.670174 -1037.9285
146.61798 -14.365044 -1037.7921
146.35501 -16.047905 -1037.675
145.97809 -18.080757 -1037.5386
145.97815 -18.080742 -1037.5387
145.45926 -20.479485 -1037.4565
144.93463 -22.805168 -1037.6117
144.41464 -24.898232 -1037.8937
144.41467 -24.898201 -1037.8936
143.87515 -26.734016 -1038.1855
143.31357 -28.521614 -1038.6367
143.31363 -28.521568 -1038.6367
142.76624 -30.138695 -1039.1652
142.19812 -31.656075 -1039.7373
141.58954 -33.106544 -1040.3251
141.58954 -33.10653 -1040.3251
140.85919 -34.64585 -1040.972
139.97073 -36.292946 -1041.6733
138.8504 -38.170082 -1042.4642
138.85043 -38.17005 -1042.4642
137.48221 -40.31759 -1043.3694
135.96576 -42.62513 -1044.3539
134.48206 -44.907295 -1045.3446
134.48209 -44.907265 -1045.3446
133.25894 -46.866127 -1046.2126
132.06436 -48.876335 -1047.1255
130.81448 -51.085014 -1048.1425
130.81451 -51.084984 -1048.1425
129.6026 -53.36834 -1049.1953
128.56018 -55.462227 -1050.1542
128.56021 -55.46221 -1050.1542
127.7116 -57.26673 -1050.9703
126.91616 -59.08027 -1051.7734
126.17275 -60.931114 -1052.5724
126.17278 -60.9311 -1052.5724
125.54461 -62.68293 -1053.3054
125.034355 -64.31985 -1053.9677
124.63058 -65.85846 -1054.5679
124.63061 -65.85844 -1054.568
124.29064 -67.50534 -1055.1886
124.03542 -69.207115 -1055.8052
123.8839 -71.05205 -1056.4554
123.88387 -71.052025 -1056.4554
123.86477 -72.99143 -1057.1254
124.05929 -74.829544 -1057.7301
124.05926 -74.82951 -1057.7301
124.290825 -76.3538 -1058.21
124.52187 -77.61564 -1058.5927
124.82696 -78.927765 -1058.9698
124.82696 -78.92774 -1058.97
125.24984 -80.51165 -1059.3901
125.710045 -82.137634 -1059.7777
126.15362 -83.72895 -1060.1018
126.15362 -83.72893 -1060.1018
126.534294 -85.23806 -1060.3593
126.85116 -86.76647 -1060.567
127.118614 -88.40344 -1060.7406
127.11858 -88.40343 -1060.7406
127.31551 -89.99718 -1060.8618
127.40005 -91.392494 -1060.9597
127.412895 -92.55817 -1061.0477
127.412865 -92.55816 -1061.0476
127.444115 -93.75914 -1061.1011
127.43105 -95.29966 -1061.1823
127.43108 -95.29962 -1061.1824
127.33367 -97.150375 -1061.3302
127.20809 -99.014885 -1061.5175
127.064995 -100.69532 -1061.7551
127.065025 -100.6953 -1061.7551
126.912834 -102.14042 -1062.041
126.75332 -103.502365 -1062.3881
126.57516 -104.94168 -1062.8236
126.57516 -104.94166 -1062.8237
126.389244 -106.426544 -1063.3335
126.21783 -107.90931 -1063.8702
126.08584 -109.29893 -1064.3611
126.08584 -109.29891 -1064.3611
125.99108 -110.61976 -1064.7893
125.91204 -111.992966 -1065.185
125.91201 -111.99294 -1065.1849
125.83666 -113.433205 -1065.5374
125.75002 -114.792366 -1065.8309
125.64901 -115.948524 -1066.0632
125.64901 -115.94852 -1066.0631
125.54537 -116.97184 -1066.2302
125.43493 -117.9663 -1066.3531
125.31365 -119.03371 -1066.4255
125.31365 -119.03369 -1066.4255
125.219444 -120.13179 -1066.4537
125.18612 -121.18525 -1066.4224
125.19558 -122.09478 -1066.2927
125.19555 -122.09477 -1066.2926
125.257866 -122.8886 -1066.1128
125.36538 -123.7343 -1065.8551
125.52639 -124.645096 -1065.53
125.52642 -124.64508 -1065.5302
125.72176 -125.58913 -1065.1426
125.90691 -126.44428 -1064.7312
125.90691 -126.444275 -1064.7313
126.07476 -127.27945 -1064.2682
126.21093 -128.0847 -1063.7517
126.32696 -128.9007 -1063.1667
126.32693 -128.9007 -1063.1667
126.42632 -129.65358 -1062.6095
126.5191 -130.30176 -1062.15
126.61837 -130.88316 -1061.7748
126.6184 -130.88315 -1061.7749
126.741844 -131.45987 -1061.4526
126.92434 -132.15585 -1061.158
127.16207 -132.92816 -1060.9675
127.1621 -132.92815 -1060.9678
127.436424 -133.69913 -1060.8217
127.71255 -134.38814 -1060.674
128.0138 -135.0527 -1060.5533
128.01376 -135.0527 -1060.5533
128.40375 -135.81665 -1060.4442
128.88483 -136.63318 -1060.366
128.88477 -136.63315 -1060.3658
129.40796 -137.39156 -1060.3535
129.9982 -138.15207 -1060.4208
130.68747 -138.95424 -1060.5724
130.68747 -138.95422 -1060.5724
29.527885 6.372154 -55.55092
36.161003 10.949898 -60.67289
41.95803 13.346779 -67.7383
47.479607 13.824669 -75.553856
53.502495 12.003288 -84.67793
59.325996 8.028496 -94.92192
59.32598 8.028481 -94.92192
65.34594 1.200035 -106.208115
65.34594 1.200035 -106.20811
69.17513 -10.977196 -117.92669
71.41247 -21.708397 -127.7614
72.828545 -26.417274 -136.2142
74.19494 -28.825417 -143.0413
74.19494 -28.825432 -143.0413
75.40533 -29.700768 -149.53479
76.55834 -30.225563 -156.13336
77.4493 -30.479103 -162.97667
78.170586 -30.540703 -169.91904
78.170586 -30.540718 -169.91905
78.6733 -30.34423 -177.40154
78.975334 -29.704903 -186.64523
78.968254 -28.447563 -198.38171
78.697075 -26.675667 -212.2699
78.455315 -24.87899 -226.57469
78.580315 -23.703133 -239.92125
78.580315 -23.703102 -239.9213
79.17022 -23.377693 -252.0498
80.071495 -23.581001 -263.40915
81.018486 -23.709267 -274.64804
81.76522 -23.185097 -286.32172
82.26382 -21.663841 -298.55344
82.625725 -19.06208 -311.11194
83.04229 -15.367348 -323.66544
83.72051 -10.765999 -335.97372
83.72051 -10.765984 -335.9738
84.81579 -5.790321 -347.97595
84.81576 -5.790337 -347.9759
86.39468 -1.116249 -359.71213
88.413536 2.921028 -371.22086
90.79595 6.491447 -382.54053
93.39605 9.901878 -393.83005
96.00796 13.305702 -405.34073
96.00796 13.305687 -405.34067
98.52499 16.88308 -417.28748
100.69805 20.571922 -429.70184
100.69805 20.571907 -429.7018
102.30334 24.055275 -441.92352
103.56472 27.261665 -453.65796
103.56469 27.261635 -453.65796
104.77297 30.18563 -464.72595
106.2116 33.190926 -475.99756
108.09133 36.546577 -488.3516
108.09133 36.546562 -488.35153
110.37902 40.247536 -501.75336
113.115654 43.166313 -516.86084
113.11559 43.166298 -516.8608
115.42806 45.329094 -533.5343
115.7528 50.180794 -549.94305
115.7528 50.18078 -549.94305
116.24764 56.175697 -562.22473
119.726555 60.602943 -573.11597
119.726555 60.602943 -573.1159
124.21523 64.07647 -585.13794
128.27328 65.55465 -594.15
131.93921 65.96673 -602.73254
131.93915 65.96673 -602.7325
133.60376 63.61802 -613.7315
130.54898 58.344505 -628.71716
130.54898 58.344536 -628.7171
124.215935 53.246864 -644.62067
120.243065 49.641823 -659.856
120.243095 49.641838 -659.856
119.13616 47.382774 -674.0027
119.16793 46.53222 -686.8017
120.35241 46.734047 -698.4383
120.35235 46.73403 -698.43823
122.11968 47.385796 -709.7312
123.59591 48.002434 -721.53986
123.59588 48.002434 -721.54
124.45025 48.318108 -733.9476
124.99847 48.288734 -746.86273
125.28442 47.81025 -760.2086
125.32113 47.195595 -773.7654
125.32113 47.19555 -773.7653
125.7506 46.5875 -787.35254
126.54348 45.95614 -800.8908
127.432 45.469994 -814.2524
127.432 45.469994 -814.25256
128.04758 44.873436 -827.35065
128.39426 44.237785 -840.1586
128.85303 43.904274 -852.1577
129.47363 43.812126 -862.81287
129.47363 43.81211 -862.81287
130.29785 43.780617 -872.4618
131.23297 44.00219 -880.8937
132.20413 44.60441 -888.9136
132.20413 44.60444 -888.91364
133.22842 45.68136 -896.87634
134.48834 46.740974 -905.2018
136.10428 47.895683 -914.1668
137.82047 49.20231 -922.78735
137.8205 49.202324 -922.7875
139.4028 50.82238 -931.70044
141.06418 52.80155 -939.9345
142.56342 55.287865 -947.55023
142.56345 55.28788 -947.55023
143.96997 58.07473 -953.5836
145.16785 60.33544 -957.8502
146.27145 62.210182 -961.4464
147.30225 63.898018 -965.0306
147.30228 63.898064 -965.03064
148.15497 65.37994 -969.00464
148.62585 66.38836 -973.0232
148.77258 66.93636 -976.5652
148.74304 67.17214 -979.4922
148.74307 67.17217 -979.4923
148.60681 67.22488 -982.1486
148.38068 67.16085 -984.6859
148.04645 66.95443 -987.5475
148.04645 66.95446 -987.5476
147.62042 66.60165 -990.5705
147.11981 66.08825 -993.61176
146.64017 65.44228 -996.4668
146.17935 64.63329 -999.3199
146.17932 64.63326 -999.3199
145.7341 63.686104 -1002.0483
145.31586 62.677727 -1004.5551
144.93768 61.72239 -1006.74255
144.93765 61.722374 -1006.7425
144.55359 60.825996 -1008.8105
144.10324 59.898674 -1011.0872
143.65237 59.040733 -1013.33124
143.22397 58.282295 -1015.4669
143.22394 58.28225 -1015.46686
142.84845 57.666237 -1017.35236
142.48749 57.05207 -1019.22327
142.10403 56.258446 -1021.3915
142.10406 56.25846 -1021.3915
141.77734 55.32319 -1023.60205
141.54755 54.291344 -1025.6678
141.42807 53.291313 -1027.3552
141.4115 52.254616 -1028.7815
141.41147 52.254616 -1028.7815
141.46912 51.049934 -1030.2129
141.61594 49.572807 -1031.6996
141.87491 47.67579 -1033.2908
141.87494 47.67579 -1033.2908
142.17819 45.62829 -1034.7667
142.44418 43.644768 -1036.0306
142.6365 41.89019 -1037.0707
142.76154 40.456825 -1037.8481
142.86908 39.03913 -1038.5364
143.01471 37.17608 -1039.3129
143.18909 34.79853 -1040.0872
143.18909 34.79856 -1040.0872
143.39117 32.215385 -1040.7328
143.65182 29.763435 -1041.206
143.98938 27.464424 -1041.4889
143.98935 27.46447 -1041.4888
144.39185 25.068077 -1041.7207
144.75613 22.79026 -1041.8813
144.75616 22.79029 -1041.8813
145.07812 20.738747 -1041.847
145.41113 18.82154 -1041.6042
145.80176 16.726128 -1041.245
145.80176 16.726158 -1041.2449
146.27399 14.207191 -1040.8402
146.74075 11.589729 -1040.4994
147.10455 9.269478 -1040.1678
147.10452 9.269508 -1040.168
147.33377 7.342339 -1039.9287
147.48236 5.483391 -1039.76
147.57642 3.48246 -1039.5934
147.57642 3.482491 -1039.5935
147.62405 1.349403 -1039.3627
147.65076 -0.668678 -1039.0521
147.65076 -0.668663 -1039.052
147.62357 -2.51696 -1038.7916
147.53998 -4.350624 -1038.5846
147.42773 -6.264397 -1038.3899
147.42776 -6.264397 -1038.3899
147.27219 -8.416008 -1038.1785
147.06366 -10.615852 -1037.9686
146.81888 -12.659859 -1037.7866
146.57928 -14.35305 -1037.6521
146.31058 -16.034386 -1037.5365
145.92328 -18.06562 -1037.4033
145.92334 -18.065575 -1037.4034
145.39145 -20.464363 -1037.3264
144.86847 -22.79647 -1037.4788
144.34741 -24.896965 -1037.7615
144.34741 -24.89692 -1037.7614
143.7904 -26.734047 -1038.0663
143.21979 -28.52163 -1038.5265
143.21982 -28.521584 -1038.5266
142.67099 -30.138695 -1039.0585
142.1055 -31.656075 -1039.6301
141.50128 -33.10656 -1040.2158
141.50131 -33.106544 -1040.216
140.77689 -34.64585 -1040.8602
139.89557 -36.29296 -1041.5586
138.78079 -38.170097 -1042.3489
138.78079 -38.170067 -1042.3489
137.41644 -40.317604 -1043.2552
135.90192 -42.625145 -1044.2424
134.41763 -44.90731 -1045.237
134.41763 -44.90728 -1045.237
133.19232 -46.866142 -1046.1096
131.996 -48.876335 -1047.0264
130.74466 -51.08503 -1048.0472
130.74469 -51.085 -1048.0472
129.531 -53.368355 -1049.1042
128.48724 -55.462242 -1050.0664
128.48724 -55.462227 -1050.0664
127.63775 -57.26673 -1050.8853
126.84115 -59.080254 -1051.6915
126.09582 -60.93113 -1052.4946
126.09579 -60.931114 -1052.4945
125.464806 -62.682945 -1053.233
124.9511 -64.319855 -1053.9019
124.543205 -65.858475 -1054.5104
124.54327 -65.858444 -1054.5105
124.19875 -67.50535 -1055.1427
123.93902 -69.20712 -1055.7758
123.78509 -71.052055 -1056.4462
123.78506 -71.05203 -1056.4462
123.76693 -72.99213 -1057.1367
123.96316 -74.83604 -1057.7482
123.96316 -74.836006 -1057.7483
124.19863 -76.363556 -1058.239
124.43423 -77.62563 -1058.6332
124.7441 -78.93794 -1059.0183
124.7441 -78.93792 -1059.0183
125.17263 -80.52186 -1059.4458
125.638054 -82.14752 -1059.8386
126.084984 -83.73808 -1060.165
126.084984 -83.73807 -1060.165
126.467094 -85.24604 -1060.4226
126.78445 -86.77298 -1060.6294
127.0516 -88.40842 -1060.8003
127.05157 -88.408394 -1060.8003
127.2467 -90.00052 -1060.916
127.333244 -91.39365 -1061.0135
127.35137 -92.557495 -1061.1052
127.35134 -92.55749 -1061.1052
127.382256 -93.75754 -1061.1542
127.372246 -95.29699 -1061.2301
127.372246 -95.29696 -1061.2302
127.28643 -97.14638 -1061.3772
127.16927 -99.00921 -1061.5636
127.030876 -100.68742 -1061.8019
127.030876 -100.6874 -1061.8019
126.88357 -102.13003 -1062.0891
126.727776 -103.48942 -1062.4369
126.55239 -104.92635 -1062.8732
126.55242 -104.92634 -1062.8732
126.36883 -106.40933 -1063.3837
126.19964 -107.89127 -1063.9219
126.07009 -109.281456 -1064.4146
126.07006 -109.28144 -1064.4146
125.97732 -110.60354 -1064.8445
125.89892 -111.978004 -1065.2413
125.89895 -111.97798 -1065.2415
125.82247 -113.41979 -1065.5945
125.73797 -114.78094 -1065.8892
125.64324 -115.938835 -1066.1255
125.64321 -115.93883 -1066.1255
125.54302 -116.96345 -1066.3009
125.434654 -117.95971 -1066.4375
125.31777 -119.03042 -1066.5242
125.31777 -119.03041 -1066.5242
125.231255 -120.13319 -1066.5457
125.202446 -121.19084 -1066.4946
125.21493 -122.10404 -1066.3656
125.21496 -122.10403 -1066.3656
125.275505 -122.90132 -1066.1888
125.37835 -123.750916 -1065.9319
125.53796 -124.66598 -1065.6061
125.53796 -124.66596 -1065.6062
125.73568 -125.61408 -1065.2167
125.92559 -126.47265 -1064.8026
125.92556 -126.47263 -1064.8026
126.09969 -127.310524 -1064.3354
126.24178 -128.11797 -1063.8142
126.36086 -128.93494 -1063.2256
126.3608 -128.93494 -1063.2255
126.46014 -129.68703 -1062.6667
126.549706 -130.3327 -1062.2086
126.642815 -130.91058 -1061.8363
126.642845 -130.91057 -1061.8363
126.75753 -131.48363 -1061.5164
126.93282 -132.17517 -1061.2223
127.17272 -132.94077 -1061.0308
127.17275 -132.94073 -1061.0308
127.44796 -133.70663 -1060.8829
127.71804 -134.39503 -1060.734
128.01468 -135.0599 -1060.612
128.01465 -135.05989 -1060.612
128.4003 -135.8242 -1060.5011
128.87567 -136.64139 -1060.4209
129.39255 -137.4007 -1060.4062
129.97858 -138.1619 -1060.4713
130.6651 -138.96468 -1060.6211
130.6651 -138.96466 -1060.6211
36.572594 10.437172 -60.58724
42.37258 12.805 -67.61419
47.85064 13.264076 -75.34089
53.807045 11.444862 -84.36114
59.597557 7.462746 -94.51715
59.59754 7.46273 -94.51715
65.615685 0.631157 -105.71196
65.615654 0.631157 -105.71195
69.36733 -11.464897 -117.37727
71.54568 -22.139397 -127.288
72.987175 -26.889046 -135.9368
74.35317 -29.29264 -142.84393
74.35317 -29.292656 -142.84393
75.58108 -30.168617 -149.43634
76.737755 -30.68763 -156.06381
77.62951 -30.930931 -162.93529
78.34933 -30.981743 -169.89615
78.34933 -30.981758 -169.89613
78.84939 -30.774467 -177.39964
79.14767 -30.123238 -186.66655
79.13552 -28.854057 -198.42395
78.8601 -27.073326 -212.32306
78.61611 -25.272102 -226.62349
78.74004 -24.0933 -239.94795
78.740074 -24.09327 -239.948
79.32702 -23.762062 -252.04529
80.223625 -23.956749 -263.38312
81.167564 -24.07743 -274.6239
81.91427 -23.549355 -286.3219
82.41442 -22.027367 -298.5885
82.779015 -19.425743 -311.18277
83.200066 -15.728477 -323.77075
83.88421 -11.119545 -336.1049
83.88424 -11.119499 -336.10495
84.98443 -6.133629 -348.11298
84.98443 -6.133644 -348.11295
86.56417 -1.451576 -359.83347
88.58022 2.58976 -371.31757
88.58022 2.589745 -371.31754
90.960106 6.161263 -382.6184
93.559685 9.570564 -393.8998
96.17153 12.972008 -405.40942
96.17153 12.971992 -405.4094
98.68856 16.547508 -417.36053
100.85848 20.237099 -429.78058
100.85851 20.237083 -429.78055
102.458305 23.722527 -442.00577
103.71734 26.927376 -453.73962
103.71734 26.927376 -453.73956
104.92748 29.84536 -464.80423
106.371605 32.841118 -476.0748
108.25881 36.185173 -488.42816
108.25881 36.185143 -488.42807
110.55282 39.876244 -501.83035
113.28469 42.788475 -516.9053
113.28466 42.78846 -516.90515
115.579185 44.97187 -533.5554
115.87536 49.882256 -550.035
115.87536 49.882225 -550.0349
116.37356 55.89756 -562.3642
119.89211 60.276268 -573.2297
119.89211 60.276237 -573.22955
124.39117 63.69654 -585.20654
128.45255 65.12859 -594.1501
132.12564 65.48531 -602.6644
132.12561 65.48531 -602.6644
133.8045 63.106773 -613.5571
130.77527 57.87548 -628.51605
130.7753 57.875496 -628.516
124.427086 52.85264 -644.50525
120.399315 49.3133 -659.78284
120.399345 49.313316 -659.78284
119.262474 47.08532 -673.9482
119.28481 46.247673 -686.7778
120.470055 46.449974 -698.4384
120.470024 46.44996 -698.4383
122.238976 47.10331 -709.74304
123.71334 47.722496 -721.5518
123.71334 47.72248 -721.5519
124.56194 48.0478 -733.9541
125.10369 48.03167 -746.85974
125.38412 47.565605 -760.19574
125.41631 46.9625 -773.7503
125.41628 46.962486 -773.7503
125.842125 46.36248 -787.3371
126.63253 45.736305 -800.8744
127.51873 45.255898 -814.2378
127.51876 45.255898 -814.23785
128.13245 44.6641 -827.33496
128.4766 44.035133 -840.1428
128.93427 43.70481 -852.14825
129.55219 43.619865 -862.80853
129.55215 43.619865 -862.80853
130.37558 43.59092 -872.4592
131.31204 43.811226 -880.89667
132.28311 44.41639 -888.9243
132.28311 44.416405 -888.92444
133.3071 45.49769 -896.8974
134.56656 46.55912 -905.2201
136.18378 47.71331 -914.18536
137.9032 49.017372 -922.8136
137.90323 49.017403 -922.8137
139.48874 50.63224 -931.73663
141.15485 52.609215 -939.9822
142.65555 55.101753 -947.61597
142.65558 55.10177 -947.6161
144.06433 57.90583 -953.6679
145.26321 60.176918 -957.93713
146.36594 62.054543 -961.52716
147.3931 63.74198 -965.10333
147.3931 63.742012 -965.10333
148.23889 65.22048 -969.065
148.70175 66.22393 -973.06573
148.84369 66.7694 -976.5909
148.81223 67.0046 -979.50415
148.81223 67.00463 -979.5042
148.67517 67.057976 -982.1491
148.44873 66.995415 -984.6764
148.11438 66.79153 -987.52826
148.11444 66.79156 -987.5284
147.68854 66.44247 -990.5409
147.18823 65.933586 -993.57214
146.70886 65.29214 -996.41925
146.24808 64.4876 -999.26666
146.24805 64.48757 -999.2666
145.80249 63.54519 -1001.99054
145.38339 62.54133 -1004.4952
145.00378 61.590034 -1006.6823
145.00378 61.59002 -1006.6824
144.61804 60.697655 -1008.75073
144.16592 59.77456 -1011.02844
143.71341 58.920296 -1013.2735
143.28357 58.164665 -1015.41
143.28351 58.16462 -1015.41
142.90701 57.550484 -1017.29614
142.54507 56.937996 -1019.16656
142.16037 56.146767 -1021.33215
142.16037 56.14675 -1021.3322
141.83148 55.21488 -1023.5367
141.59827 54.187477 -1025.5939
141.47379 53.192635 -1027.2716
141.4501 52.161858 -1028.6879
141.4501 52.161827 -1028.6879
141.49966 50.962822 -1030.1106
141.63641 49.491783 -1031.5895
141.88431 47.601204 -1033.1733
141.88431 47.60119 -1033.1733
142.17783 45.55973 -1034.6432
142.43741 43.582054 -1035.902
142.6278 41.832695 -1036.9377
142.75217 40.403862 -1037.712
142.85806 38.989937 -1038.3978
143.00012 37.13082 -1039.1722
143.16321 34.75968 -1039.9454
143.16327 34.759743 -1039.9456
143.35089 32.184013 -1040.5839
143.59473 29.737465 -1041.0383
143.90805 27.443428 -1041.295
143.90805 27.443459 -1041.2949
144.3339 25.063072 -1041.5004
144.75876 22.805931 -1041.6653
144.75876 22.805977 -1041.6654
145.0925 20.759865 -1041.6521
145.40884 18.84095 -1041.4119
145.77908 16.743141 -1041.0564
145.77908 16.743187 -1041.0564
146.24127 14.222343 -1040.6669
146.71786 11.603951 -1040.3501
147.08966 9.282692 -1040.0338
147.08969 9.282738 -1040.0338
147.33249 7.355186 -1039.7972
147.5018 5.49633 -1039.6207
147.61508 3.49453 -1039.4487
147.61508 3.494576 -1039.449
147.66757 1.360069 -1039.218
147.67801 -0.658302 -1038.9044
147.67798 -0.658272 -1038.9043
147.63586 -2.506721 -1038.6432
147.54062 -4.34066 -1038.4368
147.41644 -6.254662 -1038.2435
147.41647 -6.254631 -1038.2437
147.24673 -8.405937 -1038.0353
147.02344 -10.60482 -1037.83
146.76587 -12.647118 -1037.6531
146.76587 -12.647087 -1037.653
146.51819 -14.338326 -1037.522
146.24411 -16.017754 -1037.4086
145.84735 -18.04699 -1037.281
145.84738 -18.046944 -1037.2811
145.30356 -20.445107 -1037.2112
144.78186 -22.782265 -1037.3605
144.2601 -24.888908 -1037.6437
144.2601 -24.888893 -1037.6437
143.6882 -26.726143 -1037.9642
143.11041 -28.512535 -1038.4347
143.11044 -28.51249 -1038.4348
142.5611 -30.128578 -1038.9698
141.99841 -31.645088 -1039.5404
141.39871 -33.094917 -1040.1232
141.39871 -33.094887 -1040.1232
140.68005 -34.633644 -1040.7635
139.80573 -36.280174 -1041.4578
138.69662 -38.15693 -1042.2462
138.69666 -38.156914 -1042.2462
137.33649 -40.30433 -1043.153
135.82431 -42.61196 -1044.1422
134.33997 -44.894463 -1045.1411
134.34 -44.894432 -1045.1411
133.11304 -46.85372 -1046.0183
131.91544 -48.864326 -1046.9392
130.66309 -51.073418 -1047.9644
130.66312 -51.07337 -1047.9642
129.44803 -53.357216 -1049.0258
128.40326 -55.45156 -1049.9918
128.40323 -55.451546 -1049.9917
127.553276 -57.256477 -1050.8135
126.7557 -59.070457 -1051.6232
126.00881 -60.921867 -1052.4308
126.00881 -60.921837 -1052.4308
125.37566 -62.674248 -1053.175
124.85934 -64.31178 -1053.8511
124.4486 -65.851006 -1054.4689
124.44863 -65.85097 -1054.469
124.10131 -67.49846 -1055.1136
123.83962 -69.20083 -1055.7635
123.68639 -71.046265 -1056.4548
123.68639 -71.04624 -1056.4547
123.67245 -72.9873 -1057.1653
123.87115 -74.837105 -1057.7834
123.87118 -74.83708 -1057.7836
124.11205 -76.3678 -1058.2845
124.353905 -77.62998 -1058.6891
124.66979 -78.94236 -1059.0813
124.66979 -78.94234 -1059.0813
125.10497 -80.526306 -1059.515
125.57644 -82.15182 -1059.912
126.027214 -83.74205 -1060.2402
126.02718 -83.74203 -1060.2402
126.411 -85.2495 -1060.4978
126.72884 -86.77577 -1060.7034
126.995415 -88.41055 -1060.8717
126.995384 -88.41054 -1060.8717
127.18792 -90.001976 -1060.9824
127.27642 -91.3936 -1061.0791
127.30047 -92.55605 -1061.1736
127.30047 -92.556046 -1061.1735
127.33044 -93.75543 -1061.2181
127.32369 -95.29416 -1061.2863
127.32372 -95.29413 -1061.2863
127.249596 -97.142494 -1061.4298
127.14007 -99.00374 -1061.6152
127.00619 -100.67982 -1061.8531
127.00619 -100.6798 -1061.8531
126.86385 -102.12002 -1062.141
126.71194 -103.476944 -1062.4889
126.53942 -104.91159 -1062.925
126.53945 -104.91157 -1062.925
126.3583 -106.392715 -1063.4359
126.19146 -107.87387 -1063.975
126.06451 -109.26461 -1064.469
126.064476 -109.26459 -1064.469
125.97384 -110.58789 -1064.9
125.89629 -111.96358 -1065.298
125.896324 -111.963554 -1065.298
125.81884 -113.40685 -1065.6521
125.73574 -114.769775 -1065.9491
125.64684 -115.92931 -1066.1918
125.64684 -115.929306 -1066.1917
125.55169 -116.95547 -1066.3779
125.450554 -117.954285 -1066.5287
125.3489 -119.02965 -1066.6217
125.3489 -119.02964 -1066.6217
125.268394 -120.13676 -1066.6284
125.22976 -121.196556 -1066.5618
125.24618 -122.11255 -1066.4362
125.24618 -122.11254 -1066.4362
125.305626 -122.91232 -1066.2616
125.404045 -123.76522 -1066.0062
125.56219 -124.68397 -1065.68
125.56219 -124.68395 -1065.6802
125.7622 -125.635605 -1065.2888
125.956535 -126.49711 -1064.8713
125.956535 -126.49709 -1064.8713
126.13656 -127.33734 -1064.3992
126.28405 -128.14667 -1063.8721
126.40566 -128.96446 -1063.2792
126.40563 -128.96446 -1063.279
126.5046 -129.7159 -1062.719
126.590935 -130.3594 -1062.2627
126.67806 -130.93423 -1061.8939
126.67806 -130.93422 -1061.894
126.78414 -131.50409 -1061.5778
126.95205 -132.19145 -1061.2853
127.193504 -132.94989 -1061.0918
127.193535 -132.94989 -1061.0918
127.46911 -133.71039 -1060.9417
127.732994 -134.398 -1060.7928
128.02472 -135.06306 -1060.6704
128.02469 -135.06305 -1060.6703
128.40564 -135.82755 -1060.5586
128.87485 -136.645 -1060.4774
128.87485 -136.64499 -1060.4774
129.38477 -137.40463 -1060.4618
129.96585 -138.16617 -1060.525
130.64929 -138.9691 -1060.6737
130.64929 -138.96909 -1060.6737
29.5279 6.372154 -55.550922
29.52787 6.372124 -55.55091
36.891212 9.909065 -60.55917
42.372566 12.805 -67.61419
42.69442 12.24778 -67.54919
47.85064 13.264091 -75.34089
48.127983 12.687492 -75.189445
53.807045 11.444878 -84.36114
54.01728 10.870506 -84.10639
59.597557 7.462761 -94.51715
59.768883 6.880836 -94.17508
59.59754 7.462746 -94.51715
59.768867 6.880821 -94.17508
65.615685 0.631172 -105.71196
65.77093 0.047066 -105.26909
65.7709 0.047066 -105.26908
69.36733 -11.464882 -117.37727
69.44433 -11.960457 -116.854935
71.57827 -22.575493 -126.8357
72.987175 -26.88903 -135.9368
73.05703 -27.36634 -135.67697
74.3532 -29.29264 -142.84393
74.43041 -29.765373 -142.6646
74.3532 -29.292656 -142.84393
75.58111 -30.168602 -149.43634
75.67843 -30.64199 -149.35338
76.84057 -31.155144 -156.00829
77.62951 -30.930931 -162.9353
77.73446 -31.3881 -162.90445
78.4544 -31.42797 -169.88171
78.34933 -30.981758 -169.89615
78.84939 -30.774452 -177.39964
78.9533 -31.209724 -177.40352
79.14767 -30.123238 -186.66653
79.249626 -30.546455 -186.69121
79.23409 -29.265327 -198.46722
78.8601 -27.073326 -212.32307
78.95574 -27.475685 -212.37575
78.61614 -25.272102 -226.6235
78.7105 -25.669868 -226.67159
78.83407 -24.488045 -239.97522
78.83407 -24.48803 -239.97527
79.32702 -23.762062 -252.0453
79.419304 -24.150948 -252.04358
80.223656 -23.956734 -263.38312
80.31277 -24.336952 -263.3616
81.167564 -24.077446 -274.62393
81.25497 -24.449974 -274.6045
81.9143 -23.549355 -286.32193
82.00216 -23.917885 -286.32574
82.41448 -22.027351 -298.5885
82.50359 -22.39518 -298.626
82.779045 -19.425728 -311.1828
82.86999 -19.793709 -311.25577
83.200096 -15.728477 -323.77078
83.29449 -16.09391 -323.8793
83.98431 -11.477333 -336.24155
83.98434 -11.477318 -336.2416
85.09063 -6.48101 -348.25876
85.0906 -6.481041 -348.2587
86.56417 -1.451561 -359.83347
86.673485 -1.790871 -359.96652
88.68893 2.25457 -371.42816
88.58022 2.58976 -371.31754
88.68896 2.254555 -371.4281
90.96014 6.161278 -382.6184
91.06765 5.827171 -382.71176
93.559715 9.57058 -393.89984
93.667076 9.235359 -393.98593
96.17153 12.972023 -405.40945
96.278496 12.634392 -405.49432
96.17153 12.971992 -405.40942
96.278496 12.634377 -405.4943
98.79488 16.207954 -417.44897
100.85848 20.237099 -429.7806
100.96139 19.898277 -429.87247
100.85851 20.237099 -429.78058
100.96139 19.898277 -429.87244
102.458305 23.722542 -442.0058
102.55572 23.385857 -442.09827
103.71737 26.927376 -453.73962
103.81219 26.589134 -453.83005
103.71737 26.927376 -453.73956
103.81219 26.589134 -453.83
104.92751 29.84536 -464.8042
105.02328 29.50106 -464.89142
106.371605 32.841133 -476.07483
106.47146 32.487144 -476.16226
108.25881 36.185173 -488.4282
108.36443 35.819466 -488.51706
108.25881 36.185158 -488.42813
108.36443 35.819466 -488.517
110.55285 39.87626 -501.83035
110.66326 39.500587 -501.92126
113.28472 42.788475 -516.9053
113.39022 42.40615 -516.9639
113.28469 42.788475 -516.9052
115.579216 44.97187 -533.5554
115.67071 44.61042 -533.5871
115.87539 49.88224 -550.035
115.945335 49.580788 -550.12823
115.87539 49.88221 -550.0349
115.945335 49.580757 -550.1282
116.37356 55.89756 -562.36426
116.448784 55.616783 -562.50696
119.89214 60.276268 -573.2297
120.00054 59.945473 -573.35706
124.3912 63.69654 -585.20654
124.50271 63.312004 -585.2902
128.45255 65.128624 -594.15015
128.5618 64.69796 -594.1676
132.12564 65.485344 -602.6645
132.2338 64.99908 -602.6173
132.23376 64.99908 -602.61725
133.91785 62.59002 -613.3956
130.7753 57.87548 -628.51605
130.9169 57.4009 -628.3043
130.9169 57.400917 -628.30426
124.42715 52.852654 -644.50525
124.56997 52.45379 -644.36743
120.399345 49.3133 -659.7829
120.49944 48.980873 -659.6974
120.399345 49.313316 -659.7829
120.49944 48.980904 -659.69745
119.262474 47.08532 -673.94824
119.338036 46.784355 -673.89105
119.28481 46.247658 -686.77783
119.35378 45.95974 -686.7551
120.470055 46.449974 -698.4385
120.540184 46.16256 -698.4439
120.470024 46.44996 -698.43835
120.54015 46.162544 -698.4438
122.238976 47.103325 -709.74304
122.31112 46.817497 -709.76294
123.78396 47.439186 -721.5704
123.71334 47.722496 -721.5519
123.78396 47.43917 -721.57043
124.56194 48.047813 -733.95416
124.62823 47.774284 -733.9646
125.10369 48.031685 -746.85974
125.1657 47.771538 -746.8594
125.38412 47.56562 -760.19574
125.44271 47.31806 -760.1845
125.41631 46.962517 -773.75037
125.47225 46.726616 -773.73596
125.41628 46.9625 -773.75037
125.47222 46.7266 -773.736
125.895775 46.134712 -787.32355
126.63253 45.73632 -800.8744
126.684685 45.513847 -800.8609
127.51873 45.255913 -814.23785
127.5696 45.0393 -814.2263
127.51876 45.255913 -814.238
127.56963 45.0393 -814.22644
128.13248 44.6641 -827.3351
128.18222 44.45234 -827.32153
128.47662 44.035133 -840.1428
128.52487 43.830116 -840.1285
128.9343 43.70481 -852.1483
128.98206 43.50303 -852.1406
129.55219 43.61985 -862.80865
129.59845 43.4253 -862.80664
129.55215 43.61985 -862.80865
129.59848 43.42527 -862.8067
130.37558 43.59092 -872.45935
130.42157 43.39892 -872.46
131.31204 43.811226 -880.8967
131.3591 43.61799 -880.9035
132.28311 44.416405 -888.9243
132.33047 44.226128 -888.93915
132.28311 44.41642 -888.92444
132.33047 44.22616 -888.93915
133.3071 45.49769 -896.89746
133.35474 45.31182 -896.9225
134.61414 46.375175 -905.24304
136.18378 47.71331 -914.1854
136.23267 47.5288 -914.20966
137.9548 48.830208 -922.84595
137.90323 49.017403 -922.8138
137.95483 48.83024 -922.8461
139.48874 50.63224 -931.7367
139.54224 50.439827 -931.7785
141.15485 52.60923 -939.98224
141.21219 52.414604 -940.03625
142.65555 55.10177 -947.616
142.71442 54.91346 -947.6878
142.65558 55.101784 -947.6161
142.71442 54.913475 -947.6879
144.12677 57.734962 -953.75916
145.26321 60.176918 -957.9372
145.32797 60.016487 -958.0321
146.36594 62.054543 -961.5273
146.4307 61.897026 -961.61646
147.3931 63.74198 -965.1034
147.45486 63.584038 -965.1842
147.3931 63.742012 -965.1034
147.4549 63.58407 -965.1843
148.23889 65.22048 -969.06506
148.29404 65.059105 -969.1321
148.70175 66.22396 -973.0658
148.749 66.05761 -973.11224
148.84372 66.7694 -976.59094
148.88644 66.60046 -976.6188
148.85309 66.835075 -979.51697
148.81226 67.00463 -979.50433
148.85312 66.835106 -979.5171
148.67517 67.057976 -982.1492
148.71542 66.88903 -982.14966
148.44873 66.995445 -984.6764
148.48889 66.828026 -984.66614
148.11441 66.79153 -987.5283
148.15475 66.62673 -987.5075
148.11444 66.79156 -987.52844
148.15479 66.62673 -987.5076
147.68854 66.44247 -990.54095
147.7294 66.281334 -990.5093
147.18826 65.933586 -993.57214
147.22983 65.77709 -993.52997
146.7089 65.29217 -996.41925
146.75116 65.14022 -996.36865
146.24811 64.4876 -999.26666
146.29074 64.3402 -999.21
146.24805 64.4876 -999.2666
146.29071 64.34017 -999.20996
145.84534 63.40258 -1001.92926
145.38339 62.541344 -1004.4952
145.4259 62.403297 -1004.4317
145.00378 61.59005 -1006.68243
145.0455 61.456093 -1006.61865
145.00378 61.59002 -1006.68243
145.0455 61.456062 -1006.6186
144.61807 60.69767 -1008.75085
144.65884 60.567772 -1008.68744
144.16592 59.77456 -1011.0285
144.20557 59.64892 -1010.9662
143.75192 58.798393 -1013.2123
143.32117 58.045616 -1015.34985
143.32114 58.045586 -1015.34973
142.90701 57.550484 -1017.2962
142.94391 57.433342 -1017.23676
142.54507 56.93801 -1019.1666
142.58124 56.822624 -1019.1068
142.16037 56.146767 -1021.3322
142.19547 56.033684 -1021.27026
142.16037 56.14675 -1021.3323
141.83148 55.214897 -1023.53674
141.8646 55.105247 -1023.4695
141.59827 54.187492 -1025.594
141.62799 54.08233 -1025.5192
141.4986 53.09275 -1027.1884
141.46793 52.06797 -1028.5962
141.4501 52.161842 -1028.6879
141.46796 52.067955 -1028.5962
141.4997 50.962822 -1030.1106
141.50967 50.874687 -1030.012
141.63641 49.4918 -1031.5895
141.63675 49.409798 -1031.4845
141.88431 47.60122 -1033.1733
141.87405 47.525703 -1033.0627
141.87405 47.52569 -1033.0627
142.17783 45.559746 -1034.6432
142.15811 45.49035 -1034.5283
142.43744 43.582054 -1035.902
142.41129 43.518623 -1035.7827
142.59964 41.77453 -1036.8146
142.75217 40.403877 -1037.712
142.72314 40.350273 -1037.5854
142.85806 38.989967 -1038.3978
142.8273 38.940193 -1038.2688
143.00015 37.130836 -1039.1722
142.96591 37.085045 -1039.0416
143.16324 34.75968 -1039.9454
143.11841 34.72036 -1039.8156
143.11844 34.720406 -1039.8156
143.35089 32.18403 -1040.5839
143.29276 32.15203 -1040.4508
143.521 29.710213 -1040.8948
143.90808 27.443443 -1041.295
143.81079 27.419563 -1041.1344
143.90805 27.443474 -1041.2949
143.81079 27.419579 -1041.1344
144.33392 25.063072 -1041.5005
144.23605 25.048866 -1041.3074
144.75876 22.805946 -1041.6654
144.70898 22.81118 -1041.4464
144.75876 22.805977 -1041.6655
144.70898 22.811195 -1041.4464
145.09253 20.75988 -1041.6522
145.07745 20.777916 -1041.4335
145.40887 18.84095 -1041.4119
145.37717 18.858055 -1041.1974
145.77908 16.743156 -1041.0564
145.72522 16.758156 -1040.85
145.77911 16.743202 -1041.0564
145.72522 16.758186 -1040.85
146.24127 14.222359 -1040.6669
146.17831 14.236046 -1040.481
146.71786 11.603951 -1040.3502
146.67007 11.61747 -1040.1937
147.05365 9.295631 -1039.8969
147.05365 9.295662 -1039.897
147.33249 7.355217 -1039.7972
147.30972 7.367744 -1039.6686
147.5018 5.496346 -1039.6207
147.49817 5.509056 -1039.4872
147.61508 3.49453 -1039.4489
147.63025 3.50721 -1039.3049
147.63028 3.507256 -1039.305
147.6676 1.360069 -1039.218
147.68698 1.372124 -1039.0692
147.68094 -0.646461 -1038.7552
147.67801 -0.658272 -1038.9044
147.68094 -0.646431 -1038.7552
147.6359 -2.506706 -1038.6432
147.62415 -2.495079 -1038.4958
147.51752 -4.329323 -1038.2922
147.41647 -6.254646 -1038.2435
147.38196 -6.243507 -1038.1029
147.41647 -6.254616 -1038.2437
147.38199 -6.243477 -1038.1029
147.2468 -8.405937 -1038.0353
147.19897 -8.394508 -1037.9001
147.02344 -10.604805 -1037.8301
146.96185 -10.592247 -1037.702
146.7659 -12.647118 -1037.6531
146.69275 -12.632576 -1037.5321
146.69272 -12.632545 -1037.5321
146.51819 -14.33831 -1037.522
146.43787 -14.321526 -1037.406
146.24411 -16.017754 -1037.4087
146.15887 -15.998833 -1037.2961
145.84735 -18.046974 -1037.281
145.7537 -18.025734 -1037.1755
145.84735 -18.046944 -1037.281
145.75372 -18.025703 -1037.1757
145.30356 -20.445091 -1037.2112
145.19925 -20.422554 -1037.1149
144.78189 -22.782265 -1037.3605
144.67773 -22.763145 -1037.2605
144.15533 -24.874382 -1037.544
144.26013 -24.888893 -1037.6437
144.1553 -24.874367 -1037.5441
143.5716 -26.710533 -1037.8823
143.11041 -28.512535 -1038.4348
142.98883 -28.494637 -1038.364
143.11041 -28.512505 -1038.4349
142.98886 -28.49459 -1038.364
142.43991 -30.108635 -1038.902
141.88025 -31.623405 -1039.4707
141.39868 -33.094917 -1040.1232
141.28467 -33.071922 -1040.0497
141.39868 -33.094887 -1040.1232
141.28473 -33.07189 -1040.0497
140.68005 -34.63366 -1040.7635
140.57156 -34.60946 -1040.685
139.8057 -36.280174 -1041.4578
139.70392 -36.254875 -1041.3737
138.6966 -38.15693 -1042.2463
138.60037 -38.13096 -1042.1593
138.69662 -38.1569 -1042.2463
138.6004 -38.130943 -1042.1592
137.33652 -40.30433 -1043.153
137.24469 -40.27813 -1043.0656
135.73532 -42.585945 -1044.0566
134.34 -44.894463 -1045.1411
134.25146 -44.869087 -1045.0593
134.25146 -44.869057 -1045.0593
133.02344 -46.829124 -1045.9415
131.8251 -48.84057 -1046.8668
130.57217 -51.05047 -1047.8962
130.5722 -51.050423 -1047.8962
129.44803 -53.3572 -1049.0258
129.35614 -53.335228 -1048.9624
128.31076 -55.430504 -1049.9324
128.40323 -55.45153 -1049.9917
128.31076 -55.43049 -1049.9323
127.553276 -57.256462 -1050.8135
127.4605 -57.236214 -1050.757
126.66247 -59.05108 -1051.5702
126.00884 -60.921852 -1052.4308
125.91451 -60.90348 -1052.3827
125.91451 -60.903465 -1052.3827
125.375694 -62.674248 -1053.175
125.2799 -62.65705 -1053.1333
124.85937 -64.31178 -1053.8511
124.761925 -64.295784 -1053.8171
124.4486 -65.851 -1054.4689
124.34957 -65.83623 -1054.4447
124.44863 -65.85096 -1054.469
124.34963 -65.83619 -1054.4448
124.001305 -67.48488 -1055.102
123.83962 -69.20082 -1055.7637
123.74029 -69.18842 -1055.7694
123.59103 -71.03481 -1056.4808
123.68639 -71.04624 -1056.4548
123.59103 -71.03479 -1056.4807
123.67248 -72.98729 -1057.1653
123.58431 -72.97706 -1057.2103
123.87118 -74.8371 -1057.7836
123.786125 -74.83271 -1057.8346
123.87121 -74.83708 -1057.7836
123.786156 -74.83268 -1057.8346
124.11208 -76.3678 -1058.2845
124.03368 -76.366455 -1058.3446
124.28344 -77.628624 -1058.7585
124.66982 -78.94236 -1059.0813
124.606255 -78.940956 -1059.1565
124.66982 -78.94233 -1059.0813
124.606255 -78.940926 -1059.1566
125.10497 -80.5263 -1059.515
125.04894 -80.5249 -1059.595
125.52712 -82.150475 -1059.9954
126.027214 -83.74204 -1060.2402
125.98205 -83.740776 -1060.3247
125.98199 -83.74076 -1060.3247
126.411 -85.24949 -1060.4979
126.36767 -85.24836 -1060.582
126.68597 -86.77487 -1060.7864
126.995415 -88.41055 -1060.8718
126.951744 -88.40992 -1060.9524
126.95171 -88.409904 -1060.9524
127.141014 -90.00148 -1061.0587
127.27645 -91.3936 -1061.0791
127.23153 -91.39237 -1061.1543
127.30047 -92.556046 -1061.1736
127.26177 -92.553894 -1061.2501
127.30047 -92.55604 -1061.1735
127.26177 -92.55389 -1061.25
127.29012 -93.75294 -1061.2899
127.28643 -95.291275 -1061.3481
127.28646 -95.291245 -1061.3483
127.22265 -97.13871 -1061.4875
127.14007 -99.00373 -1061.6152
127.11898 -98.99836 -1061.6722
127.00622 -100.67982 -1061.8533
126.98962 -100.672325 -1061.9092
127.00622 -100.679794 -1061.8533
126.98962 -100.67231 -1061.9092
126.85235 -102.11016 -1062.1964
126.70437 -103.46467 -1062.5438
126.53942 -104.911575 -1062.925
126.534874 -104.89706 -1062.9795
126.53945 -104.91156 -1062.925
126.534874 -104.89703 -1062.9796
126.35827 -106.392715 -1063.4359
126.356346 -106.37637 -1063.4904
126.1921 -107.856735 -1064.03
126.067924 -109.24803 -1064.5248
126.067924 -109.24802 -1064.5247
125.97387 -110.58788 -1064.9
125.979546 -110.57256 -1064.9565
125.896324 -111.96357 -1065.298
125.90295 -111.949486 -1065.3553
125.90295 -111.94947 -1065.3553
125.81884 -113.406845 -1065.6521
125.824455 -113.394165 -1065.7104
125.73574 -114.76977 -1065.9491
125.74294 -114.75881 -1066.0111
125.64684 -115.929306 -1066.1918
125.66088 -115.92011 -1066.2615
125.64684 -115.9293 -1066.1917
125.66085 -115.920105 -1066.2615
125.55169 -116.95546 -1066.3779
125.573296 -116.94815 -1066.4603
125.48742 -117.95091 -1066.6189
125.34893 -119.02965 -1066.6218
125.40136 -119.03156 -1066.7054
125.34893 -119.02964 -1066.6217
125.40136 -119.03155 -1066.7053
125.268394 -120.13675 -1066.6285
125.31353 -120.14101 -1066.6976
125.22979 -121.196556 -1066.5618
125.26592 -121.20209 -1066.622
125.24621 -122.11255 -1066.4362
125.28869 -122.119934 -1066.5007
125.28866 -122.119934 -1066.5006
125.347496 -122.92116 -1066.328
125.404045 -123.76521 -1066.0062
125.441826 -123.77662 -1066.0752
125.56222 -124.68397 -1065.6802
125.598656 -124.69835 -1065.7493
125.56222 -124.68396 -1065.6802
125.598656 -124.69834 -1065.7494
125.7622 -125.635605 -1065.289
125.80065 -125.65282 -1065.356
125.998985 -126.51668 -1064.9346
126.18423 -127.35879 -1064.4567
126.28405 -128.14665 -1063.8721
126.33639 -128.1696 -1063.9231
126.40569 -128.96446 -1063.2792
126.460075 -128.98807 -1063.3257
126.40566 -128.96445 -1063.279
126.460045 -128.98807 -1063.3256
126.50463 -129.7159 -1062.719
126.55843 -129.73897 -1062.7642
126.590965 -130.3594 -1062.2627
126.641594 -130.38074 -1062.31
126.67809 -130.93423 -1061.8939
126.72314 -130.95312 -1061.9456
126.67809 -130.93422 -1061.894
126.72314 -130.95312 -1061.9457
126.78417 -131.50409 -1061.5778
126.82101 -131.52048 -1061.6344
126.95208 -132.19145 -1061.2853
126.98165 -132.20404 -1061.3445
127.22387 -132.95526 -1061.1484
127.49911 -133.71027 -1060.9958
127.732994 -134.398 -1060.793
127.75674 -134.397 -1060.8484
128.02475 -135.06306 -1060.6704
128.04349 -135.06209 -1060.7263
128.02472 -135.06305 -1060.6705
128.04346 -135.06207 -1060.7263
128.40564 -135.82753 -1060.5586
128.4195 -135.82654 -1060.6145
128.88217 -136.6439 -1060.5336
128.88214 -136.64389 -1060.5336
129.38467 -137.4034 -1060.518
129.96033 -138.16483 -1060.5803
130.6406 -138.96738 -1060.7279
130.6406 -138.96736 -1060.728
131.26215 -139.23714 -1060.8546
29.527885 6.372139 -55.55092
29.527885 6.372139 -55.550922
36.891228 9.909081 -60.559174
37.12667 9.375252 -60.58037
42.69445 12.247795 -67.54919
42.9327 11.68383 -67.53588
48.127983 12.687508 -75.189445
48.321342 12.103951 -75.09279
54.017296 10.870537 -84.10639
54.143852 10.289314 -83.90808
59.768883 6.880852 -94.17509
59.851875 6.292 -93.89113
59.768867 6.880852 -94.17508
59.85186 6.291985 -93.89112
65.77093 0.047081 -105.269104
65.82226 -0.544991 -104.876015
65.7709 0.047081 -105.26909
65.82223 -0.544991 -104.876
69.44433 -11.960442 -116.85495
69.400536 -12.467888 -116.35424
71.57827 -22.575462 -126.83572
71.50027 -23.023842 -126.39982
73.05703 -27.366325 -135.677
73.02993 -27.857079 -135.43256
74.43044 -29.765358 -142.66463
74.41946 -30.25138 -142.50253
74.43044 -29.765373 -142.66463
74.41946 -30.251396 -142.50253
75.67846 -30.641975 -149.35341
75.6907 -31.12864 -149.28638
76.8406 -31.155144 -156.0083
76.860374 -31.63581 -155.96742
77.73446 -31.388084 -162.90445
77.75796 -31.858131 -162.88474
78.45443 -31.42797 -169.88171
78.47988 -31.886772 -169.87637
78.47988 -31.886787 -169.87636
78.95336 -31.20971 -177.40353
78.9793 -31.657295 -177.41394
79.24969 -30.54644 -186.69122
79.275475 -30.98159 -186.7201
79.23412 -29.265312 -198.46725
79.258415 -29.688148 -198.51239
78.95577 -27.47567 -212.37576
78.97857 -27.88935 -212.42871
78.7329 -26.078835 -226.71965
78.83407 -24.48803 -239.97522
78.85696 -24.893913 -240.00368
78.8341 -24.488014 -239.97527
78.85699 -24.893883 -240.00372
79.419304 -24.150932 -252.04358
79.4417 -24.550743 -252.04498
80.3128 -24.336952 -263.3616
80.33367 -24.727821 -263.34473
81.255 -24.449974 -274.6045
81.2756 -24.83297 -274.58997
82.00219 -23.91787 -286.32578
82.02389 -24.296806 -286.33362
82.503654 -22.395164 -298.62604
82.52636 -22.773323 -298.66696
82.87002 -19.793694 -311.25583
82.89355 -20.17202 -311.3324
83.29449 -16.093895 -323.87933
83.320366 -16.469566 -323.99307
83.98434 -11.477318 -336.24158
84.01568 -11.8451 -336.3866
83.98434 -11.477303 -336.24164
84.01571 -11.84507 -336.38663
85.09066 -6.48101 -348.25876
85.12957 -6.838142 -348.41644
85.09063 -6.481041 -348.2587
85.12957 -6.838173 -348.41638
86.673485 -1.790855 -359.96655
86.71807 -2.139748 -360.1146
88.68896 2.25457 -371.42816
88.735405 1.909904 -371.55585
88.68899 2.25457 -371.42813
88.735405 1.909904 -371.55582
91.06768 5.827171 -382.71182
91.11443 5.483681 -382.8238
93.667076 9.235359 -393.98596
93.71401 8.890709 -394.0916
96.278496 12.634407 -405.49435
96.32464 12.287315 -405.5986
96.32461 12.287285 -405.59854
98.794945 16.20797 -417.449
98.839775 15.858864 -417.55582
100.96142 19.898308 -429.8725
101.00237 19.54992 -429.98035
100.96142 19.898293 -429.87247
101.00234 19.54992 -429.98032
102.55575 23.385887 -442.09833
102.59112 23.039711 -442.20358
103.81222 26.58915 -453.83008
103.84469 26.241386 -453.93158
103.81222 26.58915 -453.83005
103.84469 26.241371 -453.93158
105.02331 29.501091 -464.89145
105.0559 29.147118 -464.98993
106.47149 32.487175 -476.1623
106.506584 32.12327 -476.26254
108.36446 35.81948 -488.51706
108.403496 35.44352 -488.6211
108.36446 35.81948 -488.517
108.403465 35.44349 -488.62106
110.66329 39.500603 -501.9213
110.70541 39.114372 -502.02908
113.39025 42.40618 -516.96405
113.42727 42.01307 -517.0396
113.39025 42.406166 -516.9639
113.42724 42.01307 -517.03955
115.67077 44.61045 -533.5872
115.69796 44.23884 -533.6313
115.9454 49.58082 -550.12836
115.95846 49.27163 -550.2246
115.9454 49.580788 -550.1283
115.95846 49.2716 -550.2246
116.448814 55.6168 -562.507
116.46929 55.32897 -562.6556
120.00057 59.945488 -573.3571
120.0476 59.605217 -573.5021
120.00057 59.945473 -573.3571
120.04757 59.605186 -573.502
124.50274 63.312004 -585.2902
124.54482 62.916603 -585.3919
128.5618 64.69796 -594.16766
128.5954 64.25564 -594.20483
132.23383 64.99908 -602.6174
132.25723 64.500206 -602.59265
132.25723 64.500175 -602.59265
133.91785 62.590034 -613.3957
133.93655 62.059395 -613.2461
130.9169 57.400917 -628.3044
130.96725 56.91291 -628.07794
130.9169 57.400948 -628.3043
130.96729 56.91294 -628.0779
124.56997 52.45382 -644.3675
124.63958 52.04368 -644.20294
120.539116 48.639153 -659.59735
120.49944 48.980934 -659.69745
120.53915 48.639168 -659.59735
119.338066 46.78437 -673.8911
119.358696 46.475 -673.8304
119.35381 45.95977 -686.7552
119.37084 45.66378 -686.73364
120.540215 46.162605 -698.44403
120.55898 45.86712 -698.4557
120.540184 46.162575 -698.4439
120.55895 45.867104 -698.4557
122.31121 46.817513 -709.763
122.33251 46.523643 -709.79224
123.78399 47.4392 -721.5704
123.8041 47.147972 -721.5967
123.78399 47.439186 -721.57043
123.8041 47.147972 -721.59674
124.62829 47.7743 -733.96466
124.64565 47.49314 -733.9799
125.16573 47.771553 -746.8595
125.181145 47.504128 -746.8622
125.44274 47.318092 -760.1846
125.45693 47.063606 -760.1752
125.47225 46.72663 -773.736
125.48577 46.48417 -773.7224
125.47222 46.726616 -773.7361
125.48574 46.48414 -773.7225
125.895805 46.134727 -787.3236
125.90859 45.900597 -787.31195
126.684715 45.513878 -800.86096
126.69698 45.28515 -800.85046
127.569664 45.039314 -814.2264
127.58169 44.816597 -814.2181
127.569664 45.0393 -814.22644
127.58169 44.81658 -814.2182
128.18225 44.452354 -827.3216
128.19397 44.23461 -827.3106
128.52493 43.83013 -840.12854
128.53635 43.61936 -840.1158
128.98209 43.503044 -852.1407
128.99365 43.29557 -852.13495
129.59845 43.425316 -862.80664
129.60992 43.225273 -862.8075
129.59848 43.4253 -862.80676
129.60995 43.225258 -862.8075
130.42157 43.39895 -872.46
130.43323 43.201546 -872.4644
131.3591 43.618004 -880.90356
131.37167 43.41929 -880.91473
132.3305 44.226143 -888.9392
132.34375 44.03057 -888.95874
132.3305 44.22616 -888.9393
132.34378 44.03057 -888.9588
133.35477 45.311836 -896.92267
133.36887 45.12081 -896.9527
134.61417 46.37519 -905.24316
134.62875 46.18609 -905.2719
136.2327 47.528816 -914.20966
136.24863 47.339165 -914.24066
137.9548 48.83024 -922.84607
137.97281 48.637856 -922.88605
137.95483 48.83027 -922.8462
137.97284 48.63787 -922.8861
139.54224 50.439827 -931.7786
139.56076 50.242043 -931.82733
141.21222 52.41462 -940.0364
141.23376 52.21456 -940.0985
142.73746 54.719826 -947.7676
142.71445 54.91349 -947.688
142.73749 54.71987 -947.76764
144.1268 57.734978 -953.7592
144.15503 57.55932 -953.85974
145.328 60.016502 -958.0322
145.36002 59.8516 -958.13763
146.43079 61.89704 -961.6165
146.4638 61.735115 -961.71674
147.45493 63.584053 -965.1844
147.4856 63.4217 -965.2756
147.45493 63.584084 -965.18445
147.48563 63.421715 -965.2757
148.29407 65.059135 -969.1322
148.31839 64.8933 -969.20764
148.74905 66.05761 -973.1123
148.76544 65.88662 -973.16406
148.88647 66.60046 -976.61884
148.8985 66.42675 -976.6496
148.85312 66.835075 -979.517
148.8635 66.66079 -979.53107
148.85315 66.835106 -979.51715
148.8635 66.66082 -979.5312
148.71545 66.88906 -982.14966
148.72537 66.715385 -982.15015
148.48892 66.828026 -984.66614
148.49902 66.65591 -984.65497
148.15479 66.62676 -987.50757
148.16534 66.45727 -987.48505
148.15485 66.62676 -987.5076
148.16537 66.4573 -987.48517
147.72943 66.281364 -990.50934
147.74088 66.115776 -990.47504
147.22986 65.77709 -993.5301
147.24243 65.6162 -993.48456
146.75116 65.14025 -996.3688
146.76477 64.98403 -996.3143
146.29077 64.34023 -999.21014
146.30527 64.18868 -999.1491
146.29074 64.3402 -999.2101
146.30524 64.18865 -999.14905
145.8454 63.402596 -1001.9293
145.86063 63.25599 -1001.8634
145.42593 62.403328 -1004.43176
145.44147 62.261467 -1004.3635
145.04556 61.45611 -1006.6187
145.06091 61.318443 -1006.55035
145.0455 61.456093 -1006.6187
145.06091 61.318428 -1006.55035
144.65887 60.567787 -1008.6876
144.67401 60.434242 -1008.6198
144.20557 59.648933 -1010.9663
144.22037 59.519737 -1010.8996
143.75192 58.79841 -1013.2124
143.76627 58.673088 -1013.14685
143.32117 58.04563 -1015.3499
143.33511 57.92318 -1015.2855
143.32114 58.0456 -1015.34985
143.33508 57.923164 -1015.28546
142.94391 57.433357 -1017.2368
142.95758 57.31292 -1017.17334
142.58124 56.82264 -1019.1069
142.59445 56.704033 -1019.04333
142.19547 56.033714 -1021.2703
142.20776 55.917503 -1021.20483
142.19547 56.033714 -1021.2704
142.2078 55.917503 -1021.20483
141.86462 55.105278 -1023.46967
141.87497 54.992577 -1023.3994
141.62802 54.08236 -1025.5193
141.63504 53.974266 -1025.4425
141.49863 53.092766 -1027.1885
141.50076 52.990074 -1027.1046
141.46799 52.067986 -1028.5963
141.46323 51.971428 -1028.5055
141.46799 52.06797 -1028.5963
141.46326 51.971413 -1028.5055
141.5097 50.874687 -1030.0121
141.49728 50.784035 -1029.9159
141.63678 49.409813 -1031.4847
141.61487 49.32551 -1031.3843
141.87408 47.52572 -1033.0629
141.84189 47.448128 -1032.9587
141.84189 47.448112 -1032.9587
142.15814 45.490364 -1034.5283
142.11676 45.419014 -1034.4211
142.41132 43.51864 -1035.7827
142.36359 43.453423 -1035.6724
142.59967 41.774544 -1036.8146
142.54962 41.71473 -1036.7001
142.7232 40.35029 -1037.5856
142.67206 40.29519 -1037.4677
142.82733 38.940224 -1038.2689
142.77432 38.889076 -1038.149
142.96594 37.08506 -1039.0417
142.90945 37.038048 -1038.9207
143.11844 34.72036 -1039.8158
143.0521 34.68 -1039.697
143.11847 34.72042 -1039.8158
143.0521 34.68003 -1039.6971
143.29279 32.152046 -1040.4508
143.21683 32.119377 -1040.3334
143.52103 29.710228 -1040.8948
143.43399 29.682274 -1040.7736
143.81082 27.419594 -1041.1344
143.7027 27.393944 -1041.005
143.81082 27.41961 -1041.1344
143.70267 27.393974 -1041.005
144.23608 25.048897 -1041.3074
144.10992 25.027184 -1041.1542
144.60559 22.804146 -1041.2524
144.70901 22.811226 -1041.4465
144.60562 22.804192 -1041.2524
145.07745 20.777946 -1041.4336
145.0072 20.78611 -1041.2147
145.3772 18.858086 -1041.1975
145.29074 18.866417 -1040.9867
145.72525 16.758202 -1040.8502
145.61807 16.765526 -1040.654
145.72525 16.758217 -1040.8502
145.61807 16.765541 -1040.654
146.17834 14.236061 -1040.4811
146.07126 14.244987 -1040.302
146.67014 11.6175 -1040.194
146.59277 11.62986 -1040.0331
147.05368 9.295647 -1039.8971
146.99454 9.308266 -1039.7583
147.05371 9.295677 -1039.8972
146.99457 9.308296 -1039.7584
147.30975 7.367775 -1039.6688
147.26642 7.380104 -1039.542
147.49817 5.509071 -1039.4873
147.47293 5.5214 -1039.3607
147.63028 3.507225 -1039.305
147.62283 3.51989 -1039.168
147.63031 3.507271 -1039.3052
147.62286 3.519951 -1039.1682
147.68701 1.372154 -1039.0692
147.68353 1.384895 -1038.9238
147.68097 -0.646446 -1038.7554
147.66171 -0.633812 -1038.6119
147.68097 -0.646431 -1038.7552
147.66174 -0.633781 -1038.612
147.62418 -2.495079 -1038.496
147.59116 -2.482658 -1038.3568
147.51752 -4.329308 -1038.2922
147.47403 -4.317253 -1038.1576
147.38199 -6.243507 -1038.1029
147.32819 -6.231651 -1037.9739
147.38199 -6.243462 -1038.1029
147.32819 -6.231621 -1037.9739
147.199 -8.394493 -1037.9001
147.13327 -8.382286 -1037.7787
146.96191 -10.592232 -1037.702
146.88406 -10.578865 -1037.5897
146.69278 -12.63253 -1037.5321
146.60486 -12.617073 -1037.4286
146.69275 -12.63253 -1037.5321
146.60489 -12.617043 -1037.4287
146.43787 -14.321495 -1037.406
146.34372 -14.303551 -1037.3086
146.1589 -15.998817 -1037.2961
146.06061 -15.978615 -1037.2029
145.64847 -18.003136 -1037.0903
145.6485 -18.003075 -1037.0905
145.19928 -20.422554 -1037.115
145.08441 -20.39785 -1037.0403
144.67773 -22.763115 -1037.2605
144.56003 -22.739662 -1037.1819
144.15536 -24.874352 -1037.544
144.03659 -24.853737 -1037.4657
144.15536 -24.874336 -1037.5441
143.57162 -26.710533 -1037.8823
143.44449 -26.68769 -1037.8234
142.98883 -28.494621 -1038.364
142.85901 -28.468422 -1038.3165
142.98886 -28.494576 -1038.3641
142.85907 -28.468391 -1038.3167
142.43991 -30.108635 -1038.9021
142.31134 -30.079445 -1038.8573
141.88028 -31.62339 -1039.4707
141.75476 -31.591743 -1039.4235
141.28476 -33.071907 -1040.0497
141.16306 -33.038277 -1039.9978
141.28476 -33.071877 -1040.0497
141.16309 -33.03826 -1039.9979
140.5716 -34.60946 -1040.6852
140.45493 -34.57406 -1040.6273
139.70395 -36.254875 -1041.3738
139.59338 -36.21792 -1041.3093
138.6004 -38.13096 -1042.1594
138.49527 -38.09307 -1042.0911
138.60043 -38.130928 -1042.1593
138.49527 -38.09304 -1042.0911
137.24475 -40.27813 -1043.0656
137.1441 -40.239906 -1042.9961
135.73535 -42.58593 -1044.0568
135.63782 -42.54798 -1043.9884
134.2515 -44.869072 -1045.0596
134.15497 -44.83204 -1044.9949
134.2515 -44.86904 -1045.0596
134.155 -44.83201 -1044.995
133.02347 -46.82911 -1045.9415
132.92651 -46.79322 -1045.8818
131.82513 -48.840553 -1046.8668
131.72787 -48.805824 -1046.8116
130.57217 -51.050453 -1047.8962
130.47488 -51.01696 -1047.8452
130.57224 -51.050423 -1047.8962
130.47491 -51.016914 -1047.8453
129.3562 -53.335228 -1048.9625
129.25848 -53.30314 -1048.9163
128.31079 -55.430504 -1049.9324
128.21286 -55.399788 -1049.8901
128.31076 -55.430473 -1049.9324
128.21286 -55.399773 -1049.8901
127.36254 -57.206642 -1050.7177
126.66247 -59.051064 -1051.5702
126.56432 -59.022774 -1051.5345
125.91457 -60.90348 -1052.3828
125.81594 -60.8767 -1052.3522
125.91457 -60.90345 -1052.3828
125.81594 -60.876686 -1052.352
125.27993 -62.657036 -1053.1334
125.180626 -62.631966 -1053.1093
124.66192 -64.272415 -1053.801
124.34957 -65.83622 -1054.4448
124.24935 -65.81461 -1054.4386
124.34963 -65.83618 -1054.4448
124.24941 -65.81458 -1054.4387
124.001335 -67.48486 -1055.1022
123.90197 -67.46504 -1055.1086
123.74032 -69.188416 -1055.7695
123.64419 -69.170296 -1055.7931
123.59109 -71.0348 -1056.4808
123.50201 -71.01805 -1056.5237
123.59106 -71.034775 -1056.4808
123.501976 -71.01802 -1056.5237
123.58434 -72.97705 -1057.2104
123.50533 -72.96172 -1057.2706
123.786125 -74.832695 -1057.8347
123.7109 -74.82296 -1057.9001
123.786156 -74.83267 -1057.8347
123.71087 -74.82294 -1057.9001
124.03368 -76.36644 -1058.3447
123.9663 -76.35944 -1058.4178
124.28344 -77.62862 -1058.7585
124.22518 -77.62152 -1058.8395
124.606285 -78.94093 -1059.1566
124.55572 -78.93372 -1059.2418
124.606346 -78.94091 -1059.1567
124.55572 -78.93369 -1059.242
125.049 -80.524895 -1059.5951
125.00649 -80.517654 -1059.6836
125.52718 -82.15047 -1059.9954
125.49178 -82.14345 -1060.086
125.98205 -83.74076 -1060.3248
125.95104 -83.7343 -1060.4159
125.98202 -83.740746 -1060.3247
125.95104 -83.73428 -1060.4159
126.3677 -85.24835 -1060.5822
126.338554 -85.242714 -1060.6727
126.68603 -86.77486 -1060.7865
126.65731 -86.7703 -1060.876
126.951744 -88.409904 -1060.9525
126.92205 -88.406395 -1061.04
126.951744 -88.40989 -1060.9525
126.92202 -88.40638 -1061.04
127.141014 -90.001465 -1061.0588
127.10754 -89.99899 -1061.1428
127.23153 -91.392365 -1061.1544
127.19988 -91.38996 -1061.2368
127.26183 -92.553894 -1061.2502
127.236534 -92.55103 -1061.3328
127.26183 -92.55389 -1061.2501
127.236534 -92.551025 -1061.3328
127.29015 -93.75293 -1061.29
127.26232 -93.75008 -1061.3671
127.28643 -95.29127 -1061.3483
127.26028 -95.28836 -1061.4149
127.28646 -95.29124 -1061.3483
127.26031 -95.28833 -1061.415
127.22265 -97.1387 -1061.4875
127.204735 -97.13499 -1061.5503
127.11904 -98.99836 -1061.6722
127.10558 -98.993004 -1061.7351
126.98965 -100.672325 -1061.9092
126.980705 -100.6649 -1061.9705
126.98965 -100.6723 -1061.9092
126.980705 -100.66489 -1061.9705
126.85238 -102.11016 -1062.1965
126.848656 -102.10041 -1062.2565
126.7044 -103.46466 -1062.544
126.704765 -103.452484 -1062.6027
126.534874 -104.89704 -1062.9796
126.53835 -104.88267 -1063.0375
126.534904 -104.89702 -1062.9797
126.53835 -104.882645 -1063.0375
126.35638 -106.376366 -1063.4905
126.36266 -106.360214 -1063.5479
126.19213 -107.85673 -1064.0302
126.201256 -107.8398 -1064.0875
126.067986 -109.24803 -1064.5249
126.08007 -109.23166 -1064.5828
126.067955 -109.24802 -1064.5248
126.08004 -109.23164 -1064.5826
125.97961 -110.57256 -1064.9567
125.99416 -110.55739 -1065.015
125.90298 -111.94948 -1065.3555
125.91854 -111.93552 -1065.4142
125.90298 -111.94946 -1065.3553
125.91854 -111.9355 -1065.4142
125.824486 -113.394165 -1065.7106
125.839134 -113.38163 -1065.7708
125.74294 -114.758804 -1066.0112
125.75994 -114.74808 -1066.0756
125.66088 -115.920105 -1066.2616
125.68716 -115.911446 -1066.3347
125.66088 -115.9201 -1066.2616
125.68716 -115.91143 -1066.3346
125.573326 -116.94814 -1066.4604
125.61285 -116.94244 -1066.5433
125.48748 -117.950905 -1066.619
125.54662 -117.95065 -1066.6969
125.40139 -119.03156 -1066.7056
125.46813 -119.03581 -1066.7682
125.40139 -119.03155 -1066.7054
125.46813 -119.0358 -1066.7681
125.31356 -120.141 -1066.6976
125.36495 -120.14572 -1066.7537
125.26592 -121.20208 -1066.622
125.31127 -121.207375 -1066.6744
125.28872 -122.11993 -1066.5009
125.34145 -122.12591 -1066.5566
125.28869 -122.11992 -1066.5006
125.34145 -122.12589 -1066.5566
125.347496 -122.92115 -1066.3281
125.399864 -122.92757 -1066.3859
125.44186 -123.77661 -1066.0752
125.490654 -123.784805 -1066.1365
125.59869 -124.69835 -1065.7494
125.6462 -124.708694 -1065.8116
125.59869 -124.69833 -1065.7494
125.64623 -124.70869 -1065.8116
125.80068 -125.65281 -1065.356
125.84991 -125.66518 -1065.4161
125.998985 -126.51668 -1064.9347
126.05166 -126.53072 -1064.9906
125.998985 -126.51667 -1064.9347
126.05169 -126.530716 -1064.9906
126.18426 -127.35878 -1064.4567
126.241295 -127.374146 -1064.5065
126.33642 -128.1696 -1063.9232
126.39724 -128.18602 -1063.966
126.460075 -128.98807 -1063.3258
126.52236 -129.00497 -1063.3638
126.460045 -128.98807 -1063.3257
126.5223 -129.00496 -1063.3636
126.558464 -129.73895 -1062.7644
126.619896 -129.75548 -1062.801
126.641624 -130.38072 -1062.31
126.700005 -130.39601 -1062.3491
126.77648 -130.96667 -1061.9897
126.72314 -130.95311 -1061.9457
126.77651 -130.96666 -1061.9897
126.866875 -131.5322 -1061.6846
127.02056 -132.2125 -1061.3983
127.2239 -132.95526 -1061.1486
127.26299 -132.9567 -1061.1993
127.22393 -132.95525 -1061.1486
127.26299 -132.95668 -1061.1993
127.49914 -133.71025 -1060.996
127.53713 -133.70631 -1061.0442
127.7568 -134.397 -1060.8484
127.78872 -134.39215 -1060.8989
128.04355 -135.06209 -1060.7263
128.07053 -135.05696 -1060.7782
128.04352 -135.06207 -1060.7263
128.0705 -135.05696 -1060.7781
128.41953 -135.82654 -1060.6145
128.44144 -135.82114 -1060.6671
128.8822 -136.6439 -1060.5336
128.89749 -136.63805 -1060.5875
128.88217 -136.64389 -1060.5336
128.89746 -136.63803 -1060.5875
129.3847 -137.4034 -1060.518
129.39246 -137.39694 -1060.5732
129.96039 -138.16483 -1060.5803
129.96237 -138.15787 -1060.6355
130.64062 -138.96736 -1060.7281
130.6394 -138.95961 -1060.7826
130.64062 -138.96735 -1060.7281
130.6394 -138.9596 -1060.7826
29.5279 6.372169 -55.55092
37.282402 8.835136 -60.64902
43.088173 11.11187 -67.574165
48.431343 11.512108 -75.05061
54.187218 9.699806 -83.765656
59.8469 5.694695 -93.66444
59.846886 5.694695 -93.664444
65.76815 -1.147423 -104.53098
65.76815 -1.147438 -104.53097
69.22497 -12.993645 -115.87025
71.299 -23.49186 -125.97606
72.89541 -28.369377 -135.20178
74.310905 -30.758766 -142.35718
74.310905 -30.75875 -142.35718
75.609215 -31.63665 -149.23596
76.78881 -32.13752 -155.94215
77.69189 -32.348778 -162.87714
78.41778 -32.3657 -169.88098
78.91952 -32.12446 -177.43164
79.21758 -31.43583 -186.75395
79.20101 -30.12954 -198.56017
78.921165 -28.32119 -212.4827
78.67608 -26.505745 -226.7683
78.80163 -25.317558 -240.03365
78.80166 -25.317543 -240.03369
79.38729 -24.968102 -252.0497
80.27953 -25.135857 -263.33264
81.22271 -25.232765 -274.58057
81.9728 -24.69239 -286.34598
82.475914 -23.168068 -298.71204
82.84283 -20.566948 -311.41397
83.2709 -16.861732 -324.11423
83.97161 -12.229057 -336.54272
83.97161 -12.229012 -336.54276
85.09472 -7.21096 -348.58936
85.09472 -7.210976 -348.58932
86.6917 -2.50396 -360.28125
88.713615 1.550087 -371.70425
88.713615 1.550072 -371.7042
91.09463 5.12513 -382.958
93.69482 8.530937 -394.2203
96.30413 11.92495 -405.72565
96.30413 11.924919 -405.7256
98.81725 15.494377 -417.68445
100.97549 19.186302 -430.10733
100.97549 19.186317 -430.1073
102.558525 22.678444 -442.32437
103.80871 25.87841 -454.04666
103.80874 25.87841 -454.04663
105.0191 28.777626 -465.1022
106.47051 31.74337 -476.37817
108.369316 35.051003 -488.74298
108.369255 35.050972 -488.7429
110.6726 38.71116 -502.15677
113.38897 41.60276 -517.13477
115.65435 43.85099 -533.68976
115.908806 48.949852 -550.32556
115.908806 48.94982 -550.3255
116.42962 55.02964 -562.8127
120.02737 59.2499 -573.668
120.02737 59.249886 -573.668
124.51086 62.503777 -585.5148
128.54587 63.79444 -594.26416
132.18726 63.980415 -602.59235
132.18726 63.9804 -602.59235
133.85083 61.50602 -613.1075
130.91754 56.40339 -627.83203
130.9176 56.403404 -627.832
124.629295 51.61547 -644.0065
120.512535 48.282356 -659.47955
120.512596 48.28237 -659.47955
119.31896 46.151985 -673.7649
119.33083 45.35479 -686.7131
120.52129 45.558662 -698.4744
120.52126 45.558647 -698.4743
122.297966 46.21691 -709.8321
123.76858 46.844048 -721.63196
123.76858 46.844032 -721.63196
124.60912 47.199623 -734.0007
125.145226 47.225 -746.8682
125.42223 46.797966 -760.16754
125.45266 46.231117 -773.70935
125.45263 46.231087 -773.7094
125.876366 45.65621 -787.3022
126.66537 45.046394 -800.8432
127.55102 44.584084 -814.2132
127.55105 44.584084 -814.2133
128.16388 44.007286 -827.30206
128.50717 43.399284 -840.10474
128.9653 43.078957 -852.1312
129.58304 43.01647 -862.81116
129.58301 43.01647 -862.81116
130.40714 42.995537 -872.4727
131.34625 43.211906 -880.93097
132.31961 43.826424 -888.9837
132.31961 43.82644 -888.9838
133.34622 44.921394 -896.98846
134.60712 45.988686 -905.3071
136.2283 47.141197 -914.2795
137.95383 48.437004 -922.93494
137.95386 48.437035 -922.9351
139.54083 50.035576 -931.88446
141.21606 52.00573 -940.1704
142.72125 54.517754 -947.85706
142.72128 54.517784 -947.8571
144.14581 57.37597 -953.9716
145.35638 59.67942 -958.25586
146.46231 61.56608 -961.8303
147.48233 63.25225 -965.3795
147.48236 63.252266 -965.37964
148.30896 64.72021 -969.29333
148.74802 65.70812 -973.2224
148.87668 66.245445 -976.68384
148.84024 66.47884 -979.5466
148.84027 66.478874 -979.5467
148.70193 66.53408 -982.15063
148.47592 66.47625 -984.6425
148.14313 66.28039 -987.46027
148.14316 66.28042 -987.4603
147.72 65.942894 -990.4374
147.22324 65.448204 -993.43445
146.74704 64.820915 -996.2546
146.28894 64.03048 -999.08234
146.28891 64.03045 -999.08234
145.84564 63.10299 -1001.7913
145.4274 62.11338 -1004.2889
145.04745 61.174706 -1006.47565
145.04745 61.17469 -1006.47565
144.66098 60.294838 -1008.54584
144.2078 59.384895 -1010.82684
143.75403 58.54229 -1013.0755
143.32309 57.795433 -1015.21545
143.32306 57.795418 -1015.2154
142.94565 57.187202 -1017.1043
142.58237 56.580193 -1018.97437
142.19498 55.796196 -1021.1343
142.195 55.796196 -1021.13434
141.86029 54.874977 -1023.3251
141.61703 53.861565 -1025.3624
141.47784 52.882942 -1027.0187
141.43344 51.870613 -1028.4144
141.43344 51.870583 -1028.4144
141.45978 50.68937 -1029.8213
141.56815 49.237495 -1031.2874
141.785 47.36709 -1032.86
141.785 47.367073 -1032.86
142.05078 45.344566 -1034.3212
142.29114 43.385338 -1035.57
142.47452 41.652306 -1036.5938
142.59567 40.237663 -1037.3578
142.69595 38.83567 -1038.0371
142.82758 36.9889 -1038.8082
142.96103 34.637825 -1039.589
142.96103 34.637886 -1039.5891
143.12128 32.08561 -1040.2308
143.33505 29.653725 -1040.6729
143.58719 27.36718 -1040.9032
143.58719 27.367195 -1040.9032
143.97647 25.002632 -1041.0365
144.46402 22.786766 -1041.0989
144.46402 22.786797 -1041.0989
144.86093 20.776329 -1041.0406
145.13025 18.85807 -1040.8285
145.44391 16.758278 -1040.5182
145.44388 16.758308 -1040.5182
145.91162 14.244759 -1040.1637
146.47986 11.639824 -1039.8749
146.909 9.320122 -1039.6193
146.909 9.320168 -1039.6194
147.20166 7.392174 -1039.4171
147.42737 5.53347 -1039.2401
147.59412 3.532265 -1039.0411
147.59415 3.53231 -1039.0411
147.65921 1.397682 -1038.789
147.62323 -0.621132 -1038.4816
147.62323 -0.621101 -1038.4814
147.54034 -2.470238 -1038.2324
147.41418 -4.305122 -1038.0393
147.25955 -6.21978 -1037.8622
147.25958 -6.219749 -1037.8623
147.05463 -8.370079 -1037.6761
146.79535 -10.565437 -1037.4977
146.50806 -12.601463 -1037.3466
146.50809 -12.601463 -1037.3466
146.242 -14.2855 -1037.2333
145.95566 -15.958366 -1037.1322
145.53824 -17.980476 -1037.0284
145.53827 -17.98043 -1037.0286
144.96555 -20.372475 -1036.9896
144.43378 -22.71305 -1037.127
143.90784 -24.827827 -1037.4108
143.90784 -24.827797 -1037.4108
143.31082 -26.65847 -1037.7891
142.7251 -28.434914 -1038.2941
142.72513 -28.434883 -1038.2941
142.1795 -30.042091 -1038.837
141.62598 -31.551186 -1039.3999
141.03778 -32.9952 -1039.9691
141.03781 -32.995186 -1039.9691
140.33395 -34.528816 -1040.5918
139.47772 -36.1706 -1041.2662
138.38464 -38.044563 -1042.0435
138.38464 -38.044533 -1042.0435
137.0379 -40.190926 -1042.9467
135.53491 -42.499382 -1043.9396
134.05356 -44.78463 -1044.9493
134.05356 -44.7846 -1044.9493
132.82526 -46.747307 -1045.8411
131.62695 -48.761375 -1046.7751
130.37433 -50.974037 -1047.813
130.37436 -50.974007 -1047.813
129.15802 -53.26203 -1048.8887
128.11255 -55.360435 -1049.8663
128.11255 -55.36042 -1049.8663
127.262566 -57.16874 -1050.6969
126.46447 -58.986534 -1051.5175
125.71618 -60.84249 -1052.34
125.71615 -60.842476 -1052.34
125.080925 -62.599876 -1053.1034
124.562645 -64.242546 -1053.8032
124.15118 -65.78698 -1054.4506
124.15121 -65.78695 -1054.4507
123.80648 -67.43965 -1055.1332
123.554405 -69.14709 -1055.8335
123.42199 -70.99659 -1056.5814
123.42199 -70.996574 -1056.5814
123.43792 -72.94183 -1057.3439
123.64773 -74.8082 -1057.9783
123.64776 -74.808174 -1057.9783
123.91195 -76.34703 -1058.502
124.18099 -77.60889 -1058.9292
124.51977 -78.920944 -1059.3345
124.51977 -78.920906 -1059.3345
124.978935 -80.504745 -1059.778
125.47158 -82.13092 -1060.1812
125.935265 -83.72281 -1060.5107
125.935234 -83.72279 -1060.5107
126.3247 -85.23271 -1060.7668
126.64388 -86.76212 -1060.9694
126.9074 -88.40013 -1061.1318
126.9074 -88.400116 -1061.1317
127.088615 -89.99462 -1061.2317
127.18246 -91.38646 -1061.3239
127.22509 -92.54765 -1061.4182
127.22509 -92.547646 -1061.4181
127.24755 -93.74705 -1061.4451
127.244896 -95.285446 -1061.4843
127.24493 -95.285416 -1061.4844
127.19573 -97.13133 -1061.6185
127.10067 -98.98779 -1061.8037
126.98034 -100.65768 -1062.0366
126.98034 -100.65765 -1062.0366
126.85375 -102.09088 -1062.3206
126.71404 -103.44061 -1062.6648
126.550835 -104.86861 -1063.0981
126.550865 -104.86858 -1063.0981
126.378075 -106.34441 -1063.6077
126.21975 -107.82326 -1064.147
126.10177 -109.215675 -1064.642
126.10174 -109.21566 -1064.642
126.018456 -110.54254 -1065.0741
125.94402 -111.92182 -1065.474
125.94402 -111.9218 -1065.4739
125.86379 -113.369316 -1065.8319
125.78829 -114.73774 -1066.1414
125.72823 -115.9037 -1066.4097
125.7282 -115.903694 -1066.4095
125.67431 -116.93986 -1066.6162
125.6235 -117.95417 -1066.7515
125.53719 -119.04096 -1066.8132
125.53716 -119.040955 -1066.8134
125.42129 -120.15072 -1066.7979
125.36581 -121.21229 -1066.7184
125.402855 -122.130196 -1066.602
125.402824 -122.130196 -1066.6019
125.46105 -122.931274 -1066.433
125.54885 -123.789474 -1066.1881
125.70321 -124.71459 -1065.8647
125.70324 -124.71458 -1065.8647
125.90832 -125.67222 -1065.4672
126.11285 -126.53871 -1065.0372
126.11285 -126.538704 -1065.0372
126.3059 -127.38294 -1064.5465
126.46459 -128.19547 -1063.9988
126.59048 -129.01468 -1063.3917
126.59048 -129.01466 -1063.3915
126.68697 -129.76497 -1062.8279
126.76443 -130.40475 -1062.3785
126.83651 -130.97443 -1062.0245
126.83654 -130.97441 -1062.0247
126.92031 -131.53888 -1061.7263
127.06759 -132.21655 -1061.4448
127.30935 -132.95415 -1061.2427
127.30935 -132.95413 -1061.2427
127.58199 -133.69868 -1061.0847
127.8279 -134.38356 -1060.9425
128.10489 -135.04794 -1060.8241
128.10483 -135.04794 -1060.824
128.47089 -135.81161 -1060.7148
128.92041 -136.62767 -1060.6377
128.92035 -136.62766 -1060.6377
129.40784 -137.38544 -1060.6256
129.97192 -138.14551 -1060.6886
130.64557 -138.94614 -1060.8351
130.64554 -138.94614 -1060.8351
37.35473 8.279366 -60.769985
43.153664 10.521049 -67.67069
48.45002 10.900764 -75.06852
54.13816 9.090828 -83.683136
59.74346 5.077766 -93.49783
59.74346 5.077751 -93.49783
65.59713 -1.769844 -104.235565
65.5971 -1.769844 -104.23556
68.91061 -13.537376 -115.407265
70.96987 -23.976082 -125.56928
72.64895 -28.89936 -134.9877
74.10055 -31.283669 -142.23085
75.42971 -32.16227 -149.20354
76.621605 -32.65667 -155.93347
77.531944 -32.856422 -162.88231
78.26388 -32.861183 -169.89615
78.76998 -32.60781 -177.45686
79.07198 -31.90583 -186.79259
79.057976 -30.58628 -198.61018
78.77984 -28.767952 -212.5372
78.53643 -26.947365 -226.81702
78.66439 -25.755852 -240.06496
78.66442 -25.755836 -240.065
79.252464 -25.399895 -252.05792
80.14681 -25.55796 -263.32578
81.09289 -25.646385 -274.57684
81.84551 -25.101585 -286.3632
82.3489 -23.576485 -298.7611
82.71444 -20.975533 -311.5
83.14251 -17.267448 -324.24188
83.84844 -12.626305 -336.70905
83.84847 -12.626289 -336.7091
84.98235 -7.596748 -348.77673
84.98235 -7.596764 -348.77667
86.59081 -2.880714 -360.46582
88.6202 1.177895 -371.87296
88.6202 1.177879 -371.87292
91.00494 4.754143 -383.11414
93.60607 8.15873 -394.3719
96.21368 11.550072 -405.87537
96.21368 11.550041 -405.87537
98.7239 15.117363 -417.83475
100.87728 18.810127 -430.25317
102.45458 22.30468 -442.4603
103.70098 25.502892 -454.17505
103.70095 25.502876 -454.17502
104.90945 28.395363 -465.22784
106.359856 31.35035 -476.50882
108.258354 34.644905 -488.8825
108.258354 34.644905 -488.88245
110.56115 38.29397 -502.3042
113.27184 41.178215 -517.2496
113.27184 41.178215 -517.24945
115.536644 43.449715 -533.7626
115.79351 48.618004 -550.4303
115.79351 48.61799 -550.43024
116.326805 54.721214 -562.97705
119.936455 58.882164 -573.85455
119.936485 58.882133 -573.8545
124.396965 62.076607 -585.65875
128.40924 63.317757 -594.3461
132.01959 63.44358 -602.61755
132.01953 63.443596 -602.61755
133.65588 60.93403 -612.9817
130.76276 55.87623 -627.568
130.76279 55.876274 -627.56793
124.534874 51.172523 -643.77844
120.4165 47.91323 -659.3444
120.4165 47.91326 -659.3444
119.21603 45.817802 -673.695
119.23101 45.03512 -686.6937
120.42443 45.239555 -698.50024
120.4244 45.23954 -698.5001
122.204765 45.89956 -709.88275
123.67477 46.529533 -721.6761
123.67477 46.52952 -721.67615
124.516106 46.895897 -734.027
125.055565 46.93615 -746.87775
125.336235 46.523125 -760.16187
125.37063 45.96926 -773.6969
125.3706 45.969246 -773.6969
125.79696 45.40339 -787.29456
126.58776 44.799385 -800.83936
127.47564 44.343544 -814.2119
127.47561 44.343544 -814.21204
128.08997 43.772133 -827.29614
128.43561 43.171623 -840.0954
128.89526 42.85482 -852.1295
129.51599 42.800423 -862.8179
130.34152 42.782356 -872.48517
131.28104 42.997322 -880.9523
132.2562 43.61515 -889.0142
132.25623 43.615166 -889.01434
133.28497 44.715034 -897.0299
134.54742 45.7844 -905.34894
136.16998 46.936302 -914.32605
137.89621 48.229225 -922.99255
137.89624 48.22924 -922.9927
139.48068 49.821953 -931.9497
141.1572 51.78968 -940.25165
142.66379 54.30871 -947.95593
142.66382 54.308723 -947.956
144.09717 57.18624 -954.09467
145.31506 59.50129 -958.3865
146.42435 61.391182 -961.9567
147.44327 63.07688 -965.4957
147.4433 63.076912 -965.4957
148.26398 64.54104 -969.38904
148.6951 65.52346 -973.287
148.81955 66.057884 -976.7213
148.78183 66.29064 -979.5633
148.78186 66.29067 -979.5634
148.6435 66.34655 -982.1509
148.41812 66.2904 -984.62885
148.08652 66.097374 -987.4331
148.08658 66.097404 -987.4332
147.66519 65.76397 -990.39624
147.17053 65.27441 -993.3802
146.69644 64.652214 -996.19
146.24017 63.866768 -999.0102
146.24014 63.866737 -999.01013
145.79877 62.944664 -1001.71344
145.38223 61.96015 -1004.2085
145.0037 61.02601 -1006.3951
145.00366 61.025978 -1006.39514
144.61853 60.150627 -1008.46606
144.16666 59.245384 -1010.7486
143.71405 58.40696 -1012.99884
143.28387 57.663277 -1015.14014
143.28384 57.66323 -1015.1401
142.90689 57.057137 -1017.02997
142.5438 56.45205 -1018.9002
142.15582 55.670647 -1021.0591
142.15585 55.670647 -1021.05914
141.8194 54.753242 -1023.24677
141.57285 53.744896 -1025.2797
141.4288 52.772087 -1026.9316
141.37756 51.766335 -1028.3239
141.37753 51.766335 -1028.324
141.39642 50.591484 -1029.7291
141.4957 49.14643 -1031.195
141.70267 47.283257 -1032.7681
141.7027 47.28324 -1032.7681
141.95963 45.267525 -1034.2297
142.19345 43.314888 -1035.4772
142.37393 41.5877 -1036.4971
142.49353 40.17814 -1037.2574
142.59164 38.780434 -1037.9348
142.71976 36.938087 -1038.7057
142.84485 34.594154 -1039.4932
142.84488 34.5942 -1039.4932
143.00455 32.050713 -1040.1444
143.22336 29.624535 -1040.5924
143.46655 27.33982 -1040.8262
143.46655 27.339836 -1040.8262
143.8411 24.976524 -1040.9506
144.31216 22.764198 -1040.9869
144.3122 22.764214 -1040.9868
144.69345 20.757866 -1040.9166
144.95251 18.841713 -1040.7227
145.25812 16.744026 -1040.4359
145.25815 16.744057 -1040.4358
145.72989 14.23806 -1040.0719
146.32751 11.645256 -1039.7389
146.79294 9.330742 -1039.4838
146.79297 9.330788 -1039.4838
147.11343 7.40377 -1039.2953
147.36182 5.545311 -1039.1244
147.54575 3.544243 -1038.9242
147.54578 3.544304 -1038.9244
147.61581 1.40995 -1038.6691
147.56778 -0.608955 -1038.3688
147.56778 -0.60891 -1038.3687
147.47464 -2.45826 -1038.1274
147.34103 -4.293465 -1037.9412
147.17935 -6.208321 -1037.7721
147.17935 -6.208305 -1037.7722
146.96661 -8.358269 -1037.5962
146.69983 -10.552559 -1037.4291
146.40674 -12.58654 -1037.2883
146.40674 -12.586525 -1037.2885
146.13724 -14.268211 -1037.182
145.8486 -15.938942 -1037.0858
145.42776 -17.958672 -1036.9912
145.4278 -17.958656 -1036.9913
144.8479 -20.34748 -1036.9635
144.30536 -22.68467 -1037.0961
143.77402 -24.7976 -1037.381
143.77402 -24.797585 -1037.381
143.17535 -26.623909 -1037.7803
142.5917 -28.395302 -1038.2966
142.59177 -28.395256 -1038.2968
142.04904 -29.997902 -1038.8414
141.49835 -31.503181 -1039.4005
140.91309 -32.944252 -1039.964
140.91312 -32.944237 -1039.964
140.21283 -34.475243 -1040.5795
139.36096 -36.114616 -1041.246
138.27228 -37.987175 -1042.0181
138.27231 -37.987144 -1042.018
136.92981 -40.133034 -1042.9183
135.43024 -42.44181 -1043.9114
133.95087 -44.728462 -1044.9242
133.95087 -44.72843 -1044.9241
132.7233 -46.69294 -1045.8203
131.52573 -48.708763 -1046.7583
130.27405 -50.923256 -1047.7999
130.27408 -50.92321 -1047.7999
129.05835 -53.213387 -1048.8801
128.0134 -55.313835 -1049.8617
128.01343 -55.31382 -1049.8617
127.16393 -57.123863 -1050.695
126.36642 -58.943626 -1051.5188
125.618675 -60.801918 -1052.3462
125.618675 -60.801903 -1052.3462
124.984245 -62.561897 -1053.1161
124.46734 -64.207214 -1053.8235
124.05828 -65.75426 -1054.4801
124.05831 -65.75423 -1054.4801
123.71801 -67.40958 -1055.1742
123.4739 -69.11964 -1055.8892
123.35378 -70.97122 -1056.6526
123.35378 -70.97119 -1056.6526
123.38427 -72.91816 -1057.4275
123.598625 -74.789 -1058.0658
123.598656 -74.78898 -1058.0659
123.872215 -76.32968 -1058.5939
124.15206 -77.591156 -1059.0248
124.49926 -78.902916 -1059.4313
124.49929 -78.902885 -1059.4314
124.96703 -80.48668 -1059.875
125.467 -82.11339 -1060.2776
125.93499 -83.70666 -1060.6064
125.93499 -83.706635 -1060.6064
126.326256 -85.21869 -1060.8618
126.645836 -86.75064 -1061.0632
126.908104 -88.39136 -1061.2245
126.90807 -88.39134 -1061.2244
127.08468 -89.98858 -1061.3224
127.17962 -91.38201 -1061.4124
127.227196 -92.54392 -1061.5024
127.227196 -92.543915 -1061.5023
127.24551 -93.744026 -1061.5209
127.24038 -95.2826 -1061.5554
127.24041 -95.28257 -1061.5554
127.19665 -97.12781 -1061.6924
127.106224 -98.98285 -1061.8783
126.99044 -100.65076 -1062.1075
126.99044 -100.65074 -1062.1078
126.86938 -102.08176 -1062.3883
126.73391 -103.42926 -1062.73
126.57406 -104.85516 -1063.1614
126.57406 -104.85514 -1063.1615
126.40441 -106.32926 -1063.6696
126.24926 -107.807434 -1064.208
126.134605 -109.20042 -1064.7021
126.134636 -109.2004 -1064.702
126.05407 -110.52834 -1065.1337
125.98092 -111.908714 -1065.5337
125.98092 -111.90869 -1065.5337
125.90005 -113.35758 -1065.8933
125.82964 -114.72809 -1066.2079
125.78698 -115.89801 -1066.4796
125.78698 -115.898 -1066.4795
125.75085 -116.94059 -1066.6718
125.702934 -117.959724 -1066.7856
125.605064 -119.046715 -1066.8435
125.605064 -119.04671 -1066.8435
125.481895 -120.15591 -1066.8313
125.42889 -121.21669 -1066.7529
125.47106 -122.13271 -1066.6353
125.47106 -122.1327 -1066.6353
125.52917 -122.93224 -1066.4684
125.61465 -123.7905 -1066.2284
125.76803 -124.71587 -1065.907
125.76803 -124.71586 -1065.907
125.97402 -125.67378 -1065.5077
126.180595 -126.54045 -1065.0734
126.180595 -126.540436 -1065.0734
126.37609 -127.384865 -1064.576
126.53652 -128.19753 -1064.0206
126.66244 -129.01678 -1063.4092
126.66241 -129.01678 -1063.409
126.757744 -129.76704 -1062.8442
126.833 -130.40671 -1062.3978
126.90148 -130.97615 -1062.0494
126.90151 -130.97614 -1062.0496
126.97988 -131.54034 -1061.759
127.12139 -132.21611 -1061.4827
127.36172 -132.94772 -1061.2767
127.36172 -132.94771 -1061.2769
127.632256 -133.68759 -1061.1161
127.87298 -134.37144 -1060.9781
128.14542 -135.03528 -1060.8627
128.14539 -135.03526 -1060.8625
128.50671 -135.79825 -1060.7559
128.95007 -136.61316 -1060.682
128.95004 -136.61314 -1060.682
129.43027 -137.36932 -1060.6735
129.98853 -138.12822 -1060.738
130.65878 -138.9275 -1060.884
130.65875 -138.92749 -1060.8842
37.354713 8.27935 -60.769985
37.336937 7.701042 -60.949047
43.121483 9.903358 -67.831985
48.45002 10.900749 -75.06852
48.369118 10.26165 -75.15238
53.987694 8.454185 -83.66528
59.531303 4.432762 -93.395134
59.74346 5.077736 -93.49783
59.531303 4.432732 -93.39513
65.30007 -2.416466 -103.99528
65.5971 -1.769859 -104.23556
65.30007 -2.416466 -103.99526
68.46258 -14.082069 -114.98554
70.96987 -23.976097 -125.56928
70.52224 -24.453957 -125.199875
72.64895 -28.899376 -134.9877
72.29681 -29.422401 -134.80142
73.79339 -31.801643 -142.13072
73.79336 -31.801659 -142.13072
75.155876 -32.68093 -149.19167
76.36199 -33.168938 -155.94276
77.28115 -33.357353 -162.90059
78.02108 -33.350166 -169.92148
78.02105 -33.350166 -169.92148
78.76998 -32.60781 -177.45685
78.53326 -33.0848 -177.48871
79.07198 -31.905846 -186.79259
78.84133 -32.36962 -186.83456
79.057976 -30.58628 -198.61017
78.83196 -31.036964 -198.66025
78.77981 -28.767952 -212.5372
78.55709 -29.208824 -212.58963
78.5364 -26.94738 -226.81703
78.31634 -27.383202 -226.86356
78.66436 -25.755867 -240.06497
78.447655 -26.188362 -240.09624
78.66439 -25.755852 -240.06502
78.447655 -26.188347 -240.09628
79.25243 -25.399895 -252.05794
79.039604 -25.825935 -252.06944
79.93795 -25.974525 -263.32474
80.88839 -26.054573 -274.57928
81.64428 -25.505394 -286.38455
82.147606 -23.9795 -298.81198
82.71444 -20.975533 -311.49997
82.51052 -21.378716 -311.58652
83.14251 -17.267448 -324.24185
82.93746 -17.667763 -324.37024
83.84847 -12.62632 -336.70905
83.64822 -13.018303 -336.87808
83.84847 -12.626305 -336.70908
83.64825 -13.018272 -336.8781
84.98238 -7.596764 -348.77673
84.79409 -7.977409 -348.97028
84.98235 -7.596779 -348.77667
84.79409 -7.977425 -348.9702
86.59081 -2.880714 -360.4658
86.416466 -3.252495 -360.6604
88.6202 1.177895 -371.87292
88.455925 0.810631 -372.05484
88.455925 0.810631 -372.0548
91.004906 4.754143 -383.11417
90.84603 4.388115 -383.28583
93.60604 8.158714 -394.37192
93.44863 7.791405 -394.5403
96.213646 11.550072 -405.87537
96.0541 11.180122 -406.04184
96.213646 11.550041 -405.87537
96.05407 11.180107 -406.04175
98.56078 14.745323 -418.00064
100.87728 18.810127 -430.25314
100.70901 18.438911 -430.41193
100.70898 18.438911 -430.4119
102.45455 22.30468 -442.4603
102.28063 21.93583 -442.60568
103.52303 25.132317 -454.3111
103.70095 25.502876 -454.17505
103.52303 25.132286 -454.31107
104.90948 28.395363 -465.22787
104.7286 28.018105 -465.36157
106.359856 31.350365 -476.5088
106.17617 30.962517 -476.64914
108.258354 34.64492 -488.8825
108.0722 34.244255 -489.03415
108.25832 34.644905 -488.88245
108.07217 34.24424 -489.03412
110.56115 38.29397 -502.30423
110.37249 37.882378 -502.46548
113.27181 41.178215 -517.2495
113.077446 40.759315 -517.3794
113.27181 41.178215 -517.24945
113.077446 40.7593 -517.3794
115.536644 43.4497 -533.7626
115.3467 43.053795 -533.8471
115.79351 48.61799 -550.4303
115.61486 48.291664 -550.534
115.79351 48.617973 -550.43024
115.61486 48.29168 -550.534
116.16277 54.41828 -563.1412
119.7759 58.51928 -574.0538
119.77584 58.51925 -574.0537
124.396935 62.076607 -585.65875
124.204704 61.655067 -585.8181
128.18765 62.847862 -594.44806
131.75739 62.914925 -602.6686
131.75732 62.91494 -602.6686
133.35568 60.370308 -612.87555
130.50504 55.355965 -627.2977
130.76279 55.87626 -627.56793
130.50507 55.355995 -627.29767
124.35656 50.73542 -643.5282
120.416466 47.91323 -659.34436
120.251976 47.549004 -659.1974
120.25201 47.549034 -659.1974
119.05157 45.48803 -673.62384
119.073235 44.719658 -686.67645
120.270134 44.924644 -698.5323
120.2701 44.92463 -698.5322
122.05453 45.586357 -709.94214
123.67477 46.52952 -721.676
123.524315 46.21911 -721.72754
123.67477 46.529503 -721.67615
123.524315 46.219093 -721.72754
124.516106 46.895897 -734.0269
124.36831 46.596214 -734.0577
124.91369 46.65113 -746.8903
125.200584 46.2519 -760.1585
125.241295 45.710854 -773.68585
125.241264 45.710823 -773.68585
125.79696 45.40339 -787.2946
125.67196 45.15383 -787.2895
126.58779 44.799385 -800.83936
126.46566 44.555595 -800.83923
127.47567 44.34353 -814.2119
127.356926 44.106133 -814.2146
127.47564 44.34353 -814.212
127.35696 44.106133 -814.21466
128.08997 43.772118 -827.296
127.973656 43.540062 -827.2933
128.43558 43.171623 -840.09534
128.32285 42.946953 -840.08813
128.78473 42.63369 -852.13
129.40994 42.587273 -862.82745
129.51596 42.800423 -862.8179
129.40994 42.587257 -862.82745
130.34152 42.782356 -872.4851
130.23749 42.572014 -872.50134
131.28107 42.997307 -880.9523
131.17725 42.78559 -880.9779
132.25623 43.61515 -889.0142
132.15463 43.406715 -889.0491
132.25626 43.615166 -889.01434
132.15463 43.406715 -889.04913
133.28494 44.715034 -897.0299
133.18616 44.511436 -897.0753
134.54742 45.7844 -905.349
134.45065 45.582863 -905.3958
136.16995 46.936287 -914.3261
136.07452 46.734123 -914.3788
137.89618 48.229225 -922.9926
137.80075 48.024193 -923.05664
137.80078 48.024223 -923.0568
139.48068 49.821938 -931.9497
139.38107 49.611122 -932.02045
141.15717 51.78968 -940.25165
141.05777 51.576424 -940.3392
142.66379 54.308693 -947.95593
142.5658 54.102333 -948.06006
142.56586 54.102364 -948.0601
144.00955 56.99903 -954.2233
145.31506 59.501274 -958.3865
145.23633 59.32557 -958.52386
146.42435 61.391167 -961.9567
146.35004 61.218605 -962.09076
147.44327 63.07688 -965.49567
147.3685 62.903877 -965.61914
147.36853 62.903893 -965.61926
148.1839 64.36425 -969.49066
148.60742 65.34121 -973.3551
148.81955 66.057884 -976.72125
148.728 65.872765 -976.7605
148.78183 66.29064 -979.56323
148.68927 66.10488 -979.5806
148.78186 66.29067 -979.5633
148.6893 66.10491 -979.58075
148.6435 66.34655 -982.1508
148.55109 66.16146 -982.1512
148.32666 66.10696 -984.6147
147.99661 65.91677 -987.4051
147.99661 65.9168 -987.4052
147.5774 65.587456 -990.35376
147.17053 65.27441 -993.38007
147.0853 65.10293 -993.3241
146.69644 64.652214 -996.18994
146.61365 64.48568 -996.1232
146.15976 63.705254 -998.9358
146.15973 63.705223 -998.9358
145.79877 62.944664 -1001.7135
145.72076 62.788445 -1001.63336
145.38223 61.960136 -1004.20844
145.30664 61.808952 -1004.12573
145.0037 61.025993 -1006.3951
144.9302 60.879265 -1006.3123
145.00366 61.025963 -1006.3951
144.9302 60.87925 -1006.3123
144.61853 60.15061 -1008.46606
144.54709 60.008293 -1008.38416
144.16663 59.24537 -1010.7486
144.09741 59.107704 -1010.6681
143.71402 58.406944 -1012.9988
143.64673 58.273354 -1012.9199
143.28387 57.663277 -1015.1401
143.21799 57.5328 -1015.0628
143.28384 57.66323 -1015.14
143.21796 57.53277 -1015.06274
142.90689 57.057137 -1017.0299
142.84186 56.92878 -1016.9538
142.54376 56.45205 -1018.9002
142.47913 56.3256 -1018.8245
142.15582 55.67063 -1021.0591
142.09097 55.54682 -1020.98285
142.15582 55.670647 -1021.05914
142.091 55.54682 -1020.98285
141.75299 54.63314 -1023.1682
141.57285 53.744865 -1025.2797
141.50333 53.629692 -1025.1982
141.42877 52.77207 -1026.9316
141.35455 52.662666 -1026.8475
141.2969 51.663475 -1028.2384
141.3775 51.76632 -1028.324
141.2969 51.66346 -1028.2384
141.3964 50.591484 -1029.7291
141.3088 50.494896 -1029.6439
141.49567 49.146446 -1031.195
141.39975 49.056618 -1031.1118
141.70267 47.283257 -1032.7682
141.59756 47.200554 -1032.6879
141.70267 47.28324 -1032.7682
141.5976 47.200523 -1032.6879
141.9596 45.26751 -1034.2299
141.84622 45.191475 -1034.1519
142.19342 43.314888 -1035.4772
142.07391 43.245384 -1035.3988
142.37393 41.5877 -1036.497
142.25131 41.523994 -1036.4149
142.49353 40.17814 -1037.2573
142.36908 40.1195 -1037.1716
142.59164 38.780434 -1037.9347
142.46506 38.72593 -1037.8474
142.71976 36.938072 -1038.7057
142.58987 36.88793 -1038.619
142.84482 34.59414 -1039.4932
142.70767 34.551125 -1039.4147
142.84485 34.5942 -1039.4932
142.70767 34.551155 -1039.4147
143.00455 32.050697 -1040.1443
142.86786 32.01554 -1040.0771
143.22336 29.62452 -1040.5924
143.09705 29.594383 -1040.533
143.46655 27.339806 -1040.8263
143.34097 27.311836 -1040.7728
143.46655 27.33982 -1040.8263
143.34094 27.311882 -1040.7727
143.84106 24.97651 -1040.9506
143.70584 24.949348 -1040.8923
144.31216 22.764183 -1040.9869
144.16199 22.739326 -1040.9097
144.16196 22.739342 -1040.9097
144.69342 20.75785 -1040.9166
144.52942 20.736168 -1040.8322
144.78186 18.82235 -1040.6556
145.08307 16.727165 -1040.3911
145.08304 16.72718 -1040.3911
145.72989 14.238045 -1040.0718
145.5433 14.225761 -1040.034
146.32751 11.645256 -1039.739
146.14154 11.64315 -1039.6595
146.79294 9.330727 -1039.4839
146.643 9.338905 -1039.3634
146.79297 9.330772 -1039.4838
146.643 9.338951 -1039.3634
146.9985 7.414619 -1039.1796
147.36182 5.545296 -1039.1244
147.2752 5.556801 -1039.014
147.47864 3.555962 -1038.8162
147.4787 3.556007 -1038.8162
147.55457 1.421761 -1038.5636
147.49655 -0.597267 -1038.273
147.56778 -0.608925 -1038.3687
147.49652 -0.597237 -1038.2728
147.39496 -2.4468 -1038.0408
147.34103 -4.29348 -1037.9413
147.25555 -4.282326 -1037.8628
147.0886 -6.19735 -1037.7023
147.17935 -6.208321 -1037.7722
147.0886 -6.197319 -1037.7021
146.87018 -8.346992 -1037.5371
146.69983 -10.552544 -1037.4291
146.59814 -10.540199 -1037.3823
146.30133 -12.572289 -1037.2527
146.30133 -12.572258 -1037.2528
146.13724 -14.268227 -1037.1821
146.02979 -14.251686 -1037.1539
145.7398 -15.920341 -1037.0625
145.42776 -17.958687 -1036.9912
145.31726 -17.937798 -1036.9773
145.31732 -17.937752 -1036.9773
144.8479 -20.347496 -1036.9635
144.73325 -20.32331 -1036.9607
144.30533 -22.684685 -1037.0961
144.18063 -22.655937 -1037.0892
143.77399 -24.797615 -1037.381
143.64108 -24.764732 -1037.3756
143.77399 -24.797585 -1037.381
143.64105 -24.764717 -1037.3756
143.17535 -26.623924 -1037.7803
143.04364 -26.585838 -1037.7957
142.5917 -28.395302 -1038.2968
142.46423 -28.351585 -1038.3228
142.59174 -28.395271 -1038.2968
142.46423 -28.35154 -1038.3229
142.04901 -29.997902 -1038.8414
141.92508 -29.949165 -1038.8687
141.49832 -31.503181 -1039.4006
141.37701 -31.450188 -1039.4238
140.91309 -32.944252 -1039.9641
140.79404 -32.88801 -1039.9813
140.91309 -32.944237 -1039.9641
140.79404 -32.887978 -1039.9813
140.2128 -34.475227 -1040.5795
140.0964 -34.41613 -1040.5894
139.36096 -36.1146 -1041.246
139.2479 -36.05288 -1041.2476
138.27228 -37.987175 -1042.018
138.16296 -37.92388 -1042.014
138.27228 -37.98716 -1042.0178
138.163 -37.92385 -1042.0139
136.92978 -40.13305 -1042.9183
136.82434 -40.069206 -1042.9111
135.32819 -42.378395 -1043.9036
133.95084 -44.728462 -1044.9242
133.85107 -44.666557 -1044.9188
133.8511 -44.666527 -1044.9188
132.62476 -46.632988 -1045.819
131.4284 -48.65075 -1046.7606
130.27402 -50.923256 -1047.8
130.17795 -50.867302 -1047.8057
130.27405 -50.92321 -1047.8
130.17801 -50.86727 -1047.8058
129.05832 -53.213387 -1048.8801
128.96332 -53.159798 -1048.89
128.01337 -55.313835 -1049.8617
127.91927 -55.26249 -1049.8749
128.0134 -55.31382 -1049.8617
127.919304 -55.262474 -1049.8749
127.16393 -57.12388 -1050.6948
127.07061 -57.074425 -1050.7106
126.36639 -58.943626 -1051.5188
126.27389 -58.896324 -1051.5375
125.618645 -60.801918 -1052.3461
125.527275 -60.75715 -1052.3694
125.618645 -60.801903 -1052.3461
125.527245 -60.757133 -1052.3693
124.984245 -62.561897 -1053.116
124.89434 -62.519966 -1053.145
124.46731 -64.207214 -1053.8235
124.37966 -64.16817 -1053.8594
123.974144 -65.71815 -1054.5244
123.974174 -65.71812 -1054.5245
123.71804 -67.40958 -1055.1742
123.63967 -67.376465 -1055.229
123.47393 -69.11964 -1055.8892
123.4053 -69.08937 -1055.9568
123.35378 -70.971214 -1056.6525
123.29922 -70.94319 -1056.7328
123.35378 -70.97119 -1056.6525
123.29922 -70.94317 -1056.7327
123.345665 -72.89183 -1057.5173
123.564964 -74.766045 -1058.1595
123.598656 -74.78898 -1058.0658
123.564964 -74.766014 -1058.1595
123.872215 -76.32968 -1058.5938
123.84835 -76.30791 -1058.6906
124.15203 -77.591156 -1059.0248
124.139244 -77.56895 -1059.1232
124.49496 -78.88036 -1059.5294
124.49929 -78.90288 -1059.4313
124.49496 -78.88034 -1059.5294
124.97103 -80.4641 -1059.9717
125.47805 -82.091484 -1060.3724
125.93499 -83.706665 -1060.6064
125.95022 -83.68643 -1060.6997
125.93499 -83.70664 -1060.6064
125.95022 -83.68642 -1060.6997
126.326256 -85.2187 -1060.8618
126.343254 -85.201065 -1060.9541
126.64587 -86.75065 -1061.0632
126.6632 -86.736275 -1061.1548
126.908134 -88.39136 -1061.2245
126.92397 -88.38038 -1061.3152
126.92394 -88.38037 -1061.3151
127.08468 -89.98858 -1061.3223
127.09579 -89.981026 -1061.4122
127.17965 -91.38201 -1061.4124
127.19091 -91.37682 -1061.4993
127.227196 -92.54392 -1061.5023
127.24175 -92.540016 -1061.5819
127.24175 -92.54001 -1061.5818
127.24554 -93.744026 -1061.5208
127.25536 -93.74107 -1061.5924
127.24038 -95.2826 -1061.5552
127.24709 -95.279854 -1061.6274
127.24041 -95.28257 -1061.5553
127.24712 -95.27983 -1061.6276
127.19665 -97.1278 -1061.6924
127.20916 -97.124466 -1061.7712
127.10619 -98.98285 -1061.8782
127.12414 -98.978195 -1061.9583
126.99041 -100.65076 -1062.1075
127.01272 -100.64432 -1062.1835
126.99044 -100.65074 -1062.1077
127.01272 -100.644295 -1062.1833
126.89721 -102.073296 -1062.4596
126.73391 -103.42927 -1062.7299
126.766075 -103.41873 -1062.7979
126.57403 -104.85516 -1063.1614
126.60955 -104.84272 -1063.2267
126.60952 -104.8427 -1063.2267
126.44314 -106.315285 -1063.7329
126.24926 -107.80744 -1064.208
126.291466 -107.79276 -1064.2697
126.134605 -109.20042 -1064.702
126.18041 -109.18622 -1064.7621
126.134636 -109.2004 -1064.7019
126.18041 -109.1862 -1064.7621
126.102715 -110.51523 -1065.1925
126.03094 -111.89661 -1065.5927
126.03094 -111.89658 -1065.5927
125.94961 -113.34671 -1065.9541
125.82967 -114.72809 -1066.208
125.8861 -114.71979 -1066.2722
125.78701 -115.89802 -1066.4797
125.863365 -115.896126 -1066.532
125.78698 -115.89801 -1066.4795
125.863335 -115.89612 -1066.532
125.75085 -116.9406 -1066.6718
125.83648 -116.945564 -1066.6993
125.77892 -117.9663 -1066.803
125.67092 -119.05278 -1066.861
125.67089 -119.052765 -1066.861
125.481895 -120.15591 -1066.8312
125.54528 -120.16115 -1066.8539
125.49828 -121.22048 -1066.7766
125.54388 -122.13337 -1066.6554
125.54388 -122.13336 -1066.6554
125.60186 -122.93042 -1066.4907
125.685844 -123.78786 -1066.2563
125.76803 -124.71588 -1065.9069
125.83843 -124.71255 -1065.9371
125.76803 -124.715866 -1065.9069
125.83843 -124.71253 -1065.9373
125.97405 -125.67378 -1065.5077
126.044945 -125.669815 -1065.5364
126.25274 -126.53595 -1065.0978
126.25271 -126.53594 -1065.0978
126.37606 -127.384865 -1064.5759
126.449455 -127.37991 -1064.5935
126.53649 -128.19753 -1064.0206
126.610435 -128.1922 -1064.0311
126.66244 -129.01678 -1063.409
126.7358 -129.01134 -1063.4153
126.66244 -129.01678 -1063.4089
126.73577 -129.01134 -1063.4152
126.829796 -129.76172 -1062.8495
126.83297 -130.40671 -1062.3977
126.90322 -130.40178 -1062.4056
126.96911 -130.97177 -1062.0631
126.96911 -130.97177 -1062.0632
126.97985 -131.54034 -1061.7589
127.04336 -131.5366 -1061.781
127.12136 -132.21611 -1061.4825
127.18008 -132.21129 -1061.5105
127.418236 -132.93764 -1061.3009
127.418236 -132.93762 -1061.3009
127.632225 -133.68759 -1061.1161
127.68606 -133.67343 -1061.1376
127.87295 -134.37144 -1060.9781
127.922325 -134.35626 -1061.0046
128.19083 -135.0194 -1060.8928
128.1908 -135.01938 -1060.8927
128.50674 -135.79825 -1060.7559
128.54788 -135.78146 -1060.7892
128.98547 -136.59488 -1060.7195
128.98544 -136.59488 -1060.7195
129.45898 -137.34906 -1060.7153
130.01166 -138.10654 -1060.7822
130.6784 -138.90445 -1060.9277
130.65878 -138.92749 -1060.8842
130.6784 -138.90445 -1060.9279
37.223488 7.11068 -61.186474
42.988014 9.270195 -68.057755
48.369102 10.261635 -75.15238
48.18586 9.606438 -75.303375
53.734383 7.801521 -83.715416
59.209938 3.771523 -93.36136
59.531303 4.432762 -93.39513
59.209923 3.771507 -93.36136
65.30007 -2.416451 -103.99528
64.87905 -3.072578 -103.820274
65.30007 -2.416451 -103.99526
64.87902 -3.072578 -103.82026
68.46255 -14.082085 -114.98554
67.89321 -14.601067 -114.63143
69.97079 -24.89672 -124.89333
71.849205 -29.907005 -134.65672
73.79339 -31.801628 -142.13074
73.39797 -32.281593 -142.06522
73.79336 -31.801643 -142.13074
73.39797 -32.281578 -142.06522
75.155876 -32.680916 -149.19165
74.79458 -33.16149 -149.20294
76.0162 -33.643578 -155.97119
77.28115 -33.35737 -162.90059
76.945274 -33.82148 -162.93224
78.02108 -33.35015 -169.92148
77.694756 -33.803185 -169.95662
77.694725 -33.803185 -169.95663
78.214775 -33.52674 -177.526
78.530754 -32.799294 -186.87767
78.83196 -31.036964 -198.66026
78.52804 -31.454521 -198.70744
78.25808 -29.617348 -212.63676
78.31637 -27.383186 -226.86354
78.02099 -27.78704 -226.90485
78.156425 -26.589104 -240.12558
78.447685 -26.188347 -240.09628
78.15649 -26.589104 -240.12561
78.753624 -26.220741 -252.08386
79.93795 -25.97451 -263.32474
79.65774 -26.360542 -263.3301
80.61404 -26.432777 -274.5881
81.37365 -25.87957 -286.40915
81.87646 -24.352913 -298.86185
82.2358 -21.752281 -311.66846
82.93746 -17.667747 -324.37024
82.66024 -18.03872 -324.49173
83.64822 -13.018288 -336.87808
83.375084 -13.381462 -337.04004
83.64825 -13.018257 -336.8781
83.375114 -13.381447 -337.04007
84.79409 -7.977394 -348.97028
84.53347 -8.330086 -349.15915
84.79409 -7.977409 -348.9702
84.53347 -8.330101 -349.1591
86.416466 -3.25248 -360.6604
86.171715 -3.596977 -360.85452
88.223595 0.470314 -372.24057
88.223564 0.470314 -372.2405
90.84603 4.388115 -383.28586
90.62057 4.048927 -383.46457
93.44863 7.79142 -394.5403
93.22494 7.451088 -394.71725
96.05407 11.180122 -406.04184
95.8279 10.837364 -406.2167
95.8279 10.837349 -406.21664
98.56075 14.745323 -418.00064
98.3305 14.400597 -418.17374
100.70901 18.438927 -430.41193
100.473564 18.094963 -430.57532
100.473564 18.094963 -430.5753
102.28063 21.935844 -442.60568
102.04012 21.594078 -442.75275
103.278465 24.788933 -454.4475
103.278435 24.788918 -454.44748
104.480125 27.668571 -465.49622
105.922966 30.603172 -476.79172
107.81429 33.872993 -489.18994
107.81429 33.872963 -489.18988
110.11013 37.500984 -502.6322
113.077415 40.759315 -517.3794
112.809654 40.371162 -517.5183
113.077415 40.7593 -517.3794
112.809654 40.371162 -517.51825
115.3467 43.053795 -533.84705
115.088646 42.687004 -533.93945
115.61483 48.291664 -550.53394
115.37707 47.99038 -550.63043
115.61486 48.291664 -550.53394
115.37707 47.99035 -550.63043
116.1628 54.418266 -563.1412
115.941124 54.138817 -563.2952
119.7759 58.519295 -574.0538
119.54806 58.183006 -574.2552
119.77587 58.51925 -574.0537
119.54803 58.18299 -574.2551
124.204704 61.655098 -585.8181
123.937645 61.264534 -585.9849
128.18765 62.847893 -594.4481
127.885826 62.413094 -594.5659
131.75735 62.91494 -602.6686
131.40674 62.426292 -602.7449
131.7573 62.914955 -602.6686
131.40674 62.426308 -602.7448
133.35571 60.370308 -612.87555
132.95755 59.848732 -612.7974
130.50504 55.355965 -627.29767
130.14944 54.873863 -627.0365
130.50507 55.35598 -627.2976
130.1495 54.873894 -627.03644
124.09667 50.330437 -643.26825
120.022026 47.21157 -659.04614
120.251976 47.549034 -659.1974
120.02209 47.211586 -659.0461
119.0516 45.48803 -673.62384
118.82931 45.182487 -673.55536
119.073235 44.719673 -686.67645
118.86108 44.427345 -686.66266
120.270134 44.92463 -698.5323
120.06182 44.63285 -698.5693
120.06179 44.632835 -698.5692
122.05453 45.586372 -709.9422
121.85046 45.29618 -710.0079
123.524345 46.219124 -721.72754
123.32055 45.93151 -721.78406
123.524345 46.21911 -721.7276
123.32052 45.93148 -721.78406
124.36828 46.596214 -734.0577
124.16897 46.318565 -734.09174
124.91369 46.651146 -746.8903
124.72289 46.387108 -746.9058
125.200584 46.25193 -760.15857
125.018425 46.000603 -760.1581
125.241295 45.71087 -773.6859
125.06756 45.471428 -773.67694
125.241264 45.710854 -773.6859
125.06753 45.471413 -773.67694
125.67196 45.153847 -787.28955
125.50411 44.92266 -787.2876
126.46566 44.55561 -800.83923
126.30181 44.329765 -800.8434
127.356926 44.106148 -814.2146
127.197624 43.886208 -814.22144
127.35696 44.106133 -814.2147
127.19759 43.886223 -814.2216
127.973656 43.540077 -827.29333
127.81756 43.32508 -827.2941
128.32285 42.946968 -840.08813
128.17157 42.738792 -840.0839
128.63629 42.42881 -852.1332
129.40994 42.587288 -862.82745
129.26743 42.38978 -862.8397
129.40997 42.587273 -862.8275
129.2674 42.389748 -862.8397
130.23749 42.57203 -872.50134
130.09738 42.377113 -872.52075
131.17725 42.78559 -880.97797
131.03705 42.589424 -881.00696
132.01706 43.213554 -889.0867
132.15463 43.406715 -889.0492
132.01706 43.213585 -889.08673
133.05194 44.322807 -897.12244
134.31897 45.39614 -905.4452
136.0745 46.734123 -914.3788
135.94391 46.54682 -914.4349
137.80072 48.024193 -923.0567
137.66925 47.83422 -923.12415
137.80075 48.024223 -923.0568
137.66925 47.834236 -923.1243
139.38107 49.611122 -932.0205
139.24405 49.415825 -932.09314
141.05777 51.576424 -940.33923
140.91971 51.378914 -940.4283
142.42905 53.91117 -948.16364
142.56586 54.102364 -948.0602
142.42911 53.9112 -948.1637
144.00955 56.99903 -954.2234
143.88422 56.82554 -954.35065
145.23633 59.32557 -958.5239
145.12097 59.162727 -958.6607
146.35004 61.218605 -962.0907
146.24005 61.058754 -962.22516
147.259 62.743553 -965.74347
147.36853 62.903893 -965.6192
147.25903 62.7436 -965.7435
148.06992 64.20049 -969.5928
148.48676 65.172325 -973.4231
148.728 65.872734 -976.7605
148.60406 65.701256 -976.79944
148.56467 65.93279 -979.5978
148.5647 65.93282 -979.59784
148.55112 66.16146 -982.1512
148.42694 65.98995 -982.15137
148.20358 65.937004 -984.6008
147.87534 65.74941 -987.37775
147.99664 65.91677 -987.4052
147.87534 65.74944 -987.3778
147.57742 65.587456 -990.35376
147.45859 65.42391 -990.3124
146.96939 64.94399 -993.2694
146.61365 64.48571 -996.1232
146.50046 64.33144 -996.0583
146.15979 63.705254 -998.9358
146.04932 63.55564 -998.86346
146.15976 63.705223 -998.9358
146.04929 63.55561 -998.8634
145.7208 62.788445 -1001.63336
145.61331 62.643654 -1001.55536
145.20209 61.66883 -1004.0452
144.8284 60.74331 -1006.2319
144.9302 60.87925 -1006.3124
144.82837 60.743294 -1006.2318
144.54709 60.00831 -1008.38416
144.44809 59.876488 -1008.30457
144.09741 59.107704 -1010.66815
144.00137 58.9802 -1010.5901
143.64673 58.273354 -1012.92
143.5534 58.149605 -1012.84357
143.21799 57.5328 -1015.06287
143.12659 57.411934 -1014.9879
143.12656 57.411903 -1014.98785
142.84186 56.928795 -1016.95386
142.75177 56.809883 -1016.8801
142.38977 56.20849 -1018.75146
142.09097 55.546806 -1020.98285
142.00165 55.432045 -1020.9097
142.091 55.546806 -1020.98285
142.00168 55.432045 -1020.9098
141.75299 54.63314 -1023.1683
141.66238 54.52186 -1023.0942
141.41 53.523018 -1025.1228
141.25711 52.561317 -1026.7715
141.2969 51.66349 -1028.2384
141.19382 51.56817 -1028.1635
141.19379 51.56817 -1028.1635
141.3088 50.49488 -1029.6439
141.19974 50.405357 -1029.5715
141.39975 49.056602 -1031.1117
141.28366 48.973335 -1031.0437
141.5976 47.200554 -1032.6877
141.47372 47.123924 -1032.6248
141.5976 47.200523 -1032.6877
141.71533 45.121056 -1034.093
142.07391 43.2454 -1035.3988
141.9375 43.180977 -1035.3411
142.25131 41.523994 -1036.415
142.11185 41.464928 -1036.3541
142.36908 40.1195 -1037.1718
142.22766 40.0651 -1037.1074
142.46506 38.72593 -1037.8475
142.32156 38.675438 -1037.7819
142.58987 36.88793 -1038.6191
142.44342 36.841454 -1038.5546
142.70767 34.551125 -1039.4148
142.55551 34.51116 -1039.36
142.70767 34.551155 -1039.4148
142.55554 34.511208 -1039.3601
142.86789 32.01554 -1040.0771
142.71555 31.981514 -1040.0333
143.09705 29.594398 -1040.533
142.95609 29.563469 -1040.4965
143.20941 27.283195 -1040.743
143.20938 27.28321 -1040.743
143.70587 24.949348 -1040.8923
143.57193 24.921654 -1040.859
144.16202 22.739311 -1040.9098
144.01627 22.713158 -1040.8624
144.16202 22.739342 -1040.9098
144.01627 22.713173 -1040.8625
144.52945 20.736168 -1040.8322
144.3729 20.7127 -1040.7806
144.6217 18.801338 -1040.6208
145.08307 16.727165 -1040.3912
144.92172 16.708763 -1040.3768
144.92172 16.708809 -1040.3768
145.54327 14.225761 -1040.034
145.37012 14.210945 -1040.0321
146.14151 11.643135 -1039.6595
145.9479 11.635536 -1039.6327
146.4596 9.341789 -1039.2871
146.45956 9.34182 -1039.287
146.85391 7.424126 -1039.0754
147.2752 5.556786 -1039.014
147.16537 5.567818 -1038.9113
147.47864 3.555946 -1038.8163
147.39264 3.567451 -1038.7162
147.4787 3.556007 -1038.8163
147.39267 3.567513 -1038.7163
147.55457 1.421761 -1038.5637
147.47638 1.433327 -1038.4698
147.49652 -0.597267 -1038.273
147.41006 -0.585823 -1038.1912
147.49649 -0.597252 -1038.273
147.41006 -0.585808 -1038.191
147.39496 -2.446815 -1038.0408
147.30167 -2.43557 -1037.9697
147.15784 -4.2714 -1037.8007
147.0886 -6.19735 -1037.7024
146.98706 -6.186653 -1037.6498
147.0886 -6.197319 -1037.7023
146.98706 -6.186607 -1037.6498
146.76483 -8.335976 -1037.4965
146.59818 -10.540199 -1037.3822
146.48969 -10.528114 -1037.3547
146.30136 -12.572289 -1037.2527
146.19089 -12.558281 -1037.2368
146.30133 -12.572258 -1037.2527
146.19089 -12.55825 -1037.2369
146.02979 -14.251686 -1037.1538
145.91843 -14.235527 -1037.1456
145.62793 -15.902122 -1037.0597
145.31726 -17.937782 -1036.9773
145.2052 -17.917381 -1036.9841
145.31732 -17.937737 -1036.9773
145.2052 -17.91735 -1036.9843
144.73325 -20.323326 -1036.9607
144.62112 -20.299797 -1036.9795
144.18063 -22.655937 -1037.0894
144.06342 -22.627754 -1037.1053
143.64108 -24.764732 -1037.3757
143.5155 -24.730995 -1037.3931
143.64105 -24.764717 -1037.3757
143.5155 -24.73095 -1037.3931
143.04364 -26.585838 -1037.7955
142.9223 -26.546455 -1037.832
142.46423 -28.351585 -1038.3226
142.34872 -28.306389 -1038.3685
142.46423 -28.35154 -1038.3228
142.34872 -28.306374 -1038.3687
141.81345 -29.898811 -1038.9152
141.37701 -31.450203 -1039.4238
141.2677 -31.39547 -1039.4663
140.79404 -32.888023 -1039.9813
140.68634 -32.829887 -1040.0181
140.79404 -32.887993 -1039.9813
140.68634 -32.829857 -1040.0181
140.0964 -34.41613 -1040.5895
139.99039 -34.35505 -1040.6189
139.24792 -36.05288 -1041.2476
139.1441 -35.989037 -1041.2689
138.163 -37.923866 -1042.014
138.06207 -37.858467 -1042.0299
138.16302 -37.923836 -1042.0139
138.0621 -37.858437 -1042.0298
136.82437 -40.06919 -1042.9113
136.72672 -40.003227 -1042.9236
135.32819 -42.37838 -1043.9037
135.23373 -42.31286 -1043.9149
133.75906 -44.602608 -1044.9319
133.7591 -44.602577 -1044.9319
132.53442 -46.571022 -1045.8356
131.33963 -48.590797 -1046.7802
130.17801 -50.867302 -1047.8057
130.09076 -50.809456 -1047.8281
130.17804 -50.867256 -1047.8058
130.09082 -50.809425 -1047.8281
128.96335 -53.159798 -1048.89
128.87756 -53.104393 -1048.9159
127.83468 -55.20942 -1049.9036
127.919304 -55.262474 -1049.8748
127.83465 -55.209404 -1049.9034
127.07064 -57.074425 -1050.7104
126.9869 -57.02334 -1050.7412
126.27392 -58.896324 -1051.5375
126.19128 -58.847466 -1051.571
125.44613 -60.710915 -1052.4069
125.4461 -60.710915 -1052.4069
124.89434 -62.519966 -1053.1449
124.81524 -62.47666 -1053.1876
124.30355 -64.12789 -1053.9081
123.902306 -65.6809 -1054.5803
123.90237 -65.68086 -1054.5804
123.6397 -67.376465 -1055.229
123.57461 -67.342224 -1055.2937
123.35107 -69.058075 -1056.0316
123.29922 -70.943184 -1056.7328
123.25988 -70.914246 -1056.8173
123.25988 -70.91422 -1056.8173
123.322716 -72.86442 -1057.6085
123.564964 -74.76605 -1058.1595
123.54742 -74.74044 -1058.2557
123.564964 -74.76602 -1058.1595
123.54745 -74.74042 -1058.2557
123.84835 -76.3079 -1058.6907
123.840935 -76.28262 -1058.789
124.139275 -77.56895 -1059.1232
124.142876 -77.54311 -1059.221
124.50671 -78.8541 -1059.6252
124.49499 -78.88034 -1059.5294
124.50671 -78.85407 -1059.6252
124.990654 -80.43787 -1060.0647
125.47805 -82.091484 -1060.3726
125.50414 -82.066055 -1060.4624
125.95025 -83.68643 -1060.6997
125.980156 -83.66293 -1060.7875
125.980156 -83.66291 -1060.7875
126.343285 -85.201065 -1060.9541
126.37484 -85.180565 -1061.0408
126.66323 -86.736275 -1061.1548
126.69503 -86.71954 -1061.2408
126.924034 -88.38038 -1061.3152
126.95431 -88.36757 -1061.401
126.92397 -88.38037 -1061.3152
126.95428 -88.36755 -1061.4009
127.09582 -89.981026 -1061.4122
127.12127 -89.97222 -1061.4982
127.19091 -91.37682 -1061.4994
127.21499 -91.37113 -1061.5809
127.24175 -92.54001 -1061.582
127.26748 -92.53613 -1061.6537
127.24175 -92.54 -1061.5819
127.26745 -92.53612 -1061.6536
127.25536 -93.74107 -1061.5925
127.27621 -93.73822 -1061.6594
127.24712 -95.279854 -1061.6274
127.26583 -95.277214 -1061.7014
127.247154 -95.27983 -1061.6276
127.26586 -95.27718 -1061.7015
127.20919 -97.12446 -1061.7712
127.23531 -97.121346 -1061.8555
127.156395 -98.97401 -1062.0441
127.04919 -100.63854 -1062.2638
127.01269 -100.644295 -1062.1833
127.04919 -100.63852 -1062.2638
126.89724 -102.07329 -1062.4596
126.93923 -102.06569 -1062.5342
126.766106 -103.41873 -1062.7979
126.81237 -103.40923 -1062.868
126.60955 -104.84273 -1063.2268
126.6592 -104.83149 -1063.2933
126.65923 -104.83146 -1063.2936
126.44314 -106.31528 -1063.7329
126.49615 -106.30267 -1063.7971
126.291466 -107.792755 -1064.2697
126.348076 -107.77955 -1064.3317
126.240776 -109.173454 -1064.8215
126.240776 -109.17344 -1064.8217
126.102745 -110.51523 -1065.1925
126.1661 -110.503426 -1065.25
126.03094 -111.89661 -1065.5925
126.09576 -111.88569 -1065.6495
126.09576 -111.885666 -1065.6497
126.01415 -113.33699 -1066.0131
125.8861 -114.71978 -1066.2722
125.95983 -114.71457 -1066.3243
125.863365 -115.89612 -1066.532
125.950554 -115.89861 -1066.5602
125.95052 -115.8986 -1066.5602
125.83651 -116.945564 -1066.6993
125.918724 -116.95241 -1066.7083
125.84966 -117.97336 -1066.8075
125.67089 -119.05278 -1066.861
125.73415 -119.05896 -1066.8673
125.73415 -119.05895 -1066.8673
125.54525 -120.16115 -1066.8539
125.60995 -120.166306 -1066.8657
125.57128 -121.223526 -1066.7877
125.61913 -122.132095 -1066.662
125.54388 -122.133354 -1066.6554
125.61913 -122.132095 -1066.6619
125.60186 -122.93042 -1066.4906
125.677055 -122.92579 -1066.4991
125.685875 -123.78786 -1066.2563
125.76031 -123.7816 -1066.2708
125.83846 -124.71255 -1065.9371
125.91241 -124.70464 -1065.9545
125.83846 -124.71253 -1065.9373
125.91241 -124.70463 -1065.9545
126.11895 -125.66037 -1065.5522
126.32696 -126.52524 -1065.1096
126.25271 -126.535934 -1065.0978
126.32699 -126.52523 -1065.1096
126.523705 -127.36819 -1064.599
126.610466 -128.1922 -1064.0311
126.684135 -128.17964 -1064.0299
126.73583 -129.01134 -1063.4153
126.80828 -128.99841 -1063.41
126.80825 -128.99841 -1063.4099
126.90084 -129.74905 -1062.8436
126.90322 -130.40178 -1062.4058
126.97292 -130.39009 -1062.4025
126.96914 -130.97177 -1062.0631
127.037285 -130.96141 -1062.0657
126.96914 -130.97177 -1062.0632
127.037285 -130.9614 -1062.0658
127.04336 -131.53659 -1061.781
127.10891 -131.5276 -1061.7917
127.18008 -132.21127 -1061.5105
127.241844 -132.20206 -1061.5276
127.477165 -132.92418 -1061.3143
127.41827 -132.93762 -1061.3009
127.477165 -132.92416 -1061.3145
127.68603 -133.67343 -1061.1377
127.74175 -133.65668 -1061.1489
127.97442 -134.3386 -1061.0214
128.23947 -135.00095 -1060.9136
128.23944 -135.00095 -1060.9136
128.59277 -135.76195 -1060.8137
128.9855 -136.59488 -1060.7195
129.02539 -136.57361 -1060.749
129.02536 -136.5736 -1060.749
129.45901 -137.34908 -1060.7153
129.49289 -137.3255 -1060.75
130.01169 -138.10655 -1060.7822
130.04031 -138.0813 -1060.8198
130.70352 -138.87798 -1060.9651
130.70352 -138.87796 -1060.9651
37.012215 6.537743 -61.47475
42.754036 8.653984 -68.3399
47.903526 8.968788 -75.51771
53.385185 7.166374 -83.83501
58.789574 3.128029 -93.4025
58.78956 3.128014 -93.4025
64.34771 -3.704323 -103.723816
64.34771 -3.704353 -103.72381
67.220116 -15.065941 -114.368195
69.3326 -25.279457 -124.67048
71.31905 -30.325874 -134.56453
72.925285 -32.696434 -142.04079
72.925255 -32.696434 -142.04079
74.355156 -33.576866 -149.23909
75.59298 -34.05384 -156.01917
76.53274 -34.22271 -162.97702
77.29308 -34.194786 -170.00084
77.29305 -34.194786 -170.00085
77.82229 -33.908714 -177.56744
78.14794 -33.170708 -186.91978
78.15368 -31.815437 -198.74901
77.89016 -29.970436 -212.6757
77.657616 -28.136116 -226.93846
77.797844 -26.935524 -240.15143
77.797905 -26.935509 -240.15147
78.40145 -26.562035 -252.10089
79.31307 -26.694206 -263.34222
80.276634 -26.759727 -274.60352
81.04034 -26.20301 -286.43604
81.542076 -24.675697 -298.90823
81.89681 -22.075157 -311.74146
82.31744 -18.359337 -324.59985
83.03536 -13.695412 -337.18646
83.03539 -13.695396 -337.18655
84.20638 -8.634941 -349.33374
84.20638 -8.634972 -349.33368
85.86193 -3.894783 -361.03857
87.92806 0.176079 -372.42136
87.92809 0.176094 -372.42136
90.33315 3.755714 -383.64224
92.9396 7.156914 -394.89496
95.53994 10.541039 -406.3924
95.53994 10.541023 -406.39233
98.03799 14.102562 -418.34644
100.17617 17.7976 -430.7359
100.17614 17.797585 -430.7359
101.73846 21.298607 -442.8946
102.9728 24.492134 -454.57776
102.9728 24.492134 -454.57773
104.16985 27.366447 -465.62527
105.60619 30.292519 -476.92972
107.4905 33.55204 -489.34265
107.49047 33.552025 -489.3426
109.77987 37.171257 -502.79697
112.47457 40.035606 -517.6603
112.47457 40.035606 -517.6602
114.76858 42.369957 -534.0359
115.086235 47.730873 -550.7145
115.086235 47.730873 -550.7144
115.667076 53.898415 -563.43115
119.257744 57.89225 -574.44916
119.25771 57.892235 -574.44904
123.60174 60.926872 -586.1516
127.51092 62.03791 -594.6954
130.97644 62.005333 -602.8452
130.97641 62.005302 -602.8452
132.4715 59.398766 -612.7535
129.70416 54.457146 -626.7978
129.7042 54.45716 -626.7977
123.760155 49.980293 -643.0103
119.73165 46.919838 -658.89734
119.73171 46.91987 -658.8973
118.55453 44.918373 -673.4933
118.59966 44.174675 -686.65326
119.804436 44.38064 -698.61005
119.804405 44.380623 -698.6099
121.597435 45.04534 -710.0773
123.06823 45.68284 -721.84326
123.06823 45.682823 -721.8433
123.92303 46.07853 -734.12756
124.48785 46.158806 -746.9236
124.79412 45.783348 -760.1605
124.8536 45.264458 -773.67053
124.85357 45.264442 -773.6706
125.2976 44.7228 -787.2891
126.10027 44.134544 -800.85187
127.00158 43.696175 -814.23254
127.00158 43.69616 -814.2326
127.62551 43.13923 -827.2987
127.985344 42.55886 -840.08307
128.45349 42.251686 -852.1388
129.09177 42.219032 -862.8542
129.09177 42.219017 -862.85425
129.92468 42.208626 -872.5426
130.86389 42.419838 -881.03796
131.84677 43.046593 -889.1253
131.8468 43.046608 -889.1255
132.88544 44.15972 -897.169
134.1553 45.23472 -905.495
135.78122 46.38491 -914.4921
137.50473 47.66996 -923.1921
137.50476 47.66999 -923.1922
139.07272 49.246956 -932.164
140.74615 51.208138 -940.5144
142.25656 53.74592 -948.26154
142.25659 53.74595 -948.2616
143.7237 56.67559 -954.4703
144.97119 59.021965 -958.79
146.0964 60.92051 -962.3533
147.11673 62.604942 -965.8624
147.11676 62.604973 -965.8625
147.92444 64.05889 -969.6904
148.33585 65.02636 -973.48755
148.45062 65.553 -976.8359
148.41101 65.78402 -979.61365
148.41104 65.78405 -979.6138
148.27396 65.84173 -982.1514
148.05191 65.79012 -984.5877
147.72568 65.60479 -987.3522
147.72568 65.60479 -987.3523
147.31165 65.282555 -990.27386
146.82553 64.80666 -993.2188
146.35953 64.19811 -995.9982
145.91138 63.426247 -998.79675
145.91132 63.426247 -998.7967
145.47867 62.518486 -1001.4836
145.07089 61.547707 -1003.9712
144.70056 60.62577 -1006.15784
144.70056 60.62574 -1006.15784
144.32373 59.762505 -1008.2315
143.88077 58.869926 -1010.5184
143.43604 58.04267 -1012.77344
143.01178 57.307457 -1014.9192
143.01175 57.307426 -1014.9191
142.63861 56.707054 -1016.8126
142.27765 56.1072 -1018.6849
141.8899 55.3328 -1020.84357
141.88992 55.3328 -1020.8436
141.54977 54.425667 -1023.0284
141.29523 53.430824 -1025.0576
141.139 52.473717 -1026.708
141.07123 51.48574 -1028.1035
141.07123 51.485725 -1028.1035
141.07254 50.32795 -1029.5165
141.15106 48.90136 -1030.9955
141.33524 47.057655 -1032.5839
141.33527 47.05764 -1032.5839
141.57141 45.060127 -1034.0581
141.78918 43.125267 -1035.3083
141.96063 41.41384 -1036.3191
142.07452 40.01803 -1037.0695
142.16653 38.631783 -1037.7432
142.28595 36.801308 -1038.5176
142.39432 34.47654 -1039.3339
142.39438 34.476585 -1039.334
142.55399 31.950401 -1040.017
142.80334 29.532509 -1040.4855
143.07059 27.253578 -1040.7389
143.07056 27.253593 -1040.7388
143.43906 24.89338 -1040.8495
143.87607 22.68615 -1040.8408
143.87607 22.68618 -1040.8408
144.22458 20.68792 -1040.7578
144.47238 18.779121 -1040.6136
144.77402 16.689354 -1040.3882
144.77402 16.6894 -1040.3882
145.215 14.194984 -1040.0555
145.767 11.624336 -1039.6489
146.26413 9.339378 -1039.2615
146.2641 9.339424 -1039.2615
146.68005 7.431511 -1038.9917
147.02975 5.578072 -1038.8193
147.28644 3.578606 -1038.6252
147.28644 3.578682 -1038.6254
147.3815 1.444695 -1038.386
147.30862 -0.574593 -1038.1211
147.3086 -0.574577 -1038.121
147.1948 -2.424446 -1037.912
147.04767 -4.260551 -1037.7528
146.87439 -6.176079 -1037.6125
146.87439 -6.176033 -1037.6125
146.64996 -8.325096 -1037.4723
146.37347 -10.516167 -1037.3446
146.0744 -12.544456 -1037.2391
146.07437 -12.544426 -1037.2393
145.80215 -14.219521 -1037.1561
145.51187 -15.884056 -1037.0758
145.09033 -17.897163 -1037.0101
145.0904 -17.897133 -1037.0103
144.51022 -20.27671 -1037.0183
143.95428 -22.600471 -1037.1425
143.40262 -24.698051 -1037.4307
143.40256 -24.69802 -1037.4307
142.81677 -26.507973 -1037.8861
142.25037 -28.2622 -1038.4304
142.25043 -28.262169 -1038.4305
141.71915 -29.849602 -1038.9772
141.17526 -31.341988 -1039.5245
140.59473 -32.773094 -1040.0709
140.59476 -32.773064 -1040.0709
139.89957 -34.295357 -1040.6652
139.05435 -35.92666 -1041.3077
137.97424 -37.794487 -1042.0631
137.97424 -37.794456 -1042.0631
136.64151 -39.938713 -1042.9534
135.1513 -42.24877 -1043.9431
133.67917 -44.540077 -1044.9613
133.67917 -44.540047 -1044.9613
132.45654 -46.51046 -1045.8677
131.26349 -48.532204 -1046.8147
130.01636 -50.752876 -1047.8647
130.01639 -50.752846 -1047.8649
128.8049 -53.050224 -1048.9552
127.7633 -55.15751 -1049.9451
127.7633 -55.15748 -1049.9451
126.91656 -56.973366 -1050.7845
126.122185 -58.799675 -1051.6165
125.378746 -60.665718 -1052.4554
125.378716 -60.665703 -1052.4553
124.75033 -62.43435 -1053.2402
124.24209 -64.08854 -1053.9658
123.845726 -65.64444 -1054.6439
123.845726 -65.64441 -1054.6439
123.52529 -67.3087 -1055.364
123.31304 -69.02748 -1056.1095
123.23687 -70.88597 -1056.9012
123.23684 -70.885956 -1056.9011
123.315544 -72.83749 -1057.6962
123.54546 -74.71365 -1058.3495
123.54546 -74.71363 -1058.3495
123.84878 -76.255196 -1058.8842
124.16131 -77.515076 -1059.3137
124.532646 -78.825645 -1059.7147
124.53268 -78.82562 -1059.7148
125.02358 -80.409386 -1060.1501
125.54284 -82.03841 -1060.5438
126.02224 -83.63743 -1060.8662
126.02221 -83.63741 -1060.8662
126.41833 -85.15837 -1061.1183
126.7387 -86.70139 -1061.3181
126.996544 -88.35367 -1061.4784
126.996544 -88.35365 -1061.4783
127.158714 -89.96267 -1061.5764
127.24975 -91.365204 -1061.6534
127.30285 -92.53232 -1061.7164
127.30285 -92.53231 -1061.7164
127.307304 -93.73543 -1061.7225
127.29723 -95.27473 -1061.7772
127.297264 -95.2747 -1061.7772
127.277916 -97.11885 -1061.9424
127.206505 -98.97089 -1062.1313
127.10293 -100.63416 -1062.3442
127.10293 -100.63413 -1062.3441
126.99801 -102.05995 -1062.6075
126.87505 -103.40211 -1062.9357
126.72503 -104.823044 -1063.3569
126.72503 -104.82302 -1063.3569
126.56524 -106.29315 -1063.8572
126.42071 -107.76957 -1064.3885
126.31707 -109.1638 -1064.8752
126.31707 -109.16379 -1064.8751
126.24526 -110.49449 -1065.3008
126.176384 -111.87748 -1065.6995
126.176414 -111.87746 -1065.6995
126.09466 -113.32972 -1066.0648
126.04473 -114.71289 -1066.3594
126.03698 -115.904564 -1066.5652
126.03698 -115.90455 -1066.565
125.99328 -116.96012 -1066.7039
125.91482 -117.980774 -1066.8009
125.79488 -119.06526 -1066.8632
125.79488 -119.065254 -1066.8632
125.67513 -120.17127 -1066.8656
125.645226 -121.22555 -1066.7853
125.694145 -122.12897 -1066.6542
125.694145 -122.12895 -1066.654
125.75225 -122.91858 -1066.4933
125.835686 -123.771965 -1066.2712
125.98742 -124.6925 -1065.9579
125.98742 -124.69248 -1065.958
126.193504 -125.645805 -1065.5548
126.40093 -126.5087 -1065.1083
126.40093 -126.50869 -1065.1083
126.59658 -127.35003 -1064.5917
126.75524 -128.16025 -1064.0166
126.877556 -128.97844 -1063.3933
126.877495 -128.97842 -1063.3931
126.96871 -129.72955 -1062.8264
127.03994 -130.37202 -1062.388
127.10378 -130.94542 -1062.0565
127.10378 -130.9454 -1062.0566
127.17437 -131.51373 -1061.7909
127.30474 -132.18878 -1061.5332
127.53643 -132.90796 -1061.3167
127.53643 -132.90794 -1061.3167
127.796715 -133.6383 -1061.1497
128.02655 -134.31944 -1061.028
128.28894 -134.98088 -1060.9249
128.28894 -134.98087 -1060.9248
128.6391 -135.7408 -1060.8292
129.06754 -136.55058 -1060.7698
129.06754 -136.55057 -1060.7698
129.52997 -137.29993 -1060.7765
130.07281 -138.05383 -1060.8497
130.73245 -138.8496 -1060.9944
130.73245 -138.84958 -1060.9944
36.70507 6.016991 -61.80257
42.422356 8.092461 -68.668015
47.528053 8.38781 -75.78964
52.95022 6.587639 -84.02447
58.284065 2.541695 -93.52414
58.28405 2.541679 -93.52415
63.72428 -4.274055 -103.71796
63.724266 -4.274071 -103.71794
66.46554 -15.454903 -114.20945
68.628624 -25.586815 -124.54149
70.7235 -30.66227 -134.52951
72.390434 -33.02961 -142.05933
72.390434 -33.029625 -142.05933
73.851524 -33.910484 -149.2994
75.10561 -34.38331 -156.08545
76.05657 -34.544914 -163.03362
76.82867 -34.50927 -170.05263
77.36822 -34.215508 -177.61165
77.70483 -33.469017 -186.95955
77.720726 -32.10534 -198.7835
77.46499 -30.25402 -212.70491
77.23769 -28.41642 -226.96307
77.38326 -27.213753 -240.17271
77.38329 -27.213722 -240.17276
77.994316 -26.836098 -252.11981
78.91494 -26.962135 -263.36093
79.8868 -27.022285 -274.62537
80.65481 -26.46276 -286.46445
81.15511 -24.934898 -298.9493
81.50436 -22.33448 -311.80264
81.92004 -18.616905 -324.69046
82.639824 -13.947563 -337.31165
82.639854 -13.947517 -337.3117
83.82302 -8.879738 -349.48724
83.82302 -8.879768 -349.48718
85.4967 -4.133888 -361.2057
87.578514 -0.060158 -372.5907
87.578545 -0.060158 -372.59067
89.99273 3.520256 -383.81244
92.601494 6.920647 -395.067
95.19906 10.303062 -406.5625
95.19906 10.303047 -406.5624
97.692314 13.863182 -418.5123
99.82595 17.5588 -430.88782
99.82598 17.5588 -430.8878
101.385 21.061348 -443.02585
102.615715 24.253761 -454.697
102.615715 24.253761 -454.69693
103.807396 27.123787 -465.744
105.23574 30.043007 -477.0581
107.11089 33.294273 -489.48676
107.11086 33.29426 -489.48666
109.39202 36.9065 -502.9536
112.082695 39.766182 -517.8003
112.082695 39.766167 -517.80023
114.3966 42.11535 -534.13306
114.75143 47.5232 -550.7827
114.75143 47.523216 -550.78265
115.349266 53.706245 -563.5435
118.91387 57.658577 -574.6284
118.91384 57.65856 -574.6283
123.20739 60.655693 -586.31226
127.07464 61.737526 -594.8321
130.48001 61.668938 -602.96643
130.47998 61.668922 -602.96643
131.91309 59.03852 -612.7461
129.18301 54.12249 -626.5908
129.18304 54.122505 -626.59076
123.35726 49.69909 -642.7638
119.389854 46.685555 -658.75684
119.389854 46.68557 -658.75684
118.23592 44.70626 -673.44006
118.297295 43.971733 -686.6487
119.50619 44.178078 -698.65295
119.50619 44.178062 -698.6529
121.30334 44.84388 -710.1479
122.77529 45.483147 -721.90314
122.77529 45.48313 -721.90314
123.638084 45.88572 -734.16376
124.215996 45.97544 -746.94293
124.534874 45.608925 -760.1661
124.606255 45.098244 -773.6673
124.606224 45.09823 -773.66736
125.05892 44.56228 -787.29425
125.86736 43.977715 -800.86444
126.77505 43.54348 -814.2474
126.77505 43.54348 -814.2475
127.40362 42.989983 -827.30707
127.770164 42.41439 -840.0858
128.24219 42.10946 -852.14685
128.88861 42.0819 -862.8704
128.88864 42.081886 -862.8705
129.72482 42.07331 -872.5663
130.66327 42.283623 -881.07007
131.64923 42.9125 -889.1638
131.64926 42.912514 -889.16394
132.69183 44.02874 -897.21356
133.96487 45.10505 -905.5434
135.59146 46.254906 -914.54834
137.31241 47.53811 -923.2579
137.31244 47.538124 -923.25806
138.87244 49.111366 -932.2307
140.54248 51.070946 -940.5947
142.05368 53.613197 -948.3501
142.05368 53.613213 -948.35016
143.53293 56.555153 -954.5775
144.7916 58.908867 -958.90686
145.92343 60.80947 -962.4704
146.94608 62.493614 -965.97174
146.94608 62.493645 -965.9718
147.75189 63.945152 -969.7799
148.15942 64.90914 -973.546
148.27267 65.43389 -976.86865
148.23318 65.66451 -979.62775
148.23325 65.66454 -979.6278
148.09708 65.72265 -982.1514
147.87643 65.67211 -984.57605
147.55234 65.48861 -987.32947
147.55234 65.48864 -987.3296
147.14105 65.169 -990.2398
146.65817 64.69634 -993.1742
146.19522 64.090996 -995.94556
145.75021 63.32235 -998.7382
145.75018 63.322304 -998.73816
145.32108 62.418022 -1001.4208
144.91714 61.450447 -1003.9065
144.55069 60.531364 -1006.0932
144.55069 60.531334 -1006.09314
144.17789 59.670937 -1008.1676
143.73923 58.78138 -1010.4558
143.29843 57.956734 -1012.71234
142.87714 57.223564 -1014.8595
142.8771 57.223534 -1014.85944
142.50595 56.62452 -1016.754
142.14627 56.02587 -1018.62726
141.75919 55.25309 -1020.7872
141.75922 55.25309 -1020.7872
141.41864 54.348366 -1022.9735
141.1626 53.356728 -1025.0054
141.00397 52.403328 -1026.6598
140.93307 51.419533 -1028.0613
140.93301 51.419518 -1028.0613
140.93124 50.265755 -1029.4813
141.00638 48.84353 -1030.9694
141.18686 47.004417 -1032.5671
141.18686 47.004402 -1032.5671
141.41953 45.011208 -1034.0491
141.634 43.080544 -1035.303
141.80295 41.372826 -1036.3119
141.91495 39.980247 -1037.0598
142.00528 38.596703 -1037.7335
142.12292 36.769035 -1038.5101
142.22986 34.448692 -1039.3379
142.22989 34.44874 -1039.338
142.38983 31.923836 -1040.0306
142.64487 29.503029 -1040.5029
142.92575 27.223274 -1040.7616
142.92575 27.22329 -1040.7615
143.30615 24.864235 -1040.8651
143.7417 22.658607 -1040.8428
143.7417 22.658638 -1040.8428
144.08499 20.662483 -1040.7592
144.3341 18.75631 -1040.6293
144.63965 16.66935 -1040.4208
144.63965 16.66938 -1040.4208
145.07706 14.178307 -1040.1
145.60733 11.611336 -1039.694
146.0773 9.331642 -1039.2935
146.0773 9.331688 -1039.2933
146.48743 7.432655 -1038.9717
146.867 5.586754 -1038.7474
147.15808 3.589241 -1038.5466
147.15808 3.589287 -1038.5466
147.26895 1.455864 -1038.3132
147.19156 -0.563515 -1038.064
147.19153 -0.563484 -1038.0638
147.07379 -2.413551 -1037.8687
146.92477 -4.249916 -1037.7206
146.75034 -6.165657 -1037.5919
146.75037 -6.165627 -1037.5919
146.52545 -8.3144 -1037.4656
146.24963 -10.504417 -1037.353
145.952 -12.530861 -1037.2609
145.952 -12.53083 -1037.2609
145.68118 -14.203758 -1037.1866
145.39197 -15.866325 -1037.1119
144.9732 -17.877342 -1037.0566
144.97324 -17.877296 -1037.0568
144.40039 -20.254066 -1037.0776
143.85202 -22.57389 -1037.1996
143.30365 -24.666435 -1037.4872
143.30365 -24.666405 -1037.487
142.7287 -26.471123 -1037.956
142.17062 -28.219948 -1038.5066
142.17068 -28.219917 -1038.5067
141.64346 -29.802452 -1039.0529
141.10086 -31.290794 -1039.5966
140.52054 -32.718742 -1040.1383
140.52054 -32.71871 -1040.1383
139.82513 -34.238228 -1040.7266
138.97983 -35.866936 -1041.3624
137.90082 -37.733223 -1042.1127
137.90085 -37.733208 -1042.1127
136.57004 -39.8769 -1042.9995
135.08224 -42.1874 -1043.9874
133.61252 -44.4802 -1045.006
133.61252 -44.48017 -1045.006
132.39215 -46.452477 -1045.9142
131.20108 -48.47608 -1046.8628
129.95584 -50.698708 -1047.9143
129.95587 -50.698677 -1047.9144
128.74625 -52.998344 -1049.0068
127.70611 -55.107857 -1049.9984
127.70614 -55.107826 -1049.9983
126.86053 -56.92553 -1050.839
126.0675 -58.75393 -1051.6725
125.32601 -60.62246 -1052.5138
125.32598 -60.622444 -1052.5137
124.70037 -62.393837 -1053.3019
124.195915 -64.050804 -1054.031
123.80483 -65.60952 -1054.7134
123.80486 -65.60948 -1054.7135
123.49212 -67.27664 -1055.4382
123.291374 -68.99821 -1056.1885
123.22988 -70.85891 -1056.9829
123.22988 -70.85889 -1056.9829
123.32357 -72.8116 -1057.7783
123.5581 -74.68692 -1058.4368
123.55813 -74.68689 -1058.4368
123.87017 -76.2273 -1058.9716
124.19219 -77.48655 -1059.3972
124.57006 -78.79673 -1059.7937
124.57006 -78.79671 -1059.7937
125.06695 -80.38042 -1060.224
125.590965 -82.01029 -1060.6129
126.07302 -83.61146 -1060.9326
126.07302 -83.611435 -1060.9326
126.47033 -85.135735 -1061.1836
126.790794 -86.682976 -1061.3832
127.04723 -88.33959 -1061.544
127.04723 -88.33958 -1061.5438
127.2051 -89.952995 -1061.6437
127.29327 -91.35935 -1061.7151
127.34725 -92.5286 -1061.7709
127.34725 -92.52859 -1061.7709
127.34881 -93.73269 -1061.7825
127.34341 -95.272545 -1061.8527
127.34341 -95.272514 -1061.8527
127.345085 -97.11826 -1062.0135
127.28631 -98.97181 -1062.1876
127.183464 -100.63553 -1062.3925
127.183464 -100.635506 -1062.3925
127.0801 -102.061745 -1062.6472
126.9584 -103.404335 -1062.969
126.80947 -104.82567 -1063.3857
126.80947 -104.825645 -1063.3856
126.6513 -106.29611 -1063.8818
126.5089 -107.77267 -1064.4092
126.40722 -109.16682 -1064.8907
126.40725 -109.166794 -1064.8907
126.33691 -110.49727 -1065.3121
126.2691 -111.88003 -1065.7091
126.2691 -111.880005 -1065.7091
126.18792 -113.33206 -1066.076
126.13424 -114.71742 -1066.3627
126.11553 -115.91244 -1066.5533
126.1155 -115.91244 -1066.5532
126.05999 -116.96837 -1066.6886
125.97448 -117.98837 -1066.7849
125.85345 -119.071724 -1066.8488
125.85345 -119.07171 -1066.8486
125.74044 -120.17606 -1066.8525
125.717705 -121.226555 -1066.7687
125.76656 -122.12412 -1066.6324
125.76656 -122.124115 -1066.6324
125.825066 -122.90902 -1066.4738
125.90942 -123.75923 -1066.2577
126.06112 -124.67649 -1065.9476
126.06112 -124.676476 -1065.9476
126.26632 -125.62663 -1065.5441
126.47225 -126.486885 -1065.0944
126.47222 -126.48687 -1065.0942
126.665764 -127.32612 -1064.5723
126.82162 -128.13467 -1063.9917
126.9414 -128.95212 -1063.3657
126.94137 -128.95212 -1063.3656
127.03121 -129.70386 -1062.7987
127.10229 -130.34825 -1062.3625
127.16665 -130.92435 -1062.0363
127.16668 -130.92433 -1062.0364
127.23769 -131.49548 -1061.7786
127.36669 -132.1719 -1061.5273
127.59353 -132.88968 -1061.3083
127.59353 -132.88966 -1061.3083
127.8482 -133.61934 -1061.141
128.07587 -134.29994 -1061.0251
128.33643 -134.96045 -1060.9268
128.33643 -134.96045 -1060.9266
128.6843 -135.71925 -1060.8354
129.10959 -136.52711 -1060.7814
129.10956 -136.5271 -1060.7814
129.56812 -137.2739 -1060.794
130.10718 -138.02597 -1060.8707
130.76337 -138.82106 -1061.0153
130.76337 -138.82104 -1061.0153
131.2622 -139.23712 -1060.8546
36.70507 6.017006 -61.80257
36.30993 5.575798 -62.157516
42.000572 7.614967 -69.0309
47.528053 8.387794 -75.78964
47.06922 7.89373 -76.11133
52.95022 6.587654 -84.02447
52.442497 6.095543 -84.280624
58.28408 2.541695 -93.52414
57.709724 2.043098 -93.72695
58.284065 2.541679 -93.52415
57.70971 2.043098 -93.726944
63.72431 -4.274071 -103.71796
63.02926 -4.752892 -103.80842
63.724297 -4.274071 -103.71794
63.02923 -4.752892 -103.8084
65.65414 -15.75251 -114.16214
68.628654 -25.586815 -124.5415
67.8818 -25.80851 -124.510956
70.7235 -30.66227 -134.52953
70.08184 -30.9049 -134.55295
72.390434 -33.029594 -142.05933
71.810875 -33.269905 -142.12033
71.810875 -33.26992 -142.12035
73.30007 -34.151146 -149.38196
74.57 -34.620995 -156.16794
75.53216 -34.77729 -163.10022
76.82867 -34.509254 -170.05264
76.31661 -34.736107 -170.1104
76.31661 -34.736107 -170.11041
76.8673 -34.436806 -177.65718
77.70483 -33.469017 -186.95953
77.215935 -33.684196 -186.99562
77.720695 -32.105324 -198.7835
77.24319 -32.314445 -198.80971
77.46493 -30.25402 -212.70491
76.99627 -30.458565 -212.72336
77.23769 -28.41642 -226.96306
76.77483 -28.61863 -226.97774
77.38326 -27.213737 -240.1727
76.92602 -27.414421 -240.1887
77.38329 -27.213722 -240.17274
76.92605 -27.414406 -240.18874
77.54537 -27.03379 -252.14009
78.91494 -26.96215 -263.36093
78.47613 -27.155403 -263.3856
79.8868 -27.0223 -274.62537
79.45702 -27.211662 -274.65283
80.229546 -26.650124 -286.4935
80.72811 -25.12188 -298.98383
81.50436 -22.334496 -311.8026
81.07119 -22.521568 -311.85
81.920006 -18.61689 -324.69046
81.48077 -18.80265 -324.76044
82.639824 -13.947548 -337.31165
82.201225 -14.129356 -337.4114
82.639824 -13.947517 -337.3117
82.201256 -14.129341 -337.41147
83.395836 -9.056282 -349.61472
83.82299 -8.879768 -349.48718
83.395836 -9.056313 -349.6147
85.496666 -4.133888 -361.20566
85.08773 -4.306358 -361.35046
87.18621 -0.230568 -372.74295
87.578514 -0.060143 -372.59064
87.18618 -0.230568 -372.74292
89.61031 3.350441 -383.96967
92.601494 6.920647 -395.06696
92.22155 6.750267 -395.22766
95.19903 10.303062 -406.56247
94.816246 10.131462 -406.72137
95.19903 10.303047 -406.5624
94.816216 10.131447 -406.7213
97.69228 13.863197 -418.5123
97.30462 13.690605 -418.66605
99.43435 17.38659 -431.02606
99.43438 17.386574 -431.02603
101.38503 21.061348 -443.02582
100.991264 20.890236 -443.14227
102.615715 24.253761 -454.69696
102.21874 24.081856 -454.80127
102.615715 24.253761 -454.6969
102.21871 24.081856 -454.8012
103.80743 27.123787 -465.74396
103.404625 26.948769 -465.84848
104.82348 29.86306 -477.17273
107.11089 33.29429 -489.48676
106.68774 33.108376 -489.6175
107.11086 33.294273 -489.48666
106.687706 33.108376 -489.6174
108.95904 36.71557 -503.09714
111.64669 39.571877 -517.93365
111.64666 39.57186 -517.9336
114.3966 42.115364 -534.13306
113.98473 41.931755 -534.2277
114.75143 47.523216 -550.7827
114.38354 47.374214 -550.833
114.75146 47.523216 -550.78265
114.38354 47.374184 -550.83295
115.3493 53.706245 -563.5436
114.99807 53.56852 -563.6287
118.91387 57.658592 -574.6284
118.5277 57.489784 -574.78723
118.91384 57.658577 -574.62836
118.52767 57.489754 -574.7872
123.20739 60.655693 -586.3123
122.76739 60.45997 -586.4617
127.07467 61.737526 -594.83215
126.59121 61.521904 -594.9716
130.48004 61.668938 -602.96643
129.93369 61.428383 -603.1047
130.47998 61.668922 -602.9664
129.93365 61.428368 -603.1046
131.91312 59.03852 -612.74615
131.30045 58.780052 -612.776
129.18304 54.12249 -626.5909
128.60297 53.881203 -626.42267
129.18307 54.12252 -626.5908
128.60297 53.881218 -626.4226
123.35729 49.69912 -642.76385
122.901115 49.4963 -642.5369
119.00768 46.516563 -658.6291
119.389854 46.6856 -658.7568
119.007744 46.51658 -658.629
117.8839 44.553246 -673.3974
118.297295 43.97175 -686.64874
117.96377 43.8254 -686.64923
119.17672 44.031975 -698.69684
119.50616 44.178062 -698.6529
119.17669 44.031944 -698.6968
120.977776 44.69854 -710.2174
122.45135 45.339134 -721.9618
123.32354 45.746666 -734.19946
123.91616 45.843224 -746.96326
124.249016 45.4831 -760.1745
124.606224 45.098244 -773.66736
124.33364 44.97837 -773.6675
124.606224 45.098213 -773.6674
124.33361 44.97834 -773.6675
125.05889 44.562263 -787.29425
124.79586 44.446495 -787.3029
125.86736 43.97773 -800.8645
125.61074 43.86463 -800.881
126.77505 43.543465 -814.24744
126.52535 43.433327 -814.2658
126.77505 43.54348 -814.24756
126.52535 43.433327 -814.26587
127.40362 42.989967 -827.3071
127.15911 42.882317 -827.3191
127.770164 42.414375 -840.0858
127.533104 42.310158 -840.092
128.24219 42.109444 -852.14685
128.00928 42.006844 -852.15717
128.66464 41.982994 -862.888
128.66464 41.98298 -862.88806
129.72482 42.073296 -872.5662
129.50433 41.97573 -872.591
130.44174 42.185417 -881.1025
131.43085 42.815804 -889.2009
131.64926 42.9125 -889.164
131.43088 42.81582 -889.20105
132.69183 44.02874 -897.2136
132.47754 43.934288 -897.2547
133.96487 45.10505 -905.54346
133.7539 45.011513 -905.58905
135.59146 46.25492 -914.54834
135.38095 46.16108 -914.6019
137.31241 47.53811 -923.25793
137.09851 47.442986 -923.31964
137.09854 47.443016 -923.31976
138.64975 49.013557 -932.29126
140.3153 50.972008 -940.6666
141.82703 53.517494 -948.4267
142.05368 53.613228 -948.35016
141.82703 53.51751 -948.42676
143.53296 56.555153 -954.5775
143.31827 56.468285 -954.6692
144.7916 58.908867 -958.9069
144.58795 58.82728 -959.00775
145.7268 60.729393 -962.5729
146.75253 62.413353 -966.06793
146.94608 62.49366 -965.9718
146.75256 62.413383 -966.06805
147.75189 63.945183 -969.7799
147.55798 63.863136 -969.8586
148.15942 64.90914 -973.5461
147.9632 64.82455 -973.5968
148.27267 65.43389 -976.8686
148.07587 65.348015 -976.89667
148.23318 65.66451 -979.6278
148.03693 65.57836 -979.63983
148.23325 65.66454 -979.62787
148.03699 65.57839 -979.6399
147.90192 65.6368 -982.15137
147.68283 65.58703 -984.5662
147.36087 65.40484 -987.3105
147.36093 65.40484 -987.31055
146.95251 65.08712 -990.2115
146.47281 64.61675 -993.13727
146.01288 64.013725 -995.9021
145.5711 63.247414 -998.69006
145.57108 63.2474 -998.69
145.32108 62.418022 -1001.42084
145.14563 62.34556 -1001.369
144.91714 61.450447 -1003.90643
144.74585 61.380318 -1003.85333
144.55069 60.53138 -1006.09314
144.3837 60.463295 -1006.0402
144.55069 60.53135 -1006.09314
144.38364 60.46328 -1006.04016
144.17789 59.67095 -1008.1676
144.01532 59.604958 -1008.11536
143.73923 58.781364 -1010.4558
143.58154 58.71752 -1010.4048
143.29843 57.956734 -1012.7124
143.14502 57.894783 -1012.6625
142.72705 57.163124 -1014.8109
142.8771 57.22355 -1014.85944
142.72702 57.163094 -1014.8107
142.50595 56.62452 -1016.7541
142.35815 56.565025 -1016.70636
142.14627 56.025856 -1018.62726
141.99994 55.967216 -1018.5807
141.61383 55.19567 -1020.7423
141.61383 55.195686 -1020.7424
141.27328 54.292686 -1022.9316
141.01639 53.303307 -1024.968
141.00394 52.403343 -1026.6598
140.85641 52.352592 -1026.6285
140.93307 51.419548 -1028.0613
140.78384 51.371834 -1028.0382
140.93301 51.419533 -1028.0613
140.78384 51.37182 -1028.0382
140.93127 50.26574 -1029.4813
140.78058 50.22097 -1029.4673
140.85443 48.801872 -1030.9661
141.18686 47.004433 -1032.5671
141.03345 46.966072 -1032.5751
141.18689 47.004402 -1032.5671
141.03348 46.966057 -1032.5752
141.26462 44.975945 -1034.0664
141.634 43.08056 -1035.303
141.47714 43.048332 -1035.325
141.80295 41.37284 -1036.3119
141.64386 41.34327 -1036.3331
141.91495 39.980263 -1037.0598
141.75406 39.95298 -1037.0793
141.84305 38.571404 -1037.7532
142.1229 36.769035 -1038.5103
141.95963 36.745796 -1038.5328
142.22986 34.448692 -1039.338
142.06747 34.428566 -1039.3724
142.0675 34.42861 -1039.3726
142.38983 31.923851 -1040.0305
142.22934 31.902977 -1040.0747
142.64487 29.503029 -1040.5028
142.48798 29.47657 -1040.5498
142.77948 27.193321 -1040.813
142.77948 27.193336 -1040.813
143.30615 24.86422 -1040.8651
143.17297 24.83419 -1040.9078
143.7417 22.658592 -1040.8428
143.61261 22.63047 -1040.868
143.61261 22.6305 -1040.868
143.95468 20.636742 -1040.7812
144.20706 18.733253 -1040.6644
144.5184 16.649162 -1040.4711
144.63965 16.66938 -1040.4209
144.51843 16.649193 -1040.4711
144.9555 14.161263 -1040.1616
145.60733 11.61132 -1039.694
145.46954 11.597496 -1039.7582
145.91309 9.320946 -1039.3617
145.91306 9.320976 -1039.3617
146.48743 7.432655 -1038.9716
146.297 7.428413 -1039.0083
146.867 5.586754 -1038.7473
146.68103 5.59211 -1038.7134
147.15808 3.589226 -1038.5466
147.00586 3.598915 -1038.485
147.15808 3.589302 -1038.5465
147.00592 3.598961 -1038.4851
147.26895 1.455849 -1038.3131
147.13724 1.466545 -1038.2551
147.19156 -0.563515 -1038.0638
147.0578 -0.552834 -1038.0237
147.0578 -0.552803 -1038.0237
146.93799 -2.403069 -1037.8436
146.78864 -4.239708 -1037.7081
146.61478 -6.155617 -1037.5918
146.6148 -6.155586 -1037.5917
146.52545 -8.314384 -1037.4656
146.3916 -8.304054 -1037.4805
146.24966 -10.504417 -1037.353
146.11877 -10.493095 -1037.3838
145.95203 -12.530861 -1037.261
145.82477 -12.517723 -1037.3057
145.95203 -12.53083 -1037.261
145.8248 -12.517693 -1037.3057
145.68118 -14.203728 -1037.1866
145.55676 -14.18853 -1037.2404
145.39197 -15.86631 -1037.112
145.2695 -15.849251 -1037.1719
144.9732 -17.877342 -1037.0568
144.85526 -17.858208 -1037.1274
144.97324 -17.877296 -1037.0569
144.85529 -17.858162 -1037.1274
144.40039 -20.254051 -1037.0776
144.29285 -20.232063 -1037.1603
143.75595 -22.547722 -1037.2764
143.21689 -24.63581 -1037.5615
143.21692 -24.635765 -1037.5614
142.72873 -26.471123 -1037.956
142.65616 -26.435509 -1038.0414
142.10736 -28.179085 -1038.5966
142.10742 -28.179039 -1038.5967
141.6435 -29.802452 -1039.0529
141.58432 -29.756874 -1039.1418
141.0427 -31.24128 -1039.682
140.52054 -32.718742 -1040.1382
140.46188 -32.666206 -1040.2192
140.52054 -32.71871 -1040.1382
140.46188 -32.666176 -1040.2194
139.76535 -34.18302 -1040.8025
138.97986 -35.866966 -1041.3624
138.91891 -35.80921 -1041.4324
137.90082 -37.73324 -1042.1127
137.84012 -37.67405 -1042.1777
137.84012 -37.67402 -1042.1777
136.57004 -39.8769 -1042.9994
136.51062 -39.817177 -1043.0608
135.08224 -42.187386 -1043.9874
135.02484 -42.12809 -1044.0468
133.61252 -44.480217 -1045.006
133.55762 -44.42231 -1045.0652
133.61252 -44.480186 -1045.006
133.55765 -44.42228 -1045.0651
132.39215 -46.45249 -1045.9142
132.33972 -46.396416 -1045.9744
131.15079 -48.42182 -1046.924
129.95587 -50.698708 -1047.9143
129.90768 -50.64634 -1047.9764
129.90768 -50.64631 -1047.9764
128.74625 -52.99836 -1049.0068
128.70016 -52.948204 -1049.0702
127.70611 -55.10784 -1049.9984
127.66161 -55.059853 -1050.0629
127.66161 -55.059837 -1050.0629
126.81722 -56.87931 -1050.9042
126.02572 -58.709694 -1051.7388
125.2864 -60.58065 -1052.5818
125.2864 -60.58062 -1052.5818
124.7004 -62.393837 -1053.3019
124.6639 -62.354668 -1053.3721
124.195946 -64.050804 -1054.031
124.1636 -64.01435 -1054.104
123.80483 -65.60951 -1054.7134
123.77822 -65.5758 -1054.7893
123.80489 -65.609474 -1054.7135
123.77825 -65.57577 -1054.7893
123.49212 -67.276634 -1055.4381
123.473625 -67.24564 -1055.5168
123.28466 -68.96986 -1056.2693
123.237785 -70.83274 -1057.0635
123.237785 -70.83272 -1057.0635
123.32357 -72.81159 -1057.7783
123.34582 -72.78652 -1057.8558
123.58419 -74.66099 -1058.5157
123.58416 -74.660965 -1058.5157
123.8702 -76.227295 -1058.9716
123.903496 -76.200226 -1059.0476
124.19219 -77.48654 -1059.3972
124.23348 -77.45887 -1059.4677
124.61657 -78.768616 -1059.859
124.6166 -78.76859 -1059.8591
125.118126 -80.352234 -1060.2837
125.645744 -81.98299 -1060.6676
126.07305 -83.61146 -1060.9326
126.129814 -83.586266 -1060.9844
126.129814 -83.58624 -1060.9844
126.52795 -85.113754 -1061.2343
126.790764 -86.682976 -1061.3832
126.84844 -86.66506 -1061.4338
127.10369 -88.325905 -1061.5955
127.10366 -88.32589 -1061.5953
127.25799 -89.94362 -1061.6976
127.344444 -91.35368 -1061.7657
127.4006 -92.52498 -1061.818
127.4006 -92.52497 -1061.818
127.34884 -93.73269 -1061.7825
127.40188 -93.73004 -1061.8385
127.34344 -95.272545 -1061.8527
127.40801 -95.271034 -1061.9202
127.34344 -95.272514 -1061.8527
127.40804 -95.271 -1061.9203
127.345055 -97.11826 -1062.0135
127.42928 -97.11939 -1062.0629
127.28628 -98.9718 -1062.1876
127.37661 -98.9755 -1062.2142
127.27209 -100.64076 -1062.4113
127.27206 -100.64075 -1062.4113
127.167656 -102.06864 -1062.6581
126.9584 -103.40433 -1062.969
127.0451 -103.41291 -1062.9739
126.895775 -104.83581 -1063.3861
126.895775 -104.835785 -1063.3861
126.73785 -106.30753 -1063.8783
126.5089 -107.77267 -1064.409
126.59618 -107.78464 -1064.4009
126.40722 -109.16681 -1064.8907
126.49502 -109.17836 -1064.8773
126.49502 -109.178345 -1064.8772
126.33691 -110.49728 -1065.3121
126.42504 -110.507965 -1065.294
126.35778 -111.88989 -1065.6888
126.26913 -111.88001 -1065.7091
126.35781 -111.88987 -1065.6888
126.18795 -113.33206 -1066.076
126.27764 -113.34095 -1066.0571
126.13424 -114.71742 -1066.3628
126.21746 -114.72588 -1066.344
126.11556 -115.91244 -1066.5535
126.18441 -115.92121 -1066.531
126.11553 -115.91243 -1066.5533
126.18438 -115.9212 -1066.5309
126.119194 -116.97691 -1066.6648
125.97451 -117.98837 -1066.7849
126.029076 -117.99611 -1066.76
125.85348 -119.071724 -1066.8488
125.91018 -119.07836 -1066.8231
125.85348 -119.07171 -1066.8488
125.91018 -119.07835 -1066.8231
125.74044 -120.17606 -1066.8528
125.805016 -120.18067 -1066.8269
125.717705 -121.22655 -1066.7687
125.78655 -121.22652 -1066.739
125.83416 -122.11768 -1066.5979
125.76656 -122.12411 -1066.6324
125.83416 -122.11767 -1066.5979
125.825066 -122.90901 -1066.4738
125.89315 -122.89743 -1066.4413
125.90942 -123.759224 -1066.2577
125.97924 -123.74383 -1066.2312
126.06109 -124.67649 -1065.9476
126.131096 -124.6571 -1065.9244
126.06109 -124.676476 -1065.9476
126.131096 -124.65709 -1065.9244
126.26629 -125.62663 -1065.544
126.335014 -125.60346 -1065.5204
126.47225 -126.48688 -1065.0942
126.53872 -126.46056 -1065.068
126.47222 -126.48687 -1065.0941
126.53869 -126.46055 -1065.068
126.665764 -127.32611 -1064.5723
126.728966 -127.297295 -1064.5415
126.880974 -128.10379 -1063.9567
126.997856 -128.92032 -1063.3286
126.997856 -128.92032 -1063.3285
127.08633 -129.67276 -1062.7616
127.15783 -130.31952 -1062.3275
127.22384 -130.8989 -1062.0056
127.16668 -130.92435 -1062.0364
127.22384 -130.89888 -1062.0057
127.23766 -131.49548 -1061.7786
127.29681 -131.47343 -1061.7552
127.36666 -132.1719 -1061.5273
127.42541 -132.15219 -1061.5109
127.5935 -132.88968 -1061.3083
127.64623 -132.87033 -1061.2908
127.64623 -132.87032 -1061.2908
127.84817 -133.61934 -1061.141
127.894035 -133.60071 -1061.1241
128.12045 -134.281 -1061.014
128.37991 -134.94063 -1060.92
128.37991 -134.94061 -1060.9199
128.68427 -135.71925 -1060.8354
128.72632 -135.69835 -1060.8329
129.10956 -136.52711 -1060.7814
129.14954 -136.50436 -1060.784
129.14954 -136.50435 -1060.784
129.56808 -137.2739 -1060.794
129.60538 -137.24866 -1060.8024
130.14154 -137.99892 -1060.8827
130.76337 -138.82106 -1061.0151
130.79471 -138.7935 -1061.0276
130.76337 -138.82104 -1061.0151
130.79471 -138.79349 -1061.0276
36.3099 5.575783 -62.157513
35.83985 5.231163 -62.52712
42.000557 7.614967 -69.0309
41.501762 7.239525 -69.416504
47.069206 7.893715 -76.11132
46.541573 7.505226 -76.47244
52.442482 6.095528 -84.280624
51.878456 5.708519 -84.59572
57.70971 2.043083 -93.726944
57.085335 1.650993 -94.00517
57.709694 2.043053 -93.726944
57.08532 1.650993 -94.00518
63.029243 -4.752907 -103.80841
62.28527 -5.122902 -103.99354
63.029213 -4.752907 -103.808395
62.285255 -5.122902 -103.99352
65.65414 -15.752525 -114.162125
64.811424 -15.948082 -114.22877
67.88177 -25.808525 -124.51094
67.11541 -25.936867 -124.580475
70.08181 -30.904915 -134.55293
69.414024 -31.045341 -134.63455
71.810875 -33.26992 -142.12032
71.20455 -33.408974 -142.22224
71.810875 -33.269936 -142.12032
73.30007 -34.151146 -149.38194
72.71789 -34.290382 -149.48433
74.57 -34.620995 -156.16792
74.00268 -34.758537 -156.26418
75.53216 -34.777306 -163.10019
74.9757 -34.91178 -163.17474
76.31658 -34.736107 -170.11038
75.7727 -34.867363 -170.17235
76.31658 -34.736122 -170.11038
75.7727 -34.86738 -170.17235
76.86724 -34.436806 -177.65717
76.33495 -34.564873 -177.70256
77.215904 -33.684196 -186.99562
76.69628 -33.80871 -187.02672
77.24316 -32.314445 -198.8097
76.73589 -32.435417 -198.82669
76.99621 -30.458565 -212.72334
76.49853 -30.576927 -212.73036
76.7748 -28.618645 -226.97772
76.28332 -28.73565 -226.98189
76.92602 -27.414421 -240.18867
76.4403 -27.530556 -240.19887
76.92602 -27.414406 -240.18872
76.44033 -27.530525 -240.1989
77.54534 -27.033806 -252.14005
77.06844 -27.148155 -252.16104
78.4761 -27.155418 -263.38553
78.01025 -27.267235 -263.4153
79.00082 -27.321236 -274.68497
80.229546 -26.650139 -286.49347
79.7777 -26.758522 -286.52213
80.72811 -25.121895 -298.9838
80.27416 -25.23011 -299.01056
81.07119 -22.521599 -311.84998
80.61062 -22.629845 -311.88184
81.480736 -18.802666 -324.7604
81.01327 -18.910133 -324.80737
82.201195 -14.129387 -337.41138
81.73315 -14.234581 -337.48233
82.201225 -14.129356 -337.41144
81.73318 -14.234566 -337.4824
83.395836 -9.056297 -349.6147
82.93798 -9.158455 -349.71182
83.395805 -9.056328 -349.61462
82.93798 -9.158485 -349.71176
85.0877 -4.306374 -361.35043
84.6477 -4.406197 -361.46786
86.763176 -0.329216 -372.87296
87.18615 -0.230583 -372.7429
86.763145 -0.329231 -372.87292
89.61028 3.35041 -383.96964
89.19759 3.252098 -384.10858
92.22155 6.750237 -395.22763
91.81139 6.651634 -395.3718
94.816216 10.131432 -406.72134
94.40328 10.032173 -406.864
94.816216 10.131416 -406.72128
94.40328 10.032158 -406.86392
97.30459 13.690575 -418.666
96.8868 13.590736 -418.8027
99.43432 17.386574 -431.026
99.01342 17.286919 -431.14618
99.43435 17.386559 -431.026
99.01342 17.286903 -431.14615
100.991234 20.890236 -443.14224
100.56933 20.79116 -443.24005
102.21871 24.081856 -454.80124
101.79406 23.982338 -454.88712
102.21868 24.08184 -454.80118
101.79406 23.982338 -454.8871
103.404594 26.948753 -465.84845
102.97384 26.847511 -465.9352
104.82345 29.863045 -477.1727
104.382195 29.75895 -477.26968
106.687706 33.10836 -489.61746
106.23403 33.00077 -489.73056
106.687675 33.108345 -489.61737
106.234 33.00077 -489.7305
108.95904 36.715538 -503.09708
108.49444 36.605034 -503.22266
111.64666 39.571846 -517.9336
111.180016 39.459404 -518.056
111.64666 39.57183 -517.93353
111.180016 39.45939 -518.056
113.98473 41.93174 -534.2277
113.54568 41.825554 -534.3169
114.38354 47.37417 -550.8329
113.99389 47.288887 -550.8635
114.38354 47.374153 -550.8329
113.99389 47.288857 -550.8635
114.99807 53.56849 -563.6287
114.62411 53.489662 -563.6838
118.5277 57.489754 -574.78723
118.11092 57.391594 -574.92017
118.52767 57.48974 -574.7872
118.11089 57.39158 -574.92004
122.76739 60.459953 -586.4617
122.29531 60.34658 -586.5949
126.59118 61.521873 -594.97156
126.0754 61.398567 -595.10956
129.35419 61.29209 -603.2556
129.93362 61.428352 -603.10455
129.35419 61.292076 -603.25555
131.30042 58.780037 -612.77594
130.6524 58.632362 -612.8422
128.6029 53.881172 -626.4226
127.98174 53.7416 -626.2988
128.60294 53.881187 -626.4226
127.98177 53.741646 -626.29877
122.901085 49.496284 -642.53687
122.4056 49.37893 -642.337
119.00768 46.516533 -658.629
118.59698 46.418755 -658.51807
119.00771 46.516563 -658.629
118.59698 46.418755 -658.5181
117.88387 44.553246 -673.39734
117.50924 44.46473 -673.36676
117.96377 43.825386 -686.6492
117.60943 43.7407 -686.6547
119.17669 44.031944 -698.69684
118.826164 43.947395 -698.7401
119.17666 44.031944 -698.6968
118.826164 43.947365 -698.74005
120.977745 44.69854 -710.21735
120.63073 44.614464 -710.2836
122.45132 45.339134 -721.96173
122.106224 45.255836 -722.0172
122.45132 45.33912 -721.96173
122.106224 45.25582 -722.0172
123.32354 45.746635 -734.19946
122.98904 45.66622 -734.2334
123.91613 45.843193 -746.9632
123.59756 45.7667 -746.984
124.249016 45.483086 -760.1744
123.94546 45.4103 -760.18536
124.33358 44.97834 -773.6674
124.04403 44.908974 -773.67053
124.33355 44.978325 -773.6674
124.044 44.90896 -773.67053
124.79583 44.44648 -787.30286
124.5165 44.37951 -787.3147
125.61074 43.864586 -800.88086
125.33828 43.799232 -800.9005
126.52532 43.433296 -814.26575
126.260185 43.369606 -814.2869
126.52535 43.433296 -814.2658
126.260216 43.369606 -814.287
127.15908 42.8823 -827.3191
126.89941 42.820015 -827.3342
127.53307 42.310158 -840.092
127.281334 42.24987 -840.10144
128.00922 42.00683 -852.1571
127.7618 41.947502 -852.1693
128.66458 41.98298 -862.88794
128.42657 41.925743 -862.9062
128.66461 41.982964 -862.888
128.4266 41.925743 -862.90625
129.5043 41.975716 -872.59094
129.2699 41.919243 -872.61584
130.44171 42.185387 -881.1024
130.20602 42.128532 -881.13354
131.43082 42.81579 -889.20087
131.19827 42.75985 -889.23505
131.43082 42.81579 -889.201
131.19824 42.759865 -889.2352
132.47751 43.934258 -897.2546
132.24915 43.87963 -897.2906
133.75385 45.011482 -905.589
133.52887 44.957375 -905.63025
135.38092 46.161064 -914.60187
135.156 46.106773 -914.6508
137.09845 47.44297 -923.3196
136.86954 47.387886 -923.375
137.09851 47.443 -923.3197
136.86954 47.38793 -923.3751
138.64972 49.013542 -932.2912
138.41147 48.956917 -932.34344
140.31528 50.971977 -940.66656
140.0716 50.914757 -940.72766
141.827 53.517464 -948.42664
141.58347 53.46209 -948.4884
141.827 53.517494 -948.4267
141.5835 53.46212 -948.4885
143.31824 56.46827 -954.66907
143.08606 56.418007 -954.74194
144.58795 58.827263 -959.0077
144.36655 58.780098 -959.0891
145.7268 60.729347 -962.5728
145.51248 60.683052 -962.657
146.7525 62.413322 -966.0679
146.54205 62.366905 -966.1475
146.54208 62.366936 -966.1476
147.55795 63.863106 -969.85846
147.34851 63.81568 -969.92334
147.96317 64.82452 -973.59674
147.7532 64.7756 -973.63794
148.07587 65.348015 -976.8966
147.86627 65.29833 -976.9189
148.03693 65.57836 -979.6398
147.82837 65.52853 -979.6489
148.03696 65.57839 -979.63983
147.8284 65.52856 -979.64905
147.90189 65.63677 -982.1513
147.69458 65.58709 -982.15106
147.6828 65.587 -984.56616
147.47705 65.53774 -984.5584
147.36084 65.40478 -987.3104
147.15726 65.35638 -987.2958
147.36087 65.40481 -987.3105
147.15732 65.35638 -987.29584
146.95248 65.08709 -990.2114
146.75168 65.03979 -990.18976
146.47278 64.61672 -993.1372
146.27509 64.57073 -993.109
146.01285 64.013695 -995.902
145.81812 63.969032 -995.86896
145.57108 63.2474 -998.68994
145.37952 63.204033 -998.6535
145.57104 63.247383 -998.6899
145.37949 63.204018 -998.6535
145.1456 62.345528 -1001.3689
144.95776 62.303566 -1001.33
144.74579 61.380287 -1003.85315
144.56223 61.3397 -1003.81323
144.38364 60.463264 -1006.04
144.20453 60.42388 -1006.0002
144.3836 60.46325 -1006.04
144.2045 60.42388 -1006.0002
144.01529 59.604927 -1008.11523
143.84094 59.56675 -1008.07605
143.58151 58.717506 -1010.4046
143.41235 58.680565 -1010.36646
143.14502 57.894768 -1012.6624
142.98047 57.858925 -1012.6253
142.72702 57.163094 -1014.81085
142.56607 57.12812 -1014.7747
142.72699 57.163063 -1014.8107
142.56604 57.12809 -1014.77466
142.35812 56.56498 -1016.7063
142.19962 56.53057 -1016.6711
141.99991 55.9672 -1018.5806
141.84311 55.933296 -1018.5465
141.61383 55.195656 -1020.7421
141.45825 55.162453 -1020.7103
141.61383 55.195656 -1020.74225
141.45828 55.162453 -1020.7103
141.27325 54.292656 -1022.9315
141.11813 54.26046 -1022.9039
141.0163 53.303276 -1024.9679
140.86111 53.272392 -1024.9465
140.85638 52.352577 -1026.6284
140.7009 52.323204 -1026.615
140.78381 51.37182 -1028.0382
140.62817 51.3442 -1028.035
140.62814 51.344185 -1028.0349
140.78055 50.220955 -1029.4673
140.62518 50.19503 -1029.475
140.8544 48.801857 -1030.9661
140.69986 48.777763 -1030.9861
141.03345 46.96604 -1032.5751
140.87982 46.94384 -1032.6078
141.03348 46.966026 -1032.5751
140.87982 46.943825 -1032.6079
141.26462 44.97593 -1034.0663
141.11154 44.955513 -1034.1094
141.47711 43.048317 -1035.3248
141.32346 43.029655 -1035.3737
141.64383 41.343254 -1036.333
141.48834 41.32618 -1036.382
141.75403 39.952965 -1037.0792
141.5969 39.937218 -1037.1272
141.84302 38.57139 -1037.753
141.68494 38.556755 -1037.8018
141.95963 36.745766 -1038.5327
141.80121 36.732292 -1038.5846
142.06744 34.428535 -1039.3724
141.91235 34.4168 -1039.4362
142.06747 34.42858 -1039.3724
141.91238 34.416832 -1039.4363
142.22931 31.902977 -1040.0747
142.07782 31.888496 -1040.148
142.48795 29.476555 -1040.5497
142.33942 29.454353 -1040.6255
142.77945 27.19329 -1040.8129
142.63849 27.165092 -1040.8925
142.77945 27.193306 -1040.8129
142.63843 27.165123 -1040.8925
143.17294 24.834175 -1040.9078
143.04178 24.803673 -1040.9784
143.61258 22.630455 -1040.868
143.48798 22.601448 -1040.9182
143.61258 22.630486 -1040.868
143.48798 22.601494 -1040.9182
143.95465 20.636726 -1040.7812
143.83307 20.610527 -1040.8241
144.20703 18.733223 -1040.6644
144.09076 18.709785 -1040.7186
144.51837 16.649132 -1040.4711
144.40988 16.628624 -1040.5388
144.51837 16.649178 -1040.4711
144.40988 16.628654 -1040.5388
144.95547 14.161247 -1040.1616
144.84958 14.143883 -1040.2391
145.46951 11.597466 -1039.758
145.35208 11.583046 -1039.8373
145.91306 9.32093 -1039.3616
145.77539 9.309135 -1039.4459
145.91306 9.320946 -1039.3616
145.77539 9.309181 -1039.4459
146.29697 7.428398 -1039.0082
146.12793 7.420647 -1039.0825
146.68097 5.592094 -1038.7134
146.4898 5.592369 -1038.7338
147.00583 3.5989 -1038.485
146.82999 3.607048 -1038.4469
147.00589 3.598946 -1038.4851
146.83005 3.607079 -1038.4469
147.1372 1.46653 -1038.255
146.98462 1.476524 -1038.2156
147.05777 -0.552849 -1038.0237
146.906 -0.54287 -1038.004
147.05777 -0.552834 -1038.0236
146.906 -0.542839 -1038.0039
146.93796 -2.403069 -1037.8436
146.7864 -2.393242 -1037.8412
146.7886 -4.239708 -1037.7081
146.6387 -4.230171 -1037.7189
146.61475 -6.155632 -1037.5917
146.4675 -6.146248 -1037.6158
146.61478 -6.155586 -1037.5917
146.4675 -6.146202 -1037.616
146.39157 -8.304054 -1037.4803
146.24857 -8.29438 -1037.5208
146.11874 -10.493111 -1037.3837
145.9815 -10.482475 -1037.4408
145.82474 -12.517723 -1037.3055
145.6936 -12.505455 -1037.377
145.82474 -12.517693 -1037.3055
145.6936 -12.505424 -1037.3771
145.55673 -14.188545 -1037.2402
145.43 -14.174355 -1037.3212
145.26944 -15.849266 -1037.1719
145.14581 -15.833321 -1037.2592
144.85522 -17.858223 -1037.1274
144.73819 -17.840324 -1037.2256
144.85529 -17.858177 -1037.1274
144.73822 -17.840279 -1037.2256
144.29282 -20.232079 -1037.1602
144.18939 -20.211235 -1037.2687
143.75592 -22.547737 -1037.2762
143.66635 -22.5223 -1037.3739
143.21686 -24.63581 -1037.5614
143.13998 -24.605675 -1037.6531
143.21689 -24.63578 -1037.5613
143.13998 -24.60566 -1037.653
142.65613 -26.435524 -1038.0413
142.59616 -26.400429 -1038.1415
142.10733 -28.179085 -1038.5966
142.05771 -28.138863 -1038.7
142.10739 -28.179054 -1038.5966
142.05777 -28.138802 -1038.7001
141.58429 -29.75689 -1039.1417
141.539 -29.712059 -1039.244
141.04266 -31.24131 -1039.682
140.99796 -31.192604 -1039.7808
140.46188 -32.66622 -1040.2192
140.41608 -32.61448 -1040.314
140.46188 -32.666206 -1040.2194
140.4161 -32.61445 -1040.314
139.76535 -34.18302 -1040.8024
139.71768 -34.12861 -1040.8922
138.91891 -35.809227 -1041.4321
138.86911 -35.752357 -1041.5165
137.84012 -37.67408 -1042.1776
137.7898 -37.615807 -1042.2572
137.84009 -37.67405 -1042.1775
137.78976 -37.615776 -1042.2572
136.51059 -39.817192 -1043.0607
136.461 -39.75843 -1043.1366
135.02484 -42.128105 -1044.0465
134.97702 -42.06971 -1044.12
133.55762 -44.422325 -1045.065
133.51227 -44.365334 -1045.1378
133.55762 -44.422295 -1045.065
133.5123 -44.36532 -1045.1378
132.33969 -46.396416 -1045.9742
132.29709 -46.341194 -1046.0476
131.11057 -48.3684 -1046.9976
129.90765 -50.646355 -1047.9763
129.86966 -50.59481 -1048.0504
129.90768 -50.646324 -1047.9763
129.86966 -50.59478 -1048.0504
128.7001 -52.94822 -1049.0701
128.66443 -52.89884 -1049.1449
127.66155 -55.059868 -1050.0629
127.62762 -55.01255 -1050.1383
127.66158 -55.059837 -1050.0629
127.62765 -55.012535 -1050.1382
126.81719 -56.879326 -1050.904
126.78457 -56.83381 -1050.9799
126.02569 -58.709694 -1051.7386
125.994774 -58.66616 -1051.8152
125.2864 -60.58065 -1052.5817
125.257866 -60.539467 -1052.659
125.2864 -60.58062 -1052.5817
125.2579 -60.53945 -1052.6592
124.66384 -62.354683 -1053.372
124.638756 -62.316093 -1053.451
124.16357 -64.014366 -1054.1038
124.14303 -63.978477 -1054.1847
123.77819 -65.575806 -1054.7892
123.76388 -65.542595 -1054.8717
123.77822 -65.575775 -1054.7892
123.76391 -65.542564 -1054.8717
123.473595 -67.24565 -1055.5167
123.46789 -67.215126 -1055.6005
123.28463 -68.96987 -1056.269
123.29113 -68.94197 -1056.3528
123.237755 -70.83275 -1057.0634
123.2589 -70.80696 -1057.1439
123.237724 -70.832726 -1057.0634
123.2589 -70.80694 -1057.1438
123.34579 -72.786545 -1057.8557
123.38094 -72.76188 -1057.93
123.58413 -74.66101 -1058.5156
123.62249 -74.63595 -1058.5862
123.58413 -74.66098 -1058.5157
123.62252 -74.635925 -1058.5862
123.903465 -76.20023 -1059.0476
123.947624 -76.17429 -1059.1118
124.23348 -77.45888 -1059.4675
124.28414 -77.43238 -1059.525
124.61657 -78.76863 -1059.859
124.671165 -78.74171 -1059.9105
124.6166 -78.7686 -1059.859
124.671196 -78.74168 -1059.9106
125.118095 -80.35224 -1060.2836
125.17602 -80.32528 -1060.329
125.64571 -81.982994 -1060.6676
125.70614 -81.95684 -1060.7075
126.12978 -83.586266 -1060.9843
126.19155 -83.56216 -1061.0211
126.12978 -83.58625 -1060.9843
126.19152 -83.56213 -1061.0211
126.52795 -85.11376 -1061.2343
126.5902 -85.09275 -1061.2701
126.84841 -86.66508 -1061.4338
126.91061 -86.647865 -1061.4698
127.10366 -88.32591 -1061.5953
127.16485 -88.31275 -1061.6326
127.10363 -88.32589 -1061.5953
127.16479 -88.31274 -1061.6324
127.25799 -89.94363 -1061.6976
127.316246 -89.934616 -1061.738
127.34441 -91.35369 -1061.7656
127.40264 -91.3482 -1061.8057
127.400566 -92.52499 -1061.818
127.46313 -92.52149 -1061.8575
127.400566 -92.52498 -1061.8179
127.46313 -92.521484 -1061.8575
127.40185 -93.73006 -1061.8384
127.46743 -93.72761 -1061.8883
127.40798 -95.27105 -1061.9202
127.488976 -95.27057 -1061.9681
127.40798 -95.27101 -1061.9202
127.488976 -95.27054 -1061.9681
127.42922 -97.1194 -1062.0629
127.5183 -97.121666 -1062.0886
127.37658 -98.97551 -1062.2141
127.459404 -98.97987 -1062.225
127.27206 -100.64077 -1062.4113
127.35201 -100.64683 -1062.4159
127.272026 -100.64075 -1062.4113
127.35198 -100.646805 -1062.4159
127.167625 -102.06865 -1062.6581
127.2456 -102.07661 -1062.6558
127.04507 -103.41292 -1062.9738
127.121544 -103.42286 -1062.9666
126.89571 -104.835815 -1063.3861
126.971245 -104.84757 -1063.375
126.89571 -104.83579 -1063.3861
126.971275 -104.84755 -1063.3751
126.737816 -106.30753 -1063.8783
126.81304 -106.32072 -1063.8638
126.59615 -107.78464 -1064.4009
126.67141 -107.79848 -1064.3824
126.49499 -109.17837 -1064.8772
126.57012 -109.19175 -1064.8539
126.49499 -109.17835 -1064.8771
126.57012 -109.191734 -1064.854
126.42504 -110.50797 -1065.2938
126.49993 -110.52033 -1065.2665
126.35775 -111.8899 -1065.6887
126.432976 -111.90132 -1065.6595
126.35778 -111.88988 -1065.6888
126.432945 -111.901306 -1065.6595
126.27761 -113.34096 -1066.0571
126.35384 -113.35126 -1066.0287
126.21746 -114.72589 -1066.344
126.28863 -114.73535 -1066.3159
126.18435 -115.92122 -1066.5309
126.243706 -115.930466 -1066.5005
126.18435 -115.9212 -1066.5308
126.243675 -115.93045 -1066.5004
126.11916 -116.97692 -1066.6647
126.171196 -116.98567 -1066.6332
126.029045 -117.99611 -1066.7599
126.07867 -118.00406 -1066.7257
125.91015 -119.07836 -1066.823
125.96435 -119.0852 -1066.7855
125.91015 -119.07835 -1066.8231
125.96432 -119.08518 -1066.7855
125.804985 -120.18069 -1066.8267
125.86666 -120.18497 -1066.7883
125.78652 -121.22653 -1066.7388
125.84948 -121.22544 -1066.6965
125.83413 -122.1177 -1066.5978
125.894585 -122.10989 -1066.5514
125.83413 -122.11768 -1066.5978
125.894585 -122.10989 -1066.5513
125.89312 -122.89744 -1066.4413
125.95406 -122.88435 -1066.3972
125.97921 -123.74383 -1066.2312
126.042564 -123.72653 -1066.1927
126.131065 -124.657104 -1065.9243
126.19482 -124.63529 -1065.8892
126.131096 -124.65709 -1065.9243
126.19482 -124.63528 -1065.8892
126.335014 -125.60347 -1065.5203
126.39712 -125.57742 -1065.4852
126.53866 -126.46056 -1065.0679
126.59792 -126.43098 -1065.0309
126.53866 -126.46055 -1065.0679
126.59789 -126.43097 -1065.031
126.728935 -127.297295 -1064.5414
126.78396 -127.264885 -1064.501
126.880974 -128.1038 -1063.9565
126.93139 -128.06908 -1063.913
126.997826 -128.92033 -1063.3284
127.04504 -128.88461 -1063.2836
126.997795 -128.92033 -1063.3282
127.04504 -128.88461 -1063.2833
127.086266 -129.67278 -1062.7616
127.132225 -129.63788 -1062.7168
127.1578 -130.31952 -1062.3275
127.20464 -130.28723 -1062.2842
127.22384 -130.8989 -1062.0055
127.27331 -130.87029 -1061.9662
127.22384 -130.89888 -1062.0056
127.27331 -130.87027 -1061.9663
127.29681 -131.47345 -1061.7551
127.34966 -131.44867 -1061.7223
127.42538 -132.15219 -1061.5107
127.47872 -132.13065 -1061.4846
127.6462 -132.87033 -1061.2908
127.692406 -132.85088 -1061.2651
127.692406 -132.85086 -1061.2651
127.894005 -133.60072 -1061.124
127.93362 -133.58282 -1061.0995
128.12039 -134.281 -1061.0139
128.15976 -134.26288 -1060.9946
128.37988 -134.94063 -1060.9198
128.419 -134.92169 -1060.9047
128.37988 -134.94061 -1060.9197
128.419 -134.92168 -1060.9045
128.72626 -135.69835 -1060.8328
128.76465 -135.67838 -1060.8217
129.14954 -136.50436 -1060.7839
129.18689 -136.4826 -1060.7781
129.1495 -136.50435 -1060.784
129.18686 -136.4826 -1060.7781
129.60535 -137.24866 -1060.8022
129.64127 -137.22453 -1060.8018
130.14154 -137.99893 -1060.8826
130.17554 -137.973 -1060.8856
130.79468 -138.7935 -1061.0276
130.82611 -138.7672 -1061.0319
130.79468 -138.79349 -1061.0276
130.82611 -138.76718 -1061.0319
29.5279 6.372139 -55.55092
35.31054 4.994469 -62.899113
40.941887 6.97863 -69.81237
45.96203 7.235268 -76.86139
51.2763 5.439629 -84.95971
56.431007 1.378578 -94.35011
61.516304 -5.371712 -104.26751
61.516273 -5.371712 -104.26751
63.964073 -16.035545 -114.40693
66.35351 -25.968147 -124.74756
68.74108 -31.079536 -134.77164
70.5906 -33.442818 -142.36177
72.123314 -34.324257 -149.60327
73.42144 -34.792 -156.37106
74.40475 -34.944496 -163.25488
75.21407 -34.899315 -170.23648
75.78802 -34.59603 -177.7464
76.162254 -33.839012 -187.05197
76.214745 -32.46485 -198.83395
75.98748 -30.605736 -212.72578
75.77874 -28.764122 -226.97554
75.94149 -27.55877 -240.20293
75.94149 -27.55877 -240.20297
76.57867 -27.176003 -252.18205
77.531975 -27.294472 -263.4494
78.5324 -27.347939 -274.72086
79.31356 -26.784904 -286.54944
79.80761 -25.256447 -299.02863
80.13717 -22.656197 -311.8972
80.53234 -18.936272 -324.82983
81.25036 -14.260216 -337.52237
81.25039 -14.260201 -337.52243
82.46389 -9.183342 -349.77557
82.46386 -9.183372 -349.7755
84.19042 -4.430489 -361.55432
86.32284 -0.353188 -372.97678
86.32287 -0.353203 -372.97678
88.76769 3.228218 -384.22498
91.384056 6.627647 -395.4949
93.97332 10.007973 -406.98602
93.97329 10.007957 -406.98596
96.45217 13.566429 -418.918
98.57635 17.262657 -431.2444
98.57641 17.262657 -431.2444
100.1325 20.767021 -443.3162
101.355156 23.958076 -454.95187
101.355156 23.958076 -454.95184
102.52859 26.822853 -466.0016
103.925804 29.733604 -477.3461
105.76418 32.974617 -489.82245
105.76415 32.974586 -489.8224
108.01272 36.578133 -503.32645
110.69738 39.432014 -518.1638
110.69738 39.432 -518.1638
113.093346 41.79975 -534.3979
113.59475 47.26957 -550.8736
113.59475 47.269554 -550.87354
114.23925 53.471703 -563.7073
117.67684 57.366585 -575.02344
117.67684 57.36657 -575.0233
121.806145 60.318703 -586.7078
125.54366 61.37098 -595.2415
128.75995 61.263863 -603.41455
129.98944 58.5996 -612.9426
127.33904 53.707664 -626.2229
127.3391 53.70771 -626.22284
121.88644 49.35035 -642.17017
118.17065 46.394966 -658.4277
118.17068 46.39498 -658.4277
117.12377 44.443153 -673.3491
117.245445 43.72007 -686.66516
118.46566 43.92684 -698.7816
118.46563 43.92681 -698.78156
120.27322 44.594032 -710.3444
121.751 45.23562 -722.06775
121.751 45.235588 -722.0678
122.645134 45.646675 -734.2646
123.270195 45.74807 -747.0045
123.63363 45.39257 -760.1986
123.74651 44.892113 -773.67664
123.74651 44.892082 -773.6767
124.22964 44.363213 -787.3291
125.058556 43.783287 -800.923
125.98803 43.354103 -814.31036
125.98806 43.354088 -814.31055
126.632805 42.804848 -827.3521
127.02282 42.23519 -840.1139
127.507744 41.933052 -852.1828
128.18204 41.91181 -862.9245
128.18204 41.91181 -862.92456
129.02896 41.90548 -872.6402
129.96362 42.114693 -881.1628
130.95892 42.746223 -889.26556
130.95895 42.74624 -889.2657
132.01385 43.866325 -897.32056
133.29688 44.944252 -905.6658
134.92386 46.093605 -914.6937
136.63281 47.374535 -923.4224
136.63284 47.37455 -923.42255
138.16513 48.943184 -932.3857
139.81906 50.900856 -940.77594
141.33078 53.4486 -948.5336
141.33078 53.44863 -948.5337
142.84375 56.40574 -954.79376
144.13437 58.76861 -959.14856
145.2873 60.671776 -962.72046
146.32126 62.355568 -966.20825
146.32129 62.3556 -966.2083
147.13019 63.80413 -969.97253
147.53607 64.763695 -973.66833
147.65057 65.28622 -976.9347
147.61395 65.51638 -979.6552
147.61398 65.51641 -979.6553
147.4816 65.575005 -982.1507
147.26562 65.52578 -984.5531
146.94797 65.3446 -987.2859
146.94797 65.3446 -987.28595
146.54498 65.02828 -990.1752
146.07135 64.55956 -993.0903
145.61716 63.958168 -995.8474
145.18152 63.193504 -998.62994
145.18152 63.193474 -998.6299
144.7634 62.293343 -1001.30493
144.37216 61.32981 -1003.7877
144.01904 60.4143 -1005.97485
144.01901 60.41427 -1005.97485
143.66034 59.55741 -1008.051
143.23703 58.67153 -1010.3423
142.81003 57.85018 -1012.602
142.39938 57.11956 -1014.7522
142.39935 57.11953 -1014.7521
142.03543 56.522163 -1016.6491
141.68076 55.92504 -1018.5258
141.29733 55.15432 -1020.6924
141.29733 55.15432 -1020.69244
140.95816 54.252556 -1022.89124
140.70178 53.26487 -1024.9418
140.54233 52.316048 -1026.62
140.47095 51.33747 -1028.052
140.47092 51.337456 -1028.052
140.46997 50.188713 -1029.504
140.54758 48.771873 -1031.0286
140.73074 46.938423 -1032.6642
140.73074 46.938408 -1032.6642
140.96506 44.95054 -1034.1769
141.1778 43.025093 -1035.4478
141.3414 41.322014 -1036.457
141.44846 39.933388 -1037.2018
141.53595 38.553185 -1037.8778
141.65277 36.729027 -1038.6642
141.76938 34.413795 -1039.5273
141.76938 34.413826 -1039.5273
141.94022 31.880913 -1040.2483
142.20499 29.43731 -1040.728
142.51001 27.140114 -1040.9983
142.50998 27.140144 -1040.9983
142.91785 24.773827 -1041.0758
143.36853 22.571602 -1040.995
143.3685 22.571617 -1040.995
143.71942 20.583519 -1040.8906
143.98459 18.685555 -1040.7954
144.31369 16.607399 -1040.6273
144.31369 16.607414 -1040.6273
144.75873 14.126045 -1040.3331
145.25339 11.568275 -1039.929
145.66211 9.296608 -1039.5426
145.66211 9.296638 -1039.5426
145.98795 7.410347 -1039.1832
146.3151 5.58744 -1038.8079
146.6423 3.611076 -1038.4579
146.64236 3.611107 -1038.4579
146.81088 1.485268 -1038.2013
146.7352 -0.53376 -1038.0089
146.7352 -0.533745 -1038.009
146.61853 -2.384331 -1037.8651
146.47464 -4.221489 -1037.7573
146.30853 -6.137764 -1037.669
146.30856 -6.137718 -1037.669
146.09677 -8.285637 -1037.5905
145.83875 -10.472908 -1037.5282
145.55988 -12.494331 -1037.4794
145.55988 -12.494316 -1037.4794
145.30258 -14.161522 -1037.433
145.0227 -15.818871 -1037.3774
144.624 -17.824104 -1037.3547
144.624 -17.824074 -1037.3549
144.09259 -20.192085 -1037.4064
143.58545 -22.497902 -1037.4944
143.0729 -24.57595 -1037.7623
143.07288 -24.57595 -1037.7622
142.54834 -26.36573 -1038.2567
142.0214 -28.099068 -1038.8171
142.02145 -28.099037 -1038.8171
141.50714 -29.667732 -1039.3594
140.96631 -31.144463 -1039.893
140.38278 -32.56333 -1040.4225
140.38284 -32.563316 -1040.4225
139.6817 -34.074883 -1040.9962
138.83017 -35.69613 -1041.6152
137.74951 -37.55816 -1042.3516
137.74951 -37.558144 -1042.3516
136.42093 -39.700294 -1043.2273
134.93842 -42.011986 -1044.2079
133.47626 -44.30903 -1045.2244
133.47626 -44.309 -1045.2244
132.26404 -46.28663 -1046.134
131.08011 -48.315605 -1047.084
129.84158 -50.54383 -1048.1366
129.84161 -50.5438 -1048.1366
128.63889 -52.85003 -1049.2313
127.60406 -54.965797 -1050.2246
127.60406 -54.965767 -1050.2246
126.76235 -56.788795 -1051.0663
125.97433 -58.62313 -1051.9019
125.240135 -60.498726 -1052.7465
125.240135 -60.49871 -1052.7465
124.62475 -62.2779 -1053.5391
124.13409 -63.942955 -1054.2734
123.76159 -65.50973 -1054.961
123.76165 -65.5097 -1054.9612
123.474724 -67.18497 -1055.6895
123.31066 -68.91443 -1056.4393
123.29333 -70.78147 -1057.2246
123.2933 -70.78145 -1057.2246
123.42892 -72.73753 -1058.0016
123.67278 -74.61146 -1058.6497
123.67275 -74.61143 -1058.6497
124.00213 -76.1491 -1059.1659
124.343895 -77.40666 -1059.5712
124.73385 -78.71562 -1059.9502
124.73385 -78.71559 -1059.9502
125.2409 -80.29912 -1060.3618
125.772484 -81.93144 -1060.7345
126.25851 -83.53876 -1061.045
126.25851 -83.53873 -1061.045
126.6574 -85.07235 -1061.2932
126.977745 -86.6312 -1061.4933
127.23101 -88.30003 -1061.6575
127.23098 -88.30001 -1061.6573
127.38024 -89.92589 -1061.7668
127.4681 -91.34282 -1061.8363
127.53542 -92.51806 -1061.889
127.53536 -92.51805 -1061.8889
127.546196 -93.72535 -1061.9308
127.57778 -95.27087 -1061.997
127.57784 -95.27084 -1061.9971
127.60406 -97.12467 -1062.0929
127.53423 -98.98464 -1062.2227
127.42333 -100.65348 -1062.4087
127.42333 -100.653465 -1062.4086
127.31423 -102.08533 -1062.6428
127.18807 -103.4337 -1062.9492
127.0364 -104.860435 -1063.3546
127.03643 -104.86042 -1063.3547
126.87743 -106.33521 -1063.8405
126.73531 -107.81366 -1064.3558
126.633385 -109.20642 -1064.8231
126.633385 -109.206406 -1064.8231
126.56255 -110.53393 -1065.2319
126.4956 -111.913864 -1065.6229
126.4956 -111.91385 -1065.6229
126.417625 -113.36254 -1065.9927
126.348564 -114.74553 -1066.2802
126.29421 -115.939995 -1066.4634
126.29421 -115.93999 -1066.4633
126.21633 -116.994576 -1066.5942
126.12316 -118.01222 -1066.6812
126.014275 -119.09205 -1066.7362
126.014244 -119.09203 -1066.7361
125.92257 -120.1887 -1066.7383
125.9045 -121.22332 -1066.643
125.945915 -122.10118 -1066.4954
125.945915 -122.101166 -1066.4954
126.00558 -122.87055 -1066.3453
126.09698 -123.708336 -1066.1456
126.24984 -124.612366 -1065.8452
126.24984 -124.61235 -1065.8452
126.45028 -125.55003 -1065.4418
126.6477 -126.39984 -1064.986
126.64767 -126.39983 -1064.9861
126.82897 -127.230774 -1064.4536
126.971275 -128.03255 -1063.8635
127.081535 -128.84705 -1063.2336
127.081505 -128.84705 -1063.2335
127.167625 -129.6012 -1062.6672
127.24139 -130.2533 -1062.2361
127.31338 -130.84021 -1061.9209
127.31338 -130.8402 -1061.921
127.39422 -131.4226 -1061.6823
127.5245 -132.10837 -1061.4509
127.73107 -132.83185 -1061.2328
127.7311 -132.83183 -1061.2328
127.967705 -133.56546 -1061.0677
128.1948 -134.24529 -1060.9678
128.45456 -134.9033 -1060.8818
128.45456 -134.90329 -1060.8817
128.8002 -135.65897 -1060.8027
129.22241 -136.46146 -1060.764
129.22244 -136.46146 -1060.764
129.67645 -137.20107 -1060.793
130.20966 -137.94788 -1060.8806
130.85794 -138.74173 -1061.0289
34.73887 4.873238 -63.26159
40.33822 6.841331 -70.2061
45.348503 7.093239 -77.26605
50.65467 5.29818 -85.36146
55.76722 1.235313 -94.751335
55.76722 1.235298 -94.751335
60.746407 -5.490807 -104.62204
60.74639 -5.490807 -104.622025
63.139107 -16.012398 -114.6906
65.62057 -25.901833 -125.00642
68.08474 -31.00692 -134.95943
69.98876 -33.37092 -142.53413
69.98876 -33.370934 -142.53413
71.53545 -34.252266 -149.73477
72.84518 -34.720894 -156.48509
73.83785 -34.874977 -163.33806
74.65884 -34.831474 -170.30077
74.65884 -34.831474 -170.30078
75.2441 -34.52984 -177.78731
75.631096 -33.774605 -187.0706
75.69659 -32.40226 -198.83136
75.47961 -30.544518 -212.70985
75.277306 -28.703636 -226.9589
75.44564 -27.498772 -240.20082
75.44567 -27.498741 -240.20087
76.09182 -27.11686 -252.20248
77.056816 -27.236626 -263.4866
78.06698 -27.291267 -274.75937
78.852104 -26.72889 -286.5746
79.34365 -25.200508 -299.0375
79.66616 -22.600212 -311.89575
80.05337 -18.880714 -324.8273
80.768364 -14.205833 -337.53033
80.768425 -14.205818 -337.53036
81.988914 -9.130531 -349.80414
81.988884 -9.130547 -349.80408
83.73086 -4.378853 -361.60745
85.87954 -0.302162 -373.05142
85.87954 -0.302177 -373.0514
88.334526 3.27906 -384.3153
90.95336 6.678612 -395.59323
93.540184 10.059303 -407.08344
93.540184 10.059288 -407.0834
96.0147 13.61808 -419.00833
98.13744 17.314232 -431.31775
98.13741 17.314217 -431.31772
99.695 20.818245 -443.36832
100.91619 24.009544 -454.99368
100.91619 24.00953 -454.99362
102.08343 26.875206 -466.04562
103.46902 29.787437 -477.39963
105.29336 33.030266 -489.89047
105.29336 33.030235 -489.8904
107.529564 36.635307 -503.40536
110.21444 39.49018 -518.2536
110.21441 39.49018 -518.25354
112.642235 41.85476 -534.46796
113.199 47.316566 -550.8628
113.199 47.316536 -550.8628
113.85592 53.514854 -563.6986
117.23937 57.41503 -575.09375
117.23934 57.415 -575.0937
121.315544 60.376656 -586.79706
125.013084 61.439552 -595.3634
128.1701 61.344063 -603.5765
128.1701 61.344048 -603.5764
129.33301 58.682167 -613.074
126.69567 53.779915 -626.1973
126.69567 53.779945 -626.19727
121.360435 49.410973 -642.0417
117.742455 46.44552 -658.36035
117.742485 46.445534 -658.3603
116.73992 44.48893 -673.34485
116.88351 43.763878 -686.68005
118.106804 43.97059 -698.8199
118.10677 43.97059 -698.8198
119.91671 44.63755 -710.398
121.39709 45.27871 -722.1118
121.39709 45.278694 -722.1119
122.30297 45.688286 -734.292
122.944786 45.787636 -747.02423
123.32372 45.430214 -760.2138
123.45086 44.92797 -773.6857
123.4508 44.92794 -773.68567
123.94454 44.39788 -787.3459
124.7806 43.817085 -800.94714
125.71758 43.38703 -814.3352
125.71758 43.387016 -814.33527
126.36797 42.83706 -827.3721
126.76598 42.266365 -840.1289
127.25521 41.963737 -852.1974
127.938896 41.9414 -862.94244
127.93893 41.9414 -862.9425
128.78937 41.9347 -872.6634
129.72235 42.14411 -881.1892
130.72049 42.77514 -889.29156
130.72049 42.775154 -889.29156
131.7792 43.89457 -897.3436
133.06543 44.972237 -905.6945
134.69196 46.12171 -914.72925
136.396 47.402977 -923.46045
136.39603 47.403008 -923.4606
137.91876 48.97248 -932.4167
139.56586 50.930458 -940.81006
141.07712 53.47721 -948.5608
141.07712 53.477226 -948.56085
142.59915 56.431694 -954.82294
143.89893 58.793007 -959.18414
145.05847 60.695717 -962.7611
146.09729 62.3796 -966.24835
146.09735 62.379616 -966.2484
146.91003 63.828636 -970.0047
147.31888 64.788994 -973.6871
147.43564 65.31191 -976.9436
147.40076 65.54214 -979.65845
147.40079 65.54217 -979.6585
147.2698 65.6007 -982.1504
147.05542 65.55126 -984.5503
146.73969 65.36959 -987.2809
146.73975 65.36962 -987.281
146.33917 65.05273 -990.1683
145.86807 64.583336 -993.08185
145.41644 63.98124 -995.838
144.98358 63.215904 -998.62
144.98358 63.215874 -998.61993
144.56882 62.31507 -1001.29456
144.18176 61.350822 -1003.7773
143.83319 60.43467 -1005.9647
143.47934 59.577156 -1008.0413
143.0614 58.690605 -1010.33307
142.63916 57.868706 -1012.59326
142.23233 57.137627 -1014.7439
142.2323 57.137596 -1014.74384
141.87094 56.53994 -1016.6415
141.5181 55.94256 -1018.5194
141.13632 55.171486 -1020.68896
141.13632 55.171486 -1020.689
140.79846 54.269188 -1022.89404
140.54343 53.2808 -1024.9536
140.38583 52.3312 -1026.643
140.31729 51.351723 -1028.0884
140.31726 51.351723 -1028.0883
140.31992 50.202095 -1029.5535
140.40237 48.78434 -1031.0923
140.59094 46.949913 -1032.7422
140.8299 44.961113 -1034.2665
141.04483 43.034737 -1035.5446
141.20764 41.330803 -1036.5557
141.31348 39.941505 -1037.3009
141.40082 38.560753 -1037.9785
141.51886 36.73597 -1038.7687
141.64297 34.41961 -1039.6428
141.643 34.41964 -1039.6428
141.82086 31.880486 -1040.3724
142.08914 29.426125 -1040.8545
142.39981 27.11953 -1041.1273
142.39978 27.11956 -1041.1272
142.8078 24.746147 -1041.1978
143.25732 22.541512 -1041.098
143.2573 22.541557 -1041.0981
143.6135 20.555351 -1040.9839
143.8884 18.660286 -1040.8977
144.23007 16.585258 -1040.7396
144.23007 16.585289 -1040.7397
144.68323 14.107613 -1040.4457
145.1726 11.553185 -1040.0322
145.57083 9.283623 -1039.6484
145.5708 9.283653 -1039.6484
145.87589 7.399117 -1039.294
146.16861 5.578987 -1038.9165
146.46301 3.609535 -1038.5287
146.46304 3.609581 -1038.5288
146.62088 1.491447 -1038.2247
146.54962 -0.526817 -1038.0507
146.54965 -0.526772 -1038.0505
146.43976 -2.37751 -1037.9268
146.3028 -4.214867 -1037.834
146.14487 -6.131248 -1037.7601
146.14487 -6.131203 -1037.76
145.94409 -8.278954 -1037.6987
145.69916 -10.465569 -1037.6536
145.43283 -12.485817 -1037.6191
145.43283 -12.485786 -1037.6193
145.18408 -14.151649 -1037.582
144.91006 -15.807732 -1037.5327
144.52298 -17.811638 -1037.5203
144.52298 -17.811607 -1037.5203
144.01132 -20.17646 -1037.5768
143.51694 -22.475197 -1037.6405
143.0181 -24.547173 -1037.8906
143.0181 -24.547157 -1037.8905
142.51526 -26.331947 -1038.388
142.001 -28.060265 -1038.9487
142.00107 -28.06025 -1038.9489
141.4913 -29.62452 -1039.4888
140.95026 -31.097527 -1040.0193
140.36444 -32.513542 -1040.5454
140.36447 -32.51351 -1040.5455
139.65982 -34.02256 -1041.1152
138.80414 -35.641426 -1041.7299
137.72134 -37.50202 -1042.4619
137.72131 -37.50199 -1042.4619
136.39236 -39.64364 -1043.3336
134.91095 -41.955727 -1044.3109
133.45142 -44.254158 -1045.3257
133.45142 -44.254128 -1045.3256
132.24243 -46.233513 -1046.2346
131.06122 -48.264183 -1047.1837
129.82529 -50.494164 -1048.2356
129.82532 -50.494133 -1048.2355
128.62543 -52.802483 -1049.3296
127.592674 -54.92028 -1050.3226
127.592674 -54.92025 -1050.3226
126.75243 -56.74494 -1051.1641
125.96627 -58.581184 -1051.9993
125.23507 -60.459038 -1052.8438
125.2351 -60.459023 -1052.8438
124.62383 -62.24076 -1053.6361
124.13857 -63.90838 -1054.3704
123.77325 -65.47772 -1055.0571
123.77331 -65.47769 -1055.0571
123.495995 -67.15557 -1055.7833
123.34496 -68.88757 -1056.5283
123.34249 -70.756645 -1057.3048
123.34246 -70.75662 -1057.3048
123.49102 -72.71384 -1058.0691
123.73507 -74.58744 -1058.7068
123.73507 -74.58742 -1058.7067
124.066795 -76.12429 -1059.2117
124.41268 -77.381294 -1059.6079
124.80462 -78.689865 -1059.9795
124.80465 -78.68984 -1059.9795
125.31286 -80.27327 -1060.3837
125.84493 -81.906364 -1060.7504
126.33108 -83.51567 -1061.0576
126.33108 -83.51565 -1061.0576
126.730034 -85.05223 -1061.3048
127.05013 -86.61476 -1061.5054
127.302635 -88.28748 -1061.6714
127.302605 -88.28746 -1061.6713
127.45025 -89.9173 -1061.7853
127.54125 -91.337555 -1061.857
127.61819 -92.51477 -1061.9098
127.61819 -92.51476 -1061.9098
127.63891 -93.723404 -1061.9614
127.66897 -95.27152 -1062.0125
127.669 -95.27149 -1062.0126
127.68133 -97.12795 -1062.0844
127.60125 -98.989685 -1062.2094
127.486534 -100.660545 -1062.3915
127.486534 -100.66053 -1062.3916
127.3742 -102.09463 -1062.6208
127.24551 -103.44529 -1062.9237
127.092064 -104.87419 -1063.3269
127.092064 -104.87417 -1063.3268
126.93191 -106.35068 -1063.8102
126.7889 -107.82981 -1064.3224
126.685875 -109.22201 -1064.786
126.685844 -109.22199 -1064.786
126.61404 -110.54844 -1065.1917
126.54696 -111.92727 -1065.5809
126.54699 -111.927246 -1065.581
126.47018 -113.37456 -1065.9509
126.39828 -114.7562 -1066.239
126.33639 -115.94975 -1066.4207
126.33636 -115.94974 -1066.4205
126.25463 -117.003746 -1066.5472
126.161644 -118.020584 -1066.6259
126.05724 -119.098595 -1066.6764
126.05721 -119.09859 -1066.6764
125.9699 -120.19162 -1066.6782
125.94973 -121.22026 -1066.5806
125.98641 -122.09197 -1066.4331
125.98641 -122.091965 -1066.4331
126.04568 -122.85682 -1066.2885
126.14019 -123.6903 -1066.0934
126.293846 -124.58965 -1065.7957
126.293846 -124.58964 -1065.7957
126.49233 -125.52285 -1065.3927
126.68609 -126.36897 -1064.9365
126.68609 -126.368965 -1064.9364
126.8623 -127.19696 -1064.4025
126.99932 -127.99637 -1063.8115
127.10619 -128.80978 -1063.1819
127.10616 -128.80977 -1063.1816
127.1914 -129.56476 -1062.616
127.2669 -130.21964 -1062.1858
127.342705 -130.81038 -1061.8726
127.342705 -130.81036 -1061.8726
127.428795 -131.39679 -1061.6381
127.56133 -132.08646 -1061.4117
127.76241 -132.8134 -1061.1941
127.76241 -132.81339 -1061.1942
127.99712 -133.54836 -1061.029
128.22653 -134.22795 -1060.9335
128.48749 -134.88513 -1060.8516
128.48746 -134.88513 -1060.8516
128.83377 -135.63979 -1060.7764
129.2568 -136.44058 -1060.7427
129.25684 -136.44057 -1060.7427
129.71146 -137.17789 -1060.7769
130.24426 -137.92307 -1060.8684
130.89056 -138.71667 -1061.0189
130.8906 -138.71667 -1061.019
29.527916 6.372185 -55.55092
34.738823 4.873238 -63.261585
34.14289 4.870262 -63.603474
40.338203 6.841331 -70.2061
39.70971 6.831291 -70.58554
45.348503 7.093224 -77.266045
44.720207 7.082848 -77.67387
50.65467 5.298164 -85.361435
50.033012 5.287804 -85.78831
55.76722 1.235298 -94.75133
55.114586 1.224846 -95.19613
55.767204 1.235283 -94.75133
55.11457 1.224831 -95.19612
60.746376 -5.490837 -104.62203
59.999626 -5.477028 -105.04599
60.74636 -5.490837 -104.62202
59.99961 -5.477028 -105.045975
63.139076 -16.012413 -114.69059
62.362694 -15.878746 -115.07163
65.62054 -25.901848 -125.00641
64.94009 -25.739159 -125.349724
68.08471 -31.00692 -134.95943
67.46581 -30.828789 -135.19257
69.98876 -33.37095 -142.53413
69.41811 -33.194542 -142.73427
69.41811 -33.194557 -142.73427
71.53542 -34.25228 -149.73477
70.973015 -34.07569 -149.87492
72.845116 -34.72091 -156.48508
72.29211 -34.5465 -156.60277
73.83782 -34.874992 -163.33804
73.29287 -34.704445 -163.42163
74.658806 -34.831474 -170.30074
74.124565 -34.664986 -170.36322
74.658806 -34.83149 -170.30075
74.124535 -34.664986 -170.36322
75.2441 -34.529854 -177.78731
74.72051 -34.367393 -177.82404
75.631096 -33.77462 -187.0706
75.11962 -33.61669 -187.08202
75.69659 -32.402275 -198.83134
75.19784 -32.248802 -198.81897
75.479576 -30.544518 -212.70982
74.99096 -30.394371 -212.68297
75.277275 -28.703651 -226.95886
74.794914 -28.55523 -226.93237
75.44561 -27.498787 -240.20079
74.96847 -27.351494 -240.19252
75.44567 -27.498772 -240.20084
74.96847 -27.351479 -240.19255
76.09179 -27.116875 -252.20247
75.623314 -26.971748 -252.22168
77.056816 -27.236656 -263.48657
76.599754 -27.09475 -263.52585
78.06695 -27.291298 -274.75934
77.619286 -27.152275 -274.79932
78.85207 -26.72892 -286.5746
78.40789 -26.591393 -286.59692
79.34362 -25.200539 -299.0375
78.89681 -25.06327 -299.03702
79.66616 -22.600227 -311.89572
79.212456 -22.462883 -311.8774
80.05337 -18.880714 -324.82727
79.591576 -18.744347 -324.79968
80.768364 -14.205864 -337.5303
80.30254 -14.07235 -337.5057
80.768425 -14.205818 -337.53033
80.302574 -14.072319 -337.50577
81.988914 -9.130562 -349.80414
81.52798 -9.000862 -349.79636
81.988884 -9.130577 -349.80408
81.52798 -9.000893 -349.7963
83.73086 -4.378868 -361.60742
83.28338 -4.25222 -361.6252
85.87951 -0.302177 -373.0514
85.447105 -0.177055 -373.09415
85.87951 -0.302193 -373.05136
85.447075 -0.177055 -373.09412
88.334496 3.279045 -384.31525
87.911736 3.40374 -384.37646
90.95336 6.678596 -395.5932
90.53289 6.803688 -395.66342
93.54015 10.059288 -407.0834
93.117516 10.185295 -407.15314
93.54015 10.059273 -407.08337
93.117485 10.185265 -407.1531
96.01467 13.618065 -419.00827
95.58825 13.744759 -419.07062
97.71038 17.44062 -431.36368
98.13738 17.314201 -431.31772
97.71038 17.44062 -431.36365
99.695 20.81823 -443.3683
99.27059 20.943855 -443.39456
100.91619 24.00953 -454.99365
100.49108 24.13572 -455.011
100.91619 24.009514 -454.9936
100.49105 24.13572 -455.01096
102.08343 26.87519 -466.0456
101.6524 27.00367 -466.06577
103.46902 29.787437 -477.39957
103.02642 29.919502 -477.4284
105.29336 33.03025 -489.89047
104.83648 33.16668 -489.93234
105.29333 33.03022 -489.8904
104.83651 33.16665 -489.93228
107.52953 36.635277 -503.40536
107.060234 36.77546 -503.45663
110.21441 39.49015 -518.2536
109.74639 39.632835 -518.3223
110.21441 39.49015 -518.25354
109.74639 39.63282 -518.32227
112.642235 41.854713 -534.46796
112.20675 41.989647 -534.52496
112.8193 47.42907 -550.8315
113.199 47.316505 -550.8628
112.8193 47.42904 -550.8314
113.85592 53.51484 -563.69855
113.48623 53.618355 -563.6577
117.23934 57.415016 -575.0937
116.81231 57.53608 -575.1288
117.23931 57.414986 -575.0936
116.81231 57.536064 -575.1287
121.31551 60.37664 -586.797
120.83904 60.519493 -586.85956
125.013084 61.43952 -595.3634
124.50045 61.603035 -595.4713
127.603294 61.53118 -603.73615
128.1701 61.344032 -603.5764
127.603264 61.53118 -603.7361
129.33298 58.68215 -613.0739
128.7038 58.878654 -613.2322
126.69564 53.779915 -626.1972
126.07189 53.957085 -626.22327
126.69567 53.77993 -626.1972
126.07189 53.957115 -626.2232
121.360435 49.410973 -642.04156
120.84423 49.559822 -641.95593
117.742455 46.445503 -658.3603
117.32601 46.569588 -658.3184
117.742485 46.44552 -658.3603
117.32601 46.569633 -658.3184
116.73992 44.488914 -673.3448
116.36996 44.60128 -673.3542
116.88348 43.763863 -686.68
116.53515 43.8713 -686.6991
117.76095 44.077827 -698.85394
118.10677 43.97056 -698.8198
117.76092 44.077797 -698.8538
119.91668 44.63752 -710.39795
119.572624 44.744164 -710.4427
121.39709 45.278694 -722.11176
121.05572 45.38439 -722.1481
121.39706 45.278694 -722.11176
121.05569 45.384377 -722.1481
122.30291 45.688286 -734.2919
121.97329 45.790367 -734.3147
122.944725 45.787636 -747.0242
122.63152 45.884758 -747.0424
123.32366 45.430214 -760.2137
123.025475 45.522575 -760.23035
123.45083 44.92794 -773.68567
123.166374 45.01597 -773.6974
123.4508 44.927925 -773.68567
123.166374 45.015953 -773.69745
123.94454 44.39785 -787.3458
123.67034 44.482857 -787.3646
124.7806 43.81707 -800.9471
124.5133 43.900124 -800.9726
125.71755 43.387016 -814.33514
125.45736 43.467903 -814.3608
125.71755 43.387 -814.3352
125.45739 43.467903 -814.3609
126.36791 42.83706 -827.3721
126.11318 42.9161 -827.3937
126.76595 42.26635 -840.12885
126.518974 42.342857 -840.14606
127.25515 41.96369 -852.1973
127.01223 42.039055 -852.21277
127.938866 41.94137 -862.9424
127.70498 42.014046 -862.9596
127.938896 41.94137 -862.9425
127.70495 42.014015 -862.9596
128.78934 41.934685 -872.66327
128.55872 42.006386 -872.6846
129.72235 42.144096 -881.18915
129.48993 42.216255 -881.21185
130.72046 42.775124 -889.29144
130.49057 42.846153 -889.31195
130.72049 42.775124 -889.29144
130.49057 42.84617 -889.31195
131.7792 43.89454 -897.3435
131.55261 43.963905 -897.35895
133.0654 44.97222 -905.69446
132.84177 45.04087 -905.71564
134.69193 46.12168 -914.7292
134.46762 46.190544 -914.75635
136.39597 47.402977 -923.4604
136.16653 47.47283 -923.4879
136.396 47.402992 -923.4605
136.1666 47.472847 -923.48804
137.91873 48.972466 -932.4166
137.68008 49.044243 -932.4355
139.56583 50.930443 -940.80994
139.32007 51.003014 -940.82886
141.07709 53.477196 -948.5607
140.83054 53.547462 -948.56915
141.07709 53.477226 -948.5608
140.83054 53.547493 -948.5692
142.59912 56.43168 -954.8229
142.3601 56.495506 -954.82855
143.89893 58.792976 -959.18414
143.6677 58.852898 -959.1949
145.05847 60.6957 -962.76105
144.83334 60.75448 -962.7779
146.09726 62.37957 -966.2483
145.87732 62.438576 -966.2664
146.09732 62.3796 -966.2484
145.87735 62.438606 -966.26654
146.91 63.828606 -970.00464
146.6951 63.88891 -970.01874
147.31885 64.78896 -973.68695
147.10843 64.8511 -973.6935
147.43561 65.31191 -976.94354
147.2284 65.37499 -976.94543
147.4007 65.54214 -979.65826
147.1955 65.6054 -979.65845
147.40073 65.54217 -979.65845
147.19556 65.60543 -979.6585
147.26974 65.60067 -982.1504
147.06601 65.66372 -982.1501
147.05536 65.55123 -984.5502
146.85306 65.61373 -984.55023
146.73965 65.36959 -987.2808
146.53915 65.431114 -987.2814
146.73972 65.36962 -987.28094
146.53915 65.431114 -987.2815
146.33914 65.05273 -990.16815
146.14069 65.112785 -990.1694
145.86807 64.583336 -993.0818
145.67178 64.64175 -993.084
145.41638 63.981224 -995.83795
145.22226 64.03799 -995.84125
144.98355 63.215874 -998.61993
144.79187 63.270927 -998.6242
144.98352 63.21586 -998.6199
144.79184 63.270897 -998.6241
144.56879 62.31504 -1001.29443
144.38019 62.368263 -1001.29944
144.18173 61.350807 -1003.7771
143.99704 61.40229 -1003.7826
143.83319 60.434654 -1005.96466
143.65286 60.484657 -1005.9704
143.83319 60.434624 -1005.96466
143.65283 60.484657 -1005.97034
143.47934 59.57714 -1008.0412
143.30368 59.625664 -1008.04724
143.06137 58.69059 -1010.333
142.8909 58.737526 -1010.3391
142.63913 57.868675 -1012.59314
142.47336 57.914253 -1012.59955
142.07019 57.182106 -1014.75055
142.23227 57.137566 -1014.7438
142.07016 57.18206 -1014.7505
141.87091 56.539925 -1016.64136
141.71136 56.583702 -1016.64844
141.51807 55.942543 -1018.5193
141.36038 55.98568 -1018.5275
141.13629 55.17147 -1020.6889
140.98029 55.21369 -1020.7004
141.13629 55.171455 -1020.68896
140.98029 55.21369 -1020.70044
140.79843 54.269173 -1022.8939
140.64413 54.310143 -1022.9124
140.5434 53.280785 -1024.9536
140.39114 53.32006 -1024.9822
140.3858 52.331184 -1026.643
140.23633 52.36846 -1026.6837
140.31726 51.351692 -1028.0883
140.172 51.386772 -1028.1432
140.31723 51.351707 -1028.0881
140.17203 51.386772 -1028.1432
140.31989 50.20208 -1029.5533
140.17984 50.235054 -1029.6221
140.40237 48.784325 -1031.0922
140.26907 48.814964 -1031.1754
140.59094 46.949898 -1032.7421
140.46509 46.978065 -1032.8396
140.59094 46.949898 -1032.7422
140.82986 44.961098 -1034.2665
140.71039 44.98699 -1034.3757
141.04483 43.03472 -1035.5446
140.9289 43.05842 -1035.6614
141.20761 41.330788 -1036.5557
141.09143 41.35253 -1036.6752
141.31345 39.94149 -1037.3009
141.19635 39.96154 -1037.4215
141.40082 38.560738 -1037.9784
141.28394 38.579323 -1038.1012
141.51883 36.73594 -1038.7686
141.4039 36.75306 -1038.8953
141.64291 34.41958 -1039.6426
141.53732 34.434135 -1039.7792
141.64294 34.419624 -1039.6427
141.53735 34.43418 -1039.7792
141.82083 31.88047 -1040.3723
141.7236 31.88726 -1040.5166
142.08914 29.426094 -1040.8544
141.99567 29.421074 -1041.0006
142.39981 27.119514 -1041.1273
142.31223 27.104195 -1041.2755
142.39978 27.11953 -1041.1272
142.3122 27.10421 -1041.2755
142.80777 24.746147 -1041.1978
142.71756 24.722084 -1041.3401
143.25726 22.541512 -1041.098
143.15955 22.512505 -1041.2253
143.25726 22.541542 -1041.0981
143.15955 22.51255 -1041.2252
143.61346 20.555336 -1040.9839
143.5177 20.526558 -1041.1033
143.88837 18.660286 -1040.8977
143.80435 18.63433 -1041.025
144.23004 16.585243 -1040.7396
144.16104 16.562523 -1040.875
144.23004 16.585274 -1040.7396
144.16104 16.562538 -1040.875
144.6832 14.107597 -1040.4456
144.62451 14.0886 -1040.5779
145.17255 11.553185 -1040.0322
145.1099 11.537743 -1040.1489
145.5708 9.283592 -1039.6483
145.49985 9.270409 -1039.7617
145.5708 9.283638 -1039.6483
145.49988 9.270439 -1039.7616
145.87589 7.399101 -1039.294
145.78891 7.387291 -1039.4115
146.16858 5.578972 -1038.9165
146.05359 5.568825 -1039.0388
146.46298 3.60952 -1038.5287
146.30984 3.60392 -1038.6373
146.46301 3.609566 -1038.5287
146.30988 3.603996 -1038.6375
146.44196 1.491875 -1038.3094
146.54959 -0.526817 -1038.0505
146.38019 -0.525749 -1038.1538
146.54962 -0.526802 -1038.0505
146.38019 -0.525703 -1038.1537
146.4397 -2.377556 -1037.9268
146.28284 -2.376457 -1038.0471
146.30273 -4.214882 -1037.8339
146.15717 -4.213814 -1037.9666
146.14484 -6.131248 -1037.76
146.0116 -6.130196 -1037.9044
146.14484 -6.131233 -1037.76
146.0116 -6.130165 -1037.9043
145.94409 -8.278969 -1037.6985
145.82666 -8.277885 -1037.8558
145.6991 -10.465599 -1037.6536
145.59955 -10.464378 -1037.8235
145.43277 -12.485832 -1037.6191
145.34964 -12.484474 -1037.799
145.43277 -12.485817 -1037.6193
145.34964 -12.484444 -1037.7991
145.18405 -14.151665 -1037.5819
145.11188 -14.150124 -1037.768
144.91 -15.807762 -1037.5326
144.84525 -15.805962 -1037.7228
144.52292 -17.811653 -1037.5203
144.47238 -17.809685 -1037.7163
144.52295 -17.811638 -1037.5203
144.47241 -17.809639 -1037.7163
144.01132 -20.17649 -1037.5768
143.97467 -20.170189 -1037.7733
143.5169 -22.475212 -1037.6405
143.46799 -22.455711 -1037.8135
143.0181 -24.547203 -1037.8906
142.9791 -24.519936 -1038.0402
142.51526 -26.331978 -1038.388
142.50055 -26.299828 -1038.5363
142.001 -28.06028 -1038.9487
142.00024 -28.023338 -1039.0958
142.00107 -28.060265 -1038.9489
142.00027 -28.023323 -1039.096
141.49512 -29.583397 -1039.6329
140.95023 -31.097527 -1040.0193
140.95331 -31.052864 -1040.1606
140.36444 -32.466103 -1040.684
140.36444 -32.51351 -1040.5454
140.36444 -32.466072 -1040.684
139.65979 -34.02256 -1041.1152
139.65521 -33.972725 -1041.2507
138.80411 -35.641426 -1041.7297
138.79428 -35.589363 -1041.8615
137.72131 -37.502037 -1042.4619
137.70834 -37.4486 -1042.5896
137.72131 -37.502007 -1042.4618
137.70831 -37.44857 -1042.5896
136.39233 -39.643654 -1043.3336
136.37817 -39.58979 -1043.4573
134.91092 -41.95574 -1044.3109
134.89743 -41.902214 -1044.4313
133.45135 -44.254173 -1045.3256
133.44043 -44.201942 -1045.4432
133.45139 -44.254143 -1045.3256
133.44046 -44.201912 -1045.4432
132.2424 -46.23353 -1046.2345
132.23502 -46.18299 -1046.3507
131.06122 -48.264214 -1047.1837
131.05682 -48.215294 -1047.2983
129.82529 -50.494194 -1048.2356
129.82364 -50.446968 -1048.3485
129.82532 -50.49415 -1048.2355
129.82367 -50.446938 -1048.3485
128.62543 -52.802498 -1049.3296
128.62674 -52.757256 -1049.4414
127.59264 -54.920296 -1050.3226
127.596245 -54.87696 -1050.4335
127.59264 -54.920265 -1050.3226
127.596275 -54.876945 -1050.4335
126.75243 -56.74494 -1051.164
126.75753 -56.703255 -1051.2738
125.96624 -58.5812 -1051.9991
125.97344 -58.541283 -1052.108
125.23507 -60.459053 -1052.8436
125.24551 -60.421318 -1052.9517
125.23507 -60.459038 -1052.8435
125.245476 -60.421303 -1052.9515
124.62383 -62.240776 -1053.6361
124.638756 -62.20542 -1053.743
124.13854 -63.90838 -1054.3702
124.159355 -63.87548 -1054.4756
123.77322 -65.47773 -1055.057
123.8016 -65.44728 -1055.1599
123.77328 -65.4777 -1055.0571
123.80163 -65.44725 -1055.1599
123.495995 -67.15558 -1055.7833
123.534386 -67.12759 -1055.8818
123.34496 -68.88759 -1056.5282
123.39666 -68.86202 -1056.6188
123.34243 -70.75665 -1057.3047
123.408745 -70.733025 -1057.3828
123.34243 -70.75663 -1057.3046
123.408714 -70.73301 -1057.3827
123.49096 -72.713844 -1058.0691
123.56899 -72.691216 -1058.131
123.73504 -74.587456 -1058.7068
123.81017 -74.564 -1058.7567
123.73504 -74.587425 -1058.7067
123.81017 -74.56398 -1058.7567
124.066765 -76.1243 -1059.2117
124.14184 -76.09977 -1059.249
124.41265 -77.381294 -1059.6078
124.49081 -77.3562 -1059.6349
124.80459 -78.68988 -1059.9794
124.88381 -78.66438 -1059.9983
124.80459 -78.68986 -1059.9795
124.88381 -78.66435 -1059.9984
125.31277 -80.273285 -1060.3835
125.39214 -80.247765 -1060.3945
125.84487 -81.90638 -1060.7502
125.92373 -81.88163 -1060.7546
126.33105 -83.51567 -1061.0575
126.40948 -83.49282 -1061.0585
126.33102 -83.51565 -1061.0575
126.40948 -83.492805 -1061.0585
126.72994 -85.05224 -1061.3048
126.80819 -85.032364 -1061.3049
127.0501 -86.61477 -1061.5052
127.128105 -86.59851 -1061.506
127.302605 -88.28749 -1061.6713
127.379875 -88.27503 -1061.674
127.302574 -88.28747 -1061.6711
127.379845 -88.27502 -1061.674
127.45022 -89.917305 -1061.7853
127.52645 -89.9088 -1061.7931
127.54125 -91.33756 -1061.857
127.62246 -91.33245 -1061.8665
127.61819 -92.51478 -1061.9097
127.71206 -92.511765 -1061.9175
127.61819 -92.51477 -1061.9097
127.71206 -92.51176 -1061.9174
127.63888 -93.72341 -1061.9613
127.74258 -93.72227 -1061.9683
127.66894 -95.27154 -1062.0123
127.759514 -95.27287 -1062.0065
127.66897 -95.27151 -1062.0125
127.759544 -95.272835 -1062.0066
127.6813 -97.12795 -1062.0842
127.7503 -97.13145 -1062.0651
127.60122 -98.989685 -1062.2092
127.66097 -98.99495 -1062.1873
127.486534 -100.660545 -1062.3914
127.54226 -100.66785 -1062.3663
127.486534 -100.66053 -1062.3915
127.54226 -100.66782 -1062.3663
127.3742 -102.094635 -1062.6207
127.42617 -102.10429 -1062.5917
127.24551 -103.445305 -1062.9237
127.29461 -103.45736 -1062.892
127.092064 -104.87421 -1063.3268
127.13915 -104.88843 -1063.2931
127.092064 -104.87418 -1063.3268
127.13912 -104.8884 -1063.2931
126.93188 -106.350685 -1063.8102
126.9775 -106.366646 -1063.7745
126.78884 -107.82982 -1064.3224
126.83318 -107.846535 -1064.2842
126.685814 -109.222015 -1064.7859
126.72872 -109.23818 -1064.7446
126.685814 -109.222 -1064.7859
126.72872 -109.23817 -1064.7445
126.614006 -110.54845 -1065.1915
126.65563 -110.56346 -1065.1473
126.54693 -111.92728 -1065.5808
126.58828 -111.94112 -1065.535
126.54693 -111.92725 -1065.5809
126.58828 -111.9411 -1065.535
126.470146 -113.374565 -1065.9508
126.51269 -113.38702 -1065.9049
126.39828 -114.7562 -1066.2389
126.438866 -114.76714 -1066.1934
126.33633 -115.94975 -1066.4205
126.37066 -115.95971 -1066.372
126.33633 -115.94974 -1066.4204
126.37063 -115.959694 -1066.372
126.2546 -117.003746 -1066.547
126.28564 -117.01322 -1066.4913
126.16161 -118.020584 -1066.6259
126.192375 -118.028915 -1066.5616
126.05724 -119.0986 -1066.6763
126.09069 -119.104546 -1066.6086
126.05718 -119.098595 -1066.6764
126.09069 -119.10454 -1066.6085
125.96987 -120.19163 -1066.6781
126.006615 -120.193634 -1066.6101
125.9497 -121.22027 -1066.5806
125.98388 -121.21644 -1066.5118
125.98635 -122.09199 -1066.433
126.0151 -122.08272 -1066.3678
125.98635 -122.09198 -1066.433
126.01507 -122.0827 -1066.3678
126.04568 -122.85683 -1066.2885
126.07351 -122.84361 -1066.2291
126.17132 -123.67302 -1066.0376
126.293785 -124.58965 -1065.7955
126.32574 -124.5679 -1065.742
126.293785 -124.589645 -1065.7957
126.32574 -124.56789 -1065.742
126.49227 -125.522865 -1065.3926
126.52221 -125.49683 -1065.34
126.68606 -126.36898 -1064.9363
126.71221 -126.33938 -1064.8838
126.68606 -126.36898 -1064.9362
126.71221 -126.33937 -1064.8837
126.8623 -127.19697 -1064.4023
126.883354 -127.16451 -1064.3497
126.99929 -127.996376 -1063.8114
127.01504 -127.96166 -1063.7588
127.10616 -128.80978 -1063.1818
127.11874 -128.77405 -1063.13
127.10613 -128.80978 -1063.1815
127.118675 -128.77405 -1063.13
127.19137 -129.56476 -1062.6158
127.20327 -129.52979 -1062.5651
127.26684 -130.21964 -1062.1858
127.28069 -130.18732 -1062.1351
127.342674 -130.81038 -1061.8726
127.36071 -130.78175 -1061.823
127.36074 -130.78174 -1061.823
127.428734 -131.39679 -1061.6378
127.45254 -131.37204 -1061.5912
127.56133 -132.08646 -1061.4116
127.58886 -132.06538 -1061.3684
127.76238 -132.81342 -1061.1941
127.78704 -132.79543 -1061.1499
127.76241 -132.8134 -1061.1942
127.78707 -132.79541 -1061.1499
127.99709 -133.54837 -1061.029
128.02197 -133.53151 -1060.9835
128.2265 -134.22795 -1060.9333
128.25485 -134.21082 -1060.8918
128.48746 -134.88513 -1060.8514
128.51761 -134.86717 -1060.8137
128.48743 -134.88513 -1060.8513
128.51758 -134.86717 -1060.8137
128.83371 -135.63979 -1060.7764
128.86523 -135.62083 -1060.7424
129.25677 -136.44058 -1060.7426
129.29004 -136.41995 -1060.7136
129.25677 -136.44057 -1060.7426
129.29004 -136.41992 -1060.7136
129.71143 -137.1779 -1060.7767
129.7463 -137.15503 -1060.753
130.24423 -137.92308 -1060.8682
130.27942 -137.89856 -1060.8485
130.89056 -138.71669 -1061.0188
130.92416 -138.69206 -1061.0018
130.89056 -138.71667 -1061.0188
130.92416 -138.69205 -1061.002
29.5279 6.372154 -55.550915
34.142876 4.870247 -63.60347
33.47242 5.011345 -63.945988
39.709694 6.831291 -70.58554
39.003517 6.976509 -70.975815
44.720207 7.082832 -77.67385
44.026665 7.233086 -78.11598
50.032997 5.287788 -85.78829
49.364616 5.437447 -86.27793
55.114586 1.224831 -95.19611
54.42663 1.376457 -95.727615
55.11457 1.224815 -95.19611
54.426613 1.376442 -95.727615
59.99961 -5.477043 -105.045975
59.225 -5.299248 -105.586876
59.999596 -5.477043 -105.04597
59.224983 -5.299248 -105.58686
62.36268 -15.878746 -115.071625
61.586784 -15.599449 -115.60095
64.940056 -25.739174 -125.349724
64.27181 -25.445946 -125.822685
67.46581 -30.828804 -135.19257
66.84542 -30.507774 -135.49907
69.418144 -33.194557 -142.73427
68.84222 -32.876595 -142.98375
68.84222 -32.876595 -142.98376
70.398796 -33.757317 -150.03629
71.72518 -34.232048 -156.73386
73.29284 -34.704445 -163.42162
72.733055 -34.39692 -163.51202
73.575066 -34.364845 -170.42812
74.124504 -34.664986 -170.3632
73.575035 -34.364845 -170.42813
74.72048 -34.367393 -177.82402
74.181725 -34.07464 -177.85826
75.11962 -33.61669 -187.082
74.59322 -33.332024 -187.0852
75.19781 -32.248802 -198.81894
74.684715 -31.972176 -198.79333
74.99096 -30.394386 -212.68297
74.48861 -30.123756 -212.64052
74.79485 -28.555244 -226.93236
74.29894 -28.287682 -226.89172
74.96841 -27.351494 -240.19249
74.47762 -27.085976 -240.17593
74.96844 -27.351479 -240.19254
74.47765 -27.08596 -240.17598
75.62328 -26.971748 -252.22168
75.14144 -26.710213 -252.24075
76.599754 -27.094765 -263.52582
76.12994 -26.839043 -263.57043
77.619286 -27.15229 -274.7993
77.15908 -26.90171 -274.8439
78.40789 -26.591393 -286.5969
77.95089 -26.343498 -286.61722
78.89681 -25.063286 -299.03702
78.43688 -24.81588 -299.02472
79.212456 -22.462898 -311.8774
78.74535 -22.2154 -311.83682
79.591576 -18.744362 -324.79968
79.11562 -18.498604 -324.73904
80.30251 -14.072365 -337.50568
79.820854 -13.831734 -337.43924
80.30254 -14.072334 -337.50574
79.820915 -13.831718 -337.4393
81.52798 -9.000893 -349.79636
81.04919 -8.76725 -349.7433
81.52798 -9.000923 -349.79633
81.04916 -8.767281 -349.74326
83.28335 -4.252251 -361.62524
82.81655 -4.024086 -361.60086
85.447044 -0.177071 -373.09415
84.99496 0.048347 -373.10095
85.447014 -0.177071 -373.09412
84.99496 0.048332 -373.1009
87.911705 3.403725 -384.37643
87.46929 3.62841 -384.40637
90.53289 6.803673 -395.6634
90.092735 7.029152 -395.70435
93.117516 10.18528 -407.1531
92.67544 10.412361 -407.19394
93.117516 10.185249 -407.15305
92.67544 10.412346 -407.1939
95.58825 13.744759 -419.0706
95.14263 13.973137 -419.1032
97.71035 17.44062 -431.36362
97.26528 17.668495 -431.37933
97.71035 17.440605 -431.3636
97.26528 17.668495 -431.3793
99.27056 20.94384 -443.39456
98.829704 21.17025 -443.3911
100.49102 24.135704 -455.01093
100.050316 24.363152 -454.9995
100.49099 24.135704 -455.0109
100.050285 24.363152 -454.99945
101.65237 27.003654 -466.0657
101.20556 27.235222 -466.05795
103.02639 29.919487 -477.42834
102.56725 30.15757 -477.42886
104.83648 33.166664 -489.93228
104.36172 33.41265 -489.94495
104.83648 33.166634 -489.93222
104.36172 33.41262 -489.9449
107.0602 36.77543 -503.45663
106.57186 37.02813 -503.47784
109.74636 39.632805 -518.32227
109.26086 39.889977 -518.3704
109.74636 39.63279 -518.32227
109.26086 39.889977 -518.37036
112.20675 41.989616 -534.5249
111.75707 42.23269 -534.57007
112.8193 47.42904 -550.8315
112.43011 47.63053 -550.7724
112.8193 47.42901 -550.8314
112.43011 47.6305 -550.77234
113.48623 53.61834 -563.6577
113.10497 53.803993 -563.574
116.36538 57.75553 -575.12274
116.81231 57.53605 -575.12866
116.36535 57.755516 -575.12274
120.83904 60.519493 -586.8595
120.3435 60.77729 -586.8938
124.50042 61.60302 -595.47125
123.970604 61.895317 -595.57
127.603264 61.531166 -603.736
127.021355 61.8637 -603.9051
127.603264 61.53115 -603.736
127.021355 61.863686 -603.905
128.7038 58.87864 -613.2322
128.06 59.2297 -613.4354
126.07186 53.95707 -626.22314
125.42449 54.27639 -626.31415
126.07189 53.9571 -626.22314
125.42452 54.276405 -626.3141
120.84417 49.55979 -641.9558
120.30038 49.828056 -641.91565
116.89199 46.793175 -658.30444
117.32601 46.569603 -658.31836
116.89199 46.79319 -658.3044
116.36993 44.601265 -673.3542
115.98852 44.803703 -673.3811
116.53512 43.871284 -686.69904
116.17672 44.064934 -686.72455
117.76095 44.077797 -698.8539
117.404625 44.27108 -698.8849
117.76092 44.07778 -698.8538
117.404594 44.27108 -698.88477
119.572624 44.74415 -710.4426
119.21731 44.936363 -710.4795
121.05572 45.38436 -722.148
120.703545 45.574898 -722.1771
121.05569 45.38436 -722.148
120.70348 45.574898 -722.1771
121.97329 45.790337 -734.31464
121.63378 45.97428 -734.33325
122.63152 45.884727 -747.0424
122.309166 46.05967 -747.06
123.025475 45.52256 -760.23035
122.71877 45.689064 -760.24976
123.16634 45.015953 -773.6973
122.87374 45.17457 -773.713
123.16634 45.015938 -773.6974
122.87374 45.174538 -773.7131
123.67031 44.48284 -787.36456
123.38836 44.635994 -787.3868
124.5133 43.90011 -800.97253
124.23846 44.04975 -801.0014
125.45736 43.467873 -814.3608
125.1899 43.61361 -814.3891
125.45736 43.467873 -814.36084
125.18993 43.613594 -814.38916
126.11315 42.916084 -827.3937
125.85125 43.058556 -827.41864
126.51891 42.342842 -840.14606
126.264915 42.480766 -840.167
127.01217 42.039024 -852.2127
126.7622 42.17478 -852.22986
127.70492 42.014 -862.95953
127.464134 42.144875 -862.97656
127.464134 42.14486 -862.97656
128.55869 42.006355 -872.6845
128.32123 42.135475 -872.7046
129.48987 42.216225 -881.2118
129.25034 42.346214 -881.2316
130.49054 42.846138 -889.3119
130.25333 42.9741 -889.32684
130.25336 42.974113 -889.3269
131.55258 43.96389 -897.3589
131.31863 44.08889 -897.3658
132.8417 45.04084 -905.7156
132.61063 45.164574 -905.7288
134.46762 46.190514 -914.75616
134.23538 46.314568 -914.7748
136.1665 47.472816 -923.48785
135.92847 47.59864 -923.5043
136.16656 47.47283 -923.488
135.9285 47.59867 -923.5044
137.68002 49.044243 -932.4354
137.43246 49.173622 -932.4406
139.32004 51.003014 -940.8288
139.06436 51.133904 -940.83
140.8305 53.547447 -948.5691
140.57364 53.674095 -948.5547
140.8305 53.547478 -948.56915
140.57364 53.674126 -948.55475
142.36008 56.49549 -954.8285
142.10934 56.61039 -954.8054
143.66766 58.852882 -959.1949
143.4238 58.96073 -959.1754
144.83334 60.75448 -962.77783
144.5954 60.86042 -962.7659
145.87729 62.438545 -966.26636
145.64532 62.54476 -966.2585
145.87732 62.43859 -966.26636
145.64536 62.544792 -966.2586
146.69507 63.888878 -970.0186
146.47003 63.997368 -970.01135
147.10843 64.85107 -973.6934
146.89017 64.96291 -973.68506
147.2284 65.37493 -976.9453
147.01462 65.48858 -976.93835
147.19547 65.60537 -979.6583
146.98419 65.71941 -979.6543
146.98425 65.71941 -979.6544
147.06595 65.66372 -982.15
146.85632 65.777336 -982.14935
146.85303 65.6137 -984.5501
146.64478 65.72625 -984.55304
146.53912 65.43108 -987.28125
146.33246 65.541954 -987.2881
146.33252 65.541954 -987.2882
146.14066 65.112785 -990.1693
145.93591 65.22115 -990.1803
145.46893 64.74703 -993.09924
145.22226 64.03796 -995.8412
145.02124 64.14022 -995.86005
144.79187 63.27088 -998.62415
144.59314 63.370064 -998.6457
144.79184 63.270866 -998.624
144.59311 63.370033 -998.64557
144.38019 62.368248 -1001.2994
144.18442 62.464134 -1001.3231
143.99701 61.402275 -1003.78253
143.80515 61.495094 -1003.80743
143.65283 60.484642 -1005.9703
143.4654 60.57473 -1005.99554
143.65283 60.484642 -1005.9702
143.46536 60.5747 -1005.99554
143.30365 59.62565 -1008.0472
143.12103 59.713005 -1008.0725
142.89084 58.73751 -1010.3391
142.71356 58.822044 -1010.3643
142.47333 57.914223 -1012.5995
142.3009 57.996223 -1012.6246
142.07019 57.182076 -1014.7505
141.90155 57.262154 -1014.7756
142.07016 57.182045 -1014.7504
141.90155 57.26214 -1014.7755
141.71133 56.583702 -1016.64825
141.54535 56.662468 -1016.6734
141.36038 55.985664 -1018.5274
141.19653 56.063225 -1018.5538
140.98026 55.213676 -1020.7003
140.81848 55.28968 -1020.7305
140.98026 55.213676 -1020.7004
140.81848 55.289696 -1020.7306
140.6441 54.310127 -1022.91235
140.4845 54.383812 -1022.951
140.39111 53.320045 -1024.982
140.23456 53.390694 -1025.033
140.23633 52.368416 -1026.6836
140.08401 52.4356 -1026.7488
140.172 51.38674 -1028.1432
140.02597 51.44993 -1028.2247
140.17203 51.38674 -1028.1431
140.02594 51.44993 -1028.2246
140.17984 50.235023 -1029.622
140.0412 50.294334 -1029.719
140.26904 48.81495 -1031.1753
140.14001 48.87008 -1031.2883
140.46506 46.97805 -1032.8396
140.3465 47.028862 -1032.9684
140.3465 47.02883 -1032.9684
140.71036 44.98699 -1034.3756
140.60092 45.03367 -1034.517
140.92886 43.05842 -1035.6614
140.82477 43.101112 -1035.8114
141.0914 41.35253 -1036.6752
140.9878 41.39167 -1036.8291
141.19632 39.961525 -1037.4215
141.0921 39.997536 -1037.5775
141.28394 38.579308 -1038.1012
141.18048 38.61277 -1038.2599
141.40387 36.75303 -1038.8953
141.30344 36.78382 -1039.0582
141.53732 34.43412 -1039.779
141.44916 34.46038 -1039.9513
141.53735 34.434166 -1039.7792
141.44913 34.46041 -1039.9513
141.72357 31.887245 -1040.5166
141.64597 31.903267 -1040.6962
141.99564 29.421059 -1041.0005
141.9224 29.42321 -1041.1823
142.3122 27.104195 -1041.2755
142.24588 27.094154 -1041.4585
142.31216 27.10421 -1041.2754
142.24585 27.094185 -1041.4585
142.71753 24.722084 -1041.3401
142.64673 24.70095 -1041.5178
143.15952 22.512505 -1041.2252
143.07468 22.48333 -1041.3904
143.07468 22.483376 -1041.3905
143.51767 20.526558 -1041.1033
143.4306 20.495537 -1041.2626
143.80432 18.634315 -1041.025
143.73212 18.60624 -1041.1908
144.16101 16.562508 -1040.8749
144.1077 16.53791 -1041.0465
144.16101 16.562538 -1040.8749
144.1077 16.537941 -1041.0465
144.62448 14.08857 -1040.5778
144.5834 14.067482 -1040.7451
145.10986 11.537727 -1040.1488
145.06323 11.519829 -1040.2974
145.49985 9.270393 -1039.7615
145.44485 9.255272 -1039.8973
145.49985 9.270409 -1039.7615
145.44485 9.255318 -1039.8975
145.78888 7.387276 -1039.4114
145.719 7.373665 -1039.5476
146.05359 5.568794 -1039.0388
145.9591 5.556465 -1039.1813
146.30984 3.603905 -1038.6373
146.1824 3.593758 -1038.7891
146.30988 3.603966 -1038.6375
146.18243 3.593788 -1038.7892
146.44196 1.491859 -1038.3094
146.29715 1.483833 -1038.4746
146.38019 -0.525749 -1038.1536
146.25455 -0.533455 -1038.3358
146.38019 -0.525734 -1038.1536
146.25452 -0.533409 -1038.3357
146.28284 -2.376457 -1038.0469
146.17688 -2.384026 -1038.2406
146.1571 -4.213814 -1037.9664
146.0676 -4.221214 -1038.167
146.01157 -6.130211 -1037.9043
145.93921 -6.137428 -1038.1107
146.0116 -6.13018 -1037.9043
145.93924 -6.137398 -1038.1106
145.82666 -8.277901 -1037.8557
145.77533 -8.285362 -1038.0674
145.59955 -10.464424 -1037.8235
145.57117 -10.472633 -1038.039
145.34961 -12.484489 -1037.799
145.34152 -12.493996 -1038.0166
145.34961 -12.484474 -1037.799
145.34152 -12.49398 -1038.0166
145.11185 -14.150154 -1037.7678
145.11688 -14.16114 -1037.9863
144.84521 -15.805992 -1037.7227
144.85922 -15.818367 -1037.942
144.47238 -17.8097 -1037.7162
144.50275 -17.823555 -1037.9348
144.47238 -17.809654 -1037.7163
144.50275 -17.82351 -1037.9349
143.97464 -20.170235 -1037.7732
144.0112 -20.178932 -1037.9916
143.46796 -22.455727 -1037.8135
143.45935 -22.443062 -1038.03
142.97906 -24.519936 -1038.0402
142.96234 -24.493095 -1038.234
142.96234 -24.49308 -1038.234
142.51147 -26.26699 -1038.7242
142.00018 -28.023338 -1039.0958
142.0281 -27.985695 -1039.2795
142.00021 -28.023323 -1039.096
142.02814 -27.98565 -1039.2797
141.49512 -29.583412 -1039.6328
141.52814 -29.54142 -1039.8127
140.95331 -31.052864 -1040.1605
140.98477 -31.007225 -1040.3375
140.36441 -32.466103 -1040.6838
140.39136 -32.417625 -1040.8586
140.36444 -32.466072 -1040.6838
140.39139 -32.41761 -1040.8588
139.65518 -33.97274 -1041.2506
139.67566 -33.92182 -1041.4231
138.79425 -35.58938 -1041.8615
138.8071 -35.53617 -1042.031
137.70828 -37.4486 -1042.5895
137.71631 -37.394066 -1042.7552
137.70831 -37.44857 -1042.5895
137.71631 -37.394035 -1042.7552
136.37814 -39.58979 -1043.4573
136.38379 -39.534798 -1043.6187
134.8974 -41.902245 -1044.431
134.90317 -41.847603 -1044.5881
133.44043 -44.201942 -1045.4431
133.44897 -44.148598 -1045.5963
133.44043 -44.201927 -1045.4431
133.44897 -44.148567 -1045.5963
132.23499 -46.18299 -1046.3506
132.24786 -46.131294 -1046.5009
131.05682 -48.21531 -1047.2983
131.07321 -48.16529 -1047.4457
129.82361 -50.447 -1048.3484
129.84326 -50.398766 -1048.4932
129.82364 -50.446953 -1048.3485
129.84329 -50.39872 -1048.4932
128.62674 -52.75727 -1049.4413
128.65005 -52.711052 -1049.5834
127.596214 -54.876976 -1050.4333
127.622215 -54.832756 -1050.5731
127.596245 -54.876945 -1050.4332
127.622215 -54.832726 -1050.5731
126.75753 -56.70327 -1051.2737
126.78533 -56.660698 -1051.4119
125.97344 -58.541298 -1052.1079
126.003716 -58.500572 -1052.2443
125.245476 -60.421318 -1052.9517
125.279625 -60.382805 -1053.0856
125.279625 -60.38279 -1053.0856
124.638725 -62.20542 -1053.743
124.67837 -62.169334 -1053.8743
124.159325 -63.875496 -1054.4756
124.20605 -63.84191 -1054.6033
123.80157 -65.44729 -1055.1598
123.85729 -65.41621 -1055.2825
123.8016 -65.44726 -1055.1599
123.85732 -65.416176 -1055.2825
123.534355 -67.1276 -1055.8818
123.60174 -67.099045 -1055.9963
123.39666 -68.862045 -1056.6188
123.47903 -68.83596 -1056.7201
123.408745 -70.73305 -1057.3828
123.50674 -70.70893 -1057.4652
123.408714 -70.733025 -1057.3827
123.50674 -70.708916 -1057.4651
123.56896 -72.69123 -1058.131
123.678185 -72.66801 -1058.1906
123.81014 -74.56402 -1058.7567
123.91146 -74.539116 -1058.8008
123.81011 -74.563995 -1058.7567
123.91146 -74.5391 -1058.8008
124.14184 -76.09978 -1059.249
124.239525 -76.0733 -1059.2772
124.49081 -77.35622 -1059.6349
124.5902 -77.32919 -1059.6499
124.88375 -78.66438 -1059.9983
124.98281 -78.636986 -1060.0034
124.88378 -78.66436 -1059.9983
124.98284 -78.636955 -1060.0034
125.39208 -80.24777 -1060.3944
125.48977 -80.22029 -1060.3898
125.92373 -81.881645 -1060.7546
126.019615 -81.854965 -1060.7422
126.40948 -83.492836 -1061.0583
126.50396 -83.4682 -1061.042
126.40945 -83.492805 -1061.0583
126.50396 -83.468185 -1061.042
126.80816 -85.032364 -1061.3048
126.90209 -85.010925 -1061.2877
127.128075 -86.59852 -1061.506
127.22161 -86.58104 -1061.4897
127.4728 -88.261665 -1061.6605
127.379814 -88.27502 -1061.6738
127.4728 -88.26165 -1061.6605
127.52645 -89.90879 -1061.793
127.61913 -89.89961 -1061.7859
127.62243 -91.33245 -1061.8663
127.723015 -91.32709 -1061.8596
127.71203 -92.51177 -1061.9175
127.82571 -92.50927 -1061.8992
127.71203 -92.511765 -1061.9174
127.825676 -92.50926 -1061.8992
127.742516 -93.722275 -1061.9683
127.856346 -93.72254 -1061.9341
127.75948 -95.27288 -1062.0065
127.85012 -95.27539 -1061.9698
127.759514 -95.27284 -1062.0066
127.85015 -95.27536 -1061.97
127.7503 -97.131454 -1062.0648
127.817314 -97.135544 -1062.0321
127.66097 -98.99496 -1062.1871
127.71914 -99.00098 -1062.1536
127.54223 -100.66786 -1062.3663
127.59579 -100.67619 -1062.3303
127.54223 -100.66784 -1062.3663
127.59579 -100.67617 -1062.3304
127.42611 -102.1043 -1062.5917
127.47512 -102.11525 -1062.5525
127.29458 -103.45737 -1062.892
127.34008 -103.47103 -1062.8503
127.13912 -104.88843 -1063.2931
127.18203 -104.90458 -1063.2498
127.13912 -104.888405 -1063.2931
127.18206 -104.90456 -1063.2498
126.9775 -106.36665 -1063.7745
127.018425 -106.38484 -1063.7295
126.83318 -107.84654 -1064.284
126.87243 -107.865616 -1064.2367
126.72869 -109.23819 -1064.7445
126.76595 -109.25662 -1064.6937
126.72869 -109.23817 -1064.7444
126.76598 -109.2566 -1064.6938
126.6556 -110.56346 -1065.1472
126.691185 -110.58051 -1065.094
126.58828 -111.941124 -1065.5349
126.623314 -111.956795 -1065.4802
126.58828 -111.94111 -1065.535
126.623314 -111.95677 -1065.4801
126.51263 -113.38702 -1065.9049
126.54894 -113.40112 -1065.8497
126.438835 -114.76714 -1066.1931
126.47338 -114.77963 -1066.1368
126.3706 -115.95971 -1066.372
126.398705 -115.971214 -1066.3092
126.3706 -115.9597 -1066.3718
126.398705 -115.9712 -1066.3092
126.28561 -117.01323 -1066.4913
126.30987 -117.02393 -1066.4188
126.192345 -118.028915 -1066.5615
126.21441 -118.037575 -1066.4816
126.113945 -119.110054 -1066.526
126.09066 -119.10454 -1066.6085
126.113945 -119.11005 -1066.526
126.006584 -120.193634 -1066.6101
126.03298 -120.19472 -1066.5269
125.98385 -121.216446 -1066.5118
126.00686 -121.21155 -1066.4309
126.01507 -122.08272 -1066.3677
126.03231 -122.07261 -1066.2936
126.01507 -122.0827 -1066.3677
126.03231 -122.0726 -1066.2936
126.07348 -122.84361 -1066.2291
126.09051 -122.8294 -1066.1597
126.17129 -123.67302 -1066.0375
126.19222 -123.65447 -1065.9707
126.32571 -124.56791 -1065.7418
126.34777 -124.544525 -1065.6771
126.32571 -124.567894 -1065.742
126.34777 -124.54452 -1065.6771
126.52218 -125.49684 -1065.34
126.54192 -125.46891 -1065.2765
126.71218 -126.339386 -1064.8837
126.72756 -126.3076 -1064.821
126.71218 -126.33938 -1064.8835
126.72756 -126.307594 -1064.8209
126.88332 -127.16452 -1064.3495
126.892845 -127.12971 -1064.2878
127.01504 -127.96166 -1063.7587
127.01867 -127.92439 -1063.6987
127.118706 -128.77405 -1063.13
127.11889 -128.73569 -1063.0717
127.11886 -128.73567 -1063.0715
127.20324 -129.5298 -1062.5651
127.202934 -129.49231 -1062.5077
127.28066 -130.18732 -1062.1351
127.28283 -130.15268 -1062.0779
127.36071 -130.78177 -1061.823
127.36794 -130.75105 -1061.7655
127.36794 -130.75104 -1061.7656
127.45251 -131.37204 -1061.5912
127.46688 -131.34549 -1061.5353
127.58883 -132.06538 -1061.3683
127.609 -132.04263 -1061.3142
127.78701 -132.79543 -1061.1498
127.80663 -132.77573 -1061.0927
127.78701 -132.79541 -1061.1498
127.80666 -132.77571 -1061.0927
128.02197 -133.53152 -1060.9834
128.04272 -133.51329 -1060.923
128.25485 -134.21083 -1060.8918
128.28073 -134.19235 -1060.8352
128.51758 -134.86719 -1060.8137
128.54651 -134.84784 -1060.7612
128.51755 -134.86717 -1060.8137
128.54648 -134.84784 -1060.7611
128.89667 -135.60043 -1060.6942
129.29001 -136.41995 -1060.7136
129.32465 -136.39772 -1060.6705
129.29001 -136.41994 -1060.7136
129.32465 -136.3977 -1060.6707
129.74628 -137.15503 -1060.7529
129.78424 -137.1304 -1060.7157
130.31885 -137.87216 -1060.8156
130.92413 -138.69208 -1061.0018
130.96231 -138.66566 -1060.9724
130.96231 -138.66565 -1060.9725
POLYGONS 15226 60904
3 0 1 2
3 0 2 3
3 3 2 4
3 3 4 5
3 5 4 6
3 5 6 7
3 7 6 8
3 7 8 9
3 9 8 10
3 11 12 13
3 13 12 14
3 15 16 17
3 17 16 18
3 17 18 19
3 19 18 20
3 19 20 21
3 21 20 22
3 21 22 23
3 23 22 24
3 25 26 27
3 27 26 28
3 27 28 29
3 29 28 30
3 29 30 31
3 31 30 32
3 31 32 33
3 33 32 34
3 35 34 36
3 36 34 37
3 36 37 38
3 38 37 39
3 38 39 40
3 40 39 41
3 40 41 42
3 42 41 43
3 42 43 44
3 44 43 45
3 44 45 46
3 46 45 47
3 48 49 50
3 50 49 51
3 50 51 52
3 52 51 53
3 52 53 54
3 54 53 55
3 54 55 56
3 56 55 57
3 56 57 58
3 58 57 59
3 58 59 60
3 60 59 61
3 60 61 62
3 62 61 63
3 62 63 64
3 64 63 65
3 66 67 68
3 68 67 69
3 70 71 72
3 72 71 73
3 72 73 74
3 74 73 75
3 76 77 78
3 78 77 79
3 78 79 80
3 80 79 81
3 80 81 82
3 82 81 83
3 84 85 86
3 86 85 87
3 86 87 88
3 88 87 89
3 90 91 92
3 92 91 93
3 92 93 94
3 94 93 95
3 96 97 98
3 98 97 99
3 98 99 100
3 100 99 101
3 100 101 102
3 102 101 103
3 104 105 106
3 106 105 107
3 106 107 108
3 108 107 109
3 110 111 112
3 112 111 113
3 112 113 114
3 114 113 115
3 114 116 117
3 117 116 118
3 117 118 119
3 119 118 120
3 121 122 123
3 123 122 124
3 123 124 125
3 125 124 126
3 125 126 127
3 127 126 128
3 127 129 130
3 130 129 131
3 130 131 132
3 132 131 133
3 134 135 136
3 136 135 137
3 136 137 138
3 138 137 139
3 140 141 142
3 142 141 143
3 142 143 144
3 144 143 145
3 144 145 146
3 146 145 147
3 148 149 150
3 150 149 151
3 150 151 152
3 152 151 153
3 154 155 156
3 156 155 157
3 156 157 158
3 158 157 159
3 158 159 160
3 160 159 161
3 160 161 162
3 162 161 163
3 164 165 166
3 166 165 167
3 166 167 168
3 168 167 169
3 168 169 170
3 170 169 171
3 172 173 174
3 174 173 175
3 174 175 176
3 176 175 177
3 176 177 178
3 178 177 179
3 178 179 180
3 180 179 181
3 182 183 184
3 184 183 185
3 184 185 186
3 186 185 187
3 186 187 188
3 188 187 189
3 190 191 192
3 192 191 193
3 192 193 194
3 194 193 195
3 194 195 196
3 196 195 197
3 196 197 198
3 198 197 199
3 200 201 202
3 202 201 203
3 202 203 204
3 204 203 205
3 204 205 206
3 206 205 207
3 208 209 210
3 210 209 211
3 210 211 212
3 212 211 213
3 212 213 214
3 214 213 215
3 214 215 216
3 216 215 217
3 218 219 220
3 220 219 221
3 220 221 222
3 222 221 223
3 222 223 224
3 224 223 225
3 224 225 226
3 226 225 227
3 228 229 230
3 230 229 231
3 230 231 232
3 232 231 233
3 232 233 234
3 234 233 235
3 236 237 238
3 238 237 239
3 238 239 240
3 240 239 241
3 240 241 242
3 242 241 243
3 242 243 244
3 244 243 245
3 246 247 248
3 248 247 249
3 248 249 250
3 250 249 251
3 250 251 252
3 252 251 253
3 252 254 255
3 255 254 256
3 255 256 257
3 257 256 258
3 257 258 259
3 259 258 260
3 259 260 261
3 261 260 262
3 263 264 265
3 265 264 266
3 265 266 267
3 267 266 268
3 267 268 269
3 269 268 270
3 271 272 273
3 273 272 274
3 273 274 275
3 275 274 276
3 275 276 277
3 277 276 278
3 277 278 279
3 279 278 280
3 281 282 283
3 283 282 284
3 283 284 285
3 285 284 286
3 285 286 287
3 287 286 288
3 289 290 291
3 291 290 292
3 291 292 293
3 293 292 294
3 293 294 295
3 295 294 296
3 295 296 297
3 297 296 298
3 297 298 299
3 299 298 300
3 299 300 301
3 301 300 302
3 301 302 303
3 303 302 304
3 305 306 307
3 307 306 308
3 307 308 309
3 309 308 310
3 309 310 311
3 311 310 312
3 313 314 315
3 315 314 316
3 315 316 317
3 317 316 318
3 319 320 321
3 321 320 322
3 321 322 323
3 323 322 324
3 323 324 325
3 325 324 326
3 327 328 329
3 329 328 330
3 329 330 331
3 331 330 332
3 331 332 333
3 333 332 334
3 335 336 337
3 337 336 338
3 337 338 339
3 339 338 340
3 339 340 341
3 341 340 342
3 343 344 345
3 345 344 346
3 345 346 347
3 347 346 348
3 349 350 351
3 351 350 352
3 351 352 353
3 353 352 354
3 353 354 355
3 355 354 356
3 357 358 359
3 359 358 360
3 359 360 361
3 361 360 362
3 361 362 363
3 363 362 364
3 365 366 367
3 367 366 368
3 367 368 369
3 369 368 370
3 369 370 371
3 371 370 372
3 373 374 375
3 375 374 376
3 375 376 377
3 377 376 378
3 377 378 379
3 379 378 380
3 381 380 382
3 382 380 383
3 382 383 384
3 384 383 385
3 386 387 388
3 388 387 389
3 388 389 390
3 390 389 391
3 390 391 392
3 392 391 393
3 394 395 396
3 396 395 397
3 396 397 398
3 398 397 399
3 398 399 400
3 400 399 401
3 402 403 404
3 404 403 405
3 404 405 406
3 406 405 407
3 406 407 408
3 408 407 409
3 410 411 412
3 412 411 413
3 412 413 414
3 414 413 415
3 414 415 416
3 416 415 417
3 418 419 420
3 420 419 421
3 420 421 422
3 422 421 423
3 424 425 426
3 426 425 427
3 426 427 428
3 428 427 429
3 428 429 430
3 430 429 431
3 432 433 434
3 434 433 435
3 434 435 436
3 436 435 437
3 436 437 438
3 438 437 439
3 440 441 442
3 442 441 443
3 442 443 444
3 444 443 445
3 444 445 446
3 446 445 447
3 448 449 450
3 450 449 451
3 450 451 452
3 452 451 453
3 454 455 456
3 456 455 457
3 456 457 458
3 458 457 459
3 458 459 460
3 460 459 461
3 462 463 464
3 464 463 465
3 464 465 466
3 466 465 467
3 466 467 468
3 468 467 469
3 470 471 472
3 472 471 473
3 472 473 474
3 474 473 475
3 474 475 476
3 476 475 477
3 478 479 480
3 480 479 481
3 480 481 482
3 482 481 483
3 482 483 484
3 484 483 485
3 486 487 488
3 488 487 489
3 488 489 490
3 490 489 491
3 492 493 494
3 494 493 495
3 494 495 496
3 496 495 497
3 496 497 498
3 498 497 499
3 500 501 502
3 502 501 503
3 502 503 504
3 504 503 505
3 504 505 506
3 506 505 507
3 508 509 510
3 510 509 511
3 510 511 512
3 512 511 513
3 512 513 514
3 514 513 515
3 516 517 518
3 518 517 519
3 518 519 520
3 520 519 521
3 522 523 524
3 524 523 525
3 524 525 526
3 526 525 527
3 526 527 528
3 528 527 529
3 530 531 532
3 532 531 533
3 532 533 534
3 534 533 535
3 534 535 536
3 536 535 537
3 538 539 540
3 540 539 541
3 540 541 542
3 542 541 543
3 542 543 544
3 544 543 545
3 546 547 548
3 548 547 549
3 548 549 550
3 550 549 551
3 550 551 552
3 552 551 553
3 554 555 556
3 556 555 557
3 556 557 558
3 558 557 559
3 560 561 562
3 562 561 563
3 562 563 564
3 564 563 565
3 564 565 566
3 566 565 567
3 568 569 570
3 570 569 571
3 570 571 572
3 572 571 573
3 572 573 574
3 574 573 575
3 574 576 577
3 577 576 578
3 577 578 579
3 579 578 580
3 579 580 581
3 581 580 582
3 583 584 585
3 585 584 586
3 585 586 587
3 587 586 588
3 587 588 589
3 589 588 590
3 591 592 593
3 593 592 594
3 593 594 595
3 595 594 596
3 597 598 599
3 599 598 600
3 599 600 601
3 601 600 602
3 601 602 603
3 603 602 604
3 605 606 607
3 607 606 608
3 1 609 2
3 2 609 610
3 2 610 4
3 4 610 611
3 4 611 6
3 6 611 612
3 6 612 8
3 8 612 613
3 8 613 10
3 10 613 614
3 12 615 14
3 14 615 616
3 16 617 18
3 18 617 618
3 18 618 20
3 20 618 619
3 20 619 22
3 22 619 620
3 22 620 24
3 24 620 621
3 26 622 28
3 28 622 623
3 28 623 30
3 30 623 624
3 30 624 32
3 32 624 625
3 32 625 34
3 34 625 626
3 34 627 37
3 37 627 628
3 37 628 39
3 39 628 629
3 39 629 41
3 41 629 630
3 41 630 43
3 43 630 631
3 43 631 45
3 45 631 632
3 45 632 47
3 47 632 633
3 49 634 51
3 51 634 635
3 51 635 53
3 53 635 636
3 53 636 55
3 55 636 637
3 55 637 57
3 57 637 638
3 57 638 59
3 59 638 639
3 59 639 61
3 61 639 640
3 61 640 63
3 63 640 641
3 63 641 65
3 65 641 642
3 67 643 69
3 69 643 644
3 71 645 73
3 73 645 646
3 73 646 75
3 75 646 647
3 77 648 79
3 79 648 649
3 79 649 81
3 81 649 650
3 81 650 83
3 83 650 651
3 85 652 87
3 87 652 653
3 87 653 89
3 89 653 654
3 91 654 93
3 93 654 655
3 93 655 95
3 95 655 656
3 97 657 99
3 99 657 658
3 99 658 101
3 101 658 659
3 101 659 103
3 103 659 660
3 105 661 107
3 107 661 662
3 107 662 109
3 109 662 663
3 111 664 113
3 113 664 665
3 113 665 115
3 115 665 666
3 116 667 118
3 118 667 668
3 118 668 120
3 120 668 669
3 122 670 124
3 124 670 671
3 124 671 126
3 126 671 672
3 126 672 128
3 128 672 673
3 129 674 131
3 131 674 675
3 131 675 133
3 133 675 676
3 135 677 137
3 137 677 678
3 137 678 139
3 139 678 679
3 141 680 143
3 143 680 681
3 143 681 145
3 145 681 682
3 145 682 147
3 147 682 683
3 149 684 151
3 151 684 685
3 151 685 153
3 153 685 686
3 155 686 157
3 157 686 687
3 157 687 159
3 159 687 688
3 159 688 161
3 161 688 689
3 161 689 163
3 163 689 690
3 165 691 167
3 167 691 692
3 167 692 169
3 169 692 693
3 169 693 171
3 171 693 694
3 173 695 175
3 175 695 696
3 175 696 177
3 177 696 697
3 177 697 179
3 179 697 698
3 179 698 181
3 181 698 699
3 183 700 185
3 185 700 701
3 185 701 187
3 187 701 702
3 187 702 189
3 189 702 703
3 191 704 193
3 193 704 705
3 193 705 195
3 195 705 706
3 195 706 197
3 197 706 707
3 197 707 199
3 199 707 708
3 201 709 203
3 203 709 710
3 203 710 205
3 205 710 711
3 205 711 207
3 207 711 712
3 209 713 211
3 211 713 714
3 211 714 213
3 213 714 715
3 213 715 215
3 215 715 716
3 215 716 217
3 217 716 717
3 219 718 221
3 221 718 719
3 221 719 223
3 223 719 720
3 223 720 225
3 225 720 721
3 225 721 227
3 227 721 722
3 229 723 231
3 231 723 724
3 231 724 233
3 233 724 725
3 233 725 235
3 235 725 726
3 237 727 239
3 239 727 728
3 239 728 241
3 241 728 729
3 241 729 243
3 243 729 730
3 243 730 245
3 245 730 731
3 247 732 249
3 249 732 733
3 249 733 251
3 251 733 734
3 251 734 253
3 253 734 735
3 254 735 256
3 256 735 736
3 256 736 258
3 258 736 737
3 258 737 260
3 260 737 738
3 260 738 262
3 262 738 739
3 264 740 266
3 266 740 741
3 266 741 268
3 268 741 742
3 268 742 270
3 270 742 743
3 272 743 274
3 274 743 744
3 274 744 276
3 276 744 745
3 276 745 278
3 278 745 746
3 278 746 280
3 280 746 747
3 282 748 284
3 284 748 749
3 284 749 286
3 286 749 750
3 286 750 288
3 288 750 751
3 290 752 292
3 292 752 753
3 292 753 294
3 294 753 754
3 294 754 296
3 296 754 755
3 296 755 298
3 298 755 756
3 298 756 300
3 300 756 757
3 300 757 302
3 302 757 758
3 302 758 304
3 304 758 759
3 306 760 308
3 308 760 761
3 308 761 310
3 310 761 762
3 310 762 312
3 312 762 763
3 314 764 316
3 316 764 765
3 316 765 318
3 318 765 766
3 320 767 322
3 322 767 768
3 322 768 324
3 324 768 769
3 324 769 326
3 326 769 770
3 328 771 330
3 330 771 772
3 330 772 332
3 332 772 773
3 332 773 334
3 334 773 774
3 336 775 338
3 338 775 776
3 338 776 340
3 340 776 777
3 340 777 342
3 342 777 778
3 344 779 346
3 346 779 780
3 346 780 348
3 348 780 781
3 350 782 352
3 352 782 783
3 352 783 354
3 354 783 784
3 354 784 356
3 356 784 785
3 358 786 360
3 360 786 787
3 360 787 362
3 362 787 788
3 362 788 364
3 364 788 789
3 366 790 368
3 368 790 791
3 368 791 370
3 370 791 792
3 370 792 372
3 372 792 793
3 374 794 376
3 376 794 795
3 376 795 378
3 378 795 796
3 378 796 380
3 380 796 797
3 380 798 383
3 383 798 799
3 383 799 385
3 385 799 800
3 387 801 389
3 389 801 802
3 389 802 391
3 391 802 803
3 391 803 393
3 393 803 804
3 395 805 397
3 397 805 806
3 397 806 399
3 399 806 807
3 399 807 401
3 401 807 808
3 403 809 405
3 405 809 810
3 405 810 407
3 407 810 811
3 407 811 409
3 409 811 812
3 411 813 413
3 413 813 814
3 413 814 415
3 415 814 815
3 415 815 417
3 417 815 816
3 419 817 421
3 421 817 818
3 421 818 423
3 423 818 819
3 425 820 427
3 427 820 821
3 427 821 429
3 429 821 822
3 429 822 431
3 431 822 823
3 433 824 435
3 435 824 825
3 435 825 437
3 437 825 826
3 437 826 439
3 439 826 827
3 441 828 443
3 443 828 829
3 443 829 445
3 445 829 830
3 445 830 447
3 447 830 831
3 449 832 451
3 451 832 833
3 451 833 453
3 453 833 834
3 455 835 457
3 457 835 836
3 457 836 459
3 459 836 837
3 459 837 461
3 461 837 838
3 463 839 465
3 465 839 840
3 465 840 467
3 467 840 841
3 467 841 469
3 469 841 842
3 471 843 473
3 473 843 844
3 473 844 475
3 475 844 845
3 475 845 477
3 477 845 846
3 479 847 481
3 481 847 848
3 481 848 483
3 483 848 849
3 483 849 485
3 485 849 850
3 487 851 489
3 489 851 852
3 489 852 491
3 491 852 853
3 493 854 495
3 495 854 855
3 495 855 497
3 497 855 856
3 497 856 499
3 499 856 857
3 501 858 503
3 503 858 859
3 503 859 505
3 505 859 860
3 505 860 507
3 507 860 861
3 509 862 511
3 511 862 863
3 511 863 513
3 513 863 864
3 513 864 515
3 515 864 865
3 517 866 519
3 519 866 867
3 519 867 521
3 521 867 868
3 523 869 525
3 525 869 870
3 525 870 527
3 527 870 871
3 527 871 529
3 529 871 872
3 531 873 533
3 533 873 874
3 533 874 535
3 535 874 875
3 535 875 537
3 537 875 876
3 539 877 541
3 541 877 878
3 541 878 543
3 543 878 879
3 543 879 545
3 545 879 880
3 547 881 549
3 549 881 882
3 549 882 551
3 551 882 883
3 551 883 553
3 553 883 884
3 555 885 557
3 557 885 886
3 557 886 559
3 559 886 887
3 561 888 563
3 563 888 889
3 563 889 565
3 565 889 890
3 565 890 567
3 567 890 891
3 569 892 571
3 571 892 893
3 571 893 573
3 573 893 894
3 573 894 575
3 575 894 895
3 576 895 578
3 578 895 896
3 578 896 580
3 580 896 897
3 580 897 582
3 582 897 898
3 584 899 586
3 586 899 900
3 586 900 588
3 588 900 901
3 588 901 590
3 590 901 902
3 592 903 594
3 594 903 904
3 594 904 596
3 596 904 905
3 598 906 600
3 600 906 907
3 600 907 602
3 602 907 908
3 602 908 604
3 604 908 909
3 606 910 608
3 608 910 607
3 609 911 610
3 610 911 912
3 610 912 611
3 611 912 913
3 611 913 612
3 612 913 914
3 612 914 613
3 613 914 915
3 613 915 614
3 614 915 916
3 615 917 616
3 616 917 918
3 617 919 618
3 618 919 920
3 618 920 619
3 619 920 921
3 619 921 620
3 620 921 922
3 620 922 621
3 621 922 923
3 622 924 623
3 623 924 925
3 623 925 624
3 624 925 926
3 624 926 625
3 625 926 927
3 625 927 626
3 626 927 928
3 627 929 628
3 628 929 930
3 628 930 629
3 629 930 931
3 629 931 630
3 630 931 932
3 630 932 631
3 631 932 933
3 631 933 632
3 632 933 934
3 632 934 633
3 633 934 935
3 634 936 635
3 635 936 937
3 635 937 636
3 636 937 938
3 636 938 637
3 637 938 939
3 637 939 638
3 638 939 940
3 638 940 639
3 639 940 941
3 639 941 640
3 640 941 942
3 640 942 641
3 641 942 943
3 641 943 642
3 642 943 944
3 643 945 644
3 644 945 946
3 645 947 646
3 646 947 948
3 646 948 647
3 647 948 949
3 648 950 649
3 649 950 951
3 649 951 650
3 650 951 952
3 650 952 651
3 651 952 953
3 652 954 653
3 653 954 955
3 653 955 654
3 654 955 956
3 654 957 655
3 655 957 958
3 655 958 656
3 656 958 959
3 657 960 658
3 658 960 961
3 658 961 659
3 659 961 962
3 659 962 660
3 660 962 963
3 661 964 662
3 662 964 965
3 662 965 663
3 663 965 966
3 664 967 665
3 665 967 968
3 665 968 666
3 666 968 969
3 667 970 668
3 668 970 971
3 668 971 669
3 669 971 972
3 670 973 671
3 671 973 974
3 671 974 672
3 672 974 975
3 672 975 673
3 673 975 976
3 674 977 675
3 675 977 978
3 675 978 676
3 676 978 979
3 677 980 678
3 678 980 981
3 678 981 679
3 679 981 982
3 680 983 681
3 681 983 984
3 681 984 682
3 682 984 985
3 682 985 683
3 683 985 986
3 684 987 685
3 685 987 988
3 685 988 686
3 686 988 989
3 686 990 687
3 687 990 991
3 687 991 688
3 688 991 992
3 688 992 689
3 689 992 993
3 689 993 690
3 690 993 994
3 691 995 692
3 692 995 996
3 692 996 693
3 693 996 997
3 693 997 694
3 694 997 998
3 695 999 696
3 696 999 1000
3 696 1000 697
3 697 1000 1001
3 697 1001 698
3 698 1001 1002
3 698 1002 699
3 699 1002 1003
3 700 1004 701
3 701 1004 1005
3 701 1005 702
3 702 1005 1006
3 702 1006 703
3 703 1006 1007
3 704 1008 705
3 705 1008 1009
3 705 1009 706
3 706 1009 1010
3 706 1010 707
3 707 1010 1011
3 707 1011 708
3 708 1011 1012
3 709 1013 710
3 710 1013 1014
3 710 1014 711
3 711 1014 1015
3 711 1015 712
3 712 1015 1016
3 713 1017 714
3 714 1017 1018
3 714 1018 715
3 715 1018 1019
3 715 1019 716
3 716 1019 1020
3 716 1020 717
3 717 1020 1021
3 718 1022 719
3 719 1022 1023
3 719 1023 720
3 720 1023 1024
3 720 1024 721
3 721 1024 1025
3 721 1025 722
3 722 1025 1026
3 723 1027 724
3 724 1027 1028
3 724 1028 725
3 725 1028 1029
3 725 1029 726
3 726 1029 1030
3 727 1031 728
3 728 1031 1032
3 728 1032 729
3 729 1032 1033
3 729 1033 730
3 730 1033 1034
3 730 1034 731
3 731 1034 1035
3 732 1036 733
3 733 1036 1037
3 733 1037 734
3 734 1037 1038
3 734 1038 735
3 735 1038 1039
3 735 1040 736
3 736 1040 1041
3 736 1041 737
3 737 1041 1042
3 737 1042 738
3 738 1042 1043
3 738 1043 739
3 739 1043 1044
3 740 1045 741
3 741 1045 1046
3 741 1046 742
3 742 1046 1047
3 742 1047 743
3 743 1047 1048
3 743 1049 744
3 744 1049 1050
3 744 1050 745
3 745 1050 1051
3 745 1051 746
3 746 1051 1052
3 746 1052 747
3 747 1052 1053
3 748 1054 749
3 749 1054 1055
3 749 1055 750
3 750 1055 1056
3 750 1056 751
3 751 1056 1057
3 752 1058 753
3 753 1058 1059
3 753 1059 754
3 754 1059 1060
3 754 1060 755
3 755 1060 1061
3 755 1061 756
3 756 1061 1062
3 756 1062 757
3 757 1062 1063
3 757 1063 758
3 758 1063 1064
3 758 1064 759
3 759 1064 1065
3 760 1066 761
3 761 1066 1067
3 761 1067 762
3 762 1067 1068
3 762 1068 763
3 763 1068 1069
3 764 1070 765
3 765 1070 1071
3 765 1071 766
3 766 1071 1072
3 767 1073 768
3 768 1073 1074
3 768 1074 769
3 769 1074 1075
3 769 1075 770
3 770 1075 1076
3 771 1077 772
3 772 1077 1078
3 772 1078 773
3 773 1078 1079
3 773 1079 774
3 774 1079 1080
3 775 1081 776
3 776 1081 1082
3 776 1082 777
3 777 1082 1083
3 777 1083 778
3 778 1083 1084
3 779 1085 780
3 780 1085 1086
3 780 1086 781
3 781 1086 1087
3 782 1088 783
3 783 1088 1089
3 783 1089 784
3 784 1089 1090
3 784 1090 785
3 785 1090 1091
3 786 1092 787
3 787 1092 1093
3 787 1093 788
3 788 1093 1094
3 788 1094 789
3 789 1094 1095
3 790 1096 791
3 791 1096 1097
3 791 1097 792
3 792 1097 1098
3 792 1098 793
3 793 1098 1099
3 794 1100 795
3 795 1100 1101
3 795 1101 796
3 796 1101 1102
3 796 1102 797
3 797 1102 1103
3 798 1104 799
3 799 1104 1105
3 799 1105 800
3 800 1105 1106
3 801 1107 802
3 802 1107 1108
3 802 1108 803
3 803 1108 1109
3 803 1109 804
3 804 1109 1110
3 805 1111 806
3 806 1111 1112
3 806 1112 807
3 807 1112 1113
3 807 1113 808
3 808 1113 1114
3 809 1115 810
3 810 1115 1116
3 810 1116 811
3 811 1116 1117
3 811 1117 812
3 812 1117 1118
3 813 1119 814
3 814 1119 1120
3 814 1120 815
3 815 1120 1121
3 815 1121 816
3 816 1121 1122
3 817 1123 818
3 818 1123 1124
3 818 1124 819
3 819 1124 1125
3 820 1126 821
3 821 1126 1127
3 821 1127 822
3 822 1127 1128
3 822 1128 823
3 823 1128 1129
3 824 1130 825
3 825 1130 1131
3 825 1131 826
3 826 1131 1132
3 826 1132 827
3 827 1132 1133
3 828 1134 829
3 829 1134 1135
3 829 1135 830
3 830 1135 1136
3 830 1136 831
3 831 1136 1137
3 832 1138 833
3 833 1138 1139
3 833 1139 834
3 834 1139 1140
3 835 1141 836
3 836 1141 1142
3 836 1142 837
3 837 1142 1143
3 837 1143 838
3 838 1143 1144
3 839 1145 840
3 840 1145 1146
3 840 1146 841
3 841 1146 1147
3 841 1147 842
3 842 1147 1148
3 843 1149 844
3 844 1149 1150
3 844 1150 845
3 845 1150 1151
3 845 1151 846
3 846 1151 1152
3 847 1153 848
3 848 1153 1154
3 848 1154 849
3 849 1154 1155
3 849 1155 850
3 850 1155 1156
3 851 1157 852
3 852 1157 1158
3 852 1158 853
3 853 1158 1159
3 854 1160 855
3 855 1160 1161
3 855 1161 856
3 856 1161 1162
3 856 1162 857
3 857 1162 1163
3 858 1164 859
3 859 1164 1165
3 859 1165 860
3 860 1165 1166
3 860 1166 861
3 861 1166 1167
3 862 1168 863
3 863 1168 1169
3 863 1169 864
3 864 1169 1170
3 864 1170 865
3 865 1170 1171
3 866 1172 867
3 867 1172 1173
3 867 1173 868
3 868 1173 1174
3 869 1175 870
3 870 1175 1176
3 870 1176 871
3 871 1176 1177
3 871 1177 872
3 872 1177 1178
3 873 1179 874
3 874 1179 1180
3 874 1180 875
3 875 1180 1181
3 875 1181 876
3 876 1181 1182
3 877 1183 878
3 878 1183 1184
3 878 1184 879
3 879 1184 1185
3 879 1185 880
3 880 1185 1186
3 881 1187 882
3 882 1187 1188
3 882 1188 883
3 883 1188 1189
3 883 1189 884
3 884 1189 1190
3 885 1191 886
3 886 1191 1192
3 886 1192 887
3 887 1192 1193
3 888 1194 889
3 889 1194 1195
3 889 1195 890
3 890 1195 1196
3 890 1196 891
3 891 1196 1197
3 892 1198 893
3 893 1198 1199
3 893 1199 894
3 894 1199 1200
3 894 1200 895
3 895 1200 1201
3 895 1202 896
3 896 1202 1203
3 896 1203 897
3 897 1203 1204
3 897 1204 898
3 898 1204 1205
3 899 1206 900
3 900 1206 1207
3 900 1207 901
3 901 1207 1208
3 901 1208 902
3 902 1208 1209
3 903 1210 904
3 904 1210 1211
3 904 1211 905
3 905 1211 1212
3 906 1213 907
3 907 1213 1214
3 907 1214 908
3 908 1214 1215
3 908 1215 909
3 909 1215 1216
3 910 1217 607
3 911 1218 912
3 912 1218 1219
3 912 1219 913
3 913 1219 1220
3 913 1220 914
3 914 1220 1221
3 914 1221 915
3 915 1221 1222
3 915 1222 916
3 916 1222 1223
3 917 1224 918
3 918 1224 1225
3 919 1226 920
3 920 1226 1227
3 920 1227 921
3 921 1227 1228
3 921 1228 922
3 922 1228 1229
3 922 1229 923
3 923 1229 1230
3 924 1230 925
3 925 1230 1231
3 925 1231 926
3 926 1231 1232
3 926 1232 927
3 927 1232 1233
3 927 1233 928
3 928 1233 1234
3 929 1235 930
3 930 1235 1236
3 930 1236 931
3 931 1236 1237
3 931 1237 932
3 932 1237 1238
3 932 1238 933
3 933 1238 1239
3 933 1239 934
3 934 1239 1240
3 934 1240 935
3 935 1240 1241
3 936 1242 937
3 937 1242 1243
3 937 1243 938
3 938 1243 1244
3 938 1244 939
3 939 1244 1245
3 939 1245 940
3 940 1245 1246
3 940 1246 941
3 941 1246 1247
3 941 1247 942
3 942 1247 1248
3 942 1248 943
3 943 1248 1249
3 943 1249 944
3 944 1249 1250
3 945 1251 946
3 946 1251 1252
3 947 1253 948
3 948 1253 1254
3 948 1254 949
3 949 1254 1255
3 950 1256 951
3 951 1256 1257
3 951 1257 952
3 952 1257 1258
3 952 1258 953
3 953 1258 1259
3 954 1260 955
3 955 1260 1261
3 955 1261 956
3 956 1261 1262
3 957 1263 958
3 958 1263 1264
3 958 1264 959
3 959 1264 1265
3 960 1266 961
3 961 1266 1267
3 961 1267 962
3 962 1267 1268
3 962 1268 963
3 963 1268 1269
3 964 1270 965
3 965 1270 1271
3 965 1271 966
3 966 1271 1272
3 967 1273 968
3 968 1273 1274
3 968 1274 969
3 969 1274 1275
3 970 1276 971
3 971 1276 1277
3 971 1277 972
3 972 1277 1278
3 973 1279 974
3 974 1279 1280
3 974 1280 975
3 975 1280 1281
3 975 1281 976
3 976 1281 1282
3 977 1283 978
3 978 1283 1284
3 978 1284 979
3 979 1284 1285
3 980 1286 981
3 981 1286 1287
3 981 1287 982
3 982 1287 1288
3 983 1289 984
3 984 1289 1290
3 984 1290 985
3 985 1290 1291
3 985 1291 986
3 986 1291 1292
3 987 1293 988
3 988 1293 1294
3 988 1294 989
3 989 1294 1295
3 990 1296 991
3 991 1296 1297
3 991 1297 992
3 992 1297 1298
3 992 1298 993
3 993 1298 1299
3 993 1299 994
3 994 1299 1300
3 995 1301 996
3 996 1301 1302
3 996 1302 997
3 997 1302 1303
3 997 1303 998
3 998 1303 1304
3 999 1305 1000
3 1000 1305 1306
3 1000 1306 1001
3 1001 1306 1307
3 1001 1307 1002
3 1002 1307 1308
3 1002 1308 1003
3 1003 1308 1309
3 1004 1310 1005
3 1005 1310 1311
3 1005 1311 1006
3 1006 1311 1312
3 1006 1312 1007
3 1007 1312 1313
3 1008 1314 1009
3 1009 1314 1315
3 1009 1315 1010
3 1010 1315 1316
3 1010 1316 1011
3 1011 1316 1317
3 1011 1317 1012
3 1012 1317 1318
3 1013 1319 1014
3 1014 1319 1320
3 1014 1320 1015
3 1015 1320 1321
3 1015 1321 1016
3 1016 1321 1322
3 1017 1323 1018
3 1018 1323 1324
3 1018 1324 1019
3 1019 1324 1325
3 1019 1325 1020
3 1020 1325 1326
3 1020 1326 1021
3 1021 1326 1327
3 1022 1328 1023
3 1023 1328 1329
3 1023 1329 1024
3 1024 1329 1330
3 1024 1330 1025
3 1025 1330 1331
3 1025 1331 1026
3 1026 1331 1332
3 1027 1333 1028
3 1028 1333 1334
3 1028 1334 1029
3 1029 1334 1335
3 1029 1335 1030
3 1030 1335 1336
3 1031 1337 1032
3 1032 1337 1338
3 1032 1338 1033
3 1033 1338 1339
3 1033 1339 1034
3 1034 1339 1340
3 1034 1340 1035
3 1035 1340 1341
3 1036 1342 1037
3 1037 1342 1343
3 1037 1343 1038
3 1038 1343 1344
3 1038 1344 1039
3 1039 1344 1345
3 1040 1346 1041
3 1041 1346 1347
3 1041 1347 1042
3 1042 1347 1348
3 1042 1348 1043
3 1043 1348 1349
3 1043 1349 1044
3 1044 1349 1350
3 1045 1351 1046
3 1046 1351 1352
3 1046 1352 1047
3 1047 1352 1353
3 1047 1353 1048
3 1048 1353 1354
3 1049 1355 1050
3 1050 1355 1356
3 1050 1356 1051
3 1051 1356 1357
3 1051 1357 1052
3 1052 1357 1358
3 1052 1358 1053
3 1053 1358 1359
3 1054 1360 1055
3 1055 1360 1361
3 1055 1361 1056
3 1056 1361 1362
3 1056 1362 1057
3 1057 1362 1363
3 1058 1364 1059
3 1059 1364 1365
3 1059 1365 1060
3 1060 1365 1366
3 1060 1366 1061
3 1061 1366 1367
3 1061 1367 1062
3 1062 1367 1368
3 1062 1368 1063
3 1063 1368 1369
3 1063 1369 1064
3 1064 1369 1370
3 1064 1370 1065
3 1065 1370 1371
3 1066 1372 1067
3 1067 1372 1373
3 1067 1373 1068
3 1068 1373 1374
3 1068 1374 1069
3 1069 1374 1375
3 1070 1376 1071
3 1071 1376 1377
3 1071 1377 1072
3 1072 1377 1378
3 1073 1379 1074
3 1074 1379 1380
3 1074 1380 1075
3 1075 1380 1381
3 1075 1381 1076
3 1076 1381 1382
3 1077 1383 1078
3 1078 1383 1384
3 1078 1384 1079
3 1079 1384 1385
3 1079 1385 1080
3 1080 1385 1386
3 1081 1387 1082
3 1082 1387 1388
3 1082 1388 1083
3 1083 1388 1389
3 1083 1389 1084
3 1084 1389 1390
3 1085 1391 1086
3 1086 1391 1392
3 1086 1392 1087
3 1087 1392 1393
3 1088 1394 1089
3 1089 1394 1395
3 1089 1395 1090
3 1090 1395 1396
3 1090 1396 1091
3 1091 1396 1397
3 1092 1398 1093
3 1093 1398 1399
3 1093 1399 1094
3 1094 1399 1400
3 1094 1400 1095
3 1095 1400 1401
3 1096 1402 1097
3 1097 1402 1403
3 1097 1403 1098
3 1098 1403 1404
3 1098 1404 1099
3 1099 1404 1405
3 1100 1406 1101
3 1101 1406 1407
3 1101 1407 1102
3 1102 1407 1408
3 1102 1408 1103
3 1103 1408 1409
3 1104 1410 1105
3 1105 1410 1411
3 1105 1411 1106
3 1106 1411 1412
3 1107 1413 1108
3 1108 1413 1414
3 1108 1414 1109
3 1109 1414 1415
3 1109 1415 1110
3 1110 1415 1416
3 1111 1417 1112
3 1112 1417 1418
3 1112 1418 1113
3 1113 1418 1419
3 1113 1419 1114
3 1114 1419 1420
3 1115 1420 1116
3 1116 1420 1421
3 1116 1421 1117
3 1117 1421 1422
3 1117 1422 1118
3 1118 1422 1423
3 1119 1424 1120
3 1120 1424 1425
3 1120 1425 1121
3 1121 1425 1426
3 1121 1426 1122
3 1122 1426 1427
3 1123 1428 1124
3 1124 1428 1429
3 1124 1429 1125
3 1125 1429 1430
3 1126 1431 1127
3 1127 1431 1432
3 1127 1432 1128
3 1128 1432 1433
3 1128 1433 1129
3 1129 1433 1434
3 1130 1435 1131
3 1131 1435 1436
3 1131 1436 1132
3 1132 1436 1437
3 1132 1437 1133
3 1133 1437 1438
3 1134 1439 1135
3 1135 1439 1440
3 1135 1440 1136
3 1136 1440 1441
3 1136 1441 1137
3 1137 1441 1442
3 1138 1443 1139
3 1139 1443 1444
3 1139 1444 1140
3 1140 1444 1445
3 1141 1446 1142
3 1142 1446 1447
3 1142 1447 1143
3 1143 1447 1448
3 1143 1448 1144
3 1144 1448 1449
3 1145 1450 1146
3 1146 1450 1451
3 1146 1451 1147
3 1147 1451 1452
3 1147 1452 1148
3 1148 1452 1453
3 1149 1454 1150
3 1150 1454 1455
3 1150 1455 1151
3 1151 1455 1456
3 1151 1456 1152
3 1152 1456 1457
3 1153 1458 1154
3 1154 1458 1459
3 1154 1459 1155
3 1155 1459 1460
3 1155 1460 1156
3 1156 1460 1461
3 1157 1462 1158
3 1158 1462 1463
3 1158 1463 1159
3 1159 1463 1464
3 1160 1465 1161
3 1161 1465 1466
3 1161 1466 1162
3 1162 1466 1467
3 1162 1467 1163
3 1163 1467 1468
3 1164 1469 1165
3 1165 1469 1470
3 1165 1470 1166
3 1166 1470 1471
3 1166 1471 1167
3 1167 1471 1472
3 1168 1473 1169
3 1169 1473 1474
3 1169 1474 1170
3 1170 1474 1475
3 1170 1475 1171
3 1171 1475 1476
3 1172 1477 1173
3 1173 1477 1478
3 1173 1478 1174
3 1174 1478 1479
3 1175 1480 1176
3 1176 1480 1481
3 1176 1481 1177
3 1177 1481 1482
3 1177 1482 1178
3 1178 1482 1483
3 1179 1484 1180
3 1180 1484 1485
3 1180 1485 1181
3 1181 1485 1486
3 1181 1486 1182
3 1182 1486 1487
3 1183 1488 1184
3 1184 1488 1489
3 1184 1489 1185
3 1185 1489 1490
3 1185 1490 1186
3 1186 1490 1491
3 1187 1492 1188
3 1188 1492 1493
3 1188 1493 1189
3 1189 1493 1494
3 1189 1494 1190
3 1190 1494 1495
3 1191 1496 1192
3 1192 1496 1497
3 1192 1497 1193
3 1193 1497 1498
3 1194 1499 1195
3 1195 1499 1500
3 1195 1500 1196
3 1196 1500 1501
3 1196 1501 1197
3 1197 1501 1502
3 1198 1503 1199
3 1199 1503 1504
3 1199 1504 1200
3 1200 1504 1505
3 1200 1505 1201
3 1201 1505 1506
3 1202 1507 1203
3 1203 1507 1508
3 1203 1508 1204
3 1204 1508 1509
3 1204 1509 1205
3 1205 1509 1510
3 1206 1511 1207
3 1207 1511 1512
3 1207 1512 1208
3 1208 1512 1513
3 1208 1513 1209
3 1209 1513 1514
3 1210 1515 1211
3 1211 1515 1516
3 1211 1516 1212
3 1212 1516 1517
3 1213 1518 1214
3 1214 1518 1519
3 1214 1519 1215
3 1215 1519 1520
3 1215 1520 1216
3 1216 1520 1521
3 1217 1522 607
3 1218 1 1219
3 1219 1 1523
3 1219 1523 1220
3 1220 1523 1524
3 1220 1524 1221
3 1221 1524 1525
3 1221 1525 1222
3 1222 1525 1526
3 1222 1526 1223
3 1223 1526 1527
3 1224 1528 1225
3 1225 1528 1529
3 1226 1530 1227
3 1227 1530 1531
3 1227 1531 1228
3 1228 1531 1532
3 1228 1532 1229
3 1229 1532 1533
3 1229 1533 1230
3 1230 1533 1534
3 1230 1535 1231
3 1231 1535 1536
3 1231 1536 1232
3 1232 1536 1537
3 1232 1537 1233
3 1233 1537 1538
3 1233 1538 1234
3 1234 1538 1539
3 1235 1540 1236
3 1236 1540 1541
3 1236 1541 1237
3 1237 1541 1542
3 1237 1542 1238
3 1238 1542 1543
3 1238 1543 1239
3 1239 1543 1544
3 1239 1544 1240
3 1240 1544 1545
3 1240 1545 1241
3 1241 1545 1546
3 1242 1547 1243
3 1243 1547 1548
3 1243 1548 1244
3 1244 1548 1549
3 1244 1549 1245
3 1245 1549 1550
3 1245 1550 1246
3 1246 1550 1551
3 1246 1551 1247
3 1247 1551 1552
3 1247 1552 1248
3 1248 1552 1553
3 1248 1553 1249
3 1249 1553 1554
3 1249 1554 1250
3 1250 1554 1555
3 1251 1556 1252
3 1252 1556 1557
3 1253 1558 1254
3 1254 1558 1559
3 1254 1559 1255
3 1255 1559 1560
3 1256 1561 1257
3 1257 1561 1562
3 1257 1562 1258
3 1258 1562 1563
3 1258 1563 1259
3 1259 1563 1564
3 1260 1565 1261
3 1261 1565 1566
3 1261 1566 1262
3 1262 1566 1567
3 1263 1568 1264
3 1264 1568 1569
3 1264 1569 1265
3 1265 1569 1570
3 1266 1571 1267
3 1267 1571 1572
3 1267 1572 1268
3 1268 1572 1573
3 1268 1573 1269
3 1269 1573 1574
3 1270 1575 1271
3 1271 1575 1576
3 1271 1576 1272
3 1272 1576 1577
3 1273 1578 1274
3 1274 1578 1579
3 1274 1579 1275
3 1275 1579 1580
3 1276 1581 1277
3 1277 1581 1582
3 1277 1582 1278
3 1278 1582 1583
3 1279 1584 1280
3 1280 1584 1585
3 1280 1585 1281
3 1281 1585 1586
3 1281 1586 1282
3 1282 1586 1587
3 1283 1588 1284
3 1284 1588 1589
3 1284 1589 1285
3 1285 1589 1590
3 1286 1591 1287
3 1287 1591 1592
3 1287 1592 1288
3 1288 1592 1593
3 1289 1594 1290
3 1290 1594 1595
3 1290 1595 1291
3 1291 1595 1596
3 1291 1596 1292
3 1292 1596 1597
3 1293 1598 1294
3 1294 1598 1599
3 1294 1599 1295
3 1295 1599 1600
3 1296 1601 1297
3 1297 1601 1602
3 1297 1602 1298
3 1298 1602 1603
3 1298 1603 1299
3 1299 1603 1604
3 1299 1604 1300
3 1300 1604 1605
3 1301 1606 1302
3 1302 1606 1607
3 1302 1607 1303
3 1303 1607 1608
3 1303 1608 1304
3 1304 1608 1609
3 1305 1610 1306
3 1306 1610 1611
3 1306 1611 1307
3 1307 1611 1612
3 1307 1612 1308
3 1308 1612 1613
3 1308 1613 1309
3 1309 1613 1614
3 1310 1615 1311
3 1311 1615 1616
3 1311 1616 1312
3 1312 1616 1617
3 1312 1617 1313
3 1313 1617 1618
3 1314 1619 1315
3 1315 1619 1620
3 1315 1620 1316
3 1316 1620 1621
3 1316 1621 1317
3 1317 1621 1622
3 1317 1622 1318
3 1318 1622 1623
3 1319 1624 1320
3 1320 1624 1625
3 1320 1625 1321
3 1321 1625 1626
3 1321 1626 1322
3 1322 1626 1627
3 1323 1628 1324
3 1324 1628 1629
3 1324 1629 1325
3 1325 1629 1630
3 1325 1630 1326
3 1326 1630 1631
3 1326 1631 1327
3 1327 1631 1632
3 1328 1633 1329
3 1329 1633 1634
3 1329 1634 1330
3 1330 1634 1635
3 1330 1635 1331
3 1331 1635 1636
3 1331 1636 1332
3 1332 1636 1637
3 1333 1638 1334
3 1334 1638 1639
3 1334 1639 1335
3 1335 1639 1640
3 1335 1640 1336
3 1336 1640 1641
3 1337 1642 1338
3 1338 1642 1643
3 1338 1643 1339
3 1339 1643 1644
3 1339 1644 1340
3 1340 1644 1645
3 1340 1645 1341
3 1341 1645 1646
3 1342 1647 1343
3 1343 1647 1648
3 1343 1648 1344
3 1344 1648 1649
3 1344 1649 1345
3 1345 1649 1650
3 1346 1651 1347
3 1347 1651 1652
3 1347 1652 1348
3 1348 1652 1653
3 1348 1653 1349
3 1349 1653 1654
3 1349 1654 1350
3 1350 1654 1655
3 1351 1656 1352
3 1352 1656 1657
3 1352 1657 1353
3 1353 1657 1658
3 1353 1658 1354
3 1354 1658 1659
3 1355 1660 1356
3 1356 1660 1661
3 1356 1661 1357
3 1357 1661 1662
3 1357 1662 1358
3 1358 1662 1663
3 1358 1663 1359
3 1359 1663 1664
3 1360 1665 1361
3 1361 1665 1666
3 1361 1666 1362
3 1362 1666 1667
3 1362 1667 1363
3 1363 1667 1668
3 1364 1668 1365
3 1365 1668 1669
3 1365 1669 1366
3 1366 1669 1670
3 1366 1670 1367
3 1367 1670 1671
3 1367 1671 1368
3 1368 1671 1672
3 1368 1672 1369
3 1369 1672 1673
3 1369 1673 1370
3 1370 1673 1674
3 1370 1674 1371
3 1371 1674 1675
3 1372 1676 1373
3 1373 1676 1677
3 1373 1677 1374
3 1374 1677 1678
3 1374 1678 1375
3 1375 1678 1679
3 1376 1680 1377
3 1377 1680 1681
3 1377 1681 1378
3 1378 1681 1682
3 1379 1683 1380
3 1380 1683 1684
3 1380 1684 1381
3 1381 1684 1685
3 1381 1685 1382
3 1382 1685 1686
3 1383 1687 1384
3 1384 1687 1688
3 1384 1688 1385
3 1385 1688 1689
3 1385 1689 1386
3 1386 1689 1690
3 1387 1691 1388
3 1388 1691 1692
3 1388 1692 1389
3 1389 1692 1693
3 1389 1693 1390
3 1390 1693 1694
3 1391 1695 1392
3 1392 1695 1696
3 1392 1696 1393
3 1393 1696 1697
3 1394 1698 1395
3 1395 1698 1699
3 1395 1699 1396
3 1396 1699 1700
3 1396 1700 1397
3 1397 1700 1701
3 1398 1701 1399
3 1399 1701 1702
3 1399 1702 1400
3 1400 1702 1703
3 1400 1703 1401
3 1401 1703 1704
3 1402 1705 1403
3 1403 1705 1706
3 1403 1706 1404
3 1404 1706 1707
3 1404 1707 1405
3 1405 1707 1708
3 1406 1709 1407
3 1407 1709 1710
3 1407 1710 1408
3 1408 1710 1711
3 1408 1711 1409
3 1409 1711 1712
3 1410 1713 1411
3 1411 1713 1714
3 1411 1714 1412
3 1412 1714 1715
3 1413 1716 1414
3 1414 1716 1717
3 1414 1717 1415
3 1415 1717 1718
3 1415 1718 1416
3 1416 1718 1719
3 1417 1720 1418
3 1418 1720 1721
3 1418 1721 1419
3 1419 1721 1722
3 1419 1722 1420
3 1420 1722 1723
3 1420 1724 1421
3 1421 1724 1725
3 1421 1725 1422
3 1422 1725 1726
3 1422 1726 1423
3 1423 1726 1727
3 1424 1728 1425
3 1425 1728 1729
3 1425 1729 1426
3 1426 1729 1730
3 1426 1730 1427
3 1427 1730 1731
3 1428 1732 1429
3 1429 1732 1733
3 1429 1733 1430
3 1430 1733 1734
3 1431 1735 1432
3 1432 1735 1736
3 1432 1736 1433
3 1433 1736 1737
3 1433 1737 1434
3 1434 1737 1738
3 1435 1739 1436
3 1436 1739 1740
3 1436 1740 1437
3 1437 1740 1741
3 1437 1741 1438
3 1438 1741 1742
3 1439 1743 1440
3 1440 1743 1744
3 1440 1744 1441
3 1441 1744 1745
3 1441 1745 1442
3 1442 1745 1746
3 1443 1747 1444
3 1444 1747 1748
3 1444 1748 1445
3 1445 1748 1749
3 1446 1750 1447
3 1447 1750 1751
3 1447 1751 1448
3 1448 1751 1752
3 1448 1752 1449
3 1449 1752 1753
3 1450 1754 1451
3 1451 1754 1755
3 1451 1755 1452
3 1452 1755 1756
3 1452 1756 1453
3 1453 1756 1757
3 1454 1758 1455
3 1455 1758 1759
3 1455 1759 1456
3 1456 1759 1760
3 1456 1760 1457
3 1457 1760 1761
3 1458 1762 1459
3 1459 1762 1763
3 1459 1763 1460
3 1460 1763 1764
3 1460 1764 1461
3 1461 1764 1765
3 1462 1766 1463
3 1463 1766 1767
3 1463 1767 1464
3 1464 1767 1768
3 1465 1769 1466
3 1466 1769 1770
3 1466 1770 1467
3 1467 1770 1771
3 1467 1771 1468
3 1468 1771 1772
3 1469 1773 1470
3 1470 1773 1774
3 1470 1774 1471
3 1471 1774 1775
3 1471 1775 1472
3 1472 1775 1776
3 1473 1777 1474
3 1474 1777 1778
3 1474 1778 1475
3 1475 1778 1779
3 1475 1779 1476
3 1476 1779 1780
3 1477 1781 1478
3 1478 1781 1782
3 1478 1782 1479
3 1479 1782 1783
3 1480 1784 1481
3 1481 1784 1785
3 1481 1785 1482
3 1482 1785 1786
3 1482 1786 1483
3 1483 1786 1787
3 1484 1787 1485
3 1485 1787 1788
3 1485 1788 1486
3 1486 1788 1789
3 1486 1789 1487
3 1487 1789 1790
3 1488 1791 1489
3 1489 1791 1792
3 1489 1792 1490
3 1490 1792 1793
3 1490 1793 1491
3 1491 1793 1794
3 1492 1795 1493
3 1493 1795 1796
3 1493 1796 1494
3 1494 1796 1797
3 1494 1797 1495
3 1495 1797 1798
3 1496 1799 1497
3 1497 1799 1800
3 1497 1800 1498
3 1498 1800 1801
3 1499 1802 1500
3 1500 1802 1803
3 1500 1803 1501
3 1501 1803 1804
3 1501 1804 1502
3 1502 1804 1805
3 1503 1806 1504
3 1504 1806 1807
3 1504 1807 1505
3 1505 1807 1808
3 1505 1808 1506
3 1506 1808 1809
3 1507 1810 1508
3 1508 1810 1811
3 1508 1811 1509
3 1509 1811 1812
3 1509 1812 1510
3 1510 1812 1813
3 1511 1814 1512
3 1512 1814 1815
3 1512 1815 1513
3 1513 1815 1816
3 1513 1816 1514
3 1514 1816 1817
3 1515 1818 1516
3 1516 1818 1819
3 1516 1819 1517
3 1517 1819 1820
3 1518 1821 1519
3 1519 1821 1822
3 1519 1822 1520
3 1520 1822 1823
3 1520 1823 1521
3 1521 1823 1824
3 1522 1825 607
3 1 1826 1523
3 1523 1826 1827
3 1523 1827 1524
3 1524 1827 1828
3 1524 1828 1525
3 1525 1828 1829
3 1525 1829 1526
3 1526 1829 1830
3 1526 1830 1527
3 1527 1830 1831
3 1528 1832 1529
3 1529 1832 1833
3 1530 1834 1531
3 1531 1834 1835
3 1531 1835 1532
3 1532 1835 1836
3 1532 1836 1533
3 1533 1836 1837
3 1533 1837 1534
3 1534 1837 1838
3 1535 1839 1536
3 1536 1839 1840
3 1536 1840 1537
3 1537 1840 1841
3 1537 1841 1538
3 1538 1841 1842
3 1538 1842 1539
3 1539 1842 1843
3 1540 1844 1541
3 1541 1844 1845
3 1541 1845 1542
3 1542 1845 1846
3 1542 1846 1543
3 1543 1846 1847
3 1543 1847 1544
3 1544 1847 1848
3 1544 1848 1545
3 1545 1848 1849
3 1545 1849 1546
3 1546 1849 1850
3 1547 1851 1548
3 1548 1851 1852
3 1548 1852 1549
3 1549 1852 1853
3 1549 1853 1550
3 1550 1853 1854
3 1550 1854 1551
3 1551 1854 1855
3 1551 1855 1552
3 1552 1855 1856
3 1552 1856 1553
3 1553 1856 1857
3 1553 1857 1554
3 1554 1857 1858
3 1554 1858 1555
3 1555 1858 1859
3 1556 1860 1557
3 1557 1860 1861
3 1558 1862 1559
3 1559 1862 1863
3 1559 1863 1560
3 1560 1863 1864
3 1561 1865 1562
3 1562 1865 1866
3 1562 1866 1563
3 1563 1866 1867
3 1563 1867 1564
3 1564 1867 1868
3 1565 1869 1566
3 1566 1869 1870
3 1566 1870 1567
3 1567 1870 1871
3 1568 1871 1569
3 1569 1871 1872
3 1569 1872 1570
3 1570 1872 1873
3 1571 1874 1572
3 1572 1874 1875
3 1572 1875 1573
3 1573 1875 1876
3 1573 1876 1574
3 1574 1876 1877
3 1575 1878 1576
3 1576 1878 1879
3 1576 1879 1577
3 1577 1879 1880
3 1578 1881 1579
3 1579 1881 1882
3 1579 1882 1580
3 1580 1882 1883
3 1581 1884 1582
3 1582 1884 1885
3 1582 1885 1583
3 1583 1885 1886
3 1584 1887 1585
3 1585 1887 1888
3 1585 1888 1586
3 1586 1888 1889
3 1586 1889 1587
3 1587 1889 1890
3 1588 1891 1589
3 1589 1891 1892
3 1589 1892 1590
3 1590 1892 1893
3 1591 1894 1592
3 1592 1894 1895
3 1592 1895 1593
3 1593 1895 1896
3 1594 1897 1595
3 1595 1897 1898
3 1595 1898 1596
3 1596 1898 1899
3 1596 1899 1597
3 1597 1899 1900
3 1598 1901 1599
3 1599 1901 1902
3 1599 1902 1600
3 1600 1902 1903
3 1601 1903 1602
3 1602 1903 1904
3 1602 1904 1603
3 1603 1904 1905
3 1603 1905 1604
3 1604 1905 1906
3 1604 1906 1605
3 1605 1906 1907
3 1606 1908 1607
3 1607 1908 1909
3 1607 1909 1608
3 1608 1909 1910
3 1608 1910 1609
3 1609 1910 1911
3 1610 1912 1611
3 1611 1912 1913
3 1611 1913 1612
3 1612 1913 1914
3 1612 1914 1613
3 1613 1914 1915
3 1613 1915 1614
3 1614 1915 1916
3 1615 1917 1616
3 1616 1917 1918
3 1616 1918 1617
3 1617 1918 1919
3 1617 1919 1618
3 1618 1919 1920
3 1619 1921 1620
3 1620 1921 1922
3 1620 1922 1621
3 1621 1922 1923
3 1621 1923 1622
3 1622 1923 1924
3 1622 1924 1623
3 1623 1924 1925
3 1624 1926 1625
3 1625 1926 1927
3 1625 1927 1626
3 1626 1927 1928
3 1626 1928 1627
3 1627 1928 1929
3 1628 1930 1629
3 1629 1930 1931
3 1629 1931 1630
3 1630 1931 1932
3 1630 1932 1631
3 1631 1932 1933
3 1631 1933 1632
3 1632 1933 1934
3 1633 1935 1634
3 1634 1935 1936
3 1634 1936 1635
3 1635 1936 1937
3 1635 1937 1636
3 1636 1937 1938
3 1636 1938 1637
3 1637 1938 1939
3 1638 1940 1639
3 1639 1940 1941
3 1639 1941 1640
3 1640 1941 1942
3 1640 1942 1641
3 1641 1942 1943
3 1642 1944 1643
3 1643 1944 1945
3 1643 1945 1644
3 1644 1945 1946
3 1644 1946 1645
3 1645 1946 1947
3 1645 1947 1646
3 1646 1947 1948
3 1647 1949 1648
3 1648 1949 1950
3 1648 1950 1649
3 1649 1950 1951
3 1649 1951 1650
3 1650 1951 1952
3 1651 1953 1652
3 1652 1953 1954
3 1652 1954 1653
3 1653 1954 1955
3 1653 1955 1654
3 1654 1955 1956
3 1654 1956 1655
3 1655 1956 1957
3 1656 1958 1657
3 1657 1958 1959
3 1657 1959 1658
3 1658 1959 1960
3 1658 1960 1659
3 1659 1960 1961
3 1660 1962 1661
3 1661 1962 1963
3 1661 1963 1662
3 1662 1963 1964
3 1662 1964 1663
3 1663 1964 1965
3 1663 1965 1664
3 1664 1965 1966
3 1665 1966 1666
3 1666 1966 1967
3 1666 1967 1667
3 1667 1967 1968
3 1667 1968 1668
3 1668 1968 1969
3 1668 1969 1669
3 1669 1969 1970
3 1669 1970 1670
3 1670 1970 1971
3 1670 1971 1671
3 1671 1971 1972
3 1671 1972 1672
3 1672 1972 1973
3 1672 1973 1673
3 1673 1973 1974
3 1673 1974 1674
3 1674 1974 1975
3 1674 1975 1675
3 1675 1975 1976
3 1676 1977 1677
3 1677 1977 1978
3 1677 1978 1678
3 1678 1978 1979
3 1678 1979 1679
3 1679 1979 1980
3 1680 1981 1681
3 1681 1981 1982
3 1681 1982 1682
3 1682 1982 1983
3 1683 1984 1684
3 1684 1984 1985
3 1684 1985 1685
3 1685 1985 1986
3 1685 1986 1686
3 1686 1986 1987
3 1687 1988 1688
3 1688 1988 1989
3 1688 1989 1689
3 1689 1989 1990
3 1689 1990 1690
3 1690 1990 1991
3 1691 1992 1692
3 1692 1992 1993
3 1692 1993 1693
3 1693 1993 1994
3 1693 1994 1694
3 1694 1994 1995
3 1695 1996 1696
3 1696 1996 1997
3 1696 1997 1697
3 1697 1997 1998
3 1698 1999 1699
3 1699 1999 2000
3 1699 2000 1700
3 1700 2000 2001
3 1700 2001 1701
3 1701 2001 2002
3 1701 2003 1702
3 1702 2003 2004
3 1702 2004 1703
3 1703 2004 2005
3 1703 2005 1704
3 1704 2005 2006
3 1705 2007 1706
3 1706 2007 2008
3 1706 2008 1707
3 1707 2008 2009
3 1707 2009 1708
3 1708 2009 2010
3 1709 2011 1710
3 1710 2011 2012
3 1710 2012 1711
3 1711 2012 2013
3 1711 2013 1712
3 1712 2013 2014
3 1713 2015 1714
3 1714 2015 2016
3 1714 2016 1715
3 1715 2016 2017
3 1716 2018 1717
3 1717 2018 2019
3 1717 2019 1718
3 1718 2019 2020
3 1718 2020 1719
3 1719 2020 2021
3 1720 2022 1721
3 1721 2022 2023
3 1721 2023 1722
3 1722 2023 2024
3 1722 2024 1723
3 1723 2024 2025
3 1724 2026 1725
3 1725 2026 2027
3 1725 2027 1726
3 1726 2027 2028
3 1726 2028 1727
3 1727 2028 2029
3 1728 2030 1729
3 1729 2030 2031
3 1729 2031 1730
3 1730 2031 2032
3 1730 2032 1731
3 1731 2032 2033
3 1732 2034 1733
3 1733 2034 2035
3 1733 2035 1734
3 1734 2035 2036
3 1735 2037 1736
3 1736 2037 2038
3 1736 2038 1737
3 1737 2038 2039
3 1737 2039 1738
3 1738 2039 2040
3 1739 2041 1740
3 1740 2041 2042
3 1740 2042 1741
3 1741 2042 2043
3 1741 2043 1742
3 1742 2043 2044
3 1743 2045 1744
3 1744 2045 2046
3 1744 2046 1745
3 1745 2046 2047
3 1745 2047 1746
3 1746 2047 2048
3 1747 2049 1748
3 1748 2049 2050
3 1748 2050 1749
3 1749 2050 2051
3 1750 2052 1751
3 1751 2052 2053
3 1751 2053 1752
3 1752 2053 2054
3 1752 2054 1753
3 1753 2054 2055
3 1754 2056 1755
3 1755 2056 2057
3 1755 2057 1756
3 1756 2057 2058
3 1756 2058 1757
3 1757 2058 2059
3 1758 2060 1759
3 1759 2060 2061
3 1759 2061 1760
3 1760 2061 2062
3 1760 2062 1761
3 1761 2062 2063
3 1762 2064 1763
3 1763 2064 2065
3 1763 2065 1764
3 1764 2065 2066
3 1764 2066 1765
3 1765 2066 2067
3 1766 2068 1767
3 1767 2068 2069
3 1767 2069 1768
3 1768 2069 2070
3 1769 2071 1770
3 1770 2071 2072
3 1770 2072 1771
3 1771 2072 2073
3 1771 2073 1772
3 1772 2073 2074
3 1773 2075 1774
3 1774 2075 2076
3 1774 2076 1775
3 1775 2076 2077
3 1775 2077 1776
3 1776 2077 2078
3 1777 2079 1778
3 1778 2079 2080
3 1778 2080 1779
3 1779 2080 2081
3 1779 2081 1780
3 1780 2081 2082
3 1781 2083 1782
3 1782 2083 2084
3 1782 2084 1783
3 1783 2084 2085
3 1784 2086 1785
3 1785 2086 2087
3 1785 2087 1786
3 1786 2087 2088
3 1786 2088 1787
3 1787 2088 2089
3 1787 2090 1788
3 1788 2090 2091
3 1788 2091 1789
3 1789 2091 2092
3 1789 2092 1790
3 1790 2092 2093
3 1791 2094 1792
3 1792 2094 2095
3 1792 2095 1793
3 1793 2095 2096
3 1793 2096 1794
3 1794 2096 2097
3 1795 2098 1796
3 1796 2098 2099
3 1796 2099 1797
3 1797 2099 2100
3 1797 2100 1798
3 1798 2100 2101
3 1799 2102 1800
3 1800 2102 2103
3 1800 2103 1801
3 1801 2103 2104
3 1802 2105 1803
3 1803 2105 2106
3 1803 2106 1804
3 1804 2106 2107
3 1804 2107 1805
3 1805 2107 2108
3 1806 2109 1807
3 1807 2109 2110
3 1807 2110 1808
3 1808 2110 2111
3 1808 2111 1809
3 1809 2111 2112
3 1810 2113 1811
3 1811 2113 2114
3 1811 2114 1812
3 1812 2114 2115
3 1812 2115 1813
3 1813 2115 2116
3 1814 2117 1815
3 1815 2117 2118
3 1815 2118 1816
3 1816 2118 2119
3 1816 2119 1817
3 1817 2119 2120
3 1818 2121 1819
3 1819 2121 2122
3 1819 2122 1820
3 1820 2122 2123
3 1821 2124 1822
3 1822 2124 2125
3 1822 2125 1823
3 1823 2125 2126
3 1823 2126 1824
3 1824 2126 2127
3 1825 2128 607
3 607 2128 2129
3 1826 2130 1827
3 1827 2130 2131
3 1827 2131 1828
3 1828 2131 2132
3 1828 2132 1829
3 1829 2132 2133
3 1829 2133 1830
3 1830 2133 2134
3 1830 2134 1831
3 1831 2134 2135
3 1832 2136 1833
3 1833 2136 2137
3 1834 2138 1835
3 1835 2138 2139
3 1835 2139 1836
3 1836 2139 2140
3 1836 2140 1837
3 1837 2140 2141
3 1837 2141 1838
3 1838 2141 2142
3 1839 2143 1840
3 1840 2143 2144
3 1840 2144 1841
3 1841 2144 2145
3 1841 2145 1842
3 1842 2145 2146
3 1842 2146 1843
3 1843 2146 2147
3 1844 2148 1845
3 1845 2148 2149
3 1845 2149 1846
3 1846 2149 2150
3 1846 2150 1847
3 1847 2150 2151
3 1847 2151 1848
3 1848 2151 2152
3 1848 2152 1849
3 1849 2152 2153
3 1849 2153 1850
3 1850 2153 2154
3 1851 2155 1852
3 1852 2155 2156
3 1852 2156 1853
3 1853 2156 2157
3 1853 2157 1854
3 1854 2157 2158
3 1854 2158 1855
3 1855 2158 2159
3 1855 2159 1856
3 1856 2159 2160
3 1856 2160 1857
3 1857 2160 2161
3 1857 2161 1858
3 1858 2161 2162
3 1858 2162 1859
3 1859 2162 2163
3 1860 2164 1861
3 1861 2164 2165
3 1862 2166 1863
3 1863 2166 2167
3 1863 2167 1864
3 1864 2167 2168
3 1865 2169 1866
3 1866 2169 2170
3 1866 2170 1867
3 1867 2170 2171
3 1867 2171 1868
3 1868 2171 2172
3 1869 2173 1870
3 1870 2173 2174
3 1870 2174 1871
3 1871 2174 2175
3 1871 2176 1872
3 1872 2176 2177
3 1872 2177 1873
3 1873 2177 2178
3 1874 2179 1875
3 1875 2179 2180
3 1875 2180 1876
3 1876 2180 2181
3 1876 2181 1877
3 1877 2181 2182
3 1878 2183 1879
3 1879 2183 2184
3 1879 2184 1880
3 1880 2184 2185
3 1881 2186 1882
3 1882 2186 2187
3 1882 2187 1883
3 1883 2187 2188
3 1884 2189 1885
3 1885 2189 2190
3 1885 2190 1886
3 1886 2190 2191
3 1887 2192 1888
3 1888 2192 2193
3 1888 2193 1889
3 1889 2193 2194
3 1889 2194 1890
3 1890 2194 2195
3 1891 2196 1892
3 1892 2196 2197
3 1892 2197 1893
3 1893 2197 2198
3 1894 2199 1895
3 1895 2199 2200
3 1895 2200 1896
3 1896 2200 2201
3 1897 2202 1898
3 1898 2202 2203
3 1898 2203 1899
3 1899 2203 2204
3 1899 2204 1900
3 1900 2204 2205
3 1901 2206 1902
3 1902 2206 2207
3 1902 2207 1903
3 1903 2207 2208
3 1903 2209 1904
3 1904 2209 2210
3 1904 2210 1905
3 1905 2210 2211
3 1905 2211 1906
3 1906 2211 2212
3 1906 2212 1907
3 1907 2212 2213
3 1908 2214 1909
3 1909 2214 2215
3 1909 2215 1910
3 1910 2215 2216
3 1910 2216 1911
3 1911 2216 2217
3 1912 2218 1913
3 1913 2218 2219
3 1913 2219 1914
3 1914 2219 2220
3 1914 2220 1915
3 1915 2220 2221
3 1915 2221 1916
3 1916 2221 2222
3 1917 2223 1918
3 1918 2223 2224
3 1918 2224 1919
3 1919 2224 2225
3 1919 2225 1920
3 1920 2225 2226
3 1921 2227 1922
3 1922 2227 2228
3 1922 2228 1923
3 1923 2228 2229
3 1923 2229 1924
3 1924 2229 2230
3 1924 2230 1925
3 1925 2230 2231
3 1926 2232 1927
3 1927 2232 2233
3 1927 2233 1928
3 1928 2233 2234
3 1928 2234 1929
3 1929 2234 2235
3 1930 2236 1931
3 1931 2236 2237
3 1931 2237 1932
3 1932 2237 2238
3 1932 2238 1933
3 1933 2238 2239
3 1933 2239 1934
3 1934 2239 2240
3 1935 2241 1936
3 1936 2241 2242
3 1936 2242 1937
3 1937 2242 2243
3 1937 2243 1938
3 1938 2243 2244
3 1938 2244 1939
3 1939 2244 2245
3 1940 2246 1941
3 1941 2246 2247
3 1941 2247 1942
3 1942 2247 2248
3 1942 2248 1943
3 1943 2248 2249
3 1944 2250 1945
3 1945 2250 2251
3 1945 2251 1946
3 1946 2251 2252
3 1946 2252 1947
3 1947 2252 2253
3 1947 2253 1948
3 1948 2253 2254
3 1949 2255 1950
3 1950 2255 2256
3 1950 2256 1951
3 1951 2256 2257
3 1951 2257 1952
3 1952 2257 2258
3 1953 2259 1954
3 1954 2259 2260
3 1954 2260 1955
3 1955 2260 2261
3 1955 2261 1956
3 1956 2261 2262
3 1956 2262 1957
3 1957 2262 2263
3 1958 2264 1959
3 1959 2264 2265
3 1959 2265 1960
3 1960 2265 2266
3 1960 2266 1961
3 1961 2266 2267
3 1962 2268 1963
3 1963 2268 2269
3 1963 2269 1964
3 1964 2269 2270
3 1964 2270 1965
3 1965 2270 2271
3 1965 2271 1966
3 1966 2271 2272
3 1966 2273 1967
3 1967 2273 2274
3 1967 2274 1968
3 1968 2274 2275
3 1968 2275 1969
3 1969 2275 2276
3 1969 2277 1970
3 1970 2277 2278
3 1970 2278 1971
3 1971 2278 2279
3 1971 2279 1972
3 1972 2279 2280
3 1972 2280 1973
3 1973 2280 2281
3 1973 2281 1974
3 1974 2281 2282
3 1974 2282 1975
3 1975 2282 2283
3 1975 2283 1976
3 1976 2283 2284
3 1977 2285 1978
3 1978 2285 2286
3 1978 2286 1979
3 1979 2286 2287
3 1979 2287 1980
3 1980 2287 2288
3 1981 2289 1982
3 1982 2289 2290
3 1982 2290 1983
3 1983 2290 2291
3 1984 2292 1985
3 1985 2292 2293
3 1985 2293 1986
3 1986 2293 2294
3 1986 2294 1987
3 1987 2294 2295
3 1988 2296 1989
3 1989 2296 2297
3 1989 2297 1990
3 1990 2297 2298
3 1990 2298 1991
3 1991 2298 2299
3 1992 2300 1993
3 1993 2300 2301
3 1993 2301 1994
3 1994 2301 2302
3 1994 2302 1995
3 1995 2302 2303
3 1996 2304 1997
3 1997 2304 2305
3 1997 2305 1998
3 1998 2305 2306
3 1999 2307 2000
3 2000 2307 2308
3 2000 2308 2001
3 2001 2308 2309
3 2001 2309 2002
3 2002 2309 2310
3 2003 2311 2004
3 2004 2311 2312
3 2004 2312 2005
3 2005 2312 2313
3 2005 2313 2006
3 2006 2313 2314
3 2007 2315 2008
3 2008 2315 2316
3 2008 2316 2009
3 2009 2316 2317
3 2009 2317 2010
3 2010 2317 2318
3 2011 2319 2012
3 2012 2319 2320
3 2012 2320 2013
3 2013 2320 2321
3 2013 2321 2014
3 2014 2321 2322
3 2015 2323 2016
3 2016 2323 2324
3 2016 2324 2017
3 2017 2324 2325
3 2018 2326 2019
3 2019 2326 2327
3 2019 2327 2020
3 2020 2327 2328
3 2020 2328 2021
3 2021 2328 2329
3 2022 2330 2023
3 2023 2330 2331
3 2023 2331 2024
3 2024 2331 2332
3 2024 2332 2025
3 2025 2332 2333
3 2026 2334 2027
3 2027 2334 2335
3 2027 2335 2028
3 2028 2335 2336
3 2028 2336 2029
3 2029 2336 2337
3 2030 2338 2031
3 2031 2338 2339
3 2031 2339 2032
3 2032 2339 2340
3 2032 2340 2033
3 2033 2340 2341
3 2034 2342 2035
3 2035 2342 2343
3 2035 2343 2036
3 2036 2343 2344
3 2037 2345 2038
3 2038 2345 2346
3 2038 2346 2039
3 2039 2346 2347
3 2039 2347 2040
3 2040 2347 2348
3 2041 2349 2042
3 2042 2349 2350
3 2042 2350 2043
3 2043 2350 2351
3 2043 2351 2044
3 2044 2351 2352
3 2045 2353 2046
3 2046 2353 2354
3 2046 2354 2047
3 2047 2354 2355
3 2047 2355 2048
3 2048 2355 2356
3 2049 2357 2050
3 2050 2357 2358
3 2050 2358 2051
3 2051 2358 2359
3 2052 2360 2053
3 2053 2360 2361
3 2053 2361 2054
3 2054 2361 2362
3 2054 2362 2055
3 2055 2362 2363
3 2056 2364 2057
3 2057 2364 2365
3 2057 2365 2058
3 2058 2365 2366
3 2058 2366 2059
3 2059 2366 2367
3 2060 2368 2061
3 2061 2368 2369
3 2061 2369 2062
3 2062 2369 2370
3 2062 2370 2063
3 2063 2370 2371
3 2064 2372 2065
3 2065 2372 2373
3 2065 2373 2066
3 2066 2373 2374
3 2066 2374 2067
3 2067 2374 2375
3 2068 2376 2069
3 2069 2376 2377
3 2069 2377 2070
3 2070 2377 2378
3 2071 2379 2072
3 2072 2379 2380
3 2072 2380 2073
3 2073 2380 2381
3 2073 2381 2074
3 2074 2381 2382
3 2075 2383 2076
3 2076 2383 2384
3 2076 2384 2077
3 2077 2384 2385
3 2077 2385 2078
3 2078 2385 2386
3 2079 2387 2080
3 2080 2387 2388
3 2080 2388 2081
3 2081 2388 2389
3 2081 2389 2082
3 2082 2389 2390
3 2083 2391 2084
3 2084 2391 2392
3 2084 2392 2085
3 2085 2392 2393
3 2086 2394 2087
3 2087 2394 2395
3 2087 2395 2088
3 2088 2395 2396
3 2088 2396 2089
3 2089 2396 2397
3 2090 2398 2091
3 2091 2398 2399
3 2091 2399 2092
3 2092 2399 2400
3 2092 2400 2093
3 2093 2400 2401
3 2094 2402 2095
3 2095 2402 2403
3 2095 2403 2096
3 2096 2403 2404
3 2096 2404 2097
3 2097 2404 2405
3 2098 2406 2099
3 2099 2406 2407
3 2099 2407 2100
3 2100 2407 2408
3 2100 2408 2101
3 2101 2408 2409
3 2102 2410 2103
3 2103 2410 2411
3 2103 2411 2104
3 2104 2411 2412
3 2105 2413 2106
3 2106 2413 2414
3 2106 2414 2107
3 2107 2414 2415
3 2107 2415 2108
3 2108 2415 2416
3 2109 2417 2110
3 2110 2417 2418
3 2110 2418 2111
3 2111 2418 2419
3 2111 2419 2112
3 2112 2419 2420
3 2113 2421 2114
3 2114 2421 2422
3 2114 2422 2115
3 2115 2422 2423
3 2115 2423 2116
3 2116 2423 2424
3 2117 2424 2118
3 2118 2424 2425
3 2118 2425 2119
3 2119 2425 2426
3 2119 2426 2120
3 2120 2426 2427
3 2121 2428 2122
3 2122 2428 2429
3 2122 2429 2123
3 2123 2429 2430
3 2124 2430 2125
3 2125 2430 2431
3 2125 2431 2126
3 2126 2431 2432
3 2126 2432 2127
3 2127 2432 2433
3 2128 2433 2129
3 2129 2433 2434
3 2130 2435 2131
3 2131 2435 2436
3 2131 2436 2132
3 2132 2436 2437
3 2132 2437 2133
3 2133 2437 2438
3 2133 2438 2134
3 2134 2438 2439
3 2134 2439 2135
3 2135 2439 2440
3 2136 2441 2137
3 2137 2441 2442
3 2138 2443 2139
3 2139 2443 2444
3 2139 2444 2140
3 2140 2444 2445
3 2140 2445 2141
3 2141 2445 2446
3 2141 2446 2142
3 2142 2446 2447
3 2143 2448 2144
3 2144 2448 2449
3 2144 2449 2145
3 2145 2449 2450
3 2145 2450 2146
3 2146 2450 2451
3 2146 2451 2147
3 2147 2451 2452
3 2148 2453 2149
3 2149 2453 2454
3 2149 2454 2150
3 2150 2454 2455
3 2150 2455 2151
3 2151 2455 2456
3 2151 2456 2152
3 2152 2456 2457
3 2152 2457 2153
3 2153 2457 2458
3 2153 2458 2154
3 2154 2458 2459
3 2155 2460 2156
3 2156 2460 2461
3 2156 2461 2157
3 2157 2461 2462
3 2157 2462 2158
3 2158 2462 2463
3 2158 2463 2159
3 2159 2463 2464
3 2159 2464 2160
3 2160 2464 2465
3 2160 2465 2161
3 2161 2465 2466
3 2161 2466 2162
3 2162 2466 2467
3 2162 2467 2163
3 2163 2467 2468
3 2164 2469 2165
3 2165 2469 2470
3 2166 2471 2167
3 2167 2471 2472
3 2167 2472 2168
3 2168 2472 2473
3 2169 2474 2170
3 2170 2474 2475
3 2170 2475 2171
3 2171 2475 2476
3 2171 2476 2172
3 2172 2476 2477
3 2173 2478 2174
3 2174 2478 2479
3 2174 2479 2175
3 2175 2479 2480
3 2176 2481 2177
3 2177 2481 2482
3 2177 2482 2178
3 2178 2482 2483
3 2179 2484 2180
3 2180 2484 2485
3 2180 2485 2181
3 2181 2485 2486
3 2181 2486 2182
3 2182 2486 2487
3 2183 2488 2184
3 2184 2488 2489
3 2184 2489 2185
3 2185 2489 2490
3 2186 2491 2187
3 2187 2491 2492
3 2187 2492 2188
3 2188 2492 2493
3 2189 2494 2190
3 2190 2494 2495
3 2190 2495 2191
3 2191 2495 2496
3 2192 2497 2193
3 2193 2497 2498
3 2193 2498 2194
3 2194 2498 2499
3 2194 2499 2195
3 2195 2499 2500
3 2196 2501 2197
3 2197 2501 2502
3 2197 2502 2198
3 2198 2502 2503
3 2199 2504 2200
3 2200 2504 2505
3 2200 2505 2201
3 2201 2505 2506
3 2202 2507 2203
3 2203 2507 2508
3 2203 2508 2204
3 2204 2508 2509
3 2204 2509 2205
3 2205 2509 2510
3 2206 2511 2207
3 2207 2511 2512
3 2207 2512 2208
3 2208 2512 2513
3 2209 2514 2210
3 2210 2514 2515
3 2210 2515 2211
3 2211 2515 2516
3 2211 2516 2212
3 2212 2516 2517
3 2212 2517 2213
3 2213 2517 2518
3 2214 2519 2215
3 2215 2519 2520
3 2215 2520 2216
3 2216 2520 2521
3 2216 2521 2217
3 2217 2521 2522
3 2218 2523 2219
3 2219 2523 2524
3 2219 2524 2220
3 2220 2524 2525
3 2220 2525 2221
3 2221 2525 2526
3 2221 2526 2222
3 2222 2526 2527
3 2223 2528 2224
3 2224 2528 2529
3 2224 2529 2225
3 2225 2529 2530
3 2225 2530 2226
3 2226 2530 2531
3 2227 2532 2228
3 2228 2532 2533
3 2228 2533 2229
3 2229 2533 2534
3 2229 2534 2230
3 2230 2534 2535
3 2230 2535 2231
3 2231 2535 2536
3 2232 2537 2233
3 2233 2537 2538
3 2233 2538 2234
3 2234 2538 2539
3 2234 2539 2235
3 2235 2539 2540
3 2236 2541 2237
3 2237 2541 2542
3 2237 2542 2238
3 2238 2542 2543
3 2238 2543 2239
3 2239 2543 2544
3 2239 2544 2240
3 2240 2544 2545
3 2241 2546 2242
3 2242 2546 2547
3 2242 2547 2243
3 2243 2547 2548
3 2243 2548 2244
3 2244 2548 2549
3 2244 2549 2245
3 2245 2549 2550
3 2246 2551 2247
3 2247 2551 2552
3 2247 2552 2248
3 2248 2552 2553
3 2248 2553 2249
3 2249 2553 2554
3 2250 2555 2251
3 2251 2555 2556
3 2251 2556 2252
3 2252 2556 2557
3 2252 2557 2253
3 2253 2557 2558
3 2253 2558 2254
3 2254 2558 2559
3 2255 2560 2256
3 2256 2560 2561
3 2256 2561 2257
3 2257 2561 2562
3 2257 2562 2258
3 2258 2562 2563
3 2259 2564 2260
3 2260 2564 2565
3 2260 2565 2261
3 2261 2565 2566
3 2261 2566 2262
3 2262 2566 2567
3 2262 2567 2263
3 2263 2567 2568
3 2264 2569 2265
3 2265 2569 2570
3 2265 2570 2266
3 2266 2570 2571
3 2266 2571 2267
3 2267 2571 2572
3 2268 2573 2269
3 2269 2573 2574
3 2269 2574 2270
3 2270 2574 2575
3 2270 2575 2271
3 2271 2575 2576
3 2271 2576 2272
3 2272 2576 2577
3 2273 2578 2274
3 2274 2578 2579
3 2274 2579 2275
3 2275 2579 2580
3 2275 2580 2276
3 2276 2580 2581
3 2277 2581 2278
3 2278 2581 2582
3 2278 2582 2279
3 2279 2582 2583
3 2279 2583 2280
3 2280 2583 2584
3 2280 2584 2281
3 2281 2584 2585
3 2281 2585 2282
3 2282 2585 2586
3 2282 2586 2283
3 2283 2586 2587
3 2283 2587 2284
3 2284 2587 2588
3 2285 2589 2286
3 2286 2589 2590
3 2286 2590 2287
3 2287 2590 2591
3 2287 2591 2288
3 2288 2591 2592
3 2289 2593 2290
3 2290 2593 2594
3 2290 2594 2291
3 2291 2594 2595
3 2292 2596 2293
3 2293 2596 2597
3 2293 2597 2294
3 2294 2597 2598
3 2294 2598 2295
3 2295 2598 2599
3 2296 2600 2297
3 2297 2600 2601
3 2297 2601 2298
3 2298 2601 2602
3 2298 2602 2299
3 2299 2602 2603
3 2300 2604 2301
3 2301 2604 2605
3 2301 2605 2302
3 2302 2605 2606
3 2302 2606 2303
3 2303 2606 2607
3 2304 2608 2305
3 2305 2608 2609
3 2305 2609 2306
3 2306 2609 2610
3 2307 2611 2308
3 2308 2611 2612
3 2308 2612 2309
3 2309 2612 2613
3 2309 2613 2310
3 2310 2613 2614
3 2311 2615 2312
3 2312 2615 2616
3 2312 2616 2313
3 2313 2616 2617
3 2313 2617 2314
3 2314 2617 2618
3 2315 2619 2316
3 2316 2619 2620
3 2316 2620 2317
3 2317 2620 2621
3 2317 2621 2318
3 2318 2621 2622
3 2319 2623 2320
3 2320 2623 2624
3 2320 2624 2321
3 2321 2624 2625
3 2321 2625 2322
3 2322 2625 2626
3 2323 2627 2324
3 2324 2627 2628
3 2324 2628 2325
3 2325 2628 2629
3 2326 2630 2327
3 2327 2630 2631
3 2327 2631 2328
3 2328 2631 2632
3 2328 2632 2329
3 2329 2632 2633
3 2330 2634 2331
3 2331 2634 2635
3 2331 2635 2332
3 2332 2635 2636
3 2332 2636 2333
3 2333 2636 2637
3 2334 2638 2335
3 2335 2638 2639
3 2335 2639 2336
3 2336 2639 2640
3 2336 2640 2337
3 2337 2640 2641
3 2338 2642 2339
3 2339 2642 2643
3 2339 2643 2340
3 2340 2643 2644
3 2340 2644 2341
3 2341 2644 2645
3 2342 2646 2343
3 2343 2646 2647
3 2343 2647 2344
3 2344 2647 2648
3 2345 2649 2346
3 2346 2649 2650
3 2346 2650 2347
3 2347 2650 2651
3 2347 2651 2348
3 2348 2651 2652
3 2349 2653 2350
3 2350 2653 2654
3 2350 2654 2351
3 2351 2654 2655
3 2351 2655 2352
3 2352 2655 2656
3 2353 2657 2354
3 2354 2657 2658
3 2354 2658 2355
3 2355 2658 2659
3 2355 2659 2356
3 2356 2659 2660
3 2357 2661 2358
3 2358 2661 2662
3 2358 2662 2359
3 2359 2662 2663
3 2360 2664 2361
3 2361 2664 2665
3 2361 2665 2362
3 2362 2665 2666
3 2362 2666 2363
3 2363 2666 2667
3 2364 2668 2365
3 2365 2668 2669
3 2365 2669 2366
3 2366 2669 2670
3 2366 2670 2367
3 2367 2670 2671
3 2368 2672 2369
3 2369 2672 2673
3 2369 2673 2370
3 2370 2673 2674
3 2370 2674 2371
3 2371 2674 2675
3 2372 2676 2373
3 2373 2676 2677
3 2373 2677 2374
3 2374 2677 2678
3 2374 2678 2375
3 2375 2678 2679
3 2376 2680 2377
3 2377 2680 2681
3 2377 2681 2378
3 2378 2681 2682
3 2379 2683 2380
3 2380 2683 2684
3 2380 2684 2381
3 2381 2684 2685
3 2381 2685 2382
3 2382 2685 2686
3 2383 2687 2384
3 2384 2687 2688
3 2384 2688 2385
3 2385 2688 2689
3 2385 2689 2386
3 2386 2689 2690
3 2387 2691 2388
3 2388 2691 2692
3 2388 2692 2389
3 2389 2692 2693
3 2389 2693 2390
3 2390 2693 2694
3 2391 2695 2392
3 2392 2695 2696
3 2392 2696 2393
3 2393 2696 2697
3 2394 2698 2395
3 2395 2698 2699
3 2395 2699 2396
3 2396 2699 2700
3 2396 2700 2397
3 2397 2700 2701
3 2398 2701 2399
3 2399 2701 2702
3 2399 2702 2400
3 2400 2702 2703
3 2400 2703 2401
3 2401 2703 2704
3 2402 2705 2403
3 2403 2705 2706
3 2403 2706 2404
3 2404 2706 2707
3 2404 2707 2405
3 2405 2707 2708
3 2406 2709 2407
3 2407 2709 2710
3 2407 2710 2408
3 2408 2710 2711
3 2408 2711 2409
3 2409 2711 2712
3 2410 2713 2411
3 2411 2713 2714
3 2411 2714 2412
3 2412 2714 2715
3 2413 2716 2414
3 2414 2716 2717
3 2414 2717 2415
3 2415 2717 2718
3 2415 2718 2416
3 2416 2718 2719
3 2417 2720 2418
3 2418 2720 2721
3 2418 2721 2419
3 2419 2721 2722
3 2419 2722 2420
3 2420 2722 2723
3 2421 2724 2422
3 2422 2724 2725
3 2422 2725 2423
3 2423 2725 2726
3 2423 2726 2424
3 2424 2726 2727
3 2424 2728 2425
3 2425 2728 2729
3 2425 2729 2426
3 2426 2729 2730
3 2426 2730 2427
3 2427 2730 2731
3 2428 2731 2429
3 2429 2731 2732
3 2429 2732 2430
3 2430 2732 2733
3 2430 2734 2431
3 2431 2734 2735
3 2431 2735 2432
3 2432 2735 2736
3 2432 2736 2433
3 2433 2736 2737
3 2433 2738 2434
3 2434 2738 2739
3 2435 1 2436
3 2436 1 2740
3 2436 2740 2437
3 2437 2740 2741
3 2437 2741 2438
3 2438 2741 2742
3 2438 2742 2439
3 2439 2742 2743
3 2439 2743 2440
3 2440 2743 2744
3 2441 2745 2442
3 2442 2745 2746
3 2443 2747 2444
3 2444 2747 2748
3 2444 2748 2445
3 2445 2748 2749
3 2445 2749 2446
3 2446 2749 2750
3 2446 2750 2447
3 2447 2750 2751
3 2448 2752 2449
3 2449 2752 2753
3 2449 2753 2450
3 2450 2753 2754
3 2450 2754 2451
3 2451 2754 2755
3 2451 2755 2452
3 2452 2755 2756
3 2453 2757 2454
3 2454 2757 2758
3 2454 2758 2455
3 2455 2758 2759
3 2455 2759 2456
3 2456 2759 2760
3 2456 2760 2457
3 2457 2760 2761
3 2457 2761 2458
3 2458 2761 2762
3 2458 2762 2459
3 2459 2762 2763
3 2460 2764 2461
3 2461 2764 2765
3 2461 2765 2462
3 2462 2765 2766
3 2462 2766 2463
3 2463 2766 2767
3 2463 2767 2464
3 2464 2767 2768
3 2464 2768 2465
3 2465 2768 2769
3 2465 2769 2466
3 2466 2769 2770
3 2466 2770 2467
3 2467 2770 2771
3 2467 2771 2468
3 2468 2771 2772
3 2469 2773 2470
3 2470 2773 2774
3 2471 2775 2472
3 2472 2775 2776
3 2472 2776 2473
3 2473 2776 2777
3 2474 2778 2475
3 2475 2778 2779
3 2475 2779 2476
3 2476 2779 2780
3 2476 2780 2477
3 2477 2780 2781
3 2478 2782 2479
3 2479 2782 2783
3 2479 2783 2480
3 2480 2783 2784
3 2481 2784 2482
3 2482 2784 2785
3 2482 2785 2483
3 2483 2785 2786
3 2484 2787 2485
3 2485 2787 2788
3 2485 2788 2486
3 2486 2788 2789
3 2486 2789 2487
3 2487 2789 2790
3 2488 2791 2489
3 2489 2791 2792
3 2489 2792 2490
3 2490 2792 2793
3 2491 2794 2492
3 2492 2794 2795
3 2492 2795 2493
3 2493 2795 2796
3 2494 2797 2495
3 2495 2797 2798
3 2495 2798 2496
3 2496 2798 2799
3 2497 2800 2498
3 2498 2800 2801
3 2498 2801 2499
3 2499 2801 2802
3 2499 2802 2500
3 2500 2802 2803
3 2501 2804 2502
3 2502 2804 2805
3 2502 2805 2503
3 2503 2805 2806
3 2504 2807 2505
3 2505 2807 2808
3 2505 2808 2506
3 2506 2808 2809
3 2507 2810 2508
3 2508 2810 2811
3 2508 2811 2509
3 2509 2811 2812
3 2509 2812 2510
3 2510 2812 2813
3 2511 2814 2512
3 2512 2814 2815
3 2512 2815 2513
3 2513 2815 2816
3 2514 2817 2515
3 2515 2817 2818
3 2515 2818 2516
3 2516 2818 2819
3 2516 2819 2517
3 2517 2819 2820
3 2517 2820 2518
3 2518 2820 2821
3 2519 2822 2520
3 2520 2822 2823
3 2520 2823 2521
3 2521 2823 2824
3 2521 2824 2522
3 2522 2824 2825
3 2523 2826 2524
3 2524 2826 2827
3 2524 2827 2525
3 2525 2827 2828
3 2525 2828 2526
3 2526 2828 2829
3 2526 2829 2527
3 2527 2829 2830
3 2528 2831 2529
3 2529 2831 2832
3 2529 2832 2530
3 2530 2832 2833
3 2530 2833 2531
3 2531 2833 2834
3 2532 2835 2533
3 2533 2835 2836
3 2533 2836 2534
3 2534 2836 2837
3 2534 2837 2535
3 2535 2837 2838
3 2535 2838 2536
3 2536 2838 2839
3 2537 2840 2538
3 2538 2840 2841
3 2538 2841 2539
3 2539 2841 2842
3 2539 2842 2540
3 2540 2842 2843
3 2541 2844 2542
3 2542 2844 2845
3 2542 2845 2543
3 2543 2845 2846
3 2543 2846 2544
3 2544 2846 2847
3 2544 2847 2545
3 2545 2847 2848
3 2546 2849 2547
3 2547 2849 2850
3 2547 2850 2548
3 2548 2850 2851
3 2548 2851 2549
3 2549 2851 2852
3 2549 2852 2550
3 2550 2852 2853
3 2551 2854 2552
3 2552 2854 2855
3 2552 2855 2553
3 2553 2855 2856
3 2553 2856 2554
3 2554 2856 2857
3 2555 2858 2556
3 2556 2858 2859
3 2556 2859 2557
3 2557 2859 2860
3 2557 2860 2558
3 2558 2860 2861
3 2558 2861 2559
3 2559 2861 2862
3 2560 2863 2561
3 2561 2863 2864
3 2561 2864 2562
3 2562 2864 2865
3 2562 2865 2563
3 2563 2865 2866
3 2564 2867 2565
3 2565 2867 2868
3 2565 2868 2566
3 2566 2868 2869
3 2566 2869 2567
3 2567 2869 2870
3 2567 2870 2568
3 2568 2870 2871
3 2569 2872 2570
3 2570 2872 2873
3 2570 2873 2571
3 2571 2873 2874
3 2571 2874 2572
3 2572 2874 2875
3 2573 2875 2574
3 2574 2875 2876
3 2574 2876 2575
3 2575 2876 2877
3 2575 2877 2576
3 2576 2877 2878
3 2576 2878 2577
3 2577 2878 2879
3 2578 2880 2579
3 2579 2880 2881
3 2579 2881 2580
3 2580 2881 2882
3 2580 2882 2581
3 2581 2882 2883
3 2581 2884 2582
3 2582 2884 2885
3 2582 2885 2583
3 2583 2885 2886
3 2583 2886 2584
3 2584 2886 2887
3 2584 2887 2585
3 2585 2887 2888
3 2585 2888 2586
3 2586 2888 2889
3 2586 2889 2587
3 2587 2889 2890
3 2587 2890 2588
3 2588 2890 2891
3 2589 2892 2590
3 2590 2892 2893
3 2590 2893 2591
3 2591 2893 2894
3 2591 2894 2592
3 2592 2894 2895
3 2593 2896 2594
3 2594 2896 2897
3 2594 2897 2595
3 2595 2897 2898
3 2596 2899 2597
3 2597 2899 2900
3 2597 2900 2598
3 2598 2900 2901
3 2598 2901 2599
3 2599 2901 2902
3 2600 2903 2601
3 2601 2903 2904
3 2601 2904 2602
3 2602 2904 2905
3 2602 2905 2603
3 2603 2905 2906
3 2604 2907 2605
3 2605 2907 2908
3 2605 2908 2606
3 2606 2908 2909
3 2606 2909 2607
3 2607 2909 2910
3 2608 2911 2609
3 2609 2911 2912
3 2609 2912 2610
3 2610 2912 2913
3 2611 2914 2612
3 2612 2914 2915
3 2612 2915 2613
3 2613 2915 2916
3 2613 2916 2614
3 2614 2916 2917
3 2615 2918 2616
3 2616 2918 2919
3 2616 2919 2617
3 2617 2919 2920
3 2617 2920 2618
3 2618 2920 2921
3 2619 2922 2620
3 2620 2922 2923
3 2620 2923 2621
3 2621 2923 2924
3 2621 2924 2622
3 2622 2924 2925
3 2623 2926 2624
3 2624 2926 2927
3 2624 2927 2625
3 2625 2927 2928
3 2625 2928 2626
3 2626 2928 2929
3 2627 2930 2628
3 2628 2930 2931
3 2628 2931 2629
3 2629 2931 2932
3 2630 2933 2631
3 2631 2933 2934
3 2631 2934 2632
3 2632 2934 2935
3 2632 2935 2633
3 2633 2935 2936
3 2634 2937 2635
3 2635 2937 2938
3 2635 2938 2636
3 2636 2938 2939
3 2636 2939 2637
3 2637 2939 2940
3 2638 2941 2639
3 2639 2941 2942
3 2639 2942 2640
3 2640 2942 2943
3 2640 2943 2641
3 2641 2943 2944
3 2642 2945 2643
3 2643 2945 2946
3 2643 2946 2644
3 2644 2946 2947
3 2644 2947 2645
3 2645 2947 2948
3 2646 2949 2647
3 2647 2949 2950
3 2647 2950 2648
3 2648 2950 2951
3 2649 2952 2650
3 2650 2952 2953
3 2650 2953 2651
3 2651 2953 2954
3 2651 2954 2652
3 2652 2954 2955
3 2653 2956 2654
3 2654 2956 2957
3 2654 2957 2655
3 2655 2957 2958
3 2655 2958 2656
3 2656 2958 2959
3 2657 2960 2658
3 2658 2960 2961
3 2658 2961 2659
3 2659 2961 2962
3 2659 2962 2660
3 2660 2962 2963
3 2661 2964 2662
3 2662 2964 2965
3 2662 2965 2663
3 2663 2965 2966
3 2664 2967 2665
3 2665 2967 2968
3 2665 2968 2666
3 2666 2968 2969
3 2666 2969 2667
3 2667 2969 2970
3 2668 2971 2669
3 2669 2971 2972
3 2669 2972 2670
3 2670 2972 2973
3 2670 2973 2671
3 2671 2973 2974
3 2672 2975 2673
3 2673 2975 2976
3 2673 2976 2674
3 2674 2976 2977
3 2674 2977 2675
3 2675 2977 2978
3 2676 2979 2677
3 2677 2979 2980
3 2677 2980 2678
3 2678 2980 2981
3 2678 2981 2679
3 2679 2981 2982
3 2680 2983 2681
3 2681 2983 2984
3 2681 2984 2682
3 2682 2984 2985
3 2683 2986 2684
3 2684 2986 2987
3 2684 2987 2685
3 2685 2987 2988
3 2685 2988 2686
3 2686 2988 2989
3 2687 2990 2688
3 2688 2990 2991
3 2688 2991 2689
3 2689 2991 2992
3 2689 2992 2690
3 2690 2992 2993
3 2691 2994 2692
3 2692 2994 2995
3 2692 2995 2693
3 2693 2995 2996
3 2693 2996 2694
3 2694 2996 2997
3 2695 2998 2696
3 2696 2998 2999
3 2696 2999 2697
3 2697 2999 3000
3 2698 3001 2699
3 2699 3001 3002
3 2699 3002 2700
3 2700 3002 3003
3 2700 3003 2701
3 2701 3003 3004
3 2701 3005 2702
3 2702 3005 3006
3 2702 3006 2703
3 2703 3006 3007
3 2703 3007 2704
3 2704 3007 3008
3 2705 3009 2706
3 2706 3009 3010
3 2706 3010 2707
3 2707 3010 3011
3 2707 3011 2708
3 2708 3011 3012
3 2709 3013 2710
3 2710 3013 3014
3 2710 3014 2711
3 2711 3014 3015
3 2711 3015 2712
3 2712 3015 3016
3 2713 3017 2714
3 2714 3017 3018
3 2714 3018 2715
3 2715 3018 3019
3 2716 3020 2717
3 2717 3020 3021
3 2717 3021 2718
3 2718 3021 3022
3 2718 3022 2719
3 2719 3022 3023
3 2720 3024 2721
3 2721 3024 3025
3 2721 3025 2722
3 2722 3025 3026
3 2722 3026 2723
3 2723 3026 3027
3 2724 3028 2725
3 2725 3028 3029
3 2725 3029 2726
3 2726 3029 3030
3 2726 3030 2727
3 2727 3030 3031
3 2728 3032 2729
3 2729 3032 3033
3 2729 3033 2730
3 2730 3033 3034
3 2730 3034 2731
3 2731 3034 3035
3 2731 3035 2732
3 2732 3035 3036
3 2732 3036 2733
3 2733 3036 3037
3 2734 3038 2735
3 2735 3038 3039
3 2735 3039 2736
3 2736 3039 3040
3 2736 3040 2737
3 2737 3040 3041
3 2738 3042 2739
3 2739 3042 607
3 2740 1 3043
3 2740 3043 2741
3 2741 3043 3044
3 2741 3044 2742
3 2742 3044 3045
3 2742 3045 2743
3 2743 3045 3046
3 2743 3046 2744
3 2744 3046 3047
3 2745 3048 2746
3 2746 3048 3049
3 2747 3050 2748
3 2748 3050 3051
3 2748 3051 2749
3 2749 3051 3052
3 2749 3052 2750
3 2750 3052 3053
3 2750 3053 2751
3 2751 3053 3054
3 2752 3055 2753
3 2753 3055 3056
3 2753 3056 2754
3 2754 3056 3057
3 2754 3057 2755
3 2755 3057 3058
3 2755 3058 2756
3 2756 3058 3059
3 2757 3060 2758
3 2758 3060 3061
3 2758 3061 2759
3 2759 3061 3062
3 2759 3062 2760
3 2760 3062 3063
3 2760 3063 2761
3 2761 3063 3064
3 2761 3064 2762
3 2762 3064 3065
3 2762 3065 2763
3 2763 3065 3066
3 2764 3067 2765
3 2765 3067 3068
3 2765 3068 2766
3 2766 3068 3069
3 2766 3069 2767
3 2767 3069 3070
3 2767 3070 2768
3 2768 3070 3071
3 2768 3071 2769
3 2769 3071 3072
3 2769 3072 2770
3 2770 3072 3073
3 2770 3073 2771
3 2771 3073 3074
3 2771 3074 2772
3 2772 3074 3075
3 2773 3076 2774
3 2774 3076 3077
3 2775 3078 2776
3 2776 3078 3079
3 2776 3079 2777
3 2777 3079 3080
3 2778 3081 2779
3 2779 3081 3082
3 2779 3082 2780
3 2780 3082 3083
3 2780 3083 2781
3 2781 3083 3084
3 2782 3085 2783
3 2783 3085 3086
3 2783 3086 2784
3 2784 3086 3087
3 2784 3088 2785
3 2785 3088 3089
3 2785 3089 2786
3 2786 3089 3090
3 2787 3091 2788
3 2788 3091 3092
3 2788 3092 2789
3 2789 3092 3093
3 2789 3093 2790
3 2790 3093 3094
3 2791 3095 2792
3 2792 3095 3096
3 2792 3096 2793
3 2793 3096 3097
3 2794 3098 2795
3 2795 3098 3099
3 2795 3099 2796
3 2796 3099 3100
3 2797 3101 2798
3 2798 3101 3102
3 2798 3102 2799
3 2799 3102 3103
3 2800 3104 2801
3 2801 3104 3105
3 2801 3105 2802
3 2802 3105 3106
3 2802 3106 2803
3 2803 3106 3107
3 2804 3108 2805
3 2805 3108 3109
3 2805 3109 2806
3 2806 3109 3110
3 2807 3111 2808
3 2808 3111 3112
3 2808 3112 2809
3 2809 3112 3113
3 2810 3114 2811
3 2811 3114 3115
3 2811 3115 2812
3 2812 3115 3116
3 2812 3116 2813
3 2813 3116 3117
3 2814 3118 2815
3 2815 3118 3119
3 2815 3119 2816
3 2816 3119 3120
3 2817 3121 2818
3 2818 3121 3122
3 2818 3122 2819
3 2819 3122 3123
3 2819 3123 2820
3 2820 3123 3124
3 2820 3124 2821
3 2821 3124 3125
3 2822 3126 2823
3 2823 3126 3127
3 2823 3127 2824
3 2824 3127 3128
3 2824 3128 2825
3 2825 3128 3129
3 2826 3130 2827
3 2827 3130 3131
3 2827 3131 2828
3 2828 3131 3132
3 2828 3132 2829
3 2829 3132 3133
3 2829 3133 2830
3 2830 3133 3134
3 2831 3135 2832
3 2832 3135 3136
3 2832 3136 2833
3 2833 3136 3137
3 2833 3137 2834
3 2834 3137 3138
3 2835 3139 2836
3 2836 3139 3140
3 2836 3140 2837
3 2837 3140 3141
3 2837 3141 2838
3 2838 3141 3142
3 2838 3142 2839
3 2839 3142 3143
3 2840 3144 2841
3 2841 3144 3145
3 2841 3145 2842
3 2842 3145 3146
3 2842 3146 2843
3 2843 3146 3147
3 2844 3148 2845
3 2845 3148 3149
3 2845 3149 2846
3 2846 3149 3150
3 2846 3150 2847
3 2847 3150 3151
3 2847 3151 2848
3 2848 3151 3152
3 2849 3153 2850
3 2850 3153 3154
3 2850 3154 2851
3 2851 3154 3155
3 2851 3155 2852
3 2852 3155 3156
3 2852 3156 2853
3 2853 3156 3157
3 2854 3158 2855
3 2855 3158 3159
3 2855 3159 2856
3 2856 3159 3160
3 2856 3160 2857
3 2857 3160 3161
3 2858 3162 2859
3 2859 3162 3163
3 2859 3163 2860
3 2860 3163 3164
3 2860 3164 2861
3 2861 3164 3165
3 2861 3165 2862
3 2862 3165 3166
3 2863 3167 2864
3 2864 3167 3168
3 2864 3168 2865
3 2865 3168 3169
3 2865 3169 2866
3 2866 3169 3170
3 2867 3171 2868
3 2868 3171 3172
3 2868 3172 2869
3 2869 3172 3173
3 2869 3173 2870
3 2870 3173 3174
3 2870 3174 2871
3 2871 3174 3175
3 2872 3176 2873
3 2873 3176 3177
3 2873 3177 2874
3 2874 3177 3178
3 2874 3178 2875
3 2875 3178 3179
3 2875 3180 2876
3 2876 3180 3181
3 2876 3181 2877
3 2877 3181 3182
3 2877 3182 2878
3 2878 3182 3183
3 2878 3183 2879
3 2879 3183 3184
3 2880 3185 2881
3 2881 3185 3186
3 2881 3186 2882
3 2882 3186 3187
3 2882 3187 2883
3 2883 3187 3188
3 2884 3189 2885
3 2885 3189 3190
3 2885 3190 2886
3 2886 3190 3191
3 2886 3191 2887
3 2887 3191 3192
3 2887 3192 2888
3 2888 3192 3193
3 2888 3193 2889
3 2889 3193 3194
3 2889 3194 2890
3 2890 3194 3195
3 2890 3195 2891
3 2891 3195 3196
3 2892 3197 2893
3 2893 3197 3198
3 2893 3198 2894
3 2894 3198 3199
3 2894 3199 2895
3 2895 3199 3200
3 2896 3201 2897
3 2897 3201 3202
3 2897 3202 2898
3 2898 3202 3203
3 2899 3204 2900
3 2900 3204 3205
3 2900 3205 2901
3 2901 3205 3206
3 2901 3206 2902
3 2902 3206 3207
3 2903 3208 2904
3 2904 3208 3209
3 2904 3209 2905
3 2905 3209 3210
3 2905 3210 2906
3 2906 3210 3211
3 2907 3212 2908
3 2908 3212 3213
3 2908 3213 2909
3 2909 3213 3214
3 2909 3214 2910
3 2910 3214 3215
3 2911 3216 2912
3 2912 3216 3217
3 2912 3217 2913
3 2913 3217 3218
3 2914 3219 2915
3 2915 3219 3220
3 2915 3220 2916
3 2916 3220 3221
3 2916 3221 2917
3 2917 3221 3222
3 2918 3223 2919
3 2919 3223 3224
3 2919 3224 2920
3 2920 3224 3225
3 2920 3225 2921
3 2921 3225 3226
3 2922 3227 2923
3 2923 3227 3228
3 2923 3228 2924
3 2924 3228 3229
3 2924 3229 2925
3 2925 3229 3230
3 2926 3231 2927
3 2927 3231 3232
3 2927 3232 2928
3 2928 3232 3233
3 2928 3233 2929
3 2929 3233 3234
3 2930 3235 2931
3 2931 3235 3236
3 2931 3236 2932
3 2932 3236 3237
3 2933 3238 2934
3 2934 3238 3239
3 2934 3239 2935
3 2935 3239 3240
3 2935 3240 2936
3 2936 3240 3241
3 2937 3242 2938
3 2938 3242 3243
3 2938 3243 2939
3 2939 3243 3244
3 2939 3244 2940
3 2940 3244 3245
3 2941 3246 2942
3 2942 3246 3247
3 2942 3247 2943
3 2943 3247 3248
3 2943 3248 2944
3 2944 3248 3249
3 2945 3250 2946
3 2946 3250 3251
3 2946 3251 2947
3 2947 3251 3252
3 2947 3252 2948
3 2948 3252 3253
3 2949 3254 2950
3 2950 3254 3255
3 2950 3255 2951
3 2951 3255 3256
3 2952 3257 2953
3 2953 3257 3258
3 2953 3258 2954
3 2954 3258 3259
3 2954 3259 2955
3 2955 3259 3260
3 2956 3261 2957
3 2957 3261 3262
3 2957 3262 2958
3 2958 3262 3263
3 2958 3263 2959
3 2959 3263 3264
3 2960 3265 2961
3 2961 3265 3266
3 2961 3266 2962
3 2962 3266 3267
3 2962 3267 2963
3 2963 3267 3268
3 2964 3269 2965
3 2965 3269 3270
3 2965 3270 2966
3 2966 3270 3271
3 2967 3272 2968
3 2968 3272 3273
3 2968 3273 2969
3 2969 3273 3274
3 2969 3274 2970
3 2970 3274 3275
3 2971 3276 2972
3 2972 3276 3277
3 2972 3277 2973
3 2973 3277 3278
3 2973 3278 2974
3 2974 3278 3279
3 2975 3280 2976
3 2976 3280 3281
3 2976 3281 2977
3 2977 3281 3282
3 2977 3282 2978
3 2978 3282 3283
3 2979 3284 2980
3 2980 3284 3285
3 2980 3285 2981
3 2981 3285 3286
3 2981 3286 2982
3 2982 3286 3287
3 2983 3288 2984
3 2984 3288 3289
3 2984 3289 2985
3 2985 3289 3290
3 2986 3291 2987
3 2987 3291 3292
3 2987 3292 2988
3 2988 3292 3293
3 2988 3293 2989
3 2989 3293 3294
3 2990 3295 2991
3 2991 3295 3296
3 2991 3296 2992
3 2992 3296 3297
3 2992 3297 2993
3 2993 3297 3298
3 2994 3299 2995
3 2995 3299 3300
3 2995 3300 2996
3 2996 3300 3301
3 2996 3301 2997
3 2997 3301 3302
3 2998 3303 2999
3 2999 3303 3304
3 2999 3304 3000
3 3000 3304 3305
3 3001 3306 3002
3 3002 3306 3307
3 3002 3307 3003
3 3003 3307 3308
3 3003 3308 3004
3 3004 3308 3309
3 3005 3310 3006
3 3006 3310 3311
3 3006 3311 3007
3 3007 3311 3312
3 3007 3312 3008
3 3008 3312 3313
3 3009 3314 3010
3 3010 3314 3315
3 3010 3315 3011
3 3011 3315 3316
3 3011 3316 3012
3 3012 3316 3317
3 3013 3318 3014
3 3014 3318 3319
3 3014 3319 3015
3 3015 3319 3320
3 3015 3320 3016
3 3016 3320 3321
3 3017 3322 3018
3 3018 3322 3323
3 3018 3323 3019
3 3019 3323 3324
3 3020 3325 3021
3 3021 3325 3326
3 3021 3326 3022
3 3022 3326 3327
3 3022 3327 3023
3 3023 3327 3328
3 3024 3329 3025
3 3025 3329 3330
3 3025 3330 3026
3 3026 3330 3331
3 3026 3331 3027
3 3027 3331 3332
3 3028 3333 3029
3 3029 3333 3334
3 3029 3334 3030
3 3030 3334 3335
3 3030 3335 3031
3 3031 3335 3336
3 3032 3337 3033
3 3033 3337 3338
3 3033 3338 3034
3 3034 3338 3339
3 3034 3339 3035
3 3035 3339 3340
3 3035 3341 3036
3 3036 3341 3342
3 3036 3342 3037
3 3037 3342 3343
3 3038 3344 3039
3 3039 3344 3345
3 3039 3345 3040
3 3040 3345 3346
3 3040 3346 3041
3 3041 3346 3347
3 3042 3347 607
3 1 1218 3043
3 3043 1218 3348
3 3043 3348 3044
3 3044 3348 3349
3 3044 3349 3045
3 3045 3349 3350
3 3045 3350 3046
3 3046 3350 3351
3 3046 3351 3047
3 3047 3351 3352
3 3048 3353 3049
3 3049 3353 3354
3 3050 3355 3051
3 3051 3355 3356
3 3051 3356 3052
3 3052 3356 3357
3 3052 3357 3053
3 3053 3357 3358
3 3053 3358 3054
3 3054 3358 3359
3 3055 3360 3056
3 3056 3360 3361
3 3056 3361 3057
3 3057 3361 3362
3 3057 3362 3058
3 3058 3362 3363
3 3058 3363 3059
3 3059 3363 3364
3 3060 3364 3061
3 3061 3364 3365
3 3061 3365 3062
3 3062 3365 3366
3 3062 3366 3063
3 3063 3366 3367
3 3063 3367 3064
3 3064 3367 3368
3 3064 3368 3065
3 3065 3368 3369
3 3065 3369 3066
3 3066 3369 3370
3 3067 3371 3068
3 3068 3371 3372
3 3068 3372 3069
3 3069 3372 3373
3 3069 3373 3070
3 3070 3373 3374
3 3070 3374 3071
3 3071 3374 3375
3 3071 3375 3072
3 3072 3375 3376
3 3072 3376 3073
3 3073 3376 3377
3 3073 3377 3074
3 3074 3377 3378
3 3074 3378 3075
3 3075 3378 3379
3 3076 3380 3077
3 3077 3380 3381
3 3078 3382 3079
3 3079 3382 3383
3 3079 3383 3080
3 3080 3383 3384
3 3081 3385 3082
3 3082 3385 3386
3 3082 3386 3083
3 3083 3386 3387
3 3083 3387 3084
3 3084 3387 3388
3 3085 3389 3086
3 3086 3389 3390
3 3086 3390 3087
3 3087 3390 3391
3 3088 3392 3089
3 3089 3392 3393
3 3089 3393 3090
3 3090 3393 3394
3 3091 3395 3092
3 3092 3395 3396
3 3092 3396 3093
3 3093 3396 3397
3 3093 3397 3094
3 3094 3397 3398
3 3095 3399 3096
3 3096 3399 3400
3 3096 3400 3097
3 3097 3400 3401
3 3098 3402 3099
3 3099 3402 3403
3 3099 3403 3100
3 3100 3403 3404
3 3101 3405 3102
3 3102 3405 3406
3 3102 3406 3103
3 3103 3406 3407
3 3104 3408 3105
3 3105 3408 3409
3 3105 3409 3106
3 3106 3409 3410
3 3106 3410 3107
3 3107 3410 3411
3 3108 3412 3109
3 3109 3412 3413
3 3109 3413 3110
3 3110 3413 3414
3 3111 3415 3112
3 3112 3415 3416
3 3112 3416 3113
3 3113 3416 3417
3 3114 3418 3115
3 3115 3418 3419
3 3115 3419 3116
3 3116 3419 3420
3 3116 3420 3117
3 3117 3420 3421
3 3118 3422 3119
3 3119 3422 3423
3 3119 3423 3120
3 3120 3423 3424
3 3121 3425 3122
3 3122 3425 3426
3 3122 3426 3123
3 3123 3426 3427
3 3123 3427 3124
3 3124 3427 3428
3 3124 3428 3125
3 3125 3428 3429
3 3126 3430 3127
3 3127 3430 3431
3 3127 3431 3128
3 3128 3431 3432
3 3128 3432 3129
3 3129 3432 3433
3 3130 3434 3131
3 3131 3434 3435
3 3131 3435 3132
3 3132 3435 3436
3 3132 3436 3133
3 3133 3436 3437
3 3133 3437 3134
3 3134 3437 3438
3 3135 3439 3136
3 3136 3439 3440
3 3136 3440 3137
3 3137 3440 3441
3 3137 3441 3138
3 3138 3441 3442
3 3139 3443 3140
3 3140 3443 3444
3 3140 3444 3141
3 3141 3444 3445
3 3141 3445 3142
3 3142 3445 3446
3 3142 3446 3143
3 3143 3446 3447
3 3144 3448 3145
3 3145 3448 3449
3 3145 3449 3146
3 3146 3449 3450
3 3146 3450 3147
3 3147 3450 3451
3 3148 3452 3149
3 3149 3452 3453
3 3149 3453 3150
3 3150 3453 3454
3 3150 3454 3151
3 3151 3454 3455
3 3151 3455 3152
3 3152 3455 3456
3 3153 3457 3154
3 3154 3457 3458
3 3154 3458 3155
3 3155 3458 3459
3 3155 3459 3156
3 3156 3459 3460
3 3156 3460 3157
3 3157 3460 3461
3 3158 3462 3159
3 3159 3462 3463
3 3159 3463 3160
3 3160 3463 3464
3 3160 3464 3161
3 3161 3464 3465
3 3162 3466 3163
3 3163 3466 3467
3 3163 3467 3164
3 3164 3467 3468
3 3164 3468 3165
3 3165 3468 3469
3 3165 3469 3166
3 3166 3469 3470
3 3167 3471 3168
3 3168 3471 3472
3 3168 3472 3169
3 3169 3472 3473
3 3169 3473 3170
3 3170 3473 3474
3 3171 3475 3172
3 3172 3475 3476
3 3172 3476 3173
3 3173 3476 3477
3 3173 3477 3174
3 3174 3477 3478
3 3174 3478 3175
3 3175 3478 3479
3 3176 3480 3177
3 3177 3480 3481
3 3177 3481 3178
3 3178 3481 3482
3 3178 3482 3179
3 3179 3482 3483
3 3180 3484 3181
3 3181 3484 3485
3 3181 3485 3182
3 3182 3485 3486
3 3182 3486 3183
3 3183 3486 3487
3 3183 3487 3184
3 3184 3487 3488
3 3185 3489 3186
3 3186 3489 3490
3 3186 3490 3187
3 3187 3490 3491
3 3187 3491 3188
3 3188 3491 3492
3 3189 3493 3190
3 3190 3493 3494
3 3190 3494 3191
3 3191 3494 3495
3 3191 3495 3192
3 3192 3495 3496
3 3192 3496 3193
3 3193 3496 3497
3 3193 3497 3194
3 3194 3497 3498
3 3194 3498 3195
3 3195 3498 3499
3 3195 3499 3196
3 3196 3499 3500
3 3197 3501 3198
3 3198 3501 3502
3 3198 3502 3199
3 3199 3502 3503
3 3199 3503 3200
3 3200 3503 3504
3 3201 3505 3202
3 3202 3505 3506
3 3202 3506 3203
3 3203 3506 3507
3 3204 3508 3205
3 3205 3508 3509
3 3205 3509 3206
3 3206 3509 3510
3 3206 3510 3207
3 3207 3510 3511
3 3208 3512 3209
3 3209 3512 3513
3 3209 3513 3210
3 3210 3513 3514
3 3210 3514 3211
3 3211 3514 3515
3 3212 3516 3213
3 3213 3516 3517
3 3213 3517 3214
3 3214 3517 3518
3 3214 3518 3215
3 3215 3518 3519
3 3216 3520 3217
3 3217 3520 3521
3 3217 3521 3218
3 3218 3521 3522
3 3219 3523 3220
3 3220 3523 3524
3 3220 3524 3221
3 3221 3524 3525
3 3221 3525 3222
3 3222 3525 3526
3 3223 3527 3224
3 3224 3527 3528
3 3224 3528 3225
3 3225 3528 3529
3 3225 3529 3226
3 3226 3529 3530
3 3227 3531 3228
3 3228 3531 3532
3 3228 3532 3229
3 3229 3532 3533
3 3229 3533 3230
3 3230 3533 3534
3 3231 3535 3232
3 3232 3535 3536
3 3232 3536 3233
3 3233 3536 3537
3 3233 3537 3234
3 3234 3537 3538
3 3235 3539 3236
3 3236 3539 3540
3 3236 3540 3237
3 3237 3540 3541
3 3238 3542 3239
3 3239 3542 3543
3 3239 3543 3240
3 3240 3543 3544
3 3240 3544 3241
3 3241 3544 3545
3 3242 3546 3243
3 3243 3546 3547
3 3243 3547 3244
3 3244 3547 3548
3 3244 3548 3245
3 3245 3548 3549
3 3246 3550 3247
3 3247 3550 3551
3 3247 3551 3248
3 3248 3551 3552
3 3248 3552 3249
3 3249 3552 3553
3 3250 3554 3251
3 3251 3554 3555
3 3251 3555 3252
3 3252 3555 3556
3 3252 3556 3253
3 3253 3556 3557
3 3254 3558 3255
3 3255 3558 3559
3 3255 3559 3256
3 3256 3559 3560
3 3257 3561 3258
3 3258 3561 3562
3 3258 3562 3259
3 3259 3562 3563
3 3259 3563 3260
3 3260 3563 3564
3 3261 3565 3262
3 3262 3565 3566
3 3262 3566 3263
3 3263 3566 3567
3 3263 3567 3264
3 3264 3567 3568
3 3265 3569 3266
3 3266 3569 3570
3 3266 3570 3267
3 3267 3570 3571
3 3267 3571 3268
3 3268 3571 3572
3 3269 3573 3270
3 3270 3573 3574
3 3270 3574 3271
3 3271 3574 3575
3 3272 3576 3273
3 3273 3576 3577
3 3273 3577 3274
3 3274 3577 3578
3 3274 3578 3275
3 3275 3578 3579
3 3276 3580 3277
3 3277 3580 3581
3 3277 3581 3278
3 3278 3581 3582
3 3278 3582 3279
3 3279 3582 3583
3 3280 3584 3281
3 3281 3584 3585
3 3281 3585 3282
3 3282 3585 3586
3 3282 3586 3283
3 3283 3586 3587
3 3284 3588 3285
3 3285 3588 3589
3 3285 3589 3286
3 3286 3589 3590
3 3286 3590 3287
3 3287 3590 3591
3 3288 3592 3289
3 3289 3592 3593
3 3289 3593 3290
3 3290 3593 3594
3 3291 3595 3292
3 3292 3595 3596
3 3292 3596 3293
3 3293 3596 3597
3 3293 3597 3294
3 3294 3597 3598
3 3295 3599 3296
3 3296 3599 3600
3 3296 3600 3297
3 3297 3600 3601
3 3297 3601 3298
3 3298 3601 3602
3 3299 3603 3300
3 3300 3603 3604
3 3300 3604 3301
3 3301 3604 3605
3 3301 3605 3302
3 3302 3605 3606
3 3303 3607 3304
3 3304 3607 3608
3 3304 3608 3305
3 3305 3608 3609
3 3306 3610 3307
3 3307 3610 3611
3 3307 3611 3308
3 3308 3611 3612
3 3308 3612 3309
3 3309 3612 3613
3 3310 3614 3311
3 3311 3614 3615
3 3311 3615 3312
3 3312 3615 3616
3 3312 3616 3313
3 3313 3616 3617
3 3314 3618 3315
3 3315 3618 3619
3 3315 3619 3316
3 3316 3619 3620
3 3316 3620 3317
3 3317 3620 3621
3 3318 3622 3319
3 3319 3622 3623
3 3319 3623 3320
3 3320 3623 3624
3 3320 3624 3321
3 3321 3624 3625
3 3322 3626 3323
3 3323 3626 3627
3 3323 3627 3324
3 3324 3627 3628
3 3325 3629 3326
3 3326 3629 3630
3 3326 3630 3327
3 3327 3630 3631
3 3327 3631 3328
3 3328 3631 3632
3 3329 3633 3330
3 3330 3633 3634
3 3330 3634 3331
3 3331 3634 3635
3 3331 3635 3332
3 3332 3635 3636
3 3333 3636 3334
3 3334 3636 3637
3 3334 3637 3335
3 3335 3637 3638
3 3335 3638 3336
3 3336 3638 3639
3 3337 3640 3338
3 3338 3640 3641
3 3338 3641 3339
3 3339 3641 3642
3 3339 3642 3340
3 3340 3642 3643
3 3341 3644 3342
3 3342 3644 3645
3 3342 3645 3343
3 3343 3645 3646
3 3344 3647 3345
3 3345 3647 3648
3 3345 3648 3346
3 3346 3648 3649
3 3346 3649 3347
3 3347 3649 3650
3 3347 3651 607
3 607 3651 3652
3 1218 1826 3348
3 3348 1826 3653
3 3348 3653 3349
3 3349 3653 3654
3 3349 3654 3350
3 3350 3654 3655
3 3350 3655 3351
3 3351 3655 3656
3 3351 3656 3352
3 3352 3656 3657
3 3353 3658 3354
3 3354 3658 3659
3 3355 3660 3356
3 3356 3660 3661
3 3356 3661 3357
3 3357 3661 3662
3 3357 3662 3358
3 3358 3662 3663
3 3358 3663 3359
3 3359 3663 3664
3 3360 3665 3361
3 3361 3665 3666
3 3361 3666 3362
3 3362 3666 3667
3 3362 3667 3363
3 3363 3667 3668
3 3363 3668 3364
3 3364 3668 3669
3 3364 3670 3365
3 3365 3670 3671
3 3365 3671 3366
3 3366 3671 3672
3 3366 3672 3367
3 3367 3672 3673
3 3367 3673 3368
3 3368 3673 3674
3 3368 3674 3369
3 3369 3674 3675
3 3369 3675 3370
3 3370 3675 3676
3 3371 3677 3372
3 3372 3677 3678
3 3372 3678 3373
3 3373 3678 3679
3 3373 3679 3374
3 3374 3679 3680
3 3374 3680 3375
3 3375 3680 3681
3 3375 3681 3376
3 3376 3681 3682
3 3376 3682 3377
3 3377 3682 3683
3 3377 3683 3378
3 3378 3683 3684
3 3378 3684 3379
3 3379 3684 3685
3 3380 3686 3381
3 3381 3686 3687
3 3382 3688 3383
3 3383 3688 3689
3 3383 3689 3384
3 3384 3689 3690
3 3385 3691 3386
3 3386 3691 3692
3 3386 3692 3387
3 3387 3692 3693
3 3387 3693 3388
3 3388 3693 3694
3 3389 3695 3390
3 3390 3695 3696
3 3390 3696 3391
3 3391 3696 3697
3 3392 3697 3393
3 3393 3697 3698
3 3393 3698 3394
3 3394 3698 3699
3 3395 3700 3396
3 3396 3700 3701
3 3396 3701 3397
3 3397 3701 3702
3 3397 3702 3398
3 3398 3702 3703
3 3399 3704 3400
3 3400 3704 3705
3 3400 3705 3401
3 3401 3705 3706
3 3402 3707 3403
3 3403 3707 3708
3 3403 3708 3404
3 3404 3708 3709
3 3405 3710 3406
3 3406 3710 3711
3 3406 3711 3407
3 3407 3711 3712
3 3408 3713 3409
3 3409 3713 3714
3 3409 3714 3410
3 3410 3714 3715
3 3410 3715 3411
3 3411 3715 3716
3 3412 3717 3413
3 3413 3717 3718
3 3413 3718 3414
3 3414 3718 3719
3 3415 3720 3416
3 3416 3720 3721
3 3416 3721 3417
3 3417 3721 3722
3 3418 3723 3419
3 3419 3723 3724
3 3419 3724 3420
3 3420 3724 3725
3 3420 3725 3421
3 3421 3725 3726
3 3422 3727 3423
3 3423 3727 3728
3 3423 3728 3424
3 3424 3728 3729
3 3425 3730 3426
3 3426 3730 3731
3 3426 3731 3427
3 3427 3731 3732
3 3427 3732 3428
3 3428 3732 3733
3 3428 3733 3429
3 3429 3733 3734
3 3430 3735 3431
3 3431 3735 3736
3 3431 3736 3432
3 3432 3736 3737
3 3432 3737 3433
3 3433 3737 3738
3 3434 3739 3435
3 3435 3739 3740
3 3435 3740 3436
3 3436 3740 3741
3 3436 3741 3437
3 3437 3741 3742
3 3437 3742 3438
3 3438 3742 3743
3 3439 3744 3440
3 3440 3744 3745
3 3440 3745 3441
3 3441 3745 3746
3 3441 3746 3442
3 3442 3746 3747
3 3443 3748 3444
3 3444 3748 3749
3 3444 3749 3445
3 3445 3749 3750
3 3445 3750 3446
3 3446 3750 3751
3 3446 3751 3447
3 3447 3751 3752
3 3448 3753 3449
3 3449 3753 3754
3 3449 3754 3450
3 3450 3754 3755
3 3450 3755 3451
3 3451 3755 3756
3 3452 3757 3453
3 3453 3757 3758
3 3453 3758 3454
3 3454 3758 3759
3 3454 3759 3455
3 3455 3759 3760
3 3455 3760 3456
3 3456 3760 3761
3 3457 3762 3458
3 3458 3762 3763
3 3458 3763 3459
3 3459 3763 3764
3 3459 3764 3460
3 3460 3764 3765
3 3460 3765 3461
3 3461 3765 3766
3 3462 3767 3463
3 3463 3767 3768
3 3463 3768 3464
3 3464 3768 3769
3 3464 3769 3465
3 3465 3769 3770
3 3466 3771 3467
3 3467 3771 3772
3 3467 3772 3468
3 3468 3772 3773
3 3468 3773 3469
3 3469 3773 3774
3 3469 3774 3470
3 3470 3774 3775
3 3471 3776 3472
3 3472 3776 3777
3 3472 3777 3473
3 3473 3777 3778
3 3473 3778 3474
3 3474 3778 3779
3 3475 3780 3476
3 3476 3780 3781
3 3476 3781 3477
3 3477 3781 3782
3 3477 3782 3478
3 3478 3782 3783
3 3478 3783 3479
3 3479 3783 3784
3 3480 3785 3481
3 3481 3785 3786
3 3481 3786 3482
3 3482 3786 3787
3 3482 3787 3483
3 3483 3787 3788
3 3484 3789 3485
3 3485 3789 3790
3 3485 3790 3486
3 3486 3790 3791
3 3486 3791 3487
3 3487 3791 3792
3 3487 3792 3488
3 3488 3792 3793
3 3489 3794 3490
3 3490 3794 3795
3 3490 3795 3491
3 3491 3795 3796
3 3491 3796 3492
3 3492 3796 3797
3 3493 3798 3494
3 3494 3798 3799
3 3494 3799 3495
3 3495 3799 3800
3 3495 3800 3496
3 3496 3800 3801
3 3496 3801 3497
3 3497 3801 3802
3 3497 3802 3498
3 3498 3802 3803
3 3498 3803 3499
3 3499 3803 3804
3 3499 3804 3500
3 3500 3804 3805
3 3501 3806 3502
3 3502 3806 3807
3 3502 3807 3503
3 3503 3807 3808
3 3503 3808 3504
3 3504 3808 3809
3 3505 3810 3506
3 3506 3810 3811
3 3506 3811 3507
3 3507 3811 3812
3 3508 3813 3509
3 3509 3813 3814
3 3509 3814 3510
3 3510 3814 3815
3 3510 3815 3511
3 3511 3815 3816
3 3512 3817 3513
3 3513 3817 3818
3 3513 3818 3514
3 3514 3818 3819
3 3514 3819 3515
3 3515 3819 3820
3 3516 3821 3517
3 3517 3821 3822
3 3517 3822 3518
3 3518 3822 3823
3 3518 3823 3519
3 3519 3823 3824
3 3520 3825 3521
3 3521 3825 3826
3 3521 3826 3522
3 3522 3826 3827
3 3523 3828 3524
3 3524 3828 3829
3 3524 3829 3525
3 3525 3829 3830
3 3525 3830 3526
3 3526 3830 3831
3 3527 3832 3528
3 3528 3832 3833
3 3528 3833 3529
3 3529 3833 3834
3 3529 3834 3530
3 3530 3834 3835
3 3531 3836 3532
3 3532 3836 3837
3 3532 3837 3533
3 3533 3837 3838
3 3533 3838 3534
3 3534 3838 3839
3 3535 3840 3536
3 3536 3840 3841
3 3536 3841 3537
3 3537 3841 3842
3 3537 3842 3538
3 3538 3842 3843
3 3539 3844 3540
3 3540 3844 3845
3 3540 3845 3541
3 3541 3845 3846
3 3542 3847 3543
3 3543 3847 3848
3 3543 3848 3544
3 3544 3848 3849
3 3544 3849 3545
3 3545 3849 3850
3 3546 3851 3547
3 3547 3851 3852
3 3547 3852 3548
3 3548 3852 3853
3 3548 3853 3549
3 3549 3853 3854
3 3550 3855 3551
3 3551 3855 3856
3 3551 3856 3552
3 3552 3856 3857
3 3552 3857 3553
3 3553 3857 3858
3 3554 3859 3555
3 3555 3859 3860
3 3555 3860 3556
3 3556 3860 3861
3 3556 3861 3557
3 3557 3861 3862
3 3558 3863 3559
3 3559 3863 3864
3 3559 3864 3560
3 3560 3864 3865
3 3561 3866 3562
3 3562 3866 3867
3 3562 3867 3563
3 3563 3867 3868
3 3563 3868 3564
3 3564 3868 3869
3 3565 3870 3566
3 3566 3870 3871
3 3566 3871 3567
3 3567 3871 3872
3 3567 3872 3568
3 3568 3872 3873
3 3569 3874 3570
3 3570 3874 3875
3 3570 3875 3571
3 3571 3875 3876
3 3571 3876 3572
3 3572 3876 3877
3 3573 3878 3574
3 3574 3878 3879
3 3574 3879 3575
3 3575 3879 3880
3 3576 3881 3577
3 3577 3881 3882
3 3577 3882 3578
3 3578 3882 3883
3 3578 3883 3579
3 3579 3883 3884
3 3580 3885 3581
3 3581 3885 3886
3 3581 3886 3582
3 3582 3886 3887
3 3582 3887 3583
3 3583 3887 3888
3 3584 3889 3585
3 3585 3889 3890
3 3585 3890 3586
3 3586 3890 3891
3 3586 3891 3587
3 3587 3891 3892
3 3588 3893 3589
3 3589 3893 3894
3 3589 3894 3590
3 3590 3894 3895
3 3590 3895 3591
3 3591 3895 3896
3 3592 3897 3593
3 3593 3897 3898
3 3593 3898 3594
3 3594 3898 3899
3 3595 3900 3596
3 3596 3900 3901
3 3596 3901 3597
3 3597 3901 3902
3 3597 3902 3598
3 3598 3902 3903
3 3599 3904 3600
3 3600 3904 3905
3 3600 3905 3601
3 3601 3905 3906
3 3601 3906 3602
3 3602 3906 3907
3 3603 3908 3604
3 3604 3908 3909
3 3604 3909 3605
3 3605 3909 3910
3 3605 3910 3606
3 3606 3910 3911
3 3607 3912 3608
3 3608 3912 3913
3 3608 3913 3609
3 3609 3913 3914
3 3610 3915 3611
3 3611 3915 3916
3 3611 3916 3612
3 3612 3916 3917
3 3612 3917 3613
3 3613 3917 3918
3 3614 3919 3615
3 3615 3919 3920
3 3615 3920 3616
3 3616 3920 3921
3 3616 3921 3617
3 3617 3921 3922
3 3618 3923 3619
3 3619 3923 3924
3 3619 3924 3620
3 3620 3924 3925
3 3620 3925 3621
3 3621 3925 3926
3 3622 3927 3623
3 3623 3927 3928
3 3623 3928 3624
3 3624 3928 3929
3 3624 3929 3625
3 3625 3929 3930
3 3626 3931 3627
3 3627 3931 3932
3 3627 3932 3628
3 3628 3932 3933
3 3629 3934 3630
3 3630 3934 3935
3 3630 3935 3631
3 3631 3935 3936
3 3631 3936 3632
3 3632 3936 3937
3 3633 3938 3634
3 3634 3938 3939
3 3634 3939 3635
3 3635 3939 3940
3 3635 3940 3636
3 3636 3940 3941
3 3636 3942 3637
3 3637 3942 3943
3 3637 3943 3638
3 3638 3943 3944
3 3638 3944 3639
3 3639 3944 3945
3 3640 3946 3641
3 3641 3946 3947
3 3641 3947 3642
3 3642 3947 3948
3 3642 3948 3643
3 3643 3948 3949
3 3644 3950 3645
3 3645 3950 3951
3 3645 3951 3646
3 3646 3951 3952
3 3647 3953 3648
3 3648 3953 3954
3 3648 3954 3649
3 3649 3954 3955
3 3649 3955 3650
3 3650 3955 3956
3 3651 3957 3652
3 3652 3957 3958
3 1826 2130 3653
3 3653 2130 3959
3 3653 3959 3654
3 3654 3959 3960
3 3654 3960 3655
3 3655 3960 3961
3 3655 3961 3656
3 3656 3961 3962
3 3656 3962 3657
3 3657 3962 3963
3 3658 3964 3659
3 3659 3964 3965
3 3660 3966 3661
3 3661 3966 3967
3 3661 3967 3662
3 3662 3967 3968
3 3662 3968 3663
3 3663 3968 3969
3 3663 3969 3664
3 3664 3969 3970
3 3665 3970 3666
3 3666 3970 3971
3 3666 3971 3667
3 3667 3971 3972
3 3667 3972 3668
3 3668 3972 3973
3 3668 3973 3669
3 3669 3973 3974
3 3670 3974 3671
3 3671 3974 3975
3 3671 3975 3672
3 3672 3975 3976
3 3672 3976 3673
3 3673 3976 3977
3 3673 3977 3674
3 3674 3977 3978
3 3674 3978 3675
3 3675 3978 3979
3 3675 3979 3676
3 3676 3979 3980
3 3677 3981 3678
3 3678 3981 3982
3 3678 3982 3679
3 3679 3982 3983
3 3679 3983 3680
3 3680 3983 3984
3 3680 3984 3681
3 3681 3984 3985
3 3681 3985 3682
3 3682 3985 3986
3 3682 3986 3683
3 3683 3986 3987
3 3683 3987 3684
3 3684 3987 3988
3 3684 3988 3685
3 3685 3988 3989
3 3686 3990 3687
3 3687 3990 3991
3 3688 3992 3689
3 3689 3992 3993
3 3689 3993 3690
3 3690 3993 3994
3 3691 3995 3692
3 3692 3995 3996
3 3692 3996 3693
3 3693 3996 3997
3 3693 3997 3694
3 3694 3997 3998
3 3695 3999 3696
3 3696 3999 4000
3 3696 4000 3697
3 3697 4000 4001
3 3697 4002 3698
3 3698 4002 4003
3 3698 4003 3699
3 3699 4003 4004
3 3700 4005 3701
3 3701 4005 4006
3 3701 4006 3702
3 3702 4006 4007
3 3702 4007 3703
3 3703 4007 4008
3 3704 4009 3705
3 3705 4009 4010
3 3705 4010 3706
3 3706 4010 4011
3 3707 4012 3708
3 3708 4012 4013
3 3708 4013 3709
3 3709 4013 4014
3 3710 4015 3711
3 3711 4015 4016
3 3711 4016 3712
3 3712 4016 4017
3 3713 4018 3714
3 3714 4018 4019
3 3714 4019 3715
3 3715 4019 4020
3 3715 4020 3716
3 3716 4020 4021
3 3717 4021 3718
3 3718 4021 4022
3 3718 4022 3719
3 3719 4022 4023
3 3720 4024 3721
3 3721 4024 4025
3 3721 4025 3722
3 3722 4025 4026
3 3723 4027 3724
3 3724 4027 4028
3 3724 4028 3725
3 3725 4028 4029
3 3725 4029 3726
3 3726 4029 4030
3 3727 4031 3728
3 3728 4031 4032
3 3728 4032 3729
3 3729 4032 4033
3 3730 4034 3731
3 3731 4034 4035
3 3731 4035 3732
3 3732 4035 4036
3 3732 4036 3733
3 3733 4036 4037
3 3733 4037 3734
3 3734 4037 4038
3 3735 4039 3736
3 3736 4039 4040
3 3736 4040 3737
3 3737 4040 4041
3 3737 4041 3738
3 3738 4041 4042
3 3739 4043 3740
3 3740 4043 4044
3 3740 4044 3741
3 3741 4044 4045
3 3741 4045 3742
3 3742 4045 4046
3 3742 4046 3743
3 3743 4046 4047
3 3744 4047 3745
3 3745 4047 4048
3 3745 4048 3746
3 3746 4048 4049
3 3746 4049 3747
3 3747 4049 4050
3 3748 4051 3749
3 3749 4051 4052
3 3749 4052 3750
3 3750 4052 4053
3 3750 4053 3751
3 3751 4053 4054
3 3751 4054 3752
3 3752 4054 4055
3 3753 4056 3754
3 3754 4056 4057
3 3754 4057 3755
3 3755 4057 4058
3 3755 4058 3756
3 3756 4058 4059
3 3757 4060 3758
3 3758 4060 4061
3 3758 4061 3759
3 3759 4061 4062
3 3759 4062 3760
3 3760 4062 4063
3 3760 4063 3761
3 3761 4063 4064
3 3762 4065 3763
3 3763 4065 4066
3 3763 4066 3764
3 3764 4066 4067
3 3764 4067 3765
3 3765 4067 4068
3 3765 4068 3766
3 3766 4068 4069
3 3767 4070 3768
3 3768 4070 4071
3 3768 4071 3769
3 3769 4071 4072
3 3769 4072 3770
3 3770 4072 4073
3 3771 4074 3772
3 3772 4074 4075
3 3772 4075 3773
3 3773 4075 4076
3 3773 4076 3774
3 3774 4076 4077
3 3774 4077 3775
3 3775 4077 4078
3 3776 4079 3777
3 3777 4079 4080
3 3777 4080 3778
3 3778 4080 4081
3 3778 4081 3779
3 3779 4081 4082
3 3780 4083 3781
3 3781 4083 4084
3 3781 4084 3782
3 3782 4084 4085
3 3782 4085 3783
3 3783 4085 4086
3 3783 4086 3784
3 3784 4086 4087
3 3785 4088 3786
3 3786 4088 4089
3 3786 4089 3787
3 3787 4089 4090
3 3787 4090 3788
3 3788 4090 4091
3 3789 4091 3790
3 3790 4091 4092
3 3790 4092 3791
3 3791 4092 4093
3 3791 4093 3792
3 3792 4093 4094
3 3792 4094 3793
3 3793 4094 4095
3 3794 4096 3795
3 3795 4096 4097
3 3795 4097 3796
3 3796 4097 4098
3 3796 4098 3797
3 3797 4098 4099
3 3798 4100 3799
3 3799 4100 4101
3 3799 4101 3800
3 3800 4101 4102
3 3800 4102 3801
3 3801 4102 4103
3 3801 4103 3802
3 3802 4103 4104
3 3802 4104 3803
3 3803 4104 4105
3 3803 4105 3804
3 3804 4105 4106
3 3804 4106 3805
3 3805 4106 4107
3 3806 4108 3807
3 3807 4108 4109
3 3807 4109 3808
3 3808 4109 4110
3 3808 4110 3809
3 3809 4110 4111
3 3810 4112 3811
3 3811 4112 4113
3 3811 4113 3812
3 3812 4113 4114
3 3813 4115 3814
3 3814 4115 4116
3 3814 4116 3815
3 3815 4116 4117
3 3815 4117 3816
3 3816 4117 4118
3 3817 4119 3818
3 3818 4119 4120
3 3818 4120 3819
3 3819 4120 4121
3 3819 4121 3820
3 3820 4121 4122
3 3821 4123 3822
3 3822 4123 4124
3 3822 4124 3823
3 3823 4124 4125
3 3823 4125 3824
3 3824 4125 4126
3 3825 4127 3826
3 3826 4127 4128
3 3826 4128 3827
3 3827 4128 4129
3 3828 4130 3829
3 3829 4130 4131
3 3829 4131 3830
3 3830 4131 4132
3 3830 4132 3831
3 3831 4132 4133
3 3832 4134 3833
3 3833 4134 4135
3 3833 4135 3834
3 3834 4135 4136
3 3834 4136 3835
3 3835 4136 4137
3 3836 4138 3837
3 3837 4138 4139
3 3837 4139 3838
3 3838 4139 4140
3 3838 4140 3839
3 3839 4140 4141
3 3840 4142 3841
3 3841 4142 4143
3 3841 4143 3842
3 3842 4143 4144
3 3842 4144 3843
3 3843 4144 4145
3 3844 4146 3845
3 3845 4146 4147
3 3845 4147 3846
3 3846 4147 4148
3 3847 4149 3848
3 3848 4149 4150
3 3848 4150 3849
3 3849 4150 4151
3 3849 4151 3850
3 3850 4151 4152
3 3851 4153 3852
3 3852 4153 4154
3 3852 4154 3853
3 3853 4154 4155
3 3853 4155 3854
3 3854 4155 4156
3 3855 4157 3856
3 3856 4157 4158
3 3856 4158 3857
3 3857 4158 4159
3 3857 4159 3858
3 3858 4159 4160
3 3859 4161 3860
3 3860 4161 4162
3 3860 4162 3861
3 3861 4162 4163
3 3861 4163 3862
3 3862 4163 4164
3 3863 4165 3864
3 3864 4165 4166
3 3864 4166 3865
3 3865 4166 4167
3 3866 4168 3867
3 3867 4168 4169
3 3867 4169 3868
3 3868 4169 4170
3 3868 4170 3869
3 3869 4170 4171
3 3870 4172 3871
3 3871 4172 4173
3 3871 4173 3872
3 3872 4173 4174
3 3872 4174 3873
3 3873 4174 4175
3 3874 4176 3875
3 3875 4176 4177
3 3875 4177 3876
3 3876 4177 4178
3 3876 4178 3877
3 3877 4178 4179
3 3878 4180 3879
3 3879 4180 4181
3 3879 4181 3880
3 3880 4181 4182
3 3881 4183 3882
3 3882 4183 4184
3 3882 4184 3883
3 3883 4184 4185
3 3883 4185 3884
3 3884 4185 4186
3 3885 4187 3886
3 3886 4187 4188
3 3886 4188 3887
3 3887 4188 4189
3 3887 4189 3888
3 3888 4189 4190
3 3889 4191 3890
3 3890 4191 4192
3 3890 4192 3891
3 3891 4192 4193
3 3891 4193 3892
3 3892 4193 4194
3 3893 4195 3894
3 3894 4195 4196
3 3894 4196 3895
3 3895 4196 4197
3 3895 4197 3896
3 3896 4197 4198
3 3897 4199 3898
3 3898 4199 4200
3 3898 4200 3899
3 3899 4200 4201
3 3900 4202 3901
3 3901 4202 4203
3 3901 4203 3902
3 3902 4203 4204
3 3902 4204 3903
3 3903 4204 4205
3 3904 4206 3905
3 3905 4206 4207
3 3905 4207 3906
3 3906 4207 4208
3 3906 4208 3907
3 3907 4208 4209
3 3908 4210 3909
3 3909 4210 4211
3 3909 4211 3910
3 3910 4211 4212
3 3910 4212 3911
3 3911 4212 4213
3 3912 4214 3913
3 3913 4214 4215
3 3913 4215 3914
3 3914 4215 4216
3 3915 4217 3916
3 3916 4217 4218
3 3916 4218 3917
3 3917 4218 4219
3 3917 4219 3918
3 3918 4219 4220
3 3919 4221 3920
3 3920 4221 4222
3 3920 4222 3921
3 3921 4222 4223
3 3921 4223 3922
3 3922 4223 4224
3 3923 4225 3924
3 3924 4225 4226
3 3924 4226 3925
3 3925 4226 4227
3 3925 4227 3926
3 3926 4227 4228
3 3927 4229 3928
3 3928 4229 4230
3 3928 4230 3929
3 3929 4230 4231
3 3929 4231 3930
3 3930 4231 4232
3 3931 4233 3932
3 3932 4233 4234
3 3932 4234 3933
3 3933 4234 4235
3 3934 4236 3935
3 3935 4236 4237
3 3935 4237 3936
3 3936 4237 4238
3 3936 4238 3937
3 3937 4238 4239
3 3938 4240 3939
3 3939 4240 4241
3 3939 4241 3940
3 3940 4241 4242
3 3940 4242 3941
3 3941 4242 4243
3 3942 4244 3943
3 3943 4244 4245
3 3943 4245 3944
3 3944 4245 4246
3 3944 4246 3945
3 3945 4246 4247
3 3946 4248 3947
3 3947 4248 4249
3 3947 4249 3948
3 3948 4249 4250
3 3948 4250 3949
3 3949 4250 4251
3 3950 4252 3951
3 3951 4252 4253
3 3951 4253 3952
3 3952 4253 4254
3 3953 4255 3954
3 3954 4255 4256
3 3954 4256 3955
3 3955 4256 4257
3 3955 4257 3956
3 3956 4257 4258
3 3957 4259 3958
3 3958 4259 3652
3 2130 2435 3959
3 3959 2435 4260
3 3959 4260 3960
3 3960 4260 4261
3 3960 4261 3961
3 3961 4261 4262
3 3961 4262 3962
3 3962 4262 4263
3 3962 4263 3963
3 3963 4263 4264
3 3964 4265 3965
3 3965 4265 4266
3 3966 4267 3967
3 3967 4267 4268
3 3967 4268 3968
3 3968 4268 4269
3 3968 4269 3969
3 3969 4269 4270
3 3969 4270 3970
3 3970 4270 4271
3 3970 4272 3971
3 3971 4272 4273
3 3971 4273 3972
3 3972 4273 4274
3 3972 4274 3973
3 3973 4274 4275
3 3973 4275 3974
3 3974 4275 4276
3 3974 4277 3975
3 3975 4277 4278
3 3975 4278 3976
3 3976 4278 4279
3 3976 4279 3977
3 3977 4279 4280
3 3977 4280 3978
3 3978 4280 4281
3 3978 4281 3979
3 3979 4281 4282
3 3979 4282 3980
3 3980 4282 4283
3 3981 4284 3982
3 3982 4284 4285
3 3982 4285 3983
3 3983 4285 4286
3 3983 4286 3984
3 3984 4286 4287
3 3984 4287 3985
3 3985 4287 4288
3 3985 4288 3986
3 3986 4288 4289
3 3986 4289 3987
3 3987 4289 4290
3 3987 4290 3988
3 3988 4290 4291
3 3988 4291 3989
3 3989 4291 4292
3 3990 4293 3991
3 3991 4293 4294
3 3992 4295 3993
3 3993 4295 4296
3 3993 4296 3994
3 3994 4296 4297
3 3995 4298 3996
3 3996 4298 4299
3 3996 4299 3997
3 3997 4299 4300
3 3997 4300 3998
3 3998 4300 4301
3 3999 4302 4000
3 4000 4302 4303
3 4000 4303 4001
3 4001 4303 4304
3 4002 4305 4003
3 4003 4305 4306
3 4003 4306 4004
3 4004 4306 4307
3 4005 4308 4006
3 4006 4308 4309
3 4006 4309 4007
3 4007 4309 4310
3 4007 4310 4008
3 4008 4310 4311
3 4009 4312 4010
3 4010 4312 4313
3 4010 4313 4011
3 4011 4313 4314
3 4012 4315 4013
3 4013 4315 4316
3 4013 4316 4014
3 4014 4316 4317
3 4015 4318 4016
3 4016 4318 4319
3 4016 4319 4017
3 4017 4319 4320
3 4018 4321 4019
3 4019 4321 4322
3 4019 4322 4020
3 4020 4322 4323
3 4020 4323 4021
3 4021 4323 4324
3 4021 4325 4022
3 4022 4325 4326
3 4022 4326 4023
3 4023 4326 4327
3 4024 4328 4025
3 4025 4328 4329
3 4025 4329 4026
3 4026 4329 4330
3 4027 4331 4028
3 4028 4331 4332
3 4028 4332 4029
3 4029 4332 4333
3 4029 4333 4030
3 4030 4333 4334
3 4031 4335 4032
3 4032 4335 4336
3 4032 4336 4033
3 4033 4336 4337
3 4034 4337 4035
3 4035 4337 4338
3 4035 4338 4036
3 4036 4338 4339
3 4036 4339 4037
3 4037 4339 4340
3 4037 4340 4038
3 4038 4340 4341
3 4039 4342 4040
3 4040 4342 4343
3 4040 4343 4041
3 4041 4343 4344
3 4041 4344 4042
3 4042 4344 4345
3 4043 4346 4044
3 4044 4346 4347
3 4044 4347 4045
3 4045 4347 4348
3 4045 4348 4046
3 4046 4348 4349
3 4046 4349 4047
3 4047 4349 4350
3 4047 4351 4048
3 4048 4351 4352
3 4048 4352 4049
3 4049 4352 4353
3 4049 4353 4050
3 4050 4353 4354
3 4051 4355 4052
3 4052 4355 4356
3 4052 4356 4053
3 4053 4356 4357
3 4053 4357 4054
3 4054 4357 4358
3 4054 4358 4055
3 4055 4358 4359
3 4056 4360 4057
3 4057 4360 4361
3 4057 4361 4058
3 4058 4361 4362
3 4058 4362 4059
3 4059 4362 4363
3 4060 4364 4061
3 4061 4364 4365
3 4061 4365 4062
3 4062 4365 4366
3 4062 4366 4063
3 4063 4366 4367
3 4063 4367 4064
3 4064 4367 4368
3 4065 4369 4066
3 4066 4369 4370
3 4066 4370 4067
3 4067 4370 4371
3 4067 4371 4068
3 4068 4371 4372
3 4068 4372 4069
3 4069 4372 4373
3 4070 4374 4071
3 4071 4374 4375
3 4071 4375 4072
3 4072 4375 4376
3 4072 4376 4073
3 4073 4376 4377
3 4074 4378 4075
3 4075 4378 4379
3 4075 4379 4076
3 4076 4379 4380
3 4076 4380 4077
3 4077 4380 4381
3 4077 4381 4078
3 4078 4381 4382
3 4079 4383 4080
3 4080 4383 4384
3 4080 4384 4081
3 4081 4384 4385
3 4081 4385 4082
3 4082 4385 4386
3 4083 4387 4084
3 4084 4387 4388
3 4084 4388 4085
3 4085 4388 4389
3 4085 4389 4086
3 4086 4389 4390
3 4086 4390 4087
3 4087 4390 4391
3 4088 4392 4089
3 4089 4392 4393
3 4089 4393 4090
3 4090 4393 4394
3 4090 4394 4091
3 4091 4394 4395
3 4091 4396 4092
3 4092 4396 4397
3 4092 4397 4093
3 4093 4397 4398
3 4093 4398 4094
3 4094 4398 4399
3 4094 4399 4095
3 4095 4399 4400
3 4096 4401 4097
3 4097 4401 4402
3 4097 4402 4098
3 4098 4402 4403
3 4098 4403 4099
3 4099 4403 4404
3 4100 4405 4101
3 4101 4405 4406
3 4101 4406 4102
3 4102 4406 4407
3 4102 4407 4103
3 4103 4407 4408
3 4103 4408 4104
3 4104 4408 4409
3 4104 4409 4105
3 4105 4409 4410
3 4105 4410 4106
3 4106 4410 4411
3 4106 4411 4107
3 4107 4411 4412
3 4108 4413 4109
3 4109 4413 4414
3 4109 4414 4110
3 4110 4414 4415
3 4110 4415 4111
3 4111 4415 4416
3 4112 4417 4113
3 4113 4417 4418
3 4113 4418 4114
3 4114 4418 4419
3 4115 4420 4116
3 4116 4420 4421
3 4116 4421 4117
3 4117 4421 4422
3 4117 4422 4118
3 4118 4422 4423
3 4119 4424 4120
3 4120 4424 4425
3 4120 4425 4121
3 4121 4425 4426
3 4121 4426 4122
3 4122 4426 4427
3 4123 4428 4124
3 4124 4428 4429
3 4124 4429 4125
3 4125 4429 4430
3 4125 4430 4126
3 4126 4430 4431
3 4127 4432 4128
3 4128 4432 4433
3 4128 4433 4129
3 4129 4433 4434
3 4130 4435 4131
3 4131 4435 4436
3 4131 4436 4132
3 4132 4436 4437
3 4132 4437 4133
3 4133 4437 4438
3 4134 4439 4135
3 4135 4439 4440
3 4135 4440 4136
3 4136 4440 4441
3 4136 4441 4137
3 4137 4441 4442
3 4138 4443 4139
3 4139 4443 4444
3 4139 4444 4140
3 4140 4444 4445
3 4140 4445 4141
3 4141 4445 4446
3 4142 4447 4143
3 4143 4447 4448
3 4143 4448 4144
3 4144 4448 4449
3 4144 4449 4145
3 4145 4449 4450
3 4146 4451 4147
3 4147 4451 4452
3 4147 4452 4148
3 4148 4452 4453
3 4149 4454 4150
3 4150 4454 4455
3 4150 4455 4151
3 4151 4455 4456
3 4151 4456 4152
3 4152 4456 4457
3 4153 4458 4154
3 4154 4458 4459
3 4154 4459 4155
3 4155 4459 4460
3 4155 4460 4156
3 4156 4460 4461
3 4157 4462 4158
3 4158 4462 4463
3 4158 4463 4159
3 4159 4463 4464
3 4159 4464 4160
3 4160 4464 4465
3 4161 4466 4162
3 4162 4466 4467
3 4162 4467 4163
3 4163 4467 4468
3 4163 4468 4164
3 4164 4468 4469
3 4165 4470 4166
3 4166 4470 4471
3 4166 4471 4167
3 4167 4471 4472
3 4168 4473 4169
3 4169 4473 4474
3 4169 4474 4170
3 4170 4474 4475
3 4170 4475 4171
3 4171 4475 4476
3 4172 4477 4173
3 4173 4477 4478
3 4173 4478 4174
3 4174 4478 4479
3 4174 4479 4175
3 4175 4479 4480
3 4176 4481 4177
3 4177 4481 4482
3 4177 4482 4178
3 4178 4482 4483
3 4178 4483 4179
3 4179 4483 4484
3 4180 4485 4181
3 4181 4485 4486
3 4181 4486 4182
3 4182 4486 4487
3 4183 4488 4184
3 4184 4488 4489
3 4184 4489 4185
3 4185 4489 4490
3 4185 4490 4186
3 4186 4490 4491
3 4187 4492 4188
3 4188 4492 4493
3 4188 4493 4189
3 4189 4493 4494
3 4189 4494 4190
3 4190 4494 4495
3 4191 4496 4192
3 4192 4496 4497
3 4192 4497 4193
3 4193 4497 4498
3 4193 4498 4194
3 4194 4498 4499
3 4195 4500 4196
3 4196 4500 4501
3 4196 4501 4197
3 4197 4501 4502
3 4197 4502 4198
3 4198 4502 4503
3 4199 4504 4200
3 4200 4504 4505
3 4200 4505 4201
3 4201 4505 4506
3 4202 4507 4203
3 4203 4507 4508
3 4203 4508 4204
3 4204 4508 4509
3 4204 4509 4205
3 4205 4509 4510
3 4206 4511 4207
3 4207 4511 4512
3 4207 4512 4208
3 4208 4512 4513
3 4208 4513 4209
3 4209 4513 4514
3 4210 4515 4211
3 4211 4515 4516
3 4211 4516 4212
3 4212 4516 4517
3 4212 4517 4213
3 4213 4517 4518
3 4214 4519 4215
3 4215 4519 4520
3 4215 4520 4216
3 4216 4520 4521
3 4217 4522 4218
3 4218 4522 4523
3 4218 4523 4219
3 4219 4523 4524
3 4219 4524 4220
3 4220 4524 4525
3 4221 4526 4222
3 4222 4526 4527
3 4222 4527 4223
3 4223 4527 4528
3 4223 4528 4224
3 4224 4528 4529
3 4225 4530 4226
3 4226 4530 4531
3 4226 4531 4227
3 4227 4531 4532
3 4227 4532 4228
3 4228 4532 4533
3 4229 4534 4230
3 4230 4534 4535
3 4230 4535 4231
3 4231 4535 4536
3 4231 4536 4232
3 4232 4536 4537
3 4233 4538 4234
3 4234 4538 4539
3 4234 4539 4235
3 4235 4539 4540
3 4236 4541 4237
3 4237 4541 4542
3 4237 4542 4238
3 4238 4542 4543
3 4238 4543 4239
3 4239 4543 4544
3 4240 4545 4241
3 4241 4545 4546
3 4241 4546 4242
3 4242 4546 4547
3 4242 4547 4243
3 4243 4547 4548
3 4244 4549 4245
3 4245 4549 4550
3 4245 4550 4246
3 4246 4550 4551
3 4246 4551 4247
3 4247 4551 4552
3 4248 4553 4249
3 4249 4553 4554
3 4249 4554 4250
3 4250 4554 4555
3 4250 4555 4251
3 4251 4555 4556
3 4252 4557 4253
3 4253 4557 4558
3 4253 4558 4254
3 4254 4558 4559
3 4255 4560 4256
3 4256 4560 4561
3 4256 4561 4257
3 4257 4561 4562
3 4257 4562 4258
3 4258 4562 4563
3 4259 4564 3652
3 3652 4564 2434
3 2435 1218 4260
3 4260 1218 4565
3 4260 4565 4261
3 4261 4565 4566
3 4261 4566 4262
3 4262 4566 4567
3 4262 4567 4263
3 4263 4567 4568
3 4263 4568 4264
3 4264 4568 4569
3 4265 4570 4266
3 4266 4570 4571
3 4267 4572 4268
3 4268 4572 4573
3 4268 4573 4269
3 4269 4573 4574
3 4269 4574 4270
3 4270 4574 4575
3 4270 4575 4271
3 4271 4575 4576
3 4272 4576 4273
3 4273 4576 4577
3 4273 4577 4274
3 4274 4577 4578
3 4274 4578 4275
3 4275 4578 4579
3 4275 4579 4276
3 4276 4579 4580
3 4277 4580 4278
3 4278 4580 4581
3 4278 4581 4279
3 4279 4581 4582
3 4279 4582 4280
3 4280 4582 4583
3 4280 4583 4281
3 4281 4583 4584
3 4281 4584 4282
3 4282 4584 4585
3 4282 4585 4283
3 4283 4585 4586
3 4284 4587 4285
3 4285 4587 4588
3 4285 4588 4286
3 4286 4588 4589
3 4286 4589 4287
3 4287 4589 4590
3 4287 4590 4288
3 4288 4590 4591
3 4288 4591 4289
3 4289 4591 4592
3 4289 4592 4290
3 4290 4592 4593
3 4290 4593 4291
3 4291 4593 4594
3 4291 4594 4292
3 4292 4594 4595
3 4293 4596 4294
3 4294 4596 4597
3 4295 4598 4296
3 4296 4598 4599
3 4296 4599 4297
3 4297 4599 4600
3 4298 4601 4299
3 4299 4601 4602
3 4299 4602 4300
3 4300 4602 4603
3 4300 4603 4301
3 4301 4603 4604
3 4302 4605 4303
3 4303 4605 4606
3 4303 4606 4304
3 4304 4606 4607
3 4305 4608 4306
3 4306 4608 4609
3 4306 4609 4307
3 4307 4609 4610
3 4308 4611 4309
3 4309 4611 4612
3 4309 4612 4310
3 4310 4612 4613
3 4310 4613 4311
3 4311 4613 4614
3 4312 4615 4313
3 4313 4615 4616
3 4313 4616 4314
3 4314 4616 4617
3 4315 4618 4316
3 4316 4618 4619
3 4316 4619 4317
3 4317 4619 4620
3 4318 4621 4319
3 4319 4621 4622
3 4319 4622 4320
3 4320 4622 4623
3 4321 4624 4322
3 4322 4624 4625
3 4322 4625 4323
3 4323 4625 4626
3 4323 4626 4324
3 4324 4626 4627
3 4325 4628 4326
3 4326 4628 4629
3 4326 4629 4327
3 4327 4629 4630
3 4328 4631 4329
3 4329 4631 4632
3 4329 4632 4330
3 4330 4632 4633
3 4331 4634 4332
3 4332 4634 4635
3 4332 4635 4333
3 4333 4635 4636
3 4333 4636 4334
3 4334 4636 4637
3 4335 4638 4336
3 4336 4638 4639
3 4336 4639 4337
3 4337 4639 4640
3 4337 4641 4338
3 4338 4641 4642
3 4338 4642 4339
3 4339 4642 4643
3 4339 4643 4340
3 4340 4643 4644
3 4340 4644 4341
3 4341 4644 4645
3 4342 4646 4343
3 4343 4646 4647
3 4343 4647 4344
3 4344 4647 4648
3 4344 4648 4345
3 4345 4648 4649
3 4346 4650 4347
3 4347 4650 4651
3 4347 4651 4348
3 4348 4651 4652
3 4348 4652 4349
3 4349 4652 4653
3 4349 4653 4350
3 4350 4653 4654
3 4351 4655 4352
3 4352 4655 4656
3 4352 4656 4353
3 4353 4656 4657
3 4353 4657 4354
3 4354 4657 4658
3 4355 4659 4356
3 4356 4659 4660
3 4356 4660 4357
3 4357 4660 4661
3 4357 4661 4358
3 4358 4661 4662
3 4358 4662 4359
3 4359 4662 4663
3 4360 4664 4361
3 4361 4664 4665
3 4361 4665 4362
3 4362 4665 4666
3 4362 4666 4363
3 4363 4666 4667
3 4364 4668 4365
3 4365 4668 4669
3 4365 4669 4366
3 4366 4669 4670
3 4366 4670 4367
3 4367 4670 4671
3 4367 4671 4368
3 4368 4671 4672
3 4369 4673 4370
3 4370 4673 4674
3 4370 4674 4371
3 4371 4674 4675
3 4371 4675 4372
3 4372 4675 4676
3 4372 4676 4373
3 4373 4676 4677
3 4374 4678 4375
3 4375 4678 4679
3 4375 4679 4376
3 4376 4679 4680
3 4376 4680 4377
3 4377 4680 4681
3 4378 4682 4379
3 4379 4682 4683
3 4379 4683 4380
3 4380 4683 4684
3 4380 4684 4381
3 4381 4684 4685
3 4381 4685 4382
3 4382 4685 4686
3 4383 4687 4384
3 4384 4687 4688
3 4384 4688 4385
3 4385 4688 4689
3 4385 4689 4386
3 4386 4689 4690
3 4387 4691 4388
3 4388 4691 4692
3 4388 4692 4389
3 4389 4692 4693
3 4389 4693 4390
3 4390 4693 4694
3 4390 4694 4391
3 4391 4694 4695
3 4392 4696 4393
3 4393 4696 4697
3 4393 4697 4394
3 4394 4697 4698
3 4394 4698 4395
3 4395 4698 4699
3 4396 4700 4397
3 4397 4700 4701
3 4397 4701 4398
3 4398 4701 4702
3 4398 4702 4399
3 4399 4702 4703
3 4399 4703 4400
3 4400 4703 4704
3 4401 4705 4402
3 4402 4705 4706
3 4402 4706 4403
3 4403 4706 4707
3 4403 4707 4404
3 4404 4707 4708
3 4405 4709 4406
3 4406 4709 4710
3 4406 4710 4407
3 4407 4710 4711
3 4407 4711 4408
3 4408 4711 4712
3 4408 4712 4409
3 4409 4712 4713
3 4409 4713 4410
3 4410 4713 4714
3 4410 4714 4411
3 4411 4714 4715
3 4411 4715 4412
3 4412 4715 4716
3 4413 4717 4414
3 4414 4717 4718
3 4414 4718 4415
3 4415 4718 4719
3 4415 4719 4416
3 4416 4719 4720
3 4417 4721 4418
3 4418 4721 4722
3 4418 4722 4419
3 4419 4722 4723
3 4420 4724 4421
3 4421 4724 4725
3 4421 4725 4422
3 4422 4725 4726
3 4422 4726 4423
3 4423 4726 4727
3 4424 4728 4425
3 4425 4728 4729
3 4425 4729 4426
3 4426 4729 4730
3 4426 4730 4427
3 4427 4730 4731
3 4428 4732 4429
3 4429 4732 4733
3 4429 4733 4430
3 4430 4733 4734
3 4430 4734 4431
3 4431 4734 4735
3 4432 4736 4433
3 4433 4736 4737
3 4433 4737 4434
3 4434 4737 4738
3 4435 4739 4436
3 4436 4739 4740
3 4436 4740 4437
3 4437 4740 4741
3 4437 4741 4438
3 4438 4741 4742
3 4439 4743 4440
3 4440 4743 4744
3 4440 4744 4441
3 4441 4744 4745
3 4441 4745 4442
3 4442 4745 4746
3 4443 4747 4444
3 4444 4747 4748
3 4444 4748 4445
3 4445 4748 4749
3 4445 4749 4446
3 4446 4749 4750
3 4447 4751 4448
3 4448 4751 4752
3 4448 4752 4449
3 4449 4752 4753
3 4449 4753 4450
3 4450 4753 4754
3 4451 4755 4452
3 4452 4755 4756
3 4452 4756 4453
3 4453 4756 4757
3 4454 4758 4455
3 4455 4758 4759
3 4455 4759 4456
3 4456 4759 4760
3 4456 4760 4457
3 4457 4760 4761
3 4458 4762 4459
3 4459 4762 4763
3 4459 4763 4460
3 4460 4763 4764
3 4460 4764 4461
3 4461 4764 4765
3 4462 4766 4463
3 4463 4766 4767
3 4463 4767 4464
3 4464 4767 4768
3 4464 4768 4465
3 4465 4768 4769
3 4466 4770 4467
3 4467 4770 4771
3 4467 4771 4468
3 4468 4771 4772
3 4468 4772 4469
3 4469 4772 4773
3 4470 4774 4471
3 4471 4774 4775
3 4471 4775 4472
3 4472 4775 4776
3 4473 4777 4474
3 4474 4777 4778
3 4474 4778 4475
3 4475 4778 4779
3 4475 4779 4476
3 4476 4779 4780
3 4477 4781 4478
3 4478 4781 4782
3 4478 4782 4479
3 4479 4782 4783
3 4479 4783 4480
3 4480 4783 4784
3 4481 4785 4482
3 4482 4785 4786
3 4482 4786 4483
3 4483 4786 4787
3 4483 4787 4484
3 4484 4787 4788
3 4485 4789 4486
3 4486 4789 4790
3 4486 4790 4487
3 4487 4790 4791
3 4488 4792 4489
3 4489 4792 4793
3 4489 4793 4490
3 4490 4793 4794
3 4490 4794 4491
3 4491 4794 4795
3 4492 4796 4493
3 4493 4796 4797
3 4493 4797 4494
3 4494 4797 4798
3 4494 4798 4495
3 4495 4798 4799
3 4496 4800 4497
3 4497 4800 4801
3 4497 4801 4498
3 4498 4801 4802
3 4498 4802 4499
3 4499 4802 4803
3 4500 4804 4501
3 4501 4804 4805
3 4501 4805 4502
3 4502 4805 4806
3 4502 4806 4503
3 4503 4806 4807
3 4504 4808 4505
3 4505 4808 4809
3 4505 4809 4506
3 4506 4809 4810
3 4507 4811 4508
3 4508 4811 4812
3 4508 4812 4509
3 4509 4812 4813
3 4509 4813 4510
3 4510 4813 4814
3 4511 4815 4512
3 4512 4815 4816
3 4512 4816 4513
3 4513 4816 4817
3 4513 4817 4514
3 4514 4817 4818
3 4515 4819 4516
3 4516 4819 4820
3 4516 4820 4517
3 4517 4820 4821
3 4517 4821 4518
3 4518 4821 4822
3 4519 4823 4520
3 4520 4823 4824
3 4520 4824 4521
3 4521 4824 4825
3 4522 4826 4523
3 4523 4826 4827
3 4523 4827 4524
3 4524 4827 4828
3 4524 4828 4525
3 4525 4828 4829
3 4526 4830 4527
3 4527 4830 4831
3 4527 4831 4528
3 4528 4831 4832
3 4528 4832 4529
3 4529 4832 4833
3 4530 4834 4531
3 4531 4834 4835
3 4531 4835 4532
3 4532 4835 4836
3 4532 4836 4533
3 4533 4836 4837
3 4534 4838 4535
3 4535 4838 4839
3 4535 4839 4536
3 4536 4839 4840
3 4536 4840 4537
3 4537 4840 4841
3 4538 4842 4539
3 4539 4842 4843
3 4539 4843 4540
3 4540 4843 4844
3 4541 4845 4542
3 4542 4845 4846
3 4542 4846 4543
3 4543 4846 4847
3 4543 4847 4544
3 4544 4847 4848
3 4545 4849 4546
3 4546 4849 4850
3 4546 4850 4547
3 4547 4850 4851
3 4547 4851 4548
3 4548 4851 4852
3 4549 4853 4550
3 4550 4853 4854
3 4550 4854 4551
3 4551 4854 4855
3 4551 4855 4552
3 4552 4855 4856
3 4553 4857 4554
3 4554 4857 4858
3 4554 4858 4555
3 4555 4858 4859
3 4555 4859 4556
3 4556 4859 4860
3 4557 4861 4558
3 4558 4861 4862
3 4558 4862 4559
3 4559 4862 4863
3 4560 4864 4561
3 4561 4864 4865
3 4561 4865 4562
3 4562 4865 4866
3 4562 4866 4563
3 4563 4866 4867
3 4564 4868 2434
3 1218 2435 4565
3 4565 2435 4869
3 4565 4869 4566
3 4566 4869 4870
3 4566 4870 4567
3 4567 4870 4871
3 4567 4871 4568
3 4568 4871 4872
3 4568 4872 4569
3 4569 4872 4873
3 4570 4874 4571
3 4571 4874 4875
3 4572 4876 4573
3 4573 4876 4877
3 4573 4877 4574
3 4574 4877 4878
3 4574 4878 4575
3 4575 4878 4879
3 4575 4879 4576
3 4576 4879 4880
3 4576 4881 4577
3 4577 4881 4882
3 4577 4882 4578
3 4578 4882 4883
3 4578 4883 4579
3 4579 4883 4884
3 4579 4884 4580
3 4580 4884 4885
3 4580 4886 4581
3 4581 4886 4887
3 4581 4887 4582
3 4582 4887 4888
3 4582 4888 4583
3 4583 4888 4889
3 4583 4889 4584
3 4584 4889 4890
3 4584 4890 4585
3 4585 4890 4891
3 4585 4891 4586
3 4586 4891 4892
3 4587 4893 4588
3 4588 4893 4894
3 4588 4894 4589
3 4589 4894 4895
3 4589 4895 4590
3 4590 4895 4896
3 4590 4896 4591
3 4591 4896 4897
3 4591 4897 4592
3 4592 4897 4898
3 4592 4898 4593
3 4593 4898 4899
3 4593 4899 4594
3 4594 4899 4900
3 4594 4900 4595
3 4595 4900 4901
3 4596 4902 4597
3 4597 4902 4903
3 4598 4904 4599
3 4599 4904 4905
3 4599 4905 4600
3 4600 4905 4906
3 4601 4907 4602
3 4602 4907 4908
3 4602 4908 4603
3 4603 4908 4909
3 4603 4909 4604
3 4604 4909 4910
3 4605 4911 4606
3 4606 4911 4912
3 4606 4912 4607
3 4607 4912 4913
3 4608 4914 4609
3 4609 4914 4915
3 4609 4915 4610
3 4610 4915 4916
3 4611 4917 4612
3 4612 4917 4918
3 4612 4918 4613
3 4613 4918 4919
3 4613 4919 4614
3 4614 4919 4920
3 4615 4921 4616
3 4616 4921 4922
3 4616 4922 4617
3 4617 4922 4923
3 4618 4924 4619
3 4619 4924 4925
3 4619 4925 4620
3 4620 4925 4926
3 4621 4927 4622
3 4622 4927 4928
3 4622 4928 4623
3 4623 4928 4929
3 4624 4930 4625
3 4625 4930 4931
3 4625 4931 4626
3 4626 4931 4932
3 4626 4932 4627
3 4627 4932 4933
3 4628 4934 4629
3 4629 4934 4935
3 4629 4935 4630
3 4630 4935 4936
3 4631 4937 4632
3 4632 4937 4938
3 4632 4938 4633
3 4633 4938 4939
3 4634 4940 4635
3 4635 4940 4941
3 4635 4941 4636
3 4636 4941 4942
3 4636 4942 4637
3 4637 4942 4943
3 4638 4944 4639
3 4639 4944 4945
3 4639 4945 4640
3 4640 4945 4946
3 4641 4947 4642
3 4642 4947 4948
3 4642 4948 4643
3 4643 4948 4949
3 4643 4949 4644
3 4644 4949 4950
3 4644 4950 4645
3 4645 4950 4951
3 4646 4952 4647
3 4647 4952 4953
3 4647 4953 4648
3 4648 4953 4954
3 4648 4954 4649
3 4649 4954 4955
3 4650 4956 4651
3 4651 4956 4957
3 4651 4957 4652
3 4652 4957 4958
3 4652 4958 4653
3 4653 4958 4959
3 4653 4959 4654
3 4654 4959 4960
3 4655 4961 4656
3 4656 4961 4962
3 4656 4962 4657
3 4657 4962 4963
3 4657 4963 4658
3 4658 4963 4964
3 4659 4965 4660
3 4660 4965 4966
3 4660 4966 4661
3 4661 4966 4967
3 4661 4967 4662
3 4662 4967 4968
3 4662 4968 4663
3 4663 4968 4969
3 4664 4970 4665
3 4665 4970 4971
3 4665 4971 4666
3 4666 4971 4972
3 4666 4972 4667
3 4667 4972 4973
3 4668 4974 4669
3 4669 4974 4975
3 4669 4975 4670
3 4670 4975 4976
3 4670 4976 4671
3 4671 4976 4977
3 4671 4977 4672
3 4672 4977 4978
3 4673 4979 4674
3 4674 4979 4980
3 4674 4980 4675
3 4675 4980 4981
3 4675 4981 4676
3 4676 4981 4982
3 4676 4982 4677
3 4677 4982 4983
3 4678 4984 4679
3 4679 4984 4985
3 4679 4985 4680
3 4680 4985 4986
3 4680 4986 4681
3 4681 4986 4987
3 4682 4988 4683
3 4683 4988 4989
3 4683 4989 4684
3 4684 4989 4990
3 4684 4990 4685
3 4685 4990 4991
3 4685 4991 4686
3 4686 4991 4992
3 4687 4993 4688
3 4688 4993 4994
3 4688 4994 4689
3 4689 4994 4995
3 4689 4995 4690
3 4690 4995 4996
3 4691 4997 4692
3 4692 4997 4998
3 4692 4998 4693
3 4693 4998 4999
3 4693 4999 4694
3 4694 4999 5000
3 4694 5000 4695
3 4695 5000 5001
3 4696 5002 4697
3 4697 5002 5003
3 4697 5003 4698
3 4698 5003 5004
3 4698 5004 4699
3 4699 5004 5005
3 4700 5006 4701
3 4701 5006 5007
3 4701 5007 4702
3 4702 5007 5008
3 4702 5008 4703
3 4703 5008 5009
3 4703 5009 4704
3 4704 5009 5010
3 4705 5011 4706
3 4706 5011 5012
3 4706 5012 4707
3 4707 5012 5013
3 4707 5013 4708
3 4708 5013 5014
3 4709 5015 4710
3 4710 5015 5016
3 4710 5016 4711
3 4711 5016 5017
3 4711 5017 4712
3 4712 5017 5018
3 4712 5018 4713
3 4713 5018 5019
3 4713 5019 4714
3 4714 5019 5020
3 4714 5020 4715
3 4715 5020 5021
3 4715 5021 4716
3 4716 5021 5022
3 4717 5023 4718
3 4718 5023 5024
3 4718 5024 4719
3 4719 5024 5025
3 4719 5025 4720
3 4720 5025 5026
3 4721 5027 4722
3 4722 5027 5028
3 4722 5028 4723
3 4723 5028 5029
3 4724 5030 4725
3 4725 5030 5031
3 4725 5031 4726
3 4726 5031 5032
3 4726 5032 4727
3 4727 5032 5033
3 4728 5034 4729
3 4729 5034 5035
3 4729 5035 4730
3 4730 5035 5036
3 4730 5036 4731
3 4731 5036 5037
3 4732 5038 4733
3 4733 5038 5039
3 4733 5039 4734
3 4734 5039 5040
3 4734 5040 4735
3 4735 5040 5041
3 4736 5042 4737
3 4737 5042 5043
3 4737 5043 4738
3 4738 5043 5044
3 4739 5045 4740
3 4740 5045 5046
3 4740 5046 4741
3 4741 5046 5047
3 4741 5047 4742
3 4742 5047 5048
3 4743 5049 4744
3 4744 5049 5050
3 4744 5050 4745
3 4745 5050 5051
3 4745 5051 4746
3 4746 5051 5052
3 4747 5053 4748
3 4748 5053 5054
3 4748 5054 4749
3 4749 5054 5055
3 4749 5055 4750
3 4750 5055 5056
3 4751 5057 4752
3 4752 5057 5058
3 4752 5058 4753
3 4753 5058 5059
3 4753 5059 4754
3 4754 5059 5060
3 4755 5061 4756
3 4756 5061 5062
3 4756 5062 4757
3 4757 5062 5063
3 4758 5064 4759
3 4759 5064 5065
3 4759 5065 4760
3 4760 5065 5066
3 4760 5066 4761
3 4761 5066 5067
3 4762 5068 4763
3 4763 5068 5069
3 4763 5069 4764
3 4764 5069 5070
3 4764 5070 4765
3 4765 5070 5071
3 4766 5072 4767
3 4767 5072 5073
3 4767 5073 4768
3 4768 5073 5074
3 4768 5074 4769
3 4769 5074 5075
3 4770 5076 4771
3 4771 5076 5077
3 4771 5077 4772
3 4772 5077 5078
3 4772 5078 4773
3 4773 5078 5079
3 4774 5080 4775
3 4775 5080 5081
3 4775 5081 4776
3 4776 5081 5082
3 4777 5083 4778
3 4778 5083 5084
3 4778 5084 4779
3 4779 5084 5085
3 4779 5085 4780
3 4780 5085 5086
3 4781 5087 4782
3 4782 5087 5088
3 4782 5088 4783
3 4783 5088 5089
3 4783 5089 4784
3 4784 5089 5090
3 4785 5091 4786
3 4786 5091 5092
3 4786 5092 4787
3 4787 5092 5093
3 4787 5093 4788
3 4788 5093 5094
3 4789 5095 4790
3 4790 5095 5096
3 4790 5096 4791
3 4791 5096 5097
3 4792 5098 4793
3 4793 5098 5099
3 4793 5099 4794
3 4794 5099 5100
3 4794 5100 4795
3 4795 5100 5101
3 4796 5102 4797
3 4797 5102 5103
3 4797 5103 4798
3 4798 5103 5104
3 4798 5104 4799
3 4799 5104 5105
3 4800 5106 4801
3 4801 5106 5107
3 4801 5107 4802
3 4802 5107 5108
3 4802 5108 4803
3 4803 5108 5109
3 4804 5110 4805
3 4805 5110 5111
3 4805 5111 4806
3 4806 5111 5112
3 4806 5112 4807
3 4807 5112 5113
3 4808 5114 4809
3 4809 5114 5115
3 4809 5115 4810
3 4810 5115 5116
3 4811 5117 4812
3 4812 5117 5118
3 4812 5118 4813
3 4813 5118 5119
3 4813 5119 4814
3 4814 5119 5120
3 4815 5121 4816
3 4816 5121 5122
3 4816 5122 4817
3 4817 5122 5123
3 4817 5123 4818
3 4818 5123 5124
3 4819 5125 4820
3 4820 5125 5126
3 4820 5126 4821
3 4821 5126 5127
3 4821 5127 4822
3 4822 5127 5128
3 4823 5129 4824
3 4824 5129 5130
3 4824 5130 4825
3 4825 5130 5131
3 4826 5132 4827
3 4827 5132 5133
3 4827 5133 4828
3 4828 5133 5134
3 4828 5134 4829
3 4829 5134 5135
3 4830 5136 4831
3 4831 5136 5137
3 4831 5137 4832
3 4832 5137 5138
3 4832 5138 4833
3 4833 5138 5139
3 4834 5140 4835
3 4835 5140 5141
3 4835 5141 4836
3 4836 5141 5142
3 4836 5142 4837
3 4837 5142 5143
3 4838 5144 4839
3 4839 5144 5145
3 4839 5145 4840
3 4840 5145 5146
3 4840 5146 4841
3 4841 5146 5147
3 4842 5148 4843
3 4843 5148 5149
3 4843 5149 4844
3 4844 5149 5150
3 4845 5151 4846
3 4846 5151 5152
3 4846 5152 4847
3 4847 5152 5153
3 4847 5153 4848
3 4848 5153 5154
3 4849 5155 4850
3 4850 5155 5156
3 4850 5156 4851
3 4851 5156 5157
3 4851 5157 4852
3 4852 5157 5158
3 4853 5159 4854
3 4854 5159 5160
3 4854 5160 4855
3 4855 5160 5161
3 4855 5161 4856
3 4856 5161 5162
3 4857 5163 4858
3 4858 5163 5164
3 4858 5164 4859
3 4859 5164 5165
3 4859 5165 4860
3 4860 5165 5166
3 4861 5167 4862
3 4862 5167 5168
3 4862 5168 4863
3 4863 5168 5169
3 4864 5170 4865
3 4865 5170 5171
3 4865 5171 4866
3 4866 5171 5172
3 4866 5172 4867
3 4867 5172 5173
3 4868 5174 607
3 607 5174 2434
3 2435 5175 4869
3 4869 5175 5176
3 4869 5176 4870
3 4870 5176 5177
3 4870 5177 4871
3 4871 5177 5178
3 4871 5178 4872
3 4872 5178 5179
3 4872 5179 4873
3 4873 5179 5180
3 4874 5181 4875
3 4875 5181 5182
3 4876 5183 4877
3 4877 5183 5184
3 4877 5184 4878
3 4878 5184 5185
3 4878 5185 4879
3 4879 5185 5186
3 4879 5186 4880
3 4880 5186 5187
3 4881 5188 4882
3 4882 5188 5189
3 4882 5189 4883
3 4883 5189 5190
3 4883 5190 4884
3 4884 5190 5191
3 4884 5191 4885
3 4885 5191 5192
3 4886 5193 4887
3 4887 5193 5194
3 4887 5194 4888
3 4888 5194 5195
3 4888 5195 4889
3 4889 5195 5196
3 4889 5196 4890
3 4890 5196 5197
3 4890 5197 4891
3 4891 5197 5198
3 4891 5198 4892
3 4892 5198 5199
3 4893 5200 4894
3 4894 5200 5201
3 4894 5201 4895
3 4895 5201 5202
3 4895 5202 4896
3 4896 5202 5203
3 4896 5203 4897
3 4897 5203 5204
3 4897 5204 4898
3 4898 5204 5205
3 4898 5205 4899
3 4899 5205 5206
3 4899 5206 4900
3 4900 5206 5207
3 4900 5207 4901
3 4901 5207 5208
3 4902 5209 4903
3 4903 5209 5210
3 4904 5211 4905
3 4905 5211 5212
3 4905 5212 4906
3 4906 5212 5213
3 4907 5213 4908
3 4908 5213 5214
3 4908 5214 4909
3 4909 5214 5215
3 4909 5215 4910
3 4910 5215 5216
3 4911 5217 4912
3 4912 5217 5218
3 4912 5218 4913
3 4913 5218 5219
3 4914 5220 4915
3 4915 5220 5221
3 4915 5221 4916
3 4916 5221 5222
3 4917 5223 4918
3 4918 5223 5224
3 4918 5224 4919
3 4919 5224 5225
3 4919 5225 4920
3 4920 5225 5226
3 4921 5227 4922
3 4922 5227 5228
3 4922 5228 4923
3 4923 5228 5229
3 4924 5230 4925
3 4925 5230 5231
3 4925 5231 4926
3 4926 5231 5232
3 4927 5233 4928
3 4928 5233 5234
3 4928 5234 4929
3 4929 5234 5235
3 4930 5236 4931
3 4931 5236 5237
3 4931 5237 4932
3 4932 5237 5238
3 4932 5238 4933
3 4933 5238 5239
3 4934 5240 4935
3 4935 5240 5241
3 4935 5241 4936
3 4936 5241 5242
3 4937 5243 4938
3 4938 5243 5244
3 4938 5244 4939
3 4939 5244 5245
3 4940 5246 4941
3 4941 5246 5247
3 4941 5247 4942
3 4942 5247 5248
3 4942 5248 4943
3 4943 5248 5249
3 4944 5250 4945
3 4945 5250 5251
3 4945 5251 4946
3 4946 5251 5252
3 4947 5253 4948
3 4948 5253 5254
3 4948 5254 4949
3 4949 5254 5255
3 4949 5255 4950
3 4950 5255 5256
3 4950 5256 4951
3 4951 5256 5257
3 4952 5258 4953
3 4953 5258 5259
3 4953 5259 4954
3 4954 5259 5260
3 4954 5260 4955
3 4955 5260 5261
3 4956 5262 4957
3 4957 5262 5263
3 4957 5263 4958
3 4958 5263 5264
3 4958 5264 4959
3 4959 5264 5265
3 4959 5265 4960
3 4960 5265 5266
3 4961 5267 4962
3 4962 5267 5268
3 4962 5268 4963
3 4963 5268 5269
3 4963 5269 4964
3 4964 5269 5270
3 4965 5271 4966
3 4966 5271 5272
3 4966 5272 4967
3 4967 5272 5273
3 4967 5273 4968
3 4968 5273 5274
3 4968 5274 4969
3 4969 5274 5275
3 4970 5276 4971
3 4971 5276 5277
3 4971 5277 4972
3 4972 5277 5278
3 4972 5278 4973
3 4973 5278 5279
3 4974 5280 4975
3 4975 5280 5281
3 4975 5281 4976
3 4976 5281 5282
3 4976 5282 4977
3 4977 5282 5283
3 4977 5283 4978
3 4978 5283 5284
3 4979 5285 4980
3 4980 5285 5286
3 4980 5286 4981
3 4981 5286 5287
3 4981 5287 4982
3 4982 5287 5288
3 4982 5288 4983
3 4983 5288 5289
3 4984 5290 4985
3 4985 5290 5291
3 4985 5291 4986
3 4986 5291 5292
3 4986 5292 4987
3 4987 5292 5293
3 4988 5294 4989
3 4989 5294 5295
3 4989 5295 4990
3 4990 5295 5296
3 4990 5296 4991
3 4991 5296 5297
3 4991 5297 4992
3 4992 5297 5298
3 4993 5299 4994
3 4994 5299 5300
3 4994 5300 4995
3 4995 5300 5301
3 4995 5301 4996
3 4996 5301 5302
3 4997 5303 4998
3 4998 5303 5304
3 4998 5304 4999
3 4999 5304 5305
3 4999 5305 5000
3 5000 5305 5306
3 5000 5306 5001
3 5001 5306 5307
3 5002 5308 5003
3 5003 5308 5309
3 5003 5309 5004
3 5004 5309 5310
3 5004 5310 5005
3 5005 5310 5311
3 5006 5312 5007
3 5007 5312 5313
3 5007 5313 5008
3 5008 5313 5314
3 5008 5314 5009
3 5009 5314 5315
3 5009 5315 5010
3 5010 5315 5316
3 5011 5317 5012
3 5012 5317 5318
3 5012 5318 5013
3 5013 5318 5319
3 5013 5319 5014
3 5014 5319 5320
3 5015 5321 5016
3 5016 5321 5322
3 5016 5322 5017
3 5017 5322 5323
3 5017 5323 5018
3 5018 5323 5324
3 5018 5324 5019
3 5019 5324 5325
3 5019 5325 5020
3 5020 5325 5326
3 5020 5326 5021
3 5021 5326 5327
3 5021 5327 5022
3 5022 5327 5328
3 5023 5329 5024
3 5024 5329 5330
3 5024 5330 5025
3 5025 5330 5331
3 5025 5331 5026
3 5026 5331 5332
3 5027 5333 5028
3 5028 5333 5334
3 5028 5334 5029
3 5029 5334 5335
3 5030 5336 5031
3 5031 5336 5337
3 5031 5337 5032
3 5032 5337 5338
3 5032 5338 5033
3 5033 5338 5339
3 5034 5340 5035
3 5035 5340 5341
3 5035 5341 5036
3 5036 5341 5342
3 5036 5342 5037
3 5037 5342 5343
3 5038 5344 5039
3 5039 5344 5345
3 5039 5345 5040
3 5040 5345 5346
3 5040 5346 5041
3 5041 5346 5347
3 5042 5348 5043
3 5043 5348 5349
3 5043 5349 5044
3 5044 5349 5350
3 5045 5351 5046
3 5046 5351 5352
3 5046 5352 5047
3 5047 5352 5353
3 5047 5353 5048
3 5048 5353 5354
3 5049 5355 5050
3 5050 5355 5356
3 5050 5356 5051
3 5051 5356 5357
3 5051 5357 5052
3 5052 5357 5358
3 5053 5358 5054
3 5054 5358 5359
3 5054 5359 5055
3 5055 5359 5360
3 5055 5360 5056
3 5056 5360 5361
3 5057 5362 5058
3 5058 5362 5363
3 5058 5363 5059
3 5059 5363 5364
3 5059 5364 5060
3 5060 5364 5365
3 5061 5366 5062
3 5062 5366 5367
3 5062 5367 5063
3 5063 5367 5368
3 5064 5369 5065
3 5065 5369 5370
3 5065 5370 5066
3 5066 5370 5371
3 5066 5371 5067
3 5067 5371 5372
3 5068 5373 5069
3 5069 5373 5374
3 5069 5374 5070
3 5070 5374 5375
3 5070 5375 5071
3 5071 5375 5376
3 5072 5377 5073
3 5073 5377 5378
3 5073 5378 5074
3 5074 5378 5379
3 5074 5379 5075
3 5075 5379 5380
3 5076 5381 5077
3 5077 5381 5382
3 5077 5382 5078
3 5078 5382 5383
3 5078 5383 5079
3 5079 5383 5384
3 5080 5385 5081
3 5081 5385 5386
3 5081 5386 5082
3 5082 5386 5387
3 5083 5388 5084
3 5084 5388 5389
3 5084 5389 5085
3 5085 5389 5390
3 5085 5390 5086
3 5086 5390 5391
3 5087 5392 5088
3 5088 5392 5393
3 5088 5393 5089
3 5089 5393 5394
3 5089 5394 5090
3 5090 5394 5395
3 5091 5396 5092
3 5092 5396 5397
3 5092 5397 5093
3 5093 5397 5398
3 5093 5398 5094
3 5094 5398 5399
3 5095 5400 5096
3 5096 5400 5401
3 5096 5401 5097
3 5097 5401 5402
3 5098 5403 5099
3 5099 5403 5404
3 5099 5404 5100
3 5100 5404 5405
3 5100 5405 5101
3 5101 5405 5406
3 5102 5407 5103
3 5103 5407 5408
3 5103 5408 5104
3 5104 5408 5409
3 5104 5409 5105
3 5105 5409 5410
3 5106 5411 5107
3 5107 5411 5412
3 5107 5412 5108
3 5108 5412 5413
3 5108 5413 5109
3 5109 5413 5414
3 5110 5415 5111
3 5111 5415 5416
3 5111 5416 5112
3 5112 5416 5417
3 5112 5417 5113
3 5113 5417 5418
3 5114 5419 5115
3 5115 5419 5420
3 5115 5420 5116
3 5116 5420 5421
3 5117 5422 5118
3 5118 5422 5423
3 5118 5423 5119
3 5119 5423 5424
3 5119 5424 5120
3 5120 5424 5425
3 5121 5426 5122
3 5122 5426 5427
3 5122 5427 5123
3 5123 5427 5428
3 5123 5428 5124
3 5124 5428 5429
3 5125 5430 5126
3 5126 5430 5431
3 5126 5431 5127
3 5127 5431 5432
3 5127 5432 5128
3 5128 5432 5433
3 5129 5434 5130
3 5130 5434 5435
3 5130 5435 5131
3 5131 5435 5436
3 5132 5437 5133
3 5133 5437 5438
3 5133 5438 5134
3 5134 5438 5439
3 5134 5439 5135
3 5135 5439 5440
3 5136 5441 5137
3 5137 5441 5442
3 5137 5442 5138
3 5138 5442 5443
3 5138 5443 5139
3 5139 5443 5444
3 5140 5445 5141
3 5141 5445 5446
3 5141 5446 5142
3 5142 5446 5447
3 5142 5447 5143
3 5143 5447 5448
3 5144 5449 5145
3 5145 5449 5450
3 5145 5450 5146
3 5146 5450 5451
3 5146 5451 5147
3 5147 5451 5452
3 5148 5453 5149
3 5149 5453 5454
3 5149 5454 5150
3 5150 5454 5455
3 5151 5456 5152
3 5152 5456 5457
3 5152 5457 5153
3 5153 5457 5458
3 5153 5458 5154
3 5154 5458 5459
3 5155 5460 5156
3 5156 5460 5461
3 5156 5461 5157
3 5157 5461 5462
3 5157 5462 5158
3 5158 5462 5463
3 5159 5464 5160
3 5160 5464 5465
3 5160 5465 5161
3 5161 5465 5466
3 5161 5466 5162
3 5162 5466 5467
3 5163 5468 5164
3 5164 5468 5469
3 5164 5469 5165
3 5165 5469 5470
3 5165 5470 5166
3 5166 5470 5471
3 5167 5472 5168
3 5168 5472 5473
3 5168 5473 5169
3 5169 5473 5474
3 5170 5474 5171
3 5171 5474 5475
3 5171 5475 5172
3 5172 5475 5476
3 5172 5476 5173
3 5173 5476 5477
3 5174 5478 2434
3 2434 5478 607
3 5176 5175 5479
3 5176 5479 5177
3 5177 5479 5480
3 5177 5480 5178
3 5178 5480 5481
3 5178 5481 5179
3 5179 5481 5482
3 5179 5482 5180
3 5180 5482 5483
3 5181 5484 5182
3 5182 5484 5485
3 5183 5486 5184
3 5184 5486 5487
3 5184 5487 5185
3 5185 5487 5488
3 5185 5488 5186
3 5186 5488 5489
3 5186 5489 5187
3 5187 5489 5490
3 5188 5491 5189
3 5189 5491 5492
3 5189 5492 5190
3 5190 5492 5493
3 5190 5493 5191
3 5191 5493 5494
3 5191 5494 5192
3 5192 5494 5495
3 5193 5496 5194
3 5194 5496 5497
3 5194 5497 5195
3 5195 5497 5498
3 5195 5498 5196
3 5196 5498 5499
3 5196 5499 5197
3 5197 5499 5500
3 5197 5500 5198
3 5198 5500 5501
3 5198 5501 5199
3 5199 5501 5502
3 5200 5503 5201
3 5201 5503 5504
3 5201 5504 5202
3 5202 5504 5505
3 5202 5505 5203
3 5203 5505 5506
3 5203 5506 5204
3 5204 5506 5507
3 5204 5507 5205
3 5205 5507 5508
3 5205 5508 5206
3 5206 5508 5509
3 5206 5509 5207
3 5207 5509 5510
3 5207 5510 5208
3 5208 5510 5511
3 5209 5512 5210
3 5210 5512 5513
3 5211 5514 5212
3 5212 5514 5515
3 5212 5515 5213
3 5213 5515 5516
3 5213 5517 5214
3 5214 5517 5518
3 5214 5518 5215
3 5215 5518 5519
3 5215 5519 5216
3 5216 5519 5520
3 5217 5521 5218
3 5218 5521 5522
3 5218 5522 5219
3 5219 5522 5523
3 5220 5524 5221
3 5221 5524 5525
3 5221 5525 5222
3 5222 5525 5526
3 5223 5527 5224
3 5224 5527 5528
3 5224 5528 5225
3 5225 5528 5529
3 5225 5529 5226
3 5226 5529 5530
3 5227 5531 5228
3 5228 5531 5532
3 5228 5532 5229
3 5229 5532 5533
3 5230 5534 5231
3 5231 5534 5535
3 5231 5535 5232
3 5232 5535 5536
3 5233 5537 5234
3 5234 5537 5538
3 5234 5538 5235
3 5235 5538 5539
3 5236 5540 5237
3 5237 5540 5541
3 5237 5541 5238
3 5238 5541 5542
3 5238 5542 5239
3 5239 5542 5543
3 5240 5544 5241
3 5241 5544 5545
3 5241 5545 5242
3 5242 5545 5546
3 5243 5547 5244
3 5244 5547 5548
3 5244 5548 5245
3 5245 5548 5549
3 5246 5550 5247
3 5247 5550 5551
3 5247 5551 5248
3 5248 5551 5552
3 5248 5552 5249
3 5249 5552 5553
3 5250 5554 5251
3 5251 5554 5555
3 5251 5555 5252
3 5252 5555 5556
3 5253 5557 5254
3 5254 5557 5558
3 5254 5558 5255
3 5255 5558 5559
3 5255 5559 5256
3 5256 5559 5560
3 5256 5560 5257
3 5257 5560 5561
3 5258 5562 5259
3 5259 5562 5563
3 5259 5563 5260
3 5260 5563 5564
3 5260 5564 5261
3 5261 5564 5565
3 5262 5566 5263
3 5263 5566 5567
3 5263 5567 5264
3 5264 5567 5568
3 5264 5568 5265
3 5265 5568 5569
3 5265 5569 5266
3 5266 5569 5570
3 5267 5571 5268
3 5268 5571 5572
3 5268 5572 5269
3 5269 5572 5573
3 5269 5573 5270
3 5270 5573 5574
3 5271 5575 5272
3 5272 5575 5576
3 5272 5576 5273
3 5273 5576 5577
3 5273 5577 5274
3 5274 5577 5578
3 5274 5578 5275
3 5275 5578 5579
3 5276 5580 5277
3 5277 5580 5581
3 5277 5581 5278
3 5278 5581 5582
3 5278 5582 5279
3 5279 5582 5583
3 5280 5584 5281
3 5281 5584 5585
3 5281 5585 5282
3 5282 5585 5586
3 5282 5586 5283
3 5283 5586 5587
3 5283 5587 5284
3 5284 5587 5588
3 5285 5589 5286
3 5286 5589 5590
3 5286 5590 5287
3 5287 5590 5591
3 5287 5591 5288
3 5288 5591 5592
3 5288 5592 5289
3 5289 5592 5593
3 5290 5594 5291
3 5291 5594 5595
3 5291 5595 5292
3 5292 5595 5596
3 5292 5596 5293
3 5293 5596 5597
3 5294 5598 5295
3 5295 5598 5599
3 5295 5599 5296
3 5296 5599 5600
3 5296 5600 5297
3 5297 5600 5601
3 5297 5601 5298
3 5298 5601 5602
3 5299 5603 5300
3 5300 5603 5604
3 5300 5604 5301
3 5301 5604 5605
3 5301 5605 5302
3 5302 5605 5606
3 5303 5607 5304
3 5304 5607 5608
3 5304 5608 5305
3 5305 5608 5609
3 5305 5609 5306
3 5306 5609 5610
3 5306 5610 5307
3 5307 5610 5611
3 5308 5612 5309
3 5309 5612 5613
3 5309 5613 5310
3 5310 5613 5614
3 5310 5614 5311
3 5311 5614 5615
3 5312 5616 5313
3 5313 5616 5617
3 5313 5617 5314
3 5314 5617 5618
3 5314 5618 5315
3 5315 5618 5619
3 5315 5619 5316
3 5316 5619 5620
3 5317 5621 5318
3 5318 5621 5622
3 5318 5622 5319
3 5319 5622 5623
3 5319 5623 5320
3 5320 5623 5624
3 5321 5625 5322
3 5322 5625 5626
3 5322 5626 5323
3 5323 5626 5627
3 5323 5627 5324
3 5324 5627 5628
3 5324 5628 5325
3 5325 5628 5629
3 5325 5629 5326
3 5326 5629 5630
3 5326 5630 5327
3 5327 5630 5631
3 5327 5631 5328
3 5328 5631 5632
3 5329 5633 5330
3 5330 5633 5634
3 5330 5634 5331
3 5331 5634 5635
3 5331 5635 5332
3 5332 5635 5636
3 5333 5637 5334
3 5334 5637 5638
3 5334 5638 5335
3 5335 5638 5639
3 5336 5640 5337
3 5337 5640 5641
3 5337 5641 5338
3 5338 5641 5642
3 5338 5642 5339
3 5339 5642 5643
3 5340 5644 5341
3 5341 5644 5645
3 5341 5645 5342
3 5342 5645 5646
3 5342 5646 5343
3 5343 5646 5647
3 5344 5648 5345
3 5345 5648 5649
3 5345 5649 5346
3 5346 5649 5650
3 5346 5650 5347
3 5347 5650 5651
3 5348 5652 5349
3 5349 5652 5653
3 5349 5653 5350
3 5350 5653 5654
3 5351 5655 5352
3 5352 5655 5656
3 5352 5656 5353
3 5353 5656 5657
3 5353 5657 5354
3 5354 5657 5658
3 5355 5659 5356
3 5356 5659 5660
3 5356 5660 5357
3 5357 5660 5661
3 5357 5661 5358
3 5358 5661 5662
3 5358 5663 5359
3 5359 5663 5664
3 5359 5664 5360
3 5360 5664 5665
3 5360 5665 5361
3 5361 5665 5666
3 5362 5667 5363
3 5363 5667 5668
3 5363 5668 5364
3 5364 5668 5669
3 5364 5669 5365
3 5365 5669 5670
3 5366 5671 5367
3 5367 5671 5672
3 5367 5672 5368
3 5368 5672 5673
3 5369 5674 5370
3 5370 5674 5675
3 5370 5675 5371
3 5371 5675 5676
3 5371 5676 5372
3 5372 5676 5677
3 5373 5678 5374
3 5374 5678 5679
3 5374 5679 5375
3 5375 5679 5680
3 5375 5680 5376
3 5376 5680 5681
3 5377 5682 5378
3 5378 5682 5683
3 5378 5683 5379
3 5379 5683 5684
3 5379 5684 5380
3 5380 5684 5685
3 5381 5686 5382
3 5382 5686 5687
3 5382 5687 5383
3 5383 5687 5688
3 5383 5688 5384
3 5384 5688 5689
3 5385 5690 5386
3 5386 5690 5691
3 5386 5691 5387
3 5387 5691 5692
3 5388 5693 5389
3 5389 5693 5694
3 5389 5694 5390
3 5390 5694 5695
3 5390 5695 5391
3 5391 5695 5696
3 5392 5697 5393
3 5393 5697 5698
3 5393 5698 5394
3 5394 5698 5699
3 5394 5699 5395
3 5395 5699 5700
3 5396 5701 5397
3 5397 5701 5702
3 5397 5702 5398
3 5398 5702 5703
3 5398 5703 5399
3 5399 5703 5704
3 5400 5705 5401
3 5401 5705 5706
3 5401 5706 5402
3 5402 5706 5707
3 5403 5708 5404
3 5404 5708 5709
3 5404 5709 5405
3 5405 5709 5710
3 5405 5710 5406
3 5406 5710 5711
3 5407 5712 5408
3 5408 5712 5713
3 5408 5713 5409
3 5409 5713 5714
3 5409 5714 5410
3 5410 5714 5715
3 5411 5716 5412
3 5412 5716 5717
3 5412 5717 5413
3 5413 5717 5718
3 5413 5718 5414
3 5414 5718 5719
3 5415 5720 5416
3 5416 5720 5721
3 5416 5721 5417
3 5417 5721 5722
3 5417 5722 5418
3 5418 5722 5723
3 5419 5724 5420
3 5420 5724 5725
3 5420 5725 5421
3 5421 5725 5726
3 5422 5727 5423
3 5423 5727 5728
3 5423 5728 5424
3 5424 5728 5729
3 5424 5729 5425
3 5425 5729 5730
3 5426 5731 5427
3 5427 5731 5732
3 5427 5732 5428
3 5428 5732 5733
3 5428 5733 5429
3 5429 5733 5734
3 5430 5735 5431
3 5431 5735 5736
3 5431 5736 5432
3 5432 5736 5737
3 5432 5737 5433
3 5433 5737 5738
3 5434 5739 5435
3 5435 5739 5740
3 5435 5740 5436
3 5436 5740 5741
3 5437 5742 5438
3 5438 5742 5743
3 5438 5743 5439
3 5439 5743 5744
3 5439 5744 5440
3 5440 5744 5745
3 5441 5746 5442
3 5442 5746 5747
3 5442 5747 5443
3 5443 5747 5748
3 5443 5748 5444
3 5444 5748 5749
3 5445 5750 5446
3 5446 5750 5751
3 5446 5751 5447
3 5447 5751 5752
3 5447 5752 5448
3 5448 5752 5753
3 5449 5754 5450
3 5450 5754 5755
3 5450 5755 5451
3 5451 5755 5756
3 5451 5756 5452
3 5452 5756 5757
3 5453 5758 5454
3 5454 5758 5759
3 5454 5759 5455
3 5455 5759 5760
3 5456 5761 5457
3 5457 5761 5762
3 5457 5762 5458
3 5458 5762 5763
3 5458 5763 5459
3 5459 5763 5764
3 5460 5765 5461
3 5461 5765 5766
3 5461 5766 5462
3 5462 5766 5767
3 5462 5767 5463
3 5463 5767 5768
3 5464 5769 5465
3 5465 5769 5770
3 5465 5770 5466
3 5466 5770 5771
3 5466 5771 5467
3 5467 5771 5772
3 5468 5773 5469
3 5469 5773 5774
3 5469 5774 5470
3 5470 5774 5775
3 5470 5775 5471
3 5471 5775 5776
3 5472 5777 5473
3 5473 5777 5778
3 5473 5778 5474
3 5474 5778 5779
3 5474 5780 5475
3 5475 5780 5781
3 5475 5781 5476
3 5476 5781 5782
3 5476 5782 5477
3 5477 5782 5783
3 5478 5784 607
3 5785 5786 5479
3 5479 5786 5787
3 5479 5787 5788
3 5788 5787 5789
3 5788 5789 5790
3 5790 5789 5791
3 5790 5791 5792
3 5792 5791 5793
3 5792 5793 5794
3 5794 5793 5795
3 5796 5797 5798
3 5798 5797 5799
3 5486 5800 5801
3 5801 5800 5802
3 5801 5802 5488
3 5488 5802 5803
3 5488 5803 5804
3 5804 5803 5805
3 5804 5805 5806
3 5806 5805 5807
3 5808 5807 5809
3 5809 5807 5810
3 5809 5810 5493
3 5493 5810 5811
3 5493 5811 5812
3 5812 5811 5813
3 5812 5813 5495
3 5495 5813 5814
3 5815 5814 5816
3 5816 5814 5817
3 5816 5817 5818
3 5818 5817 5819
3 5818 5819 5499
3 5499 5819 5820
3 5499 5820 5821
3 5821 5820 5822
3 5821 5822 5823
3 5823 5822 5824
3 5823 5824 5502
3 5502 5824 5825
3 5503 5826 5827
3 5827 5826 5828
3 5827 5828 5829
3 5829 5828 5830
3 5829 5830 5831
3 5831 5830 5832
3 5831 5832 5833
3 5833 5832 5834
3 5833 5834 5835
3 5835 5834 5836
3 5835 5836 5837
3 5837 5836 5838
3 5837 5838 5839
3 5839 5838 5840
3 5839 5840 5511
3 5511 5840 5841
3 5512 5842 5513
3 5513 5842 5843
3 5514 5844 5845
3 5845 5844 5846
3 5845 5846 5516
3 5516 5846 5847
3 5848 5849 5850
3 5850 5849 5851
3 5850 5851 5852
3 5852 5851 5853
3 5852 5853 5854
3 5854 5853 5855
3 5856 5857 5522
3 5522 5857 5858
3 5522 5858 5859
3 5859 5858 5860
3 5861 5862 5863
3 5863 5862 5864
3 5863 5864 5865
3 5865 5864 5866
3 5867 5868 5869
3 5869 5868 5870
3 5869 5870 5871
3 5871 5870 5872
3 5871 5872 5873
3 5873 5872 5874
3 5875 5876 5877
3 5877 5876 5878
3 5877 5878 5879
3 5879 5878 5880
3 5881 5880 5882
3 5882 5880 5883
3 5882 5883 5884
3 5884 5883 5885
3 5886 5887 5888
3 5888 5887 5889
3 5888 5889 5890
3 5890 5889 5891
3 5540 5891 5892
3 5892 5891 5893
3 5892 5893 5894
3 5894 5893 5895
3 5894 5895 5896
3 5896 5895 5897
3 5543 5898 5545
3 5545 5898 5899
3 5545 5899 5900
3 5900 5899 5901
3 5547 5902 5903
3 5903 5902 5904
3 5903 5904 5905
3 5905 5904 5906
3 5907 5908 5909
3 5909 5908 5910
3 5909 5910 5911
3 5911 5910 5912
3 5911 5912 5913
3 5913 5912 5914
3 5915 5916 5917
3 5917 5916 5918
3 5917 5918 5556
3 5556 5918 5919
3 5920 5921 5922
3 5922 5921 5923
3 5922 5923 5924
3 5924 5923 5925
3 5924 5925 5926
3 5926 5925 5927
3 5926 5927 5928
3 5928 5927 5929
3 5930 5931 5563
3 5563 5931 5932
3 5563 5932 5933
3 5933 5932 5934
3 5933 5934 5935
3 5935 5934 5936
3 5937 5938 5939
3 5939 5938 5940
3 5939 5940 5941
3 5941 5940 5942
3 5941 5942 5943
3 5943 5942 5944
3 5943 5944 5945
3 5945 5944 5946
3 5947 5948 5949
3 5949 5948 5950
3 5949 5950 5951
3 5951 5950 5952
3 5951 5952 5953
3 5953 5952 5954
3 5955 5956 5957
3 5957 5956 5958
3 5957 5958 5577
3 5577 5958 5959
3 5577 5959 5960
3 5960 5959 5961
3 5960 5961 5579
3 5579 5961 5962
3 5963 5964 5965
3 5965 5964 5966
3 5965 5966 5967
3 5967 5966 5968
3 5967 5968 5969
3 5969 5968 5970
3 5971 5972 5585
3 5585 5972 5973
3 5585 5973 5974
3 5974 5973 5975
3 5974 5975 5976
3 5976 5975 5977
3 5976 5977 5978
3 5978 5977 5979
3 5980 5981 5982
3 5982 5981 5983
3 5982 5983 5984
3 5984 5983 5985
3 5984 5985 5986
3 5986 5985 5987
3 5986 5987 5593
3 5593 5987 5988
3 5989 5990 5991
3 5991 5990 5992
3 5991 5992 5993
3 5993 5992 5994
3 5993 5994 5995
3 5995 5994 5996
3 5997 5998 5999
3 5999 5998 6000
3 5999 6000 6001
3 6001 6000 6002
3 6001 6002 6003
3 6003 6002 6004
3 6003 6004 6005
3 6005 6004 6006
3 6007 6008 5604
3 5604 6008 6009
3 5604 6009 6010
3 6010 6009 6011
3 6010 6011 6012
3 6012 6011 6013
3 6014 6015 6016
3 6016 6015 6017
3 6016 6017 6018
3 6018 6017 6019
3 6018 6019 5610
3 5610 6019 6020
3 5610 6020 5611
3 5611 6020 6021
3 5612 6022 6023
3 6023 6022 6024
3 6023 6024 6025
3 6025 6024 6026
3 6025 6026 6027
3 6027 6026 6028
3 6029 6028 6030
3 6030 6028 6031
3 6030 6031 6032
3 6032 6031 6033
3 6032 6033 5619
3 5619 6033 6034
3 5619 6034 5620
3 5620 6034 6035
3 6036 6037 6038
3 6038 6037 6039
3 6038 6039 6040
3 6040 6039 6041
3 6040 6041 6042
3 6042 6041 6043
3 6042 6044 6045
3 6045 6044 6046
3 6045 6046 6047
3 6047 6046 6048
3 6047 6048 5628
3 5628 6048 6049
3 5628 6049 6050
3 6050 6049 6051
3 6050 6051 6052
3 6052 6051 6053
3 6052 6053 6054
3 6054 6053 6055
3 6054 6055 6056
3 6056 6055 6057
3 5633 6058 6059
3 6059 6058 6060
3 6059 6060 5635
3 5635 6060 6061
3 5635 6061 6062
3 6062 6061 6063
3 6064 6065 6066
3 6066 6065 6067
3 6066 6067 6068
3 6068 6067 6069
3 6070 6071 6072
3 6072 6071 6073
3 6072 6073 6074
3 6074 6073 6075
3 6074 6075 6076
3 6076 6075 6077
3 6078 6079 6080
3 6080 6079 6081
3 6080 6081 6082
3 6082 6081 6083
3 6082 6083 5647
3 5647 6083 6084
3 5648 6085 6086
3 6086 6085 6087
3 6086 6087 6088
3 6088 6087 6089
3 6088 6089 6090
3 6090 6089 6091
3 5652 6092 6093
3 6093 6092 6094
3 6093 6094 5654
3 5654 6094 6095
3 6096 6097 6098
3 6098 6097 6099
3 6098 6099 5657
3 5657 6099 6100
3 5657 6100 6101
3 6101 6100 6102
3 6103 6104 6105
3 6105 6104 6106
3 6105 6106 6107
3 6107 6106 6108
3 6107 6108 6109
3 6109 6108 6110
3 5663 6111 6112
3 6112 6111 6113
3 6112 6113 6114
3 6114 6113 6115
3 6114 6115 6116
3 6116 6115 6117
3 6118 6119 6120
3 6120 6119 6121
3 6120 6121 6122
3 6122 6121 6123
3 6122 6123 5670
3 5670 6123 6124
3 6125 6126 5672
3 5672 6126 6127
3 5672 6127 6128
3 6128 6127 6129
3 6130 6131 5675
3 5675 6131 6132
3 5675 6132 5676
3 5676 6132 6133
3 5676 6133 6134
3 6134 6133 6135
3 6136 6137 6138
3 6138 6137 6139
3 6138 6139 6140
3 6140 6139 6141
3 6140 6141 6142
3 6142 6141 6143
3 6144 6145 6146
3 6146 6145 6147
3 6146 6147 5684
3 5684 6147 6148
3 5684 6148 6149
3 6149 6148 6150
3 5686 6151 5687
3 5687 6151 6152
3 5687 6152 5688
3 5688 6152 6153
3 5688 6153 5689
3 5689 6153 6154
3 5690 6155 6156
3 6156 6155 6157
3 6156 6157 5692
3 5692 6157 6158
3 6159 6160 6161
3 6161 6160 6162
3 6161 6162 5695
3 5695 6162 6163
3 5695 6163 6164
3 6164 6163 6165
3 5697 6166 6167
3 6167 6166 6168
3 6167 6168 6169
3 6169 6168 6170
3 6169 6170 6171
3 6171 6170 6172
3 6173 6174 5702
3 5702 6174 6175
3 5702 6175 6176
3 6176 6175 6177
3 6176 6177 5704
3 5704 6177 6178
3 6179 6180 6181
3 6181 6180 6182
3 6181 6182 6183
3 6183 6182 6184
3 6185 6186 6187
3 6187 6186 6188
3 6187 6188 5710
3 5710 6188 6189
3 5710 6189 6190
3 6190 6189 6191
3 6192 6193 6194
3 6194 6193 6195
3 6194 6195 5714
3 5714 6195 6196
3 5714 6196 6197
3 6197 6196 6198
3 5716 6199 6200
3 6200 6199 6201
3 6200 6201 5718
3 5718 6201 6202
3 5718 6202 6203
3 6203 6202 6204
3 5720 6205 5721
3 5721 6205 6206
3 5721 6206 6207
3 6207 6206 6208
3 6207 6208 6209
3 6209 6208 6210
3 6211 6212 5725
3 5725 6212 6213
3 5725 6213 5726
3 5726 6213 6214
3 5727 6215 5728
3 5728 6215 6216
3 5728 6216 6217
3 6217 6216 6218
3 6217 6218 6219
3 6219 6218 6220
3 6221 6222 5732
3 5732 6222 6223
3 5732 6223 5733
3 5733 6223 6224
3 5733 6224 6225
3 6225 6224 6226
3 6227 6228 6229
3 6229 6228 6230
3 6229 6230 5737
3 5737 6230 6231
3 5737 6231 5738
3 5738 6231 6232
3 5739 6233 6234
3 6234 6233 6235
3 6234 6235 6236
3 6236 6235 6237
3 5742 6238 6239
3 6239 6238 6240
3 6239 6240 6241
3 6241 6240 6242
3 6241 6242 6243
3 6243 6242 6244
3 6245 6246 6247
3 6247 6246 6248
3 6247 6248 5748
3 5748 6248 6249
3 5748 6249 6250
3 6250 6249 6251
3 6252 6253 6254
3 6254 6253 6255
3 6254 6255 6256
3 6256 6255 6257
3 6256 6257 6258
3 6258 6257 6259
3 5754 6260 5755
3 5755 6260 6261
3 5755 6261 6262
3 6262 6261 6263
3 6262 6263 6264
3 6264 6263 6265
3 6266 6267 6268
3 6268 6267 6269
3 6268 6269 5760
3 5760 6269 6270
3 5761 6270 5762
3 5762 6270 6271
3 5762 6271 6272
3 6272 6271 6273
3 6272 6273 6274
3 6274 6273 6275
3 6276 6277 6278
3 6278 6277 6279
3 6278 6279 6280
3 6280 6279 6281
3 6280 6281 6282
3 6282 6281 6283
3 6284 6285 6286
3 6286 6285 6287
3 6286 6287 6288
3 6288 6287 6289
3 6288 6289 5773
3 5773 6289 6290
3 5773 6290 5774
3 5774 6290 6291
3 5774 6291 6292
3 6292 6291 6293
3 6292 6293 6294
3 6294 6293 6295
3 6296 6297 6298
3 6298 6297 6299
3 6298 6299 5779
3 5779 6299 6300
3 5780 6301 5781
3 5781 6301 6302
3 5781 6302 5782
3 5782 6302 6303
3 5782 6303 5784
3 5784 6303 6304
3 5784 6305 3652
3 3652 6305 6306
3 6307 6308 6309
3 6309 6308 6310
3 6309 6310 6311
3 6311 6310 6312
3 6311 6312 6313
3 6313 6312 6314
3 6313 6314 6315
3 6315 6314 6316
3 6315 6316 6317
3 6317 6316 6318
3 6319 6320 6321
3 6321 6320 6322
3 6323 6324 6325
3 6325 6324 6326
3 6325 6326 6327
3 6327 6326 6328
3 6327 6328 6329
3 6329 6328 6330
3 6329 6330 6331
3 6331 6330 6332
3 6333 6334 6335
3 6335 6334 6336
3 6335 6336 6337
3 6337 6336 6338
3 6337 6338 6339
3 6339 6338 6340
3 6339 6340 6341
3 6341 6340 6342
3 6341 6343 6344
3 6344 6343 6345
3 6344 6345 6346
3 6346 6345 6347
3 6346 6347 6348
3 6348 6347 6349
3 6348 6349 6350
3 6350 6349 6351
3 6350 6351 5824
3 5824 6351 6352
3 5824 6352 6353
3 6353 6352 6354
3 6355 6356 6357
3 6357 6356 6358
3 6357 6358 6359
3 6359 6358 6360
3 6359 6360 6361
3 6361 6360 6362
3 6361 6362 6363
3 6363 6362 6364
3 6363 6364 6365
3 6365 6364 6366
3 6365 6366 6367
3 6367 6366 6368
3 6367 6368 6369
3 6369 6368 6370
3 6369 6370 6371
3 6371 6370 6372
3 6373 6374 6375
3 6375 6374 6376
3 6377 6378 6379
3 6379 6378 6380
3 6379 6380 6381
3 6381 6380 6382
3 6383 6384 6385
3 6385 6384 6386
3 6385 6386 6387
3 6387 6386 6388
3 6387 6388 6389
3 6389 6388 6390
3 5855 6391 6392
3 6392 6391 6393
3 6392 6393 6394
3 6394 6393 6395
3 6396 6397 6398
3 6398 6397 6399
3 6398 6399 6400
3 6400 6399 6401
3 6402 6403 6404
3 6404 6403 6405
3 6404 6405 6406
3 6406 6405 6407
3 6406 6407 6408
3 6408 6407 6409
3 6410 6411 6412
3 6412 6411 6413
3 6412 6413 6414
3 6414 6413 6415
3 6416 6417 6418
3 6418 6417 6419
3 6418 6419 6420
3 6420 6419 6421
3 6422 6423 6424
3 6424 6423 6425
3 6424 6425 6426
3 6426 6425 6427
3 6428 6429 6430
3 6430 6429 6431
3 6430 6431 6432
3 6432 6431 6433
3 6432 6433 6434
3 6434 6433 6435
3 5897 6436 6437
3 6437 6436 6438
3 6437 6438 6439
3 6439 6438 6440
3 6441 6442 6443
3 6443 6442 6444
3 6443 6444 5908
3 5908 6444 6445
3 6446 6447 6448
3 6448 6447 6449
3 6448 6449 6450
3 6450 6449 6451
3 6450 6451 6452
3 6452 6451 6453
3 6454 6455 6456
3 6456 6455 6457
3 6456 6457 6458
3 6458 6457 6459
3 6460 6461 6462
3 6462 6461 6463
3 6462 6463 6464
3 6464 6463 6465
3 6464 6465 6466
3 6466 6465 6467
3 6466 6467 6468
3 6468 6467 6469
3 6470 6471 6472
3 6472 6471 6473
3 6472 6473 6474
3 6474 6473 6475
3 6474 6475 6476
3 6476 6475 6477
3 6478 6479 6480
3 6480 6479 6481
3 6480 6481 6482
3 6482 6481 6483
3 6482 6483 6484
3 6484 6483 6485
3 6484 6485 6486
3 6486 6485 6487
3 6488 6489 6490
3 6490 6489 6491
3 6490 6491 6492
3 6492 6491 6493
3 6492 6493 6494
3 6494 6493 6495
3 6496 6497 6498
3 6498 6497 6499
3 6498 6499 6500
3 6500 6499 6501
3 6500 6501 6502
3 6502 6501 6503
3 6502 6503 6504
3 6504 6503 6505
3 6506 6507 6508
3 6508 6507 6509
3 6508 6509 6510
3 6510 6509 6511
3 6510 6511 5972
3 5972 6511 6512
3 6513 6514 6515
3 6515 6514 6516
3 6515 6516 6517
3 6517 6516 6518
3 6517 6518 6519
3 6519 6518 6520
3 6519 6520 6521
3 6521 6520 6522
3 6523 6524 6525
3 6525 6524 6526
3 6525 6526 6527
3 6527 6526 6528
3 6527 6528 6529
3 6529 6528 6530
3 6529 6530 6531
3 6531 6530 6532
3 6533 6534 6535
3 6535 6534 6536
3 6535 6536 6537
3 6537 6536 6538
3 6537 6538 6539
3 6539 6538 6540
3 6541 6542 6543
3 6543 6542 6544
3 6543 6544 6545
3 6545 6544 6546
3 6545 6546 6547
3 6547 6546 6548
3 6547 6548 6549
3 6549 6548 6550
3 6551 6552 6553
3 6553 6552 6554
3 6553 6554 6555
3 6555 6554 6556
3 6555 6556 6557
3 6557 6556 6558
3 6559 6560 6561
3 6561 6560 6562
3 6561 6562 6563
3 6563 6562 6564
3 6563 6564 6565
3 6565 6564 6566
3 6565 6566 6567
3 6567 6566 6568
3 6569 6570 6571
3 6571 6570 6572
3 6571 6572 6573
3 6573 6572 6574
3 6573 6574 6575
3 6575 6574 6576
3 6577 6578 6579
3 6579 6578 6580
3 6579 6580 6581
3 6581 6580 6582
3 6581 6582 6583
3 6583 6582 6584
3 6583 6584 6585
3 6585 6584 6586
3 6587 6588 6589
3 6589 6588 6590
3 6589 6590 6591
3 6591 6590 6592
3 6591 6592 6593
3 6593 6592 6594
3 6593 6595 6596
3 6596 6595 6597
3 6596 6597 6598
3 6598 6597 6599
3 6598 6599 6600
3 6600 6599 6601
3 6600 6601 6602
3 6602 6601 6603
3 6602 6603 6604
3 6604 6603 6605
3 6604 6605 6606
3 6606 6605 6607
3 6606 6607 6608
3 6608 6607 6609
3 6610 6611 6612
3 6612 6611 6613
3 6612 6613 6614
3 6614 6613 6615
3 6614 6615 6616
3 6616 6615 6617
3 6618 6619 6620
3 6620 6619 6621
3 6620 6621 6071
3 6071 6621 6622
3 6623 6624 6625
3 6625 6624 6626
3 6625 6626 6627
3 6627 6626 6628
3 6627 6628 6629
3 6629 6628 6630
3 6631 6632 6633
3 6633 6632 6634
3 6633 6634 6635
3 6635 6634 6636
3 6635 6636 6637
3 6637 6636 6638
3 6639 6640 6641
3 6641 6640 6642
3 6641 6642 6643
3 6643 6642 6644
3 6643 6644 6645
3 6645 6644 6646
3 6647 6648 6649
3 6649 6648 6650
3 6649 6650 6651
3 6651 6650 6652
3 6653 6654 6655
3 6655 6654 6656
3 6655 6656 6657
3 6657 6656 6658
3 6657 6658 6659
3 6659 6658 6660
3 6661 6662 6663
3 6663 6662 6664
3 6663 6664 6665
3 6665 6664 6666
3 6665 6666 6667
3 6667 6666 6668
3 6669 6670 6671
3 6671 6670 6672
3 6671 6672 6673
3 6673 6672 6674
3 6673 6674 6117
3 6117 6674 6675
3 6119 6676 6677
3 6677 6676 6678
3 6677 6678 6679
3 6679 6678 6680
3 6679 6680 6681
3 6681 6680 6682
3 6683 6682 6684
3 6684 6682 6685
3 6684 6685 6686
3 6686 6685 6687
3 6688 6689 6690
3 6690 6689 6691
3 6690 6691 6692
3 6692 6691 6693
3 6692 6693 6694
3 6694 6693 6695
3 6696 6697 6698
3 6698 6697 6699
3 6698 6699 6700
3 6700 6699 6701
3 6700 6701 6702
3 6702 6701 6703
3 6704 6705 6706
3 6706 6705 6707
3 6706 6707 6708
3 6708 6707 6709
3 6708 6709 6710
3 6710 6709 6711
3 6712 6713 6714
3 6714 6713 6715
3 6714 6715 6716
3 6716 6715 6717
3 6716 6717 6718
3 6718 6717 6719
3 6720 6721 6722
3 6722 6721 6723
3 6722 6723 6724
3 6724 6723 6725
3 6726 6727 6162
3 6162 6727 6728
3 6162 6728 6729
3 6729 6728 6730
3 6729 6730 6731
3 6731 6730 6732
3 6733 6734 6735
3 6735 6734 6736
3 6735 6736 6170
3 6170 6736 6737
3 6170 6737 6738
3 6738 6737 6739
3 6740 6741 6742
3 6742 6741 6743
3 6742 6743 6744
3 6744 6743 6745
3 6744 6745 6746
3 6746 6745 6747
3 6748 6749 6750
3 6750 6749 6751
3 6750 6751 6752
3 6752 6751 6753
3 6754 6755 6756
3 6756 6755 6757
3 6756 6757 6758
3 6758 6757 6759
3 6758 6759 6760
3 6760 6759 6761
3 6762 6763 6764
3 6764 6763 6765
3 6764 6765 6766
3 6766 6765 6767
3 6766 6767 6768
3 6768 6767 6769
3 6770 6771 6772
3 6772 6771 6773
3 6772 6773 6774
3 6774 6773 6775
3 6774 6775 6776
3 6776 6775 6777
3 6778 6779 6780
3 6780 6779 6781
3 6780 6781 6782
3 6782 6781 6783
3 6782 6783 6784
3 6784 6783 6785
3 6786 6787 6788
3 6788 6787 6789
3 6788 6789 6790
3 6790 6789 6791
3 6792 6793 6794
3 6794 6793 6795
3 6794 6795 6796
3 6796 6795 6797
3 6796 6797 6798
3 6798 6797 6799
3 6800 6801 6802
3 6802 6801 6803
3 6802 6803 6804
3 6804 6803 6805
3 6804 6805 6806
3 6806 6805 6807
3 6808 6809 6810
3 6810 6809 6811
3 6810 6811 6812
3 6812 6811 6813
3 6812 6813 6814
3 6814 6813 6815
3 6816 6817 6818
3 6818 6817 6819
3 6818 6819 6820
3 6820 6819 6821
3 6822 6823 6824
3 6824 6823 6825
3 6824 6825 6826
3 6826 6825 6827
3 6826 6827 6828
3 6828 6827 6829
3 6830 6831 6832
3 6832 6831 6833
3 6832 6833 6834
3 6834 6833 6835
3 6834 6835 6836
3 6836 6835 6837
3 6838 6839 6840
3 6840 6839 6841
3 6840 6841 6842
3 6842 6841 6843
3 6842 6843 6844
3 6844 6843 6845
3 6846 6847 6848
3 6848 6847 6849
3 6848 6849 6850
3 6850 6849 6851
3 6850 6851 6852
3 6852 6851 6853
3 6854 6855 6856
3 6856 6855 6857
3 6856 6857 6858
3 6858 6857 6859
3 6860 6861 6862
3 6862 6861 6863
3 6862 6863 6864
3 6864 6863 6865
3 6864 6865 6866
3 6866 6865 6867
3 6868 6869 6870
3 6870 6869 6871
3 6870 6871 6872
3 6872 6871 6873
3 6872 6873 6283
3 6283 6873 6874
3 6875 6876 6287
3 6287 6876 6877
3 6287 6877 6289
3 6289 6877 6878
3 6289 6878 6879
3 6879 6878 6880
3 6881 6882 6883
3 6883 6882 6884
3 6883 6884 6885
3 6885 6884 6886
3 6885 6886 6887
3 6887 6886 6888
3 6889 6890 6891
3 6891 6890 6892
3 6891 6892 6893
3 6893 6892 6894
3 6895 6896 6897
3 6897 6896 6898
3 6897 6898 6899
3 6899 6898 6900
3 6899 6900 6901
3 6901 6900 6902
3 6903 6904 607
3 6308 6905 6310
3 6310 6905 6906
3 6310 6906 6312
3 6312 6906 6907
3 6312 6907 6314
3 6314 6907 6908
3 6314 6908 6316
3 6316 6908 6909
3 6316 6909 6318
3 6318 6909 6910
3 6320 6911 6322
3 6322 6911 6912
3 6324 6913 6326
3 6326 6913 6914
3 6326 6914 6328
3 6328 6914 6915
3 6328 6915 6330
3 6330 6915 6916
3 6330 6916 6332
3 6332 6916 6917
3 6334 6918 6336
3 6336 6918 6919
3 6336 6919 6338
3 6338 6919 6920
3 6338 6920 6340
3 6340 6920 6921
3 6340 6921 6342
3 6342 6921 6922
3 6343 6922 6345
3 6345 6922 6923
3 6345 6923 6347
3 6347 6923 6924
3 6347 6924 6349
3 6349 6924 6925
3 6349 6925 6351
3 6351 6925 6926
3 6351 6926 6352
3 6352 6926 6927
3 6352 6927 6354
3 6354 6927 6928
3 6356 6929 6358
3 6358 6929 6930
3 6358 6930 6360
3 6360 6930 6931
3 6360 6931 6362
3 6362 6931 6932
3 6362 6932 6364
3 6364 6932 6933
3 6364 6933 6366
3 6366 6933 6934
3 6366 6934 6368
3 6368 6934 6935
3 6368 6935 6370
3 6370 6935 6936
3 6370 6936 6372
3 6372 6936 6937
3 6374 6938 6376
3 6376 6938 6939
3 6378 6940 6380
3 6380 6940 6941
3 6380 6941 6382
3 6382 6941 6942
3 6384 6943 6386
3 6386 6943 6944
3 6386 6944 6388
3 6388 6944 6945
3 6388 6945 6390
3 6390 6945 6946
3 6391 6947 6393
3 6393 6947 6948
3 6393 6948 6395
3 6395 6948 6949
3 6397 6950 6399
3 6399 6950 6951
3 6399 6951 6401
3 6401 6951 6952
3 6403 6953 6405
3 6405 6953 6954
3 6405 6954 6407
3 6407 6954 6955
3 6407 6955 6409
3 6409 6955 6956
3 6411 6957 6413
3 6413 6957 6958
3 6413 6958 6415
3 6415 6958 6959
3 6417 6959 6419
3 6419 6959 6960
3 6419 6960 6421
3 6421 6960 6961
3 6423 6962 6425
3 6425 6962 6963
3 6425 6963 6427
3 6427 6963 6964
3 6429 6965 6431
3 6431 6965 6966
3 6431 6966 6433
3 6433 6966 6967
3 6433 6967 6435
3 6435 6967 6968
3 6436 6969 6438
3 6438 6969 6970
3 6438 6970 6440
3 6440 6970 6971
3 6442 6972 6444
3 6444 6972 6973
3 6444 6973 6445
3 6445 6973 6974
3 6447 6975 6449
3 6449 6975 6976
3 6449 6976 6451
3 6451 6976 6977
3 6451 6977 6453
3 6453 6977 6978
3 6455 6979 6457
3 6457 6979 6980
3 6457 6980 6459
3 6459 6980 6981
3 6461 6982 6463
3 6463 6982 6983
3 6463 6983 6465
3 6465 6983 6984
3 6465 6984 6467
3 6467 6984 6985
3 6467 6985 6469
3 6469 6985 6986
3 6471 6987 6473
3 6473 6987 6988
3 6473 6988 6475
3 6475 6988 6989
3 6475 6989 6477
3 6477 6989 6990
3 6479 6991 6481
3 6481 6991 6992
3 6481 6992 6483
3 6483 6992 6993
3 6483 6993 6485
3 6485 6993 6994
3 6485 6994 6487
3 6487 6994 6995
3 6489 6996 6491
3 6491 6996 6997
3 6491 6997 6493
3 6493 6997 6998
3 6493 6998 6495
3 6495 6998 6999
3 6497 7000 6499
3 6499 7000 7001
3 6499 7001 6501
3 6501 7001 7002
3 6501 7002 6503
3 6503 7002 7003
3 6503 7003 6505
3 6505 7003 7004
3 6507 7005 6509
3 6509 7005 7006
3 6509 7006 6511
3 6511 7006 7007
3 6511 7007 6512
3 6512 7007 7008
3 6514 7009 6516
3 6516 7009 7010
3 6516 7010 6518
3 6518 7010 7011
3 6518 7011 6520
3 6520 7011 7012
3 6520 7012 6522
3 6522 7012 7013
3 6524 7014 6526
3 6526 7014 7015
3 6526 7015 6528
3 6528 7015 7016
3 6528 7016 6530
3 6530 7016 7017
3 6530 7017 6532
3 6532 7017 7018
3 6534 7019 6536
3 6536 7019 7020
3 6536 7020 6538
3 6538 7020 7021
3 6538 7021 6540
3 6540 7021 7022
3 6542 7023 6544
3 6544 7023 7024
3 6544 7024 6546
3 6546 7024 7025
3 6546 7025 6548
3 6548 7025 7026
3 6548 7026 6550
3 6550 7026 7027
3 6552 7028 6554
3 6554 7028 7029
3 6554 7029 6556
3 6556 7029 7030
3 6556 7030 6558
3 6558 7030 7031
3 6560 7032 6562
3 6562 7032 7033
3 6562 7033 6564
3 6564 7033 7034
3 6564 7034 6566
3 6566 7034 7035
3 6566 7035 6568
3 6568 7035 7036
3 6570 7037 6572
3 6572 7037 7038
3 6572 7038 6574
3 6574 7038 7039
3 6574 7039 6576
3 6576 7039 7040
3 6578 7041 6580
3 6580 7041 7042
3 6580 7042 6582
3 6582 7042 7043
3 6582 7043 6584
3 6584 7043 7044
3 6584 7044 6586
3 6586 7044 7045
3 6588 7046 6590
3 6590 7046 7047
3 6590 7047 6592
3 6592 7047 7048
3 6592 7048 6594
3 6594 7048 7049
3 6595 7050 6597
3 6597 7050 7051
3 6597 7051 6599
3 6599 7051 7052
3 6599 7052 6601
3 6601 7052 7053
3 6601 7053 6603
3 6603 7053 7054
3 6603 7054 6605
3 6605 7054 7055
3 6605 7055 6607
3 6607 7055 7056
3 6607 7056 6609
3 6609 7056 7057
3 6611 7058 6613
3 6613 7058 7059
3 6613 7059 6615
3 6615 7059 7060
3 6615 7060 6617
3 6617 7060 7061
3 6619 7062 6621
3 6621 7062 7063
3 6621 7063 6622
3 6622 7063 7064
3 6624 7065 6626
3 6626 7065 7066
3 6626 7066 6628
3 6628 7066 7067
3 6628 7067 6630
3 6630 7067 7068
3 6632 7069 6634
3 6634 7069 7070
3 6634 7070 6636
3 6636 7070 7071
3 6636 7071 6638
3 6638 7071 7072
3 6640 7073 6642
3 6642 7073 7074
3 6642 7074 6644
3 6644 7074 7075
3 6644 7075 6646
3 6646 7075 7076
3 6648 7077 6650
3 6650 7077 7078
3 6650 7078 6652
3 6652 7078 7079
3 6654 7080 6656
3 6656 7080 7081
3 6656 7081 6658
3 6658 7081 7082
3 6658 7082 6660
3 6660 7082 7083
3 6662 7084 6664
3 6664 7084 7085
3 6664 7085 6666
3 6666 7085 7086
3 6666 7086 6668
3 6668 7086 7087
3 6670 7088 6672
3 6672 7088 7089
3 6672 7089 6674
3 6674 7089 7090
3 6674 7090 6675
3 6675 7090 7091
3 6676 7092 6678
3 6678 7092 7093
3 6678 7093 6680
3 6680 7093 7094
3 6680 7094 6682
3 6682 7094 7095
3 6682 7096 6685
3 6685 7096 7097
3 6685 7097 6687
3 6687 7097 7098
3 6689 7099 6691
3 6691 7099 7100
3 6691 7100 6693
3 6693 7100 7101
3 6693 7101 6695
3 6695 7101 7102
3 6697 7103 6699
3 6699 7103 7104
3 6699 7104 6701
3 6701 7104 7105
3 6701 7105 6703
3 6703 7105 7106
3 6705 7107 6707
3 6707 7107 7108
3 6707 7108 6709
3 6709 7108 7109
3 6709 7109 6711
3 6711 7109 7110
3 6713 7111 6715
3 6715 7111 7112
3 6715 7112 6717
3 6717 7112 7113
3 6717 7113 6719
3 6719 7113 7114
3 6721 7115 6723
3 6723 7115 7116
3 6723 7116 6725
3 6725 7116 7117
3 6727 7118 6728
3 6728 7118 7119
3 6728 7119 6730
3 6730 7119 7120
3 6730 7120 6732
3 6732 7120 7121
3 6734 7122 6736
3 6736 7122 7123
3 6736 7123 6737
3 6737 7123 7124
3 6737 7124 6739
3 6739 7124 7125
3 6741 7126 6743
3 6743 7126 7127
3 6743 7127 6745
3 6745 7127 7128
3 6745 7128 6747
3 6747 7128 7129
3 6749 7130 6751
3 6751 7130 7131
3 6751 7131 6753
3 6753 7131 7132
3 6755 7133 6757
3 6757 7133 7134
3 6757 7134 6759
3 6759 7134 7135
3 6759 7135 6761
3 6761 7135 7136
3 6763 7137 6765
3 6765 7137 7138
3 6765 7138 6767
3 6767 7138 7139
3 6767 7139 6769
3 6769 7139 7140
3 6771 7141 6773
3 6773 7141 7142
3 6773 7142 6775
3 6775 7142 7143
3 6775 7143 6777
3 6777 7143 7144
3 6779 7145 6781
3 6781 7145 7146
3 6781 7146 6783
3 6783 7146 7147
3 6783 7147 6785
3 6785 7147 7148
3 6787 7149 6789
3 6789 7149 7150
3 6789 7150 6791
3 6791 7150 7151
3 6793 7152 6795
3 6795 7152 7153
3 6795 7153 6797
3 6797 7153 7154
3 6797 7154 6799
3 6799 7154 7155
3 6801 7156 6803
3 6803 7156 7157
3 6803 7157 6805
3 6805 7157 7158
3 6805 7158 6807
3 6807 7158 7159
3 6809 7160 6811
3 6811 7160 7161
3 6811 7161 6813
3 6813 7161 7162
3 6813 7162 6815
3 6815 7162 7163
3 6817 7164 6819
3 6819 7164 7165
3 6819 7165 6821
3 6821 7165 7166
3 6823 7167 6825
3 6825 7167 7168
3 6825 7168 6827
3 6827 7168 7169
3 6827 7169 6829
3 6829 7169 7170
3 6831 7171 6833
3 6833 7171 7172
3 6833 7172 6835
3 6835 7172 7173
3 6835 7173 6837
3 6837 7173 7174
3 6839 7175 6841
3 6841 7175 7176
3 6841 7176 6843
3 6843 7176 7177
3 6843 7177 6845
3 6845 7177 7178
3 6847 7179 6849
3 6849 7179 7180
3 6849 7180 6851
3 6851 7180 7181
3 6851 7181 6853
3 6853 7181 7182
3 6855 7183 6857
3 6857 7183 7184
3 6857 7184 6859
3 6859 7184 7185
3 6861 7186 6863
3 6863 7186 7187
3 6863 7187 6865
3 6865 7187 7188
3 6865 7188 6867
3 6867 7188 7189
3 6869 7190 6871
3 6871 7190 7191
3 6871 7191 6873
3 6873 7191 7192
3 6873 7192 6874
3 6874 7192 7193
3 6876 7194 6877
3 6877 7194 7195
3 6877 7195 6878
3 6878 7195 7196
3 6878 7196 6880
3 6880 7196 7197
3 6882 7198 6884
3 6884 7198 7199
3 6884 7199 6886
3 6886 7199 7200
3 6886 7200 6888
3 6888 7200 7201
3 6890 7202 6892
3 6892 7202 7203
3 6892 7203 6894
3 6894 7203 7204
3 6896 7205 6898
3 6898 7205 7206
3 6898 7206 6900
3 6900 7206 7207
3 6900 7207 6902
3 6902 7207 7208
3 6904 7209 607
3 6906 6905 7210
3 6906 7210 6907
3 6907 7210 7211
3 6907 7211 6908
3 6908 7211 7212
3 6908 7212 6909
3 6909 7212 7213
3 6909 7213 6910
3 6910 7213 7214
3 6911 7215 6912
3 6912 7215 7216
3 6913 7217 6914
3 6914 7217 7218
3 6914 7218 6915
3 6915 7218 7219
3 6915 7219 6916
3 6916 7219 7220
3 6916 7220 6917
3 6917 7220 7221
3 6918 7221 6919
3 6919 7221 7222
3 6919 7222 6920
3 6920 7222 7223
3 6920 7223 6921
3 6921 7223 7224
3 6921 7224 6922
3 6922 7224 7225
3 6922 7225 6923
3 6923 7225 7226
3 6923 7226 6924
3 6924 7226 7227
3 6924 7227 6925
3 6925 7227 7228
3 6925 7228 6926
3 6926 7228 7229
3 6926 7229 6927
3 6927 7229 7230
3 6927 7230 6928
3 6928 7230 7231
3 6929 7232 6930
3 6930 7232 7233
3 6930 7233 6931
3 6931 7233 7234
3 6931 7234 6932
3 6932 7234 7235
3 6932 7235 6933
3 6933 7235 7236
3 6933 7236 6934
3 6934 7236 7237
3 6934 7237 6935
3 6935 7237 7238
3 6935 7238 6936
3 6936 7238 7239
3 6936 7239 6937
3 6937 7239 7240
3 6938 7241 6939
3 6939 7241 7242
3 6940 7243 6941
3 6941 7243 7244
3 6941 7244 6942
3 6942 7244 7245
3 6943 7246 6944
3 6944 7246 7247
3 6944 7247 6945
3 6945 7247 7248
3 6945 7248 6946
3 6946 7248 7249
3 6947 7250 6948
3 6948 7250 7251
3 6948 7251 6949
3 6949 7251 7252
3 6950 7252 6951
3 6951 7252 7253
3 6951 7253 6952
3 6952 7253 7254
3 6953 7255 6954
3 6954 7255 7256
3 6954 7256 6955
3 6955 7256 7257
3 6955 7257 6956
3 6956 7257 7258
3 6957 7259 6958
3 6958 7259 7260
3 6958 7260 6959
3 6959 7260 7261
3 6959 7262 6960
3 6960 7262 7263
3 6960 7263 6961
3 6961 7263 7264
3 6962 7265 6963
3 6963 7265 7266
3 6963 7266 6964
3 6964 7266 7267
3 6965 7268 6966
3 6966 7268 7269
3 6966 7269 6967
3 6967 7269 7270
3 6967 7270 6968
3 6968 7270 7271
3 6969 7272 6970
3 6970 7272 7273
3 6970 7273 6971
3 6971 7273 7274
3 6972 7275 6973
3 6973 7275 7276
3 6973 7276 6974
3 6974 7276 7277
3 6975 7278 6976
3 6976 7278 7279
3 6976 7279 6977
3 6977 7279 7280
3 6977 7280 6978
3 6978 7280 7281
3 6979 7282 6980
3 6980 7282 7283
3 6980 7283 6981
3 6981 7283 7284
3 6982 7285 6983
3 6983 7285 7286
3 6983 7286 6984
3 6984 7286 7287
3 6984 7287 6985
3 6985 7287 7288
3 6985 7288 6986
3 6986 7288 7289
3 6987 7290 6988
3 6988 7290 7291
3 6988 7291 6989
3 6989 7291 7292
3 6989 7292 6990
3 6990 7292 7293
3 6991 7294 6992
3 6992 7294 7295
3 6992 7295 6993
3 6993 7295 7296
3 6993 7296 6994
3 6994 7296 7297
3 6994 7297 6995
3 6995 7297 7298
3 6996 7298 6997
3 6997 7298 7299
3 6997 7299 6998
3 6998 7299 7300
3 6998 7300 6999
3 6999 7300 7301
3 7000 7302 7001
3 7001 7302 7303
3 7001 7303 7002
3 7002 7303 7304
3 7002 7304 7003
3 7003 7304 7305
3 7003 7305 7004
3 7004 7305 7306
3 7005 7307 7006
3 7006 7307 7308
3 7006 7308 7007
3 7007 7308 7309
3 7007 7309 7008
3 7008 7309 7310
3 7009 7311 7010
3 7010 7311 7312
3 7010 7312 7011
3 7011 7312 7313
3 7011 7313 7012
3 7012 7313 7314
3 7012 7314 7013
3 7013 7314 7315
3 7014 7316 7015
3 7015 7316 7317
3 7015 7317 7016
3 7016 7317 7318
3 7016 7318 7017
3 7017 7318 7319
3 7017 7319 7018
3 7018 7319 7320
3 7019 7321 7020
3 7020 7321 7322
3 7020 7322 7021
3 7021 7322 7323
3 7021 7323 7022
3 7022 7323 7324
3 7023 7325 7024
3 7024 7325 7326
3 7024 7326 7025
3 7025 7326 7327
3 7025 7327 7026
3 7026 7327 7328
3 7026 7328 7027
3 7027 7328 7329
3 7028 7330 7029
3 7029 7330 7331
3 7029 7331 7030
3 7030 7331 7332
3 7030 7332 7031
3 7031 7332 7333
3 7032 7334 7033
3 7033 7334 7335
3 7033 7335 7034
3 7034 7335 7336
3 7034 7336 7035
3 7035 7336 7337
3 7035 7337 7036
3 7036 7337 7338
3 7037 7339 7038
3 7038 7339 7340
3 7038 7340 7039
3 7039 7340 7341
3 7039 7341 7040
3 7040 7341 7342
3 7041 7343 7042
3 7042 7343 7344
3 7042 7344 7043
3 7043 7344 7345
3 7043 7345 7044
3 7044 7345 7346
3 7044 7346 7045
3 7045 7346 7347
3 7046 7348 7047
3 7047 7348 7349
3 7047 7349 7048
3 7048 7349 7350
3 7048 7350 7049
3 7049 7350 7351
3 7050 7352 7051
3 7051 7352 7353
3 7051 7353 7052
3 7052 7353 7354
3 7052 7354 7053
3 7053 7354 7355
3 7053 7355 7054
3 7054 7355 7356
3 7054 7356 7055
3 7055 7356 7357
3 7055 7357 7056
3 7056 7357 7358
3 7056 7358 7057
3 7057 7358 7359
3 7058 7360 7059
3 7059 7360 7361
3 7059 7361 7060
3 7060 7361 7362
3 7060 7362 7061
3 7061 7362 7363
3 7062 7364 7063
3 7063 7364 7365
3 7063 7365 7064
3 7064 7365 7366
3 7065 7367 7066
3 7066 7367 7368
3 7066 7368 7067
3 7067 7368 7369
3 7067 7369 7068
3 7068 7369 7370
3 7069 7371 7070
3 7070 7371 7372
3 7070 7372 7071
3 7071 7372 7373
3 7071 7373 7072
3 7072 7373 7374
3 7073 7375 7074
3 7074 7375 7376
3 7074 7376 7075
3 7075 7376 7377
3 7075 7377 7076
3 7076 7377 7378
3 7077 7379 7078
3 7078 7379 7380
3 7078 7380 7079
3 7079 7380 7381
3 7080 7382 7081
3 7081 7382 7383
3 7081 7383 7082
3 7082 7383 7384
3 7082 7384 7083
3 7083 7384 7385
3 7084 7386 7085
3 7085 7386 7387
3 7085 7387 7086
3 7086 7387 7388
3 7086 7388 7087
3 7087 7388 7389
3 7088 7390 7089
3 7089 7390 7391
3 7089 7391 7090
3 7090 7391 7392
3 7090 7392 7091
3 7091 7392 7393
3 7092 7394 7093
3 7093 7394 7395
3 7093 7395 7094
3 7094 7395 7396
3 7094 7396 7095
3 7095 7396 7397
3 7096 7398 7097
3 7097 7398 7399
3 7097 7399 7098
3 7098 7399 7400
3 7099 7401 7100
3 7100 7401 7402
3 7100 7402 7101
3 7101 7402 7403
3 7101 7403 7102
3 7102 7403 7404
3 7103 7405 7104
3 7104 7405 7406
3 7104 7406 7105
3 7105 7406 7407
3 7105 7407 7106
3 7106 7407 7408
3 7107 7409 7108
3 7108 7409 7410
3 7108 7410 7109
3 7109 7410 7411
3 7109 7411 7110
3 7110 7411 7412
3 7111 7413 7112
3 7112 7413 7414
3 7112 7414 7113
3 7113 7414 7415
3 7113 7415 7114
3 7114 7415 7416
3 7115 7417 7116
3 7116 7417 7418
3 7116 7418 7117
3 7117 7418 7419
3 7118 7420 7119
3 7119 7420 7421
3 7119 7421 7120
3 7120 7421 7422
3 7120 7422 7121
3 7121 7422 7423
3 7122 7424 7123
3 7123 7424 7425
3 7123 7425 7124
3 7124 7425 7426
3 7124 7426 7125
3 7125 7426 7427
3 7126 7428 7127
3 7127 7428 7429
3 7127 7429 7128
3 7128 7429 7430
3 7128 7430 7129
3 7129 7430 7431
3 7130 7432 7131
3 7131 7432 7433
3 7131 7433 7132
3 7132 7433 7434
3 7133 7435 7134
3 7134 7435 7436
3 7134 7436 7135
3 7135 7436 7437
3 7135 7437 7136
3 7136 7437 7438
3 7137 7439 7138
3 7138 7439 7440
3 7138 7440 7139
3 7139 7440 7441
3 7139 7441 7140
3 7140 7441 7442
3 7141 7443 7142
3 7142 7443 7444
3 7142 7444 7143
3 7143 7444 7445
3 7143 7445 7144
3 7144 7445 7446
3 7145 7447 7146
3 7146 7447 7448
3 7146 7448 7147
3 7147 7448 7449
3 7147 7449 7148
3 7148 7449 7450
3 7149 7451 7150
3 7150 7451 7452
3 7150 7452 7151
3 7151 7452 7453
3 7152 7454 7153
3 7153 7454 7455
3 7153 7455 7154
3 7154 7455 7456
3 7154 7456 7155
3 7155 7456 7457
3 7156 7458 7157
3 7157 7458 7459
3 7157 7459 7158
3 7158 7459 7460
3 7158 7460 7159
3 7159 7460 7461
3 7160 7462 7161
3 7161 7462 7463
3 7161 7463 7162
3 7162 7463 7464
3 7162 7464 7163
3 7163 7464 7465
3 7164 7466 7165
3 7165 7466 7467
3 7165 7467 7166
3 7166 7467 7468
3 7167 7469 7168
3 7168 7469 7470
3 7168 7470 7169
3 7169 7470 7471
3 7169 7471 7170
3 7170 7471 7472
3 7171 7473 7172
3 7172 7473 7474
3 7172 7474 7173
3 7173 7474 7475
3 7173 7475 7174
3 7174 7475 7476
3 7175 7477 7176
3 7176 7477 7478
3 7176 7478 7177
3 7177 7478 7479
3 7177 7479 7178
3 7178 7479 7480
3 7179 7481 7180
3 7180 7481 7482
3 7180 7482 7181
3 7181 7482 7483
3 7181 7483 7182
3 7182 7483 7484
3 7183 7485 7184
3 7184 7485 7486
3 7184 7486 7185
3 7185 7486 7487
3 7186 7488 7187
3 7187 7488 7489
3 7187 7489 7188
3 7188 7489 7490
3 7188 7490 7189
3 7189 7490 7491
3 7190 7492 7191
3 7191 7492 7493
3 7191 7493 7192
3 7192 7493 7494
3 7192 7494 7193
3 7193 7494 7495
3 7194 7496 7195
3 7195 7496 7497
3 7195 7497 7196
3 7196 7497 7498
3 7196 7498 7197
3 7197 7498 7499
3 7198 7500 7199
3 7199 7500 7501
3 7199 7501 7200
3 7200 7501 7502
3 7200 7502 7201
3 7201 7502 7503
3 7202 7504 7203
3 7203 7504 7505
3 7203 7505 7204
3 7204 7505 7506
3 7205 7507 7206
3 7206 7507 7508
3 7206 7508 7207
3 7207 7508 7509
3 7207 7509 7208
3 7208 7509 7510
3 7209 7511 607
3 1 5785 7512
3 7512 5785 7513
3 7512 7513 7211
3 7211 7513 7514
3 7211 7514 7515
3 7515 7514 7516
3 7515 7516 7213
3 7213 7516 7517
3 7213 7517 7215
3 7215 7517 7518
3 7519 7520 7216
3 7216 7520 7521
3 7522 7523 7218
3 7218 7523 7524
3 7218 7524 7525
3 7525 7524 7526
3 7525 7526 7527
3 7527 7526 7528
3 7527 7528 7221
3 7221 7528 7529
3 7221 7530 7222
3 7222 7530 7531
3 7222 7531 7223
3 7223 7531 7532
3 7223 7532 7224
3 7224 7532 7533
3 7224 7533 7225
3 7225 7533 7534
3 7225 7535 7536
3 7536 7535 7537
3 7536 7537 7538
3 7538 7537 7539
3 7538 7539 7540
3 7540 7539 7541
3 7540 7541 7542
3 7542 7541 7543
3 7542 7543 7544
3 7544 7543 7545
3 7544 7545 7546
3 7546 7545 7547
3 7548 7549 7550
3 7550 7549 7551
3 7550 7551 7234
3 7234 7551 7552
3 7234 7552 7235
3 7235 7552 7553
3 7235 7553 7236
3 7236 7553 7554
3 7236 7554 7237
3 7237 7554 7555
3 7237 7555 7556
3 7556 7555 7557
3 7556 7557 7558
3 7558 7557 7559
3 7558 7559 7560
3 7560 7559 7561
3 7562 7563 7564
3 7564 7563 7565
3 7566 7567 7568
3 7568 7567 7569
3 7568 7569 7570
3 7570 7569 7571
3 7246 7572 7573
3 7573 7572 7574
3 7573 7574 7575
3 7575 7574 7576
3 7575 7576 7577
3 7577 7576 7578
3 7579 7580 7251
3 7251 7580 7581
3 7251 7581 7582
3 7582 7581 7583
3 7582 7584 7585
3 7585 7584 7586
3 7585 7586 7254
3 7254 7586 7587
3 7588 7589 7590
3 7590 7589 7591
3 7590 7591 7592
3 7592 7591 7593
3 7592 7593 7594
3 7594 7593 7595
3 7596 7597 7598
3 7598 7597 7599
3 7598 7599 7600
3 7600 7599 7601
3 7602 7603 7604
3 7604 7603 7605
3 7604 7605 7606
3 7606 7605 7607
3 7608 7609 7266
3 7266 7609 7610
3 7266 7610 7267
3 7267 7610 7611
3 7268 7612 7613
3 7613 7612 7614
3 7613 7614 7270
3 7270 7614 7615
3 7270 7615 7271
3 7271 7615 7616
3 7272 7617 7273
3 7273 7617 7618
3 7273 7618 7274
3 7274 7618 7619
3 7620 7621 7276
3 7276 7621 7622
3 7276 7622 7623
3 7623 7622 7624
3 7278 7625 7279
3 7279 7625 7626
3 7279 7626 7280
3 7280 7626 7627
3 7280 7627 7281
3 7281 7627 7628
3 7282 7629 7283
3 7283 7629 7630
3 7283 7630 7631
3 7631 7630 7632
3 7633 7634 7635
3 7635 7634 7636
3 7635 7636 7287
3 7287 7636 7637
3 7287 7637 7288
3 7288 7637 7638
3 7288 7638 7289
3 7289 7638 7639
3 7290 7640 7641
3 7641 7640 7642
3 7641 7642 7643
3 7643 7642 7644
3 7643 7644 7645
3 7645 7644 7646
3 7647 7648 7649
3 7649 7648 7650
3 7649 7650 7651
3 7651 7650 7652
3 7651 7652 7297
3 7297 7652 7653
3 7297 7653 7298
3 7298 7653 7654
3 7655 7656 7657
3 7657 7656 7658
3 7657 7658 7659
3 7659 7658 7660
3 7659 7660 7661
3 7661 7660 7662
3 7663 7664 7665
3 7665 7664 7666
3 7665 7666 7667
3 7667 7666 7668
3 7667 7668 7669
3 7669 7668 7670
3 7669 7670 7671
3 7671 7670 7672
3 7307 7673 7674
3 7674 7673 7675
3 7674 7675 7676
3 7676 7675 7677
3 7676 7677 7678
3 7678 7677 7679
3 7311 7680 7312
3 7312 7680 7681
3 7312 7681 7682
3 7682 7681 7683
3 7682 7683 7684
3 7684 7683 7685
3 7684 7685 7686
3 7686 7685 7687
3 7316 7688 7317
3 7317 7688 7689
3 7317 7689 7318
3 7318 7689 7690
3 7318 7690 7691
3 7691 7690 7692
3 7691 7692 7693
3 7693 7692 7694
3 7695 7696 7697
3 7697 7696 7698
3 7697 7698 7323
3 7323 7698 7699
3 7323 7699 7324
3 7324 7699 7700
3 7325 7701 7326
3 7326 7701 7702
3 7326 7702 7703
3 7703 7702 7704
3 7703 7704 7705
3 7705 7704 7706
3 7705 7706 7329
3 7329 7706 7707
3 7330 7708 7709
3 7709 7708 7710
3 7709 7710 7711
3 7711 7710 7712
3 7711 7712 7713
3 7713 7712 7714
3 7715 7716 7717
3 7717 7716 7718
3 7717 7718 7719
3 7719 7718 7720
3 7719 7720 7721
3 7721 7720 7722
3 7721 7722 7723
3 7723 7722 7724
3 7725 7726 7727
3 7727 7726 7728
3 7727 7728 7729
3 7729 7728 7730
3 7729 7730 7731
3 7731 7730 7732
3 7733 7734 7344
3 7344 7734 7735
3 7344 7735 7736
3 7736 7735 7737
3 7736 7737 7738
3 7738 7737 7739
3 7738 7739 7347
3 7347 7739 7740
3 7741 7742 7743
3 7743 7742 7744
3 7743 7744 7745
3 7745 7744 7746
3 7745 7746 7747
3 7747 7746 7748
3 7749 7750 7751
3 7751 7750 7752
3 7751 7752 7753
3 7753 7752 7754
3 7753 7754 7755
3 7755 7754 7756
3 7755 7756 7757
3 7757 7756 7758
3 7757 7758 7759
3 7759 7758 7760
3 7759 7760 7761
3 7761 7760 7762
3 7761 7762 7763
3 7763 7762 7764
3 7765 7766 7767
3 7767 7766 7768
3 7767 7768 7769
3 7769 7768 7770
3 7769 7770 7771
3 7771 7770 7772
3 7773 7774 7775
3 7775 7774 7776
3 7775 7776 7777
3 7777 7776 7778
3 7366 7779 7780
3 7780 7779 7781
3 7780 7781 7369
3 7369 7781 7782
3 7369 7782 7370
3 7370 7782 7783
3 7371 7784 7785
3 7785 7784 7786
3 7785 7786 7787
3 7787 7786 7788
3 7787 7788 7789
3 7789 7788 7790
3 7791 7792 7376
3 7376 7792 7793
3 7376 7793 7794
3 7794 7793 7795
3 7794 7795 7378
3 7378 7795 7796
3 7379 7797 7380
3 7380 7797 7798
3 7380 7798 7381
3 7381 7798 7799
3 7800 7801 7383
3 7383 7801 7802
3 7383 7802 7803
3 7803 7802 7804
3 7803 7804 7385
3 7385 7804 7805
3 7806 7807 7387
3 7387 7807 7808
3 7387 7808 7809
3 7809 7808 7810
3 7809 7810 7389
3 7389 7810 7811
3 7390 7812 7813
3 7813 7812 7814
3 7813 7814 7392
3 7392 7814 7815
3 7392 7815 7816
3 7816 7815 7817
3 7394 7818 7819
3 7819 7818 7820
3 7819 7820 7821
3 7821 7820 7822
3 7821 7822 7823
3 7823 7822 7824
3 7825 7826 7827
3 7827 7826 7828
3 7827 7828 7829
3 7829 7828 7830
3 7831 7832 7833
3 7833 7832 7834
3 7833 7834 7835
3 7835 7834 7836
3 7835 7836 7837
3 7837 7836 7838
3 7839 7840 7841
3 7841 7840 7842
3 7841 7842 7843
3 7843 7842 7844
3 7843 7844 7845
3 7845 7844 7846
3 7847 7848 7849
3 7849 7848 7850
3 7849 7850 7411
3 7411 7850 7851
3 7411 7851 7852
3 7852 7851 7853
3 7413 7854 7414
3 7414 7854 7855
3 7414 7855 7415
3 7415 7855 7856
3 7415 7856 7857
3 7857 7856 7858
3 7859 7860 7861
3 7861 7860 7862
3 7861 7862 7863
3 7863 7862 7864
3 7865 7866 7867
3 7867 7866 7868
3 7867 7868 7869
3 7869 7868 7870
3 7869 7870 7871
3 7871 7870 7872
3 7873 7874 7875
3 7875 7874 7876
3 7875 7876 7877
3 7877 7876 7878
3 7877 7878 7427
3 7427 7878 7879
3 7428 7880 7881
3 7881 7880 7882
3 7881 7882 7883
3 7883 7882 7884
3 7883 7884 7885
3 7885 7884 7886
3 7887 7888 7433
3 7433 7888 7889
3 7433 7889 7434
3 7434 7889 7890
3 7891 7892 7893
3 7893 7892 7894
3 7893 7894 7895
3 7895 7894 7896
3 7895 7896 7438
3 7438 7896 7897
3 7898 7899 7440
3 7440 7899 7900
3 7440 7900 7441
3 7441 7900 7901
3 7441 7901 7902
3 7902 7901 7903
3 7904 7905 7906
3 7906 7905 7907
3 7906 7907 7908
3 7908 7907 7909
3 7908 7909 7910
3 7910 7909 7911
3 7447 7912 7913
3 7913 7912 7914
3 7913 7914 7915
3 7915 7914 7916
3 7915 7916 7917
3 7917 7916 7918
3 7451 7919 7920
3 7920 7919 7921
3 7920 7921 7922
3 7922 7921 7923
3 7924 7925 7926
3 7926 7925 7927
3 7926 7927 7928
3 7928 7927 7929
3 7928 7929 7930
3 7930 7929 7931
3 7932 7933 7459
3 7459 7933 7934
3 7459 7934 7935
3 7935 7934 7936
3 7935 7936 7937
3 7937 7936 7938
3 7462 7939 7463
3 7463 7939 7940
3 7463 7940 7941
3 7941 7940 7942
3 7941 7942 7943
3 7943 7942 7944
3 7945 7946 7467
3 7467 7946 7947
3 7467 7947 7468
3 7468 7947 7948
3 7469 7949 7470
3 7470 7949 7950
3 7470 7950 7951
3 7951 7950 7952
3 7951 7952 7953
3 7953 7952 7954
3 7955 7956 7957
3 7957 7956 7958
3 7957 7958 7475
3 7475 7958 7959
3 7475 7959 7476
3 7476 7959 7960
3 7477 7961 7962
3 7962 7961 7963
3 7962 7963 7479
3 7479 7963 7964
3 7479 7964 7480
3 7480 7964 7965
3 7481 7966 7482
3 7482 7966 7967
3 7482 7967 7483
3 7483 7967 7968
3 7483 7968 7969
3 7969 7968 7970
3 7971 7972 7973
3 7973 7972 7974
3 7973 7974 7487
3 7487 7974 7975
3 7488 7976 7977
3 7977 7976 7978
3 7977 7978 7979
3 7979 7978 7980
3 7979 7980 7981
3 7981 7980 7982
3 7983 7984 7493
3 7493 7984 7985
3 7493 7985 7986
3 7986 7985 7987
3 7986 7987 7495
3 7495 7987 7988
3 7496 7989 7990
3 7990 7989 7991
3 7990 7991 7992
3 7992 7991 7993
3 7992 7993 7499
3 7499 7993 7994
3 7500 7995 7996
3 7996 7995 7997
3 7996 7997 7998
3 7998 7997 7999
3 7998 7999 7503
3 7503 7999 8000
3 7504 8001 8002
3 8002 8001 8003
3 8002 8003 7506
3 7506 8003 8004
3 7507 8005 7508
3 7508 8005 8006
3 7508 8006 7509
3 7509 8006 8007
3 7509 8007 7510
3 7510 8007 8008
3 8009 8010 607
3 1 609 7513
3 7513 609 8011
3 7513 8011 7514
3 7514 8011 8012
3 7514 8012 8013
3 8013 8012 8014
3 8013 8014 7517
3 7517 8014 8015
3 7517 8015 7518
3 7518 8015 8016
3 8017 8018 8019
3 8019 8018 8020
3 8021 8022 8023
3 8023 8022 8024
3 8023 8024 7526
3 7526 8024 8025
3 7526 8025 7528
3 7528 8025 8026
3 7528 8026 8027
3 8027 8026 8028
3 8029 8030 8031
3 8031 8030 8032
3 8031 8032 7532
3 7532 8032 8033
3 7532 8033 8034
3 8034 8033 8035
3 8034 8035 8036
3 8036 8035 8037
3 7535 8038 7537
3 7537 8038 8039
3 7537 8039 7539
3 7539 8039 8040
3 7539 8040 8041
3 8041 8040 8042
3 8041 8042 7543
3 7543 8042 8043
3 7543 8043 8044
3 8044 8043 8045
3 8044 8045 7547
3 7547 8045 8046
3 8047 8048 7551
3 7551 8048 8049
3 7551 8049 8050
3 8050 8049 8051
3 8050 8051 7553
3 7553 8051 8052
3 7553 8052 7554
3 7554 8052 8053
3 7554 8053 7555
3 7555 8053 8054
3 7555 8054 7557
3 7557 8054 8055
3 7557 8055 8056
3 8056 8055 8057
3 8056 8057 8058
3 8058 8057 8059
3 8060 8061 8062
3 8062 8061 8063
3 8064 8065 8066
3 8066 8065 8067
3 8066 8067 7571
3 7571 8067 8068
3 7572 8069 8070
3 8070 8069 8071
3 8070 8071 8072
3 8072 8071 8073
3 8072 8073 8074
3 8074 8073 8075
3 7580 8076 8077
3 8077 8076 8078
3 8077 8078 8079
3 8079 8078 8080
3 7584 8081 8082
3 8082 8081 8083
3 8082 8083 7587
3 7587 8083 8084
3 7589 8085 7591
3 7591 8085 8086
3 7591 8086 7593
3 7593 8086 8087
3 7593 8087 7595
3 7595 8087 8088
3 7597 8089 7599
3 7599 8089 8090
3 7599 8090 8091
3 8091 8090 8092
3 8093 8094 8095
3 8095 8094 8096
3 8095 8096 8097
3 8097 8096 8098
3 8099 8100 8101
3 8101 8100 8102
3 8101 8102 8103
3 8103 8102 8104
3 8105 8106 8107
3 8107 8106 8108
3 8107 8108 8109
3 8109 8108 8110
3 8109 8110 8111
3 8111 8110 8112
3 8113 8114 8115
3 8115 8114 8116
3 8115 8116 8117
3 8117 8116 8118
3 8119 8120 7622
3 7622 8120 8121
3 7622 8121 7624
3 7624 8121 8122
3 8123 8124 8125
3 8125 8124 8126
3 8125 8126 8127
3 8127 8126 8128
3 8127 8128 8129
3 8129 8128 8130
3 7629 8131 8132
3 8132 8131 8133
3 8132 8133 8134
3 8134 8133 8135
3 8136 8137 8138
3 8138 8137 8139
3 8138 8139 8140
3 8140 8139 8141
3 8140 8141 8142
3 8142 8141 8143
3 8142 8143 8144
3 8144 8143 8145
3 8146 8147 8148
3 8148 8147 8149
3 8148 8149 8150
3 8150 8149 8151
3 8150 8151 8152
3 8152 8151 8153
3 8154 8155 8156
3 8156 8155 8157
3 8156 8157 8158
3 8158 8157 8159
3 8158 8159 7653
3 7653 8159 8160
3 7653 8160 8161
3 8161 8160 8162
3 8163 8164 8165
3 8165 8164 8166
3 8165 8166 8167
3 8167 8166 8168
3 8167 8168 7662
3 7662 8168 8169
3 8170 8171 7666
3 7666 8171 8172
3 7666 8172 7668
3 7668 8172 8173
3 7668 8173 8174
3 8174 8173 8175
3 8174 8175 8176
3 8176 8175 8177
3 8178 8179 8180
3 8180 8179 8181
3 8180 8181 8182
3 8182 8181 8183
3 8182 8183 7679
3 7679 8183 8184
3 8185 8186 8187
3 8187 8186 8188
3 8187 8188 8189
3 8189 8188 8190
3 8189 8190 8191
3 8191 8190 8192
3 8191 8192 7687
3 7687 8192 8193
3 8194 8195 7689
3 7689 8195 8196
3 7689 8196 7690
3 7690 8196 8197
3 7690 8197 8198
3 8198 8197 8199
3 8198 8199 7694
3 7694 8199 8200
3 7696 8201 8202
3 8202 8201 8203
3 8202 8203 7699
3 7699 8203 8204
3 7699 8204 7700
3 7700 8204 8205
3 8206 8207 8208
3 8208 8207 8209
3 8208 8209 7704
3 7704 8209 8210
3 7704 8210 8211
3 8211 8210 8212
3 8211 8212 8213
3 8213 8212 8214
3 8215 8216 8217
3 8217 8216 8218
3 8217 8218 7712
3 7712 8218 8219
3 7712 8219 7714
3 7714 8219 8220
3 8221 8222 8223
3 8223 8222 8224
3 8223 8224 8225
3 8225 8224 8226
3 8225 8226 8227
3 8227 8226 8228
3 8227 8228 8229
3 8229 8228 8230
3 7726 8231 8232
3 8232 8231 8233
3 8232 8233 7730
3 7730 8233 8234
3 7730 8234 8235
3 8235 8234 8236
3 8237 8238 8239
3 8239 8238 8240
3 8239 8240 7737
3 7737 8240 8241
3 7737 8241 7739
3 7739 8241 8242
3 7739 8242 8243
3 8243 8242 8244
3 7740 8245 8246
3 8246 8245 8247
3 8246 8247 8248
3 8248 8247 8249
3 8248 8249 8250
3 8250 8249 8251
3 8252 8251 7752
3 7752 8251 8253
3 7752 8253 8254
3 8254 8253 8255
3 8254 8255 8256
3 8256 8255 8257
3 8256 8257 8258
3 8258 8257 8259
3 8258 8259 8260
3 8260 8259 8261
3 8260 8261 8262
3 8262 8261 8263
3 8262 8263 8264
3 8264 8263 8265
3 8266 8267 8268
3 8268 8267 8269
3 8268 8269 8270
3 8270 8269 8271
3 8270 8271 7772
3 7772 8271 8272
3 7774 8273 8274
3 8274 8273 8275
3 8274 8275 8276
3 8276 8275 8277
3 8278 8279 8280
3 8280 8279 8281
3 8280 8281 7782
3 7782 8281 8282
3 7782 8282 8283
3 8283 8282 8284
3 7784 8285 8286
3 8286 8285 8287
3 8286 8287 8288
3 8288 8287 8289
3 8288 8289 7790
3 7790 8289 8290
3 7792 8291 7793
3 7793 8291 8292
3 7793 8292 8293
3 8293 8292 8294
3 8293 8294 8295
3 8295 8294 8296
3 8297 8298 8299
3 8299 8298 8300
3 8299 8300 8301
3 8301 8300 8302
3 8303 8304 8305
3 8305 8304 8306
3 8305 8306 7804
3 7804 8306 8307
3 7804 8307 8308
3 8308 8307 8309
3 8310 8311 7808
3 7808 8311 8312
3 7808 8312 8313
3 8313 8312 8314
3 8313 8314 8315
3 8315 8314 8316
3 8317 8318 8319
3 8319 8318 8320
3 8319 8320 7815
3 7815 8320 8321
3 7815 8321 8322
3 8322 8321 8323
3 8324 8325 8326
3 8326 8325 8327
3 8326 8327 8328
3 8328 8327 8329
3 8328 8329 8330
3 8330 8329 8331
3 8332 8333 8334
3 8334 8333 8335
3 8334 8335 8336
3 8336 8335 8337
3 8338 8339 7834
3 7834 8339 8340
3 7834 8340 8341
3 8341 8340 8342
3 8341 8342 8343
3 8343 8342 8344
3 8345 8346 8347
3 8347 8346 8348
3 8347 8348 8349
3 8349 8348 8350
3 8349 8350 8351
3 8351 8350 8352
3 8353 8354 8355
3 8355 8354 8356
3 8355 8356 8357
3 8357 8356 8358
3 8357 8358 7853
3 7853 8358 8359
3 7854 8360 7855
3 7855 8360 8361
3 7855 8361 7856
3 7856 8361 8362
3 7856 8362 8363
3 8363 8362 8364
3 8365 8366 8367
3 8367 8366 8368
3 8367 8368 7864
3 7864 8368 8369
3 8370 8371 8372
3 8372 8371 8373
3 8372 8373 8374
3 8374 8373 8375
3 8374 8375 7872
3 7872 8375 8376
3 7874 8377 8378
3 8378 8377 8379
3 8378 8379 7878
3 7878 8379 8380
3 7878 8380 7879
3 7879 8380 8381
3 7880 8382 8383
3 8383 8382 8384
3 8383 8384 7884
3 7884 8384 8385
3 7884 8385 8386
3 8386 8385 8387
3 7888 8388 7889
3 7889 8388 8389
3 7889 8389 8390
3 8390 8389 8391
3 8392 8393 8394
3 8394 8393 8395
3 8394 8395 8396
3 8396 8395 8397
3 8396 8397 7897
3 7897 8397 8398
3 8399 8400 7900
3 7900 8400 8401
3 7900 8401 8402
3 8402 8401 8403
3 8402 8403 8404
3 8404 8403 8405
3 7905 8406 8407
3 8407 8406 8408
3 8407 8408 8409
3 8409 8408 8410
3 8409 8410 8411
3 8411 8410 8412
3 8413 8414 8415
3 8415 8414 8416
3 8415 8416 8417
3 8417 8416 8418
3 8417 8418 8419
3 8419 8418 8420
3 8421 8422 8423
3 8423 8422 8424
3 8423 8424 8425
3 8425 8424 8426
3 8427 8428 8429
3 8429 8428 8430
3 8429 8430 7929
3 7929 8430 8431
3 7929 8431 7931
3 7931 8431 8432
3 8433 8434 8435
3 8435 8434 8436
3 8435 8436 8437
3 8437 8436 8438
3 8437 8438 8439
3 8439 8438 8440
3 7939 8441 8442
3 8442 8441 8443
3 8442 8443 8444
3 8444 8443 8445
3 8444 8445 7944
3 7944 8445 8446
3 7946 8447 8448
3 8448 8447 8449
3 8448 8449 8450
3 8450 8449 8451
3 7949 8452 7950
3 7950 8452 8453
3 7950 8453 8454
3 8454 8453 8455
3 8454 8455 8456
3 8456 8455 8457
3 7956 8458 8459
3 8459 8458 8460
3 8459 8460 7959
3 7959 8460 8461
3 7959 8461 8462
3 8462 8461 8463
3 7961 8464 8465
3 8465 8464 8466
3 8465 8466 7964
3 7964 8466 8467
3 7964 8467 7966
3 7966 8467 8468
3 8469 8470 8471
3 8471 8470 8472
3 8471 8472 8473
3 8473 8472 8474
3 8473 8474 8475
3 8475 8474 8476
3 8477 8478 7974
3 7974 8478 8479
3 7974 8479 7975
3 7975 8479 8480
3 8481 8482 7978
3 7978 8482 8483
3 7978 8483 8484
3 8484 8483 8485
3 8484 8485 8486
3 8486 8485 8487
3 7984 8488 7985
3 7985 8488 8489
3 7985 8489 8490
3 8490 8489 8491
3 8490 8491 8492
3 8492 8491 8493
3 8494 8495 8496
3 8496 8495 8497
3 8496 8497 8498
3 8498 8497 8499
3 8498 8499 7994
3 7994 8499 8500
3 8501 8502 8503
3 8503 8502 8504
3 8503 8504 7999
3 7999 8504 8505
3 7999 8505 8000
3 8000 8505 8506
3 8001 8507 8003
3 8003 8507 8508
3 8003 8508 8509
3 8509 8508 8510
3 8004 8511 8512
3 8512 8511 8513
3 8512 8513 8514
3 8514 8513 8515
3 8514 8515 8010
3 8010 8515 8516
3 8010 8517 607
3 609 6905 8011
3 8011 6905 8518
3 8011 8518 8012
3 8012 8518 8519
3 8012 8519 8014
3 8014 8519 8520
3 8014 8520 8015
3 8015 8520 8521
3 8015 8521 8016
3 8016 8521 8522
3 8018 8523 8020
3 8020 8523 8524
3 8022 8525 8024
3 8024 8525 8526
3 8024 8526 8025
3 8025 8526 8527
3 8025 8527 8026
3 8026 8527 8528
3 8026 8528 8028
3 8028 8528 8529
3 8030 8530 8032
3 8032 8530 8531
3 8032 8531 8033
3 8033 8531 8532
3 8033 8532 8035
3 8035 8532 8533
3 8035 8533 8037
3 8037 8533 8534
3 8038 8535 8039
3 8039 8535 8536
3 8039 8536 8040
3 8040 8536 8537
3 8040 8537 8042
3 8042 8537 8538
3 8042 8538 8043
3 8043 8538 8539
3 8043 8539 8045
3 8045 8539 8540
3 8045 8540 8046
3 8046 8540 8541
3 8048 8542 8049
3 8049 8542 8543
3 8049 8543 8051
3 8051 8543 8544
3 8051 8544 8052
3 8052 8544 8545
3 8052 8545 8053
3 8053 8545 8546
3 8053 8546 8054
3 8054 8546 8547
3 8054 8547 8055
3 8055 8547 8548
3 8055 8548 8057
3 8057 8548 8549
3 8057 8549 8059
3 8059 8549 8550
3 8061 8551 8063
3 8063 8551 8552
3 8065 8553 8067
3 8067 8553 8554
3 8067 8554 8068
3 8068 8554 8555
3 8069 8556 8071
3 8071 8556 8557
3 8071 8557 8073
3 8073 8557 8558
3 8073 8558 8075
3 8075 8558 8559
3 8076 8560 8078
3 8078 8560 8561
3 8078 8561 8080
3 8080 8561 8562
3 8081 8563 8083
3 8083 8563 8564
3 8083 8564 8084
3 8084 8564 8565
3 8085 8566 8086
3 8086 8566 8567
3 8086 8567 8087
3 8087 8567 8568
3 8087 8568 8088
3 8088 8568 8569
3 8089 8570 8090
3 8090 8570 8571
3 8090 8571 8092
3 8092 8571 8572
3 8094 8573 8096
3 8096 8573 8574
3 8096 8574 8098
3 8098 8574 8575
3 8100 8576 8102
3 8102 8576 8577
3 8102 8577 8104
3 8104 8577 8578
3 8106 8579 8108
3 8108 8579 8580
3 8108 8580 8110
3 8110 8580 8581
3 8110 8581 8112
3 8112 8581 8582
3 8114 8583 8116
3 8116 8583 8584
3 8116 8584 8118
3 8118 8584 8585
3 8120 8586 8121
3 8121 8586 8587
3 8121 8587 8122
3 8122 8587 8588
3 8124 8589 8126
3 8126 8589 8590
3 8126 8590 8128
3 8128 8590 8591
3 8128 8591 8130
3 8130 8591 8592
3 8131 8593 8133
3 8133 8593 8594
3 8133 8594 8135
3 8135 8594 8595
3 8137 8596 8139
3 8139 8596 8597
3 8139 8597 8141
3 8141 8597 8598
3 8141 8598 8143
3 8143 8598 8599
3 8143 8599 8145
3 8145 8599 8600
3 8147 8601 8149
3 8149 8601 8602
3 8149 8602 8151
3 8151 8602 8603
3 8151 8603 8153
3 8153 8603 8604
3 8155 8605 8157
3 8157 8605 8606
3 8157 8606 8159
3 8159 8606 8607
3 8159 8607 8160
3 8160 8607 8608
3 8160 8608 8162
3 8162 8608 8609
3 8164 8610 8166
3 8166 8610 8611
3 8166 8611 8168
3 8168 8611 8612
3 8168 8612 8169
3 8169 8612 8613
3 8171 8614 8172
3 8172 8614 8615
3 8172 8615 8173
3 8173 8615 8616
3 8173 8616 8175
3 8175 8616 8617
3 8175 8617 8177
3 8177 8617 8618
3 8179 8619 8181
3 8181 8619 8620
3 8181 8620 8183
3 8183 8620 8621
3 8183 8621 8184
3 8184 8621 8622
3 8186 8623 8188
3 8188 8623 8624
3 8188 8624 8190
3 8190 8624 8625
3 8190 8625 8192
3 8192 8625 8626
3 8192 8626 8193
3 8193 8626 8627
3 8195 8628 8196
3 8196 8628 8629
3 8196 8629 8197
3 8197 8629 8630
3 8197 8630 8199
3 8199 8630 8631
3 8199 8631 8200
3 8200 8631 8632
3 8201 8633 8203
3 8203 8633 8634
3 8203 8634 8204
3 8204 8634 8635
3 8204 8635 8205
3 8205 8635 8636
3 8207 8637 8209
3 8209 8637 8638
3 8209 8638 8210
3 8210 8638 8639
3 8210 8639 8212
3 8212 8639 8640
3 8212 8640 8214
3 8214 8640 8641
3 8216 8642 8218
3 8218 8642 8643
3 8218 8643 8219
3 8219 8643 8644
3 8219 8644 8220
3 8220 8644 8645
3 8222 8646 8224
3 8224 8646 8647
3 8224 8647 8226
3 8226 8647 8648
3 8226 8648 8228
3 8228 8648 8649
3 8228 8649 8230
3 8230 8649 8650
3 8231 8651 8233
3 8233 8651 8652
3 8233 8652 8234
3 8234 8652 8653
3 8234 8653 8236
3 8236 8653 8654
3 8238 8655 8240
3 8240 8655 8656
3 8240 8656 8241
3 8241 8656 8657
3 8241 8657 8242
3 8242 8657 8658
3 8242 8658 8244
3 8244 8658 8659
3 8245 8660 8247
3 8247 8660 8661
3 8247 8661 8249
3 8249 8661 8662
3 8249 8662 8251
3 8251 8662 8663
3 8251 8664 8253
3 8253 8664 8665
3 8253 8665 8255
3 8255 8665 8666
3 8255 8666 8257
3 8257 8666 8667
3 8257 8667 8259
3 8259 8667 8668
3 8259 8668 8261
3 8261 8668 8669
3 8261 8669 8263
3 8263 8669 8670
3 8263 8670 8265
3 8265 8670 8671
3 8267 8672 8269
3 8269 8672 8673
3 8269 8673 8271
3 8271 8673 8674
3 8271 8674 8272
3 8272 8674 8675
3 8273 8676 8275
3 8275 8676 8677
3 8275 8677 8277
3 8277 8677 8678
3 8279 8679 8281
3 8281 8679 8680
3 8281 8680 8282
3 8282 8680 8681
3 8282 8681 8284
3 8284 8681 8682
3 8285 8683 8287
3 8287 8683 8684
3 8287 8684 8289
3 8289 8684 8685
3 8289 8685 8290
3 8290 8685 8686
3 8291 8687 8292
3 8292 8687 8688
3 8292 8688 8294
3 8294 8688 8689
3 8294 8689 8296
3 8296 8689 8690
3 8298 8691 8300
3 8300 8691 8692
3 8300 8692 8302
3 8302 8692 8693
3 8304 8694 8306
3 8306 8694 8695
3 8306 8695 8307
3 8307 8695 8696
3 8307 8696 8309
3 8309 8696 8697
3 8311 8698 8312
3 8312 8698 8699
3 8312 8699 8314
3 8314 8699 8700
3 8314 8700 8316
3 8316 8700 8701
3 8318 8702 8320
3 8320 8702 8703
3 8320 8703 8321
3 8321 8703 8704
3 8321 8704 8323
3 8323 8704 8705
3 8325 8706 8327
3 8327 8706 8707
3 8327 8707 8329
3 8329 8707 8708
3 8329 8708 8331
3 8331 8708 8709
3 8333 8710 8335
3 8335 8710 8711
3 8335 8711 8337
3 8337 8711 8712
3 8339 8713 8340
3 8340 8713 8714
3 8340 8714 8342
3 8342 8714 8715
3 8342 8715 8344
3 8344 8715 8716
3 8346 8717 8348
3 8348 8717 8718
3 8348 8718 8350
3 8350 8718 8719
3 8350 8719 8352
3 8352 8719 8720
3 8354 8721 8356
3 8356 8721 8722
3 8356 8722 8358
3 8358 8722 8723
3 8358 8723 8359
3 8359 8723 8724
3 8360 8725 8361
3 8361 8725 8726
3 8361 8726 8362
3 8362 8726 8727
3 8362 8727 8364
3 8364 8727 8728
3 8366 8729 8368
3 8368 8729 8730
3 8368 8730 8369
3 8369 8730 8731
3 8371 8732 8373
3 8373 8732 8733
3 8373 8733 8375
3 8375 8733 8734
3 8375 8734 8376
3 8376 8734 8735
3 8377 8736 8379
3 8379 8736 8737
3 8379 8737 8380
3 8380 8737 8738
3 8380 8738 8381
3 8381 8738 8739
3 8382 8740 8384
3 8384 8740 8741
3 8384 8741 8385
3 8385 8741 8742
3 8385 8742 8387
3 8387 8742 8743
3 8388 8744 8389
3 8389 8744 8745
3 8389 8745 8391
3 8391 8745 8746
3 8393 8747 8395
3 8395 8747 8748
3 8395 8748 8397
3 8397 8748 8749
3 8397 8749 8398
3 8398 8749 8750
3 8400 8751 8401
3 8401 8751 8752
3 8401 8752 8403
3 8403 8752 8753
3 8403 8753 8405
3 8405 8753 8754
3 8406 8755 8408
3 8408 8755 8756
3 8408 8756 8410
3 8410 8756 8757
3 8410 8757 8412
3 8412 8757 8758
3 8414 8759 8416
3 8416 8759 8760
3 8416 8760 8418
3 8418 8760 8761
3 8418 8761 8420
3 8420 8761 8762
3 8422 8763 8424
3 8424 8763 8764
3 8424 8764 8426
3 8426 8764 8765
3 8428 8766 8430
3 8430 8766 8767
3 8430 8767 8431
3 8431 8767 8768
3 8431 8768 8432
3 8432 8768 8769
3 8434 8770 8436
3 8436 8770 8771
3 8436 8771 8438
3 8438 8771 8772
3 8438 8772 8440
3 8440 8772 8773
3 8441 8774 8443
3 8443 8774 8775
3 8443 8775 8445
3 8445 8775 8776
3 8445 8776 8446
3 8446 8776 8777
3 8447 8778 8449
3 8449 8778 8779
3 8449 8779 8451
3 8451 8779 8780
3 8452 8781 8453
3 8453 8781 8782
3 8453 8782 8455
3 8455 8782 8783
3 8455 8783 8457
3 8457 8783 8784
3 8458 8785 8460
3 8460 8785 8786
3 8460 8786 8461
3 8461 8786 8787
3 8461 8787 8463
3 8463 8787 8788
3 8464 8789 8466
3 8466 8789 8790
3 8466 8790 8467
3 8467 8790 8791
3 8467 8791 8468
3 8468 8791 8792
3 8470 8793 8472
3 8472 8793 8794
3 8472 8794 8474
3 8474 8794 8795
3 8474 8795 8476
3 8476 8795 8796
3 8478 8797 8479
3 8479 8797 8798
3 8479 8798 8480
3 8480 8798 8799
3 8482 8800 8483
3 8483 8800 8801
3 8483 8801 8485
3 8485 8801 8802
3 8485 8802 8487
3 8487 8802 8803
3 8488 8804 8489
3 8489 8804 8805
3 8489 8805 8491
3 8491 8805 8806
3 8491 8806 8493
3 8493 8806 8807
3 8495 8808 8497
3 8497 8808 8809
3 8497 8809 8499
3 8499 8809 8810
3 8499 8810 8500
3 8500 8810 8811
3 8502 8812 8504
3 8504 8812 8813
3 8504 8813 8505
3 8505 8813 8814
3 8505 8814 8506
3 8506 8814 8815
3 8507 8816 8508
3 8508 8816 8817
3 8508 8817 8510
3 8510 8817 8818
3 8511 8819 8513
3 8513 8819 8820
3 8513 8820 8515
3 8515 8820 8821
3 8515 8821 8516
3 8516 8821 8822
3 8517 8823 3652
3 3652 8823 607
3 6905 1826 8518
3 8518 1826 8824
3 8518 8824 8519
3 8519 8824 8825
3 8519 8825 8520
3 8520 8825 8826
3 8520 8826 8521
3 8521 8826 8827
3 8521 8827 8522
3 8522 8827 8828
3 8523 8829 8524
3 8524 8829 8830
3 8525 8831 8526
3 8526 8831 8832
3 8526 8832 8527
3 8527 8832 8833
3 8527 8833 8528
3 8528 8833 8834
3 8528 8834 8529
3 8529 8834 8835
3 8530 8836 8531
3 8531 8836 8837
3 8531 8837 8532
3 8532 8837 8838
3 8532 8838 8533
3 8533 8838 8839
3 8533 8839 8534
3 8534 8839 8840
3 8535 8840 8536
3 8536 8840 8841
3 8536 8841 8537
3 8537 8841 8842
3 8537 8842 8538
3 8538 8842 8843
3 8538 8843 8539
3 8539 8843 8844
3 8539 8844 8540
3 8540 8844 8845
3 8540 8845 8541
3 8541 8845 8846
3 8542 8847 8543
3 8543 8847 8848
3 8543 8848 8544
3 8544 8848 8849
3 8544 8849 8545
3 8545 8849 8850
3 8545 8850 8546
3 8546 8850 8851
3 8546 8851 8547
3 8547 8851 8852
3 8547 8852 8548
3 8548 8852 8853
3 8548 8853 8549
3 8549 8853 8854
3 8549 8854 8550
3 8550 8854 8855
3 8551 8856 8552
3 8552 8856 8857
3 8553 8858 8554
3 8554 8858 8859
3 8554 8859 8555
3 8555 8859 8860
3 8556 8861 8557
3 8557 8861 8862
3 8557 8862 8558
3 8558 8862 8863
3 8558 8863 8559
3 8559 8863 8864
3 8560 8865 8561
3 8561 8865 8866
3 8561 8866 8562
3 8562 8866 8867
3 8563 8868 8564
3 8564 8868 8869
3 8564 8869 8565
3 8565 8869 8870
3 8566 8871 8567
3 8567 8871 8872
3 8567 8872 8568
3 8568 8872 8873
3 8568 8873 8569
3 8569 8873 8874
3 8570 8875 8571
3 8571 8875 8876
3 8571 8876 8572
3 8572 8876 8877
3 8573 8878 8574
3 8574 8878 8879
3 8574 8879 8575
3 8575 8879 8880
3 8576 8881 8577
3 8577 8881 8882
3 8577 8882 8578
3 8578 8882 8883
3 8579 8884 8580
3 8580 8884 8885
3 8580 8885 8581
3 8581 8885 8886
3 8581 8886 8582
3 8582 8886 8887
3 8583 8888 8584
3 8584 8888 8889
3 8584 8889 8585
3 8585 8889 8890
3 8586 8891 8587
3 8587 8891 8892
3 8587 8892 8588
3 8588 8892 8893
3 8589 8894 8590
3 8590 8894 8895
3 8590 8895 8591
3 8591 8895 8896
3 8591 8896 8592
3 8592 8896 8897
3 8593 8898 8594
3 8594 8898 8899
3 8594 8899 8595
3 8595 8899 8900
3 8596 8901 8597
3 8597 8901 8902
3 8597 8902 8598
3 8598 8902 8903
3 8598 8903 8599
3 8599 8903 8904
3 8599 8904 8600
3 8600 8904 8905
3 8601 8906 8602
3 8602 8906 8907
3 8602 8907 8603
3 8603 8907 8908
3 8603 8908 8604
3 8604 8908 8909
3 8605 8910 8606
3 8606 8910 8911
3 8606 8911 8607
3 8607 8911 8912
3 8607 8912 8608
3 8608 8912 8913
3 8608 8913 8609
3 8609 8913 8914
3 8610 8915 8611
3 8611 8915 8916
3 8611 8916 8612
3 8612 8916 8917
3 8612 8917 8613
3 8613 8917 8918
3 8614 8919 8615
3 8615 8919 8920
3 8615 8920 8616
3 8616 8920 8921
3 8616 8921 8617
3 8617 8921 8922
3 8617 8922 8618
3 8618 8922 8923
3 8619 8924 8620
3 8620 8924 8925
3 8620 8925 8621
3 8621 8925 8926
3 8621 8926 8622
3 8622 8926 8927
3 8623 8928 8624
3 8624 8928 8929
3 8624 8929 8625
3 8625 8929 8930
3 8625 8930 8626
3 8626 8930 8931
3 8626 8931 8627
3 8627 8931 8932
3 8628 8933 8629
3 8629 8933 8934
3 8629 8934 8630
3 8630 8934 8935
3 8630 8935 8631
3 8631 8935 8936
3 8631 8936 8632
3 8632 8936 8937
3 8633 8938 8634
3 8634 8938 8939
3 8634 8939 8635
3 8635 8939 8940
3 8635 8940 8636
3 8636 8940 8941
3 8637 8942 8638
3 8638 8942 8943
3 8638 8943 8639
3 8639 8943 8944
3 8639 8944 8640
3 8640 8944 8945
3 8640 8945 8641
3 8641 8945 8946
3 8642 8947 8643
3 8643 8947 8948
3 8643 8948 8644
3 8644 8948 8949
3 8644 8949 8645
3 8645 8949 8950
3 8646 8951 8647
3 8647 8951 8952
3 8647 8952 8648
3 8648 8952 8953
3 8648 8953 8649
3 8649 8953 8954
3 8649 8954 8650
3 8650 8954 8955
3 8651 8956 8652
3 8652 8956 8957
3 8652 8957 8653
3 8653 8957 8958
3 8653 8958 8654
3 8654 8958 8959
3 8655 8960 8656
3 8656 8960 8961
3 8656 8961 8657
3 8657 8961 8962
3 8657 8962 8658
3 8658 8962 8963
3 8658 8963 8659
3 8659 8963 8964
3 8660 8965 8661
3 8661 8965 8966
3 8661 8966 8662
3 8662 8966 8967
3 8662 8967 8663
3 8663 8967 8968
3 8664 8969 8665
3 8665 8969 8970
3 8665 8970 8666
3 8666 8970 8971
3 8666 8971 8667
3 8667 8971 8972
3 8667 8972 8668
3 8668 8972 8973
3 8668 8973 8669
3 8669 8973 8974
3 8669 8974 8670
3 8670 8974 8975
3 8670 8975 8671
3 8671 8975 8976
3 8672 8977 8673
3 8673 8977 8978
3 8673 8978 8674
3 8674 8978 8979
3 8674 8979 8675
3 8675 8979 8980
3 8676 8981 8677
3 8677 8981 8982
3 8677 8982 8678
3 8678 8982 8983
3 8679 8984 8680
3 8680 8984 8985
3 8680 8985 8681
3 8681 8985 8986
3 8681 8986 8682
3 8682 8986 8987
3 8683 8988 8684
3 8684 8988 8989
3 8684 8989 8685
3 8685 8989 8990
3 8685 8990 8686
3 8686 8990 8991
3 8687 8992 8688
3 8688 8992 8993
3 8688 8993 8689
3 8689 8993 8994
3 8689 8994 8690
3 8690 8994 8995
3 8691 8996 8692
3 8692 8996 8997
3 8692 8997 8693
3 8693 8997 8998
3 8694 8999 8695
3 8695 8999 9000
3 8695 9000 8696
3 8696 9000 9001
3 8696 9001 8697
3 8697 9001 9002
3 8698 9003 8699
3 8699 9003 9004
3 8699 9004 8700
3 8700 9004 9005
3 8700 9005 8701
3 8701 9005 9006
3 8702 9007 8703
3 8703 9007 9008
3 8703 9008 8704
3 8704 9008 9009
3 8704 9009 8705
3 8705 9009 9010
3 8706 9011 8707
3 8707 9011 9012
3 8707 9012 8708
3 8708 9012 9013
3 8708 9013 8709
3 8709 9013 9014
3 8710 9015 8711
3 8711 9015 9016
3 8711 9016 8712
3 8712 9016 9017
3 8713 9018 8714
3 8714 9018 9019
3 8714 9019 8715
3 8715 9019 9020
3 8715 9020 8716
3 8716 9020 9021
3 8717 9022 8718
3 8718 9022 9023
3 8718 9023 8719
3 8719 9023 9024
3 8719 9024 8720
3 8720 9024 9025
3 8721 9026 8722
3 8722 9026 9027
3 8722 9027 8723
3 8723 9027 9028
3 8723 9028 8724
3 8724 9028 9029
3 8725 9030 8726
3 8726 9030 9031
3 8726 9031 8727
3 8727 9031 9032
3 8727 9032 8728
3 8728 9032 9033
3 8729 9034 8730
3 8730 9034 9035
3 8730 9035 8731
3 8731 9035 9036
3 8732 9037 8733
3 8733 9037 9038
3 8733 9038 8734
3 8734 9038 9039
3 8734 9039 8735
3 8735 9039 9040
3 8736 9041 8737
3 8737 9041 9042
3 8737 9042 8738
3 8738 9042 9043
3 8738 9043 8739
3 8739 9043 9044
3 8740 9045 8741
3 8741 9045 9046
3 8741 9046 8742
3 8742 9046 9047
3 8742 9047 8743
3 8743 9047 9048
3 8744 9049 8745
3 8745 9049 9050
3 8745 9050 8746
3 8746 9050 9051
3 8747 9052 8748
3 8748 9052 9053
3 8748 9053 8749
3 8749 9053 9054
3 8749 9054 8750
3 8750 9054 9055
3 8751 9056 8752
3 8752 9056 9057
3 8752 9057 8753
3 8753 9057 9058
3 8753 9058 8754
3 8754 9058 9059
3 8755 9060 8756
3 8756 9060 9061
3 8756 9061 8757
3 8757 9061 9062
3 8757 9062 8758
3 8758 9062 9063
3 8759 9064 8760
3 8760 9064 9065
3 8760 9065 8761
3 8761 9065 9066
3 8761 9066 8762
3 8762 9066 9067
3 8763 9068 8764
3 8764 9068 9069
3 8764 9069 8765
3 8765 9069 9070
3 8766 9071 8767
3 8767 9071 9072
3 8767 9072 8768
3 8768 9072 9073
3 8768 9073 8769
3 8769 9073 9074
3 8770 9075 8771
3 8771 9075 9076
3 8771 9076 8772
3 8772 9076 9077
3 8772 9077 8773
3 8773 9077 9078
3 8774 9079 8775
3 8775 9079 9080
3 8775 9080 8776
3 8776 9080 9081
3 8776 9081 8777
3 8777 9081 9082
3 8778 9083 8779
3 8779 9083 9084
3 8779 9084 8780
3 8780 9084 9085
3 8781 9086 8782
3 8782 9086 9087
3 8782 9087 8783
3 8783 9087 9088
3 8783 9088 8784
3 8784 9088 9089
3 8785 9090 8786
3 8786 9090 9091
3 8786 9091 8787
3 8787 9091 9092
3 8787 9092 8788
3 8788 9092 9093
3 8789 9094 8790
3 8790 9094 9095
3 8790 9095 8791
3 8791 9095 9096
3 8791 9096 8792
3 8792 9096 9097
3 8793 9098 8794
3 8794 9098 9099
3 8794 9099 8795
3 8795 9099 9100
3 8795 9100 8796
3 8796 9100 9101
3 8797 9102 8798
3 8798 9102 9103
3 8798 9103 8799
3 8799 9103 9104
3 8800 9105 8801
3 8801 9105 9106
3 8801 9106 8802
3 8802 9106 9107
3 8802 9107 8803
3 8803 9107 9108
3 8804 9109 8805
3 8805 9109 9110
3 8805 9110 8806
3 8806 9110 9111
3 8806 9111 8807
3 8807 9111 9112
3 8808 9113 8809
3 8809 9113 9114
3 8809 9114 8810
3 8810 9114 9115
3 8810 9115 8811
3 8811 9115 9116
3 8812 9117 8813
3 8813 9117 9118
3 8813 9118 8814
3 8814 9118 9119
3 8814 9119 8815
3 8815 9119 9120
3 8816 9121 8817
3 8817 9121 9122
3 8817 9122 8818
3 8818 9122 9123
3 8819 9124 8820
3 8820 9124 9125
3 8820 9125 8821
3 8821 9125 9126
3 8821 9126 8822
3 8822 9126 9127
3 8823 9128 607
3 607 9128 9129
3 1 2435 9130
3 9130 2435 9131
3 9130 9131 8825
3 8825 9131 9132
3 8825 9132 9133
3 9133 9132 9134
3 9133 9134 9135
3 9135 9134 9136
3 9135 9136 9137
3 9137 9136 9138
3 9139 9140 9141
3 9141 9140 9142
3 9143 9144 8832
3 8832 9144 9145
3 8832 9145 9146
3 9146 9145 9147
3 9146 9147 9148
3 9148 9147 9149
3 9148 9149 9150
3 9150 9149 9151
3 8835 9152 8837
3 8837 9152 9153
3 8837 9153 8838
3 8838 9153 9154
3 8838 9154 8839
3 8839 9154 9155
3 8839 9155 9156
3 9156 9155 9157
3 9156 9158 8841
3 8841 9158 9159
3 8841 9159 9160
3 9160 9159 9161
3 9160 9161 9162
3 9162 9161 9163
3 9162 9163 9164
3 9164 9163 9165
3 9164 9165 9166
3 9166 9165 9167
3 9166 9167 9168
3 9168 9167 9169
3 9170 9171 8848
3 8848 9171 9172
3 8848 9172 9173
3 9173 9172 9174
3 9173 9174 9175
3 9175 9174 9176
3 9175 9176 8851
3 8851 9176 9177
3 8851 9177 8852
3 8852 9177 9178
3 8852 9178 9179
3 9179 9178 9180
3 9179 9180 9181
3 9181 9180 9182
3 9181 9182 9183
3 9183 9182 9184
3 9185 9186 8857
3 8857 9186 9187
3 9188 9189 9190
3 9190 9189 9191
3 9190 9191 8860
3 8860 9191 9192
3 9193 9194 8862
3 8862 9194 9195
3 8862 9195 9196
3 9196 9195 9197
3 9196 9197 9198
3 9198 9197 9199
3 9200 9201 9202
3 9202 9201 9203
3 9202 9203 8867
3 8867 9203 9204
3 8868 9205 9206
3 9206 9205 9207
3 9206 9207 9208
3 9208 9207 9209
3 9210 9211 9212
3 9212 9211 9213
3 9212 9213 8873
3 8873 9213 9214
3 8873 9214 9215
3 9215 9214 9216
3 9217 9218 8876
3 8876 9218 9219
3 8876 9219 8877
3 8877 9219 9220
3 8878 9221 9222
3 9222 9221 9223
3 9222 9223 9224
3 9224 9223 9225
3 9226 9227 9228
3 9228 9227 9229
3 9228 9229 9230
3 9230 9229 9231
3 9232 9233 9234
3 9234 9233 9235
3 9234 9235 9236
3 9236 9235 9237
3 9236 9237 9238
3 9238 9237 9239
3 9240 9241 9242
3 9242 9241 9243
3 9242 9243 9244
3 9244 9243 9245
3 9246 9247 9248
3 9248 9247 9249
3 9248 9249 8893
3 8893 9249 9250
3 9251 9252 8895
3 8895 9252 9253
3 8895 9253 9254
3 9254 9253 9255
3 9254 9255 8897
3 8897 9255 9256
3 9257 9258 8899
3 8899 9258 9259
3 8899 9259 8900
3 8900 9259 9260
3 8901 9260 8902
3 8902 9260 9261
3 8902 9261 8903
3 8903 9261 9262
3 8903 9262 8904
3 8904 9262 9263
3 8904 9263 9264
3 9264 9263 9265
3 9266 9267 9268
3 9268 9267 9269
3 9268 9269 9270
3 9270 9269 9271
3 9270 9271 9272
3 9272 9271 9273
3 9274 9275 9276
3 9276 9275 9277
3 9276 9277 9278
3 9278 9277 9279
3 9278 9279 9280
3 9280 9279 9281
3 9280 9281 8914
3 8914 9281 9282
3 8915 9283 9284
3 9284 9283 9285
3 9284 9285 8917
3 8917 9285 9286
3 8917 9286 8918
3 8918 9286 9287
3 9288 9289 9290
3 9290 9289 9291
3 9290 9291 9292
3 9292 9291 9293
3 9292 9293 9294
3 9294 9293 9295
3 9294 9295 9296
3 9296 9295 9297
3 8924 9298 8925
3 8925 9298 9299
3 8925 9299 8926
3 8926 9299 9300
3 8926 9300 8927
3 8927 9300 9301
3 9302 9303 9304
3 9304 9303 9305
3 9304 9305 9306
3 9306 9305 9307
3 9306 9307 8931
3 8931 9307 9308
3 8931 9308 8932
3 8932 9308 9309
3 9310 9311 9312
3 9312 9311 9313
3 9312 9313 9314
3 9314 9313 9315
3 9314 9315 9316
3 9316 9315 9317
3 9316 9317 9318
3 9318 9317 9319
3 9320 9321 8939
3 8939 9321 9322
3 8939 9322 8940
3 8940 9322 9323
3 8940 9323 8941
3 8941 9323 9324
3 8942 9325 8943
3 8943 9325 9326
3 8943 9326 8944
3 8944 9326 9327
3 8944 9327 8945
3 8945 9327 9328
3 8945 9328 8946
3 8946 9328 9329
3 8947 9330 9331
3 9331 9330 9332
3 9331 9332 9333
3 9333 9332 9334
3 9333 9334 9335
3 9335 9334 9336
3 9337 9338 9339
3 9339 9338 9340
3 9339 9340 9341
3 9341 9340 9342
3 9341 9342 9343
3 9343 9342 9344
3 9343 9344 8955
3 8955 9344 9345
3 9346 9347 9348
3 9348 9347 9349
3 9348 9349 9350
3 9350 9349 9351
3 9350 9351 8959
3 8959 9351 9352
3 8960 9353 8961
3 8961 9353 9354
3 8961 9354 8962
3 8962 9354 9355
3 8962 9355 9356
3 9356 9355 9357
3 9356 9357 9358
3 9358 9357 9359
3 9360 9361 9362
3 9362 9361 9363
3 9362 9363 8967
3 8967 9363 9364
3 8967 9364 9365
3 9365 9364 9366
3 9367 9368 8970
3 8970 9368 9369
3 8970 9369 9370
3 9370 9369 9371
3 9370 9371 9372
3 9372 9371 9373
3 9372 9373 9374
3 9374 9373 9375
3 9374 9375 8974
3 8974 9375 9376
3 8974 9376 9377
3 9377 9376 9378
3 9377 9378 9379
3 9379 9378 9380
3 8977 9381 9382
3 9382 9381 9383
3 9382 9383 9384
3 9384 9383 9385
3 9384 9385 8980
3 8980 9385 9386
3 8981 9387 9388
3 9388 9387 9389
3 9388 9389 9390
3 9390 9389 9391
3 8984 9392 8985
3 8985 9392 9393
3 8985 9393 8986
3 8986 9393 9394
3 8986 9394 8987
3 8987 9394 9395
3 9396 9397 8989
3 8989 9397 9398
3 8989 9398 9399
3 9399 9398 9400
3 9399 9400 8991
3 8991 9400 9401
3 8992 9402 9403
3 9403 9402 9404
3 9403 9404 9405
3 9405 9404 9406
3 9405 9406 9407
3 9407 9406 9408
3 9409 9410 9411
3 9411 9410 9412
3 9411 9412 9413
3 9413 9412 9414
3 8999 9415 9000
3 9000 9415 9416
3 9000 9416 9001
3 9001 9416 9417
3 9001 9417 9002
3 9002 9417 9418
3 9003 9419 9420
3 9420 9419 9421
3 9420 9421 9422
3 9422 9421 9423
3 9422 9423 9424
3 9424 9423 9425
3 9426 9427 9428
3 9428 9427 9429
3 9428 9429 9430
3 9430 9429 9431
3 9430 9431 9432
3 9432 9431 9433
3 9434 9435 9436
3 9436 9435 9437
3 9436 9437 9013
3 9013 9437 9438
3 9013 9438 9014
3 9014 9438 9439
3 9015 9440 9441
3 9441 9440 9442
3 9441 9442 9017
3 9017 9442 9443
3 9018 9444 9445
3 9445 9444 9446
3 9445 9446 9020
3 9020 9446 9447
3 9020 9447 9448
3 9448 9447 9449
3 9450 9451 9023
3 9023 9451 9452
3 9023 9452 9453
3 9453 9452 9454
3 9453 9454 9455
3 9455 9454 9456
3 9026 9457 9458
3 9458 9457 9459
3 9458 9459 9460
3 9460 9459 9461
3 9460 9461 9462
3 9462 9461 9463
3 9464 9465 9466
3 9466 9465 9467
3 9466 9467 9032
3 9032 9467 9468
3 9032 9468 9469
3 9469 9468 9470
3 9034 9471 9472
3 9472 9471 9473
3 9472 9473 9474
3 9474 9473 9475
3 9037 9476 9038
3 9038 9476 9477
3 9038 9477 9039
3 9039 9477 9478
3 9039 9478 9040
3 9040 9478 9479
3 9041 9480 9481
3 9481 9480 9482
3 9481 9482 9483
3 9483 9482 9484
3 9483 9484 9485
3 9485 9484 9486
3 9487 9488 9489
3 9489 9488 9490
3 9489 9490 9047
3 9047 9490 9491
3 9047 9491 9048
3 9048 9491 9492
3 9049 9493 9494
3 9494 9493 9495
3 9494 9495 9051
3 9051 9495 9496
3 9052 9497 9498
3 9498 9497 9499
3 9498 9499 9500
3 9500 9499 9501
3 9500 9501 9055
3 9055 9501 9502
3 9056 9503 9057
3 9057 9503 9504
3 9057 9504 9058
3 9058 9504 9505
3 9058 9505 9506
3 9506 9505 9507
3 9060 9508 9061
3 9061 9508 9509
3 9061 9509 9510
3 9510 9509 9511
3 9510 9511 9063
3 9063 9511 9512
3 9064 9513 9065
3 9065 9513 9514
3 9065 9514 9066
3 9066 9514 9515
3 9066 9515 9067
3 9067 9515 9516
3 9068 9517 9518
3 9518 9517 9519
3 9518 9519 9520
3 9520 9519 9521
3 9522 9523 9524
3 9524 9523 9525
3 9524 9525 9526
3 9526 9525 9527
3 9526 9527 9074
3 9074 9527 9528
3 9075 9529 9076
3 9076 9529 9530
3 9076 9530 9531
3 9531 9530 9532
3 9531 9532 9078
3 9078 9532 9533
3 9079 9534 9080
3 9080 9534 9535
3 9080 9535 9536
3 9536 9535 9537
3 9536 9537 9538
3 9538 9537 9539
3 9083 9540 9541
3 9541 9540 9542
3 9541 9542 9085
3 9085 9542 9543
3 9544 9545 9546
3 9546 9545 9547
3 9546 9547 9548
3 9548 9547 9549
3 9548 9549 9550
3 9550 9549 9551
3 9552 9553 9091
3 9091 9553 9554
3 9091 9554 9555
3 9555 9554 9556
3 9555 9556 9557
3 9557 9556 9558
3 9559 9560 9561
3 9561 9560 9562
3 9561 9562 9563
3 9563 9562 9564
3 9563 9564 9097
3 9097 9564 9565
3 9566 9567 9568
3 9568 9567 9569
3 9568 9569 9570
3 9570 9569 9571
3 9570 9571 9572
3 9572 9571 9573
3 9574 9575 9576
3 9576 9575 9577
3 9576 9577 9578
3 9578 9577 9579
3 9580 9581 9582
3 9582 9581 9583
3 9582 9583 9107
3 9107 9583 9584
3 9107 9584 9108
3 9108 9584 9585
3 9109 9586 9110
3 9110 9586 9587
3 9110 9587 9111
3 9111 9587 9588
3 9111 9588 9112
3 9112 9588 9589
3 9590 9591 9592
3 9592 9591 9593
3 9592 9593 9594
3 9594 9593 9595
3 9594 9595 9596
3 9596 9595 9597
3 9117 9598 9599
3 9599 9598 9600
3 9599 9600 9119
3 9119 9600 9601
3 9119 9601 9120
3 9120 9601 9602
3 9121 9603 9604
3 9604 9603 9605
3 9604 9605 9606
3 9606 9605 9607
3 9124 9608 9609
3 9609 9608 9610
3 9609 9610 9126
3 9126 9610 9611
3 9126 9611 9612
3 9612 9611 9613
3 9614 9615 608
3 9616 1 9617
3 9616 9617 9618
3 9618 9617 9619
3 9618 9619 9620
3 9620 9619 9621
3 9620 9621 9622
3 9622 9621 9623
3 9622 9623 9624
3 9624 9623 9625
3 9626 9627 9628
3 9628 9627 9629
3 9630 9631 9632
3 9632 9631 9633
3 9632 9633 9634
3 9634 9633 9635
3 9634 9635 9636
3 9636 9635 9637
3 9636 9637 9638
3 9638 9637 9639
3 9640 9639 9641
3 9641 9639 9642
3 9641 9642 9643
3 9643 9642 9644
3 9643 9644 9645
3 9645 9644 9646
3 9645 9646 9647
3 9647 9646 9648
3 9649 9650 9651
3 9651 9650 9652
3 9651 9652 9653
3 9653 9652 9654
3 9653 9654 9655
3 9655 9654 9656
3 9655 9656 9657
3 9657 9656 9658
3 9657 9658 9659
3 9659 9658 9660
3 9659 9660 9661
3 9661 9660 9662
3 9663 9664 9665
3 9665 9664 9666
3 9665 9666 9667
3 9667 9666 9668
3 9667 9668 9176
3 9176 9668 9669
3 9176 9669 9670
3 9670 9669 9671
3 9670 9671 9672
3 9672 9671 9673
3 9672 9673 9674
3 9674 9673 9675
3 9674 9675 9676
3 9676 9675 9677
3 9676 9677 9678
3 9678 9677 9679
3 9680 9681 9682
3 9682 9681 9683
3 9684 9685 9686
3 9686 9685 9687
3 9686 9687 9194
3 9194 9687 9688
3 9689 9690 9691
3 9691 9690 9692
3 9691 9692 9693
3 9693 9692 9694
3 9693 9694 9695
3 9695 9694 9696
3 9697 9698 9699
3 9699 9698 9700
3 9699 9700 9701
3 9701 9700 9702
3 9703 9704 9705
3 9705 9704 9706
3 9705 9706 9707
3 9707 9706 9708
3 9709 9710 9711
3 9711 9710 9712
3 9711 9712 9713
3 9713 9712 9714
3 9713 9714 9715
3 9715 9714 9716
3 9717 9718 9719
3 9719 9718 9720
3 9719 9720 9721
3 9721 9720 9722
3 9723 9724 9725
3 9725 9724 9726
3 9725 9726 9727
3 9727 9726 9728
3 9729 9730 9731
3 9731 9730 9732
3 9731 9732 9733
3 9733 9732 9734
3 9735 9736 9737
3 9737 9736 9738
3 9737 9738 9739
3 9739 9738 9740
3 9739 9740 9241
3 9241 9740 9741
3 9742 9743 9744
3 9744 9743 9745
3 9744 9745 9746
3 9746 9745 9747
3 9748 9749 9750
3 9750 9749 9751
3 9750 9751 9752
3 9752 9751 9753
3 9754 9755 9756
3 9756 9755 9757
3 9756 9757 9758
3 9758 9757 9759
3 9758 9759 9760
3 9760 9759 9761
3 9762 9763 9764
3 9764 9763 9765
3 9764 9765 9766
3 9766 9765 9767
3 9768 9769 9770
3 9770 9769 9771
3 9770 9771 9772
3 9772 9771 9773
3 9772 9773 9774
3 9774 9773 9775
3 9774 9775 9776
3 9776 9775 9777
3 9778 9779 9780
3 9780 9779 9781
3 9780 9781 9782
3 9782 9781 9783
3 9782 9783 9784
3 9784 9783 9785
3 9786 9787 9788
3 9788 9787 9789
3 9788 9789 9790
3 9790 9789 9791
3 9790 9791 9792
3 9792 9791 9793
3 9792 9793 9794
3 9794 9793 9795
3 9796 9797 9798
3 9798 9797 9799
3 9798 9799 9800
3 9800 9799 9801
3 9800 9801 9802
3 9802 9801 9803
3 9804 9805 9806
3 9806 9805 9807
3 9806 9807 9808
3 9808 9807 9809
3 9808 9809 9810
3 9810 9809 9811
3 9810 9811 9812
3 9812 9811 9813
3 9814 9815 9816
3 9816 9815 9817
3 9816 9817 9818
3 9818 9817 9819
3 9818 9819 9820
3 9820 9819 9821
3 9822 9823 9824
3 9824 9823 9825
3 9824 9825 9826
3 9826 9825 9827
3 9826 9827 9828
3 9828 9827 9829
3 9828 9829 9830
3 9830 9829 9831
3 9309 9832 9833
3 9833 9832 9834
3 9833 9834 9835
3 9835 9834 9836
3 9835 9836 9837
3 9837 9836 9838
3 9837 9838 9839
3 9839 9838 9840
3 9841 9842 9843
3 9843 9842 9844
3 9843 9844 9845
3 9845 9844 9846
3 9845 9846 9847
3 9847 9846 9848
3 9849 9850 9851
3 9851 9850 9852
3 9851 9852 9853
3 9853 9852 9854
3 9853 9854 9855
3 9855 9854 9856
3 9855 9856 9857
3 9857 9856 9858
3 9859 9860 9861
3 9861 9860 9862
3 9861 9862 9863
3 9863 9862 9864
3 9863 9864 9865
3 9865 9864 9866
3 9867 9868 9869
3 9869 9868 9870
3 9869 9870 9871
3 9871 9870 9872
3 9871 9872 9873
3 9873 9872 9874
3 9873 9874 9875
3 9875 9874 9876
3 9877 9878 9879
3 9879 9878 9880
3 9879 9880 9881
3 9881 9880 9882
3 9881 9882 9883
3 9883 9882 9884
3 9885 9886 9887
3 9887 9886 9888
3 9887 9888 9889
3 9889 9888 9890
3 9889 9890 9891
3 9891 9890 9892
3 9891 9892 9893
3 9893 9892 9894
3 9893 9895 9896
3 9896 9895 9897
3 9896 9897 9898
3 9898 9897 9899
3 9898 9899 9900
3 9900 9899 9901
3 9902 9903 9904
3 9904 9903 9905
3 9904 9905 9906
3 9906 9905 9907
3 9906 9907 9908
3 9908 9907 9909
3 9908 9909 9910
3 9910 9909 9911
3 9910 9911 9912
3 9912 9911 9913
3 9912 9913 9914
3 9914 9913 9915
3 9914 9915 9916
3 9916 9915 9917
3 9918 9919 9920
3 9920 9919 9921
3 9920 9921 9922
3 9922 9921 9923
3 9922 9923 9924
3 9924 9923 9925
3 9926 9927 9928
3 9928 9927 9929
3 9928 9929 9930
3 9930 9929 9931
3 9932 9933 9934
3 9934 9933 9935
3 9934 9935 9936
3 9936 9935 9937
3 9936 9937 9938
3 9938 9937 9939
3 9940 9941 9942
3 9942 9941 9943
3 9942 9943 9944
3 9944 9943 9945
3 9944 9945 9946
3 9946 9945 9947
3 9948 9949 9950
3 9950 9949 9951
3 9950 9951 9952
3 9952 9951 9953
3 9952 9953 9954
3 9954 9953 9955
3 9956 9957 9958
3 9958 9957 9959
3 9958 9959 9960
3 9960 9959 9961
3 9962 9963 9964
3 9964 9963 9965
3 9964 9965 9966
3 9966 9965 9967
3 9966 9967 9968
3 9968 9967 9969
3 9970 9971 9972
3 9972 9971 9973
3 9972 9973 9974
3 9974 9973 9975
3 9974 9975 9976
3 9976 9975 9977
3 9978 9979 9980
3 9980 9979 9981
3 9980 9981 9982
3 9982 9981 9983
3 9982 9983 9984
3 9984 9983 9985
3 9986 9987 9988
3 9988 9987 9989
3 9988 9989 9990
3 9990 9989 9991
3 9990 9991 9992
3 9992 9991 9993
3 9994 9995 9996
3 9996 9995 9997
3 9996 9997 9998
3 9998 9997 9999
3 10000 10001 10002
3 10002 10001 10003
3 10002 10003 10004
3 10004 10003 10005
3 10004 10005 10006
3 10006 10005 10007
3 10008 10009 10010
3 10010 10009 10011
3 10010 10011 10012
3 10012 10011 10013
3 10012 10013 10014
3 10014 10013 10015
3 10016 10017 10018
3 10018 10017 10019
3 10018 10019 10020
3 10020 10019 10021
3 10020 10021 10022
3 10022 10021 10023
3 10024 10025 10026
3 10026 10025 10027
3 10026 10027 9468
3 9468 10027 10028
3 9468 10028 10029
3 10029 10028 10030
3 10031 10032 10033
3 10033 10032 10034
3 10033 10034 10035
3 10035 10034 10036
3 10037 10038 10039
3 10039 10038 10040
3 10039 10040 10041
3 10041 10040 10042
3 10041 10042 10043
3 10043 10042 10044
3 10045 10046 10047
3 10047 10046 10048
3 10047 10048 10049
3 10049 10048 10050
3 10049 10050 10051
3 10051 10050 10052
3 10053 10054 10055
3 10055 10054 10056
3 10055 10056 10057
3 10057 10056 10058
3 10057 10058 10059
3 10059 10058 10060
3 10061 10062 10063
3 10063 10062 10064
3 10063 10064 10065
3 10065 10064 10066
3 10067 10068 10069
3 10069 10068 10070
3 10069 10070 10071
3 10071 10070 10072
3 10071 10072 10073
3 10073 10072 10074
3 10075 10076 10077
3 10077 10076 10078
3 10077 10078 10079
3 10079 10078 10080
3 10079 10080 10081
3 10081 10080 10082
3 10083 10084 10085
3 10085 10084 10086
3 10085 10086 10087
3 10087 10086 10088
3 10087 10088 10089
3 10089 10088 10090
3 10091 10092 10093
3 10093 10092 10094
3 10093 10094 10095
3 10095 10094 10096
3 10095 10096 10097
3 10097 10096 10098
3 10099 10100 10101
3 10101 10100 10102
3 10101 10102 10103
3 10103 10102 10104
3 10105 10106 10107
3 10107 10106 10108
3 10107 10108 10109
3 10109 10108 10110
3 10109 10110 10111
3 10111 10110 10112
3 10113 10114 10115
3 10115 10114 10116
3 10115 10116 10117
3 10117 10116 10118
3 10117 10118 10119
3 10119 10118 10120
3 10121 10122 10123
3 10123 10122 10124
3 10123 10124 10125
3 10125 10124 10126
3 10125 10126 10127
3 10127 10126 10128
3 10129 10130 10131
3 10131 10130 10132
3 10131 10132 10133
3 10133 10132 10134
3 10135 10136 10137
3 10137 10136 10138
3 10137 10138 10139
3 10139 10138 10140
3 10139 10140 10141
3 10141 10140 10142
3 10143 10144 10145
3 10145 10144 10146
3 10145 10146 10147
3 10147 10146 10148
3 10147 10148 10149
3 10149 10148 10150
3 10151 10152 10153
3 10153 10152 10154
3 10153 10154 10155
3 10155 10154 10156
3 10155 10156 10157
3 10157 10156 10158
3 10159 10160 10161
3 10161 10160 10162
3 10161 10162 10163
3 10163 10162 10164
3 10163 10164 10165
3 10165 10164 10166
3 10167 10168 10169
3 10169 10168 10170
3 10169 10170 10171
3 10171 10170 10172
3 10173 10174 10175
3 10175 10174 10176
3 10175 10176 10177
3 10177 10176 10178
3 10177 10178 10179
3 10179 10178 10180
3 10181 10182 10183
3 10183 10182 10184
3 10183 10184 10185
3 10185 10184 10186
3 10185 10186 10187
3 10187 10186 10188
3 10189 10190 10191
3 10191 10190 10192
3 10191 10192 10193
3 10193 10192 10194
3 10193 10194 10195
3 10195 10194 10196
3 9597 10197 10198
3 10198 10197 10199
3 10198 10199 10200
3 10200 10199 10201
3 10200 10201 10202
3 10202 10201 10203
3 10204 10205 10206
3 10206 10205 10207
3 10206 10207 10208
3 10208 10207 10209
3 10210 10211 10212
3 10212 10211 10213
3 10212 10213 10214
3 10214 10213 10215
3 10214 10215 10216
3 10216 10215 10217
3 10218 10219 607
3 1 10220 9617
3 9617 10220 10221
3 9617 10221 9619
3 9619 10221 10222
3 9619 10222 9621
3 9621 10222 10223
3 9621 10223 9623
3 9623 10223 10224
3 9623 10224 9625
3 9625 10224 10225
3 9627 10225 9629
3 9629 10225 10226
3 9631 10227 9633
3 9633 10227 10228
3 9633 10228 9635
3 9635 10228 10229
3 9635 10229 9637
3 9637 10229 10230
3 9637 10230 9639
3 9639 10230 10231
3 9639 10231 9642
3 9642 10231 10232
3 9642 10232 9644
3 9644 10232 10233
3 9644 10233 9646
3 9646 10233 10234
3 9646 10234 9648
3 9648 10234 10235
3 9650 10235 9652
3 9652 10235 10236
3 9652 10236 9654
3 9654 10236 10237
3 9654 10237 9656
3 9656 10237 10238
3 9656 10238 9658
3 9658 10238 10239
3 9658 10239 9660
3 9660 10239 10240
3 9660 10240 9662
3 9662 10240 10241
3 9664 10242 9666
3 9666 10242 10243
3 9666 10243 9668
3 9668 10243 10244
3 9668 10244 9669
3 9669 10244 10245
3 9669 10245 9671
3 9671 10245 10246
3 9671 10246 9673
3 9673 10246 10247
3 9673 10247 9675
3 9675 10247 10248
3 9675 10248 9677
3 9677 10248 10249
3 9677 10249 9679
3 9679 10249 10250
3 9681 10251 9683
3 9683 10251 10252
3 9685 10253 9687
3 9687 10253 10254
3 9687 10254 9688
3 9688 10254 10255
3 9690 10256 9692
3 9692 10256 10257
3 9692 10257 9694
3 9694 10257 10258
3 9694 10258 9696
3 9696 10258 10259
3 9698 10260 9700
3 9700 10260 10261
3 9700 10261 9702
3 9702 10261 10262
3 9704 10263 9706
3 9706 10263 10264
3 9706 10264 9708
3 9708 10264 10265
3 9710 10266 9712
3 9712 10266 10267
3 9712 10267 9714
3 9714 10267 10268
3 9714 10268 9716
3 9716 10268 10269
3 9718 10270 9720
3 9720 10270 10271
3 9720 10271 9722
3 9722 10271 10272
3 9724 10273 9726
3 9726 10273 10274
3 9726 10274 9728
3 9728 10274 10275
3 9730 10276 9732
3 9732 10276 10277
3 9732 10277 9734
3 9734 10277 10278
3 9736 10279 9738
3 9738 10279 10280
3 9738 10280 9740
3 9740 10280 10281
3 9740 10281 9741
3 9741 10281 10282
3 9743 10282 9745
3 9745 10282 10283
3 9745 10283 9747
3 9747 10283 10284
3 9749 10285 9751
3 9751 10285 10286
3 9751 10286 9753
3 9753 10286 10287
3 9755 10288 9757
3 9757 10288 10289
3 9757 10289 9759
3 9759 10289 10290
3 9759 10290 9761
3 9761 10290 10291
3 9763 10292 9765
3 9765 10292 10293
3 9765 10293 9767
3 9767 10293 10294
3 9769 10295 9771
3 9771 10295 10296
3 9771 10296 9773
3 9773 10296 10297
3 9773 10297 9775
3 9775 10297 10298
3 9775 10298 9777
3 9777 10298 10299
3 9779 10300 9781
3 9781 10300 10301
3 9781 10301 9783
3 9783 10301 10302
3 9783 10302 9785
3 9785 10302 10303
3 9787 10304 9789
3 9789 10304 10305
3 9789 10305 9791
3 9791 10305 10306
3 9791 10306 9793
3 9793 10306 10307
3 9793 10307 9795
3 9795 10307 10308
3 9797 10309 9799
3 9799 10309 10310
3 9799 10310 9801
3 9801 10310 10311
3 9801 10311 9803
3 9803 10311 10312
3 9805 10313 9807
3 9807 10313 10314
3 9807 10314 9809
3 9809 10314 10315
3 9809 10315 9811
3 9811 10315 10316
3 9811 10316 9813
3 9813 10316 10317
3 9815 10318 9817
3 9817 10318 10319
3 9817 10319 9819
3 9819 10319 10320
3 9819 10320 9821
3 9821 10320 10321
3 9823 10322 9825
3 9825 10322 10323
3 9825 10323 9827
3 9827 10323 10324
3 9827 10324 9829
3 9829 10324 10325
3 9829 10325 9831
3 9831 10325 10326
3 9832 10327 9834
3 9834 10327 10328
3 9834 10328 9836
3 9836 10328 10329
3 9836 10329 9838
3 9838 10329 10330
3 9838 10330 9840
3 9840 10330 10331
3 9842 10332 9844
3 9844 10332 10333
3 9844 10333 9846
3 9846 10333 10334
3 9846 10334 9848
3 9848 10334 10335
3 9850 10336 9852
3 9852 10336 10337
3 9852 10337 9854
3 9854 10337 10338
3 9854 10338 9856
3 9856 10338 10339
3 9856 10339 9858
3 9858 10339 10340
3 9860 10341 9862
3 9862 10341 10342
3 9862 10342 9864
3 9864 10342 10343
3 9864 10343 9866
3 9866 10343 10344
3 9868 10345 9870
3 9870 10345 10346
3 9870 10346 9872
3 9872 10346 10347
3 9872 10347 9874
3 9874 10347 10348
3 9874 10348 9876
3 9876 10348 10349
3 9878 10350 9880
3 9880 10350 10351
3 9880 10351 9882
3 9882 10351 10352
3 9882 10352 9884
3 9884 10352 10353
3 9886 10354 9888
3 9888 10354 10355
3 9888 10355 9890
3 9890 10355 10356
3 9890 10356 9892
3 9892 10356 10357
3 9892 10357 9894
3 9894 10357 10358
3 9895 10359 9897
3 9897 10359 10360
3 9897 10360 9899
3 9899 10360 10361
3 9899 10361 9901
3 9901 10361 10362
3 9903 10363 9905
3 9905 10363 10364
3 9905 10364 9907
3 9907 10364 10365
3 9907 10365 9909
3 9909 10365 10366
3 9909 10366 9911
3 9911 10366 10367
3 9911 10367 9913
3 9913 10367 10368
3 9913 10368 9915
3 9915 10368 10369
3 9915 10369 9917
3 9917 10369 10370
3 9919 10371 9921
3 9921 10371 10372
3 9921 10372 9923
3 9923 10372 10373
3 9923 10373 9925
3 9925 10373 10374
3 9927 10375 9929
3 9929 10375 10376
3 9929 10376 9931
3 9931 10376 10377
3 9933 10378 9935
3 9935 10378 10379
3 9935 10379 9937
3 9937 10379 10380
3 9937 10380 9939
3 9939 10380 10381
3 9941 10382 9943
3 9943 10382 10383
3 9943 10383 9945
3 9945 10383 10384
3 9945 10384 9947
3 9947 10384 10385
3 9949 10386 9951
3 9951 10386 10387
3 9951 10387 9953
3 9953 10387 10388
3 9953 10388 9955
3 9955 10388 10389
3 9957 10390 9959
3 9959 10390 10391
3 9959 10391 9961
3 9961 10391 10392
3 9963 10393 9965
3 9965 10393 10394
3 9965 10394 9967
3 9967 10394 10395
3 9967 10395 9969
3 9969 10395 10396
3 9971 10397 9973
3 9973 10397 10398
3 9973 10398 9975
3 9975 10398 10399
3 9975 10399 9977
3 9977 10399 10400
3 9979 10401 9981
3 9981 10401 10402
3 9981 10402 9983
3 9983 10402 10403
3 9983 10403 9985
3 9985 10403 10404
3 9987 10405 9989
3 9989 10405 10406
3 9989 10406 9991
3 9991 10406 10407
3 9991 10407 9993
3 9993 10407 10408
3 9995 10409 9997
3 9997 10409 10410
3 9997 10410 9999
3 9999 10410 10411
3 10001 10412 10003
3 10003 10412 10413
3 10003 10413 10005
3 10005 10413 10414
3 10005 10414 10007
3 10007 10414 10415
3 10009 10416 10011
3 10011 10416 10417
3 10011 10417 10013
3 10013 10417 10418
3 10013 10418 10015
3 10015 10418 10419
3 10017 10420 10019
3 10019 10420 10421
3 10019 10421 10021
3 10021 10421 10422
3 10021 10422 10023
3 10023 10422 10423
3 10025 10424 10027
3 10027 10424 10425
3 10027 10425 10028
3 10028 10425 10426
3 10028 10426 10030
3 10030 10426 10427
3 10032 10428 10034
3 10034 10428 10429
3 10034 10429 10036
3 10036 10429 10430
3 10038 10431 10040
3 10040 10431 10432
3 10040 10432 10042
3 10042 10432 10433
3 10042 10433 10044
3 10044 10433 10434
3 10046 10435 10048
3 10048 10435 10436
3 10048 10436 10050
3 10050 10436 10437
3 10050 10437 10052
3 10052 10437 10438
3 10054 10439 10056
3 10056 10439 10440
3 10056 10440 10058
3 10058 10440 10441
3 10058 10441 10060
3 10060 10441 10442
3 10062 10443 10064
3 10064 10443 10444
3 10064 10444 10066
3 10066 10444 10445
3 10068 10446 10070
3 10070 10446 10447
3 10070 10447 10072
3 10072 10447 10448
3 10072 10448 10074
3 10074 10448 10449
3 10076 10450 10078
3 10078 10450 10451
3 10078 10451 10080
3 10080 10451 10452
3 10080 10452 10082
3 10082 10452 10453
3 10084 10454 10086
3 10086 10454 10455
3 10086 10455 10088
3 10088 10455 10456
3 10088 10456 10090
3 10090 10456 10457
3 10092 10458 10094
3 10094 10458 10459
3 10094 10459 10096
3 10096 10459 10460
3 10096 10460 10098
3 10098 10460 10461
3 10100 10462 10102
3 10102 10462 10463
3 10102 10463 10104
3 10104 10463 10464
3 10106 10465 10108
3 10108 10465 10466
3 10108 10466 10110
3 10110 10466 10467
3 10110 10467 10112
3 10112 10467 10468
3 10114 10469 10116
3 10116 10469 10470
3 10116 10470 10118
3 10118 10470 10471
3 10118 10471 10120
3 10120 10471 10472
3 10122 10473 10124
3 10124 10473 10474
3 10124 10474 10126
3 10126 10474 10475
3 10126 10475 10128
3 10128 10475 10476
3 10130 10477 10132
3 10132 10477 10478
3 10132 10478 10134
3 10134 10478 10479
3 10136 10480 10138
3 10138 10480 10481
3 10138 10481 10140
3 10140 10481 10482
3 10140 10482 10142
3 10142 10482 10483
3 10144 10484 10146
3 10146 10484 10485
3 10146 10485 10148
3 10148 10485 10486
3 10148 10486 10150
3 10150 10486 10487
3 10152 10488 10154
3 10154 10488 10489
3 10154 10489 10156
3 10156 10489 10490
3 10156 10490 10158
3 10158 10490 10491
3 10160 10492 10162
3 10162 10492 10493
3 10162 10493 10164
3 10164 10493 10494
3 10164 10494 10166
3 10166 10494 10495
3 10168 10496 10170
3 10170 10496 10497
3 10170 10497 10172
3 10172 10497 10498
3 10174 10499 10176
3 10176 10499 10500
3 10176 10500 10178
3 10178 10500 10501
3 10178 10501 10180
3 10180 10501 10502
3 10182 10503 10184
3 10184 10503 10504
3 10184 10504 10186
3 10186 10504 10505
3 10186 10505 10188
3 10188 10505 10506
3 10190 10507 10192
3 10192 10507 10508
3 10192 10508 10194
3 10194 10508 10509
3 10194 10509 10196
3 10196 10509 10510
3 10197 10511 10199
3 10199 10511 10512
3 10199 10512 10201
3 10201 10512 10513
3 10201 10513 10203
3 10203 10513 10514
3 10205 10515 10207
3 10207 10515 10516
3 10207 10516 10209
3 10209 10516 10517
3 10211 10518 10213
3 10213 10518 10519
3 10213 10519 10215
3 10215 10519 10520
3 10215 10520 10217
3 10217 10520 10521
3 10219 10521 607
3 10220 6307 10221
3 10221 6307 10522
3 10221 10522 10222
3 10222 10522 10523
3 10222 10523 10223
3 10223 10523 10524
3 10223 10524 10224
3 10224 10524 10525
3 10224 10525 10225
3 10225 10525 10526
3 10225 10527 10226
3 10226 10527 10528
3 10227 10529 10228
3 10228 10529 10530
3 10228 10530 10229
3 10229 10530 10531
3 10229 10531 10230
3 10230 10531 10532
3 10230 10532 10231
3 10231 10532 10533
3 10231 10534 10232
3 10232 10534 10535
3 10232 10535 10233
3 10233 10535 10536
3 10233 10536 10234
3 10234 10536 10537
3 10234 10537 10235
3 10235 10537 10538
3 10235 10539 10236
3 10236 10539 10540
3 10236 10540 10237
3 10237 10540 10541
3 10237 10541 10238
3 10238 10541 10542
3 10238 10542 10239
3 10239 10542 10543
3 10239 10543 10240
3 10240 10543 10544
3 10240 10544 10241
3 10241 10544 10545
3 10242 10546 10243
3 10243 10546 10547
3 10243 10547 10244
3 10244 10547 10548
3 10244 10548 10245
3 10245 10548 10549
3 10245 10549 10246
3 10246 10549 10550
3 10246 10550 10247
3 10247 10550 10551
3 10247 10551 10248
3 10248 10551 10552
3 10248 10552 10249
3 10249 10552 10553
3 10249 10553 10250
3 10250 10553 10554
3 10251 10555 10252
3 10252 10555 10556
3 10253 10557 10254
3 10254 10557 10558
3 10254 10558 10255
3 10255 10558 10559
3 10256 10560 10257
3 10257 10560 10561
3 10257 10561 10258
3 10258 10561 10562
3 10258 10562 10259
3 10259 10562 10563
3 10260 10564 10261
3 10261 10564 10565
3 10261 10565 10262
3 10262 10565 10566
3 10263 10567 10264
3 10264 10567 10568
3 10264 10568 10265
3 10265 10568 10569
3 10266 10570 10267
3 10267 10570 10571
3 10267 10571 10268
3 10268 10571 10572
3 10268 10572 10269
3 10269 10572 10573
3 10270 10574 10271
3 10271 10574 10575
3 10271 10575 10272
3 10272 10575 10576
3 10273 10577 10274
3 10274 10577 10578
3 10274 10578 10275
3 10275 10578 10579
3 10276 10580 10277
3 10277 10580 10581
3 10277 10581 10278
3 10278 10581 10582
3 10279 10583 10280
3 10280 10583 10584
3 10280 10584 10281
3 10281 10584 10585
3 10281 10585 10282
3 10282 10585 10586
3 10282 10587 10283
3 10283 10587 10588
3 10283 10588 10284
3 10284 10588 10589
3 10285 10590 10286
3 10286 10590 10591
3 10286 10591 10287
3 10287 10591 10592
3 10288 10593 10289
3 10289 10593 10594
3 10289 10594 10290
3 10290 10594 10595
3 10290 10595 10291
3 10291 10595 10596
3 10292 10597 10293
3 10293 10597 10598
3 10293 10598 10294
3 10294 10598 10599
3 10295 10600 10296
3 10296 10600 10601
3 10296 10601 10297
3 10297 10601 10602
3 10297 10602 10298
3 10298 10602 10603
3 10298 10603 10299
3 10299 10603 10604
3 10300 10605 10301
3 10301 10605 10606
3 10301 10606 10302
3 10302 10606 10607
3 10302 10607 10303
3 10303 10607 10608
3 10304 10609 10305
3 10305 10609 10610
3 10305 10610 10306
3 10306 10610 10611
3 10306 10611 10307
3 10307 10611 10612
3 10307 10612 10308
3 10308 10612 10613
3 10309 10614 10310
3 10310 10614 10615
3 10310 10615 10311
3 10311 10615 10616
3 10311 10616 10312
3 10312 10616 10617
3 10313 10618 10314
3 10314 10618 10619
3 10314 10619 10315
3 10315 10619 10620
3 10315 10620 10316
3 10316 10620 10621
3 10316 10621 10317
3 10317 10621 10622
3 10318 10623 10319
3 10319 10623 10624
3 10319 10624 10320
3 10320 10624 10625
3 10320 10625 10321
3 10321 10625 10626
3 10322 10627 10323
3 10323 10627 10628
3 10323 10628 10324
3 10324 10628 10629
3 10324 10629 10325
3 10325 10629 10630
3 10325 10630 10326
3 10326 10630 10631
3 10327 10632 10328
3 10328 10632 10633
3 10328 10633 10329
3 10329 10633 10634
3 10329 10634 10330
3 10330 10634 10635
3 10330 10635 10331
3 10331 10635 10636
3 10332 10637 10333
3 10333 10637 10638
3 10333 10638 10334
3 10334 10638 10639
3 10334 10639 10335
3 10335 10639 10640
3 10336 10641 10337
3 10337 10641 10642
3 10337 10642 10338
3 10338 10642 10643
3 10338 10643 10339
3 10339 10643 10644
3 10339 10644 10340
3 10340 10644 10645
3 10341 10646 10342
3 10342 10646 10647
3 10342 10647 10343
3 10343 10647 10648
3 10343 10648 10344
3 10344 10648 10649
3 10345 10649 10346
3 10346 10649 10650
3 10346 10650 10347
3 10347 10650 10651
3 10347 10651 10348
3 10348 10651 10652
3 10348 10652 10349
3 10349 10652 10653
3 10350 10654 10351
3 10351 10654 10655
3 10351 10655 10352
3 10352 10655 10656
3 10352 10656 10353
3 10353 10656 10657
3 10354 10658 10355
3 10355 10658 10659
3 10355 10659 10356
3 10356 10659 10660
3 10356 10660 10357
3 10357 10660 10661
3 10357 10661 10358
3 10358 10661 10662
3 10359 10663 10360
3 10360 10663 10664
3 10360 10664 10361
3 10361 10664 10665
3 10361 10665 10362
3 10362 10665 10666
3 10363 10666 10364
3 10364 10666 10667
3 10364 10667 10365
3 10365 10667 10668
3 10365 10668 10366
3 10366 10668 10669
3 10366 10669 10367
3 10367 10669 10670
3 10367 10670 10368
3 10368 10670 10671
3 10368 10671 10369
3 10369 10671 10672
3 10369 10672 10370
3 10370 10672 10673
3 10371 10674 10372
3 10372 10674 10675
3 10372 10675 10373
3 10373 10675 10676
3 10373 10676 10374
3 10374 10676 10677
3 10375 10678 10376
3 10376 10678 10679
3 10376 10679 10377
3 10377 10679 10680
3 10378 10681 10379
3 10379 10681 10682
3 10379 10682 10380
3 10380 10682 10683
3 10380 10683 10381
3 10381 10683 10684
3 10382 10685 10383
3 10383 10685 10686
3 10383 10686 10384
3 10384 10686 10687
3 10384 10687 10385
3 10385 10687 10688
3 10386 10689 10387
3 10387 10689 10690
3 10387 10690 10388
3 10388 10690 10691
3 10388 10691 10389
3 10389 10691 10692
3 10390 10693 10391
3 10391 10693 10694
3 10391 10694 10392
3 10392 10694 10695
3 10393 10696 10394
3 10394 10696 10697
3 10394 10697 10395
3 10395 10697 10698
3 10395 10698 10396
3 10396 10698 10699
3 10397 10700 10398
3 10398 10700 10701
3 10398 10701 10399
3 10399 10701 10702
3 10399 10702 10400
3 10400 10702 10703
3 10401 10704 10402
3 10402 10704 10705
3 10402 10705 10403
3 10403 10705 10706
3 10403 10706 10404
3 10404 10706 10707
3 10405 10708 10406
3 10406 10708 10709
3 10406 10709 10407
3 10407 10709 10710
3 10407 10710 10408
3 10408 10710 10711
3 10409 10712 10410
3 10410 10712 10713
3 10410 10713 10411
3 10411 10713 10714
3 10412 10715 10413
3 10413 10715 10716
3 10413 10716 10414
3 10414 10716 10717
3 10414 10717 10415
3 10415 10717 10718
3 10416 10719 10417
3 10417 10719 10720
3 10417 10720 10418
3 10418 10720 10721
3 10418 10721 10419
3 10419 10721 10722
3 10420 10723 10421
3 10421 10723 10724
3 10421 10724 10422
3 10422 10724 10725
3 10422 10725 10423
3 10423 10725 10726
3 10424 10727 10425
3 10425 10727 10728
3 10425 10728 10426
3 10426 10728 10729
3 10426 10729 10427
3 10427 10729 10730
3 10428 10731 10429
3 10429 10731 10732
3 10429 10732 10430
3 10430 10732 10733
3 10431 10734 10432
3 10432 10734 10735
3 10432 10735 10433
3 10433 10735 10736
3 10433 10736 10434
3 10434 10736 10737
3 10435 10738 10436
3 10436 10738 10739
3 10436 10739 10437
3 10437 10739 10740
3 10437 10740 10438
3 10438 10740 10741
3 10439 10742 10440
3 10440 10742 10743
3 10440 10743 10441
3 10441 10743 10744
3 10441 10744 10442
3 10442 10744 10745
3 10443 10746 10444
3 10444 10746 10747
3 10444 10747 10445
3 10445 10747 10748
3 10446 10749 10447
3 10447 10749 10750
3 10447 10750 10448
3 10448 10750 10751
3 10448 10751 10449
3 10449 10751 10752
3 10450 10753 10451
3 10451 10753 10754
3 10451 10754 10452
3 10452 10754 10755
3 10452 10755 10453
3 10453 10755 10756
3 10454 10757 10455
3 10455 10757 10758
3 10455 10758 10456
3 10456 10758 10759
3 10456 10759 10457
3 10457 10759 10760
3 10458 10761 10459
3 10459 10761 10762
3 10459 10762 10460
3 10460 10762 10763
3 10460 10763 10461
3 10461 10763 10764
3 10462 10765 10463
3 10463 10765 10766
3 10463 10766 10464
3 10464 10766 10767
3 10465 10768 10466
3 10466 10768 10769
3 10466 10769 10467
3 10467 10769 10770
3 10467 10770 10468
3 10468 10770 10771
3 10469 10772 10470
3 10470 10772 10773
3 10470 10773 10471
3 10471 10773 10774
3 10471 10774 10472
3 10472 10774 10775
3 10473 10776 10474
3 10474 10776 10777
3 10474 10777 10475
3 10475 10777 10778
3 10475 10778 10476
3 10476 10778 10779
3 10477 10780 10478
3 10478 10780 10781
3 10478 10781 10479
3 10479 10781 10782
3 10480 10783 10481
3 10481 10783 10784
3 10481 10784 10482
3 10482 10784 10785
3 10482 10785 10483
3 10483 10785 10786
3 10484 10787 10485
3 10485 10787 10788
3 10485 10788 10486
3 10486 10788 10789
3 10486 10789 10487
3 10487 10789 10790
3 10488 10791 10489
3 10489 10791 10792
3 10489 10792 10490
3 10490 10792 10793
3 10490 10793 10491
3 10491 10793 10794
3 10492 10795 10493
3 10493 10795 10796
3 10493 10796 10494
3 10494 10796 10797
3 10494 10797 10495
3 10495 10797 10798
3 10496 10799 10497
3 10497 10799 10800
3 10497 10800 10498
3 10498 10800 10801
3 10499 10802 10500
3 10500 10802 10803
3 10500 10803 10501
3 10501 10803 10804
3 10501 10804 10502
3 10502 10804 10805
3 10503 10806 10504
3 10504 10806 10807
3 10504 10807 10505
3 10505 10807 10808
3 10505 10808 10506
3 10506 10808 10809
3 10507 10810 10508
3 10508 10810 10811
3 10508 10811 10509
3 10509 10811 10812
3 10509 10812 10510
3 10510 10812 10813
3 10511 10814 10512
3 10512 10814 10815
3 10512 10815 10513
3 10513 10815 10816
3 10513 10816 10514
3 10514 10816 10817
3 10515 10818 10516
3 10516 10818 10819
3 10516 10819 10517
3 10517 10819 10820
3 10518 10821 10519
3 10519 10821 10822
3 10519 10822 10520
3 10520 10822 10823
3 10520 10823 10521
3 10521 10823 10824
3 10521 10825 607
3 5786 10826 10827
3 10827 10826 10828
3 10827 10828 10829
3 10829 10828 10830
3 10829 10830 10831
3 10831 10830 10832
3 10831 10832 10833
3 10833 10832 10834
3 10833 10834 10835
3 10835 10834 10836
3 10837 10838 10839
3 10839 10838 10840
3 10841 10842 10843
3 10843 10842 10844
3 10843 10844 10845
3 10845 10844 10846
3 10845 10846 10847
3 10847 10846 10848
3 10847 10848 10849
3 10849 10848 10850
3 10849 10851 10852
3 10852 10851 10853
3 10852 10853 10854
3 10854 10853 10855
3 10854 10855 10856
3 10856 10855 10857
3 10856 10857 10858
3 10858 10857 10859
3 10860 10861 10862
3 10862 10861 10863
3 10862 10863 10864
3 10864 10863 10865
3 10864 10865 10866
3 10866 10865 10867
3 10866 10867 10868
3 10868 10867 10869
3 10868 10869 10870
3 10870 10869 10871
3 10870 10871 10872
3 10872 10871 10873
3 10874 10875 10876
3 10876 10875 10877
3 10876 10877 10878
3 10878 10877 10879
3 10878 10879 10880
3 10880 10879 10881
3 10880 10881 10882
3 10882 10881 10883
3 10882 10883 10884
3 10884 10883 10885
3 10884 10885 10886
3 10886 10885 10887
3 10886 10887 10888
3 10888 10887 10889
3 10888 10889 10890
3 10890 10889 10891
3 10892 10893 10894
3 10894 10893 10895
3 10896 10897 10898
3 10898 10897 10899
3 10898 10899 10900
3 10900 10899 10901
3 10902 10903 10904
3 10904 10903 10905
3 10904 10905 10906
3 10906 10905 10907
3 10906 10907 10908
3 10908 10907 10909
3 10910 10911 10912
3 10912 10911 10913
3 10912 10913 10567
3 10567 10913 10914
3 10915 10916 10917
3 10917 10916 10918
3 10917 10918 10919
3 10919 10918 10920
3 10921 10922 10923
3 10923 10922 10924
3 10923 10924 10925
3 10925 10924 10926
3 10925 10926 10927
3 10927 10926 10928
3 10929 10930 10931
3 10931 10930 10932
3 10931 10932 10933
3 10933 10932 10934
3 10935 10936 10937
3 10937 10936 10938
3 10937 10938 10580
3 10580 10938 10939
3 10940 10941 10942
3 10942 10941 10943
3 10942 10943 10944
3 10944 10943 10945
3 10946 10947 10948
3 10948 10947 10949
3 10948 10949 10950
3 10950 10949 10951
3 10950 10951 10587
3 10587 10951 10952
3 10953 10954 10955
3 10955 10954 10956
3 10955 10956 10957
3 10957 10956 10958
3 10959 10960 10961
3 10961 10960 10962
3 10961 10962 10963
3 10963 10962 10964
3 10965 10966 10967
3 10967 10966 10968
3 10967 10968 10969
3 10969 10968 10970
3 10969 10970 10596
3 10596 10970 10971
3 10972 10973 10974
3 10974 10973 10975
3 10974 10975 10976
3 10976 10975 10977
3 10978 10979 10980
3 10980 10979 10981
3 10980 10981 10982
3 10982 10981 10983
3 10982 10983 10984
3 10984 10983 10985
3 10984 10985 10986
3 10986 10985 10987
3 10988 10989 10990
3 10990 10989 10991
3 10990 10991 10992
3 10992 10991 10993
3 10992 10993 10994
3 10994 10993 10995
3 10996 10997 10998
3 10998 10997 10999
3 10998 10999 11000
3 11000 10999 11001
3 11000 11001 11002
3 11002 11001 11003
3 11002 11003 11004
3 11004 11003 11005
3 11006 11007 11008
3 11008 11007 11009
3 11008 11009 11010
3 11010 11009 11011
3 11010 11011 11012
3 11012 11011 11013
3 11014 11015 11016
3 11016 11015 11017
3 11016 11017 11018
3 11018 11017 11019
3 11018 11019 11020
3 11020 11019 11021
3 11020 11021 11022
3 11022 11021 11023
3 11024 11025 11026
3 11026 11025 11027
3 11026 11027 11028
3 11028 11027 11029
3 11028 11029 11030
3 11030 11029 11031
3 11032 11033 11034
3 11034 11033 11035
3 11034 11035 11036
3 11036 11035 11037
3 11036 11037 11038
3 11038 11037 11039
3 11038 11039 11040
3 11040 11039 11041
3 11042 11043 11044
3 11044 11043 11045
3 11044 11045 11046
3 11046 11045 11047
3 11046 11047 11048
3 11048 11047 11049
3 11048 11049 11050
3 11050 11049 11051
3 11052 11053 11054
3 11054 11053 11055
3 11054 11055 11056
3 11056 11055 11057
3 11056 11057 11058
3 11058 11057 11059
3 11060 11061 11062
3 11062 11061 11063
3 11062 11063 11064
3 11064 11063 11065
3 11064 11065 11066
3 11066 11065 11067
3 11066 11067 11068
3 11068 11067 11069
3 11070 11071 11072
3 11072 11071 11073
3 11072 11073 11074
3 11074 11073 11075
3 11074 11075 11076
3 11076 11075 11077
3 11078 11079 11080
3 11080 11079 11081
3 11080 11081 11082
3 11082 11081 11083
3 11082 11083 11084
3 11084 11083 11085
3 11084 11085 10654
3 10654 11085 11086
3 11087 11088 11089
3 11089 11088 11090
3 11089 11090 11091
3 11091 11090 11092
3 11091 11092 11093
3 11093 11092 11094
3 11095 11096 11097
3 11097 11096 11098
3 11097 11098 11099
3 11099 11098 11100
3 11099 11100 11101
3 11101 11100 11102
3 11101 11102 11103
3 11103 11102 11104
3 11105 11106 11107
3 11107 11106 11108
3 11107 11108 11109
3 11109 11108 11110
3 11109 11110 11111
3 11111 11110 11112
3 11113 11112 11114
3 11114 11112 11115
3 11114 11115 11116
3 11116 11115 11117
3 11116 11117 11118
3 11118 11117 11119
3 11118 11119 11120
3 11120 11119 11121
3 11120 11121 11122
3 11122 11121 11123
3 11122 11123 11124
3 11124 11123 11125
3 11124 11125 11126
3 11126 11125 11127
3 11128 11129 11130
3 11130 11129 11131
3 11130 11131 11132
3 11132 11131 11133
3 11132 11133 11134
3 11134 11133 11135
3 11136 11137 11138
3 11138 11137 11139
3 11138 11139 11140
3 11140 11139 11141
3 11142 11143 11144
3 11144 11143 11145
3 11144 11145 11146
3 11146 11145 11147
3 11146 11147 11148
3 11148 11147 11149
3 11150 11151 11152
3 11152 11151 11153
3 11152 11153 11154
3 11154 11153 11155
3 11154 11155 11156
3 11156 11155 11157
3 11158 11159 11160
3 11160 11159 11161
3 11160 11161 11162
3 11162 11161 11163
3 11162 11163 11164
3 11164 11163 11165
3 11166 11167 10694
3 10694 11167 11168
3 10694 11168 11169
3 11169 11168 11170
3 11171 11172 11173
3 11173 11172 11174
3 11173 11174 11175
3 11175 11174 11176
3 11175 11176 11177
3 11177 11176 11178
3 11179 11180 11181
3 11181 11180 11182
3 11181 11182 11183
3 11183 11182 11184
3 11183 11184 11185
3 11185 11184 11186
3 11187 11188 11189
3 11189 11188 11190
3 11189 11190 11191
3 11191 11190 11192
3 11191 11192 11193
3 11193 11192 11194
3 11195 11196 11197
3 11197 11196 11198
3 11197 11198 11199
3 11199 11198 11200
3 11199 11200 11201
3 11201 11200 11202
3 10712 11202 11203
3 11203 11202 11204
3 11203 11204 11205
3 11205 11204 11206
3 11207 11208 10716
3 10716 11208 11209
3 10716 11209 11210
3 11210 11209 11211
3 11210 11211 10718
3 10718 11211 11212
3 11213 11214 11215
3 11215 11214 11216
3 11215 11216 11217
3 11217 11216 11218
3 11217 11218 11219
3 11219 11218 11220
3 11221 11222 11223
3 11223 11222 11224
3 11223 11224 11225
3 11225 11224 11226
3 11225 11226 11227
3 11227 11226 11228
3 11229 11230 11231
3 11231 11230 11232
3 11231 11232 11233
3 11233 11232 11234
3 11233 11234 11235
3 11235 11234 11236
3 11237 11238 11239
3 11239 11238 11240
3 11239 11240 11241
3 11241 11240 11242
3 11243 11244 11245
3 11245 11244 11246
3 11245 11246 11247
3 11247 11246 11248
3 11247 11248 11249
3 11249 11248 11250
3 11251 11252 11253
3 11253 11252 11254
3 11253 11254 11255
3 11255 11254 11256
3 11255 11256 11257
3 11257 11256 11258
3 11259 11260 11261
3 11261 11260 11262
3 11261 11262 11263
3 11263 11262 11264
3 11263 11264 11265
3 11265 11264 11266
3 11267 11268 11269
3 11269 11268 11270
3 11269 11270 11271
3 11271 11270 11272
3 11273 11274 11275
3 11275 11274 11276
3 11275 11276 11277
3 11277 11276 11278
3 11277 11278 11279
3 11279 11278 11280
3 11281 11282 11283
3 11283 11282 11284
3 11283 11284 11285
3 11285 11284 11286
3 11285 11286 11287
3 11287 11286 11288
3 11289 11290 11291
3 11291 11290 11292
3 11291 11292 11293
3 11293 11292 11294
3 11293 11294 11295
3 11295 11294 11296
3 11297 11298 11299
3 11299 11298 11300
3 11299 11300 11301
3 11301 11300 11302
3 11301 11302 11303
3 11303 11302 11304
3 11305 11306 11307
3 11307 11306 11308
3 11307 11308 11309
3 11309 11308 11310
3 11311 11312 11313
3 11313 11312 11314
3 11313 11314 11315
3 11315 11314 11316
3 11315 11316 11317
3 11317 11316 11318
3 11319 11320 11321
3 11321 11320 11322
3 11321 11322 11323
3 11323 11322 11324
3 11323 11324 11325
3 11325 11324 11326
3 11327 11328 11329
3 11329 11328 11330
3 11329 11330 11331
3 11331 11330 11332
3 11331 11332 11333
3 11333 11332 11334
3 11335 11336 11337
3 11337 11336 11338
3 11337 11338 11339
3 11339 11338 11340
3 11341 11342 11343
3 11343 11342 11344
3 11343 11344 11345
3 11345 11344 11346
3 11345 11346 11347
3 11347 11346 11348
3 11349 11350 11351
3 11351 11350 11352
3 11351 11352 11353
3 11353 11352 11354
3 11353 11354 11355
3 11355 11354 11356
3 11357 11358 11359
3 11359 11358 11360
3 11359 11360 11361
3 11361 11360 11362
3 11361 11362 11363
3 11363 11362 11364
3 11365 11366 11367
3 11367 11366 11368
3 11367 11368 10797
3 10797 11368 11369
3 10797 11369 11370
3 11370 11369 11371
3 11372 11373 11374
3 11374 11373 11375
3 11374 11375 11376
3 11376 11375 11377
3 11378 11379 11380
3 11380 11379 11381
3 11380 11381 11382
3 11382 11381 11383
3 11382 11383 11384
3 11384 11383 11385
3 11386 11387 11388
3 11388 11387 11389
3 11388 11389 11390
3 11390 11389 11391
3 11390 11391 11392
3 11392 11391 11393
3 11392 11394 11395
3 11395 11394 11396
3 11395 11396 11397
3 11397 11396 11398
3 11397 11398 11399
3 11399 11398 11400
3 11401 11402 11403
3 11403 11402 11404
3 11403 11404 11405
3 11405 11404 11406
3 11405 11406 11407
3 11407 11406 11408
3 11409 11410 11411
3 11411 11410 11412
3 11411 11412 11413
3 11413 11412 11414
3 11415 11416 11417
3 11417 11416 11418
3 11417 11418 11419
3 11419 11418 11420
3 11419 11420 11421
3 11421 11420 11422
3 11423 11424 6306
3 6306 11424 2739
3 6307 11425 11426
3 11426 11425 11427
3 11426 11427 11428
3 11428 11427 11429
3 11428 11429 11430
3 11430 11429 11431
3 11430 11431 11432
3 11432 11431 11433
3 11432 11433 11434
3 11434 11433 11435
3 11436 11437 11438
3 11438 11437 11439
3 11440 11441 11442
3 11442 11441 11443
3 11442 11443 11444
3 11444 11443 11445
3 11444 11445 11446
3 11446 11445 11447
3 11446 11447 11448
3 11448 11447 11449
3 11448 11450 10853
3 10853 11450 11451
3 10853 11451 10855
3 10855 11451 11452
3 10855 11452 11453
3 11453 11452 11454
3 11453 11454 10861
3 10861 11454 11455
3 11456 11457 11458
3 11458 11457 11459
3 11458 11459 11460
3 11460 11459 11461
3 11460 11461 11462
3 11462 11461 11463
3 11462 11463 11464
3 11464 11463 11465
3 11464 11465 11466
3 11466 11465 11467
3 11466 11467 11468
3 11468 11467 11469
3 11470 11471 11472
3 11472 11471 11473
3 11472 11473 11474
3 11474 11473 11475
3 11474 11475 11476
3 11476 11475 11477
3 11476 11477 11478
3 11478 11477 11479
3 11478 11479 11480
3 11480 11479 11481
3 11480 11481 11482
3 11482 11481 11483
3 11482 11483 11484
3 11484 11483 11485
3 11484 11485 11486
3 11486 11485 11487
3 11488 11489 11490
3 11490 11489 11491
3 11492 11493 11494
3 11494 11493 11495
3 11494 11495 11496
3 11496 11495 11497
3 11498 11499 11500
3 11500 11499 11501
3 11500 11501 11502
3 11502 11501 11503
3 11502 11503 11504
3 11504 11503 11505
3 11506 11507 11508
3 11508 11507 11509
3 11508 11509 11510
3 11510 11509 11511
3 11512 11513 11514
3 11514 11513 11515
3 11514 11515 11516
3 11516 11515 11517
3 11518 11519 11520
3 11520 11519 11521
3 11520 11521 11522
3 11522 11521 11523
3 11522 11523 11524
3 11524 11523 11525
3 11526 11527 11528
3 11528 11527 11529
3 11528 11529 11530
3 11530 11529 11531
3 11532 11533 11534
3 11534 11533 11535
3 11534 11535 11536
3 11536 11535 11537
3 11538 11539 11540
3 11540 11539 11541
3 11540 11541 10947
3 10947 11541 11542
3 11543 11544 11545
3 11545 11544 11546
3 11545 11546 11547
3 11547 11546 11548
3 11547 11548 11549
3 11549 11548 11550
3 11551 11552 11553
3 11553 11552 11554
3 11553 11554 11555
3 11555 11554 11556
3 11557 11558 11559
3 11559 11558 11560
3 11559 11560 10964
3 10964 11560 11561
3 11562 11563 11564
3 11564 11563 11565
3 11564 11565 11566
3 11566 11565 11567
3 11566 11567 11568
3 11568 11567 11569
3 11570 11571 11572
3 11572 11571 11573
3 11572 11573 11574
3 11574 11573 11575
3 11576 11577 11578
3 11578 11577 11579
3 11578 11579 11580
3 11580 11579 11581
3 11580 11581 11582
3 11582 11581 11583
3 11582 11583 11584
3 11584 11583 11585
3 11586 11587 11588
3 11588 11587 11589
3 11588 11589 11590
3 11590 11589 11591
3 11590 11591 11592
3 11592 11591 11593
3 11594 11595 11596
3 11596 11595 11597
3 11596 11597 11598
3 11598 11597 11599
3 11598 11599 11600
3 11600 11599 11601
3 11600 11601 11602
3 11602 11601 11603
3 11602 11604 11605
3 11605 11604 11606
3 11605 11606 11607
3 11607 11606 11608
3 11607 11608 11609
3 11609 11608 11610
3 11609 11611 11612
3 11612 11611 11613
3 11612 11613 11614
3 11614 11613 11615
3 11614 11615 11616
3 11616 11615 11617
3 11616 11617 11618
3 11618 11617 11619
3 11620 11621 11622
3 11622 11621 11623
3 11622 11623 11624
3 11624 11623 11625
3 11624 11625 11626
3 11626 11625 11627
3 11628 11629 11630
3 11630 11629 11631
3 11630 11631 11632
3 11632 11631 11633
3 11632 11633 11634
3 11634 11633 11635
3 11634 11635 11636
3 11636 11635 11637
3 11638 11639 11640
3 11640 11639 11641
3 11640 11641 11642
3 11642 11641 11643
3 11642 11643 11644
3 11644 11643 11645
3 11644 11645 11646
3 11646 11645 11647
3 11051 11648 11649
3 11649 11648 11650
3 11649 11650 11651
3 11651 11650 11652
3 11651 11652 11653
3 11653 11652 11654
3 11059 11655 11656
3 11656 11655 11657
3 11656 11657 11065
3 11065 11657 11658
3 11065 11658 11659
3 11659 11658 11660
3 11659 11660 11661
3 11661 11660 11662
3 11663 11664 11665
3 11665 11664 11666
3 11665 11666 11667
3 11667 11666 11668
3 11667 11668 11669
3 11669 11668 11670
3 11671 11672 11673
3 11673 11672 11674
3 11673 11674 11675
3 11675 11674 11676
3 11675 11676 11677
3 11677 11676 11678
3 11677 11678 11679
3 11679 11678 11680
3 11681 11682 11683
3 11683 11682 11684
3 11683 11684 11685
3 11685 11684 11686
3 11685 11686 11687
3 11687 11686 11688
3 11689 11690 11691
3 11691 11690 11692
3 11691 11692 11693
3 11693 11692 11694
3 11693 11694 11695
3 11695 11694 11696
3 11695 11696 11697
3 11697 11696 11698
3 11699 11700 11701
3 11701 11700 11702
3 11701 11702 11703
3 11703 11702 11704
3 11703 11704 11705
3 11705 11704 11706
3 11705 11707 11708
3 11708 11707 11709
3 11708 11709 11710
3 11710 11709 11711
3 11710 11711 11712
3 11712 11711 11713
3 11712 11713 11714
3 11714 11713 11715
3 11714 11715 11716
3 11716 11715 11717
3 11716 11717 11718
3 11718 11717 11719
3 11718 11719 11720
3 11720 11719 11721
3 11722 11723 11724
3 11724 11723 11725
3 11724 11725 11726
3 11726 11725 11727
3 11726 11727 11728
3 11728 11727 11729
3 11730 11731 11732
3 11732 11731 11733
3 11732 11733 11734
3 11734 11733 11735
3 11143 11736 11737
3 11737 11736 11738
3 11737 11738 11739
3 11739 11738 11740
3 11739 11740 11741
3 11741 11740 11742
3 11743 11744 11745
3 11745 11744 11746
3 11745 11746 11747
3 11747 11746 11748
3 11747 11748 11749
3 11749 11748 11750
3 11751 11752 11753
3 11753 11752 11754
3 11753 11754 11755
3 11755 11754 11756
3 11755 11756 11757
3 11757 11756 11758
3 11759 11760 11761
3 11761 11760 11762
3 11761 11762 11763
3 11763 11762 11764
3 11765 11766 11767
3 11767 11766 11768
3 11767 11768 11769
3 11769 11768 11770
3 11769 11770 11771
3 11771 11770 11772
3 11773 11774 11775
3 11775 11774 11776
3 11775 11776 11777
3 11777 11776 11778
3 11777 11778 11779
3 11779 11778 11780
3 11781 11782 11783
3 11783 11782 11784
3 11783 11784 11785
3 11785 11784 11786
3 11785 11786 11787
3 11787 11786 11788
3 11789 11790 11791
3 11791 11790 11792
3 11791 11792 11793
3 11793 11792 11794
3 11793 11794 11795
3 11795 11794 11796
3 11795 11797 11204
3 11204 11797 11798
3 11204 11798 11799
3 11799 11798 11800
3 11801 11802 11803
3 11803 11802 11804
3 11803 11804 11805
3 11805 11804 11806
3 11805 11806 11807
3 11807 11806 11808
3 11809 11810 11811
3 11811 11810 11812
3 11811 11812 11813
3 11813 11812 11814
3 11813 11814 11815
3 11815 11814 11816
3 11817 11818 11819
3 11819 11818 11820
3 11819 11820 11821
3 11821 11820 11822
3 11821 11822 11823
3 11823 11822 11824
3 11825 11826 11827
3 11827 11826 11828
3 11827 11828 11829
3 11829 11828 11830
3 11829 11830 11831
3 11831 11830 11832
3 11833 11834 11835
3 11835 11834 11836
3 11835 11836 11837
3 11837 11836 11838
3 11839 11840 11841
3 11841 11840 11842
3 11841 11842 11843
3 11843 11842 11844
3 11843 11844 11845
3 11845 11844 11846
3 11252 11847 11848
3 11848 11847 11849
3 11848 11849 11850
3 11850 11849 11851
3 11850 11851 11852
3 11852 11851 11853
3 11854 11855 11856
3 11856 11855 11857
3 11856 11857 11858
3 11858 11857 11859
3 11858 11859 11860
3 11860 11859 11861
3 11862 11863 11864
3 11864 11863 11865
3 11864 11865 11866
3 11866 11865 11867
3 11868 11869 11870
3 11870 11869 11871
3 11870 11871 11872
3 11872 11871 11873
3 11872 11873 11874
3 11874 11873 11875
3 11876 11877 11878
3 11878 11877 11879
3 11878 11879 11880
3 11880 11879 11881
3 11880 11881 11882
3 11882 11881 11883
3 11884 11885 11886
3 11886 11885 11887
3 11886 11887 11888
3 11888 11887 11889
3 11888 11889 11296
3 11296 11889 11890
3 11891 11892 11893
3 11893 11892 11894
3 11893 11894 11895
3 11895 11894 11896
3 11895 11896 11897
3 11897 11896 11898
3 11899 11900 11901
3 11901 11900 11902
3 11901 11902 11903
3 11903 11902 11904
3 11905 11906 11907
3 11907 11906 11908
3 11907 11908 11909
3 11909 11908 11910
3 11909 11910 11911
3 11911 11910 11912
3 11913 11914 11915
3 11915 11914 11916
3 11915 11916 11917
3 11917 11916 11918
3 11917 11918 11919
3 11919 11918 11920
3 11921 11922 11923
3 11923 11922 11924
3 11923 11924 11925
3 11925 11924 11926
3 11925 11926 11927
3 11927 11926 11928
3 11929 11930 11931
3 11931 11930 11932
3 11931 11932 11933
3 11933 11932 11934
3 11935 11936 11937
3 11937 11936 11938
3 11937 11938 11939
3 11939 11938 11940
3 11939 11940 11941
3 11941 11940 11942
3 11943 11944 11945
3 11945 11944 11946
3 11945 11946 11947
3 11947 11946 11948
3 11947 11948 11356
3 11356 11948 11949
3 11950 11951 11952
3 11952 11951 11953
3 11952 11953 11954
3 11954 11953 11955
3 11954 11955 11956
3 11956 11955 11957
3 11958 11959 11960
3 11960 11959 11961
3 11960 11961 11962
3 11962 11961 11963
3 11962 11963 11964
3 11964 11963 11965
3 11966 11967 11968
3 11968 11967 11969
3 11968 11969 11970
3 11970 11969 11971
3 11972 11973 11974
3 11974 11973 11975
3 11974 11975 11976
3 11976 11975 11977
3 11976 11977 11978
3 11978 11977 11979
3 11387 11980 11981
3 11981 11980 11982
3 11981 11982 11983
3 11983 11982 11984
3 11983 11984 11985
3 11985 11984 11986
3 11393 11987 11988
3 11988 11987 11989
3 11988 11989 11990
3 11990 11989 11991
3 11990 11991 11992
3 11992 11991 11993
3 11994 11995 11996
3 11996 11995 11997
3 11996 11997 11998
3 11998 11997 11999
3 11998 11999 12000
3 12000 11999 12001
3 12002 12003 11412
3 11412 12003 12004
3 11412 12004 12005
3 12005 12004 12006
3 12007 12008 12009
3 12009 12008 12010
3 12009 12010 11420
3 11420 12010 12011
3 11420 12011 12012
3 12012 12011 12013
3 11422 12014 607
3 607 12014 3958
3 11425 1 11427
3 11427 1 0
3 11427 0 11429
3 11429 0 3
3 11429 3 11431
3 11431 3 5
3 11431 5 11433
3 11433 5 7
3 11433 7 11435
3 11435 7 9
3 11437 11 11439
3 11439 11 13
3 11441 15 11443
3 11443 15 17
3 11443 17 11445
3 11445 17 19
3 11445 19 11447
3 11447 19 21
3 11447 21 11449
3 11449 21 23
3 11450 25 11451
3 11451 25 27
3 11451 27 11452
3 11452 27 29
3 11452 29 11454
3 11454 29 31
3 11454 31 11455
3 11455 31 33
3 11457 35 11459
3 11459 35 36
3 11459 36 11461
3 11461 36 38
3 11461 38 11463
3 11463 38 40
3 11463 40 11465
3 11465 40 42
3 11465 42 11467
3 11467 42 44
3 11467 44 11469
3 11469 44 46
3 11471 48 11473
3 11473 48 50
3 11473 50 11475
3 11475 50 52
3 11475 52 11477
3 11477 52 54
3 11477 54 11479
3 11479 54 56
3 11479 56 11481
3 11481 56 58
3 11481 58 11483
3 11483 58 60
3 11483 60 11485
3 11485 60 62
3 11485 62 11487
3 11487 62 64
3 11489 66 11491
3 11491 66 68
3 11493 70 11495
3 11495 70 72
3 11495 72 11497
3 11497 72 74
3 11499 76 11501
3 11501 76 78
3 11501 78 11503
3 11503 78 80
3 11503 80 11505
3 11505 80 82
3 11507 84 11509
3 11509 84 86
3 11509 86 11511
3 11511 86 88
3 11513 90 11515
3 11515 90 92
3 11515 92 11517
3 11517 92 94
3 11519 96 11521
3 11521 96 98
3 11521 98 11523
3 11523 98 100
3 11523 100 11525
3 11525 100 102
3 11527 104 11529
3 11529 104 106
3 11529 106 11531
3 11531 106 108
3 11533 110 11535
3 11535 110 112
3 11535 112 11537
3 11537 112 114
3 11539 114 11541
3 11541 114 117
3 11541 117 11542
3 11542 117 119
3 11544 121 11546
3 11546 121 123
3 11546 123 11548
3 11548 123 125
3 11548 125 11550
3 11550 125 127
3 11552 127 11554
3 11554 127 130
3 11554 130 11556
3 11556 130 132
3 11558 134 11560
3 11560 134 136
3 11560 136 11561
3 11561 136 138
3 11563 140 11565
3 11565 140 142
3 11565 142 11567
3 11567 142 144
3 11567 144 11569
3 11569 144 146
3 11571 148 11573
3 11573 148 150
3 11573 150 11575
3 11575 150 152
3 11577 154 11579
3 11579 154 156
3 11579 156 11581
3 11581 156 158
3 11581 158 11583
3 11583 158 160
3 11583 160 11585
3 11585 160 162
3 11587 164 11589
3 11589 164 166
3 11589 166 11591
3 11591 166 168
3 11591 168 11593
3 11593 168 170
3 11595 172 11597
3 11597 172 174
3 11597 174 11599
3 11599 174 176
3 11599 176 11601
3 11601 176 178
3 11601 178 11603
3 11603 178 180
3 11604 182 11606
3 11606 182 184
3 11606 184 11608
3 11608 184 186
3 11608 186 11610
3 11610 186 188
3 11611 190 11613
3 11613 190 192
3 11613 192 11615
3 11615 192 194
3 11615 194 11617
3 11617 194 196
3 11617 196 11619
3 11619 196 198
3 11621 200 11623
3 11623 200 202
3 11623 202 11625
3 11625 202 204
3 11625 204 11627
3 11627 204 206
3 11629 208 11631
3 11631 208 210
3 11631 210 11633
3 11633 210 212
3 11633 212 11635
3 11635 212 214
3 11635 214 11637
3 11637 214 216
3 11639 218 11641
3 11641 218 220
3 11641 220 11643
3 11643 220 222
3 11643 222 11645
3 11645 222 224
3 11645 224 11647
3 11647 224 226
3 11648 228 11650
3 11650 228 230
3 11650 230 11652
3 11652 230 232
3 11652 232 11654
3 11654 232 234
3 11655 236 11657
3 11657 236 238
3 11657 238 11658
3 11658 238 240
3 11658 240 11660
3 11660 240 242
3 11660 242 11662
3 11662 242 244
3 11664 246 11666
3 11666 246 248
3 11666 248 11668
3 11668 248 250
3 11668 250 11670
3 11670 250 252
3 11672 252 11674
3 11674 252 255
3 11674 255 11676
3 11676 255 257
3 11676 257 11678
3 11678 257 259
3 11678 259 11680
3 11680 259 261
3 11682 263 11684
3 11684 263 265
3 11684 265 11686
3 11686 265 267
3 11686 267 11688
3 11688 267 269
3 11690 271 11692
3 11692 271 273
3 11692 273 11694
3 11694 273 275
3 11694 275 11696
3 11696 275 277
3 11696 277 11698
3 11698 277 279
3 11700 281 11702
3 11702 281 283
3 11702 283 11704
3 11704 283 285
3 11704 285 11706
3 11706 285 287
3 11707 289 11709
3 11709 289 291
3 11709 291 11711
3 11711 291 293
3 11711 293 11713
3 11713 293 295
3 11713 295 11715
3 11715 295 297
3 11715 297 11717
3 11717 297 299
3 11717 299 11719
3 11719 299 301
3 11719 301 11721
3 11721 301 303
3 11723 305 11725
3 11725 305 307
3 11725 307 11727
3 11727 307 309
3 11727 309 11729
3 11729 309 311
3 11731 313 11733
3 11733 313 315
3 11733 315 11735
3 11735 315 317
3 11736 319 11738
3 11738 319 321
3 11738 321 11740
3 11740 321 323
3 11740 323 11742
3 11742 323 325
3 11744 327 11746
3 11746 327 329
3 11746 329 11748
3 11748 329 331
3 11748 331 11750
3 11750 331 333
3 11752 335 11754
3 11754 335 337
3 11754 337 11756
3 11756 337 339
3 11756 339 11758
3 11758 339 341
3 11760 343 11762
3 11762 343 345
3 11762 345 11764
3 11764 345 347
3 11766 349 11768
3 11768 349 351
3 11768 351 11770
3 11770 351 353
3 11770 353 11772
3 11772 353 355
3 11774 357 11776
3 11776 357 359
3 11776 359 11778
3 11778 359 361
3 11778 361 11780
3 11780 361 363
3 11782 365 11784
3 11784 365 367
3 11784 367 11786
3 11786 367 369
3 11786 369 11788
3 11788 369 371
3 11790 373 11792
3 11792 373 375
3 11792 375 11794
3 11794 375 377
3 11794 377 11796
3 11796 377 379
3 11797 381 11798
3 11798 381 382
3 11798 382 11800
3 11800 382 384
3 11802 386 11804
3 11804 386 388
3 11804 388 11806
3 11806 388 390
3 11806 390 11808
3 11808 390 392
3 11810 394 11812
3 11812 394 396
3 11812 396 11814
3 11814 396 398
3 11814 398 11816
3 11816 398 400
3 11818 402 11820
3 11820 402 404
3 11820 404 11822
3 11822 404 406
3 11822 406 11824
3 11824 406 408
3 11826 410 11828
3 11828 410 412
3 11828 412 11830
3 11830 412 414
3 11830 414 11832
3 11832 414 416
3 11834 418 11836
3 11836 418 420
3 11836 420 11838
3 11838 420 422
3 11840 424 11842
3 11842 424 426
3 11842 426 11844
3 11844 426 428
3 11844 428 11846
3 11846 428 430
3 11847 432 11849
3 11849 432 434
3 11849 434 11851
3 11851 434 436
3 11851 436 11853
3 11853 436 438
3 11855 440 11857
3 11857 440 442
3 11857 442 11859
3 11859 442 444
3 11859 444 11861
3 11861 444 446
3 11863 448 11865
3 11865 448 450
3 11865 450 11867
3 11867 450 452
3 11869 454 11871
3 11871 454 456
3 11871 456 11873
3 11873 456 458
3 11873 458 11875
3 11875 458 460
3 11877 462 11879
3 11879 462 464
3 11879 464 11881
3 11881 464 466
3 11881 466 11883
3 11883 466 468
3 11885 470 11887
3 11887 470 472
3 11887 472 11889
3 11889 472 474
3 11889 474 11890
3 11890 474 476
3 11892 478 11894
3 11894 478 480
3 11894 480 11896
3 11896 480 482
3 11896 482 11898
3 11898 482 484
3 11900 486 11902
3 11902 486 488
3 11902 488 11904
3 11904 488 490
3 11906 492 11908
3 11908 492 494
3 11908 494 11910
3 11910 494 496
3 11910 496 11912
3 11912 496 498
3 11914 500 11916
3 11916 500 502
3 11916 502 11918
3 11918 502 504
3 11918 504 11920
3 11920 504 506
3 11922 508 11924
3 11924 508 510
3 11924 510 11926
3 11926 510 512
3 11926 512 11928
3 11928 512 514
3 11930 516 11932
3 11932 516 518
3 11932 518 11934
3 11934 518 520
3 11936 522 11938
3 11938 522 524
3 11938 524 11940
3 11940 524 526
3 11940 526 11942
3 11942 526 528
3 11944 530 11946
3 11946 530 532
3 11946 532 11948
3 11948 532 534
3 11948 534 11949
3 11949 534 536
3 11951 538 11953
3 11953 538 540
3 11953 540 11955
3 11955 540 542
3 11955 542 11957
3 11957 542 544
3 11959 546 11961
3 11961 546 548
3 11961 548 11963
3 11963 548 550
3 11963 550 11965
3 11965 550 552
3 11967 554 11969
3 11969 554 556
3 11969 556 11971
3 11971 556 558
3 11973 560 11975
3 11975 560 562
3 11975 562 11977
3 11977 562 564
3 11977 564 11979
3 11979 564 566
3 11980 568 11982
3 11982 568 570
3 11982 570 11984
3 11984 570 572
3 11984 572 11986
3 11986 572 574
3 11987 574 11989
3 11989 574 577
3 11989 577 11991
3 11991 577 579
3 11991 579 11993
3 11993 579 581
3 11995 583 11997
3 11997 583 585
3 11997 585 11999
3 11999 585 587
3 11999 587 12001
3 12001 587 589
3 12003 591 12004
3 12004 591 593
3 12004 593 12006
3 12006 593 595
3 12008 597 12010
3 12010 597 599
3 12010 599 12011
3 12011 599 601
3 12011 601 12013
3 12013 601 603
3 12014 605 3958
3 3958 605 607
