# vtk DataFile Version 2.0
File written by itkPolyDataMeshIO
ASCII
DATASET POLYDATA
POINTS 5603 float
-301.55298 -15.934624 -237.90459
-302.4531 -20.389137 -239.35661
-301.47394 -15.905449 -238.10446
-300.36346 -11.493538 -236.38956
-300.275 -11.458839 -236.5996
-299.4035 -7.93557 -234.77087
-299.30856 -7.882851 -234.97075
-299.40347 -7.9356 -234.77084
-299.30853 -7.882881 -234.97072
-299.39514 -4.433815 -232.56331
-299.28546 -4.337608 -232.72845
-300.2821 -0.770042 -229.97095
-300.1501 -0.635506 -230.1061
-301.3761 2.848396 -227.51549
-301.23096 2.994194 -227.65561
-301.98868 4.226799 -223.51015
-301.91193 4.449471 -223.5709
-302.2937 5.403999 -218.7557
-302.24695 5.660225 -218.81595
-302.3011 7.208961 -214.1617
-302.2586 7.455498 -214.2567
-302.1034 8.401283 -209.53436
-302.06372 8.652596 -209.60057
-301.8678 9.036934 -204.97157
-301.8274 9.297188 -205.00996
-302.02267 9.495171 -200.53627
-301.97916 9.760323 -200.5626
-302.47604 9.064079 -196.17726
-302.4354 9.334221 -196.14754
-302.54474 7.906227 -192.0046
-302.49936 8.180916 -191.93082
-301.87085 6.445488 -188.11171
-301.80728 6.71978 -188.02635
-301.34198 5.573662 -184.10667
-301.28204 5.857262 -184.05496
-301.707 5.828697 -179.4371
-301.65506 6.119118 -179.4453
-301.65503 6.119102 -179.4453
-301.78168 6.74691 -172.8709
-301.73392 7.030815 -172.90773
-300.3225 8.60186 -165.03972
-300.29202 8.872368 -165.10439
-300.3225 8.60186 -165.03973
-300.29205 8.872383 -165.1044
-299.3634 11.554054 -156.04205
-299.32907 11.820824 -156.13101
-299.9311 14.352837 -147.44434
-299.87762 14.629005 -147.53148
-299.9311 14.352837 -147.44437
-299.87762 14.629005 -147.5315
-299.96518 16.29049 -141.34096
-299.91815 16.572807 -141.42755
-299.39526 17.904655 -136.14198
-299.35687 18.187645 -136.23187
-299.3953 17.904655 -136.14201
-299.3569 18.18766 -136.23189
-298.85727 19.513695 -131.02742
-298.81863 19.798836 -131.12093
-297.74805 21.09922 -126.14966
-297.7194 21.391167 -126.2487
-297.74805 21.09919 -126.14965
-297.7194 21.391136 -126.2487
-296.27277 22.717766 -121.16564
-296.25037 23.014076 -121.267365
-294.795 24.528648 -116.23621
-294.77655 24.825478 -116.35216
-294.79498 24.528648 -116.23623
-294.77655 24.825478 -116.352165
-293.29916 26.61216 -111.735466
-293.28983 26.909523 -111.87596
-291.77838 28.729485 -107.29361
-291.77185 29.026299 -107.43678
-291.77838 28.72947 -107.29362
-291.77185 29.026283 -107.43679
-290.08798 30.702248 -102.76635
-290.07965 31.010384 -102.903534
-287.93497 32.509468 -98.171906
-287.93164 32.837822 -98.30167
-285.92133 34.459953 -93.78624
-285.92447 34.788094 -93.93102
-285.92133 34.459953 -93.78622
-285.92447 34.788094 -93.931
-283.964 36.473503 -89.51518
-283.96976 36.80744 -89.67057
-281.8991 38.260887 -85.39621
-281.90326 38.611427 -85.54618
-279.56613 39.642097 -81.186516
-279.56198 40.008125 -81.30823
-277.3085 41.06768 -76.848885
-277.3031 41.438423 -76.97437
-277.30847 41.06768 -76.84887
-277.3031 41.43844 -76.97436
-275.03833 42.289375 -72.5951
-275.02786 42.67025 -72.71098
-272.83716 43.419167 -68.352646
-272.82318 43.805656 -68.46514
-270.70737 44.67408 -64.08757
-270.69495 45.05944 -64.20607
-268.76053 45.814278 -59.694824
-268.74136 46.19825 -59.8074
-268.7605 45.814262 -59.694805
-268.74136 46.19825 -59.807384
-267.0074 46.83277 -55.341423
-266.98386 47.22123 -55.454464
-265.41187 47.75596 -51.059044
-265.385 48.148415 -51.170128
-264.06955 48.543358 -46.645164
-264.03516 48.933327 -46.746346
-262.75232 49.22666 -42.328495
-262.7154 49.622032 -42.426037
-262.75232 49.22666 -42.32848
-262.71536 49.622032 -42.42602
-261.31 49.924507 -38.110477
-261.2753 50.324883 -38.208584
-259.97348 50.586388 -33.76093
-259.93665 50.986656 -33.858242
-258.76086 51.143105 -29.452196
-258.7218 51.54676 -29.549973
-258.76086 51.143105 -29.45218
-258.7218 51.54676 -29.549957
-257.54306 51.76217 -25.23943
-257.5028 52.170418 -25.335009
-256.30478 52.37165 -21.069714
-256.2622 52.78414 -21.158335
-255.11057 52.802498 -16.930838
-255.06488 53.21891 -17.011282
-253.9559 53.15464 -12.834911
-253.90584 53.578224 -12.906325
-253.95589 53.154625 -12.834895
-253.90582 53.57821 -12.906308
-252.6195 53.45301 -8.929012
-252.56744 53.884422 -8.991148
-251.10558 53.704277 -5.095037
-251.05377 54.13935 -5.153454
-249.5856 53.886757 -1.260268
-249.53374 54.32412 -1.31832
-248.0351 53.966118 2.496533
-247.98027 54.407204 2.445014
-248.0351 53.966133 2.496546
-247.98027 54.407204 2.445028
-246.4099 54.02717 6.209772
-246.35289 54.470192 6.163582
-244.7037 54.146614 9.885824
-244.64697 54.59243 9.838666
-242.98387 54.30163 13.577847
-242.92702 54.743385 13.532448
-241.32027 54.414467 17.299057
-241.25887 54.853752 17.263784
-241.32027 54.414467 17.299068
-241.25887 54.853737 17.263798
-239.7011 54.51394 20.98752
-239.63713 54.954887 20.956749
-238.04079 54.6923 24.612968
-237.97891 55.13253 24.578125
-236.48538 54.862206 28.345442
-236.41956 55.298958 28.323391
-235.02267 55.047676 32.14042
-234.95091 55.48098 32.135353
-233.3902 55.370216 35.810184
-233.32007 55.806847 35.79823
-233.3902 55.370216 35.810207
-233.32007 55.80686 35.798252
-231.79837 55.545128 39.478912
-231.72409 55.98037 39.48222
-230.39447 55.37475 43.116657
-230.30734 55.807808 43.165627
-229.01117 55.134773 46.714294
-228.92181 55.570824 46.770393
-227.8365 54.534492 50.256145
-227.74161 54.98104 50.333363
-227.2213 53.10166 53.544205
-227.11505 53.556145 53.716785
-226.89772 51.399834 56.588043
-226.7913 51.84025 56.82161
-226.53412 49.62217 59.616894
-226.42896 50.074104 59.872406
-226.29762 47.678337 62.596725
-226.21358 48.126427 62.919914
-226.29762 47.67829 62.596737
-226.21358 48.126366 62.919926
-226.09242 45.521965 65.359474
-225.99725 45.965202 65.71176
-225.69919 43.29493 68.1951
-225.57603 43.744865 68.52021
-224.78363 41.317986 71.11521
-224.61572 41.802284 71.35888
-223.36145 39.409966 74.25982
-223.17358 39.912117 74.46545
-221.38007 38.325615 77.85193
-221.23953 38.836174 77.931
-218.95973 38.473656 81.978874
-218.90262 39.007195 81.91268
-217.09576 38.27053 86.18682
-217.01904 38.812004 86.14941
-217.09576 38.27053 86.18685
-217.01904 38.81202 86.149445
-215.64294 37.393227 90.485176
-215.5327 37.929436 90.515915
-214.52965 35.670143 94.96817
-214.38786 36.187675 95.078384
-213.3682 33.58332 99.59539
-213.20937 34.095024 99.751465
-212.1879 31.419258 104.278946
-212.02261 31.922783 104.449455
-210.9452 29.95617 109.07751
-210.80513 30.479149 109.20276
-209.67987 29.089546 113.96751
-209.56393 29.614113 114.041595
-208.36609 28.822945 118.95869
-208.27182 29.353706 118.971054
-207.13953 28.791069 123.97833
-207.05278 29.324883 123.969635
-207.13953 28.791084 123.97837
-207.05276 29.324867 123.969666
-205.9317 28.804878 129.1021
-205.84654 29.328835 129.09499
-204.6612 28.935112 134.35805
-204.57942 29.455055 134.34012
-203.3874 29.029 139.68567
-203.30507 29.548103 139.6707
-202.15439 28.919731 145.13962
-202.06844 29.431816 145.14554
-200.87372 28.683235 150.72601
-200.78635 29.188377 150.74246
-199.60956 28.50393 156.43301
-199.52458 29.005241 156.44292
-198.53322 28.494148 162.3023
-198.45331 28.985634 162.29787
-198.53322 28.494148 162.30238
-198.45331 28.98565 162.29791
-197.53442 28.777138 168.29033
-197.46007 29.258553 168.25766
-196.50816 29.192146 174.30965
-196.43633 29.667946 174.26337
-195.40135 29.610374 180.36388
-195.33098 30.079445 180.31845
-194.23712 29.862267 186.47441
-194.16595 30.327644 186.44162
-192.93324 30.077858 192.64365
-192.86365 30.537376 192.61247
-191.58574 29.985344 198.84854
-191.51204 30.451546 198.84023
-190.37332 29.2994 204.9145
-190.29077 29.774208 204.95537
-189.18564 28.420479 210.8609
-189.09938 28.895546 210.91833
-189.18562 28.420494 210.86096
-189.09937 28.895546 210.91838
-188.11317 27.400703 216.80553
-188.02414 27.883629 216.87752
-187.0823 26.146568 222.69115
-186.99025 26.63755 222.78362
-185.91533 24.732475 228.5396
-185.81854 25.2331 228.64157
-184.82108 23.146553 234.41417
-184.72057 23.655632 234.53276
-183.86801 21.433311 240.34547
-183.76483 21.952202 240.47913
-182.95355 19.60154 246.2455
-182.84538 20.132362 246.3932
-181.8696 17.525963 252.10236
-181.75516 18.065468 252.26765
-181.8696 17.525948 252.10242
-181.75516 18.065483 252.2677
-180.95525 15.324715 257.96667
-180.8403 15.872017 258.15228
-180.40651 13.206367 263.84076
-180.2904 13.762474 264.03714
-179.68542 10.971397 269.72495
-179.56602 11.542671 269.92407
-178.88472 8.630455 275.53046
-178.76424 9.213387 275.73886
-178.30937 6.36541 281.27942
-178.1904 6.953529 281.4951
-178.09198 3.819008 286.86017
-177.9842 4.39666 287.12463
-178.22882 0.747154 291.70346
-178.13998 1.29409 292.06433
-178.50421 -1.993309 295.73364
-178.4314 -1.437279 296.12265
-178.50423 -1.993324 295.73367
-178.4314 -1.437294 296.12268
-179.13696 -4.305016 299.40317
-179.10503 -3.724983 299.79224
-180.17914 -6.160042 302.7366
-180.17995 -5.557365 303.09473
-183.53159 -6.981133 304.90417
-183.5316 -6.981133 304.90417
-301.4571 -15.887642 -238.21606
-300.25522 -11.432289 -236.72084
-299.286 -7.844398 -235.08945
-299.286 -7.844429 -235.08942
-299.25415 -4.279182 -232.8308
-300.10614 -0.562172 -230.1958
-301.18307 3.0718 -227.74852
-301.90497 4.567955 -223.61182
-302.2584 5.796532 -218.85089
-302.27234 7.586693 -214.30737
-302.07843 8.786324 -209.63426
-301.84186 9.435677 -205.02864
-301.99252 9.901405 -200.57805
-302.45123 9.477989 -196.13577
-302.514 8.32711 -191.89235
-301.8125 6.865761 -187.97438
-301.2897 6.008232 -184.02234
-301.66718 6.273705 -179.45274
-301.7474 7.181908 -172.92923
-300.313 9.01635 -165.13219
-300.313 9.016365 -165.13222
-299.34833 11.962822 -156.1738
-299.8888 14.776024 -147.58086
-299.8888 14.776024 -147.58087
-299.9332 16.723106 -141.47334
-299.37665 18.338295 -136.27547
-299.37665 18.33831 -136.27547
-298.83875 19.9506 -131.16653
-297.74503 21.546516 -126.29251
-297.745 21.546516 -126.29251
-296.2793 23.171745 -121.30962
-294.80823 24.983437 -116.40157
-294.80823 24.983437 -116.40158
-293.32724 27.067726 -111.937
-291.81058 29.184258 -107.49858
-291.81058 29.184242 -107.49858
-290.1181 31.174416 -102.96096
-287.97342 33.01261 -98.35103
-285.97034 34.96276 -93.98796
-285.97034 34.96276 -93.98794
-284.01834 36.985146 -89.73277
-281.952 38.79795 -85.603386
-279.60565 40.202843 -81.34794
-277.3473 41.63569 -77.01688
-277.3473 41.635704 -77.01686
-275.07 42.87298 -72.747475
-272.8642 44.011406 -68.49995
-270.73718 45.26452 -64.24471
-268.78067 46.402596 -59.8451
-268.78064 46.402596 -59.84508
-267.02216 47.42797 -55.493896
-265.42236 48.357292 -51.2094
-264.06885 49.140816 -46.78319
-262.7484 49.83233 -42.461086
-262.74838 49.83233 -42.46107
-261.3095 50.537956 -38.241978
-259.97012 51.199745 -33.892353
-258.7549 51.761528 -29.585297
-258.7549 51.761528 -29.585281
-257.5358 52.387672 -25.368887
-256.29425 53.003685 -21.188185
-255.09564 53.4405 -17.036737
-253.93515 53.803658 -12.927215
-253.93515 53.803627 -12.927198
-252.59558 54.11399 -9.004094
-251.08148 54.370903 -5.161631
-249.56137 54.556877 -1.325454
-248.00624 54.64193 2.442579
-248.00624 54.641945 2.442593
-246.37741 54.705956 6.16515
-244.67157 54.82969 9.840832
-242.95105 54.978493 13.535313
-241.2808 55.087547 17.27044
-241.28079 55.087532 17.270452
-239.65833 55.189568 20.96506
-238.00085 55.3668 24.584757
-236.44 55.531364 28.333937
-234.96912 55.711586 32.151505
-233.33902 56.039223 35.81231
-233.33902 56.039223 35.81234
-231.74103 56.211983 39.50392
-230.31882 56.038322 43.20835
-228.93275 55.802895 46.816555
-227.75192 55.218697 50.390575
-227.12524 53.79801 53.819946
-226.80331 52.07464 56.953506
-226.44437 50.314674 60.014874
-226.24449 48.364906 63.09099
-226.24448 48.364876 63.091003
-226.02434 46.20112 65.90006
-225.58704 43.98432 68.70178
-224.59967 42.060005 71.51132
-223.14487 40.179405 74.60623
-221.22865 39.107857 78.010735
-218.93419 39.291084 81.91815
-217.04332 39.100166 86.16552
-217.0433 39.10018 86.165565
-215.54128 38.214806 90.5644
-214.38074 36.46308 95.16653
-213.19487 34.367287 99.86289
-212.00458 32.190727 104.56853
-210.80154 30.7575 109.29486
-209.57208 29.893288 114.10426
-208.29156 29.636147 118.99941
-207.07715 29.608925 123.9846
-207.07713 29.608925 123.984634
-205.87086 29.607658 129.10889
-204.60513 29.731728 134.34773
-203.33038 29.824379 139.67981
-202.09119 29.704353 145.1646
-200.80751 29.457237 150.7667
-199.5466 29.27201 156.46288
-198.47714 29.247108 162.30707
-198.47714 29.247124 162.30711
-197.48605 29.514702 168.24889
-196.46306 29.921165 174.24648
-195.3575 30.32911 180.3027
-194.19147 30.575264 186.43262
-192.88895 30.781868 192.60574
-191.5361 30.699608 198.84587
-190.31186 30.026924 204.9854
-189.1186 29.14843 210.95831
-189.11859 29.148415 210.95836
-188.0433 28.140648 216.92503
-187.00955 26.89878 222.84084
-185.83682 25.49952 228.7051
-184.73857 23.926628 234.6051
-183.78326 22.228294 240.55899
-182.86322 20.414818 246.48108
-181.77148 18.352592 252.36603
-181.77147 18.352577 252.3661
-180.85843 16.163277 258.25998
-180.3096 14.058403 264.14993
-179.58551 11.846672 270.03882
-178.7851 9.523643 275.8579
-178.21312 7.266518 281.61685
-178.01445 4.704048 287.26785
-178.18234 1.585136 292.2526
-178.48453 -1.14135 296.3211
-178.48453 -1.141365 296.32114
-179.1805 -3.416237 299.9796
-180.26624 -5.235725 303.25946
-183.53159 -6.981117 304.90417
-302.45312 -20.389137 -239.35661
-301.461 -15.871529 -238.31093
-300.25894 -11.404671 -236.82639
-299.28778 -7.804909 -235.19539
-299.28778 -7.804939 -235.19536
-299.24707 -4.224434 -232.92603
-300.0858 -0.497398 -230.28506
-301.1609 3.139458 -227.84174
-301.92148 4.671272 -223.65318
-302.29248 5.915428 -218.88332
-302.30847 7.701103 -214.35167
-302.11508 8.902946 -209.6626
-301.87842 9.55648 -205.0437
-302.0285 10.024467 -200.59247
-302.4899 9.603355 -196.12828
-302.5526 8.454613 -191.85931
-301.84305 6.993065 -187.92468
-301.32272 6.13987 -183.99045
-301.7042 6.408501 -179.46127
-301.70416 6.408501 -179.46127
-301.78503 7.313652 -172.9492
-300.3559 9.141914 -165.15201
-300.35593 9.14193 -165.15204
-299.39008 12.086632 -156.20808
-299.92493 14.904167 -147.62598
-299.92493 14.904167 -147.62599
-299.97296 16.854118 -141.51308
-299.42062 18.469612 -136.31062
-299.42062 18.469627 -136.31065
-298.88336 20.082954 -131.20346
-297.79456 21.68203 -126.324776
-297.79453 21.682014 -126.324776
-296.3316 23.309273 -121.338615
-294.86346 25.121223 -116.436485
-294.86346 25.121208 -116.436485
-293.388 27.205742 -111.981064
-291.87244 29.322014 -107.5429
-291.87244 29.321999 -107.54291
-290.1802 31.317421 -103.00073
-288.03885 33.165016 -98.38099
-286.03973 35.11506 -94.02427
-286.03973 35.11506 -94.02425
-284.09094 37.14016 -89.7734
-282.0254 38.960625 -85.638275
-279.67416 40.37269 -81.36592
-277.41718 41.807716 -77.03775
-277.41718 41.80773 -77.037735
-275.13846 43.04975 -72.76257
-272.9322 44.19085 -68.51369
-270.8065 45.443413 -64.26222
-268.8478 46.580833 -59.863205
-268.8478 46.580833 -59.863194
-267.08932 47.608253 -55.514515
-265.4893 48.53942 -51.230503
-264.1328 49.32174 -46.804043
-262.81223 50.01574 -42.4804
-262.81223 50.01574 -42.480385
-261.3744 50.723763 -38.258568
-260.03464 51.38555 -33.910328
-258.81964 51.948845 -29.604967
-258.81964 51.948845 -29.604952
-257.60074 52.577126 -25.387138
-256.35855 53.19512 -21.202728
-255.15907 53.63372 -17.047428
-253.99797 54.000206 -12.934101
-253.99796 54.00016 -12.934085
-252.65723 54.314217 -9.002013
-251.14233 54.572838 -5.153519
-249.62216 54.759895 -1.315921
-248.06558 54.846703 2.457001
-248.06558 54.846703 2.457015
-246.43524 54.911568 6.183894
-244.72937 55.036552 9.860826
-243.00803 55.183464 13.555738
-241.3362 55.291374 17.293161
-241.33618 55.291374 17.293173
-239.71341 55.394173 20.988754
-238.05643 55.571083 24.607275
-236.49474 55.734062 28.357914
-235.02248 55.912712 32.178078
-233.39297 56.241875 35.83814
-233.39296 56.24189 35.838165
-231.79337 56.41401 39.53607
-230.36731 56.239296 43.256695
-228.9812 56.00518 46.86767
-227.80139 55.42594 50.45117
-227.17853 54.008934 53.91741
-226.85939 52.279015 57.07356
-226.50528 50.52442 60.143387
-226.32178 48.572853 63.23956
-226.32178 48.572807 63.23957
-226.09958 46.406837 66.06483
-225.64743 44.193153 68.86582
-224.6344 42.284767 71.65943
-223.1672 40.4125 74.74988
-221.26161 39.344795 78.10532
-219.0029 39.53869 81.95
-217.10773 39.351463 86.20352
-217.10771 39.35148 86.20356
-215.59346 38.46366 90.62802
-214.41989 36.70327 95.26297
-213.22879 34.604744 99.97894
-212.03537 32.424385 104.691185
-210.84563 31.000175 109.39208
-209.62555 30.136742 114.174324
-208.3552 29.88247 119.03855
-207.14523 29.85662 124.010666
-207.14523 29.856606 124.0107
-205.93837 29.850838 129.13278
-204.67354 29.97303 134.3658
-203.39838 30.065285 139.69916
-202.15656 29.942024 145.19182
-200.87099 29.691704 150.7981
-199.6105 29.504646 156.49002
-198.5421 29.475182 162.32277
-198.54208 29.475212 162.32283
-197.5523 29.738136 168.24698
-196.52957 30.14199 174.23691
-195.42313 30.546791 180.29453
-194.25581 30.791191 186.43036
-192.9524 30.995094 192.60638
-191.59914 30.915947 198.8575
-190.37344 30.247261 205.01709
-189.17867 29.36892 210.9994
-189.17865 29.36892 210.99947
-188.10426 28.364769 216.9726
-187.07175 27.12661 222.89601
-185.89914 25.73185 228.76657
-184.80179 24.16291 234.67426
-183.8481 22.469093 240.63445
-182.92892 20.661156 246.56392
-181.83708 18.602974 252.45872
-181.83707 18.602959 252.4588
-180.92691 16.417229 258.3598
-180.38013 14.316475 264.25385
-179.65765 12.111794 270.14465
-178.85977 9.794182 275.96704
-178.29012 7.539452 281.72766
-178.09903 4.972115 287.3943
-178.27887 1.838921 292.4143
-178.59192 -0.883278 296.48853
-178.59192 -0.883293 296.48856
-179.30772 -3.146996 300.12997
-180.39944 -4.954521 303.38568
-302.45312 -20.389122 -239.35663
-301.4809 -15.855278 -238.40161
-300.2811 -11.374214 -236.9273
-299.30862 -7.761528 -235.29843
-299.30862 -7.761543 -235.29842
-299.25806 -4.167671 -233.02298
-300.08142 -0.432762 -230.38234
-301.15573 3.206459 -227.94449
-301.9572 4.773506 -223.69904
-302.34702 6.033073 -218.91702
-302.36505 7.814323 -214.39554
-302.17188 9.018379 -209.68974
-301.93518 9.675972 -205.05759
-302.08505 10.146217 -200.60759
-302.54968 9.727394 -196.12321
-302.61307 8.580772 -191.8271
-301.89566 7.119041 -187.87177
-301.37808 6.270119 -183.9559
-301.7636 6.541878 -179.47145
-301.8446 7.444008 -172.97
-300.41974 9.266136 -165.16782
-300.41974 9.266136 -165.16783
-299.45288 12.209129 -156.23933
-299.9834 15.030998 -147.67235
-299.9834 15.031013 -147.67238
-300.03528 16.983757 -141.55223
-299.48715 18.599556 -136.34299
-299.48715 18.599556 -136.34302
-298.95078 20.213875 -131.2376
-297.867 21.816093 -126.35156
-297.86697 21.816063 -126.351555
-296.4068 23.44532 -121.360504
-294.9419 25.257545 -116.46399
-294.94186 25.257545 -116.46399
-293.47244 27.342293 -112.016785
-291.95782 29.458305 -107.57848
-291.95782 29.45829 -107.57848
-290.26617 31.458931 -103.03112
-288.12854 33.31579 -98.399376
-286.1338 35.26574 -94.04869
-286.1338 35.26574 -94.04867
-284.18878 37.29351 -89.801834
-282.1246 39.121605 -85.65981
-279.76825 40.540764 -81.369354
-277.51328 41.977943 -77.044464
-277.51328 41.977943 -77.04445
-275.23352 43.224663 -72.7631
-273.02728 44.368355 -68.51293
-270.90308 45.620354 -64.26559
-268.9426 46.757164 -59.86839
-268.9426 46.757164 -59.86837
-267.18494 47.78663 -55.523064
-265.58514 48.71958 -51.240047
-264.2259 49.50077 -46.814964
-262.90558 50.197258 -42.48984
-262.90555 50.197273 -42.489826
-261.46884 50.907616 -38.26419
-260.12897 51.56933 -33.91798
-258.9146 52.1341 -29.614862
-258.9146 52.134117 -29.61485
-257.69617 52.76452 -25.395441
-256.45355 53.384514 -21.207157
-255.25342 53.824913 -17.048058
-254.09218 54.194695 -12.931129
-254.09216 54.19465 -12.931113
-252.75024 54.51232 -8.988443
-251.23424 54.77262 -5.132371
-249.71402 54.96073 -1.292879
-248.15598 55.049263 2.48557
-248.15596 55.049263 2.485584
-246.52394 55.115013 6.217417
-244.81795 55.241234 9.896232
-243.09549 55.3863 13.591454
-241.4223 55.493095 17.330276
-241.42229 55.49308 17.33029
-239.79956 55.596672 21.026371
-238.14285 55.773216 24.643982
-236.58067 55.934593 28.394438
-235.1076 56.111687 32.215183
-233.47865 56.442436 35.87539
-233.47864 56.44242 35.87542
-231.8775 56.613884 39.579292
-230.44844 56.438133 43.31409
-229.06268 56.205345 46.92759
-227.88522 55.63096 50.520355
-227.26953 54.217613 54.020325
-226.95425 52.481255 57.196705
-226.60648 50.731926 60.274242
-226.44162 48.778572 63.38601
-226.4416 48.778557 63.38602
-226.21857 46.610374 66.22832
-225.75104 44.399742 69.03301
-224.71075 42.507103 71.81906
-223.23013 40.643074 74.90998
-221.33084 39.5792 78.2205
-219.10638 39.783653 82.00485
-217.20876 39.60009 86.261765
-217.20876 39.60009 86.2618
-215.68365 38.70983 90.70937
-214.49782 36.940895 95.37528
-213.30255 34.839714 100.110016
-212.10587 32.655632 104.82878
-210.92992 31.240334 109.502846
-209.71844 30.377586 114.25692
-208.45811 30.126167 119.08976
-207.25304 30.101692 124.04771
-207.25302 30.101677 124.047745
-206.04506 30.091438 129.16656
-204.78085 30.21177 134.39354
-203.50525 30.303612 139.72812
-202.26048 30.177162 145.2279
-200.97258 29.923668 150.83807
-199.71228 29.73484 156.5253
-198.6444 29.70086 162.34492
-198.6444 29.70089 162.34497
-197.65549 29.95916 168.25006
-196.63266 30.36045 174.23189
-195.5247 30.762169 180.29126
-194.35573 31.00486 186.43297
-193.05081 31.206047 192.61269
-191.69774 31.129982 198.87479
-190.47163 30.465279 205.05319
-189.27542 29.587029 211.04543
-189.2754 29.587029 211.04547
-188.20271 28.586525 217.02492
-187.17244 27.352028 222.95523
-186.0008 25.961723 228.83273
-184.9053 24.396706 234.74797
-183.95428 22.70736 240.71411
-183.03717 20.904884 246.6512
-181.94626 18.850655 252.55637
-181.94624 18.85067 252.55643
-181.04013 16.66851 258.46365
-180.4963 14.571754 264.36133
-179.77661 12.374016 270.25436
-178.98239 10.061852 276.07974
-178.4156 7.809441 281.8413
-178.23286 5.237282 287.5208
-178.42574 2.090019 292.5721
-178.75082 -0.627983 296.6492
-178.75082 -0.627998 296.6493
-179.48657 -2.880623 300.2675
-180.5832 -4.675514 303.495
-301.51572 -15.838722 -238.48941
-300.32025 -11.341484 -237.02261
-299.3474 -7.714806 -235.39665
-299.3474 -7.714836 -235.39664
-299.28687 -4.109337 -233.12059
-300.09412 -0.368797 -230.48758
-301.16937 3.272133 -228.0569
-302.0138 4.873787 -223.74945
-302.42358 6.148445 -218.9519
-302.44363 7.925331 -214.43863
-302.2503 9.131538 -209.7154
-302.01373 9.793175 -205.07
-302.16373 10.265617 -200.62326
-302.63214 9.849098 -196.12082
-302.69705 8.704521 -191.79597
-301.97208 7.242577 -187.81563
-301.45752 6.397881 -183.91873
-301.84723 6.672707 -179.48334
-301.84723 6.672676 -179.48334
-301.9278 7.571861 -172.99155
-300.50598 9.387947 -165.17906
-300.50598 9.387962 -165.17908
-299.53833 12.329277 -156.26706
-300.0659 15.155388 -147.71974
-300.0659 15.155388 -147.71976
-300.1219 17.110909 -141.59044
-299.578 18.727013 -136.37198
-299.578 18.727028 -136.37201
-299.0428 20.342323 -131.26837
-297.96402 21.947594 -126.372154
-297.964 21.947578 -126.372154
-296.50653 23.578773 -121.374405
-295.04523 25.391212 -116.4831
-295.04523 25.391212 -116.48311
-293.5822 27.47622 -112.04308
-292.06845 29.591988 -107.60422
-292.06845 29.591972 -107.604225
-290.37787 31.597725 -103.05102
-288.2443 33.46369 -98.40487
-286.25415 35.413506 -94.0598
-286.25415 35.413506 -94.059784
-284.31372 37.44387 -89.81664
-282.25153 39.279488 -85.66655
-279.88968 40.705574 -81.35677
-277.63748 42.144905 -77.03556
-277.63748 42.14492 -77.035545
-275.35712 43.396202 -72.74757
-273.15134 44.542442 -68.49626
-271.02893 45.79389 -64.25338
-269.06705 46.930107 -59.85937
-269.06702 46.930107 -59.859352
-267.311 47.961586 -55.518322
-265.712 48.896355 -51.23681
-264.3503 49.6764 -46.814842
-263.03064 50.375313 -42.48833
-263.03064 50.375313 -42.488316
-261.59503 51.08796 -38.257725
-260.25522 51.74961 -33.914253
-259.0421 52.315865 -29.61395
-259.0421 52.315865 -29.613934
-257.82443 52.948402 -25.392782
-256.5816 53.570274 -21.200481
-255.381 54.012413 -17.03763
-254.2202 54.385445 -12.917316
-254.22018 54.385414 -12.9173
-252.87701 54.70661 -8.962318
-251.35959 54.96856 -5.097038
-249.83926 55.157677 -1.255156
-248.27974 55.24787 2.529489
-248.27974 55.24787 2.529502
-246.6459 55.314507 6.266949
-244.93971 55.441994 9.948326
-243.21584 55.585213 13.643676
-241.54152 55.69094 17.382858
-241.5415 55.690926 17.382868
-239.91919 55.79528 21.07897
-238.26251 55.971474 24.695993
-236.70021 56.131264 28.44444
-235.22696 56.306847 32.263577
-233.59851 56.639076 35.924965
-233.59851 56.639076 35.92499
-231.996 56.809868 39.634373
-230.56487 56.63317 43.380962
-229.17987 56.401665 46.99676
-228.00616 55.832024 50.598484
-227.40126 54.422325 54.128475
-227.09099 52.67962 57.32235
-226.75119 50.93551 60.40672
-226.6073 48.980385 63.52908
-226.6073 48.980354 63.52909
-226.38475 46.80996 66.389206
-225.90134 44.602333 69.20247
-224.8323 42.72518 71.99011
-223.33722 40.869255 75.086975
-221.43938 39.80915 78.3574
-219.24731 40.023933 82.08456
-217.34929 39.843925 86.34178
-217.34927 39.843925 86.34181
-215.81493 38.951317 90.80956
-214.61774 37.173943 95.50418
-213.41945 35.070137 100.25663
-212.21951 32.882362 104.98175
-211.05777 31.475853 109.627655
-209.85402 30.613762 114.35271
-208.60355 30.365135 119.15378
-207.40367 30.342033 124.096466
-207.40366 30.342033 124.096504
-206.19408 30.327385 129.2109
-204.9302 30.44593 134.43163
-203.65408 30.537407 139.76736
-202.40604 30.407799 145.27336
-201.11533 30.151176 150.8871
-199.85492 29.960625 156.56926
-198.787 29.922203 162.374
-198.78699 29.922218 162.37405
-197.7984 30.175926 168.25856
-196.77512 30.574715 174.2319
-195.66505 30.973473 180.29341
-194.49406 31.21444 186.4409
-193.18698 31.413002 192.6251
-191.83473 31.339943 198.89812
-190.60936 30.6791 205.09386
-189.4118 29.800987 211.09651
-189.41179 29.801003 211.09656
-188.34164 28.804008 217.08205
-187.31468 27.573128 223.0184
-186.14494 26.187218 228.90341
-185.05232 24.625984 234.8261
-184.10512 22.941002 240.79779
-183.19138 21.143898 246.74265
-182.10251 19.09362 252.65874
-182.1025 19.093605 252.65878
-181.20161 16.91494 258.57117
-180.66177 14.822151 264.47214
-179.94615 12.631248 270.36752
-179.15677 10.324379 276.1954
-178.59341 8.074318 281.9572
-178.41988 5.497414 287.64645
-178.62685 2.336327 292.72443
-178.96518 -0.377571 296.80145
-178.96518 -0.377586 296.80148
-179.72086 -2.619408 300.38983
-180.82251 -4.400841 303.58456
-183.53159 -6.981117 304.9042
-302.4531 -20.389137 -239.3566
-301.5657 -15.821953 -238.57455
-300.37555 -11.307091 -237.11113
-299.4034 -7.665642 -235.48833
-299.40338 -7.665657 -235.48831
-299.334 -4.050346 -233.21782
-300.12646 -0.306755 -230.60068
-301.20538 3.335106 -228.17903
-302.09454 4.969978 -223.8045
-302.52536 6.259117 -218.98764
-302.5474 8.031822 -214.48007
-302.35352 9.240089 -209.73877
-302.1172 9.905617 -205.08054
-302.26773 10.38015 -200.63939
-302.74048 9.965797 -196.12166
-302.80795 8.823189 -191.7667
-302.07593 7.361061 -187.75664
-301.56464 6.520378 -183.87904
-301.95853 6.798164 -179.49713
-301.95853 6.798149 -179.49713
-302.038 7.694511 -173.01366
-300.61768 9.504829 -165.18468
-300.61768 9.504845 -165.18471
-299.6496 12.444527 -156.29007
-300.17603 15.274681 -147.76756
-300.17603 15.274696 -147.76758
-300.2363 17.232903 -141.6268
-299.69653 18.849281 -136.39641
-299.69656 18.849297 -136.39644
-299.16278 20.465538 -131.29457
-298.08902 22.073723 -126.38493
-298.08902 22.073708 -126.38493
-296.6341 23.70678 -121.37848
-295.1768 25.519447 -116.49181
-293.72064 27.604637 -112.05757
-292.20755 29.720192 -107.61769
-292.20752 29.720177 -107.61768
-290.5185 31.730843 -103.05794
-288.3893 33.605568 -98.39476
-286.4041 35.55526 -94.054756
-286.4041 35.55526 -94.054726
-284.46906 37.58811 -89.814835
-282.40964 39.430916 -85.65537
-280.042 40.863686 -81.325134
-277.7934 42.30506 -77.00806
-277.79337 42.30506 -77.00804
-275.51288 43.560753 -72.713
-273.3082 44.709435 -68.46074
-271.1878 45.96038 -64.22264
-269.22504 47.096 -59.833374
-269.22504 47.095985 -59.833363
-267.4716 48.129402 -55.497585
-265.87396 49.065895 -51.218235
-264.51025 49.84487 -46.801476
-263.1918 50.546104 -42.47369
-263.1918 50.546104 -42.47368
-261.7572 51.260902 -38.23683
-260.41785 51.922554 -33.896877
-259.20648 52.490242 -29.600014
-259.20648 52.490242 -29.599998
-257.99 53.124794 -25.376972
-256.7472 53.748512 -21.180555
-255.5464 54.192314 -17.01406
-254.38672 54.568443 -12.890713
-254.38672 54.568428 -12.890697
-253.04222 54.892967 -8.921569
-251.523 55.156532 -5.045263
-250.00256 55.34661 -1.200444
-248.44156 55.438393 2.591092
-248.44156 55.438423 2.591106
-246.80573 55.505898 6.334881
-245.09929 55.63459 10.01958
-243.37367 55.77607 13.714851
-241.69852 55.880714 17.453152
-241.69852 55.880714 17.453165
-240.07707 55.985817 21.148727
-238.42017 56.161674 24.765545
-236.85822 56.319954 28.509768
-235.38551 56.49404 32.32467
-233.75748 56.827675 35.988453
-233.75746 56.82766 35.98848
-232.15381 56.99787 39.702774
-230.72173 56.82026 43.458138
-229.33795 56.59005 47.07587
-228.16971 56.024956 50.686012
-227.57977 54.61866 54.24103
-227.27573 52.86988 57.44882
-226.94572 51.130775 60.53891
-226.82533 49.173927 63.665615
-226.82532 49.173897 63.66563
-226.60486 47.001442 66.54418
-226.10526 44.7967 69.37172
-225.00609 42.934395 72.17206
-223.49554 41.08625 75.28128
-221.59335 40.029747 78.51816
-219.43088 40.254433 82.19279
-217.53488 40.077843 86.44664
-217.53488 40.077873 86.44667
-215.99338 39.182976 90.93073
-214.78612 37.39753 95.65085
-213.58629 35.29116 100.41942
-212.3832 33.09986 105.15059
-211.23587 31.701775 109.76722
-210.0386 30.840355 114.46269
-208.79768 30.594398 119.23216
-207.60329 30.572609 124.1585
-207.60327 30.572609 124.15853
-206.39148 30.55375 129.26721
-205.12755 30.67054 134.48154
-203.85081 30.76165 139.81834
-202.59915 30.62902 145.32939
-201.30515 30.369392 150.94621
-200.04427 30.177177 156.62288
-198.97562 30.134514 162.4109
-198.97562 30.134514 162.41096
-197.98668 30.383904 168.27345
-196.96251 30.780266 174.23798
-195.84964 31.17611 180.30202
-194.67628 31.41549 186.4551
-193.3663 31.611534 192.64467
-192.01558 31.541344 198.92838
-190.79224 30.88424 205.13933
-189.5935 30.006264 211.15283
-189.5935 30.006279 211.1529
-188.52693 29.012642 217.14406
-187.50449 27.785225 223.08524
-186.33772 26.403511 228.97847
-185.24918 24.845955 234.90825
-184.3071 23.165138 240.88484
-183.39821 21.373207 246.83763
-182.31273 19.326698 252.76503
-182.31273 19.326683 252.7651
-181.41843 17.15136 258.68118
-180.8837 15.062416 264.5848
-180.17361 12.878075 270.4829
-179.39043 10.576241 276.31262
-178.83118 8.328407 282.0738
-178.66766 5.746956 287.7688
-178.88979 2.572594 292.86758
-179.24257 -0.137367 296.94073
-179.24258 -0.137352 296.94077
-180.01785 -2.368797 300.49185
-181.12509 -4.136696 303.64832
-183.53159 -6.981148 304.90417
-302.45312 -20.389137 -239.35663
-301.6324 -15.805199 -238.65594
-300.447 -11.27169 -237.1915
-299.47632 -7.615028 -235.57205
-299.47632 -7.615044 -235.57202
-299.4006 -3.991875 -233.31375
-300.18146 -0.247993 -230.72163
-301.26764 3.394005 -228.31096
-302.20297 5.059837 -223.86432
-302.65576 6.362511 -219.02385
-302.67972 8.13131 -214.51889
-302.48483 9.34153 -209.75911
-302.24887 10.010658 -205.08868
-302.40045 10.48716 -200.6559
-302.87817 10.074776 -196.1265
-302.94934 8.934013 -191.7402
-302.211 7.471718 -187.6952
-301.7033 6.634834 -183.83694
-302.10123 6.915367 -179.51302
-302.10123 6.915337 -179.513
-302.17883 7.809074 -173.03616
-300.7582 9.613991 -165.1835
-299.79004 12.552147 -156.30711
-300.31747 15.386116 -147.8152
-300.31747 15.386116 -147.81522
-300.38214 17.346825 -141.66049
-299.8464 18.963509 -136.4151
-299.8464 18.963524 -136.41513
-299.31448 20.58062 -131.31497
-298.24554 22.191551 -126.38819
-298.24554 22.191536 -126.38818
-296.79294 23.826347 -121.37075
-295.34006 25.639229 -116.488
-295.34006 25.639244 -116.488014
-293.8911 27.724632 -112.057755
-292.37854 29.839958 -107.616234
-292.37854 29.839958 -107.61624
-290.6916 31.855186 -103.049225
-288.56717 33.73809 -98.36614
-286.58728 35.68766 -94.03051
-286.58725 35.68766 -94.03048
-284.65842 37.722862 -89.793236
-282.6025 39.572334 -85.62294
-280.22888 41.011375 -81.27124
-277.98483 42.454643 -76.95872
-277.98483 42.454643 -76.95871
-275.7048 43.71444 -72.65624
-273.5019 44.865486 -68.403206
-271.38376 46.115913 -64.1702
-269.42078 47.250954 -59.78746
-269.42078 47.25094 -59.78744
-267.67105 48.28617 -55.458057
-266.07556 49.22428 -51.181625
-264.71027 50.002144 -46.772503
-263.39362 50.70559 -42.443623
-263.39362 50.705605 -42.44361
-261.96002 51.422462 -38.198982
-260.6214 52.084114 -33.863434
-259.41254 52.6531 -29.570726
-259.41254 52.6531 -29.570711
-258.1976 53.289513 -25.345652
-256.95514 53.91497 -21.145058
-255.7545 54.36036 -16.975126
-254.59676 54.73934 -12.849216
-254.59674 54.739326 -12.8492
-253.2509 55.06704 -8.863929
-251.7294 55.332085 -4.9746
-250.2089 55.523125 -1.126237
-248.64647 55.616417 2.672917
-248.64647 55.616417 2.672931
-247.00842 55.68467 6.423769
-245.30164 55.814507 10.112629
-243.5739 55.954338 13.80762
-241.89828 56.057976 17.543615
-241.89828 56.057976 17.543629
-240.27826 56.16375 21.237957
-238.62085 56.339317 24.855026
-237.05981 56.496193 28.592487
-235.5885 56.668907 32.400055
-233.96075 57.003883 36.06762
-233.96074 57.00387 36.067642
-232.35616 57.1735 39.786064
-230.92453 56.995018 43.546467
-229.54257 56.766014 47.16567
-228.38171 56.205147 50.78346
-227.81152 54.80204 54.357136
-227.5151 53.047585 57.5743
-227.19693 51.313133 60.668655
-227.10263 49.354774 63.79221
-227.10263 49.354713 63.79222
-226.8861 47.18032 66.68971
-226.37021 44.97825 69.53814
-225.23979 43.129814 72.36419
-223.71281 41.288902 75.493286
-221.79938 40.235756 78.705
-219.66264 40.46969 82.33356
-217.77158 40.29635 86.57969
-217.77156 40.296364 86.57972
-216.22551 39.39933 91.07521
-215.00992 37.606346 95.81654
-213.81035 35.497643 100.599106
-212.60416 33.303078 105.33586
-211.47136 31.912804 109.92232
-210.27893 31.052055 114.58802
-209.04698 30.808556 119.32655
-207.85837 30.787987 124.23554
-207.85837 30.787987 124.23557
-206.64363 30.76516 129.33707
-205.37921 30.880318 134.54489
-204.1018 30.971077 139.88264
-202.84616 30.83564 145.39726
-201.5483 30.57322 151.01653
-200.28658 30.379433 156.68732
-199.21643 30.332771 162.45668
-199.21642 30.332771 162.45673
-198.22636 30.578117 168.29578
-197.20079 30.972282 174.25119
-196.0843 31.365395 180.31824
-194.90813 31.603249 186.47658
-193.59442 31.796928 192.67258
-192.24608 31.729454 198.96646
-191.0263 31.075813 205.18991
-189.82661 30.19796 211.21461
-189.82661 30.19796 211.21468
-188.76477 29.207512 217.21094
-187.74821 27.98333 223.15549
-186.5857 26.605537 229.05759
-185.50262 25.051414 234.99394
-184.56712 23.374535 240.97469
-183.6648 21.587395 246.93541
-182.58426 19.544365 252.87445
-182.58426 19.544365 252.87451
-181.69807 17.37217 258.79266
-181.16978 15.286812 264.69812
-180.46689 13.108604 270.59915
-179.69139 10.811455 276.43005
-179.13702 8.565681 282.1895
-178.98436 5.980019 287.88553
-179.22263 2.793251 292.99765
-179.5911 0.087013 297.06256
-179.59111 0.086983 297.0626
-180.38521 -2.134727 300.56802
-181.4987 -3.891396 303.67892
-301.71793 -15.788826 -238.73126
-300.53488 -11.235939 -237.2622
-299.56598 -7.564323 -235.64629
-299.56595 -7.564354 -235.64626
-299.48773 -3.936028 -233.40688
-300.26212 -0.194344 -230.85008
-301.36002 3.447075 -228.45253
-302.34253 5.140846 -223.9288
-302.8181 6.455711 -219.06001
-302.84384 8.221001 -214.554
-302.6474 9.432945 -209.77548
-302.412 10.105324 -205.09377
-302.56525 10.583611 -200.67249
-303.04858 10.173073 -196.13588
-303.12476 9.033928 -191.71725
-302.38095 7.571526 -187.6317
-301.87714 6.738029 -183.7926
-302.279 7.021065 -179.53107
-302.279 7.021034 -179.53107
-302.35385 7.912331 -173.0587
-300.93076 9.712364 -165.1742
-300.9308 9.712364 -165.17422
-299.96295 12.649193 -156.31683
-300.4939 15.486595 -147.86194
-300.4939 15.48661 -147.86194
-300.5631 17.449547 -141.69054
-300.03116 19.06649 -136.4267
-300.03116 19.066505 -136.4267
-299.50146 20.68438 -131.32814
-298.43707 22.297752 -126.38008
-298.43707 22.297737 -126.38008
-296.98654 23.93412 -121.34912
-295.5385 25.747215 -116.46937
-295.5385 25.7472 -116.46937
-294.09714 27.832787 -112.0409
-292.58484 29.947945 -107.597145
-292.58484 29.94793 -107.59715
-290.90063 31.967293 -103.02215
-288.7813 33.85755 -98.316055
-286.80698 35.807076 -93.983826
-286.80695 35.80706 -93.98381
-284.88525 37.844383 -89.74846
-282.8338 39.699883 -85.565796
-280.45398 41.144524 -81.19169
-278.21558 42.5895 -76.88419
-278.21558 42.589516 -76.88418
-275.93674 43.85305 -72.573975
-273.73636 45.006096 -68.320404
-271.62073 46.25608 -64.092804
-269.6583 47.390633 -59.718636
-269.6583 47.390648 -59.718616
-267.91357 48.427513 -55.396862
-266.3211 49.367043 -51.124165
-264.95483 50.143974 -46.72542
-263.64062 50.849342 -42.39567
-263.64062 50.849358 -42.395653
-262.208 51.568092 -38.141594
-260.87054 52.22976 -33.811474
-259.66492 52.79992 -29.523712
-259.66492 52.79992 -29.523695
-258.452 53.438026 -25.296444
-257.21017 54.065056 -21.091661
-256.0101 54.511833 -16.918615
-254.85522 54.893425 -12.790714
-254.85522 54.89341 -12.790699
-253.50801 55.223976 -8.78711
-251.98373 55.49038 -4.882585
-250.46312 55.682228 -1.030005
-248.89934 55.77688 2.777504
-248.89932 55.776894 2.777518
-247.25894 55.845848 6.536187
-245.55167 55.976692 10.230151
-243.82138 56.115044 13.924588
-242.1458 56.217766 17.656597
-242.14578 56.217766 17.65661
-240.52777 56.324165 21.348902
-238.8695 56.49946 24.966774
-237.31006 56.655067 28.694582
-235.8411 56.826576 32.49129
-234.21353 57.162727 36.16421
-234.21352 57.162727 36.164238
-232.60832 57.331825 39.88574
-231.17883 57.152565 43.646664
-229.79932 56.92463 47.26677
-228.64798 56.367607 50.89122
-228.10287 54.9674 54.47576
-227.81564 53.2078 57.696793
-227.51158 51.47753 60.793602
-227.4461 49.517784 63.90521
-227.44609 49.51777 63.90522
-227.23557 47.341606 66.82197
-226.70349 45.1419 69.698784
-225.54099 43.305946 72.56559
-223.9967 41.47158 75.72318
-222.064 40.42147 78.919945
-219.94809 40.663734 82.51073
-218.0653 40.493294 86.74412
-218.06529 40.493324 86.74415
-216.51782 39.5944 91.245094
-215.29599 37.794594 96.00231
-214.09883 35.683754 100.79616
-212.88976 33.486275 105.537895
-211.7713 32.103065 110.09357
-210.5818 31.242867 114.72967
-209.35796 31.001656 119.43846
-208.17542 30.982155 124.32915
-208.1754 30.982155 124.329185
-206.95694 30.955757 129.42184
-205.69151 31.06948 134.6232
-204.41344 31.15995 139.96173
-203.15344 31.021965 145.47812
-201.85109 30.757011 151.099
-200.58807 30.561775 156.7635
-199.5155 30.511543 162.51218
-199.5155 30.511559 162.51222
-198.52342 30.753242 168.32657
-197.49585 31.145378 174.27269
-196.37483 31.536064 180.34319
-195.19534 31.77253 186.50632
-193.87694 31.964088 192.70982
-192.53198 31.89904 199.01318
-191.31761 31.248543 205.24567
-190.11722 30.37078 211.28185
-190.1172 30.37078 211.2819
-189.06137 29.383202 217.28261
-188.05228 28.161919 223.22868
-186.89545 26.787636 229.14026
-185.8194 25.23664 235.08253
-184.89214 23.563316 241.06644
-183.99828 21.78054 247.03502
-182.92444 19.740654 252.98592
-182.92442 19.740654 252.98598
-182.04807 17.571281 258.90408
-181.52763 15.489098 264.8105
-180.83374 13.316383 270.7147
-180.06767 11.023521 276.54593
-179.51897 8.77961 282.3025
-179.37799 6.190147 287.99374
-179.63339 2.992226 293.1103
-180.01875 0.28933 297.16183
-180.01875 0.289299 297.16187
-180.83052 -1.923683 300.61243
-181.94798 -3.67646 303.6682
-301.82434 -15.773384 -238.79756
-300.63953 -11.200966 -237.32155
-299.67218 -7.516182 -235.70851
-299.67218 -7.516212 -235.7085
-299.5975 -3.888298 -233.49194
-300.37543 -0.154961 -230.97708
-301.49133 3.483986 -228.59286
-302.51703 5.197182 -223.99326
-303.01398 6.520576 -219.0918
-303.04102 8.283409 -214.57872
-302.84232 9.496559 -209.78334
-302.60764 10.171196 -205.09319
-302.76337 10.650719 -200.68727
-303.25275 10.241432 -196.15173
-303.33548 9.103477 -191.70311
-302.5884 7.640938 -187.57253
-302.08844 6.809837 -183.74995
-302.4935 7.094597 -179.55058
-302.4935 7.094582 -179.55058
-302.5645 7.9842 -173.07858
-301.13568 9.780846 -165.15259
-301.1357 9.780861 -165.15262
-300.16898 12.716774 -156.31314
-300.7072 15.556526 -147.90134
-300.7072 15.556541 -147.90137
-300.78055 17.521019 -141.71072
-300.2515 19.138115 -136.42497
-300.2515 19.138115 -136.42499
-299.7244 20.756523 -131.32768
-298.6637 22.371635 -126.35406
-298.6637 22.371635 -126.354065
-297.21448 24.009117 -121.30699
-295.77142 25.822365 -116.42827
-295.77142 25.822334 -116.428276
-294.33728 27.908073 -111.997795
-292.82483 30.023064 -107.55101
-291.14404 32.045326 -102.96777
-289.02982 33.940697 -98.23629
-287.0608 35.890144 -93.905464
-287.0608 35.890144 -93.90545
-285.14688 37.92887 -89.67049
-283.10086 39.788612 -85.47445
-280.71527 41.237175 -81.07913
-278.48367 42.683357 -76.776794
-278.48364 42.683372 -76.77677
-276.20703 43.94947 -72.45925
-274.01013 45.10395 -68.20563
-271.89722 46.35363 -63.983257
-269.93652 47.487846 -59.62003
-269.93652 47.487846 -59.620014
-268.1984 48.52584 -55.30702
-266.61 49.466377 -51.038944
-265.2438 50.242714 -46.653896
-263.9328 50.949455 -42.32371
-263.9328 50.949455 -42.3237
-262.50092 51.66947 -38.058666
-261.16516 52.331123 -33.734936
-259.96368 52.902092 -29.452856
-259.96368 52.902092 -29.45284
-258.7533 53.54136 -25.223438
-257.51263 54.16944 -21.014956
-256.31375 54.61721 -16.839676
-255.16293 55.00065 -12.711014
-255.16292 55.000633 -12.710998
-253.81447 55.3332 -8.687777
-252.28694 55.600487 -4.766261
-250.76617 55.792946 -0.908829
-249.20131 55.888542 2.907245
-249.20131 55.888542 2.907258
-247.55856 55.95797 6.674129
-245.85068 56.089516 10.374196
-244.11746 56.226845 14.067672
-242.4427 56.328957 17.793331
-242.44269 56.328926 17.793344
-240.82741 56.435753 21.482502
-239.1678 56.610863 25.101984
-237.61087 56.765602 28.81647
-236.14568 56.93627 32.597782
-234.518 57.273247 36.278088
-234.51799 57.273262 36.278114
-232.91281 57.441994 40.000595
-231.48795 57.262215 43.754406
-230.11162 57.03501 47.37438
-228.9722 56.480644 51.003
-228.45807 55.082436 54.58412
-228.18153 53.319283 57.79941
-227.89357 51.591972 60.895363
-227.8579 49.631218 63.981735
-227.8579 49.631172 63.981754
-227.6562 47.45379 66.91589
-227.11008 45.25579 69.83014
-225.91795 43.428505 72.75786
-224.35696 41.598686 75.95484
-222.394 40.550697 79.15554
-220.28818 40.79882 82.72697
-218.41827 40.63038 86.94072
-218.41826 40.630394 86.940765
-216.87479 39.73014 91.436615
-215.65103 37.925606 96.1989
-214.45956 35.813286 100.99805
-213.24823 33.613716 105.74313
-212.14215 32.235435 110.2708
-210.95198 31.375587 114.88122
-209.73387 31.135948 119.56593
-208.55708 31.11724 124.438995
-208.55708 31.117256 124.439026
-207.33403 31.088371 129.5212
-206.06688 31.201103 134.71686
-204.78809 31.291374 140.05576
-203.52368 31.151588 145.5707
-202.21638 30.88491 151.19173
-200.95148 30.688713 156.85002
-199.87521 30.635963 162.57715
-199.87521 30.635979 162.5772
-198.87984 30.8751 168.36768
-197.84955 31.265816 174.30533
-196.72304 31.654808 180.37973
-195.53986 31.890343 186.54628
-194.21574 32.08042 192.75818
-192.8754 32.017067 199.06868
-191.66876 31.368721 205.30336
-190.46819 30.491035 211.35004
-190.46817 30.491035 211.35008
-189.41975 29.505424 217.35342
-188.4198 28.286217 223.29791
-187.27037 26.91436 229.21889
-186.20306 25.365501 235.16519
-185.2858 23.694649 241.15025
-184.4026 21.914879 247.12553
-183.33755 19.877205 253.0872
-183.33755 19.87722 253.08727
-182.47266 17.709816 259.00198
-181.9615 15.629845 264.90765
-181.27861 13.46096 270.81503
-180.52357 11.171104 276.64502
-179.98117 8.92852 282.397
-179.85182 6.336372 288.07462
-180.12395 3.130684 293.18
-180.52614 0.430061 297.21143
-180.52615 0.430046 297.21146
-181.35152 -1.776833 300.5984
-182.46349 -3.531425 303.5956
-301.95248 -15.759682 -238.85085
-300.76074 -11.168465 -237.36649
-299.79343 -7.474754 -235.75386
-299.79343 -7.474785 -235.75385
-299.72906 -3.857948 -233.55734
-300.5244 -0.147942 -231.07716
-301.66504 3.483498 -228.70045
-302.71716 5.196449 -224.0436
-303.2281 6.519753 -219.10867
-303.2554 8.282631 -214.5791
-303.0536 9.495766 -209.77397
-302.81992 10.170387 -205.08244
-302.97897 10.649879 -200.69554
-303.4738 10.240593 -196.17596
-303.5646 9.102592 -191.70801
-302.81897 7.640068 -187.53404
-302.32196 6.808922 -183.71965
-302.72827 7.093636 -179.56856
-302.72827 7.09362 -179.56856
-302.7942 7.983284 -173.08939
-301.35492 9.779976 -165.11324
-301.35492 9.779991 -165.11327
-300.39032 12.715874 -156.28581
-300.94113 15.555611 -147.91895
-300.94113 15.555626 -147.91898
-301.01703 17.520088 -141.70865
-300.4887 19.137184 -136.39946
-300.4887 19.137215 -136.39946
-299.96432 20.755623 -131.3025
-298.9048 22.370735 -126.30111
-298.90475 22.370705 -126.30111
-297.45526 24.008186 -121.23673
-296.01624 25.821404 -116.35532
-296.01624 25.821388 -116.35532
-294.5872 27.907097 -111.91627
-293.07385 30.022087 -107.465645
-293.07385 30.022072 -107.465645
-291.3971 32.044304 -102.8755
-289.28677 33.939598 -98.119835
-287.3215 35.889076 -93.786476
-287.32147 35.88906 -93.78646
-285.41492 37.92782 -89.549126
-283.375 39.7875 -85.3407
-280.98566 41.235985 -80.931015
-278.76132 42.682137 -76.63298
-278.76132 42.68215 -76.632965
-276.48828 43.948235 -72.31042
-274.29593 45.1027 -68.05765
-272.1854 46.352394 -63.839092
-270.2283 47.486595 -59.488716
-270.22827 47.48661 -59.488697
-268.49805 48.52459 -55.184628
-266.91467 49.46514 -50.921833
-265.55063 50.241493 -46.553486
-264.24365 50.94816 -42.223804
-264.24362 50.948174 -42.22379
-262.8119 51.668144 -37.9473
-261.4785 52.32981 -33.630367
-260.28186 52.90078 -29.354013
-260.28186 52.90078 -29.353998
-259.0744 53.54003 -25.122934
-257.83554 54.1681 -20.912498
-256.63873 54.615868 -16.737059
-255.49324 54.99926 -12.609988
-255.49323 54.99923 -12.609972
-254.14403 55.331825 -8.569009
-252.61307 55.599113 -4.630973
-251.0922 55.791527 -0.768668
-249.52701 55.887108 3.054523
-249.527 55.887123 3.054536
-247.88235 55.95655 6.82847
-246.17377 56.08805 10.535081
-244.43756 56.225395 14.2271
-242.76482 56.327507 17.943554
-242.76482 56.327507 17.943565
-241.15305 56.43435 21.628294
-239.49149 56.60946 25.250492
-237.93817 56.7642 28.94789
-236.47842 56.934853 32.708862
-234.85025 57.27186 36.39862
-234.85023 57.27186 36.398647
-233.24615 57.44059 40.1181
-231.82947 57.26084 43.852528
-230.45702 57.033623 47.470497
-229.33139 56.479225 51.097813
-228.85217 55.080956 54.650208
-228.58665 53.317863 57.84348
-228.31491 51.590492 60.932747
-228.30438 49.629753 63.97523
-228.30438 49.629723 63.975243
-228.11476 47.452354 66.91961
-227.56154 45.25437 69.87965
-226.35071 43.42695 72.89165
-224.77777 41.597084 76.13925
-222.77112 40.54905 79.377426
-220.65367 40.79711 82.96731
-218.80219 40.62864 87.15324
-218.80219 40.62864 87.15327
-217.27174 39.7284 91.625824
-216.05434 37.923943 96.372375
-214.8732 35.811638 101.16491
-213.6612 33.612083 105.909584
-212.56125 32.23374 110.42029
-211.364 31.373878 115.01778
-210.14612 31.134224 119.69402
-208.97327 31.115501 124.55448
-208.97327 31.115517 124.55452
-207.74504 31.086708 129.62543
-206.47522 31.19941 134.8181
-205.19583 31.289665 140.15665
-203.92783 31.149956 145.66452
-202.61583 30.883293 151.28291
-201.34834 30.68708 156.93661
-200.26697 30.634346 162.64532
-200.26697 30.634377 162.64539
-199.26675 30.873558 168.4187
-198.23299 31.26432 174.35123
-197.1004 31.653282 180.4294
-195.91362 31.888847 186.59615
-194.58325 32.07894 192.81627
-193.24875 32.01554 199.12807
-192.05241 31.36721 205.352
-190.85258 30.489494 211.40514
-190.85257 30.48951 211.40518
-189.81252 29.503883 217.40744
-188.8228 28.284645 223.34482
-187.68227 26.912743 229.27293
-186.62494 25.363869 235.21901
-185.71867 23.692986 241.20126
-184.84781 21.91317 247.17978
-183.79346 19.875465 253.14786
-183.79346 19.87548 253.14793
-182.94046 17.708046 259.05374
-182.4392 15.628044 264.9558
-181.76854 13.459068 270.8658
-181.02519 11.169228 276.69208
-180.48883 8.926643 282.4374
-180.36852 6.33448 288.08804
-180.65285 3.128883 293.15652
-181.06818 0.428261 297.15973
-181.06818 0.428246 297.15976
-181.89677 -1.778694 300.4812
-182.995 -3.52668 303.43448
-302.09805 -15.74987 -238.87807
-300.89526 -11.141121 -237.38792
-299.92456 -7.443657 -235.7759
-299.92453 -7.443672 -235.77586
-299.8717 -3.848915 -233.59317
-300.68756 -0.176231 -231.13133
-301.85266 3.443214 -228.75366
-302.9085 5.134834 -224.06981
-303.42316 6.44886 -219.10654
-303.4495 8.214424 -214.55342
-303.2443 9.426247 -209.74782
-303.01166 10.098396 -205.06277
-303.17444 10.57653 -200.69531
-303.67313 10.16584 -196.20468
-303.7721 9.026604 -191.73238
-303.03265 7.564186 -187.52467
-302.53723 6.730431 -183.70804
-302.94238 7.013283 -179.5816
-302.94238 7.013268 -179.5816
-303.00287 7.904778 -173.08847
-301.5499 9.705132 -165.06203
-301.5499 9.705147 -165.06206
-300.58817 12.642052 -156.23817
-301.1549 15.47921 -147.91006
-301.1549 15.479225 -147.9101
-301.23123 17.441994 -141.68317
-300.70117 19.058876 -136.35309
-300.70117 19.058907 -136.35312
-300.17914 20.67672 -131.25545
-299.1178 22.289955 -126.22889
-299.1178 22.28994 -126.22889
-297.66635 23.9262 -121.14902
-296.22974 25.739296 -116.26144
-296.22974 25.73928 -116.261444
-294.80243 27.824852 -111.8084
-293.28757 29.939995 -107.353745
-293.28757 29.93998 -107.353745
-291.61475 31.959038 -102.75935
-289.5064 33.848763 -97.98513
-287.5426 35.798286 -93.64552
-287.5426 35.79827 -93.64551
-285.6415 37.835426 -89.40323
-283.60715 39.69053 -85.185776
-281.21698 41.134743 -80.77163
-278.99918 42.57955 -76.47618
-278.99915 42.579567 -76.476166
-276.73056 43.842842 -72.15193
-274.54306 44.99575 -67.90087
-272.4341 46.245766 -63.68393
-270.4819 47.380363 -59.346107
-270.48187 47.380363 -59.346092
-268.75958 48.41712 -55.04949
-267.18146 49.356575 -50.791702
-265.82126 50.13363 -46.440296
-264.51837 50.838783 -42.112045
-264.51837 50.838783 -42.112034
-263.08615 51.55738 -37.825634
-261.7553 52.219032 -33.514725
-260.56342 52.78913 -29.243086
-260.56342 52.789116 -29.24307
-259.3588 53.427086 -25.011219
-258.1221 54.053993 -20.80102
-256.92783 54.500664 -16.627676
-255.78809 54.882103 -12.504413
-255.78809 54.882072 -12.504396
-254.43878 55.212456 -8.450853
-252.90488 55.478737 -4.499781
-251.38394 55.670525 -0.633463
-249.81924 55.765083 3.193995
-249.81924 55.7651 3.194009
-248.17358 55.833992 6.972492
-246.46434 55.964714 10.68492
-244.72563 56.103188 14.375214
-243.05588 56.206017 18.0811
-243.05586 56.206 18.081112
-241.44778 56.312355 21.760864
-239.784 56.487648 25.386469
-238.2348 56.64335 29.065802
-236.78137 56.814964 32.80479
-235.15231 57.15107 36.504463
-235.1523 57.151054 36.504494
-233.55025 57.320198 40.21721
-232.14403 57.14103 43.92265
-230.77547 56.912987 47.536972
-229.6631 56.35569 51.15738
-229.21674 54.955223 54.659176
-228.96065 53.19599 57.81703
-228.7024 51.465446 60.89461
-228.7075 49.505806 63.88115
-228.7075 49.50576 63.88117
-228.53119 47.32975 66.826294
-227.97957 45.12986 69.83274
-226.76506 43.29299 72.93881
-225.18742 41.458153 76.23994
-223.13063 40.4078 79.544655
-220.98042 40.649467 83.19002
-219.15004 40.47883 87.3444
-219.15002 40.478844 87.34442
-217.63986 39.58007 91.77849
-216.4365 37.780754 96.48984
-215.26881 35.670082 101.264175
-214.05806 33.472786 106.00456
-212.95642 32.089058 110.51322
-211.74649 31.228798 115.1137
-210.52286 30.98742 119.79964
-209.35133 30.967842 124.65516
-209.35133 30.967842 124.65519
-208.1183 30.94172 129.71613
-206.84525 31.05555 134.90924
-205.56549 31.146034 140.24664
-204.29543 31.008278 145.74278
-202.97981 30.743538 151.35602
-201.70947 30.548409 157.00761
-200.62236 30.498436 162.70462
-200.62236 30.498451 162.70468
-199.6165 30.74041 168.47113
-198.57906 31.132622 174.40297
-197.44089 31.52346 180.48412
-196.25128 31.760094 186.64757
-194.91515 31.95182 192.87425
-193.58673 31.886559 199.18092
-192.40163 31.235832 205.38225
-191.20348 30.358055 211.43633
-191.20346 30.35807 211.43637
-190.17126 29.370277 217.43369
-189.19109 28.148796 223.35944
-188.05943 26.774223 229.29103
-187.01157 25.223015 235.23235
-186.11539 23.549416 241.20813
-185.25641 21.766304 247.18553
-184.2129 19.726173 253.15422
-184.2129 19.726189 253.15428
-183.37016 17.556633 259.0469
-182.87762 15.47419 264.94308
-182.2183 13.301033 270.8545
-181.48523 11.007957 276.6751
-180.95361 8.763908 282.41278
-180.83789 6.174706 288.02704
-181.1274 2.977592 293.03772
-181.54955 0.274437 297.00928
-181.54955 0.274422 297.0093
-182.3697 -1.939186 300.27493
-183.46223 -3.670937 303.2041
-302.4531 -20.389153 -239.3566
-302.24652 -15.748039 -238.854
-301.0333 -11.122154 -237.37085
-300.05753 -7.42382 -235.7704
-300.05753 -7.423836 -235.77037
-300.0118 -3.855385 -233.60205
-300.83978 -0.218712 -231.1557
-302.02393 3.389519 -228.77557
-303.07272 5.052879 -224.08185
-303.58594 6.354576 -219.09598
-303.61084 8.123665 -214.51895
-303.40253 9.333687 -209.71722
-303.17087 10.002586 -205.04143
-303.337 10.478935 -200.69128
-303.83838 10.066414 -196.232
-303.94452 8.925514 -191.7627
-303.21274 7.463203 -187.52977
-302.71808 6.625999 -183.70633
-303.12112 6.906334 -179.59084
-303.12112 6.906319 -179.59082
-303.1766 7.800255 -173.08234
-301.71014 9.605583 -165.01157
-301.71017 9.605598 -165.01161
-300.75128 12.543877 -156.18701
-301.33356 15.377556 -147.89018
-301.33356 15.377541 -147.89021
-301.40927 17.338066 -141.65009
-300.87653 18.954735 -136.30284
-300.87653 18.954735 -136.30286
-300.3564 20.57174 -131.20412
-299.29224 22.182457 -126.156624
-299.2922 22.182426 -126.15663
-297.83832 23.817131 -121.06399
-296.403 25.629997 -116.169365
-296.403 25.629982 -116.16937
-294.97577 27.715385 -111.701546
-293.4593 29.830727 -107.24327
-293.4593 29.830727 -107.24328
-291.7899 31.845634 -102.64638
-289.68237 33.727882 -97.85845
-287.71875 35.677513 -93.511665
-287.71875 35.677513 -93.51164
-285.82166 37.712517 -89.26385
-283.79202 39.5615 -85.039955
-281.4024 41.00004 -80.62634
-279.19 42.443123 -76.33241
-279.19 42.443123 -76.332405
-276.9257 43.7026 -72.00831
-274.74255 44.853462 -67.75908
-272.63464 46.103935 -63.542515
-270.68732 47.239006 -59.21561
-270.68732 47.23902 -59.215595
-268.972 48.274117 -54.92491
-267.39853 49.212105 -50.671425
-266.04254 49.990074 -46.334995
-264.74332 50.69332 -42.008408
-264.74332 50.693306 -42.008392
-263.3104 51.410027 -37.71396
-261.98193 52.071693 -33.408016
-260.79416 52.640587 -29.140074
-260.79413 52.640587 -29.140059
-259.59192 53.276833 -24.907896
-258.3573 53.90217 -20.698915
-257.16553 54.34742 -16.528437
-256.03104 54.726204 -12.409583
-256.031 54.726173 -12.409567
-254.68195 55.053673 -8.347335
-253.14565 55.31858 -4.386386
-251.62466 55.50953 -0.516877
-250.06085 55.602715 3.313046
-250.06085 55.60273 3.31306
-248.41469 55.67092 7.09437
-246.70486 55.800636 10.811573
-244.96416 55.940605 14.500241
-243.29742 56.04435 18.196203
-243.29742 56.04432 18.196215
-241.69264 56.150032 21.871326
-240.0268 56.325615 25.50024
-238.4815 56.482613 29.16324
-237.03397 56.65545 32.882156
-235.40399 56.99032 36.590775
-235.40399 56.990303 36.5908
-233.80417 57.15998 40.295906
-232.40819 56.98159 43.971462
-231.04309 56.75251 47.5818
-229.94214 56.191307 51.1936
-229.52365 54.787926 54.64099
-229.27507 53.033897 57.761578
-229.02745 51.29908 60.826565
-229.04195 49.34086 63.758484
-229.04193 49.340828 63.7585
-228.8779 47.166603 66.69995
-228.3317 44.964302 69.74748
-227.12083 43.11477 72.94067
-225.54239 41.273277 76.29013
-223.43855 40.21987 79.666595
-221.24991 40.453102 83.37769
-219.43925 40.27955 87.50261
-219.43925 40.27955 87.50265
-217.95018 39.38273 91.895935
-216.76266 37.590263 96.56746
-215.60829 35.481743 101.32053
-214.39946 33.287422 106.055405
-213.29276 31.896568 110.56907
-212.06915 31.035759 115.17944
-210.83772 30.792076 119.88222
-209.66615 30.771385 124.73687
-209.66614 30.771385 124.73691
-208.42908 30.748878 129.78963
-207.15297 30.864204 134.98466
-205.873 30.954994 140.32072
-204.60182 30.819786 145.80443
-203.28351 30.557594 151.41203
-202.01051 30.363884 157.06288
-200.91808 30.317513 162.75262
-200.91808 30.317513 162.75267
-199.90689 30.56321 168.51782
-198.86615 30.957497 174.45116
-197.72334 31.350777 180.53448
-196.53157 31.588783 186.69344
-195.19057 31.782707 192.92513
-193.86761 31.715004 199.22433
-192.69276 31.061089 205.40036
-191.4965 30.183205 211.45276
-191.49649 30.183205 211.4528
-190.47101 29.192513 217.44408
-189.4989 27.968086 223.35753
-188.375 26.589958 229.29047
-187.33528 25.035591 235.22557
-186.44756 23.358421 241.19394
-185.59879 21.570915 247.16841
-184.56487 19.52761 253.13503
-184.56485 19.52761 253.13509
-183.73038 17.355186 259.0142
-183.245 15.269508 264.90402
-182.59523 13.090797 270.81616
-181.87048 10.793404 276.63083
-181.34245 8.547462 282.3613
-181.22879 5.96209 287.93936
-181.51965 2.776329 292.8897
-181.94485 0.069801 296.8318
-181.94485 0.069786 296.83182
-182.75226 -2.152702 300.0529
-183.84566 -3.880119 302.9609
-183.53159 -6.981133 304.90414
-302.4531 -20.389137 -239.35663
-302.38004 -15.751762 -238.79616
-301.16296 -11.110405 -237.32463
-300.18512 -7.413795 -235.74019
-300.18512 -7.413811 -235.74016
-300.14233 -3.873116 -233.58794
-300.97552 -0.268379 -231.1578
-302.17383 3.330299 -228.77542
-303.20883 4.962471 -224.08372
-303.71725 6.250542 -219.08049
-303.74063 8.023552 -214.48077
-303.52954 9.231636 -209.68555
-303.2987 9.896873 -205.0203
-303.46783 10.371254 -200.68498
-303.97095 9.956718 -196.25671
-304.08325 8.813942 -191.7951
-303.35953 7.35183 -187.54413
-302.86496 6.510826 -183.71132
-303.26544 6.788383 -179.59697
-303.26544 6.788368 -179.59694
-303.3166 7.684959 -173.07309
-301.83762 9.495735 -164.96475
-301.83765 9.49575 -164.9648
-300.8814 12.435555 -156.13673
-301.47803 15.265404 -147.86423
-301.47803 15.265419 -147.86424
-301.55246 17.223412 -141.61397
-301.0166 18.83979 -136.2531
-301.0166 18.839806 -136.2531
-300.49802 20.45594 -131.15306
-299.43036 22.06388 -126.088776
-299.43036 22.063866 -126.088776
-297.97382 23.6968 -120.98598
-296.5391 25.509468 -116.084175
-296.5391 25.509438 -116.084175
-295.11078 27.594627 -111.60192
-293.5927 29.710213 -107.14056
-293.59268 29.710197 -107.14056
-291.92618 31.720467 -102.54242
-289.81863 33.59449 -97.74481
-287.85437 35.544212 -93.390656
-287.85437 35.544212 -93.39064
-285.96005 37.576897 -89.1373
-283.93427 39.41912 -84.90908
-281.54608 40.85137 -80.49934
-279.338 42.29255 -76.206154
-279.338 42.29255 -76.20614
-277.07764 43.54792 -71.883316
-274.8983 44.696495 -67.635925
-272.791 45.94747 -63.418922
-270.84827 47.08309 -59.101147
-270.84827 47.08309 -59.10113
-269.13885 48.116386 -54.814953
-267.56934 49.052727 -50.565006
-266.21756 49.83172 -46.241344
-264.9215 50.532814 -41.916466
-264.92148 50.532814 -41.916454
-263.48773 51.247444 -37.615772
-262.16138 51.90914 -33.313766
-260.97705 52.476723 -29.048641
-260.97705 52.476723 -29.048626
-259.7769 53.11106 -24.81649
-258.54416 53.734627 -20.609268
-257.3546 54.17829 -16.44203
-256.22473 54.55419 -12.327682
-256.22473 54.554176 -12.327665
-254.87607 54.878487 -8.259851
-253.33786 55.141884 -4.291747
-251.81686 55.331917 -0.419825
-250.25409 55.42359 3.411217
-250.25409 55.42359 3.411231
-248.6078 55.49099 7.194125
-246.89743 55.61962 10.91513
-245.15521 55.76124 14.602298
-243.4914 55.865913 18.289368
-243.4914 55.8659 18.28938
-241.88947 55.97094 21.96037
-240.22174 56.14686 25.592333
-238.67996 56.30526 29.241161
-237.23772 56.4795 32.942516
-235.60684 56.81298 36.65889
-235.60684 56.81298 36.65892
-234.00925 56.983223 40.356274
-232.62277 56.805733 44.00318
-231.26065 56.575478 47.60959
-230.16916 56.00997 51.212162
-229.77359 54.60334 54.605873
-229.53082 52.855034 57.690254
-229.29124 51.115578 60.74286
-229.31044 49.158897 63.62434
-229.31044 49.158867 63.62436
-229.1572 46.986565 66.55945
-228.61856 44.781532 69.64203
-227.41599 42.918053 72.91241
-225.83936 41.069313 76.303825
-223.69345 40.01252 79.75114
-221.46494 40.236443 83.530685
-219.67188 40.05964 87.62932
-219.67186 40.059654 87.62936
-218.20319 39.164955 91.982834
-217.03177 37.38012 96.61396
-215.88976 35.27395 101.34505
-214.68324 33.082924 106.07385
-213.56952 31.684166 110.59691
-212.33238 30.822716 115.22118
-211.09233 30.576546 119.94445
-209.91982 30.554634 124.801
-209.91982 30.554634 124.80105
-208.67941 30.53608 129.84723
-207.40048 30.653038 135.04509
-206.12042 30.744164 140.37976
-204.8488 30.611778 145.8513
-203.52861 30.352394 151.45328
-202.25331 30.16027 157.10437
-201.15613 30.117912 162.79024
-201.15613 30.117912 162.79028
-200.14012 30.367683 168.55782
-199.09654 30.764214 174.49397
-197.94997 31.16027 180.57892
-196.7566 31.399818 186.73286
-195.41167 31.596107 192.96826
-194.09344 31.525719 199.25887
-192.92761 30.868263 205.40935
-191.73326 29.990257 211.45844
-191.73326 29.990257 211.45848
-190.71327 28.996407 217.44333
-189.74771 27.768715 223.3448
-188.63043 26.386604 229.27765
-187.59747 24.828773 235.2059
-186.71658 23.147713 241.16667
-185.87628 21.35537 247.13718
-184.85054 19.308525 253.10005
-184.85052 19.30854 253.10011
-184.02252 17.132942 258.9663
-183.54277 15.043709 264.8499
-182.90077 12.858818 270.7623
-182.1826 10.556664 276.57126
-181.65714 8.308601 282.29532
-181.54369 5.727501 287.8395
-181.83333 2.554192 292.7314
-182.25896 -0.156059 296.64734
-182.25897 -0.156059 296.6474
-183.05153 -2.388298 299.83408
-184.14513 -4.123695 302.72342
-183.53159 -6.981133 304.9042
-302.49207 -15.758797 -238.72136
-301.27887 -11.104805 -237.25893
-300.3023 -7.411949 -235.68903
-300.3023 -7.411964 -235.689
-300.25974 -3.899132 -233.55426
-301.09485 -0.323204 -231.14095
-302.30402 3.267052 -228.7565
-303.3196 4.865868 -224.07697
-303.8205 6.139366 -219.06096
-303.84216 7.916573 -214.43982
-303.62866 9.122612 -209.65327
-303.3985 9.783943 -204.99951
-303.57028 10.256203 -200.6768
-304.07428 9.83947 -196.27898
-304.19174 8.694725 -191.82893
-303.47647 7.232811 -187.56615
-302.98145 6.38781 -183.72194
-303.37897 6.662392 -179.60039
-303.37897 6.662376 -179.60037
-303.42633 7.561806 -173.06133
-301.9358 9.378365 -164.92154
-301.93582 9.37838 -164.92157
-300.98206 12.319801 -156.08766
-301.59186 15.145576 -147.83337
-301.59186 15.145576 -147.8334
-301.6645 17.100914 -141.5757
-301.12518 18.717003 -136.20427
-301.12518 18.717018 -136.2043
-300.6078 20.332222 -131.10283
-299.53625 21.937233 -126.02539
-299.53625 21.937218 -126.02539
-298.07687 23.568245 -120.91473
-296.64203 25.380669 -116.00574
-296.64203 25.380653 -116.00574
-295.21167 27.465614 -111.50956
-293.69205 29.581429 -107.04553
-292.0279 31.586784 -102.44729
-289.9197 33.45202 -97.64354
-287.9541 35.401833 -93.281906
-287.9541 35.401833 -93.281876
-286.06143 37.43197 -89.023026
-284.0387 39.26702 -84.792366
-281.6527 40.69259 -80.38927
-279.44803 42.131706 -76.0961
-279.448 42.13172 -76.096085
-277.1912 43.382668 -71.77546
-275.0151 44.528725 -67.529884
-272.90808 45.780205 -63.31179
-270.96967 46.916435 -59.00157
-270.96967 46.916435 -59.001553
-269.2652 47.947792 -54.71862
-267.6991 48.882454 -50.47155
-266.35138 49.66256 -46.158634
-265.05798 50.36126 -41.835506
-265.05798 50.36126 -41.835495
-263.62335 51.073677 -37.530155
-262.2988 51.73539 -33.23118
-261.1173 52.301582 -28.96807
-261.1173 52.301582 -28.968054
-259.9188 52.933907 -24.7362
-258.6878 53.555626 -20.531181
-257.5004 53.997627 -16.367418
-256.37445 54.370415 -12.257596
-256.37445 54.370384 -12.25758
-255.02637 54.69126 -8.186892
-253.48672 54.95307 -4.214005
-251.9657 55.14216 -0.340366
-250.4041 55.232216 3.4906
-250.4041 55.23223 3.490613
-248.75803 55.29879 7.273958
-247.04724 55.4262 10.997899
-245.30391 55.56951 14.683725
-243.64285 55.675285 18.362883
-243.64285 55.67527 18.362894
-242.04341 55.779594 22.030216
-240.37402 55.95582 25.664978
-238.83533 56.115746 29.301655
-237.39777 56.291466 32.987766
-235.766 56.623497 36.71077
-235.76599 56.623512 36.710796
-234.17061 56.794365 40.400394
-232.79285 56.617805 44.020035
-231.43321 56.38624 47.622597
-230.34947 55.8162 51.215523
-229.97235 54.406166 54.55683
-229.73395 52.663963 57.606293
-229.50015 50.91947 60.646805
-229.51996 48.96447 63.481987
-229.51996 48.964424 63.482002
-229.37617 46.794228 66.40846
-228.84686 44.586296 69.5206
-227.6564 42.707924 72.85887
-226.08377 40.851387 76.28639
-223.90045 39.791023 79.803
-221.63135 40.00495 83.65254
-219.85388 39.824684 87.7279
-219.85387 39.8247 87.72793
-218.40479 38.93229 92.04288
-217.2495 37.15557 96.63353
-216.11888 35.05195 101.342224
-214.91492 32.864494 106.06463
-213.79265 31.457268 110.60066
-212.5423 30.59513 115.24204
-211.29295 30.346275 119.98872
-210.11874 30.323082 124.849525
-210.11874 30.323067 124.84955
-208.87569 30.30877 129.89069
-207.59421 30.427452 135.09209
-206.31413 30.518929 140.42534
-205.04268 30.38955 145.88515
-203.72125 30.133217 151.48154
-202.44394 29.942787 157.13365
-201.34259 29.904686 162.8186
-201.34258 29.904686 162.81865
-200.32228 30.15879 168.59178
-199.27628 30.557793 174.5318
-198.12672 30.956764 180.6178
-196.9323 31.197884 186.76639
-195.58421 31.396736 193.00424
-194.27007 31.323479 199.28548
-193.11208 30.66227 205.41052
-191.91963 29.784126 211.45493
-191.91962 29.784111 211.45499
-190.90407 28.786858 217.43312
-189.94377 27.555702 223.323
-188.832 26.169426 229.25449
-187.80452 24.607872 235.17546
-186.92906 22.9226 241.12863
-186.09569 21.125084 247.0943
-185.07683 19.074455 253.05208
-185.07681 19.07447 253.05211
-184.25363 16.8955 258.90604
-183.77818 14.802467 264.78363
-183.14236 12.611031 270.69586
-182.42924 10.303703 276.49933
-181.90546 8.053444 282.2177
-181.79062 5.476906 287.73032
-182.07684 2.316902 292.5662
-182.50063 -0.397316 296.45905
-182.50063 -0.397331 296.45908
-183.27675 -2.639977 299.6203
-184.36685 -4.390343 302.4963
-302.5818 -15.768349 -238.63632
-301.3779 -11.105675 -237.1774
-300.4052 -7.417686 -235.6193
-300.4052 -7.417717 -235.61928
-300.36203 -3.931236 -233.50392
-301.1983 -0.381477 -231.10841
-302.41595 3.201241 -228.7222
-303.4078 4.765358 -224.06308
-303.89893 6.023689 -219.03831
-303.9187 7.80526 -214.39711
-303.70312 9.009163 -209.6209
-303.4736 9.666466 -204.97932
-303.64764 10.136513 -200.66711
-304.15182 9.717522 -196.29884
-304.27362 8.570702 -191.86346
-303.5669 7.108986 -187.59428
-303.07104 6.259743 -183.7371
-303.4653 6.531258 -179.60147
-303.46527 6.531242 -179.60147
-303.50943 7.433632 -173.0476
-302.00827 9.256218 -164.88188
-302.00827 9.256248 -164.88191
-301.05682 12.199379 -156.04024
-301.67865 15.020897 -147.79884
-301.67865 15.020912 -147.79886
-301.74908 16.973457 -141.53613
-301.20605 18.589241 -136.15692
-301.20605 18.589241 -136.15694
-300.68948 20.203484 -131.05396
-299.61377 21.805443 -125.96658
-299.61374 21.805428 -125.96658
-298.1515 23.434471 -120.85006
-296.71594 25.246635 -115.93392
-296.71594 25.24665 -115.93393
-295.28287 27.331383 -111.42443
-293.76172 29.447441 -106.958145
-293.76172 29.447426 -106.95815
-292.09943 31.44767 -102.36075
-289.99005 33.30381 -97.55389
-288.02255 35.25373 -93.18476
-288.02255 35.25373 -93.18474
-286.13065 37.281258 -88.920494
-284.11026 39.108788 -84.688965
-281.727 40.527367 -80.29478
-279.52484 41.96441 -76.00102
-279.52484 41.96441 -76.00101
-277.27124 43.210716 -71.68335
-275.098 44.35418 -67.43957
-272.9909 45.60624 -63.219788
-271.05646 46.743095 -58.91566
-271.05646 46.743095 -58.915646
-269.35605 47.772438 -54.634903
-267.79285 48.70527 -50.390133
-266.44907 49.48655 -46.086174
-265.1579 50.182793 -41.764786
-265.1579 50.182808 -41.764767
-263.72232 50.892952 -37.45609
-262.39938 51.554726 -33.159344
-261.22015 52.119408 -28.89756
-261.22015 52.119408 -28.897543
-260.023 52.74964 -24.666224
-258.79355 53.369408 -20.4638
-257.60803 53.80967 -16.303658
-256.4855 54.179222 -12.198346
-256.48547 54.179207 -12.198331
-255.13812 54.49653 -8.127061
-253.59744 54.75666 -4.151428
-252.07643 54.94471 -0.276674
-250.51607 55.033104 3.553245
-250.51605 55.03312 3.553258
-248.87047 55.098778 7.336102
-247.15938 55.224953 11.062229
-245.41528 55.37014 14.746871
-243.75684 55.477028 18.419018
-243.75682 55.476997 18.41903
-242.15947 55.58056 22.08315
-240.48865 55.75712 25.72047
-238.95268 55.918617 29.346817
-237.51926 56.095848 33.019825
-235.88664 56.4264 36.748447
-235.88663 56.4264 36.748474
-234.2934 56.597893 40.430393
-232.92361 56.42231 44.024277
-231.56601 56.18943 47.623096
-230.4885 55.614616 51.20615
-230.12582 54.20101 54.49677
-229.89044 52.465157 57.512863
-229.66043 50.71543 60.541706
-229.67747 48.762184 63.33462
-229.67747 48.76214 63.334633
-229.5419 46.59414 66.25072
-229.0233 44.383217 69.38737
-227.84802 42.489357 72.78495
-226.28116 40.624718 76.243164
-224.06482 39.56057 79.82685
-221.755 39.764153 83.746765
-219.99132 39.580254 87.801674
-219.9913 39.580254 87.80171
-218.56085 38.690224 92.07973
-217.42145 36.92196 96.63034
-216.30128 34.820976 101.316605
-215.10007 32.63723 106.03241
-213.96806 31.221199 110.58428
-212.70493 30.35833 115.24524
-211.44588 30.106667 120.01745
-210.26935 30.0821 124.88436
-210.26935 30.082115 124.88439
-209.0242 30.072273 129.92178
-207.74046 30.192787 135.12724
-206.4605 30.28463 140.45908
-205.18973 30.158424 145.9076
-203.86768 29.90519 151.49855
-202.58856 29.716515 157.15242
-201.48358 29.682838 162.83887
-201.48357 29.682838 162.83891
-200.45946 29.941475 168.62018
-199.41139 30.34304 174.56497
-198.25957 30.745049 180.65154
-197.06451 30.987831 186.7945
-195.71404 31.189308 193.03384
-194.40329 31.113014 199.30511
-193.25208 30.447945 205.40515
-192.0615 29.569664 211.44382
-192.0615 29.569664 211.44386
-191.04941 28.568855 217.41515
-190.09325 27.334084 223.29388
-188.98598 25.943443 229.22298
-187.96284 24.378075 235.13641
-187.09154 22.688393 241.0821
-186.26372 20.88546 247.04234
-185.25055 18.83091 252.99388
-185.25053 18.83091 252.99394
-184.43073 16.64846 258.83627
-183.95847 14.55146 264.70807
-183.32744 12.353157 270.61975
-182.61794 10.040504 276.41803
-182.0951 7.787941 282.13132
-181.97762 5.216164 287.61475
-182.25859 2.070015 292.39734
-182.67868 -0.648323 296.26996
-182.6787 -0.648338 296.27002
-183.43724 -2.901863 299.41364
-184.51988 -4.670586 302.2824
-302.65027 -15.779915 -238.54483
-301.458 -11.112862 -237.0832
-300.49106 -7.430336 -235.53386
-300.49103 -7.430367 -235.53383
-300.44818 -3.967949 -233.43965
-301.28662 -0.441612 -231.06314
-302.51117 3.134254 -228.67561
-303.47595 4.663078 -224.04353
-303.95563 5.906013 -219.01349
-303.97348 7.691994 -214.35362
-303.7561 8.893715 -209.589
-303.5271 9.546898 -204.95998
-303.7031 10.014717 -200.6564
-304.20688 9.593437 -196.31647
-304.33215 8.444481 -191.89812
-303.634 6.982979 -187.6271
-303.137 6.129433 -183.7558
-303.5278 6.397835 -179.60065
-303.52777 6.397804 -179.60065
-303.56915 7.3032 -173.03247
-302.05835 9.131935 -164.84573
-302.05835 9.13195 -164.84576
-301.10907 12.076836 -155.9949
-301.7417 14.894051 -147.76176
-301.7417 14.894066 -147.76176
-301.80957 16.843758 -141.49608
-301.26273 18.45919 -136.11148
-301.26273 18.459206 -136.11151
-300.74667 20.072456 -131.00688
-299.66656 21.671303 -125.912415
-299.66656 21.671288 -125.91241
-298.20142 23.298378 -120.79182
-296.76474 25.110298 -115.86869
-296.76474 25.110298 -115.868706
-295.32828 27.194832 -111.34655
-293.8057 29.311104 -106.87842
-293.8057 29.311089 -106.87842
-292.1449 31.306084 -102.28259
-290.03387 33.15293 -97.475174
-288.06403 35.10299 -93.098755
-288.06403 35.10299 -93.09873
-286.1721 37.127876 -88.82924
-284.15344 38.94776 -84.598145
-281.7734 40.359276 -80.21455
-279.57303 41.79412 -75.91976
-279.57303 41.794136 -75.91975
-277.32233 43.035744 -71.605675
-275.15143 44.17663 -67.363594
-273.04407 45.429222 -63.141674
-271.11328 46.566704 -58.842407
-271.11328 46.56672 -58.842392
-269.41614 47.59397 -54.562912
-267.85535 48.52494 -50.319897
-266.51532 49.307426 -46.02325
-265.22598 50.001244 -41.703594
-265.22598 50.001244 -41.70358
-263.78943 50.709038 -37.39274
-262.4679 51.370842 -33.097485
-261.2905 51.934013 -28.83641
-261.29047 51.934013 -28.836395
-260.0944 52.56211 -24.605843
-258.86627 53.179924 -20.406288
-257.6825 53.618416 -16.24985
-256.56284 53.984642 -12.148969
-256.5628 53.984627 -12.148952
-255.21625 54.298363 -8.079028
-253.67488 54.5568 -4.102387
-252.1539 54.743767 -0.226986
-250.59483 54.830467 3.60111
-250.59483 54.830467 3.601124
-248.94992 54.89527 7.382679
-247.23859 55.02018 11.110314
-245.49405 55.167274 14.7939
-243.83801 55.275276 18.459908
-243.838 55.275246 18.459919
-242.24237 55.378014 22.121275
-240.57027 55.554893 25.760927
-239.03674 55.71798 29.378586
-237.60695 55.896767 33.04042
-235.97353 56.225822 36.773766
-235.97351 56.225822 36.77379
-234.38235 56.397987 40.44821
-233.0198 56.22335 44.017944
-231.66388 55.98913 47.61318
-230.59116 55.409462 51.186317
-230.23944 53.99221 54.428436
-230.00592 52.26281 57.41295
-229.77802 50.50776 60.430622
-229.78952 48.556328 63.185246
-229.78952 48.556282 63.185257
-229.66106 46.390526 66.08968
-229.15413 44.176567 69.24636
-227.99629 42.266914 72.6952
-226.43661 40.39402 76.17916
-224.19136 39.326027 79.82707
-221.84137 39.519066 83.81667
-220.08969 39.33149 87.8538
-220.08968 39.33149 87.853836
-218.67677 38.443886 92.096725
-217.55289 36.684242 96.608315
-216.44226 34.585945 101.27244
-215.24388 32.40589 105.98156
-214.1013 30.980919 110.55142
-212.82593 30.117363 115.23372
-211.557 29.862892 120.03285
-210.37769 29.836937 124.90734
-210.37767 29.836937 124.90738
-209.13098 29.831566 129.94221
-207.84521 29.953926 135.15216
-206.56538 30.046165 140.48256
-205.29568 29.923164 145.9203
-203.97351 29.673088 151.506
-202.6929 29.486168 157.16214
-201.58475 29.45707 162.85214
-201.58475 29.45707 162.8522
-200.55727 29.72036 168.6436
-199.50746 30.124443 174.59381
-198.35396 30.529503 180.68057
-197.15869 30.774086 186.81775
-195.80644 30.978203 193.05771
-194.49855 30.898827 199.31874
-193.35309 30.22982 205.39441
-192.16435 29.351448 211.42654
-192.16434 29.351448 211.4266
-191.1549 28.346992 217.39104
-190.2018 27.108559 223.25922
-189.09819 25.713448 229.18512
-188.0784 24.144157 235.0909
-187.21011 22.450005 241.0292
-186.38661 20.64164 246.98354
-185.37807 18.583076 252.92802
-185.37805 18.583092 252.92807
-184.56042 16.397057 258.75958
-184.09035 14.295952 264.62592
-183.46288 12.090691 270.53674
-182.75577 9.772682 276.3301
-182.2332 7.517754 282.03897
-182.11209 4.950813 287.4956
-182.38643 1.818779 292.22787
-182.80132 -0.903786 296.083
-182.80133 -0.903801 296.08307
-183.54164 -3.168373 299.21582
-184.61343 -4.957146 302.08322
-302.6995 -15.792915 -238.44994
-301.51865 -11.12516 -236.98041
-300.55856 -7.448616 -235.43628
-300.55856 -7.448631 -235.43625
-300.51794 -4.008217 -233.3635
-301.36026 -0.50309 -231.00644
-302.59036 3.066551 -228.61787
-303.52515 4.5597 -224.01875
-303.99185 5.787056 -218.9867
-304.0078 7.577538 -214.30956
-303.78888 8.777016 -209.55763
-303.5603 9.426048 -204.94142
-303.73798 9.891594 -200.64473
-304.24078 9.467979 -196.33192
-304.3688 8.316933 -191.93274
-303.6792 6.855568 -187.66408
-303.1807 5.997688 -183.7777
-303.56787 6.262932 -179.59805
-303.56787 6.262917 -179.59805
-303.60696 7.171364 -173.0161
-302.0874 9.00634 -164.81302
-302.0874 9.00634 -164.81305
-301.14005 11.95295 -155.95175
-301.7824 14.76577 -147.7225
-301.7824 14.765785 -147.72253
-301.84747 16.712608 -141.45572
-301.29666 18.327766 -136.06802
-301.29666 18.327782 -136.06804
-300.78088 19.940025 -130.96176
-299.69623 21.535728 -125.86282
-299.69623 21.535713 -125.862816
-298.22815 23.160759 -120.73982
-296.78995 24.97245 -115.809906
-296.78995 24.972435 -115.80991
-295.34958 27.056755 -111.27578
-293.82568 29.173271 -106.80617
-293.82568 29.173256 -106.80617
-292.16595 31.162987 -102.21265
-290.05286 33.00045 -97.40701
-288.08026 34.950615 -93.023476
-288.08026 34.950615 -93.02346
-286.1876 36.9728 -88.74888
-284.1701 38.784996 -84.51946
-281.7937 40.189293 -80.14798
-279.59442 41.62197 -75.85171
-279.5944 41.621986 -75.85169
-277.3463 42.85885 -71.54174
-275.1773 43.99711 -67.30129
-273.0694 45.250237 -63.07687
-271.142 46.388374 -58.78125
-271.14197 46.388374 -58.781235
-269.44745 47.413567 -54.502144
-267.8885 48.34272 -50.260376
-266.5522 49.12635 -45.969456
-265.26428 49.817665 -41.65151
-265.26428 49.81768 -41.65149
-263.82672 50.52311 -37.33962
-262.5063 51.184914 -33.045204
-261.33026 51.74656 -28.784298
-261.33026 51.74656 -28.784283
-260.1349 52.372536 -24.554644
-258.90802 52.98835 -20.358168
-257.7258 53.42504 -16.205519
-256.60852 53.787956 -12.108951
-256.60852 53.787926 -12.108934
-255.26282 54.098 -8.042117
-253.72112 54.354744 -4.066088
-252.20015 54.540672 -0.190508
-250.64246 54.625618 3.63504
-250.64246 54.625618 3.635053
-248.99844 54.689537 7.414625
-247.2869 54.81315 11.143142
-245.5422 54.962105 14.825807
-243.88841 55.07125 18.486506
-243.8884 55.071236 18.486519
-242.2942 55.17321 22.145472
-240.621 55.35044 25.787207
-239.08952 55.51513 29.397766
-237.66289 55.69552 33.05032
-236.02869 56.02305 36.78751
-236.02869 56.02305 36.787537
-234.4395 56.19584 40.45466
-233.08348 56.02221 44.001865
-231.72887 55.786613 47.59366
-230.65964 55.202095 51.156914
-230.31558 53.78115 54.35281
-230.08286 52.058266 57.30752
-229.85547 50.297874 60.314568
-229.8589 48.348244 63.034786
-229.8589 48.348213 63.034805
-229.73642 46.184654 65.92641
-229.24197 43.967583 69.09882
-228.10365 42.042 72.59123
-226.55241 40.16079 76.09627
-224.2822 39.088936 79.80544
-221.89272 39.27131 83.86374
-220.15137 39.08004 87.885605
-220.15135 39.08004 87.88564
-218.75494 38.194893 92.0953
-217.64613 36.443916 96.568954
-216.54413 34.348335 101.21135
-215.34871 32.17202 105.91374
-214.19485 30.73806 110.50343
-212.90776 29.873787 115.2086
-211.6288 29.616463 120.0358
-210.44626 29.589104 124.919205
-210.44626 29.589104 124.919235
-209.19847 29.588234 129.95256
-207.91095 29.712456 135.16737
-206.63132 29.805092 140.49638
-205.36305 29.68531 145.92395
-204.0412 29.438484 151.50458
-202.75934 29.25335 157.16344
-201.64847 29.228859 162.85886
-201.64847 29.22889 162.8589
-200.61809 29.49688 168.66228
-199.56688 29.90348 174.61842
-198.41228 30.311653 180.70502
-197.21712 30.558006 186.83635
-195.86371 30.764854 193.07613
-194.55812 30.682335 199.32663
-193.4175 30.009315 205.37875
-192.23055 29.130806 211.40361
-192.23055 29.130806 211.40366
-191.22296 28.12275 217.3613
-190.27194 26.880562 223.2195
-189.17116 25.48095 229.14148
-188.15376 23.907707 235.03952
-187.28743 22.209053 240.97061
-186.46709 20.395119 246.91862
-185.46217 18.332542 252.8554
-185.46217 18.332558 252.85545
-184.64557 16.142921 258.67694
-184.17668 14.037758 264.538
-183.5516 11.825447 270.44772
-182.84583 9.501976 276.23657
-182.32294 7.244637 281.94162
-182.19722 4.682579 287.37372
-182.46362 1.564812 292.05878
-182.87198 -1.16201 295.89893
-182.87198 -1.162025 295.89896
-183.59355 -3.437752 299.02725
-184.65244 -5.247368 301.89874
-302.73154 -15.806786 -238.35403
-301.56042 -11.141289 -236.8726
-300.60733 -7.471565 -235.32959
-300.60733 -7.471596 -235.32956
-300.57083 -4.051903 -233.2765
-301.41895 -0.566521 -230.93738
-302.65326 2.997276 -228.54749
-303.5546 4.453941 -223.9881
-304.00653 5.665352 -218.95749
-304.02045 7.460426 -214.26439
-303.8003 8.657631 -209.52649
-303.57205 9.302406 -204.92352
-303.7511 9.765633 -200.63191
-304.25238 9.339653 -196.34521
-304.38235 8.18644 -191.96764
-303.7013 6.725273 -187.70602
-303.20096 5.862938 -183.80334
-303.58435 6.124947 -179.59352
-303.58432 6.124931 -179.59352
-303.62164 7.036507 -172.9982
-302.09418 8.877831 -164.78366
-302.0942 8.877846 -164.7837
-301.14856 11.826195 -155.91043
-301.79962 14.634544 -147.6805
-301.79962 14.634544 -147.68053
-301.86154 16.578453 -141.41463
-301.3066 18.193306 -136.02618
-301.3066 18.193321 -136.02618
-300.79083 19.804543 -130.9182
-299.70135 21.397026 -125.81761
-299.70135 21.39701 -125.817604
-298.23035 23.019997 -120.69393
-296.79013 24.831429 -115.75735
-296.79013 24.831413 -115.757355
-295.34525 26.91552 -111.21187
-293.82004 29.03228 -106.74111
-293.82004 29.032265 -106.74112
-292.16104 31.016563 -102.15069
-290.04544 32.84443 -97.34944
-288.06964 34.794685 -92.95888
-288.0696 34.794685 -92.958855
-286.1754 36.814125 -88.679306
-284.1585 38.618446 -84.452896
-281.7862 40.01542 -80.09536
-279.58725 41.44584 -75.797104
-279.58722 41.445854 -75.79709
-277.34143 42.677895 -71.49189
-275.17392 43.81344 -67.25306
-273.0652 45.067146 -63.025646
-271.14087 46.20591 -58.732353
-271.14084 46.20591 -58.732338
-269.44806 47.228966 -54.452736
-267.89056 48.156242 -50.211716
-266.55774 48.941093 -45.92492
-265.27097 49.62989 -41.60865
-265.27094 49.62989 -41.608635
-263.8323 50.33291 -37.296875
-262.51282 50.994698 -33.002632
-261.33765 51.554817 -28.74133
-261.33765 51.554817 -28.741312
-260.14276 52.178566 -24.512745
-258.91693 52.79235 -20.319618
-257.7361 53.227196 -16.17088
-256.62076 53.586678 -12.07855
-256.62073 53.586647 -12.078533
-255.27602 53.893013 -8.016749
-253.73431 54.14805 -4.043085
-252.2134 54.33288 -0.16785
-250.6571 54.416054 3.654351
-250.6571 54.416054 3.654365
-249.01419 54.479042 7.431175
-247.3025 54.60134 11.159914
-245.55798 54.75222 14.841791
-243.90628 54.862526 18.49803
-243.90628 54.86251 18.498041
-242.3132 54.963676 22.154984
-240.63907 55.141273 25.79853
-239.10931 55.307655 29.403633
-237.68533 55.489647 33.04885
-236.05038 55.815575 36.788998
-236.05037 55.81556 36.789024
-234.46309 55.98902 40.448986
-233.11288 55.81646 43.975143
-231.75922 55.579506 47.563637
-230.69217 54.989967 51.1169
-230.35225 53.565254 54.26847
-230.1192 51.849068 57.194984
-229.89067 50.083153 60.19183
-229.8832 48.135384 62.8814
-229.88318 48.135338 62.881416
-229.76553 45.974083 65.75884
-229.2846 43.753807 68.94257
-228.16824 41.811928 72.470764
-226.62692 39.922173 75.99211
-224.33575 38.84635 79.76009
-221.90701 39.01783 83.886795
-220.17432 38.822777 87.89594
-220.17432 38.822792 87.89597
-218.79341 37.940147 92.07406
-217.69937 36.198036 96.510506
-216.60512 34.105217 101.13134
-215.41281 31.932793 105.826866
-214.24675 30.489601 110.43863
-212.94841 29.624596 115.168564
-211.65912 29.364296 120.02538
-210.47292 29.335533 124.919266
-210.4729 29.335533 124.919304
-209.22455 29.339302 129.95227
-207.93547 29.465431 135.17233
-206.65611 29.55848 140.49995
-205.38972 29.442055 145.91785
-204.06873 29.198494 151.49355
-202.7858 29.015205 157.15572
-201.6727 28.9954 162.8586
-201.6727 28.995415 162.85864
-200.63985 29.26818 168.67603
-199.58757 29.677467 174.63881
-198.43246 30.088814 180.72482
-197.23778 30.336906 186.85017
-195.88385 30.546547 193.0889
-194.58005 30.460854 199.32846
-193.44325 29.783714 205.35759
-192.25806 28.905083 211.37436
-192.25806 28.905083 211.3744
-191.25151 27.893303 217.32516
-190.30156 26.647346 223.1739
-189.20273 25.243126 229.09111
-188.18674 23.665825 234.98125
-187.3213 21.962547 240.90527
-186.5029 20.142967 246.84653
-185.50058 18.076256 252.7747
-185.50056 18.076256 252.77475
-184.68379 15.882927 258.58688
-184.21507 13.773613 264.44293
-183.59116 11.554115 270.3513
-182.8855 9.225044 276.1359
-182.36166 6.965263 281.8377
-182.23029 4.408195 287.2476
-182.48729 1.305 291.88812
-182.88757 -1.426155 295.71588
-182.88757 -1.42617 295.71588
-183.58963 -3.713356 298.8465
-184.63544 -5.544258 301.72754
-302.4531 -20.389153 -239.35658
-302.74725 -15.82148 -238.25775
-301.56042 -11.141289 -236.87262
-301.5829 -11.161217 -236.76204
-300.60736 -7.471565 -235.3296
-300.63562 -7.499977 -235.21608
-300.60733 -7.471596 -235.32957
-300.6356 -7.500008 -235.21605
-300.60516 -4.100121 -233.17915
-301.41898 -0.566521 -230.93738
-301.46182 -0.633186 -230.854
-302.65326 2.997292 -228.54749
-302.69897 2.925056 -228.46173
-303.55463 4.453941 -223.9881
-303.56247 4.343681 -223.95036
-303.99738 5.53849 -218.92508
-304.02045 7.460442 -214.26439
-304.00916 7.338356 -214.21724
-303.7881 8.533195 -209.49507
-303.57208 9.302406 -204.92352
-303.5601 9.173546 -204.90611
-303.7511 9.765648 -200.6319
-303.74017 9.634346 -200.61757
-304.25238 9.339653 -196.3452
-304.23914 9.205864 -196.35623
-304.38235 8.18644 -191.96765
-304.3703 8.050423 -192.00342
-303.69803 6.58947 -187.75412
-303.201 5.862938 -183.80336
-303.19543 5.722511 -183.83351
-303.58435 6.124947 -179.59354
-303.5747 5.981102 -179.5867
-303.58435 6.124931 -179.59354
-303.57468 5.981087 -179.5867
-303.62164 7.036507 -172.99821
-303.61066 6.895912 -172.97827
-302.0762 8.743889 -164.75752
-302.0942 8.877861 -164.78369
-302.07623 8.743889 -164.75755
-301.13214 11.694099 -155.87044
-301.79962 14.634544 -147.68051
-301.79083 14.49778 -147.63464
-301.79083 14.49778 -147.63467
-301.84918 16.438667 -141.37201
-301.28986 18.053185 -135.98544
-301.28986 18.0532 -135.98546
-300.77377 19.663338 -130.87561
-299.67917 21.252449 -125.7765
-299.70135 21.39701 -125.81761
-299.67914 21.252434 -125.7765
-298.23035 23.019997 -120.69394
-298.20508 22.873268 -120.65412
-296.79016 24.831429 -115.75735
-296.76236 24.68444 -115.71089
-296.79016 24.831398 -115.757355
-296.76236 24.684425 -115.71089
-295.34528 26.91552 -111.21187
-295.31213 26.768272 -111.15453
-293.7857 28.885292 -106.683014
-293.82004 29.032265 -106.74113
-293.7857 28.885277 -106.68302
-292.16104 31.016579 -102.15069
-292.12698 30.863976 -102.0966
-290.04544 32.84443 -97.34945
-290.0083 32.681816 -97.302734
-288.02872 34.63221 -92.90508
-288.0696 34.794685 -92.95886
-288.02872 34.63221 -92.90507
-286.1754 36.814125 -88.67931
-286.1321 36.64878 -88.620605
-284.1585 38.61846 -84.452896
-284.1151 38.444878 -84.39872
-281.7475 39.834236 -80.05737
-279.54803 41.262306 -75.75656
-279.58725 41.445854 -75.79709
-279.54803 41.26229 -75.756546
-277.30414 42.489296 -71.456894
-275.1377 43.622047 -67.219635
-273.0652 45.06716 -63.02565
-273.0279 44.87635 -62.98867
-271.14087 46.205925 -58.73236
-271.10635 46.01577 -58.69636
-271.14084 46.20594 -58.732346
-271.10632 46.015785 -58.696342
-269.44806 47.228966 -54.452744
-269.41455 47.0366 -54.415184
-267.89056 48.156258 -50.21171
-267.85788 47.96189 -50.174335
-266.55774 48.94111 -45.92492
-266.52853 48.748024 -45.889946
-265.2424 49.434166 -41.575382
-265.27097 49.62989 -41.608635
-265.2424 49.43418 -41.575363
-263.80264 50.13465 -37.26505
-262.48383 50.79647 -32.970184
-261.33768 51.554817 -28.74133
-261.30905 51.354942 -28.7078
-261.30905 51.354942 -28.707785
-260.14276 52.17858 -24.512745
-260.1143 51.976387 -24.480543
-258.91693 52.79238 -20.31962
-258.8893 52.58811 -20.291153
-257.7361 53.22721 -16.170881
-257.70972 53.02102 -16.146488
-256.62076 53.586693 -12.078551
-256.59573 53.37696 -12.0584
-256.62073 53.586678 -12.078535
-256.59573 53.37693 -12.058385
-255.27602 53.89303 -8.016749
-255.25212 53.67945 -8.003885
-253.73431 54.148064 -4.043085
-253.71082 53.932625 -4.034563
-252.2134 54.332893 -0.16785
-252.18997 54.116325 -0.160238
-250.6352 54.19764 3.657655
-250.6571 54.41607 3.654365
-250.6352 54.19767 3.657669
-249.01419 54.479057 7.431175
-248.9936 54.259712 7.430771
-247.3025 54.60134 11.159913
-247.28189 54.380608 11.158996
-245.55797 54.75222 14.841791
-245.53786 54.53347 14.840219
-243.88809 54.64501 18.492868
-243.90628 54.86251 18.498043
-243.88809 54.64501 18.492882
-242.3132 54.963676 22.154985
-242.29575 54.74534 22.148256
-240.62088 54.9233 25.793367
-239.09256 55.09144 29.39473
-237.68533 55.489662 33.04885
-237.67072 55.27511 33.034607
-236.03503 55.599373 36.776752
-236.03502 55.599373 36.77678
-234.44962 55.773537 40.429638
-233.10455 55.602043 43.936073
-231.7514 55.363655 47.52137
-230.69217 54.989967 51.116905
-230.68503 54.768883 51.064365
-230.35226 53.565254 54.268475
-230.34546 53.340202 54.172993
-230.11081 51.631004 57.072624
-229.89069 50.083153 60.19183
-229.87924 49.859383 60.059586
-229.85751 47.91352 62.722195
-229.8832 48.135353 62.88142
-229.85751 47.91349 62.72221
-229.76553 45.9741 65.75885
-229.74353 45.75463 65.58369
-229.2846 43.753807 68.94258
-229.27753 43.531075 68.77401
-228.16824 41.811943 72.470764
-228.18614 41.572166 72.32988
-226.65654 39.67353 75.862434
-224.33575 38.84635 79.7601
-224.34851 38.593575 79.687454
-221.90701 39.017845 83.886795
-221.88017 38.7537 83.883354
-220.17432 38.822792 87.89595
-220.1544 38.55471 87.88244
-220.17432 38.822807 87.89597
-220.1544 38.55471 87.88248
-218.79341 37.940163 92.07406
-218.78818 37.674644 92.03027
-217.7088 35.941765 96.42972
-216.62146 33.85189 101.02883
-215.41281 31.932793 105.82687
-215.43246 31.683495 105.71723
-214.25298 30.230675 110.35395
-212.94841 29.62458 115.168564
-212.94371 29.364922 115.11121
-211.65912 29.364311 120.02538
-211.64366 29.10154 119.999916
-210.45319 29.071281 124.90614
-210.45317 29.071266 124.90618
-209.2048 29.079872 129.94008
-207.93547 29.465446 135.17233
-207.91441 29.208015 135.1659
-206.65611 29.558495 140.49997
-206.63542 29.301476 140.49211
-205.38972 29.44207 145.91785
-205.37138 29.18856 145.90073
-204.0518 28.948372 151.47162
-202.76807 28.767021 157.13774
-201.6727 28.995415 162.85861
-201.65324 28.752083 162.85051
-201.65324 28.752113 162.85057
-200.63985 29.268166 168.67604
-200.61835 29.029793 168.68451
-199.56532 29.441872 174.65482
-198.43246 30.088829 180.72484
-198.41042 29.856575 180.73982
-197.21667 30.106514 186.85886
-195.88385 30.546547 193.08888
-195.8629 30.319038 193.09554
-194.58005 30.460869 199.32846
-194.56027 30.230034 199.3236
-193.44325 29.78373 205.35759
-193.42632 29.548622 205.32996
-192.25806 28.905083 211.37437
-192.2428 28.669853 211.33755
-192.25806 28.905083 211.37442
-192.2428 28.669853 211.3376
-191.23637 27.654182 217.28134
-190.30156 26.647331 223.1739
-190.28638 26.404259 223.12102
-189.20273 25.243141 229.09111
-189.18857 24.995277 229.03238
-188.18674 23.66584 234.98126
-188.17293 23.41378 234.9143
-187.32129 21.962563 240.90529
-187.30714 21.70568 240.83133
-186.5029 20.142998 246.84653
-186.48938 19.88021 246.76512
-185.50058 18.076271 252.7747
-185.48854 17.809166 252.6836
-185.48854 17.80915 252.68365
-184.68379 15.882927 258.5869
-184.6702 15.611961 258.48706
-184.20056 13.498268 264.33835
-183.57643 11.271294 270.24493
-182.8855 9.225044 276.13593
-182.86957 8.936424 276.02548
-182.36166 6.965263 281.83774
-182.34406 6.67408 281.72467
-182.23029 4.408211 287.2476
-182.20576 4.122215 287.11447
-182.48729 1.305016 291.88812
-182.45157 1.034248 291.7128
-182.84193 -1.701439 295.53088
-182.88757 -1.426155 295.7159
-182.84193 -1.701439 295.5309
-183.52322 -4.000572 298.67133
-184.63544 -5.544258 301.72757
-184.55678 -5.852989 301.56833
-302.74725 -15.82148 -238.25777
-302.7459 -15.837257 -238.16052
-301.5829 -11.161171 -236.76205
-301.58398 -11.185875 -236.6507
-300.63562 -7.499947 -235.21611
-300.64026 -7.535591 -235.09914
-300.63562 -7.499962 -235.21608
-300.64026 -7.535606 -235.0991
-300.60516 -4.100105 -233.17918
-300.61813 -4.154259 -233.07364
-301.46182 -0.633171 -230.85403
-301.48737 -0.703362 -230.75638
-302.699 2.925072 -228.46176
-302.72638 2.849998 -228.36005
-303.5625 4.343697 -223.95038
-303.54736 4.229088 -223.90529
-303.99738 5.538506 -218.92508
-303.96295 5.406639 -218.88945
-304.00916 7.338371 -214.21727
-303.97247 7.211479 -214.1682
-303.78812 8.533226 -209.49509
-303.7508 8.403893 -209.4635
-303.5601 9.173561 -204.90611
-303.5229 9.039619 -204.88925
-303.74017 9.634377 -200.61758
-303.70367 9.497902 -200.60173
-304.23917 9.205879 -196.35626
-304.1997 9.066811 -196.36496
-304.3703 8.050423 -192.00343
-304.33105 7.908989 -192.04015
-303.69803 6.5895 -187.75414
-303.6678 6.44828 -187.80867
-303.19543 5.722527 -183.83353
-303.1625 5.5765 -183.86845
-303.5747 5.981117 -179.58673
-303.5373 5.831581 -179.57758
-303.5747 5.981102 -179.58672
-303.6107 6.895927 -172.9783
-303.5725 6.749794 -172.95636
-302.07623 8.743904 -164.75754
-302.032 8.604652 -164.73499
-302.07623 8.743904 -164.75757
-302.03204 8.604652 -164.735
-301.13217 11.69413 -155.87045
-301.0894 11.556801 -155.83206
-301.79083 14.497795 -147.63467
-301.75446 14.355644 -147.58496
-301.79083 14.497795 -147.63469
-301.75446 14.355644 -147.58499
-301.84918 16.438667 -141.37202
-301.80878 16.293327 -141.32796
-301.28986 18.053185 -135.98546
-301.24478 17.907494 -135.94606
-301.28986 18.0532 -135.98549
-301.2448 17.907524 -135.94608
-300.77377 19.663353 -130.87563
-300.7281 19.516563 -130.83424
-299.67917 21.252464 -125.77651
-299.62802 21.102196 -125.73993
-299.62802 21.102165 -125.73993
-298.2051 22.873299 -120.65413
-298.15082 22.720787 -120.6209
-296.76236 24.68444 -115.7109
-296.70496 24.53167 -115.671036
-296.76236 24.684456 -115.7109
-296.70496 24.531654 -115.671036
-295.31216 26.768288 -111.15454
-295.24866 26.615242 -111.104385
-293.7857 28.885292 -106.68302
-293.72098 28.732521 -106.63253
-293.7857 28.885292 -106.68303
-293.721 28.732521 -106.632545
-292.12698 30.864006 -102.09661
-292.06213 30.70539 -102.0511
-290.0083 32.68183 -97.30275
-289.93982 32.512825 -97.26769
-288.02875 34.63221 -92.90509
-287.95587 34.46331 -92.86295
-288.02872 34.63221 -92.905075
-287.95584 34.46331 -92.86294
-286.1321 36.648796 -88.62061
-286.05582 36.476906 -88.57367
-284.1151 38.44491 -84.39873
-284.03802 38.264473 -84.357956
-281.7475 39.83425 -80.05738
-281.67575 39.64588 -80.03511
-279.54803 41.262306 -75.75658
-279.4749 41.07151 -75.73116
-279.54803 41.26232 -75.75656
-279.4749 41.07151 -75.73114
-277.30414 42.489326 -71.456894
-277.23267 42.29325 -71.43779
-275.13773 43.622047 -67.21965
-275.0668 43.423058 -67.202095
-273.0279 44.876366 -62.988678
-272.95554 44.677986 -62.966976
-271.10635 46.015816 -58.696365
-271.03644 45.81817 -58.674217
-271.10635 46.0158 -58.69635
-271.03644 45.81817 -58.674202
-269.41455 47.03663 -54.415188
-269.34476 46.836708 -54.390354
-267.85788 47.961906 -50.17434
-267.78845 47.759926 -50.149075
-266.52853 48.748055 -45.889954
-266.4624 48.54734 -45.86524
-265.2424 49.434196 -41.575386
-265.17645 49.23069 -41.552376
-265.2424 49.43421 -41.57537
-265.17645 49.230705 -41.55236
-263.80264 50.134666 -37.265057
-263.73553 49.928566 -37.244907
-262.48386 50.796486 -32.97019
-262.4172 50.5904 -32.94859
-261.30908 51.354958 -28.707802
-261.24228 51.14724 -28.684399
-261.30908 51.354958 -28.707785
-261.24228 51.147224 -28.684385
-260.1143 51.976418 -24.480545
-260.04733 51.766335 -24.45874
-258.8893 52.588127 -20.291155
-258.82303 52.375816 -20.273455
-257.6444 52.806725 -16.133049
-256.59573 53.37699 -12.058401
-256.53125 53.15899 -12.049197
-256.59573 53.37696 -12.058386
-256.53125 53.15896 -12.049182
-255.25212 53.679466 -8.003886
-255.18892 53.457405 -8.004333
-253.71083 53.932655 -4.034563
-253.64844 53.708717 -4.041427
-252.18997 54.11634 -0.160238
-252.12762 53.891243 -0.168629
-250.6352 54.197685 3.657655
-250.57446 53.970634 3.643927
-250.6352 54.197685 3.657669
-250.57446 53.97065 3.643941
-248.99362 54.259743 7.430773
-248.93451 54.031715 7.412389
-247.28189 54.38064 11.158998
-247.22282 54.151176 11.139329
-245.53786 54.5335 14.84022
-245.47964 54.306114 14.820029
-243.8881 54.645027 18.492872
-243.8317 54.418907 18.470003
-243.88809 54.645027 18.492886
-243.83168 54.418907 18.470016
-242.29575 54.74534 22.14826
-242.2397 54.518364 22.12428
-240.62088 54.923332 25.79337
-240.5643 54.696754 25.770727
-239.09256 55.09147 29.394732
-239.03702 54.866676 29.370188
-237.67072 55.275124 33.03461
-237.61673 55.052086 33.006874
-236.03503 55.59939 36.776756
-235.98036 55.37464 36.74998
-236.03503 55.59939 36.77678
-235.98035 55.37464 36.75001
-234.44962 55.773567 40.429638
-234.3968 55.549538 40.39583
-233.10457 55.60206 43.936077
-233.05617 55.37919 43.88402
-231.75142 55.36367 47.521378
-231.70312 55.13929 47.46621
-230.68503 54.768898 51.064373
-230.6358 54.53904 50.998665
-230.34546 53.340233 54.173
-230.29254 53.10627 54.065937
-230.11081 51.63102 57.07263
-230.05493 51.40432 56.940163
-229.87924 49.859398 60.059593
-229.8183 49.626747 59.917637
-229.85751 47.91355 62.7222
-229.77882 47.682884 62.55733
-229.85751 47.913506 62.72221
-229.77882 47.682854 62.557343
-229.74353 45.754646 65.58369
-229.66727 45.52648 65.40101
-229.27753 43.531105 68.77402
-229.21762 43.299538 68.59288
-228.18616 41.572197 72.32988
-228.15443 41.322945 72.167725
-226.65654 39.673546 75.86244
-226.63838 39.415062 75.70601
-224.34851 38.593605 79.687454
-224.31786 38.330803 79.58604
-221.88017 38.75373 83.883354
-221.80971 38.47912 83.8518
-220.15442 38.554726 87.88244
-220.08899 38.27601 87.843636
-220.1544 38.55474 87.88248
-220.08897 38.27601 87.843666
-218.7882 37.67466 92.03027
-218.73651 37.39866 91.96267
-217.7088 35.94178 96.42973
-217.67165 35.675407 96.32547
-216.62146 33.851906 101.02885
-216.5903 33.58854 100.90278
-215.43246 31.683525 105.71723
-215.40482 31.42437 105.58382
-214.25298 30.23069 110.35396
-214.21066 29.96151 110.2485
-212.94371 29.364937 115.11121
-212.89084 29.094963 115.035675
-211.64366 29.101555 119.99992
-211.57954 28.828392 119.95854
-210.45319 29.071297 124.90616
-210.38414 28.796547 124.879105
-210.45317 29.071297 124.9062
-210.38412 28.796562 124.87914
-209.2048 29.079887 129.94008
-209.13637 28.810204 129.91525
-207.91441 29.20803 135.16591
-207.84496 28.940422 135.14749
-206.63542 29.301476 140.49213
-206.5664 29.034294 140.47229
-205.37138 29.188576 145.90074
-205.30519 28.92495 145.87204
-204.0518 28.948402 151.47165
-203.98766 28.688362 151.43823
-202.76807 28.767036 157.13777
-202.70341 28.50901 157.10901
-201.65324 28.752098 162.85052
-201.58737 28.499123 162.83421
-201.65324 28.752129 162.85059
-201.58736 28.499138 162.83426
-200.61835 29.029808 168.68452
-200.5509 28.782005 168.68745
-199.56532 29.441887 174.65483
-199.49754 29.196983 174.66617
-198.41042 29.856606 180.73984
-198.34354 29.615135 180.7497
-197.21667 30.10653 186.85887
-197.15118 29.867012 186.86218
-195.8629 30.319054 193.09555
-195.79831 30.082542 193.09576
-194.56027 30.23005 199.32361
-194.49622 29.990105 199.31165
-193.42632 29.548637 205.32999
-193.364 29.304237 205.29562
-192.2428 28.669884 211.33757
-192.18219 28.4253 211.2929
-192.2428 28.669868 211.33762
-192.18217 28.425316 211.29297
-191.23637 27.654213 217.28134
-191.1749 27.405617 217.2295
-190.28638 26.40429 223.12103
-190.22368 26.151573 223.06056
-189.18857 24.995308 229.03241
-189.1259 24.737572 228.96506
-188.17293 23.41381 234.91434
-188.1094 23.151695 234.83849
-187.30714 21.705711 240.83136
-187.242 21.438622 240.74849
-186.48938 19.880226 246.76514
-186.42346 19.606972 246.67416
-185.48854 17.809181 252.68362
-185.42294 17.53144 252.58182
-185.48854 17.809166 252.68365
-185.42293 17.53144 252.58186
-184.6702 15.612007 258.4871
-184.60153 15.330299 258.37723
-184.20056 13.498283 264.3384
-184.12978 13.212013 264.22394
-183.57643 11.271309 270.24496
-183.50404 10.977257 270.1284
-182.79456 8.636345 275.90518
-182.34406 6.67411 281.7247
-182.2666 6.371346 281.60248
-182.20576 4.122261 287.11447
-182.12006 3.824898 286.97446
-182.45157 1.034264 291.7128
-182.35281 0.752769 291.53317
-182.84193 -1.701424 295.53088
-182.7313 -1.987648 295.34448
-182.84193 -1.701424 295.5309
-182.7313 -1.987679 295.3445
-183.52322 -4.000557 298.67136
-183.39062 -4.299156 298.50278
-184.41191 -6.173073 301.4228
-302.72614 -15.854454 -238.06163
-301.56256 -11.215889 -236.54121
-300.6198 -7.57917 -234.98373
-300.6198 -7.579201 -234.98369
-300.60788 -4.214134 -232.96445
-301.49362 -0.77491 -230.64783
-302.7335 2.774895 -228.24568
-303.50882 4.114433 -223.8543
-303.9034 5.274696 -218.85179
-303.91064 7.084511 -214.119
-303.68878 8.274467 -209.433
-303.46085 8.905571 -204.8736
-303.6419 9.361305 -200.58487
-304.1344 8.927666 -196.3709
-304.265 7.767525 -192.07635
-303.61053 6.306999 -187.86772
-303.1022 5.430412 -183.90694
-303.4724 5.681999 -179.56635
-303.4724 5.681984 -179.56635
-303.50748 6.603584 -172.93314
-301.96216 8.465309 -164.71695
-301.96216 8.465324 -164.71698
-301.02063 11.41938 -155.79677
-301.69073 14.213402 -147.53307
-301.69073 14.213402 -147.53308
-301.74072 16.147896 -141.28403
-301.17197 17.761711 -135.90959
-301.172 17.761726 -135.9096
-300.6543 19.369698 -130.79579
-299.5486 20.95182 -125.70947
-299.5486 20.95179 -125.709465
-298.06833 22.568184 -120.5958
-296.61887 24.378777 -115.6396
-295.15585 26.462059 -111.06366
-293.62714 28.579628 -106.591934
-293.6271 28.579613 -106.59193
-291.9676 30.546638 -102.01626
-289.8412 32.343666 -97.24616
-287.85242 34.29429 -92.83468
-287.85242 34.29429 -92.834656
-285.9481 36.30491 -88.54086
-283.92877 38.083946 -84.33281
-281.5723 39.457344 -80.03014
-279.3693 40.88053 -75.72252
-279.36926 40.88053 -75.7225
-277.1282 42.097054 -71.43607
-274.96237 43.223946 -67.20181
-272.84943 44.4795 -62.962124
-270.93237 45.6204 -58.6674
-270.93237 45.6204 -58.667385
-269.2398 46.63665 -54.379833
-267.6833 47.557808 -50.13749
-266.36032 48.346565 -45.85224
-265.07413 49.027153 -41.541035
-265.07413 49.02717 -41.541023
-263.63196 49.722374 -37.237732
-262.3138 50.38424 -32.93919
-261.13818 50.93937 -28.672539
-261.13818 50.93937 -28.672523
-259.94272 51.55607 -24.44866
-258.7189 52.163353 -20.267698
-257.54108 52.592293 -16.131575
-256.42813 52.94088 -12.051776
-256.4281 52.94085 -12.051759
-255.08711 53.235237 -8.018654
-253.54782 53.484627 -4.064125
-252.02711 53.665977 -0.193414
-250.4756 53.743446 3.612987
-250.47559 53.74346 3.613
-248.8375 53.80349 7.375974
-247.1259 53.921593 11.100842
-245.38397 54.078667 14.781179
-243.73756 54.192665 18.42955
-243.73756 54.192665 18.429564
-242.14554 54.291252 22.083227
-240.46983 54.47001 25.730722
-238.94315 54.6417 29.330265
-237.52379 54.828865 32.96611
-235.88683 55.149727 36.709087
-235.88681 55.149727 36.709114
-234.30498 55.325386 40.348236
-232.96777 55.156136 43.820404
-231.61438 54.914726 47.399696
-230.54456 54.30906 50.921753
-230.19351 52.8722 53.95099
-229.95168 51.177498 56.802345
-229.70801 49.393974 59.771122
-229.64783 47.452126 62.39299
-229.64783 47.452095 62.392998
-229.53728 45.298164 65.21766
-229.10483 43.067772 68.40571
-228.0721 41.073524 71.989716
-226.57101 39.156395 75.52785
-224.2431 38.06788 79.45855
-221.69641 38.204308 83.792114
-219.9786 37.997124 87.77992
-219.9786 37.997124 87.77996
-218.63837 37.12249 91.872894
-217.58731 35.408882 96.20085
-216.51076 33.325005 100.757065
-215.32886 31.164986 105.43077
-214.1193 29.692116 110.12543
-212.78975 28.824776 114.94406
-211.46718 28.555046 119.9021
-210.26637 28.52166 124.83847
-210.26636 28.521675 124.83849
-209.0198 28.540367 129.87819
-207.72766 28.672676 135.11719
-206.44962 28.76699 140.4406
-205.1917 28.661217 145.83232
-203.87674 28.428154 151.39409
-202.59227 28.250816 157.07007
-201.47562 28.24601 162.80986
-201.4756 28.24604 162.8099
-200.43819 28.534096 168.68443
-199.3849 28.951912 174.67218
-198.23247 29.373528 180.75375
-197.0419 29.627373 186.85965
-195.69067 29.84591 193.08917
-194.38844 29.749992 199.29274
-193.25679 29.0597 205.2555
-192.07658 28.180626 211.2417
-192.07657 28.180626 211.24174
-191.06746 27.156883 217.17122
-190.11382 25.898705 222.99449
-189.015 24.479698 228.89127
-187.9965 22.889442 234.75621
-187.12619 21.171394 240.65955
-186.30544 19.33358 246.57674
-185.30397 17.253532 252.47275
-185.30397 17.253532 252.47282
-184.47812 15.048439 258.26117
-184.00311 12.925652 264.10367
-183.37434 10.683083 270.0057
-182.66084 8.336113 275.77917
-182.12973 6.068489 281.47528
-181.97385 3.527412 286.83267
-182.1921 0.471077 291.35602
-182.55716 -2.27404 295.1638
-182.55716 -2.274055 295.16382
-183.19412 -4.597923 298.34766
-184.20146 -6.492805 301.2977
-302.68723 -15.872673 -237.96245
-301.52045 -11.250053 -236.43694
-300.57697 -7.628624 -234.87523
-300.57693 -7.628654 -234.8752
-300.57562 -4.27668 -232.85696
-301.47925 -0.843758 -230.53363
-302.71814 2.704201 -228.12424
-303.4471 4.006477 -223.7998
-303.82013 5.150475 -218.81415
-303.8252 6.964958 -214.0726
-303.60345 8.15258 -209.40546
-303.37543 8.779366 -204.86024
-303.55637 9.232735 -200.56796
-304.04477 8.796669 -196.3734
-304.17374 7.634315 -192.10985
-303.52734 6.174004 -187.9283
-303.01572 5.29287 -183.94708
-303.38147 5.541176 -179.55347
-303.38147 5.541145 -179.55347
-303.41705 6.465935 -172.90987
-301.86847 8.334145 -164.70494
-301.86847 8.334145 -164.70497
-300.9278 11.290031 -155.767
-301.60098 14.079506 -147.48196
-301.60098 14.079506 -147.48198
-301.6465 16.01101 -141.24292
-301.0732 17.624474 -135.8785
-301.0732 17.624474 -135.87852
-300.55426 19.231407 -130.76277
-299.44324 20.810234 -125.6875
-299.44324 20.810204 -125.6875
-297.96008 22.424492 -120.58109
-296.50668 24.23484 -115.61929
-296.50668 24.23484 -115.6193
-295.0367 26.317879 -111.035675
-293.50708 28.435722 -106.56456
-293.50708 28.435707 -106.56457
-291.84637 30.39721 -101.99522
-289.71558 32.18441 -97.2407
-287.72183 34.13517 -92.823166
-287.72183 34.13517 -92.82314
-285.81256 36.142967 -88.52537
-283.79105 37.91398 -84.326065
-281.4405 39.27987 -80.04426
-279.23447 40.700768 -75.732635
-279.23447 40.700768 -75.73262
-276.99405 41.912315 -71.45337
-274.8277 43.03646 -67.220345
-272.71283 44.29261 -62.97585
-270.7973 45.434166 -58.67766
-270.79727 45.434166 -58.677647
-269.10294 46.448235 -54.38544
-267.54556 47.367485 -50.141457
-266.2252 48.15751 -45.85274
-264.93823 48.835503 -41.54301
-264.93823 48.835503 -41.543
-263.4949 49.528236 -37.24512
-262.17664 50.190117 -32.94364
-260.9997 50.74369 -28.673931
-260.9997 50.74369 -28.673914
-259.80334 51.3581 -24.451902
-258.5798 51.963295 -20.275288
-257.40247 52.390312 -16.143206
-256.28903 52.73545 -12.067034
-256.289 52.73542 -12.067019
-254.94934 53.026054 -8.047224
-253.41159 53.273643 -4.102688
-251.89098 53.45388 -0.234565
-250.34106 53.52955 3.565149
-250.34106 53.529564 3.565163
-248.70491 53.588646 7.322048
-246.99353 53.705376 11.044147
-245.25314 53.864464 14.724365
-243.60797 53.9797 18.372364
-243.60796 53.979683 18.372377
-242.01547 54.07746 22.026022
-240.33974 54.25657 25.67415
-238.81313 54.42991 29.275923
-237.39398 54.61872 32.913578
-235.7565 54.93798 36.655262
-235.75648 54.93798 36.65529
-234.1761 55.114296 40.28845
-232.84111 54.946083 43.74799
-231.48688 54.70327 47.32484
-230.41295 54.09252 50.837254
-230.05016 52.651833 53.834324
-229.80292 50.963936 56.66691
-229.55058 49.174812 59.62831
-229.4677 47.234825 62.23896
-229.4677 47.23478 62.23897
-229.35657 45.083214 65.04441
-228.94122 42.849586 68.223045
-227.93958 40.83866 71.80497
-226.4541 38.912834 75.336555
-224.12479 37.820274 79.31028
-221.54324 37.94561 83.705376
-219.82585 37.73455 87.69295
-219.82585 37.73455 87.69298
-218.49551 36.862465 91.76425
-217.45663 35.15792 96.06135
-216.38326 33.07688 100.59854
-215.20488 30.920784 105.2654
-213.97998 29.438515 109.990456
-212.64218 28.570427 114.84041
-211.30894 28.297691 119.83265
-210.10258 28.262856 124.78552
-210.10257 28.262856 124.78556
-208.85782 28.286278 129.83002
-207.5653 28.42051 135.07578
-206.28781 28.51522 140.39796
-205.03343 28.41285 145.78297
-203.72153 28.18319 151.34091
-202.43718 28.007729 157.02242
-201.32056 28.007744 162.7783
-201.32056 28.007774 162.77837
-200.28282 28.300697 168.67508
-199.23003 28.721184 174.672
-198.07988 29.14605 180.75128
-196.89148 29.401695 186.85094
-195.54262 29.62307 193.07558
-194.2395 29.523933 199.26738
-193.10704 28.82946 205.2115
-191.92827 27.950264 211.18646
-191.92827 27.950249 211.18651
-190.91635 26.922691 217.10947
-189.9591 25.660637 222.9263
-188.85823 24.236946 228.81493
-187.8366 22.64254 234.67184
-186.96213 20.919792 240.56923
-186.13771 19.07618 246.47798
-185.13397 16.991905 252.36227
-185.13397 16.991905 252.36232
-184.30244 14.783058 258.14517
-183.82315 12.656029 263.98428
-183.18994 10.406075 269.88367
-182.47118 8.053429 275.65445
-181.93631 5.783287 281.3503
-181.77052 3.247368 286.69733
-181.97353 0.205879 291.19202
-182.32428 -2.543694 295.00012
-182.32428 -2.543709 295.00015
-182.93976 -4.879234 298.21634
-183.93123 -6.793282 301.2026
-302.62988 -15.891121 -237.86731
-301.52045 -11.250038 -236.43694
-301.46063 -11.286324 -236.34155
-300.57693 -7.628609 -234.87523
-300.516 -7.68055 -234.77737
-300.51596 -7.68058 -234.77734
-300.57562 -4.276695 -232.85695
-300.5241 -4.337944 -232.75531
-301.47922 -0.843773 -230.53363
-301.44354 -0.905785 -230.41881
-302.71814 2.704185 -228.12422
-302.67874 2.642021 -228.00133
-303.4471 4.006462 -223.7998
-303.363 3.911552 -223.74432
-303.82013 5.150459 -218.81413
-303.715 5.041283 -218.77846
-303.71808 6.859871 -214.0317
-303.60345 8.152565 -209.40544
-303.49692 8.045448 -209.38257
-303.26868 8.668449 -204.85007
-303.44897 9.119759 -200.55183
-303.93295 8.681557 -196.37196
-304.17374 7.6343 -192.10986
-304.05923 7.51722 -192.13858
-303.52734 6.173988 -187.9283
-303.41977 6.057076 -187.98732
-303.01572 5.292854 -183.94708
-302.90485 5.171989 -183.98692
-303.38147 5.541161 -179.55347
-303.26648 5.417366 -179.53943
-303.38147 5.54113 -179.55347
-303.26648 5.417351 -179.53941
-303.41702 6.465935 -172.90987
-303.30322 6.344933 -172.88777
-301.86847 8.334145 -164.70493
-301.75336 8.218864 -164.70026
-301.86847 8.334145 -164.70496
-301.7534 8.21888 -164.70027
-300.8131 11.176353 -155.74487
-301.60098 14.079491 -147.48196
-301.48715 13.961784 -147.43439
-301.60098 14.079491 -147.48198
-301.48715 13.9618 -147.4344
-301.6465 16.010979 -141.24292
-301.52844 15.890663 -141.20706
-300.95102 17.503838 -135.85492
-300.95105 17.503868 -135.85493
-300.43057 19.109856 -130.73744
-299.3146 20.685783 -125.67605
-299.3146 20.685768 -125.67605
-297.96005 22.424477 -120.58109
-297.82892 22.298225 -120.57861
-296.37146 24.108345 -115.61228
-296.50668 24.234825 -115.6193
-296.37146 24.108315 -115.61228
-295.0367 26.317879 -111.03567
-294.89465 26.191154 -111.02317
-293.36435 28.309212 -106.553185
-293.50708 28.435707 -106.56456
-293.36435 28.309181 -106.55319
-291.7021 30.265846 -101.990425
-289.71558 32.18441 -97.24071
-289.56683 32.044426 -97.25325
-287.72183 34.135155 -92.823166
-287.5681 33.995293 -92.83073
-287.72183 34.135155 -92.82314
-287.56808 33.995277 -92.83071
-285.81256 36.142952 -88.52537
-285.65338 36.000618 -88.52978
-283.6291 37.764534 -84.33999
-281.28424 39.123848 -80.07871
-279.23447 40.700752 -75.732635
-279.07452 40.542732 -75.762955
-279.23447 40.700752 -75.73262
-279.0745 40.542732 -75.76294
-276.8341 41.74996 -71.49074
-274.66656 42.87171 -67.25865
-272.54968 44.128395 -63.009365
-270.79727 45.43415 -58.677658
-270.63495 45.270515 -58.70622
-270.79727 45.434166 -58.677643
-270.63495 45.270515 -58.7062
-268.93787 46.282692 -54.4086
-267.54553 47.367485 -50.141457
-267.37897 47.200264 -50.162365
-266.2252 48.157494 -45.85274
-266.06058 47.99131 -45.868156
-264.93823 48.835487 -41.54301
-264.7724 48.667 -41.55964
-264.93823 48.835487 -41.543
-264.7724 48.666985 -41.55962
-263.4949 49.52825 -37.24512
-263.32803 49.35755 -37.26818
-262.17664 50.190132 -32.94364
-262.00934 50.019432 -32.96309
-260.9997 50.74369 -28.67393
-260.83044 50.571632 -28.689829
-260.9997 50.74369 -28.673912
-260.83044 50.571632 -28.689814
-259.63287 51.18412 -24.469696
-258.57977 51.963295 -20.275288
-258.4093 51.787483 -20.297194
-257.23212 52.212837 -16.16872
-256.11743 52.55491 -12.095512
-256.1174 52.55488 -12.095497
-254.77904 52.842186 -8.090075
-253.24316 53.08819 -4.156756
-251.72264 53.267433 -0.291641
-250.1742 53.341545 3.501119
-250.34106 53.529564 3.565162
-250.1742 53.34156 3.501132
-248.54005 53.399834 7.251627
-246.82896 53.515327 10.970317
-245.25314 53.86445 14.724363
-245.09041 53.676125 14.650622
-243.60797 53.979683 18.372364
-243.446 53.792458 18.299683
-243.44598 53.792458 18.299696
-242.01547 54.077446 22.026022
-241.85255 53.88952 21.953976
-240.17706 54.068947 25.602234
-238.65001 54.243782 29.208551
-237.39397 54.61872 32.913578
-237.23022 54.43403 32.850845
-235.7565 54.93798 36.65526
-235.59233 54.75184 36.589966
-235.75648 54.93798 36.655285
-235.59232 54.75184 36.589993
-234.01306 54.92875 40.218372
-232.67882 54.761482 43.669662
-231.48688 54.70327 47.324837
-231.32327 54.51745 47.244663
-230.41295 54.092506 50.837254
-230.24365 53.9022 50.748806
-229.86533 52.458107 53.72181
-229.80292 50.96395 56.66691
-229.61171 50.776222 56.541157
-229.55058 49.174812 59.628307
-229.34935 48.98217 59.497063
-229.24272 47.04386 62.104397
-229.4677 47.23478 62.238968
-229.24272 47.043816 62.104412
-229.35657 45.0832 65.04441
-229.1293 44.894325 64.891396
-228.7301 42.657845 68.054924
-227.75856 40.63227 71.622475
-226.2886 38.698784 75.14075
-223.96451 37.6027 79.14676
-221.54324 37.945595 83.705376
-221.35406 37.71821 83.59327
-219.82585 37.73455 87.69294
-219.63426 37.503777 87.584755
-219.82585 37.73455 87.69297
-219.63425 37.503777 87.584785
-218.31073 36.63392 91.64049
-217.45663 35.15792 96.06134
-217.28165 34.937355 95.912796
-216.38326 33.076897 100.59854
-216.20952 32.858818 100.43422
-215.20488 30.920784 105.265396
-215.0343 30.706184 105.095116
-213.79503 29.2156 109.84942
-212.45099 28.346855 114.72887
-211.10838 28.07148 119.7525
-209.89648 28.035362 124.72175
-209.89648 28.035347 124.72178
-208.65402 28.06295 129.77211
-207.36162 28.198921 135.02428
-206.08473 28.293953 140.34541
-204.834 28.194557 145.72562
-203.72153 28.18319 151.34093
-203.52547 27.967873 151.28056
-202.43718 28.007729 157.0224
-202.24162 27.79409 156.96756
-201.32056 28.007744 162.77829
-201.12582 27.798317 162.74036
-201.32056 28.007774 162.77835
-201.12582 27.798332 162.74042
-200.0885 28.095512 168.65924
-199.23003 28.721169 174.672
-199.03667 28.518364 174.665
-198.07988 29.146034 180.75127
-197.88945 28.946114 180.74171
-196.70349 29.203377 186.83585
-195.3576 29.427223 193.05495
-194.05284 29.325233 199.2362
-192.91814 28.627083 205.16557
-191.92827 27.950249 211.18645
-191.74054 27.747765 211.12964
-191.92827 27.950249 211.1865
-191.74052 27.747765 211.1297
-190.91635 26.922691 217.10945
-190.7249 26.71688 217.0471
-189.9591 25.660637 222.92628
-189.76294 25.451424 222.85933
-188.85823 24.236946 228.81491
-188.65892 24.023582 228.73967
-187.63304 22.42553 234.58961
-186.7533 20.698662 240.48216
-185.92383 18.849922 246.38306
-185.13397 16.991905 252.36226
-184.9165 16.761955 252.25601
-184.91649 16.761955 252.25606
-184.30244 14.783043 258.14517
-184.0782 14.549812 258.03543
-183.82315 12.656013 263.98428
-183.59363 12.418999 263.872
-183.18994 10.406075 269.88364
-182.95474 10.162575 269.7687
-182.47118 8.053413 275.65442
-182.22963 7.80497 275.5377
-181.69052 5.532646 281.23434
-181.51465 3.001213 286.5762
-181.70245 -0.027184 291.05124
-182.03867 -2.780693 294.86377
-182.03867 -2.780708 294.8638
-182.93976 -4.87925 298.21634
-182.63475 -5.126472 298.11826
-183.61005 -7.056404 301.14545
-302.62988 -15.891121 -237.86732
-302.55576 -15.908745 -237.7816
-301.38568 -11.322929 -236.25813
-300.4402 -7.732079 -234.69234
-300.51596 -7.68058 -234.77736
-300.44016 -7.732109 -234.6923
-300.5241 -4.337944 -232.75533
-300.4557 -4.394676 -232.66238
-301.3874 -0.958107 -230.30748
-302.61594 2.591133 -227.88165
-303.25888 3.833855 -223.69002
-303.715 5.041283 -218.77847
-303.59116 4.951881 -218.74629
-303.71808 6.859886 -214.0317
-303.59256 6.773872 -213.99811
-303.49692 8.045464 -209.38257
-303.37244 7.957787 -209.36548
-303.1438 8.577644 -204.84363
-303.323 9.027245 -200.53717
-303.93295 8.681557 -196.37195
-303.8024 8.587288 -196.36653
-304.05923 7.517235 -192.13858
-303.92508 7.421379 -192.16127
-303.41977 6.057091 -187.98732
-303.29108 5.961388 -188.04247
-302.90485 5.171974 -183.98691
-302.7729 5.073036 -184.02487
-303.13095 5.316063 -179.52477
-303.13092 5.316032 -179.52477
-303.30322 6.344948 -172.88779
-303.16953 6.245903 -172.86778
-301.7534 8.218864 -164.70026
-301.62048 8.124458 -164.70337
-301.62048 8.124474 -164.70338
-300.8131 11.176353 -155.74489
-300.68018 11.083244 -155.73155
-301.3527 13.86541 -147.39223
-301.3527 13.86541 -147.39226
-301.39008 15.792137 -141.178
-300.95102 17.503853 -135.85492
-300.80917 17.405113 -135.84004
-300.80917 17.405128 -135.84007
-300.287 19.010338 -130.7211
-299.3146 20.685799 -125.67605
-299.16675 20.583931 -125.67598
-299.16672 20.583916 -125.67598
-297.82892 22.29821 -120.57861
-297.67902 22.194832 -120.58894
-296.37146 24.10833 -115.61228
-296.21756 24.004753 -115.61938
-296.37146 24.10833 -115.61229
-296.21753 24.004723 -115.619385
-294.89465 26.19117 -111.02317
-294.73425 26.087395 -111.02726
-293.20355 28.205635 -106.55887
-293.36435 28.309196 -106.55319
-293.20355 28.20562 -106.558876
-291.53928 30.158348 -102.00275
-289.3997 31.929848 -97.28403
-287.39618 33.880806 -92.85784
-287.39618 33.880806 -92.85782
-285.47574 35.884148 -88.55473
-283.44806 37.642265 -84.374954
-281.1086 38.996162 -80.13301
-278.89453 40.4134 -75.81309
-279.07452 40.542732 -75.76294
-278.89453 40.413414 -75.81307
-276.8341 41.74996 -71.490746
-276.6535 41.617043 -71.54753
-274.48425 42.73681 -67.31607
-272.54968 44.12838 -63.009365
-272.3653 43.993904 -63.06219
-270.45056 45.136528 -58.752712
-270.63495 45.2705 -58.7062
-270.45056 45.136528 -58.752697
-268.93787 46.282692 -54.408604
-268.74982 46.147133 -54.449112
-267.37897 47.20025 -50.16237
-267.18878 47.06327 -50.200096
-266.06058 47.991295 -45.868156
-265.87167 47.855247 -45.898407
-264.58173 48.52909 -41.59084
-264.7724 48.667 -41.55962
-264.58173 48.52909 -41.590828
-263.1365 49.217873 -37.306694
-262.00934 50.019432 -32.963093
-261.81705 49.879723 -32.997406
-260.63574 50.430794 -28.720266
-260.83044 50.571632 -28.689816
-260.63574 50.430794 -28.720251
-259.63287 51.184135 -24.469696
-259.43665 51.041695 -24.501984
-258.4093 51.7875 -20.297192
-258.21274 51.643578 -20.333185
-257.23212 52.212868 -16.168718
-257.03528 52.06759 -16.207697
-256.11743 52.554924 -12.095512
-255.91864 52.407127 -12.136631
-255.91862 52.407112 -12.136614
-254.77904 52.84217 -8.090075
-254.58148 52.691658 -8.146084
-253.24316 53.08819 -4.156755
-253.04778 52.93641 -4.224891
-251.72264 53.26745 -0.291641
-251.52733 53.114845 -0.363105
-250.1742 53.34156 3.501119
-249.98013 53.18766 3.42271
-250.1742 53.34156 3.501133
-249.98012 53.18766 3.422724
-248.54005 53.39985 7.251627
-248.34799 53.245277 7.166748
-246.63722 53.359795 10.8815
-245.09041 53.67614 14.650622
-244.90065 53.52201 14.562149
-243.25653 53.6392 18.21367
-243.25652 53.6392 18.213684
-241.85255 53.889503 21.953976
-241.6617 53.73565 21.86925
-239.98672 53.91535 25.517149
-238.4587 54.091423 29.130186
-237.03741 54.282814 32.77987
-235.59233 54.751854 36.589966
-235.39932 54.59951 36.515244
-235.3993 54.59951 36.51527
-234.01306 54.92875 40.21837
-233.8208 54.776894 40.14026
-232.67882 54.761497 43.669662
-232.4857 54.61036 43.58823
-231.12839 54.365288 47.162064
-230.04169 53.746407 50.659615
-229.86534 52.458107 53.72181
-229.6445 52.299553 53.617943
-229.61171 50.776207 56.541157
-229.38368 50.62255 56.430325
-229.34937 48.982155 59.497063
-229.11023 48.82444 59.382908
-229.24272 47.043846 62.104397
-228.97974 46.88749 61.995235
-228.97974 46.887444 61.995247
-229.1293 44.89431 64.891396
-228.86234 44.739662 64.76529
-228.47757 42.500862 67.9084
-227.53401 40.46334 71.44936
-226.2886 38.698784 75.140755
-226.07892 38.523567 74.94783
-223.76682 37.42457 78.97368
-221.35406 37.71821 83.59328
-221.13469 37.53208 83.45908
-219.63426 37.503777 87.58475
-219.40967 37.314842 87.45871
-219.63425 37.503777 87.58478
-219.40965 37.314857 87.45873
-218.08942 36.446846 91.50577
-217.06723 34.756798 95.76048
-216.20952 32.858818 100.43423
-215.99435 32.680275 100.270134
-215.0343 30.7062 105.09512
-214.82178 30.530495 104.92622
-213.56967 29.033089 109.7075
-212.45099 28.34687 114.72887
-212.2218 28.163826 114.613365
-211.10838 28.071495 119.7525
-210.87141 27.88633 119.66425
-209.6543 27.84916 124.64915
-209.89648 28.035362 124.72178
-209.65428 27.84916 124.649185
-208.41466 27.880104 129.70633
-207.12282 28.017479 134.96423
-205.84651 28.112862 140.28458
-204.834 28.194542 145.72562
-204.59943 28.015877 145.66206
-203.29448 27.791603 151.21509
-202.24162 27.794106 156.96754
-202.01147 27.619179 156.90741
-200.89726 27.626823 162.69728
-200.89726 27.626823 162.69734
-199.86115 27.927559 168.63731
-198.81073 28.352348 174.6512
-197.66699 28.782448 180.72513
-196.70349 29.203377 186.83586
-196.48363 29.041069 186.81471
-195.3576 29.427223 193.05496
-195.14128 29.266945 193.02785
-193.83415 29.16259 199.20024
-192.69582 28.461433 205.11938
-191.74054 27.74778 211.12964
-191.51901 27.582008 211.0734
-191.74052 27.74778 211.12968
-191.519 27.582008 211.07346
-190.7249 26.71688 217.04709
-190.49887 26.548363 216.98645
-189.76294 25.451408 222.85933
-189.53128 25.280113 222.79616
-188.65892 24.023582 228.73965
-188.4231 23.848854 228.66847
-187.63304 22.42553 234.5896
-187.39198 22.247887 234.5127
-186.50597 20.517616 240.4018
-185.92383 18.849937 246.38306
-185.67017 18.664772 246.29568
-184.9165 16.76197 252.25601
-184.65804 16.573753 252.15825
-184.91649 16.761955 252.25607
-184.65802 16.573753 252.15831
-184.0782 14.549812 258.03546
-183.8121 14.358879 257.93634
-183.59363 12.418999 263.87204
-183.32146 12.224983 263.77148
-182.95474 10.16259 269.7687
-182.67574 9.96328 269.66556
-182.22963 7.80497 275.53772
-181.94336 7.60154 275.4337
-181.69052 5.532661 281.23434
-181.39973 5.327446 281.13214
-181.21397 2.79966 286.47455
-181.38716 -0.218025 290.9399
-182.03867 -2.780678 294.86377
-181.70914 -2.974724 294.76108
-181.70914 -2.974754 294.7611
-182.28879 -5.328926 298.05844
-183.61005 -7.056389 301.14548
-183.2494 -7.270119 301.1298
-302.46704 -15.924675 -237.70982
-301.29752 -11.358559 -236.189
-300.35178 -7.78112 -234.6214
-300.35175 -7.781151 -234.62137
-300.3725 -4.44442 -232.58025
-301.31247 -0.998894 -230.2031
-302.53165 2.553261 -227.76912
-303.13806 3.776024 -223.63864
-303.45258 4.885338 -218.71867
-303.4527 6.709831 -213.97292
-303.23404 7.892494 -209.3547
-303.00488 8.510002 -204.84113
-303.18256 8.958321 -200.52441
-303.65738 8.517097 -196.35728
-303.77563 7.350044 -192.17717
-303.1454 5.890114 -188.09195
-302.62415 4.999306 -184.05977
-302.97925 5.240578 -179.50993
-302.97922 5.240562 -179.50993
-303.0203 6.172112 -172.8505
-301.47412 8.054161 -164.7141
-301.47412 8.054161 -164.71413
-300.53326 11.013939 -155.72745
-301.20197 13.793633 -147.35701
-301.20197 13.793648 -147.35703
-301.23587 15.718758 -141.15675
-300.6522 17.331581 -135.83444
-300.6522 17.331581 -135.83447
-300.1281 18.936256 -130.71431
-299.00446 20.50808 -125.68731
-299.00446 20.508049 -125.68731
-297.51532 22.117836 -120.61176
-296.05 23.92762 -115.640366
-296.05 23.92762 -115.64038
-294.56073 26.01014 -111.04783
-293.0299 28.128502 -106.58145
-293.0299 28.128487 -106.58146
-291.36325 30.07827 -102.03176
-289.2196 31.844551 -97.332054
-287.21173 33.795555 -92.90371
-287.21173 33.795555 -92.90368
-285.28543 35.797417 -88.59948
-283.25394 37.551186 -84.429825
-280.9193 38.901085 -80.20541
-278.7004 40.317085 -75.88147
-278.7004 40.3171 -75.88145
-276.4582 41.518074 -71.621994
-274.28665 42.63636 -67.390816
-272.16562 43.89373 -63.13265
-270.25012 45.03675 -58.815678
-270.25012 45.03675 -58.815662
-268.54498 46.04621 -54.505703
-266.98126 46.961266 -50.253475
-265.6646 47.753883 -45.942627
-264.3725 48.426353 -41.63563
-264.3725 48.42637 -41.635616
-262.92654 49.11384 -37.359413
-261.60602 49.775734 -33.045544
-260.4219 50.32592 -28.764261
-260.4219 50.32592 -28.764246
-259.2211 50.9356 -24.54771
-257.99652 51.536385 -20.382101
-256.81845 51.959343 -16.25886
-255.69919 52.297066 -12.189049
-255.69919 52.297035 -12.189034
-254.3631 52.57955 -8.213451
-252.83171 52.82334 -4.304874
-251.31137 53.00123 -0.446624
-249.76517 53.07305 3.332484
-249.76517 53.07305 3.332497
-248.13492 53.13018 7.070166
-246.42456 53.243965 10.780561
-244.69011 53.40725 14.461766
-243.04575 53.525078 18.117123
-243.04575 53.525063 18.117136
-241.44913 53.621086 21.774624
-239.775 53.800972 25.421667
-238.24544 53.977943 29.043402
-236.82188 54.17025 32.70298
-235.18372 54.48603 36.433533
-235.18369 54.486015 36.43356
-233.6055 54.663795 40.05666
-232.26802 54.497826 43.506298
-230.90857 54.252007 47.079693
-229.81363 53.630363 50.57262
-229.3948 52.18142 53.526188
-229.12625 50.50808 56.338093
-228.84105 48.706993 59.289623
-228.68735 46.771034 61.91511
-228.68735 46.771004 61.915123
-228.56432 44.624428 64.67033
-228.1919 42.38395 67.78834
-227.27322 40.337532 71.291336
-225.83179 38.39309 74.76409
-223.53806 37.291878 78.7967
-220.89224 37.393456 83.30719
-219.15938 37.17414 87.318855
-219.15936 37.17414 87.318886
-217.83875 36.307518 91.364426
-216.82036 34.622353 95.609436
-215.74467 32.547325 100.11175
-214.57425 30.399666 104.76434
-213.3112 28.89721 109.56939
-211.962 28.027534 114.49777
-210.6058 27.74842 119.570786
-209.38393 27.710457 124.57009
-209.38393 27.710457 124.57013
-208.14746 27.743965 129.63481
-206.85664 27.882393 134.89764
-205.58092 27.978004 140.21744
-204.3373 27.882835 145.59439
-203.03603 27.660347 151.14651
-201.75423 27.4889 156.84383
-200.6423 27.499092 162.65045
-200.6423 27.499107 162.6505
-199.60815 27.802483 168.60995
-198.55951 28.228752 174.631
-197.41966 28.66056 180.70204
-196.23904 28.920113 186.78816
-194.90073 29.147545 192.99512
-193.59059 29.041481 199.16063
-192.4473 28.33805 205.07439
-191.27089 27.45855 211.01955
-191.27089 27.458565 211.01959
-190.24557 26.42289 216.92955
-189.27159 25.15255 222.73886
-188.15843 23.718788 228.60364
-187.12126 22.115593 234.44366
-186.22818 20.38279 240.33081
-185.38501 18.526863 246.21873
-184.36697 16.433617 252.07217
-184.36697 16.433617 252.07224
-183.51277 14.216682 257.8512
-183.01547 12.080528 263.68607
-182.362 9.814888 269.57755
-181.62167 7.450081 275.34586
-181.07338 5.174644 281.04712
-180.87831 2.649559 286.39575
-181.03795 -0.36013 290.86185
-181.34648 -3.119209 294.6955
-181.34648 -3.119225 294.69553
-181.91315 -5.479637 298.03897
-182.86209 -7.426933 301.1562
-302.4531 -20.389153 -239.35661
-302.36682 -15.938316 -237.65479
-301.19843 -11.392036 -236.13585
-300.25293 -7.826027 -234.56563
-300.25293 -7.826042 -234.5656
-300.2767 -4.485466 -232.51068
-301.22098 -1.026634 -230.10887
-302.4284 2.529671 -227.66747
-303.00427 3.740044 -223.59187
-303.3036 4.843925 -218.69644
-303.30286 6.669991 -213.95703
-303.086 7.85186 -209.35068
-302.85626 8.467934 -204.84262
-303.03198 8.915504 -200.514
-303.50235 8.473473 -196.34447
-303.6155 7.305641 -192.18565
-302.98715 5.845787 -188.134
-302.46313 4.953484 -184.09033
-302.81604 5.193657 -179.49544
-302.81604 5.193626 -179.49542
-302.8601 6.126244 -172.83656
-301.3188 8.010445 -164.73224
-301.3188 8.01046 -164.73227
-300.37708 10.970848 -155.7328
-301.03967 13.749031 -147.3298
-301.0397 13.749031 -147.32985
-301.07065 15.673149 -141.14406
-300.48502 17.285835 -135.83833
-300.48505 17.285835 -135.83836
-299.95898 18.890175 -130.71738
-298.83286 20.460884 -125.70979
-298.83286 20.460854 -125.709785
-297.3429 22.069954 -120.64648
-295.8739 23.879662 -115.67471
-295.87393 23.879677 -115.67472
-294.3795 25.96212 -111.08442
-292.84888 28.08059 -106.620384
-292.84888 28.080559 -106.620384
-291.17957 30.028465 -102.07673
-289.03226 31.79145 -97.39594
-287.02057 33.742516 -92.966965
-287.02054 33.7425 -92.96695
-285.08844 35.74343 -88.66274
-283.0528 37.49456 -84.503044
-280.72223 38.841957 -80.29375
-278.49823 40.257195 -75.96604
-278.49823 40.257195 -75.96602
-276.2542 41.456566 -71.71183
-274.0799 42.57392 -67.48057
-271.95694 43.831474 -63.21861
-270.03986 44.974678 -58.89324
-270.03986 44.974693 -58.893227
-268.32968 45.983437 -54.576702
-266.76282 46.897835 -50.320923
-265.44586 47.69085 -45.999493
-264.15125 48.362495 -41.692715
-264.1512 48.36251 -41.692696
-262.7048 49.04917 -37.42477
-261.3829 49.711082 -33.10603
-260.19565 50.26072 -28.8205
-260.19565 50.26072 -28.820484
-258.99286 50.869606 -24.605528
-257.76733 51.46969 -20.442492
-256.58832 51.892067 -16.320696
-255.46588 52.22866 -12.251221
-255.46587 52.22863 -12.251204
-254.13066 52.50988 -8.290137
-252.6017 52.75303 -4.394228
-251.08145 52.930534 -0.539592
-249.53601 53.001762 3.233237
-249.536 53.001762 3.23325
-247.90749 53.058586 6.96488
-246.19759 53.17193 10.670655
-244.46532 53.335823 14.352624
-242.82022 53.454063 18.013046
-242.82022 53.454063 18.01306
-241.22147 53.549828 21.67305
-239.54842 53.729866 25.31876
-238.01686 53.907417 28.950897
-236.5903 54.100212 32.622597
-234.95224 54.41546 36.34738
-234.95224 54.415474 36.34741
-233.3739 54.593513 39.970203
-232.03256 54.427864 43.426517
-230.67065 54.181557 47.000214
-229.56653 53.55822 50.490643
-229.12402 52.107964 53.449574
-228.84743 50.436882 56.267586
-228.55016 48.633965 59.220394
-228.37459 46.698647 61.866886
-228.37459 46.6986 61.866898
-228.24457 44.552803 64.60988
-227.88193 42.311256 67.69885
-226.98428 40.2593 71.15358
-225.55482 38.311943 74.59554
-223.28528 37.20939 78.621475
-220.63432 37.307243 83.142296
-218.89117 37.086647 87.169586
-218.89116 37.086662 87.16962
-217.56654 36.220894 91.22102
-216.54868 34.53872 95.46455
-215.46825 32.464653 99.96418
-214.29938 30.31829 104.61467
-213.0277 28.812721 109.43951
-211.67972 27.942772 114.38576
-210.31982 27.662636 119.47507
-209.09381 27.624199 124.48705
-209.0938 27.624184 124.48709
-207.86084 27.659325 129.55972
-206.5714 27.798409 134.82655
-205.29622 27.894127 140.14612
-204.05583 27.800102 145.5248
-202.75824 27.578728 151.07712
-201.47794 27.40792 156.77888
-200.36891 27.4197 162.60132
-200.36891 27.419716 162.60136
-199.33739 27.724693 168.57796
-198.29088 28.151878 174.60498
-197.15521 28.58477 180.67314
-195.97737 28.844902 186.75706
-194.64342 29.073296 192.95772
-193.32967 28.966164 199.1185
-192.18028 28.261345 205.03206
-191.00394 27.381798 210.96979
-191.00392 27.381798 210.96983
-189.97296 26.344872 216.87825
-188.99199 25.073235 222.68938
-187.8731 23.637932 228.54736
-186.82924 22.033379 234.38486
-185.92856 20.298973 240.27158
-185.07722 18.441109 246.15482
-184.05235 16.346458 252.00069
-184.05235 16.346474 252.00075
-183.18953 14.128258 257.78287
-182.68518 11.990669 263.61856
-182.0233 9.722633 269.50772
-181.2746 7.355919 275.27728
-180.7216 5.079628 280.98218
-180.51813 2.556252 286.34256
-180.66573 -0.448509 290.8198
-180.96202 -3.209038 294.66946
-180.96202 -3.209053 294.66946
-181.51962 -5.573341 298.06085
-182.46114 -7.521553 301.22366
-302.36682 -15.938316 -237.6548
-302.25842 -15.949211 -237.61838
-301.19843 -11.392036 -236.13586
-301.0912 -11.422356 -236.10025
-300.25293 -7.826012 -234.56564
-300.1461 -7.865486 -234.5263
-300.25293 -7.826042 -234.56563
-300.14606 -7.865517 -234.52628
-300.27673 -4.485451 -232.51068
-300.17084 -4.516502 -232.45544
-301.11572 -1.040459 -230.02762
-302.3095 2.521156 -227.57985
-303.00427 3.740044 -223.59186
-302.86182 3.727058 -223.55112
-303.3036 4.843941 -218.69643
-303.149 4.828972 -218.68039
-303.14777 6.655602 -213.95099
-302.93304 7.837212 -209.3536
-302.70264 8.452751 -204.8482
-302.8761 8.900032 -200.50635
-303.50235 8.473473 -196.34445
-303.34222 8.457726 -196.32849
-303.6155 7.305656 -192.18565
-303.44977 7.289604 -192.18657
-302.98718 5.845802 -188.134
-302.8214 5.829811 -188.16748
-302.29498 4.936943 -184.11578
-302.81604 5.193626 -179.49544
-302.6465 5.176674 -179.48175
-302.81604 5.193611 -179.49542
-302.6465 5.176659 -179.48175
-302.8601 6.126228 -172.83656
-302.6941 6.109657 -172.82642
-301.15942 7.994682 -164.75726
-301.15942 7.994698 -164.75731
-300.37704 10.970848 -155.73282
-300.21637 10.955299 -155.74753
-300.8709 13.732933 -147.31157
-300.8709 13.732933 -147.31158
-301.07062 15.673149 -141.14404
-300.8996 15.656685 -141.14032
-300.31293 17.269325 -135.85165
-300.48502 17.285835 -135.83835
-300.31293 17.269325 -135.85167
-299.78488 18.873543 -130.73021
-298.83286 20.460884 -125.709785
-298.65735 20.443825 -125.742714
-298.65735 20.44381 -125.742714
-297.34293 22.069954 -120.64647
-297.16724 22.052666 -120.69198
-295.87393 23.879662 -115.674706
-295.69498 23.862358 -115.72133
-295.69498 23.862358 -115.72134
-294.3795 25.962105 -111.08442
-294.1963 25.944786 -111.13585
-292.84888 28.080574 -106.620384
-292.6662 28.06327 -106.67446
-292.66617 28.063255 -106.67447
-290.99402 30.01049 -102.13626
-289.03226 31.79145 -97.395935
-288.8435 31.772316 -97.4737
-287.02057 33.742516 -92.96697
-286.82864 33.723396 -93.045654
-287.02054 33.7425 -92.96696
-286.82864 33.723396 -93.04564
-285.08844 35.74343 -88.662735
-284.89096 35.723976 -88.74256
-282.85095 37.474113 -84.59228
-280.72223 38.841972 -80.29375
-280.52365 38.820595 -80.39526
-278.49823 40.25721 -75.96604
-278.29437 40.235588 -76.06416
-278.49823 40.25721 -75.96602
-278.29437 40.235603 -76.06414
-276.2542 41.45655 -71.71183
-276.048 41.43435 -71.81423
-274.0799 42.57392 -67.480576
-273.87057 42.551384 -67.58254
-271.7458 43.809 -63.31741
-269.82648 44.95228 -58.982964
-269.82648 44.95228 -58.982944
-268.32968 45.983437 -54.576706
-268.11078 45.960762 -54.659836
-266.54037 46.874992 -50.400276
-265.22232 47.66816 -46.06718
-264.1512 48.36248 -41.692715
-263.92493 48.33944 -41.76026
-264.1512 48.362495 -41.692696
-263.9249 48.33944 -41.760246
-262.47824 49.025795 -37.500706
-261.15472 49.687737 -33.17701
-260.19565 50.26072 -28.820501
-259.96405 50.23719 -28.887255
-259.96405 50.23719 -28.887238
-258.7592 50.845787 -24.673616
-257.53247 51.445625 -20.512457
-256.3521 51.86779 -16.391272
-255.22601 52.20397 -12.32118
-255.46587 52.22863 -12.251205
-255.22601 52.203957 -12.321164
-254.13066 52.50988 -8.290136
-253.89146 52.48475 -8.373731
-252.60172 52.75303 -4.394228
-252.36502 52.727654 -4.490189
-251.08145 52.93055 -0.539593
-250.84486 52.90502 -0.639134
-249.536 53.001762 3.233236
-249.29982 52.97602 3.128073
-249.2998 52.97602 3.128087
-247.90749 53.05857 6.96488
-247.67284 53.032707 6.854194
-246.19757 53.17193 10.670655
-245.96344 53.145897 10.55522
-244.46532 53.335808 14.352624
-244.23338 53.31005 14.238157
-242.82022 53.45405 18.013046
-242.58705 53.428444 17.904705
-242.82022 53.45405 18.01306
-242.58704 53.428444 17.904718
-241.22147 53.549812 21.67305
-240.98589 53.5241 21.567675
-239.54842 53.72985 25.318758
-239.31415 53.70417 25.211658
-238.01688 53.907417 28.950897
-237.78015 53.88195 28.855608
-236.5903 54.100227 32.622597
-236.34996 54.07496 32.54124
-234.95224 54.41546 36.347378
-234.71219 54.390007 36.259495
-234.95224 54.415474 36.347404
-234.71217 54.390022 36.25952
-233.13327 54.56814 39.883602
-231.78671 54.40258 43.3514
-230.42209 54.156105 46.92613
-229.30817 53.532173 50.416225
-228.84068 52.081474 53.3905
-228.84744 50.436897 56.267586
-228.556 50.411217 56.220997
-228.55016 48.633965 59.220398
-228.24669 48.607613 59.177376
-228.37459 46.69863 61.86689
-228.05133 46.672493 61.852036
-228.37459 46.6986 61.8669
-228.05132 46.672462 61.85205
-227.91313 44.526924 64.58574
-227.55743 42.28498 67.64269
-226.67624 40.230995 71.040405
-225.25676 38.28263 74.44743
-223.28528 37.209404 78.621475
-223.01646 37.17962 78.45351
-220.63432 37.307243 83.1423
-220.36902 37.27613 82.96959
-218.89117 37.086662 87.169586
-218.61348 37.05506 87.0156
-218.89116 37.086678 87.16962
-218.61348 37.055077 87.01563
-217.56654 36.220894 91.221016
-217.28134 36.189613 91.08002
-216.54868 34.538704 95.46454
-216.26073 34.508522 95.33031
-215.46825 32.46467 99.96417
-215.1737 32.43479 99.83201
-214.29938 30.31829 104.61466
-214.00568 30.288902 104.481895
-212.728 28.782188 109.32196
-211.38374 27.912178 114.28082
-210.02234 27.631691 119.38011
-208.793 27.593086 124.402664
-209.0938 27.624214 124.48709
-208.79298 27.593071 124.402695
-207.86084 27.65934 129.55972
-207.56375 27.628792 129.48349
-206.5714 27.798424 134.82657
-206.27606 27.768074 134.75319
-205.00136 27.863838 140.07286
-204.05583 27.800102 145.52481
-203.76384 27.77021 145.45544
-202.75824 27.578728 151.07713
-202.4698 27.549232 151.0091
-201.19125 27.378654 156.71463
-200.08568 27.390999 162.55147
-200.08566 27.39103 162.55151
-199.33739 27.724709 168.57796
-199.05739 27.696617 168.54245
-198.29088 28.151894 174.60498
-198.01328 28.124107 174.57407
-196.88197 28.557396 180.63939
-195.70685 28.817741 186.72241
-194.3774 29.04647 192.91692
-193.32967 28.966164 199.11852
-193.0596 28.938942 199.07533
-191.90315 28.23365 204.99384
-190.72647 27.354118 210.92581
-190.72647 27.354103 210.92586
-189.68953 26.316704 216.83417
-188.70122 25.044579 222.64928
-187.8731 23.637932 228.54738
-187.57607 23.608727 228.50146
-186.82924 22.033379 234.38487
-186.52509 22.00367 234.3381
-185.92856 20.298973 240.27159
-185.61649 20.268684 240.22594
-184.75641 18.410133 246.10596
-184.05235 16.346458 252.00067
-183.72404 16.314995 251.94601
-184.05235 16.346474 252.00073
-183.72404 16.31498 251.94609
-182.85248 14.096321 257.73355
-182.68518 11.990669 263.6186
-182.34094 11.958199 263.57117
-182.0233 9.722633 269.50775
-181.67026 9.689262 269.4583
-180.91302 7.321892 275.23004
-180.7216 5.079628 280.9822
-180.35547 5.045296 280.9394
-180.51813 2.556252 286.3426
-180.14467 2.522545 286.31665
-180.66573 -0.448509 290.81982
-180.28218 -0.480431 290.8152
-180.96202 -3.209038 294.66943
-180.56783 -3.241463 294.6838
-180.56783 -3.241493 294.68387
-181.12057 -5.607216 298.12338
-182.05963 -7.551582 301.32974
-183.53159 -6.981148 304.90414
-302.2584 -15.949226 -237.61835
-302.14526 -15.957039 -237.60172
-301.0912 -11.422356 -236.10023
-300.97858 -11.448647 -236.0834
-300.1461 -7.865501 -234.52629
-300.03375 -7.898537 -234.50456
-300.14606 -7.865517 -234.52626
-300.03372 -7.898567 -234.50453
-300.17084 -4.516533 -232.45543
-300.0576 -4.536873 -232.41614
-301.1157 -1.040474 -230.0276
-300.9999 -1.040169 -229.96182
-302.3095 2.521141 -227.57983
-302.17883 2.527809 -227.50888
-302.7152 3.737282 -223.5177
-303.14896 4.828957 -218.68037
-302.9936 4.840706 -218.67093
-303.14777 6.655586 -213.95097
-302.99243 6.666862 -213.95483
-302.933 7.837181 -209.35358
-302.78 7.848717 -209.36319
-302.70264 8.452736 -204.84818
-302.54886 8.464668 -204.85753
-302.8761 8.900017 -200.50633
-302.7198 8.912163 -200.50156
-303.34222 8.45771 -196.32848
-303.1822 8.470055 -196.30986
-303.44974 7.289589 -192.18655
-303.2837 7.302147 -192.17984
-302.8214 5.829796 -188.16745
-302.65356 5.842339 -188.1913
-302.29498 4.936928 -184.11575
-302.1251 4.949944 -184.13522
-302.6465 5.176659 -179.48174
-302.47614 5.18998 -179.46924
-302.6465 5.176643 -179.48174
-302.4761 5.189964 -179.46924
-302.6941 6.109657 -172.8264
-302.52753 6.122673 -172.8203
-301.15942 7.994667 -164.75725
-301.00113 8.007072 -164.78825
-301.15942 7.994682 -164.7573
-301.00113 8.007088 -164.78827
-300.21637 10.955284 -155.7475
-300.05634 10.967506 -155.77094
-300.8709 13.732903 -147.31155
-300.70105 13.745567 -147.30275
-300.8709 13.732918 -147.31157
-300.70108 13.745583 -147.30276
-300.8996 15.656654 -141.1403
-300.7282 15.669594 -141.14557
-300.31293 17.26931 -135.85162
-300.1414 17.28228 -135.87384
-300.31293 17.26931 -135.85164
-299.78485 18.873528 -130.73018
-299.6114 18.886604 -130.75229
-298.65732 20.443825 -125.74271
-298.48346 20.457222 -125.784935
-298.65732 20.443794 -125.74271
-298.48346 20.457191 -125.784935
-297.1672 22.052666 -120.69196
-296.9938 22.066246 -120.74671
-295.69498 23.862343 -115.72132
-295.51883 23.875969 -115.7786
-295.69498 23.862343 -115.72133
-295.51883 23.875938 -115.7786
-294.1963 25.94474 -111.13583
-294.01694 25.958382 -111.2003
-292.66617 28.06327 -106.674446
-292.48758 28.07685 -106.74183
-292.66617 28.06324 -106.67445
-292.4876 28.07685 -106.74183
-290.99402 30.01049 -102.13625
-290.81244 30.02462 -102.20831
-288.8435 31.772285 -97.4737
-288.65936 31.787361 -97.56276
-286.8286 33.723366 -93.045654
-286.64206 33.73841 -93.13715
-286.8286 33.723366 -93.04564
-286.64206 33.73841 -93.13714
-284.89096 35.72396 -88.742546
-284.69925 35.739265 -88.83624
-282.85095 37.4741 -84.59228
-282.65485 37.490166 -84.69459
-280.52365 38.82058 -80.395256
-280.32983 38.837364 -80.50664
-278.29437 40.235558 -76.06415
-278.0953 40.252586 -76.17259
-278.29434 40.235573 -76.06413
-278.09528 40.252586 -76.172585
-276.04797 41.434334 -71.81423
-275.84613 41.451805 -71.92585
-273.87057 42.55137 -67.58254
-273.66534 42.5691 -67.69338
-271.7458 43.808952 -63.317406
-271.53888 43.826653 -63.42579
-269.82648 44.952263 -58.98296
-269.61673 44.969887 -59.0819
-269.82648 44.952263 -58.98294
-269.61673 44.969887 -59.081882
-267.89514 45.97857 -54.752396
-266.54037 46.874947 -50.400272
-266.32098 46.892982 -50.488956
-265.22232 47.66813 -46.067177
-265.00113 47.686043 -46.14347
-263.9249 48.33941 -41.760258
-263.70074 48.357567 -41.83602
-263.9249 48.339424 -41.760242
-263.7007 48.357567 -41.836006
-262.4782 49.025764 -37.500706
-262.25403 49.04412 -37.58473
-261.15472 49.68769 -33.17701
-260.92877 49.706047 -33.25613
-259.96405 50.23716 -28.887253
-259.7345 50.255623 -28.962292
-259.96405 50.237144 -28.887236
-259.7345 50.25564 -28.962276
-258.75916 50.84577 -24.673615
-258.5275 50.864494 -24.749743
-257.53247 51.445625 -20.512455
-257.29938 51.46456 -20.589676
-256.3521 51.86779 -16.391268
-256.11743 51.886894 -16.468237
-255.22601 52.203957 -12.321178
-254.98734 52.223366 -12.396606
-255.226 52.203926 -12.321162
-254.98734 52.22335 -12.396589
-253.89146 52.48472 -8.37373
-253.65324 52.50451 -8.461481
-252.36502 52.72764 -4.490188
-252.12926 52.747612 -4.58961
-250.84486 52.90499 -0.639134
-250.60916 52.925102 -0.74204
-249.2998 52.975975 3.128073
-249.0642 52.996254 3.020361
-249.2998 52.975975 3.128087
-249.0642 52.996254 3.020375
-247.67282 53.032677 6.854194
-247.43848 53.053017 6.741678
-245.96342 53.14588 10.555219
-245.7296 53.166344 10.437995
-244.23337 53.31002 14.238156
-244.0017 53.330315 14.122057
-242.58705 53.428413 17.904705
-242.35371 53.44857 17.795614
-242.58704 53.428413 17.904718
-242.3537 53.448555 17.795628
-240.98589 53.524086 21.567673
-240.74992 53.544304 21.461914
-239.31415 53.704155 25.211657
-239.07965 53.724327 25.103783
-237.78015 53.88192 28.855604
-237.54291 53.901924 28.76056
-236.34995 54.074944 32.541237
-236.10854 54.094795 32.461502
-234.47119 54.409996 36.17269
-234.71216 54.38999 36.259518
-234.47118 54.409996 36.172718
-233.13327 54.568123 39.8836
-232.89134 54.58805 39.799618
-231.78671 54.402565 43.351395
-231.53838 54.4224 43.28327
-230.42209 54.15609 46.92613
-230.17087 54.176064 46.85975
-229.30817 53.532143 50.41622
-229.04684 53.55262 50.35168
-228.84067 52.08143 53.390495
-228.55386 52.102303 53.350685
-228.556 50.411186 56.220993
-228.26129 50.43139 56.199608
-228.24669 48.607613 59.177372
-227.94038 48.62832 59.161728
-228.05133 46.672478 61.85203
-227.72794 46.693077 61.87075
-228.05132 46.672447 61.852043
-227.72794 46.693016 61.870766
-227.91313 44.52691 64.58574
-227.58064 44.547295 64.59839
-227.55743 42.284966 67.642685
-227.2288 42.30561 67.62139
-226.67624 40.23098 71.04039
-226.35907 40.25318 70.95518
-225.25676 38.282616 74.447426
-224.94725 38.305656 74.3243
-223.01646 37.179604 78.4535
-222.74026 37.202995 78.29805
-220.36902 37.276115 82.96958
-220.10478 37.300545 82.79459
-218.61348 37.05506 87.015594
-218.3352 37.079887 86.8618
-218.61348 37.05506 87.015625
-218.33519 37.079887 86.86184
-217.28134 36.189583 91.08001
-216.99228 36.21418 90.94585
-216.26071 34.508507 95.3303
-215.96573 34.53225 95.210884
-215.1737 32.43479 99.832
-214.87057 32.458244 99.71931
-214.00568 30.288902 104.48188
-213.7027 30.31202 104.37012
-212.728 28.782173 109.321945
-212.42175 28.806175 109.22037
-211.38374 27.912163 114.280815
-211.08365 27.936241 114.186264
-210.02234 27.631676 119.38011
-209.723 27.656029 119.28894
-208.793 27.593056 124.40266
-208.49118 27.617546 124.31958
-208.79298 27.593056 124.40269
-208.49118 27.617561 124.31962
-207.56375 27.628777 129.48347
-207.26566 27.652779 129.40851
-206.27606 27.768074 134.75317
-205.98006 27.791893 134.67989
-205.00136 27.863838 140.07285
-204.70576 27.887611 139.99995
-203.76384 27.770195 145.45544
-203.47066 27.793648 145.3885
-202.4698 27.549217 151.00908
-202.17993 27.57238 150.94449
-201.19125 27.378654 156.71461
-200.90335 27.401634 156.65305
-200.08568 27.390999 162.55145
-199.80168 27.413536 162.50243
-200.08566 27.39103 162.5515
-199.80168 27.413536 162.50249
-199.05739 27.696602 168.54243
-198.7771 27.718666 168.50449
-198.01328 28.124092 174.57404
-197.73561 28.145897 174.53917
-196.88197 28.55738 180.63937
-196.60869 28.57888 180.60185
-195.70685 28.817726 186.7224
-195.43608 28.839043 186.68529
-194.3774 29.04644 192.91689
-194.11119 29.067513 192.87396
-193.0596 28.938927 199.07532
-192.78905 28.960304 199.03244
-191.90315 28.23362 204.99382
-191.62485 28.255394 204.96075
-190.72647 27.354088 210.92578
-190.44743 27.375877 210.88884
-190.72647 27.354088 210.92583
-190.44743 27.375877 210.88889
-189.68953 26.316673 216.83414
-189.40439 26.338814 216.79863
-188.70122 25.044579 222.64926
-188.40862 25.067085 222.6197
-187.57607 23.608727 228.50145
-187.27692 23.631691 228.46716
-186.5251 22.00367 234.33809
-186.21863 22.027016 234.30467
-185.61649 20.26867 240.22592
-185.30203 20.292473 240.19519
-184.75641 18.410118 246.10593
-184.4329 18.434471 246.07352
-183.72404 16.314995 251.94598
-183.39262 16.339745 251.90976
-183.72404 16.31498 251.94606
-183.39261 16.33973 251.9098
-182.85248 14.096321 257.73352
-182.51248 14.121437 257.70453
-181.99382 11.983696 263.54517
-181.67027 9.689247 269.45828
-181.31422 9.715446 269.4306
-180.91302 7.321877 275.22998
-180.54857 7.348595 275.20538
-180.35547 5.04528 280.9394
-179.98674 5.072243 280.91983
-180.14467 2.522545 286.31662
-179.76997 2.549004 286.3185
-180.28218 -0.480431 290.81516
-179.89957 -0.45533 290.8477
-180.56783 -3.241493 294.68378
-180.1765 -3.215981 294.73773
-180.56783 -3.241508 294.68387
-180.1765 -3.215996 294.73776
-180.72873 -5.58062 298.2242
-181.67061 -7.517006 301.47028
-302.03088 -15.961617 -237.60527
-300.86374 -11.470253 -236.08629
-299.91852 -7.924507 -234.5016
-299.91852 -7.924522 -234.50157
-299.93988 -4.546196 -232.39435
-300.8771 -1.025658 -229.91377
-302.0405 2.549568 -227.45703
-302.56915 3.770515 -223.49272
-302.84253 4.87896 -218.66843
-302.8418 6.703651 -213.96855
-302.63184 7.886223 -209.37923
-302.3999 8.503517 -204.87039
-302.56818 8.951744 -200.49986
-303.0273 8.510384 -196.28918
-303.1227 7.343178 -192.16568
-302.48892 5.883278 -188.20462
-301.95895 4.992271 -184.14803
-302.31033 5.23336 -179.45836
-302.31033 5.23333 -179.45834
-302.36578 6.165062 -172.81844
-300.849 8.047462 -164.82426
-300.849 8.047478 -164.8243
-299.90225 11.007347 -155.80243
-300.53568 13.786797 -147.3037
-300.53568 13.786797 -147.30373
-300.56198 15.711739 -141.1597
-299.97598 17.324532 -135.90427
-299.97598 17.324547 -135.90428
-299.44415 18.929176 -130.78302
-298.3169 20.500801 -125.83517
-298.3169 20.500786 -125.83517
-296.8283 22.110497 -120.80901
-295.3512 23.920296 -115.84481
-295.3512 23.92028 -115.84481
-293.84726 26.0028 -111.27588
-292.3189 28.121193 -106.820404
-292.3189 28.121162 -106.820404
-290.64078 30.07064 -102.29066
-288.48578 31.836388 -97.6603
-286.46692 33.787407 -93.23862
-286.46692 33.787407 -93.238594
-284.51956 35.7891 -88.94087
-282.47083 37.54252 -84.80674
-280.14713 38.89202 -80.62431
-277.9075 40.30793 -76.287926
-277.90747 40.307945 -76.28791
-275.65518 41.50866 -72.04315
-273.47076 42.62684 -67.80959
-271.34296 43.884224 -63.54031
-269.4174 45.02726 -59.18691
-269.4174 45.02726 -59.186893
-267.68985 46.036568 -54.851482
-266.11182 46.951576 -50.584213
-264.78943 47.744225 -46.225986
-263.48593 48.416588 -41.917656
-263.48593 48.416588 -41.91764
-262.03946 49.10392 -37.67417
-260.71228 49.765816 -33.340855
-259.51443 50.31591 -29.043247
-259.51443 50.31591 -29.043232
-258.30527 50.9255 -24.831497
-257.0756 51.526176 -20.671732
-255.89188 51.94906 -16.549183
-254.75754 52.2866 -12.475156
-254.75754 52.286583 -12.47514
-253.42366 52.5689 -8.55062
-251.902 52.8126 -4.689316
-250.38193 52.99041 -0.844994
-248.83676 53.06214 2.91356
-248.83676 53.06214 2.913574
-247.21199 53.119194 6.630933
-245.50363 53.232933 10.322733
-243.77773 53.396263 14.008039
-242.12772 53.514137 17.689272
-242.12772 53.514137 17.689285
-240.52118 53.610115 21.359188
-238.85252 53.790047 24.998615
-237.31277 53.967155 28.668804
-235.87384 54.159508 32.385963
-234.23706 54.475212 36.089783
-234.23705 54.475212 36.08981
-232.65591 54.653038 39.720974
-231.29556 54.48707 43.224392
-229.9251 54.241173 46.80328
-228.79097 53.619286 50.299194
-228.27281 52.170174 53.331566
-227.9728 50.4972 56.20428
-227.6411 48.69581 59.17415
-227.41483 46.759987 61.922688
-227.41483 46.759956 61.9227
-227.25781 44.613487 64.647705
-226.90662 42.372795 67.63591
-226.04292 40.32554 70.900925
-224.6362 38.38064 74.23035
-222.46558 37.279243 78.16025
-219.8502 37.380226 82.622986
-218.06529 37.16073 86.71317
-218.06529 37.160744 86.7132
-216.70868 36.294243 90.82294
-215.67322 34.609505 95.110275
-214.56859 32.53466 99.62988
-213.40022 30.387184 104.283104
-212.11887 28.884285 109.138115
-210.78906 28.014595 114.1052
-209.43147 27.735283 119.20451
-208.19809 27.697243 124.24052
-208.19807 27.697243 124.24056
-206.97621 27.731026 129.33723
-205.69295 27.869545 134.609
-204.41899 27.965126 139.92978
-203.18576 27.87014 145.32616
-201.898 27.64782 150.88548
-200.62352 27.47654 156.59619
-199.52605 27.486961 162.45584
-199.52603 27.486977 162.45589
-198.50557 27.79058 168.46527
-197.4668 28.216942 174.50145
-196.34416 28.648918 180.56174
-195.17386 28.908546 186.64691
-193.85341 29.136147 192.83026
-192.52675 29.029945 198.99121
-191.3543 28.326332 204.93399
-190.17581 27.446815 210.86017
-190.1758 27.446846 210.86023
-189.12671 26.410957 216.77284
-188.12366 25.140404 222.60173
-186.98526 23.706444 228.44576
-185.91968 22.10305 234.28586
-184.99529 20.369957 240.1805
-184.11714 18.513725 246.05875
-183.0687 16.420265 251.89317
-183.0687 16.42028 251.89325
-182.1805 14.203148 257.697
-181.655 12.066734 263.54163
-180.96666 9.800728 269.4257
-180.19298 7.435661 275.2043
-179.6273 5.160072 280.92435
-179.40611 2.635262 286.34836
-179.53026 -0.37365 290.9166
-179.80069 -3.132942 294.82974
-179.80069 -3.132973 294.82977
-180.35675 -5.494011 298.36038
-181.3066 -7.419289 301.6406
-301.91904 -15.962852 -237.62877
-300.74982 -11.486717 -236.1092
-299.80334 -7.943062 -234.51807
-299.8033 -7.943077 -234.51804
-299.82086 -4.544533 -232.39114
-300.75095 -0.997459 -229.88509
-301.8988 2.585808 -227.42595
-302.42822 3.825859 -223.47699
-302.70044 4.942635 -218.67302
-302.7006 6.764931 -213.99171
-302.4932 7.948692 -209.40129
-302.2605 8.568214 -204.88643
-302.42596 9.017632 -200.50131
-302.88245 8.577538 -196.2671
-302.9718 7.411446 -192.14449
-302.33264 5.951424 -188.20705
-301.80176 5.062752 -184.15378
-302.15436 5.305504 -179.44943
-302.15436 5.305489 -179.44943
-302.21393 6.235588 -172.82097
-300.7078 8.114662 -164.8642
-300.7078 8.114662 -164.86424
-299.7588 11.073616 -155.84102
-300.37988 13.855461 -147.3144
-300.37988 13.855461 -147.31444
-300.40622 15.781929 -141.1823
-299.8219 17.394844 -135.942
-299.8219 17.39486 -135.94203
-299.28833 19.000038 -130.82144
-298.16287 20.573372 -125.89188
-298.16287 20.573357 -125.89188
-296.676 22.18412 -120.87696
-295.19733 23.994057 -115.91789
-295.19733 23.994026 -115.9179
-293.6926 26.076683 -111.36022
-292.16547 28.194954 -106.90777
-292.16547 28.194939 -106.90777
-290.48444 30.14721 -102.38077
-288.3283 31.917976 -97.76331
-286.30872 33.868965 -93.34686
-286.30872 33.86895 -93.34685
-284.35757 35.872093 -89.053154
-282.30475 37.629616 -84.92522
-279.98126 38.98295 -80.74461
-277.73685 40.400017 -76.406555
-277.73685 40.400032 -76.40654
-275.4811 41.603325 -72.16247
-273.29306 42.722923 -67.92754
-271.16418 43.980003 -63.65742
-269.2348 45.12269 -59.294716
-269.2348 45.12269 -59.2947
-267.50137 46.13311 -54.953964
-265.91943 47.04908 -50.68302
-264.59387 47.84115 -46.312134
-263.2873 48.51481 -42.002636
-263.2873 48.514824 -42.00262
-261.84125 49.203423 -37.766273
-260.51215 49.86532 -33.42859
-259.3108 50.41622 -29.127625
-259.3108 50.41622 -29.127611
-258.09955 51.026924 -24.91632
-256.86816 51.628654 -20.756063
-255.68248 52.052513 -16.631605
-254.54381 52.391838 -12.554374
-254.5438 52.391808 -12.554358
-253.20987 52.67611 -8.638382
-251.69034 52.920708 -4.786221
-250.17038 53.099052 -0.944758
-248.6247 53.171715 2.811061
-248.6247 53.171715 2.811074
-247.00052 53.229286 6.525434
-245.29266 53.343697 10.213017
-243.56854 53.506035 13.899645
-241.91617 53.6233 17.58896
-241.91617 53.623283 17.588974
-240.30687 53.719673 21.262667
-238.63991 53.899437 24.899452
-237.09698 54.07566 28.583231
-235.65324 54.267174 32.317
-234.0172 54.583733 36.01338
-234.01718 54.583733 36.013405
-232.43436 54.761192 39.650154
-231.06586 54.594673 43.176624
-229.69247 54.34954 46.758503
-228.54857 53.730247 50.260433
-228.00635 52.283104 53.333797
-227.69955 50.60665 56.234974
-227.35825 48.80813 59.214348
-227.12186 46.87133 62.006348
-227.12186 46.8713 62.00636
-226.95474 44.723625 64.732285
-226.60098 42.484596 67.685844
-225.73769 40.44584 70.87941
-224.33333 38.50544 74.1686
-222.201 37.40612 78.04447
-219.61328 37.51281 82.46015
-217.8123 37.295296 86.57437
-217.81229 37.295296 86.57441
-216.43945 36.427437 90.71516
-215.39235 34.73809 95.031685
-214.2772 32.661797 99.56662
-213.10765 30.512291 104.223656
-211.82878 29.014229 109.07784
-210.50925 28.14495 114.0402
-209.15685 27.867165 119.12948
-207.92288 27.829857 124.16797
-207.92288 27.829857 124.16801
-206.70453 27.861229 129.27194
-205.42378 27.998756 134.54286
-204.15005 28.094109 139.8646
-202.91815 27.997383 145.2704
-201.63292 27.773338 150.8339
-200.36058 27.601097 156.54584
-199.26744 27.609108 162.4132
-199.26744 27.609108 162.41324
-198.2513 27.910194 168.42612
-197.21529 28.335167 174.46205
-196.0967 28.76548 180.5203
-194.9284 29.024147 186.60846
-193.61221 29.250282 192.78716
-192.28093 29.145775 198.95293
-191.09999 28.444313 204.9144
-189.92012 27.564873 210.84074
-189.92012 27.564873 210.84079
-188.86526 26.530937 216.75766
-187.85522 25.262383 222.5959
-186.71024 23.830818 228.43793
-185.63765 22.22953 234.28226
-184.70592 20.498863 240.18233
-183.819 18.645592 246.06204
-182.76247 16.554298 251.89693
-182.76247 16.554314 251.89699
-181.86691 14.339119 257.71118
-181.33511 12.204887 263.56067
-180.6385 9.942604 269.44385
-179.85742 7.580467 275.22702
-179.28845 5.30616 280.95288
-179.06451 2.778786 286.40536
-179.18587 -0.237785 291.0199
-179.45222 -2.994789 294.95715
-179.45224 -2.99482 294.95718
-180.0164 -5.349846 298.52774
-180.97876 -7.26194 301.8352
-301.919 -15.962883 -237.62874
-301.8131 -15.960686 -237.67154
-300.74982 -11.486732 -236.10919
-300.64026 -11.497597 -236.15189
-299.8033 -7.943077 -234.51805
-299.69144 -7.953758 -234.55394
-299.8033 -7.943092 -234.51802
-299.69144 -7.953773 -234.55391
-299.82086 -4.544548 -232.39113
-299.70398 -4.532112 -232.40688
-300.75092 -0.997475 -229.88507
-300.62534 -0.956627 -229.87659
-301.89877 2.585793 -227.42593
-301.75818 2.635231 -227.41647
-302.42822 3.825844 -223.47697
-302.29678 3.901344 -223.47093
-302.70044 4.942619 -218.67299
-302.57172 5.029472 -218.68445
-302.70056 6.764915 -213.99168
-302.57315 6.848518 -214.02353
-302.4932 7.948677 -209.40126
-302.36838 8.033913 -209.42856
-302.2605 8.568184 -204.8864
-302.1349 8.656456 -204.90506
-302.42596 9.017616 -200.50131
-302.29755 9.107552 -200.50589
-302.88245 8.577522 -196.26709
-302.7521 8.669167 -196.24432
-302.9718 7.41143 -192.14447
-302.83563 7.504631 -192.11705
-302.33264 5.951408 -188.20703
-302.1896 6.044487 -188.19853
-301.80173 5.062737 -184.15376
-301.65836 5.158958 -184.15234
-302.15436 5.305489 -179.44942
-302.013 5.403999 -179.44275
-302.15436 5.305473 -179.44942
-302.2139 6.235573 -172.82094
-302.07663 6.331856 -172.82774
-300.70776 8.114662 -164.8642
-300.58185 8.206383 -164.90678
-300.7078 8.114662 -164.86423
-300.58188 8.206398 -164.90683
-299.63043 11.16407 -155.88547
-300.37985 13.855446 -147.3144
-300.23843 13.949089 -147.33452
-300.37985 13.855446 -147.31442
-300.23843 13.949089 -147.33453
-300.4062 15.781914 -141.18228
-300.2656 15.877678 -141.21262
-299.82187 17.394829 -135.94199
-299.6838 17.490822 -135.98581
-299.82187 17.394844 -135.94202
-299.6838 17.490837 -135.98582
-299.28833 19.000023 -130.82143
-299.14874 19.096733 -130.86627
-298.16284 20.573357 -125.89187
-298.02606 20.67234 -125.95323
-298.16284 20.573326 -125.89187
-298.02606 20.672325 -125.95323
-296.676 22.18409 -120.876945
-296.54144 22.284569 -120.94834
-295.19733 23.994041 -115.917885
-295.06195 24.094658 -115.99549
-295.19733 23.99401 -115.91789
-293.6926 26.076668 -111.36022
-293.55765 26.177483 -111.45062
-292.16547 28.194923 -106.90775
-292.03195 28.29557 -107.001114
-292.16547 28.194908 -106.90777
-292.03195 28.295555 -107.001114
-290.48444 30.147179 -102.38075
-290.3482 30.25167 -102.47574
-288.3283 31.917976 -97.763306
-288.19168 32.02932 -97.86849
-286.1723 33.9802 -93.45845
-286.30872 33.86895 -93.346825
-286.17227 33.980186 -93.45843
-284.35757 35.872078 -89.05315
-284.21814 35.985313 -89.169586
-282.30475 37.629585 -84.92522
-282.1616 37.74845 -85.04636
-279.98126 38.982918 -80.744606
-279.83728 39.107002 -80.863785
-277.73685 40.399986 -76.40654
-277.5886 40.525703 -76.524765
-277.73685 40.400017 -76.406525
-277.5886 40.525703 -76.52474
-275.4811 41.60328 -72.16245
-275.32922 41.73246 -72.28008
-273.29306 42.722878 -67.927536
-273.13763 42.85395 -68.04352
-271.16418 43.97999 -63.657413
-271.00803 44.11065 -63.773426
-269.2348 45.122673 -59.294716
-269.0745 45.25286 -59.401962
-269.2348 45.122658 -59.294697
-269.07446 45.25286 -59.401943
-267.50137 46.133095 -54.95396
-267.3354 46.26484 -55.056656
-265.91943 47.04905 -50.68301
-265.74963 47.182198 -50.782253
-264.59387 47.841103 -46.312126
-264.4204 47.973366 -46.399216
-263.28726 48.514793 -42.002632
-263.11084 48.648857 -42.08825
-263.28726 48.514793 -42.002617
-263.11084 48.648857 -42.088234
-261.84125 49.203392 -37.76627
-261.6655 49.339165 -37.85813
-260.51215 49.865303 -33.42859
-260.33447 50.00106 -33.516556
-259.3108 50.416206 -29.127623
-259.12982 50.553062 -29.21273
-259.3108 50.416206 -29.127607
-259.12982 50.553062 -29.212715
-258.09955 51.02691 -24.916317
-257.91663 51.16532 -25.001532
-256.86816 51.628624 -20.756062
-256.6835 51.7685 -20.839985
-255.68246 52.052483 -16.631605
-255.49568 52.19364 -16.712872
-254.5438 52.391808 -12.554374
-254.3527 52.535423 -12.631729
-254.5438 52.391792 -12.554358
-254.35269 52.535393 -12.631713
-253.20987 52.676094 -8.638381
-253.0185 52.82238 -8.721988
-251.69034 52.920692 -4.786221
-251.50085 53.06823 -4.87728
-250.17036 53.099037 -0.944758
-249.98093 53.247353 -1.03824
-248.6247 53.1717 2.81106
-248.43442 53.321266 2.716033
-248.62468 53.1717 2.811074
-248.43442 53.32128 2.716047
-247.0005 53.22927 6.525432
-246.8105 53.379463 6.428457
-245.29266 53.343666 10.213017
-245.10312 53.49485 10.112269
-243.56854 53.50602 13.899642
-243.38052 53.65583 13.800258
-241.91617 53.623283 17.588959
-241.72556 53.772255 17.497803
-241.91617 53.62327 17.588972
-241.72556 53.772255 17.497814
-240.30685 53.719658 21.262665
-240.11356 53.869225 21.175362
-238.63991 53.899406 24.899448
-238.44833 54.0487 24.809345
-237.09698 54.075645 28.583227
-236.90216 54.223732 28.506447
-235.65324 54.26716 32.317
-235.45352 54.4141 32.256718
-234.01718 54.583702 36.01338
-233.81827 54.731773 35.94581
-234.01718 54.583702 36.013405
-233.81827 54.731773 35.945835
-232.43436 54.761192 39.650146
-232.23347 54.90876 39.5893
-231.06586 54.594673 43.176617
-230.85634 54.74151 43.141373
-229.69247 54.349525 46.7585
-229.48013 54.497322 46.72671
-228.54857 53.730232 50.260426
-228.32709 53.881645 50.23646
-228.00635 52.283073 53.333794
-227.76265 52.437202 53.35714
-227.69955 50.60662 56.23497
-227.45001 50.755974 56.29051
-227.35825 48.808113 59.214344
-227.10056 48.961388 59.280823
-227.12186 46.8713 62.006336
-226.858 47.023262 62.118824
-227.12184 46.871254 62.006355
-226.858 47.023216 62.118835
-226.95474 44.723625 64.73228
-226.68079 44.873924 64.84917
-226.60097 42.484566 67.685844
-226.32133 42.63717 67.7694
-225.73767 40.44584 70.8794
-225.45277 40.610054 70.89102
-224.33331 38.50541 74.168594
-224.04799 38.675697 74.1407
-222.201 37.406105 78.04447
-221.9547 37.5792 77.95412
-219.61328 37.51278 82.46014
-219.40123 37.693672 82.311066
-217.81229 37.295265 86.57436
-217.58392 37.47889 86.449684
-217.81229 37.295265 86.574394
-217.58392 37.478905 86.449715
-216.19287 36.60926 90.62573
-215.13182 34.91358 94.97739
-214.2772 32.66178 99.56661
-214.00546 32.835274 99.53128
-213.10765 30.512276 104.22365
-212.83401 30.683006 104.19338
-211.82878 29.014214 109.077835
-211.56044 29.191536 109.04126
-210.25282 28.322762 113.993195
-209.15685 27.867134 119.12946
-208.90764 28.047096 119.06609
-207.92288 27.829842 124.16796
-207.6741 28.010841 124.10413
-207.92288 27.829842 124.168
-207.6741 28.010826 124.104164
-206.70453 27.861198 129.27194
-206.45898 28.038857 129.2146
-205.42378 27.998726 134.54285
-205.18079 28.174995 134.48344
-204.15005 28.094078 139.86458
-203.90721 28.270058 139.80635
-202.91815 27.997368 145.27037
-202.67598 28.171013 145.22292
-201.39276 27.944633 150.79135
-200.36058 27.601082 156.54582
-200.12259 27.77105 156.5035
-199.26744 27.609108 162.41318
-199.03386 27.775719 162.37573
-199.26744 27.609108 162.41322
-199.03386 27.775734 162.37578
-198.2513 27.910194 168.4261
-198.02213 28.073387 168.38815
-197.21529 28.335152 174.46202
-196.98878 28.496483 174.42223
-196.0967 28.765465 180.52025
-195.8739 28.924522 180.47876
-194.9284 29.024132 186.60843
-194.70724 29.181923 186.57106
-193.61221 29.250267 192.78714
-193.39491 29.40606 192.746
-192.28093 29.14576 198.95291
-192.05917 29.303795 198.91882
-191.09999 28.444298 204.91437
-190.86978 28.605263 204.90253
-189.92012 27.564857 210.84073
-189.68828 27.725945 210.83109
-189.92012 27.564857 210.84077
-189.68828 27.725945 210.83113
-188.86526 26.530907 216.75764
-188.62805 26.694695 216.7535
-187.85522 25.262352 222.59589
-187.61159 25.42884 222.60234
-186.71024 23.830803 228.43791
-186.46033 24.000542 228.44383
-185.63765 22.22953 234.28224
-185.38126 22.402138 234.2939
-184.70592 20.498863 240.18231
-184.44283 20.674767 240.2005
-183.819 18.645592 246.06203
-183.54773 18.825554 246.08324
-182.76248 16.554298 251.89691
-182.4834 16.73719 251.92067
-182.76247 16.554283 251.89697
-182.48338 16.737175 251.92073
-181.86691 14.339104 257.71118
-181.58138 14.52462 257.74652
-181.33511 12.204872 263.56064
-181.04402 12.39341 263.6015
-180.6385 9.942589 269.4438
-180.33981 10.136269 269.4842
-179.85742 7.580452 275.227
-179.5522 7.778114 275.27252
-179.28845 5.30616 280.95282
-178.98055 5.505577 281.0043
-179.06451 2.77874 286.40533
-178.75562 2.974602 286.4875
-179.18587 -0.237801 291.01987
-178.87692 -0.052361 291.15396
-179.45222 -2.99482 294.95712
-179.14177 -2.806282 295.11557
-179.45224 -2.994835 294.95715
-179.14177 -2.806297 295.11557
-180.0164 -5.349876 298.52774
-179.71802 -5.15316 298.72076
-180.97876 -7.261955 301.83517
-180.69676 -7.050804 302.0476
-183.5316 -6.981148 304.90414
-301.81308 -15.960701 -237.67151
-301.70627 -15.954277 -237.74095
-300.64026 -11.497612 -236.15187
-300.52792 -11.502357 -236.22214
-299.69144 -7.953773 -234.55392
-299.57544 -7.955574 -234.61655
-299.6914 -7.953804 -234.55391
-299.57544 -7.955589 -234.61652
-299.70395 -4.532143 -232.40686
-299.58118 -4.505577 -232.44713
-300.62534 -0.956642 -229.87657
-300.49118 -0.897316 -229.89223
-301.75818 2.635231 -227.41646
-301.60852 2.704445 -227.43271
-302.29678 3.901329 -223.4709
-302.16724 4.007042 -223.47621
-302.57172 5.029457 -218.68442
-302.44983 5.151146 -218.70506
-302.57315 6.848503 -214.02353
-302.4532 6.965614 -214.06831
-302.36835 8.033882 -209.42856
-302.25116 8.153221 -209.46426
-302.1349 8.656441 -204.90504
-302.01685 8.780037 -204.92822
-302.29755 9.107536 -200.50587
-302.17645 9.233467 -200.51453
-302.7521 8.669151 -196.24431
-302.62982 8.797447 -196.21898
-302.83563 7.504601 -192.11703
-302.70734 7.635094 -192.07983
-302.1896 6.044456 -188.19853
-302.05206 6.174751 -188.17604
-301.65833 5.158958 -184.15233
-301.52112 5.293648 -184.14197
-302.013 5.403999 -179.44273
-301.87897 5.541985 -179.43823
-302.01297 5.403999 -179.44272
-301.87897 5.541954 -179.43823
-302.0766 6.331841 -172.82771
-301.94696 6.466728 -172.84013
-300.58185 8.206367 -164.90678
-300.46527 8.334892 -164.95572
-300.58185 8.206398 -164.90681
-300.4653 8.334908 -164.95575
-299.63043 11.16407 -155.88545
-299.51105 11.290779 -155.94028
-300.2384 13.949074 -147.33452
-300.1041 14.080254 -147.36754
-300.2384 13.949074 -147.33453
-300.1041 14.080254 -147.36755
-300.2656 15.877647 -141.2126
-300.13315 16.011772 -141.25455
-299.6838 17.490791 -135.98581
-299.5551 17.625252 -136.04024
-299.5551 17.625267 -136.04027
-299.1487 19.096703 -130.86627
-299.01868 19.2322 -130.92229
-298.02603 20.67231 -125.953224
-297.90018 20.811012 -126.02482
-298.02603 20.672295 -125.953224
-297.90018 20.810997 -126.02482
-296.5414 22.284538 -120.94833
-296.41864 22.425285 -121.02926
-295.06195 24.094643 -115.99548
-294.93915 24.23565 -116.08441
-295.06195 24.094643 -115.99549
-293.55765 26.177467 -111.45061
-293.43683 26.318703 -111.5551
-292.03195 28.29557 -107.0011
-291.91284 28.436546 -107.108635
-292.03195 28.295555 -107.00111
-291.91284 28.436531 -107.108635
-290.34818 30.25167 -102.47572
-290.22632 30.398064 -102.58368
-288.19168 32.02932 -97.868484
-288.07037 32.18531 -97.98417
-286.17227 33.980186 -93.458435
-286.0523 34.136055 -93.58241
-286.17227 33.98017 -93.45842
-286.05228 34.136055 -93.5824
-284.21814 35.985313 -89.16958
-284.096 36.143898 -89.2997
-282.1616 37.748436 -85.04635
-282.0359 37.91494 -85.17969
-279.7093 39.28086 -80.99043
-277.5886 40.525703 -76.52476
-277.45663 40.70179 -76.6512
-277.5886 40.52569 -76.52474
-277.45663 40.70179 -76.651184
-275.32922 41.732475 -72.280075
-275.19327 41.9134 -72.4043
-273.13763 42.853935 -68.04351
-272.99786 43.03756 -68.16572
-271.00803 44.110634 -63.77342
-270.86786 44.293694 -63.896698
-269.07446 45.25283 -59.401955
-268.92947 45.435234 -59.516426
-269.07446 45.25283 -59.40194
-268.92944 45.435234 -59.516407
-267.3354 46.264824 -55.056652
-267.18466 46.449333 -55.167175
-265.74963 47.182182 -50.782246
-265.59497 47.36863 -50.889393
-264.4204 47.97335 -46.399208
-264.26117 48.15856 -46.49391
-263.11084 48.64884 -42.088245
-262.94855 48.836617 -42.180996
-263.11084 48.648857 -42.08823
-262.94855 48.836617 -42.18098
-261.6655 49.33915 -37.858128
-261.50415 49.529335 -37.956455
-260.33444 50.00103 -33.516556
-260.171 50.191185 -33.61131
-259.12982 50.553032 -29.212729
-258.96304 50.74476 -29.305063
-259.12982 50.553047 -29.212713
-258.96304 50.744743 -29.305052
-257.74792 51.359245 -25.093597
-256.68347 51.7685 -20.839983
-256.51288 51.964455 -20.929676
-255.49567 52.19364 -16.71287
-255.32266 52.39147 -16.798773
-254.3527 52.535423 -12.631727
-254.17508 52.73661 -12.712611
-254.35269 52.535378 -12.631711
-254.17508 52.73658 -12.712596
-253.0185 52.82235 -8.721987
-252.84029 53.027245 -8.806754
-251.50085 53.0682 -4.877279
-251.32437 53.27485 -4.967965
-249.98093 53.247322 -1.038239
-249.80444 53.455086 -1.131018
-248.43442 53.321266 2.716034
-248.25667 53.530785 2.623039
-248.43442 53.321266 2.716047
-248.25667 53.530785 2.623053
-246.6326 53.58988 6.334685
-245.10312 53.494835 10.112268
-244.92574 53.70661 10.014992
-243.38052 53.65583 13.800257
-243.20447 53.865623 13.704504
-241.72556 53.772224 17.4978
-241.54639 53.980873 17.411095
-241.72556 53.772224 17.497814
-241.54639 53.980873 17.411108
-240.11356 53.86921 21.17536
-239.93155 54.078667 21.092852
-238.44833 54.048683 24.809343
-238.26822 54.25779 24.723663
-236.90216 54.223717 28.506445
-236.7185 54.431145 28.434761
-235.45352 54.41407 32.256714
-235.26451 54.619926 32.202557
-233.81827 54.73176 35.94581
-233.63025 54.93917 35.883987
-233.81827 54.73176 35.945835
-233.63023 54.93917 35.884014
-232.23346 54.908745 39.5893
-232.04297 55.115486 39.536118
-230.85634 54.741493 43.14137
-230.65594 54.947212 43.118855
-229.48013 54.497322 46.726704
-229.27687 54.7044 46.70847
-228.32709 53.88163 50.23646
-228.11479 54.093742 50.22882
-227.76265 52.437187 53.35714
-227.52872 52.65307 53.408073
-227.45001 50.75596 56.290504
-227.21088 50.96514 56.380566
-227.10056 48.961372 59.280823
-226.85442 49.17605 59.38439
-226.858 47.023216 62.118816
-226.61014 47.236046 62.274876
-226.858 47.0232 62.11883
-226.61014 47.236015 62.27489
-226.68079 44.873894 64.84916
-226.42204 45.084435 65.01422
-226.32132 42.637154 67.769394
-226.05267 42.850838 67.90025
-225.45277 40.610023 70.89101
-225.17162 40.84005 70.94401
-224.04799 38.675682 74.14069
-223.76295 38.914253 74.15211
-221.9547 37.57917 77.95411
-221.71245 37.82171 77.88817
-219.40123 37.69364 82.31106
-219.20392 37.947075 82.16774
-217.58392 37.47886 86.44967
-217.36873 37.73606 86.33297
-217.58392 37.478874 86.44971
-217.36871 37.736076 86.333
-216.19287 36.609245 90.62572
-215.95572 36.86396 90.55213
-215.13182 34.913567 94.97738
-214.87677 35.1594 94.94876
-214.00546 32.83526 99.531265
-213.73752 33.078316 99.52745
-212.83401 30.682991 104.193375
-212.5633 30.922188 104.19653
-211.56044 29.191505 109.04125
-211.2988 29.439964 109.0309
-210.25282 28.322731 113.99319
-210.00595 28.571892 113.96465
-208.90764 28.047081 119.066086
-208.67096 28.299156 119.0123
-207.6741 28.010826 124.104126
-207.43912 28.26432 124.04624
-207.6741 28.010826 124.10416
-207.4391 28.26432 124.04627
-206.45898 28.038857 129.21458
-206.22714 28.287743 129.16267
-205.18079 28.17498 134.48344
-204.9518 28.421928 134.42778
-203.90721 28.270042 139.80635
-203.67822 28.516624 139.75229
-202.67598 28.170998 145.22289
-202.44695 28.414253 145.18202
-201.39276 27.944633 150.79134
-201.16525 28.184593 150.75667
-200.12259 27.771034 156.50348
-199.89743 28.009102 156.46782
-199.03386 27.775703 162.37569
-198.81349 28.009056 162.34181
-199.03386 27.775719 162.37575
-198.81348 28.009071 162.34187
-198.02213 28.073372 168.38812
-197.80666 28.30201 168.34885
-196.98878 28.496452 174.4222
-196.77612 28.722466 174.3789
-195.8739 28.924492 180.47874
-195.66476 29.147346 180.43414
-194.70724 29.181908 186.57106
-194.49944 29.402962 186.53232
-193.39491 29.406044 192.74599
-193.19075 29.62429 192.70418
-192.05917 29.30378 198.91881
-191.85034 29.525215 198.88722
-190.8698 28.605247 204.90253
-190.65198 28.830788 204.8992
-189.68828 27.725914 210.83109
-189.46832 27.951591 210.8326
-189.68828 27.725914 210.83113
-189.4683 27.951591 210.83264
-188.62805 26.694664 216.75348
-188.40288 26.92408 216.76237
-187.61159 25.428825 222.60231
-187.38023 25.66204 222.6242
-186.46033 24.000511 228.44382
-186.22258 24.23835 228.4669
-185.38126 22.402122 234.29385
-185.13712 22.64399 234.32495
-184.44284 20.674767 240.20045
-184.1923 20.921211 240.23997
-183.54773 18.825554 246.0832
-183.2891 19.077644 246.12785
-182.4834 16.73719 251.92062
-182.2168 16.993431 251.97067
-182.48338 16.737175 251.9207
-182.21678 16.993431 251.97072
-181.58139 14.52462 257.7465
-181.309 14.784554 257.8103
-181.04402 12.393394 263.60147
-180.76651 12.657524 263.672
-180.33981 10.136269 269.48416
-180.05502 10.407616 269.5548
-179.5522 7.778114 275.2725
-179.26144 8.055 275.34927
-178.98055 5.505562 281.0043
-178.68767 5.784904 281.08762
-178.75562 2.974586 286.4875
-178.46384 3.24897 286.60645
-178.87692 -0.052391 291.15396
-178.58841 0.207375 291.33575
-179.14177 -2.806297 295.11554
-178.85472 -2.542168 295.3238
-179.14177 -2.806313 295.11557
-178.85472 -2.542198 295.32382
-179.71802 -5.153175 298.72076
-179.44885 -4.877632 298.95953
-180.69676 -7.050804 302.04758
-180.4492 -6.758995 302.29733
POLYGONS 7891 31564
3 0 1 2
3 0 2 3
3 3 2 4
3 3 4 5
3 5 4 6
3 7 8 9
3 9 8 10
3 9 10 11
3 11 10 12
3 11 12 13
3 13 12 14
3 13 14 15
3 15 14 16
3 15 16 17
3 17 16 18
3 17 18 19
3 19 18 20
3 19 20 21
3 21 20 22
3 21 22 23
3 23 22 24
3 23 24 25
3 25 24 26
3 25 26 27
3 27 26 28
3 27 28 29
3 29 28 30
3 29 30 31
3 31 30 32
3 31 32 33
3 33 32 34
3 33 34 35
3 35 34 36
3 35 37 38
3 38 37 39
3 38 39 40
3 40 39 41
3 42 43 44
3 44 43 45
3 44 45 46
3 46 45 47
3 48 49 50
3 50 49 51
3 50 51 52
3 52 51 53
3 54 55 56
3 56 55 57
3 56 57 58
3 58 57 59
3 60 61 62
3 62 61 63
3 62 63 64
3 64 63 65
3 66 67 68
3 68 67 69
3 68 69 70
3 70 69 71
3 72 73 74
3 74 73 75
3 74 75 76
3 76 75 77
3 76 77 78
3 78 77 79
3 80 81 82
3 82 81 83
3 82 83 84
3 84 83 85
3 84 85 86
3 86 85 87
3 86 87 88
3 88 87 89
3 90 91 92
3 92 91 93
3 92 93 94
3 94 93 95
3 94 95 96
3 96 95 97
3 96 97 98
3 98 97 99
3 100 101 102
3 102 101 103
3 102 103 104
3 104 103 105
3 104 105 106
3 106 105 107
3 106 107 108
3 108 107 109
3 110 111 112
3 112 111 113
3 112 113 114
3 114 113 115
3 114 115 116
3 116 115 117
3 118 119 120
3 120 119 121
3 120 121 122
3 122 121 123
3 122 123 124
3 124 123 125
3 124 125 126
3 126 125 127
3 128 129 130
3 130 129 131
3 130 131 132
3 132 131 133
3 132 133 134
3 134 133 135
3 134 135 136
3 136 135 137
3 138 139 140
3 140 139 141
3 140 141 142
3 142 141 143
3 142 143 144
3 144 143 145
3 144 145 146
3 146 145 147
3 148 149 150
3 150 149 151
3 150 151 152
3 152 151 153
3 152 153 154
3 154 153 155
3 154 155 156
3 156 155 157
3 156 157 158
3 158 157 159
3 160 161 162
3 162 161 163
3 162 163 164
3 164 163 165
3 164 165 166
3 166 165 167
3 166 167 168
3 168 167 169
3 168 169 170
3 170 169 171
3 170 171 172
3 172 171 173
3 172 173 174
3 174 173 175
3 174 175 176
3 176 175 177
3 178 179 180
3 180 179 181
3 180 181 182
3 182 181 183
3 182 183 184
3 184 183 185
3 184 185 186
3 186 185 187
3 186 187 188
3 188 187 189
3 188 189 190
3 190 189 191
3 190 191 192
3 192 191 193
3 194 195 196
3 196 195 197
3 196 197 198
3 198 197 199
3 198 199 200
3 200 199 201
3 200 201 202
3 202 201 203
3 202 203 204
3 204 203 205
3 204 205 206
3 206 205 207
3 206 207 208
3 208 207 209
3 208 209 210
3 210 209 211
3 212 213 214
3 214 213 215
3 214 215 216
3 216 215 217
3 216 217 218
3 218 217 219
3 218 219 220
3 220 219 221
3 220 221 222
3 222 221 223
3 222 223 224
3 224 223 225
3 224 225 226
3 226 225 227
3 228 229 230
3 230 229 231
3 230 231 232
3 232 231 233
3 232 233 234
3 234 233 235
3 234 235 236
3 236 235 237
3 236 237 238
3 238 237 239
3 238 239 240
3 240 239 241
3 240 241 242
3 242 241 243
3 242 243 244
3 244 243 245
3 246 247 248
3 248 247 249
3 248 249 250
3 250 249 251
3 250 251 252
3 252 251 253
3 252 253 254
3 254 253 255
3 254 255 256
3 256 255 257
3 256 257 258
3 258 257 259
3 258 259 260
3 260 259 261
3 262 263 264
3 264 263 265
3 264 265 266
3 266 265 267
3 266 267 268
3 268 267 269
3 268 269 270
3 270 269 271
3 270 271 272
3 272 271 273
3 272 273 274
3 274 273 275
3 274 275 276
3 276 275 277
3 276 277 278
3 278 277 279
3 280 281 282
3 282 281 283
3 282 283 284
3 284 283 285
3 284 285 286
3 286 285 287
3 2 1 288
3 2 288 4
3 4 288 289
3 4 289 6
3 6 289 290
3 8 291 10
3 10 291 292
3 10 292 12
3 12 292 293
3 12 293 14
3 14 293 294
3 14 294 16
3 16 294 295
3 16 295 18
3 18 295 296
3 18 296 20
3 20 296 297
3 20 297 22
3 22 297 298
3 22 298 24
3 24 298 299
3 24 299 26
3 26 299 300
3 26 300 28
3 28 300 301
3 28 301 30
3 30 301 302
3 30 302 32
3 32 302 303
3 32 303 34
3 34 303 304
3 34 304 36
3 36 304 305
3 37 305 39
3 39 305 306
3 39 306 41
3 41 306 307
3 43 308 45
3 45 308 309
3 45 309 47
3 47 309 310
3 49 311 51
3 51 311 312
3 51 312 53
3 53 312 313
3 55 314 57
3 57 314 315
3 57 315 59
3 59 315 316
3 61 317 63
3 63 317 318
3 63 318 65
3 65 318 319
3 67 320 69
3 69 320 321
3 69 321 71
3 71 321 322
3 73 323 75
3 75 323 324
3 75 324 77
3 77 324 325
3 77 325 79
3 79 325 326
3 81 327 83
3 83 327 328
3 83 328 85
3 85 328 329
3 85 329 87
3 87 329 330
3 87 330 89
3 89 330 331
3 91 332 93
3 93 332 333
3 93 333 95
3 95 333 334
3 95 334 97
3 97 334 335
3 97 335 99
3 99 335 336
3 101 337 103
3 103 337 338
3 103 338 105
3 105 338 339
3 105 339 107
3 107 339 340
3 107 340 109
3 109 340 341
3 111 342 113
3 113 342 343
3 113 343 115
3 115 343 344
3 115 344 117
3 117 344 345
3 119 346 121
3 121 346 347
3 121 347 123
3 123 347 348
3 123 348 125
3 125 348 349
3 125 349 127
3 127 349 350
3 129 351 131
3 131 351 352
3 131 352 133
3 133 352 353
3 133 353 135
3 135 353 354
3 135 354 137
3 137 354 355
3 139 356 141
3 141 356 357
3 141 357 143
3 143 357 358
3 143 358 145
3 145 358 359
3 145 359 147
3 147 359 360
3 149 361 151
3 151 361 362
3 151 362 153
3 153 362 363
3 153 363 155
3 155 363 364
3 155 364 157
3 157 364 365
3 157 365 159
3 159 365 366
3 161 367 163
3 163 367 368
3 163 368 165
3 165 368 369
3 165 369 167
3 167 369 370
3 167 370 169
3 169 370 371
3 169 371 171
3 171 371 372
3 171 372 173
3 173 372 373
3 173 373 175
3 175 373 374
3 175 374 177
3 177 374 375
3 179 376 181
3 181 376 377
3 181 377 183
3 183 377 378
3 183 378 185
3 185 378 379
3 185 379 187
3 187 379 380
3 187 380 189
3 189 380 381
3 189 381 191
3 191 381 382
3 191 382 193
3 193 382 383
3 195 384 197
3 197 384 385
3 197 385 199
3 199 385 386
3 199 386 201
3 201 386 387
3 201 387 203
3 203 387 388
3 203 388 205
3 205 388 389
3 205 389 207
3 207 389 390
3 207 390 209
3 209 390 391
3 209 391 211
3 211 391 392
3 213 393 215
3 215 393 394
3 215 394 217
3 217 394 395
3 217 395 219
3 219 395 396
3 219 396 221
3 221 396 397
3 221 397 223
3 223 397 398
3 223 398 225
3 225 398 399
3 225 399 227
3 227 399 400
3 229 401 231
3 231 401 402
3 231 402 233
3 233 402 403
3 233 403 235
3 235 403 404
3 235 404 237
3 237 404 405
3 237 405 239
3 239 405 406
3 239 406 241
3 241 406 407
3 241 407 243
3 243 407 408
3 243 408 245
3 245 408 409
3 247 410 249
3 249 410 411
3 249 411 251
3 251 411 412
3 251 412 253
3 253 412 413
3 253 413 255
3 255 413 414
3 255 414 257
3 257 414 415
3 257 415 259
3 259 415 416
3 259 416 261
3 261 416 417
3 263 418 265
3 265 418 419
3 265 419 267
3 267 419 420
3 267 420 269
3 269 420 421
3 269 421 271
3 271 421 422
3 271 422 273
3 273 422 423
3 273 423 275
3 275 423 424
3 275 424 277
3 277 424 425
3 277 425 279
3 279 425 426
3 281 427 283
3 283 427 428
3 283 428 285
3 285 428 429
3 285 429 287
3 287 429 430
3 1 431 288
3 288 431 432
3 288 432 289
3 289 432 433
3 289 433 290
3 290 433 434
3 291 435 292
3 292 435 436
3 292 436 293
3 293 436 437
3 293 437 294
3 294 437 438
3 294 438 295
3 295 438 439
3 295 439 296
3 296 439 440
3 296 440 297
3 297 440 441
3 297 441 298
3 298 441 442
3 298 442 299
3 299 442 443
3 299 443 300
3 300 443 444
3 300 444 301
3 301 444 445
3 301 445 302
3 302 445 446
3 302 446 303
3 303 446 447
3 303 447 304
3 304 447 448
3 304 448 305
3 305 448 449
3 305 450 306
3 306 450 451
3 306 451 307
3 307 451 452
3 308 453 309
3 309 453 454
3 309 454 310
3 310 454 455
3 311 456 312
3 312 456 457
3 312 457 313
3 313 457 458
3 314 459 315
3 315 459 460
3 315 460 316
3 316 460 461
3 317 462 318
3 318 462 463
3 318 463 319
3 319 463 464
3 320 465 321
3 321 465 466
3 321 466 322
3 322 466 467
3 323 468 324
3 324 468 469
3 324 469 325
3 325 469 470
3 325 470 326
3 326 470 471
3 327 472 328
3 328 472 473
3 328 473 329
3 329 473 474
3 329 474 330
3 330 474 475
3 330 475 331
3 331 475 476
3 332 477 333
3 333 477 478
3 333 478 334
3 334 478 479
3 334 479 335
3 335 479 480
3 335 480 336
3 336 480 481
3 337 482 338
3 338 482 483
3 338 483 339
3 339 483 484
3 339 484 340
3 340 484 485
3 340 485 341
3 341 485 486
3 342 487 343
3 343 487 488
3 343 488 344
3 344 488 489
3 344 489 345
3 345 489 490
3 346 491 347
3 347 491 492
3 347 492 348
3 348 492 493
3 348 493 349
3 349 493 494
3 349 494 350
3 350 494 495
3 351 496 352
3 352 496 497
3 352 497 353
3 353 497 498
3 353 498 354
3 354 498 499
3 354 499 355
3 355 499 500
3 356 501 357
3 357 501 502
3 357 502 358
3 358 502 503
3 358 503 359
3 359 503 504
3 359 504 360
3 360 504 505
3 361 506 362
3 362 506 507
3 362 507 363
3 363 507 508
3 363 508 364
3 364 508 509
3 364 509 365
3 365 509 510
3 365 510 366
3 366 510 511
3 367 512 368
3 368 512 513
3 368 513 369
3 369 513 514
3 369 514 370
3 370 514 515
3 370 515 371
3 371 515 516
3 371 516 372
3 372 516 517
3 372 517 373
3 373 517 518
3 373 518 374
3 374 518 519
3 374 519 375
3 375 519 520
3 376 521 377
3 377 521 522
3 377 522 378
3 378 522 523
3 378 523 379
3 379 523 524
3 379 524 380
3 380 524 525
3 380 525 381
3 381 525 526
3 381 526 382
3 382 526 527
3 382 527 383
3 383 527 528
3 384 529 385
3 385 529 530
3 385 530 386
3 386 530 531
3 386 531 387
3 387 531 532
3 387 532 388
3 388 532 533
3 388 533 389
3 389 533 534
3 389 534 390
3 390 534 535
3 390 535 391
3 391 535 536
3 391 536 392
3 392 536 537
3 393 538 394
3 394 538 539
3 394 539 395
3 395 539 540
3 395 540 396
3 396 540 541
3 396 541 397
3 397 541 542
3 397 542 398
3 398 542 543
3 398 543 399
3 399 543 544
3 399 544 400
3 400 544 545
3 401 546 402
3 402 546 547
3 402 547 403
3 403 547 548
3 403 548 404
3 404 548 549
3 404 549 405
3 405 549 550
3 405 550 406
3 406 550 551
3 406 551 407
3 407 551 552
3 407 552 408
3 408 552 553
3 408 553 409
3 409 553 554
3 410 555 411
3 411 555 556
3 411 556 412
3 412 556 557
3 412 557 413
3 413 557 558
3 413 558 414
3 414 558 559
3 414 559 415
3 415 559 560
3 415 560 416
3 416 560 561
3 416 561 417
3 417 561 562
3 418 563 419
3 419 563 564
3 419 564 420
3 420 564 565
3 420 565 421
3 421 565 566
3 421 566 422
3 422 566 567
3 422 567 423
3 423 567 568
3 423 568 424
3 424 568 569
3 424 569 425
3 425 569 570
3 425 570 426
3 426 570 571
3 427 572 428
3 428 572 573
3 428 573 429
3 429 573 574
3 429 574 430
3 431 575 432
3 432 575 576
3 432 576 433
3 433 576 577
3 433 577 434
3 434 577 578
3 435 579 436
3 436 579 580
3 436 580 437
3 437 580 581
3 437 581 438
3 438 581 582
3 438 582 439
3 439 582 583
3 439 583 440
3 440 583 584
3 440 584 441
3 441 584 585
3 441 585 442
3 442 585 586
3 442 586 443
3 443 586 587
3 443 587 444
3 444 587 588
3 444 588 445
3 445 588 589
3 445 589 446
3 446 589 590
3 446 590 447
3 447 590 591
3 447 591 448
3 448 591 592
3 448 592 449
3 449 592 593
3 450 593 451
3 451 593 594
3 451 594 452
3 452 594 595
3 453 596 454
3 454 596 597
3 454 597 455
3 455 597 598
3 456 599 457
3 457 599 600
3 457 600 458
3 458 600 601
3 459 602 460
3 460 602 603
3 460 603 461
3 461 603 604
3 462 605 463
3 463 605 606
3 463 606 464
3 464 606 607
3 465 608 466
3 466 608 609
3 466 609 467
3 467 609 610
3 468 611 469
3 469 611 612
3 469 612 470
3 470 612 613
3 470 613 471
3 471 613 614
3 472 615 473
3 473 615 616
3 473 616 474
3 474 616 617
3 474 617 475
3 475 617 618
3 475 618 476
3 476 618 619
3 477 620 478
3 478 620 621
3 478 621 479
3 479 621 622
3 479 622 480
3 480 622 623
3 480 623 481
3 481 623 624
3 482 625 483
3 483 625 626
3 483 626 484
3 484 626 627
3 484 627 485
3 485 627 628
3 485 628 486
3 486 628 629
3 487 630 488
3 488 630 631
3 488 631 489
3 489 631 632
3 489 632 490
3 490 632 633
3 491 634 492
3 492 634 635
3 492 635 493
3 493 635 636
3 493 636 494
3 494 636 637
3 494 637 495
3 495 637 638
3 496 639 497
3 497 639 640
3 497 640 498
3 498 640 641
3 498 641 499
3 499 641 642
3 499 642 500
3 500 642 643
3 501 644 502
3 502 644 645
3 502 645 503
3 503 645 646
3 503 646 504
3 504 646 647
3 504 647 505
3 505 647 648
3 506 649 507
3 507 649 650
3 507 650 508
3 508 650 651
3 508 651 509
3 509 651 652
3 509 652 510
3 510 652 653
3 510 653 511
3 511 653 654
3 512 655 513
3 513 655 656
3 513 656 514
3 514 656 657
3 514 657 515
3 515 657 658
3 515 658 516
3 516 658 659
3 516 659 517
3 517 659 660
3 517 660 518
3 518 660 661
3 518 661 519
3 519 661 662
3 519 662 520
3 520 662 663
3 521 664 522
3 522 664 665
3 522 665 523
3 523 665 666
3 523 666 524
3 524 666 667
3 524 667 525
3 525 667 668
3 525 668 526
3 526 668 669
3 526 669 527
3 527 669 670
3 527 670 528
3 528 670 671
3 529 672 530
3 530 672 673
3 530 673 531
3 531 673 674
3 531 674 532
3 532 674 675
3 532 675 533
3 533 675 676
3 533 676 534
3 534 676 677
3 534 677 535
3 535 677 678
3 535 678 536
3 536 678 679
3 536 679 537
3 537 679 680
3 538 681 539
3 539 681 682
3 539 682 540
3 540 682 683
3 540 683 541
3 541 683 684
3 541 684 542
3 542 684 685
3 542 685 543
3 543 685 686
3 543 686 544
3 544 686 687
3 544 687 545
3 545 687 688
3 546 689 547
3 547 689 690
3 547 690 548
3 548 690 691
3 548 691 549
3 549 691 692
3 549 692 550
3 550 692 693
3 550 693 551
3 551 693 694
3 551 694 552
3 552 694 695
3 552 695 553
3 553 695 696
3 553 696 554
3 554 696 697
3 555 698 556
3 556 698 699
3 556 699 557
3 557 699 700
3 557 700 558
3 558 700 701
3 558 701 559
3 559 701 702
3 559 702 560
3 560 702 703
3 560 703 561
3 561 703 704
3 561 704 562
3 562 704 705
3 563 706 564
3 564 706 707
3 564 707 565
3 565 707 708
3 565 708 566
3 566 708 709
3 566 709 567
3 567 709 710
3 567 710 568
3 568 710 711
3 568 711 569
3 569 711 712
3 569 712 570
3 570 712 713
3 570 713 571
3 571 713 714
3 572 715 573
3 573 715 716
3 573 716 574
3 574 716 717
3 574 717 430
3 575 1 576
3 576 1 718
3 576 718 577
3 577 718 719
3 577 719 578
3 578 719 720
3 579 721 580
3 580 721 722
3 580 722 581
3 581 722 723
3 581 723 582
3 582 723 724
3 582 724 583
3 583 724 725
3 583 725 584
3 584 725 726
3 584 726 585
3 585 726 727
3 585 727 586
3 586 727 728
3 586 728 587
3 587 728 729
3 587 729 588
3 588 729 730
3 588 730 589
3 589 730 731
3 589 731 590
3 590 731 732
3 590 732 591
3 591 732 733
3 591 733 592
3 592 733 734
3 592 734 593
3 593 734 735
3 593 736 594
3 594 736 737
3 594 737 595
3 595 737 738
3 596 739 597
3 597 739 740
3 597 740 598
3 598 740 741
3 599 742 600
3 600 742 743
3 600 743 601
3 601 743 744
3 602 745 603
3 603 745 746
3 603 746 604
3 604 746 747
3 605 748 606
3 606 748 749
3 606 749 607
3 607 749 750
3 608 751 609
3 609 751 752
3 609 752 610
3 610 752 753
3 611 754 612
3 612 754 755
3 612 755 613
3 613 755 756
3 613 756 614
3 614 756 757
3 615 758 616
3 616 758 759
3 616 759 617
3 617 759 760
3 617 760 618
3 618 760 761
3 618 761 619
3 619 761 762
3 620 763 621
3 621 763 764
3 621 764 622
3 622 764 765
3 622 765 623
3 623 765 766
3 623 766 624
3 624 766 767
3 625 768 626
3 626 768 769
3 626 769 627
3 627 769 770
3 627 770 628
3 628 770 771
3 628 771 629
3 629 771 772
3 630 773 631
3 631 773 774
3 631 774 632
3 632 774 775
3 632 775 633
3 633 775 776
3 634 777 635
3 635 777 778
3 635 778 636
3 636 778 779
3 636 779 637
3 637 779 780
3 637 780 638
3 638 780 781
3 639 782 640
3 640 782 783
3 640 783 641
3 641 783 784
3 641 784 642
3 642 784 785
3 642 785 643
3 643 785 786
3 644 787 645
3 645 787 788
3 645 788 646
3 646 788 789
3 646 789 647
3 647 789 790
3 647 790 648
3 648 790 791
3 649 792 650
3 650 792 793
3 650 793 651
3 651 793 794
3 651 794 652
3 652 794 795
3 652 795 653
3 653 795 796
3 653 796 654
3 654 796 797
3 655 798 656
3 656 798 799
3 656 799 657
3 657 799 800
3 657 800 658
3 658 800 801
3 658 801 659
3 659 801 802
3 659 802 660
3 660 802 803
3 660 803 661
3 661 803 804
3 661 804 662
3 662 804 805
3 662 805 663
3 663 805 806
3 664 807 665
3 665 807 808
3 665 808 666
3 666 808 809
3 666 809 667
3 667 809 810
3 667 810 668
3 668 810 811
3 668 811 669
3 669 811 812
3 669 812 670
3 670 812 813
3 670 813 671
3 671 813 814
3 672 815 673
3 673 815 816
3 673 816 674
3 674 816 817
3 674 817 675
3 675 817 818
3 675 818 676
3 676 818 819
3 676 819 677
3 677 819 820
3 677 820 678
3 678 820 821
3 678 821 679
3 679 821 822
3 679 822 680
3 680 822 823
3 681 824 682
3 682 824 825
3 682 825 683
3 683 825 826
3 683 826 684
3 684 826 827
3 684 827 685
3 685 827 828
3 685 828 686
3 686 828 829
3 686 829 687
3 687 829 830
3 687 830 688
3 688 830 831
3 689 832 690
3 690 832 833
3 690 833 691
3 691 833 834
3 691 834 692
3 692 834 835
3 692 835 693
3 693 835 836
3 693 836 694
3 694 836 837
3 694 837 695
3 695 837 838
3 695 838 696
3 696 838 839
3 696 839 697
3 697 839 840
3 698 841 699
3 699 841 842
3 699 842 700
3 700 842 843
3 700 843 701
3 701 843 844
3 701 844 702
3 702 844 845
3 702 845 703
3 703 845 846
3 703 846 704
3 704 846 847
3 704 847 705
3 705 847 848
3 706 849 707
3 707 849 850
3 707 850 708
3 708 850 851
3 708 851 709
3 709 851 852
3 709 852 710
3 710 852 853
3 710 853 711
3 711 853 854
3 711 854 712
3 712 854 855
3 712 855 713
3 713 855 856
3 713 856 714
3 714 856 857
3 715 858 716
3 716 858 859
3 716 859 717
3 717 859 860
3 717 860 430
3 430 860 861
3 1 862 718
3 718 862 863
3 718 863 719
3 719 863 864
3 719 864 720
3 720 864 865
3 721 866 722
3 722 866 867
3 722 867 723
3 723 867 868
3 723 868 724
3 724 868 869
3 724 869 725
3 725 869 870
3 725 870 726
3 726 870 871
3 726 871 727
3 727 871 872
3 727 872 728
3 728 872 873
3 728 873 729
3 729 873 874
3 729 874 730
3 730 874 875
3 730 875 731
3 731 875 876
3 731 876 732
3 732 876 877
3 732 877 733
3 733 877 878
3 733 878 734
3 734 878 879
3 734 879 735
3 735 879 880
3 736 881 737
3 737 881 882
3 737 882 738
3 738 882 883
3 739 884 740
3 740 884 885
3 740 885 741
3 741 885 886
3 742 887 743
3 743 887 888
3 743 888 744
3 744 888 889
3 745 890 746
3 746 890 891
3 746 891 747
3 747 891 892
3 748 893 749
3 749 893 894
3 749 894 750
3 750 894 895
3 751 895 752
3 752 895 896
3 752 896 753
3 753 896 897
3 754 898 755
3 755 898 899
3 755 899 756
3 756 899 900
3 756 900 757
3 757 900 901
3 758 902 759
3 759 902 903
3 759 903 760
3 760 903 904
3 760 904 761
3 761 904 905
3 761 905 762
3 762 905 906
3 763 907 764
3 764 907 908
3 764 908 765
3 765 908 909
3 765 909 766
3 766 909 910
3 766 910 767
3 767 910 911
3 768 912 769
3 769 912 913
3 769 913 770
3 770 913 914
3 770 914 771
3 771 914 915
3 771 915 772
3 772 915 916
3 773 917 774
3 774 917 918
3 774 918 775
3 775 918 919
3 775 919 776
3 776 919 920
3 777 921 778
3 778 921 922
3 778 922 779
3 779 922 923
3 779 923 780
3 780 923 924
3 780 924 781
3 781 924 925
3 782 926 783
3 783 926 927
3 783 927 784
3 784 927 928
3 784 928 785
3 785 928 929
3 785 929 786
3 786 929 930
3 787 931 788
3 788 931 932
3 788 932 789
3 789 932 933
3 789 933 790
3 790 933 934
3 790 934 791
3 791 934 935
3 792 936 793
3 793 936 937
3 793 937 794
3 794 937 938
3 794 938 795
3 795 938 939
3 795 939 796
3 796 939 940
3 796 940 797
3 797 940 941
3 798 942 799
3 799 942 943
3 799 943 800
3 800 943 944
3 800 944 801
3 801 944 945
3 801 945 802
3 802 945 946
3 802 946 803
3 803 946 947
3 803 947 804
3 804 947 948
3 804 948 805
3 805 948 949
3 805 949 806
3 806 949 950
3 807 951 808
3 808 951 952
3 808 952 809
3 809 952 953
3 809 953 810
3 810 953 954
3 810 954 811
3 811 954 955
3 811 955 812
3 812 955 956
3 812 956 813
3 813 956 957
3 813 957 814
3 814 957 958
3 815 959 816
3 816 959 960
3 816 960 817
3 817 960 961
3 817 961 818
3 818 961 962
3 818 962 819
3 819 962 963
3 819 963 820
3 820 963 964
3 820 964 821
3 821 964 965
3 821 965 822
3 822 965 966
3 822 966 823
3 823 966 967
3 824 968 825
3 825 968 969
3 825 969 826
3 826 969 970
3 826 970 827
3 827 970 971
3 827 971 828
3 828 971 972
3 828 972 829
3 829 972 973
3 829 973 830
3 830 973 974
3 830 974 831
3 831 974 975
3 832 976 833
3 833 976 977
3 833 977 834
3 834 977 978
3 834 978 835
3 835 978 979
3 835 979 836
3 836 979 980
3 836 980 837
3 837 980 981
3 837 981 838
3 838 981 982
3 838 982 839
3 839 982 983
3 839 983 840
3 840 983 984
3 841 985 842
3 842 985 986
3 842 986 843
3 843 986 987
3 843 987 844
3 844 987 988
3 844 988 845
3 845 988 989
3 845 989 846
3 846 989 990
3 846 990 847
3 847 990 991
3 847 991 848
3 848 991 992
3 849 993 850
3 850 993 994
3 850 994 851
3 851 994 995
3 851 995 852
3 852 995 996
3 852 996 853
3 853 996 997
3 853 997 854
3 854 997 998
3 854 998 855
3 855 998 999
3 855 999 856
3 856 999 1000
3 856 1000 857
3 857 1000 1001
3 858 1002 859
3 859 1002 1003
3 859 1003 860
3 860 1003 1004
3 860 1004 861
3 861 1004 1005
3 862 1006 863
3 863 1006 1007
3 863 1007 864
3 864 1007 1008
3 864 1008 865
3 865 1008 1009
3 866 1010 867
3 867 1010 1011
3 867 1011 868
3 868 1011 1012
3 868 1012 869
3 869 1012 1013
3 869 1013 870
3 870 1013 1014
3 870 1014 871
3 871 1014 1015
3 871 1015 872
3 872 1015 1016
3 872 1016 873
3 873 1016 1017
3 873 1017 874
3 874 1017 1018
3 874 1018 875
3 875 1018 1019
3 875 1019 876
3 876 1019 1020
3 876 1020 877
3 877 1020 1021
3 877 1021 878
3 878 1021 1022
3 878 1022 879
3 879 1022 1023
3 879 1023 880
3 880 1023 1024
3 881 1025 882
3 882 1025 1026
3 882 1026 883
3 883 1026 1027
3 884 1027 885
3 885 1027 1028
3 885 1028 886
3 886 1028 1029
3 887 1030 888
3 888 1030 1031
3 888 1031 889
3 889 1031 1032
3 890 1033 891
3 891 1033 1034
3 891 1034 892
3 892 1034 1035
3 893 1036 894
3 894 1036 1037
3 894 1037 895
3 895 1037 1038
3 895 1039 896
3 896 1039 1040
3 896 1040 897
3 897 1040 1041
3 898 1042 899
3 899 1042 1043
3 899 1043 900
3 900 1043 1044
3 900 1044 901
3 901 1044 1045
3 902 1046 903
3 903 1046 1047
3 903 1047 904
3 904 1047 1048
3 904 1048 905
3 905 1048 1049
3 905 1049 906
3 906 1049 1050
3 907 1051 908
3 908 1051 1052
3 908 1052 909
3 909 1052 1053
3 909 1053 910
3 910 1053 1054
3 910 1054 911
3 911 1054 1055
3 912 1056 913
3 913 1056 1057
3 913 1057 914
3 914 1057 1058
3 914 1058 915
3 915 1058 1059
3 915 1059 916
3 916 1059 1060
3 917 1061 918
3 918 1061 1062
3 918 1062 919
3 919 1062 1063
3 919 1063 920
3 920 1063 1064
3 921 1065 922
3 922 1065 1066
3 922 1066 923
3 923 1066 1067
3 923 1067 924
3 924 1067 1068
3 924 1068 925
3 925 1068 1069
3 926 1070 927
3 927 1070 1071
3 927 1071 928
3 928 1071 1072
3 928 1072 929
3 929 1072 1073
3 929 1073 930
3 930 1073 1074
3 931 1075 932
3 932 1075 1076
3 932 1076 933
3 933 1076 1077
3 933 1077 934
3 934 1077 1078
3 934 1078 935
3 935 1078 1079
3 936 1080 937
3 937 1080 1081
3 937 1081 938
3 938 1081 1082
3 938 1082 939
3 939 1082 1083
3 939 1083 940
3 940 1083 1084
3 940 1084 941
3 941 1084 1085
3 942 1086 943
3 943 1086 1087
3 943 1087 944
3 944 1087 1088
3 944 1088 945
3 945 1088 1089
3 945 1089 946
3 946 1089 1090
3 946 1090 947
3 947 1090 1091
3 947 1091 948
3 948 1091 1092
3 948 1092 949
3 949 1092 1093
3 949 1093 950
3 950 1093 1094
3 951 1095 952
3 952 1095 1096
3 952 1096 953
3 953 1096 1097
3 953 1097 954
3 954 1097 1098
3 954 1098 955
3 955 1098 1099
3 955 1099 956
3 956 1099 1100
3 956 1100 957
3 957 1100 1101
3 957 1101 958
3 958 1101 1102
3 959 1103 960
3 960 1103 1104
3 960 1104 961
3 961 1104 1105
3 961 1105 962
3 962 1105 1106
3 962 1106 963
3 963 1106 1107
3 963 1107 964
3 964 1107 1108
3 964 1108 965
3 965 1108 1109
3 965 1109 966
3 966 1109 1110
3 966 1110 967
3 967 1110 1111
3 968 1112 969
3 969 1112 1113
3 969 1113 970
3 970 1113 1114
3 970 1114 971
3 971 1114 1115
3 971 1115 972
3 972 1115 1116
3 972 1116 973
3 973 1116 1117
3 973 1117 974
3 974 1117 1118
3 974 1118 975
3 975 1118 1119
3 976 1120 977
3 977 1120 1121
3 977 1121 978
3 978 1121 1122
3 978 1122 979
3 979 1122 1123
3 979 1123 980
3 980 1123 1124
3 980 1124 981
3 981 1124 1125
3 981 1125 982
3 982 1125 1126
3 982 1126 983
3 983 1126 1127
3 983 1127 984
3 984 1127 1128
3 985 1129 986
3 986 1129 1130
3 986 1130 987
3 987 1130 1131
3 987 1131 988
3 988 1131 1132
3 988 1132 989
3 989 1132 1133
3 989 1133 990
3 990 1133 1134
3 990 1134 991
3 991 1134 1135
3 991 1135 992
3 992 1135 1136
3 993 1137 994
3 994 1137 1138
3 994 1138 995
3 995 1138 1139
3 995 1139 996
3 996 1139 1140
3 996 1140 997
3 997 1140 1141
3 997 1141 998
3 998 1141 1142
3 998 1142 999
3 999 1142 1143
3 999 1143 1000
3 1000 1143 1144
3 1000 1144 1001
3 1001 1144 1145
3 1002 1146 1003
3 1003 1146 1147
3 1003 1147 1004
3 1004 1147 1148
3 1004 1148 1005
3 1007 1006 1149
3 1007 1149 1008
3 1008 1149 1150
3 1008 1150 1009
3 1009 1150 1151
3 1010 1152 1011
3 1011 1152 1153
3 1011 1153 1012
3 1012 1153 1154
3 1012 1154 1013
3 1013 1154 1155
3 1013 1155 1014
3 1014 1155 1156
3 1014 1156 1015
3 1015 1156 1157
3 1015 1157 1016
3 1016 1157 1158
3 1016 1158 1017
3 1017 1158 1159
3 1017 1159 1018
3 1018 1159 1160
3 1018 1160 1019
3 1019 1160 1161
3 1019 1161 1020
3 1020 1161 1162
3 1020 1162 1021
3 1021 1162 1163
3 1021 1163 1022
3 1022 1163 1164
3 1022 1164 1023
3 1023 1164 1165
3 1023 1165 1024
3 1024 1165 1166
3 1025 1167 1026
3 1026 1167 1168
3 1026 1168 1027
3 1027 1168 1169
3 1027 1170 1028
3 1028 1170 1171
3 1028 1171 1029
3 1029 1171 1172
3 1030 1173 1031
3 1031 1173 1174
3 1031 1174 1032
3 1032 1174 1175
3 1033 1176 1034
3 1034 1176 1177
3 1034 1177 1035
3 1035 1177 1178
3 1036 1179 1037
3 1037 1179 1180
3 1037 1180 1038
3 1038 1180 1181
3 1039 1182 1040
3 1040 1182 1183
3 1040 1183 1041
3 1041 1183 1184
3 1042 1185 1043
3 1043 1185 1186
3 1043 1186 1044
3 1044 1186 1187
3 1044 1187 1045
3 1045 1187 1188
3 1046 1189 1047
3 1047 1189 1190
3 1047 1190 1048
3 1048 1190 1191
3 1048 1191 1049
3 1049 1191 1192
3 1049 1192 1050
3 1050 1192 1193
3 1051 1194 1052
3 1052 1194 1195
3 1052 1195 1053
3 1053 1195 1196
3 1053 1196 1054
3 1054 1196 1197
3 1054 1197 1055
3 1055 1197 1198
3 1056 1199 1057
3 1057 1199 1200
3 1057 1200 1058
3 1058 1200 1201
3 1058 1201 1059
3 1059 1201 1202
3 1059 1202 1060
3 1060 1202 1203
3 1061 1204 1062
3 1062 1204 1205
3 1062 1205 1063
3 1063 1205 1206
3 1063 1206 1064
3 1064 1206 1207
3 1065 1208 1066
3 1066 1208 1209
3 1066 1209 1067
3 1067 1209 1210
3 1067 1210 1068
3 1068 1210 1211
3 1068 1211 1069
3 1069 1211 1212
3 1070 1213 1071
3 1071 1213 1214
3 1071 1214 1072
3 1072 1214 1215
3 1072 1215 1073
3 1073 1215 1216
3 1073 1216 1074
3 1074 1216 1217
3 1075 1218 1076
3 1076 1218 1219
3 1076 1219 1077
3 1077 1219 1220
3 1077 1220 1078
3 1078 1220 1221
3 1078 1221 1079
3 1079 1221 1222
3 1080 1223 1081
3 1081 1223 1224
3 1081 1224 1082
3 1082 1224 1225
3 1082 1225 1083
3 1083 1225 1226
3 1083 1226 1084
3 1084 1226 1227
3 1084 1227 1085
3 1085 1227 1228
3 1086 1229 1087
3 1087 1229 1230
3 1087 1230 1088
3 1088 1230 1231
3 1088 1231 1089
3 1089 1231 1232
3 1089 1232 1090
3 1090 1232 1233
3 1090 1233 1091
3 1091 1233 1234
3 1091 1234 1092
3 1092 1234 1235
3 1092 1235 1093
3 1093 1235 1236
3 1093 1236 1094
3 1094 1236 1237
3 1095 1238 1096
3 1096 1238 1239
3 1096 1239 1097
3 1097 1239 1240
3 1097 1240 1098
3 1098 1240 1241
3 1098 1241 1099
3 1099 1241 1242
3 1099 1242 1100
3 1100 1242 1243
3 1100 1243 1101
3 1101 1243 1244
3 1101 1244 1102
3 1102 1244 1245
3 1103 1246 1104
3 1104 1246 1247
3 1104 1247 1105
3 1105 1247 1248
3 1105 1248 1106
3 1106 1248 1249
3 1106 1249 1107
3 1107 1249 1250
3 1107 1250 1108
3 1108 1250 1251
3 1108 1251 1109
3 1109 1251 1252
3 1109 1252 1110
3 1110 1252 1253
3 1110 1253 1111
3 1111 1253 1254
3 1112 1255 1113
3 1113 1255 1256
3 1113 1256 1114
3 1114 1256 1257
3 1114 1257 1115
3 1115 1257 1258
3 1115 1258 1116
3 1116 1258 1259
3 1116 1259 1117
3 1117 1259 1260
3 1117 1260 1118
3 1118 1260 1261
3 1118 1261 1119
3 1119 1261 1262
3 1120 1263 1121
3 1121 1263 1264
3 1121 1264 1122
3 1122 1264 1265
3 1122 1265 1123
3 1123 1265 1266
3 1123 1266 1124
3 1124 1266 1267
3 1124 1267 1125
3 1125 1267 1268
3 1125 1268 1126
3 1126 1268 1269
3 1126 1269 1127
3 1127 1269 1270
3 1127 1270 1128
3 1128 1270 1271
3 1129 1272 1130
3 1130 1272 1273
3 1130 1273 1131
3 1131 1273 1274
3 1131 1274 1132
3 1132 1274 1275
3 1132 1275 1133
3 1133 1275 1276
3 1133 1276 1134
3 1134 1276 1277
3 1134 1277 1135
3 1135 1277 1278
3 1135 1278 1136
3 1136 1278 1279
3 1137 1280 1138
3 1138 1280 1281
3 1138 1281 1139
3 1139 1281 1282
3 1139 1282 1140
3 1140 1282 1283
3 1140 1283 1141
3 1141 1283 1284
3 1141 1284 1142
3 1142 1284 1285
3 1142 1285 1143
3 1143 1285 1286
3 1143 1286 1144
3 1144 1286 1287
3 1144 1287 1145
3 1145 1287 1288
3 1146 1289 1147
3 1147 1289 1290
3 1147 1290 1148
3 1148 1290 1291
3 1148 1291 286
3 286 1291 430
3 1006 431 1149
3 1149 431 1292
3 1149 1292 1150
3 1150 1292 1293
3 1150 1293 1151
3 1151 1293 1294
3 1152 1295 1153
3 1153 1295 1296
3 1153 1296 1154
3 1154 1296 1297
3 1154 1297 1155
3 1155 1297 1298
3 1155 1298 1156
3 1156 1298 1299
3 1156 1299 1157
3 1157 1299 1300
3 1157 1300 1158
3 1158 1300 1301
3 1158 1301 1159
3 1159 1301 1302
3 1159 1302 1160
3 1160 1302 1303
3 1160 1303 1161
3 1161 1303 1304
3 1161 1304 1162
3 1162 1304 1305
3 1162 1305 1163
3 1163 1305 1306
3 1163 1306 1164
3 1164 1306 1307
3 1164 1307 1165
3 1165 1307 1308
3 1165 1308 1166
3 1166 1308 1309
3 1167 1310 1168
3 1168 1310 1311
3 1168 1311 1169
3 1169 1311 1312
3 1170 1313 1171
3 1171 1313 1314
3 1171 1314 1172
3 1172 1314 1315
3 1173 1316 1174
3 1174 1316 1317
3 1174 1317 1175
3 1175 1317 1318
3 1176 1319 1177
3 1177 1319 1320
3 1177 1320 1178
3 1178 1320 1321
3 1179 1322 1180
3 1180 1322 1323
3 1180 1323 1181
3 1181 1323 1324
3 1182 1325 1183
3 1183 1325 1326
3 1183 1326 1184
3 1184 1326 1327
3 1185 1327 1186
3 1186 1327 1328
3 1186 1328 1187
3 1187 1328 1329
3 1187 1329 1188
3 1188 1329 1330
3 1189 1331 1190
3 1190 1331 1332
3 1190 1332 1191
3 1191 1332 1333
3 1191 1333 1192
3 1192 1333 1334
3 1192 1334 1193
3 1193 1334 1335
3 1194 1336 1195
3 1195 1336 1337
3 1195 1337 1196
3 1196 1337 1338
3 1196 1338 1197
3 1197 1338 1339
3 1197 1339 1198
3 1198 1339 1340
3 1199 1341 1200
3 1200 1341 1342
3 1200 1342 1201
3 1201 1342 1343
3 1201 1343 1202
3 1202 1343 1344
3 1202 1344 1203
3 1203 1344 1345
3 1204 1346 1205
3 1205 1346 1347
3 1205 1347 1206
3 1206 1347 1348
3 1206 1348 1207
3 1207 1348 1349
3 1208 1350 1209
3 1209 1350 1351
3 1209 1351 1210
3 1210 1351 1352
3 1210 1352 1211
3 1211 1352 1353
3 1211 1353 1212
3 1212 1353 1354
3 1213 1355 1214
3 1214 1355 1356
3 1214 1356 1215
3 1215 1356 1357
3 1215 1357 1216
3 1216 1357 1358
3 1216 1358 1217
3 1217 1358 1359
3 1218 1360 1219
3 1219 1360 1361
3 1219 1361 1220
3 1220 1361 1362
3 1220 1362 1221
3 1221 1362 1363
3 1221 1363 1222
3 1222 1363 1364
3 1223 1365 1224
3 1224 1365 1366
3 1224 1366 1225
3 1225 1366 1367
3 1225 1367 1226
3 1226 1367 1368
3 1226 1368 1227
3 1227 1368 1369
3 1227 1369 1228
3 1228 1369 1370
3 1229 1371 1230
3 1230 1371 1372
3 1230 1372 1231
3 1231 1372 1373
3 1231 1373 1232
3 1232 1373 1374
3 1232 1374 1233
3 1233 1374 1375
3 1233 1375 1234
3 1234 1375 1376
3 1234 1376 1235
3 1235 1376 1377
3 1235 1377 1236
3 1236 1377 1378
3 1236 1378 1237
3 1237 1378 1379
3 1238 1380 1239
3 1239 1380 1381
3 1239 1381 1240
3 1240 1381 1382
3 1240 1382 1241
3 1241 1382 1383
3 1241 1383 1242
3 1242 1383 1384
3 1242 1384 1243
3 1243 1384 1385
3 1243 1385 1244
3 1244 1385 1386
3 1244 1386 1245
3 1245 1386 1387
3 1246 1388 1247
3 1247 1388 1389
3 1247 1389 1248
3 1248 1389 1390
3 1248 1390 1249
3 1249 1390 1391
3 1249 1391 1250
3 1250 1391 1392
3 1250 1392 1251
3 1251 1392 1393
3 1251 1393 1252
3 1252 1393 1394
3 1252 1394 1253
3 1253 1394 1395
3 1253 1395 1254
3 1254 1395 1396
3 1255 1397 1256
3 1256 1397 1398
3 1256 1398 1257
3 1257 1398 1399
3 1257 1399 1258
3 1258 1399 1400
3 1258 1400 1259
3 1259 1400 1401
3 1259 1401 1260
3 1260 1401 1402
3 1260 1402 1261
3 1261 1402 1403
3 1261 1403 1262
3 1262 1403 1404
3 1263 1405 1264
3 1264 1405 1406
3 1264 1406 1265
3 1265 1406 1407
3 1265 1407 1266
3 1266 1407 1408
3 1266 1408 1267
3 1267 1408 1409
3 1267 1409 1268
3 1268 1409 1410
3 1268 1410 1269
3 1269 1410 1411
3 1269 1411 1270
3 1270 1411 1412
3 1270 1412 1271
3 1271 1412 1413
3 1272 1414 1273
3 1273 1414 1415
3 1273 1415 1274
3 1274 1415 1416
3 1274 1416 1275
3 1275 1416 1417
3 1275 1417 1276
3 1276 1417 1418
3 1276 1418 1277
3 1277 1418 1419
3 1277 1419 1278
3 1278 1419 1420
3 1278 1420 1279
3 1279 1420 1421
3 1280 1422 1281
3 1281 1422 1423
3 1281 1423 1282
3 1282 1423 1424
3 1282 1424 1283
3 1283 1424 1425
3 1283 1425 1284
3 1284 1425 1426
3 1284 1426 1285
3 1285 1426 1427
3 1285 1427 1286
3 1286 1427 1428
3 1286 1428 1287
3 1287 1428 1429
3 1287 1429 1288
3 1288 1429 1430
3 1289 1431 1290
3 1290 1431 1432
3 1290 1432 1291
3 1291 1432 1433
3 1291 1433 430
3 1292 431 1434
3 1292 1434 1293
3 1293 1434 1435
3 1293 1435 1294
3 1294 1435 1436
3 1295 1437 1296
3 1296 1437 1438
3 1296 1438 1297
3 1297 1438 1439
3 1297 1439 1298
3 1298 1439 1440
3 1298 1440 1299
3 1299 1440 1441
3 1299 1441 1300
3 1300 1441 1442
3 1300 1442 1301
3 1301 1442 1443
3 1301 1443 1302
3 1302 1443 1444
3 1302 1444 1303
3 1303 1444 1445
3 1303 1445 1304
3 1304 1445 1446
3 1304 1446 1305
3 1305 1446 1447
3 1305 1447 1306
3 1306 1447 1448
3 1306 1448 1307
3 1307 1448 1449
3 1307 1449 1308
3 1308 1449 1450
3 1308 1450 1309
3 1309 1450 1451
3 1310 1452 1311
3 1311 1452 1453
3 1311 1453 1312
3 1312 1453 1454
3 1313 1455 1314
3 1314 1455 1456
3 1314 1456 1315
3 1315 1456 1457
3 1316 1458 1317
3 1317 1458 1459
3 1317 1459 1318
3 1318 1459 1460
3 1319 1461 1320
3 1320 1461 1462
3 1320 1462 1321
3 1321 1462 1463
3 1322 1464 1323
3 1323 1464 1465
3 1323 1465 1324
3 1324 1465 1466
3 1325 1467 1326
3 1326 1467 1468
3 1326 1468 1327
3 1327 1468 1469
3 1327 1470 1328
3 1328 1470 1471
3 1328 1471 1329
3 1329 1471 1472
3 1329 1472 1330
3 1330 1472 1473
3 1331 1474 1332
3 1332 1474 1475
3 1332 1475 1333
3 1333 1475 1476
3 1333 1476 1334
3 1334 1476 1477
3 1334 1477 1335
3 1335 1477 1478
3 1336 1479 1337
3 1337 1479 1480
3 1337 1480 1338
3 1338 1480 1481
3 1338 1481 1339
3 1339 1481 1482
3 1339 1482 1340
3 1340 1482 1483
3 1341 1484 1342
3 1342 1484 1485
3 1342 1485 1343
3 1343 1485 1486
3 1343 1486 1344
3 1344 1486 1487
3 1344 1487 1345
3 1345 1487 1488
3 1346 1489 1347
3 1347 1489 1490
3 1347 1490 1348
3 1348 1490 1491
3 1348 1491 1349
3 1349 1491 1492
3 1350 1493 1351
3 1351 1493 1494
3 1351 1494 1352
3 1352 1494 1495
3 1352 1495 1353
3 1353 1495 1496
3 1353 1496 1354
3 1354 1496 1497
3 1355 1498 1356
3 1356 1498 1499
3 1356 1499 1357
3 1357 1499 1500
3 1357 1500 1358
3 1358 1500 1501
3 1358 1501 1359
3 1359 1501 1502
3 1360 1503 1361
3 1361 1503 1504
3 1361 1504 1362
3 1362 1504 1505
3 1362 1505 1363
3 1363 1505 1506
3 1363 1506 1364
3 1364 1506 1507
3 1365 1508 1366
3 1366 1508 1509
3 1366 1509 1367
3 1367 1509 1510
3 1367 1510 1368
3 1368 1510 1511
3 1368 1511 1369
3 1369 1511 1512
3 1369 1512 1370
3 1370 1512 1513
3 1371 1514 1372
3 1372 1514 1515
3 1372 1515 1373
3 1373 1515 1516
3 1373 1516 1374
3 1374 1516 1517
3 1374 1517 1375
3 1375 1517 1518
3 1375 1518 1376
3 1376 1518 1519
3 1376 1519 1377
3 1377 1519 1520
3 1377 1520 1378
3 1378 1520 1521
3 1378 1521 1379
3 1379 1521 1522
3 1380 1523 1381
3 1381 1523 1524
3 1381 1524 1382
3 1382 1524 1525
3 1382 1525 1383
3 1383 1525 1526
3 1383 1526 1384
3 1384 1526 1527
3 1384 1527 1385
3 1385 1527 1528
3 1385 1528 1386
3 1386 1528 1529
3 1386 1529 1387
3 1387 1529 1530
3 1388 1531 1389
3 1389 1531 1532
3 1389 1532 1390
3 1390 1532 1533
3 1390 1533 1391
3 1391 1533 1534
3 1391 1534 1392
3 1392 1534 1535
3 1392 1535 1393
3 1393 1535 1536
3 1393 1536 1394
3 1394 1536 1537
3 1394 1537 1395
3 1395 1537 1538
3 1395 1538 1396
3 1396 1538 1539
3 1397 1540 1398
3 1398 1540 1541
3 1398 1541 1399
3 1399 1541 1542
3 1399 1542 1400
3 1400 1542 1543
3 1400 1543 1401
3 1401 1543 1544
3 1401 1544 1402
3 1402 1544 1545
3 1402 1545 1403
3 1403 1545 1546
3 1403 1546 1404
3 1404 1546 1547
3 1405 1548 1406
3 1406 1548 1549
3 1406 1549 1407
3 1407 1549 1550
3 1407 1550 1408
3 1408 1550 1551
3 1408 1551 1409
3 1409 1551 1552
3 1409 1552 1410
3 1410 1552 1553
3 1410 1553 1411
3 1411 1553 1554
3 1411 1554 1412
3 1412 1554 1555
3 1412 1555 1413
3 1413 1555 1556
3 1414 1557 1415
3 1415 1557 1558
3 1415 1558 1416
3 1416 1558 1559
3 1416 1559 1417
3 1417 1559 1560
3 1417 1560 1418
3 1418 1560 1561
3 1418 1561 1419
3 1419 1561 1562
3 1419 1562 1420
3 1420 1562 1563
3 1420 1563 1421
3 1421 1563 1564
3 1422 1565 1423
3 1423 1565 1566
3 1423 1566 1424
3 1424 1566 1567
3 1424 1567 1425
3 1425 1567 1568
3 1425 1568 1426
3 1426 1568 1569
3 1426 1569 1427
3 1427 1569 1570
3 1427 1570 1428
3 1428 1570 1571
3 1428 1571 1429
3 1429 1571 1572
3 1429 1572 1430
3 1430 1572 1573
3 1431 1574 1432
3 1432 1574 1575
3 1432 1575 1433
3 1433 1575 1576
3 1433 1576 430
3 430 1576 1005
3 431 1006 1434
3 1434 1006 1577
3 1434 1577 1435
3 1435 1577 1578
3 1435 1578 1436
3 1436 1578 1579
3 1437 1580 1438
3 1438 1580 1581
3 1438 1581 1439
3 1439 1581 1582
3 1439 1582 1440
3 1440 1582 1583
3 1440 1583 1441
3 1441 1583 1584
3 1441 1584 1442
3 1442 1584 1585
3 1442 1585 1443
3 1443 1585 1586
3 1443 1586 1444
3 1444 1586 1587
3 1444 1587 1445
3 1445 1587 1588
3 1445 1588 1446
3 1446 1588 1589
3 1446 1589 1447
3 1447 1589 1590
3 1447 1590 1448
3 1448 1590 1591
3 1448 1591 1449
3 1449 1591 1592
3 1449 1592 1450
3 1450 1592 1593
3 1450 1593 1451
3 1451 1593 1594
3 1452 1595 1453
3 1453 1595 1596
3 1453 1596 1454
3 1454 1596 1597
3 1455 1598 1456
3 1456 1598 1599
3 1456 1599 1457
3 1457 1599 1600
3 1458 1601 1459
3 1459 1601 1602
3 1459 1602 1460
3 1460 1602 1603
3 1461 1604 1462
3 1462 1604 1605
3 1462 1605 1463
3 1463 1605 1606
3 1464 1607 1465
3 1465 1607 1608
3 1465 1608 1466
3 1466 1608 1609
3 1467 1610 1468
3 1468 1610 1611
3 1468 1611 1469
3 1469 1611 1612
3 1470 1613 1471
3 1471 1613 1614
3 1471 1614 1472
3 1472 1614 1615
3 1472 1615 1473
3 1473 1615 1616
3 1474 1617 1475
3 1475 1617 1618
3 1475 1618 1476
3 1476 1618 1619
3 1476 1619 1477
3 1477 1619 1620
3 1477 1620 1478
3 1478 1620 1621
3 1479 1622 1480
3 1480 1622 1623
3 1480 1623 1481
3 1481 1623 1624
3 1481 1624 1482
3 1482 1624 1625
3 1482 1625 1483
3 1483 1625 1626
3 1484 1627 1485
3 1485 1627 1628
3 1485 1628 1486
3 1486 1628 1629
3 1486 1629 1487
3 1487 1629 1630
3 1487 1630 1488
3 1488 1630 1631
3 1489 1632 1490
3 1490 1632 1633
3 1490 1633 1491
3 1491 1633 1634
3 1491 1634 1492
3 1492 1634 1635
3 1493 1636 1494
3 1494 1636 1637
3 1494 1637 1495
3 1495 1637 1638
3 1495 1638 1496
3 1496 1638 1639
3 1496 1639 1497
3 1497 1639 1640
3 1498 1641 1499
3 1499 1641 1642
3 1499 1642 1500
3 1500 1642 1643
3 1500 1643 1501
3 1501 1643 1644
3 1501 1644 1502
3 1502 1644 1645
3 1503 1646 1504
3 1504 1646 1647
3 1504 1647 1505
3 1505 1647 1648
3 1505 1648 1506
3 1506 1648 1649
3 1506 1649 1507
3 1507 1649 1650
3 1508 1651 1509
3 1509 1651 1652
3 1509 1652 1510
3 1510 1652 1653
3 1510 1653 1511
3 1511 1653 1654
3 1511 1654 1512
3 1512 1654 1655
3 1512 1655 1513
3 1513 1655 1656
3 1514 1657 1515
3 1515 1657 1658
3 1515 1658 1516
3 1516 1658 1659
3 1516 1659 1517
3 1517 1659 1660
3 1517 1660 1518
3 1518 1660 1661
3 1518 1661 1519
3 1519 1661 1662
3 1519 1662 1520
3 1520 1662 1663
3 1520 1663 1521
3 1521 1663 1664
3 1521 1664 1522
3 1522 1664 1665
3 1523 1666 1524
3 1524 1666 1667
3 1524 1667 1525
3 1525 1667 1668
3 1525 1668 1526
3 1526 1668 1669
3 1526 1669 1527
3 1527 1669 1670
3 1527 1670 1528
3 1528 1670 1671
3 1528 1671 1529
3 1529 1671 1672
3 1529 1672 1530
3 1530 1672 1673
3 1531 1674 1532
3 1532 1674 1675
3 1532 1675 1533
3 1533 1675 1676
3 1533 1676 1534
3 1534 1676 1677
3 1534 1677 1535
3 1535 1677 1678
3 1535 1678 1536
3 1536 1678 1679
3 1536 1679 1537
3 1537 1679 1680
3 1537 1680 1538
3 1538 1680 1681
3 1538 1681 1539
3 1539 1681 1682
3 1540 1683 1541
3 1541 1683 1684
3 1541 1684 1542
3 1542 1684 1685
3 1542 1685 1543
3 1543 1685 1686
3 1543 1686 1544
3 1544 1686 1687
3 1544 1687 1545
3 1545 1687 1688
3 1545 1688 1546
3 1546 1688 1689
3 1546 1689 1547
3 1547 1689 1690
3 1548 1691 1549
3 1549 1691 1692
3 1549 1692 1550
3 1550 1692 1693
3 1550 1693 1551
3 1551 1693 1694
3 1551 1694 1552
3 1552 1694 1695
3 1552 1695 1553
3 1553 1695 1696
3 1553 1696 1554
3 1554 1696 1697
3 1554 1697 1555
3 1555 1697 1698
3 1555 1698 1556
3 1556 1698 1699
3 1557 1700 1558
3 1558 1700 1701
3 1558 1701 1559
3 1559 1701 1702
3 1559 1702 1560
3 1560 1702 1703
3 1560 1703 1561
3 1561 1703 1704
3 1561 1704 1562
3 1562 1704 1705
3 1562 1705 1563
3 1563 1705 1706
3 1563 1706 1564
3 1564 1706 1707
3 1565 1708 1566
3 1566 1708 1709
3 1566 1709 1567
3 1567 1709 1710
3 1567 1710 1568
3 1568 1710 1711
3 1568 1711 1569
3 1569 1711 1712
3 1569 1712 1570
3 1570 1712 1713
3 1570 1713 1571
3 1571 1713 1714
3 1571 1714 1572
3 1572 1714 1715
3 1572 1715 1573
3 1573 1715 1716
3 1574 1717 1575
3 1575 1717 1718
3 1575 1718 1576
3 1576 1718 1719
3 1576 1719 1005
3 1005 1719 430
3 1006 1720 1577
3 1577 1720 1721
3 1577 1721 1578
3 1578 1721 1722
3 1578 1722 1579
3 1579 1722 1723
3 1580 1724 1581
3 1581 1724 1725
3 1581 1725 1582
3 1582 1725 1726
3 1582 1726 1583
3 1583 1726 1727
3 1583 1727 1584
3 1584 1727 1728
3 1584 1728 1585
3 1585 1728 1729
3 1585 1729 1586
3 1586 1729 1730
3 1586 1730 1587
3 1587 1730 1731
3 1587 1731 1588
3 1588 1731 1732
3 1588 1732 1589
3 1589 1732 1733
3 1589 1733 1590
3 1590 1733 1734
3 1590 1734 1591
3 1591 1734 1735
3 1591 1735 1592
3 1592 1735 1736
3 1592 1736 1593
3 1593 1736 1737
3 1593 1737 1594
3 1594 1737 1738
3 1595 1739 1596
3 1596 1739 1740
3 1596 1740 1597
3 1597 1740 1741
3 1598 1742 1599
3 1599 1742 1743
3 1599 1743 1600
3 1600 1743 1744
3 1601 1745 1602
3 1602 1745 1746
3 1602 1746 1603
3 1603 1746 1747
3 1604 1748 1605
3 1605 1748 1749
3 1605 1749 1606
3 1606 1749 1750
3 1607 1751 1608
3 1608 1751 1752
3 1608 1752 1609
3 1609 1752 1753
3 1610 1754 1611
3 1611 1754 1755
3 1611 1755 1612
3 1612 1755 1756
3 1613 1757 1614
3 1614 1757 1758
3 1614 1758 1615
3 1615 1758 1759
3 1615 1759 1616
3 1616 1759 1760
3 1617 1761 1618
3 1618 1761 1762
3 1618 1762 1619
3 1619 1762 1763
3 1619 1763 1620
3 1620 1763 1764
3 1620 1764 1621
3 1621 1764 1765
3 1622 1766 1623
3 1623 1766 1767
3 1623 1767 1624
3 1624 1767 1768
3 1624 1768 1625
3 1625 1768 1769
3 1625 1769 1626
3 1626 1769 1770
3 1627 1771 1628
3 1628 1771 1772
3 1628 1772 1629
3 1629 1772 1773
3 1629 1773 1630
3 1630 1773 1774
3 1630 1774 1631
3 1631 1774 1775
3 1632 1776 1633
3 1633 1776 1777
3 1633 1777 1634
3 1634 1777 1778
3 1634 1778 1635
3 1635 1778 1779
3 1636 1780 1637
3 1637 1780 1781
3 1637 1781 1638
3 1638 1781 1782
3 1638 1782 1639
3 1639 1782 1783
3 1639 1783 1640
3 1640 1783 1784
3 1641 1785 1642
3 1642 1785 1786
3 1642 1786 1643
3 1643 1786 1787
3 1643 1787 1644
3 1644 1787 1788
3 1644 1788 1645
3 1645 1788 1789
3 1646 1790 1647
3 1647 1790 1791
3 1647 1791 1648
3 1648 1791 1792
3 1648 1792 1649
3 1649 1792 1793
3 1649 1793 1650
3 1650 1793 1794
3 1651 1795 1652
3 1652 1795 1796
3 1652 1796 1653
3 1653 1796 1797
3 1653 1797 1654
3 1654 1797 1798
3 1654 1798 1655
3 1655 1798 1799
3 1655 1799 1656
3 1656 1799 1800
3 1657 1801 1658
3 1658 1801 1802
3 1658 1802 1659
3 1659 1802 1803
3 1659 1803 1660
3 1660 1803 1804
3 1660 1804 1661
3 1661 1804 1805
3 1661 1805 1662
3 1662 1805 1806
3 1662 1806 1663
3 1663 1806 1807
3 1663 1807 1664
3 1664 1807 1808
3 1664 1808 1665
3 1665 1808 1809
3 1666 1810 1667
3 1667 1810 1811
3 1667 1811 1668
3 1668 1811 1812
3 1668 1812 1669
3 1669 1812 1813
3 1669 1813 1670
3 1670 1813 1814
3 1670 1814 1671
3 1671 1814 1815
3 1671 1815 1672
3 1672 1815 1816
3 1672 1816 1673
3 1673 1816 1817
3 1674 1818 1675
3 1675 1818 1819
3 1675 1819 1676
3 1676 1819 1820
3 1676 1820 1677
3 1677 1820 1821
3 1677 1821 1678
3 1678 1821 1822
3 1678 1822 1679
3 1679 1822 1823
3 1679 1823 1680
3 1680 1823 1824
3 1680 1824 1681
3 1681 1824 1825
3 1681 1825 1682
3 1682 1825 1826
3 1683 1827 1684
3 1684 1827 1828
3 1684 1828 1685
3 1685 1828 1829
3 1685 1829 1686
3 1686 1829 1830
3 1686 1830 1687
3 1687 1830 1831
3 1687 1831 1688
3 1688 1831 1832
3 1688 1832 1689
3 1689 1832 1833
3 1689 1833 1690
3 1690 1833 1834
3 1691 1835 1692
3 1692 1835 1836
3 1692 1836 1693
3 1693 1836 1837
3 1693 1837 1694
3 1694 1837 1838
3 1694 1838 1695
3 1695 1838 1839
3 1695 1839 1696
3 1696 1839 1840
3 1696 1840 1697
3 1697 1840 1841
3 1697 1841 1698
3 1698 1841 1842
3 1698 1842 1699
3 1699 1842 1843
3 1700 1844 1701
3 1701 1844 1845
3 1701 1845 1702
3 1702 1845 1846
3 1702 1846 1703
3 1703 1846 1847
3 1703 1847 1704
3 1704 1847 1848
3 1704 1848 1705
3 1705 1848 1849
3 1705 1849 1706
3 1706 1849 1850
3 1706 1850 1707
3 1707 1850 1851
3 1708 1852 1709
3 1709 1852 1853
3 1709 1853 1710
3 1710 1853 1854
3 1710 1854 1711
3 1711 1854 1855
3 1711 1855 1712
3 1712 1855 1856
3 1712 1856 1713
3 1713 1856 1857
3 1713 1857 1714
3 1714 1857 1858
3 1714 1858 1715
3 1715 1858 1859
3 1715 1859 1716
3 1716 1859 1860
3 1717 1861 1718
3 1718 1861 1862
3 1718 1862 1719
3 1719 1862 1863
3 1719 1863 430
3 430 1863 1864
3 1720 1865 1721
3 1721 1865 1866
3 1721 1866 1722
3 1722 1866 1867
3 1722 1867 1723
3 1723 1867 1868
3 1724 1869 1725
3 1725 1869 1870
3 1725 1870 1726
3 1726 1870 1871
3 1726 1871 1727
3 1727 1871 1872
3 1727 1872 1728
3 1728 1872 1873
3 1728 1873 1729
3 1729 1873 1874
3 1729 1874 1730
3 1730 1874 1875
3 1730 1875 1731
3 1731 1875 1876
3 1731 1876 1732
3 1732 1876 1877
3 1732 1877 1733
3 1733 1877 1878
3 1733 1878 1734
3 1734 1878 1879
3 1734 1879 1735
3 1735 1879 1880
3 1735 1880 1736
3 1736 1880 1881
3 1736 1881 1737
3 1737 1881 1882
3 1737 1882 1738
3 1738 1882 1883
3 1739 1884 1740
3 1740 1884 1885
3 1740 1885 1741
3 1741 1885 1886
3 1742 1887 1743
3 1743 1887 1888
3 1743 1888 1744
3 1744 1888 1889
3 1745 1890 1746
3 1746 1890 1891
3 1746 1891 1747
3 1747 1891 1892
3 1748 1893 1749
3 1749 1893 1894
3 1749 1894 1750
3 1750 1894 1895
3 1751 1896 1752
3 1752 1896 1897
3 1752 1897 1753
3 1753 1897 1898
3 1754 1899 1755
3 1755 1899 1900
3 1755 1900 1756
3 1756 1900 1901
3 1757 1902 1758
3 1758 1902 1903
3 1758 1903 1759
3 1759 1903 1904
3 1759 1904 1760
3 1760 1904 1905
3 1761 1906 1762
3 1762 1906 1907
3 1762 1907 1763
3 1763 1907 1908
3 1763 1908 1764
3 1764 1908 1909
3 1764 1909 1765
3 1765 1909 1910
3 1766 1911 1767
3 1767 1911 1912
3 1767 1912 1768
3 1768 1912 1913
3 1768 1913 1769
3 1769 1913 1914
3 1769 1914 1770
3 1770 1914 1915
3 1771 1916 1772
3 1772 1916 1917
3 1772 1917 1773
3 1773 1917 1918
3 1773 1918 1774
3 1774 1918 1919
3 1774 1919 1775
3 1775 1919 1920
3 1776 1921 1777
3 1777 1921 1922
3 1777 1922 1778
3 1778 1922 1923
3 1778 1923 1779
3 1779 1923 1924
3 1780 1925 1781
3 1781 1925 1926
3 1781 1926 1782
3 1782 1926 1927
3 1782 1927 1783
3 1783 1927 1928
3 1783 1928 1784
3 1784 1928 1929
3 1785 1930 1786
3 1786 1930 1931
3 1786 1931 1787
3 1787 1931 1932
3 1787 1932 1788
3 1788 1932 1933
3 1788 1933 1789
3 1789 1933 1934
3 1790 1935 1791
3 1791 1935 1936
3 1791 1936 1792
3 1792 1936 1937
3 1792 1937 1793
3 1793 1937 1938
3 1793 1938 1794
3 1794 1938 1939
3 1795 1940 1796
3 1796 1940 1941
3 1796 1941 1797
3 1797 1941 1942
3 1797 1942 1798
3 1798 1942 1943
3 1798 1943 1799
3 1799 1943 1944
3 1799 1944 1800
3 1800 1944 1945
3 1801 1946 1802
3 1802 1946 1947
3 1802 1947 1803
3 1803 1947 1948
3 1803 1948 1804
3 1804 1948 1949
3 1804 1949 1805
3 1805 1949 1950
3 1805 1950 1806
3 1806 1950 1951
3 1806 1951 1807
3 1807 1951 1952
3 1807 1952 1808
3 1808 1952 1953
3 1808 1953 1809
3 1809 1953 1954
3 1810 1955 1811
3 1811 1955 1956
3 1811 1956 1812
3 1812 1956 1957
3 1812 1957 1813
3 1813 1957 1958
3 1813 1958 1814
3 1814 1958 1959
3 1814 1959 1815
3 1815 1959 1960
3 1815 1960 1816
3 1816 1960 1961
3 1816 1961 1817
3 1817 1961 1962
3 1818 1963 1819
3 1819 1963 1964
3 1819 1964 1820
3 1820 1964 1965
3 1820 1965 1821
3 1821 1965 1966
3 1821 1966 1822
3 1822 1966 1967
3 1822 1967 1823
3 1823 1967 1968
3 1823 1968 1824
3 1824 1968 1969
3 1824 1969 1825
3 1825 1969 1970
3 1825 1970 1826
3 1826 1970 1971
3 1827 1972 1828
3 1828 1972 1973
3 1828 1973 1829
3 1829 1973 1974
3 1829 1974 1830
3 1830 1974 1975
3 1830 1975 1831
3 1831 1975 1976
3 1831 1976 1832
3 1832 1976 1977
3 1832 1977 1833
3 1833 1977 1978
3 1833 1978 1834
3 1834 1978 1979
3 1835 1980 1836
3 1836 1980 1981
3 1836 1981 1837
3 1837 1981 1982
3 1837 1982 1838
3 1838 1982 1983
3 1838 1983 1839
3 1839 1983 1984
3 1839 1984 1840
3 1840 1984 1985
3 1840 1985 1841
3 1841 1985 1986
3 1841 1986 1842
3 1842 1986 1987
3 1842 1987 1843
3 1843 1987 1988
3 1844 1989 1845
3 1845 1989 1990
3 1845 1990 1846
3 1846 1990 1991
3 1846 1991 1847
3 1847 1991 1992
3 1847 1992 1848
3 1848 1992 1993
3 1848 1993 1849
3 1849 1993 1994
3 1849 1994 1850
3 1850 1994 1995
3 1850 1995 1851
3 1851 1995 1996
3 1852 1997 1853
3 1853 1997 1998
3 1853 1998 1854
3 1854 1998 1999
3 1854 1999 1855
3 1855 1999 2000
3 1855 2000 1856
3 1856 2000 2001
3 1856 2001 1857
3 1857 2001 2002
3 1857 2002 1858
3 1858 2002 2003
3 1858 2003 1859
3 1859 2003 2004
3 1859 2004 1860
3 1860 2004 2005
3 1861 2006 1862
3 1862 2006 2007
3 1862 2007 1863
3 1863 2007 2008
3 1863 2008 1864
3 1864 2008 2009
3 1865 575 1866
3 1866 575 2010
3 1866 2010 1867
3 1867 2010 2011
3 1867 2011 1868
3 1868 2011 2012
3 1869 2013 1870
3 1870 2013 2014
3 1870 2014 1871
3 1871 2014 2015
3 1871 2015 1872
3 1872 2015 2016
3 1872 2016 1873
3 1873 2016 2017
3 1873 2017 1874
3 1874 2017 2018
3 1874 2018 1875
3 1875 2018 2019
3 1875 2019 1876
3 1876 2019 2020
3 1876 2020 1877
3 1877 2020 2021
3 1877 2021 1878
3 1878 2021 2022
3 1878 2022 1879
3 1879 2022 2023
3 1879 2023 1880
3 1880 2023 2024
3 1880 2024 1881
3 1881 2024 2025
3 1881 2025 1882
3 1882 2025 2026
3 1882 2026 1883
3 1883 2026 2027
3 1884 2028 1885
3 1885 2028 2029
3 1885 2029 1886
3 1886 2029 2030
3 1887 2031 1888
3 1888 2031 2032
3 1888 2032 1889
3 1889 2032 2033
3 1890 2034 1891
3 1891 2034 2035
3 1891 2035 1892
3 1892 2035 2036
3 1893 2037 1894
3 1894 2037 2038
3 1894 2038 1895
3 1895 2038 2039
3 1896 2040 1897
3 1897 2040 2041
3 1897 2041 1898
3 1898 2041 2042
3 1899 2043 1900
3 1900 2043 2044
3 1900 2044 1901
3 1901 2044 2045
3 1902 2045 1903
3 1903 2045 2046
3 1903 2046 1904
3 1904 2046 2047
3 1904 2047 1905
3 1905 2047 2048
3 1906 2049 1907
3 1907 2049 2050
3 1907 2050 1908
3 1908 2050 2051
3 1908 2051 1909
3 1909 2051 2052
3 1909 2052 1910
3 1910 2052 2053
3 1911 2054 1912
3 1912 2054 2055
3 1912 2055 1913
3 1913 2055 2056
3 1913 2056 1914
3 1914 2056 2057
3 1914 2057 1915
3 1915 2057 2058
3 1916 2059 1917
3 1917 2059 2060
3 1917 2060 1918
3 1918 2060 2061
3 1918 2061 1919
3 1919 2061 2062
3 1919 2062 1920
3 1920 2062 2063
3 1921 2064 1922
3 1922 2064 2065
3 1922 2065 1923
3 1923 2065 2066
3 1923 2066 1924
3 1924 2066 2067
3 1925 2068 1926
3 1926 2068 2069
3 1926 2069 1927
3 1927 2069 2070
3 1927 2070 1928
3 1928 2070 2071
3 1928 2071 1929
3 1929 2071 2072
3 1930 2073 1931
3 1931 2073 2074
3 1931 2074 1932
3 1932 2074 2075
3 1932 2075 1933
3 1933 2075 2076
3 1933 2076 1934
3 1934 2076 2077
3 1935 2078 1936
3 1936 2078 2079
3 1936 2079 1937
3 1937 2079 2080
3 1937 2080 1938
3 1938 2080 2081
3 1938 2081 1939
3 1939 2081 2082
3 1940 2083 1941
3 1941 2083 2084
3 1941 2084 1942
3 1942 2084 2085
3 1942 2085 1943
3 1943 2085 2086
3 1943 2086 1944
3 1944 2086 2087
3 1944 2087 1945
3 1945 2087 2088
3 1946 2089 1947
3 1947 2089 2090
3 1947 2090 1948
3 1948 2090 2091
3 1948 2091 1949
3 1949 2091 2092
3 1949 2092 1950
3 1950 2092 2093
3 1950 2093 1951
3 1951 2093 2094
3 1951 2094 1952
3 1952 2094 2095
3 1952 2095 1953
3 1953 2095 2096
3 1953 2096 1954
3 1954 2096 2097
3 1955 2098 1956
3 1956 2098 2099
3 1956 2099 1957
3 1957 2099 2100
3 1957 2100 1958
3 1958 2100 2101
3 1958 2101 1959
3 1959 2101 2102
3 1959 2102 1960
3 1960 2102 2103
3 1960 2103 1961
3 1961 2103 2104
3 1961 2104 1962
3 1962 2104 2105
3 1963 2106 1964
3 1964 2106 2107
3 1964 2107 1965
3 1965 2107 2108
3 1965 2108 1966
3 1966 2108 2109
3 1966 2109 1967
3 1967 2109 2110
3 1967 2110 1968
3 1968 2110 2111
3 1968 2111 1969
3 1969 2111 2112
3 1969 2112 1970
3 1970 2112 2113
3 1970 2113 1971
3 1971 2113 2114
3 1972 2115 1973
3 1973 2115 2116
3 1973 2116 1974
3 1974 2116 2117
3 1974 2117 1975
3 1975 2117 2118
3 1975 2118 1976
3 1976 2118 2119
3 1976 2119 1977
3 1977 2119 2120
3 1977 2120 1978
3 1978 2120 2121
3 1978 2121 1979
3 1979 2121 2122
3 1980 2123 1981
3 1981 2123 2124
3 1981 2124 1982
3 1982 2124 2125
3 1982 2125 1983
3 1983 2125 2126
3 1983 2126 1984
3 1984 2126 2127
3 1984 2127 1985
3 1985 2127 2128
3 1985 2128 1986
3 1986 2128 2129
3 1986 2129 1987
3 1987 2129 2130
3 1987 2130 1988
3 1988 2130 2131
3 1989 2132 1990
3 1990 2132 2133
3 1990 2133 1991
3 1991 2133 2134
3 1991 2134 1992
3 1992 2134 2135
3 1992 2135 1993
3 1993 2135 2136
3 1993 2136 1994
3 1994 2136 2137
3 1994 2137 1995
3 1995 2137 2138
3 1995 2138 1996
3 1996 2138 2139
3 1997 2140 1998
3 1998 2140 2141
3 1998 2141 1999
3 1999 2141 2142
3 1999 2142 2000
3 2000 2142 2143
3 2000 2143 2001
3 2001 2143 2144
3 2001 2144 2002
3 2002 2144 2145
3 2002 2145 2003
3 2003 2145 2146
3 2003 2146 2004
3 2004 2146 2147
3 2004 2147 2005
3 2005 2147 2148
3 2006 2149 2007
3 2007 2149 2150
3 2007 2150 2008
3 2008 2150 2151
3 2008 2151 2009
3 2009 2151 861
3 2010 575 2152
3 2010 2152 2011
3 2011 2152 2153
3 2011 2153 2012
3 2012 2153 2154
3 2013 2155 2014
3 2014 2155 2156
3 2014 2156 2015
3 2015 2156 2157
3 2015 2157 2016
3 2016 2157 2158
3 2016 2158 2017
3 2017 2158 2159
3 2017 2159 2018
3 2018 2159 2160
3 2018 2160 2019
3 2019 2160 2161
3 2019 2161 2020
3 2020 2161 2162
3 2020 2162 2021
3 2021 2162 2163
3 2021 2163 2022
3 2022 2163 2164
3 2022 2164 2023
3 2023 2164 2165
3 2023 2165 2024
3 2024 2165 2166
3 2024 2166 2025
3 2025 2166 2167
3 2025 2167 2026
3 2026 2167 2168
3 2026 2168 2027
3 2027 2168 2169
3 2028 2170 2029
3 2029 2170 2171
3 2029 2171 2030
3 2030 2171 2172
3 2031 2173 2032
3 2032 2173 2174
3 2032 2174 2033
3 2033 2174 2175
3 2034 2176 2035
3 2035 2176 2177
3 2035 2177 2036
3 2036 2177 2178
3 2037 2179 2038
3 2038 2179 2180
3 2038 2180 2039
3 2039 2180 2181
3 2040 2182 2041
3 2041 2182 2183
3 2041 2183 2042
3 2042 2183 2184
3 2043 2185 2044
3 2044 2185 2186
3 2044 2186 2045
3 2045 2186 2187
3 2045 2188 2046
3 2046 2188 2189
3 2046 2189 2047
3 2047 2189 2190
3 2047 2190 2048
3 2048 2190 2191
3 2049 2192 2050
3 2050 2192 2193
3 2050 2193 2051
3 2051 2193 2194
3 2051 2194 2052
3 2052 2194 2195
3 2052 2195 2053
3 2053 2195 2196
3 2054 2197 2055
3 2055 2197 2198
3 2055 2198 2056
3 2056 2198 2199
3 2056 2199 2057
3 2057 2199 2200
3 2057 2200 2058
3 2058 2200 2201
3 2059 2202 2060
3 2060 2202 2203
3 2060 2203 2061
3 2061 2203 2204
3 2061 2204 2062
3 2062 2204 2205
3 2062 2205 2063
3 2063 2205 2206
3 2064 2207 2065
3 2065 2207 2208
3 2065 2208 2066
3 2066 2208 2209
3 2066 2209 2067
3 2067 2209 2210
3 2068 2211 2069
3 2069 2211 2212
3 2069 2212 2070
3 2070 2212 2213
3 2070 2213 2071
3 2071 2213 2214
3 2071 2214 2072
3 2072 2214 2215
3 2073 2216 2074
3 2074 2216 2217
3 2074 2217 2075
3 2075 2217 2218
3 2075 2218 2076
3 2076 2218 2219
3 2076 2219 2077
3 2077 2219 2220
3 2078 2221 2079
3 2079 2221 2222
3 2079 2222 2080
3 2080 2222 2223
3 2080 2223 2081
3 2081 2223 2224
3 2081 2224 2082
3 2082 2224 2225
3 2083 2226 2084
3 2084 2226 2227
3 2084 2227 2085
3 2085 2227 2228
3 2085 2228 2086
3 2086 2228 2229
3 2086 2229 2087
3 2087 2229 2230
3 2087 2230 2088
3 2088 2230 2231
3 2089 2232 2090
3 2090 2232 2233
3 2090 2233 2091
3 2091 2233 2234
3 2091 2234 2092
3 2092 2234 2235
3 2092 2235 2093
3 2093 2235 2236
3 2093 2236 2094
3 2094 2236 2237
3 2094 2237 2095
3 2095 2237 2238
3 2095 2238 2096
3 2096 2238 2239
3 2096 2239 2097
3 2097 2239 2240
3 2098 2241 2099
3 2099 2241 2242
3 2099 2242 2100
3 2100 2242 2243
3 2100 2243 2101
3 2101 2243 2244
3 2101 2244 2102
3 2102 2244 2245
3 2102 2245 2103
3 2103 2245 2246
3 2103 2246 2104
3 2104 2246 2247
3 2104 2247 2105
3 2105 2247 2248
3 2106 2249 2107
3 2107 2249 2250
3 2107 2250 2108
3 2108 2250 2251
3 2108 2251 2109
3 2109 2251 2252
3 2109 2252 2110
3 2110 2252 2253
3 2110 2253 2111
3 2111 2253 2254
3 2111 2254 2112
3 2112 2254 2255
3 2112 2255 2113
3 2113 2255 2256
3 2113 2256 2114
3 2114 2256 2257
3 2115 2258 2116
3 2116 2258 2259
3 2116 2259 2117
3 2117 2259 2260
3 2117 2260 2118
3 2118 2260 2261
3 2118 2261 2119
3 2119 2261 2262
3 2119 2262 2120
3 2120 2262 2263
3 2120 2263 2121
3 2121 2263 2264
3 2121 2264 2122
3 2122 2264 2265
3 2123 2266 2124
3 2124 2266 2267
3 2124 2267 2125
3 2125 2267 2268
3 2125 2268 2126
3 2126 2268 2269
3 2126 2269 2127
3 2127 2269 2270
3 2127 2270 2128
3 2128 2270 2271
3 2128 2271 2129
3 2129 2271 2272
3 2129 2272 2130
3 2130 2272 2273
3 2130 2273 2131
3 2131 2273 2274
3 2132 2275 2133
3 2133 2275 2276
3 2133 2276 2134
3 2134 2276 2277
3 2134 2277 2135
3 2135 2277 2278
3 2135 2278 2136
3 2136 2278 2279
3 2136 2279 2137
3 2137 2279 2280
3 2137 2280 2138
3 2138 2280 2281
3 2138 2281 2139
3 2139 2281 2282
3 2140 2283 2141
3 2141 2283 2284
3 2141 2284 2142
3 2142 2284 2285
3 2142 2285 2143
3 2143 2285 2286
3 2143 2286 2144
3 2144 2286 2287
3 2144 2287 2145
3 2145 2287 2288
3 2145 2288 2146
3 2146 2288 2289
3 2146 2289 2147
3 2147 2289 2290
3 2147 2290 2148
3 2148 2290 2291
3 2149 2292 2150
3 2150 2292 2293
3 2150 2293 2151
3 2151 2293 2294
3 2151 2294 861
3 861 2294 286
3 2152 575 2295
3 2152 2295 2153
3 2153 2295 2296
3 2153 2296 2154
3 2154 2296 2297
3 2155 2298 2156
3 2156 2298 2299
3 2156 2299 2157
3 2157 2299 2300
3 2157 2300 2158
3 2158 2300 2301
3 2158 2301 2159
3 2159 2301 2302
3 2159 2302 2160
3 2160 2302 2303
3 2160 2303 2161
3 2161 2303 2304
3 2161 2304 2162
3 2162 2304 2305
3 2162 2305 2163
3 2163 2305 2306
3 2163 2306 2164
3 2164 2306 2307
3 2164 2307 2165
3 2165 2307 2308
3 2165 2308 2166
3 2166 2308 2309
3 2166 2309 2167
3 2167 2309 2310
3 2167 2310 2168
3 2168 2310 2311
3 2168 2311 2169
3 2169 2311 2312
3 2170 2313 2171
3 2171 2313 2314
3 2171 2314 2172
3 2172 2314 2315
3 2173 2316 2174
3 2174 2316 2317
3 2174 2317 2175
3 2175 2317 2318
3 2176 2319 2177
3 2177 2319 2320
3 2177 2320 2178
3 2178 2320 2321
3 2179 2322 2180
3 2180 2322 2323
3 2180 2323 2181
3 2181 2323 2324
3 2182 2325 2183
3 2183 2325 2326
3 2183 2326 2184
3 2184 2326 2327
3 2185 2328 2186
3 2186 2328 2329
3 2186 2329 2187
3 2187 2329 2330
3 2188 2331 2189
3 2189 2331 2332
3 2189 2332 2190
3 2190 2332 2333
3 2190 2333 2191
3 2191 2333 2334
3 2192 2335 2193
3 2193 2335 2336
3 2193 2336 2194
3 2194 2336 2337
3 2194 2337 2195
3 2195 2337 2338
3 2195 2338 2196
3 2196 2338 2339
3 2197 2340 2198
3 2198 2340 2341
3 2198 2341 2199
3 2199 2341 2342
3 2199 2342 2200
3 2200 2342 2343
3 2200 2343 2201
3 2201 2343 2344
3 2202 2345 2203
3 2203 2345 2346
3 2203 2346 2204
3 2204 2346 2347
3 2204 2347 2205
3 2205 2347 2348
3 2205 2348 2206
3 2206 2348 2349
3 2207 2350 2208
3 2208 2350 2351
3 2208 2351 2209
3 2209 2351 2352
3 2209 2352 2210
3 2210 2352 2353
3 2211 2354 2212
3 2212 2354 2355
3 2212 2355 2213
3 2213 2355 2356
3 2213 2356 2214
3 2214 2356 2357
3 2214 2357 2215
3 2215 2357 2358
3 2216 2359 2217
3 2217 2359 2360
3 2217 2360 2218
3 2218 2360 2361
3 2218 2361 2219
3 2219 2361 2362
3 2219 2362 2220
3 2220 2362 2363
3 2221 2364 2222
3 2222 2364 2365
3 2222 2365 2223
3 2223 2365 2366
3 2223 2366 2224
3 2224 2366 2367
3 2224 2367 2225
3 2225 2367 2368
3 2226 2369 2227
3 2227 2369 2370
3 2227 2370 2228
3 2228 2370 2371
3 2228 2371 2229
3 2229 2371 2372
3 2229 2372 2230
3 2230 2372 2373
3 2230 2373 2231
3 2231 2373 2374
3 2232 2375 2233
3 2233 2375 2376
3 2233 2376 2234
3 2234 2376 2377
3 2234 2377 2235
3 2235 2377 2378
3 2235 2378 2236
3 2236 2378 2379
3 2236 2379 2237
3 2237 2379 2380
3 2237 2380 2238
3 2238 2380 2381
3 2238 2381 2239
3 2239 2381 2382
3 2239 2382 2240
3 2240 2382 2383
3 2241 2384 2242
3 2242 2384 2385
3 2242 2385 2243
3 2243 2385 2386
3 2243 2386 2244
3 2244 2386 2387
3 2244 2387 2245
3 2245 2387 2388
3 2245 2388 2246
3 2246 2388 2389
3 2246 2389 2247
3 2247 2389 2390
3 2247 2390 2248
3 2248 2390 2391
3 2249 2392 2250
3 2250 2392 2393
3 2250 2393 2251
3 2251 2393 2394
3 2251 2394 2252
3 2252 2394 2395
3 2252 2395 2253
3 2253 2395 2396
3 2253 2396 2254
3 2254 2396 2397
3 2254 2397 2255
3 2255 2397 2398
3 2255 2398 2256
3 2256 2398 2399
3 2256 2399 2257
3 2257 2399 2400
3 2258 2401 2259
3 2259 2401 2402
3 2259 2402 2260
3 2260 2402 2403
3 2260 2403 2261
3 2261 2403 2404
3 2261 2404 2262
3 2262 2404 2405
3 2262 2405 2263
3 2263 2405 2406
3 2263 2406 2264
3 2264 2406 2407
3 2264 2407 2265
3 2265 2407 2408
3 2266 2409 2267
3 2267 2409 2410
3 2267 2410 2268
3 2268 2410 2411
3 2268 2411 2269
3 2269 2411 2412
3 2269 2412 2270
3 2270 2412 2413
3 2270 2413 2271
3 2271 2413 2414
3 2271 2414 2272
3 2272 2414 2415
3 2272 2415 2273
3 2273 2415 2416
3 2273 2416 2274
3 2274 2416 2417
3 2275 2418 2276
3 2276 2418 2419
3 2276 2419 2277
3 2277 2419 2420
3 2277 2420 2278
3 2278 2420 2421
3 2278 2421 2279
3 2279 2421 2422
3 2279 2422 2280
3 2280 2422 2423
3 2280 2423 2281
3 2281 2423 2424
3 2281 2424 2282
3 2282 2424 2425
3 2283 2426 2284
3 2284 2426 2427
3 2284 2427 2285
3 2285 2427 2428
3 2285 2428 2286
3 2286 2428 2429
3 2286 2429 2287
3 2287 2429 2430
3 2287 2430 2288
3 2288 2430 2431
3 2288 2431 2289
3 2289 2431 2432
3 2289 2432 2290
3 2290 2432 2433
3 2290 2433 2291
3 2291 2433 2434
3 2292 2435 2293
3 2293 2435 2436
3 2293 2436 2294
3 2294 2436 2437
3 2294 2437 286
3 575 1 2295
3 2295 1 2438
3 2295 2438 2296
3 2296 2438 2439
3 2296 2439 2297
3 2297 2439 2440
3 2298 2441 2299
3 2299 2441 2442
3 2299 2442 2300
3 2300 2442 2443
3 2300 2443 2301
3 2301 2443 2444
3 2301 2444 2302
3 2302 2444 2445
3 2302 2445 2303
3 2303 2445 2446
3 2303 2446 2304
3 2304 2446 2447
3 2304 2447 2305
3 2305 2447 2448
3 2305 2448 2306
3 2306 2448 2449
3 2306 2449 2307
3 2307 2449 2450
3 2307 2450 2308
3 2308 2450 2451
3 2308 2451 2309
3 2309 2451 2452
3 2309 2452 2310
3 2310 2452 2453
3 2310 2453 2311
3 2311 2453 2454
3 2311 2454 2312
3 2312 2454 2455
3 2313 2456 2314
3 2314 2456 2457
3 2314 2457 2315
3 2315 2457 2458
3 2316 2459 2317
3 2317 2459 2460
3 2317 2460 2318
3 2318 2460 2461
3 2319 2462 2320
3 2320 2462 2463
3 2320 2463 2321
3 2321 2463 2464
3 2322 2465 2323
3 2323 2465 2466
3 2323 2466 2324
3 2324 2466 2467
3 2325 2468 2326
3 2326 2468 2469
3 2326 2469 2327
3 2327 2469 2470
3 2328 2471 2329
3 2329 2471 2472
3 2329 2472 2330
3 2330 2472 2473
3 2331 2474 2332
3 2332 2474 2475
3 2332 2475 2333
3 2333 2475 2476
3 2333 2476 2334
3 2334 2476 2477
3 2335 2478 2336
3 2336 2478 2479
3 2336 2479 2337
3 2337 2479 2480
3 2337 2480 2338
3 2338 2480 2481
3 2338 2481 2339
3 2339 2481 2482
3 2340 2483 2341
3 2341 2483 2484
3 2341 2484 2342
3 2342 2484 2485
3 2342 2485 2343
3 2343 2485 2486
3 2343 2486 2344
3 2344 2486 2487
3 2345 2488 2346
3 2346 2488 2489
3 2346 2489 2347
3 2347 2489 2490
3 2347 2490 2348
3 2348 2490 2491
3 2348 2491 2349
3 2349 2491 2492
3 2350 2493 2351
3 2351 2493 2494
3 2351 2494 2352
3 2352 2494 2495
3 2352 2495 2353
3 2353 2495 2496
3 2354 2497 2355
3 2355 2497 2498
3 2355 2498 2356
3 2356 2498 2499
3 2356 2499 2357
3 2357 2499 2500
3 2357 2500 2358
3 2358 2500 2501
3 2359 2502 2360
3 2360 2502 2503
3 2360 2503 2361
3 2361 2503 2504
3 2361 2504 2362
3 2362 2504 2505
3 2362 2505 2363
3 2363 2505 2506
3 2364 2507 2365
3 2365 2507 2508
3 2365 2508 2366
3 2366 2508 2509
3 2366 2509 2367
3 2367 2509 2510
3 2367 2510 2368
3 2368 2510 2511
3 2369 2512 2370
3 2370 2512 2513
3 2370 2513 2371
3 2371 2513 2514
3 2371 2514 2372
3 2372 2514 2515
3 2372 2515 2373
3 2373 2515 2516
3 2373 2516 2374
3 2374 2516 2517
3 2375 2518 2376
3 2376 2518 2519
3 2376 2519 2377
3 2377 2519 2520
3 2377 2520 2378
3 2378 2520 2521
3 2378 2521 2379
3 2379 2521 2522
3 2379 2522 2380
3 2380 2522 2523
3 2380 2523 2381
3 2381 2523 2524
3 2381 2524 2382
3 2382 2524 2525
3 2382 2525 2383
3 2383 2525 2526
3 2384 2527 2385
3 2385 2527 2528
3 2385 2528 2386
3 2386 2528 2529
3 2386 2529 2387
3 2387 2529 2530
3 2387 2530 2388
3 2388 2530 2531
3 2388 2531 2389
3 2389 2531 2532
3 2389 2532 2390
3 2390 2532 2533
3 2390 2533 2391
3 2391 2533 2534
3 2392 2535 2393
3 2393 2535 2536
3 2393 2536 2394
3 2394 2536 2537
3 2394 2537 2395
3 2395 2537 2538
3 2395 2538 2396
3 2396 2538 2539
3 2396 2539 2397
3 2397 2539 2540
3 2397 2540 2398
3 2398 2540 2541
3 2398 2541 2399
3 2399 2541 2542
3 2399 2542 2400
3 2400 2542 2543
3 2401 2544 2402
3 2402 2544 2545
3 2402 2545 2403
3 2403 2545 2546
3 2403 2546 2404
3 2404 2546 2547
3 2404 2547 2405
3 2405 2547 2548
3 2405 2548 2406
3 2406 2548 2549
3 2406 2549 2407
3 2407 2549 2550
3 2407 2550 2408
3 2408 2550 2551
3 2409 2552 2410
3 2410 2552 2553
3 2410 2553 2411
3 2411 2553 2554
3 2411 2554 2412
3 2412 2554 2555
3 2412 2555 2413
3 2413 2555 2556
3 2413 2556 2414
3 2414 2556 2557
3 2414 2557 2415
3 2415 2557 2558
3 2415 2558 2416
3 2416 2558 2559
3 2416 2559 2417
3 2417 2559 2560
3 2418 2561 2419
3 2419 2561 2562
3 2419 2562 2420
3 2420 2562 2563
3 2420 2563 2421
3 2421 2563 2564
3 2421 2564 2422
3 2422 2564 2565
3 2422 2565 2423
3 2423 2565 2566
3 2423 2566 2424
3 2424 2566 2567
3 2424 2567 2425
3 2425 2567 2568
3 2426 2569 2427
3 2427 2569 2570
3 2427 2570 2428
3 2428 2570 2571
3 2428 2571 2429
3 2429 2571 2572
3 2429 2572 2430
3 2430 2572 2573
3 2430 2573 2431
3 2431 2573 2574
3 2431 2574 2432
3 2432 2574 2575
3 2432 2575 2433
3 2433 2575 2576
3 2433 2576 2434
3 2434 2576 2577
3 2435 2578 2436
3 2436 2578 2579
3 2436 2579 2437
3 2437 2579 2580
3 2437 2580 286
3 2438 1 2581
3 2438 2581 2439
3 2439 2581 2582
3 2439 2582 2440
3 2440 2582 2583
3 2441 2584 2442
3 2442 2584 2585
3 2442 2585 2443
3 2443 2585 2586
3 2443 2586 2444
3 2444 2586 2587
3 2444 2587 2445
3 2445 2587 2588
3 2445 2588 2446
3 2446 2588 2589
3 2446 2589 2447
3 2447 2589 2590
3 2447 2590 2448
3 2448 2590 2591
3 2448 2591 2449
3 2449 2591 2592
3 2449 2592 2450
3 2450 2592 2593
3 2450 2593 2451
3 2451 2593 2594
3 2451 2594 2452
3 2452 2594 2595
3 2452 2595 2453
3 2453 2595 2596
3 2453 2596 2454
3 2454 2596 2597
3 2454 2597 2455
3 2455 2597 2598
3 2456 2599 2457
3 2457 2599 2600
3 2457 2600 2458
3 2458 2600 2601
3 2459 2602 2460
3 2460 2602 2603
3 2460 2603 2461
3 2461 2603 2604
3 2462 2605 2463
3 2463 2605 2606
3 2463 2606 2464
3 2464 2606 2607
3 2465 2608 2466
3 2466 2608 2609
3 2466 2609 2467
3 2467 2609 2610
3 2468 2611 2469
3 2469 2611 2612
3 2469 2612 2470
3 2470 2612 2613
3 2471 2614 2472
3 2472 2614 2615
3 2472 2615 2473
3 2473 2615 2616
3 2474 2617 2475
3 2475 2617 2618
3 2475 2618 2476
3 2476 2618 2619
3 2476 2619 2477
3 2477 2619 2620
3 2478 2621 2479
3 2479 2621 2622
3 2479 2622 2480
3 2480 2622 2623
3 2480 2623 2481
3 2481 2623 2624
3 2481 2624 2482
3 2482 2624 2625
3 2483 2626 2484
3 2484 2626 2627
3 2484 2627 2485
3 2485 2627 2628
3 2485 2628 2486
3 2486 2628 2629
3 2486 2629 2487
3 2487 2629 2630
3 2488 2631 2489
3 2489 2631 2632
3 2489 2632 2490
3 2490 2632 2633
3 2490 2633 2491
3 2491 2633 2634
3 2491 2634 2492
3 2492 2634 2635
3 2493 2636 2494
3 2494 2636 2637
3 2494 2637 2495
3 2495 2637 2638
3 2495 2638 2496
3 2496 2638 2639
3 2497 2640 2498
3 2498 2640 2641
3 2498 2641 2499
3 2499 2641 2642
3 2499 2642 2500
3 2500 2642 2643
3 2500 2643 2501
3 2501 2643 2644
3 2502 2645 2503
3 2503 2645 2646
3 2503 2646 2504
3 2504 2646 2647
3 2504 2647 2505
3 2505 2647 2648
3 2505 2648 2506
3 2506 2648 2649
3 2507 2650 2508
3 2508 2650 2651
3 2508 2651 2509
3 2509 2651 2652
3 2509 2652 2510
3 2510 2652 2653
3 2510 2653 2511
3 2511 2653 2654
3 2512 2655 2513
3 2513 2655 2656
3 2513 2656 2514
3 2514 2656 2657
3 2514 2657 2515
3 2515 2657 2658
3 2515 2658 2516
3 2516 2658 2659
3 2516 2659 2517
3 2517 2659 2660
3 2518 2661 2519
3 2519 2661 2662
3 2519 2662 2520
3 2520 2662 2663
3 2520 2663 2521
3 2521 2663 2664
3 2521 2664 2522
3 2522 2664 2665
3 2522 2665 2523
3 2523 2665 2666
3 2523 2666 2524
3 2524 2666 2667
3 2524 2667 2525
3 2525 2667 2668
3 2525 2668 2526
3 2526 2668 2669
3 2527 2670 2528
3 2528 2670 2671
3 2528 2671 2529
3 2529 2671 2672
3 2529 2672 2530
3 2530 2672 2673
3 2530 2673 2531
3 2531 2673 2674
3 2531 2674 2532
3 2532 2674 2675
3 2532 2675 2533
3 2533 2675 2676
3 2533 2676 2534
3 2534 2676 2677
3 2535 2678 2536
3 2536 2678 2679
3 2536 2679 2537
3 2537 2679 2680
3 2537 2680 2538
3 2538 2680 2681
3 2538 2681 2539
3 2539 2681 2682
3 2539 2682 2540
3 2540 2682 2683
3 2540 2683 2541
3 2541 2683 2684
3 2541 2684 2542
3 2542 2684 2685
3 2542 2685 2543
3 2543 2685 2686
3 2544 2687 2545
3 2545 2687 2688
3 2545 2688 2546
3 2546 2688 2689
3 2546 2689 2547
3 2547 2689 2690
3 2547 2690 2548
3 2548 2690 2691
3 2548 2691 2549
3 2549 2691 2692
3 2549 2692 2550
3 2550 2692 2693
3 2550 2693 2551
3 2551 2693 2694
3 2552 2695 2553
3 2553 2695 2696
3 2553 2696 2554
3 2554 2696 2697
3 2554 2697 2555
3 2555 2697 2698
3 2555 2698 2556
3 2556 2698 2699
3 2556 2699 2557
3 2557 2699 2700
3 2557 2700 2558
3 2558 2700 2701
3 2558 2701 2559
3 2559 2701 2702
3 2559 2702 2560
3 2560 2702 2703
3 2561 2704 2562
3 2562 2704 2705
3 2562 2705 2563
3 2563 2705 2706
3 2563 2706 2564
3 2564 2706 2707
3 2564 2707 2565
3 2565 2707 2708
3 2565 2708 2566
3 2566 2708 2709
3 2566 2709 2567
3 2567 2709 2710
3 2567 2710 2568
3 2568 2710 2711
3 2569 2712 2570
3 2570 2712 2713
3 2570 2713 2571
3 2571 2713 2714
3 2571 2714 2572
3 2572 2714 2715
3 2572 2715 2573
3 2573 2715 2716
3 2573 2716 2574
3 2574 2716 2717
3 2574 2717 2575
3 2575 2717 2718
3 2575 2718 2576
3 2576 2718 2719
3 2576 2719 2577
3 2577 2719 2720
3 2578 2721 2579
3 2579 2721 2722
3 2579 2722 2580
3 2580 2722 2723
3 2580 2723 286
3 1 2724 2581
3 2581 2724 2725
3 2581 2725 2726
3 2726 2725 2727
3 2726 2727 2728
3 2728 2727 2729
3 2730 2731 2585
3 2585 2731 2732
3 2585 2732 2733
3 2733 2732 2734
3 2733 2734 2735
3 2735 2734 2736
3 2735 2736 2737
3 2737 2736 2738
3 2737 2738 2589
3 2589 2738 2739
3 2589 2739 2740
3 2740 2739 2741
3 2740 2741 2591
3 2591 2741 2742
3 2591 2742 2743
3 2743 2742 2744
3 2743 2744 2745
3 2745 2744 2746
3 2745 2746 2747
3 2747 2746 2748
3 2747 2748 2749
3 2749 2748 2750
3 2749 2750 2596
3 2596 2750 2751
3 2596 2751 2752
3 2752 2751 2753
3 2752 2753 2754
3 2754 2753 2755
3 2756 2757 2758
3 2758 2757 2759
3 2758 2759 2601
3 2601 2759 2760
3 2761 2762 2603
3 2603 2762 2763
3 2603 2763 2764
3 2764 2763 2765
3 2605 2766 2606
3 2606 2766 2767
3 2606 2767 2607
3 2607 2767 2768
3 2608 2769 2609
3 2609 2769 2770
3 2609 2770 2610
3 2610 2770 2771
3 2772 2773 2774
3 2774 2773 2775
3 2774 2775 2776
3 2776 2775 2777
3 2778 2779 2780
3 2780 2779 2781
3 2780 2781 2617
3 2617 2781 2782
3 2783 2784 2785
3 2785 2784 2786
3 2785 2786 2787
3 2787 2786 2788
3 2787 2788 2620
3 2620 2788 2789
3 2790 2791 2792
3 2792 2791 2793
3 2792 2793 2794
3 2794 2793 2795
3 2794 2795 2624
3 2624 2795 2796
3 2624 2796 2625
3 2625 2796 2797
3 2798 2799 2627
3 2627 2799 2800
3 2627 2800 2628
3 2628 2800 2801
3 2628 2801 2802
3 2802 2801 2803
3 2802 2803 2804
3 2804 2803 2805
3 2806 2807 2808
3 2808 2807 2809
3 2808 2809 2810
3 2810 2809 2811
3 2810 2811 2812
3 2812 2811 2813
3 2812 2813 2635
3 2635 2813 2814
3 2815 2816 2637
3 2637 2816 2817
3 2637 2817 2638
3 2638 2817 2818
3 2638 2818 2819
3 2819 2818 2820
3 2640 2821 2822
3 2822 2821 2823
3 2822 2823 2824
3 2824 2823 2825
3 2824 2825 2826
3 2826 2825 2827
3 2826 2827 2828
3 2828 2827 2829
3 2830 2831 2832
3 2832 2831 2833
3 2832 2833 2834
3 2834 2833 2835
3 2834 2835 2836
3 2836 2835 2837
3 2836 2837 2649
3 2649 2837 2838
3 2839 2840 2841
3 2841 2840 2842
3 2841 2842 2843
3 2843 2842 2844
3 2843 2844 2845
3 2845 2844 2846
3 2845 2846 2654
3 2654 2846 2847
3 2848 2849 2850
3 2850 2849 2851
3 2850 2851 2657
3 2657 2851 2852
3 2657 2852 2658
3 2658 2852 2853
3 2658 2853 2854
3 2854 2853 2855
3 2854 2855 2660
3 2660 2855 2856
3 2661 2857 2662
3 2662 2857 2858
3 2662 2858 2663
3 2663 2858 2859
3 2663 2859 2664
3 2664 2859 2860
3 2664 2860 2861
3 2861 2860 2862
3 2861 2862 2863
3 2863 2862 2864
3 2863 2864 2667
3 2667 2864 2865
3 2667 2865 2866
3 2866 2865 2867
3 2866 2867 2669
3 2669 2867 2868
3 2869 2870 2871
3 2871 2870 2872
3 2871 2872 2873
3 2873 2872 2874
3 2873 2874 2875
3 2875 2874 2876
3 2875 2876 2674
3 2674 2876 2877
3 2674 2877 2878
3 2878 2877 2879
3 2878 2879 2880
3 2880 2879 2881
3 2880 2881 2882
3 2882 2881 2883
3 2884 2885 2886
3 2886 2885 2887
3 2886 2887 2680
3 2680 2887 2888
3 2680 2888 2681
3 2681 2888 2889
3 2681 2889 2890
3 2890 2889 2891
3 2890 2891 2683
3 2683 2891 2892
3 2683 2892 2893
3 2893 2892 2894
3 2893 2894 2895
3 2895 2894 2896
3 2895 2896 2686
3 2686 2896 2897
3 2687 2898 2688
3 2688 2898 2899
3 2688 2899 2900
3 2900 2899 2901
3 2900 2901 2902
3 2902 2901 2903
3 2902 2903 2904
3 2904 2903 2905
3 2904 2905 2692
3 2692 2905 2906
3 2692 2906 2693
3 2693 2906 2907
3 2693 2907 2908
3 2908 2907 2909
3 2695 2910 2911
3 2911 2910 2912
3 2911 2912 2697
3 2697 2912 2913
3 2697 2913 2914
3 2914 2913 2915
3 2914 2915 2699
3 2699 2915 2916
3 2699 2916 2917
3 2917 2916 2918
3 2917 2918 2919
3 2919 2918 2920
3 2919 2920 2921
3 2921 2920 2922
3 2921 2922 2923
3 2923 2922 2924
3 2925 2926 2705
3 2705 2926 2927
3 2705 2927 2928
3 2928 2927 2929
3 2928 2929 2930
3 2930 2929 2931
3 2930 2931 2932
3 2932 2931 2933
3 2932 2933 2934
3 2934 2933 2935
3 2934 2935 2936
3 2936 2935 2937
3 2936 2937 2938
3 2938 2937 2939
3 2712 2940 2941
3 2941 2940 2942
3 2941 2942 2714
3 2714 2942 2943
3 2714 2943 2715
3 2715 2943 2944
3 2715 2944 2945
3 2945 2944 2946
3 2945 2946 2947
3 2947 2946 2948
3 2947 2948 2949
3 2949 2948 2950
3 2949 2950 2951
3 2951 2950 2952
3 2951 2952 2720
3 2720 2952 2953
3 2954 2955 2722
3 2722 2955 2956
3 2722 2956 2957
3 2957 2956 2958
3 2957 2958 286
3 862 1 2959
3 2959 1 2960
3 2959 2960 2961
3 2961 2960 2962
3 2961 2962 2963
3 2963 2962 2964
3 2965 2966 2967
3 2967 2966 2968
3 2967 2968 2969
3 2969 2968 2970
3 2969 2970 2971
3 2971 2970 2972
3 2971 2972 2973
3 2973 2972 2974
3 2973 2974 2975
3 2975 2974 2976
3 2975 2976 2977
3 2977 2976 2978
3 2977 2978 2979
3 2979 2978 2980
3 2979 2980 2981
3 2981 2980 2982
3 2981 2982 2983
3 2983 2982 2984
3 2983 2984 2985
3 2985 2984 2986
3 2985 2986 2987
3 2987 2986 2988
3 2987 2988 2989
3 2989 2988 2990
3 2989 2990 2991
3 2991 2990 2992
3 2991 2992 2993
3 2993 2992 2994
3 2995 2994 2996
3 2996 2994 2997
3 2996 2997 2998
3 2998 2997 2999
3 3000 3001 3002
3 3002 3001 3003
3 3002 3003 3004
3 3004 3003 3005
3 3006 3007 3008
3 3008 3007 3009
3 3008 3009 3010
3 3010 3009 3011
3 3012 3013 3014
3 3014 3013 3015
3 3014 3015 3016
3 3016 3015 3017
3 3016 3018 3019
3 3019 3018 3020
3 3019 3020 3021
3 3021 3020 3022
3 3023 3024 3025
3 3025 3024 3026
3 3025 3026 3027
3 3027 3026 3028
3 3029 3030 3031
3 3031 3030 3032
3 3031 3032 3033
3 3033 3032 3034
3 3033 3034 3035
3 3035 3034 3036
3 3037 3038 3039
3 3039 3038 3040
3 3039 3040 3041
3 3041 3040 3042
3 3041 3042 3043
3 3043 3042 3044
3 3043 3044 3045
3 3045 3044 3046
3 3047 3048 3049
3 3049 3048 3050
3 3049 3050 3051
3 3051 3050 3052
3 3051 3052 3053
3 3053 3052 3054
3 3053 3054 3055
3 3055 3054 3056
3 3057 3058 3059
3 3059 3058 3060
3 3059 3060 3061
3 3061 3060 3062
3 3061 3062 3063
3 3063 3062 3064
3 3063 3064 3065
3 3065 3064 3066
3 3067 3068 3069
3 3069 3068 3070
3 3069 3070 3071
3 3071 3070 3072
3 3071 3072 3073
3 3073 3072 3074
3 3075 3076 3077
3 3077 3076 3078
3 3077 3078 3079
3 3079 3078 3080
3 3079 3080 2827
3 2827 3080 3081
3 2827 3081 3082
3 3082 3081 3083
3 3084 3085 3086
3 3086 3085 3087
3 3086 3087 3088
3 3088 3087 3089
3 3088 3089 3090
3 3090 3089 3091
3 3090 3091 3092
3 3092 3091 3093
3 3094 3095 3096
3 3096 3095 3097
3 3096 3097 3098
3 3098 3097 3099
3 3098 3099 3100
3 3100 3099 3101
3 3100 3101 3102
3 3102 3101 3103
3 3104 3105 3106
3 3106 3105 3107
3 3106 3107 3108
3 3108 3107 3109
3 3108 3109 3110
3 3110 3109 3111
3 3110 3111 3112
3 3112 3111 3113
3 3112 3113 3114
3 3114 3113 3115
3 3116 3117 3118
3 3118 3117 3119
3 3118 3119 3120
3 3120 3119 3121
3 3120 3121 3122
3 3122 3121 3123
3 3122 3123 3124
3 3124 3123 3125
3 3124 3125 3126
3 3126 3125 3127
3 3126 3127 3128
3 3128 3127 3129
3 3128 3129 3130
3 3130 3129 3131
3 3130 3131 3132
3 3132 3131 3133
3 3134 3135 3136
3 3136 3135 3137
3 3136 3137 3138
3 3138 3137 3139
3 3138 3139 3140
3 3140 3139 3141
3 3140 3141 3142
3 3142 3141 3143
3 3142 3143 3144
3 3144 3143 3145
3 3144 3145 3146
3 3146 3145 3147
3 3146 3147 3148
3 3148 3147 3149
3 3150 3151 3152
3 3152 3151 3153
3 3152 3153 3154
3 3154 3153 3155
3 3154 3155 3156
3 3156 3155 3157
3 3156 3157 3158
3 3158 3157 3159
3 3158 3159 3160
3 3160 3159 3161
3 3160 3161 3162
3 3162 3161 3163
3 3162 3163 3164
3 3164 3163 3165
3 3164 3165 3166
3 3166 3165 3167
3 3168 3169 3170
3 3170 3169 3171
3 3170 3171 3172
3 3172 3171 3173
3 3172 3173 3174
3 3174 3173 3175
3 3174 3175 3176
3 3176 3175 3177
3 3176 3177 3178
3 3178 3177 3179
3 3178 3179 3180
3 3180 3179 3181
3 3180 3181 3182
3 3182 3181 3183
3 3184 3185 3186
3 3186 3185 3187
3 3186 3187 3188
3 3188 3187 3189
3 3188 3189 3190
3 3190 3189 3191
3 3190 3191 3192
3 3192 3191 3193
3 3192 3193 3194
3 3194 3193 3195
3 3194 3195 3196
3 3196 3195 3197
3 3196 3197 3198
3 3198 3197 3199
3 3198 3199 3200
3 3200 3199 3201
3 3202 3203 3204
3 3204 3203 3205
3 3204 3205 3206
3 3206 3205 3207
3 3206 3207 3208
3 3208 3207 3209
3 3208 3209 3210
3 3210 3209 3211
3 3210 3211 3212
3 3212 3211 3213
3 3212 3213 3214
3 3214 3213 3215
3 3214 3215 3216
3 3216 3215 3217
3 3218 3219 3220
3 3220 3219 3221
3 3220 3221 3222
3 3222 3221 3223
3 3222 3223 3224
3 3224 3223 3225
3 3224 3225 2946
3 2946 3225 3226
3 2946 3226 3227
3 3227 3226 3228
3 3227 3228 3229
3 3229 3228 3230
3 3229 3230 3231
3 3231 3230 3232
3 3231 3232 3233
3 3233 3232 3234
3 3235 3236 3237
3 3237 3236 3238
3 3237 3238 2958
3 2958 3238 3239
3 2958 3239 286
3 2960 1 3240
3 2960 3240 2962
3 2962 3240 3241
3 2962 3241 2964
3 2964 3241 3242
3 2966 3243 2968
3 2968 3243 3244
3 2968 3244 2970
3 2970 3244 3245
3 2970 3245 2972
3 2972 3245 3246
3 2972 3246 2974
3 2974 3246 3247
3 2974 3247 2976
3 2976 3247 3248
3 2976 3248 2978
3 2978 3248 3249
3 2978 3249 2980
3 2980 3249 3250
3 2980 3250 2982
3 2982 3250 3251
3 2982 3251 2984
3 2984 3251 3252
3 2984 3252 2986
3 2986 3252 3253
3 2986 3253 2988
3 2988 3253 3254
3 2988 3254 2990
3 2990 3254 3255
3 2990 3255 2992
3 2992 3255 3256
3 2992 3256 2994
3 2994 3256 3257
3 2994 3258 2997
3 2997 3258 3259
3 2997 3259 2999
3 2999 3259 3260
3 3001 3261 3003
3 3003 3261 3262
3 3003 3262 3005
3 3005 3262 3263
3 3007 3264 3009
3 3009 3264 3265
3 3009 3265 3011
3 3011 3265 3266
3 3013 3267 3015
3 3015 3267 3268
3 3015 3268 3017
3 3017 3268 3269
3 3018 3270 3020
3 3020 3270 3271
3 3020 3271 3022
3 3022 3271 3272
3 3024 3272 3026
3 3026 3272 3273
3 3026 3273 3028
3 3028 3273 3274
3 3030 3275 3032
3 3032 3275 3276
3 3032 3276 3034
3 3034 3276 3277
3 3034 3277 3036
3 3036 3277 3278
3 3038 3279 3040
3 3040 3279 3280
3 3040 3280 3042
3 3042 3280 3281
3 3042 3281 3044
3 3044 3281 3282
3 3044 3282 3046
3 3046 3282 3283
3 3048 3284 3050
3 3050 3284 3285
3 3050 3285 3052
3 3052 3285 3286
3 3052 3286 3054
3 3054 3286 3287
3 3054 3287 3056
3 3056 3287 3288
3 3058 3289 3060
3 3060 3289 3290
3 3060 3290 3062
3 3062 3290 3291
3 3062 3291 3064
3 3064 3291 3292
3 3064 3292 3066
3 3066 3292 3293
3 3068 3294 3070
3 3070 3294 3295
3 3070 3295 3072
3 3072 3295 3296
3 3072 3296 3074
3 3074 3296 3297
3 3076 3298 3078
3 3078 3298 3299
3 3078 3299 3080
3 3080 3299 3300
3 3080 3300 3081
3 3081 3300 3301
3 3081 3301 3083
3 3083 3301 3302
3 3085 3303 3087
3 3087 3303 3304
3 3087 3304 3089
3 3089 3304 3305
3 3089 3305 3091
3 3091 3305 3306
3 3091 3306 3093
3 3093 3306 3307
3 3095 3308 3097
3 3097 3308 3309
3 3097 3309 3099
3 3099 3309 3310
3 3099 3310 3101
3 3101 3310 3311
3 3101 3311 3103
3 3103 3311 3312
3 3105 3313 3107
3 3107 3313 3314
3 3107 3314 3109
3 3109 3314 3315
3 3109 3315 3111
3 3111 3315 3316
3 3111 3316 3113
3 3113 3316 3317
3 3113 3317 3115
3 3115 3317 3318
3 3117 3319 3119
3 3119 3319 3320
3 3119 3320 3121
3 3121 3320 3321
3 3121 3321 3123
3 3123 3321 3322
3 3123 3322 3125
3 3125 3322 3323
3 3125 3323 3127
3 3127 3323 3324
3 3127 3324 3129
3 3129 3324 3325
3 3129 3325 3131
3 3131 3325 3326
3 3131 3326 3133
3 3133 3326 3327
3 3135 3328 3137
3 3137 3328 3329
3 3137 3329 3139
3 3139 3329 3330
3 3139 3330 3141
3 3141 3330 3331
3 3141 3331 3143
3 3143 3331 3332
3 3143 3332 3145
3 3145 3332 3333
3 3145 3333 3147
3 3147 3333 3334
3 3147 3334 3149
3 3149 3334 3335
3 3151 3336 3153
3 3153 3336 3337
3 3153 3337 3155
3 3155 3337 3338
3 3155 3338 3157
3 3157 3338 3339
3 3157 3339 3159
3 3159 3339 3340
3 3159 3340 3161
3 3161 3340 3341
3 3161 3341 3163
3 3163 3341 3342
3 3163 3342 3165
3 3165 3342 3343
3 3165 3343 3167
3 3167 3343 3344
3 3169 3345 3171
3 3171 3345 3346
3 3171 3346 3173
3 3173 3346 3347
3 3173 3347 3175
3 3175 3347 3348
3 3175 3348 3177
3 3177 3348 3349
3 3177 3349 3179
3 3179 3349 3350
3 3179 3350 3181
3 3181 3350 3351
3 3181 3351 3183
3 3183 3351 3352
3 3185 3353 3187
3 3187 3353 3354
3 3187 3354 3189
3 3189 3354 3355
3 3189 3355 3191
3 3191 3355 3356
3 3191 3356 3193
3 3193 3356 3357
3 3193 3357 3195
3 3195 3357 3358
3 3195 3358 3197
3 3197 3358 3359
3 3197 3359 3199
3 3199 3359 3360
3 3199 3360 3201
3 3201 3360 3361
3 3203 3362 3205
3 3205 3362 3363
3 3205 3363 3207
3 3207 3363 3364
3 3207 3364 3209
3 3209 3364 3365
3 3209 3365 3211
3 3211 3365 3366
3 3211 3366 3213
3 3213 3366 3367
3 3213 3367 3215
3 3215 3367 3368
3 3215 3368 3217
3 3217 3368 3369
3 3219 3370 3221
3 3221 3370 3371
3 3221 3371 3223
3 3223 3371 3372
3 3223 3372 3225
3 3225 3372 3373
3 3225 3373 3226
3 3226 3373 3374
3 3226 3374 3228
3 3228 3374 3375
3 3228 3375 3230
3 3230 3375 3376
3 3230 3376 3232
3 3232 3376 3377
3 3232 3377 3234
3 3234 3377 3378
3 3236 3379 3238
3 3238 3379 3380
3 3238 3380 3239
3 3239 3380 3381
3 3239 3381 286
3 3240 1 3382
3 3240 3382 3241
3 3241 3382 3383
3 3241 3383 3242
3 3242 3383 3384
3 3243 3385 3244
3 3244 3385 3386
3 3244 3386 3245
3 3245 3386 3387
3 3245 3387 3246
3 3246 3387 3388
3 3246 3388 3247
3 3247 3388 3389
3 3247 3389 3248
3 3248 3389 3390
3 3248 3390 3249
3 3249 3390 3391
3 3249 3391 3250
3 3250 3391 3392
3 3250 3392 3251
3 3251 3392 3393
3 3251 3393 3252
3 3252 3393 3394
3 3252 3394 3253
3 3253 3394 3395
3 3253 3395 3254
3 3254 3395 3396
3 3254 3396 3255
3 3255 3396 3397
3 3255 3397 3256
3 3256 3397 3398
3 3256 3398 3257
3 3257 3398 3399
3 3258 3400 3259
3 3259 3400 3401
3 3259 3401 3260
3 3260 3401 3402
3 3261 3403 3262
3 3262 3403 3404
3 3262 3404 3263
3 3263 3404 3405
3 3264 3406 3265
3 3265 3406 3407
3 3265 3407 3266
3 3266 3407 3408
3 3267 3409 3268
3 3268 3409 3410
3 3268 3410 3269
3 3269 3410 3411
3 3270 3412 3271
3 3271 3412 3413
3 3271 3413 3272
3 3272 3413 3414
3 3272 3415 3273
3 3273 3415 3416
3 3273 3416 3274
3 3274 3416 3417
3 3275 3418 3276
3 3276 3418 3419
3 3276 3419 3277
3 3277 3419 3420
3 3277 3420 3278
3 3278 3420 3421
3 3279 3422 3280
3 3280 3422 3423
3 3280 3423 3281
3 3281 3423 3424
3 3281 3424 3282
3 3282 3424 3425
3 3282 3425 3283
3 3283 3425 3426
3 3284 3427 3285
3 3285 3427 3428
3 3285 3428 3286
3 3286 3428 3429
3 3286 3429 3287
3 3287 3429 3430
3 3287 3430 3288
3 3288 3430 3431
3 3289 3432 3290
3 3290 3432 3433
3 3290 3433 3291
3 3291 3433 3434
3 3291 3434 3292
3 3292 3434 3435
3 3292 3435 3293
3 3293 3435 3436
3 3294 3437 3295
3 3295 3437 3438
3 3295 3438 3296
3 3296 3438 3439
3 3296 3439 3297
3 3297 3439 3440
3 3298 3441 3299
3 3299 3441 3442
3 3299 3442 3300
3 3300 3442 3443
3 3300 3443 3301
3 3301 3443 3444
3 3301 3444 3302
3 3302 3444 3445
3 3303 3446 3304
3 3304 3446 3447
3 3304 3447 3305
3 3305 3447 3448
3 3305 3448 3306
3 3306 3448 3449
3 3306 3449 3307
3 3307 3449 3450
3 3308 3451 3309
3 3309 3451 3452
3 3309 3452 3310
3 3310 3452 3453
3 3310 3453 3311
3 3311 3453 3454
3 3311 3454 3312
3 3312 3454 3455
3 3313 3456 3314
3 3314 3456 3457
3 3314 3457 3315
3 3315 3457 3458
3 3315 3458 3316
3 3316 3458 3459
3 3316 3459 3317
3 3317 3459 3460
3 3317 3460 3318
3 3318 3460 3461
3 3319 3462 3320
3 3320 3462 3463
3 3320 3463 3321
3 3321 3463 3464
3 3321 3464 3322
3 3322 3464 3465
3 3322 3465 3323
3 3323 3465 3466
3 3323 3466 3324
3 3324 3466 3467
3 3324 3467 3325
3 3325 3467 3468
3 3325 3468 3326
3 3326 3468 3469
3 3326 3469 3327
3 3327 3469 3470
3 3328 3471 3329
3 3329 3471 3472
3 3329 3472 3330
3 3330 3472 3473
3 3330 3473 3331
3 3331 3473 3474
3 3331 3474 3332
3 3332 3474 3475
3 3332 3475 3333
3 3333 3475 3476
3 3333 3476 3334
3 3334 3476 3477
3 3334 3477 3335
3 3335 3477 3478
3 3336 3479 3337
3 3337 3479 3480
3 3337 3480 3338
3 3338 3480 3481
3 3338 3481 3339
3 3339 3481 3482
3 3339 3482 3340
3 3340 3482 3483
3 3340 3483 3341
3 3341 3483 3484
3 3341 3484 3342
3 3342 3484 3485
3 3342 3485 3343
3 3343 3485 3486
3 3343 3486 3344
3 3344 3486 3487
3 3345 3488 3346
3 3346 3488 3489
3 3346 3489 3347
3 3347 3489 3490
3 3347 3490 3348
3 3348 3490 3491
3 3348 3491 3349
3 3349 3491 3492
3 3349 3492 3350
3 3350 3492 3493
3 3350 3493 3351
3 3351 3493 3494
3 3351 3494 3352
3 3352 3494 3495
3 3353 3496 3354
3 3354 3496 3497
3 3354 3497 3355
3 3355 3497 3498
3 3355 3498 3356
3 3356 3498 3499
3 3356 3499 3357
3 3357 3499 3500
3 3357 3500 3358
3 3358 3500 3501
3 3358 3501 3359
3 3359 3501 3502
3 3359 3502 3360
3 3360 3502 3503
3 3360 3503 3361
3 3361 3503 3504
3 3362 3505 3363
3 3363 3505 3506
3 3363 3506 3364
3 3364 3506 3507
3 3364 3507 3365
3 3365 3507 3508
3 3365 3508 3366
3 3366 3508 3509
3 3366 3509 3367
3 3367 3509 3510
3 3367 3510 3368
3 3368 3510 3511
3 3368 3511 3369
3 3369 3511 3512
3 3370 3513 3371
3 3371 3513 3514
3 3371 3514 3372
3 3372 3514 3515
3 3372 3515 3373
3 3373 3515 3516
3 3373 3516 3374
3 3374 3516 3517
3 3374 3517 3375
3 3375 3517 3518
3 3375 3518 3376
3 3376 3518 3519
3 3376 3519 3377
3 3377 3519 3520
3 3377 3520 3378
3 3378 3520 3521
3 3379 3522 3380
3 3380 3522 3523
3 3380 3523 3381
3 3381 3523 3524
3 3381 3524 286
3 1 1865 3382
3 3382 1865 3525
3 3382 3525 3526
3 3526 3525 3527
3 3526 3527 3528
3 3528 3527 3529
3 3385 3530 3531
3 3531 3530 3532
3 3531 3532 3533
3 3533 3532 3534
3 3533 3534 3535
3 3535 3534 3536
3 3535 3536 3537
3 3537 3536 3538
3 3537 3538 3539
3 3539 3538 3540
3 3539 3540 3391
3 3391 3540 3541
3 3391 3541 3542
3 3542 3541 3543
3 3542 3543 3393
3 3393 3543 3544
3 3393 3544 3394
3 3394 3544 3545
3 3394 3545 3395
3 3395 3545 3546
3 3395 3546 3547
3 3547 3546 3548
3 3547 3548 3549
3 3549 3548 3550
3 3549 3550 3551
3 3551 3550 3552
3 3551 3552 3553
3 3553 3552 3554
3 3555 3556 3557
3 3557 3556 3558
3 3557 3558 3559
3 3559 3558 3560
3 3561 3562 3404
3 3404 3562 3563
3 3404 3563 3564
3 3564 3563 3565
3 3566 3567 3568
3 3568 3567 3569
3 3568 3569 3408
3 3408 3569 3570
3 3409 3571 3410
3 3410 3571 3572
3 3410 3572 3411
3 3411 3572 3573
3 3412 3574 3575
3 3575 3574 3576
3 3575 3576 3414
3 3414 3576 3577
3 3578 3579 3580
3 3580 3579 3581
3 3580 3581 3417
3 3417 3581 3582
3 3583 3584 3419
3 3419 3584 3585
3 3419 3585 3586
3 3586 3585 3587
3 3586 3587 3588
3 3588 3587 3589
3 3590 3591 3592
3 3592 3591 3593
3 3592 3593 3424
3 3424 3593 3594
3 3424 3594 3425
3 3425 3594 3595
3 3425 3595 3596
3 3596 3595 3597
3 3598 3599 3428
3 3428 3599 3600
3 3428 3600 3429
3 3429 3600 3601
3 3429 3601 3430
3 3430 3601 3602
3 3430 3602 3603
3 3603 3602 3604
3 3605 3606 3433
3 3433 3606 3607
3 3433 3607 3608
3 3608 3607 3609
3 3608 3609 3610
3 3610 3609 3611
3 3610 3611 3612
3 3612 3611 3613
3 3614 3615 3616
3 3616 3615 3617
3 3616 3617 3618
3 3618 3617 3619
3 3618 3619 3620
3 3620 3619 3621
3 3622 3623 3442
3 3442 3623 3624
3 3442 3624 3625
3 3625 3624 3626
3 3625 3626 3444
3 3444 3626 3627
3 3444 3627 3445
3 3445 3627 3628
3 3446 3629 3447
3 3447 3629 3630
3 3447 3630 3448
3 3448 3630 3631
3 3448 3631 3449
3 3449 3631 3632
3 3449 3632 3450
3 3450 3632 3633
3 3634 3635 3452
3 3452 3635 3636
3 3452 3636 3453
3 3453 3636 3637
3 3453 3637 3638
3 3638 3637 3639
3 3638 3639 3640
3 3640 3639 3641
3 3456 3642 3643
3 3643 3642 3644
3 3643 3644 3458
3 3458 3644 3645
3 3458 3645 3459
3 3459 3645 3646
3 3459 3646 3647
3 3647 3646 3648
3 3647 3648 3649
3 3649 3648 3650
3 3651 3652 3463
3 3463 3652 3653
3 3463 3653 3464
3 3464 3653 3654
3 3464 3654 3655
3 3655 3654 3656
3 3655 3656 3657
3 3657 3656 3658
3 3657 3658 3467
3 3467 3658 3659
3 3467 3659 3660
3 3660 3659 3661
3 3660 3661 3662
3 3662 3661 3663
3 3662 3663 3470
3 3470 3663 3664
3 3665 3666 3667
3 3667 3666 3668
3 3667 3668 3473
3 3473 3668 3669
3 3473 3669 3474
3 3474 3669 3670
3 3474 3670 3475
3 3475 3670 3671
3 3475 3671 3476
3 3476 3671 3672
3 3476 3672 3673
3 3673 3672 3674
3 3673 3674 3675
3 3675 3674 3676
3 3677 3678 3480
3 3480 3678 3679
3 3480 3679 3680
3 3680 3679 3681
3 3680 3681 3682
3 3682 3681 3683
3 3682 3683 3684
3 3684 3683 3685
3 3684 3685 3484
3 3484 3685 3686
3 3484 3686 3485
3 3485 3686 3687
3 3485 3687 3486
3 3486 3687 3688
3 3486 3688 3487
3 3487 3688 3689
3 3488 3690 3489
3 3489 3690 3691
3 3489 3691 3490
3 3490 3691 3692
3 3490 3692 3491
3 3491 3692 3693
3 3491 3693 3492
3 3492 3693 3694
3 3492 3694 3695
3 3695 3694 3696
3 3695 3696 3697
3 3697 3696 3698
3 3697 3698 3699
3 3699 3698 3700
3 3701 3702 3497
3 3497 3702 3703
3 3497 3703 3704
3 3704 3703 3705
3 3704 3705 3706
3 3706 3705 3707
3 3706 3707 3500
3 3500 3707 3708
3 3500 3708 3501
3 3501 3708 3709
3 3501 3709 3502
3 3502 3709 3710
3 3502 3710 3503
3 3503 3710 3711
3 3503 3711 3712
3 3712 3711 3713
3 3714 3715 3716
3 3716 3715 3717
3 3716 3717 3718
3 3718 3717 3719
3 3718 3719 3720
3 3720 3719 3721
3 3720 3721 3509
3 3509 3721 3722
3 3509 3722 3510
3 3510 3722 3723
3 3510 3723 3511
3 3511 3723 3724
3 3511 3724 3725
3 3725 3724 3726
3 3513 3727 3728
3 3728 3727 3729
3 3728 3729 3730
3 3730 3729 3731
3 3730 3731 3732
3 3732 3731 3733
3 3732 3733 3734
3 3734 3733 3735
3 3734 3735 3518
3 3518 3735 3736
3 3518 3736 3519
3 3519 3736 3737
3 3519 3737 3520
3 3520 3737 3738
3 3520 3738 3521
3 3521 3738 3739
3 3522 3740 3741
3 3741 3740 3742
3 3741 3742 3524
3 3524 3742 3743
3 3524 3743 286
3 1 1006 3744
3 3744 1006 3745
3 3744 3745 3527
3 3527 3745 3746
3 3527 3746 3529
3 3529 3746 3747
3 3748 3749 3750
3 3750 3749 3751
3 3750 3751 3534
3 3534 3751 3752
3 3534 3752 3536
3 3536 3752 3753
3 3536 3753 3538
3 3538 3753 3754
3 3538 3754 3755
3 3755 3754 3756
3 3755 3756 3757
3 3757 3756 3758
3 3757 3758 3759
3 3759 3758 3760
3 3759 3760 3544
3 3544 3760 3761
3 3544 3761 3545
3 3545 3761 3762
3 3545 3762 3763
3 3763 3762 3764
3 3763 3764 3765
3 3765 3764 3766
3 3765 3766 3767
3 3767 3766 3768
3 3767 3768 3769
3 3769 3768 3770
3 3769 3770 3554
3 3554 3770 3771
3 3556 3772 3773
3 3773 3772 3774
3 3773 3774 3775
3 3775 3774 3776
3 3562 3777 3778
3 3778 3777 3779
3 3778 3779 3565
3 3565 3779 3780
3 3567 3781 3569
3 3569 3781 3782
3 3569 3782 3783
3 3783 3782 3784
3 3571 3785 3572
3 3572 3785 3786
3 3572 3786 3787
3 3787 3786 3788
3 3573 3789 3790
3 3790 3789 3791
3 3790 3791 3792
3 3792 3791 3793
3 3794 3795 3796
3 3796 3795 3797
3 3796 3797 3582
3 3582 3797 3798
3 3799 3800 3585
3 3585 3800 3801
3 3585 3801 3587
3 3587 3801 3802
3 3587 3802 3589
3 3589 3802 3803
3 3591 3804 3593
3 3593 3804 3805
3 3593 3805 3594
3 3594 3805 3806
3 3594 3806 3595
3 3595 3806 3807
3 3595 3807 3597
3 3597 3807 3808
3 3809 3810 3811
3 3811 3810 3812
3 3811 3812 3601
3 3601 3812 3813
3 3601 3813 3814
3 3814 3813 3815
3 3814 3815 3604
3 3604 3815 3816
3 3817 3818 3819
3 3819 3818 3820
3 3819 3820 3821
3 3821 3820 3822
3 3821 3822 3823
3 3823 3822 3824
3 3823 3824 3613
3 3613 3824 3825
3 3826 3827 3617
3 3617 3827 3828
3 3617 3828 3829
3 3829 3828 3830
3 3829 3830 3621
3 3621 3830 3831
3 3832 3833 3834
3 3834 3833 3835
3 3834 3835 3836
3 3836 3835 3837
3 3836 3837 3838
3 3838 3837 3839
3 3838 3839 3840
3 3840 3839 3841
3 3629 3842 3843
3 3843 3842 3844
3 3843 3844 3845
3 3845 3844 3846
3 3845 3846 3847
3 3847 3846 3848
3 3847 3848 3849
3 3849 3848 3850
3 3851 3852 3853
3 3853 3852 3854
3 3853 3854 3637
3 3637 3854 3855
3 3637 3855 3856
3 3856 3855 3857
3 3856 3857 3641
3 3641 3857 3858
3 3642 3859 3860
3 3860 3859 3861
3 3860 3861 3645
3 3645 3861 3862
3 3645 3862 3646
3 3646 3862 3863
3 3646 3863 3648
3 3648 3863 3864
3 3648 3864 3865
3 3865 3864 3866
3 3652 3867 3868
3 3868 3867 3869
3 3868 3869 3870
3 3870 3869 3871
3 3870 3871 3656
3 3656 3871 3872
3 3656 3872 3658
3 3658 3872 3873
3 3658 3873 3874
3 3874 3873 3875
3 3874 3875 3876
3 3876 3875 3877
3 3876 3877 3878
3 3878 3877 3879
3 3878 3879 3880
3 3880 3879 3881
3 3666 3882 3883
3 3883 3882 3884
3 3883 3884 3669
3 3669 3884 3885
3 3669 3885 3670
3 3670 3885 3886
3 3670 3886 3887
3 3887 3886 3888
3 3887 3888 3672
3 3672 3888 3889
3 3672 3889 3890
3 3890 3889 3891
3 3890 3891 3892
3 3892 3891 3893
3 3894 3895 3679
3 3679 3895 3896
3 3679 3896 3681
3 3681 3896 3897
3 3681 3897 3898
3 3898 3897 3899
3 3898 3899 3900
3 3900 3899 3901
3 3900 3901 3686
3 3686 3901 3902
3 3686 3902 3903
3 3903 3902 3904
3 3903 3904 3905
3 3905 3904 3906
3 3905 3906 3689
3 3689 3906 3907
3 3908 3909 3691
3 3691 3909 3910
3 3691 3910 3692
3 3692 3910 3911
3 3692 3911 3693
3 3693 3911 3912
3 3693 3912 3913
3 3913 3912 3914
3 3913 3914 3696
3 3696 3914 3915
3 3696 3915 3916
3 3916 3915 3917
3 3916 3917 3700
3 3700 3917 3918
3 3702 3919 3703
3 3703 3919 3920
3 3703 3920 3705
3 3705 3920 3921
3 3705 3921 3707
3 3707 3921 3922
3 3707 3922 3923
3 3923 3922 3924
3 3923 3924 3925
3 3925 3924 3926
3 3925 3926 3710
3 3710 3926 3927
3 3710 3927 3711
3 3711 3927 3928
3 3711 3928 3929
3 3929 3928 3930
3 3931 3932 3933
3 3933 3932 3934
3 3933 3934 3935
3 3935 3934 3936
3 3935 3936 3937
3 3937 3936 3938
3 3937 3938 3939
3 3939 3938 3940
3 3939 3940 3723
3 3723 3940 3941
3 3723 3941 3942
3 3942 3941 3943
3 3942 3943 3944
3 3944 3943 3945
3 3946 3947 3948
3 3948 3947 3949
3 3948 3949 3950
3 3950 3949 3951
3 3950 3951 3952
3 3952 3951 3953
3 3952 3953 3954
3 3954 3953 3955
3 3954 3955 3956
3 3956 3955 3957
3 3956 3957 3737
3 3737 3957 3958
3 3737 3958 3738
3 3738 3958 3959
3 3738 3959 3960
3 3960 3959 3961
3 3740 3962 3742
3 3742 3962 3963
3 3742 3963 3964
3 3964 3963 3965
3 3964 3965 430
3 3745 431 3966
3 3745 3966 3746
3 3746 3966 3967
3 3746 3967 3747
3 3747 3967 3968
3 3749 3969 3751
3 3751 3969 3970
3 3751 3970 3752
3 3752 3970 3971
3 3752 3971 3753
3 3753 3971 3972
3 3753 3972 3754
3 3754 3972 3973
3 3754 3973 3756
3 3756 3973 3974
3 3756 3974 3758
3 3758 3974 3975
3 3758 3975 3760
3 3760 3975 3976
3 3760 3976 3761
3 3761 3976 3977
3 3761 3977 3762
3 3762 3977 3978
3 3762 3978 3764
3 3764 3978 3979
3 3764 3979 3766
3 3766 3979 3980
3 3766 3980 3768
3 3768 3980 3981
3 3768 3981 3770
3 3770 3981 3982
3 3770 3982 3771
3 3771 3982 3983
3 3772 3984 3774
3 3774 3984 3985
3 3774 3985 3776
3 3776 3985 3986
3 3777 3987 3779
3 3779 3987 3988
3 3779 3988 3780
3 3780 3988 3989
3 3781 3990 3782
3 3782 3990 3991
3 3782 3991 3784
3 3784 3991 3992
3 3785 3993 3786
3 3786 3993 3994
3 3786 3994 3788
3 3788 3994 3995
3 3789 3996 3791
3 3791 3996 3997
3 3791 3997 3793
3 3793 3997 3998
3 3795 3999 3797
3 3797 3999 4000
3 3797 4000 3798
3 3798 4000 4001
3 3800 4002 3801
3 3801 4002 4003
3 3801 4003 3802
3 3802 4003 4004
3 3802 4004 3803
3 3803 4004 4005
3 3804 4006 3805
3 3805 4006 4007
3 3805 4007 3806
3 3806 4007 4008
3 3806 4008 3807
3 3807 4008 4009
3 3807 4009 3808
3 3808 4009 4010
3 3810 4011 3812
3 3812 4011 4012
3 3812 4012 3813
3 3813 4012 4013
3 3813 4013 3815
3 3815 4013 4014
3 3815 4014 3816
3 3816 4014 4015
3 3818 4016 3820
3 3820 4016 4017
3 3820 4017 3822
3 3822 4017 4018
3 3822 4018 3824
3 3824 4018 4019
3 3824 4019 3825
3 3825 4019 4020
3 3827 4021 3828
3 3828 4021 4022
3 3828 4022 3830
3 3830 4022 4023
3 3830 4023 3831
3 3831 4023 4024
3 3833 4025 3835
3 3835 4025 4026
3 3835 4026 3837
3 3837 4026 4027
3 3837 4027 3839
3 3839 4027 4028
3 3839 4028 3841
3 3841 4028 4029
3 3842 4030 3844
3 3844 4030 4031
3 3844 4031 3846
3 3846 4031 4032
3 3846 4032 3848
3 3848 4032 4033
3 3848 4033 3850
3 3850 4033 4034
3 3852 4035 3854
3 3854 4035 4036
3 3854 4036 3855
3 3855 4036 4037
3 3855 4037 3857
3 3857 4037 4038
3 3857 4038 3858
3 3858 4038 4039
3 3859 4040 3861
3 3861 4040 4041
3 3861 4041 3862
3 3862 4041 4042
3 3862 4042 3863
3 3863 4042 4043
3 3863 4043 3864
3 3864 4043 4044
3 3864 4044 3866
3 3866 4044 4045
3 3867 4046 3869
3 3869 4046 4047
3 3869 4047 3871
3 3871 4047 4048
3 3871 4048 3872
3 3872 4048 4049
3 3872 4049 3873
3 3873 4049 4050
3 3873 4050 3875
3 3875 4050 4051
3 3875 4051 3877
3 3877 4051 4052
3 3877 4052 3879
3 3879 4052 4053
3 3879 4053 3881
3 3881 4053 4054
3 3882 4055 3884
3 3884 4055 4056
3 3884 4056 3885
3 3885 4056 4057
3 3885 4057 3886
3 3886 4057 4058
3 3886 4058 3888
3 3888 4058 4059
3 3888 4059 3889
3 3889 4059 4060
3 3889 4060 3891
3 3891 4060 4061
3 3891 4061 3893
3 3893 4061 4062
3 3895 4063 3896
3 3896 4063 4064
3 3896 4064 3897
3 3897 4064 4065
3 3897 4065 3899
3 3899 4065 4066
3 3899 4066 3901
3 3901 4066 4067
3 3901 4067 3902
3 3902 4067 4068
3 3902 4068 3904
3 3904 4068 4069
3 3904 4069 3906
3 3906 4069 4070
3 3906 4070 3907
3 3907 4070 4071
3 3909 4072 3910
3 3910 4072 4073
3 3910 4073 3911
3 3911 4073 4074
3 3911 4074 3912
3 3912 4074 4075
3 3912 4075 3914
3 3914 4075 4076
3 3914 4076 3915
3 3915 4076 4077
3 3915 4077 3917
3 3917 4077 4078
3 3917 4078 3918
3 3918 4078 4079
3 3919 4080 3920
3 3920 4080 4081
3 3920 4081 3921
3 3921 4081 4082
3 3921 4082 3922
3 3922 4082 4083
3 3922 4083 3924
3 3924 4083 4084
3 3924 4084 3926
3 3926 4084 4085
3 3926 4085 3927
3 3927 4085 4086
3 3927 4086 3928
3 3928 4086 4087
3 3928 4087 3930
3 3930 4087 4088
3 3932 4089 3934
3 3934 4089 4090
3 3934 4090 3936
3 3936 4090 4091
3 3936 4091 3938
3 3938 4091 4092
3 3938 4092 3940
3 3940 4092 4093
3 3940 4093 3941
3 3941 4093 4094
3 3941 4094 3943
3 3943 4094 4095
3 3943 4095 3945
3 3945 4095 4096
3 3947 4097 3949
3 3949 4097 4098
3 3949 4098 3951
3 3951 4098 4099
3 3951 4099 3953
3 3953 4099 4100
3 3953 4100 3955
3 3955 4100 4101
3 3955 4101 3957
3 3957 4101 4102
3 3957 4102 3958
3 3958 4102 4103
3 3958 4103 3959
3 3959 4103 4104
3 3959 4104 3961
3 3961 4104 4105
3 3962 4106 3963
3 3963 4106 4107
3 3963 4107 3965
3 3965 4107 4108
3 3965 4108 861
3 861 4108 430
3 431 4109 3966
3 3966 4109 4110
3 3966 4110 3967
3 3967 4110 4111
3 3967 4111 3968
3 3968 4111 4112
3 3969 4113 3970
3 3970 4113 4114
3 3970 4114 3971
3 3971 4114 4115
3 3971 4115 3972
3 3972 4115 4116
3 3972 4116 3973
3 3973 4116 4117
3 3973 4117 3974
3 3974 4117 4118
3 3974 4118 3975
3 3975 4118 4119
3 3975 4119 3976
3 3976 4119 4120
3 3976 4120 3977
3 3977 4120 4121
3 3977 4121 3978
3 3978 4121 4122
3 3978 4122 3979
3 3979 4122 4123
3 3979 4123 3980
3 3980 4123 4124
3 3980 4124 3981
3 3981 4124 4125
3 3981 4125 3982
3 3982 4125 4126
3 3982 4126 3983
3 3983 4126 4127
3 3984 4128 3985
3 3985 4128 4129
3 3985 4129 3986
3 3986 4129 4130
3 3987 4131 3988
3 3988 4131 4132
3 3988 4132 3989
3 3989 4132 4133
3 3990 4134 3991
3 3991 4134 4135
3 3991 4135 3992
3 3992 4135 4136
3 3993 4137 3994
3 3994 4137 4138
3 3994 4138 3995
3 3995 4138 4139
3 3996 4140 3997
3 3997 4140 4141
3 3997 4141 3998
3 3998 4141 4142
3 3999 4143 4000
3 4000 4143 4144
3 4000 4144 4001
3 4001 4144 4145
3 4002 4146 4003
3 4003 4146 4147
3 4003 4147 4004
3 4004 4147 4148
3 4004 4148 4005
3 4005 4148 4149
3 4006 4150 4007
3 4007 4150 4151
3 4007 4151 4008
3 4008 4151 4152
3 4008 4152 4009
3 4009 4152 4153
3 4009 4153 4010
3 4010 4153 4154
3 4011 4155 4012
3 4012 4155 4156
3 4012 4156 4013
3 4013 4156 4157
3 4013 4157 4014
3 4014 4157 4158
3 4014 4158 4015
3 4015 4158 4159
3 4016 4160 4017
3 4017 4160 4161
3 4017 4161 4018
3 4018 4161 4162
3 4018 4162 4019
3 4019 4162 4163
3 4019 4163 4020
3 4020 4163 4164
3 4021 4165 4022
3 4022 4165 4166
3 4022 4166 4023
3 4023 4166 4167
3 4023 4167 4024
3 4024 4167 4168
3 4025 4169 4026
3 4026 4169 4170
3 4026 4170 4027
3 4027 4170 4171
3 4027 4171 4028
3 4028 4171 4172
3 4028 4172 4029
3 4029 4172 4173
3 4030 4174 4031
3 4031 4174 4175
3 4031 4175 4032
3 4032 4175 4176
3 4032 4176 4033
3 4033 4176 4177
3 4033 4177 4034
3 4034 4177 4178
3 4035 4179 4036
3 4036 4179 4180
3 4036 4180 4037
3 4037 4180 4181
3 4037 4181 4038
3 4038 4181 4182
3 4038 4182 4039
3 4039 4182 4183
3 4040 4184 4041
3 4041 4184 4185
3 4041 4185 4042
3 4042 4185 4186
3 4042 4186 4043
3 4043 4186 4187
3 4043 4187 4044
3 4044 4187 4188
3 4044 4188 4045
3 4045 4188 4189
3 4046 4190 4047
3 4047 4190 4191
3 4047 4191 4048
3 4048 4191 4192
3 4048 4192 4049
3 4049 4192 4193
3 4049 4193 4050
3 4050 4193 4194
3 4050 4194 4051
3 4051 4194 4195
3 4051 4195 4052
3 4052 4195 4196
3 4052 4196 4053
3 4053 4196 4197
3 4053 4197 4054
3 4054 4197 4198
3 4055 4199 4056
3 4056 4199 4200
3 4056 4200 4057
3 4057 4200 4201
3 4057 4201 4058
3 4058 4201 4202
3 4058 4202 4059
3 4059 4202 4203
3 4059 4203 4060
3 4060 4203 4204
3 4060 4204 4061
3 4061 4204 4205
3 4061 4205 4062
3 4062 4205 4206
3 4063 4207 4064
3 4064 4207 4208
3 4064 4208 4065
3 4065 4208 4209
3 4065 4209 4066
3 4066 4209 4210
3 4066 4210 4067
3 4067 4210 4211
3 4067 4211 4068
3 4068 4211 4212
3 4068 4212 4069
3 4069 4212 4213
3 4069 4213 4070
3 4070 4213 4214
3 4070 4214 4071
3 4071 4214 4215
3 4072 4216 4073
3 4073 4216 4217
3 4073 4217 4074
3 4074 4217 4218
3 4074 4218 4075
3 4075 4218 4219
3 4075 4219 4076
3 4076 4219 4220
3 4076 4220 4077
3 4077 4220 4221
3 4077 4221 4078
3 4078 4221 4222
3 4078 4222 4079
3 4079 4222 4223
3 4080 4224 4081
3 4081 4224 4225
3 4081 4225 4082
3 4082 4225 4226
3 4082 4226 4083
3 4083 4226 4227
3 4083 4227 4084
3 4084 4227 4228
3 4084 4228 4085
3 4085 4228 4229
3 4085 4229 4086
3 4086 4229 4230
3 4086 4230 4087
3 4087 4230 4231
3 4087 4231 4088
3 4088 4231 4232
3 4089 4233 4090
3 4090 4233 4234
3 4090 4234 4091
3 4091 4234 4235
3 4091 4235 4092
3 4092 4235 4236
3 4092 4236 4093
3 4093 4236 4237
3 4093 4237 4094
3 4094 4237 4238
3 4094 4238 4095
3 4095 4238 4239
3 4095 4239 4096
3 4096 4239 4240
3 4097 4241 4098
3 4098 4241 4242
3 4098 4242 4099
3 4099 4242 4243
3 4099 4243 4100
3 4100 4243 4244
3 4100 4244 4101
3 4101 4244 4245
3 4101 4245 4102
3 4102 4245 4246
3 4102 4246 4103
3 4103 4246 4247
3 4103 4247 4104
3 4104 4247 4248
3 4104 4248 4105
3 4105 4248 4249
3 4106 4250 4107
3 4107 4250 4251
3 4107 4251 4108
3 4108 4251 4252
3 4108 4252 430
3 430 4252 287
3 4109 575 4253
3 4253 575 4254
3 4253 4254 4255
3 4255 4254 4256
3 4255 4256 4257
3 4257 4256 4258
3 4259 4260 4261
3 4261 4260 4262
3 4261 4262 4115
3 4115 4262 4263
3 4115 4263 4116
3 4116 4263 4264
3 4116 4264 4265
3 4265 4264 4266
3 4265 4266 4267
3 4267 4266 4268
3 4267 4268 4119
3 4119 4268 4269
3 4119 4269 4120
3 4120 4269 4270
3 4120 4270 4121
3 4121 4270 4271
3 4121 4271 4122
3 4122 4271 4272
3 4122 4272 4273
3 4273 4272 4274
3 4273 4274 4275
3 4275 4274 4276
3 4275 4276 4277
3 4277 4276 4278
3 4277 4278 4126
3 4126 4278 4279
3 4126 4279 4280
3 4280 4279 4281
3 4282 4283 4284
3 4284 4283 4285
3 4284 4285 4130
3 4130 4285 4286
3 4131 4287 4288
3 4288 4287 4289
3 4288 4289 4133
3 4133 4289 4290
3 4134 4291 4292
3 4292 4291 4293
3 4292 4293 4136
3 4136 4293 4294
3 4295 4296 4138
3 4138 4296 4297
3 4138 4297 4298
3 4298 4297 4299
3 4140 4300 4301
3 4301 4300 4302
3 4301 4302 4303
3 4303 4302 4304
3 4143 4305 4306
3 4306 4305 4307
3 4306 4307 4308
3 4308 4307 4309
3 4146 4310 4147
3 4147 4310 4311
3 4147 4311 4312
3 4312 4311 4313
3 4312 4313 4314
3 4314 4313 4315
3 4316 4317 4318
3 4318 4317 4319
3 4318 4319 4152
3 4152 4319 4320
3 4152 4320 4321
3 4321 4320 4322
3 4321 4322 4323
3 4323 4322 4324
3 4325 4326 4327
3 4327 4326 4328
3 4327 4328 4329
3 4329 4328 4330
3 4329 4330 4158
3 4158 4330 4331
3 4158 4331 4159
3 4159 4331 4332
3 4160 4333 4334
3 4334 4333 4335
3 4334 4335 4162
3 4162 4335 4336
3 4162 4336 4163
3 4163 4336 4337
3 4163 4337 4338
3 4338 4337 4339
3 4340 4341 4166
3 4166 4341 4342
3 4166 4342 4167
3 4167 4342 4343
3 4167 4343 4344
3 4344 4343 4345
3 4169 4346 4170
3 4170 4346 4347
3 4170 4347 4171
3 4171 4347 4348
3 4171 4348 4172
3 4172 4348 4349
3 4172 4349 4173
3 4173 4349 4350
3 4351 4352 4353
3 4353 4352 4354
3 4353 4354 4355
3 4355 4354 4356
3 4355 4356 4357
3 4357 4356 4358
3 4357 4358 4359
3 4359 4358 4360
3 4179 4361 4362
3 4362 4361 4363
3 4362 4363 4364
3 4364 4363 4365
3 4364 4365 4366
3 4366 4365 4367
3 4366 4367 4368
3 4368 4367 4369
3 4370 4371 4372
3 4372 4371 4373
3 4372 4373 4374
3 4374 4373 4375
3 4374 4375 4376
3 4376 4375 4377
3 4376 4377 4378
3 4378 4377 4379
3 4378 4379 4380
3 4380 4379 4381
3 4382 4383 4191
3 4191 4383 4384
3 4191 4384 4192
3 4192 4384 4385
3 4192 4385 4193
3 4193 4385 4386
3 4193 4386 4194
3 4194 4386 4387
3 4194 4387 4195
3 4195 4387 4388
3 4195 4388 4389
3 4389 4388 4390
3 4389 4390 4391
3 4391 4390 4392
3 4391 4392 4393
3 4393 4392 4394
3 4395 4396 4200
3 4200 4396 4397
3 4200 4397 4201
3 4201 4397 4398
3 4201 4398 4202
3 4202 4398 4399
3 4202 4399 4203
3 4203 4399 4400
3 4203 4400 4401
3 4401 4400 4402
3 4401 4402 4403
3 4403 4402 4404
3 4403 4404 4405
3 4405 4404 4406
3 4407 4408 4409
3 4409 4408 4410
3 4409 4410 4411
3 4411 4410 4412
3 4411 4412 4413
3 4413 4412 4414
3 4413 4414 4415
3 4415 4414 4416
3 4415 4416 4212
3 4212 4416 4417
3 4212 4417 4213
3 4213 4417 4418
3 4213 4418 4214
3 4214 4418 4419
3 4214 4419 4215
3 4215 4419 4420
3 4421 4422 4423
3 4423 4422 4424
3 4423 4424 4425
3 4425 4424 4426
3 4425 4426 4219
3 4219 4426 4427
3 4219 4427 4428
3 4428 4427 4429
3 4428 4429 4430
3 4430 4429 4431
3 4430 4431 4222
3 4222 4431 4432
3 4222 4432 4223
3 4223 4432 4433
3 4224 4434 4435
3 4435 4434 4436
3 4435 4436 4437
3 4437 4436 4438
3 4437 4438 4227
3 4227 4438 4439
3 4227 4439 4228
3 4228 4439 4440
3 4228 4440 4229
3 4229 4440 4441
3 4229 4441 4442
3 4442 4441 4443
3 4442 4443 4231
3 4231 4443 4444
3 4231 4444 4232
3 4232 4444 4445
3 4233 4446 4234
3 4234 4446 4447
3 4234 4447 4235
3 4235 4447 4448
3 4235 4448 4449
3 4449 4448 4450
3 4449 4450 4451
3 4451 4450 4452
3 4451 4452 4453
3 4453 4452 4454
3 4453 4454 4239
3 4239 4454 4455
3 4239 4455 4456
3 4456 4455 4457
3 4458 4459 4242
3 4242 4459 4460
3 4242 4460 4461
3 4461 4460 4462
3 4461 4462 4463
3 4463 4462 4464
3 4463 4464 4245
3 4245 4464 4465
3 4245 4465 4466
3 4466 4465 4467
3 4466 4467 4468
3 4468 4467 4469
3 4468 4469 4470
3 4470 4469 4471
3 4470 4471 4472
3 4472 4471 4473
3 4250 4474 4251
3 4251 4474 4475
3 4251 4475 4252
3 4252 4475 4476
3 4252 4476 4477
3 4477 4476 286
3 4478 1 4479
3 4478 4479 4480
3 4480 4479 4481
3 4480 4481 4482
3 4482 4481 4483
3 4484 4485 4486
3 4486 4485 4487
3 4486 4487 4488
3 4488 4487 4489
3 4488 4489 4490
3 4490 4489 4491
3 4490 4491 4266
3 4266 4491 4492
3 4266 4492 4493
3 4493 4492 4494
3 4493 4494 4495
3 4495 4494 4496
3 4495 4496 4497
3 4497 4496 4498
3 4497 4498 4499
3 4499 4498 4500
3 4499 4500 4501
3 4501 4500 4502
3 4501 4502 4503
3 4503 4502 4504
3 4503 4504 4505
3 4505 4504 4506
3 4505 4506 4507
3 4507 4506 4508
3 4507 4508 4509
3 4509 4508 4510
3 4509 4510 4511
3 4511 4510 4512
3 4513 4514 4515
3 4515 4514 4516
3 4515 4516 4517
3 4517 4516 4518
3 4519 4520 4521
3 4521 4520 4522
3 4521 4522 4523
3 4523 4522 4524
3 4525 4526 4527
3 4527 4526 4528
3 4527 4528 4529
3 4529 4528 4530
3 4531 4530 4532
3 4532 4530 4533
3 4532 4533 4534
3 4534 4533 4535
3 4536 4537 4538
3 4538 4537 4539
3 4538 4539 4540
3 4540 4539 4541
3 4542 4543 4544
3 4544 4543 4545
3 4544 4545 4546
3 4546 4545 4547
3 4548 4549 4550
3 4550 4549 4551
3 4550 4551 4552
3 4552 4551 4553
3 4552 4553 4554
3 4554 4553 4555
3 4556 4557 4558
3 4558 4557 4559
3 4558 4559 4560
3 4560 4559 4561
3 4560 4561 4562
3 4562 4561 4563
3 4562 4563 4564
3 4564 4563 4565
3 4566 4567 4568
3 4568 4567 4569
3 4568 4569 4570
3 4570 4569 4571
3 4570 4571 4572
3 4572 4571 4573
3 4572 4573 4574
3 4574 4573 4575
3 4576 4577 4335
3 4335 4577 4578
3 4335 4578 4579
3 4579 4578 4580
3 4579 4580 4581
3 4581 4580 4582
3 4581 4582 4583
3 4583 4582 4584
3 4585 4586 4587
3 4587 4586 4588
3 4587 4588 4589
3 4589 4588 4590
3 4589 4590 4591
3 4591 4590 4592
3 4593 4594 4595
3 4595 4594 4596
3 4595 4596 4597
3 4597 4596 4598
3 4597 4598 4599
3 4599 4598 4600
3 4599 4600 4601
3 4601 4600 4602
3 4603 4604 4605
3 4605 4604 4606
3 4605 4606 4607
3 4607 4606 4608
3 4607 4608 4609
3 4609 4608 4610
3 4609 4610 4611
3 4611 4610 4612
3 4613 4614 4615
3 4615 4614 4616
3 4615 4616 4617
3 4617 4616 4618
3 4617 4618 4619
3 4619 4618 4620
3 4619 4620 4621
3 4621 4620 4622
3 4623 4624 4625
3 4625 4624 4626
3 4625 4626 4627
3 4627 4626 4628
3 4627 4628 4629
3 4629 4628 4630
3 4629 4630 4631
3 4631 4630 4632
3 4631 4632 4381
3 4381 4632 4633
3 4634 4635 4636
3 4636 4635 4637
3 4636 4637 4638
3 4638 4637 4639
3 4638 4639 4640
3 4640 4639 4641
3 4640 4641 4642
3 4642 4641 4643
3 4642 4643 4644
3 4644 4643 4645
3 4644 4645 4646
3 4646 4645 4647
3 4646 4647 4648
3 4648 4647 4649
3 4648 4649 4650
3 4650 4649 4651
3 4652 4653 4654
3 4654 4653 4655
3 4654 4655 4656
3 4656 4655 4657
3 4656 4657 4658
3 4658 4657 4659
3 4658 4659 4660
3 4660 4659 4661
3 4660 4661 4662
3 4662 4661 4663
3 4662 4663 4664
3 4664 4663 4665
3 4664 4665 4666
3 4666 4665 4667
3 4668 4669 4670
3 4670 4669 4671
3 4670 4671 4672
3 4672 4671 4673
3 4672 4673 4674
3 4674 4673 4675
3 4674 4675 4676
3 4676 4675 4677
3 4676 4677 4678
3 4678 4677 4679
3 4678 4679 4680
3 4680 4679 4681
3 4680 4681 4682
3 4682 4681 4683
3 4682 4683 4684
3 4684 4683 4685
3 4686 4687 4688
3 4688 4687 4689
3 4688 4689 4690
3 4690 4689 4691
3 4690 4691 4692
3 4692 4691 4693
3 4692 4693 4694
3 4694 4693 4695
3 4694 4695 4696
3 4696 4695 4697
3 4696 4697 4698
3 4698 4697 4699
3 4698 4699 4700
3 4700 4699 4701
3 4702 4703 4704
3 4704 4703 4705
3 4704 4705 4706
3 4706 4705 4707
3 4706 4707 4708
3 4708 4707 4709
3 4708 4709 4710
3 4710 4709 4711
3 4710 4711 4712
3 4712 4711 4713
3 4712 4713 4714
3 4714 4713 4715
3 4714 4715 4716
3 4716 4715 4717
3 4716 4717 4718
3 4718 4717 4719
3 4720 4721 4722
3 4722 4721 4723
3 4722 4723 4724
3 4724 4723 4725
3 4724 4725 4726
3 4726 4725 4727
3 4726 4727 4728
3 4728 4727 4729
3 4728 4729 4730
3 4730 4729 4731
3 4730 4731 4732
3 4732 4731 4733
3 4732 4733 4734
3 4734 4733 4735
3 4736 4737 4738
3 4738 4737 4739
3 4738 4739 4462
3 4462 4739 4740
3 4462 4740 4741
3 4741 4740 4742
3 4741 4742 4743
3 4743 4742 4744
3 4743 4744 4745
3 4745 4744 4746
3 4745 4746 4747
3 4747 4746 4748
3 4747 4748 4749
3 4749 4748 4750
3 4749 4750 4751
3 4751 4750 4752
3 4753 4754 4475
3 4475 4754 4755
3 4475 4755 4476
3 4476 4755 4756
3 4476 4756 1005
3 4479 1 4757
3 4479 4757 4481
3 4481 4757 4758
3 4481 4758 4483
3 4483 4758 4759
3 4485 4760 4487
3 4487 4760 4761
3 4487 4761 4489
3 4489 4761 4762
3 4489 4762 4491
3 4491 4762 4763
3 4491 4763 4492
3 4492 4763 4764
3 4492 4764 4494
3 4494 4764 4765
3 4494 4765 4496
3 4496 4765 4766
3 4496 4766 4498
3 4498 4766 4767
3 4498 4767 4500
3 4500 4767 4768
3 4500 4768 4502
3 4502 4768 4769
3 4502 4769 4504
3 4504 4769 4770
3 4504 4770 4506
3 4506 4770 4771
3 4506 4771 4508
3 4508 4771 4772
3 4508 4772 4510
3 4510 4772 4773
3 4510 4773 4512
3 4512 4773 4774
3 4514 4775 4516
3 4516 4775 4776
3 4516 4776 4518
3 4518 4776 4777
3 4520 4778 4522
3 4522 4778 4779
3 4522 4779 4524
3 4524 4779 4780
3 4526 4781 4528
3 4528 4781 4782
3 4528 4782 4530
3 4530 4782 4783
3 4530 4784 4533
3 4533 4784 4785
3 4533 4785 4535
3 4535 4785 4786
3 4537 4787 4539
3 4539 4787 4788
3 4539 4788 4541
3 4541 4788 4789
3 4543 4790 4545
3 4545 4790 4791
3 4545 4791 4547
3 4547 4791 4792
3 4549 4793 4551
3 4551 4793 4794
3 4551 4794 4553
3 4553 4794 4795
3 4553 4795 4555
3 4555 4795 4796
3 4557 4797 4559
3 4559 4797 4798
3 4559 4798 4561
3 4561 4798 4799
3 4561 4799 4563
3 4563 4799 4800
3 4563 4800 4565
3 4565 4800 4801
3 4567 4802 4569
3 4569 4802 4803
3 4569 4803 4571
3 4571 4803 4804
3 4571 4804 4573
3 4573 4804 4805
3 4573 4805 4575
3 4575 4805 4806
3 4577 4807 4578
3 4578 4807 4808
3 4578 4808 4580
3 4580 4808 4809
3 4580 4809 4582
3 4582 4809 4810
3 4582 4810 4584
3 4584 4810 4811
3 4586 4812 4588
3 4588 4812 4813
3 4588 4813 4590
3 4590 4813 4814
3 4590 4814 4592
3 4592 4814 4815
3 4594 4816 4596
3 4596 4816 4817
3 4596 4817 4598
3 4598 4817 4818
3 4598 4818 4600
3 4600 4818 4819
3 4600 4819 4602
3 4602 4819 4820
3 4604 4821 4606
3 4606 4821 4822
3 4606 4822 4608
3 4608 4822 4823
3 4608 4823 4610
3 4610 4823 4824
3 4610 4824 4612
3 4612 4824 4825
3 4614 4826 4616
3 4616 4826 4827
3 4616 4827 4618
3 4618 4827 4828
3 4618 4828 4620
3 4620 4828 4829
3 4620 4829 4622
3 4622 4829 4830
3 4624 4831 4626
3 4626 4831 4832
3 4626 4832 4628
3 4628 4832 4833
3 4628 4833 4630
3 4630 4833 4834
3 4630 4834 4632
3 4632 4834 4835
3 4632 4835 4633
3 4633 4835 4836
3 4635 4837 4637
3 4637 4837 4838
3 4637 4838 4639
3 4639 4838 4839
3 4639 4839 4641
3 4641 4839 4840
3 4641 4840 4643
3 4643 4840 4841
3 4643 4841 4645
3 4645 4841 4842
3 4645 4842 4647
3 4647 4842 4843
3 4647 4843 4649
3 4649 4843 4844
3 4649 4844 4651
3 4651 4844 4845
3 4653 4846 4655
3 4655 4846 4847
3 4655 4847 4657
3 4657 4847 4848
3 4657 4848 4659
3 4659 4848 4849
3 4659 4849 4661
3 4661 4849 4850
3 4661 4850 4663
3 4663 4850 4851
3 4663 4851 4665
3 4665 4851 4852
3 4665 4852 4667
3 4667 4852 4853
3 4669 4854 4671
3 4671 4854 4855
3 4671 4855 4673
3 4673 4855 4856
3 4673 4856 4675
3 4675 4856 4857
3 4675 4857 4677
3 4677 4857 4858
3 4677 4858 4679
3 4679 4858 4859
3 4679 4859 4681
3 4681 4859 4860
3 4681 4860 4683
3 4683 4860 4861
3 4683 4861 4685
3 4685 4861 4862
3 4687 4863 4689
3 4689 4863 4864
3 4689 4864 4691
3 4691 4864 4865
3 4691 4865 4693
3 4693 4865 4866
3 4693 4866 4695
3 4695 4866 4867
3 4695 4867 4697
3 4697 4867 4868
3 4697 4868 4699
3 4699 4868 4869
3 4699 4869 4701
3 4701 4869 4870
3 4703 4871 4705
3 4705 4871 4872
3 4705 4872 4707
3 4707 4872 4873
3 4707 4873 4709
3 4709 4873 4874
3 4709 4874 4711
3 4711 4874 4875
3 4711 4875 4713
3 4713 4875 4876
3 4713 4876 4715
3 4715 4876 4877
3 4715 4877 4717
3 4717 4877 4878
3 4717 4878 4719
3 4719 4878 4879
3 4721 4880 4723
3 4723 4880 4881
3 4723 4881 4725
3 4725 4881 4882
3 4725 4882 4727
3 4727 4882 4883
3 4727 4883 4729
3 4729 4883 4884
3 4729 4884 4731
3 4731 4884 4885
3 4731 4885 4733
3 4733 4885 4886
3 4733 4886 4735
3 4735 4886 4887
3 4737 4888 4739
3 4739 4888 4889
3 4739 4889 4740
3 4740 4889 4890
3 4740 4890 4742
3 4742 4890 4891
3 4742 4891 4744
3 4744 4891 4892
3 4744 4892 4746
3 4746 4892 4893
3 4746 4893 4748
3 4748 4893 4894
3 4748 4894 4750
3 4750 4894 4895
3 4750 4895 4752
3 4752 4895 4896
3 4754 4897 4755
3 4755 4897 4898
3 4755 4898 4756
3 4756 4898 4899
3 4756 4899 286
3 286 4899 1005
3 4757 862 4900
3 4757 4900 4758
3 4758 4900 4901
3 4758 4901 4759
3 4759 4901 4902
3 4760 4903 4761
3 4761 4903 4904
3 4761 4904 4762
3 4762 4904 4905
3 4762 4905 4763
3 4763 4905 4906
3 4763 4906 4764
3 4764 4906 4907
3 4764 4907 4765
3 4765 4907 4908
3 4765 4908 4766
3 4766 4908 4909
3 4766 4909 4767
3 4767 4909 4910
3 4767 4910 4768
3 4768 4910 4911
3 4768 4911 4769
3 4769 4911 4912
3 4769 4912 4770
3 4770 4912 4913
3 4770 4913 4771
3 4771 4913 4914
3 4771 4914 4772
3 4772 4914 4915
3 4772 4915 4773
3 4773 4915 4916
3 4773 4916 4774
3 4774 4916 4917
3 4775 4918 4776
3 4776 4918 4919
3 4776 4919 4777
3 4777 4919 4920
3 4778 4921 4779
3 4779 4921 4922
3 4779 4922 4780
3 4780 4922 4923
3 4781 4924 4782
3 4782 4924 4925
3 4782 4925 4783
3 4783 4925 4926
3 4784 4927 4785
3 4785 4927 4928
3 4785 4928 4786
3 4786 4928 4929
3 4787 4930 4788
3 4788 4930 4931
3 4788 4931 4789
3 4789 4931 4932
3 4790 4933 4791
3 4791 4933 4934
3 4791 4934 4792
3 4792 4934 4935
3 4793 4936 4794
3 4794 4936 4937
3 4794 4937 4795
3 4795 4937 4938
3 4795 4938 4796
3 4796 4938 4939
3 4797 4940 4798
3 4798 4940 4941
3 4798 4941 4799
3 4799 4941 4942
3 4799 4942 4800
3 4800 4942 4943
3 4800 4943 4801
3 4801 4943 4944
3 4802 4945 4803
3 4803 4945 4946
3 4803 4946 4804
3 4804 4946 4947
3 4804 4947 4805
3 4805 4947 4948
3 4805 4948 4806
3 4806 4948 4949
3 4807 4950 4808
3 4808 4950 4951
3 4808 4951 4809
3 4809 4951 4952
3 4809 4952 4810
3 4810 4952 4953
3 4810 4953 4811
3 4811 4953 4954
3 4812 4955 4813
3 4813 4955 4956
3 4813 4956 4814
3 4814 4956 4957
3 4814 4957 4815
3 4815 4957 4958
3 4816 4959 4817
3 4817 4959 4960
3 4817 4960 4818
3 4818 4960 4961
3 4818 4961 4819
3 4819 4961 4962
3 4819 4962 4820
3 4820 4962 4963
3 4821 4964 4822
3 4822 4964 4965
3 4822 4965 4823
3 4823 4965 4966
3 4823 4966 4824
3 4824 4966 4967
3 4824 4967 4825
3 4825 4967 4968
3 4826 4969 4827
3 4827 4969 4970
3 4827 4970 4828
3 4828 4970 4971
3 4828 4971 4829
3 4829 4971 4972
3 4829 4972 4830
3 4830 4972 4973
3 4831 4974 4832
3 4832 4974 4975
3 4832 4975 4833
3 4833 4975 4976
3 4833 4976 4834
3 4834 4976 4977
3 4834 4977 4835
3 4835 4977 4978
3 4835 4978 4836
3 4836 4978 4979
3 4837 4980 4838
3 4838 4980 4981
3 4838 4981 4839
3 4839 4981 4982
3 4839 4982 4840
3 4840 4982 4983
3 4840 4983 4841
3 4841 4983 4984
3 4841 4984 4842
3 4842 4984 4985
3 4842 4985 4843
3 4843 4985 4986
3 4843 4986 4844
3 4844 4986 4987
3 4844 4987 4845
3 4845 4987 4988
3 4846 4989 4847
3 4847 4989 4990
3 4847 4990 4848
3 4848 4990 4991
3 4848 4991 4849
3 4849 4991 4992
3 4849 4992 4850
3 4850 4992 4993
3 4850 4993 4851
3 4851 4993 4994
3 4851 4994 4852
3 4852 4994 4995
3 4852 4995 4853
3 4853 4995 4996
3 4854 4997 4855
3 4855 4997 4998
3 4855 4998 4856
3 4856 4998 4999
3 4856 4999 4857
3 4857 4999 5000
3 4857 5000 4858
3 4858 5000 5001
3 4858 5001 4859
3 4859 5001 5002
3 4859 5002 4860
3 4860 5002 5003
3 4860 5003 4861
3 4861 5003 5004
3 4861 5004 4862
3 4862 5004 5005
3 4863 5006 4864
3 4864 5006 5007
3 4864 5007 4865
3 4865 5007 5008
3 4865 5008 4866
3 4866 5008 5009
3 4866 5009 4867
3 4867 5009 5010
3 4867 5010 4868
3 4868 5010 5011
3 4868 5011 4869
3 4869 5011 5012
3 4869 5012 4870
3 4870 5012 5013
3 4871 5014 4872
3 4872 5014 5015
3 4872 5015 4873
3 4873 5015 5016
3 4873 5016 4874
3 4874 5016 5017
3 4874 5017 4875
3 4875 5017 5018
3 4875 5018 4876
3 4876 5018 5019
3 4876 5019 4877
3 4877 5019 5020
3 4877 5020 4878
3 4878 5020 5021
3 4878 5021 4879
3 4879 5021 5022
3 4880 5023 4881
3 4881 5023 5024
3 4881 5024 4882
3 4882 5024 5025
3 4882 5025 4883
3 4883 5025 5026
3 4883 5026 4884
3 4884 5026 5027
3 4884 5027 4885
3 4885 5027 5028
3 4885 5028 4886
3 4886 5028 5029
3 4886 5029 4887
3 4887 5029 5030
3 4888 5031 4889
3 4889 5031 5032
3 4889 5032 4890
3 4890 5032 5033
3 4890 5033 4891
3 4891 5033 5034
3 4891 5034 4892
3 4892 5034 5035
3 4892 5035 4893
3 4893 5035 5036
3 4893 5036 4894
3 4894 5036 5037
3 4894 5037 4895
3 4895 5037 5038
3 4895 5038 4896
3 4896 5038 5039
3 4897 5040 4898
3 4898 5040 5041
3 4898 5041 4899
3 4899 5041 5042
3 4899 5042 1005
3 1005 5042 286
3 2724 1006 5043
3 5043 1006 5044
3 5043 5044 5045
3 5045 5044 5046
3 5045 5046 5047
3 5047 5046 5048
3 5049 5050 5051
3 5051 5050 5052
3 5051 5052 5053
3 5053 5052 5054
3 5053 5054 5055
3 5055 5054 5056
3 5055 5056 5057
3 5057 5056 5058
3 5057 5058 5059
3 5059 5058 5060
3 5059 5060 5061
3 5061 5060 5062
3 5061 5062 5063
3 5063 5062 5064
3 5063 5064 5065
3 5065 5064 5066
3 5065 5066 5067
3 5067 5066 5068
3 5067 5068 5069
3 5069 5068 5070
3 5069 5070 5071
3 5071 5070 5072
3 5071 5072 5073
3 5073 5072 5074
3 5073 5074 5075
3 5075 5074 5076
3 5075 5076 5077
3 5077 5076 5078
3 5079 5078 5080
3 5080 5078 5081
3 5080 5081 5082
3 5082 5081 5083
3 5084 5085 4922
3 4922 5085 5086
3 4922 5086 5087
3 5087 5086 5088
3 5089 5090 5091
3 5091 5090 5092
3 5091 5092 5093
3 5093 5092 5094
3 5095 5096 5097
3 5097 5096 5098
3 5097 5098 5099
3 5099 5098 5100
3 5101 5102 5103
3 5103 5102 5104
3 5103 5104 5105
3 5105 5104 5106
3 5107 5106 5108
3 5108 5106 5109
3 5108 5109 5110
3 5110 5109 5111
3 5112 5113 5114
3 5114 5113 5115
3 5114 5115 5116
3 5116 5115 5117
3 5116 5117 4940
3 4940 5117 5118
3 5119 5120 5121
3 5121 5120 5122
3 5121 5122 5123
3 5123 5122 5124
3 5123 5124 5125
3 5125 5124 5126
3 5125 5126 5127
3 5127 5126 5128
3 5129 5130 5131
3 5131 5130 5132
3 5131 5132 5133
3 5133 5132 5134
3 5133 5134 5135
3 5135 5134 5136
3 5135 5136 5137
3 5137 5136 5138
3 5139 5140 5141
3 5141 5140 5142
3 5141 5142 5143
3 5143 5142 5144
3 5143 5144 5145
3 5145 5144 5146
3 5145 5146 5147
3 5147 5146 5148
3 5149 5150 5151
3 5151 5150 5152
3 5151 5152 5153
3 5153 5152 5154
3 5153 5154 5155
3 5155 5154 5156
3 5157 5158 5159
3 5159 5158 5160
3 5159 5160 5161
3 5161 5160 5162
3 5161 5162 5163
3 5163 5162 5164
3 5163 5164 5165
3 5165 5164 5166
3 5167 5168 5169
3 5169 5168 5170
3 5169 5170 5171
3 5171 5170 5172
3 5171 5172 5173
3 5173 5172 5174
3 5173 5174 5175
3 5175 5174 5176
3 5177 5178 5179
3 5179 5178 5180
3 5179 5180 5181
3 5181 5180 5182
3 5181 5182 5183
3 5183 5182 5184
3 5183 5184 5185
3 5185 5184 5186
3 5187 5188 5189
3 5189 5188 5190
3 5189 5190 5191
3 5191 5190 5192
3 5191 5192 5193
3 5193 5192 5194
3 5193 5194 5195
3 5195 5194 5196
3 5195 5196 5197
3 5197 5196 5198
3 5199 5200 5201
3 5201 5200 5202
3 5201 5202 5203
3 5203 5202 5204
3 5203 5204 5205
3 5205 5204 5206
3 5205 5206 5207
3 5207 5206 5208
3 5207 5208 5209
3 5209 5208 5210
3 5209 5210 5211
3 5211 5210 5212
3 5211 5212 5213
3 5213 5212 5214
3 5213 5214 5215
3 5215 5214 5216
3 5217 5218 5219
3 5219 5218 5220
3 5219 5220 5221
3 5221 5220 5222
3 5221 5222 5223
3 5223 5222 5224
3 5223 5224 5225
3 5225 5224 5226
3 5225 5226 5227
3 5227 5226 5228
3 5227 5228 5229
3 5229 5228 5230
3 5229 5230 5231
3 5231 5230 5232
3 5233 5234 4998
3 4998 5234 5235
3 4998 5235 4999
3 4999 5235 5236
3 4999 5236 5237
3 5237 5236 5238
3 5237 5238 5239
3 5239 5238 5240
3 5239 5240 5241
3 5241 5240 5242
3 5241 5242 5003
3 5003 5242 5243
3 5003 5243 5244
3 5244 5243 5245
3 5244 5245 5246
3 5246 5245 5247
3 5248 5249 5250
3 5250 5249 5251
3 5250 5251 5252
3 5252 5251 5253
3 5252 5253 5254
3 5254 5253 5255
3 5254 5255 5256
3 5256 5255 5257
3 5256 5257 5011
3 5011 5257 5258
3 5011 5258 5259
3 5259 5258 5260
3 5259 5260 5261
3 5261 5260 5262
3 5263 5264 5265
3 5265 5264 5266
3 5265 5266 5267
3 5267 5266 5268
3 5267 5268 5269
3 5269 5268 5270
3 5269 5270 5271
3 5271 5270 5272
3 5271 5272 5273
3 5273 5272 5274
3 5273 5274 5275
3 5275 5274 5276
3 5275 5276 5277
3 5277 5276 5278
3 5277 5278 5279
3 5279 5278 5280
3 5281 5282 5283
3 5283 5282 5284
3 5283 5284 5285
3 5285 5284 5286
3 5285 5286 5287
3 5287 5286 5288
3 5287 5288 5289
3 5289 5288 5290
3 5289 5290 5291
3 5291 5290 5292
3 5291 5292 5293
3 5293 5292 5294
3 5293 5294 5295
3 5295 5294 5296
3 5297 5298 5299
3 5299 5298 5300
3 5299 5300 5301
3 5301 5300 5302
3 5301 5302 5303
3 5303 5302 5304
3 5303 5304 5305
3 5305 5304 5306
3 5305 5306 5307
3 5307 5306 5308
3 5307 5308 5309
3 5309 5308 5310
3 5309 5310 5311
3 5311 5310 5312
3 5311 5312 5313
3 5313 5312 5314
3 5315 5316 5317
3 5317 5316 5318
3 5317 5318 5319
3 5319 5318 5320
3 5319 5320 5321
3 5321 5320 286
3 1 1720 5322
3 5322 1720 5323
3 5322 5323 5324
3 5324 5323 5325
3 5324 5325 5326
3 5326 5325 5327
3 5328 5329 5330
3 5330 5329 5331
3 5330 5331 5332
3 5332 5331 5333
3 5332 5333 5334
3 5334 5333 5335
3 5334 5335 5336
3 5336 5335 5337
3 5336 5337 5338
3 5338 5337 5339
3 5338 5339 5340
3 5340 5339 5341
3 5340 5341 5342
3 5342 5341 5343
3 5342 5343 5344
3 5344 5343 5345
3 5344 5345 5346
3 5346 5345 5347
3 5346 5347 5348
3 5348 5347 5349
3 5348 5349 5350
3 5350 5349 5351
3 5350 5351 5352
3 5352 5351 5353
3 5352 5353 5354
3 5354 5353 5355
3 5354 5355 5356
3 5356 5355 5357
3 5358 5359 5360
3 5360 5359 5361
3 5360 5361 5362
3 5362 5361 5363
3 5364 5365 5366
3 5366 5365 5367
3 5366 5367 5368
3 5368 5367 5369
3 5370 5371 5372
3 5372 5371 5373
3 5372 5373 5374
3 5374 5373 5375
3 5094 5376 5377
3 5377 5376 5378
3 5377 5378 5379
3 5379 5378 5380
3 5381 5382 5383
3 5383 5382 5384
3 5383 5384 5385
3 5385 5384 5386
3 5387 5386 5388
3 5388 5386 5389
3 5388 5389 5390
3 5390 5389 5391
3 5392 5393 5394
3 5394 5393 5395
3 5394 5395 5396
3 5396 5395 5397
3 5396 5397 5398
3 5398 5397 5399
3 5400 5401 5402
3 5402 5401 5403
3 5402 5403 5404
3 5404 5403 5405
3 5404 5405 5126
3 5126 5405 5406
3 5126 5406 5407
3 5407 5406 5408
3 5409 5410 5411
3 5411 5410 5412
3 5411 5412 5413
3 5413 5412 5414
3 5413 5414 5415
3 5415 5414 5416
3 5415 5416 5417
3 5417 5416 5418
3 5419 5420 5421
3 5421 5420 5422
3 5421 5422 5423
3 5423 5422 5424
3 5423 5424 5425
3 5425 5424 5426
3 5425 5426 5427
3 5427 5426 5428
3 5429 5430 5431
3 5431 5430 5432
3 5431 5432 5433
3 5433 5432 5434
3 5433 5434 5435
3 5435 5434 5436
3 5437 5438 5160
3 5160 5438 5439
3 5160 5439 5440
3 5440 5439 5441
3 5440 5441 5442
3 5442 5441 5443
3 5442 5443 5444
3 5444 5443 5445
3 5446 5447 5448
3 5448 5447 5449
3 5448 5449 5450
3 5450 5449 5451
3 5450 5451 5452
3 5452 5451 5453
3 5452 5453 5454
3 5454 5453 5455
3 5456 5457 5180
3 5180 5457 5458
3 5180 5458 5459
3 5459 5458 5460
3 5459 5460 5461
3 5461 5460 5462
3 5461 5462 5463
3 5463 5462 5464
3 5465 5466 5467
3 5467 5466 5468
3 5467 5468 5469
3 5469 5468 5470
3 5469 5470 5471
3 5471 5470 5472
3 5471 5472 5473
3 5473 5472 5474
3 5473 5474 5475
3 5475 5474 5476
3 5477 5478 5479
3 5479 5478 5480
3 5479 5480 5481
3 5481 5480 5482
3 5481 5482 5483
3 5483 5482 5484
3 5483 5484 5485
3 5485 5484 5486
3 5485 5486 5487
3 5487 5486 5488
3 5487 5488 5489
3 5489 5488 5490
3 5489 5490 5491
3 5491 5490 5492
3 5491 5492 5493
3 5493 5492 5494
3 5495 5496 5497
3 5497 5496 5498
3 5497 5498 5499
3 5499 5498 5500
3 5499 5500 5501
3 5501 5500 5502
3 5501 5502 5503
3 5503 5502 5504
3 5503 5504 5505
3 5505 5504 5506
3 5505 5506 5507
3 5507 5506 5508
3 5507 5508 5509
3 5509 5508 5510
3 5511 5512 5513
3 5513 5512 5514
3 5513 5514 5515
3 5515 5514 5516
3 5515 5516 5517
3 5517 5516 5518
3 5517 5518 5519
3 5519 5518 5520
3 5519 5520 5521
3 5521 5520 5522
3 5521 5522 5523
3 5523 5522 5524
3 5523 5524 5525
3 5525 5524 5526
3 5525 5526 5527
3 5527 5526 5528
3 5529 5530 5531
3 5531 5530 5532
3 5531 5532 5533
3 5533 5532 5534
3 5533 5534 5535
3 5535 5534 5536
3 5535 5536 5537
3 5537 5536 5538
3 5537 5538 5539
3 5539 5538 5540
3 5539 5540 5541
3 5541 5540 5542
3 5541 5542 5543
3 5543 5542 5544
3 5545 5546 5547
3 5547 5546 5548
3 5547 5548 5549
3 5549 5548 5550
3 5549 5550 5551
3 5551 5550 5552
3 5551 5552 5553
3 5553 5552 5554
3 5553 5554 5555
3 5555 5554 5556
3 5555 5556 5557
3 5557 5556 5558
3 5557 5558 5559
3 5559 5558 5560
3 5559 5560 5561
3 5561 5560 5562
3 5563 5564 5565
3 5565 5564 5566
3 5565 5566 5567
3 5567 5566 5568
3 5567 5568 5569
3 5569 5568 5570
3 5569 5570 5571
3 5571 5570 5572
3 5571 5572 5573
3 5573 5572 5574
3 5573 5574 5575
3 5575 5574 5576
3 5575 5576 5577
3 5577 5576 5578
3 5579 5580 5581
3 5581 5580 5582
3 5581 5582 5583
3 5583 5582 5584
3 5583 5584 5585
3 5585 5584 5586
3 5585 5586 5587
3 5587 5586 5588
3 5587 5588 5589
3 5589 5588 5590
3 5589 5590 5591
3 5591 5590 5592
3 5591 5592 5593
3 5593 5592 5594
3 5593 5594 5595
3 5595 5594 5596
3 5597 5598 5599
3 5599 5598 5600
3 5599 5600 5601
3 5601 5600 5602
3 5601 5602 286
3 1720 1 5323
3 5323 1 0
3 5323 0 5325
3 5325 0 3
3 5325 3 5327
3 5327 3 5
3 5329 7 5331
3 5331 7 9
3 5331 9 5333
3 5333 9 11
3 5333 11 5335
3 5335 11 13
3 5335 13 5337
3 5337 13 15
3 5337 15 5339
3 5339 15 17
3 5339 17 5341
3 5341 17 19
3 5341 19 5343
3 5343 19 21
3 5343 21 5345
3 5345 21 23
3 5345 23 5347
3 5347 23 25
3 5347 25 5349
3 5349 25 27
3 5349 27 5351
3 5351 27 29
3 5351 29 5353
3 5353 29 31
3 5353 31 5355
3 5355 31 33
3 5355 33 5357
3 5357 33 35
3 5359 35 5361
3 5361 35 38
3 5361 38 5363
3 5363 38 40
3 5365 42 5367
3 5367 42 44
3 5367 44 5369
3 5369 44 46
3 5371 48 5373
3 5373 48 50
3 5373 50 5375
3 5375 50 52
3 5376 54 5378
3 5378 54 56
3 5378 56 5380
3 5380 56 58
3 5382 60 5384
3 5384 60 62
3 5384 62 5386
3 5386 62 64
3 5386 66 5389
3 5389 66 68
3 5389 68 5391
3 5391 68 70
3 5393 72 5395
3 5395 72 74
3 5395 74 5397
3 5397 74 76
3 5397 76 5399
3 5399 76 78
3 5401 80 5403
3 5403 80 82
3 5403 82 5405
3 5405 82 84
3 5405 84 5406
3 5406 84 86
3 5406 86 5408
3 5408 86 88
3 5410 90 5412
3 5412 90 92
3 5412 92 5414
3 5414 92 94
3 5414 94 5416
3 5416 94 96
3 5416 96 5418
3 5418 96 98
3 5420 100 5422
3 5422 100 102
3 5422 102 5424
3 5424 102 104
3 5424 104 5426
3 5426 104 106
3 5426 106 5428
3 5428 106 108
3 5430 110 5432
3 5432 110 112
3 5432 112 5434
3 5434 112 114
3 5434 114 5436
3 5436 114 116
3 5438 118 5439
3 5439 118 120
3 5439 120 5441
3 5441 120 122
3 5441 122 5443
3 5443 122 124
3 5443 124 5445
3 5445 124 126
3 5447 128 5449
3 5449 128 130
3 5449 130 5451
3 5451 130 132
3 5451 132 5453
3 5453 132 134
3 5453 134 5455
3 5455 134 136
3 5457 138 5458
3 5458 138 140
3 5458 140 5460
3 5460 140 142
3 5460 142 5462
3 5462 142 144
3 5462 144 5464
3 5464 144 146
3 5466 148 5468
3 5468 148 150
3 5468 150 5470
3 5470 150 152
3 5470 152 5472
3 5472 152 154
3 5472 154 5474
3 5474 154 156
3 5474 156 5476
3 5476 156 158
3 5478 160 5480
3 5480 160 162
3 5480 162 5482
3 5482 162 164
3 5482 164 5484
3 5484 164 166
3 5484 166 5486
3 5486 166 168
3 5486 168 5488
3 5488 168 170
3 5488 170 5490
3 5490 170 172
3 5490 172 5492
3 5492 172 174
3 5492 174 5494
3 5494 174 176
3 5496 178 5498
3 5498 178 180
3 5498 180 5500
3 5500 180 182
3 5500 182 5502
3 5502 182 184
3 5502 184 5504
3 5504 184 186
3 5504 186 5506
3 5506 186 188
3 5506 188 5508
3 5508 188 190
3 5508 190 5510
3 5510 190 192
3 5512 194 5514
3 5514 194 196
3 5514 196 5516
3 5516 196 198
3 5516 198 5518
3 5518 198 200
3 5518 200 5520
3 5520 200 202
3 5520 202 5522
3 5522 202 204
3 5522 204 5524
3 5524 204 206
3 5524 206 5526
3 5526 206 208
3 5526 208 5528
3 5528 208 210
3 5530 212 5532
3 5532 212 214
3 5532 214 5534
3 5534 214 216
3 5534 216 5536
3 5536 216 218
3 5536 218 5538
3 5538 218 220
3 5538 220 5540
3 5540 220 222
3 5540 222 5542
3 5542 222 224
3 5542 224 5544
3 5544 224 226
3 5546 228 5548
3 5548 228 230
3 5548 230 5550
3 5550 230 232
3 5550 232 5552
3 5552 232 234
3 5552 234 5554
3 5554 234 236
3 5554 236 5556
3 5556 236 238
3 5556 238 5558
3 5558 238 240
3 5558 240 5560
3 5560 240 242
3 5560 242 5562
3 5562 242 244
3 5564 246 5566
3 5566 246 248
3 5566 248 5568
3 5568 248 250
3 5568 250 5570
3 5570 250 252
3 5570 252 5572
3 5572 252 254
3 5572 254 5574
3 5574 254 256
3 5574 256 5576
3 5576 256 258
3 5576 258 5578
3 5578 258 260
3 5580 262 5582
3 5582 262 264
3 5582 264 5584
3 5584 264 266
3 5584 266 5586
3 5586 266 268
3 5586 268 5588
3 5588 268 270
3 5588 270 5590
3 5590 270 272
3 5590 272 5592
3 5592 272 274
3 5592 274 5594
3 5594 274 276
3 5594 276 5596
3 5596 276 278
3 5598 280 5600
3 5600 280 282
3 5600 282 5602
3 5602 282 284
3 5602 284 286
